I, II, III, aVR, aVL, aVF, V1, V2, V3, V4, V5, V6, 
58, 878, 819, -468, -380, 849, -322, -292, 1005, 1337, 634, 722, 
58, 878, 819, -468, -380, 849, -322, -292, 1005, 1337, 634, 722, 
58, 878, 819, -468, -380, 849, -322, -292, 1005, 1337, 634, 722, 
58, 878, 819, -468, -380, 849, -322, -292, 1005, 1337, 634, 722, 
58, 878, 819, -468, -380, 849, -312, -292, 1005, 1346, 634, 732, 
58, 878, 819, -468, -380, 849, -312, -292, 1005, 1346, 634, 732, 
58, 878, 819, -468, -380, 849, -312, -292, 1005, 1346, 634, 732, 
58, 878, 819, -468, -380, 849, -312, -292, 1005, 1346, 634, 732, 
58, 888, 829, -473, -385, 858, -322, -292, 1005, 1346, 634, 741, 
58, 888, 829, -473, -385, 858, -322, -292, 1005, 1346, 634, 741, 
58, 888, 829, -473, -385, 858, -322, -292, 1005, 1346, 634, 741, 
58, 888, 829, -473, -385, 858, -322, -292, 1005, 1346, 634, 741, 
68, 897, 829, -483, -380, 863, -322, -283, 1015, 1346, 634, 741, 
68, 897, 829, -483, -380, 863, -322, -283, 1015, 1346, 634, 741, 
68, 897, 829, -483, -380, 863, -322, -283, 1015, 1346, 634, 741, 
68, 897, 829, -483, -380, 863, -322, -283, 1015, 1346, 634, 741, 
78, 907, 829, -492, -375, 868, -331, -283, 1024, 1356, 644, 751, 
78, 907, 829, -492, -375, 868, -331, -283, 1024, 1356, 644, 751, 
78, 907, 829, -492, -375, 868, -331, -283, 1024, 1356, 644, 751, 
78, 907, 829, -492, -375, 868, -331, -283, 1024, 1356, 644, 751, 
78, 917, 839, -497, -380, 878, -331, -283, 1034, 1366, 653, 761, 
78, 917, 839, -497, -380, 878, -331, -283, 1034, 1366, 653, 761, 
78, 917, 839, -497, -380, 878, -331, -283, 1034, 1366, 653, 761, 
78, 917, 839, -497, -380, 878, -331, -283, 1034, 1366, 653, 761, 
87, 922, 834, -505, -373, 878, -341, -283, 1044, 1376, 663, 771, 
87, 927, 839, -507, -375, 883, -341, -283, 1044, 1376, 663, 771, 
87, 932, 844, -509, -378, 888, -341, -283, 1044, 1376, 663, 771, 
87, 936, 849, -512, -380, 893, -341, -283, 1044, 1376, 663, 771, 
97, 951, 854, -524, -378, 902, -351, -283, 1044, 1385, 663, 780, 
97, 956, 858, -527, -380, 907, -351, -283, 1044, 1385, 663, 780, 
97, 961, 863, -529, -383, 912, -351, -283, 1044, 1385, 663, 780, 
97, 966, 868, -531, -385, 917, -351, -283, 1044, 1385, 663, 780, 
107, 971, 863, -539, -378, 917, -356, -292, 1044, 1395, 668, 790, 
107, 976, 868, -541, -380, 922, -361, -292, 1044, 1395, 673, 790, 
107, 980, 873, -544, -383, 927, -366, -292, 1044, 1395, 678, 790, 
107, 985, 878, -546, -385, 932, -370, -292, 1044, 1395, 683, 790, 
117, 1000, 883, -558, -383, 941, -375, -292, 1054, 1405, 688, 805, 
117, 1005, 888, -561, -385, 946, -380, -292, 1054, 1405, 692, 810, 
117, 1010, 893, -563, -387, 951, -385, -292, 1054, 1405, 697, 814, 
117, 1015, 897, -566, -390, 956, -390, -292, 1054, 1405, 702, 819, 
126, 1019, 893, -573, -383, 956, -395, -297, 1054, 1415, 712, 824, 
126, 1024, 897, -575, -385, 961, -400, -302, 1054, 1415, 712, 829, 
126, 1029, 902, -578, -387, 966, -405, -307, 1054, 1415, 712, 834, 
126, 1034, 907, -580, -390, 971, -409, -312, 1054, 1415, 712, 839, 
136, 1049, 912, -592, -387, 980, -414, -322, 1054, 1424, 722, 849, 
136, 1054, 917, -595, -390, 985, -419, -322, 1054, 1424, 722, 849, 
136, 1058, 922, -597, -392, 990, -424, -322, 1054, 1424, 722, 849, 
136, 1063, 927, -600, -395, 995, -429, -322, 1054, 1424, 722, 849, 
146, 1073, 927, -610, -390, 1000, -439, -326, 1044, 1424, 722, 854, 
146, 1073, 927, -610, -390, 1000, -439, -331, 1044, 1424, 722, 858, 
146, 1073, 927, -610, -390, 1000, -439, -336, 1044, 1424, 722, 863, 
146, 1073, 927, -610, -390, 1000, -439, -341, 1044, 1424, 722, 868, 
146, 1083, 936, -614, -395, 1010, -444, -351, 1034, 1424, 732, 878, 
146, 1083, 936, -614, -395, 1010, -448, -351, 1034, 1424, 732, 878, 
146, 1083, 936, -614, -395, 1010, -453, -351, 1034, 1424, 732, 878, 
146, 1083, 936, -614, -395, 1010, -458, -351, 1034, 1424, 732, 878, 
146, 1083, 936, -614, -395, 1010, -458, -361, 1034, 1424, 741, 878, 
146, 1083, 936, -614, -395, 1010, -458, -361, 1034, 1424, 741, 878, 
146, 1083, 936, -614, -395, 1010, -458, -361, 1034, 1424, 741, 878, 
146, 1083, 936, -614, -395, 1010, -458, -361, 1034, 1424, 741, 878, 
136, 1073, 936, -605, -400, 1005, -458, -370, 1044, 1424, 732, 878, 
136, 1073, 936, -605, -400, 1005, -458, -370, 1044, 1424, 732, 878, 
136, 1073, 936, -605, -400, 1005, -458, -370, 1044, 1424, 732, 878, 
136, 1073, 936, -605, -400, 1005, -458, -370, 1044, 1424, 732, 878, 
136, 1063, 927, -600, -395, 995, -448, -370, 1044, 1424, 722, 888, 
136, 1063, 927, -600, -395, 995, -448, -370, 1044, 1424, 722, 888, 
136, 1063, 927, -600, -395, 995, -448, -370, 1044, 1424, 722, 888, 
136, 1063, 927, -600, -395, 995, -448, -370, 1044, 1424, 722, 888, 
131, 1054, 922, -592, -395, 988, -439, -370, 1044, 1434, 722, 878, 
126, 1054, 927, -590, -400, 990, -439, -370, 1044, 1434, 722, 878, 
122, 1054, 932, -588, -405, 993, -439, -370, 1044, 1434, 722, 878, 
117, 1054, 936, -585, -409, 995, -439, -370, 1044, 1434, 722, 878, 
117, 1049, 932, -583, -407, 990, -434, -370, 1049, 1434, 722, 868, 
117, 1044, 927, -580, -405, 985, -429, -370, 1054, 1434, 722, 868, 
117, 1039, 922, -578, -402, 980, -424, -370, 1058, 1434, 722, 868, 
117, 1034, 917, -575, -400, 976, -419, -370, 1063, 1434, 722, 868, 
107, 1029, 922, -568, -407, 976, -409, -361, 1063, 1424, 717, 858, 
107, 1024, 917, -566, -405, 971, -409, -361, 1063, 1424, 712, 858, 
107, 1019, 912, -563, -402, 966, -409, -361, 1063, 1424, 707, 858, 
107, 1015, 907, -561, -400, 961, -409, -361, 1063, 1424, 702, 858, 
97, 1010, 912, -553, -407, 961, -400, -370, 1054, 1415, 692, 854, 
97, 1005, 907, -551, -405, 956, -400, -370, 1054, 1415, 692, 849, 
97, 1000, 902, -549, -402, 951, -400, -370, 1054, 1415, 692, 844, 
97, 995, 897, -546, -400, 946, -400, -370, 1054, 1415, 692, 839, 
87, 990, 902, -539, -407, 946, -390, -361, 1054, 1415, 692, 839, 
87, 985, 897, -536, -405, 941, -390, -361, 1054, 1415, 692, 839, 
87, 980, 893, -534, -402, 936, -390, -361, 1054, 1415, 692, 839, 
87, 976, 888, -531, -400, 932, -390, -361, 1054, 1415, 692, 839, 
78, 971, 893, -524, -407, 932, -385, -361, 1063, 1405, 688, 839, 
78, 966, 888, -522, -405, 927, -380, -361, 1063, 1405, 683, 839, 
78, 961, 883, -519, -402, 922, -375, -361, 1063, 1405, 678, 839, 
78, 956, 878, -517, -400, 917, -370, -361, 1063, 1405, 673, 839, 
68, 946, 878, -507, -405, 912, -370, -361, 1054, 1395, 663, 829, 
68, 946, 878, -507, -405, 912, -370, -361, 1054, 1395, 663, 829, 
68, 946, 878, -507, -405, 912, -370, -361, 1054, 1395, 663, 829, 
68, 946, 878, -507, -405, 912, -370, -361, 1054, 1395, 663, 829, 
68, 936, 868, -502, -400, 902, -370, -361, 1054, 1395, 663, 829, 
68, 936, 868, -502, -400, 902, -370, -361, 1054, 1395, 663, 829, 
68, 936, 868, -502, -400, 902, -370, -361, 1054, 1395, 663, 829, 
68, 936, 868, -502, -400, 902, -370, -361, 1054, 1395, 663, 829, 
68, 936, 868, -502, -400, 902, -370, -361, 1054, 1385, 653, 829, 
68, 936, 868, -502, -400, 902, -370, -361, 1054, 1385, 653, 829, 
68, 936, 868, -502, -400, 902, -370, -361, 1054, 1385, 653, 829, 
68, 936, 868, -502, -400, 902, -370, -361, 1054, 1385, 653, 829, 
58, 936, 878, -497, -409, 907, -361, -361, 1044, 1385, 653, 829, 
58, 936, 878, -497, -409, 907, -361, -361, 1044, 1385, 653, 829, 
58, 936, 878, -497, -409, 907, -361, -361, 1044, 1385, 653, 829, 
58, 936, 878, -497, -409, 907, -361, -361, 1044, 1385, 653, 829, 
58, 927, 868, -492, -405, 897, -361, -361, 1044, 1385, 653, 829, 
58, 927, 868, -492, -405, 897, -361, -361, 1044, 1385, 653, 829, 
58, 927, 868, -492, -405, 897, -361, -361, 1044, 1385, 653, 829, 
58, 927, 868, -492, -405, 897, -361, -361, 1044, 1385, 653, 829, 
58, 927, 868, -492, -405, 897, -361, -361, 1044, 1385, 644, 839, 
58, 927, 868, -492, -405, 897, -361, -361, 1044, 1385, 644, 839, 
58, 927, 868, -492, -405, 897, -361, -361, 1044, 1385, 644, 839, 
58, 927, 868, -492, -405, 897, -361, -361, 1044, 1385, 644, 839, 
58, 927, 868, -492, -405, 897, -361, -351, 1044, 1395, 653, 839, 
58, 927, 868, -492, -405, 897, -361, -351, 1044, 1395, 653, 839, 
58, 927, 868, -492, -405, 897, -361, -351, 1044, 1395, 653, 839, 
58, 927, 868, -492, -405, 897, -361, -351, 1044, 1395, 653, 839, 
48, 927, 878, -488, -414, 902, -361, -361, 1054, 1385, 644, 839, 
48, 927, 878, -488, -414, 902, -361, -361, 1054, 1385, 644, 839, 
48, 927, 878, -488, -414, 902, -361, -361, 1054, 1385, 644, 839, 
48, 927, 878, -488, -414, 902, -361, -361, 1054, 1385, 644, 839, 
48, 927, 878, -488, -414, 902, -361, -361, 1054, 1385, 653, 839, 
48, 927, 878, -488, -414, 902, -361, -361, 1054, 1385, 653, 839, 
48, 927, 878, -488, -414, 902, -361, -361, 1054, 1385, 653, 839, 
48, 927, 878, -488, -414, 902, -361, -361, 1054, 1385, 653, 839, 
48, 936, 888, -492, -419, 912, -351, -361, 1054, 1385, 653, 849, 
48, 936, 888, -492, -419, 912, -351, -361, 1054, 1385, 653, 849, 
48, 936, 888, -492, -419, 912, -351, -361, 1054, 1385, 653, 849, 
48, 936, 888, -492, -419, 912, -351, -361, 1054, 1385, 653, 849, 
48, 927, 878, -488, -414, 902, -351, -361, 1054, 1395, 644, 849, 
48, 927, 878, -488, -414, 902, -351, -361, 1054, 1395, 644, 849, 
48, 927, 878, -488, -414, 902, -351, -361, 1054, 1395, 644, 849, 
48, 927, 878, -488, -414, 902, -351, -361, 1054, 1395, 644, 849, 
48, 936, 888, -492, -419, 912, -361, -361, 1054, 1395, 644, 858, 
48, 936, 888, -492, -419, 912, -361, -361, 1054, 1395, 644, 858, 
48, 936, 888, -492, -419, 912, -361, -361, 1054, 1395, 644, 858, 
48, 936, 888, -492, -419, 912, -361, -361, 1054, 1395, 644, 858, 
58, 936, 878, -497, -409, 907, -361, -361, 1054, 1395, 653, 858, 
58, 936, 878, -497, -409, 907, -361, -361, 1054, 1395, 653, 858, 
58, 936, 878, -497, -409, 907, -361, -361, 1054, 1395, 653, 858, 
58, 936, 878, -497, -409, 907, -361, -361, 1054, 1395, 653, 858, 
58, 946, 888, -502, -414, 917, -361, -361, 1054, 1395, 653, 858, 
58, 946, 888, -502, -414, 917, -361, -361, 1054, 1395, 653, 858, 
58, 946, 888, -502, -414, 917, -361, -361, 1054, 1395, 653, 858, 
58, 946, 888, -502, -414, 917, -361, -361, 1054, 1395, 653, 858, 
68, 956, 888, -512, -409, 922, -370, -361, 1054, 1400, 653, 868, 
68, 956, 888, -512, -409, 922, -370, -361, 1054, 1405, 653, 868, 
68, 956, 888, -512, -409, 922, -370, -361, 1054, 1410, 653, 868, 
68, 956, 888, -512, -409, 922, -370, -361, 1054, 1415, 653, 868, 
68, 956, 888, -512, -409, 922, -370, -361, 1054, 1405, 653, 868, 
68, 956, 888, -512, -409, 922, -370, -361, 1054, 1405, 653, 868, 
68, 956, 888, -512, -409, 922, -370, -361, 1054, 1405, 653, 868, 
68, 956, 888, -512, -409, 922, -370, -361, 1054, 1405, 653, 868, 
78, 956, 878, -517, -400, 917, -380, -361, 1044, 1405, 653, 868, 
78, 956, 878, -517, -400, 917, -380, -361, 1044, 1405, 653, 868, 
78, 956, 878, -517, -400, 917, -380, -361, 1044, 1405, 653, 868, 
78, 956, 878, -517, -400, 917, -380, -361, 1044, 1405, 653, 868, 
87, 956, 868, -522, -390, 912, -380, -361, 1044, 1405, 653, 868, 
87, 956, 868, -522, -390, 912, -380, -361, 1044, 1405, 653, 868, 
87, 956, 868, -522, -390, 912, -380, -361, 1044, 1405, 653, 868, 
87, 956, 868, -522, -390, 912, -380, -361, 1044, 1405, 653, 868, 
78, 956, 878, -517, -400, 917, -380, -361, 1044, 1405, 663, 868, 
78, 956, 878, -517, -400, 917, -380, -361, 1044, 1405, 663, 868, 
78, 956, 878, -517, -400, 917, -380, -361, 1044, 1405, 663, 868, 
78, 956, 878, -517, -400, 917, -380, -361, 1044, 1405, 663, 868, 
87, 956, 868, -522, -390, 912, -380, -361, 1044, 1405, 653, 868, 
87, 956, 868, -522, -390, 912, -380, -361, 1044, 1405, 653, 868, 
87, 956, 868, -522, -390, 912, -380, -361, 1044, 1405, 653, 868, 
87, 956, 868, -522, -390, 912, -380, -361, 1044, 1405, 653, 868, 
78, 966, 888, -522, -405, 927, -380, -361, 1044, 1405, 653, 868, 
78, 966, 888, -522, -405, 927, -380, -361, 1044, 1405, 653, 868, 
78, 966, 888, -522, -405, 927, -380, -361, 1044, 1405, 653, 868, 
78, 966, 888, -522, -405, 927, -380, -361, 1044, 1405, 653, 868, 
87, 966, 878, -527, -395, 922, -380, -361, 1044, 1405, 653, 868, 
87, 966, 878, -527, -395, 922, -380, -361, 1044, 1405, 653, 868, 
87, 966, 878, -527, -395, 922, -380, -361, 1044, 1405, 653, 868, 
87, 966, 878, -527, -395, 922, -380, -361, 1044, 1405, 653, 868, 
87, 966, 878, -527, -395, 922, -380, -370, 1044, 1405, 644, 868, 
87, 966, 878, -527, -395, 922, -380, -370, 1044, 1405, 644, 868, 
87, 966, 878, -527, -395, 922, -380, -370, 1044, 1405, 644, 868, 
87, 966, 878, -527, -395, 922, -380, -370, 1044, 1405, 644, 868, 
87, 956, 868, -522, -390, 912, -380, -370, 1044, 1395, 644, 868, 
87, 956, 868, -522, -390, 912, -380, -370, 1044, 1395, 644, 868, 
87, 956, 868, -522, -390, 912, -380, -370, 1044, 1395, 644, 868, 
87, 956, 868, -522, -390, 912, -380, -370, 1044, 1395, 644, 868, 
78, 956, 878, -517, -400, 917, -380, -370, 1044, 1395, 644, 868, 
78, 956, 878, -517, -400, 917, -380, -370, 1044, 1395, 644, 868, 
78, 956, 878, -517, -400, 917, -380, -370, 1044, 1395, 644, 868, 
78, 956, 878, -517, -400, 917, -380, -370, 1044, 1395, 644, 868, 
78, 956, 878, -517, -400, 917, -380, -370, 1044, 1405, 644, 868, 
78, 956, 878, -517, -400, 917, -380, -370, 1044, 1405, 644, 868, 
78, 956, 878, -517, -400, 917, -380, -370, 1044, 1405, 644, 868, 
78, 956, 878, -517, -400, 917, -380, -370, 1044, 1405, 644, 868, 
87, 956, 868, -522, -390, 912, -380, -370, 1044, 1395, 634, 868, 
87, 956, 868, -522, -390, 912, -380, -370, 1044, 1395, 634, 868, 
87, 956, 868, -522, -390, 912, -380, -370, 1044, 1395, 634, 868, 
87, 956, 868, -522, -390, 912, -380, -370, 1044, 1395, 634, 868, 
87, 956, 868, -522, -390, 912, -380, -370, 1044, 1395, 634, 868, 
87, 956, 868, -522, -390, 912, -380, -370, 1044, 1395, 634, 868, 
87, 956, 868, -522, -390, 912, -380, -370, 1044, 1395, 634, 868, 
87, 956, 868, -522, -390, 912, -380, -370, 1044, 1395, 634, 868, 
87, 956, 868, -522, -390, 912, -390, -370, 1044, 1395, 634, 878, 
87, 956, 868, -522, -390, 912, -390, -370, 1044, 1395, 634, 878, 
87, 956, 868, -522, -390, 912, -390, -370, 1044, 1395, 634, 878, 
87, 956, 868, -522, -390, 912, -390, -370, 1044, 1395, 634, 878, 
87, 966, 878, -527, -395, 922, -390, -370, 1054, 1405, 644, 878, 
87, 966, 878, -527, -395, 922, -390, -370, 1054, 1405, 644, 878, 
87, 966, 878, -527, -395, 922, -390, -370, 1054, 1405, 644, 878, 
87, 966, 878, -527, -395, 922, -390, -370, 1054, 1405, 644, 878, 
97, 980, 883, -539, -392, 932, -400, -370, 1058, 1415, 653, 888, 
97, 985, 888, -541, -395, 936, -400, -370, 1063, 1415, 653, 888, 
97, 990, 893, -544, -397, 941, -400, -370, 1068, 1415, 653, 888, 
97, 995, 897, -546, -400, 946, -400, -370, 1073, 1415, 653, 888, 
97, 1005, 907, -551, -405, 956, -409, -370, 1073, 1420, 658, 897, 
97, 1005, 907, -551, -405, 956, -409, -375, 1078, 1429, 663, 897, 
97, 1010, 912, -553, -407, 961, -409, -375, 1083, 1439, 668, 897, 
97, 1015, 917, -556, -409, 966, -409, -375, 1088, 1449, 678, 897, 
97, 1019, 922, -558, -412, 971, -400, -375, 1093, 1454, 683, 902, 
97, 1024, 927, -561, -414, 976, -405, -375, 1098, 1454, 688, 912, 
102, 1029, 927, -566, -412, 978, -409, -375, 1102, 1459, 692, 912, 
107, 1034, 927, -570, -409, 980, -414, -375, 1102, 1464, 697, 912, 
107, 1034, 927, -570, -409, 980, -429, -385, 1112, 1464, 688, 922, 
117, 1039, 922, -578, -402, 980, -434, -385, 1112, 1459, 688, 927, 
117, 1039, 922, -578, -402, 980, -439, -385, 1107, 1454, 688, 927, 
117, 1039, 922, -578, -402, 980, -439, -385, 1107, 1449, 688, 927, 
122, 1034, 912, -578, -395, 973, -439, -385, 1098, 1449, 697, 927, 
131, 1034, 902, -583, -385, 968, -444, -390, 1093, 1449, 697, 927, 
131, 1034, 902, -583, -385, 968, -453, -400, 1093, 1444, 697, 932, 
131, 1029, 897, -580, -383, 963, -458, -405, 1083, 1439, 697, 932, 
131, 1039, 907, -585, -387, 973, -458, -395, 1073, 1439, 683, 912, 
131, 1024, 893, -578, -380, 958, -453, -395, 1068, 1429, 683, 912, 
122, 1024, 902, -573, -390, 963, -448, -395, 1058, 1424, 673, 912, 
122, 1015, 893, -568, -385, 954, -444, -400, 1054, 1424, 673, 912, 
122, 1015, 893, -568, -385, 954, -444, -414, 1054, 1424, 673, 902, 
122, 1015, 893, -568, -385, 954, -444, -414, 1049, 1415, 668, 902, 
117, 1010, 893, -563, -387, 951, -444, -414, 1044, 1415, 663, 902, 
117, 1000, 883, -558, -383, 941, -444, -414, 1044, 1415, 663, 902, 
126, 1000, 873, -563, -373, 936, -444, -414, 1039, 1415, 663, 902, 
126, 1000, 873, -563, -373, 936, -444, -409, 1039, 1415, 663, 902, 
126, 1000, 873, -563, -373, 936, -439, -409, 1039, 1410, 668, 902, 
126, 1005, 878, -566, -375, 941, -439, -405, 1034, 1410, 668, 902, 
117, 1000, 883, -558, -383, 941, -434, -395, 1034, 1400, 658, 893, 
117, 995, 878, -556, -380, 936, -424, -395, 1034, 1400, 653, 893, 
117, 980, 863, -549, -373, 922, -414, -395, 1034, 1400, 653, 893, 
117, 976, 858, -546, -370, 917, -409, -395, 1034, 1400, 649, 893, 
112, 976, 863, -544, -375, 919, -419, -395, 1029, 1400, 649, 893, 
107, 976, 868, -541, -380, 922, -414, -395, 1029, 1400, 649, 893, 
97, 966, 868, -531, -385, 917, -405, -395, 1029, 1400, 649, 888, 
97, 961, 863, -529, -383, 912, -405, -395, 1019, 1390, 644, 878, 
92, 956, 863, -524, -385, 910, -400, -400, 1019, 1376, 634, 883, 
87, 941, 854, -514, -383, 897, -395, -400, 1015, 1371, 624, 878, 
73, 932, 858, -502, -392, 895, -385, -400, 1015, 1371, 619, 868, 
73, 932, 858, -502, -392, 895, -385, -400, 1015, 1371, 619, 868, 
73, 927, 854, -500, -390, 890, -385, -390, 1005, 1371, 610, 868, 
68, 927, 858, -497, -395, 893, -385, -390, 1010, 1376, 619, 873, 
68, 927, 858, -497, -395, 893, -380, -390, 1010, 1376, 619, 873, 
68, 927, 858, -497, -395, 893, -380, -390, 1010, 1376, 619, 873, 
68, 917, 849, -492, -390, 883, -380, -385, 1005, 1376, 629, 873, 
73, 917, 844, -495, -385, 880, -380, -385, 1005, 1376, 629, 873, 
73, 917, 844, -495, -385, 880, -380, -380, 1005, 1371, 629, 868, 
73, 917, 844, -495, -385, 880, -380, -380, 1005, 1366, 619, 868, 
73, 917, 844, -495, -385, 880, -380, -390, 1005, 1366, 619, 863, 
73, 917, 844, -495, -385, 880, -380, -390, 1005, 1371, 619, 863, 
73, 917, 844, -495, -385, 880, -380, -390, 1005, 1371, 619, 863, 
73, 912, 839, -492, -383, 875, -380, -385, 1005, 1366, 619, 863, 
82, 912, 829, -497, -373, 871, -375, -385, 1005, 1356, 619, 868, 
82, 912, 829, -497, -373, 871, -375, -385, 1000, 1356, 619, 868, 
82, 912, 829, -497, -373, 871, -375, -385, 1000, 1361, 619, 868, 
82, 917, 834, -500, -375, 875, -380, -385, 1005, 1361, 619, 868, 
73, 907, 834, -490, -380, 871, -380, -375, 995, 1361, 619, 873, 
73, 907, 834, -490, -380, 871, -380, -375, 995, 1361, 619, 873, 
73, 912, 839, -492, -383, 875, -375, -375, 1000, 1366, 619, 873, 
73, 912, 839, -492, -383, 875, -375, -375, 1000, 1366, 624, 873, 
73, 912, 839, -492, -383, 875, -366, -375, 990, 1356, 614, 873, 
73, 912, 839, -492, -383, 875, -366, -375, 990, 1356, 610, 873, 
73, 912, 839, -492, -383, 875, -370, -375, 990, 1356, 610, 873, 
73, 912, 839, -492, -383, 875, -370, -375, 990, 1356, 610, 873, 
73, 902, 829, -488, -378, 866, -370, -375, 1000, 1366, 610, 873, 
73, 902, 829, -488, -378, 866, -370, -375, 1000, 1366, 614, 873, 
73, 902, 829, -488, -378, 866, -366, -375, 1000, 1366, 614, 873, 
73, 902, 829, -488, -378, 866, -366, -375, 1000, 1366, 614, 873, 
82, 912, 829, -497, -373, 871, -375, -375, 1000, 1366, 610, 873, 
82, 912, 829, -497, -373, 871, -375, -375, 1000, 1366, 610, 873, 
82, 912, 829, -497, -373, 871, -375, -375, 1000, 1366, 610, 873, 
82, 912, 829, -497, -373, 871, -375, -375, 1000, 1366, 614, 873, 
82, 912, 829, -497, -373, 871, -375, -375, 1000, 1366, 614, 873, 
82, 912, 829, -497, -373, 871, -375, -375, 1000, 1371, 614, 873, 
82, 912, 829, -497, -373, 871, -375, -375, 1000, 1371, 614, 878, 
82, 917, 834, -500, -375, 875, -375, -375, 1005, 1371, 614, 878, 
82, 917, 834, -500, -375, 875, -380, -380, 995, 1371, 614, 888, 
82, 917, 834, -500, -375, 875, -380, -380, 995, 1371, 614, 888, 
82, 917, 834, -500, -375, 875, -375, -380, 995, 1371, 614, 888, 
82, 917, 834, -500, -375, 875, -375, -375, 995, 1371, 614, 888, 
78, 922, 844, -500, -383, 883, -375, -375, 1000, 1371, 624, 888, 
87, 922, 834, -505, -373, 878, -375, -366, 1000, 1366, 624, 888, 
92, 917, 824, -505, -366, 871, -375, -361, 990, 1366, 619, 883, 
107, 907, 800, -507, -346, 854, -370, -351, 980, 1351, 605, 873, 
107, 907, 800, -507, -346, 854, -356, -341, 980, 1342, 595, 873, 
112, 902, 790, -507, -339, 846, -356, -317, 990, 1346, 600, 873, 
126, 902, 775, -514, -324, 839, -336, -268, 1019, 1361, 605, 863, 
141, 927, 785, -534, -322, 856, -302, -180, 1088, 1400, 634, 868, 
170, 966, 795, -568, -312, 880, -287, -92, 1156, 1468, 697, 902, 
234, 1029, 795, -631, -280, 912, -297, -19, 1200, 1546, 771, 932, 
322, 1098, 775, -710, -226, 936, -302, 73, 1244, 1620, 854, 961, 
409, 1176, 766, -793, -178, 971, -292, 185, 1332, 1712, 956, 995, 
483, 1268, 785, -875, -151, 1027, -312, 248, 1424, 1815, 1063, 1044, 
541, 1381, 839, -961, -148, 1110, -351, 248, 1483, 1912, 1176, 1107, 
595, 1512, 917, -1054, -161, 1215, -419, 200, 1507, 1991, 1278, 1205, 
634, 1654, 1019, -1144, -192, 1337, -507, 112, 1503, 2059, 1390, 1312, 
663, 1756, 1093, -1210, -214, 1424, -561, 14, 1464, 2059, 1434, 1400, 
639, 1781, 1141, -1210, -251, 1461, -595, -107, 1361, 1981, 1376, 1439, 
580, 1761, 1180, -1171, -300, 1471, -634, -278, 1234, 1864, 1283, 1464, 
468, 1747, 1278, -1107, -405, 1512, -692, -507, 1132, 1781, 1215, 1483, 
326, 1688, 1361, -1007, -517, 1525, -756, -775, 995, 1664, 1112, 1473, 
175, 1595, 1420, -885, -622, 1507, -829, -1063, 805, 1522, 980, 1444, 
78, 1512, 1434, -795, -678, 1473, -902, -1312, 614, 1376, 844, 1410, 
29, 1410, 1381, -719, -675, 1395, -927, -1424, 473, 1244, 722, 1351, 
-4, 1312, 1317, -653, -661, 1315, -897, -1405, 439, 1176, 634, 1293, 
-34, 1259, 1293, -612, -663, 1276, -858, -1332, 488, 1166, 595, 1249, 
-34, 1220, 1254, -592, -644, 1237, -810, -1220, 536, 1185, 585, 1215, 
-19, 1180, 1200, -580, -610, 1190, -751, -1093, 590, 1205, 590, 1176, 
-14, 1122, 1137, -553, -575, 1129, -697, -961, 644, 1215, 580, 1127, 
4, 1078, 1073, -541, -534, 1076, -639, -849, 692, 1229, 570, 1088, 
24, 1068, 1044, -546, -509, 1056, -600, -756, 751, 1263, 585, 1049, 
29, 1044, 1015, -536, -492, 1029, -551, -683, 819, 1298, 595, 1015, 
39, 1019, 980, -529, -470, 1000, -517, -619, 849, 1307, 595, 985, 
48, 995, 946, -522, -448, 971, -483, -575, 873, 1307, 585, 966, 
63, 976, 912, -519, -424, 944, -444, -522, 897, 1312, 590, 941, 
68, 956, 888, -512, -409, 922, -414, -483, 922, 1322, 595, 932, 
63, 946, 883, -505, -409, 915, -400, -448, 936, 1327, 595, 922, 
73, 922, 849, -497, -387, 885, -390, -424, 936, 1322, 590, 917, 
73, 912, 839, -492, -383, 875, -385, -405, 946, 1322, 590, 902, 
73, 902, 829, -488, -378, 866, -380, -395, 956, 1332, 585, 897, 
82, 902, 819, -492, -368, 861, -380, -375, 961, 1346, 590, 897, 
73, 917, 844, -495, -385, 880, -380, -380, 961, 1346, 600, 902, 
78, 917, 839, -497, -380, 878, -370, -380, 976, 1346, 600, 902, 
78, 917, 839, -497, -380, 878, -366, -375, 976, 1351, 600, 897, 
78, 917, 839, -497, -380, 878, -361, -375, 976, 1351, 600, 893, 
73, 912, 839, -492, -383, 875, -361, -361, 985, 1351, 600, 893, 
73, 912, 839, -492, -383, 875, -361, -361, 980, 1346, 600, 893, 
78, 907, 829, -492, -375, 868, -361, -361, 980, 1346, 595, 888, 
82, 907, 824, -495, -370, 866, -356, -356, 985, 1346, 595, 888, 
82, 907, 824, -495, -370, 866, -366, -351, 980, 1342, 595, 878, 
82, 907, 824, -495, -370, 866, -366, -351, 980, 1342, 595, 878, 
87, 907, 819, -497, -366, 863, -366, -346, 985, 1342, 595, 878, 
87, 912, 824, -500, -368, 868, -366, -341, 990, 1346, 600, 883, 
87, 912, 824, -500, -368, 868, -356, -351, 980, 1346, 600, 893, 
87, 912, 824, -500, -368, 868, -361, -351, 980, 1346, 600, 893, 
87, 912, 824, -500, -368, 868, -361, -351, 980, 1346, 600, 893, 
87, 912, 824, -500, -368, 868, -361, -351, 985, 1346, 600, 893, 
87, 922, 834, -505, -373, 878, -361, -346, 980, 1346, 600, 883, 
87, 922, 834, -505, -373, 878, -361, -346, 980, 1346, 600, 883, 
87, 922, 834, -505, -373, 878, -361, -346, 980, 1346, 600, 883, 
87, 922, 834, -505, -373, 878, -361, -346, 980, 1351, 600, 883, 
97, 922, 824, -509, -363, 873, -361, -336, 985, 1342, 600, 883, 
102, 922, 819, -512, -358, 871, -361, -336, 985, 1342, 605, 883, 
102, 922, 819, -512, -358, 871, -361, -336, 985, 1346, 610, 888, 
102, 922, 819, -512, -358, 871, -361, -336, 985, 1346, 610, 888, 
92, 927, 834, -509, -370, 880, -356, -346, 995, 1356, 600, 897, 
92, 927, 834, -509, -370, 880, -356, -346, 995, 1356, 605, 897, 
92, 927, 834, -509, -370, 880, -356, -341, 995, 1356, 605, 897, 
97, 936, 839, -517, -370, 888, -356, -341, 995, 1361, 605, 897, 
107, 927, 819, -517, -356, 873, -366, -331, 990, 1361, 600, 897, 
107, 927, 819, -517, -356, 873, -366, -331, 990, 1361, 600, 897, 
107, 927, 819, -517, -356, 873, -366, -331, 990, 1356, 600, 897, 
107, 927, 819, -517, -356, 873, -366, -331, 990, 1356, 600, 897, 
107, 932, 824, -519, -358, 878, -366, -331, 1000, 1351, 610, 888, 
107, 932, 824, -519, -358, 878, -366, -331, 1000, 1356, 610, 893, 
107, 932, 824, -519, -358, 878, -366, -331, 1000, 1356, 610, 893, 
107, 936, 829, -522, -361, 883, -366, -331, 1000, 1356, 605, 893, 
97, 936, 839, -517, -370, 888, -366, -326, 995, 1366, 605, 902, 
97, 932, 834, -514, -368, 883, -366, -326, 995, 1366, 605, 902, 
97, 932, 834, -514, -368, 883, -366, -326, 995, 1366, 605, 902, 
102, 936, 834, -519, -366, 885, -366, -326, 1000, 1366, 605, 902, 
102, 936, 834, -519, -366, 885, -366, -326, 1000, 1366, 605, 902, 
102, 936, 834, -519, -366, 885, -366, -326, 1000, 1366, 605, 902, 
102, 936, 834, -519, -366, 885, -366, -326, 1000, 1366, 610, 902, 
102, 936, 834, -519, -366, 885, -366, -326, 1000, 1371, 610, 902, 
112, 927, 814, -519, -351, 871, -366, -326, 990, 1371, 610, 902, 
112, 927, 814, -519, -351, 871, -366, -326, 990, 1366, 605, 902, 
117, 936, 819, -527, -351, 878, -366, -326, 995, 1366, 605, 907, 
117, 936, 819, -527, -351, 878, -366, -326, 1000, 1371, 605, 912, 
117, 946, 829, -531, -356, 888, -366, -326, 990, 1361, 595, 902, 
117, 946, 829, -531, -356, 888, -366, -322, 990, 1361, 600, 902, 
117, 946, 829, -531, -356, 888, -366, -322, 995, 1366, 600, 902, 
117, 951, 834, -534, -358, 893, -366, -317, 995, 1366, 600, 902, 
117, 951, 834, -534, -358, 893, -366, -317, 995, 1366, 600, 912, 
117, 951, 834, -534, -358, 893, -366, -317, 995, 1366, 600, 912, 
117, 951, 834, -534, -358, 893, -366, -317, 995, 1366, 600, 912, 
117, 951, 834, -534, -358, 893, -366, -322, 995, 1366, 600, 912, 
117, 941, 824, -529, -353, 883, -366, -322, 1005, 1366, 600, 912, 
117, 946, 829, -531, -356, 888, -366, -322, 1010, 1366, 610, 912, 
122, 951, 829, -536, -353, 890, -370, -312, 1010, 1366, 610, 917, 
126, 951, 824, -539, -348, 888, -370, -312, 1010, 1366, 610, 917, 
117, 951, 834, -534, -358, 893, -370, -312, 1005, 1371, 600, 932, 
117, 951, 834, -534, -358, 893, -370, -312, 1005, 1376, 605, 932, 
117, 951, 834, -534, -358, 893, -370, -312, 1005, 1376, 605, 932, 
117, 956, 839, -536, -361, 897, -370, -307, 1005, 1376, 605, 932, 
126, 956, 829, -541, -351, 893, -370, -307, 1010, 1381, 605, 932, 
126, 961, 834, -544, -353, 897, -375, -312, 1010, 1381, 610, 932, 
131, 971, 839, -551, -353, 905, -380, -317, 1000, 1381, 614, 936, 
131, 976, 844, -553, -356, 910, -380, -317, 1000, 1381, 614, 941, 
131, 976, 844, -553, -356, 910, -380, -307, 1010, 1381, 610, 936, 
136, 980, 844, -558, -353, 912, -380, -307, 1015, 1381, 610, 936, 
136, 985, 849, -561, -356, 917, -380, -307, 1015, 1381, 614, 936, 
136, 985, 849, -561, -356, 917, -390, -307, 1019, 1390, 614, 946, 
141, 990, 849, -566, -353, 919, -390, -297, 1029, 1385, 619, 946, 
141, 995, 854, -568, -356, 924, -395, -297, 1029, 1390, 619, 946, 
141, 1000, 858, -570, -358, 929, -395, -302, 1029, 1390, 624, 951, 
146, 1010, 863, -578, -358, 936, -400, -302, 1029, 1390, 624, 951, 
146, 1015, 868, -580, -361, 941, -405, -302, 1024, 1400, 629, 956, 
151, 1019, 868, -585, -358, 944, -409, -302, 1024, 1400, 634, 961, 
151, 1024, 873, -588, -361, 949, -409, -302, 1024, 1400, 639, 966, 
151, 1029, 878, -590, -363, 954, -414, -302, 1029, 1410, 639, 966, 
156, 1039, 883, -597, -363, 961, -419, -302, 1034, 1410, 639, 976, 
156, 1044, 888, -600, -366, 966, -419, -302, 1034, 1415, 649, 980, 
165, 1049, 883, -607, -358, 966, -424, -302, 1034, 1415, 649, 985, 
165, 1054, 888, -610, -361, 971, -429, -307, 1029, 1415, 653, 990, 
165, 1063, 897, -614, -366, 980, -434, -307, 1029, 1415, 658, 1005, 
170, 1073, 902, -622, -366, 988, -439, -312, 1034, 1424, 658, 1010, 
180, 1088, 907, -634, -363, 997, -444, -317, 1034, 1429, 663, 1015, 
180, 1088, 907, -634, -363, 997, -448, -317, 1034, 1429, 668, 1015, 
190, 1093, 902, -641, -356, 997, -453, -322, 1034, 1424, 673, 1019, 
190, 1098, 907, -644, -358, 1002, -453, -326, 1034, 1434, 678, 1024, 
195, 1107, 912, -651, -358, 1010, -458, -331, 1039, 1434, 683, 1029, 
195, 1112, 917, -653, -361, 1015, -463, -331, 1039, 1434, 683, 1034, 
195, 1127, 932, -661, -368, 1029, -468, -336, 1039, 1444, 688, 1039, 
200, 1132, 932, -666, -366, 1032, -473, -341, 1034, 1444, 688, 1039, 
200, 1137, 936, -668, -368, 1037, -478, -346, 1034, 1444, 688, 1044, 
200, 1146, 946, -673, -373, 1046, -483, -351, 1034, 1449, 688, 1049, 
204, 1146, 941, -675, -368, 1044, -488, -351, 1024, 1439, 692, 1054, 
204, 1151, 946, -678, -370, 1049, -492, -356, 1024, 1439, 692, 1058, 
204, 1151, 946, -678, -370, 1049, -497, -361, 1024, 1444, 697, 1058, 
204, 1156, 951, -680, -373, 1054, -497, -366, 1024, 1444, 697, 1058, 
209, 1151, 941, -680, -366, 1046, -502, -370, 1024, 1444, 697, 1058, 
209, 1156, 946, -683, -368, 1051, -502, -370, 1024, 1449, 697, 1068, 
204, 1156, 951, -680, -373, 1054, -502, -375, 1024, 1449, 697, 1068, 
204, 1156, 951, -680, -373, 1054, -502, -380, 1019, 1439, 697, 1068, 
204, 1156, 951, -680, -373, 1054, -507, -380, 1019, 1449, 697, 1068, 
204, 1156, 951, -680, -373, 1054, -507, -385, 1019, 1449, 697, 1068, 
204, 1156, 951, -680, -373, 1054, -507, -385, 1019, 1449, 697, 1068, 
204, 1156, 951, -680, -373, 1054, -507, -390, 1019, 1449, 697, 1068, 
204, 1156, 951, -680, -373, 1054, -507, -385, 1019, 1449, 697, 1063, 
200, 1156, 956, -678, -378, 1056, -512, -385, 1019, 1449, 697, 1063, 
200, 1156, 956, -678, -378, 1056, -512, -385, 1019, 1449, 697, 1063, 
200, 1156, 956, -678, -378, 1056, -512, -385, 1024, 1454, 697, 1063, 
190, 1156, 966, -673, -387, 1061, -507, -390, 1024, 1454, 692, 1063, 
190, 1151, 961, -671, -385, 1056, -507, -390, 1024, 1454, 692, 1058, 
190, 1151, 961, -671, -385, 1056, -507, -390, 1024, 1454, 692, 1054, 
190, 1146, 956, -668, -383, 1051, -507, -390, 1024, 1454, 692, 1054, 
185, 1137, 951, -661, -383, 1044, -497, -400, 1029, 1454, 692, 1054, 
185, 1132, 946, -658, -380, 1039, -492, -395, 1029, 1454, 692, 1054, 
180, 1127, 946, -653, -383, 1037, -492, -395, 1029, 1454, 688, 1054, 
180, 1122, 941, -651, -380, 1032, -488, -395, 1034, 1459, 688, 1054, 
180, 1127, 946, -653, -383, 1037, -488, -395, 1034, 1449, 678, 1039, 
180, 1117, 936, -649, -378, 1027, -488, -395, 1034, 1449, 678, 1039, 
175, 1117, 941, -646, -383, 1029, -483, -395, 1034, 1449, 673, 1039, 
175, 1117, 941, -646, -383, 1029, -478, -395, 1044, 1449, 673, 1034, 
170, 1107, 936, -639, -383, 1022, -478, -395, 1049, 1449, 673, 1029, 
165, 1102, 936, -634, -385, 1019, -473, -390, 1049, 1449, 673, 1029, 
165, 1098, 932, -631, -383, 1015, -468, -390, 1049, 1449, 673, 1024, 
165, 1093, 927, -629, -380, 1010, -463, -390, 1049, 1449, 668, 1024, 
156, 1088, 932, -622, -387, 1010, -448, -380, 1049, 1444, 663, 1024, 
156, 1083, 927, -619, -385, 1005, -448, -380, 1049, 1444, 663, 1015, 
151, 1083, 932, -617, -390, 1007, -448, -380, 1049, 1444, 663, 1010, 
151, 1083, 932, -617, -390, 1007, -444, -380, 1049, 1444, 663, 1010, 
151, 1078, 927, -614, -387, 1002, -439, -380, 1049, 1434, 649, 1000, 
146, 1068, 922, -607, -387, 995, -439, -380, 1049, 1434, 644, 1000, 
146, 1058, 912, -602, -383, 985, -439, -380, 1044, 1434, 644, 1000, 
146, 1049, 902, -597, -378, 976, -434, -380, 1044, 1434, 644, 1000, 
131, 1054, 922, -592, -395, 988, -429, -380, 1044, 1439, 644, 1000, 
131, 1049, 917, -590, -392, 983, -429, -380, 1044, 1434, 639, 1000, 
131, 1044, 912, -588, -390, 978, -429, -380, 1044, 1429, 639, 1000, 
126, 1044, 917, -585, -395, 980, -424, -380, 1044, 1429, 639, 995, 
126, 1039, 912, -583, -392, 976, -424, -380, 1044, 1429, 639, 995, 
126, 1039, 912, -583, -392, 976, -419, -380, 1039, 1429, 634, 995, 
126, 1039, 912, -583, -392, 976, -419, -380, 1039, 1429, 634, 995, 
122, 1039, 917, -580, -397, 978, -419, -380, 1039, 1424, 634, 995, 
122, 1039, 917, -580, -397, 978, -419, -380, 1029, 1429, 629, 995, 
122, 1039, 917, -580, -397, 978, -419, -380, 1029, 1429, 629, 990, 
117, 1034, 917, -575, -400, 976, -419, -380, 1029, 1429, 624, 990, 
117, 1034, 917, -575, -400, 976, -419, -380, 1029, 1429, 624, 990, 
126, 1034, 907, -580, -390, 971, -414, -385, 1029, 1420, 624, 990, 
126, 1029, 902, -578, -387, 966, -414, -385, 1029, 1420, 624, 990, 
126, 1024, 897, -575, -385, 961, -414, -385, 1029, 1420, 624, 990, 
126, 1024, 897, -575, -385, 961, -414, -385, 1029, 1420, 619, 990, 
112, 1034, 922, -573, -405, 978, -424, -385, 1029, 1424, 619, 985, 
112, 1029, 917, -570, -402, 973, -424, -385, 1029, 1424, 619, 985, 
112, 1029, 917, -570, -402, 973, -419, -385, 1029, 1424, 619, 985, 
112, 1029, 917, -570, -402, 973, -419, -385, 1029, 1424, 614, 985, 
112, 1029, 917, -570, -402, 973, -409, -385, 1029, 1424, 614, 995, 
112, 1029, 917, -570, -402, 973, -409, -380, 1029, 1424, 614, 995, 
107, 1024, 917, -566, -405, 971, -409, -380, 1034, 1420, 614, 990, 
107, 1024, 917, -566, -405, 971, -409, -380, 1034, 1420, 614, 990, 
117, 1024, 907, -570, -395, 966, -419, -380, 1034, 1424, 605, 990, 
117, 1024, 907, -570, -395, 966, -414, -380, 1034, 1424, 605, 995, 
117, 1029, 912, -573, -397, 971, -414, -380, 1029, 1424, 600, 995, 
117, 1029, 912, -573, -397, 971, -414, -380, 1029, 1424, 600, 995, 
112, 1029, 917, -570, -402, 973, -405, -380, 1039, 1415, 600, 985, 
112, 1029, 917, -570, -402, 973, -409, -380, 1039, 1415, 600, 985, 
112, 1029, 917, -570, -402, 973, -409, -380, 1044, 1415, 600, 985, 
112, 1029, 917, -570, -402, 973, -409, -380, 1044, 1415, 605, 985, 
102, 1024, 922, -563, -409, 973, -409, -390, 1034, 1415, 605, 976, 
102, 1024, 922, -563, -409, 973, -409, -390, 1034, 1420, 605, 980, 
102, 1019, 917, -561, -407, 968, -409, -390, 1034, 1420, 605, 980, 
102, 1019, 917, -561, -407, 968, -409, -390, 1034, 1420, 610, 980, 
97, 1024, 927, -561, -414, 976, -414, -390, 1034, 1420, 610, 990, 
97, 1024, 927, -561, -414, 976, -414, -390, 1034, 1420, 610, 990, 
97, 1024, 927, -561, -414, 976, -414, -390, 1034, 1420, 610, 990, 
97, 1024, 927, -561, -414, 976, -414, -390, 1039, 1420, 610, 990, 
97, 1034, 936, -566, -419, 985, -405, -390, 1039, 1420, 610, 1000, 
97, 1034, 936, -566, -419, 985, -405, -390, 1044, 1420, 610, 1000, 
102, 1034, 932, -568, -414, 983, -409, -390, 1044, 1420, 610, 1000, 
102, 1034, 932, -568, -414, 983, -409, -390, 1039, 1420, 614, 1000, 
102, 1024, 922, -563, -409, 973, -409, -390, 1049, 1420, 614, 1000, 
102, 1024, 922, -563, -409, 973, -409, -390, 1054, 1420, 614, 1000, 
102, 1034, 932, -568, -414, 983, -409, -390, 1058, 1420, 614, 1000, 
102, 1034, 932, -568, -414, 983, -409, -390, 1058, 1424, 614, 1005, 
102, 1034, 932, -568, -414, 983, -409, -385, 1054, 1415, 614, 995, 
102, 1034, 932, -568, -414, 983, -409, -385, 1054, 1415, 614, 995, 
102, 1034, 932, -568, -414, 983, -414, -385, 1058, 1420, 614, 995, 
102, 1039, 936, -570, -417, 988, -414, -385, 1058, 1424, 614, 1000, 
102, 1044, 941, -573, -419, 993, -414, -395, 1049, 1424, 619, 1005, 
102, 1044, 941, -573, -419, 993, -414, -395, 1049, 1424, 619, 1005, 
102, 1044, 941, -573, -419, 993, -414, -395, 1049, 1424, 619, 1005, 
102, 1049, 946, -575, -422, 997, -414, -395, 1049, 1424, 619, 1005, 
102, 1049, 946, -575, -422, 997, -414, -395, 1058, 1424, 619, 1005, 
107, 1049, 941, -578, -417, 995, -414, -395, 1058, 1429, 619, 1010, 
107, 1049, 941, -578, -417, 995, -414, -395, 1058, 1429, 619, 1015, 
107, 1049, 941, -578, -417, 995, -414, -395, 1058, 1429, 619, 1015, 
107, 1049, 941, -578, -417, 995, -414, -385, 1058, 1429, 610, 1015, 
107, 1054, 946, -580, -419, 1000, -414, -385, 1058, 1429, 614, 1015, 
107, 1058, 951, -583, -422, 1005, -419, -385, 1058, 1434, 619, 1015, 
107, 1058, 951, -583, -422, 1005, -419, -385, 1058, 1434, 619, 1015, 
117, 1054, 936, -585, -409, 995, -429, -395, 1058, 1434, 629, 1015, 
122, 1054, 932, -588, -405, 993, -434, -395, 1058, 1429, 624, 1015, 
122, 1054, 932, -588, -405, 993, -434, -395, 1058, 1429, 624, 1015, 
122, 1054, 932, -588, -405, 993, -434, -395, 1058, 1429, 629, 1015, 
122, 1054, 932, -588, -405, 993, -434, -385, 1058, 1424, 629, 1019, 
122, 1054, 932, -588, -405, 993, -434, -385, 1063, 1424, 634, 1019, 
122, 1058, 936, -590, -407, 997, -439, -385, 1068, 1424, 634, 1019, 
122, 1058, 936, -590, -407, 997, -439, -385, 1068, 1424, 629, 1019, 
122, 1063, 941, -592, -409, 1002, -434, -385, 1058, 1424, 629, 1019, 
126, 1063, 936, -595, -405, 1000, -434, -385, 1058, 1424, 629, 1024, 
126, 1063, 936, -595, -405, 1000, -434, -385, 1058, 1429, 629, 1024, 
126, 1063, 936, -595, -405, 1000, -434, -385, 1058, 1429, 634, 1024, 
117, 1058, 941, -588, -412, 1000, -434, -385, 1058, 1429, 624, 1024, 
122, 1058, 936, -590, -407, 997, -439, -385, 1058, 1429, 624, 1024, 
122, 1058, 936, -590, -407, 997, -439, -385, 1054, 1429, 624, 1024, 
122, 1058, 936, -590, -407, 997, -439, -385, 1054, 1429, 624, 1024, 
131, 1058, 927, -595, -397, 993, -439, -395, 1054, 1420, 624, 1024, 
131, 1058, 927, -595, -397, 993, -439, -395, 1054, 1420, 624, 1029, 
126, 1058, 932, -592, -402, 995, -439, -395, 1054, 1420, 624, 1029, 
126, 1058, 932, -592, -402, 995, -439, -395, 1054, 1415, 624, 1029, 
126, 1058, 932, -592, -402, 995, -434, -400, 1054, 1424, 624, 1029, 
126, 1058, 932, -592, -402, 995, -434, -400, 1054, 1424, 624, 1024, 
126, 1054, 927, -590, -400, 990, -434, -395, 1054, 1429, 624, 1024, 
126, 1054, 927, -590, -400, 990, -434, -395, 1054, 1429, 624, 1024, 
126, 1054, 927, -590, -400, 990, -434, -400, 1044, 1420, 619, 1024, 
131, 1054, 922, -592, -395, 988, -434, -400, 1044, 1420, 619, 1024, 
131, 1054, 922, -592, -395, 988, -429, -400, 1044, 1420, 619, 1024, 
131, 1054, 922, -592, -395, 988, -429, -395, 1044, 1420, 619, 1024, 
131, 1063, 932, -597, -400, 997, -429, -395, 1054, 1420, 614, 1024, 
131, 1063, 932, -597, -400, 997, -429, -405, 1054, 1420, 614, 1024, 
131, 1063, 932, -597, -400, 997, -429, -405, 1044, 1420, 614, 1024, 
131, 1063, 932, -597, -400, 997, -429, -405, 1044, 1420, 614, 1024, 
131, 1063, 932, -597, -400, 997, -439, -395, 1044, 1420, 614, 1024, 
131, 1063, 932, -597, -400, 997, -439, -400, 1044, 1415, 614, 1024, 
131, 1063, 932, -597, -400, 997, -444, -400, 1039, 1415, 614, 1024, 
131, 1063, 932, -597, -400, 997, -444, -405, 1039, 1420, 614, 1024, 
131, 1054, 922, -592, -395, 988, -434, -405, 1039, 1420, 614, 1024, 
131, 1054, 922, -592, -395, 988, -434, -405, 1039, 1420, 614, 1024, 
131, 1054, 922, -592, -395, 988, -434, -405, 1039, 1420, 614, 1024, 
131, 1054, 922, -592, -395, 988, -439, -405, 1039, 1420, 614, 1024, 
131, 1054, 922, -592, -395, 988, -439, -405, 1039, 1420, 614, 1024, 
131, 1054, 922, -592, -395, 988, -439, -405, 1039, 1415, 614, 1024, 
131, 1054, 922, -592, -395, 988, -434, -405, 1034, 1415, 614, 1024, 
131, 1054, 922, -592, -395, 988, -434, -405, 1034, 1415, 614, 1024, 
126, 1054, 927, -590, -400, 990, -439, -405, 1034, 1415, 614, 1024, 
126, 1054, 927, -590, -400, 990, -439, -409, 1034, 1420, 614, 1024, 
126, 1054, 927, -590, -400, 990, -439, -409, 1034, 1420, 614, 1024, 
126, 1054, 927, -590, -400, 990, -434, -409, 1034, 1420, 614, 1024, 
136, 1054, 917, -595, -390, 985, -444, -409, 1034, 1420, 614, 1039, 
136, 1054, 917, -595, -390, 985, -444, -409, 1034, 1415, 614, 1039, 
136, 1054, 917, -595, -390, 985, -444, -409, 1034, 1415, 614, 1034, 
136, 1054, 917, -595, -390, 985, -444, -409, 1034, 1415, 614, 1034, 
126, 1044, 917, -585, -395, 980, -444, -405, 1024, 1420, 605, 1024, 
126, 1044, 917, -585, -395, 980, -444, -405, 1024, 1420, 605, 1029, 
126, 1044, 917, -585, -395, 980, -444, -409, 1024, 1424, 605, 1029, 
126, 1044, 917, -585, -395, 980, -444, -409, 1024, 1424, 605, 1029, 
126, 1054, 927, -590, -400, 990, -444, -409, 1024, 1415, 605, 1034, 
126, 1054, 927, -590, -400, 990, -444, -409, 1024, 1415, 605, 1034, 
131, 1054, 922, -592, -395, 988, -444, -409, 1024, 1415, 605, 1034, 
131, 1054, 922, -592, -395, 988, -444, -409, 1024, 1415, 610, 1034, 
141, 1054, 912, -597, -385, 983, -444, -400, 1034, 1424, 610, 1044, 
136, 1063, 927, -600, -395, 995, -444, -400, 1034, 1434, 614, 1044, 
136, 1063, 927, -600, -395, 995, -444, -405, 1034, 1434, 614, 1044, 
141, 1073, 932, -607, -395, 1002, -444, -405, 1034, 1444, 614, 1044, 
146, 1083, 936, -614, -395, 1010, -448, -400, 1034, 1444, 624, 1054, 
146, 1093, 946, -619, -400, 1019, -458, -409, 1039, 1454, 634, 1063, 
146, 1093, 946, -619, -400, 1019, -458, -409, 1044, 1454, 634, 1063, 
146, 1093, 946, -619, -400, 1019, -458, -409, 1049, 1454, 634, 1063, 
146, 1093, 946, -619, -400, 1019, -458, -409, 1054, 1454, 634, 1063, 
146, 1102, 956, -624, -405, 1029, -468, -414, 1049, 1459, 644, 1068, 
146, 1107, 961, -627, -407, 1034, -468, -414, 1054, 1464, 644, 1073, 
146, 1112, 966, -629, -409, 1039, -468, -414, 1058, 1468, 649, 1078, 
146, 1117, 971, -631, -412, 1044, -468, -414, 1063, 1473, 653, 1088, 
146, 1122, 976, -634, -414, 1049, -463, -414, 1068, 1473, 649, 1098, 
151, 1127, 976, -639, -412, 1051, -468, -414, 1073, 1478, 653, 1098, 
156, 1132, 976, -644, -409, 1054, -473, -414, 1073, 1483, 658, 1098, 
156, 1132, 976, -644, -409, 1054, -478, -414, 1073, 1488, 658, 1098, 
165, 1137, 971, -651, -402, 1054, -483, -424, 1083, 1488, 668, 1102, 
165, 1137, 971, -651, -402, 1054, -488, -424, 1078, 1488, 668, 1102, 
165, 1137, 971, -651, -402, 1054, -488, -424, 1078, 1488, 668, 1102, 
170, 1141, 971, -656, -400, 1056, -488, -424, 1078, 1488, 668, 1102, 
180, 1151, 971, -666, -395, 1061, -502, -429, 1073, 1488, 668, 1112, 
180, 1151, 971, -666, -395, 1061, -512, -439, 1073, 1483, 668, 1117, 
180, 1146, 966, -663, -392, 1056, -517, -444, 1063, 1478, 668, 1117, 
180, 1146, 966, -663, -392, 1056, -517, -444, 1054, 1478, 663, 1107, 
180, 1122, 941, -651, -380, 1032, -512, -434, 1044, 1468, 653, 1098, 
170, 1122, 951, -646, -390, 1037, -507, -434, 1029, 1464, 644, 1098, 
170, 1112, 941, -641, -385, 1027, -502, -439, 1019, 1464, 644, 1098, 
170, 1122, 951, -646, -390, 1037, -502, -444, 1015, 1464, 644, 1098, 
170, 1132, 961, -651, -395, 1046, -512, -453, 1019, 1464, 649, 1098, 
165, 1127, 961, -646, -397, 1044, -512, -453, 1015, 1464, 644, 1098, 
165, 1117, 951, -641, -392, 1034, -512, -453, 1015, 1464, 644, 1098, 
165, 1117, 951, -641, -392, 1034, -512, -453, 1019, 1464, 644, 1098, 
165, 1117, 951, -641, -392, 1034, -502, -448, 1010, 1464, 634, 1107, 
165, 1117, 951, -641, -392, 1034, -497, -448, 1010, 1459, 639, 1107, 
165, 1122, 956, -644, -395, 1039, -497, -444, 1005, 1459, 639, 1107, 
165, 1122, 956, -644, -395, 1039, -497, -444, 1005, 1459, 639, 1107, 
165, 1112, 946, -639, -390, 1029, -492, -434, 1015, 1449, 634, 1098, 
165, 1102, 936, -634, -385, 1019, -488, -434, 1015, 1449, 634, 1098, 
165, 1102, 936, -634, -385, 1019, -488, -434, 1015, 1449, 629, 1098, 
161, 1102, 941, -631, -390, 1022, -488, -434, 1010, 1449, 629, 1098, 
156, 1093, 936, -624, -390, 1015, -483, -444, 1000, 1449, 629, 1098, 
146, 1083, 936, -614, -395, 1010, -473, -444, 1000, 1449, 629, 1093, 
146, 1078, 932, -612, -392, 1005, -473, -444, 990, 1439, 624, 1083, 
141, 1063, 922, -602, -390, 993, -468, -439, 990, 1434, 614, 1078, 
126, 1049, 922, -588, -397, 985, -453, -429, 985, 1429, 614, 1083, 
112, 1039, 927, -575, -407, 983, -444, -429, 985, 1429, 610, 1073, 
112, 1039, 927, -575, -407, 983, -444, -429, 985, 1429, 610, 1073, 
112, 1044, 932, -578, -409, 988, -444, -429, 985, 1429, 610, 1073, 
117, 1044, 927, -580, -405, 985, -453, -429, 990, 1434, 610, 1078, 
117, 1044, 927, -580, -405, 985, -448, -429, 990, 1434, 610, 1078, 
117, 1044, 927, -580, -405, 985, -448, -429, 990, 1434, 610, 1078, 
117, 1034, 917, -575, -400, 976, -448, -434, 985, 1434, 610, 1078, 
122, 1034, 912, -578, -395, 973, -439, -434, 985, 1434, 610, 1078, 
122, 1034, 912, -578, -395, 973, -439, -429, 985, 1429, 610, 1073, 
122, 1034, 912, -578, -395, 973, -439, -429, 985, 1424, 600, 1073, 
122, 1034, 912, -578, -395, 973, -439, -429, 985, 1424, 600, 1068, 
122, 1034, 912, -578, -395, 973, -439, -429, 985, 1429, 600, 1068, 
122, 1034, 912, -578, -395, 973, -439, -429, 985, 1429, 600, 1068, 
122, 1029, 907, -575, -392, 968, -439, -424, 985, 1424, 600, 1068, 
122, 1029, 907, -575, -392, 968, -434, -424, 985, 1424, 600, 1073, 
122, 1029, 907, -575, -392, 968, -434, -424, 980, 1424, 600, 1073, 
122, 1029, 907, -575, -392, 968, -434, -424, 980, 1429, 600, 1073, 
122, 1034, 912, -578, -395, 973, -439, -424, 985, 1429, 600, 1073, 
122, 1034, 912, -578, -395, 973, -439, -424, 985, 1429, 600, 1078, 
122, 1024, 902, -573, -390, 963, -439, -424, 976, 1420, 600, 1078, 
122, 1029, 907, -575, -392, 968, -434, -424, 980, 1424, 600, 1078, 
122, 1029, 907, -575, -392, 968, -434, -424, 980, 1424, 605, 1078, 
122, 1029, 907, -575, -392, 968, -434, -424, 980, 1424, 605, 1078, 
122, 1029, 907, -575, -392, 968, -434, -424, 980, 1424, 600, 1078, 
122, 1029, 907, -575, -392, 968, -439, -424, 980, 1424, 600, 1078, 
122, 1029, 907, -575, -392, 968, -439, -424, 980, 1424, 600, 1078, 
122, 1029, 907, -575, -392, 968, -439, -424, 980, 1424, 600, 1078, 
122, 1039, 917, -580, -397, 978, -439, -424, 980, 1434, 605, 1078, 
122, 1039, 917, -580, -397, 978, -434, -424, 980, 1434, 605, 1078, 
122, 1039, 917, -580, -397, 978, -434, -424, 980, 1434, 605, 1078, 
122, 1039, 917, -580, -397, 978, -434, -424, 980, 1434, 600, 1078, 
122, 1039, 917, -580, -397, 978, -444, -424, 980, 1434, 600, 1078, 
122, 1039, 917, -580, -397, 978, -444, -424, 980, 1434, 600, 1078, 
122, 1039, 917, -580, -397, 978, -444, -424, 980, 1434, 605, 1078, 
122, 1039, 917, -580, -397, 978, -444, -424, 980, 1434, 605, 1078, 
122, 1039, 917, -580, -397, 978, -434, -424, 990, 1439, 605, 1078, 
122, 1039, 917, -580, -397, 978, -434, -424, 990, 1439, 605, 1083, 
122, 1044, 922, -583, -400, 983, -434, -424, 995, 1439, 605, 1083, 
122, 1044, 922, -583, -400, 983, -439, -429, 995, 1439, 605, 1083, 
112, 1034, 922, -573, -405, 978, -439, -419, 995, 1439, 605, 1083, 
112, 1034, 922, -573, -405, 978, -434, -419, 995, 1439, 605, 1083, 
112, 1034, 922, -573, -405, 978, -434, -414, 995, 1439, 605, 1083, 
117, 1029, 912, -573, -397, 971, -434, -414, 990, 1439, 605, 1083, 
117, 1039, 922, -578, -402, 980, -434, -414, 990, 1434, 605, 1093, 
122, 1034, 912, -578, -395, 973, -434, -409, 980, 1434, 600, 1088, 
136, 1024, 888, -580, -375, 956, -439, -400, 971, 1429, 595, 1078, 
146, 1015, 868, -580, -361, 941, -434, -380, 971, 1420, 585, 1068, 
151, 1019, 868, -585, -358, 944, -424, -356, 980, 1424, 590, 1068, 
156, 1029, 873, -592, -358, 951, -405, -297, 1010, 1439, 605, 1068, 
170, 1044, 873, -607, -351, 958, -370, -219, 1068, 1488, 634, 1073, 
209, 1093, 883, -651, -336, 988, -366, -141, 1146, 1546, 688, 1098, 
263, 1146, 883, -705, -309, 1015, -366, -68, 1190, 1615, 751, 1127, 
341, 1205, 863, -773, -261, 1034, -361, 24, 1234, 1688, 844, 1156, 
439, 1283, 844, -861, -202, 1063, -361, 136, 1312, 1781, 946, 1190, 
512, 1376, 863, -944, -175, 1119, -370, 209, 1405, 1883, 1044, 1239, 
580, 1478, 897, -1029, -158, 1188, -409, 219, 1464, 1971, 1146, 1302, 
624, 1610, 985, -1117, -180, 1298, -478, 170, 1498, 2059, 1249, 1390, 
673, 1751, 1078, -1212, -202, 1415, -556, 82, 1493, 2127, 1361, 1498, 
702, 1864, 1161, -1283, -229, 1512, -619, -4, 1454, 2137, 1415, 1586, 
688, 1888, 1200, -1288, -256, 1544, -653, -126, 1361, 2059, 1376, 1634, 
639, 1888, 1249, -1263, -305, 1568, -692, -287, 1244, 1942, 1293, 1649, 
546, 1883, 1337, -1215, -395, 1610, -751, -517, 1141, 1859, 1215, 1668, 
395, 1825, 1429, -1110, -517, 1627, -814, -785, 1005, 1761, 1122, 1668, 
234, 1722, 1488, -978, -627, 1605, -888, -1073, 824, 1610, 980, 1649, 
117, 1639, 1522, -878, -702, 1581, -961, -1342, 634, 1464, 844, 1615, 
68, 1527, 1459, -797, -695, 1493, -995, -1473, 473, 1342, 732, 1576, 
34, 1429, 1395, -732, -680, 1412, -976, -1464, 429, 1254, 634, 1507, 
14, 1376, 1361, -695, -673, 1368, -936, -1381, 468, 1244, 585, 1454, 
4, 1337, 1332, -671, -663, 1334, -878, -1278, 527, 1263, 575, 1410, 
19, 1307, 1288, -663, -634, 1298, -829, -1151, 590, 1273, 580, 1381, 
34, 1259, 1224, -646, -595, 1241, -766, -1019, 634, 1283, 570, 1332, 
53, 1215, 1161, -634, -553, 1188, -717, -917, 683, 1307, 570, 1283, 
63, 1195, 1132, -629, -534, 1163, -678, -834, 751, 1342, 585, 1263, 
78, 1180, 1102, -629, -512, 1141, -629, -751, 819, 1376, 595, 1239, 
78, 1137, 1058, -607, -490, 1098, -595, -678, 849, 1385, 585, 1200, 
87, 1112, 1024, -600, -468, 1068, -551, -624, 873, 1385, 585, 1171, 
102, 1093, 990, -597, -444, 1041, -522, -580, 897, 1400, 580, 1156, 
97, 1083, 985, -590, -444, 1034, -492, -531, 922, 1410, 585, 1146, 
102, 1063, 961, -583, -429, 1012, -468, -488, 927, 1415, 585, 1127, 
112, 1049, 936, -580, -412, 993, -458, -463, 936, 1410, 580, 1112, 
112, 1039, 927, -575, -407, 983, -453, -444, 946, 1410, 580, 1107, 
112, 1039, 927, -575, -407, 983, -448, -424, 956, 1420, 595, 1112, 
112, 1039, 927, -575, -407, 983, -439, -424, 961, 1424, 600, 1102, 
112, 1044, 932, -578, -409, 988, -448, -429, 971, 1434, 600, 1107, 
117, 1044, 927, -580, -405, 985, -439, -429, 985, 1434, 600, 1107, 
117, 1044, 927, -580, -405, 985, -434, -424, 985, 1439, 600, 1102, 
117, 1044, 927, -580, -405, 985, -429, -424, 985, 1439, 600, 1098, 
112, 1039, 927, -575, -407, 983, -429, -409, 985, 1439, 600, 1107, 
112, 1039, 927, -575, -407, 983, -429, -409, 980, 1434, 600, 1107, 
117, 1034, 917, -575, -400, 976, -429, -409, 980, 1434, 595, 1102, 
122, 1034, 912, -578, -395, 973, -424, -405, 985, 1434, 595, 1102, 
122, 1034, 912, -578, -395, 973, -434, -400, 980, 1429, 595, 1102, 
122, 1034, 912, -578, -395, 973, -434, -400, 980, 1429, 595, 1102, 
126, 1034, 907, -580, -390, 971, -434, -395, 985, 1429, 595, 1102, 
126, 1039, 912, -583, -392, 976, -434, -390, 990, 1434, 600, 1107, 
126, 1049, 922, -588, -397, 985, -424, -390, 990, 1444, 600, 1098, 
126, 1049, 922, -588, -397, 985, -429, -390, 990, 1444, 600, 1098, 
126, 1049, 922, -588, -397, 985, -429, -390, 990, 1444, 600, 1098, 
126, 1049, 922, -588, -397, 985, -429, -390, 995, 1444, 600, 1098, 
126, 1049, 922, -588, -397, 985, -429, -395, 1000, 1434, 600, 1098, 
126, 1049, 922, -588, -397, 985, -429, -395, 1000, 1434, 600, 1098, 
126, 1049, 922, -588, -397, 985, -429, -395, 1000, 1434, 600, 1098, 
126, 1049, 922, -588, -397, 985, -429, -395, 1000, 1439, 600, 1098, 
126, 1049, 922, -588, -397, 985, -429, -395, 1005, 1439, 600, 1098, 
131, 1049, 917, -590, -392, 983, -429, -395, 1005, 1439, 605, 1098, 
131, 1049, 917, -590, -392, 983, -429, -395, 1005, 1444, 610, 1102, 
131, 1049, 917, -590, -392, 983, -429, -395, 1005, 1444, 610, 1102, 
131, 1044, 912, -588, -390, 978, -434, -395, 1005, 1444, 610, 1112, 
131, 1044, 912, -588, -390, 978, -434, -395, 1005, 1444, 614, 1112, 
131, 1044, 912, -588, -390, 978, -434, -390, 1005, 1444, 614, 1112, 
136, 1054, 917, -595, -390, 985, -434, -390, 1005, 1449, 614, 1112, 
136, 1054, 917, -595, -390, 985, -434, -390, 1000, 1449, 619, 1112, 
136, 1054, 917, -595, -390, 985, -434, -390, 1000, 1449, 619, 1112, 
136, 1054, 917, -595, -390, 985, -434, -390, 1000, 1444, 619, 1112, 
136, 1054, 917, -595, -390, 985, -434, -390, 1000, 1444, 619, 1112, 
136, 1068, 932, -602, -397, 1000, -444, -390, 1010, 1449, 629, 1112, 
136, 1068, 932, -602, -397, 1000, -444, -390, 1010, 1454, 629, 1117, 
136, 1068, 932, -602, -397, 1000, -444, -390, 1010, 1454, 629, 1117, 
136, 1073, 936, -605, -400, 1005, -444, -390, 1010, 1454, 624, 1117, 
136, 1063, 927, -600, -395, 995, -434, -385, 1005, 1454, 624, 1117, 
136, 1058, 922, -597, -392, 990, -434, -385, 1005, 1454, 624, 1117, 
136, 1058, 922, -597, -392, 990, -434, -385, 1005, 1454, 624, 1117, 
141, 1063, 922, -602, -390, 993, -434, -385, 1010, 1454, 624, 1117, 
141, 1063, 922, -602, -390, 993, -444, -385, 1000, 1444, 614, 1117, 
141, 1063, 922, -602, -390, 993, -444, -385, 1000, 1444, 614, 1117, 
141, 1063, 922, -602, -390, 993, -444, -385, 1000, 1444, 619, 1117, 
141, 1063, 922, -602, -390, 993, -444, -385, 1000, 1449, 619, 1117, 
141, 1063, 922, -602, -390, 993, -444, -375, 1000, 1449, 629, 1117, 
141, 1063, 922, -602, -390, 993, -444, -375, 1000, 1444, 624, 1117, 
146, 1073, 927, -610, -390, 1000, -444, -375, 1005, 1444, 624, 1122, 
146, 1073, 927, -610, -390, 1000, -444, -375, 1010, 1449, 624, 1127, 
146, 1073, 927, -610, -390, 1000, -444, -385, 1010, 1459, 624, 1127, 
146, 1073, 927, -610, -390, 1000, -444, -380, 1010, 1459, 629, 1127, 
146, 1073, 927, -610, -390, 1000, -444, -380, 1015, 1464, 629, 1127, 
146, 1078, 932, -612, -392, 1005, -444, -375, 1015, 1464, 629, 1127, 
146, 1088, 941, -617, -397, 1015, -444, -366, 1005, 1454, 629, 1127, 
146, 1088, 941, -617, -397, 1015, -444, -366, 1005, 1454, 629, 1127, 
146, 1088, 941, -617, -397, 1015, -444, -366, 1005, 1454, 629, 1127, 
146, 1088, 941, -617, -397, 1015, -444, -370, 1005, 1454, 629, 1127, 
146, 1078, 932, -612, -392, 1005, -444, -370, 1015, 1454, 629, 1127, 
146, 1083, 936, -614, -395, 1010, -444, -370, 1019, 1454, 639, 1127, 
151, 1088, 936, -619, -392, 1012, -448, -361, 1019, 1454, 639, 1132, 
156, 1088, 932, -622, -387, 1010, -448, -361, 1019, 1454, 639, 1132, 
156, 1098, 941, -627, -392, 1019, -448, -370, 1015, 1459, 639, 1137, 
156, 1098, 941, -627, -392, 1019, -448, -370, 1015, 1464, 644, 1137, 
156, 1098, 941, -627, -392, 1019, -448, -370, 1015, 1464, 644, 1137, 
156, 1102, 946, -629, -395, 1024, -448, -366, 1015, 1464, 644, 1137, 
156, 1093, 936, -624, -390, 1015, -448, -366, 1029, 1468, 634, 1137, 
156, 1098, 941, -627, -392, 1019, -453, -370, 1029, 1468, 639, 1137, 
161, 1107, 946, -634, -392, 1027, -458, -375, 1019, 1468, 644, 1141, 
161, 1112, 951, -636, -395, 1032, -458, -375, 1019, 1468, 644, 1146, 
161, 1112, 951, -636, -395, 1032, -458, -370, 1019, 1468, 649, 1141, 
165, 1117, 951, -641, -392, 1034, -458, -366, 1024, 1468, 649, 1141, 
165, 1122, 956, -644, -395, 1039, -458, -361, 1024, 1468, 653, 1141, 
165, 1122, 956, -644, -395, 1039, -468, -356, 1029, 1478, 653, 1151, 
170, 1127, 956, -649, -392, 1041, -468, -366, 1039, 1473, 658, 1161, 
170, 1132, 961, -651, -395, 1046, -473, -366, 1039, 1478, 658, 1161, 
170, 1137, 966, -653, -397, 1051, -473, -370, 1039, 1478, 663, 1166, 
175, 1146, 971, -661, -397, 1058, -478, -370, 1039, 1478, 663, 1166, 
175, 1151, 976, -663, -400, 1063, -483, -361, 1034, 1488, 658, 1171, 
180, 1156, 976, -668, -397, 1066, -488, -361, 1034, 1488, 663, 1176, 
180, 1161, 980, -671, -400, 1071, -488, -361, 1034, 1488, 668, 1180, 
180, 1166, 985, -673, -402, 1076, -492, -361, 1039, 1498, 668, 1180, 
185, 1185, 1000, -685, -407, 1093, -507, -370, 1044, 1498, 678, 1190, 
185, 1190, 1005, -688, -409, 1098, -507, -370, 1044, 1503, 688, 1195, 
195, 1195, 1000, -695, -402, 1098, -512, -370, 1044, 1503, 688, 1200, 
195, 1200, 1005, -697, -405, 1102, -517, -375, 1039, 1503, 692, 1205, 
195, 1200, 1005, -697, -405, 1102, -522, -375, 1039, 1503, 697, 1200, 
200, 1210, 1010, -705, -405, 1110, -527, -380, 1044, 1512, 697, 1205, 
209, 1224, 1015, -717, -402, 1119, -531, -385, 1044, 1517, 702, 1210, 
209, 1224, 1015, -717, -402, 1119, -536, -385, 1044, 1517, 707, 1210, 
209, 1239, 1029, -724, -409, 1134, -541, -390, 1044, 1512, 722, 1215, 
209, 1244, 1034, -727, -412, 1139, -541, -395, 1044, 1522, 727, 1220, 
214, 1254, 1039, -734, -412, 1146, -546, -400, 1049, 1522, 732, 1224, 
214, 1259, 1044, -736, -414, 1151, -551, -400, 1049, 1522, 732, 1229, 
224, 1263, 1039, -744, -407, 1151, -556, -405, 1039, 1532, 736, 1244, 
229, 1268, 1039, -749, -405, 1154, -561, -409, 1034, 1532, 736, 1244, 
229, 1273, 1044, -751, -407, 1159, -566, -414, 1034, 1532, 736, 1249, 
229, 1283, 1054, -756, -412, 1168, -570, -419, 1034, 1537, 736, 1254, 
224, 1293, 1068, -758, -422, 1180, -575, -419, 1034, 1527, 732, 1259, 
224, 1298, 1073, -761, -424, 1185, -580, -424, 1034, 1527, 732, 1263, 
224, 1298, 1073, -761, -424, 1185, -585, -429, 1034, 1532, 736, 1263, 
224, 1302, 1078, -763, -427, 1190, -585, -434, 1034, 1532, 736, 1263, 
229, 1298, 1068, -763, -419, 1183, -590, -439, 1034, 1532, 746, 1263, 
229, 1302, 1073, -766, -422, 1188, -590, -439, 1034, 1537, 746, 1273, 
224, 1302, 1078, -763, -427, 1190, -590, -444, 1034, 1537, 746, 1273, 
224, 1302, 1078, -763, -427, 1190, -590, -448, 1029, 1527, 746, 1273, 
234, 1302, 1068, -768, -417, 1185, -595, -439, 1029, 1537, 736, 1273, 
234, 1302, 1068, -768, -417, 1185, -595, -444, 1029, 1537, 736, 1273, 
234, 1302, 1068, -768, -417, 1185, -595, -444, 1029, 1537, 736, 1273, 
234, 1302, 1068, -768, -417, 1185, -595, -448, 1029, 1537, 736, 1273, 
224, 1302, 1078, -763, -427, 1190, -595, -463, 1029, 1527, 746, 1268, 
219, 1302, 1083, -761, -431, 1193, -600, -463, 1029, 1527, 746, 1268, 
219, 1302, 1083, -761, -431, 1193, -600, -463, 1029, 1527, 746, 1268, 
219, 1302, 1083, -761, -431, 1193, -600, -463, 1034, 1532, 746, 1268, 
219, 1293, 1073, -756, -427, 1183, -595, -468, 1034, 1532, 741, 1278, 
219, 1288, 1068, -753, -424, 1178, -595, -468, 1034, 1532, 741, 1273, 
219, 1288, 1068, -753, -424, 1178, -595, -468, 1034, 1532, 741, 1268, 
219, 1283, 1063, -751, -422, 1173, -595, -468, 1034, 1532, 741, 1268, 
204, 1283, 1078, -744, -436, 1180, -595, -468, 1039, 1532, 741, 1268, 
204, 1278, 1073, -741, -434, 1176, -590, -463, 1039, 1532, 741, 1268, 
200, 1273, 1073, -736, -436, 1173, -590, -463, 1039, 1532, 736, 1268, 
200, 1268, 1068, -734, -434, 1168, -585, -463, 1044, 1537, 736, 1268, 
200, 1273, 1073, -736, -436, 1173, -575, -463, 1044, 1527, 736, 1254, 
200, 1263, 1063, -732, -431, 1163, -575, -463, 1044, 1527, 736, 1254, 
195, 1263, 1068, -729, -436, 1166, -570, -463, 1044, 1527, 732, 1254, 
195, 1263, 1068, -729, -436, 1166, -566, -463, 1054, 1527, 732, 1249, 
190, 1244, 1054, -717, -431, 1149, -566, -463, 1058, 1527, 732, 1244, 
185, 1239, 1054, -712, -434, 1146, -561, -458, 1058, 1527, 732, 1244, 
185, 1234, 1049, -710, -431, 1141, -556, -458, 1058, 1527, 732, 1239, 
185, 1229, 1044, -707, -429, 1137, -551, -458, 1058, 1527, 727, 1239, 
175, 1215, 1039, -695, -431, 1127, -536, -458, 1058, 1522, 712, 1239, 
175, 1210, 1034, -692, -429, 1122, -536, -458, 1058, 1522, 712, 1229, 
170, 1210, 1039, -690, -434, 1124, -536, -458, 1058, 1522, 712, 1224, 
170, 1210, 1039, -690, -434, 1124, -531, -458, 1058, 1522, 712, 1224, 
161, 1210, 1049, -685, -444, 1129, -527, -448, 1068, 1522, 717, 1215, 
156, 1205, 1049, -680, -446, 1127, -527, -448, 1068, 1522, 712, 1215, 
156, 1200, 1044, -678, -444, 1122, -527, -448, 1063, 1522, 712, 1215, 
156, 1195, 1039, -675, -441, 1117, -522, -448, 1063, 1522, 712, 1215, 
151, 1190, 1039, -671, -444, 1115, -517, -448, 1063, 1517, 702, 1215, 
151, 1185, 1034, -668, -441, 1110, -517, -448, 1063, 1512, 697, 1215, 
151, 1180, 1029, -666, -439, 1105, -517, -448, 1063, 1507, 697, 1215, 
146, 1180, 1034, -663, -444, 1107, -512, -448, 1063, 1507, 697, 1210, 
146, 1176, 1029, -661, -441, 1102, -522, -448, 1063, 1507, 697, 1210, 
146, 1176, 1029, -661, -441, 1102, -517, -448, 1058, 1507, 692, 1210, 
146, 1176, 1029, -661, -441, 1102, -517, -448, 1058, 1507, 692, 1210, 
141, 1176, 1034, -658, -446, 1105, -517, -448, 1058, 1503, 692, 1210, 
141, 1166, 1024, -653, -441, 1095, -517, -458, 1058, 1498, 697, 1210, 
141, 1166, 1024, -653, -441, 1095, -517, -458, 1058, 1498, 697, 1205, 
136, 1161, 1024, -649, -444, 1093, -517, -458, 1058, 1498, 692, 1205, 
136, 1161, 1024, -649, -444, 1093, -517, -458, 1058, 1498, 692, 1205, 
136, 1171, 1034, -653, -448, 1102, -512, -463, 1058, 1498, 692, 1195, 
136, 1166, 1029, -651, -446, 1098, -512, -463, 1058, 1498, 692, 1195, 
136, 1161, 1024, -649, -444, 1093, -512, -463, 1058, 1498, 692, 1195, 
136, 1161, 1024, -649, -444, 1093, -512, -463, 1058, 1498, 688, 1195, 
131, 1161, 1029, -646, -448, 1095, -512, -453, 1058, 1493, 688, 1200, 
131, 1156, 1024, -644, -446, 1090, -512, -453, 1058, 1493, 688, 1200, 
131, 1156, 1024, -644, -446, 1090, -507, -453, 1058, 1493, 688, 1200, 
131, 1156, 1024, -644, -446, 1090, -507, -453, 1058, 1493, 683, 1200, 
131, 1156, 1024, -644, -446, 1090, -497, -463, 1058, 1503, 683, 1210, 
131, 1156, 1024, -644, -446, 1090, -497, -458, 1058, 1503, 683, 1210, 
126, 1151, 1024, -639, -448, 1088, -497, -458, 1063, 1498, 683, 1205, 
126, 1151, 1024, -639, -448, 1088, -497, -458, 1063, 1498, 683, 1205, 
117, 1141, 1024, -629, -453, 1083, -507, -458, 1063, 1493, 683, 1195, 
117, 1141, 1024, -629, -453, 1083, -502, -458, 1063, 1493, 683, 1200, 
117, 1146, 1029, -631, -456, 1088, -502, -458, 1058, 1493, 678, 1200, 
117, 1146, 1029, -631, -456, 1088, -502, -458, 1058, 1493, 678, 1200, 
112, 1146, 1034, -629, -461, 1090, -492, -468, 1058, 1493, 678, 1200, 
112, 1146, 1034, -629, -461, 1090, -497, -468, 1058, 1493, 678, 1200, 
112, 1146, 1034, -629, -461, 1090, -497, -468, 1063, 1493, 678, 1200, 
112, 1146, 1034, -629, -461, 1090, -497, -468, 1063, 1493, 683, 1200, 
112, 1151, 1039, -631, -463, 1095, -497, -458, 1063, 1493, 683, 1200, 
112, 1151, 1039, -631, -463, 1095, -497, -458, 1063, 1498, 683, 1205, 
112, 1146, 1034, -629, -461, 1090, -497, -458, 1063, 1498, 683, 1205, 
112, 1146, 1034, -629, -461, 1090, -497, -458, 1063, 1498, 688, 1205, 
107, 1151, 1044, -629, -468, 1098, -492, -458, 1063, 1507, 688, 1205, 
107, 1151, 1044, -629, -468, 1098, -492, -458, 1063, 1507, 688, 1205, 
107, 1151, 1044, -629, -468, 1098, -492, -458, 1063, 1507, 688, 1205, 
107, 1151, 1044, -629, -468, 1098, -492, -458, 1068, 1507, 688, 1205, 
107, 1151, 1044, -629, -468, 1098, -492, -458, 1068, 1507, 688, 1215, 
107, 1151, 1044, -629, -468, 1098, -492, -458, 1073, 1507, 688, 1215, 
112, 1151, 1039, -631, -463, 1095, -497, -458, 1073, 1507, 688, 1215, 
112, 1151, 1039, -631, -463, 1095, -497, -458, 1068, 1507, 692, 1215, 
112, 1151, 1039, -631, -463, 1095, -497, -458, 1068, 1507, 692, 1215, 
112, 1151, 1039, -631, -463, 1095, -497, -458, 1073, 1507, 692, 1215, 
112, 1161, 1049, -636, -468, 1105, -497, -458, 1078, 1507, 692, 1215, 
112, 1161, 1049, -636, -468, 1105, -497, -458, 1078, 1512, 692, 1220, 
112, 1161, 1049, -636, -468, 1105, -497, -463, 1073, 1512, 692, 1210, 
112, 1161, 1049, -636, -468, 1105, -497, -463, 1073, 1512, 692, 1210, 
112, 1161, 1049, -636, -468, 1105, -502, -463, 1078, 1517, 692, 1210, 
112, 1166, 1054, -639, -470, 1110, -502, -463, 1078, 1522, 692, 1215, 
112, 1161, 1049, -636, -468, 1105, -502, -463, 1088, 1522, 707, 1220, 
112, 1161, 1049, -636, -468, 1105, -502, -463, 1088, 1522, 707, 1220, 
112, 1161, 1049, -636, -468, 1105, -502, -463, 1088, 1522, 707, 1220, 
112, 1166, 1054, -639, -470, 1110, -502, -463, 1088, 1522, 707, 1220, 
112, 1176, 1063, -644, -475, 1119, -512, -463, 1078, 1512, 707, 1229, 
117, 1176, 1058, -646, -470, 1117, -512, -463, 1078, 1517, 707, 1234, 
117, 1176, 1058, -646, -470, 1117, -512, -463, 1078, 1517, 707, 1239, 
117, 1176, 1058, -646, -470, 1117, -512, -463, 1078, 1517, 707, 1239, 
117, 1166, 1049, -641, -466, 1107, -512, -463, 1078, 1527, 707, 1229, 
117, 1171, 1054, -644, -468, 1112, -512, -463, 1078, 1527, 712, 1229, 
117, 1176, 1058, -646, -470, 1117, -517, -463, 1078, 1532, 717, 1229, 
117, 1176, 1058, -646, -470, 1117, -517, -463, 1078, 1532, 717, 1229, 
117, 1180, 1063, -649, -473, 1122, -507, -453, 1088, 1532, 717, 1239, 
122, 1180, 1058, -651, -468, 1119, -512, -453, 1088, 1527, 712, 1239, 
122, 1180, 1058, -651, -468, 1119, -512, -453, 1088, 1527, 712, 1239, 
122, 1180, 1058, -651, -468, 1119, -512, -453, 1088, 1527, 717, 1239, 
131, 1180, 1049, -656, -458, 1115, -512, -463, 1078, 1532, 717, 1234, 
131, 1180, 1049, -656, -458, 1115, -512, -463, 1083, 1532, 722, 1234, 
131, 1185, 1054, -658, -461, 1119, -517, -463, 1088, 1532, 722, 1234, 
131, 1185, 1054, -658, -461, 1119, -517, -463, 1088, 1532, 717, 1234, 
131, 1180, 1049, -656, -458, 1115, -522, -463, 1078, 1532, 717, 1244, 
136, 1180, 1044, -658, -453, 1112, -522, -463, 1078, 1532, 717, 1249, 
136, 1180, 1044, -658, -453, 1112, -522, -463, 1078, 1537, 717, 1249, 
136, 1180, 1044, -658, -453, 1112, -522, -463, 1078, 1537, 722, 1249, 
136, 1185, 1049, -661, -456, 1117, -512, -463, 1088, 1537, 722, 1239, 
141, 1185, 1044, -663, -451, 1115, -517, -463, 1088, 1537, 722, 1239, 
141, 1185, 1044, -663, -451, 1115, -517, -463, 1083, 1537, 722, 1239, 
141, 1185, 1044, -663, -451, 1115, -517, -463, 1083, 1537, 722, 1239, 
141, 1185, 1044, -663, -451, 1115, -527, -463, 1083, 1537, 722, 1239, 
141, 1185, 1044, -663, -451, 1115, -527, -463, 1083, 1537, 722, 1244, 
136, 1185, 1049, -661, -456, 1117, -527, -463, 1083, 1537, 722, 1244, 
136, 1185, 1049, -661, -456, 1117, -527, -463, 1083, 1532, 722, 1244, 
136, 1185, 1049, -661, -456, 1117, -531, -468, 1083, 1532, 722, 1244, 
136, 1185, 1049, -661, -456, 1117, -531, -468, 1083, 1532, 722, 1239, 
136, 1180, 1044, -658, -453, 1112, -531, -463, 1083, 1537, 722, 1239, 
136, 1180, 1044, -658, -453, 1112, -531, -463, 1083, 1537, 722, 1239, 
126, 1180, 1054, -653, -463, 1117, -531, -468, 1083, 1527, 727, 1249, 
131, 1180, 1049, -656, -458, 1115, -531, -468, 1083, 1527, 727, 1249, 
131, 1180, 1049, -656, -458, 1115, -527, -468, 1083, 1527, 727, 1249, 
131, 1180, 1049, -656, -458, 1115, -527, -463, 1083, 1527, 727, 1249, 
131, 1180, 1049, -656, -458, 1115, -527, -463, 1083, 1537, 722, 1249, 
131, 1180, 1049, -656, -458, 1115, -527, -473, 1083, 1537, 722, 1249, 
131, 1180, 1049, -656, -458, 1115, -527, -473, 1073, 1537, 722, 1249, 
131, 1180, 1049, -656, -458, 1115, -527, -473, 1073, 1537, 722, 1249, 
131, 1180, 1049, -656, -458, 1115, -527, -463, 1073, 1537, 722, 1249, 
131, 1180, 1049, -656, -458, 1115, -527, -468, 1073, 1532, 722, 1249, 
131, 1180, 1049, -656, -458, 1115, -531, -468, 1068, 1532, 722, 1249, 
131, 1180, 1049, -656, -458, 1115, -531, -473, 1068, 1537, 722, 1249, 
131, 1180, 1049, -656, -458, 1115, -531, -473, 1078, 1537, 722, 1249, 
131, 1180, 1049, -656, -458, 1115, -531, -473, 1078, 1537, 722, 1249, 
131, 1180, 1049, -656, -458, 1115, -531, -473, 1078, 1537, 722, 1249, 
131, 1180, 1049, -656, -458, 1115, -536, -473, 1078, 1537, 722, 1249, 
131, 1190, 1058, -661, -463, 1124, -527, -473, 1068, 1537, 722, 1249, 
131, 1190, 1058, -661, -463, 1124, -527, -473, 1068, 1532, 722, 1249, 
131, 1190, 1058, -661, -463, 1124, -522, -473, 1063, 1532, 722, 1249, 
131, 1190, 1058, -661, -463, 1124, -522, -473, 1063, 1532, 722, 1249, 
126, 1185, 1058, -656, -466, 1122, -527, -473, 1063, 1532, 722, 1249, 
126, 1180, 1054, -653, -463, 1117, -527, -478, 1063, 1537, 722, 1249, 
126, 1176, 1049, -651, -461, 1112, -527, -478, 1063, 1537, 722, 1249, 
126, 1171, 1044, -649, -458, 1107, -522, -478, 1063, 1537, 722, 1249, 
126, 1180, 1054, -653, -463, 1117, -531, -478, 1063, 1537, 722, 1244, 
126, 1180, 1054, -653, -463, 1117, -531, -478, 1063, 1532, 722, 1244, 
126, 1180, 1054, -653, -463, 1117, -531, -478, 1063, 1532, 722, 1239, 
126, 1180, 1054, -653, -463, 1117, -531, -478, 1063, 1532, 722, 1239, 
126, 1180, 1054, -653, -463, 1117, -531, -483, 1073, 1537, 722, 1249, 
126, 1180, 1054, -653, -463, 1117, -531, -483, 1073, 1537, 722, 1254, 
126, 1180, 1054, -653, -463, 1117, -531, -488, 1073, 1542, 722, 1254, 
126, 1180, 1054, -653, -463, 1117, -531, -488, 1073, 1542, 722, 1254, 
117, 1180, 1063, -649, -473, 1122, -531, -478, 1073, 1542, 722, 1259, 
117, 1180, 1063, -649, -473, 1122, -531, -478, 1073, 1542, 722, 1259, 
122, 1180, 1058, -651, -468, 1119, -531, -478, 1073, 1542, 722, 1259, 
122, 1180, 1058, -651, -468, 1119, -531, -478, 1073, 1542, 727, 1259, 
122, 1180, 1058, -651, -468, 1119, -531, -478, 1073, 1542, 736, 1259, 
117, 1180, 1063, -649, -473, 1122, -531, -478, 1073, 1542, 732, 1259, 
117, 1180, 1063, -649, -473, 1122, -531, -483, 1073, 1542, 732, 1259, 
122, 1180, 1058, -651, -468, 1119, -531, -483, 1073, 1542, 732, 1259, 
122, 1180, 1058, -651, -468, 1119, -541, -483, 1073, 1542, 722, 1259, 
122, 1180, 1058, -651, -468, 1119, -541, -483, 1078, 1542, 727, 1263, 
122, 1180, 1058, -651, -468, 1119, -541, -483, 1078, 1542, 727, 1263, 
122, 1185, 1063, -653, -470, 1124, -536, -483, 1078, 1542, 732, 1268, 
117, 1185, 1068, -651, -475, 1127, -536, -483, 1068, 1537, 722, 1259, 
117, 1185, 1068, -651, -475, 1127, -536, -488, 1068, 1542, 722, 1259, 
122, 1185, 1063, -653, -470, 1124, -541, -488, 1068, 1542, 722, 1259, 
122, 1185, 1063, -653, -470, 1124, -541, -488, 1068, 1542, 717, 1259, 
122, 1185, 1063, -653, -470, 1124, -531, -483, 1068, 1542, 717, 1259, 
117, 1185, 1068, -651, -475, 1127, -536, -483, 1068, 1542, 722, 1259, 
117, 1185, 1068, -651, -475, 1127, -536, -488, 1068, 1542, 727, 1259, 
117, 1185, 1068, -651, -475, 1127, -536, -488, 1068, 1542, 727, 1259, 
117, 1176, 1058, -646, -470, 1117, -536, -488, 1073, 1542, 717, 1263, 
117, 1180, 1063, -649, -473, 1122, -536, -488, 1073, 1542, 717, 1263, 
117, 1185, 1068, -651, -475, 1127, -541, -488, 1073, 1546, 717, 1263, 
126, 1190, 1063, -658, -468, 1127, -541, -488, 1073, 1551, 722, 1268, 
126, 1180, 1054, -653, -463, 1117, -541, -488, 1073, 1551, 732, 1259, 
122, 1180, 1058, -651, -468, 1119, -541, -488, 1078, 1551, 732, 1259, 
122, 1180, 1058, -651, -468, 1119, -541, -488, 1078, 1556, 732, 1263, 
122, 1180, 1058, -651, -468, 1119, -541, -488, 1078, 1556, 736, 1263, 
117, 1190, 1073, -653, -478, 1132, -531, -483, 1088, 1556, 736, 1273, 
126, 1200, 1073, -663, -473, 1137, -536, -483, 1088, 1561, 736, 1273, 
126, 1200, 1073, -663, -473, 1137, -536, -483, 1088, 1571, 736, 1273, 
126, 1210, 1083, -668, -478, 1146, -541, -488, 1088, 1566, 741, 1273, 
126, 1210, 1083, -668, -478, 1146, -536, -488, 1102, 1571, 751, 1278, 
126, 1215, 1088, -671, -480, 1151, -546, -488, 1112, 1581, 761, 1288, 
126, 1220, 1093, -673, -483, 1156, -546, -488, 1112, 1581, 761, 1288, 
126, 1224, 1098, -675, -485, 1161, -546, -488, 1112, 1581, 761, 1288, 
126, 1229, 1102, -678, -488, 1166, -546, -488, 1112, 1581, 761, 1288, 
136, 1239, 1102, -688, -483, 1171, -556, -492, 1127, 1586, 771, 1293, 
136, 1244, 1107, -690, -485, 1176, -556, -492, 1132, 1590, 771, 1298, 
136, 1249, 1112, -692, -488, 1180, -556, -492, 1137, 1595, 775, 1302, 
136, 1254, 1117, -695, -490, 1185, -556, -492, 1141, 1600, 780, 1312, 
136, 1259, 1122, -697, -492, 1190, -561, -492, 1146, 1600, 775, 1312, 
141, 1263, 1122, -702, -490, 1193, -566, -492, 1151, 1605, 780, 1312, 
146, 1268, 1122, -707, -488, 1195, -570, -492, 1151, 1610, 785, 1312, 
146, 1268, 1122, -707, -488, 1195, -575, -492, 1151, 1615, 785, 1312, 
146, 1283, 1137, -714, -495, 1210, -580, -492, 1151, 1625, 795, 1327, 
146, 1283, 1137, -714, -495, 1210, -585, -492, 1146, 1625, 795, 1327, 
146, 1283, 1137, -714, -495, 1210, -585, -492, 1146, 1625, 795, 1327, 
151, 1288, 1137, -719, -492, 1212, -585, -492, 1146, 1625, 795, 1327, 
161, 1278, 1117, -719, -478, 1198, -600, -497, 1141, 1615, 795, 1327, 
161, 1278, 1117, -719, -478, 1198, -610, -507, 1141, 1610, 795, 1332, 
161, 1273, 1112, -717, -475, 1193, -614, -512, 1132, 1605, 795, 1332, 
161, 1273, 1112, -717, -475, 1193, -614, -512, 1122, 1605, 790, 1322, 
161, 1249, 1088, -705, -463, 1168, -610, -512, 1117, 1595, 780, 1312, 
151, 1249, 1098, -700, -473, 1173, -605, -512, 1107, 1590, 771, 1312, 
151, 1239, 1088, -695, -468, 1163, -600, -517, 1102, 1590, 771, 1312, 
151, 1249, 1098, -700, -473, 1173, -600, -522, 1102, 1590, 771, 1312, 
151, 1259, 1107, -705, -478, 1183, -600, -531, 1098, 1581, 775, 1312, 
146, 1254, 1107, -700, -480, 1180, -600, -531, 1093, 1581, 771, 1312, 
146, 1244, 1098, -695, -475, 1171, -600, -531, 1093, 1581, 771, 1312, 
146, 1244, 1098, -695, -475, 1171, -600, -531, 1098, 1581, 771, 1312, 
146, 1244, 1098, -695, -475, 1171, -590, -527, 1098, 1581, 771, 1312, 
146, 1244, 1098, -695, -475, 1171, -585, -527, 1098, 1576, 775, 1312, 
146, 1249, 1102, -697, -478, 1176, -585, -522, 1093, 1576, 775, 1312, 
146, 1249, 1102, -697, -478, 1176, -585, -522, 1093, 1576, 775, 1312, 
146, 1249, 1102, -697, -478, 1176, -590, -522, 1093, 1576, 771, 1312, 
146, 1239, 1093, -692, -473, 1166, -585, -522, 1093, 1576, 771, 1312, 
146, 1239, 1093, -692, -473, 1166, -585, -522, 1093, 1576, 766, 1312, 
141, 1239, 1098, -690, -478, 1168, -585, -522, 1088, 1576, 766, 1312, 
136, 1229, 1093, -683, -478, 1161, -570, -512, 1098, 1576, 766, 1312, 
126, 1220, 1093, -673, -483, 1156, -561, -512, 1098, 1576, 766, 1307, 
126, 1215, 1088, -671, -480, 1151, -561, -512, 1088, 1566, 761, 1298, 
122, 1200, 1078, -661, -478, 1139, -556, -507, 1088, 1561, 751, 1293, 
107, 1195, 1088, -651, -490, 1141, -551, -507, 1093, 1556, 751, 1298, 
92, 1185, 1093, -639, -500, 1139, -541, -507, 1093, 1556, 746, 1288, 
92, 1185, 1093, -639, -500, 1139, -541, -507, 1093, 1556, 746, 1288, 
92, 1190, 1098, -641, -502, 1144, -541, -507, 1093, 1556, 746, 1288, 
87, 1190, 1102, -639, -507, 1146, -551, -517, 1088, 1551, 746, 1293, 
87, 1190, 1102, -639, -507, 1146, -546, -517, 1088, 1551, 746, 1293, 
87, 1190, 1102, -639, -507, 1146, -546, -517, 1088, 1551, 746, 1293, 
87, 1180, 1093, -634, -502, 1137, -546, -522, 1083, 1551, 746, 1293, 
92, 1180, 1088, -636, -497, 1134, -546, -512, 1083, 1561, 756, 1283, 
92, 1180, 1088, -636, -497, 1134, -546, -507, 1083, 1556, 756, 1278, 
92, 1180, 1088, -636, -497, 1134, -546, -507, 1083, 1551, 746, 1278, 
92, 1180, 1088, -636, -497, 1134, -546, -507, 1083, 1551, 746, 1273, 
92, 1180, 1088, -636, -497, 1134, -546, -507, 1083, 1546, 746, 1273, 
92, 1180, 1088, -636, -497, 1134, -546, -507, 1083, 1546, 746, 1273, 
92, 1176, 1083, -634, -495, 1129, -546, -502, 1083, 1542, 746, 1273, 
92, 1176, 1083, -634, -495, 1129, -541, -502, 1083, 1542, 746, 1278, 
92, 1176, 1083, -634, -495, 1129, -541, -502, 1088, 1542, 746, 1278, 
92, 1176, 1083, -634, -495, 1129, -541, -502, 1088, 1546, 746, 1278, 
92, 1180, 1088, -636, -497, 1134, -546, -502, 1093, 1546, 746, 1278, 
92, 1180, 1088, -636, -497, 1134, -546, -502, 1093, 1546, 746, 1283, 
92, 1180, 1088, -636, -497, 1134, -546, -502, 1093, 1546, 746, 1283, 
92, 1185, 1093, -639, -500, 1139, -541, -502, 1098, 1551, 746, 1283, 
92, 1185, 1093, -639, -500, 1139, -541, -502, 1098, 1551, 751, 1283, 
92, 1185, 1093, -639, -500, 1139, -541, -502, 1098, 1551, 751, 1283, 
82, 1185, 1102, -634, -509, 1144, -531, -502, 1098, 1551, 756, 1283, 
82, 1185, 1102, -634, -509, 1144, -536, -502, 1098, 1551, 756, 1283, 
82, 1185, 1102, -634, -509, 1144, -536, -502, 1098, 1551, 756, 1283, 
82, 1185, 1102, -634, -509, 1144, -536, -502, 1098, 1551, 756, 1283, 
82, 1185, 1102, -634, -509, 1144, -536, -502, 1107, 1561, 761, 1293, 
82, 1185, 1102, -634, -509, 1144, -531, -502, 1107, 1561, 761, 1293, 
82, 1185, 1102, -634, -509, 1144, -531, -502, 1107, 1561, 761, 1293, 
82, 1185, 1102, -634, -509, 1144, -531, -502, 1107, 1561, 756, 1293, 
82, 1185, 1102, -634, -509, 1144, -531, -502, 1107, 1561, 766, 1293, 
82, 1185, 1102, -634, -509, 1144, -531, -502, 1107, 1561, 766, 1293, 
82, 1185, 1102, -634, -509, 1144, -531, -502, 1107, 1561, 771, 1293, 
82, 1185, 1102, -634, -509, 1144, -531, -502, 1107, 1561, 771, 1293, 
92, 1185, 1093, -639, -500, 1139, -531, -502, 1107, 1566, 761, 1293, 
92, 1185, 1093, -639, -500, 1139, -531, -502, 1107, 1566, 761, 1298, 
92, 1190, 1098, -641, -502, 1144, -531, -502, 1112, 1566, 761, 1298, 
92, 1190, 1098, -641, -502, 1144, -536, -507, 1112, 1566, 761, 1298, 
92, 1200, 1107, -646, -507, 1154, -546, -507, 1112, 1566, 761, 1298, 
92, 1200, 1107, -646, -507, 1154, -541, -507, 1112, 1566, 761, 1298, 
92, 1200, 1107, -646, -507, 1154, -541, -502, 1112, 1566, 761, 1298, 
97, 1195, 1098, -646, -500, 1146, -541, -502, 1107, 1566, 761, 1298, 
97, 1195, 1098, -646, -500, 1146, -541, -502, 1107, 1561, 771, 1298, 
102, 1180, 1078, -641, -488, 1129, -531, -488, 1107, 1551, 756, 1283, 
107, 1171, 1063, -639, -478, 1117, -536, -478, 1098, 1546, 741, 1283, 
126, 1180, 1054, -653, -463, 1117, -531, -458, 1098, 1546, 741, 1283, 
131, 1176, 1044, -653, -456, 1110, -522, -424, 1117, 1561, 746, 1283, 
136, 1185, 1049, -661, -456, 1117, -492, -356, 1156, 1586, 771, 1283, 
161, 1220, 1058, -690, -448, 1139, -468, -268, 1234, 1644, 810, 1298, 
209, 1278, 1068, -744, -429, 1173, -453, -190, 1293, 1712, 883, 1332, 
273, 1332, 1058, -802, -392, 1195, -453, -107, 1337, 1771, 956, 1361, 
361, 1400, 1039, -880, -339, 1220, -458, -4, 1400, 1854, 1049, 1400, 
439, 1488, 1049, -963, -305, 1268, -458, 87, 1488, 1956, 1151, 1444, 
512, 1590, 1078, -1051, -283, 1334, -488, 131, 1561, 2059, 1268, 1493, 
570, 1712, 1141, -1141, -285, 1427, -546, 112, 1610, 2147, 1371, 1576, 
624, 1844, 1220, -1234, -297, 1532, -624, 43, 1625, 2225, 1473, 1664, 
663, 1986, 1322, -1324, -329, 1654, -702, -43, 1610, 2274, 1566, 1761, 
673, 2059, 1385, -1366, -356, 1722, -746, -141, 1551, 2254, 1581, 1830, 
639, 2064, 1424, -1351, -392, 1744, -771, -283, 1439, 2147, 1512, 1859, 
561, 2044, 1483, -1302, -461, 1764, -819, -483, 1322, 2039, 1429, 1883, 
439, 2020, 1581, -1229, -570, 1800, -878, -732, 1210, 1956, 1351, 1903, 
278, 1942, 1664, -1110, -692, 1803, -951, -1019, 1054, 1830, 1229, 1893, 
136, 1849, 1712, -993, -788, 1781, -1024, -1307, 854, 1668, 1088, 1864, 
58, 1747, 1688, -902, -814, 1717, -1078, -1507, 673, 1522, 951, 1820, 
19, 1634, 1615, -827, -797, 1625, -1093, -1561, 561, 1420, 839, 1751, 
-4, 1556, 1561, -775, -783, 1559, -1054, -1512, 556, 1371, 761, 1693, 
-24, 1503, 1527, -739, -775, 1515, -1005, -1420, 614, 1381, 741, 1649, 
-24, 1473, 1498, -724, -761, 1485, -956, -1298, 673, 1410, 741, 1605, 
0, 1444, 1444, -722, -722, 1444, -907, -1171, 727, 1420, 736, 1566, 
4, 1395, 1390, -700, -692, 1393, -844, -1049, 780, 1429, 736, 1527, 
14, 1361, 1346, -688, -666, 1354, -795, -966, 839, 1464, 746, 1488, 
24, 1342, 1317, -683, -646, 1329, -756, -873, 907, 1488, 761, 1468, 
39, 1317, 1278, -678, -619, 1298, -707, -800, 966, 1512, 761, 1444, 
48, 1293, 1244, -671, -597, 1268, -673, -746, 995, 1522, 761, 1415, 
58, 1268, 1210, -663, -575, 1239, -639, -692, 1010, 1532, 751, 1395, 
63, 1239, 1176, -651, -556, 1207, -610, -639, 1044, 1546, 756, 1371, 
68, 1229, 1161, -649, -546, 1195, -580, -590, 1058, 1546, 761, 1351, 
73, 1220, 1146, -646, -536, 1183, -566, -566, 1063, 1551, 761, 1342, 
73, 1205, 1132, -639, -529, 1168, -556, -541, 1073, 1556, 756, 1337, 
73, 1205, 1132, -639, -529, 1168, -551, -522, 1083, 1556, 766, 1332, 
82, 1205, 1122, -644, -519, 1163, -546, -512, 1083, 1566, 761, 1337, 
82, 1205, 1122, -644, -519, 1163, -546, -512, 1098, 1571, 766, 1337, 
73, 1200, 1127, -636, -527, 1163, -546, -507, 1117, 1581, 775, 1332, 
78, 1200, 1122, -639, -522, 1161, -536, -507, 1132, 1581, 775, 1332, 
78, 1200, 1122, -639, -522, 1161, -531, -502, 1132, 1586, 775, 1327, 
78, 1200, 1122, -639, -522, 1161, -527, -502, 1132, 1586, 775, 1322, 
73, 1195, 1122, -634, -524, 1159, -527, -497, 1122, 1586, 775, 1322, 
73, 1195, 1122, -634, -524, 1159, -527, -497, 1117, 1581, 775, 1322, 
78, 1190, 1112, -634, -517, 1151, -527, -497, 1117, 1581, 771, 1317, 
82, 1190, 1107, -636, -512, 1149, -522, -492, 1122, 1581, 771, 1317, 
73, 1190, 1117, -631, -522, 1154, -531, -488, 1117, 1576, 771, 1317, 
73, 1190, 1117, -631, -522, 1154, -531, -488, 1117, 1576, 771, 1317, 
78, 1190, 1112, -634, -517, 1151, -531, -483, 1122, 1576, 771, 1317, 
78, 1195, 1117, -636, -519, 1156, -531, -478, 1127, 1581, 775, 1322, 
78, 1205, 1127, -641, -524, 1166, -531, -478, 1137, 1590, 785, 1322, 
78, 1205, 1127, -641, -524, 1166, -536, -478, 1137, 1590, 785, 1322, 
78, 1205, 1127, -641, -524, 1166, -536, -478, 1137, 1590, 785, 1322, 
78, 1205, 1127, -641, -524, 1166, -536, -478, 1141, 1590, 785, 1322, 
87, 1205, 1117, -646, -514, 1161, -527, -473, 1137, 1581, 785, 1332, 
87, 1205, 1117, -646, -514, 1161, -527, -473, 1137, 1581, 785, 1332, 
87, 1205, 1117, -646, -514, 1161, -527, -473, 1137, 1581, 785, 1332, 
87, 1205, 1117, -646, -514, 1161, -527, -473, 1137, 1586, 785, 1332, 
78, 1205, 1127, -641, -524, 1166, -527, -473, 1141, 1595, 785, 1332, 
82, 1205, 1122, -644, -519, 1163, -527, -473, 1141, 1595, 790, 1332, 
82, 1205, 1122, -644, -519, 1163, -527, -473, 1141, 1600, 795, 1337, 
82, 1205, 1122, -644, -519, 1163, -527, -473, 1141, 1600, 795, 1337, 
82, 1210, 1127, -646, -522, 1168, -531, -473, 1151, 1600, 795, 1337, 
82, 1210, 1127, -646, -522, 1168, -531, -473, 1151, 1600, 800, 1337, 
82, 1210, 1127, -646, -522, 1168, -531, -468, 1151, 1600, 800, 1337, 
87, 1220, 1132, -653, -522, 1176, -531, -468, 1151, 1605, 800, 1337, 
87, 1220, 1132, -653, -522, 1176, -531, -478, 1146, 1595, 795, 1346, 
87, 1220, 1132, -653, -522, 1176, -531, -478, 1146, 1595, 795, 1346, 
87, 1220, 1132, -653, -522, 1176, -531, -478, 1146, 1590, 795, 1346, 
87, 1220, 1132, -653, -522, 1176, -531, -478, 1146, 1590, 795, 1346, 
97, 1215, 1117, -656, -509, 1166, -541, -478, 1146, 1595, 805, 1337, 
97, 1215, 1117, -656, -509, 1166, -541, -478, 1146, 1600, 805, 1342, 
97, 1215, 1117, -656, -509, 1166, -541, -478, 1146, 1600, 805, 1342, 
97, 1220, 1122, -658, -512, 1171, -541, -478, 1146, 1600, 800, 1342, 
87, 1229, 1141, -658, -527, 1185, -541, -473, 1141, 1610, 800, 1351, 
87, 1224, 1137, -656, -524, 1180, -541, -473, 1141, 1610, 800, 1351, 
87, 1224, 1137, -656, -524, 1180, -541, -473, 1141, 1610, 800, 1351, 
92, 1229, 1137, -661, -522, 1183, -541, -473, 1146, 1610, 800, 1351, 
92, 1220, 1127, -656, -517, 1173, -541, -463, 1146, 1610, 800, 1351, 
92, 1220, 1127, -656, -517, 1173, -541, -463, 1146, 1610, 800, 1351, 
92, 1220, 1127, -656, -517, 1173, -541, -463, 1146, 1610, 805, 1351, 
92, 1220, 1127, -656, -517, 1173, -541, -463, 1146, 1615, 805, 1351, 
92, 1229, 1137, -661, -522, 1183, -541, -463, 1156, 1625, 814, 1351, 
92, 1229, 1137, -661, -522, 1183, -541, -463, 1156, 1620, 810, 1351, 
97, 1239, 1141, -668, -522, 1190, -541, -463, 1161, 1620, 810, 1356, 
97, 1239, 1141, -668, -522, 1190, -541, -463, 1166, 1625, 810, 1361, 
97, 1229, 1132, -663, -517, 1180, -541, -463, 1156, 1625, 810, 1361, 
97, 1229, 1132, -663, -517, 1180, -541, -458, 1156, 1625, 814, 1361, 
97, 1229, 1132, -663, -517, 1180, -541, -458, 1161, 1629, 814, 1361, 
97, 1234, 1137, -666, -519, 1185, -541, -453, 1161, 1629, 814, 1361, 
107, 1244, 1137, -675, -514, 1190, -541, -453, 1161, 1629, 805, 1361, 
107, 1244, 1137, -675, -514, 1190, -541, -453, 1161, 1629, 805, 1361, 
107, 1244, 1137, -675, -514, 1190, -541, -453, 1161, 1629, 805, 1361, 
107, 1244, 1137, -675, -514, 1190, -541, -458, 1161, 1629, 805, 1361, 
97, 1234, 1137, -666, -519, 1185, -541, -458, 1161, 1629, 805, 1361, 
97, 1239, 1141, -668, -522, 1190, -541, -458, 1166, 1629, 814, 1361, 
102, 1244, 1141, -673, -519, 1193, -546, -448, 1166, 1629, 814, 1366, 
107, 1244, 1137, -675, -514, 1190, -546, -448, 1166, 1629, 814, 1366, 
107, 1254, 1146, -680, -519, 1200, -556, -458, 1171, 1634, 805, 1371, 
107, 1254, 1146, -680, -519, 1200, -556, -458, 1171, 1639, 810, 1371, 
107, 1254, 1146, -680, -519, 1200, -556, -458, 1171, 1639, 810, 1371, 
107, 1259, 1151, -683, -522, 1205, -556, -453, 1171, 1639, 810, 1371, 
107, 1249, 1141, -678, -517, 1195, -556, -444, 1176, 1644, 810, 1371, 
107, 1254, 1146, -680, -519, 1200, -561, -448, 1176, 1644, 814, 1371, 
112, 1263, 1151, -688, -519, 1207, -566, -453, 1166, 1644, 819, 1376, 
112, 1268, 1156, -690, -522, 1212, -566, -453, 1166, 1644, 819, 1381, 
112, 1268, 1156, -690, -522, 1212, -556, -444, 1176, 1654, 834, 1376, 
117, 1273, 1156, -695, -519, 1215, -556, -444, 1180, 1654, 834, 1376, 
117, 1278, 1161, -697, -522, 1220, -556, -444, 1180, 1654, 839, 1376, 
117, 1278, 1161, -697, -522, 1220, -566, -444, 1185, 1664, 839, 1385, 
122, 1293, 1171, -707, -524, 1232, -566, -444, 1185, 1668, 844, 1395, 
122, 1298, 1176, -710, -527, 1237, -570, -444, 1185, 1673, 844, 1395, 
122, 1302, 1180, -712, -529, 1241, -570, -448, 1185, 1673, 849, 1400, 
126, 1312, 1185, -719, -529, 1249, -575, -448, 1185, 1673, 849, 1400, 
126, 1317, 1190, -722, -531, 1254, -580, -448, 1190, 1673, 854, 1405, 
131, 1322, 1190, -727, -529, 1256, -585, -448, 1190, 1673, 858, 1410, 
131, 1327, 1195, -729, -531, 1261, -585, -448, 1190, 1673, 863, 1415, 
131, 1332, 1200, -732, -534, 1266, -590, -448, 1195, 1683, 863, 1415, 
136, 1342, 1205, -739, -534, 1273, -595, -448, 1200, 1693, 863, 1415, 
136, 1346, 1210, -741, -536, 1278, -595, -448, 1200, 1698, 873, 1420, 
146, 1351, 1205, -749, -529, 1278, -600, -448, 1200, 1698, 873, 1424, 
146, 1356, 1210, -751, -531, 1283, -605, -453, 1195, 1698, 878, 1429, 
146, 1356, 1210, -751, -531, 1283, -610, -463, 1195, 1698, 883, 1434, 
151, 1366, 1215, -758, -531, 1290, -614, -468, 1200, 1708, 883, 1439, 
161, 1381, 1220, -771, -529, 1300, -619, -473, 1200, 1712, 888, 1444, 
161, 1381, 1220, -771, -529, 1300, -624, -473, 1200, 1712, 893, 1444, 
161, 1395, 1234, -778, -536, 1315, -629, -468, 1190, 1708, 907, 1449, 
161, 1400, 1239, -780, -539, 1320, -629, -473, 1190, 1717, 912, 1454, 
165, 1410, 1244, -788, -539, 1327, -634, -478, 1195, 1717, 917, 1459, 
165, 1415, 1249, -790, -541, 1332, -639, -478, 1195, 1717, 917, 1464, 
165, 1420, 1254, -793, -544, 1337, -653, -483, 1205, 1717, 922, 1478, 
170, 1424, 1254, -797, -541, 1339, -658, -488, 1200, 1717, 922, 1478, 
170, 1429, 1259, -800, -544, 1344, -663, -492, 1200, 1717, 922, 1483, 
170, 1439, 1268, -805, -549, 1354, -668, -497, 1200, 1722, 922, 1488, 
175, 1439, 1263, -807, -544, 1351, -663, -497, 1200, 1732, 927, 1483, 
175, 1444, 1268, -810, -546, 1356, -668, -502, 1200, 1732, 927, 1488, 
175, 1444, 1268, -810, -546, 1356, -673, -507, 1200, 1737, 932, 1488, 
175, 1449, 1273, -812, -549, 1361, -673, -512, 1200, 1737, 932, 1488, 
180, 1444, 1263, -812, -541, 1354, -678, -517, 1190, 1727, 932, 1478, 
180, 1449, 1268, -814, -544, 1359, -678, -517, 1190, 1732, 932, 1488, 
175, 1449, 1273, -812, -549, 1361, -678, -522, 1190, 1732, 932, 1488, 
175, 1449, 1273, -812, -549, 1361, -678, -527, 1185, 1722, 932, 1488, 
175, 1459, 1283, -817, -553, 1371, -683, -527, 1185, 1722, 932, 1488, 
175, 1459, 1283, -817, -553, 1371, -683, -531, 1185, 1722, 932, 1488, 
175, 1459, 1283, -817, -553, 1371, -683, -531, 1185, 1722, 932, 1488, 
175, 1459, 1283, -817, -553, 1371, -683, -536, 1185, 1722, 932, 1488, 
175, 1459, 1283, -817, -553, 1371, -683, -541, 1195, 1732, 932, 1493, 
170, 1459, 1288, -814, -558, 1373, -688, -541, 1195, 1732, 932, 1493, 
170, 1459, 1288, -814, -558, 1373, -688, -541, 1195, 1732, 932, 1493, 
170, 1459, 1288, -814, -558, 1373, -688, -541, 1200, 1737, 932, 1493, 
170, 1449, 1278, -810, -553, 1363, -673, -546, 1200, 1727, 936, 1493, 
170, 1444, 1273, -807, -551, 1359, -673, -546, 1200, 1727, 936, 1488, 
170, 1444, 1273, -807, -551, 1359, -673, -546, 1200, 1727, 936, 1483, 
170, 1439, 1268, -805, -549, 1354, -673, -546, 1200, 1727, 936, 1483, 
156, 1439, 1283, -797, -563, 1361, -673, -546, 1205, 1727, 936, 1483, 
156, 1434, 1278, -795, -561, 1356, -668, -541, 1205, 1727, 936, 1483, 
151, 1429, 1278, -790, -563, 1354, -668, -541, 1205, 1727, 932, 1483, 
151, 1424, 1273, -788, -561, 1349, -663, -541, 1210, 1732, 932, 1483, 
151, 1420, 1268, -785, -558, 1344, -663, -541, 1200, 1732, 932, 1468, 
151, 1410, 1259, -780, -553, 1334, -663, -541, 1200, 1732, 932, 1468, 
146, 1410, 1263, -778, -558, 1337, -658, -541, 1200, 1732, 927, 1468, 
146, 1410, 1263, -778, -558, 1337, -653, -541, 1210, 1732, 927, 1464, 
141, 1410, 1268, -775, -563, 1339, -663, -541, 1215, 1732, 917, 1459, 
136, 1405, 1268, -771, -566, 1337, -658, -536, 1215, 1732, 917, 1459, 
136, 1400, 1263, -768, -563, 1332, -653, -536, 1215, 1732, 917, 1454, 
136, 1395, 1259, -766, -561, 1327, -649, -536, 1215, 1732, 912, 1454, 
126, 1390, 1263, -758, -568, 1327, -644, -536, 1215, 1727, 907, 1454, 
126, 1385, 1259, -756, -566, 1322, -644, -536, 1215, 1727, 907, 1444, 
122, 1385, 1263, -753, -570, 1324, -644, -536, 1215, 1727, 907, 1439, 
122, 1385, 1263, -753, -570, 1324, -639, -536, 1215, 1727, 907, 1439, 
122, 1376, 1254, -749, -566, 1315, -624, -536, 1215, 1717, 902, 1439, 
117, 1371, 1254, -744, -568, 1312, -624, -536, 1215, 1717, 897, 1439, 
117, 1366, 1249, -741, -566, 1307, -624, -536, 1210, 1717, 897, 1439, 
117, 1361, 1244, -739, -563, 1302, -619, -536, 1210, 1717, 897, 1439, 
102, 1356, 1254, -729, -575, 1305, -614, -536, 1210, 1712, 888, 1429, 
102, 1351, 1249, -727, -573, 1300, -614, -536, 1210, 1708, 883, 1429, 
102, 1346, 1244, -724, -570, 1295, -614, -536, 1210, 1703, 883, 1429, 
97, 1346, 1249, -722, -575, 1298, -610, -536, 1210, 1703, 883, 1424, 
107, 1342, 1234, -724, -563, 1288, -619, -536, 1210, 1712, 883, 1424, 
107, 1342, 1234, -724, -563, 1288, -614, -536, 1205, 1712, 878, 1424, 
107, 1342, 1234, -724, -563, 1288, -614, -536, 1205, 1712, 878, 1424, 
102, 1342, 1239, -722, -568, 1290, -614, -536, 1205, 1708, 878, 1424, 
102, 1342, 1239, -722, -568, 1290, -614, -536, 1205, 1703, 873, 1424, 
102, 1342, 1239, -722, -568, 1290, -614, -536, 1205, 1703, 873, 1420, 
97, 1337, 1239, -717, -570, 1288, -614, -536, 1205, 1703, 868, 1420, 
97, 1337, 1239, -717, -570, 1288, -614, -536, 1205, 1703, 868, 1420, 
87, 1337, 1249, -712, -580, 1293, -600, -541, 1205, 1703, 868, 1420, 
87, 1332, 1244, -710, -578, 1288, -600, -541, 1205, 1703, 868, 1420, 
87, 1327, 1239, -707, -575, 1283, -600, -541, 1205, 1703, 868, 1420, 
87, 1327, 1239, -707, -575, 1283, -600, -541, 1205, 1703, 863, 1420, 
82, 1327, 1244, -705, -580, 1285, -600, -541, 1205, 1698, 863, 1415, 
82, 1322, 1239, -702, -578, 1281, -600, -541, 1205, 1698, 863, 1415, 
82, 1322, 1239, -702, -578, 1281, -595, -541, 1205, 1698, 863, 1415, 
82, 1322, 1239, -702, -578, 1281, -595, -541, 1205, 1698, 858, 1415, 
82, 1322, 1239, -702, -578, 1281, -595, -541, 1205, 1698, 868, 1415, 
82, 1322, 1239, -702, -578, 1281, -595, -536, 1205, 1698, 868, 1415, 
78, 1317, 1239, -697, -580, 1278, -595, -536, 1210, 1693, 868, 1410, 
78, 1317, 1239, -697, -580, 1278, -595, -536, 1210, 1693, 868, 1410, 
78, 1317, 1239, -697, -580, 1278, -605, -546, 1210, 1688, 868, 1410, 
78, 1317, 1239, -697, -580, 1278, -600, -546, 1210, 1688, 868, 1415, 
78, 1322, 1244, -700, -583, 1283, -600, -546, 1205, 1688, 863, 1415, 
78, 1322, 1244, -700, -583, 1283, -600, -546, 1205, 1688, 863, 1415, 
82, 1332, 1249, -707, -583, 1290, -600, -546, 1205, 1698, 863, 1415, 
82, 1332, 1249, -707, -583, 1290, -605, -546, 1205, 1698, 863, 1415, 
82, 1332, 1249, -707, -583, 1290, -605, -546, 1210, 1698, 863, 1415, 
82, 1332, 1249, -707, -583, 1290, -605, -546, 1210, 1698, 868, 1415, 
73, 1327, 1254, -700, -590, 1290, -595, -546, 1210, 1688, 868, 1415, 
73, 1327, 1254, -700, -590, 1290, -595, -546, 1210, 1693, 868, 1420, 
73, 1322, 1249, -697, -588, 1285, -595, -546, 1210, 1693, 868, 1420, 
73, 1322, 1249, -697, -588, 1285, -595, -546, 1210, 1693, 873, 1420, 
68, 1337, 1268, -702, -600, 1302, -600, -546, 1210, 1693, 873, 1420, 
68, 1337, 1268, -702, -600, 1302, -600, -546, 1210, 1693, 873, 1420, 
68, 1337, 1268, -702, -600, 1302, -600, -546, 1210, 1693, 873, 1420, 
68, 1337, 1268, -702, -600, 1302, -600, -546, 1215, 1693, 873, 1420, 
68, 1337, 1268, -702, -600, 1302, -600, -546, 1215, 1703, 883, 1429, 
68, 1337, 1268, -702, -600, 1302, -600, -546, 1220, 1703, 883, 1429, 
73, 1337, 1263, -705, -595, 1300, -605, -546, 1220, 1703, 883, 1429, 
73, 1337, 1263, -705, -595, 1300, -605, -546, 1215, 1703, 888, 1429, 
63, 1337, 1273, -700, -605, 1305, -595, -546, 1215, 1703, 888, 1429, 
63, 1337, 1273, -700, -605, 1305, -595, -546, 1220, 1703, 888, 1429, 
63, 1346, 1283, -705, -610, 1315, -595, -546, 1224, 1703, 888, 1429, 
63, 1346, 1283, -705, -610, 1315, -595, -546, 1224, 1708, 888, 1434, 
73, 1346, 1273, -710, -600, 1310, -595, -551, 1220, 1708, 888, 1424, 
73, 1346, 1273, -710, -600, 1310, -595, -551, 1220, 1708, 888, 1424, 
73, 1346, 1273, -710, -600, 1310, -600, -551, 1224, 1712, 888, 1424, 
73, 1351, 1278, -712, -602, 1315, -600, -551, 1224, 1717, 888, 1429, 
73, 1356, 1283, -714, -605, 1320, -610, -551, 1224, 1708, 893, 1434, 
73, 1356, 1283, -714, -605, 1320, -610, -551, 1224, 1708, 893, 1434, 
73, 1356, 1283, -714, -605, 1320, -610, -551, 1224, 1708, 893, 1434, 
73, 1361, 1288, -717, -607, 1324, -610, -551, 1224, 1708, 893, 1434, 
73, 1361, 1288, -717, -607, 1324, -610, -551, 1234, 1708, 893, 1434, 
78, 1361, 1283, -719, -602, 1322, -610, -551, 1234, 1712, 893, 1439, 
78, 1361, 1283, -719, -602, 1322, -610, -551, 1234, 1712, 893, 1444, 
78, 1361, 1283, -719, -602, 1322, -610, -551, 1234, 1712, 893, 1444, 
78, 1361, 1283, -719, -602, 1322, -610, -551, 1234, 1722, 893, 1444, 
78, 1366, 1288, -722, -605, 1327, -610, -551, 1234, 1722, 897, 1444, 
78, 1371, 1293, -724, -607, 1332, -614, -551, 1234, 1727, 902, 1444, 
78, 1371, 1293, -724, -607, 1332, -614, -551, 1234, 1727, 902, 1444, 
78, 1366, 1288, -722, -605, 1327, -614, -551, 1234, 1727, 902, 1454, 
82, 1366, 1283, -724, -600, 1324, -619, -551, 1234, 1722, 897, 1454, 
82, 1366, 1283, -724, -600, 1324, -619, -551, 1234, 1722, 897, 1454, 
82, 1366, 1283, -724, -600, 1324, -619, -551, 1234, 1722, 902, 1454, 
82, 1366, 1283, -724, -600, 1324, -619, -551, 1224, 1717, 902, 1459, 
82, 1366, 1283, -724, -600, 1324, -619, -551, 1229, 1717, 907, 1459, 
82, 1371, 1288, -727, -602, 1329, -624, -551, 1234, 1717, 907, 1459, 
82, 1371, 1288, -727, -602, 1329, -624, -551, 1234, 1717, 902, 1459, 
82, 1376, 1293, -729, -605, 1334, -619, -541, 1234, 1717, 902, 1449, 
87, 1376, 1288, -732, -600, 1332, -619, -541, 1234, 1717, 902, 1454, 
87, 1376, 1288, -732, -600, 1332, -619, -541, 1234, 1722, 902, 1454, 
87, 1376, 1288, -732, -600, 1332, -619, -541, 1234, 1722, 907, 1454, 
78, 1371, 1293, -724, -607, 1332, -619, -551, 1234, 1722, 907, 1464, 
82, 1371, 1288, -727, -602, 1329, -624, -551, 1234, 1722, 907, 1464, 
82, 1371, 1288, -727, -602, 1329, -624, -551, 1229, 1722, 907, 1464, 
82, 1371, 1288, -727, -602, 1329, -624, -551, 1229, 1722, 907, 1464, 
92, 1371, 1278, -732, -592, 1324, -624, -551, 1229, 1722, 917, 1464, 
92, 1371, 1278, -732, -592, 1324, -624, -551, 1229, 1722, 917, 1468, 
87, 1371, 1283, -729, -597, 1327, -624, -551, 1229, 1722, 917, 1468, 
87, 1371, 1283, -729, -597, 1327, -624, -551, 1229, 1717, 917, 1468, 
87, 1371, 1283, -729, -597, 1327, -619, -556, 1229, 1717, 917, 1468, 
87, 1371, 1283, -729, -597, 1327, -619, -556, 1229, 1717, 917, 1464, 
87, 1366, 1278, -727, -595, 1322, -619, -551, 1229, 1722, 917, 1464, 
87, 1366, 1278, -727, -595, 1322, -619, -551, 1229, 1722, 917, 1464, 
87, 1366, 1278, -727, -595, 1322, -629, -556, 1229, 1722, 912, 1464, 
92, 1366, 1273, -729, -590, 1320, -629, -556, 1229, 1722, 912, 1464, 
92, 1366, 1273, -729, -590, 1320, -624, -556, 1229, 1722, 912, 1464, 
92, 1366, 1273, -729, -590, 1320, -624, -551, 1229, 1722, 912, 1464, 
82, 1366, 1283, -724, -600, 1324, -624, -551, 1229, 1722, 917, 1464, 
82, 1366, 1283, -724, -600, 1324, -624, -561, 1229, 1722, 917, 1464, 
82, 1366, 1283, -724, -600, 1324, -624, -561, 1220, 1722, 917, 1464, 
82, 1366, 1283, -724, -600, 1324, -624, -561, 1220, 1722, 917, 1464, 
82, 1366, 1283, -724, -600, 1324, -624, -551, 1229, 1732, 917, 1473, 
82, 1366, 1283, -724, -600, 1324, -624, -556, 1229, 1727, 917, 1473, 
82, 1366, 1283, -724, -600, 1324, -629, -556, 1224, 1727, 917, 1473, 
82, 1366, 1283, -724, -600, 1324, -629, -561, 1224, 1732, 917, 1473, 
92, 1366, 1273, -729, -590, 1320, -629, -561, 1224, 1722, 917, 1464, 
92, 1366, 1273, -729, -590, 1320, -629, -561, 1224, 1722, 917, 1464, 
92, 1366, 1273, -729, -590, 1320, -629, -561, 1224, 1722, 917, 1464, 
92, 1366, 1273, -729, -590, 1320, -634, -561, 1224, 1722, 917, 1464, 
82, 1366, 1283, -724, -600, 1324, -624, -561, 1224, 1722, 927, 1464, 
82, 1366, 1283, -724, -600, 1324, -624, -561, 1224, 1717, 927, 1464, 
82, 1366, 1283, -724, -600, 1324, -619, -561, 1220, 1717, 927, 1464, 
82, 1366, 1283, -724, -600, 1324, -619, -561, 1220, 1717, 927, 1464, 
78, 1366, 1288, -722, -605, 1327, -624, -551, 1229, 1717, 927, 1464, 
78, 1366, 1288, -722, -605, 1327, -624, -556, 1229, 1722, 927, 1464, 
78, 1366, 1288, -722, -605, 1327, -624, -556, 1229, 1722, 927, 1464, 
78, 1366, 1288, -722, -605, 1327, -619, -556, 1229, 1722, 927, 1464, 
78, 1366, 1288, -722, -605, 1327, -619, -556, 1229, 1732, 927, 1468, 
78, 1366, 1288, -722, -605, 1327, -619, -556, 1229, 1727, 927, 1468, 
78, 1366, 1288, -722, -605, 1327, -619, -556, 1229, 1727, 927, 1464, 
78, 1366, 1288, -722, -605, 1327, -619, -556, 1229, 1727, 927, 1464, 
78, 1366, 1288, -722, -605, 1327, -629, -561, 1229, 1722, 927, 1464, 
78, 1366, 1288, -722, -605, 1327, -629, -561, 1229, 1722, 927, 1468, 
78, 1366, 1288, -722, -605, 1327, -629, -566, 1229, 1727, 927, 1468, 
78, 1366, 1288, -722, -605, 1327, -629, -566, 1229, 1727, 927, 1468, 
78, 1366, 1288, -722, -605, 1327, -629, -566, 1229, 1727, 927, 1473, 
78, 1366, 1288, -722, -605, 1327, -629, -566, 1229, 1727, 927, 1473, 
82, 1366, 1283, -724, -600, 1324, -629, -566, 1229, 1727, 927, 1473, 
82, 1366, 1283, -724, -600, 1324, -629, -566, 1229, 1727, 932, 1473, 
82, 1366, 1283, -724, -600, 1324, -629, -566, 1229, 1727, 932, 1473, 
78, 1366, 1288, -722, -605, 1327, -629, -566, 1229, 1727, 927, 1473, 
78, 1366, 1288, -722, -605, 1327, -629, -570, 1229, 1727, 927, 1473, 
82, 1366, 1283, -724, -600, 1324, -629, -570, 1229, 1727, 927, 1473, 
82, 1376, 1293, -729, -605, 1334, -629, -570, 1220, 1717, 927, 1468, 
82, 1376, 1293, -729, -605, 1334, -629, -570, 1224, 1717, 932, 1468, 
82, 1376, 1293, -729, -605, 1334, -629, -570, 1224, 1717, 932, 1464, 
82, 1381, 1298, -732, -607, 1339, -624, -570, 1224, 1717, 936, 1464, 
78, 1371, 1293, -724, -607, 1332, -624, -561, 1224, 1722, 936, 1464, 
78, 1371, 1293, -724, -607, 1332, -624, -566, 1224, 1727, 936, 1464, 
82, 1371, 1288, -727, -602, 1329, -629, -566, 1224, 1727, 936, 1464, 
82, 1371, 1288, -727, -602, 1329, -629, -566, 1224, 1727, 932, 1464, 
82, 1366, 1283, -724, -600, 1324, -629, -570, 1224, 1727, 932, 1464, 
78, 1371, 1293, -724, -607, 1332, -634, -570, 1224, 1727, 936, 1464, 
78, 1376, 1298, -727, -610, 1337, -634, -575, 1224, 1727, 941, 1464, 
78, 1381, 1302, -729, -612, 1342, -634, -575, 1224, 1727, 941, 1464, 
78, 1376, 1298, -727, -610, 1337, -624, -566, 1229, 1727, 932, 1468, 
78, 1376, 1298, -727, -610, 1337, -624, -566, 1229, 1727, 932, 1468, 
78, 1376, 1298, -727, -610, 1337, -629, -566, 1229, 1732, 932, 1468, 
87, 1376, 1288, -732, -600, 1332, -629, -566, 1229, 1737, 936, 1473, 
87, 1376, 1288, -732, -600, 1332, -629, -566, 1220, 1727, 936, 1464, 
82, 1376, 1293, -729, -605, 1334, -629, -566, 1224, 1727, 936, 1464, 
82, 1376, 1293, -729, -605, 1334, -629, -566, 1224, 1732, 936, 1468, 
82, 1376, 1293, -729, -605, 1334, -629, -566, 1224, 1732, 941, 1468, 
78, 1376, 1298, -727, -610, 1337, -629, -561, 1224, 1722, 941, 1468, 
78, 1376, 1298, -727, -610, 1337, -634, -561, 1224, 1727, 941, 1468, 
78, 1376, 1298, -727, -610, 1337, -634, -561, 1224, 1727, 941, 1468, 
78, 1376, 1298, -727, -610, 1337, -629, -566, 1224, 1722, 946, 1468, 
78, 1376, 1298, -727, -610, 1337, -629, -566, 1224, 1732, 946, 1468, 
82, 1376, 1293, -729, -605, 1334, -639, -566, 1224, 1732, 946, 1468, 
82, 1376, 1293, -729, -605, 1334, -639, -566, 1224, 1732, 946, 1473, 
78, 1376, 1298, -727, -610, 1337, -639, -566, 1224, 1732, 946, 1473, 
78, 1381, 1302, -729, -612, 1342, -629, -566, 1234, 1737, 946, 1473, 
82, 1385, 1302, -734, -610, 1344, -629, -570, 1229, 1737, 946, 1473, 
82, 1385, 1302, -734, -610, 1344, -629, -570, 1229, 1737, 946, 1473, 
82, 1390, 1307, -736, -612, 1349, -629, -570, 1229, 1732, 946, 1473, 
82, 1381, 1298, -732, -607, 1339, -629, -570, 1224, 1732, 946, 1473, 
78, 1381, 1302, -729, -612, 1342, -629, -570, 1224, 1732, 946, 1473, 
78, 1381, 1302, -729, -612, 1342, -629, -570, 1224, 1737, 946, 1478, 
78, 1381, 1302, -729, -612, 1342, -629, -570, 1229, 1742, 946, 1478, 
87, 1376, 1288, -732, -600, 1332, -629, -570, 1229, 1747, 956, 1473, 
87, 1381, 1293, -734, -602, 1337, -629, -570, 1229, 1747, 956, 1473, 
87, 1385, 1298, -736, -605, 1342, -629, -570, 1229, 1747, 956, 1473, 
87, 1390, 1302, -739, -607, 1346, -629, -570, 1229, 1747, 956, 1473, 
97, 1395, 1298, -746, -600, 1346, -634, -561, 1239, 1747, 956, 1483, 
92, 1400, 1307, -746, -607, 1354, -634, -561, 1244, 1747, 956, 1478, 
87, 1405, 1317, -746, -614, 1361, -634, -566, 1259, 1756, 976, 1493, 
97, 1410, 1312, -753, -607, 1361, -644, -566, 1259, 1756, 976, 1493, 
97, 1415, 1317, -756, -610, 1366, -644, -566, 1259, 1756, 976, 1493, 
97, 1420, 1322, -758, -612, 1371, -644, -566, 1259, 1756, 976, 1493, 
97, 1424, 1327, -761, -614, 1376, -644, -566, 1259, 1756, 976, 1493, 
107, 1429, 1322, -768, -607, 1376, -653, -570, 1263, 1771, 985, 1503, 
107, 1439, 1332, -773, -612, 1385, -653, -570, 1268, 1776, 985, 1503, 
107, 1449, 1342, -778, -617, 1395, -653, -570, 1273, 1781, 990, 1503, 
107, 1459, 1351, -783, -622, 1405, -653, -570, 1278, 1786, 995, 1507, 
107, 1464, 1356, -785, -624, 1410, -658, -570, 1293, 1786, 1010, 1517, 
112, 1468, 1356, -790, -622, 1412, -663, -570, 1298, 1790, 1015, 1517, 
117, 1473, 1356, -795, -619, 1415, -668, -570, 1298, 1795, 1019, 1517, 
117, 1473, 1356, -795, -619, 1415, -673, -570, 1298, 1800, 1019, 1517, 
117, 1478, 1361, -797, -622, 1420, -678, -570, 1298, 1800, 1010, 1522, 
117, 1478, 1361, -797, -622, 1420, -683, -570, 1293, 1800, 1010, 1522, 
117, 1478, 1361, -797, -622, 1420, -683, -570, 1293, 1800, 1010, 1522, 
122, 1483, 1361, -802, -619, 1422, -683, -570, 1293, 1800, 1010, 1522, 
131, 1473, 1342, -802, -605, 1407, -688, -566, 1288, 1790, 1010, 1522, 
131, 1473, 1342, -802, -605, 1407, -697, -575, 1288, 1786, 1010, 1527, 
131, 1468, 1337, -800, -602, 1403, -702, -580, 1278, 1781, 1010, 1527, 
131, 1468, 1337, -800, -602, 1403, -702, -580, 1268, 1781, 1005, 1517, 
131, 1454, 1322, -793, -595, 1388, -697, -590, 1254, 1781, 1005, 1517, 
122, 1454, 1332, -788, -605, 1393, -692, -590, 1244, 1776, 995, 1517, 
122, 1444, 1322, -783, -600, 1383, -688, -595, 1239, 1776, 995, 1517, 
122, 1454, 1332, -788, -605, 1393, -688, -600, 1239, 1776, 995, 1517, 
122, 1454, 1332, -788, -605, 1393, -688, -610, 1234, 1766, 990, 1517, 
117, 1449, 1332, -783, -607, 1390, -688, -610, 1229, 1766, 985, 1517, 
117, 1439, 1322, -778, -602, 1381, -688, -610, 1229, 1766, 985, 1517, 
117, 1439, 1322, -778, -602, 1381, -688, -610, 1234, 1766, 985, 1517, 
117, 1439, 1322, -778, -602, 1381, -678, -605, 1234, 1756, 976, 1507, 
117, 1439, 1322, -778, -602, 1381, -673, -605, 1234, 1751, 980, 1507, 
117, 1444, 1327, -780, -605, 1385, -673, -600, 1229, 1751, 980, 1507, 
117, 1444, 1327, -780, -605, 1385, -673, -600, 1229, 1751, 980, 1507, 
117, 1444, 1327, -780, -605, 1385, -668, -590, 1229, 1761, 985, 1517, 
117, 1434, 1317, -775, -600, 1376, -663, -590, 1229, 1761, 985, 1517, 
117, 1434, 1317, -775, -600, 1376, -663, -590, 1229, 1761, 980, 1517, 
112, 1434, 1322, -773, -605, 1378, -663, -590, 1224, 1761, 980, 1517, 
107, 1434, 1327, -771, -610, 1381, -668, -600, 1234, 1761, 980, 1517, 
97, 1424, 1327, -761, -614, 1376, -658, -600, 1234, 1761, 980, 1512, 
97, 1420, 1322, -758, -612, 1371, -658, -600, 1224, 1751, 976, 1503, 
92, 1405, 1312, -749, -610, 1359, -653, -595, 1224, 1747, 966, 1498, 
87, 1390, 1302, -739, -607, 1346, -649, -595, 1220, 1732, 956, 1493, 
73, 1381, 1307, -727, -617, 1344, -639, -595, 1220, 1732, 951, 1483, 
73, 1381, 1307, -727, -617, 1344, -639, -595, 1220, 1732, 951, 1483, 
73, 1385, 1312, -729, -619, 1349, -639, -595, 1220, 1732, 951, 1483, 
58, 1385, 1327, -722, -634, 1356, -639, -585, 1224, 1737, 961, 1488, 
58, 1385, 1327, -722, -634, 1356, -634, -585, 1224, 1737, 961, 1488, 
58, 1385, 1327, -722, -634, 1356, -634, -585, 1224, 1737, 961, 1488, 
58, 1376, 1317, -717, -629, 1346, -634, -590, 1220, 1737, 961, 1488, 
63, 1376, 1312, -719, -624, 1344, -634, -590, 1220, 1737, 961, 1488, 
63, 1376, 1312, -719, -624, 1344, -634, -585, 1220, 1732, 961, 1483, 
63, 1376, 1312, -719, -624, 1344, -634, -585, 1220, 1727, 951, 1483, 
63, 1376, 1312, -719, -624, 1344, -634, -585, 1220, 1727, 951, 1478, 
63, 1376, 1312, -719, -624, 1344, -624, -585, 1220, 1742, 951, 1478, 
63, 1376, 1312, -719, -624, 1344, -624, -585, 1220, 1742, 951, 1478, 
63, 1371, 1307, -717, -622, 1339, -624, -580, 1220, 1737, 951, 1478, 
63, 1371, 1307, -717, -622, 1339, -619, -580, 1220, 1737, 951, 1483, 
63, 1371, 1307, -717, -622, 1339, -619, -580, 1215, 1737, 951, 1483, 
63, 1371, 1307, -717, -622, 1339, -619, -580, 1215, 1742, 951, 1483, 
63, 1376, 1312, -719, -624, 1344, -624, -580, 1220, 1742, 951, 1483, 
63, 1376, 1312, -719, -624, 1344, -624, -580, 1220, 1742, 951, 1488, 
63, 1376, 1312, -719, -624, 1344, -624, -580, 1220, 1732, 951, 1478, 
63, 1381, 1317, -722, -627, 1349, -619, -580, 1224, 1737, 951, 1478, 
63, 1381, 1317, -722, -627, 1349, -619, -580, 1224, 1737, 956, 1478, 
63, 1381, 1317, -722, -627, 1349, -619, -580, 1224, 1737, 956, 1478, 
63, 1371, 1307, -717, -622, 1339, -619, -580, 1224, 1747, 951, 1478, 
63, 1371, 1307, -717, -622, 1339, -624, -580, 1224, 1747, 951, 1478, 
63, 1371, 1307, -717, -622, 1339, -624, -580, 1224, 1747, 951, 1478, 
63, 1371, 1307, -717, -622, 1339, -624, -580, 1224, 1747, 951, 1478, 
63, 1371, 1307, -717, -622, 1339, -624, -580, 1215, 1737, 956, 1488, 
63, 1371, 1307, -717, -622, 1339, -619, -580, 1215, 1737, 956, 1488, 
63, 1371, 1307, -717, -622, 1339, -619, -580, 1215, 1737, 956, 1488, 
63, 1371, 1307, -717, -622, 1339, -619, -580, 1215, 1737, 951, 1488, 
63, 1381, 1317, -722, -627, 1349, -629, -580, 1224, 1747, 951, 1488, 
63, 1381, 1317, -722, -627, 1349, -629, -580, 1224, 1747, 951, 1488, 
63, 1381, 1317, -722, -627, 1349, -629, -580, 1224, 1747, 956, 1488, 
63, 1381, 1317, -722, -627, 1349, -629, -580, 1224, 1747, 956, 1488, 
63, 1381, 1317, -722, -627, 1349, -629, -580, 1234, 1751, 956, 1488, 
63, 1381, 1317, -722, -627, 1349, -629, -580, 1234, 1751, 956, 1493, 
63, 1385, 1322, -724, -629, 1354, -629, -580, 1239, 1751, 956, 1493, 
63, 1385, 1322, -724, -629, 1354, -634, -585, 1239, 1751, 956, 1493, 
53, 1385, 1332, -719, -639, 1359, -624, -575, 1239, 1751, 956, 1493, 
53, 1385, 1332, -719, -639, 1359, -619, -575, 1239, 1751, 956, 1493, 
53, 1385, 1332, -719, -639, 1359, -619, -570, 1239, 1751, 956, 1493, 
58, 1381, 1322, -719, -631, 1351, -619, -570, 1234, 1751, 956, 1493, 
58, 1381, 1322, -719, -631, 1351, -619, -570, 1234, 1756, 966, 1503, 
73, 1376, 1302, -724, -614, 1339, -619, -566, 1224, 1747, 961, 1498, 
87, 1366, 1278, -727, -595, 1322, -614, -556, 1215, 1732, 946, 1478, 
87, 1366, 1278, -727, -595, 1322, -610, -536, 1215, 1732, 946, 1478, 
92, 1361, 1268, -727, -588, 1315, -610, -512, 1224, 1737, 951, 1468, 
107, 1371, 1263, -739, -578, 1317, -580, -463, 1263, 1761, 956, 1468, 
112, 1395, 1283, -753, -585, 1339, -546, -375, 1322, 1810, 985, 1483, 
151, 1444, 1293, -797, -570, 1368, -541, -287, 1400, 1878, 1039, 1507, 
214, 1498, 1283, -856, -534, 1390, -541, -214, 1444, 1937, 1112, 1537, 
302, 1566, 1263, -934, -480, 1415, -556, -131, 1488, 2010, 1195, 1566, 
390, 1644, 1254, -1017, -431, 1449, -556, -19, 1576, 2103, 1298, 1610, 
463, 1737, 1273, -1100, -405, 1505, -566, 43, 1659, 2196, 1405, 1659, 
522, 1839, 1317, -1180, -397, 1578, -595, 53, 1717, 2293, 1517, 1722, 
585, 1971, 1385, -1278, -400, 1678, -663, 4, 1742, 2381, 1620, 1810, 
614, 2113, 1498, -1363, -441, 1805, -741, -82, 1737, 2449, 1732, 1917, 
634, 2215, 1581, -1424, -473, 1898, -805, -180, 1698, 2459, 1776, 1995, 
619, 2239, 1620, -1429, -500, 1930, -839, -292, 1595, 2381, 1727, 2034, 
561, 2220, 1659, -1390, -549, 1939, -868, -463, 1478, 2264, 1634, 2049, 
458, 2205, 1747, -1332, -644, 1976, -927, -702, 1376, 2171, 1556, 2069, 
317, 2147, 1830, -1232, -756, 1988, -1000, -971, 1229, 2054, 1454, 2069, 
165, 2044, 1878, -1105, -856, 1961, -1073, -1259, 1049, 1903, 1312, 2049, 
58, 1952, 1893, -1005, -917, 1922, -1137, -1507, 858, 1756, 1176, 2005, 
9, 1849, 1839, -929, -915, 1844, -1171, -1620, 717, 1644, 1063, 1956, 
-24, 1751, 1776, -863, -900, 1764, -1141, -1610, 673, 1566, 976, 1888, 
-43, 1698, 1742, -827, -893, 1720, -1093, -1527, 712, 1556, 927, 1844, 
-53, 1659, 1712, -802, -883, 1686, -1044, -1424, 771, 1576, 917, 1800, 
-48, 1629, 1678, -790, -863, 1654, -995, -1298, 834, 1595, 922, 1771, 
-34, 1581, 1615, -773, -824, 1598, -932, -1166, 888, 1615, 912, 1732, 
-14, 1537, 1551, -761, -783, 1544, -883, -1063, 936, 1629, 912, 1683, 
4, 1517, 1512, -761, -753, 1515, -854, -971, 1005, 1654, 927, 1654, 
9, 1512, 1503, -761, -746, 1507, -805, -888, 1073, 1688, 936, 1629, 
29, 1478, 1449, -753, -710, 1464, -761, -824, 1102, 1698, 946, 1600, 
39, 1444, 1405, -741, -683, 1424, -727, -771, 1127, 1708, 936, 1571, 
43, 1424, 1381, -734, -668, 1403, -688, -727, 1151, 1722, 941, 1556, 
48, 1424, 1376, -736, -663, 1400, -658, -688, 1176, 1732, 956, 1546, 
43, 1415, 1371, -729, -663, 1393, -644, -644, 1190, 1747, 956, 1537, 
43, 1390, 1346, -717, -651, 1368, -634, -619, 1200, 1742, 941, 1522, 
43, 1381, 1337, -712, -646, 1359, -629, -610, 1210, 1732, 941, 1517, 
53, 1381, 1327, -717, -636, 1354, -624, -600, 1210, 1742, 936, 1512, 
63, 1381, 1317, -722, -627, 1349, -624, -590, 1224, 1747, 951, 1512, 
53, 1385, 1332, -719, -639, 1359, -634, -585, 1234, 1756, 951, 1507, 
58, 1385, 1327, -722, -634, 1356, -624, -585, 1249, 1756, 951, 1507, 
58, 1385, 1327, -722, -634, 1356, -619, -580, 1249, 1761, 951, 1503, 
58, 1385, 1327, -722, -634, 1356, -614, -580, 1249, 1761, 951, 1498, 
53, 1390, 1337, -722, -641, 1363, -614, -566, 1249, 1761, 961, 1507, 
53, 1390, 1337, -722, -641, 1363, -614, -566, 1244, 1756, 961, 1507, 
58, 1385, 1327, -722, -634, 1356, -614, -566, 1244, 1756, 956, 1503, 
63, 1385, 1322, -724, -629, 1354, -610, -561, 1249, 1756, 956, 1503, 
53, 1376, 1322, -714, -634, 1349, -610, -556, 1254, 1761, 956, 1503, 
53, 1376, 1322, -714, -634, 1349, -610, -556, 1254, 1761, 956, 1503, 
58, 1376, 1317, -717, -629, 1346, -610, -551, 1259, 1761, 956, 1503, 
58, 1381, 1322, -719, -631, 1351, -610, -546, 1263, 1766, 961, 1507, 
58, 1390, 1332, -724, -636, 1361, -610, -556, 1263, 1766, 971, 1507, 
58, 1390, 1332, -724, -636, 1361, -614, -556, 1263, 1766, 971, 1507, 
58, 1390, 1332, -724, -636, 1361, -614, -556, 1263, 1766, 971, 1507, 
58, 1390, 1332, -724, -636, 1361, -614, -556, 1268, 1766, 971, 1507, 
68, 1390, 1322, -729, -627, 1356, -614, -551, 1263, 1766, 971, 1507, 
68, 1390, 1322, -729, -627, 1356, -614, -551, 1263, 1766, 971, 1507, 
68, 1390, 1322, -729, -627, 1356, -614, -551, 1263, 1766, 971, 1507, 
68, 1390, 1322, -729, -627, 1356, -614, -551, 1263, 1771, 971, 1507, 
68, 1390, 1322, -729, -627, 1356, -614, -541, 1278, 1771, 971, 1517, 
73, 1390, 1317, -732, -622, 1354, -614, -541, 1278, 1771, 976, 1517, 
73, 1390, 1317, -732, -622, 1354, -614, -541, 1278, 1776, 980, 1522, 
73, 1390, 1317, -732, -622, 1354, -614, -541, 1278, 1776, 980, 1522, 
63, 1395, 1332, -729, -634, 1363, -610, -541, 1288, 1776, 971, 1522, 
63, 1395, 1332, -729, -634, 1363, -610, -541, 1288, 1776, 976, 1522, 
63, 1395, 1332, -729, -634, 1363, -610, -536, 1288, 1776, 976, 1522, 
68, 1405, 1337, -736, -634, 1371, -610, -536, 1288, 1781, 976, 1522, 
68, 1395, 1327, -732, -629, 1361, -610, -536, 1283, 1790, 980, 1522, 
68, 1395, 1327, -732, -629, 1361, -610, -536, 1283, 1790, 980, 1522, 
68, 1395, 1327, -732, -629, 1361, -610, -536, 1283, 1786, 980, 1522, 
68, 1395, 1327, -732, -629, 1361, -610, -536, 1283, 1786, 980, 1522, 
68, 1400, 1332, -734, -631, 1366, -619, -536, 1293, 1781, 990, 1522, 
68, 1400, 1332, -734, -631, 1366, -619, -536, 1293, 1786, 990, 1527, 
68, 1400, 1332, -734, -631, 1366, -619, -536, 1293, 1786, 990, 1527, 
68, 1405, 1337, -736, -634, 1371, -619, -536, 1293, 1786, 985, 1527, 
78, 1405, 1327, -741, -624, 1366, -619, -541, 1298, 1786, 985, 1527, 
78, 1400, 1322, -739, -622, 1361, -619, -541, 1298, 1786, 985, 1527, 
78, 1400, 1322, -739, -622, 1361, -619, -541, 1298, 1786, 985, 1527, 
82, 1405, 1322, -744, -619, 1363, -619, -541, 1302, 1786, 985, 1527, 
82, 1405, 1322, -744, -619, 1363, -610, -531, 1293, 1786, 985, 1527, 
82, 1405, 1322, -744, -619, 1363, -610, -531, 1293, 1786, 985, 1527, 
82, 1405, 1322, -744, -619, 1363, -610, -531, 1293, 1786, 990, 1527, 
82, 1405, 1322, -744, -619, 1363, -610, -531, 1293, 1790, 990, 1527, 
73, 1405, 1332, -739, -629, 1368, -619, -531, 1293, 1790, 1000, 1527, 
73, 1405, 1332, -739, -629, 1368, -619, -531, 1293, 1786, 995, 1527, 
78, 1415, 1337, -746, -629, 1376, -619, -531, 1298, 1786, 995, 1532, 
78, 1415, 1337, -746, -629, 1376, -619, -531, 1302, 1790, 995, 1537, 
78, 1415, 1337, -746, -629, 1376, -619, -531, 1302, 1790, 985, 1537, 
78, 1415, 1337, -746, -629, 1376, -619, -527, 1302, 1790, 990, 1537, 
78, 1415, 1337, -746, -629, 1376, -619, -527, 1307, 1795, 990, 1537, 
78, 1420, 1342, -749, -631, 1381, -619, -522, 1307, 1795, 990, 1537, 
87, 1420, 1332, -753, -622, 1376, -619, -522, 1307, 1805, 1000, 1537, 
87, 1420, 1332, -753, -622, 1376, -619, -522, 1307, 1805, 1000, 1537, 
87, 1420, 1332, -753, -622, 1376, -619, -522, 1307, 1805, 1000, 1537, 
87, 1420, 1332, -753, -622, 1376, -619, -527, 1307, 1805, 1000, 1537, 
87, 1420, 1332, -753, -622, 1376, -619, -527, 1317, 1805, 1000, 1546, 
87, 1424, 1337, -756, -624, 1381, -619, -527, 1322, 1805, 1010, 1546, 
92, 1429, 1337, -761, -622, 1383, -624, -517, 1322, 1805, 1010, 1551, 
97, 1429, 1332, -763, -617, 1381, -624, -517, 1322, 1805, 1010, 1551, 
87, 1429, 1342, -758, -627, 1385, -624, -517, 1327, 1800, 1010, 1556, 
87, 1429, 1342, -758, -627, 1385, -624, -517, 1327, 1805, 1015, 1556, 
87, 1429, 1342, -758, -627, 1385, -624, -517, 1327, 1805, 1015, 1556, 
87, 1434, 1346, -761, -629, 1390, -624, -512, 1327, 1805, 1015, 1556, 
97, 1434, 1337, -766, -619, 1385, -624, -502, 1332, 1810, 1015, 1546, 
97, 1439, 1342, -768, -622, 1390, -629, -507, 1332, 1810, 1019, 1546, 
102, 1449, 1346, -775, -622, 1398, -634, -512, 1322, 1810, 1024, 1551, 
102, 1454, 1351, -778, -624, 1403, -634, -512, 1322, 1810, 1024, 1556, 
102, 1454, 1351, -778, -624, 1403, -634, -522, 1332, 1820, 1029, 1561, 
107, 1459, 1351, -783, -622, 1405, -634, -522, 1337, 1820, 1029, 1561, 
107, 1464, 1356, -785, -624, 1410, -634, -522, 1337, 1820, 1034, 1561, 
107, 1464, 1356, -785, -624, 1410, -644, -522, 1342, 1830, 1034, 1571, 
112, 1468, 1356, -790, -622, 1412, -644, -522, 1342, 1825, 1039, 1571, 
112, 1473, 1361, -793, -624, 1417, -649, -522, 1342, 1830, 1039, 1571, 
112, 1478, 1366, -795, -627, 1422, -649, -527, 1342, 1830, 1044, 1576, 
117, 1488, 1371, -802, -627, 1429, -653, -527, 1342, 1830, 1044, 1576, 
117, 1483, 1366, -800, -624, 1424, -658, -517, 1356, 1839, 1058, 1581, 
122, 1488, 1366, -805, -622, 1427, -663, -517, 1356, 1839, 1063, 1586, 
122, 1493, 1371, -807, -624, 1432, -663, -517, 1356, 1839, 1068, 1590, 
122, 1498, 1376, -810, -627, 1437, -668, -517, 1361, 1849, 1068, 1590, 
126, 1517, 1390, -822, -631, 1454, -673, -527, 1356, 1849, 1068, 1590, 
126, 1522, 1395, -824, -634, 1459, -673, -527, 1356, 1854, 1078, 1595, 
136, 1527, 1390, -832, -627, 1459, -678, -527, 1356, 1854, 1078, 1600, 
136, 1532, 1395, -834, -629, 1464, -683, -531, 1351, 1854, 1083, 1605, 
126, 1532, 1405, -829, -639, 1468, -678, -522, 1351, 1854, 1088, 1610, 
131, 1542, 1410, -836, -639, 1476, -683, -527, 1356, 1864, 1088, 1615, 
141, 1556, 1415, -849, -636, 1485, -688, -531, 1356, 1869, 1093, 1620, 
141, 1556, 1415, -849, -636, 1485, -692, -531, 1356, 1869, 1098, 1620, 
141, 1561, 1420, -851, -639, 1490, -707, -536, 1356, 1873, 1093, 1634, 
141, 1566, 1424, -854, -641, 1495, -707, -541, 1356, 1883, 1098, 1639, 
146, 1576, 1429, -861, -641, 1503, -712, -546, 1361, 1883, 1102, 1644, 
146, 1581, 1434, -863, -644, 1507, -717, -546, 1361, 1883, 1102, 1649, 
156, 1586, 1429, -871, -636, 1507, -722, -551, 1361, 1883, 1117, 1644, 
161, 1590, 1429, -875, -634, 1510, -727, -556, 1356, 1883, 1117, 1644, 
161, 1595, 1434, -878, -636, 1515, -732, -561, 1356, 1883, 1117, 1649, 
161, 1605, 1444, -883, -641, 1525, -736, -566, 1356, 1888, 1117, 1654, 
165, 1605, 1439, -885, -636, 1522, -732, -566, 1356, 1888, 1112, 1659, 
165, 1610, 1444, -888, -639, 1527, -736, -570, 1356, 1888, 1112, 1664, 
165, 1610, 1444, -888, -639, 1527, -741, -575, 1356, 1893, 1117, 1664, 
165, 1615, 1449, -890, -641, 1532, -741, -580, 1356, 1893, 1117, 1664, 
170, 1620, 1449, -895, -639, 1534, -756, -585, 1356, 1883, 1127, 1664, 
170, 1625, 1454, -897, -641, 1539, -756, -585, 1356, 1888, 1127, 1673, 
165, 1625, 1459, -895, -646, 1542, -756, -590, 1356, 1888, 1127, 1673, 
165, 1625, 1459, -895, -646, 1542, -756, -595, 1351, 1878, 1127, 1673, 
156, 1615, 1459, -885, -651, 1537, -761, -595, 1342, 1888, 1117, 1673, 
156, 1615, 1459, -885, -651, 1537, -761, -600, 1342, 1888, 1117, 1673, 
156, 1615, 1459, -885, -651, 1537, -761, -600, 1342, 1888, 1117, 1673, 
156, 1615, 1459, -885, -651, 1537, -761, -605, 1342, 1888, 1117, 1673, 
165, 1625, 1459, -895, -646, 1542, -761, -610, 1342, 1888, 1117, 1668, 
161, 1625, 1464, -893, -651, 1544, -766, -610, 1342, 1888, 1117, 1668, 
161, 1625, 1464, -893, -651, 1544, -766, -610, 1342, 1888, 1117, 1668, 
161, 1625, 1464, -893, -651, 1544, -766, -610, 1346, 1893, 1117, 1668, 
161, 1615, 1454, -888, -646, 1534, -761, -614, 1346, 1883, 1122, 1678, 
161, 1610, 1449, -885, -644, 1529, -761, -614, 1346, 1883, 1122, 1673, 
161, 1610, 1449, -885, -644, 1529, -761, -614, 1346, 1883, 1122, 1668, 
161, 1605, 1444, -883, -641, 1525, -761, -614, 1346, 1883, 1122, 1668, 
156, 1605, 1449, -880, -646, 1527, -751, -614, 1351, 1893, 1132, 1668, 
156, 1600, 1444, -878, -644, 1522, -746, -610, 1351, 1893, 1132, 1668, 
151, 1595, 1444, -873, -646, 1520, -746, -610, 1351, 1893, 1127, 1668, 
151, 1590, 1439, -871, -644, 1515, -741, -610, 1356, 1898, 1127, 1668, 
151, 1590, 1439, -871, -644, 1515, -741, -619, 1356, 1898, 1117, 1654, 
151, 1586, 1434, -868, -641, 1510, -741, -619, 1356, 1898, 1117, 1654, 
146, 1590, 1444, -868, -649, 1517, -736, -619, 1356, 1898, 1112, 1654, 
146, 1595, 1449, -871, -651, 1522, -732, -619, 1366, 1898, 1112, 1649, 
141, 1586, 1444, -863, -651, 1515, -741, -619, 1361, 1888, 1112, 1654, 
136, 1581, 1444, -858, -653, 1512, -736, -614, 1361, 1888, 1112, 1654, 
136, 1576, 1439, -856, -651, 1507, -732, -614, 1361, 1888, 1112, 1649, 
136, 1571, 1434, -854, -649, 1503, -727, -614, 1361, 1888, 1107, 1649, 
126, 1556, 1429, -841, -651, 1493, -722, -605, 1361, 1893, 1112, 1649, 
126, 1551, 1424, -839, -649, 1488, -722, -605, 1361, 1893, 1112, 1639, 
122, 1551, 1429, -836, -653, 1490, -722, -605, 1361, 1893, 1112, 1634, 
122, 1551, 1429, -836, -653, 1490, -717, -605, 1361, 1893, 1112, 1634, 
112, 1551, 1439, -832, -663, 1495, -712, -605, 1361, 1883, 1098, 1625, 
107, 1546, 1439, -827, -666, 1493, -712, -605, 1361, 1883, 1093, 1625, 
107, 1542, 1434, -824, -663, 1488, -712, -605, 1356, 1883, 1093, 1625, 
107, 1537, 1429, -822, -661, 1483, -707, -605, 1356, 1883, 1093, 1625, 
102, 1522, 1420, -812, -658, 1471, -692, -605, 1366, 1888, 1093, 1625, 
102, 1517, 1415, -810, -656, 1466, -692, -605, 1366, 1883, 1088, 1625, 
102, 1512, 1410, -807, -653, 1461, -692, -605, 1366, 1878, 1088, 1625, 
97, 1512, 1415, -805, -658, 1464, -688, -605, 1366, 1878, 1088, 1620, 
97, 1507, 1410, -802, -656, 1459, -688, -605, 1366, 1878, 1098, 1620, 
97, 1507, 1410, -802, -656, 1459, -683, -605, 1361, 1878, 1093, 1620, 
97, 1507, 1410, -802, -656, 1459, -683, -605, 1361, 1878, 1093, 1620, 
92, 1507, 1415, -800, -661, 1461, -683, -605, 1361, 1873, 1093, 1620, 
92, 1507, 1415, -800, -661, 1461, -683, -605, 1361, 1878, 1088, 1620, 
92, 1507, 1415, -800, -661, 1461, -683, -605, 1361, 1878, 1088, 1615, 
87, 1503, 1415, -795, -663, 1459, -683, -605, 1361, 1878, 1083, 1615, 
87, 1503, 1415, -795, -663, 1459, -683, -605, 1361, 1878, 1083, 1615, 
87, 1503, 1415, -795, -663, 1459, -678, -610, 1351, 1878, 1083, 1615, 
87, 1498, 1410, -793, -661, 1454, -678, -610, 1351, 1878, 1083, 1615, 
87, 1493, 1405, -790, -658, 1449, -678, -610, 1351, 1878, 1083, 1615, 
87, 1493, 1405, -790, -658, 1449, -678, -610, 1351, 1878, 1078, 1615, 
82, 1503, 1420, -793, -668, 1461, -678, -610, 1351, 1873, 1078, 1600, 
82, 1498, 1415, -790, -666, 1456, -678, -610, 1351, 1873, 1078, 1600, 
82, 1498, 1415, -790, -666, 1456, -673, -610, 1351, 1873, 1078, 1600, 
82, 1498, 1415, -790, -666, 1456, -673, -610, 1351, 1873, 1073, 1600, 
82, 1498, 1415, -790, -666, 1456, -683, -610, 1342, 1864, 1073, 1610, 
82, 1498, 1415, -790, -666, 1456, -683, -605, 1342, 1864, 1073, 1610, 
78, 1493, 1415, -785, -668, 1454, -683, -605, 1346, 1859, 1073, 1605, 
78, 1493, 1415, -785, -668, 1454, -683, -605, 1346, 1859, 1073, 1605, 
68, 1493, 1424, -780, -678, 1459, -673, -605, 1346, 1873, 1083, 1605, 
68, 1493, 1424, -780, -678, 1459, -668, -605, 1346, 1873, 1083, 1610, 
68, 1498, 1429, -783, -680, 1464, -668, -605, 1342, 1873, 1078, 1610, 
68, 1498, 1429, -783, -680, 1464, -668, -605, 1342, 1873, 1078, 1610, 
73, 1488, 1415, -780, -671, 1451, -668, -614, 1342, 1864, 1078, 1610, 
73, 1488, 1415, -780, -671, 1451, -673, -614, 1342, 1864, 1078, 1610, 
73, 1488, 1415, -780, -671, 1451, -673, -614, 1346, 1864, 1078, 1610, 
73, 1488, 1415, -780, -671, 1451, -673, -614, 1346, 1864, 1083, 1610, 
73, 1493, 1420, -783, -673, 1456, -673, -605, 1356, 1873, 1073, 1610, 
73, 1493, 1420, -783, -673, 1456, -673, -605, 1356, 1878, 1073, 1615, 
73, 1488, 1415, -780, -671, 1451, -673, -605, 1356, 1878, 1073, 1615, 
73, 1488, 1415, -780, -671, 1451, -673, -605, 1356, 1878, 1078, 1615, 
68, 1503, 1434, -785, -683, 1468, -668, -614, 1356, 1878, 1088, 1625, 
68, 1503, 1434, -785, -683, 1468, -668, -614, 1356, 1878, 1088, 1625, 
68, 1503, 1434, -785, -683, 1468, -668, -614, 1356, 1878, 1088, 1625, 
68, 1503, 1434, -785, -683, 1468, -668, -614, 1361, 1878, 1088, 1625, 
58, 1503, 1444, -780, -692, 1473, -668, -614, 1361, 1878, 1088, 1625, 
58, 1503, 1444, -780, -692, 1473, -668, -614, 1366, 1878, 1088, 1625, 
63, 1503, 1439, -783, -688, 1471, -673, -614, 1366, 1878, 1088, 1625, 
63, 1503, 1439, -783, -688, 1471, -673, -614, 1361, 1878, 1093, 1625, 
63, 1493, 1429, -778, -683, 1461, -673, -614, 1351, 1878, 1083, 1615, 
63, 1493, 1429, -778, -683, 1461, -673, -614, 1356, 1878, 1083, 1615, 
63, 1503, 1439, -783, -688, 1471, -673, -614, 1361, 1878, 1083, 1615, 
63, 1503, 1439, -783, -688, 1471, -673, -614, 1361, 1883, 1083, 1620, 
63, 1503, 1439, -783, -688, 1471, -673, -610, 1356, 1883, 1088, 1620, 
63, 1503, 1439, -783, -688, 1471, -673, -610, 1356, 1883, 1093, 1620, 
63, 1503, 1439, -783, -688, 1471, -678, -610, 1361, 1888, 1098, 1620, 
63, 1507, 1444, -785, -690, 1476, -678, -610, 1361, 1893, 1102, 1625, 
73, 1512, 1439, -793, -683, 1476, -678, -610, 1371, 1883, 1107, 1629, 
73, 1512, 1439, -793, -683, 1476, -678, -610, 1371, 1883, 1107, 1629, 
73, 1512, 1439, -793, -683, 1476, -678, -610, 1371, 1883, 1107, 1629, 
73, 1517, 1444, -795, -685, 1481, -678, -610, 1371, 1883, 1107, 1629, 
63, 1517, 1454, -790, -695, 1485, -678, -610, 1361, 1893, 1107, 1629, 
68, 1517, 1449, -793, -690, 1483, -678, -610, 1361, 1898, 1107, 1634, 
68, 1517, 1449, -793, -690, 1483, -678, -610, 1361, 1898, 1107, 1639, 
68, 1517, 1449, -793, -690, 1483, -678, -610, 1361, 1898, 1107, 1639, 
68, 1517, 1449, -793, -690, 1483, -678, -610, 1371, 1898, 1107, 1639, 
68, 1522, 1454, -795, -692, 1488, -678, -610, 1371, 1898, 1112, 1639, 
68, 1527, 1459, -797, -695, 1493, -683, -610, 1371, 1903, 1117, 1639, 
68, 1527, 1459, -797, -695, 1493, -683, -610, 1371, 1903, 1117, 1639, 
68, 1532, 1464, -800, -697, 1498, -683, -610, 1371, 1903, 1127, 1649, 
73, 1532, 1459, -802, -692, 1495, -688, -610, 1371, 1898, 1122, 1649, 
73, 1532, 1459, -802, -692, 1495, -688, -610, 1371, 1898, 1122, 1649, 
73, 1532, 1459, -802, -692, 1495, -688, -610, 1371, 1898, 1127, 1649, 
82, 1522, 1439, -802, -678, 1481, -688, -610, 1361, 1903, 1117, 1654, 
82, 1522, 1439, -802, -678, 1481, -688, -610, 1366, 1903, 1122, 1654, 
82, 1527, 1444, -805, -680, 1485, -692, -610, 1371, 1903, 1122, 1654, 
82, 1527, 1444, -805, -680, 1485, -692, -610, 1371, 1903, 1117, 1654, 
73, 1532, 1459, -802, -692, 1495, -688, -610, 1361, 1903, 1127, 1644, 
78, 1532, 1454, -805, -688, 1493, -688, -610, 1361, 1903, 1127, 1649, 
78, 1532, 1454, -805, -688, 1493, -688, -610, 1361, 1908, 1127, 1649, 
78, 1532, 1454, -805, -688, 1493, -688, -610, 1361, 1908, 1132, 1649, 
78, 1537, 1459, -807, -690, 1498, -688, -619, 1361, 1908, 1132, 1659, 
82, 1537, 1454, -810, -685, 1495, -692, -619, 1361, 1908, 1132, 1659, 
82, 1537, 1454, -810, -685, 1495, -692, -619, 1356, 1908, 1132, 1659, 
82, 1537, 1454, -810, -685, 1495, -692, -619, 1356, 1908, 1132, 1659, 
92, 1527, 1434, -810, -671, 1481, -692, -619, 1356, 1908, 1132, 1659, 
92, 1527, 1434, -810, -671, 1481, -692, -619, 1356, 1908, 1132, 1664, 
87, 1527, 1439, -807, -675, 1483, -692, -619, 1356, 1908, 1132, 1664, 
87, 1527, 1439, -807, -675, 1483, -692, -619, 1356, 1903, 1132, 1664, 
87, 1527, 1439, -807, -675, 1483, -697, -614, 1356, 1912, 1141, 1664, 
87, 1527, 1439, -807, -675, 1483, -697, -614, 1356, 1912, 1141, 1659, 
87, 1522, 1434, -805, -673, 1478, -697, -610, 1356, 1917, 1141, 1659, 
87, 1522, 1434, -805, -673, 1478, -697, -610, 1356, 1917, 1141, 1659, 
78, 1532, 1454, -805, -688, 1493, -697, -624, 1356, 1917, 1137, 1659, 
82, 1532, 1449, -807, -683, 1490, -697, -624, 1356, 1917, 1137, 1659, 
82, 1532, 1449, -807, -683, 1490, -692, -624, 1356, 1917, 1137, 1659, 
82, 1532, 1449, -807, -683, 1490, -692, -619, 1356, 1917, 1137, 1659, 
82, 1522, 1439, -802, -678, 1481, -692, -610, 1346, 1908, 1132, 1659, 
82, 1522, 1439, -802, -678, 1481, -692, -619, 1346, 1908, 1132, 1659, 
82, 1522, 1439, -802, -678, 1481, -692, -619, 1337, 1908, 1132, 1659, 
82, 1522, 1439, -802, -678, 1481, -692, -619, 1337, 1908, 1132, 1659, 
82, 1522, 1439, -802, -678, 1481, -692, -610, 1337, 1917, 1132, 1659, 
82, 1522, 1439, -802, -678, 1481, -692, -614, 1337, 1912, 1132, 1659, 
82, 1522, 1439, -802, -678, 1481, -697, -614, 1332, 1912, 1132, 1659, 
82, 1522, 1439, -802, -678, 1481, -697, -619, 1332, 1917, 1132, 1659, 
82, 1522, 1439, -802, -678, 1481, -697, -619, 1332, 1917, 1141, 1668, 
82, 1522, 1439, -802, -678, 1481, -697, -619, 1332, 1917, 1141, 1668, 
82, 1522, 1439, -802, -678, 1481, -697, -619, 1332, 1917, 1141, 1668, 
82, 1522, 1439, -802, -678, 1481, -702, -619, 1332, 1917, 1141, 1668, 
82, 1522, 1439, -802, -678, 1481, -702, -629, 1342, 1917, 1132, 1668, 
82, 1522, 1439, -802, -678, 1481, -702, -629, 1342, 1912, 1132, 1668, 
82, 1522, 1439, -802, -678, 1481, -697, -629, 1337, 1912, 1132, 1668, 
82, 1522, 1439, -802, -678, 1481, -697, -629, 1337, 1912, 1132, 1668, 
78, 1532, 1454, -805, -688, 1493, -702, -619, 1327, 1903, 1141, 1659, 
78, 1532, 1454, -805, -688, 1493, -702, -624, 1327, 1908, 1141, 1659, 
78, 1532, 1454, -805, -688, 1493, -702, -624, 1327, 1908, 1141, 1659, 
78, 1532, 1454, -805, -688, 1493, -697, -624, 1327, 1908, 1141, 1659, 
78, 1532, 1454, -805, -688, 1493, -697, -624, 1327, 1917, 1141, 1664, 
78, 1532, 1454, -805, -688, 1493, -697, -624, 1327, 1912, 1141, 1664, 
78, 1532, 1454, -805, -688, 1493, -697, -624, 1327, 1912, 1141, 1659, 
78, 1532, 1454, -805, -688, 1493, -697, -624, 1327, 1912, 1141, 1659, 
87, 1532, 1444, -810, -678, 1488, -697, -619, 1327, 1917, 1151, 1668, 
87, 1532, 1444, -810, -678, 1488, -697, -619, 1327, 1917, 1151, 1673, 
87, 1532, 1444, -810, -678, 1488, -697, -624, 1327, 1922, 1151, 1673, 
87, 1532, 1444, -810, -678, 1488, -697, -624, 1327, 1922, 1151, 1673, 
78, 1532, 1454, -805, -688, 1493, -697, -624, 1327, 1912, 1151, 1668, 
78, 1532, 1454, -805, -688, 1493, -697, -624, 1327, 1912, 1151, 1668, 
82, 1532, 1449, -807, -683, 1490, -697, -624, 1327, 1912, 1151, 1668, 
82, 1532, 1449, -807, -683, 1490, -697, -624, 1327, 1912, 1156, 1668, 
82, 1532, 1449, -807, -683, 1490, -697, -624, 1327, 1912, 1156, 1668, 
78, 1532, 1454, -805, -688, 1493, -697, -624, 1327, 1912, 1151, 1668, 
78, 1532, 1454, -805, -688, 1493, -697, -629, 1327, 1912, 1151, 1668, 
82, 1532, 1449, -807, -683, 1490, -697, -629, 1327, 1912, 1151, 1668, 
82, 1532, 1449, -807, -683, 1490, -697, -629, 1317, 1922, 1151, 1668, 
82, 1532, 1449, -807, -683, 1490, -697, -629, 1322, 1922, 1156, 1673, 
82, 1532, 1449, -807, -683, 1490, -697, -629, 1322, 1922, 1156, 1673, 
82, 1537, 1454, -810, -685, 1495, -692, -629, 1322, 1922, 1161, 1678, 
78, 1537, 1459, -807, -690, 1498, -702, -629, 1312, 1917, 1151, 1678, 
78, 1537, 1459, -807, -690, 1498, -702, -634, 1312, 1922, 1151, 1678, 
82, 1537, 1454, -810, -685, 1495, -707, -634, 1312, 1922, 1151, 1678, 
82, 1537, 1454, -810, -685, 1495, -707, -634, 1312, 1922, 1146, 1678, 
92, 1532, 1439, -812, -673, 1485, -697, -629, 1312, 1922, 1146, 1678, 
87, 1537, 1449, -812, -680, 1493, -702, -629, 1312, 1922, 1151, 1678, 
87, 1542, 1454, -814, -683, 1498, -702, -634, 1312, 1922, 1156, 1678, 
87, 1546, 1459, -817, -685, 1503, -702, -634, 1312, 1922, 1156, 1678, 
78, 1542, 1464, -810, -692, 1503, -702, -634, 1307, 1912, 1156, 1683, 
78, 1542, 1464, -810, -692, 1503, -702, -634, 1307, 1912, 1156, 1683, 
78, 1542, 1464, -810, -692, 1503, -707, -634, 1307, 1917, 1156, 1683, 
87, 1542, 1454, -814, -683, 1498, -707, -634, 1307, 1922, 1161, 1688, 
78, 1542, 1464, -810, -692, 1503, -697, -634, 1307, 1922, 1151, 1678, 
73, 1542, 1468, -807, -697, 1505, -697, -634, 1312, 1922, 1151, 1678, 
73, 1542, 1468, -807, -697, 1505, -697, -634, 1312, 1927, 1151, 1683, 
73, 1542, 1468, -807, -697, 1505, -697, -634, 1312, 1927, 1156, 1683, 
87, 1542, 1454, -814, -683, 1498, -707, -629, 1312, 1927, 1166, 1683, 
87, 1542, 1454, -814, -683, 1498, -712, -629, 1312, 1932, 1166, 1683, 
87, 1542, 1454, -814, -683, 1498, -712, -629, 1312, 1932, 1166, 1683, 
87, 1542, 1454, -814, -683, 1498, -707, -634, 1312, 1927, 1171, 1683, 
78, 1551, 1473, -814, -697, 1512, -697, -634, 1312, 1927, 1161, 1683, 
82, 1551, 1468, -817, -692, 1510, -707, -634, 1312, 1927, 1161, 1683, 
82, 1551, 1468, -817, -692, 1510, -707, -634, 1312, 1927, 1161, 1688, 
78, 1551, 1473, -814, -697, 1512, -707, -634, 1312, 1927, 1161, 1688, 
68, 1551, 1483, -810, -707, 1517, -707, -644, 1312, 1932, 1171, 1688, 
73, 1551, 1478, -812, -702, 1515, -707, -649, 1307, 1932, 1171, 1688, 
73, 1546, 1473, -810, -700, 1510, -707, -649, 1307, 1932, 1171, 1688, 
73, 1546, 1473, -810, -700, 1510, -707, -649, 1307, 1927, 1171, 1688, 
82, 1546, 1464, -814, -690, 1505, -707, -639, 1302, 1917, 1161, 1678, 
78, 1546, 1468, -812, -695, 1507, -707, -639, 1302, 1917, 1161, 1678, 
78, 1546, 1468, -812, -695, 1507, -707, -639, 1302, 1922, 1161, 1683, 
78, 1546, 1468, -812, -695, 1507, -707, -639, 1307, 1927, 1161, 1683, 
78, 1542, 1464, -810, -692, 1503, -707, -639, 1307, 1922, 1161, 1678, 
78, 1546, 1468, -812, -695, 1507, -707, -639, 1307, 1922, 1161, 1678, 
78, 1551, 1473, -814, -697, 1512, -707, -639, 1307, 1922, 1161, 1678, 
78, 1556, 1478, -817, -700, 1517, -707, -639, 1307, 1922, 1161, 1678, 
78, 1551, 1473, -814, -697, 1512, -712, -639, 1307, 1932, 1171, 1688, 
82, 1556, 1473, -819, -695, 1515, -712, -639, 1312, 1932, 1180, 1693, 
82, 1556, 1473, -819, -695, 1515, -712, -639, 1317, 1942, 1180, 1698, 
87, 1556, 1468, -822, -690, 1512, -717, -644, 1322, 1942, 1185, 1698, 
87, 1566, 1478, -827, -695, 1522, -712, -634, 1322, 1942, 1185, 1698, 
92, 1566, 1473, -829, -690, 1520, -712, -634, 1322, 1942, 1195, 1693, 
92, 1566, 1473, -829, -690, 1520, -712, -629, 1317, 1942, 1195, 1693, 
92, 1571, 1478, -832, -692, 1525, -712, -634, 1317, 1942, 1195, 1693, 
97, 1581, 1483, -839, -692, 1532, -712, -634, 1327, 1952, 1200, 1698, 
97, 1590, 1493, -844, -697, 1542, -722, -644, 1337, 1956, 1210, 1708, 
97, 1590, 1493, -844, -697, 1542, -722, -644, 1337, 1961, 1210, 1708, 
97, 1590, 1493, -844, -697, 1542, -722, -644, 1337, 1966, 1210, 1708, 
97, 1590, 1493, -844, -697, 1542, -722, -644, 1337, 1971, 1210, 1708, 
87, 1595, 1507, -841, -710, 1551, -732, -649, 1342, 1966, 1210, 1712, 
87, 1605, 1517, -846, -714, 1561, -732, -649, 1346, 1971, 1210, 1717, 
87, 1615, 1527, -851, -719, 1571, -732, -649, 1351, 1976, 1215, 1722, 
87, 1625, 1537, -856, -724, 1581, -732, -649, 1356, 1981, 1220, 1732, 
87, 1620, 1532, -854, -722, 1576, -727, -639, 1351, 1981, 1234, 1732, 
92, 1625, 1532, -858, -719, 1578, -732, -639, 1356, 1986, 1239, 1732, 
97, 1629, 1532, -863, -717, 1581, -736, -639, 1356, 1991, 1244, 1732, 
97, 1629, 1532, -863, -717, 1581, -741, -639, 1356, 1995, 1244, 1732, 
117, 1634, 1517, -875, -700, 1576, -756, -639, 1366, 1995, 1244, 1747, 
117, 1634, 1517, -875, -700, 1576, -761, -639, 1361, 1995, 1244, 1747, 
117, 1634, 1517, -875, -700, 1576, -761, -639, 1361, 1995, 1244, 1747, 
122, 1639, 1517, -880, -697, 1578, -761, -639, 1361, 1995, 1244, 1747, 
122, 1639, 1517, -880, -697, 1578, -766, -644, 1346, 1995, 1244, 1747, 
122, 1639, 1517, -880, -697, 1578, -775, -653, 1346, 1991, 1244, 1751, 
122, 1634, 1512, -878, -695, 1573, -780, -658, 1337, 1986, 1244, 1751, 
122, 1634, 1512, -878, -695, 1573, -780, -658, 1327, 1986, 1239, 1742, 
122, 1629, 1507, -875, -692, 1568, -785, -668, 1332, 1986, 1249, 1742, 
112, 1629, 1517, -871, -702, 1573, -780, -668, 1322, 1981, 1239, 1742, 
112, 1620, 1507, -866, -697, 1564, -775, -673, 1317, 1981, 1239, 1742, 
112, 1629, 1517, -871, -702, 1573, -775, -678, 1317, 1981, 1239, 1742, 
112, 1629, 1517, -871, -702, 1573, -766, -678, 1302, 1961, 1234, 1742, 
107, 1625, 1517, -866, -705, 1571, -766, -678, 1298, 1961, 1229, 1742, 
107, 1615, 1507, -861, -700, 1561, -766, -678, 1298, 1961, 1229, 1742, 
107, 1615, 1507, -861, -700, 1561, -766, -678, 1302, 1961, 1229, 1742, 
97, 1605, 1507, -851, -705, 1556, -756, -673, 1302, 1961, 1220, 1732, 
97, 1605, 1507, -851, -705, 1556, -751, -673, 1302, 1956, 1224, 1732, 
97, 1610, 1512, -854, -707, 1561, -751, -668, 1298, 1956, 1224, 1732, 
97, 1610, 1512, -854, -707, 1561, -751, -668, 1298, 1956, 1224, 1732, 
97, 1610, 1512, -854, -707, 1561, -746, -668, 1298, 1956, 1220, 1732, 
97, 1600, 1503, -849, -702, 1551, -741, -668, 1298, 1956, 1220, 1732, 
97, 1600, 1503, -849, -702, 1551, -741, -668, 1298, 1956, 1215, 1732, 
92, 1600, 1507, -846, -707, 1554, -741, -668, 1293, 1956, 1215, 1732, 
97, 1600, 1503, -849, -702, 1551, -746, -668, 1293, 1966, 1224, 1742, 
87, 1590, 1503, -839, -707, 1546, -736, -668, 1293, 1966, 1224, 1737, 
87, 1586, 1498, -836, -705, 1542, -736, -668, 1283, 1956, 1220, 1727, 
82, 1571, 1488, -827, -702, 1529, -732, -663, 1283, 1952, 1210, 1722, 
68, 1556, 1488, -812, -710, 1522, -727, -653, 1278, 1937, 1210, 1717, 
53, 1546, 1493, -800, -719, 1520, -717, -653, 1278, 1937, 1205, 1708, 
53, 1546, 1493, -800, -719, 1520, -717, -653, 1278, 1937, 1205, 1708, 
53, 1551, 1498, -802, -722, 1525, -717, -653, 1278, 1937, 1205, 1708, 
48, 1551, 1503, -800, -727, 1527, -717, -653, 1283, 1942, 1215, 1712, 
48, 1551, 1503, -800, -727, 1527, -712, -653, 1283, 1942, 1215, 1712, 
48, 1551, 1503, -800, -727, 1527, -712, -653, 1283, 1942, 1215, 1712, 
48, 1542, 1493, -795, -722, 1517, -712, -658, 1278, 1942, 1215, 1712, 
53, 1551, 1498, -802, -722, 1525, -712, -658, 1278, 1952, 1215, 1722, 
53, 1551, 1498, -802, -722, 1525, -712, -653, 1278, 1947, 1215, 1717, 
53, 1551, 1498, -802, -722, 1525, -712, -653, 1278, 1942, 1205, 1717, 
53, 1551, 1498, -802, -722, 1525, -712, -653, 1278, 1942, 1205, 1712, 
53, 1551, 1498, -802, -722, 1525, -712, -663, 1278, 1947, 1205, 1703, 
53, 1551, 1498, -802, -722, 1525, -712, -663, 1278, 1947, 1205, 1703, 
53, 1546, 1493, -800, -719, 1520, -712, -658, 1278, 1942, 1205, 1703, 
53, 1546, 1493, -800, -719, 1520, -707, -658, 1278, 1942, 1205, 1708, 
53, 1537, 1483, -795, -714, 1510, -707, -658, 1263, 1932, 1215, 1708, 
53, 1537, 1483, -795, -714, 1510, -707, -658, 1263, 1937, 1215, 1708, 
53, 1542, 1488, -797, -717, 1515, -712, -658, 1268, 1937, 1215, 1708, 
53, 1542, 1488, -797, -717, 1515, -712, -658, 1268, 1937, 1215, 1712, 
43, 1551, 1507, -797, -732, 1529, -712, -658, 1268, 1947, 1215, 1712, 
43, 1556, 1512, -800, -734, 1534, -707, -658, 1273, 1952, 1215, 1712, 
43, 1556, 1512, -800, -734, 1534, -707, -658, 1273, 1952, 1220, 1712, 
43, 1556, 1512, -800, -734, 1534, -707, -658, 1273, 1952, 1220, 1712, 
43, 1556, 1512, -800, -734, 1534, -697, -658, 1283, 1952, 1224, 1712, 
43, 1556, 1512, -800, -734, 1534, -702, -658, 1283, 1952, 1224, 1712, 
43, 1556, 1512, -800, -734, 1534, -702, -658, 1283, 1952, 1224, 1712, 
43, 1556, 1512, -800, -734, 1534, -702, -658, 1283, 1952, 1224, 1712, 
43, 1556, 1512, -800, -734, 1534, -712, -649, 1273, 1942, 1224, 1712, 
43, 1556, 1512, -800, -734, 1534, -707, -649, 1273, 1942, 1220, 1712, 
43, 1556, 1512, -800, -734, 1534, -707, -649, 1273, 1942, 1215, 1712, 
43, 1556, 1512, -800, -734, 1534, -707, -649, 1273, 1942, 1205, 1712, 
43, 1546, 1503, -795, -729, 1525, -707, -649, 1273, 1942, 1215, 1722, 
43, 1546, 1503, -795, -729, 1525, -707, -649, 1273, 1942, 1215, 1722, 
43, 1546, 1503, -795, -729, 1525, -707, -649, 1273, 1942, 1220, 1722, 
43, 1546, 1503, -795, -729, 1525, -707, -649, 1273, 1942, 1220, 1722, 
43, 1556, 1512, -800, -734, 1534, -707, -649, 1273, 1947, 1229, 1722, 
43, 1556, 1512, -800, -734, 1534, -707, -649, 1273, 1947, 1229, 1727, 
43, 1561, 1517, -802, -736, 1539, -707, -649, 1278, 1947, 1229, 1727, 
43, 1561, 1517, -802, -736, 1539, -712, -653, 1278, 1947, 1229, 1727, 
43, 1566, 1522, -805, -739, 1544, -722, -653, 1278, 1956, 1239, 1737, 
43, 1571, 1527, -807, -741, 1549, -717, -653, 1278, 1956, 1239, 1737, 
43, 1576, 1532, -810, -744, 1554, -717, -649, 1278, 1956, 1239, 1737, 
48, 1576, 1527, -812, -739, 1551, -717, -649, 1273, 1956, 1239, 1737, 
58, 1576, 1517, -817, -729, 1546, -717, -658, 1273, 1961, 1229, 1737, 
53, 1561, 1507, -807, -727, 1534, -717, -653, 1263, 1942, 1215, 1722, 
58, 1542, 1483, -800, -712, 1512, -702, -624, 1254, 1927, 1210, 1712, 
68, 1542, 1473, -805, -702, 1507, -688, -605, 1254, 1917, 1210, 1712, 
82, 1537, 1454, -810, -685, 1495, -688, -590, 1254, 1932, 1205, 1712, 
87, 1546, 1459, -817, -685, 1503, -668, -541, 1283, 1947, 1220, 1712, 
102, 1581, 1478, -841, -688, 1529, -644, -463, 1342, 1995, 1259, 1717, 
131, 1629, 1498, -880, -683, 1564, -649, -395, 1420, 2064, 1312, 1742, 
195, 1693, 1498, -944, -651, 1595, -658, -341, 1464, 2132, 1395, 1771, 
283, 1771, 1488, -1027, -602, 1629, -663, -239, 1517, 2215, 1488, 1820, 
370, 1849, 1478, -1110, -553, 1664, -663, -126, 1605, 2298, 1590, 1864, 
444, 1942, 1498, -1193, -527, 1720, -663, -43, 1698, 2410, 1708, 1912, 
502, 2054, 1551, -1278, -524, 1803, -692, -24, 1776, 2518, 1820, 1995, 
546, 2176, 1629, -1361, -541, 1903, -751, -73, 1800, 2605, 1932, 2083, 
585, 2327, 1742, -1456, -578, 2034, -839, -161, 1805, 2674, 2044, 2191, 
605, 2459, 1854, -1532, -624, 2156, -912, -268, 1776, 2713, 2117, 2288, 
590, 2503, 1912, -1546, -661, 2208, -936, -370, 1693, 2654, 2088, 2347, 
541, 2503, 1961, -1522, -710, 2232, -976, -541, 1586, 2527, 2005, 2352, 
439, 2479, 2039, -1459, -800, 2259, -1024, -761, 1483, 2435, 1908, 2371, 
287, 2420, 2132, -1354, -922, 2276, -1078, -1010, 1346, 2318, 1805, 2371, 
136, 2308, 2171, -1222, -1017, 2239, -1132, -1288, 1156, 2166, 1654, 2332, 
19, 2205, 2186, -1112, -1083, 2196, -1205, -1537, 956, 2000, 1498, 2298, 
-48, 2093, 2142, -1022, -1095, 2117, -1229, -1678, 785, 1869, 1366, 2239, 
-73, 1966, 2039, -946, -1056, 2003, -1210, -1668, 712, 1771, 1259, 2161, 
-92, 1893, 1986, -900, -1039, 1939, -1180, -1605, 732, 1742, 1190, 2108, 
-92, 1873, 1966, -890, -1029, 1920, -1141, -1512, 790, 1761, 1190, 2064, 
-78, 1854, 1932, -888, -1005, 1893, -1083, -1376, 863, 1790, 1205, 2034, 
-53, 1805, 1859, -875, -956, 1832, -1029, -1254, 907, 1810, 1205, 1986, 
-43, 1761, 1805, -858, -924, 1783, -990, -1151, 946, 1815, 1185, 1927, 
-24, 1742, 1766, -858, -895, 1754, -951, -1068, 1024, 1849, 1200, 1908, 
-9, 1727, 1737, -858, -873, 1732, -912, -985, 1083, 1873, 1220, 1883, 
0, 1693, 1693, -846, -846, 1693, -868, -922, 1122, 1883, 1220, 1854, 
9, 1678, 1668, -844, -829, 1673, -834, -858, 1156, 1903, 1229, 1844, 
14, 1659, 1644, -836, -814, 1651, -795, -814, 1180, 1917, 1224, 1830, 
19, 1629, 1610, -824, -795, 1620, -766, -775, 1195, 1917, 1220, 1800, 
24, 1620, 1595, -822, -785, 1607, -751, -741, 1210, 1922, 1220, 1781, 
24, 1615, 1590, -819, -783, 1603, -741, -717, 1210, 1917, 1224, 1766, 
24, 1605, 1581, -814, -778, 1593, -736, -697, 1220, 1927, 1224, 1761, 
34, 1615, 1581, -824, -773, 1598, -732, -678, 1229, 1937, 1229, 1756, 
34, 1615, 1581, -824, -773, 1598, -732, -658, 1254, 1942, 1244, 1766, 
34, 1610, 1576, -822, -771, 1593, -732, -663, 1254, 1942, 1244, 1761, 
39, 1610, 1571, -824, -766, 1590, -722, -663, 1268, 1942, 1244, 1761, 
39, 1610, 1571, -824, -766, 1590, -717, -658, 1268, 1947, 1244, 1756, 
39, 1610, 1571, -824, -766, 1590, -712, -658, 1268, 1947, 1244, 1751, 
34, 1605, 1571, -819, -768, 1588, -702, -653, 1268, 1947, 1234, 1751, 
34, 1605, 1571, -819, -768, 1588, -702, -653, 1263, 1942, 1234, 1751, 
39, 1600, 1561, -819, -761, 1581, -702, -653, 1263, 1942, 1229, 1747, 
43, 1600, 1556, -822, -756, 1578, -697, -649, 1268, 1942, 1229, 1747, 
34, 1600, 1566, -817, -766, 1583, -702, -653, 1263, 1947, 1239, 1747, 
34, 1600, 1566, -817, -766, 1583, -707, -653, 1263, 1947, 1239, 1747, 
39, 1600, 1561, -819, -761, 1581, -712, -649, 1268, 1947, 1239, 1747, 
39, 1605, 1566, -822, -763, 1586, -717, -644, 1273, 1952, 1244, 1751, 
48, 1615, 1566, -832, -758, 1590, -707, -644, 1263, 1942, 1244, 1751, 
48, 1615, 1566, -832, -758, 1590, -712, -644, 1263, 1942, 1244, 1751, 
48, 1615, 1566, -832, -758, 1590, -712, -644, 1263, 1942, 1244, 1751, 
48, 1615, 1566, -832, -758, 1590, -712, -644, 1268, 1942, 1244, 1751, 
48, 1615, 1566, -832, -758, 1590, -712, -639, 1273, 1942, 1254, 1751, 
48, 1615, 1566, -832, -758, 1590, -712, -639, 1273, 1942, 1254, 1751, 
48, 1615, 1566, -832, -758, 1590, -712, -639, 1273, 1942, 1254, 1751, 
48, 1615, 1566, -832, -758, 1590, -712, -639, 1273, 1947, 1254, 1751, 
39, 1625, 1586, -832, -773, 1605, -722, -639, 1278, 1956, 1254, 1751, 
43, 1625, 1581, -834, -768, 1603, -722, -639, 1278, 1956, 1259, 1751, 
43, 1625, 1581, -834, -768, 1603, -722, -639, 1278, 1961, 1263, 1756, 
43, 1625, 1581, -834, -768, 1603, -722, -639, 1278, 1961, 1263, 1756, 
43, 1629, 1586, -836, -771, 1607, -727, -639, 1278, 1952, 1254, 1766, 
43, 1629, 1586, -836, -771, 1607, -727, -639, 1278, 1952, 1259, 1766, 
43, 1629, 1586, -836, -771, 1607, -727, -634, 1278, 1952, 1259, 1766, 
48, 1639, 1590, -844, -771, 1615, -727, -634, 1278, 1956, 1259, 1766, 
48, 1639, 1590, -844, -771, 1615, -727, -634, 1273, 1956, 1263, 1766, 
48, 1639, 1590, -844, -771, 1615, -727, -634, 1273, 1956, 1263, 1766, 
48, 1639, 1590, -844, -771, 1615, -727, -634, 1273, 1952, 1263, 1766, 
48, 1639, 1590, -844, -771, 1615, -727, -634, 1273, 1952, 1263, 1766, 
48, 1644, 1595, -846, -773, 1620, -727, -634, 1273, 1947, 1263, 1766, 
48, 1644, 1595, -846, -773, 1620, -727, -634, 1273, 1952, 1263, 1771, 
48, 1644, 1595, -846, -773, 1620, -727, -634, 1273, 1952, 1263, 1771, 
48, 1649, 1600, -849, -775, 1625, -727, -634, 1273, 1952, 1259, 1771, 
48, 1649, 1600, -849, -775, 1625, -717, -629, 1278, 1952, 1268, 1771, 
48, 1644, 1595, -846, -773, 1620, -717, -629, 1278, 1952, 1268, 1771, 
48, 1644, 1595, -846, -773, 1620, -717, -629, 1278, 1952, 1268, 1771, 
53, 1649, 1595, -851, -771, 1622, -717, -629, 1283, 1952, 1268, 1771, 
63, 1654, 1590, -858, -763, 1622, -722, -639, 1273, 1952, 1268, 1771, 
63, 1659, 1595, -861, -766, 1627, -727, -639, 1273, 1952, 1268, 1771, 
63, 1664, 1600, -863, -768, 1632, -732, -639, 1273, 1952, 1273, 1771, 
63, 1668, 1605, -866, -771, 1637, -736, -639, 1273, 1956, 1273, 1771, 
63, 1678, 1615, -871, -775, 1647, -736, -639, 1273, 1956, 1273, 1781, 
63, 1678, 1615, -871, -775, 1647, -736, -639, 1273, 1952, 1268, 1781, 
68, 1688, 1620, -878, -775, 1654, -736, -639, 1278, 1952, 1268, 1786, 
68, 1688, 1620, -878, -775, 1654, -736, -639, 1283, 1956, 1268, 1790, 
58, 1678, 1620, -868, -780, 1649, -736, -639, 1273, 1956, 1268, 1781, 
58, 1678, 1620, -868, -780, 1649, -736, -634, 1273, 1956, 1273, 1781, 
58, 1678, 1620, -868, -780, 1649, -736, -634, 1278, 1961, 1273, 1781, 
58, 1683, 1625, -871, -783, 1654, -736, -629, 1278, 1961, 1273, 1781, 
68, 1683, 1615, -875, -773, 1649, -746, -639, 1278, 1956, 1273, 1771, 
68, 1683, 1615, -875, -773, 1649, -746, -639, 1278, 1952, 1273, 1771, 
68, 1683, 1615, -875, -773, 1649, -746, -639, 1278, 1947, 1273, 1771, 
68, 1683, 1615, -875, -773, 1649, -746, -644, 1278, 1942, 1273, 1771, 
68, 1683, 1615, -875, -773, 1649, -746, -634, 1278, 1952, 1273, 1781, 
68, 1688, 1620, -878, -775, 1654, -746, -634, 1283, 1952, 1283, 1781, 
73, 1693, 1620, -883, -773, 1656, -751, -624, 1283, 1952, 1283, 1786, 
78, 1693, 1615, -885, -768, 1654, -751, -624, 1283, 1952, 1283, 1786, 
68, 1698, 1629, -883, -780, 1664, -751, -624, 1288, 1956, 1283, 1790, 
68, 1703, 1634, -885, -783, 1668, -751, -624, 1288, 1961, 1288, 1790, 
68, 1708, 1639, -888, -785, 1673, -751, -624, 1288, 1961, 1288, 1790, 
68, 1717, 1649, -893, -790, 1683, -751, -619, 1288, 1961, 1288, 1790, 
68, 1708, 1639, -888, -785, 1673, -741, -619, 1293, 1956, 1278, 1790, 
68, 1712, 1644, -890, -788, 1678, -746, -624, 1293, 1956, 1283, 1790, 
73, 1722, 1649, -897, -788, 1686, -751, -629, 1283, 1956, 1288, 1795, 
73, 1727, 1654, -900, -790, 1690, -751, -629, 1283, 1956, 1288, 1800, 
82, 1727, 1644, -905, -780, 1686, -761, -619, 1283, 1966, 1293, 1795, 
87, 1732, 1644, -910, -778, 1688, -761, -619, 1288, 1966, 1293, 1795, 
87, 1737, 1649, -912, -780, 1693, -761, -619, 1288, 1966, 1298, 1795, 
87, 1737, 1649, -912, -780, 1693, -771, -619, 1293, 1976, 1298, 1805, 
82, 1751, 1668, -917, -793, 1710, -771, -629, 1283, 1971, 1312, 1815, 
82, 1756, 1673, -919, -795, 1715, -775, -629, 1283, 1976, 1312, 1815, 
82, 1761, 1678, -922, -797, 1720, -775, -634, 1283, 1976, 1317, 1820, 
87, 1771, 1683, -929, -797, 1727, -780, -634, 1283, 1976, 1317, 1820, 
87, 1766, 1678, -927, -795, 1722, -785, -634, 1288, 1986, 1322, 1825, 
92, 1771, 1678, -932, -793, 1725, -790, -634, 1288, 1986, 1327, 1830, 
92, 1776, 1683, -934, -795, 1729, -790, -634, 1288, 1986, 1332, 1834, 
92, 1781, 1688, -936, -797, 1734, -795, -634, 1293, 1995, 1332, 1834, 
97, 1790, 1693, -944, -797, 1742, -790, -634, 1298, 1986, 1332, 1834, 
97, 1795, 1698, -946, -800, 1747, -790, -634, 1298, 1991, 1342, 1839, 
107, 1800, 1693, -954, -793, 1747, -795, -634, 1298, 1991, 1342, 1844, 
107, 1805, 1698, -956, -795, 1751, -800, -639, 1293, 1991, 1346, 1849, 
107, 1815, 1708, -961, -800, 1761, -805, -639, 1283, 1981, 1351, 1844, 
112, 1825, 1712, -968, -800, 1769, -810, -644, 1288, 1991, 1351, 1849, 
122, 1839, 1717, -980, -797, 1778, -814, -649, 1288, 1995, 1356, 1854, 
122, 1839, 1717, -980, -797, 1778, -819, -649, 1288, 1995, 1361, 1854, 
122, 1844, 1722, -983, -800, 1783, -834, -653, 1278, 2000, 1366, 1864, 
122, 1849, 1727, -985, -802, 1788, -834, -658, 1278, 2010, 1371, 1873, 
126, 1859, 1732, -993, -802, 1795, -839, -663, 1283, 2010, 1376, 1883, 
126, 1864, 1737, -995, -805, 1800, -844, -663, 1283, 2010, 1376, 1893, 
126, 1878, 1751, -1002, -812, 1815, -849, -678, 1273, 2010, 1390, 1898, 
131, 1883, 1751, -1007, -810, 1817, -854, -683, 1268, 2010, 1390, 1898, 
131, 1888, 1756, -1010, -812, 1822, -858, -688, 1268, 2010, 1390, 1903, 
131, 1898, 1766, -1015, -817, 1832, -863, -692, 1268, 2015, 1390, 1908, 
126, 1898, 1771, -1012, -822, 1834, -868, -683, 1268, 2015, 1395, 1903, 
126, 1903, 1776, -1015, -824, 1839, -873, -688, 1268, 2015, 1395, 1908, 
126, 1903, 1776, -1015, -824, 1839, -878, -692, 1268, 2020, 1400, 1908, 
126, 1908, 1781, -1017, -827, 1844, -878, -697, 1268, 2020, 1400, 1908, 
131, 1903, 1771, -1017, -819, 1837, -883, -702, 1259, 2015, 1390, 1908, 
131, 1908, 1776, -1019, -822, 1842, -883, -702, 1259, 2015, 1390, 1917, 
126, 1908, 1781, -1017, -827, 1844, -883, -707, 1259, 2010, 1390, 1917, 
126, 1908, 1781, -1017, -827, 1844, -883, -712, 1254, 1995, 1390, 1917, 
126, 1908, 1781, -1017, -827, 1844, -888, -722, 1254, 2005, 1400, 1917, 
126, 1908, 1781, -1017, -827, 1844, -888, -727, 1254, 2005, 1400, 1917, 
126, 1908, 1781, -1017, -827, 1844, -888, -727, 1254, 2005, 1400, 1917, 
126, 1908, 1781, -1017, -827, 1844, -888, -732, 1254, 2005, 1400, 1917, 
117, 1917, 1800, -1017, -841, 1859, -888, -736, 1244, 2005, 1400, 1932, 
112, 1917, 1805, -1015, -846, 1861, -893, -736, 1244, 2005, 1400, 1932, 
112, 1917, 1805, -1015, -846, 1861, -893, -736, 1244, 2005, 1400, 1932, 
112, 1917, 1805, -1015, -846, 1861, -893, -736, 1249, 2010, 1400, 1932, 
112, 1927, 1815, -1019, -851, 1871, -888, -741, 1249, 2010, 1405, 1932, 
112, 1922, 1810, -1017, -849, 1866, -888, -741, 1249, 2010, 1405, 1927, 
112, 1922, 1810, -1017, -849, 1866, -888, -741, 1249, 2010, 1405, 1922, 
112, 1917, 1805, -1015, -846, 1861, -888, -741, 1249, 2010, 1405, 1922, 
117, 1927, 1810, -1022, -846, 1869, -897, -741, 1254, 2010, 1415, 1922, 
117, 1922, 1805, -1019, -844, 1864, -893, -736, 1254, 2010, 1415, 1922, 
112, 1917, 1805, -1015, -846, 1861, -893, -736, 1254, 2010, 1410, 1922, 
112, 1912, 1800, -1012, -844, 1856, -888, -736, 1259, 2015, 1410, 1922, 
102, 1917, 1815, -1010, -856, 1866, -878, -736, 1259, 2005, 1410, 1917, 
102, 1908, 1805, -1005, -851, 1856, -878, -736, 1259, 2005, 1410, 1917, 
97, 1908, 1810, -1002, -856, 1859, -873, -736, 1259, 2005, 1405, 1917, 
97, 1908, 1810, -1002, -856, 1859, -868, -736, 1268, 2005, 1405, 1912, 
92, 1908, 1815, -1000, -861, 1861, -878, -746, 1273, 2015, 1405, 1898, 
87, 1903, 1815, -995, -863, 1859, -873, -741, 1273, 2015, 1405, 1898, 
87, 1898, 1810, -993, -861, 1854, -868, -741, 1273, 2015, 1405, 1893, 
87, 1893, 1805, -990, -858, 1849, -863, -741, 1273, 2015, 1400, 1893, 
87, 1898, 1810, -993, -861, 1854, -868, -732, 1273, 2020, 1400, 1893, 
87, 1893, 1805, -990, -858, 1849, -868, -732, 1273, 2020, 1405, 1883, 
82, 1893, 1810, -988, -863, 1851, -868, -732, 1273, 2020, 1410, 1878, 
82, 1893, 1810, -988, -863, 1851, -863, -732, 1273, 2020, 1415, 1878, 
82, 1893, 1810, -988, -863, 1851, -849, -741, 1283, 2020, 1410, 1878, 
78, 1888, 1810, -983, -866, 1849, -849, -741, 1283, 2020, 1405, 1878, 
78, 1883, 1805, -980, -863, 1844, -849, -741, 1278, 2020, 1405, 1878, 
78, 1878, 1800, -978, -861, 1839, -844, -741, 1278, 2020, 1405, 1878, 
63, 1873, 1810, -968, -873, 1842, -839, -732, 1278, 2005, 1405, 1869, 
63, 1869, 1805, -966, -871, 1837, -839, -732, 1278, 2000, 1400, 1869, 
63, 1864, 1800, -963, -868, 1832, -839, -732, 1278, 1995, 1400, 1869, 
58, 1864, 1805, -961, -873, 1834, -834, -732, 1278, 1995, 1400, 1864, 
58, 1849, 1790, -954, -866, 1820, -834, -732, 1268, 1995, 1390, 1864, 
58, 1849, 1790, -954, -866, 1820, -829, -732, 1263, 1995, 1385, 1864, 
58, 1849, 1790, -954, -866, 1820, -829, -732, 1263, 1995, 1385, 1864, 
53, 1849, 1795, -951, -871, 1822, -829, -732, 1263, 1991, 1385, 1864, 
53, 1859, 1805, -956, -875, 1832, -829, -732, 1263, 1995, 1385, 1864, 
53, 1859, 1805, -956, -875, 1832, -829, -732, 1263, 1995, 1390, 1859, 
48, 1854, 1805, -951, -878, 1830, -829, -732, 1263, 1995, 1390, 1859, 
48, 1854, 1805, -951, -878, 1830, -829, -732, 1263, 1995, 1395, 1859, 
39, 1854, 1815, -946, -888, 1834, -824, -727, 1273, 2005, 1405, 1859, 
39, 1849, 1810, -944, -885, 1830, -824, -727, 1273, 2005, 1405, 1859, 
39, 1844, 1805, -941, -883, 1825, -824, -727, 1273, 2005, 1405, 1859, 
39, 1844, 1805, -941, -883, 1825, -824, -727, 1273, 2005, 1400, 1859, 
43, 1854, 1810, -949, -883, 1832, -824, -736, 1263, 1991, 1390, 1864, 
43, 1849, 1805, -946, -880, 1827, -824, -736, 1263, 1991, 1390, 1864, 
43, 1849, 1805, -946, -880, 1827, -819, -736, 1263, 1991, 1390, 1864, 
43, 1849, 1805, -946, -880, 1827, -819, -736, 1263, 1991, 1385, 1864, 
34, 1859, 1825, -946, -895, 1842, -819, -746, 1263, 1981, 1385, 1864, 
34, 1859, 1825, -946, -895, 1842, -819, -741, 1263, 1981, 1385, 1864, 
29, 1854, 1825, -941, -897, 1839, -819, -741, 1268, 1976, 1385, 1859, 
29, 1854, 1825, -941, -897, 1839, -819, -741, 1268, 1976, 1385, 1859, 
29, 1844, 1815, -936, -893, 1830, -819, -732, 1268, 1981, 1395, 1849, 
29, 1844, 1815, -936, -893, 1830, -814, -732, 1268, 1981, 1395, 1854, 
29, 1849, 1820, -939, -895, 1834, -814, -732, 1263, 1981, 1390, 1854, 
29, 1849, 1820, -939, -895, 1834, -814, -732, 1263, 1981, 1390, 1854, 
24, 1849, 1825, -936, -900, 1837, -805, -732, 1263, 1991, 1400, 1864, 
24, 1849, 1825, -936, -900, 1837, -810, -732, 1263, 1991, 1400, 1864, 
24, 1849, 1825, -936, -900, 1837, -810, -732, 1268, 1991, 1400, 1864, 
24, 1849, 1825, -936, -900, 1837, -810, -732, 1268, 1991, 1405, 1864, 
24, 1854, 1830, -939, -902, 1842, -810, -732, 1268, 1981, 1395, 1864, 
24, 1854, 1830, -939, -902, 1842, -810, -732, 1268, 1986, 1395, 1869, 
24, 1849, 1825, -936, -900, 1837, -810, -732, 1268, 1986, 1395, 1869, 
24, 1849, 1825, -936, -900, 1837, -810, -732, 1268, 1986, 1400, 1869, 
19, 1864, 1844, -941, -912, 1854, -810, -741, 1278, 1995, 1410, 1878, 
19, 1864, 1844, -941, -912, 1854, -814, -741, 1278, 1995, 1410, 1878, 
19, 1864, 1844, -941, -912, 1854, -819, -741, 1278, 1995, 1410, 1878, 
19, 1864, 1844, -941, -912, 1854, -824, -741, 1283, 1995, 1410, 1878, 
29, 1869, 1839, -949, -905, 1854, -824, -741, 1283, 2005, 1420, 1878, 
29, 1873, 1844, -951, -907, 1859, -824, -741, 1288, 2005, 1420, 1878, 
34, 1878, 1844, -956, -905, 1861, -829, -741, 1288, 2005, 1420, 1878, 
34, 1883, 1849, -958, -907, 1866, -829, -741, 1283, 2005, 1424, 1878, 
24, 1883, 1859, -954, -917, 1871, -819, -741, 1273, 1995, 1424, 1878, 
24, 1883, 1859, -954, -917, 1871, -819, -741, 1278, 1995, 1424, 1878, 
24, 1893, 1869, -958, -922, 1881, -819, -741, 1283, 1995, 1424, 1878, 
24, 1893, 1869, -958, -922, 1881, -819, -741, 1283, 2000, 1424, 1883, 
24, 1893, 1869, -958, -922, 1881, -829, -746, 1268, 1991, 1424, 1883, 
24, 1893, 1869, -958, -922, 1881, -829, -746, 1268, 1991, 1424, 1883, 
24, 1893, 1869, -958, -922, 1881, -834, -746, 1273, 1995, 1424, 1883, 
24, 1898, 1873, -961, -924, 1886, -834, -746, 1273, 2000, 1424, 1888, 
34, 1903, 1869, -968, -917, 1886, -834, -746, 1273, 2000, 1439, 1893, 
34, 1903, 1869, -968, -917, 1886, -834, -746, 1273, 2000, 1439, 1893, 
34, 1903, 1869, -968, -917, 1886, -834, -746, 1273, 2000, 1439, 1893, 
34, 1908, 1873, -971, -919, 1891, -834, -746, 1273, 2000, 1439, 1893, 
34, 1917, 1883, -976, -924, 1900, -834, -746, 1283, 2010, 1449, 1893, 
39, 1917, 1878, -978, -919, 1898, -834, -746, 1283, 2015, 1449, 1898, 
39, 1917, 1878, -978, -919, 1898, -834, -746, 1283, 2015, 1449, 1903, 
39, 1917, 1878, -978, -919, 1898, -834, -746, 1283, 2015, 1449, 1903, 
39, 1917, 1878, -978, -919, 1898, -844, -756, 1283, 2005, 1449, 1903, 
39, 1922, 1883, -980, -922, 1903, -844, -756, 1283, 2005, 1454, 1903, 
39, 1927, 1888, -983, -924, 1908, -849, -756, 1283, 2010, 1459, 1903, 
39, 1927, 1888, -983, -924, 1908, -849, -756, 1283, 2010, 1459, 1903, 
39, 1932, 1893, -985, -927, 1912, -849, -746, 1273, 2020, 1459, 1912, 
43, 1932, 1888, -988, -922, 1910, -854, -746, 1273, 2015, 1454, 1912, 
43, 1932, 1888, -988, -922, 1910, -854, -746, 1273, 2015, 1454, 1912, 
43, 1932, 1888, -988, -922, 1910, -854, -746, 1273, 2015, 1459, 1912, 
43, 1942, 1898, -993, -927, 1920, -854, -756, 1273, 2010, 1468, 1927, 
43, 1942, 1898, -993, -927, 1920, -854, -756, 1278, 2010, 1473, 1927, 
43, 1947, 1903, -995, -929, 1925, -858, -756, 1283, 2010, 1473, 1927, 
43, 1947, 1903, -995, -929, 1925, -858, -756, 1283, 2010, 1468, 1927, 
43, 1952, 1908, -997, -932, 1930, -854, -756, 1273, 2020, 1459, 1922, 
48, 1952, 1903, -1000, -927, 1927, -854, -756, 1273, 2020, 1459, 1922, 
48, 1952, 1903, -1000, -927, 1927, -854, -756, 1273, 2025, 1459, 1917, 
48, 1952, 1903, -1000, -927, 1927, -854, -756, 1273, 2025, 1464, 1912, 
48, 1947, 1898, -997, -924, 1922, -854, -756, 1273, 2020, 1464, 1912, 
53, 1947, 1893, -1000, -919, 1920, -858, -756, 1273, 2015, 1464, 1912, 
53, 1947, 1893, -1000, -919, 1920, -858, -756, 1268, 2010, 1464, 1912, 
53, 1947, 1893, -1000, -919, 1920, -858, -756, 1268, 2005, 1464, 1912, 
53, 1947, 1893, -1000, -919, 1920, -858, -756, 1268, 2005, 1473, 1912, 
53, 1947, 1893, -1000, -919, 1920, -858, -756, 1268, 2005, 1473, 1917, 
48, 1947, 1898, -997, -924, 1922, -858, -756, 1268, 2005, 1473, 1917, 
48, 1947, 1898, -997, -924, 1922, -858, -756, 1268, 2000, 1473, 1917, 
39, 1952, 1912, -995, -936, 1932, -863, -771, 1268, 2010, 1483, 1927, 
39, 1956, 1917, -997, -939, 1937, -863, -771, 1268, 2010, 1483, 1922, 
39, 1956, 1917, -997, -939, 1937, -863, -766, 1268, 2015, 1483, 1922, 
39, 1961, 1922, -1000, -941, 1942, -863, -766, 1268, 2015, 1483, 1922, 
39, 1966, 1927, -1002, -944, 1947, -863, -771, 1268, 2015, 1488, 1922, 
43, 1971, 1927, -1007, -941, 1949, -863, -771, 1268, 2015, 1488, 1922, 
43, 1976, 1932, -1010, -944, 1954, -858, -771, 1268, 2015, 1488, 1922, 
43, 1981, 1937, -1012, -946, 1959, -858, -766, 1268, 2015, 1488, 1922, 
43, 1971, 1927, -1007, -941, 1949, -858, -766, 1268, 2005, 1488, 1917, 
43, 1971, 1927, -1007, -941, 1949, -858, -775, 1268, 2005, 1483, 1912, 
43, 1971, 1927, -1007, -941, 1949, -858, -775, 1259, 2005, 1478, 1908, 
43, 1971, 1927, -1007, -941, 1949, -858, -775, 1259, 2005, 1473, 1903, 
43, 1966, 1922, -1005, -939, 1944, -858, -771, 1249, 1995, 1473, 1903, 
43, 1961, 1917, -1002, -936, 1939, -858, -771, 1249, 1991, 1473, 1903, 
43, 1956, 1912, -1000, -934, 1934, -863, -766, 1244, 1991, 1473, 1903, 
43, 1952, 1908, -997, -932, 1930, -863, -766, 1244, 1995, 1473, 1903, 
43, 1966, 1922, -1005, -939, 1944, -873, -771, 1249, 2005, 1483, 1908, 
43, 1971, 1927, -1007, -941, 1949, -873, -775, 1254, 2005, 1483, 1912, 
43, 1976, 1932, -1010, -944, 1954, -873, -780, 1259, 2005, 1483, 1917, 
43, 1981, 1937, -1012, -946, 1959, -878, -785, 1263, 2005, 1483, 1922, 
43, 1971, 1927, -1007, -941, 1949, -868, -785, 1254, 2005, 1483, 1912, 
43, 1971, 1927, -1007, -941, 1949, -868, -785, 1254, 2000, 1483, 1912, 
43, 1971, 1927, -1007, -941, 1949, -863, -785, 1249, 2000, 1483, 1912, 
43, 1971, 1927, -1007, -941, 1949, -863, -785, 1249, 2000, 1483, 1912, 
39, 1971, 1932, -1005, -946, 1952, -878, -775, 1249, 1991, 1483, 1912, 
39, 1971, 1932, -1005, -946, 1952, -878, -780, 1249, 1995, 1483, 1912, 
39, 1971, 1932, -1005, -946, 1952, -878, -780, 1249, 1995, 1483, 1912, 
39, 1971, 1932, -1005, -946, 1952, -873, -780, 1249, 1995, 1483, 1912, 
39, 1981, 1942, -1010, -951, 1961, -873, -790, 1249, 2005, 1483, 1917, 
39, 1981, 1942, -1010, -951, 1961, -873, -790, 1249, 2000, 1483, 1917, 
39, 1981, 1942, -1010, -951, 1961, -873, -790, 1249, 2000, 1483, 1912, 
39, 1981, 1942, -1010, -951, 1961, -873, -790, 1249, 2000, 1483, 1912, 
39, 1991, 1952, -1015, -956, 1971, -873, -785, 1249, 1995, 1493, 1912, 
39, 1991, 1952, -1015, -956, 1971, -873, -785, 1249, 1995, 1493, 1917, 
39, 1991, 1952, -1015, -956, 1971, -873, -790, 1249, 2000, 1493, 1917, 
39, 1991, 1952, -1015, -956, 1971, -873, -790, 1249, 2000, 1493, 1917, 
39, 2000, 1961, -1019, -961, 1981, -883, -800, 1249, 2000, 1493, 1912, 
39, 2000, 1961, -1019, -961, 1981, -883, -800, 1249, 2000, 1493, 1912, 
43, 2000, 1956, -1022, -956, 1978, -883, -800, 1249, 2000, 1493, 1912, 
43, 2000, 1956, -1022, -956, 1978, -883, -800, 1249, 2000, 1498, 1912, 
43, 2000, 1956, -1022, -956, 1978, -883, -790, 1249, 2000, 1498, 1912, 
39, 2000, 1961, -1019, -961, 1981, -883, -790, 1249, 2000, 1493, 1912, 
39, 2000, 1961, -1019, -961, 1981, -883, -795, 1249, 2000, 1493, 1912, 
43, 2000, 1956, -1022, -956, 1978, -883, -795, 1249, 2000, 1493, 1912, 
43, 2000, 1956, -1022, -956, 1978, -883, -795, 1249, 2000, 1493, 1912, 
43, 2000, 1956, -1022, -956, 1978, -883, -795, 1254, 2000, 1498, 1917, 
43, 2000, 1956, -1022, -956, 1978, -883, -795, 1254, 2000, 1498, 1917, 
43, 2005, 1961, -1024, -958, 1983, -878, -795, 1254, 2000, 1503, 1922, 
39, 2015, 1976, -1027, -968, 1995, -878, -795, 1254, 1995, 1512, 1912, 
39, 2015, 1976, -1027, -968, 1995, -878, -800, 1254, 2000, 1512, 1912, 
43, 2015, 1971, -1029, -963, 1993, -883, -800, 1254, 2000, 1512, 1912, 
43, 2015, 1971, -1029, -963, 1993, -883, -800, 1254, 2000, 1507, 1912, 
43, 2010, 1966, -1027, -961, 1988, -883, -795, 1244, 2000, 1507, 1912, 
39, 2015, 1976, -1027, -968, 1995, -888, -795, 1244, 2000, 1512, 1912, 
39, 2020, 1981, -1029, -971, 2000, -888, -800, 1244, 2000, 1517, 1912, 
39, 2025, 1986, -1032, -973, 2005, -888, -800, 1244, 2000, 1517, 1912, 
29, 2015, 1986, -1022, -978, 2000, -888, -800, 1239, 2000, 1517, 1917, 
29, 2020, 1991, -1024, -980, 2005, -888, -800, 1239, 2000, 1517, 1917, 
29, 2025, 1995, -1027, -983, 2010, -893, -800, 1239, 2005, 1517, 1917, 
39, 2030, 1991, -1034, -976, 2010, -893, -800, 1239, 2010, 1522, 1922, 
39, 2020, 1981, -1029, -971, 2000, -883, -810, 1229, 2000, 1522, 1912, 
34, 2020, 1986, -1027, -976, 2003, -883, -810, 1234, 2000, 1522, 1912, 
34, 2020, 1986, -1027, -976, 2003, -883, -810, 1234, 2005, 1522, 1917, 
34, 2020, 1986, -1027, -976, 2003, -883, -810, 1234, 2005, 1527, 1917, 
39, 2020, 1981, -1029, -971, 2000, -893, -795, 1244, 2005, 1527, 1917, 
39, 2020, 1981, -1029, -971, 2000, -897, -795, 1244, 2010, 1527, 1917, 
39, 2020, 1981, -1029, -971, 2000, -897, -795, 1244, 2010, 1527, 1917, 
39, 2020, 1981, -1029, -971, 2000, -893, -800, 1244, 2005, 1532, 1917, 
39, 2030, 1991, -1034, -976, 2010, -883, -810, 1244, 2005, 1532, 1917, 
43, 2030, 1986, -1037, -971, 2008, -893, -810, 1244, 2005, 1532, 1917, 
43, 2030, 1986, -1037, -971, 2008, -893, -810, 1244, 2005, 1532, 1922, 
39, 2030, 1991, -1034, -976, 2010, -893, -810, 1244, 2005, 1532, 1922, 
29, 2030, 2000, -1029, -985, 2015, -893, -810, 1244, 2000, 1532, 1922, 
34, 2030, 1995, -1032, -980, 2013, -893, -814, 1239, 2000, 1532, 1922, 
34, 2025, 1991, -1029, -978, 2008, -893, -814, 1239, 2000, 1532, 1922, 
34, 2025, 1991, -1029, -978, 2008, -893, -814, 1239, 1995, 1532, 1922, 
43, 2034, 1991, -1039, -973, 2013, -893, -805, 1244, 2005, 1542, 1922, 
39, 2034, 1995, -1037, -978, 2015, -893, -805, 1244, 2005, 1542, 1922, 
39, 2034, 1995, -1037, -978, 2015, -893, -805, 1244, 2010, 1542, 1927, 
39, 2034, 1995, -1037, -978, 2015, -893, -805, 1249, 2015, 1542, 1927, 
39, 2049, 2010, -1044, -985, 2030, -893, -795, 1259, 2020, 1551, 1932, 
39, 2054, 2015, -1046, -988, 2034, -893, -795, 1259, 2020, 1561, 1932, 
39, 2059, 2020, -1049, -990, 2039, -883, -795, 1259, 2020, 1561, 1932, 
48, 2064, 2015, -1056, -983, 2039, -893, -795, 1268, 2020, 1561, 1932, 
48, 2069, 2020, -1058, -985, 2044, -907, -810, 1278, 2030, 1561, 1932, 
48, 2074, 2025, -1061, -988, 2049, -907, -819, 1278, 2039, 1566, 1942, 
48, 2078, 2030, -1063, -990, 2054, -907, -819, 1278, 2039, 1571, 1942, 
48, 2083, 2034, -1066, -993, 2059, -907, -819, 1278, 2039, 1576, 1942, 
48, 2088, 2039, -1068, -995, 2064, -907, -819, 1278, 2039, 1581, 1942, 
48, 2093, 2044, -1071, -997, 2069, -912, -824, 1283, 2044, 1586, 1952, 
48, 2103, 2054, -1076, -1002, 2078, -917, -824, 1288, 2049, 1590, 1952, 
48, 2113, 2064, -1080, -1007, 2088, -922, -824, 1293, 2054, 1600, 1952, 
48, 2122, 2074, -1085, -1012, 2098, -927, -824, 1298, 2059, 1610, 1956, 
48, 2127, 2078, -1088, -1015, 2103, -932, -824, 1302, 2059, 1605, 1966, 
53, 2132, 2078, -1093, -1012, 2105, -936, -824, 1307, 2064, 1610, 1966, 
58, 2137, 2078, -1098, -1010, 2108, -941, -824, 1307, 2069, 1615, 1966, 
58, 2137, 2078, -1098, -1010, 2108, -946, -824, 1307, 2074, 1615, 1966, 
68, 2132, 2064, -1100, -997, 2098, -941, -834, 1307, 2074, 1625, 1971, 
68, 2132, 2064, -1100, -997, 2098, -946, -834, 1302, 2074, 1625, 1971, 
68, 2132, 2064, -1100, -997, 2098, -946, -834, 1302, 2074, 1625, 1971, 
73, 2137, 2064, -1105, -995, 2100, -946, -834, 1302, 2074, 1625, 1971, 
73, 2147, 2074, -1110, -1000, 2110, -961, -829, 1298, 2074, 1634, 1971, 
73, 2147, 2074, -1110, -1000, 2110, -971, -839, 1298, 2069, 1634, 1976, 
73, 2142, 2069, -1107, -997, 2105, -976, -844, 1288, 2064, 1634, 1976, 
73, 2142, 2069, -1107, -997, 2105, -976, -844, 1278, 2064, 1629, 1966, 
73, 2132, 2059, -1102, -993, 2095, -971, -844, 1283, 2064, 1629, 1976, 
63, 2137, 2074, -1100, -1005, 2105, -966, -844, 1273, 2059, 1620, 1976, 
63, 2132, 2069, -1098, -1002, 2100, -961, -849, 1268, 2059, 1620, 1976, 
63, 2147, 2083, -1105, -1010, 2115, -961, -854, 1268, 2059, 1620, 1976, 
53, 2142, 2088, -1098, -1017, 2115, -956, -854, 1254, 2039, 1615, 1966, 
48, 2132, 2083, -1090, -1017, 2108, -951, -854, 1249, 2039, 1610, 1966, 
48, 2117, 2069, -1083, -1010, 2093, -946, -854, 1249, 2039, 1610, 1966, 
48, 2113, 2064, -1080, -1007, 2088, -941, -854, 1254, 2039, 1610, 1966, 
58, 2113, 2054, -1085, -997, 2083, -951, -849, 1254, 2039, 1620, 1956, 
58, 2113, 2054, -1085, -997, 2083, -946, -849, 1254, 2034, 1625, 1956, 
58, 2117, 2059, -1088, -1000, 2088, -946, -844, 1249, 2034, 1625, 1956, 
58, 2117, 2059, -1088, -1000, 2088, -946, -844, 1249, 2034, 1625, 1956, 
58, 2127, 2069, -1093, -1005, 2098, -941, -844, 1249, 2034, 1620, 1966, 
58, 2117, 2059, -1088, -1000, 2088, -936, -844, 1249, 2034, 1620, 1966, 
58, 2117, 2059, -1088, -1000, 2088, -936, -844, 1249, 2034, 1615, 1966, 
53, 2117, 2064, -1085, -1005, 2091, -936, -844, 1244, 2034, 1615, 1966, 
39, 2113, 2074, -1076, -1017, 2093, -932, -844, 1234, 2025, 1605, 1956, 
29, 2098, 2069, -1063, -1019, 2083, -922, -844, 1234, 2025, 1605, 1952, 
29, 2088, 2059, -1058, -1015, 2074, -922, -844, 1224, 2015, 1600, 1942, 
24, 2069, 2044, -1046, -1010, 2056, -917, -839, 1224, 2010, 1590, 1937, 
29, 2064, 2034, -1046, -1002, 2049, -912, -839, 1229, 2005, 1590, 1932, 
14, 2054, 2039, -1034, -1012, 2047, -902, -839, 1229, 2005, 1586, 1922, 
14, 2054, 2039, -1034, -1012, 2047, -902, -839, 1229, 2005, 1586, 1922, 
14, 2059, 2044, -1037, -1015, 2052, -902, -839, 1229, 2005, 1586, 1922, 
9, 2064, 2054, -1037, -1022, 2059, -912, -839, 1244, 2020, 1605, 1932, 
9, 2069, 2059, -1039, -1024, 2064, -907, -839, 1244, 2020, 1605, 1937, 
9, 2074, 2064, -1041, -1027, 2069, -907, -839, 1244, 2020, 1605, 1942, 
9, 2069, 2059, -1039, -1024, 2064, -907, -844, 1239, 2020, 1605, 1947, 
14, 2059, 2044, -1037, -1015, 2052, -897, -834, 1229, 2010, 1605, 1937, 
14, 2059, 2044, -1037, -1015, 2052, -897, -829, 1229, 2005, 1605, 1932, 
14, 2059, 2044, -1037, -1015, 2052, -897, -829, 1229, 2000, 1595, 1932, 
14, 2059, 2044, -1037, -1015, 2052, -897, -829, 1229, 2000, 1595, 1927, 
14, 2049, 2034, -1032, -1010, 2042, -907, -839, 1220, 2005, 1595, 1927, 
14, 2049, 2034, -1032, -1010, 2042, -907, -839, 1220, 2005, 1595, 1927, 
14, 2044, 2030, -1029, -1007, 2037, -907, -834, 1220, 2000, 1595, 1927, 
14, 2044, 2030, -1029, -1007, 2037, -902, -834, 1220, 2000, 1595, 1932, 
14, 2054, 2039, -1034, -1012, 2047, -893, -834, 1224, 2000, 1605, 1932, 
14, 2054, 2039, -1034, -1012, 2047, -893, -834, 1224, 2005, 1605, 1932, 
14, 2059, 2044, -1037, -1015, 2052, -897, -834, 1229, 2005, 1605, 1932, 
14, 2059, 2044, -1037, -1015, 2052, -897, -834, 1229, 2005, 1605, 1937, 
14, 2069, 2054, -1041, -1019, 2061, -897, -834, 1229, 2015, 1615, 1937, 
14, 2074, 2059, -1044, -1022, 2066, -893, -834, 1234, 2020, 1615, 1937, 
14, 2074, 2059, -1044, -1022, 2066, -893, -834, 1234, 2020, 1620, 1937, 
14, 2074, 2059, -1044, -1022, 2066, -893, -834, 1234, 2020, 1620, 1937, 
14, 2074, 2059, -1044, -1022, 2066, -902, -834, 1234, 2010, 1615, 1937, 
14, 2074, 2059, -1044, -1022, 2066, -907, -834, 1234, 2010, 1615, 1937, 
14, 2074, 2059, -1044, -1022, 2066, -907, -834, 1234, 2010, 1615, 1937, 
14, 2074, 2059, -1044, -1022, 2066, -907, -834, 1234, 2010, 1615, 1937, 
14, 2074, 2059, -1044, -1022, 2066, -897, -824, 1224, 2000, 1610, 1937, 
14, 2074, 2059, -1044, -1022, 2066, -893, -824, 1224, 2000, 1610, 1937, 
14, 2074, 2059, -1044, -1022, 2066, -893, -824, 1224, 2000, 1610, 1937, 
14, 2074, 2059, -1044, -1022, 2066, -893, -824, 1224, 2000, 1605, 1937, 
14, 2083, 2069, -1049, -1027, 2076, -902, -834, 1234, 2010, 1610, 1937, 
14, 2083, 2069, -1049, -1027, 2076, -902, -834, 1234, 2010, 1615, 1937, 
14, 2083, 2069, -1049, -1027, 2076, -902, -834, 1234, 2010, 1625, 1937, 
14, 2083, 2069, -1049, -1027, 2076, -902, -834, 1234, 2010, 1629, 1937, 
14, 2088, 2074, -1051, -1029, 2081, -902, -834, 1234, 2025, 1639, 1937, 
14, 2093, 2078, -1054, -1032, 2086, -902, -834, 1234, 2025, 1639, 1942, 
14, 2103, 2088, -1058, -1037, 2095, -902, -834, 1239, 2025, 1639, 1942, 
14, 2108, 2093, -1061, -1039, 2100, -907, -839, 1239, 2025, 1639, 1942, 
14, 2108, 2093, -1061, -1039, 2100, -907, -839, 1239, 2025, 1639, 1942, 
14, 2108, 2093, -1061, -1039, 2100, -902, -839, 1239, 2025, 1639, 1942, 
14, 2108, 2093, -1061, -1039, 2100, -902, -834, 1239, 2025, 1639, 1942, 
19, 2103, 2083, -1061, -1032, 2093, -902, -834, 1234, 2025, 1639, 1942, 
29, 2083, 2054, -1056, -1012, 2069, -902, -824, 1215, 2000, 1620, 1932, 
43, 2069, 2025, -1056, -990, 2047, -883, -800, 1215, 1981, 1615, 1927, 
58, 2059, 2000, -1058, -971, 2030, -878, -780, 1215, 1976, 1620, 1927, 
58, 2059, 2000, -1058, -971, 2030, -883, -771, 1215, 1986, 1620, 1917, 
63, 2064, 2000, -1063, -968, 2032, -873, -746, 1234, 1991, 1625, 1908, 
78, 2083, 2005, -1080, -963, 2044, -844, -688, 1302, 2044, 1668, 1917, 
102, 2156, 2054, -1129, -976, 2105, -849, -619, 1381, 2132, 1737, 1952, 
161, 2244, 2083, -1202, -961, 2164, -873, -570, 1449, 2239, 1839, 2005, 
234, 2347, 2113, -1290, -939, 2230, -893, -507, 1522, 2337, 1961, 2064, 
312, 2454, 2142, -1383, -915, 2298, -897, -405, 1634, 2469, 2093, 2122, 
370, 2562, 2191, -1466, -910, 2376, -897, -341, 1742, 2601, 2235, 2196, 
424, 2684, 2259, -1554, -917, 2471, -927, -336, 1825, 2713, 2361, 2283, 
473, 2835, 2361, -1654, -944, 2598, -995, -385, 1854, 2810, 2493, 2376, 
497, 2996, 2498, -1747, -1000, 2747, -1083, -463, 1859, 2898, 2615, 2493, 
507, 3137, 2630, -1822, -1061, 2884, -1141, -561, 1825, 2928, 2698, 2601, 
488, 3181, 2693, -1834, -1102, 2937, -1176, -668, 1737, 2869, 2674, 2649, 
434, 3147, 2713, -1790, -1139, 2930, -1180, -790, 1625, 2723, 2547, 2649, 
326, 3089, 2762, -1708, -1217, 2925, -1200, -951, 1517, 2596, 2425, 2644, 
185, 2976, 2791, -1581, -1302, 2884, -1220, -1161, 1366, 2454, 2269, 2605, 
34, 2840, 2806, -1437, -1385, 2823, -1254, -1390, 1151, 2239, 2069, 2537, 
-78, 2718, 2796, -1320, -1437, 2757, -1307, -1610, 922, 2059, 1878, 2469, 
-136, 2596, 2732, -1229, -1434, 2664, -1351, -1732, 741, 1903, 1742, 2405, 
-156, 2464, 2620, -1154, -1388, 2542, -1327, -1737, 649, 1790, 1610, 2318, 
-161, 2376, 2537, -1107, -1349, 2457, -1288, -1668, 663, 1761, 1551, 2249, 
-161, 2352, 2513, -1095, -1337, 2432, -1259, -1586, 732, 1790, 1551, 2215, 
-141, 2332, 2474, -1095, -1307, 2403, -1220, -1473, 790, 1810, 1571, 2181, 
-117, 2303, 2420, -1093, -1268, 2361, -1171, -1366, 844, 1830, 1576, 2132, 
-82, 2274, 2357, -1095, -1220, 2315, -1146, -1283, 897, 1849, 1576, 2093, 
-63, 2259, 2322, -1098, -1193, 2291, -1117, -1210, 966, 1883, 1595, 2083, 
-53, 2239, 2293, -1093, -1173, 2266, -1078, -1137, 1024, 1917, 1610, 2064, 
-39, 2225, 2264, -1093, -1151, 2244, -1039, -1073, 1073, 1942, 1610, 2049, 
-29, 2200, 2230, -1085, -1129, 2215, -1015, -1029, 1102, 1952, 1610, 2020, 
-29, 2176, 2205, -1073, -1117, 2191, -980, -985, 1127, 1961, 1620, 2000, 
-14, 2166, 2181, -1076, -1098, 2174, -961, -951, 1151, 1976, 1634, 1986, 
0, 2156, 2156, -1078, -1078, 2156, -941, -912, 1176, 1986, 1639, 1976, 
4, 2137, 2132, -1071, -1063, 2135, -927, -888, 1180, 1981, 1639, 1956, 
4, 2122, 2117, -1063, -1056, 2120, -917, -873, 1190, 1976, 1634, 1942, 
14, 2113, 2098, -1063, -1041, 2105, -912, -863, 1200, 1986, 1634, 1937, 
24, 2113, 2088, -1068, -1032, 2100, -907, -844, 1220, 2005, 1649, 1942, 
14, 2122, 2108, -1068, -1046, 2115, -907, -844, 1234, 2020, 1654, 1942, 
4, 2127, 2122, -1066, -1058, 2125, -917, -849, 1239, 2020, 1664, 1956, 
9, 2127, 2117, -1068, -1054, 2122, -907, -849, 1249, 2020, 1664, 1956, 
9, 2127, 2117, -1068, -1054, 2122, -902, -844, 1244, 2025, 1664, 1952, 
9, 2127, 2117, -1068, -1054, 2122, -897, -844, 1239, 2025, 1664, 1947, 
4, 2132, 2127, -1068, -1061, 2130, -907, -839, 1239, 2015, 1664, 1947, 
4, 2132, 2127, -1068, -1061, 2130, -907, -839, 1234, 2010, 1664, 1947, 
9, 2127, 2117, -1068, -1054, 2122, -907, -839, 1234, 2010, 1659, 1942, 
14, 2127, 2113, -1071, -1049, 2120, -902, -834, 1239, 2010, 1659, 1942, 
14, 2127, 2113, -1071, -1049, 2120, -902, -829, 1244, 2015, 1659, 1932, 
14, 2127, 2113, -1071, -1049, 2120, -902, -829, 1244, 2015, 1659, 1932, 
19, 2127, 2108, -1073, -1044, 2117, -902, -824, 1249, 2015, 1659, 1932, 
19, 2132, 2113, -1076, -1046, 2122, -902, -819, 1254, 2020, 1664, 1937, 
29, 2137, 2108, -1083, -1039, 2122, -893, -819, 1244, 2030, 1673, 1937, 
29, 2142, 2113, -1085, -1041, 2127, -897, -819, 1244, 2030, 1673, 1937, 
29, 2147, 2117, -1088, -1044, 2132, -897, -819, 1244, 2030, 1673, 1937, 
29, 2152, 2122, -1090, -1046, 2137, -897, -819, 1249, 2030, 1673, 1937, 
19, 2161, 2142, -1090, -1061, 2152, -907, -819, 1244, 2030, 1683, 1937, 
19, 2161, 2142, -1090, -1061, 2152, -907, -824, 1244, 2030, 1683, 1937, 
19, 2161, 2142, -1090, -1061, 2152, -907, -829, 1244, 2030, 1683, 1937, 
19, 2161, 2142, -1090, -1061, 2152, -907, -834, 1244, 2034, 1683, 1937, 
19, 2152, 2132, -1085, -1056, 2142, -907, -829, 1249, 2030, 1673, 1927, 
24, 2152, 2127, -1088, -1051, 2139, -907, -824, 1249, 2025, 1678, 1927, 
24, 2152, 2127, -1088, -1051, 2139, -907, -819, 1249, 2025, 1683, 1932, 
24, 2152, 2127, -1088, -1051, 2139, -907, -814, 1249, 2020, 1683, 1932, 
24, 2166, 2142, -1095, -1058, 2154, -912, -824, 1259, 2030, 1683, 1932, 
24, 2166, 2142, -1095, -1058, 2154, -912, -824, 1259, 2030, 1688, 1932, 
24, 2166, 2142, -1095, -1058, 2154, -912, -819, 1259, 2030, 1688, 1932, 
29, 2176, 2147, -1102, -1058, 2161, -912, -819, 1259, 2034, 1688, 1932, 
29, 2176, 2147, -1102, -1058, 2161, -912, -829, 1263, 2044, 1703, 1932, 
29, 2176, 2147, -1102, -1058, 2161, -912, -829, 1263, 2044, 1703, 1932, 
29, 2176, 2147, -1102, -1058, 2161, -912, -829, 1263, 2039, 1703, 1932, 
29, 2176, 2147, -1102, -1058, 2161, -912, -829, 1263, 2039, 1703, 1932, 
29, 2171, 2142, -1100, -1056, 2156, -922, -829, 1263, 2034, 1703, 1922, 
29, 2171, 2142, -1100, -1056, 2156, -922, -829, 1263, 2039, 1703, 1927, 
29, 2171, 2142, -1100, -1056, 2156, -922, -829, 1263, 2039, 1703, 1927, 
29, 2176, 2147, -1102, -1058, 2161, -922, -829, 1263, 2039, 1698, 1927, 
29, 2176, 2147, -1102, -1058, 2161, -917, -824, 1259, 2030, 1698, 1927, 
29, 2171, 2142, -1100, -1056, 2156, -912, -824, 1259, 2030, 1698, 1927, 
29, 2171, 2142, -1100, -1056, 2156, -907, -824, 1259, 2030, 1698, 1927, 
34, 2176, 2142, -1105, -1054, 2159, -902, -824, 1263, 2030, 1698, 1927, 
34, 2181, 2147, -1107, -1056, 2164, -912, -824, 1263, 2039, 1698, 1927, 
34, 2186, 2152, -1110, -1058, 2169, -912, -824, 1263, 2039, 1698, 1927, 
34, 2191, 2156, -1112, -1061, 2174, -912, -824, 1263, 2039, 1703, 1927, 
34, 2196, 2161, -1115, -1063, 2178, -912, -824, 1263, 2044, 1703, 1927, 
34, 2186, 2152, -1110, -1058, 2169, -912, -814, 1263, 2044, 1712, 1927, 
34, 2186, 2152, -1110, -1058, 2169, -912, -814, 1263, 2039, 1708, 1927, 
39, 2196, 2156, -1117, -1058, 2176, -912, -814, 1268, 2039, 1708, 1932, 
39, 2196, 2156, -1117, -1058, 2176, -912, -814, 1273, 2044, 1708, 1937, 
39, 2196, 2156, -1117, -1058, 2176, -922, -824, 1263, 2034, 1698, 1927, 
39, 2196, 2156, -1117, -1058, 2176, -922, -819, 1263, 2034, 1703, 1917, 
39, 2196, 2156, -1117, -1058, 2176, -922, -819, 1268, 2039, 1703, 1908, 
39, 2200, 2161, -1119, -1061, 2181, -922, -814, 1268, 2039, 1703, 1898, 
48, 2210, 2161, -1129, -1056, 2186, -932, -814, 1268, 2039, 1708, 1893, 
48, 2210, 2161, -1129, -1056, 2186, -932, -814, 1268, 2039, 1712, 1888, 
48, 2210, 2161, -1129, -1056, 2186, -932, -814, 1268, 2039, 1717, 1883, 
48, 2210, 2161, -1129, -1056, 2186, -932, -819, 1268, 2039, 1722, 1878, 
48, 2210, 2161, -1129, -1056, 2186, -922, -829, 1278, 2049, 1712, 1873, 
48, 2215, 2166, -1132, -1058, 2191, -922, -829, 1283, 2049, 1722, 1869, 
53, 2220, 2166, -1137, -1056, 2193, -927, -819, 1283, 2049, 1722, 1869, 
58, 2220, 2161, -1139, -1051, 2191, -927, -819, 1283, 2049, 1722, 1864, 
58, 2230, 2171, -1144, -1056, 2200, -927, -810, 1283, 2044, 1712, 1859, 
58, 2230, 2171, -1144, -1056, 2200, -927, -810, 1278, 2049, 1717, 1859, 
58, 2230, 2171, -1144, -1056, 2200, -927, -810, 1273, 2049, 1717, 1859, 
58, 2235, 2176, -1146, -1058, 2205, -927, -805, 1268, 2049, 1717, 1859, 
58, 2230, 2171, -1144, -1056, 2200, -917, -805, 1283, 2044, 1727, 1859, 
58, 2230, 2171, -1144, -1056, 2200, -922, -810, 1283, 2044, 1732, 1859, 
63, 2235, 2171, -1149, -1054, 2203, -927, -814, 1273, 2044, 1737, 1864, 
63, 2235, 2171, -1149, -1054, 2203, -927, -814, 1273, 2044, 1737, 1869, 
53, 2244, 2191, -1149, -1068, 2217, -936, -814, 1283, 2049, 1742, 1873, 
58, 2249, 2191, -1154, -1066, 2220, -936, -814, 1288, 2054, 1742, 1873, 
58, 2254, 2196, -1156, -1068, 2225, -936, -814, 1288, 2059, 1747, 1873, 
58, 2254, 2196, -1156, -1068, 2225, -946, -814, 1293, 2074, 1747, 1883, 
63, 2264, 2200, -1163, -1068, 2232, -956, -824, 1293, 2078, 1761, 1893, 
63, 2274, 2210, -1168, -1073, 2242, -961, -824, 1293, 2083, 1761, 1893, 
63, 2283, 2220, -1173, -1078, 2252, -961, -829, 1293, 2083, 1766, 1898, 
68, 2298, 2230, -1183, -1080, 2264, -966, -829, 1293, 2083, 1766, 1898, 
78, 2293, 2215, -1185, -1068, 2254, -961, -819, 1288, 2074, 1761, 1912, 
82, 2298, 2215, -1190, -1066, 2257, -966, -819, 1288, 2074, 1766, 1917, 
82, 2303, 2220, -1193, -1068, 2261, -966, -819, 1288, 2074, 1771, 1922, 
82, 2308, 2225, -1195, -1071, 2266, -971, -819, 1293, 2083, 1771, 1922, 
78, 2318, 2239, -1198, -1080, 2278, -976, -829, 1288, 2083, 1771, 1922, 
78, 2322, 2244, -1200, -1083, 2283, -976, -829, 1288, 2088, 1781, 1927, 
87, 2327, 2239, -1207, -1076, 2283, -980, -829, 1288, 2088, 1781, 1932, 
87, 2332, 2244, -1210, -1078, 2288, -985, -834, 1283, 2088, 1786, 1937, 
87, 2332, 2244, -1210, -1078, 2288, -990, -834, 1283, 2088, 1790, 1942, 
92, 2342, 2249, -1217, -1078, 2296, -995, -839, 1288, 2098, 1790, 1947, 
102, 2357, 2254, -1229, -1076, 2305, -1000, -844, 1288, 2103, 1795, 1952, 
102, 2357, 2254, -1229, -1076, 2305, -1005, -844, 1288, 2103, 1800, 1952, 
92, 2371, 2278, -1232, -1093, 2325, -1010, -849, 1278, 2103, 1815, 1966, 
92, 2376, 2283, -1234, -1095, 2330, -1010, -854, 1278, 2108, 1820, 1971, 
97, 2386, 2288, -1241, -1095, 2337, -1015, -858, 1283, 2103, 1825, 1976, 
97, 2391, 2293, -1244, -1098, 2342, -1019, -858, 1283, 2098, 1825, 1981, 
107, 2396, 2288, -1251, -1090, 2342, -1024, -863, 1283, 2108, 1820, 1976, 
112, 2400, 2288, -1256, -1088, 2344, -1029, -868, 1278, 2108, 1820, 1976, 
112, 2405, 2293, -1259, -1090, 2349, -1034, -873, 1278, 2108, 1820, 1981, 
112, 2415, 2303, -1263, -1095, 2359, -1039, -878, 1278, 2113, 1820, 1986, 
107, 2415, 2308, -1261, -1100, 2361, -1044, -878, 1268, 2113, 1825, 1991, 
107, 2420, 2313, -1263, -1102, 2366, -1049, -883, 1268, 2113, 1825, 1995, 
107, 2420, 2313, -1263, -1102, 2366, -1054, -888, 1268, 2117, 1830, 1995, 
107, 2425, 2318, -1266, -1105, 2371, -1054, -893, 1268, 2117, 1830, 1995, 
122, 2430, 2308, -1276, -1093, 2369, -1058, -907, 1268, 2108, 1839, 2000, 
122, 2435, 2313, -1278, -1095, 2374, -1058, -907, 1268, 2113, 1839, 2015, 
117, 2435, 2318, -1276, -1100, 2376, -1058, -912, 1268, 2113, 1839, 2020, 
117, 2435, 2318, -1276, -1100, 2376, -1058, -917, 1263, 2103, 1839, 2025, 
107, 2444, 2337, -1276, -1115, 2391, -1063, -917, 1263, 2103, 1839, 2015, 
107, 2444, 2337, -1276, -1115, 2391, -1063, -922, 1263, 2103, 1839, 2015, 
107, 2444, 2337, -1276, -1115, 2391, -1063, -922, 1263, 2103, 1839, 2015, 
107, 2444, 2337, -1276, -1115, 2391, -1063, -927, 1263, 2103, 1839, 2015, 
107, 2435, 2327, -1271, -1110, 2381, -1054, -932, 1259, 2103, 1839, 2010, 
102, 2435, 2332, -1268, -1115, 2383, -1058, -932, 1254, 2103, 1839, 2010, 
102, 2435, 2332, -1268, -1115, 2383, -1058, -932, 1249, 2103, 1839, 2010, 
102, 2435, 2332, -1268, -1115, 2383, -1058, -932, 1249, 2108, 1839, 2010, 
102, 2440, 2337, -1271, -1117, 2388, -1058, -936, 1254, 2117, 1844, 2020, 
102, 2440, 2337, -1271, -1117, 2388, -1063, -936, 1259, 2117, 1844, 2015, 
102, 2444, 2342, -1273, -1119, 2393, -1068, -936, 1263, 2117, 1844, 2010, 
102, 2444, 2342, -1273, -1119, 2393, -1073, -936, 1268, 2117, 1844, 2010, 
97, 2449, 2352, -1273, -1127, 2400, -1063, -936, 1273, 2117, 1854, 2010, 
97, 2449, 2352, -1273, -1127, 2400, -1058, -932, 1273, 2117, 1854, 2010, 
92, 2449, 2357, -1271, -1132, 2403, -1058, -932, 1273, 2117, 1849, 2010, 
92, 2449, 2357, -1271, -1132, 2403, -1054, -932, 1278, 2122, 1849, 2010, 
92, 2454, 2361, -1273, -1134, 2408, -1054, -941, 1278, 2122, 1849, 2005, 
92, 2444, 2352, -1268, -1129, 2398, -1054, -941, 1278, 2122, 1849, 2005, 
87, 2444, 2357, -1266, -1134, 2400, -1049, -941, 1278, 2122, 1844, 2005, 
87, 2444, 2357, -1266, -1134, 2400, -1044, -941, 1288, 2122, 1844, 2000, 
82, 2435, 2352, -1259, -1134, 2393, -1044, -932, 1293, 2122, 1844, 1995, 
78, 2430, 2352, -1254, -1137, 2391, -1039, -927, 1293, 2122, 1844, 1995, 
78, 2425, 2347, -1251, -1134, 2386, -1034, -927, 1293, 2122, 1844, 1991, 
78, 2420, 2342, -1249, -1132, 2381, -1029, -927, 1293, 2122, 1839, 1991, 
78, 2420, 2342, -1249, -1132, 2381, -1034, -927, 1302, 2122, 1849, 1991, 
78, 2420, 2342, -1249, -1132, 2381, -1034, -927, 1302, 2127, 1854, 1981, 
73, 2425, 2352, -1249, -1139, 2388, -1034, -927, 1302, 2132, 1859, 1976, 
73, 2430, 2357, -1251, -1141, 2393, -1029, -927, 1302, 2137, 1864, 1976, 
63, 2430, 2366, -1246, -1151, 2398, -1024, -936, 1302, 2127, 1849, 1976, 
58, 2425, 2366, -1241, -1154, 2396, -1024, -936, 1302, 2127, 1844, 1976, 
58, 2420, 2361, -1239, -1151, 2391, -1024, -936, 1298, 2127, 1844, 1976, 
58, 2415, 2357, -1237, -1149, 2386, -1019, -936, 1298, 2127, 1844, 1976, 
53, 2410, 2357, -1232, -1151, 2383, -1015, -932, 1307, 2132, 1844, 1971, 
53, 2405, 2352, -1229, -1149, 2379, -1015, -927, 1307, 2127, 1839, 1966, 
53, 2400, 2347, -1227, -1146, 2374, -1015, -922, 1307, 2122, 1839, 1961, 
48, 2400, 2352, -1224, -1151, 2376, -1010, -917, 1307, 2122, 1839, 1952, 
48, 2396, 2347, -1222, -1149, 2371, -1010, -927, 1307, 2113, 1839, 1952, 
48, 2396, 2347, -1222, -1149, 2371, -1005, -927, 1302, 2113, 1834, 1952, 
48, 2396, 2347, -1222, -1149, 2371, -1005, -927, 1302, 2113, 1834, 1952, 
43, 2396, 2352, -1220, -1154, 2374, -1005, -927, 1302, 2108, 1834, 1952, 
43, 2396, 2352, -1220, -1154, 2374, -1005, -936, 1302, 2113, 1830, 1952, 
43, 2396, 2352, -1220, -1154, 2374, -1005, -936, 1302, 2113, 1830, 1947, 
39, 2391, 2352, -1215, -1156, 2371, -1005, -936, 1302, 2113, 1825, 1947, 
39, 2391, 2352, -1215, -1156, 2371, -1005, -936, 1302, 2113, 1825, 1947, 
29, 2400, 2371, -1215, -1171, 2386, -1000, -932, 1293, 2113, 1825, 1947, 
29, 2396, 2366, -1212, -1168, 2381, -1000, -932, 1293, 2113, 1825, 1947, 
29, 2391, 2361, -1210, -1166, 2376, -1000, -932, 1293, 2113, 1825, 1947, 
29, 2391, 2361, -1210, -1166, 2376, -1000, -932, 1293, 2113, 1820, 1947, 
34, 2400, 2366, -1217, -1166, 2383, -1000, -922, 1302, 2113, 1830, 1952, 
34, 2396, 2361, -1215, -1163, 2379, -1000, -922, 1302, 2117, 1830, 1952, 
34, 2396, 2361, -1215, -1163, 2379, -995, -922, 1302, 2122, 1830, 1952, 
34, 2396, 2361, -1215, -1163, 2379, -995, -922, 1302, 2127, 1825, 1952, 
34, 2391, 2357, -1212, -1161, 2374, -995, -922, 1302, 2113, 1815, 1942, 
34, 2386, 2352, -1210, -1159, 2369, -995, -917, 1302, 2108, 1815, 1942, 
29, 2376, 2347, -1202, -1159, 2361, -995, -917, 1307, 2098, 1815, 1937, 
29, 2371, 2342, -1200, -1156, 2357, -995, -917, 1307, 2093, 1815, 1937, 
29, 2381, 2352, -1205, -1161, 2366, -995, -922, 1307, 2108, 1825, 1927, 
29, 2381, 2352, -1205, -1161, 2366, -990, -927, 1307, 2108, 1825, 1932, 
29, 2386, 2357, -1207, -1163, 2371, -990, -932, 1302, 2108, 1820, 1932, 
29, 2386, 2357, -1207, -1163, 2371, -990, -936, 1302, 2108, 1820, 1932, 
24, 2386, 2361, -1205, -1168, 2374, -980, -927, 1302, 2108, 1820, 1932, 
24, 2386, 2361, -1205, -1168, 2374, -985, -927, 1302, 2108, 1820, 1932, 
24, 2386, 2361, -1205, -1168, 2374, -985, -927, 1307, 2108, 1820, 1932, 
24, 2386, 2361, -1205, -1168, 2374, -985, -927, 1307, 2108, 1825, 1932, 
24, 2405, 2381, -1215, -1178, 2393, -995, -927, 1317, 2117, 1834, 1942, 
24, 2410, 2386, -1217, -1180, 2398, -995, -927, 1317, 2122, 1834, 1947, 
24, 2410, 2386, -1217, -1180, 2398, -995, -927, 1317, 2122, 1834, 1947, 
24, 2415, 2391, -1220, -1183, 2403, -995, -927, 1317, 2122, 1839, 1947, 
19, 2410, 2391, -1215, -1185, 2400, -1000, -936, 1317, 2122, 1830, 1947, 
19, 2410, 2391, -1215, -1185, 2400, -1000, -936, 1317, 2122, 1830, 1947, 
19, 2410, 2391, -1215, -1185, 2400, -1000, -936, 1317, 2122, 1830, 1947, 
19, 2410, 2391, -1215, -1185, 2400, -1000, -936, 1322, 2122, 1830, 1947, 
19, 2410, 2391, -1215, -1185, 2400, -1000, -936, 1312, 2122, 1830, 1947, 
19, 2410, 2391, -1215, -1185, 2400, -1000, -936, 1317, 2122, 1830, 1947, 
24, 2410, 2386, -1217, -1180, 2398, -1005, -936, 1317, 2122, 1830, 1947, 
24, 2410, 2386, -1217, -1180, 2398, -1005, -936, 1312, 2122, 1834, 1947, 
24, 2410, 2386, -1217, -1180, 2398, -1005, -936, 1302, 2122, 1844, 1947, 
24, 2410, 2386, -1217, -1180, 2398, -1005, -936, 1307, 2122, 1844, 1947, 
24, 2420, 2396, -1222, -1185, 2408, -1005, -936, 1312, 2122, 1844, 1947, 
24, 2420, 2396, -1222, -1185, 2408, -1005, -936, 1312, 2127, 1844, 1952, 
24, 2435, 2410, -1229, -1193, 2422, -1005, -951, 1317, 2137, 1849, 1961, 
24, 2440, 2415, -1232, -1195, 2427, -1005, -951, 1317, 2137, 1854, 1961, 
24, 2444, 2420, -1234, -1198, 2432, -1010, -951, 1322, 2142, 1859, 1961, 
24, 2454, 2430, -1239, -1202, 2442, -1010, -951, 1322, 2147, 1864, 1966, 
24, 2459, 2435, -1241, -1205, 2447, -1019, -951, 1322, 2137, 1869, 1971, 
24, 2459, 2435, -1241, -1205, 2447, -1019, -951, 1322, 2137, 1869, 1971, 
24, 2459, 2435, -1241, -1205, 2447, -1019, -951, 1322, 2137, 1869, 1971, 
24, 2464, 2440, -1244, -1207, 2452, -1019, -951, 1322, 2137, 1869, 1971, 
24, 2454, 2430, -1239, -1202, 2442, -1019, -951, 1312, 2132, 1859, 1966, 
29, 2454, 2425, -1241, -1198, 2440, -1019, -951, 1312, 2132, 1859, 1966, 
29, 2454, 2425, -1241, -1198, 2440, -1019, -951, 1312, 2127, 1859, 1966, 
29, 2454, 2425, -1241, -1198, 2440, -1019, -951, 1312, 2122, 1859, 1961, 
39, 2444, 2405, -1241, -1183, 2425, -1010, -951, 1312, 2132, 1859, 1961, 
39, 2449, 2410, -1244, -1185, 2430, -1010, -951, 1312, 2132, 1864, 1961, 
39, 2454, 2415, -1246, -1188, 2435, -1015, -951, 1312, 2137, 1869, 1961, 
39, 2454, 2415, -1246, -1188, 2435, -1015, -951, 1312, 2137, 1869, 1961, 
29, 2449, 2420, -1239, -1195, 2435, -1015, -941, 1322, 2137, 1878, 1961, 
34, 2449, 2415, -1241, -1190, 2432, -1019, -941, 1322, 2132, 1873, 1961, 
34, 2449, 2415, -1241, -1190, 2432, -1019, -941, 1322, 2132, 1873, 1961, 
34, 2449, 2415, -1241, -1190, 2432, -1019, -941, 1322, 2132, 1878, 1961, 
43, 2459, 2415, -1251, -1185, 2437, -1029, -946, 1312, 2147, 1878, 1966, 
43, 2469, 2425, -1256, -1190, 2447, -1029, -951, 1317, 2147, 1883, 1966, 
43, 2483, 2440, -1263, -1198, 2461, -1034, -956, 1322, 2147, 1883, 1966, 
43, 2493, 2449, -1268, -1202, 2471, -1034, -961, 1322, 2147, 1878, 1966, 
43, 2498, 2454, -1271, -1205, 2476, -1029, -961, 1322, 2147, 1888, 1966, 
48, 2498, 2449, -1273, -1200, 2474, -1029, -961, 1322, 2147, 1888, 1971, 
48, 2498, 2449, -1273, -1200, 2474, -1029, -961, 1322, 2152, 1888, 1971, 
48, 2498, 2449, -1273, -1200, 2474, -1029, -961, 1322, 2152, 1893, 1971, 
39, 2493, 2454, -1266, -1207, 2474, -1039, -961, 1312, 2152, 1883, 1981, 
43, 2493, 2449, -1268, -1202, 2471, -1044, -961, 1312, 2152, 1883, 1981, 
43, 2493, 2449, -1268, -1202, 2471, -1044, -961, 1307, 2152, 1883, 1981, 
43, 2493, 2449, -1268, -1202, 2471, -1044, -961, 1307, 2152, 1883, 1981, 
43, 2503, 2459, -1273, -1207, 2481, -1044, -971, 1317, 2152, 1893, 1971, 
43, 2503, 2459, -1273, -1207, 2481, -1044, -971, 1317, 2152, 1893, 1976, 
39, 2503, 2464, -1271, -1212, 2483, -1044, -971, 1317, 2152, 1893, 1976, 
39, 2503, 2464, -1271, -1212, 2483, -1044, -971, 1317, 2147, 1893, 1976, 
39, 2493, 2454, -1266, -1207, 2474, -1039, -976, 1307, 2137, 1883, 1976, 
39, 2493, 2454, -1266, -1207, 2474, -1039, -976, 1307, 2137, 1883, 1971, 
39, 2488, 2449, -1263, -1205, 2469, -1039, -971, 1307, 2142, 1883, 1971, 
39, 2488, 2449, -1263, -1205, 2469, -1039, -971, 1307, 2142, 1883, 1971, 
39, 2498, 2459, -1268, -1210, 2479, -1039, -976, 1307, 2142, 1888, 1961, 
43, 2498, 2454, -1271, -1205, 2476, -1039, -976, 1307, 2142, 1888, 1961, 
43, 2498, 2454, -1271, -1205, 2476, -1034, -976, 1307, 2142, 1888, 1961, 
43, 2498, 2454, -1271, -1205, 2476, -1034, -971, 1307, 2142, 1888, 1961, 
43, 2508, 2464, -1276, -1210, 2486, -1044, -961, 1307, 2152, 1903, 1971, 
43, 2508, 2464, -1276, -1210, 2486, -1044, -971, 1307, 2152, 1903, 1971, 
43, 2508, 2464, -1276, -1210, 2486, -1044, -971, 1298, 2152, 1903, 1971, 
43, 2508, 2464, -1276, -1210, 2486, -1044, -971, 1298, 2152, 1903, 1971, 
43, 2508, 2464, -1276, -1210, 2486, -1044, -980, 1307, 2152, 1893, 1971, 
43, 2508, 2464, -1276, -1210, 2486, -1044, -985, 1307, 2147, 1893, 1971, 
43, 2508, 2464, -1276, -1210, 2486, -1049, -985, 1302, 2147, 1893, 1971, 
43, 2508, 2464, -1276, -1210, 2486, -1049, -990, 1302, 2152, 1893, 1971, 
43, 2508, 2464, -1276, -1210, 2486, -1039, -980, 1302, 2147, 1893, 1971, 
43, 2508, 2464, -1276, -1210, 2486, -1039, -980, 1302, 2142, 1893, 1971, 
43, 2508, 2464, -1276, -1210, 2486, -1039, -980, 1302, 2137, 1893, 1971, 
43, 2508, 2464, -1276, -1210, 2486, -1044, -980, 1302, 2132, 1893, 1971, 
43, 2498, 2454, -1271, -1205, 2476, -1044, -980, 1302, 2137, 1893, 1961, 
43, 2498, 2454, -1271, -1205, 2476, -1044, -980, 1302, 2137, 1893, 1961, 
43, 2498, 2454, -1271, -1205, 2476, -1039, -980, 1298, 2142, 1893, 1961, 
43, 2498, 2454, -1271, -1205, 2476, -1039, -980, 1298, 2147, 1893, 1961, 
39, 2513, 2474, -1276, -1217, 2493, -1049, -990, 1298, 2156, 1903, 1971, 
39, 2518, 2479, -1278, -1220, 2498, -1054, -995, 1298, 2161, 1903, 1971, 
39, 2522, 2483, -1281, -1222, 2503, -1058, -995, 1298, 2161, 1903, 1971, 
39, 2527, 2488, -1283, -1224, 2508, -1058, -995, 1298, 2161, 1903, 1971, 
39, 2527, 2488, -1283, -1224, 2508, -1058, -1005, 1298, 2147, 1903, 1971, 
39, 2527, 2488, -1283, -1224, 2508, -1058, -1005, 1298, 2137, 1903, 1966, 
39, 2527, 2488, -1283, -1224, 2508, -1058, -1005, 1298, 2132, 1903, 1956, 
39, 2527, 2488, -1283, -1224, 2508, -1058, -1005, 1298, 2127, 1903, 1952, 
39, 2522, 2483, -1281, -1222, 2503, -1054, -995, 1298, 2142, 1903, 1961, 
39, 2518, 2479, -1278, -1220, 2498, -1049, -990, 1298, 2142, 1903, 1966, 
39, 2513, 2474, -1276, -1217, 2493, -1044, -990, 1298, 2147, 1903, 1966, 
39, 2508, 2469, -1273, -1215, 2488, -1039, -985, 1298, 2147, 1903, 1966, 
39, 2518, 2479, -1278, -1220, 2498, -1049, -995, 1298, 2137, 1903, 1961, 
39, 2518, 2479, -1278, -1220, 2498, -1049, -995, 1298, 2137, 1903, 1961, 
43, 2518, 2474, -1281, -1215, 2496, -1049, -995, 1298, 2137, 1903, 1961, 
43, 2518, 2474, -1281, -1215, 2496, -1049, -995, 1298, 2137, 1908, 1961, 
34, 2527, 2493, -1281, -1229, 2510, -1049, -995, 1298, 2137, 1908, 1961, 
29, 2527, 2498, -1278, -1234, 2513, -1049, -995, 1298, 2137, 1903, 1961, 
29, 2527, 2498, -1278, -1234, 2513, -1049, -1000, 1298, 2137, 1903, 1961, 
34, 2527, 2493, -1281, -1229, 2510, -1049, -1000, 1298, 2137, 1903, 1961, 
43, 2527, 2483, -1285, -1220, 2505, -1058, -1000, 1298, 2147, 1903, 1961, 
43, 2527, 2483, -1285, -1220, 2505, -1058, -1000, 1302, 2147, 1908, 1966, 
43, 2527, 2483, -1285, -1220, 2505, -1058, -1000, 1302, 2147, 1908, 1966, 
43, 2532, 2488, -1288, -1222, 2510, -1054, -1000, 1302, 2147, 1912, 1971, 
39, 2532, 2493, -1285, -1227, 2513, -1054, -990, 1302, 2142, 1922, 1971, 
39, 2532, 2493, -1285, -1227, 2513, -1054, -995, 1302, 2147, 1922, 1971, 
43, 2532, 2488, -1288, -1222, 2510, -1058, -995, 1302, 2147, 1922, 1971, 
43, 2532, 2488, -1288, -1222, 2510, -1058, -995, 1302, 2147, 1917, 1971, 
43, 2557, 2513, -1300, -1234, 2535, -1058, -1000, 1302, 2147, 1927, 1971, 
39, 2552, 2513, -1295, -1237, 2532, -1073, -1000, 1302, 2147, 1932, 1971, 
39, 2557, 2518, -1298, -1239, 2537, -1063, -1005, 1302, 2156, 1927, 1971, 
39, 2566, 2527, -1302, -1244, 2547, -1054, -1005, 1307, 2147, 1922, 1971, 
48, 2576, 2527, -1312, -1239, 2552, -1058, -1015, 1312, 2152, 1932, 1981, 
48, 2576, 2527, -1312, -1239, 2552, -1063, -1015, 1317, 2156, 1932, 1981, 
48, 2576, 2527, -1312, -1239, 2552, -1068, -1015, 1322, 2161, 1932, 1981, 
48, 2576, 2527, -1312, -1239, 2552, -1073, -1015, 1327, 2166, 1932, 1981, 
48, 2591, 2542, -1320, -1246, 2566, -1083, -1019, 1342, 2176, 1947, 1991, 
48, 2601, 2552, -1324, -1251, 2576, -1083, -1019, 1346, 2186, 1952, 1991, 
48, 2610, 2562, -1329, -1256, 2586, -1083, -1019, 1351, 2196, 1961, 1991, 
48, 2620, 2571, -1334, -1261, 2596, -1083, -1019, 1356, 2205, 1971, 1995, 
48, 2635, 2586, -1342, -1268, 2610, -1098, -1029, 1351, 2196, 1976, 2005, 
53, 2640, 2586, -1346, -1266, 2613, -1102, -1029, 1356, 2200, 1981, 2005, 
58, 2644, 2586, -1351, -1263, 2615, -1107, -1029, 1356, 2205, 1986, 2005, 
58, 2644, 2586, -1351, -1263, 2615, -1112, -1029, 1356, 2210, 1986, 2005, 
68, 2649, 2581, -1359, -1256, 2615, -1107, -1029, 1356, 2210, 1986, 2010, 
68, 2649, 2581, -1359, -1256, 2615, -1112, -1029, 1351, 2210, 1986, 2010, 
68, 2649, 2581, -1359, -1256, 2615, -1112, -1029, 1351, 2210, 1986, 2010, 
73, 2654, 2581, -1363, -1254, 2618, -1112, -1029, 1351, 2210, 1986, 2010, 
73, 2644, 2571, -1359, -1249, 2608, -1117, -1034, 1346, 2210, 1986, 2010, 
73, 2644, 2571, -1359, -1249, 2608, -1127, -1044, 1346, 2205, 1986, 2015, 
73, 2640, 2566, -1356, -1246, 2603, -1132, -1049, 1337, 2200, 1986, 2015, 
73, 2640, 2566, -1356, -1246, 2603, -1132, -1049, 1327, 2200, 1981, 2005, 
73, 2630, 2557, -1351, -1241, 2593, -1127, -1049, 1332, 2191, 1981, 2005, 
63, 2635, 2571, -1349, -1254, 2603, -1122, -1049, 1322, 2186, 1971, 2005, 
63, 2630, 2566, -1346, -1251, 2598, -1117, -1054, 1317, 2186, 1971, 2005, 
63, 2644, 2581, -1354, -1259, 2613, -1117, -1058, 1317, 2186, 1971, 2005, 
63, 2644, 2581, -1354, -1259, 2613, -1107, -1049, 1312, 2186, 1976, 2005, 
58, 2640, 2581, -1349, -1261, 2610, -1107, -1049, 1307, 2186, 1971, 2005, 
58, 2630, 2571, -1344, -1256, 2601, -1107, -1049, 1307, 2186, 1971, 2005, 
58, 2630, 2571, -1344, -1256, 2601, -1107, -1049, 1312, 2186, 1971, 2005, 
68, 2640, 2571, -1354, -1251, 2605, -1117, -1054, 1302, 2176, 1971, 2005, 
68, 2640, 2571, -1354, -1251, 2605, -1112, -1054, 1302, 2171, 1976, 2005, 
68, 2644, 2576, -1356, -1254, 2610, -1112, -1049, 1298, 2171, 1976, 2005, 
68, 2644, 2576, -1356, -1254, 2610, -1112, -1049, 1298, 2171, 1976, 2005, 
68, 2635, 2566, -1351, -1249, 2601, -1107, -1049, 1298, 2161, 1961, 1995, 
68, 2625, 2557, -1346, -1244, 2591, -1102, -1049, 1298, 2161, 1961, 1995, 
68, 2625, 2557, -1346, -1244, 2591, -1102, -1049, 1298, 2161, 1956, 1995, 
63, 2625, 2562, -1344, -1249, 2593, -1102, -1049, 1293, 2161, 1956, 1995, 
58, 2625, 2566, -1342, -1254, 2596, -1098, -1039, 1293, 2161, 1966, 1995, 
48, 2615, 2566, -1332, -1259, 2591, -1088, -1039, 1293, 2161, 1966, 1991, 
48, 2610, 2562, -1329, -1256, 2586, -1088, -1039, 1283, 2152, 1961, 1981, 
43, 2596, 2552, -1320, -1254, 2574, -1083, -1034, 1283, 2147, 1952, 1976, 
48, 2591, 2542, -1320, -1246, 2566, -1078, -1044, 1278, 2142, 1932, 1961, 
34, 2581, 2547, -1307, -1256, 2564, -1068, -1044, 1278, 2142, 1927, 1952, 
34, 2581, 2547, -1307, -1256, 2564, -1068, -1044, 1278, 2142, 1927, 1952, 
34, 2586, 2552, -1310, -1259, 2569, -1068, -1044, 1278, 2142, 1927, 1952, 
19, 2576, 2557, -1298, -1268, 2566, -1078, -1044, 1283, 2137, 1937, 1956, 
19, 2576, 2557, -1298, -1268, 2566, -1073, -1044, 1283, 2137, 1937, 1956, 
19, 2576, 2557, -1298, -1268, 2566, -1073, -1044, 1283, 2137, 1937, 1956, 
19, 2566, 2547, -1293, -1263, 2557, -1073, -1049, 1278, 2137, 1937, 1956, 
24, 2566, 2542, -1295, -1259, 2554, -1063, -1049, 1278, 2147, 1947, 1956, 
24, 2566, 2542, -1295, -1259, 2554, -1063, -1044, 1278, 2142, 1947, 1952, 
24, 2566, 2542, -1295, -1259, 2554, -1063, -1044, 1278, 2137, 1937, 1952, 
24, 2566, 2542, -1295, -1259, 2554, -1063, -1044, 1278, 2137, 1937, 1947, 
24, 2576, 2552, -1300, -1263, 2564, -1063, -1044, 1278, 2142, 1937, 1947, 
24, 2576, 2552, -1300, -1263, 2564, -1063, -1044, 1278, 2142, 1937, 1947, 
24, 2571, 2547, -1298, -1261, 2559, -1063, -1039, 1278, 2137, 1937, 1947, 
24, 2571, 2547, -1298, -1261, 2559, -1058, -1039, 1278, 2137, 1937, 1952, 
24, 2571, 2547, -1298, -1261, 2559, -1058, -1039, 1273, 2137, 1937, 1952, 
24, 2571, 2547, -1298, -1261, 2559, -1058, -1039, 1273, 2142, 1937, 1952, 
24, 2576, 2552, -1300, -1263, 2564, -1063, -1039, 1278, 2142, 1937, 1952, 
24, 2576, 2552, -1300, -1263, 2564, -1063, -1039, 1278, 2142, 1937, 1956, 
24, 2576, 2552, -1300, -1263, 2564, -1063, -1029, 1278, 2132, 1937, 1956, 
24, 2581, 2557, -1302, -1266, 2569, -1058, -1029, 1283, 2137, 1937, 1956, 
24, 2581, 2557, -1302, -1266, 2569, -1058, -1029, 1283, 2137, 1942, 1956, 
24, 2581, 2557, -1302, -1266, 2569, -1058, -1029, 1283, 2137, 1942, 1956, 
24, 2581, 2557, -1302, -1266, 2569, -1058, -1039, 1283, 2137, 1947, 1947, 
24, 2581, 2557, -1302, -1266, 2569, -1063, -1039, 1283, 2137, 1947, 1947, 
24, 2581, 2557, -1302, -1266, 2569, -1063, -1039, 1283, 2137, 1947, 1947, 
24, 2581, 2557, -1302, -1266, 2569, -1063, -1039, 1283, 2137, 1947, 1947, 
24, 2581, 2557, -1302, -1266, 2569, -1063, -1029, 1273, 2137, 1942, 1956, 
24, 2581, 2557, -1302, -1266, 2569, -1058, -1029, 1273, 2137, 1942, 1956, 
24, 2581, 2557, -1302, -1266, 2569, -1058, -1029, 1273, 2137, 1942, 1956, 
24, 2581, 2557, -1302, -1266, 2569, -1058, -1029, 1273, 2137, 1937, 1956, 
24, 2581, 2557, -1302, -1266, 2569, -1058, -1029, 1283, 2137, 1947, 1956, 
24, 2581, 2557, -1302, -1266, 2569, -1058, -1029, 1283, 2137, 1947, 1956, 
24, 2581, 2557, -1302, -1266, 2569, -1058, -1029, 1283, 2137, 1952, 1956, 
24, 2581, 2557, -1302, -1266, 2569, -1058, -1029, 1283, 2137, 1952, 1956, 
24, 2586, 2562, -1305, -1268, 2574, -1068, -1039, 1283, 2152, 1952, 1956, 
24, 2591, 2566, -1307, -1271, 2579, -1068, -1039, 1283, 2152, 1952, 1961, 
24, 2601, 2576, -1312, -1276, 2588, -1068, -1039, 1288, 2152, 1952, 1961, 
24, 2605, 2581, -1315, -1278, 2593, -1073, -1044, 1288, 2152, 1952, 1961, 
24, 2605, 2581, -1315, -1278, 2593, -1073, -1034, 1298, 2152, 1952, 1961, 
24, 2605, 2581, -1315, -1278, 2593, -1068, -1034, 1298, 2152, 1952, 1961, 
24, 2605, 2581, -1315, -1278, 2593, -1068, -1029, 1298, 2152, 1952, 1961, 
29, 2601, 2571, -1315, -1271, 2586, -1068, -1029, 1293, 2152, 1952, 1961, 
39, 2591, 2552, -1315, -1256, 2571, -1068, -1039, 1283, 2137, 1942, 1952, 
53, 2576, 2522, -1315, -1234, 2549, -1068, -1024, 1283, 2127, 1947, 1947, 
58, 2566, 2508, -1312, -1224, 2537, -1063, -1005, 1273, 2122, 1942, 1947, 
68, 2566, 2498, -1317, -1215, 2532, -1058, -995, 1273, 2132, 1942, 1947, 
73, 2562, 2488, -1317, -1207, 2525, -1049, -980, 1293, 2137, 1947, 1947, 
78, 2571, 2493, -1324, -1207, 2532, -1029, -922, 1332, 2161, 1961, 1947, 
82, 2615, 2532, -1349, -1224, 2574, -1015, -863, 1410, 2220, 2010, 1961, 
112, 2703, 2591, -1407, -1239, 2647, -1010, -814, 1488, 2318, 2093, 1995, 
175, 2786, 2610, -1481, -1217, 2698, -1029, -771, 1551, 2415, 2205, 2054, 
244, 2884, 2640, -1564, -1198, 2762, -1044, -697, 1644, 2527, 2327, 2122, 
322, 3001, 2679, -1661, -1178, 2840, -1054, -624, 1771, 2679, 2488, 2186, 
385, 3132, 2747, -1759, -1180, 2940, -1083, -600, 1873, 2830, 2635, 2264, 
424, 3274, 2849, -1849, -1212, 3062, -1141, -619, 1932, 2947, 2766, 2357, 
458, 3416, 2957, -1937, -1249, 3186, -1210, -678, 1947, 3045, 2898, 2464, 
478, 3577, 3098, -2027, -1310, 3337, -1278, -746, 1932, 3113, 3010, 2581, 
497, 3679, 3181, -2088, -1342, 3430, -1332, -844, 1883, 3123, 3064, 2669, 
463, 3674, 3211, -2069, -1373, 3442, -1337, -936, 1771, 3006, 2986, 2698, 
385, 3616, 3230, -2000, -1422, 3423, -1346, -1049, 1644, 2849, 2854, 2684, 
273, 3552, 3279, -1912, -1503, 3416, -1366, -1210, 1522, 2708, 2708, 2664, 
141, 3435, 3294, -1788, -1576, 3364, -1390, -1420, 1337, 2522, 2518, 2605, 
19, 3274, 3254, -1647, -1617, 3264, -1415, -1620, 1098, 2293, 2298, 2527, 
-68, 3142, 3211, -1537, -1639, 3176, -1459, -1800, 868, 2098, 2122, 2464, 
-117, 3010, 3128, -1446, -1622, 3069, -1483, -1893, 707, 1947, 1971, 2386, 
-141, 2893, 3035, -1376, -1588, 2964, -1454, -1864, 653, 1859, 1854, 2308, 
-141, 2830, 2971, -1344, -1556, 2901, -1415, -1790, 683, 1849, 1805, 2244, 
-141, 2810, 2952, -1334, -1546, 2881, -1385, -1708, 761, 1869, 1815, 2210, 
-126, 2781, 2908, -1327, -1517, 2845, -1346, -1600, 834, 1898, 1820, 2171, 
-102, 2742, 2845, -1320, -1473, 2793, -1302, -1498, 888, 1917, 1830, 2132, 
-73, 2718, 2791, -1322, -1432, 2754, -1273, -1434, 946, 1952, 1839, 2093, 
-43, 2708, 2752, -1332, -1398, 2730, -1254, -1381, 1024, 1995, 1873, 2083, 
-19, 2693, 2713, -1337, -1366, 2703, -1215, -1307, 1102, 2039, 1903, 2069, 
-9, 2669, 2679, -1329, -1344, 2674, -1180, -1244, 1141, 2069, 1912, 2049, 
0, 2635, 2635, -1317, -1317, 2635, -1156, -1210, 1166, 2078, 1912, 2030, 
-4, 2625, 2630, -1310, -1317, 2627, -1127, -1166, 1190, 2083, 1927, 2015, 
0, 2615, 2615, -1307, -1307, 2615, -1107, -1127, 1224, 2103, 1932, 2005, 
4, 2615, 2610, -1310, -1302, 2613, -1093, -1093, 1239, 2108, 1932, 1986, 
4, 2601, 2596, -1302, -1295, 2598, -1083, -1078, 1249, 2113, 1927, 1971, 
14, 2601, 2586, -1307, -1285, 2593, -1078, -1058, 1249, 2113, 1927, 1966, 
24, 2601, 2576, -1312, -1276, 2588, -1073, -1049, 1259, 2113, 1932, 1961, 
24, 2610, 2586, -1317, -1281, 2598, -1073, -1058, 1283, 2137, 1947, 1961, 
24, 2605, 2581, -1315, -1278, 2593, -1083, -1054, 1302, 2156, 1956, 1966, 
29, 2605, 2576, -1317, -1273, 2591, -1073, -1054, 1317, 2156, 1956, 1966, 
29, 2605, 2576, -1317, -1273, 2591, -1068, -1049, 1317, 2161, 1956, 1961, 
29, 2605, 2576, -1317, -1273, 2591, -1063, -1049, 1317, 2161, 1956, 1956, 
14, 2601, 2586, -1307, -1285, 2593, -1054, -1034, 1307, 2152, 1956, 1966, 
14, 2601, 2586, -1307, -1285, 2593, -1054, -1034, 1302, 2147, 1956, 1966, 
19, 2596, 2576, -1307, -1278, 2586, -1054, -1034, 1302, 2147, 1952, 1961, 
24, 2596, 2571, -1310, -1273, 2583, -1049, -1029, 1307, 2147, 1952, 1961, 
24, 2596, 2571, -1310, -1273, 2583, -1058, -1024, 1312, 2161, 1956, 1961, 
24, 2596, 2571, -1310, -1273, 2583, -1058, -1024, 1312, 2161, 1961, 1961, 
29, 2596, 2566, -1312, -1268, 2581, -1058, -1019, 1317, 2161, 1966, 1961, 
29, 2601, 2571, -1315, -1271, 2586, -1058, -1015, 1322, 2166, 1976, 1966, 
39, 2610, 2571, -1324, -1266, 2591, -1049, -1015, 1332, 2156, 1966, 1966, 
39, 2610, 2571, -1324, -1266, 2591, -1054, -1015, 1332, 2156, 1966, 1966, 
39, 2610, 2571, -1324, -1266, 2591, -1054, -1015, 1332, 2156, 1966, 1966, 
39, 2610, 2571, -1324, -1266, 2591, -1054, -1015, 1337, 2156, 1966, 1966, 
29, 2610, 2581, -1320, -1276, 2596, -1054, -1019, 1332, 2156, 1976, 1966, 
29, 2610, 2581, -1320, -1276, 2596, -1054, -1019, 1332, 2156, 1976, 1966, 
29, 2610, 2581, -1320, -1276, 2596, -1054, -1019, 1332, 2156, 1976, 1966, 
29, 2610, 2581, -1320, -1276, 2596, -1054, -1019, 1332, 2161, 1976, 1966, 
29, 2601, 2571, -1315, -1271, 2586, -1054, -1010, 1337, 2171, 1976, 1966, 
34, 2601, 2566, -1317, -1266, 2583, -1054, -1010, 1337, 2171, 1981, 1966, 
34, 2601, 2566, -1317, -1266, 2583, -1054, -1010, 1337, 2176, 1986, 1971, 
34, 2601, 2566, -1317, -1266, 2583, -1054, -1010, 1337, 2176, 1986, 1971, 
34, 2615, 2581, -1324, -1273, 2598, -1049, -1019, 1337, 2176, 1986, 1971, 
34, 2615, 2581, -1324, -1273, 2598, -1049, -1019, 1337, 2176, 1991, 1971, 
34, 2615, 2581, -1324, -1273, 2598, -1049, -1015, 1337, 2176, 1991, 1971, 
39, 2625, 2586, -1332, -1273, 2605, -1049, -1015, 1337, 2181, 1991, 1971, 
39, 2625, 2586, -1332, -1273, 2605, -1058, -1015, 1342, 2181, 1995, 1981, 
39, 2625, 2586, -1332, -1273, 2605, -1058, -1015, 1342, 2181, 1995, 1981, 
39, 2625, 2586, -1332, -1273, 2605, -1058, -1015, 1342, 2176, 1995, 1981, 
39, 2625, 2586, -1332, -1273, 2605, -1058, -1015, 1342, 2176, 1995, 1981, 
39, 2640, 2601, -1339, -1281, 2620, -1058, -1015, 1351, 2181, 2005, 1981, 
39, 2640, 2601, -1339, -1281, 2620, -1058, -1015, 1351, 2186, 2005, 1986, 
39, 2640, 2601, -1339, -1281, 2620, -1058, -1015, 1351, 2186, 2005, 1986, 
39, 2644, 2605, -1342, -1283, 2625, -1058, -1015, 1351, 2186, 2000, 1986, 
39, 2630, 2591, -1334, -1276, 2610, -1058, -1010, 1346, 2176, 1991, 1976, 
39, 2620, 2581, -1329, -1271, 2601, -1058, -1010, 1346, 2176, 1991, 1976, 
39, 2615, 2576, -1327, -1268, 2596, -1058, -1010, 1346, 2176, 1991, 1976, 
43, 2615, 2571, -1329, -1263, 2593, -1058, -1010, 1351, 2176, 1991, 1976, 
43, 2605, 2562, -1324, -1259, 2583, -1049, -1010, 1351, 2176, 1991, 1976, 
43, 2605, 2562, -1324, -1259, 2583, -1049, -1010, 1351, 2176, 1991, 1976, 
43, 2605, 2562, -1324, -1259, 2583, -1049, -1010, 1351, 2176, 1995, 1976, 
43, 2605, 2562, -1324, -1259, 2583, -1049, -1010, 1351, 2181, 1995, 1976, 
43, 2605, 2562, -1324, -1259, 2583, -1058, -1000, 1361, 2191, 2005, 1986, 
43, 2605, 2562, -1324, -1259, 2583, -1058, -1000, 1361, 2186, 2000, 1986, 
48, 2615, 2566, -1332, -1259, 2591, -1058, -1000, 1366, 2186, 2000, 1991, 
48, 2615, 2566, -1332, -1259, 2591, -1058, -1000, 1371, 2191, 2000, 1995, 
48, 2625, 2576, -1337, -1263, 2601, -1058, -1010, 1371, 2191, 2010, 1995, 
48, 2625, 2576, -1337, -1263, 2601, -1058, -1005, 1371, 2191, 2015, 1995, 
48, 2625, 2576, -1337, -1263, 2601, -1058, -1005, 1376, 2196, 2015, 1995, 
48, 2630, 2581, -1339, -1266, 2605, -1058, -1000, 1376, 2196, 2015, 1995, 
48, 2620, 2571, -1334, -1261, 2596, -1058, -1000, 1366, 2186, 2005, 1995, 
48, 2620, 2571, -1334, -1261, 2596, -1058, -1000, 1366, 2186, 2005, 1995, 
48, 2620, 2571, -1334, -1261, 2596, -1058, -1000, 1366, 2186, 2005, 1995, 
48, 2620, 2571, -1334, -1261, 2596, -1058, -1005, 1366, 2186, 2005, 1995, 
48, 2630, 2581, -1339, -1266, 2605, -1058, -1015, 1366, 2196, 2005, 1995, 
48, 2635, 2586, -1342, -1268, 2610, -1058, -1015, 1371, 2196, 2015, 1995, 
53, 2640, 2586, -1346, -1266, 2613, -1063, -1005, 1371, 2196, 2015, 2000, 
58, 2640, 2581, -1349, -1261, 2610, -1063, -1005, 1371, 2196, 2015, 2000, 
58, 2630, 2571, -1344, -1256, 2601, -1063, -1005, 1376, 2200, 2015, 2005, 
58, 2630, 2571, -1344, -1256, 2601, -1063, -1005, 1376, 2205, 2020, 2005, 
58, 2630, 2571, -1344, -1256, 2601, -1063, -1005, 1376, 2205, 2020, 2005, 
58, 2635, 2576, -1346, -1259, 2605, -1063, -1000, 1376, 2205, 2020, 2005, 
58, 2625, 2566, -1342, -1254, 2596, -1063, -990, 1390, 2210, 2010, 2005, 
58, 2630, 2571, -1344, -1256, 2601, -1068, -995, 1390, 2210, 2015, 2005, 
63, 2640, 2576, -1351, -1256, 2608, -1073, -1000, 1381, 2210, 2020, 2010, 
63, 2644, 2581, -1354, -1259, 2613, -1073, -1000, 1381, 2210, 2020, 2015, 
63, 2635, 2571, -1349, -1254, 2603, -1073, -990, 1381, 2210, 2025, 2010, 
68, 2640, 2571, -1354, -1251, 2605, -1073, -990, 1385, 2210, 2025, 2010, 
68, 2644, 2576, -1356, -1254, 2610, -1073, -990, 1385, 2210, 2030, 2010, 
68, 2644, 2576, -1356, -1254, 2610, -1083, -990, 1390, 2220, 2030, 2020, 
73, 2649, 2576, -1361, -1251, 2613, -1073, -980, 1400, 2225, 2034, 2030, 
73, 2654, 2581, -1363, -1254, 2618, -1078, -980, 1400, 2230, 2034, 2030, 
73, 2659, 2586, -1366, -1256, 2623, -1078, -985, 1400, 2230, 2039, 2034, 
78, 2669, 2591, -1373, -1256, 2630, -1083, -985, 1400, 2230, 2039, 2034, 
78, 2674, 2596, -1376, -1259, 2635, -1078, -995, 1395, 2230, 2034, 2030, 
82, 2679, 2596, -1381, -1256, 2637, -1083, -995, 1395, 2230, 2039, 2034, 
82, 2684, 2601, -1383, -1259, 2642, -1083, -995, 1395, 2230, 2044, 2039, 
82, 2688, 2605, -1385, -1261, 2647, -1088, -995, 1400, 2239, 2044, 2039, 
78, 2688, 2610, -1383, -1266, 2649, -1093, -995, 1405, 2239, 2054, 2059, 
78, 2693, 2615, -1385, -1268, 2654, -1093, -995, 1405, 2244, 2064, 2064, 
87, 2698, 2610, -1393, -1261, 2654, -1098, -995, 1405, 2244, 2064, 2069, 
87, 2703, 2615, -1395, -1263, 2659, -1102, -1000, 1400, 2244, 2069, 2074, 
87, 2713, 2625, -1400, -1268, 2669, -1107, -1000, 1400, 2244, 2064, 2069, 
92, 2723, 2630, -1407, -1268, 2676, -1112, -1005, 1405, 2254, 2064, 2074, 
102, 2737, 2635, -1420, -1266, 2686, -1117, -1010, 1405, 2259, 2069, 2078, 
102, 2737, 2635, -1420, -1266, 2686, -1122, -1010, 1405, 2259, 2074, 2078, 
112, 2742, 2630, -1427, -1259, 2686, -1137, -1015, 1405, 2264, 2088, 2093, 
112, 2747, 2635, -1429, -1261, 2691, -1137, -1019, 1405, 2274, 2093, 2098, 
117, 2757, 2640, -1437, -1261, 2698, -1141, -1024, 1410, 2274, 2098, 2103, 
117, 2762, 2644, -1439, -1263, 2703, -1146, -1024, 1410, 2274, 2098, 2108, 
107, 2766, 2659, -1437, -1276, 2713, -1151, -1029, 1410, 2274, 2103, 2113, 
112, 2771, 2659, -1442, -1273, 2715, -1156, -1034, 1405, 2274, 2103, 2113, 
112, 2776, 2664, -1444, -1276, 2720, -1161, -1039, 1405, 2274, 2103, 2117, 
112, 2786, 2674, -1449, -1281, 2730, -1166, -1044, 1405, 2278, 2103, 2122, 
117, 2796, 2679, -1456, -1281, 2737, -1161, -1054, 1395, 2278, 2108, 2117, 
117, 2801, 2684, -1459, -1283, 2742, -1166, -1058, 1395, 2278, 2108, 2122, 
117, 2801, 2684, -1459, -1283, 2742, -1171, -1063, 1395, 2283, 2113, 2122, 
117, 2806, 2688, -1461, -1285, 2747, -1171, -1068, 1395, 2283, 2113, 2122, 
122, 2801, 2679, -1461, -1278, 2740, -1176, -1063, 1395, 2283, 2103, 2132, 
122, 2806, 2684, -1464, -1281, 2745, -1176, -1063, 1395, 2288, 2103, 2142, 
117, 2806, 2688, -1461, -1285, 2747, -1176, -1068, 1395, 2288, 2103, 2142, 
117, 2806, 2688, -1461, -1285, 2747, -1176, -1073, 1390, 2278, 2103, 2142, 
117, 2796, 2679, -1456, -1281, 2737, -1180, -1073, 1390, 2278, 2103, 2152, 
117, 2796, 2679, -1456, -1281, 2737, -1180, -1078, 1390, 2278, 2103, 2152, 
117, 2796, 2679, -1456, -1281, 2737, -1180, -1078, 1390, 2278, 2103, 2152, 
117, 2796, 2679, -1456, -1281, 2737, -1180, -1083, 1390, 2278, 2103, 2152, 
117, 2786, 2669, -1451, -1276, 2727, -1180, -1098, 1381, 2278, 2103, 2147, 
112, 2786, 2674, -1449, -1281, 2730, -1185, -1098, 1381, 2278, 2103, 2147, 
112, 2786, 2674, -1449, -1281, 2730, -1185, -1098, 1381, 2278, 2103, 2147, 
112, 2786, 2674, -1449, -1281, 2730, -1185, -1098, 1385, 2283, 2103, 2147, 
112, 2786, 2674, -1449, -1281, 2730, -1180, -1093, 1395, 2283, 2098, 2156, 
112, 2781, 2669, -1446, -1278, 2725, -1180, -1093, 1395, 2283, 2098, 2152, 
112, 2781, 2669, -1446, -1278, 2725, -1180, -1093, 1395, 2283, 2098, 2147, 
112, 2776, 2664, -1444, -1276, 2720, -1180, -1093, 1395, 2283, 2098, 2147, 
107, 2776, 2669, -1442, -1281, 2723, -1180, -1093, 1410, 2293, 2108, 2137, 
107, 2771, 2664, -1439, -1278, 2718, -1176, -1088, 1410, 2293, 2108, 2137, 
102, 2766, 2664, -1434, -1281, 2715, -1176, -1088, 1410, 2293, 2103, 2137, 
102, 2762, 2659, -1432, -1278, 2710, -1171, -1088, 1415, 2298, 2103, 2137, 
102, 2766, 2664, -1434, -1281, 2715, -1161, -1088, 1415, 2298, 2103, 2132, 
102, 2757, 2654, -1429, -1276, 2705, -1161, -1088, 1415, 2298, 2103, 2132, 
97, 2757, 2659, -1427, -1281, 2708, -1156, -1088, 1415, 2298, 2098, 2132, 
97, 2757, 2659, -1427, -1281, 2708, -1151, -1088, 1424, 2298, 2098, 2127, 
92, 2747, 2654, -1420, -1281, 2701, -1161, -1078, 1429, 2308, 2088, 2122, 
87, 2742, 2654, -1415, -1283, 2698, -1156, -1073, 1429, 2308, 2088, 2122, 
87, 2737, 2649, -1412, -1281, 2693, -1151, -1073, 1429, 2308, 2088, 2117, 
87, 2732, 2644, -1410, -1278, 2688, -1146, -1073, 1429, 2308, 2083, 2117, 
78, 2727, 2649, -1403, -1285, 2688, -1132, -1073, 1439, 2303, 2088, 2117, 
78, 2723, 2644, -1400, -1283, 2684, -1132, -1073, 1439, 2303, 2088, 2108, 
73, 2723, 2649, -1398, -1288, 2686, -1132, -1073, 1439, 2303, 2088, 2103, 
73, 2723, 2649, -1398, -1288, 2686, -1127, -1073, 1439, 2303, 2088, 2103, 
73, 2713, 2640, -1393, -1283, 2676, -1122, -1073, 1439, 2303, 2083, 2093, 
68, 2708, 2640, -1388, -1285, 2674, -1122, -1073, 1439, 2303, 2078, 2093, 
68, 2703, 2635, -1385, -1283, 2669, -1122, -1073, 1434, 2303, 2078, 2093, 
68, 2698, 2630, -1383, -1281, 2664, -1117, -1073, 1434, 2303, 2078, 2093, 
63, 2693, 2630, -1378, -1283, 2662, -1112, -1073, 1434, 2298, 2069, 2093, 
63, 2688, 2625, -1376, -1281, 2657, -1112, -1073, 1434, 2293, 2064, 2093, 
63, 2684, 2620, -1373, -1278, 2652, -1112, -1073, 1434, 2288, 2064, 2093, 
58, 2684, 2625, -1371, -1283, 2654, -1107, -1073, 1434, 2288, 2064, 2088, 
58, 2679, 2620, -1368, -1281, 2649, -1107, -1073, 1444, 2298, 2064, 2088, 
58, 2679, 2620, -1368, -1281, 2649, -1102, -1073, 1439, 2298, 2059, 2088, 
58, 2679, 2620, -1368, -1281, 2649, -1102, -1073, 1439, 2298, 2059, 2088, 
53, 2679, 2625, -1366, -1285, 2652, -1102, -1073, 1439, 2293, 2059, 2088, 
53, 2669, 2615, -1361, -1281, 2642, -1102, -1073, 1449, 2288, 2054, 2088, 
53, 2669, 2615, -1361, -1281, 2642, -1102, -1073, 1449, 2288, 2054, 2083, 
48, 2664, 2615, -1356, -1283, 2640, -1102, -1073, 1449, 2288, 2049, 2083, 
48, 2664, 2615, -1356, -1283, 2640, -1102, -1073, 1449, 2288, 2049, 2083, 
48, 2664, 2615, -1356, -1283, 2640, -1098, -1058, 1449, 2288, 2049, 2083, 
48, 2659, 2610, -1354, -1281, 2635, -1098, -1058, 1449, 2288, 2049, 2083, 
48, 2654, 2605, -1351, -1278, 2630, -1098, -1058, 1449, 2288, 2049, 2083, 
48, 2654, 2605, -1351, -1278, 2630, -1098, -1058, 1449, 2288, 2044, 2083, 
43, 2654, 2610, -1349, -1283, 2632, -1098, -1063, 1449, 2283, 2044, 2078, 
43, 2649, 2605, -1346, -1281, 2627, -1098, -1068, 1449, 2283, 2044, 2078, 
43, 2649, 2605, -1346, -1281, 2627, -1093, -1073, 1449, 2283, 2044, 2078, 
43, 2649, 2605, -1346, -1281, 2627, -1093, -1078, 1449, 2283, 2039, 2078, 
53, 2640, 2586, -1346, -1266, 2613, -1093, -1068, 1449, 2293, 2039, 2078, 
53, 2640, 2586, -1346, -1266, 2613, -1093, -1063, 1449, 2293, 2039, 2078, 
48, 2635, 2586, -1342, -1268, 2610, -1093, -1063, 1454, 2288, 2039, 2074, 
48, 2635, 2586, -1342, -1268, 2610, -1093, -1063, 1454, 2288, 2039, 2074, 
48, 2630, 2581, -1339, -1266, 2605, -1093, -1063, 1454, 2283, 2030, 2074, 
48, 2625, 2576, -1337, -1263, 2601, -1088, -1063, 1454, 2283, 2030, 2078, 
48, 2625, 2576, -1337, -1263, 2601, -1088, -1063, 1449, 2283, 2025, 2078, 
48, 2620, 2571, -1334, -1261, 2596, -1088, -1063, 1449, 2283, 2025, 2078, 
43, 2620, 2576, -1332, -1266, 2598, -1078, -1054, 1449, 2293, 2034, 2078, 
43, 2620, 2576, -1332, -1266, 2598, -1083, -1054, 1449, 2293, 2034, 2078, 
43, 2620, 2576, -1332, -1266, 2598, -1083, -1054, 1454, 2293, 2034, 2078, 
43, 2620, 2576, -1332, -1266, 2598, -1083, -1054, 1454, 2293, 2039, 2078, 
43, 2625, 2581, -1334, -1268, 2603, -1083, -1063, 1454, 2293, 2030, 2069, 
43, 2625, 2581, -1334, -1268, 2603, -1083, -1063, 1454, 2298, 2030, 2074, 
43, 2620, 2576, -1332, -1266, 2598, -1083, -1063, 1454, 2298, 2030, 2074, 
43, 2620, 2576, -1332, -1266, 2598, -1083, -1063, 1454, 2298, 2034, 2074, 
39, 2625, 2586, -1332, -1273, 2605, -1078, -1063, 1464, 2298, 2034, 2083, 
39, 2625, 2586, -1332, -1273, 2605, -1078, -1063, 1464, 2298, 2034, 2083, 
39, 2625, 2586, -1332, -1273, 2605, -1078, -1063, 1464, 2298, 2034, 2083, 
39, 2625, 2586, -1332, -1273, 2605, -1078, -1063, 1468, 2298, 2034, 2083, 
29, 2625, 2596, -1327, -1283, 2610, -1078, -1073, 1468, 2308, 2034, 2083, 
29, 2625, 2596, -1327, -1283, 2610, -1078, -1073, 1473, 2308, 2034, 2083, 
34, 2625, 2591, -1329, -1278, 2608, -1083, -1073, 1473, 2308, 2034, 2083, 
34, 2625, 2591, -1329, -1278, 2608, -1083, -1073, 1468, 2308, 2039, 2083, 
34, 2625, 2591, -1329, -1278, 2608, -1073, -1063, 1468, 2308, 2039, 2083, 
34, 2625, 2591, -1329, -1278, 2608, -1073, -1063, 1473, 2308, 2039, 2083, 
34, 2635, 2601, -1334, -1283, 2618, -1073, -1063, 1478, 2308, 2039, 2083, 
34, 2635, 2601, -1334, -1283, 2618, -1073, -1063, 1478, 2313, 2039, 2088, 
34, 2625, 2591, -1329, -1278, 2608, -1073, -1058, 1473, 2313, 2039, 2088, 
34, 2625, 2591, -1329, -1278, 2608, -1073, -1058, 1473, 2313, 2039, 2088, 
34, 2625, 2591, -1329, -1278, 2608, -1078, -1058, 1478, 2318, 2039, 2088, 
34, 2630, 2596, -1332, -1281, 2613, -1078, -1058, 1478, 2322, 2039, 2093, 
34, 2625, 2591, -1329, -1278, 2608, -1078, -1058, 1488, 2322, 2044, 2098, 
34, 2625, 2591, -1329, -1278, 2608, -1078, -1058, 1488, 2322, 2044, 2098, 
34, 2625, 2591, -1329, -1278, 2608, -1078, -1058, 1488, 2322, 2044, 2098, 
34, 2630, 2596, -1332, -1281, 2613, -1078, -1058, 1488, 2322, 2044, 2098, 
34, 2640, 2605, -1337, -1285, 2623, -1088, -1068, 1488, 2322, 2044, 2088, 
39, 2640, 2601, -1339, -1281, 2620, -1088, -1068, 1488, 2327, 2044, 2093, 
39, 2640, 2601, -1339, -1281, 2620, -1088, -1068, 1488, 2327, 2044, 2098, 
39, 2640, 2601, -1339, -1281, 2620, -1088, -1068, 1488, 2327, 2044, 2098, 
48, 2640, 2591, -1344, -1271, 2615, -1088, -1068, 1498, 2337, 2054, 2098, 
48, 2644, 2596, -1346, -1273, 2620, -1088, -1068, 1498, 2337, 2059, 2098, 
48, 2649, 2601, -1349, -1276, 2625, -1093, -1068, 1498, 2342, 2064, 2098, 
48, 2649, 2601, -1349, -1276, 2625, -1093, -1068, 1498, 2342, 2064, 2098, 
48, 2644, 2596, -1346, -1273, 2620, -1083, -1068, 1498, 2342, 2064, 2108, 
53, 2644, 2591, -1349, -1268, 2618, -1088, -1068, 1498, 2337, 2059, 2108, 
53, 2644, 2591, -1349, -1268, 2618, -1088, -1068, 1498, 2337, 2059, 2108, 
53, 2644, 2591, -1349, -1268, 2618, -1088, -1068, 1498, 2337, 2064, 2108, 
53, 2654, 2601, -1354, -1273, 2627, -1088, -1068, 1488, 2342, 2054, 2113, 
53, 2654, 2601, -1354, -1273, 2627, -1088, -1068, 1493, 2342, 2059, 2113, 
53, 2659, 2605, -1356, -1276, 2632, -1093, -1068, 1498, 2342, 2059, 2113, 
53, 2659, 2605, -1356, -1276, 2632, -1093, -1068, 1498, 2342, 2054, 2113, 
53, 2664, 2610, -1359, -1278, 2637, -1098, -1068, 1498, 2352, 2064, 2113, 
58, 2664, 2605, -1361, -1273, 2635, -1098, -1068, 1498, 2352, 2064, 2117, 
58, 2664, 2605, -1361, -1273, 2635, -1098, -1068, 1498, 2357, 2064, 2117, 
58, 2664, 2605, -1361, -1273, 2635, -1098, -1068, 1498, 2357, 2069, 2117, 
58, 2659, 2601, -1359, -1271, 2630, -1098, -1068, 1507, 2357, 2069, 2117, 
63, 2659, 2596, -1361, -1266, 2627, -1102, -1068, 1507, 2357, 2069, 2117, 
63, 2659, 2596, -1361, -1266, 2627, -1102, -1068, 1503, 2357, 2069, 2117, 
63, 2659, 2596, -1361, -1266, 2627, -1102, -1068, 1503, 2357, 2069, 2117, 
63, 2659, 2596, -1361, -1266, 2627, -1093, -1068, 1503, 2347, 2059, 2117, 
63, 2659, 2596, -1361, -1266, 2627, -1093, -1068, 1503, 2347, 2059, 2122, 
58, 2659, 2601, -1359, -1271, 2630, -1093, -1068, 1503, 2347, 2059, 2122, 
58, 2659, 2601, -1359, -1271, 2630, -1093, -1068, 1503, 2342, 2059, 2122, 
68, 2649, 2581, -1359, -1256, 2615, -1098, -1073, 1493, 2352, 2059, 2113, 
68, 2649, 2581, -1359, -1256, 2615, -1098, -1073, 1493, 2352, 2059, 2108, 
68, 2644, 2576, -1356, -1254, 2610, -1098, -1068, 1493, 2357, 2059, 2108, 
68, 2644, 2576, -1356, -1254, 2610, -1098, -1068, 1493, 2357, 2059, 2108, 
58, 2654, 2596, -1356, -1268, 2625, -1098, -1083, 1503, 2357, 2064, 2117, 
63, 2654, 2591, -1359, -1263, 2623, -1098, -1083, 1503, 2357, 2064, 2117, 
63, 2654, 2591, -1359, -1263, 2623, -1093, -1083, 1503, 2357, 2064, 2117, 
63, 2654, 2591, -1359, -1263, 2623, -1093, -1078, 1503, 2357, 2064, 2117, 
63, 2654, 2591, -1359, -1263, 2623, -1093, -1068, 1512, 2357, 2059, 2117, 
63, 2654, 2591, -1359, -1263, 2623, -1093, -1078, 1512, 2357, 2059, 2117, 
63, 2654, 2591, -1359, -1263, 2623, -1093, -1078, 1503, 2357, 2059, 2117, 
63, 2654, 2591, -1359, -1263, 2623, -1093, -1078, 1503, 2357, 2059, 2117, 
63, 2654, 2591, -1359, -1263, 2623, -1093, -1068, 1503, 2357, 2059, 2117, 
63, 2654, 2591, -1359, -1263, 2623, -1093, -1073, 1503, 2352, 2059, 2117, 
63, 2654, 2591, -1359, -1263, 2623, -1098, -1073, 1498, 2352, 2059, 2117, 
63, 2654, 2591, -1359, -1263, 2623, -1098, -1078, 1498, 2357, 2059, 2117, 
63, 2644, 2581, -1354, -1259, 2613, -1098, -1078, 1498, 2366, 2049, 2108, 
63, 2644, 2581, -1354, -1259, 2613, -1098, -1078, 1498, 2366, 2049, 2108, 
63, 2644, 2581, -1354, -1259, 2613, -1098, -1078, 1498, 2366, 2049, 2108, 
63, 2644, 2581, -1354, -1259, 2613, -1102, -1078, 1498, 2366, 2049, 2108, 
63, 2644, 2581, -1354, -1259, 2613, -1093, -1078, 1507, 2366, 2049, 2117, 
63, 2644, 2581, -1354, -1259, 2613, -1093, -1078, 1507, 2361, 2049, 2117, 
63, 2644, 2581, -1354, -1259, 2613, -1088, -1078, 1503, 2361, 2049, 2117, 
63, 2644, 2581, -1354, -1259, 2613, -1088, -1078, 1503, 2361, 2049, 2117, 
58, 2635, 2576, -1346, -1259, 2605, -1093, -1078, 1503, 2352, 2049, 2108, 
58, 2635, 2576, -1346, -1259, 2605, -1093, -1083, 1503, 2357, 2049, 2108, 
58, 2635, 2576, -1346, -1259, 2605, -1093, -1083, 1503, 2357, 2049, 2108, 
58, 2635, 2576, -1346, -1259, 2605, -1088, -1083, 1503, 2357, 2049, 2108, 
58, 2625, 2566, -1342, -1254, 2596, -1088, -1083, 1503, 2357, 2049, 2113, 
58, 2625, 2566, -1342, -1254, 2596, -1088, -1083, 1503, 2352, 2049, 2113, 
58, 2625, 2566, -1342, -1254, 2596, -1088, -1083, 1503, 2352, 2049, 2108, 
58, 2625, 2566, -1342, -1254, 2596, -1088, -1083, 1503, 2352, 2049, 2108, 
68, 2635, 2566, -1351, -1249, 2601, -1098, -1078, 1503, 2366, 2039, 2108, 
68, 2635, 2566, -1351, -1249, 2601, -1098, -1078, 1503, 2366, 2039, 2113, 
68, 2635, 2566, -1351, -1249, 2601, -1098, -1083, 1503, 2371, 2039, 2113, 
68, 2635, 2566, -1351, -1249, 2601, -1098, -1083, 1503, 2371, 2039, 2113, 
58, 2635, 2576, -1346, -1259, 2605, -1098, -1093, 1503, 2361, 2039, 2108, 
58, 2635, 2576, -1346, -1259, 2605, -1098, -1093, 1503, 2361, 2039, 2108, 
63, 2635, 2571, -1349, -1254, 2603, -1098, -1093, 1503, 2361, 2039, 2108, 
63, 2635, 2571, -1349, -1254, 2603, -1098, -1093, 1503, 2361, 2044, 2108, 
63, 2625, 2562, -1344, -1249, 2593, -1102, -1088, 1503, 2361, 2054, 2108, 
58, 2625, 2566, -1342, -1254, 2596, -1098, -1083, 1503, 2361, 2049, 2108, 
58, 2625, 2566, -1342, -1254, 2596, -1093, -1083, 1503, 2361, 2049, 2108, 
63, 2625, 2562, -1344, -1249, 2593, -1088, -1078, 1503, 2361, 2049, 2108, 
63, 2625, 2562, -1344, -1249, 2593, -1088, -1078, 1503, 2371, 2039, 2108, 
63, 2625, 2562, -1344, -1249, 2593, -1088, -1078, 1507, 2371, 2044, 2113, 
63, 2625, 2562, -1344, -1249, 2593, -1088, -1078, 1507, 2371, 2044, 2113, 
63, 2630, 2566, -1346, -1251, 2598, -1083, -1078, 1507, 2371, 2049, 2117, 
68, 2630, 2562, -1349, -1246, 2596, -1083, -1078, 1517, 2376, 2049, 2117, 
68, 2640, 2571, -1354, -1251, 2605, -1083, -1073, 1527, 2381, 2049, 2117, 
73, 2649, 2576, -1361, -1251, 2613, -1088, -1083, 1527, 2381, 2049, 2117, 
68, 2654, 2586, -1361, -1259, 2620, -1093, -1083, 1522, 2381, 2059, 2127, 
68, 2654, 2586, -1361, -1259, 2620, -1102, -1083, 1527, 2391, 2069, 2137, 
68, 2654, 2586, -1361, -1259, 2620, -1102, -1083, 1532, 2391, 2069, 2137, 
68, 2654, 2586, -1361, -1259, 2620, -1102, -1083, 1537, 2391, 2069, 2137, 
68, 2654, 2586, -1361, -1259, 2620, -1102, -1083, 1542, 2391, 2069, 2137, 
68, 2659, 2591, -1363, -1261, 2625, -1112, -1098, 1556, 2400, 2069, 2147, 
68, 2669, 2601, -1368, -1266, 2635, -1112, -1098, 1561, 2410, 2069, 2147, 
68, 2679, 2610, -1373, -1271, 2644, -1112, -1098, 1566, 2420, 2074, 2147, 
68, 2688, 2620, -1378, -1276, 2654, -1112, -1098, 1571, 2430, 2078, 2152, 
68, 2693, 2625, -1381, -1278, 2659, -1117, -1098, 1576, 2420, 2093, 2161, 
73, 2698, 2625, -1385, -1276, 2662, -1122, -1098, 1581, 2425, 2098, 2161, 
78, 2703, 2625, -1390, -1273, 2664, -1127, -1098, 1581, 2430, 2103, 2161, 
78, 2703, 2625, -1390, -1273, 2664, -1132, -1098, 1581, 2435, 2103, 2161, 
87, 2718, 2630, -1403, -1271, 2674, -1137, -1107, 1581, 2435, 2093, 2166, 
87, 2718, 2630, -1403, -1271, 2674, -1141, -1107, 1576, 2435, 2093, 2166, 
87, 2718, 2630, -1403, -1271, 2674, -1141, -1107, 1576, 2435, 2093, 2166, 
92, 2723, 2630, -1407, -1268, 2676, -1141, -1107, 1576, 2435, 2093, 2166, 
92, 2713, 2620, -1403, -1263, 2666, -1137, -1102, 1571, 2444, 2103, 2176, 
92, 2713, 2620, -1403, -1263, 2666, -1146, -1112, 1571, 2440, 2103, 2181, 
92, 2708, 2615, -1400, -1261, 2662, -1151, -1117, 1561, 2435, 2103, 2181, 
92, 2708, 2615, -1400, -1261, 2662, -1151, -1117, 1551, 2435, 2098, 2171, 
102, 2693, 2591, -1398, -1244, 2642, -1146, -1107, 1546, 2425, 2088, 2161, 
92, 2693, 2601, -1393, -1254, 2647, -1141, -1107, 1537, 2420, 2078, 2161, 
92, 2684, 2591, -1388, -1249, 2637, -1137, -1112, 1532, 2420, 2078, 2161, 
92, 2693, 2601, -1393, -1254, 2647, -1137, -1117, 1532, 2420, 2078, 2161, 
92, 2703, 2610, -1398, -1259, 2657, -1137, -1127, 1537, 2420, 2083, 2171, 
87, 2698, 2610, -1393, -1261, 2654, -1137, -1127, 1532, 2420, 2078, 2171, 
87, 2688, 2601, -1388, -1256, 2644, -1137, -1127, 1532, 2420, 2078, 2171, 
87, 2688, 2601, -1388, -1256, 2644, -1137, -1127, 1537, 2420, 2078, 2171, 
87, 2679, 2591, -1383, -1251, 2635, -1137, -1122, 1537, 2420, 2069, 2171, 
87, 2679, 2591, -1383, -1251, 2635, -1132, -1122, 1537, 2415, 2074, 2171, 
87, 2684, 2596, -1385, -1254, 2640, -1132, -1117, 1532, 2415, 2074, 2171, 
87, 2684, 2596, -1385, -1254, 2640, -1132, -1117, 1532, 2415, 2074, 2171, 
87, 2684, 2596, -1385, -1254, 2640, -1127, -1107, 1532, 2415, 2078, 2161, 
87, 2674, 2586, -1381, -1249, 2630, -1122, -1107, 1532, 2415, 2078, 2161, 
87, 2674, 2586, -1381, -1249, 2630, -1122, -1107, 1532, 2415, 2074, 2161, 
82, 2674, 2591, -1378, -1254, 2632, -1122, -1107, 1527, 2415, 2074, 2161, 
87, 2664, 2576, -1376, -1244, 2620, -1117, -1107, 1527, 2415, 2074, 2171, 
78, 2654, 2576, -1366, -1249, 2615, -1107, -1107, 1527, 2415, 2074, 2166, 
78, 2649, 2571, -1363, -1246, 2610, -1107, -1107, 1517, 2405, 2069, 2156, 
73, 2635, 2562, -1354, -1244, 2598, -1102, -1102, 1517, 2400, 2059, 2152, 
68, 2610, 2542, -1339, -1237, 2576, -1098, -1102, 1503, 2391, 2044, 2142, 
53, 2601, 2547, -1327, -1246, 2574, -1088, -1102, 1503, 2386, 2034, 2127, 
53, 2601, 2547, -1327, -1246, 2574, -1088, -1102, 1503, 2381, 2030, 2122, 
53, 2605, 2552, -1329, -1249, 2579, -1088, -1102, 1503, 2376, 2025, 2117, 
48, 2596, 2547, -1322, -1249, 2571, -1078, -1093, 1517, 2391, 2034, 2122, 
48, 2596, 2547, -1322, -1249, 2571, -1073, -1093, 1517, 2391, 2034, 2122, 
48, 2596, 2547, -1322, -1249, 2571, -1073, -1093, 1517, 2391, 2034, 2122, 
48, 2586, 2537, -1317, -1244, 2562, -1073, -1098, 1512, 2391, 2034, 2122, 
53, 2596, 2542, -1324, -1244, 2569, -1083, -1107, 1512, 2381, 2034, 2122, 
53, 2596, 2542, -1324, -1244, 2569, -1083, -1102, 1512, 2376, 2034, 2117, 
53, 2596, 2542, -1324, -1244, 2569, -1083, -1102, 1512, 2371, 2025, 2117, 
53, 2596, 2542, -1324, -1244, 2569, -1083, -1102, 1512, 2371, 2025, 2113, 
53, 2591, 2537, -1322, -1241, 2564, -1073, -1093, 1503, 2376, 2025, 2122, 
53, 2586, 2532, -1320, -1239, 2559, -1073, -1093, 1503, 2376, 2025, 2122, 
53, 2576, 2522, -1315, -1234, 2549, -1073, -1088, 1503, 2371, 2025, 2122, 
53, 2571, 2518, -1312, -1232, 2544, -1068, -1088, 1503, 2371, 2025, 2127, 
53, 2581, 2527, -1317, -1237, 2554, -1068, -1088, 1507, 2371, 2034, 2117, 
53, 2581, 2527, -1317, -1237, 2554, -1068, -1088, 1507, 2376, 2034, 2117, 
53, 2586, 2532, -1320, -1239, 2559, -1073, -1088, 1512, 2376, 2034, 2117, 
53, 2586, 2532, -1320, -1239, 2559, -1073, -1088, 1512, 2376, 2034, 2122, 
53, 2586, 2532, -1320, -1239, 2559, -1073, -1088, 1512, 2386, 2034, 2132, 
53, 2591, 2537, -1322, -1241, 2564, -1068, -1088, 1517, 2391, 2034, 2132, 
53, 2591, 2537, -1322, -1241, 2564, -1068, -1088, 1517, 2391, 2039, 2132, 
53, 2591, 2537, -1322, -1241, 2564, -1068, -1088, 1517, 2391, 2039, 2132, 
53, 2581, 2527, -1317, -1237, 2554, -1068, -1088, 1517, 2391, 2025, 2122, 
53, 2581, 2527, -1317, -1237, 2554, -1073, -1088, 1517, 2391, 2025, 2122, 
53, 2581, 2527, -1317, -1237, 2554, -1073, -1088, 1517, 2391, 2025, 2122, 
53, 2581, 2527, -1317, -1237, 2554, -1073, -1088, 1517, 2391, 2025, 2122, 
53, 2571, 2518, -1312, -1232, 2544, -1073, -1088, 1517, 2391, 2020, 2122, 
53, 2571, 2518, -1312, -1232, 2544, -1068, -1088, 1517, 2391, 2020, 2122, 
53, 2571, 2518, -1312, -1232, 2544, -1068, -1088, 1517, 2391, 2020, 2122, 
53, 2571, 2518, -1312, -1232, 2544, -1068, -1088, 1517, 2391, 2015, 2122, 
53, 2571, 2518, -1312, -1232, 2544, -1068, -1088, 1527, 2400, 2015, 2122, 
53, 2571, 2518, -1312, -1232, 2544, -1068, -1088, 1527, 2400, 2015, 2122, 
53, 2571, 2518, -1312, -1232, 2544, -1068, -1088, 1527, 2400, 2020, 2122, 
53, 2571, 2518, -1312, -1232, 2544, -1068, -1088, 1527, 2400, 2020, 2122, 
53, 2581, 2527, -1317, -1237, 2554, -1068, -1078, 1527, 2396, 2030, 2132, 
53, 2581, 2527, -1317, -1237, 2554, -1068, -1078, 1527, 2396, 2030, 2137, 
53, 2586, 2532, -1320, -1239, 2559, -1068, -1078, 1532, 2396, 2030, 2137, 
53, 2586, 2532, -1320, -1239, 2559, -1073, -1083, 1532, 2396, 2030, 2137, 
53, 2586, 2532, -1320, -1239, 2559, -1073, -1093, 1532, 2400, 2030, 2137, 
53, 2586, 2532, -1320, -1239, 2559, -1068, -1093, 1532, 2405, 2030, 2137, 
53, 2586, 2532, -1320, -1239, 2559, -1068, -1088, 1532, 2410, 2030, 2137, 
58, 2581, 2522, -1320, -1232, 2552, -1068, -1088, 1527, 2415, 2030, 2137, 
58, 2571, 2513, -1315, -1227, 2542, -1058, -1078, 1537, 2410, 2020, 2137, 
63, 2566, 2503, -1315, -1220, 2535, -1058, -1073, 1527, 2400, 2025, 2132, 
68, 2557, 2488, -1312, -1210, 2522, -1054, -1054, 1527, 2396, 2020, 2113, 
78, 2557, 2479, -1317, -1200, 2518, -1058, -1044, 1527, 2396, 2030, 2113, 
82, 2571, 2488, -1327, -1202, 2530, -1049, -1019, 1546, 2410, 2034, 2122, 
97, 2581, 2483, -1339, -1193, 2532, -1029, -971, 1595, 2435, 2039, 2122, 
122, 2615, 2493, -1368, -1185, 2554, -1015, -893, 1673, 2503, 2088, 2127, 
161, 2684, 2522, -1422, -1180, 2603, -1010, -834, 1751, 2591, 2171, 2171, 
214, 2766, 2552, -1490, -1168, 2659, -1019, -780, 1805, 2679, 2264, 2220, 
292, 2864, 2571, -1578, -1139, 2718, -1034, -717, 1888, 2791, 2386, 2278, 
370, 2981, 2610, -1676, -1119, 2796, -1054, -653, 2005, 2932, 2537, 2352, 
424, 3113, 2688, -1769, -1132, 2901, -1083, -629, 2108, 3074, 2693, 2430, 
473, 3245, 2771, -1859, -1149, 3008, -1141, -658, 2166, 3191, 2815, 2513, 
507, 3396, 2888, -1952, -1190, 3142, -1210, -717, 2171, 3279, 2947, 2620, 
536, 3538, 3001, -2037, -1232, 3269, -1278, -785, 2147, 3347, 3059, 2727, 
536, 3620, 3084, -2078, -1273, 3352, -1332, -873, 2078, 3328, 3093, 2815, 
512, 3616, 3103, -2064, -1295, 3359, -1356, -976, 1947, 3201, 2996, 2835, 
453, 3557, 3103, -2005, -1324, 3330, -1376, -1117, 1800, 3045, 2854, 2820, 
361, 3494, 3132, -1927, -1385, 3313, -1415, -1307, 1659, 2903, 2727, 2810, 
219, 3376, 3157, -1798, -1468, 3267, -1459, -1517, 1473, 2727, 2547, 2762, 
87, 3235, 3147, -1661, -1529, 3191, -1493, -1727, 1254, 2518, 2347, 2703, 
9, 3123, 3113, -1566, -1551, 3118, -1527, -1908, 1054, 2352, 2181, 2649, 
-39, 3001, 3040, -1481, -1539, 3020, -1532, -1971, 912, 2200, 2039, 2581, 
-63, 2884, 2947, -1410, -1505, 2915, -1493, -1922, 878, 2122, 1942, 2493, 
-73, 2820, 2893, -1373, -1483, 2857, -1434, -1839, 936, 2122, 1903, 2430, 
-73, 2781, 2854, -1354, -1464, 2818, -1395, -1737, 1015, 2161, 1903, 2386, 
-58, 2742, 2801, -1342, -1429, 2771, -1356, -1639, 1078, 2181, 1908, 2347, 
-43, 2703, 2747, -1329, -1395, 2725, -1312, -1546, 1141, 2200, 1917, 2308, 
-24, 2669, 2693, -1322, -1359, 2681, -1283, -1464, 1200, 2225, 1917, 2269, 
-4, 2669, 2674, -1332, -1339, 2671, -1254, -1410, 1268, 2269, 1942, 2249, 
9, 2654, 2644, -1332, -1317, 2649, -1215, -1337, 1337, 2313, 1952, 2235, 
19, 2630, 2610, -1324, -1295, 2620, -1180, -1283, 1385, 2332, 1961, 2225, 
19, 2605, 2586, -1312, -1283, 2596, -1146, -1239, 1410, 2342, 1971, 2205, 
24, 2596, 2571, -1310, -1273, 2583, -1117, -1205, 1444, 2357, 1976, 2181, 
39, 2586, 2547, -1312, -1254, 2566, -1088, -1176, 1468, 2386, 1981, 2171, 
43, 2576, 2532, -1310, -1244, 2554, -1083, -1141, 1483, 2391, 1981, 2152, 
43, 2562, 2518, -1302, -1237, 2540, -1073, -1117, 1493, 2396, 1986, 2137, 
53, 2562, 2508, -1307, -1227, 2535, -1078, -1107, 1503, 2396, 1986, 2132, 
63, 2571, 2508, -1317, -1222, 2540, -1073, -1098, 1512, 2396, 2000, 2137, 
73, 2571, 2498, -1322, -1212, 2535, -1073, -1088, 1537, 2410, 2005, 2137, 
68, 2566, 2498, -1317, -1215, 2532, -1073, -1083, 1537, 2420, 2005, 2142, 
68, 2566, 2498, -1317, -1215, 2532, -1063, -1083, 1551, 2420, 2005, 2142, 
63, 2566, 2503, -1315, -1220, 2535, -1058, -1078, 1551, 2425, 2005, 2137, 
58, 2566, 2508, -1312, -1224, 2537, -1054, -1078, 1551, 2425, 2005, 2132, 
53, 2562, 2508, -1307, -1227, 2535, -1044, -1073, 1551, 2425, 2005, 2132, 
53, 2562, 2508, -1307, -1227, 2535, -1044, -1073, 1546, 2420, 2005, 2132, 
58, 2557, 2498, -1307, -1220, 2527, -1044, -1073, 1546, 2420, 2000, 2127, 
63, 2557, 2493, -1310, -1215, 2525, -1039, -1068, 1551, 2420, 2000, 2127, 
63, 2547, 2483, -1305, -1210, 2515, -1039, -1063, 1556, 2425, 2010, 2127, 
63, 2547, 2483, -1305, -1210, 2515, -1039, -1063, 1556, 2425, 2010, 2127, 
68, 2547, 2479, -1307, -1205, 2513, -1039, -1058, 1561, 2425, 2010, 2127, 
68, 2552, 2483, -1310, -1207, 2518, -1039, -1054, 1566, 2430, 2015, 2132, 
68, 2552, 2483, -1310, -1207, 2518, -1039, -1054, 1566, 2440, 2015, 2132, 
68, 2552, 2483, -1310, -1207, 2518, -1044, -1054, 1566, 2440, 2015, 2132, 
68, 2552, 2483, -1310, -1207, 2518, -1044, -1054, 1566, 2440, 2015, 2132, 
68, 2552, 2483, -1310, -1207, 2518, -1044, -1054, 1571, 2440, 2015, 2132, 
68, 2562, 2493, -1315, -1212, 2527, -1054, -1058, 1566, 2440, 2015, 2132, 
68, 2562, 2493, -1315, -1212, 2527, -1054, -1058, 1566, 2440, 2015, 2132, 
68, 2562, 2493, -1315, -1212, 2527, -1054, -1058, 1566, 2440, 2015, 2132, 
68, 2562, 2493, -1315, -1212, 2527, -1054, -1058, 1566, 2444, 2015, 2132, 
68, 2562, 2493, -1315, -1212, 2527, -1044, -1049, 1571, 2444, 2015, 2132, 
73, 2562, 2488, -1317, -1207, 2525, -1044, -1049, 1571, 2444, 2020, 2132, 
73, 2562, 2488, -1317, -1207, 2525, -1044, -1049, 1571, 2449, 2025, 2137, 
73, 2562, 2488, -1317, -1207, 2525, -1044, -1049, 1571, 2449, 2025, 2137, 
73, 2576, 2503, -1324, -1215, 2540, -1049, -1058, 1581, 2459, 2025, 2137, 
73, 2576, 2503, -1324, -1215, 2540, -1049, -1058, 1581, 2459, 2030, 2137, 
73, 2576, 2503, -1324, -1215, 2540, -1049, -1054, 1581, 2459, 2030, 2137, 
78, 2586, 2508, -1332, -1215, 2547, -1049, -1054, 1581, 2464, 2030, 2137, 
68, 2576, 2508, -1322, -1220, 2542, -1049, -1054, 1586, 2454, 2025, 2147, 
68, 2576, 2508, -1322, -1220, 2542, -1049, -1054, 1586, 2454, 2025, 2147, 
68, 2576, 2508, -1322, -1220, 2542, -1049, -1054, 1586, 2449, 2025, 2147, 
68, 2576, 2508, -1322, -1220, 2542, -1049, -1054, 1586, 2449, 2025, 2147, 
78, 2576, 2498, -1327, -1210, 2537, -1049, -1054, 1586, 2444, 2025, 2137, 
78, 2571, 2493, -1324, -1207, 2532, -1049, -1054, 1586, 2449, 2025, 2142, 
78, 2566, 2488, -1322, -1205, 2527, -1049, -1054, 1586, 2449, 2025, 2142, 
78, 2566, 2488, -1322, -1205, 2527, -1049, -1054, 1586, 2449, 2020, 2142, 
78, 2566, 2488, -1322, -1205, 2527, -1039, -1039, 1590, 2459, 2020, 2142, 
78, 2562, 2483, -1320, -1202, 2522, -1039, -1039, 1590, 2459, 2020, 2142, 
78, 2562, 2483, -1320, -1202, 2522, -1039, -1039, 1590, 2459, 2020, 2142, 
82, 2566, 2483, -1324, -1200, 2525, -1039, -1039, 1595, 2459, 2020, 2142, 
82, 2566, 2483, -1324, -1200, 2525, -1039, -1049, 1595, 2459, 2020, 2152, 
82, 2566, 2483, -1324, -1200, 2525, -1039, -1049, 1595, 2459, 2020, 2152, 
82, 2566, 2483, -1324, -1200, 2525, -1039, -1049, 1595, 2459, 2025, 2152, 
82, 2566, 2483, -1324, -1200, 2525, -1039, -1049, 1595, 2464, 2025, 2152, 
82, 2566, 2483, -1324, -1200, 2525, -1049, -1039, 1595, 2464, 2025, 2142, 
82, 2566, 2483, -1324, -1200, 2525, -1049, -1039, 1595, 2459, 2020, 2142, 
87, 2576, 2488, -1332, -1200, 2532, -1049, -1039, 1600, 2459, 2020, 2147, 
87, 2576, 2488, -1332, -1200, 2532, -1049, -1039, 1605, 2464, 2020, 2152, 
87, 2566, 2479, -1327, -1195, 2522, -1049, -1039, 1595, 2464, 2010, 2152, 
87, 2566, 2479, -1327, -1195, 2522, -1049, -1034, 1595, 2464, 2015, 2152, 
87, 2566, 2479, -1327, -1195, 2522, -1049, -1034, 1600, 2469, 2015, 2152, 
87, 2571, 2483, -1329, -1198, 2527, -1049, -1029, 1600, 2469, 2015, 2152, 
87, 2571, 2483, -1329, -1198, 2527, -1049, -1039, 1610, 2479, 2025, 2161, 
87, 2571, 2483, -1329, -1198, 2527, -1049, -1039, 1610, 2479, 2025, 2161, 
87, 2571, 2483, -1329, -1198, 2527, -1049, -1039, 1610, 2479, 2025, 2161, 
87, 2571, 2483, -1329, -1198, 2527, -1049, -1044, 1610, 2479, 2025, 2161, 
87, 2571, 2483, -1329, -1198, 2527, -1049, -1044, 1610, 2469, 2015, 2161, 
87, 2576, 2488, -1332, -1200, 2532, -1049, -1044, 1615, 2469, 2025, 2161, 
92, 2581, 2488, -1337, -1198, 2535, -1054, -1034, 1615, 2469, 2025, 2166, 
97, 2581, 2483, -1339, -1193, 2532, -1054, -1034, 1615, 2469, 2025, 2166, 
97, 2571, 2474, -1334, -1188, 2522, -1044, -1024, 1610, 2474, 2025, 2161, 
97, 2571, 2474, -1334, -1188, 2522, -1044, -1024, 1610, 2479, 2030, 2161, 
97, 2571, 2474, -1334, -1188, 2522, -1044, -1024, 1610, 2479, 2030, 2161, 
97, 2576, 2479, -1337, -1190, 2527, -1044, -1019, 1610, 2479, 2030, 2161, 
97, 2576, 2479, -1337, -1190, 2527, -1044, -1019, 1615, 2483, 2020, 2171, 
97, 2581, 2483, -1339, -1193, 2532, -1049, -1024, 1615, 2483, 2025, 2171, 
102, 2591, 2488, -1346, -1193, 2540, -1054, -1029, 1605, 2483, 2030, 2176, 
102, 2596, 2493, -1349, -1195, 2544, -1054, -1029, 1605, 2483, 2030, 2181, 
102, 2596, 2493, -1349, -1195, 2544, -1054, -1029, 1615, 2493, 2034, 2176, 
107, 2601, 2493, -1354, -1193, 2547, -1054, -1029, 1620, 2493, 2034, 2176, 
107, 2605, 2498, -1356, -1195, 2552, -1054, -1029, 1620, 2493, 2039, 2176, 
107, 2605, 2498, -1356, -1195, 2552, -1063, -1029, 1625, 2503, 2039, 2186, 
122, 2610, 2488, -1366, -1183, 2549, -1063, -1029, 1634, 2508, 2044, 2186, 
122, 2615, 2493, -1368, -1185, 2554, -1068, -1029, 1634, 2513, 2044, 2186, 
122, 2620, 2498, -1371, -1188, 2559, -1068, -1034, 1634, 2513, 2049, 2191, 
126, 2630, 2503, -1378, -1188, 2566, -1073, -1034, 1634, 2513, 2049, 2191, 
126, 2635, 2508, -1381, -1190, 2571, -1078, -1034, 1629, 2513, 2054, 2205, 
131, 2640, 2508, -1385, -1188, 2574, -1083, -1034, 1629, 2513, 2059, 2210, 
131, 2644, 2513, -1388, -1190, 2579, -1083, -1034, 1629, 2513, 2064, 2215, 
131, 2649, 2518, -1390, -1193, 2583, -1088, -1034, 1634, 2522, 2064, 2215, 
126, 2649, 2522, -1388, -1198, 2586, -1093, -1024, 1639, 2522, 2054, 2220, 
126, 2654, 2527, -1390, -1200, 2591, -1093, -1024, 1639, 2527, 2064, 2220, 
136, 2659, 2522, -1398, -1193, 2591, -1098, -1024, 1639, 2527, 2064, 2220, 
136, 2664, 2527, -1400, -1195, 2596, -1102, -1029, 1634, 2527, 2069, 2220, 
146, 2674, 2527, -1410, -1190, 2601, -1107, -1039, 1625, 2527, 2074, 2235, 
151, 2684, 2532, -1417, -1190, 2608, -1112, -1044, 1629, 2537, 2074, 2239, 
161, 2698, 2537, -1429, -1188, 2618, -1117, -1049, 1629, 2542, 2078, 2244, 
161, 2698, 2537, -1429, -1188, 2618, -1122, -1049, 1629, 2542, 2083, 2244, 
151, 2703, 2552, -1427, -1200, 2627, -1127, -1054, 1629, 2547, 2098, 2249, 
151, 2708, 2557, -1429, -1202, 2632, -1127, -1058, 1629, 2557, 2103, 2254, 
156, 2718, 2562, -1437, -1202, 2640, -1132, -1063, 1634, 2557, 2108, 2259, 
156, 2723, 2566, -1439, -1205, 2644, -1137, -1063, 1634, 2557, 2108, 2264, 
165, 2727, 2562, -1446, -1198, 2644, -1141, -1068, 1634, 2557, 2113, 2269, 
170, 2732, 2562, -1451, -1195, 2647, -1146, -1073, 1629, 2557, 2113, 2269, 
170, 2737, 2566, -1454, -1198, 2652, -1151, -1078, 1629, 2557, 2113, 2274, 
170, 2747, 2576, -1459, -1202, 2662, -1156, -1083, 1629, 2562, 2113, 2278, 
175, 2747, 2571, -1461, -1198, 2659, -1161, -1083, 1620, 2562, 2117, 2283, 
175, 2752, 2576, -1464, -1200, 2664, -1166, -1088, 1620, 2562, 2117, 2288, 
175, 2752, 2576, -1464, -1200, 2664, -1171, -1093, 1620, 2566, 2122, 2288, 
175, 2757, 2581, -1466, -1202, 2669, -1171, -1098, 1620, 2566, 2122, 2288, 
170, 2752, 2581, -1461, -1205, 2666, -1166, -1093, 1620, 2566, 2122, 2288, 
170, 2757, 2586, -1464, -1207, 2671, -1166, -1093, 1620, 2571, 2122, 2298, 
165, 2757, 2591, -1461, -1212, 2674, -1166, -1098, 1620, 2571, 2122, 2298, 
165, 2757, 2591, -1461, -1212, 2674, -1166, -1102, 1615, 2562, 2122, 2298, 
175, 2766, 2591, -1471, -1207, 2679, -1180, -1112, 1615, 2562, 2122, 2308, 
175, 2766, 2591, -1471, -1207, 2679, -1180, -1117, 1615, 2562, 2122, 2308, 
175, 2766, 2591, -1471, -1207, 2679, -1180, -1117, 1615, 2562, 2122, 2308, 
175, 2766, 2591, -1471, -1207, 2679, -1180, -1122, 1615, 2562, 2122, 2308, 
175, 2766, 2591, -1471, -1207, 2679, -1180, -1127, 1615, 2562, 2122, 2303, 
170, 2766, 2596, -1468, -1212, 2681, -1185, -1127, 1615, 2562, 2122, 2303, 
170, 2766, 2596, -1468, -1212, 2681, -1185, -1127, 1615, 2562, 2122, 2303, 
170, 2766, 2596, -1468, -1212, 2681, -1185, -1127, 1620, 2566, 2122, 2303, 
170, 2766, 2596, -1468, -1212, 2681, -1180, -1122, 1620, 2576, 2127, 2303, 
170, 2762, 2591, -1466, -1210, 2676, -1180, -1122, 1620, 2576, 2127, 2298, 
170, 2762, 2591, -1466, -1210, 2676, -1180, -1122, 1620, 2576, 2127, 2293, 
170, 2757, 2586, -1464, -1207, 2671, -1180, -1122, 1620, 2576, 2127, 2293, 
165, 2747, 2581, -1456, -1207, 2664, -1171, -1122, 1625, 2566, 2117, 2293, 
165, 2742, 2576, -1454, -1205, 2659, -1166, -1117, 1625, 2566, 2117, 2293, 
161, 2737, 2576, -1449, -1207, 2657, -1166, -1117, 1625, 2566, 2113, 2293, 
161, 2732, 2571, -1446, -1205, 2652, -1161, -1117, 1629, 2571, 2113, 2293, 
161, 2737, 2576, -1449, -1207, 2657, -1161, -1127, 1620, 2571, 2113, 2288, 
161, 2727, 2566, -1444, -1202, 2647, -1161, -1127, 1620, 2571, 2113, 2288, 
156, 2727, 2571, -1442, -1207, 2649, -1156, -1127, 1620, 2571, 2108, 2288, 
156, 2727, 2571, -1442, -1207, 2649, -1151, -1127, 1629, 2571, 2108, 2283, 
151, 2727, 2576, -1439, -1212, 2652, -1151, -1117, 1634, 2581, 2108, 2278, 
146, 2723, 2576, -1434, -1215, 2649, -1146, -1112, 1634, 2581, 2108, 2278, 
146, 2718, 2571, -1432, -1212, 2644, -1141, -1112, 1634, 2581, 2108, 2274, 
146, 2713, 2566, -1429, -1210, 2640, -1137, -1112, 1634, 2581, 2103, 2274, 
146, 2698, 2552, -1422, -1202, 2625, -1132, -1112, 1644, 2576, 2098, 2274, 
146, 2693, 2547, -1420, -1200, 2620, -1132, -1112, 1644, 2576, 2098, 2264, 
141, 2693, 2552, -1417, -1205, 2623, -1132, -1112, 1644, 2576, 2098, 2259, 
141, 2693, 2552, -1417, -1205, 2623, -1127, -1112, 1644, 2576, 2098, 2259, 
131, 2688, 2557, -1410, -1212, 2623, -1122, -1112, 1644, 2566, 2093, 2249, 
126, 2679, 2552, -1403, -1212, 2615, -1122, -1112, 1644, 2566, 2088, 2249, 
126, 2669, 2542, -1398, -1207, 2605, -1122, -1112, 1639, 2566, 2088, 2249, 
126, 2659, 2532, -1393, -1202, 2596, -1117, -1112, 1639, 2566, 2088, 2249, 
122, 2664, 2542, -1393, -1210, 2603, -1112, -1112, 1639, 2571, 2078, 2249, 
122, 2659, 2537, -1390, -1207, 2598, -1112, -1112, 1639, 2566, 2074, 2249, 
122, 2654, 2532, -1388, -1205, 2593, -1112, -1112, 1639, 2562, 2074, 2249, 
117, 2654, 2537, -1385, -1210, 2596, -1107, -1112, 1639, 2562, 2074, 2244, 
117, 2640, 2522, -1378, -1202, 2581, -1107, -1102, 1639, 2552, 2074, 2244, 
117, 2640, 2522, -1378, -1202, 2581, -1102, -1102, 1634, 2552, 2069, 2244, 
117, 2640, 2522, -1378, -1202, 2581, -1102, -1102, 1634, 2552, 2069, 2244, 
112, 2640, 2527, -1376, -1207, 2583, -1102, -1102, 1634, 2547, 2069, 2244, 
112, 2640, 2527, -1376, -1207, 2583, -1102, -1112, 1634, 2552, 2064, 2235, 
112, 2640, 2527, -1376, -1207, 2583, -1102, -1112, 1634, 2552, 2064, 2230, 
107, 2635, 2527, -1371, -1210, 2581, -1102, -1112, 1634, 2552, 2059, 2230, 
107, 2635, 2527, -1371, -1210, 2581, -1102, -1112, 1634, 2552, 2059, 2230, 
117, 2644, 2527, -1381, -1205, 2586, -1098, -1107, 1634, 2552, 2059, 2230, 
117, 2640, 2522, -1378, -1202, 2581, -1098, -1107, 1634, 2552, 2059, 2230, 
117, 2635, 2518, -1376, -1200, 2576, -1098, -1107, 1634, 2552, 2059, 2230, 
117, 2635, 2518, -1376, -1200, 2576, -1098, -1107, 1634, 2552, 2054, 2230, 
112, 2625, 2513, -1368, -1200, 2569, -1107, -1117, 1644, 2547, 2054, 2235, 
112, 2620, 2508, -1366, -1198, 2564, -1107, -1117, 1644, 2547, 2054, 2235, 
112, 2620, 2508, -1366, -1198, 2564, -1102, -1117, 1644, 2547, 2054, 2235, 
112, 2620, 2508, -1366, -1198, 2564, -1102, -1117, 1644, 2547, 2049, 2235, 
112, 2620, 2508, -1366, -1198, 2564, -1093, -1117, 1634, 2557, 2049, 2235, 
112, 2620, 2508, -1366, -1198, 2564, -1093, -1112, 1634, 2557, 2049, 2235, 
107, 2615, 2508, -1361, -1200, 2562, -1093, -1112, 1639, 2552, 2049, 2230, 
107, 2615, 2508, -1361, -1200, 2562, -1093, -1112, 1639, 2552, 2049, 2230, 
107, 2615, 2508, -1361, -1200, 2562, -1102, -1112, 1649, 2557, 2049, 2220, 
107, 2615, 2508, -1361, -1200, 2562, -1098, -1112, 1649, 2557, 2049, 2225, 
107, 2620, 2513, -1363, -1202, 2566, -1098, -1112, 1644, 2557, 2044, 2225, 
107, 2620, 2513, -1363, -1202, 2566, -1098, -1112, 1644, 2557, 2044, 2225, 
112, 2610, 2498, -1361, -1193, 2554, -1088, -1112, 1644, 2547, 2044, 2225, 
112, 2610, 2498, -1361, -1193, 2554, -1093, -1112, 1644, 2547, 2044, 2225, 
112, 2610, 2498, -1361, -1193, 2554, -1093, -1112, 1649, 2547, 2044, 2225, 
112, 2610, 2498, -1361, -1193, 2554, -1093, -1112, 1649, 2547, 2049, 2225, 
102, 2605, 2503, -1354, -1200, 2554, -1083, -1102, 1649, 2547, 2039, 2225, 
102, 2605, 2503, -1354, -1200, 2554, -1083, -1102, 1649, 2552, 2039, 2230, 
102, 2601, 2498, -1351, -1198, 2549, -1083, -1102, 1649, 2552, 2039, 2230, 
102, 2601, 2498, -1351, -1198, 2549, -1083, -1102, 1649, 2552, 2044, 2230, 
97, 2605, 2508, -1351, -1205, 2557, -1078, -1112, 1649, 2552, 2044, 2230, 
97, 2605, 2508, -1351, -1205, 2557, -1078, -1112, 1649, 2552, 2044, 2230, 
97, 2605, 2508, -1351, -1205, 2557, -1078, -1112, 1649, 2552, 2044, 2230, 
97, 2605, 2508, -1351, -1205, 2557, -1078, -1112, 1654, 2552, 2044, 2230, 
97, 2605, 2508, -1351, -1205, 2557, -1078, -1102, 1654, 2552, 2044, 2230, 
97, 2605, 2508, -1351, -1205, 2557, -1078, -1102, 1659, 2552, 2044, 2230, 
102, 2605, 2503, -1354, -1200, 2554, -1083, -1102, 1659, 2552, 2044, 2230, 
102, 2605, 2503, -1354, -1200, 2554, -1083, -1102, 1654, 2552, 2049, 2230, 
102, 2615, 2513, -1359, -1205, 2564, -1083, -1112, 1644, 2552, 2049, 2230, 
102, 2615, 2513, -1359, -1205, 2564, -1083, -1112, 1649, 2552, 2049, 2230, 
102, 2625, 2522, -1363, -1210, 2574, -1083, -1112, 1654, 2552, 2049, 2230, 
102, 2625, 2522, -1363, -1210, 2574, -1083, -1112, 1654, 2557, 2049, 2235, 
102, 2615, 2513, -1359, -1205, 2564, -1083, -1107, 1659, 2566, 2039, 2235, 
102, 2615, 2513, -1359, -1205, 2564, -1083, -1107, 1659, 2566, 2030, 2235, 
102, 2615, 2513, -1359, -1205, 2564, -1088, -1107, 1664, 2571, 2020, 2235, 
102, 2620, 2518, -1361, -1207, 2569, -1088, -1107, 1664, 2576, 2010, 2239, 
112, 2625, 2513, -1368, -1200, 2569, -1088, -1107, 1664, 2566, 2000, 2235, 
112, 2625, 2513, -1368, -1200, 2569, -1088, -1107, 1664, 2566, 1995, 2235, 
112, 2625, 2513, -1368, -1200, 2569, -1088, -1107, 1664, 2566, 1991, 2235, 
112, 2630, 2518, -1371, -1202, 2574, -1088, -1107, 1664, 2566, 1986, 2235, 
102, 2630, 2527, -1366, -1212, 2579, -1088, -1107, 1673, 2566, 1976, 2235, 
107, 2630, 2522, -1368, -1207, 2576, -1088, -1107, 1673, 2571, 1976, 2239, 
107, 2630, 2522, -1368, -1207, 2576, -1088, -1107, 1673, 2571, 1976, 2244, 
107, 2630, 2522, -1368, -1207, 2576, -1088, -1107, 1673, 2571, 1976, 2244, 
107, 2620, 2513, -1363, -1202, 2566, -1098, -1117, 1683, 2581, 1976, 2244, 
107, 2625, 2518, -1366, -1205, 2571, -1098, -1117, 1683, 2581, 1981, 2244, 
107, 2630, 2522, -1368, -1207, 2576, -1102, -1117, 1683, 2586, 1986, 2244, 
107, 2630, 2522, -1368, -1207, 2576, -1102, -1117, 1683, 2586, 1986, 2244, 
107, 2635, 2527, -1371, -1210, 2581, -1093, -1117, 1683, 2596, 1986, 2244, 
112, 2635, 2522, -1373, -1205, 2579, -1098, -1117, 1683, 2591, 1981, 2244, 
112, 2635, 2522, -1373, -1205, 2579, -1098, -1117, 1683, 2591, 1981, 2244, 
112, 2635, 2522, -1373, -1205, 2579, -1098, -1117, 1683, 2591, 1986, 2244, 
122, 2635, 2513, -1378, -1195, 2574, -1088, -1117, 1673, 2586, 1976, 2249, 
122, 2635, 2513, -1378, -1195, 2574, -1088, -1117, 1678, 2586, 1981, 2249, 
122, 2640, 2518, -1381, -1198, 2579, -1093, -1117, 1683, 2586, 1981, 2249, 
122, 2640, 2518, -1381, -1198, 2579, -1093, -1117, 1683, 2586, 1976, 2249, 
122, 2635, 2513, -1378, -1195, 2574, -1098, -1117, 1693, 2586, 1986, 2239, 
126, 2635, 2508, -1381, -1190, 2571, -1098, -1117, 1693, 2586, 1986, 2244, 
126, 2635, 2508, -1381, -1190, 2571, -1098, -1117, 1693, 2591, 1986, 2244, 
126, 2635, 2508, -1381, -1190, 2571, -1098, -1117, 1693, 2591, 1991, 2244, 
126, 2640, 2513, -1383, -1193, 2576, -1088, -1117, 1693, 2591, 1991, 2254, 
131, 2640, 2508, -1385, -1188, 2574, -1093, -1117, 1693, 2591, 1991, 2254, 
131, 2640, 2508, -1385, -1188, 2574, -1093, -1117, 1688, 2591, 1991, 2254, 
131, 2640, 2508, -1385, -1188, 2574, -1093, -1117, 1688, 2591, 1991, 2254, 
131, 2640, 2508, -1385, -1188, 2574, -1102, -1117, 1688, 2601, 1991, 2254, 
131, 2640, 2508, -1385, -1188, 2574, -1102, -1117, 1688, 2601, 1991, 2259, 
126, 2640, 2513, -1383, -1193, 2576, -1102, -1117, 1688, 2601, 1991, 2259, 
126, 2640, 2513, -1383, -1193, 2576, -1102, -1117, 1688, 2596, 1991, 2259, 
136, 2649, 2513, -1393, -1188, 2581, -1107, -1122, 1698, 2596, 1991, 2259, 
136, 2649, 2513, -1393, -1188, 2581, -1107, -1122, 1698, 2596, 1991, 2254, 
136, 2644, 2508, -1390, -1185, 2576, -1107, -1117, 1698, 2601, 1991, 2254, 
136, 2644, 2508, -1390, -1185, 2576, -1107, -1117, 1698, 2601, 1991, 2254, 
126, 2644, 2518, -1385, -1195, 2581, -1107, -1122, 1698, 2610, 1995, 2254, 
131, 2644, 2513, -1388, -1190, 2579, -1107, -1122, 1698, 2610, 1995, 2254, 
131, 2644, 2513, -1388, -1190, 2579, -1102, -1122, 1698, 2610, 1995, 2254, 
131, 2644, 2513, -1388, -1190, 2579, -1102, -1117, 1698, 2610, 1995, 2254, 
131, 2635, 2503, -1383, -1185, 2569, -1102, -1107, 1698, 2601, 1991, 2254, 
131, 2635, 2503, -1383, -1185, 2569, -1102, -1117, 1698, 2601, 1991, 2254, 
131, 2635, 2503, -1383, -1185, 2569, -1102, -1117, 1688, 2601, 1991, 2254, 
131, 2635, 2503, -1383, -1185, 2569, -1102, -1117, 1688, 2601, 1991, 2254, 
141, 2635, 2493, -1388, -1176, 2564, -1102, -1117, 1698, 2610, 2000, 2254, 
141, 2635, 2493, -1388, -1176, 2564, -1102, -1122, 1698, 2605, 2000, 2254, 
141, 2635, 2493, -1388, -1176, 2564, -1107, -1122, 1693, 2605, 2000, 2254, 
141, 2635, 2493, -1388, -1176, 2564, -1107, -1127, 1693, 2610, 2000, 2254, 
141, 2635, 2493, -1388, -1176, 2564, -1098, -1127, 1693, 2610, 1991, 2254, 
141, 2635, 2493, -1388, -1176, 2564, -1098, -1127, 1693, 2610, 1991, 2254, 
141, 2635, 2493, -1388, -1176, 2564, -1098, -1127, 1693, 2610, 1991, 2254, 
141, 2635, 2493, -1388, -1176, 2564, -1102, -1127, 1693, 2610, 1991, 2254, 
141, 2625, 2483, -1383, -1171, 2554, -1102, -1127, 1693, 2610, 1991, 2244, 
141, 2625, 2483, -1383, -1171, 2554, -1102, -1127, 1693, 2605, 1991, 2244, 
141, 2625, 2483, -1383, -1171, 2554, -1098, -1127, 1688, 2605, 1991, 2244, 
141, 2625, 2483, -1383, -1171, 2554, -1098, -1127, 1688, 2605, 1991, 2244, 
136, 2625, 2488, -1381, -1176, 2557, -1102, -1117, 1698, 2596, 1991, 2244, 
136, 2625, 2488, -1381, -1176, 2557, -1102, -1122, 1698, 2601, 1991, 2244, 
136, 2625, 2488, -1381, -1176, 2557, -1102, -1122, 1698, 2601, 1991, 2244, 
136, 2625, 2488, -1381, -1176, 2557, -1098, -1122, 1698, 2601, 1991, 2244, 
136, 2625, 2488, -1381, -1176, 2557, -1098, -1122, 1698, 2610, 2000, 2249, 
136, 2625, 2488, -1381, -1176, 2557, -1098, -1122, 1698, 2605, 2000, 2249, 
136, 2625, 2488, -1381, -1176, 2557, -1098, -1122, 1698, 2605, 2000, 2244, 
136, 2625, 2488, -1381, -1176, 2557, -1098, -1122, 1698, 2605, 2000, 2244, 
136, 2625, 2488, -1381, -1176, 2557, -1098, -1127, 1698, 2601, 2000, 2244, 
136, 2625, 2488, -1381, -1176, 2557, -1098, -1127, 1698, 2601, 2000, 2249, 
136, 2625, 2488, -1381, -1176, 2557, -1098, -1132, 1698, 2605, 2000, 2249, 
136, 2625, 2488, -1381, -1176, 2557, -1098, -1132, 1698, 2605, 2000, 2249, 
136, 2625, 2488, -1381, -1176, 2557, -1098, -1122, 1708, 2605, 2000, 2244, 
136, 2625, 2488, -1381, -1176, 2557, -1098, -1122, 1708, 2605, 2000, 2244, 
141, 2625, 2483, -1383, -1171, 2554, -1098, -1122, 1708, 2605, 2000, 2244, 
141, 2625, 2483, -1383, -1171, 2554, -1098, -1122, 1708, 2605, 2005, 2244, 
141, 2615, 2474, -1378, -1166, 2544, -1098, -1122, 1698, 2605, 2005, 2244, 
136, 2615, 2479, -1376, -1171, 2547, -1098, -1122, 1698, 2605, 2000, 2244, 
136, 2615, 2479, -1376, -1171, 2547, -1098, -1127, 1698, 2605, 2000, 2244, 
141, 2615, 2474, -1378, -1166, 2544, -1098, -1127, 1698, 2605, 2000, 2244, 
141, 2615, 2474, -1378, -1166, 2544, -1098, -1127, 1708, 2615, 2000, 2244, 
141, 2615, 2474, -1378, -1166, 2544, -1098, -1127, 1712, 2615, 2005, 2249, 
141, 2615, 2474, -1378, -1166, 2544, -1098, -1127, 1712, 2615, 2005, 2249, 
141, 2620, 2479, -1381, -1168, 2549, -1093, -1127, 1712, 2615, 2010, 2254, 
136, 2610, 2474, -1373, -1168, 2542, -1093, -1127, 1712, 2620, 2000, 2254, 
136, 2610, 2474, -1373, -1168, 2542, -1093, -1132, 1712, 2625, 2000, 2254, 
141, 2610, 2469, -1376, -1163, 2540, -1098, -1132, 1712, 2625, 2000, 2254, 
141, 2610, 2469, -1376, -1163, 2540, -1098, -1132, 1712, 2625, 1995, 2254, 
141, 2615, 2474, -1378, -1166, 2544, -1098, -1127, 1712, 2625, 2005, 2254, 
136, 2620, 2483, -1378, -1173, 2552, -1102, -1127, 1712, 2625, 2010, 2254, 
136, 2625, 2488, -1381, -1176, 2557, -1102, -1132, 1712, 2625, 2015, 2254, 
136, 2630, 2493, -1383, -1178, 2562, -1102, -1132, 1712, 2625, 2015, 2254, 
136, 2625, 2488, -1381, -1176, 2557, -1093, -1132, 1717, 2615, 2005, 2249, 
136, 2625, 2488, -1381, -1176, 2557, -1093, -1132, 1717, 2615, 2005, 2249, 
136, 2625, 2488, -1381, -1176, 2557, -1098, -1132, 1717, 2620, 2005, 2249, 
146, 2625, 2479, -1385, -1166, 2552, -1098, -1132, 1717, 2625, 2010, 2254, 
146, 2615, 2469, -1381, -1161, 2542, -1098, -1122, 1717, 2625, 2010, 2254, 
141, 2615, 2474, -1378, -1166, 2544, -1098, -1122, 1722, 2625, 2010, 2254, 
141, 2615, 2474, -1378, -1166, 2544, -1098, -1122, 1722, 2630, 2010, 2259, 
141, 2615, 2474, -1378, -1166, 2544, -1098, -1122, 1722, 2630, 2015, 2259, 
136, 2615, 2479, -1376, -1171, 2547, -1088, -1127, 1722, 2620, 2005, 2249, 
136, 2615, 2479, -1376, -1171, 2547, -1093, -1127, 1722, 2625, 2005, 2249, 
136, 2615, 2479, -1376, -1171, 2547, -1093, -1127, 1722, 2625, 2005, 2249, 
136, 2615, 2479, -1376, -1171, 2547, -1088, -1132, 1722, 2620, 2010, 2249, 
136, 2615, 2479, -1376, -1171, 2547, -1088, -1132, 1732, 2630, 2020, 2259, 
141, 2615, 2474, -1378, -1166, 2544, -1098, -1132, 1732, 2630, 2020, 2259, 
141, 2615, 2474, -1378, -1166, 2544, -1098, -1132, 1732, 2630, 2020, 2264, 
136, 2615, 2479, -1376, -1171, 2547, -1098, -1132, 1732, 2630, 2020, 2264, 
146, 2615, 2469, -1381, -1161, 2542, -1098, -1122, 1742, 2635, 2020, 2254, 
151, 2625, 2474, -1388, -1161, 2549, -1098, -1127, 1747, 2635, 2020, 2254, 
151, 2630, 2479, -1390, -1163, 2554, -1098, -1127, 1747, 2635, 2020, 2254, 
151, 2640, 2488, -1395, -1168, 2564, -1098, -1127, 1747, 2640, 2030, 2264, 
156, 2635, 2479, -1395, -1161, 2557, -1093, -1122, 1756, 2644, 2030, 2274, 
156, 2644, 2488, -1400, -1166, 2566, -1098, -1132, 1766, 2654, 2030, 2274, 
156, 2644, 2488, -1400, -1166, 2566, -1102, -1132, 1766, 2654, 2030, 2274, 
156, 2644, 2488, -1400, -1166, 2566, -1107, -1132, 1766, 2654, 2030, 2274, 
156, 2644, 2488, -1400, -1166, 2566, -1112, -1132, 1766, 2654, 2030, 2274, 
156, 2654, 2498, -1405, -1171, 2576, -1117, -1146, 1781, 2669, 2034, 2278, 
156, 2669, 2513, -1412, -1178, 2591, -1122, -1146, 1786, 2674, 2039, 2283, 
156, 2684, 2527, -1420, -1185, 2605, -1127, -1146, 1790, 2679, 2049, 2288, 
156, 2698, 2542, -1427, -1193, 2620, -1132, -1146, 1795, 2684, 2059, 2298, 
156, 2693, 2537, -1424, -1190, 2615, -1127, -1156, 1800, 2684, 2064, 2308, 
161, 2698, 2537, -1429, -1188, 2618, -1132, -1156, 1805, 2688, 2069, 2308, 
165, 2703, 2537, -1434, -1185, 2620, -1137, -1156, 1805, 2693, 2074, 2308, 
165, 2703, 2537, -1434, -1185, 2620, -1141, -1156, 1805, 2698, 2074, 2308, 
175, 2708, 2532, -1442, -1178, 2620, -1137, -1146, 1815, 2698, 2074, 2303, 
175, 2708, 2532, -1442, -1178, 2620, -1141, -1146, 1810, 2698, 2074, 2303, 
175, 2708, 2532, -1442, -1178, 2620, -1141, -1146, 1810, 2698, 2074, 2303, 
180, 2713, 2532, -1446, -1176, 2623, -1141, -1146, 1810, 2698, 2074, 2303, 
190, 2713, 2522, -1451, -1166, 2618, -1146, -1141, 1805, 2708, 2083, 2313, 
190, 2713, 2522, -1451, -1166, 2618, -1156, -1151, 1805, 2703, 2083, 2318, 
190, 2708, 2518, -1449, -1163, 2613, -1161, -1156, 1795, 2698, 2083, 2318, 
190, 2708, 2518, -1449, -1163, 2613, -1161, -1156, 1786, 2698, 2078, 2308, 
200, 2684, 2483, -1442, -1141, 2583, -1156, -1156, 1781, 2684, 2074, 2298, 
190, 2684, 2493, -1437, -1151, 2588, -1151, -1156, 1771, 2674, 2059, 2298, 
190, 2674, 2483, -1432, -1146, 2579, -1146, -1161, 1766, 2669, 2054, 2298, 
190, 2684, 2493, -1437, -1151, 2588, -1146, -1166, 1766, 2664, 2049, 2298, 
180, 2684, 2503, -1432, -1161, 2593, -1156, -1176, 1771, 2664, 2054, 2308, 
175, 2679, 2503, -1427, -1163, 2591, -1156, -1176, 1766, 2664, 2049, 2308, 
175, 2669, 2493, -1422, -1159, 2581, -1156, -1176, 1766, 2664, 2049, 2308, 
175, 2669, 2493, -1422, -1159, 2581, -1156, -1176, 1771, 2664, 2049, 2308, 
175, 2679, 2503, -1427, -1163, 2591, -1156, -1171, 1771, 2674, 2049, 2308, 
175, 2679, 2503, -1427, -1163, 2591, -1151, -1171, 1771, 2669, 2054, 2308, 
175, 2684, 2508, -1429, -1166, 2596, -1151, -1166, 1766, 2669, 2054, 2308, 
175, 2684, 2508, -1429, -1166, 2596, -1151, -1166, 1766, 2669, 2054, 2308, 
185, 2684, 2498, -1434, -1156, 2591, -1146, -1156, 1766, 2669, 2059, 2298, 
185, 2674, 2488, -1429, -1151, 2581, -1141, -1156, 1766, 2669, 2059, 2298, 
185, 2674, 2488, -1429, -1151, 2581, -1141, -1156, 1766, 2669, 2054, 2298, 
180, 2674, 2493, -1427, -1156, 2583, -1141, -1156, 1761, 2669, 2054, 2298, 
185, 2674, 2488, -1429, -1151, 2581, -1137, -1156, 1766, 2679, 2054, 2308, 
175, 2664, 2488, -1420, -1156, 2576, -1127, -1156, 1771, 2679, 2054, 2303, 
175, 2659, 2483, -1417, -1154, 2571, -1127, -1156, 1766, 2669, 2049, 2293, 
170, 2644, 2474, -1407, -1151, 2559, -1122, -1151, 1771, 2664, 2039, 2288, 
165, 2630, 2464, -1398, -1149, 2547, -1117, -1151, 1756, 2649, 2030, 2283, 
151, 2620, 2469, -1385, -1159, 2544, -1107, -1151, 1756, 2649, 2025, 2274, 
151, 2620, 2469, -1385, -1159, 2544, -1107, -1151, 1756, 2649, 2025, 2274, 
151, 2625, 2474, -1388, -1161, 2549, -1107, -1151, 1756, 2649, 2025, 2274, 
146, 2625, 2479, -1385, -1166, 2552, -1098, -1161, 1761, 2654, 2025, 2278, 
146, 2625, 2479, -1385, -1166, 2552, -1093, -1161, 1761, 2654, 2025, 2278, 
146, 2625, 2479, -1385, -1166, 2552, -1093, -1161, 1761, 2654, 2025, 2278, 
146, 2615, 2469, -1381, -1161, 2542, -1093, -1166, 1756, 2654, 2025, 2278, 
151, 2615, 2464, -1383, -1156, 2540, -1102, -1156, 1766, 2654, 2025, 2278, 
151, 2615, 2464, -1383, -1156, 2540, -1102, -1151, 1766, 2649, 2025, 2274, 
151, 2615, 2464, -1383, -1156, 2540, -1102, -1151, 1766, 2644, 2015, 2274, 
151, 2615, 2464, -1383, -1156, 2540, -1102, -1151, 1766, 2644, 2015, 2269, 
151, 2605, 2454, -1378, -1151, 2530, -1102, -1151, 1756, 2649, 2015, 2269, 
151, 2605, 2454, -1378, -1151, 2530, -1102, -1151, 1756, 2649, 2015, 2269, 
151, 2601, 2449, -1376, -1149, 2525, -1102, -1146, 1756, 2644, 2015, 2269, 
151, 2601, 2449, -1376, -1149, 2525, -1098, -1146, 1756, 2644, 2015, 2274, 
151, 2601, 2449, -1376, -1149, 2525, -1088, -1146, 1761, 2644, 2015, 2274, 
151, 2601, 2449, -1376, -1149, 2525, -1088, -1146, 1761, 2649, 2015, 2274, 
151, 2605, 2454, -1378, -1151, 2530, -1093, -1146, 1766, 2649, 2015, 2274, 
151, 2605, 2454, -1378, -1151, 2530, -1093, -1146, 1766, 2649, 2015, 2278, 
151, 2596, 2444, -1373, -1146, 2520, -1093, -1146, 1766, 2649, 2015, 2278, 
151, 2601, 2449, -1376, -1149, 2525, -1088, -1146, 1771, 2654, 2015, 2278, 
151, 2601, 2449, -1376, -1149, 2525, -1088, -1146, 1771, 2654, 2020, 2278, 
151, 2601, 2449, -1376, -1149, 2525, -1088, -1146, 1771, 2654, 2020, 2278, 
151, 2601, 2449, -1376, -1149, 2525, -1088, -1146, 1771, 2654, 2015, 2278, 
151, 2601, 2449, -1376, -1149, 2525, -1093, -1146, 1771, 2654, 2015, 2278, 
151, 2601, 2449, -1376, -1149, 2525, -1093, -1146, 1771, 2654, 2015, 2278, 
151, 2601, 2449, -1376, -1149, 2525, -1093, -1146, 1771, 2654, 2015, 2278, 
151, 2601, 2449, -1376, -1149, 2525, -1093, -1137, 1771, 2664, 2020, 2278, 
151, 2601, 2449, -1376, -1149, 2525, -1088, -1137, 1771, 2664, 2020, 2278, 
151, 2601, 2449, -1376, -1149, 2525, -1088, -1137, 1771, 2664, 2020, 2278, 
151, 2601, 2449, -1376, -1149, 2525, -1088, -1137, 1771, 2664, 2015, 2278, 
151, 2610, 2459, -1381, -1154, 2535, -1088, -1137, 1781, 2664, 2025, 2288, 
151, 2610, 2459, -1381, -1154, 2535, -1088, -1137, 1781, 2664, 2025, 2288, 
151, 2610, 2459, -1381, -1154, 2535, -1088, -1137, 1781, 2664, 2030, 2288, 
151, 2610, 2459, -1381, -1154, 2535, -1088, -1137, 1781, 2664, 2030, 2288, 
151, 2610, 2459, -1381, -1154, 2535, -1088, -1137, 1790, 2679, 2030, 2288, 
151, 2610, 2459, -1381, -1154, 2535, -1088, -1137, 1790, 2679, 2030, 2293, 
151, 2615, 2464, -1383, -1156, 2540, -1088, -1137, 1795, 2679, 2030, 2293, 
151, 2615, 2464, -1383, -1156, 2540, -1093, -1141, 1795, 2679, 2030, 2293, 
151, 2615, 2464, -1383, -1156, 2540, -1093, -1141, 1786, 2679, 2030, 2293, 
151, 2615, 2464, -1383, -1156, 2540, -1088, -1141, 1786, 2679, 2030, 2293, 
151, 2615, 2464, -1383, -1156, 2540, -1088, -1137, 1786, 2679, 2030, 2293, 
156, 2610, 2454, -1383, -1149, 2532, -1088, -1137, 1781, 2679, 2030, 2293, 
156, 2610, 2454, -1383, -1149, 2532, -1088, -1137, 1790, 2674, 2030, 2293, 
170, 2605, 2435, -1388, -1132, 2520, -1088, -1132, 1790, 2674, 2025, 2288, 
175, 2586, 2410, -1381, -1117, 2498, -1083, -1122, 1781, 2659, 2010, 2278, 
185, 2586, 2400, -1385, -1107, 2493, -1078, -1093, 1781, 2669, 2010, 2278, 
190, 2591, 2400, -1390, -1105, 2496, -1068, -1068, 1810, 2684, 2025, 2278, 
195, 2601, 2405, -1398, -1105, 2503, -1039, -1010, 1869, 2708, 2039, 2278, 
209, 2635, 2425, -1422, -1107, 2530, -1015, -922, 1947, 2766, 2088, 2293, 
248, 2703, 2454, -1476, -1102, 2579, -1010, -863, 2015, 2845, 2161, 2318, 
312, 2776, 2464, -1544, -1076, 2620, -1010, -800, 2069, 2932, 2244, 2357, 
390, 2854, 2464, -1622, -1037, 2659, -1005, -727, 2142, 3035, 2347, 2405, 
468, 2952, 2483, -1710, -1007, 2718, -1015, -644, 2259, 3147, 2479, 2459, 
522, 3064, 2542, -1793, -1010, 2803, -1054, -619, 2342, 3269, 2605, 2527, 
570, 3186, 2615, -1878, -1022, 2901, -1122, -649, 2381, 3367, 2718, 2610, 
624, 3328, 2703, -1976, -1039, 3015, -1200, -707, 2386, 3455, 2840, 2708, 
663, 3479, 2815, -2071, -1076, 3147, -1278, -775, 2361, 3523, 2952, 2815, 
683, 3572, 2888, -2127, -1102, 3230, -1332, -863, 2293, 3523, 2986, 2893, 
668, 3586, 2918, -2127, -1124, 3252, -1376, -985, 2171, 3416, 2928, 2932, 
619, 3567, 2947, -2093, -1163, 3257, -1424, -1146, 2034, 3279, 2825, 2947, 
527, 3533, 3006, -2030, -1239, 3269, -1483, -1346, 1883, 3157, 2718, 2957, 
395, 3445, 3050, -1920, -1327, 3247, -1537, -1576, 1708, 3001, 2576, 2928, 
263, 3323, 3059, -1793, -1398, 3191, -1581, -1825, 1507, 2820, 2405, 2888, 
175, 3211, 3035, -1693, -1429, 3123, -1625, -2015, 1307, 2644, 2249, 2835, 
136, 3089, 2952, -1612, -1407, 3020, -1620, -2059, 1176, 2513, 2108, 2766, 
102, 2971, 2869, -1537, -1383, 2920, -1571, -2010, 1161, 2444, 2020, 2688, 
82, 2908, 2825, -1495, -1371, 2867, -1522, -1937, 1229, 2444, 1981, 2625, 
73, 2859, 2786, -1466, -1356, 2823, -1473, -1834, 1288, 2464, 1981, 2591, 
78, 2830, 2752, -1454, -1337, 2791, -1415, -1727, 1361, 2493, 1976, 2552, 
92, 2791, 2698, -1442, -1302, 2745, -1361, -1625, 1434, 2513, 1976, 2503, 
112, 2757, 2644, -1434, -1266, 2701, -1322, -1542, 1493, 2537, 1976, 2464, 
122, 2737, 2615, -1429, -1246, 2676, -1293, -1468, 1551, 2562, 1981, 2435, 
126, 2723, 2596, -1424, -1234, 2659, -1254, -1405, 1610, 2596, 1991, 2410, 
136, 2698, 2562, -1417, -1212, 2630, -1210, -1361, 1649, 2605, 1991, 2391, 
146, 2674, 2527, -1410, -1190, 2601, -1185, -1317, 1673, 2615, 1981, 2371, 
151, 2654, 2503, -1403, -1176, 2579, -1156, -1273, 1708, 2640, 1986, 2357, 
146, 2644, 2498, -1395, -1176, 2571, -1137, -1234, 1742, 2659, 2010, 2337, 
151, 2625, 2474, -1388, -1161, 2549, -1112, -1200, 1756, 2664, 2010, 2327, 
151, 2610, 2459, -1381, -1154, 2535, -1102, -1176, 1766, 2659, 2005, 2313, 
161, 2601, 2440, -1381, -1139, 2520, -1098, -1156, 1776, 2659, 2005, 2298, 
161, 2610, 2449, -1385, -1144, 2530, -1093, -1146, 1795, 2679, 2010, 2303, 
161, 2610, 2449, -1385, -1144, 2530, -1083, -1137, 1810, 2684, 2015, 2313, 
151, 2615, 2464, -1383, -1156, 2540, -1083, -1141, 1810, 2693, 2025, 2308, 
156, 2615, 2459, -1385, -1151, 2537, -1073, -1141, 1825, 2693, 2025, 2308, 
156, 2615, 2459, -1385, -1151, 2537, -1068, -1137, 1825, 2698, 2025, 2303, 
156, 2615, 2459, -1385, -1151, 2537, -1063, -1137, 1825, 2698, 2025, 2298, 
161, 2610, 2449, -1385, -1144, 2530, -1073, -1141, 1825, 2698, 2025, 2298, 
161, 2610, 2449, -1385, -1144, 2530, -1073, -1141, 1820, 2693, 2025, 2298, 
165, 2605, 2440, -1385, -1137, 2522, -1073, -1141, 1820, 2693, 2020, 2293, 
170, 2605, 2435, -1388, -1132, 2520, -1068, -1137, 1825, 2693, 2020, 2293, 
161, 2596, 2435, -1378, -1137, 2515, -1078, -1122, 1830, 2698, 2020, 2293, 
161, 2596, 2435, -1378, -1137, 2515, -1078, -1122, 1830, 2698, 2020, 2293, 
165, 2596, 2430, -1381, -1132, 2513, -1078, -1117, 1834, 2698, 2020, 2293, 
165, 2601, 2435, -1383, -1134, 2518, -1078, -1112, 1839, 2703, 2025, 2298, 
175, 2601, 2425, -1388, -1124, 2513, -1068, -1112, 1839, 2703, 2025, 2298, 
175, 2601, 2425, -1388, -1124, 2513, -1073, -1112, 1839, 2703, 2025, 2298, 
175, 2601, 2425, -1388, -1124, 2513, -1073, -1112, 1839, 2703, 2025, 2298, 
175, 2601, 2425, -1388, -1124, 2513, -1073, -1112, 1844, 2703, 2025, 2298, 
175, 2610, 2435, -1393, -1129, 2522, -1063, -1107, 1849, 2703, 2025, 2298, 
175, 2610, 2435, -1393, -1129, 2522, -1063, -1107, 1849, 2703, 2025, 2298, 
175, 2610, 2435, -1393, -1129, 2522, -1063, -1107, 1849, 2703, 2025, 2298, 
175, 2610, 2435, -1393, -1129, 2522, -1063, -1107, 1849, 2708, 2025, 2298, 
175, 2610, 2435, -1393, -1129, 2522, -1063, -1117, 1854, 2708, 2025, 2298, 
180, 2610, 2430, -1395, -1124, 2520, -1063, -1117, 1854, 2708, 2030, 2298, 
180, 2610, 2430, -1395, -1124, 2520, -1063, -1117, 1854, 2713, 2034, 2303, 
180, 2610, 2430, -1395, -1124, 2520, -1063, -1117, 1854, 2713, 2034, 2303, 
180, 2615, 2435, -1398, -1127, 2525, -1068, -1117, 1864, 2713, 2034, 2303, 
180, 2615, 2435, -1398, -1127, 2525, -1068, -1117, 1864, 2713, 2039, 2303, 
180, 2615, 2435, -1398, -1127, 2525, -1068, -1112, 1864, 2713, 2039, 2303, 
185, 2625, 2440, -1405, -1127, 2532, -1068, -1112, 1864, 2718, 2039, 2303, 
185, 2625, 2440, -1405, -1127, 2532, -1068, -1112, 1869, 2718, 2034, 2303, 
185, 2625, 2440, -1405, -1127, 2532, -1068, -1112, 1869, 2718, 2034, 2303, 
185, 2625, 2440, -1405, -1127, 2532, -1068, -1112, 1869, 2713, 2034, 2303, 
185, 2625, 2440, -1405, -1127, 2532, -1068, -1112, 1869, 2713, 2034, 2303, 
195, 2630, 2435, -1412, -1119, 2532, -1068, -1112, 1859, 2718, 2044, 2303, 
195, 2630, 2435, -1412, -1119, 2532, -1068, -1112, 1859, 2723, 2044, 2308, 
195, 2630, 2435, -1412, -1119, 2532, -1068, -1112, 1859, 2723, 2044, 2308, 
195, 2635, 2440, -1415, -1122, 2537, -1068, -1112, 1859, 2723, 2039, 2308, 
195, 2635, 2440, -1415, -1122, 2537, -1068, -1107, 1864, 2723, 2039, 2308, 
195, 2630, 2435, -1412, -1119, 2532, -1068, -1107, 1864, 2723, 2039, 2308, 
195, 2630, 2435, -1412, -1119, 2532, -1068, -1107, 1864, 2723, 2039, 2308, 
200, 2635, 2435, -1417, -1117, 2535, -1068, -1107, 1869, 2723, 2039, 2308, 
200, 2635, 2435, -1417, -1117, 2535, -1068, -1107, 1869, 2732, 2039, 2308, 
200, 2635, 2435, -1417, -1117, 2535, -1068, -1107, 1869, 2732, 2039, 2308, 
200, 2635, 2435, -1417, -1117, 2535, -1068, -1107, 1869, 2732, 2044, 2308, 
200, 2635, 2435, -1417, -1117, 2535, -1068, -1107, 1869, 2737, 2044, 2308, 
200, 2635, 2435, -1417, -1117, 2535, -1068, -1098, 1869, 2727, 2034, 2308, 
200, 2635, 2435, -1417, -1117, 2535, -1068, -1098, 1869, 2723, 2030, 2308, 
204, 2644, 2440, -1424, -1117, 2542, -1068, -1098, 1873, 2723, 2030, 2313, 
204, 2644, 2440, -1424, -1117, 2542, -1068, -1098, 1878, 2727, 2030, 2318, 
204, 2635, 2430, -1420, -1112, 2532, -1068, -1098, 1869, 2737, 2039, 2318, 
204, 2635, 2430, -1420, -1112, 2532, -1068, -1093, 1869, 2737, 2044, 2318, 
204, 2635, 2430, -1420, -1112, 2532, -1068, -1093, 1873, 2742, 2044, 2318, 
204, 2640, 2435, -1422, -1115, 2537, -1068, -1088, 1873, 2742, 2044, 2318, 
204, 2640, 2435, -1422, -1115, 2537, -1068, -1088, 1873, 2732, 2044, 2318, 
204, 2640, 2435, -1422, -1115, 2537, -1068, -1088, 1873, 2732, 2044, 2318, 
204, 2640, 2435, -1422, -1115, 2537, -1068, -1088, 1873, 2732, 2044, 2318, 
204, 2640, 2435, -1422, -1115, 2537, -1068, -1093, 1873, 2732, 2044, 2318, 
204, 2649, 2444, -1427, -1119, 2547, -1078, -1102, 1883, 2742, 2034, 2318, 
204, 2654, 2449, -1429, -1122, 2552, -1078, -1102, 1888, 2742, 2044, 2318, 
209, 2659, 2449, -1434, -1119, 2554, -1083, -1093, 1888, 2742, 2044, 2322, 
214, 2659, 2444, -1437, -1115, 2552, -1083, -1093, 1888, 2742, 2044, 2322, 
214, 2659, 2444, -1437, -1115, 2552, -1083, -1093, 1883, 2737, 2034, 2318, 
214, 2659, 2444, -1437, -1115, 2552, -1083, -1093, 1883, 2742, 2039, 2318, 
214, 2659, 2444, -1437, -1115, 2552, -1083, -1093, 1883, 2742, 2039, 2318, 
214, 2664, 2449, -1439, -1117, 2557, -1083, -1088, 1883, 2742, 2039, 2318, 
214, 2664, 2449, -1439, -1117, 2557, -1073, -1078, 1898, 2747, 2039, 2327, 
214, 2669, 2454, -1442, -1119, 2562, -1078, -1083, 1898, 2747, 2044, 2327, 
219, 2679, 2459, -1449, -1119, 2569, -1083, -1088, 1888, 2747, 2049, 2332, 
219, 2684, 2464, -1451, -1122, 2574, -1083, -1088, 1888, 2747, 2049, 2337, 
219, 2684, 2464, -1451, -1122, 2574, -1083, -1088, 1898, 2752, 2044, 2342, 
224, 2688, 2464, -1456, -1119, 2576, -1083, -1088, 1903, 2757, 2044, 2342, 
224, 2693, 2469, -1459, -1122, 2581, -1083, -1088, 1903, 2762, 2049, 2342, 
224, 2693, 2469, -1459, -1122, 2581, -1093, -1088, 1908, 2776, 2049, 2352, 
229, 2688, 2459, -1459, -1115, 2574, -1093, -1088, 1908, 2771, 2054, 2352, 
229, 2693, 2464, -1461, -1117, 2579, -1098, -1088, 1908, 2776, 2054, 2352, 
229, 2698, 2469, -1464, -1119, 2583, -1098, -1093, 1908, 2776, 2059, 2357, 
234, 2708, 2474, -1471, -1119, 2591, -1102, -1093, 1908, 2776, 2059, 2357, 
234, 2713, 2479, -1473, -1122, 2596, -1098, -1093, 1922, 2786, 2064, 2361, 
239, 2718, 2479, -1478, -1119, 2598, -1102, -1093, 1922, 2786, 2069, 2366, 
239, 2723, 2483, -1481, -1122, 2603, -1102, -1093, 1922, 2786, 2074, 2371, 
239, 2727, 2488, -1483, -1124, 2608, -1107, -1093, 1927, 2796, 2074, 2371, 
244, 2737, 2493, -1490, -1124, 2615, -1122, -1093, 1922, 2796, 2074, 2381, 
244, 2742, 2498, -1493, -1127, 2620, -1122, -1093, 1922, 2801, 2083, 2386, 
253, 2747, 2493, -1500, -1119, 2620, -1127, -1093, 1922, 2801, 2083, 2391, 
253, 2752, 2498, -1503, -1122, 2625, -1132, -1098, 1917, 2801, 2088, 2396, 
253, 2762, 2508, -1507, -1127, 2635, -1137, -1098, 1917, 2801, 2093, 2400, 
258, 2771, 2513, -1515, -1127, 2642, -1141, -1102, 1922, 2810, 2093, 2405, 
268, 2786, 2518, -1527, -1124, 2652, -1146, -1107, 1922, 2815, 2098, 2410, 
268, 2786, 2518, -1527, -1124, 2652, -1151, -1107, 1922, 2815, 2103, 2410, 
268, 2791, 2522, -1529, -1127, 2657, -1156, -1112, 1922, 2815, 2098, 2415, 
268, 2796, 2527, -1532, -1129, 2662, -1156, -1117, 1922, 2820, 2103, 2420, 
273, 2806, 2532, -1539, -1129, 2669, -1161, -1122, 1927, 2815, 2108, 2425, 
273, 2810, 2537, -1542, -1132, 2674, -1166, -1122, 1927, 2810, 2108, 2430, 
273, 2825, 2552, -1549, -1139, 2688, -1171, -1127, 1917, 2815, 2122, 2435, 
278, 2830, 2552, -1554, -1137, 2691, -1176, -1132, 1912, 2820, 2122, 2435, 
278, 2835, 2557, -1556, -1139, 2696, -1180, -1137, 1912, 2825, 2122, 2440, 
278, 2845, 2566, -1561, -1144, 2705, -1185, -1141, 1912, 2835, 2122, 2444, 
283, 2835, 2552, -1559, -1134, 2693, -1180, -1141, 1912, 2835, 2127, 2449, 
283, 2840, 2557, -1561, -1137, 2698, -1185, -1146, 1912, 2835, 2127, 2454, 
283, 2840, 2557, -1561, -1137, 2698, -1190, -1151, 1912, 2840, 2132, 2454, 
283, 2845, 2562, -1564, -1139, 2703, -1190, -1156, 1912, 2840, 2132, 2454, 
297, 2849, 2552, -1573, -1127, 2701, -1205, -1161, 1912, 2840, 2132, 2454, 
297, 2854, 2557, -1576, -1129, 2705, -1205, -1161, 1912, 2845, 2132, 2464, 
292, 2854, 2562, -1573, -1134, 2708, -1205, -1166, 1912, 2845, 2132, 2464, 
292, 2854, 2562, -1573, -1134, 2708, -1205, -1171, 1908, 2835, 2132, 2464, 
292, 2854, 2562, -1573, -1134, 2708, -1210, -1171, 1908, 2845, 2142, 2474, 
292, 2854, 2562, -1573, -1134, 2708, -1210, -1176, 1908, 2845, 2142, 2474, 
292, 2854, 2562, -1573, -1134, 2708, -1210, -1176, 1908, 2845, 2142, 2474, 
292, 2854, 2562, -1573, -1134, 2708, -1210, -1180, 1908, 2845, 2142, 2474, 
292, 2854, 2562, -1573, -1134, 2708, -1210, -1185, 1908, 2845, 2132, 2479, 
287, 2854, 2566, -1571, -1139, 2710, -1215, -1185, 1908, 2845, 2132, 2479, 
287, 2854, 2566, -1571, -1139, 2710, -1215, -1185, 1908, 2845, 2132, 2479, 
287, 2854, 2566, -1571, -1139, 2710, -1215, -1185, 1912, 2849, 2132, 2479, 
287, 2854, 2566, -1571, -1139, 2710, -1210, -1180, 1912, 2849, 2137, 2488, 
287, 2849, 2562, -1568, -1137, 2705, -1210, -1180, 1912, 2849, 2137, 2483, 
287, 2849, 2562, -1568, -1137, 2705, -1210, -1180, 1912, 2849, 2137, 2479, 
287, 2845, 2557, -1566, -1134, 2701, -1210, -1180, 1912, 2849, 2137, 2479, 
283, 2854, 2571, -1568, -1144, 2713, -1210, -1180, 1917, 2849, 2137, 2479, 
283, 2849, 2566, -1566, -1141, 2708, -1205, -1176, 1917, 2849, 2137, 2479, 
278, 2845, 2566, -1561, -1144, 2705, -1205, -1176, 1917, 2849, 2132, 2479, 
278, 2840, 2562, -1559, -1141, 2701, -1200, -1176, 1922, 2854, 2132, 2479, 
278, 2835, 2557, -1556, -1139, 2696, -1200, -1176, 1922, 2845, 2122, 2474, 
278, 2825, 2547, -1551, -1134, 2686, -1200, -1176, 1922, 2845, 2122, 2474, 
273, 2825, 2552, -1549, -1139, 2688, -1195, -1176, 1922, 2845, 2117, 2474, 
273, 2825, 2552, -1549, -1139, 2688, -1190, -1176, 1932, 2845, 2117, 2469, 
278, 2815, 2537, -1546, -1129, 2676, -1190, -1176, 1927, 2845, 2117, 2464, 
273, 2810, 2537, -1542, -1132, 2674, -1185, -1171, 1927, 2845, 2117, 2464, 
273, 2806, 2532, -1539, -1129, 2669, -1180, -1171, 1927, 2845, 2117, 2459, 
273, 2801, 2527, -1537, -1127, 2664, -1176, -1171, 1927, 2845, 2113, 2459, 
263, 2786, 2522, -1525, -1129, 2654, -1161, -1180, 1927, 2840, 2108, 2469, 
263, 2781, 2518, -1522, -1127, 2649, -1161, -1180, 1927, 2840, 2108, 2459, 
258, 2781, 2522, -1520, -1132, 2652, -1161, -1180, 1927, 2840, 2108, 2454, 
258, 2781, 2522, -1520, -1132, 2652, -1156, -1180, 1927, 2840, 2108, 2454, 
258, 2771, 2513, -1515, -1127, 2642, -1161, -1171, 1937, 2840, 2093, 2444, 
253, 2766, 2513, -1510, -1129, 2640, -1161, -1171, 1937, 2840, 2088, 2444, 
253, 2762, 2508, -1507, -1127, 2635, -1161, -1171, 1932, 2840, 2088, 2444, 
253, 2757, 2503, -1505, -1124, 2630, -1156, -1171, 1932, 2840, 2088, 2444, 
248, 2752, 2503, -1500, -1127, 2627, -1151, -1171, 1922, 2825, 2088, 2435, 
248, 2747, 2498, -1498, -1124, 2623, -1151, -1171, 1922, 2820, 2083, 2435, 
248, 2742, 2493, -1495, -1122, 2618, -1151, -1171, 1922, 2815, 2083, 2435, 
244, 2742, 2498, -1493, -1127, 2620, -1146, -1171, 1922, 2815, 2083, 2430, 
244, 2737, 2493, -1490, -1124, 2615, -1137, -1171, 1932, 2825, 2093, 2430, 
244, 2737, 2493, -1490, -1124, 2615, -1132, -1171, 1927, 2825, 2088, 2430, 
244, 2737, 2493, -1490, -1124, 2615, -1132, -1171, 1927, 2825, 2088, 2430, 
239, 2737, 2498, -1488, -1129, 2618, -1132, -1171, 1927, 2820, 2088, 2430, 
239, 2737, 2498, -1488, -1129, 2618, -1132, -1180, 1917, 2815, 2074, 2430, 
239, 2737, 2498, -1488, -1129, 2618, -1132, -1180, 1917, 2815, 2074, 2425, 
234, 2732, 2498, -1483, -1132, 2615, -1132, -1180, 1917, 2815, 2069, 2425, 
234, 2732, 2498, -1483, -1132, 2615, -1132, -1180, 1917, 2815, 2069, 2425, 
234, 2732, 2498, -1483, -1132, 2615, -1137, -1176, 1917, 2815, 2069, 2425, 
234, 2727, 2493, -1481, -1129, 2610, -1137, -1176, 1917, 2815, 2069, 2425, 
234, 2723, 2488, -1478, -1127, 2605, -1137, -1176, 1917, 2815, 2069, 2425, 
234, 2723, 2488, -1478, -1127, 2605, -1137, -1176, 1917, 2815, 2064, 2425, 
229, 2723, 2493, -1476, -1132, 2608, -1137, -1176, 1917, 2810, 2074, 2430, 
229, 2718, 2488, -1473, -1129, 2603, -1137, -1176, 1917, 2810, 2074, 2430, 
229, 2718, 2488, -1473, -1129, 2603, -1132, -1176, 1917, 2810, 2074, 2430, 
229, 2718, 2488, -1473, -1129, 2603, -1132, -1176, 1917, 2810, 2069, 2430, 
229, 2718, 2488, -1473, -1129, 2603, -1132, -1176, 1917, 2810, 2069, 2430, 
229, 2718, 2488, -1473, -1129, 2603, -1132, -1171, 1917, 2810, 2069, 2430, 
224, 2713, 2488, -1468, -1132, 2601, -1132, -1171, 1922, 2806, 2069, 2425, 
224, 2713, 2488, -1468, -1132, 2601, -1132, -1171, 1922, 2806, 2069, 2425, 
224, 2713, 2488, -1468, -1132, 2601, -1122, -1180, 1922, 2801, 2059, 2425, 
224, 2713, 2488, -1468, -1132, 2601, -1117, -1180, 1922, 2801, 2059, 2430, 
224, 2718, 2493, -1471, -1134, 2605, -1117, -1180, 1917, 2801, 2054, 2430, 
224, 2718, 2493, -1471, -1134, 2605, -1117, -1180, 1917, 2801, 2054, 2430, 
229, 2718, 2488, -1473, -1129, 2603, -1117, -1180, 1917, 2810, 2054, 2430, 
229, 2718, 2488, -1473, -1129, 2603, -1122, -1180, 1917, 2810, 2054, 2430, 
229, 2718, 2488, -1473, -1129, 2603, -1122, -1180, 1922, 2810, 2054, 2430, 
229, 2718, 2488, -1473, -1129, 2603, -1122, -1180, 1922, 2810, 2059, 2430, 
229, 2723, 2493, -1476, -1132, 2608, -1122, -1180, 1922, 2810, 2059, 2430, 
229, 2723, 2493, -1476, -1132, 2608, -1122, -1180, 1922, 2815, 2059, 2435, 
229, 2718, 2488, -1473, -1129, 2603, -1122, -1180, 1922, 2815, 2059, 2435, 
229, 2718, 2488, -1473, -1129, 2603, -1122, -1180, 1922, 2815, 2064, 2435, 
224, 2723, 2498, -1473, -1137, 2610, -1117, -1180, 1922, 2815, 2064, 2435, 
224, 2723, 2498, -1473, -1137, 2610, -1117, -1180, 1922, 2815, 2064, 2435, 
224, 2723, 2498, -1473, -1137, 2610, -1117, -1180, 1922, 2815, 2064, 2435, 
224, 2723, 2498, -1473, -1137, 2610, -1117, -1180, 1927, 2815, 2064, 2435, 
224, 2723, 2498, -1473, -1137, 2610, -1117, -1190, 1927, 2815, 2054, 2435, 
224, 2723, 2498, -1473, -1137, 2610, -1117, -1190, 1932, 2815, 2054, 2435, 
229, 2723, 2493, -1476, -1132, 2608, -1122, -1190, 1932, 2815, 2054, 2435, 
229, 2723, 2493, -1476, -1132, 2608, -1122, -1190, 1927, 2815, 2059, 2435, 
229, 2723, 2493, -1476, -1132, 2608, -1122, -1190, 1927, 2815, 2059, 2444, 
229, 2723, 2493, -1476, -1132, 2608, -1122, -1190, 1932, 2815, 2059, 2444, 
229, 2732, 2503, -1481, -1137, 2618, -1122, -1190, 1937, 2815, 2059, 2444, 
229, 2732, 2503, -1481, -1137, 2618, -1122, -1190, 1937, 2820, 2059, 2449, 
229, 2723, 2493, -1476, -1132, 2608, -1122, -1185, 1932, 2820, 2059, 2449, 
229, 2723, 2493, -1476, -1132, 2608, -1122, -1185, 1932, 2820, 2059, 2449, 
229, 2723, 2493, -1476, -1132, 2608, -1127, -1185, 1937, 2825, 2059, 2449, 
229, 2727, 2498, -1478, -1134, 2613, -1127, -1185, 1937, 2830, 2059, 2454, 
239, 2742, 2503, -1490, -1132, 2623, -1127, -1185, 1937, 2820, 2074, 2449, 
239, 2742, 2503, -1490, -1132, 2623, -1127, -1185, 1937, 2820, 2074, 2449, 
239, 2742, 2503, -1490, -1132, 2623, -1127, -1185, 1937, 2820, 2074, 2449, 
239, 2747, 2508, -1493, -1134, 2627, -1127, -1185, 1937, 2820, 2074, 2449, 
229, 2747, 2518, -1488, -1144, 2632, -1127, -1195, 1937, 2830, 2074, 2449, 
234, 2747, 2513, -1490, -1139, 2630, -1127, -1195, 1937, 2835, 2074, 2454, 
234, 2747, 2513, -1490, -1139, 2630, -1127, -1195, 1937, 2835, 2074, 2459, 
234, 2747, 2513, -1490, -1139, 2630, -1127, -1195, 1937, 2835, 2074, 2459, 
234, 2747, 2513, -1490, -1139, 2630, -1127, -1185, 1947, 2835, 2074, 2459, 
234, 2752, 2518, -1493, -1141, 2635, -1127, -1185, 1947, 2835, 2078, 2459, 
234, 2757, 2522, -1495, -1144, 2640, -1132, -1185, 1947, 2840, 2083, 2459, 
234, 2757, 2522, -1495, -1144, 2640, -1132, -1185, 1947, 2840, 2083, 2459, 
234, 2752, 2518, -1493, -1141, 2635, -1132, -1195, 1947, 2840, 2083, 2459, 
239, 2752, 2513, -1495, -1137, 2632, -1137, -1195, 1947, 2835, 2078, 2459, 
239, 2752, 2513, -1495, -1137, 2632, -1137, -1195, 1947, 2835, 2078, 2459, 
239, 2752, 2513, -1495, -1137, 2632, -1137, -1195, 1947, 2835, 2083, 2459, 
248, 2752, 2503, -1500, -1127, 2627, -1137, -1185, 1937, 2840, 2074, 2464, 
248, 2752, 2503, -1500, -1127, 2627, -1137, -1185, 1942, 2840, 2078, 2464, 
248, 2757, 2508, -1503, -1129, 2632, -1141, -1185, 1947, 2840, 2078, 2464, 
248, 2757, 2508, -1503, -1129, 2632, -1141, -1185, 1947, 2840, 2074, 2464, 
248, 2762, 2513, -1505, -1132, 2637, -1137, -1185, 1947, 2840, 2074, 2464, 
253, 2762, 2508, -1507, -1127, 2635, -1137, -1185, 1947, 2840, 2074, 2469, 
253, 2762, 2508, -1507, -1127, 2635, -1137, -1185, 1947, 2845, 2074, 2469, 
253, 2762, 2508, -1507, -1127, 2635, -1137, -1185, 1947, 2845, 2078, 2469, 
253, 2766, 2513, -1510, -1129, 2640, -1137, -1195, 1947, 2845, 2078, 2479, 
258, 2766, 2508, -1512, -1124, 2637, -1141, -1195, 1947, 2845, 2078, 2479, 
258, 2766, 2508, -1512, -1124, 2637, -1141, -1195, 1942, 2845, 2078, 2479, 
258, 2766, 2508, -1512, -1124, 2637, -1141, -1195, 1942, 2845, 2078, 2479, 
258, 2766, 2508, -1512, -1124, 2637, -1141, -1195, 1952, 2854, 2088, 2479, 
258, 2766, 2508, -1512, -1124, 2637, -1141, -1195, 1952, 2854, 2088, 2483, 
253, 2766, 2513, -1510, -1129, 2640, -1141, -1195, 1952, 2854, 2088, 2483, 
253, 2766, 2513, -1510, -1129, 2640, -1141, -1195, 1952, 2849, 2088, 2483, 
263, 2776, 2513, -1520, -1124, 2644, -1146, -1190, 1942, 2849, 2088, 2493, 
263, 2776, 2513, -1520, -1124, 2644, -1146, -1190, 1942, 2849, 2088, 2488, 
263, 2771, 2508, -1517, -1122, 2640, -1146, -1185, 1942, 2854, 2088, 2488, 
263, 2771, 2508, -1517, -1122, 2640, -1146, -1185, 1942, 2854, 2088, 2488, 
253, 2771, 2518, -1512, -1132, 2644, -1146, -1200, 1942, 2845, 2083, 2488, 
258, 2771, 2513, -1515, -1127, 2642, -1146, -1200, 1942, 2845, 2083, 2488, 
258, 2771, 2513, -1515, -1127, 2642, -1141, -1200, 1942, 2845, 2083, 2488, 
258, 2771, 2513, -1515, -1127, 2642, -1141, -1195, 1942, 2845, 2083, 2488, 
258, 2771, 2513, -1515, -1127, 2642, -1151, -1195, 1932, 2845, 2078, 2479, 
258, 2771, 2513, -1515, -1127, 2642, -1151, -1205, 1932, 2845, 2078, 2479, 
258, 2771, 2513, -1515, -1127, 2642, -1151, -1205, 1922, 2845, 2078, 2479, 
258, 2771, 2513, -1515, -1127, 2642, -1151, -1205, 1922, 2845, 2078, 2479, 
258, 2771, 2513, -1515, -1127, 2642, -1141, -1195, 1932, 2845, 2078, 2479, 
258, 2771, 2513, -1515, -1127, 2642, -1141, -1200, 1932, 2840, 2078, 2479, 
258, 2771, 2513, -1515, -1127, 2642, -1146, -1200, 1927, 2840, 2078, 2479, 
258, 2771, 2513, -1515, -1127, 2642, -1146, -1205, 1927, 2845, 2078, 2479, 
258, 2762, 2503, -1510, -1122, 2632, -1146, -1205, 1927, 2835, 2078, 2479, 
258, 2762, 2503, -1510, -1122, 2632, -1146, -1205, 1927, 2835, 2078, 2479, 
258, 2762, 2503, -1510, -1122, 2632, -1146, -1205, 1927, 2835, 2078, 2479, 
258, 2762, 2503, -1510, -1122, 2632, -1151, -1205, 1927, 2835, 2078, 2479, 
268, 2762, 2493, -1515, -1112, 2627, -1151, -1205, 1927, 2845, 2069, 2479, 
268, 2762, 2493, -1515, -1112, 2627, -1151, -1205, 1927, 2840, 2069, 2479, 
268, 2762, 2493, -1515, -1112, 2627, -1146, -1205, 1922, 2840, 2069, 2479, 
268, 2762, 2493, -1515, -1112, 2627, -1146, -1205, 1922, 2840, 2069, 2479, 
263, 2771, 2508, -1517, -1122, 2640, -1151, -1205, 1932, 2840, 2069, 2479, 
263, 2771, 2508, -1517, -1122, 2640, -1151, -1210, 1932, 2845, 2069, 2479, 
263, 2771, 2508, -1517, -1122, 2640, -1151, -1210, 1932, 2845, 2069, 2479, 
263, 2771, 2508, -1517, -1122, 2640, -1146, -1210, 1932, 2845, 2069, 2479, 
263, 2771, 2508, -1517, -1122, 2640, -1146, -1210, 1922, 2845, 2069, 2483, 
263, 2771, 2508, -1517, -1122, 2640, -1146, -1210, 1922, 2840, 2069, 2483, 
263, 2771, 2508, -1517, -1122, 2640, -1146, -1210, 1922, 2840, 2069, 2479, 
263, 2771, 2508, -1517, -1122, 2640, -1146, -1210, 1922, 2840, 2069, 2479, 
263, 2762, 2498, -1512, -1117, 2630, -1146, -1215, 1922, 2835, 2069, 2479, 
263, 2762, 2498, -1512, -1117, 2630, -1146, -1215, 1922, 2835, 2069, 2483, 
263, 2762, 2498, -1512, -1117, 2630, -1146, -1220, 1922, 2840, 2069, 2483, 
263, 2762, 2498, -1512, -1117, 2630, -1146, -1220, 1922, 2840, 2069, 2483, 
263, 2762, 2498, -1512, -1117, 2630, -1146, -1210, 1932, 2840, 2069, 2488, 
263, 2762, 2498, -1512, -1117, 2630, -1146, -1210, 1932, 2840, 2069, 2488, 
268, 2762, 2493, -1515, -1112, 2627, -1146, -1210, 1932, 2840, 2069, 2488, 
268, 2762, 2493, -1515, -1112, 2627, -1146, -1210, 1932, 2840, 2074, 2488, 
268, 2771, 2503, -1520, -1117, 2637, -1156, -1210, 1922, 2849, 2064, 2488, 
263, 2771, 2508, -1517, -1122, 2640, -1156, -1210, 1922, 2849, 2059, 2488, 
263, 2771, 2508, -1517, -1122, 2640, -1156, -1215, 1922, 2849, 2059, 2488, 
268, 2771, 2503, -1520, -1117, 2637, -1156, -1215, 1922, 2849, 2059, 2488, 
268, 2771, 2503, -1520, -1117, 2637, -1156, -1224, 1922, 2849, 2059, 2479, 
268, 2771, 2503, -1520, -1117, 2637, -1156, -1224, 1927, 2849, 2064, 2483, 
268, 2771, 2503, -1520, -1117, 2637, -1156, -1224, 1927, 2849, 2064, 2483, 
268, 2776, 2508, -1522, -1119, 2642, -1151, -1224, 1927, 2849, 2069, 2488, 
263, 2776, 2513, -1520, -1124, 2644, -1151, -1215, 1927, 2845, 2069, 2488, 
263, 2776, 2513, -1520, -1124, 2644, -1151, -1220, 1927, 2849, 2069, 2488, 
268, 2776, 2508, -1522, -1119, 2642, -1156, -1220, 1927, 2849, 2069, 2488, 
268, 2776, 2508, -1522, -1119, 2642, -1156, -1220, 1927, 2849, 2064, 2488, 
268, 2771, 2503, -1520, -1117, 2637, -1146, -1215, 1927, 2849, 2064, 2488, 
263, 2776, 2513, -1520, -1124, 2644, -1151, -1215, 1927, 2849, 2069, 2488, 
263, 2781, 2518, -1522, -1127, 2649, -1151, -1220, 1927, 2849, 2074, 2488, 
263, 2786, 2522, -1525, -1129, 2654, -1151, -1220, 1927, 2849, 2074, 2488, 
263, 2776, 2513, -1520, -1124, 2644, -1161, -1220, 1922, 2849, 2064, 2493, 
263, 2781, 2518, -1522, -1127, 2649, -1161, -1220, 1922, 2849, 2064, 2493, 
263, 2786, 2522, -1525, -1129, 2654, -1166, -1220, 1922, 2854, 2064, 2493, 
273, 2791, 2518, -1532, -1122, 2654, -1166, -1220, 1922, 2859, 2069, 2498, 
273, 2781, 2508, -1527, -1117, 2644, -1156, -1220, 1912, 2849, 2059, 2488, 
268, 2781, 2513, -1525, -1122, 2647, -1156, -1220, 1917, 2849, 2059, 2488, 
268, 2781, 2513, -1525, -1122, 2647, -1156, -1220, 1917, 2854, 2059, 2493, 
268, 2781, 2513, -1525, -1122, 2647, -1156, -1220, 1917, 2854, 2064, 2493, 
273, 2781, 2508, -1527, -1117, 2644, -1156, -1224, 1927, 2854, 2064, 2493, 
273, 2781, 2508, -1527, -1117, 2644, -1161, -1224, 1927, 2859, 2064, 2493, 
273, 2781, 2508, -1527, -1117, 2644, -1161, -1224, 1927, 2859, 2064, 2493, 
273, 2781, 2508, -1527, -1117, 2644, -1156, -1229, 1927, 2854, 2069, 2493, 
273, 2781, 2508, -1527, -1117, 2644, -1146, -1220, 1917, 2864, 2059, 2493, 
278, 2781, 2503, -1529, -1112, 2642, -1156, -1220, 1917, 2864, 2059, 2493, 
278, 2781, 2503, -1529, -1112, 2642, -1156, -1220, 1917, 2864, 2059, 2498, 
273, 2781, 2508, -1527, -1117, 2644, -1156, -1220, 1917, 2864, 2059, 2498, 
273, 2791, 2518, -1532, -1122, 2654, -1156, -1220, 1917, 2859, 2059, 2498, 
278, 2791, 2513, -1534, -1117, 2652, -1156, -1224, 1912, 2859, 2059, 2498, 
278, 2786, 2508, -1532, -1115, 2647, -1156, -1224, 1912, 2859, 2059, 2498, 
278, 2786, 2508, -1532, -1115, 2647, -1156, -1224, 1912, 2854, 2059, 2498, 
278, 2796, 2518, -1537, -1119, 2657, -1166, -1224, 1927, 2854, 2069, 2498, 
273, 2796, 2522, -1534, -1124, 2659, -1166, -1224, 1927, 2854, 2069, 2498, 
273, 2796, 2522, -1534, -1124, 2659, -1166, -1224, 1927, 2859, 2069, 2503, 
273, 2796, 2522, -1534, -1124, 2659, -1166, -1224, 1932, 2864, 2069, 2503, 
283, 2801, 2518, -1542, -1117, 2659, -1156, -1224, 1932, 2869, 2069, 2508, 
283, 2810, 2527, -1546, -1122, 2669, -1161, -1220, 1932, 2869, 2069, 2508, 
283, 2815, 2532, -1549, -1124, 2674, -1171, -1229, 1942, 2874, 2078, 2513, 
283, 2820, 2537, -1551, -1127, 2679, -1171, -1229, 1942, 2879, 2078, 2518, 
283, 2825, 2542, -1554, -1129, 2684, -1171, -1229, 1942, 2884, 2078, 2522, 
283, 2830, 2547, -1556, -1132, 2688, -1171, -1229, 1942, 2888, 2078, 2527, 
292, 2835, 2542, -1564, -1124, 2688, -1180, -1234, 1956, 2884, 2088, 2527, 
292, 2845, 2552, -1568, -1129, 2698, -1180, -1234, 1961, 2888, 2088, 2527, 
292, 2854, 2562, -1573, -1134, 2708, -1180, -1234, 1966, 2893, 2093, 2527, 
292, 2864, 2571, -1578, -1139, 2718, -1180, -1234, 1971, 2898, 2098, 2532, 
292, 2869, 2576, -1581, -1141, 2723, -1195, -1244, 1966, 2903, 2103, 2542, 
297, 2874, 2576, -1586, -1139, 2725, -1200, -1244, 1971, 2913, 2108, 2542, 
302, 2879, 2576, -1590, -1137, 2727, -1205, -1244, 1971, 2923, 2113, 2542, 
302, 2879, 2576, -1590, -1137, 2727, -1210, -1244, 1971, 2932, 2113, 2542, 
312, 2884, 2571, -1598, -1129, 2727, -1205, -1244, 1981, 2923, 2113, 2557, 
312, 2884, 2571, -1598, -1129, 2727, -1210, -1244, 1976, 2923, 2113, 2557, 
312, 2884, 2571, -1598, -1129, 2727, -1210, -1244, 1976, 2923, 2113, 2557, 
317, 2888, 2571, -1603, -1127, 2730, -1210, -1244, 1976, 2923, 2113, 2557, 
317, 2879, 2562, -1598, -1122, 2720, -1205, -1244, 1971, 2932, 2103, 2547, 
317, 2879, 2562, -1598, -1122, 2720, -1215, -1249, 1971, 2928, 2103, 2552, 
317, 2874, 2557, -1595, -1119, 2715, -1220, -1249, 1961, 2923, 2103, 2552, 
317, 2874, 2557, -1595, -1119, 2715, -1220, -1244, 1952, 2923, 2098, 2542, 
326, 2859, 2532, -1593, -1102, 2696, -1224, -1244, 1937, 2903, 2108, 2542, 
317, 2859, 2542, -1588, -1112, 2701, -1220, -1244, 1927, 2898, 2098, 2542, 
317, 2849, 2532, -1583, -1107, 2691, -1215, -1249, 1922, 2898, 2098, 2542, 
317, 2859, 2542, -1588, -1112, 2701, -1215, -1254, 1922, 2898, 2098, 2542, 
317, 2859, 2542, -1588, -1112, 2701, -1215, -1259, 1917, 2888, 2088, 2542, 
312, 2854, 2542, -1583, -1115, 2698, -1215, -1263, 1912, 2888, 2078, 2542, 
312, 2845, 2532, -1578, -1110, 2688, -1215, -1268, 1912, 2888, 2074, 2542, 
312, 2845, 2532, -1578, -1110, 2688, -1215, -1273, 1917, 2888, 2069, 2542, 
312, 2845, 2532, -1578, -1110, 2688, -1215, -1268, 1917, 2898, 2069, 2542, 
312, 2845, 2532, -1578, -1110, 2688, -1210, -1268, 1917, 2893, 2074, 2542, 
312, 2849, 2537, -1581, -1112, 2693, -1210, -1263, 1912, 2893, 2074, 2542, 
312, 2849, 2537, -1581, -1112, 2693, -1210, -1263, 1912, 2893, 2074, 2542, 
322, 2849, 2527, -1586, -1102, 2688, -1205, -1254, 1912, 2884, 2078, 2532, 
322, 2840, 2518, -1581, -1098, 2679, -1200, -1254, 1912, 2884, 2078, 2532, 
322, 2840, 2518, -1581, -1098, 2679, -1200, -1254, 1912, 2884, 2074, 2532, 
317, 2840, 2522, -1578, -1102, 2681, -1200, -1254, 1908, 2884, 2074, 2532, 
322, 2849, 2527, -1586, -1102, 2688, -1205, -1263, 1917, 2893, 2074, 2542, 
312, 2840, 2527, -1576, -1107, 2684, -1195, -1263, 1917, 2893, 2074, 2537, 
312, 2835, 2522, -1573, -1105, 2679, -1195, -1263, 1908, 2884, 2069, 2527, 
307, 2820, 2513, -1564, -1102, 2666, -1190, -1259, 1908, 2879, 2059, 2522, 
292, 2806, 2513, -1549, -1110, 2659, -1176, -1249, 1903, 2874, 2049, 2518, 
278, 2796, 2518, -1537, -1119, 2657, -1166, -1249, 1903, 2874, 2044, 2508, 
278, 2796, 2518, -1537, -1119, 2657, -1166, -1249, 1903, 2874, 2044, 2508, 
278, 2801, 2522, -1539, -1122, 2662, -1166, -1249, 1903, 2874, 2044, 2508, 
273, 2801, 2527, -1537, -1127, 2664, -1166, -1259, 1908, 2879, 2044, 2513, 
273, 2801, 2527, -1537, -1127, 2664, -1161, -1259, 1908, 2879, 2044, 2513, 
273, 2801, 2527, -1537, -1127, 2664, -1161, -1259, 1908, 2879, 2044, 2513, 
273, 2791, 2518, -1532, -1122, 2654, -1161, -1263, 1903, 2879, 2044, 2513, 
278, 2781, 2503, -1529, -1112, 2642, -1161, -1263, 1903, 2879, 2044, 2513, 
278, 2781, 2503, -1529, -1112, 2642, -1161, -1259, 1903, 2874, 2044, 2508, 
278, 2781, 2503, -1529, -1112, 2642, -1161, -1259, 1903, 2869, 2034, 2508, 
278, 2781, 2503, -1529, -1112, 2642, -1161, -1259, 1903, 2869, 2034, 2503, 
278, 2791, 2513, -1534, -1117, 2652, -1161, -1249, 1903, 2874, 2034, 2503, 
278, 2791, 2513, -1534, -1117, 2652, -1161, -1249, 1903, 2874, 2034, 2503, 
278, 2786, 2508, -1532, -1115, 2647, -1161, -1244, 1903, 2869, 2034, 2503, 
278, 2786, 2508, -1532, -1115, 2647, -1156, -1244, 1903, 2869, 2034, 2508, 
278, 2776, 2498, -1527, -1110, 2637, -1156, -1254, 1898, 2869, 2034, 2498, 
278, 2776, 2498, -1527, -1110, 2637, -1156, -1254, 1898, 2874, 2034, 2498, 
278, 2781, 2503, -1529, -1112, 2642, -1161, -1254, 1903, 2874, 2034, 2498, 
278, 2781, 2503, -1529, -1112, 2642, -1161, -1254, 1903, 2874, 2034, 2503, 
278, 2781, 2503, -1529, -1112, 2642, -1161, -1244, 1903, 2874, 2034, 2513, 
278, 2786, 2508, -1532, -1115, 2647, -1156, -1244, 1908, 2879, 2034, 2513, 
278, 2786, 2508, -1532, -1115, 2647, -1156, -1244, 1908, 2879, 2039, 2513, 
278, 2786, 2508, -1532, -1115, 2647, -1156, -1244, 1908, 2879, 2039, 2513, 
278, 2786, 2508, -1532, -1115, 2647, -1156, -1244, 1908, 2879, 2034, 2513, 
278, 2786, 2508, -1532, -1115, 2647, -1161, -1244, 1908, 2879, 2034, 2513, 
278, 2786, 2508, -1532, -1115, 2647, -1161, -1244, 1908, 2879, 2034, 2513, 
278, 2786, 2508, -1532, -1115, 2647, -1161, -1244, 1908, 2879, 2034, 2513, 
278, 2786, 2508, -1532, -1115, 2647, -1161, -1244, 1908, 2879, 2039, 2513, 
278, 2786, 2508, -1532, -1115, 2647, -1156, -1244, 1908, 2879, 2039, 2513, 
278, 2786, 2508, -1532, -1115, 2647, -1156, -1244, 1908, 2879, 2039, 2513, 
278, 2786, 2508, -1532, -1115, 2647, -1156, -1244, 1908, 2879, 2034, 2513, 
278, 2796, 2518, -1537, -1119, 2657, -1156, -1244, 1908, 2879, 2034, 2513, 
278, 2796, 2518, -1537, -1119, 2657, -1156, -1244, 1908, 2879, 2034, 2513, 
278, 2796, 2518, -1537, -1119, 2657, -1156, -1244, 1908, 2879, 2039, 2513, 
278, 2796, 2518, -1537, -1119, 2657, -1156, -1244, 1908, 2879, 2039, 2513, 
278, 2796, 2518, -1537, -1119, 2657, -1156, -1254, 1908, 2893, 2039, 2513, 
278, 2796, 2518, -1537, -1119, 2657, -1156, -1254, 1908, 2893, 2039, 2518, 
278, 2801, 2522, -1539, -1122, 2662, -1156, -1254, 1912, 2893, 2039, 2518, 
278, 2801, 2522, -1539, -1122, 2662, -1161, -1259, 1912, 2893, 2039, 2518, 
268, 2801, 2532, -1534, -1132, 2666, -1161, -1249, 1912, 2893, 2039, 2518, 
268, 2801, 2532, -1534, -1132, 2666, -1156, -1249, 1912, 2893, 2039, 2518, 
268, 2801, 2532, -1534, -1132, 2666, -1156, -1244, 1912, 2893, 2039, 2518, 
273, 2796, 2522, -1534, -1124, 2659, -1156, -1244, 1908, 2893, 2039, 2518, 
283, 2796, 2513, -1539, -1115, 2654, -1156, -1244, 1908, 2888, 2039, 2518, 
287, 2791, 2503, -1539, -1107, 2647, -1156, -1239, 1908, 2888, 2034, 2513, 
292, 2781, 2488, -1537, -1098, 2635, -1151, -1229, 1908, 2884, 2030, 2513, 
302, 2791, 2488, -1546, -1093, 2640, -1146, -1210, 1908, 2874, 2030, 2503, 
317, 2796, 2479, -1556, -1080, 2637, -1146, -1195, 1917, 2879, 2034, 2503, 
322, 2786, 2464, -1554, -1071, 2625, -1127, -1146, 1947, 2893, 2039, 2503, 
336, 2801, 2464, -1568, -1063, 2632, -1093, -1068, 2005, 2942, 2069, 2498, 
366, 2849, 2483, -1607, -1058, 2666, -1078, -990, 2083, 3010, 2132, 2522, 
419, 2913, 2493, -1666, -1037, 2703, -1078, -917, 2137, 3089, 2205, 2562, 
497, 2981, 2483, -1739, -993, 2732, -1073, -834, 2200, 3172, 2298, 2601, 
575, 3079, 2503, -1827, -963, 2791, -1073, -741, 2298, 3274, 2400, 2644, 
639, 3172, 2532, -1905, -946, 2852, -1093, -688, 2400, 3396, 2518, 2693, 
688, 3284, 2596, -1986, -954, 2940, -1141, -688, 2459, 3503, 2630, 2766, 
741, 3416, 2674, -2078, -966, 3045, -1220, -736, 2474, 3591, 2752, 2854, 
800, 3567, 2766, -2183, -983, 3167, -1298, -805, 2459, 3660, 2864, 2962, 
829, 3679, 2849, -2254, -1010, 3264, -1371, -893, 2410, 3679, 2928, 3059, 
824, 3723, 2898, -2274, -1037, 3311, -1415, -1015, 2298, 3601, 2898, 3108, 
785, 3713, 2928, -2249, -1071, 3320, -1464, -1166, 2161, 3474, 2806, 3132, 
702, 3699, 2996, -2200, -1146, 3347, -1522, -1366, 2039, 3372, 2718, 3152, 
570, 3640, 3069, -2105, -1249, 3355, -1586, -1615, 1893, 3245, 2615, 3142, 
419, 3538, 3118, -1978, -1349, 3328, -1639, -1873, 1703, 3084, 2464, 3113, 
322, 3435, 3113, -1878, -1395, 3274, -1703, -2093, 1503, 2928, 2308, 3069, 
273, 3313, 3040, -1793, -1383, 3176, -1727, -2196, 1351, 2786, 2166, 3010, 
229, 3186, 2957, -1708, -1363, 3071, -1678, -2186, 1298, 2688, 2059, 2932, 
200, 3113, 2913, -1656, -1356, 3013, -1629, -2113, 1337, 2679, 2010, 2879, 
200, 3064, 2864, -1632, -1332, 2964, -1581, -2020, 1395, 2698, 2000, 2825, 
214, 3035, 2820, -1625, -1302, 2928, -1532, -1903, 1459, 2718, 1995, 2796, 
219, 3006, 2786, -1612, -1283, 2896, -1468, -1790, 1532, 2727, 1995, 2757, 
229, 2962, 2732, -1595, -1251, 2847, -1429, -1688, 1590, 2742, 1986, 2708, 
239, 2932, 2693, -1586, -1227, 2813, -1390, -1615, 1649, 2776, 2000, 2679, 
244, 2918, 2674, -1581, -1215, 2796, -1342, -1542, 1717, 2810, 2010, 2654, 
244, 2893, 2649, -1568, -1202, 2771, -1298, -1488, 1766, 2820, 2000, 2625, 
253, 2859, 2605, -1556, -1176, 2732, -1263, -1444, 1790, 2840, 2000, 2596, 
268, 2849, 2581, -1559, -1156, 2715, -1244, -1400, 1815, 2854, 2005, 2581, 
263, 2840, 2576, -1551, -1156, 2708, -1215, -1361, 1849, 2874, 2010, 2571, 
268, 2830, 2562, -1549, -1146, 2696, -1190, -1317, 1864, 2879, 2020, 2562, 
278, 2815, 2537, -1546, -1129, 2676, -1190, -1302, 1864, 2874, 2015, 2557, 
278, 2806, 2527, -1542, -1124, 2666, -1185, -1283, 1873, 2874, 2015, 2542, 
278, 2806, 2527, -1542, -1124, 2666, -1180, -1263, 1893, 2884, 2010, 2537, 
278, 2806, 2527, -1542, -1124, 2666, -1171, -1263, 1898, 2888, 2025, 2537, 
278, 2810, 2532, -1544, -1127, 2671, -1171, -1259, 1908, 2898, 2025, 2532, 
283, 2810, 2527, -1546, -1122, 2669, -1161, -1259, 1922, 2898, 2025, 2532, 
283, 2810, 2527, -1546, -1122, 2669, -1156, -1254, 1922, 2903, 2025, 2527, 
283, 2810, 2527, -1546, -1122, 2669, -1151, -1254, 1922, 2903, 2025, 2522, 
268, 2806, 2537, -1537, -1134, 2671, -1151, -1249, 1922, 2913, 2025, 2532, 
268, 2806, 2537, -1537, -1134, 2671, -1151, -1249, 1917, 2908, 2025, 2532, 
273, 2801, 2527, -1537, -1127, 2664, -1151, -1249, 1917, 2908, 2020, 2527, 
278, 2801, 2522, -1539, -1122, 2662, -1146, -1244, 1922, 2908, 2020, 2527, 
278, 2791, 2513, -1534, -1117, 2652, -1146, -1229, 1927, 2913, 2020, 2527, 
278, 2791, 2513, -1534, -1117, 2652, -1146, -1229, 1927, 2913, 2020, 2527, 
283, 2791, 2508, -1537, -1112, 2649, -1146, -1224, 1932, 2913, 2020, 2527, 
283, 2796, 2513, -1539, -1115, 2654, -1146, -1220, 1937, 2918, 2025, 2532, 
283, 2806, 2522, -1544, -1119, 2664, -1146, -1229, 1937, 2918, 2025, 2532, 
283, 2806, 2522, -1544, -1119, 2664, -1151, -1229, 1937, 2918, 2025, 2532, 
283, 2806, 2522, -1544, -1119, 2664, -1151, -1229, 1937, 2918, 2025, 2532, 
283, 2806, 2522, -1544, -1119, 2664, -1151, -1229, 1942, 2918, 2025, 2532, 
292, 2806, 2513, -1549, -1110, 2659, -1141, -1224, 1947, 2918, 2025, 2532, 
292, 2806, 2513, -1549, -1110, 2659, -1141, -1224, 1947, 2918, 2025, 2532, 
292, 2806, 2513, -1549, -1110, 2659, -1141, -1224, 1947, 2918, 2025, 2532, 
292, 2806, 2513, -1549, -1110, 2659, -1141, -1224, 1947, 2923, 2025, 2532, 
283, 2806, 2522, -1544, -1119, 2664, -1141, -1224, 1952, 2923, 2025, 2532, 
287, 2806, 2518, -1546, -1115, 2662, -1141, -1224, 1952, 2923, 2030, 2532, 
287, 2806, 2518, -1546, -1115, 2662, -1141, -1224, 1952, 2928, 2034, 2537, 
287, 2806, 2518, -1546, -1115, 2662, -1141, -1224, 1952, 2928, 2034, 2537, 
297, 2810, 2513, -1554, -1107, 2662, -1146, -1224, 1952, 2928, 2025, 2537, 
297, 2810, 2513, -1554, -1107, 2662, -1146, -1224, 1952, 2928, 2030, 2537, 
297, 2810, 2513, -1554, -1107, 2662, -1146, -1220, 1952, 2928, 2030, 2537, 
302, 2820, 2518, -1561, -1107, 2669, -1146, -1220, 1952, 2932, 2030, 2537, 
302, 2820, 2518, -1561, -1107, 2669, -1146, -1220, 1956, 2932, 2034, 2537, 
302, 2820, 2518, -1561, -1107, 2669, -1146, -1220, 1956, 2932, 2034, 2537, 
302, 2820, 2518, -1561, -1107, 2669, -1146, -1220, 1956, 2928, 2034, 2537, 
302, 2820, 2518, -1561, -1107, 2669, -1146, -1220, 1956, 2928, 2034, 2537, 
302, 2815, 2513, -1559, -1105, 2664, -1156, -1220, 1956, 2932, 2034, 2537, 
302, 2815, 2513, -1559, -1105, 2664, -1156, -1220, 1956, 2937, 2034, 2542, 
302, 2815, 2513, -1559, -1105, 2664, -1156, -1220, 1956, 2937, 2034, 2542, 
302, 2820, 2518, -1561, -1107, 2669, -1156, -1220, 1956, 2937, 2030, 2542, 
302, 2830, 2527, -1566, -1112, 2679, -1156, -1215, 1961, 2928, 2030, 2542, 
302, 2825, 2522, -1564, -1110, 2674, -1156, -1215, 1961, 2928, 2030, 2542, 
302, 2825, 2522, -1564, -1110, 2674, -1156, -1215, 1961, 2928, 2030, 2542, 
307, 2830, 2522, -1568, -1107, 2676, -1156, -1215, 1966, 2928, 2030, 2542, 
307, 2830, 2522, -1568, -1107, 2676, -1156, -1215, 1966, 2928, 2030, 2542, 
307, 2830, 2522, -1568, -1107, 2676, -1156, -1215, 1966, 2928, 2030, 2542, 
307, 2830, 2522, -1568, -1107, 2676, -1156, -1215, 1966, 2928, 2034, 2542, 
307, 2830, 2522, -1568, -1107, 2676, -1156, -1215, 1966, 2932, 2034, 2542, 
307, 2830, 2522, -1568, -1107, 2676, -1156, -1215, 1956, 2942, 2034, 2542, 
307, 2830, 2522, -1568, -1107, 2676, -1156, -1215, 1956, 2937, 2030, 2542, 
312, 2840, 2527, -1576, -1107, 2684, -1156, -1215, 1961, 2937, 2030, 2547, 
312, 2840, 2527, -1576, -1107, 2684, -1156, -1215, 1966, 2942, 2030, 2552, 
312, 2849, 2537, -1581, -1112, 2693, -1156, -1224, 1966, 2942, 2039, 2552, 
312, 2849, 2537, -1581, -1112, 2693, -1156, -1220, 1966, 2942, 2044, 2552, 
312, 2849, 2537, -1581, -1112, 2693, -1156, -1220, 1971, 2947, 2044, 2552, 
312, 2854, 2542, -1583, -1115, 2698, -1156, -1215, 1971, 2947, 2044, 2552, 
312, 2854, 2542, -1583, -1115, 2698, -1156, -1215, 1971, 2947, 2034, 2552, 
312, 2854, 2542, -1583, -1115, 2698, -1156, -1215, 1971, 2947, 2034, 2552, 
312, 2854, 2542, -1583, -1115, 2698, -1156, -1215, 1971, 2947, 2034, 2552, 
312, 2854, 2542, -1583, -1115, 2698, -1156, -1220, 1971, 2947, 2034, 2552, 
312, 2854, 2542, -1583, -1115, 2698, -1156, -1220, 1971, 2947, 2034, 2552, 
312, 2859, 2547, -1586, -1117, 2703, -1156, -1220, 1976, 2947, 2044, 2552, 
317, 2864, 2547, -1590, -1115, 2705, -1161, -1210, 1976, 2947, 2044, 2557, 
322, 2864, 2542, -1593, -1110, 2703, -1161, -1210, 1976, 2947, 2044, 2557, 
322, 2854, 2532, -1588, -1105, 2693, -1161, -1210, 1991, 2942, 2044, 2562, 
322, 2854, 2532, -1588, -1105, 2693, -1161, -1210, 1991, 2947, 2049, 2562, 
322, 2854, 2532, -1588, -1105, 2693, -1161, -1210, 1991, 2947, 2049, 2562, 
322, 2859, 2537, -1590, -1107, 2698, -1161, -1205, 1991, 2947, 2049, 2562, 
322, 2859, 2537, -1590, -1107, 2698, -1171, -1205, 1995, 2952, 2039, 2562, 
322, 2864, 2542, -1593, -1110, 2703, -1176, -1210, 1995, 2952, 2044, 2562, 
326, 2874, 2547, -1600, -1110, 2710, -1180, -1215, 1986, 2952, 2049, 2566, 
326, 2879, 2552, -1603, -1112, 2715, -1180, -1215, 1986, 2952, 2049, 2571, 
326, 2879, 2552, -1603, -1112, 2715, -1171, -1205, 1986, 2962, 2054, 2576, 
331, 2884, 2552, -1607, -1110, 2718, -1171, -1205, 1991, 2962, 2054, 2576, 
331, 2888, 2557, -1610, -1112, 2723, -1171, -1205, 1991, 2962, 2059, 2576, 
331, 2888, 2557, -1610, -1112, 2723, -1180, -1205, 1995, 2971, 2059, 2586, 
336, 2893, 2557, -1615, -1110, 2725, -1180, -1205, 2005, 2967, 2064, 2586, 
336, 2898, 2562, -1617, -1112, 2730, -1185, -1205, 2005, 2971, 2064, 2586, 
336, 2903, 2566, -1620, -1115, 2735, -1185, -1210, 2005, 2971, 2069, 2591, 
341, 2913, 2571, -1627, -1115, 2742, -1190, -1210, 2005, 2971, 2069, 2591, 
351, 2918, 2566, -1634, -1107, 2742, -1195, -1210, 2010, 2981, 2064, 2596, 
356, 2923, 2566, -1639, -1105, 2745, -1200, -1210, 2010, 2981, 2069, 2601, 
356, 2928, 2571, -1642, -1107, 2749, -1200, -1210, 2010, 2981, 2074, 2605, 
356, 2932, 2576, -1644, -1110, 2754, -1205, -1210, 2015, 2991, 2074, 2605, 
351, 2942, 2591, -1647, -1119, 2766, -1210, -1210, 2020, 2991, 2083, 2615, 
351, 2947, 2596, -1649, -1122, 2771, -1210, -1210, 2020, 2996, 2093, 2620, 
361, 2952, 2591, -1656, -1115, 2771, -1215, -1210, 2020, 2996, 2093, 2625, 
361, 2957, 2596, -1659, -1117, 2776, -1220, -1215, 2015, 2996, 2098, 2630, 
361, 2967, 2605, -1664, -1122, 2786, -1224, -1215, 2025, 2986, 2103, 2635, 
366, 2976, 2610, -1671, -1122, 2793, -1229, -1220, 2030, 2996, 2103, 2640, 
375, 2991, 2615, -1683, -1119, 2803, -1234, -1224, 2030, 3001, 2108, 2644, 
375, 2991, 2615, -1683, -1119, 2803, -1239, -1224, 2030, 3001, 2113, 2644, 
375, 3006, 2630, -1690, -1127, 2818, -1244, -1229, 2020, 3006, 2108, 2649, 
375, 3010, 2635, -1693, -1129, 2823, -1244, -1234, 2020, 3015, 2113, 2654, 
380, 3020, 2640, -1700, -1129, 2830, -1249, -1239, 2025, 3015, 2117, 2659, 
380, 3025, 2644, -1703, -1132, 2835, -1254, -1239, 2025, 3015, 2117, 2664, 
390, 3030, 2640, -1710, -1124, 2835, -1259, -1244, 2015, 3015, 2122, 2669, 
395, 3035, 2640, -1715, -1122, 2837, -1263, -1249, 2010, 3015, 2122, 2669, 
395, 3040, 2644, -1717, -1124, 2842, -1268, -1254, 2010, 3015, 2122, 2674, 
395, 3050, 2654, -1722, -1129, 2852, -1273, -1259, 2010, 3020, 2122, 2679, 
400, 3050, 2649, -1725, -1124, 2849, -1278, -1259, 2020, 3020, 2137, 2684, 
400, 3054, 2654, -1727, -1127, 2854, -1283, -1263, 2020, 3020, 2137, 2688, 
400, 3054, 2654, -1727, -1127, 2854, -1288, -1268, 2020, 3025, 2142, 2688, 
400, 3059, 2659, -1729, -1129, 2859, -1288, -1273, 2020, 3025, 2142, 2688, 
405, 3054, 2649, -1729, -1122, 2852, -1293, -1278, 2020, 3025, 2142, 2688, 
405, 3059, 2654, -1732, -1124, 2857, -1293, -1278, 2020, 3030, 2142, 2698, 
400, 3059, 2659, -1729, -1129, 2859, -1293, -1283, 2020, 3030, 2142, 2698, 
400, 3059, 2659, -1729, -1129, 2859, -1293, -1288, 2015, 3020, 2142, 2698, 
400, 3069, 2669, -1734, -1134, 2869, -1298, -1288, 2015, 3020, 2142, 2698, 
400, 3069, 2669, -1734, -1134, 2869, -1298, -1293, 2015, 3020, 2142, 2698, 
400, 3069, 2669, -1734, -1134, 2869, -1298, -1293, 2015, 3020, 2142, 2698, 
400, 3069, 2669, -1734, -1134, 2869, -1298, -1298, 2015, 3020, 2142, 2698, 
409, 3069, 2659, -1739, -1124, 2864, -1298, -1302, 2015, 3020, 2132, 2703, 
405, 3069, 2664, -1737, -1129, 2867, -1302, -1302, 2015, 3020, 2132, 2703, 
405, 3069, 2664, -1737, -1129, 2867, -1302, -1302, 2015, 3020, 2132, 2703, 
405, 3069, 2664, -1737, -1129, 2867, -1302, -1302, 2020, 3025, 2132, 2703, 
405, 3059, 2654, -1732, -1124, 2857, -1307, -1307, 2010, 3025, 2137, 2703, 
405, 3054, 2649, -1729, -1122, 2852, -1307, -1307, 2010, 3025, 2137, 2698, 
405, 3054, 2649, -1729, -1122, 2852, -1307, -1307, 2010, 3025, 2137, 2693, 
405, 3050, 2644, -1727, -1119, 2847, -1307, -1307, 2010, 3025, 2137, 2693, 
390, 3059, 2669, -1725, -1139, 2864, -1307, -1307, 2025, 3025, 2137, 2703, 
390, 3054, 2664, -1722, -1137, 2859, -1302, -1302, 2025, 3025, 2137, 2703, 
385, 3050, 2664, -1717, -1139, 2857, -1302, -1302, 2025, 3025, 2132, 2703, 
385, 3045, 2659, -1715, -1137, 2852, -1298, -1302, 2030, 3030, 2132, 2703, 
385, 3040, 2654, -1712, -1134, 2847, -1288, -1302, 2030, 3020, 2132, 2688, 
385, 3030, 2644, -1708, -1129, 2837, -1288, -1302, 2030, 3020, 2132, 2688, 
380, 3030, 2649, -1705, -1134, 2840, -1283, -1302, 2030, 3020, 2127, 2688, 
380, 3030, 2649, -1705, -1134, 2840, -1278, -1302, 2039, 3020, 2127, 2684, 
375, 3020, 2644, -1698, -1134, 2832, -1288, -1312, 2044, 3020, 2127, 2679, 
370, 3015, 2644, -1693, -1137, 2830, -1283, -1307, 2044, 3020, 2127, 2679, 
370, 3010, 2640, -1690, -1134, 2825, -1278, -1307, 2044, 3020, 2127, 2674, 
370, 3006, 2635, -1688, -1132, 2820, -1273, -1307, 2044, 3020, 2122, 2674, 
370, 3001, 2630, -1686, -1129, 2815, -1268, -1307, 2044, 3015, 2117, 2684, 
370, 2996, 2625, -1683, -1127, 2810, -1268, -1307, 2044, 3015, 2117, 2674, 
366, 2996, 2630, -1681, -1132, 2813, -1268, -1307, 2044, 3015, 2117, 2669, 
366, 2996, 2630, -1681, -1132, 2813, -1263, -1307, 2044, 3015, 2117, 2669, 
366, 2986, 2620, -1676, -1127, 2803, -1259, -1298, 2044, 3015, 2103, 2659, 
361, 2981, 2620, -1671, -1129, 2801, -1259, -1298, 2044, 3015, 2098, 2659, 
361, 2976, 2615, -1668, -1127, 2796, -1259, -1298, 2039, 3015, 2098, 2659, 
361, 2971, 2610, -1666, -1124, 2791, -1254, -1298, 2039, 3015, 2098, 2659, 
356, 2976, 2620, -1666, -1132, 2798, -1249, -1298, 2039, 3010, 2098, 2649, 
356, 2971, 2615, -1664, -1129, 2793, -1249, -1298, 2039, 3006, 2093, 2649, 
356, 2967, 2610, -1661, -1127, 2788, -1249, -1298, 2039, 3001, 2093, 2649, 
351, 2967, 2615, -1659, -1132, 2791, -1244, -1298, 2039, 3001, 2093, 2644, 
351, 2952, 2601, -1651, -1124, 2776, -1244, -1298, 2039, 3001, 2093, 2644, 
351, 2952, 2601, -1651, -1124, 2776, -1239, -1298, 2034, 3001, 2088, 2644, 
351, 2952, 2601, -1651, -1124, 2776, -1239, -1298, 2034, 3001, 2088, 2644, 
346, 2952, 2605, -1649, -1129, 2779, -1239, -1298, 2034, 2996, 2088, 2644, 
346, 2952, 2605, -1649, -1129, 2779, -1239, -1307, 2034, 2991, 2083, 2644, 
346, 2952, 2605, -1649, -1129, 2779, -1239, -1307, 2034, 2991, 2083, 2640, 
341, 2947, 2605, -1644, -1132, 2776, -1239, -1307, 2034, 2991, 2078, 2640, 
341, 2947, 2605, -1644, -1132, 2776, -1239, -1307, 2034, 2991, 2078, 2640, 
341, 2947, 2605, -1644, -1132, 2776, -1234, -1302, 2034, 2991, 2078, 2640, 
341, 2942, 2601, -1642, -1129, 2771, -1234, -1302, 2034, 2991, 2078, 2640, 
341, 2937, 2596, -1639, -1127, 2766, -1234, -1302, 2034, 2991, 2078, 2640, 
341, 2937, 2596, -1639, -1127, 2766, -1234, -1302, 2034, 2991, 2074, 2640, 
346, 2947, 2601, -1647, -1127, 2774, -1234, -1312, 2034, 2986, 2074, 2635, 
346, 2942, 2596, -1644, -1124, 2769, -1234, -1312, 2034, 2986, 2074, 2635, 
346, 2942, 2596, -1644, -1124, 2769, -1229, -1312, 2034, 2986, 2074, 2635, 
346, 2942, 2596, -1644, -1124, 2769, -1229, -1312, 2034, 2986, 2069, 2635, 
336, 2942, 2605, -1639, -1134, 2774, -1229, -1312, 2034, 2986, 2069, 2635, 
336, 2942, 2605, -1639, -1134, 2774, -1229, -1307, 2034, 2986, 2069, 2635, 
331, 2937, 2605, -1634, -1137, 2771, -1229, -1307, 2039, 2981, 2069, 2630, 
331, 2937, 2605, -1634, -1137, 2771, -1229, -1307, 2039, 2981, 2069, 2630, 
331, 2928, 2596, -1629, -1132, 2762, -1229, -1307, 2039, 2986, 2069, 2630, 
331, 2928, 2596, -1629, -1132, 2762, -1224, -1307, 2039, 2986, 2069, 2635, 
331, 2932, 2601, -1632, -1134, 2766, -1224, -1307, 2034, 2986, 2064, 2635, 
331, 2932, 2601, -1632, -1134, 2766, -1224, -1307, 2034, 2986, 2064, 2635, 
336, 2932, 2596, -1634, -1129, 2764, -1224, -1307, 2034, 2986, 2064, 2644, 
336, 2932, 2596, -1634, -1129, 2764, -1229, -1307, 2034, 2986, 2064, 2644, 
336, 2932, 2596, -1634, -1129, 2764, -1229, -1307, 2039, 2986, 2064, 2644, 
336, 2932, 2596, -1634, -1129, 2764, -1229, -1307, 2039, 2986, 2069, 2644, 
326, 2937, 2610, -1632, -1141, 2774, -1229, -1307, 2049, 2976, 2059, 2644, 
326, 2937, 2610, -1632, -1141, 2774, -1229, -1307, 2049, 2981, 2059, 2649, 
326, 2932, 2605, -1629, -1139, 2769, -1229, -1307, 2049, 2981, 2059, 2649, 
326, 2932, 2605, -1629, -1139, 2769, -1229, -1307, 2049, 2981, 2064, 2649, 
331, 2937, 2605, -1634, -1137, 2771, -1224, -1317, 2049, 2991, 2064, 2649, 
331, 2937, 2605, -1634, -1137, 2771, -1224, -1317, 2049, 2991, 2064, 2649, 
331, 2937, 2605, -1634, -1137, 2771, -1224, -1317, 2049, 2991, 2064, 2649, 
331, 2937, 2605, -1634, -1137, 2771, -1224, -1317, 2054, 2991, 2064, 2649, 
322, 2947, 2625, -1634, -1151, 2786, -1224, -1317, 2054, 2991, 2064, 2649, 
322, 2947, 2625, -1634, -1151, 2786, -1224, -1317, 2059, 2991, 2064, 2649, 
326, 2947, 2620, -1637, -1146, 2784, -1229, -1317, 2059, 2991, 2064, 2649, 
326, 2947, 2620, -1637, -1146, 2784, -1229, -1317, 2054, 2991, 2069, 2649, 
326, 2947, 2620, -1637, -1146, 2784, -1229, -1317, 2044, 2991, 2069, 2649, 
326, 2947, 2620, -1637, -1146, 2784, -1229, -1317, 2049, 2991, 2069, 2649, 
326, 2957, 2630, -1642, -1151, 2793, -1229, -1317, 2054, 2991, 2069, 2649, 
326, 2957, 2630, -1642, -1151, 2793, -1229, -1317, 2054, 2996, 2069, 2654, 
326, 2957, 2630, -1642, -1151, 2793, -1229, -1322, 2059, 2986, 2069, 2654, 
326, 2957, 2630, -1642, -1151, 2793, -1229, -1322, 2059, 2986, 2069, 2654, 
326, 2957, 2630, -1642, -1151, 2793, -1234, -1322, 2064, 2991, 2069, 2654, 
326, 2962, 2635, -1644, -1154, 2798, -1234, -1322, 2064, 2996, 2069, 2659, 
326, 2957, 2630, -1642, -1151, 2793, -1234, -1322, 2064, 3006, 2074, 2664, 
326, 2957, 2630, -1642, -1151, 2793, -1234, -1322, 2064, 3006, 2074, 2664, 
326, 2957, 2630, -1642, -1151, 2793, -1234, -1322, 2064, 3006, 2074, 2664, 
326, 2962, 2635, -1644, -1154, 2798, -1234, -1322, 2064, 3006, 2074, 2664, 
326, 2971, 2644, -1649, -1159, 2808, -1244, -1322, 2064, 3006, 2083, 2664, 
331, 2971, 2640, -1651, -1154, 2806, -1244, -1322, 2064, 3010, 2083, 2669, 
331, 2971, 2640, -1651, -1154, 2806, -1244, -1322, 2064, 3010, 2083, 2674, 
331, 2971, 2640, -1651, -1154, 2806, -1244, -1322, 2064, 3010, 2083, 2674, 
341, 2971, 2630, -1656, -1144, 2801, -1244, -1332, 2064, 3001, 2074, 2664, 
341, 2976, 2635, -1659, -1146, 2806, -1244, -1332, 2064, 3001, 2078, 2664, 
341, 2981, 2640, -1661, -1149, 2810, -1249, -1332, 2064, 3006, 2083, 2664, 
341, 2981, 2640, -1661, -1149, 2810, -1249, -1332, 2064, 3006, 2083, 2664, 
341, 2986, 2644, -1664, -1151, 2815, -1249, -1332, 2064, 3015, 2083, 2664, 
346, 2986, 2640, -1666, -1146, 2813, -1254, -1332, 2064, 3010, 2078, 2664, 
346, 2986, 2640, -1666, -1146, 2813, -1254, -1332, 2064, 3010, 2078, 2664, 
346, 2986, 2640, -1666, -1146, 2813, -1254, -1332, 2064, 3010, 2083, 2664, 
346, 2986, 2640, -1666, -1146, 2813, -1244, -1322, 2074, 3015, 2093, 2679, 
346, 2986, 2640, -1666, -1146, 2813, -1244, -1322, 2078, 3015, 2098, 2679, 
346, 2991, 2644, -1668, -1149, 2818, -1249, -1322, 2083, 3015, 2098, 2679, 
346, 2991, 2644, -1668, -1149, 2818, -1249, -1322, 2083, 3015, 2093, 2679, 
336, 2986, 2649, -1661, -1156, 2818, -1244, -1332, 2074, 3015, 2093, 2679, 
341, 2986, 2644, -1664, -1151, 2815, -1244, -1332, 2074, 3015, 2093, 2684, 
341, 2986, 2644, -1664, -1151, 2815, -1244, -1332, 2074, 3020, 2093, 2684, 
341, 2986, 2644, -1664, -1151, 2815, -1244, -1332, 2074, 3020, 2098, 2684, 
341, 2991, 2649, -1666, -1154, 2820, -1254, -1322, 2083, 3020, 2088, 2684, 
346, 2991, 2644, -1668, -1149, 2818, -1259, -1322, 2083, 3020, 2088, 2684, 
346, 2991, 2644, -1668, -1149, 2818, -1259, -1322, 2078, 3020, 2088, 2684, 
346, 2991, 2644, -1668, -1149, 2818, -1259, -1322, 2078, 3020, 2088, 2684, 
356, 3001, 2644, -1678, -1144, 2823, -1259, -1332, 2069, 3020, 2088, 2684, 
356, 3001, 2644, -1678, -1144, 2823, -1259, -1332, 2069, 3020, 2088, 2688, 
351, 3001, 2649, -1676, -1149, 2825, -1259, -1332, 2069, 3020, 2088, 2688, 
351, 3001, 2649, -1676, -1149, 2825, -1259, -1332, 2069, 3015, 2088, 2688, 
361, 3001, 2640, -1681, -1139, 2820, -1254, -1337, 2069, 3015, 2088, 2688, 
361, 3001, 2640, -1681, -1139, 2820, -1254, -1337, 2069, 3015, 2088, 2684, 
361, 2996, 2635, -1678, -1137, 2815, -1254, -1332, 2069, 3020, 2088, 2684, 
361, 2996, 2635, -1678, -1137, 2815, -1254, -1332, 2069, 3020, 2088, 2684, 
351, 2996, 2644, -1673, -1146, 2820, -1263, -1337, 2069, 3020, 2083, 2684, 
356, 2996, 2640, -1676, -1141, 2818, -1263, -1337, 2069, 3020, 2083, 2684, 
356, 2996, 2640, -1676, -1141, 2818, -1259, -1337, 2069, 3020, 2083, 2684, 
356, 2996, 2640, -1676, -1141, 2818, -1259, -1332, 2069, 3020, 2083, 2684, 
356, 3006, 2649, -1681, -1146, 2827, -1268, -1332, 2069, 3020, 2078, 2684, 
356, 3006, 2649, -1681, -1146, 2827, -1268, -1342, 2069, 3020, 2078, 2684, 
356, 3006, 2649, -1681, -1146, 2827, -1268, -1342, 2059, 3020, 2078, 2684, 
356, 3006, 2649, -1681, -1146, 2827, -1268, -1342, 2059, 3020, 2078, 2684, 
356, 3006, 2649, -1681, -1146, 2827, -1259, -1342, 2069, 3020, 2078, 2684, 
356, 3006, 2649, -1681, -1146, 2827, -1259, -1346, 2069, 3015, 2078, 2684, 
356, 3006, 2649, -1681, -1146, 2827, -1263, -1346, 2064, 3015, 2078, 2684, 
356, 3006, 2649, -1681, -1146, 2827, -1263, -1351, 2064, 3020, 2078, 2684, 
356, 3006, 2649, -1681, -1146, 2827, -1263, -1351, 2064, 3020, 2078, 2693, 
356, 3006, 2649, -1681, -1146, 2827, -1263, -1351, 2064, 3020, 2078, 2693, 
356, 3006, 2649, -1681, -1146, 2827, -1263, -1351, 2064, 3020, 2078, 2693, 
356, 3006, 2649, -1681, -1146, 2827, -1268, -1351, 2064, 3020, 2078, 2693, 
356, 2996, 2640, -1676, -1141, 2818, -1268, -1342, 2064, 3010, 2078, 2684, 
356, 2996, 2640, -1676, -1141, 2818, -1268, -1342, 2064, 3006, 2078, 2684, 
356, 2996, 2640, -1676, -1141, 2818, -1263, -1342, 2059, 3006, 2078, 2684, 
356, 2996, 2640, -1676, -1141, 2818, -1263, -1342, 2059, 3006, 2078, 2684, 
351, 3006, 2654, -1678, -1151, 2830, -1268, -1351, 2069, 3015, 2078, 2684, 
351, 3006, 2654, -1678, -1151, 2830, -1268, -1356, 2069, 3020, 2078, 2684, 
351, 3006, 2654, -1678, -1151, 2830, -1268, -1356, 2069, 3020, 2078, 2684, 
351, 3006, 2654, -1678, -1151, 2830, -1263, -1356, 2069, 3020, 2078, 2684, 
351, 3006, 2654, -1678, -1151, 2830, -1263, -1356, 2059, 3020, 2078, 2688, 
351, 3006, 2654, -1678, -1151, 2830, -1263, -1356, 2059, 3015, 2078, 2688, 
351, 3006, 2654, -1678, -1151, 2830, -1263, -1356, 2059, 3015, 2078, 2684, 
351, 3006, 2654, -1678, -1151, 2830, -1263, -1356, 2059, 3015, 2078, 2684, 
351, 3006, 2654, -1678, -1151, 2830, -1263, -1351, 2059, 3020, 2078, 2684, 
351, 3006, 2654, -1678, -1151, 2830, -1263, -1351, 2059, 3020, 2078, 2688, 
351, 3006, 2654, -1678, -1151, 2830, -1263, -1356, 2059, 3025, 2078, 2688, 
351, 3006, 2654, -1678, -1151, 2830, -1263, -1356, 2059, 3025, 2078, 2688, 
351, 3006, 2654, -1678, -1151, 2830, -1263, -1356, 2059, 3015, 2078, 2693, 
351, 3006, 2654, -1678, -1151, 2830, -1263, -1356, 2059, 3015, 2078, 2693, 
356, 3006, 2649, -1681, -1146, 2827, -1263, -1356, 2059, 3015, 2078, 2693, 
356, 3006, 2649, -1681, -1146, 2827, -1263, -1356, 2059, 3015, 2083, 2693, 
356, 3006, 2649, -1681, -1146, 2827, -1273, -1356, 2059, 3015, 2083, 2703, 
351, 3006, 2654, -1678, -1151, 2830, -1273, -1356, 2059, 3015, 2078, 2703, 
351, 3006, 2654, -1678, -1151, 2830, -1273, -1361, 2059, 3015, 2078, 2703, 
356, 3006, 2649, -1681, -1146, 2827, -1273, -1361, 2059, 3015, 2078, 2703, 
356, 3006, 2649, -1681, -1146, 2827, -1273, -1361, 2059, 3025, 2078, 2693, 
356, 3006, 2649, -1681, -1146, 2827, -1273, -1361, 2064, 3025, 2083, 2698, 
356, 3006, 2649, -1681, -1146, 2827, -1273, -1361, 2064, 3025, 2083, 2698, 
356, 3010, 2654, -1683, -1149, 2832, -1268, -1361, 2064, 3025, 2088, 2703, 
351, 3010, 2659, -1681, -1154, 2835, -1268, -1361, 2064, 3020, 2088, 2703, 
351, 3010, 2659, -1681, -1154, 2835, -1268, -1366, 2064, 3025, 2088, 2703, 
356, 3010, 2654, -1683, -1149, 2832, -1273, -1366, 2064, 3025, 2088, 2703, 
356, 3010, 2654, -1683, -1149, 2832, -1273, -1366, 2064, 3025, 2083, 2703, 
356, 3006, 2649, -1681, -1146, 2827, -1273, -1361, 2054, 3035, 2074, 2703, 
351, 3010, 2659, -1681, -1154, 2835, -1278, -1361, 2054, 3035, 2078, 2703, 
351, 3015, 2664, -1683, -1156, 2840, -1278, -1366, 2054, 3035, 2083, 2703, 
351, 3020, 2669, -1686, -1159, 2845, -1278, -1366, 2054, 3035, 2083, 2703, 
351, 3015, 2664, -1683, -1156, 2840, -1278, -1366, 2059, 3025, 2083, 2708, 
351, 3015, 2664, -1683, -1156, 2840, -1278, -1366, 2059, 3025, 2083, 2708, 
351, 3015, 2664, -1683, -1156, 2840, -1283, -1366, 2059, 3030, 2083, 2708, 
361, 3015, 2654, -1688, -1146, 2835, -1283, -1366, 2059, 3035, 2088, 2713, 
361, 3015, 2654, -1688, -1146, 2835, -1273, -1376, 2049, 3025, 2078, 2703, 
356, 3015, 2659, -1686, -1151, 2837, -1273, -1376, 2054, 3025, 2078, 2703, 
356, 3015, 2659, -1686, -1151, 2837, -1273, -1376, 2054, 3030, 2078, 2708, 
356, 3015, 2659, -1686, -1151, 2837, -1273, -1376, 2054, 3030, 2083, 2708, 
351, 3015, 2664, -1683, -1156, 2840, -1273, -1371, 2064, 3030, 2083, 2718, 
351, 3015, 2664, -1683, -1156, 2840, -1278, -1371, 2064, 3035, 2083, 2718, 
351, 3015, 2664, -1683, -1156, 2840, -1278, -1371, 2064, 3035, 2083, 2718, 
351, 3015, 2664, -1683, -1156, 2840, -1273, -1376, 2064, 3030, 2088, 2718, 
351, 3015, 2664, -1683, -1156, 2840, -1263, -1376, 2054, 3030, 2088, 2718, 
356, 3015, 2659, -1686, -1151, 2837, -1273, -1376, 2054, 3030, 2088, 2718, 
356, 3015, 2659, -1686, -1151, 2837, -1273, -1376, 2054, 3030, 2088, 2723, 
351, 3015, 2664, -1683, -1156, 2840, -1273, -1376, 2054, 3030, 2088, 2723, 
351, 3015, 2664, -1683, -1156, 2840, -1273, -1376, 2054, 3035, 2078, 2723, 
356, 3015, 2659, -1686, -1151, 2837, -1273, -1381, 2049, 3035, 2078, 2723, 
356, 3010, 2654, -1683, -1149, 2832, -1273, -1381, 2049, 3035, 2078, 2723, 
356, 3010, 2654, -1683, -1149, 2832, -1273, -1381, 2049, 3030, 2078, 2723, 
356, 3020, 2664, -1688, -1154, 2842, -1283, -1381, 2044, 3030, 2088, 2723, 
351, 3020, 2669, -1686, -1159, 2845, -1283, -1381, 2044, 3030, 2088, 2723, 
351, 3020, 2669, -1686, -1159, 2845, -1283, -1381, 2044, 3035, 2088, 2727, 
351, 3020, 2669, -1686, -1159, 2845, -1283, -1381, 2049, 3040, 2088, 2727, 
351, 3015, 2664, -1683, -1156, 2840, -1283, -1371, 2059, 3045, 2088, 2723, 
351, 3020, 2669, -1686, -1159, 2845, -1283, -1371, 2059, 3045, 2088, 2723, 
351, 3025, 2674, -1688, -1161, 2849, -1283, -1371, 2059, 3045, 2088, 2723, 
351, 3030, 2679, -1690, -1163, 2854, -1283, -1371, 2059, 3045, 2088, 2723, 
361, 3035, 2674, -1698, -1156, 2854, -1278, -1371, 2059, 3054, 2098, 2732, 
356, 3040, 2684, -1698, -1163, 2862, -1278, -1381, 2064, 3054, 2098, 2737, 
356, 3040, 2684, -1698, -1163, 2862, -1278, -1381, 2059, 3054, 2098, 2742, 
361, 3054, 2693, -1708, -1166, 2874, -1288, -1376, 2069, 3064, 2108, 2752, 
370, 3064, 2693, -1717, -1161, 2879, -1298, -1385, 2069, 3074, 2108, 2752, 
370, 3064, 2693, -1717, -1161, 2879, -1298, -1385, 2069, 3074, 2108, 2752, 
370, 3064, 2693, -1717, -1161, 2879, -1298, -1385, 2069, 3074, 2108, 2752, 
370, 3064, 2693, -1717, -1161, 2879, -1298, -1385, 2069, 3074, 2108, 2752, 
380, 3074, 2693, -1727, -1156, 2884, -1307, -1390, 2074, 3079, 2117, 2762, 
380, 3079, 2698, -1729, -1159, 2888, -1307, -1390, 2078, 3084, 2117, 2762, 
380, 3084, 2703, -1732, -1161, 2893, -1307, -1390, 2083, 3089, 2122, 2762, 
380, 3089, 2708, -1734, -1163, 2898, -1307, -1390, 2088, 3093, 2127, 2766, 
390, 3103, 2713, -1747, -1161, 2908, -1312, -1390, 2093, 3093, 2132, 2776, 
395, 3108, 2713, -1751, -1159, 2910, -1317, -1390, 2098, 3098, 2137, 2776, 
400, 3113, 2713, -1756, -1156, 2913, -1322, -1390, 2098, 3103, 2142, 2776, 
400, 3113, 2713, -1756, -1156, 2913, -1327, -1390, 2098, 3108, 2142, 2776, 
400, 3108, 2708, -1754, -1154, 2908, -1332, -1390, 2098, 3108, 2142, 2781, 
400, 3108, 2708, -1754, -1154, 2908, -1337, -1390, 2093, 3108, 2142, 2781, 
400, 3108, 2708, -1754, -1154, 2908, -1337, -1390, 2093, 3108, 2142, 2781, 
405, 3113, 2708, -1759, -1151, 2910, -1337, -1390, 2093, 3108, 2142, 2781, 
414, 3113, 2698, -1764, -1141, 2906, -1342, -1395, 2078, 3108, 2142, 2771, 
414, 3113, 2698, -1764, -1141, 2906, -1351, -1405, 2078, 3103, 2142, 2776, 
414, 3108, 2693, -1761, -1139, 2901, -1356, -1410, 2069, 3098, 2142, 2776, 
414, 3108, 2693, -1761, -1139, 2901, -1356, -1410, 2059, 3098, 2137, 2766, 
414, 3093, 2679, -1754, -1132, 2886, -1351, -1410, 2044, 3079, 2127, 2776, 
405, 3093, 2688, -1749, -1141, 2891, -1346, -1410, 2034, 3074, 2117, 2776, 
405, 3084, 2679, -1744, -1137, 2881, -1342, -1415, 2030, 3074, 2117, 2776, 
405, 3093, 2688, -1749, -1141, 2891, -1342, -1420, 2030, 3074, 2117, 2776, 
405, 3093, 2688, -1749, -1141, 2891, -1342, -1420, 2034, 3064, 2113, 2766, 
400, 3089, 2688, -1744, -1144, 2888, -1342, -1420, 2030, 3064, 2108, 2766, 
400, 3079, 2679, -1739, -1139, 2879, -1342, -1420, 2030, 3064, 2108, 2766, 
400, 3079, 2679, -1739, -1139, 2879, -1342, -1420, 2034, 3064, 2108, 2766, 
400, 3079, 2679, -1739, -1139, 2879, -1342, -1415, 2025, 3074, 2108, 2776, 
400, 3079, 2679, -1739, -1139, 2879, -1337, -1415, 2025, 3069, 2113, 2776, 
400, 3084, 2684, -1742, -1141, 2884, -1337, -1410, 2020, 3069, 2113, 2776, 
400, 3084, 2684, -1742, -1141, 2884, -1337, -1410, 2020, 3069, 2113, 2776, 
400, 3084, 2684, -1742, -1141, 2884, -1332, -1420, 2020, 3069, 2108, 2766, 
400, 3074, 2674, -1737, -1137, 2874, -1327, -1420, 2020, 3069, 2108, 2766, 
400, 3074, 2674, -1737, -1137, 2874, -1327, -1420, 2020, 3069, 2103, 2766, 
395, 3074, 2679, -1734, -1141, 2876, -1327, -1420, 2015, 3069, 2103, 2766, 
400, 3084, 2684, -1742, -1141, 2884, -1332, -1410, 2025, 3069, 2103, 2776, 
390, 3074, 2684, -1732, -1146, 2879, -1322, -1410, 2025, 3069, 2103, 2771, 
390, 3069, 2679, -1729, -1144, 2874, -1322, -1410, 2015, 3059, 2098, 2762, 
385, 3054, 2669, -1720, -1141, 2862, -1317, -1405, 2015, 3054, 2088, 2757, 
375, 3030, 2654, -1703, -1139, 2842, -1302, -1405, 2000, 3050, 2078, 2752, 
356, 3020, 2664, -1688, -1154, 2842, -1293, -1405, 2000, 3050, 2074, 2742, 
351, 3020, 2669, -1686, -1159, 2845, -1293, -1405, 2000, 3050, 2074, 2742, 
346, 3025, 2679, -1686, -1166, 2852, -1293, -1405, 2000, 3050, 2074, 2742, 
351, 3035, 2684, -1693, -1166, 2859, -1293, -1415, 2005, 3054, 2083, 2747, 
351, 3035, 2684, -1693, -1166, 2859, -1288, -1415, 2005, 3054, 2083, 2747, 
351, 3035, 2684, -1693, -1166, 2859, -1288, -1415, 2005, 3054, 2083, 2747, 
351, 3025, 2674, -1688, -1161, 2849, -1288, -1420, 2000, 3054, 2083, 2747, 
356, 3035, 2679, -1695, -1161, 2857, -1288, -1410, 2000, 3054, 2074, 2757, 
356, 3035, 2679, -1695, -1161, 2857, -1288, -1405, 2000, 3050, 2074, 2752, 
356, 3035, 2679, -1695, -1161, 2857, -1288, -1405, 2000, 3045, 2064, 2752, 
356, 3035, 2679, -1695, -1161, 2857, -1288, -1405, 2000, 3045, 2064, 2747, 
366, 3025, 2659, -1695, -1146, 2842, -1288, -1415, 1991, 3050, 2064, 2747, 
366, 3025, 2659, -1695, -1146, 2842, -1288, -1415, 1991, 3050, 2064, 2747, 
366, 3020, 2654, -1693, -1144, 2837, -1288, -1410, 1991, 3045, 2064, 2747, 
366, 3020, 2654, -1693, -1144, 2837, -1283, -1410, 1991, 3045, 2064, 2752, 
366, 3020, 2654, -1693, -1144, 2837, -1293, -1410, 1986, 3045, 2074, 2742, 
366, 3020, 2654, -1693, -1144, 2837, -1293, -1410, 1986, 3050, 2074, 2742, 
366, 3025, 2659, -1695, -1146, 2842, -1298, -1410, 1991, 3050, 2074, 2742, 
366, 3025, 2659, -1695, -1146, 2842, -1298, -1410, 1991, 3050, 2074, 2747, 
356, 3025, 2669, -1690, -1156, 2847, -1298, -1400, 1991, 3040, 2074, 2757, 
356, 3030, 2674, -1693, -1159, 2852, -1293, -1400, 1995, 3045, 2074, 2757, 
356, 3030, 2674, -1693, -1159, 2852, -1293, -1400, 1995, 3045, 2078, 2757, 
356, 3030, 2674, -1693, -1159, 2852, -1293, -1400, 1995, 3045, 2078, 2757, 
356, 3030, 2674, -1693, -1159, 2852, -1283, -1400, 1995, 3045, 2074, 2757, 
356, 3030, 2674, -1693, -1159, 2852, -1288, -1400, 1995, 3045, 2074, 2757, 
356, 3030, 2674, -1693, -1159, 2852, -1288, -1400, 1995, 3045, 2074, 2757, 
356, 3030, 2674, -1693, -1159, 2852, -1288, -1400, 1995, 3045, 2074, 2757, 
356, 3030, 2674, -1693, -1159, 2852, -1288, -1410, 1986, 3045, 2078, 2757, 
356, 3030, 2674, -1693, -1159, 2852, -1283, -1410, 1986, 3045, 2078, 2757, 
356, 3030, 2674, -1693, -1159, 2852, -1283, -1410, 1986, 3045, 2078, 2757, 
356, 3030, 2674, -1693, -1159, 2852, -1283, -1410, 1986, 3045, 2074, 2757, 
356, 3030, 2674, -1693, -1159, 2852, -1293, -1410, 1995, 3054, 2074, 2757, 
356, 3030, 2674, -1693, -1159, 2852, -1293, -1410, 1995, 3054, 2074, 2757, 
356, 3030, 2674, -1693, -1159, 2852, -1293, -1410, 1995, 3054, 2078, 2757, 
356, 3030, 2674, -1693, -1159, 2852, -1293, -1410, 1995, 3054, 2078, 2757, 
366, 3030, 2664, -1698, -1149, 2847, -1293, -1410, 1995, 3059, 2078, 2757, 
366, 3030, 2664, -1698, -1149, 2847, -1293, -1410, 1995, 3059, 2078, 2762, 
366, 3035, 2669, -1700, -1151, 2852, -1293, -1410, 2000, 3059, 2078, 2762, 
366, 3035, 2669, -1700, -1151, 2852, -1298, -1415, 2000, 3059, 2078, 2762, 
366, 3045, 2679, -1705, -1156, 2862, -1298, -1415, 2000, 3059, 2078, 2762, 
366, 3045, 2679, -1705, -1156, 2862, -1293, -1415, 2000, 3059, 2078, 2762, 
366, 3045, 2679, -1705, -1156, 2862, -1293, -1410, 2000, 3059, 2078, 2762, 
370, 3040, 2669, -1705, -1149, 2854, -1293, -1410, 1995, 3059, 2078, 2762, 
370, 3040, 2669, -1705, -1149, 2854, -1293, -1410, 1995, 3064, 2078, 2771, 
375, 3045, 2669, -1710, -1146, 2857, -1293, -1395, 1995, 3064, 2074, 2757, 
380, 3035, 2654, -1708, -1137, 2845, -1288, -1385, 1995, 3059, 2069, 2757, 
390, 3025, 2635, -1708, -1122, 2830, -1283, -1366, 1986, 3050, 2069, 2747, 
395, 3030, 2635, -1712, -1119, 2832, -1283, -1351, 1995, 3054, 2064, 2747, 
409, 3030, 2620, -1720, -1105, 2825, -1263, -1302, 2015, 3069, 2078, 2747, 
414, 3054, 2640, -1734, -1112, 2847, -1229, -1224, 2083, 3108, 2098, 2752, 
434, 3093, 2659, -1764, -1112, 2876, -1205, -1146, 2152, 3176, 2152, 2776, 
488, 3157, 2669, -1822, -1090, 2913, -1205, -1083, 2205, 3235, 2225, 2806, 
566, 3215, 2649, -1891, -1041, 2932, -1210, -1000, 2259, 3308, 2298, 2835, 
653, 3294, 2640, -1973, -993, 2967, -1220, -897, 2337, 3411, 2410, 2879, 
736, 3396, 2659, -2066, -961, 3028, -1229, -814, 2440, 3523, 2518, 2928, 
785, 3508, 2723, -2147, -968, 3115, -1268, -805, 2508, 3630, 2640, 2991, 
839, 3630, 2791, -2235, -976, 3211, -1337, -844, 2532, 3718, 2742, 3069, 
888, 3762, 2874, -2325, -993, 3318, -1415, -912, 2527, 3786, 2845, 3176, 
917, 3874, 2957, -2396, -1019, 3416, -1478, -1010, 2488, 3806, 2918, 3274, 
912, 3928, 3015, -2420, -1051, 3472, -1512, -1122, 2396, 3747, 2898, 3323, 
873, 3918, 3045, -2396, -1085, 3481, -1551, -1283, 2259, 3620, 2806, 3347, 
790, 3904, 3113, -2347, -1161, 3508, -1620, -1493, 2137, 3518, 2718, 3357, 
668, 3855, 3186, -2261, -1259, 3520, -1683, -1742, 2000, 3411, 2625, 3357, 
517, 3752, 3235, -2135, -1359, 3494, -1756, -2020, 1820, 3250, 2483, 3337, 
409, 3650, 3240, -2030, -1415, 3445, -1830, -2269, 1620, 3093, 2337, 3294, 
351, 3538, 3186, -1944, -1417, 3362, -1854, -2391, 1468, 2962, 2205, 3245, 
307, 3430, 3123, -1869, -1407, 3276, -1825, -2381, 1405, 2874, 2108, 3176, 
278, 3357, 3079, -1817, -1400, 3218, -1776, -2308, 1434, 2854, 2049, 3123, 
278, 3318, 3040, -1798, -1381, 3179, -1717, -2215, 1493, 2874, 2039, 3079, 
283, 3289, 3006, -1786, -1361, 3147, -1668, -2108, 1556, 2884, 2034, 3059, 
287, 3250, 2962, -1769, -1337, 3106, -1615, -1986, 1620, 2903, 2034, 3010, 
297, 3206, 2908, -1751, -1305, 3057, -1556, -1883, 1678, 2928, 2025, 2971, 
317, 3186, 2869, -1751, -1276, 3028, -1527, -1800, 1737, 2952, 2039, 2932, 
322, 3181, 2859, -1751, -1268, 3020, -1488, -1727, 1805, 2986, 2049, 2908, 
341, 3147, 2806, -1744, -1232, 2976, -1444, -1664, 1854, 3006, 2049, 2879, 
341, 3113, 2771, -1727, -1215, 2942, -1420, -1610, 1878, 3015, 2039, 2849, 
346, 3093, 2747, -1720, -1200, 2920, -1390, -1566, 1893, 3030, 2044, 2835, 
351, 3084, 2732, -1717, -1190, 2908, -1361, -1517, 1917, 3030, 2049, 2825, 
366, 3084, 2718, -1725, -1176, 2901, -1337, -1483, 1932, 3045, 2059, 2815, 
356, 3069, 2713, -1712, -1178, 2891, -1317, -1449, 1942, 3050, 2054, 2801, 
356, 3059, 2703, -1708, -1173, 2881, -1312, -1439, 1952, 3040, 2044, 2796, 
366, 3050, 2684, -1708, -1159, 2867, -1307, -1439, 1961, 3040, 2049, 2791, 
366, 3050, 2684, -1708, -1159, 2867, -1307, -1429, 1976, 3054, 2054, 2791, 
366, 3054, 2688, -1710, -1161, 2871, -1307, -1424, 1995, 3074, 2064, 2796, 
370, 3054, 2684, -1712, -1156, 2869, -1298, -1424, 2010, 3074, 2064, 2796, 
370, 3054, 2684, -1712, -1156, 2869, -1293, -1420, 2010, 3079, 2064, 2791, 
370, 3054, 2684, -1712, -1156, 2869, -1288, -1420, 2010, 3079, 2064, 2786, 
356, 3059, 2703, -1708, -1173, 2881, -1288, -1405, 2000, 3079, 2064, 2796, 
356, 3059, 2703, -1708, -1173, 2881, -1288, -1405, 1995, 3074, 2064, 2796, 
361, 3054, 2693, -1708, -1166, 2874, -1288, -1405, 1995, 3074, 2059, 2791, 
366, 3054, 2688, -1710, -1161, 2871, -1283, -1400, 2000, 3074, 2059, 2791, 
366, 3054, 2688, -1710, -1161, 2871, -1283, -1395, 2005, 3069, 2059, 2781, 
366, 3054, 2688, -1710, -1161, 2871, -1283, -1395, 2005, 3069, 2059, 2781, 
370, 3054, 2684, -1712, -1156, 2869, -1283, -1390, 2010, 3069, 2059, 2781, 
370, 3059, 2688, -1715, -1159, 2874, -1283, -1385, 2015, 3074, 2064, 2786, 
370, 3050, 2679, -1710, -1154, 2864, -1283, -1385, 2005, 3074, 2064, 2786, 
370, 3050, 2679, -1710, -1154, 2864, -1288, -1385, 2005, 3074, 2064, 2786, 
370, 3050, 2679, -1710, -1154, 2864, -1288, -1385, 2005, 3074, 2064, 2786, 
370, 3050, 2679, -1710, -1154, 2864, -1288, -1385, 2010, 3074, 2064, 2786, 
380, 3050, 2669, -1715, -1144, 2859, -1288, -1390, 2015, 3074, 2064, 2786, 
380, 3050, 2669, -1715, -1144, 2859, -1288, -1390, 2015, 3074, 2064, 2786, 
380, 3050, 2669, -1715, -1144, 2859, -1288, -1390, 2015, 3074, 2064, 2786, 
380, 3050, 2669, -1715, -1144, 2859, -1288, -1390, 2015, 3079, 2064, 2786, 
380, 3059, 2679, -1720, -1149, 2869, -1288, -1381, 2020, 3079, 2064, 2796, 
385, 3059, 2674, -1722, -1144, 2867, -1288, -1381, 2020, 3079, 2069, 2796, 
385, 3059, 2674, -1722, -1144, 2867, -1288, -1381, 2020, 3084, 2074, 2801, 
385, 3059, 2674, -1722, -1144, 2867, -1288, -1381, 2020, 3084, 2074, 2801, 
385, 3064, 2679, -1725, -1146, 2871, -1293, -1381, 2020, 3084, 2064, 2801, 
385, 3064, 2679, -1725, -1146, 2871, -1293, -1381, 2020, 3084, 2069, 2801, 
385, 3064, 2679, -1725, -1146, 2871, -1293, -1376, 2020, 3084, 2069, 2801, 
390, 3074, 2684, -1732, -1146, 2879, -1293, -1376, 2020, 3089, 2069, 2801, 
390, 3074, 2684, -1732, -1146, 2879, -1293, -1385, 2025, 3089, 2064, 2801, 
390, 3074, 2684, -1732, -1146, 2879, -1293, -1385, 2025, 3089, 2064, 2801, 
390, 3074, 2684, -1732, -1146, 2879, -1293, -1385, 2025, 3084, 2064, 2801, 
390, 3074, 2684, -1732, -1146, 2879, -1293, -1385, 2025, 3084, 2064, 2801, 
400, 3079, 2679, -1739, -1139, 2879, -1293, -1385, 2034, 3089, 2074, 2801, 
400, 3079, 2679, -1739, -1139, 2879, -1293, -1385, 2034, 3093, 2074, 2806, 
400, 3079, 2679, -1739, -1139, 2879, -1293, -1385, 2034, 3093, 2074, 2806, 
400, 3084, 2684, -1742, -1141, 2884, -1293, -1385, 2034, 3093, 2069, 2806, 
390, 3084, 2693, -1737, -1151, 2888, -1293, -1381, 2039, 3093, 2069, 2815, 
390, 3079, 2688, -1734, -1149, 2884, -1293, -1381, 2039, 3093, 2069, 2815, 
390, 3079, 2688, -1734, -1149, 2884, -1293, -1381, 2039, 3093, 2069, 2815, 
395, 3084, 2688, -1739, -1146, 2886, -1293, -1381, 2044, 3093, 2069, 2815, 
395, 3093, 2698, -1744, -1151, 2896, -1302, -1381, 2034, 3093, 2069, 2815, 
395, 3093, 2698, -1744, -1151, 2896, -1302, -1381, 2034, 3093, 2069, 2815, 
395, 3093, 2698, -1744, -1151, 2896, -1302, -1381, 2034, 3093, 2074, 2815, 
395, 3093, 2698, -1744, -1151, 2896, -1302, -1381, 2034, 3098, 2074, 2815, 
395, 3084, 2688, -1739, -1146, 2886, -1302, -1381, 2034, 3098, 2074, 2815, 
395, 3084, 2688, -1739, -1146, 2886, -1302, -1381, 2034, 3093, 2069, 2815, 
400, 3093, 2693, -1747, -1146, 2893, -1302, -1381, 2039, 3093, 2069, 2820, 
400, 3093, 2693, -1747, -1146, 2893, -1302, -1381, 2044, 3098, 2069, 2825, 
400, 3093, 2693, -1747, -1146, 2893, -1302, -1381, 2044, 3098, 2069, 2825, 
400, 3093, 2693, -1747, -1146, 2893, -1302, -1376, 2044, 3098, 2074, 2825, 
400, 3093, 2693, -1747, -1146, 2893, -1302, -1376, 2049, 3103, 2074, 2825, 
400, 3098, 2698, -1749, -1149, 2898, -1302, -1371, 2049, 3103, 2074, 2825, 
409, 3098, 2688, -1754, -1139, 2893, -1302, -1371, 2049, 3103, 2074, 2825, 
409, 3098, 2688, -1754, -1139, 2893, -1302, -1371, 2049, 3103, 2074, 2825, 
409, 3098, 2688, -1754, -1139, 2893, -1302, -1371, 2049, 3103, 2074, 2825, 
409, 3098, 2688, -1754, -1139, 2893, -1302, -1376, 2049, 3103, 2074, 2825, 
400, 3098, 2698, -1749, -1149, 2898, -1302, -1376, 2049, 3103, 2074, 2835, 
400, 3103, 2703, -1751, -1151, 2903, -1302, -1376, 2054, 3103, 2083, 2835, 
405, 3108, 2703, -1756, -1149, 2906, -1307, -1366, 2054, 3103, 2083, 2840, 
409, 3108, 2698, -1759, -1144, 2903, -1307, -1366, 2054, 3103, 2083, 2840, 
409, 3118, 2708, -1764, -1149, 2913, -1307, -1376, 2059, 3108, 2074, 2845, 
409, 3118, 2708, -1764, -1149, 2913, -1307, -1376, 2059, 3113, 2078, 2845, 
409, 3118, 2708, -1764, -1149, 2913, -1307, -1376, 2059, 3113, 2078, 2845, 
409, 3123, 2713, -1766, -1151, 2918, -1307, -1371, 2059, 3113, 2078, 2845, 
409, 3123, 2713, -1766, -1151, 2918, -1307, -1361, 2064, 3118, 2078, 2845, 
409, 3128, 2718, -1769, -1154, 2923, -1312, -1366, 2064, 3118, 2083, 2845, 
414, 3137, 2723, -1776, -1154, 2930, -1317, -1371, 2054, 3118, 2088, 2849, 
414, 3142, 2727, -1778, -1156, 2935, -1317, -1371, 2054, 3118, 2088, 2854, 
414, 3142, 2727, -1778, -1156, 2935, -1317, -1371, 2059, 3118, 2083, 2849, 
419, 3147, 2727, -1783, -1154, 2937, -1317, -1371, 2069, 3118, 2083, 2849, 
419, 3152, 2732, -1786, -1156, 2942, -1317, -1371, 2074, 3118, 2088, 2849, 
419, 3152, 2732, -1786, -1156, 2942, -1327, -1371, 2083, 3128, 2088, 2859, 
424, 3157, 2732, -1790, -1154, 2945, -1327, -1371, 2074, 3132, 2093, 2859, 
424, 3162, 2737, -1793, -1156, 2949, -1332, -1371, 2074, 3137, 2093, 2859, 
424, 3167, 2742, -1795, -1159, 2954, -1332, -1376, 2074, 3137, 2098, 2864, 
429, 3176, 2747, -1803, -1159, 2962, -1337, -1376, 2074, 3137, 2098, 2864, 
429, 3172, 2742, -1800, -1156, 2957, -1342, -1366, 2078, 3147, 2103, 2879, 
434, 3176, 2742, -1805, -1154, 2959, -1346, -1366, 2078, 3147, 2108, 2884, 
434, 3181, 2747, -1808, -1156, 2964, -1346, -1366, 2078, 3147, 2113, 2888, 
434, 3186, 2752, -1810, -1159, 2969, -1351, -1366, 2083, 3157, 2113, 2888, 
448, 3206, 2757, -1827, -1154, 2981, -1356, -1376, 2098, 3147, 2103, 2888, 
448, 3211, 2762, -1830, -1156, 2986, -1356, -1376, 2098, 3152, 2113, 2893, 
458, 3215, 2757, -1837, -1149, 2986, -1361, -1376, 2098, 3152, 2113, 2898, 
458, 3220, 2762, -1839, -1151, 2991, -1366, -1381, 2093, 3152, 2117, 2903, 
448, 3230, 2781, -1839, -1166, 3006, -1371, -1390, 2093, 3157, 2122, 2918, 
453, 3240, 2786, -1847, -1166, 3013, -1376, -1395, 2098, 3172, 2122, 2923, 
463, 3254, 2791, -1859, -1163, 3023, -1381, -1400, 2098, 3181, 2127, 2928, 
463, 3254, 2791, -1859, -1163, 3023, -1385, -1400, 2098, 3186, 2132, 2928, 
463, 3259, 2796, -1861, -1166, 3028, -1390, -1395, 2098, 3186, 2137, 2923, 
463, 3264, 2801, -1864, -1168, 3032, -1390, -1400, 2098, 3191, 2142, 2928, 
468, 3274, 2806, -1871, -1168, 3040, -1395, -1405, 2103, 3186, 2147, 2932, 
468, 3279, 2810, -1873, -1171, 3045, -1400, -1405, 2103, 3181, 2147, 2937, 
478, 3294, 2815, -1886, -1168, 3054, -1405, -1410, 2113, 3191, 2152, 2952, 
483, 3298, 2815, -1891, -1166, 3057, -1410, -1415, 2108, 3191, 2152, 2952, 
483, 3303, 2820, -1893, -1168, 3062, -1415, -1420, 2108, 3191, 2152, 2957, 
483, 3313, 2830, -1898, -1173, 3071, -1420, -1424, 2108, 3196, 2152, 2962, 
488, 3313, 2825, -1900, -1168, 3069, -1424, -1424, 2108, 3196, 2166, 2967, 
488, 3318, 2830, -1903, -1171, 3074, -1429, -1429, 2108, 3196, 2166, 2971, 
488, 3318, 2830, -1903, -1171, 3074, -1434, -1434, 2108, 3201, 2171, 2971, 
488, 3323, 2835, -1905, -1173, 3079, -1434, -1439, 2108, 3201, 2171, 2971, 
492, 3318, 2825, -1905, -1166, 3071, -1439, -1444, 2108, 3201, 2171, 2971, 
492, 3323, 2830, -1908, -1168, 3076, -1439, -1444, 2108, 3206, 2171, 2981, 
488, 3323, 2835, -1905, -1173, 3079, -1439, -1449, 2108, 3206, 2171, 2981, 
488, 3323, 2835, -1905, -1173, 3079, -1439, -1454, 2103, 3196, 2171, 2981, 
488, 3333, 2845, -1910, -1178, 3089, -1444, -1454, 2103, 3206, 2181, 2981, 
488, 3333, 2845, -1910, -1178, 3089, -1444, -1459, 2103, 3206, 2181, 2981, 
488, 3333, 2845, -1910, -1178, 3089, -1444, -1459, 2103, 3206, 2181, 2981, 
488, 3333, 2845, -1910, -1178, 3089, -1444, -1464, 2103, 3206, 2181, 2981, 
488, 3323, 2835, -1905, -1173, 3079, -1444, -1468, 2103, 3196, 2171, 2986, 
483, 3323, 2840, -1903, -1178, 3081, -1449, -1468, 2103, 3196, 2171, 2986, 
483, 3323, 2840, -1903, -1178, 3081, -1449, -1468, 2103, 3196, 2171, 2986, 
483, 3323, 2840, -1903, -1178, 3081, -1449, -1468, 2108, 3201, 2171, 2986, 
483, 3323, 2840, -1903, -1178, 3081, -1454, -1473, 2108, 3201, 2166, 2986, 
483, 3318, 2835, -1900, -1176, 3076, -1454, -1473, 2108, 3201, 2166, 2981, 
483, 3318, 2835, -1900, -1176, 3076, -1454, -1473, 2108, 3201, 2166, 2976, 
483, 3313, 2830, -1898, -1173, 3071, -1454, -1473, 2108, 3201, 2166, 2976, 
478, 3323, 2845, -1900, -1183, 3084, -1454, -1483, 2122, 3211, 2176, 2976, 
478, 3318, 2840, -1898, -1180, 3079, -1449, -1478, 2122, 3211, 2176, 2976, 
473, 3313, 2840, -1893, -1183, 3076, -1449, -1478, 2122, 3211, 2171, 2976, 
473, 3308, 2835, -1891, -1180, 3071, -1444, -1478, 2127, 3215, 2171, 2976, 
473, 3313, 2840, -1893, -1183, 3076, -1434, -1468, 2117, 3206, 2171, 2981, 
473, 3303, 2830, -1888, -1178, 3067, -1434, -1468, 2117, 3206, 2171, 2981, 
468, 3303, 2835, -1886, -1183, 3069, -1429, -1468, 2117, 3206, 2166, 2981, 
468, 3303, 2835, -1886, -1183, 3069, -1424, -1468, 2127, 3206, 2166, 2976, 
463, 3294, 2830, -1878, -1183, 3062, -1434, -1478, 2132, 3206, 2166, 2971, 
458, 3289, 2830, -1873, -1185, 3059, -1429, -1473, 2132, 3206, 2166, 2971, 
458, 3284, 2825, -1871, -1183, 3054, -1424, -1473, 2132, 3206, 2166, 2967, 
458, 3279, 2820, -1869, -1180, 3050, -1420, -1473, 2132, 3206, 2161, 2967, 
448, 3274, 2825, -1861, -1188, 3050, -1415, -1473, 2142, 3201, 2156, 2957, 
448, 3269, 2820, -1859, -1185, 3045, -1415, -1473, 2142, 3201, 2156, 2947, 
444, 3269, 2825, -1856, -1190, 3047, -1415, -1473, 2142, 3201, 2156, 2942, 
444, 3269, 2825, -1856, -1190, 3047, -1410, -1473, 2142, 3201, 2156, 2942, 
444, 3259, 2815, -1851, -1185, 3037, -1405, -1473, 2152, 3201, 2152, 2942, 
439, 3254, 2815, -1847, -1188, 3035, -1405, -1473, 2152, 3201, 2147, 2942, 
439, 3250, 2810, -1844, -1185, 3030, -1405, -1473, 2147, 3201, 2147, 2942, 
439, 3245, 2806, -1842, -1183, 3025, -1400, -1473, 2147, 3201, 2147, 2942, 
434, 3240, 2806, -1837, -1185, 3023, -1395, -1473, 2147, 3196, 2147, 2932, 
434, 3235, 2801, -1834, -1183, 3018, -1395, -1473, 2147, 3191, 2142, 2932, 
434, 3230, 2796, -1832, -1180, 3013, -1395, -1473, 2147, 3186, 2142, 2932, 
429, 3230, 2801, -1830, -1185, 3015, -1390, -1473, 2147, 3186, 2142, 2928, 
429, 3225, 2796, -1827, -1183, 3010, -1390, -1473, 2147, 3186, 2132, 2928, 
429, 3225, 2796, -1827, -1183, 3010, -1385, -1473, 2142, 3186, 2127, 2928, 
429, 3225, 2796, -1827, -1183, 3010, -1385, -1473, 2142, 3186, 2127, 2928, 
424, 3225, 2801, -1825, -1188, 3013, -1385, -1473, 2142, 3181, 2127, 2928, 
424, 3225, 2801, -1825, -1188, 3013, -1385, -1473, 2142, 3176, 2132, 2928, 
424, 3225, 2801, -1825, -1188, 3013, -1385, -1473, 2142, 3176, 2132, 2923, 
419, 3220, 2801, -1820, -1190, 3010, -1385, -1473, 2142, 3176, 2127, 2923, 
419, 3220, 2801, -1820, -1190, 3010, -1385, -1473, 2142, 3176, 2127, 2923, 
419, 3220, 2801, -1820, -1190, 3010, -1381, -1478, 2142, 3186, 2117, 2923, 
419, 3215, 2796, -1817, -1188, 3006, -1381, -1478, 2142, 3186, 2117, 2923, 
419, 3211, 2791, -1815, -1185, 3001, -1381, -1478, 2142, 3186, 2117, 2923, 
419, 3211, 2791, -1815, -1185, 3001, -1381, -1478, 2142, 3186, 2113, 2923, 
405, 3220, 2815, -1812, -1205, 3018, -1381, -1478, 2142, 3172, 2113, 2918, 
405, 3215, 2810, -1810, -1202, 3013, -1381, -1478, 2142, 3172, 2113, 2918, 
405, 3215, 2810, -1810, -1202, 3013, -1376, -1478, 2142, 3172, 2113, 2918, 
405, 3215, 2810, -1810, -1202, 3013, -1376, -1478, 2142, 3172, 2108, 2918, 
405, 3215, 2810, -1810, -1202, 3013, -1376, -1488, 2142, 3172, 2117, 2918, 
405, 3215, 2810, -1810, -1202, 3013, -1376, -1483, 2142, 3172, 2117, 2918, 
400, 3211, 2810, -1805, -1205, 3010, -1376, -1483, 2147, 3167, 2117, 2913, 
400, 3211, 2810, -1805, -1205, 3010, -1376, -1483, 2147, 3167, 2117, 2913, 
409, 3201, 2791, -1805, -1190, 2996, -1376, -1483, 2156, 3172, 2108, 2913, 
409, 3201, 2791, -1805, -1190, 2996, -1371, -1483, 2156, 3172, 2108, 2918, 
409, 3206, 2796, -1808, -1193, 3001, -1371, -1483, 2152, 3172, 2103, 2918, 
409, 3206, 2796, -1808, -1193, 3001, -1371, -1483, 2152, 3172, 2103, 2918, 
405, 3206, 2801, -1805, -1198, 3003, -1371, -1483, 2152, 3181, 2113, 2928, 
405, 3206, 2801, -1805, -1198, 3003, -1376, -1483, 2152, 3181, 2113, 2928, 
405, 3206, 2801, -1805, -1198, 3003, -1376, -1483, 2156, 3181, 2113, 2928, 
405, 3206, 2801, -1805, -1198, 3003, -1376, -1483, 2156, 3181, 2117, 2928, 
405, 3220, 2815, -1812, -1205, 3018, -1376, -1483, 2156, 3181, 2108, 2918, 
405, 3220, 2815, -1812, -1205, 3018, -1376, -1483, 2156, 3186, 2108, 2923, 
405, 3215, 2810, -1810, -1202, 3013, -1376, -1483, 2156, 3186, 2108, 2923, 
405, 3215, 2810, -1810, -1202, 3013, -1376, -1483, 2156, 3186, 2113, 2923, 
400, 3211, 2810, -1805, -1205, 3010, -1371, -1483, 2156, 3186, 2113, 2932, 
400, 3211, 2810, -1805, -1205, 3010, -1371, -1483, 2156, 3186, 2113, 2932, 
400, 3211, 2810, -1805, -1205, 3010, -1371, -1483, 2156, 3186, 2113, 2932, 
400, 3211, 2810, -1805, -1205, 3010, -1371, -1483, 2161, 3186, 2113, 2932, 
390, 3211, 2820, -1800, -1215, 3015, -1371, -1483, 2171, 3196, 2113, 2932, 
390, 3211, 2820, -1800, -1215, 3015, -1371, -1483, 2176, 3196, 2113, 2932, 
395, 3211, 2815, -1803, -1210, 3013, -1376, -1483, 2176, 3196, 2113, 2932, 
395, 3211, 2815, -1803, -1210, 3013, -1376, -1483, 2171, 3196, 2117, 2932, 
395, 3220, 2825, -1808, -1215, 3023, -1376, -1493, 2161, 3196, 2117, 2942, 
395, 3220, 2825, -1808, -1215, 3023, -1376, -1493, 2166, 3196, 2117, 2942, 
395, 3230, 2835, -1812, -1220, 3032, -1376, -1493, 2171, 3196, 2117, 2942, 
395, 3230, 2835, -1812, -1220, 3032, -1376, -1493, 2171, 3201, 2117, 2947, 
405, 3230, 2825, -1817, -1210, 3028, -1376, -1488, 2166, 3191, 2117, 2937, 
405, 3230, 2825, -1817, -1210, 3028, -1376, -1488, 2166, 3191, 2117, 2937, 
405, 3230, 2825, -1817, -1210, 3028, -1381, -1488, 2171, 3196, 2117, 2937, 
405, 3235, 2830, -1820, -1212, 3032, -1381, -1488, 2171, 3201, 2117, 2942, 
395, 3240, 2845, -1817, -1224, 3042, -1381, -1488, 2181, 3201, 2122, 2947, 
395, 3240, 2845, -1817, -1224, 3042, -1381, -1488, 2181, 3201, 2122, 2947, 
395, 3240, 2845, -1817, -1224, 3042, -1381, -1488, 2181, 3201, 2122, 2947, 
395, 3245, 2849, -1820, -1227, 3047, -1381, -1488, 2181, 3201, 2122, 2947, 
395, 3235, 2840, -1815, -1222, 3037, -1381, -1498, 2171, 3201, 2122, 2947, 
400, 3235, 2835, -1817, -1217, 3035, -1381, -1498, 2171, 3206, 2122, 2952, 
400, 3235, 2835, -1817, -1217, 3035, -1381, -1498, 2171, 3206, 2122, 2957, 
400, 3235, 2835, -1817, -1217, 3035, -1381, -1498, 2171, 3206, 2122, 2957, 
409, 3235, 2825, -1822, -1207, 3030, -1381, -1498, 2171, 3215, 2122, 2957, 
409, 3240, 2830, -1825, -1210, 3035, -1381, -1498, 2171, 3215, 2127, 2957, 
409, 3245, 2835, -1827, -1212, 3040, -1385, -1498, 2171, 3220, 2132, 2957, 
409, 3245, 2835, -1827, -1212, 3040, -1385, -1498, 2171, 3220, 2132, 2957, 
409, 3250, 2840, -1830, -1215, 3045, -1395, -1498, 2181, 3220, 2132, 2957, 
414, 3250, 2835, -1832, -1210, 3042, -1400, -1498, 2181, 3215, 2127, 2957, 
414, 3250, 2835, -1832, -1210, 3042, -1400, -1498, 2181, 3215, 2127, 2957, 
414, 3250, 2835, -1832, -1210, 3042, -1400, -1498, 2181, 3215, 2132, 2957, 
405, 3259, 2854, -1832, -1224, 3057, -1390, -1498, 2171, 3220, 2132, 2962, 
405, 3259, 2854, -1832, -1224, 3057, -1390, -1498, 2176, 3220, 2137, 2962, 
405, 3264, 2859, -1834, -1227, 3062, -1395, -1498, 2181, 3220, 2137, 2962, 
405, 3264, 2859, -1834, -1227, 3062, -1395, -1498, 2181, 3220, 2132, 2962, 
414, 3259, 2845, -1837, -1215, 3052, -1400, -1507, 2181, 3220, 2132, 2962, 
419, 3259, 2840, -1839, -1210, 3050, -1400, -1507, 2181, 3220, 2132, 2967, 
419, 3259, 2840, -1839, -1210, 3050, -1400, -1507, 2181, 3225, 2132, 2967, 
419, 3259, 2840, -1839, -1210, 3050, -1400, -1507, 2181, 3225, 2137, 2967, 
409, 3264, 2854, -1837, -1222, 3059, -1390, -1498, 2181, 3225, 2137, 2967, 
414, 3264, 2849, -1839, -1217, 3057, -1395, -1498, 2181, 3225, 2137, 2967, 
414, 3264, 2849, -1839, -1217, 3057, -1395, -1498, 2176, 3225, 2137, 2967, 
414, 3264, 2849, -1839, -1217, 3057, -1395, -1498, 2176, 3225, 2137, 2967, 
424, 3264, 2840, -1844, -1207, 3052, -1405, -1498, 2186, 3225, 2137, 2967, 
424, 3264, 2840, -1844, -1207, 3052, -1405, -1498, 2186, 3225, 2137, 2971, 
419, 3264, 2845, -1842, -1212, 3054, -1405, -1498, 2186, 3225, 2137, 2971, 
419, 3264, 2845, -1842, -1212, 3054, -1405, -1498, 2186, 3220, 2137, 2971, 
419, 3264, 2845, -1842, -1212, 3054, -1410, -1512, 2176, 3220, 2137, 2971, 
419, 3264, 2845, -1842, -1212, 3054, -1410, -1512, 2176, 3220, 2137, 2967, 
419, 3259, 2840, -1839, -1210, 3050, -1410, -1507, 2176, 3225, 2137, 2967, 
419, 3259, 2840, -1839, -1210, 3050, -1410, -1507, 2176, 3225, 2137, 2967, 
409, 3259, 2849, -1834, -1220, 3054, -1410, -1512, 2176, 3235, 2142, 2976, 
414, 3259, 2845, -1837, -1215, 3052, -1410, -1512, 2176, 3235, 2142, 2976, 
414, 3259, 2845, -1837, -1215, 3052, -1405, -1512, 2176, 3235, 2142, 2976, 
414, 3259, 2845, -1837, -1215, 3052, -1405, -1507, 2176, 3235, 2142, 2976, 
414, 3269, 2854, -1842, -1220, 3062, -1405, -1507, 2186, 3225, 2137, 2976, 
414, 3269, 2854, -1842, -1220, 3062, -1405, -1517, 2186, 3225, 2137, 2976, 
414, 3269, 2854, -1842, -1220, 3062, -1405, -1517, 2176, 3225, 2137, 2976, 
414, 3269, 2854, -1842, -1220, 3062, -1405, -1517, 2176, 3225, 2137, 2976, 
414, 3259, 2845, -1837, -1215, 3052, -1405, -1507, 2176, 3225, 2137, 2976, 
414, 3259, 2845, -1837, -1215, 3052, -1405, -1512, 2176, 3220, 2137, 2976, 
414, 3259, 2845, -1837, -1215, 3052, -1410, -1512, 2171, 3220, 2137, 2976, 
414, 3259, 2845, -1837, -1215, 3052, -1410, -1517, 2171, 3225, 2137, 2976, 
414, 3259, 2845, -1837, -1215, 3052, -1410, -1517, 2171, 3235, 2137, 2976, 
414, 3259, 2845, -1837, -1215, 3052, -1410, -1517, 2171, 3235, 2137, 2976, 
414, 3259, 2845, -1837, -1215, 3052, -1410, -1517, 2171, 3235, 2137, 2976, 
414, 3259, 2845, -1837, -1215, 3052, -1415, -1517, 2171, 3235, 2137, 2976, 
405, 3259, 2854, -1832, -1224, 3057, -1415, -1517, 2171, 3235, 2137, 2976, 
405, 3259, 2854, -1832, -1224, 3057, -1415, -1517, 2171, 3230, 2137, 2976, 
405, 3259, 2854, -1832, -1224, 3057, -1410, -1517, 2166, 3230, 2137, 2976, 
405, 3259, 2854, -1832, -1224, 3057, -1410, -1517, 2166, 3230, 2137, 2976, 
409, 3269, 2859, -1839, -1224, 3064, -1415, -1517, 2166, 3220, 2137, 2976, 
409, 3269, 2859, -1839, -1224, 3064, -1415, -1522, 2166, 3225, 2137, 2976, 
409, 3269, 2859, -1839, -1224, 3064, -1415, -1522, 2166, 3225, 2137, 2976, 
409, 3269, 2859, -1839, -1224, 3064, -1410, -1522, 2166, 3225, 2137, 2976, 
409, 3259, 2849, -1834, -1220, 3054, -1410, -1532, 2166, 3225, 2137, 2981, 
409, 3259, 2849, -1834, -1220, 3054, -1410, -1532, 2166, 3220, 2137, 2981, 
409, 3259, 2849, -1834, -1220, 3054, -1410, -1532, 2166, 3220, 2137, 2976, 
409, 3259, 2849, -1834, -1220, 3054, -1410, -1532, 2166, 3220, 2137, 2976, 
409, 3269, 2859, -1839, -1224, 3064, -1410, -1527, 2166, 3235, 2137, 2976, 
409, 3269, 2859, -1839, -1224, 3064, -1410, -1527, 2166, 3235, 2137, 2981, 
409, 3269, 2859, -1839, -1224, 3064, -1410, -1532, 2166, 3240, 2137, 2981, 
409, 3269, 2859, -1839, -1224, 3064, -1410, -1532, 2166, 3240, 2137, 2981, 
409, 3279, 2869, -1844, -1229, 3074, -1420, -1532, 2166, 3230, 2137, 2986, 
409, 3279, 2869, -1844, -1229, 3074, -1420, -1532, 2166, 3230, 2137, 2986, 
414, 3279, 2864, -1847, -1224, 3071, -1420, -1532, 2166, 3230, 2137, 2986, 
414, 3279, 2864, -1847, -1224, 3071, -1420, -1532, 2166, 3230, 2142, 2986, 
414, 3269, 2854, -1842, -1220, 3062, -1420, -1532, 2166, 3230, 2142, 2986, 
409, 3269, 2859, -1839, -1224, 3064, -1420, -1532, 2166, 3230, 2137, 2986, 
409, 3269, 2859, -1839, -1224, 3064, -1420, -1537, 2166, 3230, 2137, 2986, 
414, 3269, 2854, -1842, -1220, 3062, -1420, -1537, 2166, 3230, 2137, 2986, 
414, 3269, 2854, -1842, -1220, 3062, -1420, -1537, 2166, 3230, 2127, 2976, 
414, 3269, 2854, -1842, -1220, 3062, -1420, -1537, 2171, 3230, 2132, 2981, 
414, 3269, 2854, -1842, -1220, 3062, -1420, -1537, 2171, 3230, 2132, 2981, 
414, 3274, 2859, -1844, -1222, 3067, -1415, -1537, 2171, 3230, 2137, 2986, 
409, 3274, 2864, -1842, -1227, 3069, -1415, -1537, 2171, 3225, 2137, 2986, 
409, 3274, 2864, -1842, -1227, 3069, -1415, -1542, 2171, 3230, 2137, 2986, 
414, 3274, 2859, -1844, -1222, 3067, -1420, -1542, 2171, 3230, 2137, 2986, 
414, 3274, 2859, -1844, -1222, 3067, -1420, -1542, 2171, 3230, 2132, 2986, 
414, 3269, 2854, -1842, -1220, 3062, -1420, -1537, 2171, 3240, 2132, 2996, 
409, 3274, 2864, -1842, -1227, 3069, -1424, -1537, 2171, 3240, 2137, 2996, 
409, 3279, 2869, -1844, -1229, 3074, -1424, -1542, 2171, 3240, 2142, 2996, 
409, 3284, 2874, -1847, -1232, 3079, -1424, -1542, 2171, 3240, 2142, 2996, 
409, 3279, 2869, -1844, -1229, 3074, -1415, -1542, 2176, 3230, 2132, 2991, 
409, 3279, 2869, -1844, -1229, 3074, -1415, -1542, 2176, 3230, 2132, 2991, 
409, 3279, 2869, -1844, -1229, 3074, -1420, -1542, 2176, 3235, 2132, 2991, 
419, 3279, 2859, -1849, -1220, 3069, -1420, -1542, 2176, 3240, 2137, 2996, 
409, 3279, 2869, -1844, -1229, 3074, -1420, -1542, 2166, 3240, 2137, 2996, 
405, 3279, 2874, -1842, -1234, 3076, -1420, -1542, 2171, 3240, 2137, 2996, 
405, 3279, 2874, -1842, -1234, 3076, -1420, -1542, 2171, 3245, 2137, 3001, 
405, 3279, 2874, -1842, -1234, 3076, -1420, -1542, 2171, 3245, 2142, 3001, 
409, 3269, 2859, -1839, -1224, 3064, -1420, -1537, 2171, 3245, 2132, 3001, 
409, 3269, 2859, -1839, -1224, 3064, -1424, -1537, 2171, 3250, 2132, 3001, 
409, 3269, 2859, -1839, -1224, 3064, -1424, -1537, 2171, 3250, 2132, 3001, 
409, 3269, 2859, -1839, -1224, 3064, -1420, -1542, 2171, 3245, 2137, 3001, 
409, 3279, 2869, -1844, -1229, 3074, -1420, -1551, 2171, 3245, 2137, 3001, 
414, 3279, 2864, -1847, -1224, 3071, -1429, -1551, 2171, 3245, 2137, 3001, 
414, 3279, 2864, -1847, -1224, 3071, -1429, -1551, 2171, 3245, 2137, 3006, 
409, 3279, 2869, -1844, -1229, 3074, -1429, -1551, 2171, 3245, 2137, 3006, 
409, 3289, 2879, -1849, -1234, 3084, -1429, -1542, 2181, 3250, 2137, 3006, 
414, 3289, 2874, -1851, -1229, 3081, -1429, -1546, 2176, 3250, 2137, 3006, 
414, 3284, 2869, -1849, -1227, 3076, -1429, -1546, 2176, 3250, 2137, 3006, 
414, 3284, 2869, -1849, -1227, 3076, -1429, -1546, 2176, 3245, 2137, 3006, 
414, 3294, 2879, -1854, -1232, 3086, -1429, -1537, 2191, 3254, 2147, 3015, 
419, 3303, 2884, -1861, -1232, 3093, -1429, -1537, 2191, 3264, 2156, 3015, 
419, 3308, 2888, -1864, -1234, 3098, -1434, -1542, 2196, 3269, 2156, 3015, 
419, 3313, 2893, -1866, -1237, 3103, -1444, -1551, 2205, 3279, 2156, 3025, 
419, 3318, 2898, -1869, -1239, 3108, -1444, -1551, 2205, 3279, 2156, 3025, 
419, 3323, 2903, -1871, -1241, 3113, -1444, -1551, 2205, 3279, 2156, 3025, 
419, 3328, 2908, -1873, -1244, 3118, -1444, -1551, 2205, 3279, 2156, 3025, 
429, 3333, 2903, -1881, -1237, 3118, -1454, -1556, 2220, 3294, 2161, 3030, 
429, 3342, 2913, -1886, -1241, 3128, -1454, -1556, 2225, 3298, 2166, 3035, 
429, 3352, 2923, -1891, -1246, 3137, -1454, -1556, 2230, 3303, 2176, 3040, 
429, 3362, 2932, -1895, -1251, 3147, -1454, -1556, 2235, 3308, 2186, 3050, 
429, 3367, 2937, -1898, -1254, 3152, -1459, -1556, 2239, 3308, 2191, 3059, 
434, 3372, 2937, -1903, -1251, 3154, -1464, -1556, 2244, 3313, 2196, 3059, 
439, 3376, 2937, -1908, -1249, 3157, -1468, -1556, 2244, 3318, 2200, 3059, 
439, 3376, 2937, -1908, -1249, 3157, -1473, -1556, 2244, 3323, 2200, 3059, 
448, 3381, 2932, -1915, -1241, 3157, -1468, -1556, 2244, 3323, 2191, 3054, 
448, 3381, 2932, -1915, -1241, 3157, -1473, -1556, 2239, 3323, 2191, 3054, 
448, 3381, 2932, -1915, -1241, 3157, -1473, -1556, 2239, 3323, 2191, 3054, 
453, 3386, 2932, -1920, -1239, 3159, -1473, -1556, 2239, 3323, 2191, 3054, 
463, 3386, 2923, -1925, -1229, 3154, -1488, -1561, 2225, 3323, 2191, 3054, 
463, 3386, 2923, -1925, -1229, 3154, -1498, -1571, 2225, 3318, 2191, 3059, 
463, 3381, 2918, -1922, -1227, 3150, -1503, -1576, 2215, 3313, 2191, 3059, 
463, 3381, 2918, -1922, -1227, 3150, -1503, -1576, 2205, 3313, 2186, 3050, 
463, 3357, 2893, -1910, -1215, 3125, -1498, -1586, 2200, 3294, 2176, 3050, 
453, 3357, 2903, -1905, -1224, 3130, -1493, -1586, 2191, 3289, 2166, 3050, 
453, 3347, 2893, -1900, -1220, 3120, -1488, -1590, 2186, 3289, 2166, 3050, 
453, 3357, 2903, -1905, -1224, 3130, -1488, -1595, 2186, 3289, 2166, 3050, 
444, 3357, 2913, -1900, -1234, 3135, -1488, -1586, 2181, 3279, 2161, 3050, 
439, 3352, 2913, -1895, -1237, 3132, -1488, -1586, 2176, 3279, 2156, 3050, 
439, 3342, 2903, -1891, -1232, 3123, -1488, -1586, 2176, 3279, 2156, 3050, 
439, 3342, 2903, -1891, -1232, 3123, -1488, -1586, 2181, 3279, 2156, 3050, 
439, 3342, 2903, -1891, -1232, 3123, -1488, -1590, 2181, 3289, 2156, 3050, 
439, 3342, 2903, -1891, -1232, 3123, -1483, -1590, 2181, 3284, 2161, 3050, 
439, 3347, 2908, -1893, -1234, 3128, -1483, -1586, 2176, 3284, 2161, 3050, 
439, 3347, 2908, -1893, -1234, 3128, -1483, -1586, 2176, 3284, 2161, 3050, 
448, 3347, 2898, -1898, -1224, 3123, -1478, -1586, 2176, 3284, 2166, 3050, 
448, 3337, 2888, -1893, -1220, 3113, -1473, -1586, 2176, 3284, 2166, 3050, 
448, 3337, 2888, -1893, -1220, 3113, -1473, -1586, 2176, 3284, 2161, 3050, 
444, 3337, 2893, -1891, -1224, 3115, -1473, -1586, 2171, 3284, 2161, 3050, 
439, 3337, 2898, -1888, -1229, 3118, -1468, -1586, 2171, 3284, 2152, 3050, 
429, 3328, 2898, -1878, -1234, 3113, -1459, -1586, 2171, 3284, 2152, 3045, 
429, 3323, 2893, -1876, -1232, 3108, -1459, -1586, 2161, 3274, 2147, 3035, 
424, 3308, 2884, -1866, -1229, 3096, -1454, -1581, 2161, 3269, 2137, 3030, 
414, 3303, 2888, -1859, -1237, 3096, -1449, -1581, 2166, 3274, 2127, 3025, 
395, 3294, 2898, -1844, -1251, 3096, -1439, -1581, 2166, 3274, 2122, 3015, 
390, 3294, 2903, -1842, -1256, 3098, -1439, -1581, 2166, 3274, 2122, 3015, 
385, 3298, 2913, -1842, -1263, 3106, -1439, -1581, 2166, 3274, 2122, 3015, 
390, 3289, 2898, -1839, -1254, 3093, -1439, -1571, 2171, 3269, 2132, 3020, 
390, 3289, 2898, -1839, -1254, 3093, -1434, -1571, 2171, 3269, 2132, 3020, 
390, 3289, 2898, -1839, -1254, 3093, -1434, -1571, 2171, 3269, 2132, 3020, 
390, 3279, 2888, -1834, -1249, 3084, -1434, -1576, 2166, 3269, 2132, 3020, 
395, 3289, 2893, -1842, -1249, 3091, -1434, -1576, 2166, 3279, 2132, 3020, 
395, 3289, 2893, -1842, -1249, 3091, -1434, -1571, 2166, 3274, 2132, 3015, 
395, 3289, 2893, -1842, -1249, 3091, -1434, -1571, 2166, 3269, 2122, 3015, 
395, 3289, 2893, -1842, -1249, 3091, -1434, -1571, 2166, 3269, 2122, 3010, 
395, 3289, 2893, -1842, -1249, 3091, -1434, -1581, 2166, 3274, 2132, 3020, 
395, 3289, 2893, -1842, -1249, 3091, -1434, -1581, 2166, 3274, 2132, 3020, 
395, 3284, 2888, -1839, -1246, 3086, -1434, -1576, 2166, 3269, 2132, 3020, 
395, 3284, 2888, -1839, -1246, 3086, -1429, -1576, 2166, 3269, 2132, 3025, 
395, 3274, 2879, -1834, -1241, 3076, -1429, -1576, 2161, 3259, 2122, 3015, 
395, 3274, 2879, -1834, -1241, 3076, -1429, -1576, 2161, 3264, 2122, 3015, 
395, 3279, 2884, -1837, -1244, 3081, -1434, -1576, 2166, 3264, 2122, 3015, 
395, 3279, 2884, -1837, -1244, 3081, -1434, -1576, 2166, 3264, 2122, 3020, 
395, 3279, 2884, -1837, -1244, 3081, -1434, -1576, 2166, 3274, 2122, 3020, 
395, 3284, 2888, -1839, -1246, 3086, -1429, -1576, 2171, 3279, 2122, 3020, 
395, 3284, 2888, -1839, -1246, 3086, -1429, -1576, 2171, 3279, 2127, 3020, 
395, 3284, 2888, -1839, -1246, 3086, -1429, -1576, 2171, 3279, 2127, 3020, 
395, 3284, 2888, -1839, -1246, 3086, -1429, -1576, 2171, 3279, 2132, 3010, 
395, 3284, 2888, -1839, -1246, 3086, -1434, -1576, 2171, 3279, 2132, 3010, 
395, 3284, 2888, -1839, -1246, 3086, -1434, -1576, 2171, 3279, 2132, 3010, 
395, 3284, 2888, -1839, -1246, 3086, -1434, -1576, 2171, 3279, 2132, 3010, 
395, 3294, 2898, -1844, -1251, 3096, -1434, -1576, 2171, 3279, 2137, 3020, 
395, 3294, 2898, -1844, -1251, 3096, -1429, -1576, 2171, 3279, 2137, 3020, 
395, 3294, 2898, -1844, -1251, 3096, -1429, -1576, 2171, 3279, 2137, 3020, 
395, 3294, 2898, -1844, -1251, 3096, -1429, -1576, 2171, 3279, 2132, 3020, 
395, 3294, 2898, -1844, -1251, 3096, -1429, -1576, 2171, 3289, 2132, 3030, 
395, 3294, 2898, -1844, -1251, 3096, -1429, -1576, 2171, 3289, 2132, 3030, 
395, 3294, 2898, -1844, -1251, 3096, -1429, -1576, 2171, 3289, 2137, 3030, 
395, 3294, 2898, -1844, -1251, 3096, -1429, -1576, 2171, 3289, 2137, 3030, 
395, 3294, 2898, -1844, -1251, 3096, -1429, -1576, 2171, 3284, 2137, 3020, 
395, 3294, 2898, -1844, -1251, 3096, -1429, -1576, 2171, 3284, 2137, 3025, 
395, 3298, 2903, -1847, -1254, 3101, -1429, -1576, 2176, 3284, 2137, 3025, 
395, 3298, 2903, -1847, -1254, 3101, -1434, -1581, 2176, 3284, 2137, 3025, 
395, 3298, 2903, -1847, -1254, 3101, -1434, -1581, 2176, 3294, 2137, 3025, 
395, 3298, 2903, -1847, -1254, 3101, -1429, -1581, 2176, 3294, 2137, 3025, 
395, 3298, 2903, -1847, -1254, 3101, -1429, -1576, 2176, 3294, 2137, 3025, 
400, 3294, 2893, -1847, -1246, 3093, -1429, -1576, 2171, 3294, 2137, 3025, 
400, 3294, 2893, -1847, -1246, 3093, -1429, -1566, 2181, 3298, 2137, 3025, 
405, 3289, 2884, -1847, -1239, 3086, -1429, -1561, 2171, 3298, 2132, 3020, 
419, 3279, 2859, -1849, -1220, 3069, -1424, -1542, 2161, 3284, 2117, 3010, 
429, 3279, 2849, -1854, -1210, 3064, -1429, -1522, 2161, 3284, 2117, 3010, 
434, 3274, 2840, -1854, -1202, 3057, -1420, -1498, 2171, 3289, 2122, 3001, 
439, 3284, 2845, -1861, -1202, 3064, -1400, -1439, 2210, 3313, 2127, 3001, 
453, 3308, 2854, -1881, -1200, 3081, -1376, -1361, 2278, 3352, 2166, 3006, 
492, 3357, 2864, -1925, -1185, 3111, -1361, -1293, 2347, 3420, 2230, 3030, 
566, 3420, 2854, -1993, -1144, 3137, -1361, -1220, 2391, 3489, 2313, 3059, 
644, 3489, 2845, -2066, -1100, 3167, -1356, -1117, 2454, 3572, 2405, 3108, 
722, 3567, 2845, -2144, -1061, 3206, -1356, -1015, 2542, 3674, 2508, 3152, 
795, 3669, 2874, -2232, -1039, 3272, -1366, -951, 2635, 3786, 2615, 3201, 
854, 3782, 2928, -2318, -1037, 3355, -1415, -951, 2684, 3884, 2718, 3274, 
907, 3913, 3006, -2410, -1049, 3459, -1493, -1010, 2708, 3962, 2830, 3362, 
946, 4045, 3098, -2496, -1076, 3572, -1581, -1098, 2703, 4011, 2923, 3459, 
956, 4138, 3181, -2547, -1112, 3660, -1634, -1195, 2644, 4011, 2957, 3528, 
932, 4162, 3230, -2547, -1149, 3696, -1668, -1327, 2532, 3923, 2898, 3567, 
873, 4143, 3269, -2508, -1198, 3706, -1708, -1517, 2425, 3806, 2815, 3591, 
771, 4118, 3347, -2444, -1288, 3733, -1756, -1747, 2313, 3723, 2737, 3611, 
619, 4050, 3430, -2335, -1405, 3740, -1820, -2015, 2156, 3606, 2635, 3601, 
478, 3947, 3469, -2213, -1495, 3708, -1893, -2293, 1966, 3445, 2483, 3572, 
380, 3845, 3464, -2113, -1542, 3655, -1956, -2513, 1776, 3298, 2347, 3538, 
331, 3733, 3401, -2032, -1534, 3567, -1971, -2596, 1644, 3176, 2225, 3479, 
307, 3635, 3328, -1971, -1510, 3481, -1952, -2557, 1629, 3118, 2147, 3411, 
297, 3581, 3284, -1939, -1493, 3433, -1903, -2474, 1678, 3108, 2108, 3357, 
287, 3562, 3274, -1925, -1493, 3418, -1854, -2371, 1727, 3128, 2098, 3323, 
302, 3523, 3220, -1912, -1459, 3372, -1805, -2244, 1790, 3147, 2103, 3284, 
317, 3474, 3157, -1895, -1420, 3315, -1742, -2122, 1844, 3157, 2103, 3245, 
326, 3440, 3113, -1883, -1393, 3276, -1693, -2030, 1903, 3181, 2103, 3206, 
336, 3430, 3093, -1883, -1378, 3262, -1644, -1947, 1971, 3215, 2117, 3176, 
341, 3406, 3064, -1873, -1361, 3235, -1605, -1873, 2030, 3250, 2117, 3162, 
351, 3372, 3020, -1861, -1334, 3196, -1571, -1810, 2059, 3250, 2117, 3132, 
361, 3347, 2986, -1854, -1312, 3167, -1537, -1756, 2083, 3259, 2108, 3103, 
366, 3337, 2971, -1851, -1302, 3154, -1507, -1712, 2108, 3284, 2113, 3098, 
370, 3328, 2957, -1849, -1293, 3142, -1478, -1664, 2132, 3294, 2117, 3079, 
375, 3308, 2932, -1842, -1278, 3120, -1464, -1629, 2137, 3289, 2117, 3069, 
385, 3294, 2908, -1839, -1261, 3101, -1464, -1615, 2147, 3284, 2113, 3045, 
385, 3284, 2898, -1834, -1256, 3091, -1459, -1605, 2147, 3284, 2113, 3040, 
385, 3284, 2898, -1834, -1256, 3091, -1454, -1586, 2156, 3294, 2117, 3035, 
385, 3294, 2908, -1839, -1261, 3101, -1444, -1576, 2171, 3298, 2122, 3035, 
385, 3289, 2903, -1837, -1259, 3096, -1444, -1581, 2181, 3308, 2132, 3040, 
390, 3289, 2898, -1839, -1254, 3093, -1434, -1581, 2196, 3308, 2132, 3040, 
390, 3289, 2898, -1839, -1254, 3093, -1429, -1576, 2196, 3313, 2132, 3035, 
390, 3289, 2898, -1839, -1254, 3093, -1424, -1576, 2196, 3313, 2132, 3030, 
385, 3284, 2898, -1834, -1256, 3091, -1424, -1571, 2196, 3323, 2132, 3040, 
385, 3284, 2898, -1834, -1256, 3091, -1424, -1571, 2191, 3318, 2132, 3040, 
390, 3279, 2888, -1834, -1249, 3084, -1424, -1571, 2191, 3318, 2127, 3035, 
395, 3279, 2884, -1837, -1244, 3081, -1420, -1566, 2196, 3318, 2127, 3035, 
395, 3279, 2884, -1837, -1244, 3081, -1429, -1551, 2200, 3313, 2127, 3025, 
395, 3279, 2884, -1837, -1244, 3081, -1429, -1551, 2200, 3313, 2127, 3025, 
400, 3279, 2879, -1839, -1239, 3079, -1429, -1546, 2205, 3313, 2127, 3025, 
400, 3284, 2884, -1842, -1241, 3084, -1429, -1542, 2210, 3318, 2132, 3030, 
400, 3284, 2884, -1842, -1241, 3084, -1420, -1551, 2210, 3328, 2132, 3040, 
400, 3284, 2884, -1842, -1241, 3084, -1424, -1551, 2210, 3328, 2132, 3040, 
400, 3284, 2884, -1842, -1241, 3084, -1424, -1551, 2210, 3328, 2132, 3040, 
400, 3284, 2884, -1842, -1241, 3084, -1424, -1551, 2215, 3328, 2132, 3040, 
400, 3284, 2884, -1842, -1241, 3084, -1424, -1546, 2210, 3328, 2132, 3040, 
400, 3284, 2884, -1842, -1241, 3084, -1424, -1546, 2210, 3328, 2132, 3040, 
400, 3284, 2884, -1842, -1241, 3084, -1424, -1546, 2210, 3328, 2132, 3040, 
400, 3284, 2884, -1842, -1241, 3084, -1424, -1546, 2210, 3333, 2132, 3040, 
400, 3284, 2884, -1842, -1241, 3084, -1424, -1537, 2215, 3323, 2132, 3040, 
405, 3284, 2879, -1844, -1237, 3081, -1424, -1537, 2215, 3323, 2137, 3040, 
405, 3284, 2879, -1844, -1237, 3081, -1424, -1537, 2215, 3328, 2142, 3045, 
405, 3284, 2879, -1844, -1237, 3081, -1424, -1537, 2215, 3328, 2142, 3045, 
405, 3289, 2884, -1847, -1239, 3086, -1429, -1546, 2225, 3337, 2132, 3035, 
405, 3289, 2884, -1847, -1239, 3086, -1429, -1546, 2225, 3337, 2137, 3035, 
405, 3289, 2884, -1847, -1239, 3086, -1429, -1542, 2225, 3337, 2137, 3035, 
409, 3298, 2888, -1854, -1239, 3093, -1429, -1542, 2225, 3342, 2137, 3035, 
409, 3289, 2879, -1849, -1234, 3084, -1429, -1542, 2220, 3342, 2142, 3035, 
409, 3289, 2879, -1849, -1234, 3084, -1429, -1542, 2220, 3342, 2142, 3035, 
409, 3289, 2879, -1849, -1234, 3084, -1429, -1542, 2220, 3337, 2142, 3035, 
409, 3289, 2879, -1849, -1234, 3084, -1429, -1542, 2220, 3337, 2142, 3035, 
409, 3294, 2884, -1851, -1237, 3089, -1429, -1532, 2230, 3342, 2142, 3045, 
409, 3294, 2884, -1851, -1237, 3089, -1429, -1532, 2230, 3347, 2142, 3050, 
409, 3294, 2884, -1851, -1237, 3089, -1429, -1532, 2230, 3347, 2142, 3050, 
409, 3298, 2888, -1854, -1239, 3093, -1429, -1532, 2230, 3347, 2137, 3050, 
409, 3298, 2888, -1854, -1239, 3093, -1429, -1537, 2235, 3357, 2147, 3050, 
409, 3294, 2884, -1851, -1237, 3089, -1429, -1537, 2235, 3357, 2147, 3050, 
409, 3294, 2884, -1851, -1237, 3089, -1429, -1537, 2235, 3357, 2147, 3050, 
414, 3298, 2884, -1856, -1234, 3091, -1429, -1537, 2239, 3357, 2147, 3050, 
405, 3298, 2893, -1851, -1244, 3096, -1429, -1537, 2230, 3357, 2147, 3050, 
405, 3298, 2893, -1851, -1244, 3096, -1429, -1537, 2230, 3357, 2147, 3050, 
405, 3298, 2893, -1851, -1244, 3096, -1429, -1537, 2230, 3357, 2152, 3050, 
405, 3298, 2893, -1851, -1244, 3096, -1429, -1537, 2230, 3362, 2152, 3050, 
414, 3289, 2874, -1851, -1229, 3081, -1439, -1537, 2230, 3352, 2152, 3040, 
414, 3289, 2874, -1851, -1229, 3081, -1439, -1537, 2230, 3347, 2147, 3040, 
419, 3298, 2879, -1859, -1229, 3089, -1439, -1537, 2235, 3347, 2147, 3045, 
419, 3298, 2879, -1859, -1229, 3089, -1439, -1537, 2239, 3352, 2147, 3050, 
419, 3298, 2879, -1859, -1229, 3089, -1429, -1537, 2230, 3352, 2147, 3050, 
419, 3298, 2879, -1859, -1229, 3089, -1429, -1532, 2230, 3352, 2152, 3050, 
419, 3298, 2879, -1859, -1229, 3089, -1429, -1532, 2235, 3357, 2152, 3050, 
419, 3303, 2884, -1861, -1232, 3093, -1429, -1527, 2235, 3357, 2152, 3050, 
419, 3303, 2884, -1861, -1232, 3093, -1439, -1527, 2235, 3367, 2152, 3059, 
419, 3303, 2884, -1861, -1232, 3093, -1439, -1527, 2235, 3367, 2152, 3059, 
419, 3303, 2884, -1861, -1232, 3093, -1439, -1527, 2235, 3367, 2152, 3059, 
419, 3303, 2884, -1861, -1232, 3093, -1439, -1532, 2235, 3367, 2152, 3059, 
419, 3303, 2884, -1861, -1232, 3093, -1439, -1532, 2235, 3376, 2142, 3059, 
419, 3308, 2888, -1864, -1234, 3098, -1439, -1532, 2239, 3376, 2152, 3059, 
424, 3313, 2888, -1869, -1232, 3101, -1444, -1522, 2239, 3376, 2152, 3064, 
429, 3313, 2884, -1871, -1227, 3098, -1444, -1522, 2239, 3376, 2152, 3064, 
419, 3313, 2893, -1866, -1237, 3103, -1434, -1522, 2254, 3372, 2152, 3059, 
419, 3313, 2893, -1866, -1237, 3103, -1434, -1522, 2254, 3376, 2156, 3059, 
419, 3313, 2893, -1866, -1237, 3103, -1434, -1522, 2254, 3376, 2156, 3059, 
419, 3318, 2898, -1869, -1239, 3108, -1434, -1517, 2254, 3376, 2156, 3059, 
429, 3328, 2898, -1878, -1234, 3113, -1444, -1517, 2249, 3381, 2156, 3069, 
429, 3323, 2893, -1876, -1232, 3108, -1449, -1522, 2249, 3381, 2161, 3069, 
