I, II, III, aVR, aVL, aVF, V1, V2, V3, V4, V5, V6, 
-1015, -917, 97, 966, -556, -409, -468, -478, -390, -361, -322, -244, 
-1015, -917, 97, 966, -556, -409, -468, -478, -390, -361, -322, -244, 
-1015, -917, 97, 966, -556, -409, -468, -478, -390, -361, -322, -244, 
-1015, -917, 97, 966, -556, -409, -468, -478, -390, -361, -322, -244, 
-1015, -897, 117, 956, -566, -390, -453, -473, -385, -346, -312, -224, 
-1015, -888, 126, 951, -570, -380, -448, -468, -380, -341, -302, -214, 
-1015, -878, 136, 946, -575, -370, -444, -463, -375, -336, -292, -204, 
-1015, -868, 146, 941, -580, -361, -439, -458, -370, -331, -283, -195, 
-1029, -868, 161, 949, -595, -353, -448, -468, -375, -341, -287, -200, 
-1034, -868, 165, 951, -600, -351, -448, -468, -380, -341, -292, -204, 
-1039, -868, 170, 954, -605, -348, -448, -468, -385, -341, -297, -209, 
-1044, -868, 175, 956, -610, -346, -448, -468, -390, -341, -302, -214, 
-1044, -883, 161, 963, -602, -361, -448, -463, -375, -336, -297, -200, 
-1044, -888, 156, 966, -600, -366, -448, -458, -370, -331, -292, -195, 
-1044, -893, 151, 968, -597, -370, -448, -453, -366, -326, -287, -190, 
-1044, -897, 146, 971, -595, -375, -448, -448, -361, -322, -283, -185, 
-1019, -878, 141, 949, -580, -368, -458, -448, -370, -322, -283, -175, 
-1005, -868, 136, 936, -570, -366, -458, -448, -370, -322, -283, -175, 
-990, -858, 131, 924, -561, -363, -458, -448, -370, -322, -283, -175, 
-976, -849, 126, 912, -551, -361, -458, -448, -370, -322, -283, -175, 
-990, -839, 151, 915, -570, -344, -448, -444, -366, -317, -278, -165, 
-995, -839, 156, 917, -575, -341, -448, -439, -361, -312, -273, -165, 
-1000, -839, 161, 919, -580, -339, -448, -434, -356, -307, -268, -165, 
-1005, -839, 165, 922, -585, -336, -448, -429, -351, -302, -263, -165, 
-1015, -849, 165, 932, -590, -341, -468, -439, -361, -317, -268, -175, 
-1024, -849, 175, 936, -600, -336, -478, -448, -370, -322, -273, -175, 
-1034, -849, 185, 941, -610, -331, -488, -458, -380, -326, -278, -175, 
-1044, -849, 195, 946, -619, -326, -497, -468, -390, -331, -283, -175, 
-1024, -839, 185, 932, -605, -326, -492, -458, -375, -317, -268, -170, 
-1015, -839, 175, 927, -595, -331, -488, -448, -370, -312, -263, -165, 
-1005, -839, 165, 922, -585, -336, -483, -439, -366, -307, -258, -161, 
-995, -839, 156, 917, -575, -341, -478, -429, -361, -302, -253, -156, 
-976, -829, 146, 902, -561, -341, -478, -419, -361, -297, -248, -146, 
-966, -819, 146, 893, -556, -336, -478, -419, -361, -292, -244, -146, 
-956, -810, 146, 883, -551, -331, -478, -419, -361, -287, -239, -146, 
-946, -800, 146, 873, -546, -326, -478, -419, -361, -283, -234, -146, 
-936, -810, 126, 873, -531, -341, -488, -429, -366, -292, -244, -156, 
-936, -810, 126, 873, -531, -341, -497, -429, -370, -292, -244, -156, 
-936, -810, 126, 873, -531, -341, -507, -429, -375, -292, -244, -156, 
-936, -810, 126, 873, -531, -341, -517, -429, -380, -292, -244, -156, 
-936, -800, 136, 868, -536, -331, -502, -414, -370, -283, -234, -146, 
-936, -800, 136, 868, -536, -331, -497, -400, -361, -273, -224, -136, 
-936, -800, 136, 868, -536, -331, -492, -385, -351, -263, -214, -126, 
-936, -800, 136, 868, -536, -331, -488, -370, -341, -253, -204, -117, 
-936, -810, 126, 873, -531, -341, -497, -356, -331, -244, -195, -107, 
-936, -819, 117, 878, -527, -351, -497, -351, -331, -244, -195, -107, 
-936, -829, 107, 883, -522, -361, -497, -346, -331, -244, -195, -107, 
-936, -839, 97, 888, -517, -370, -497, -341, -331, -244, -195, -107, 
-927, -858, 68, 893, -497, -395, -512, -351, -336, -248, -209, -122, 
-927, -878, 48, 902, -488, -414, -517, -351, -341, -253, -214, -136, 
-927, -897, 29, 912, -478, -434, -522, -351, -346, -258, -219, -151, 
-927, -917, 9, 922, -468, -453, -527, -351, -351, -263, -224, -165, 
-917, -912, 4, 915, -461, -453, -531, -341, -351, -258, -219, -156, 
-907, -907, 0, 907, -453, -453, -536, -331, -351, -253, -214, -156, 
-897, -902, -4, 900, -446, -453, -541, -322, -351, -248, -209, -156, 
-888, -897, -9, 893, -439, -453, -546, -312, -351, -244, -204, -156, 
-878, -888, -9, 883, -434, -448, -527, -302, -336, -239, -200, -146, 
-878, -888, -9, 883, -434, -448, -517, -302, -331, -234, -195, -146, 
-878, -888, -9, 883, -434, -448, -507, -302, -326, -229, -190, -146, 
-878, -888, -9, 883, -434, -448, -497, -302, -322, -224, -185, -146, 
-873, -893, -19, 883, -427, -456, -483, -297, -317, -219, -175, -161, 
-868, -897, -29, 883, -419, -463, -478, -292, -312, -214, -175, -165, 
-863, -902, -39, 883, -412, -470, -473, -287, -307, -209, -175, -170, 
-858, -907, -48, 883, -405, -478, -468, -283, -302, -204, -175, -175, 
-863, -917, -53, 890, -405, -485, -463, -283, -292, -214, -185, -175, 
-868, -917, -48, 893, -409, -483, -458, -283, -292, -214, -185, -175, 
-873, -917, -43, 895, -414, -480, -453, -283, -292, -214, -185, -175, 
-878, -917, -39, 897, -419, -478, -448, -283, -292, -214, -185, -175, 
-897, -932, -34, 915, -431, -483, -434, -273, -287, -204, -185, -185, 
-907, -936, -29, 922, -439, -483, -429, -273, -283, -204, -185, -185, 
-917, -941, -24, 929, -446, -483, -424, -273, -278, -204, -185, -185, 
-927, -946, -19, 936, -453, -483, -419, -273, -273, -204, -185, -185, 
-922, -932, -9, 927, -456, -470, -409, -263, -268, -195, -175, -175, 
-917, -927, -9, 922, -453, -468, -400, -263, -263, -195, -175, -175, 
-912, -922, -9, 917, -451, -466, -390, -263, -258, -195, -175, -175, 
-907, -917, -9, 912, -448, -463, -380, -263, -253, -195, -175, -175, 
-922, -912, 9, 917, -466, -451, -375, -268, -244, -185, -180, -185, 
-927, -907, 19, 917, -473, -444, -370, -273, -244, -185, -185, -185, 
-932, -902, 29, 917, -480, -436, -366, -278, -244, -185, -190, -185, 
-936, -897, 39, 917, -488, -429, -361, -283, -244, -185, -195, -185, 
-946, -902, 43, 924, -495, -429, -356, -292, -244, -190, -204, -190, 
-946, -907, 39, 927, -492, -434, -351, -292, -244, -195, -204, -195, 
-946, -912, 34, 929, -490, -439, -346, -292, -244, -200, -204, -200, 
-946, -917, 29, 932, -488, -444, -341, -292, -244, -204, -204, -204, 
-941, -902, 39, 922, -490, -431, -331, -302, -244, -209, -214, -204, 
-936, -897, 39, 917, -488, -429, -331, -302, -244, -214, -214, -204, 
-932, -893, 39, 912, -485, -427, -331, -302, -244, -219, -214, -204, 
-927, -888, 39, 907, -483, -424, -331, -302, -244, -224, -214, -204, 
-917, -897, 19, 907, -468, -439, -331, -307, -253, -229, -219, -219, 
-917, -897, 19, 907, -468, -439, -331, -312, -253, -234, -224, -224, 
-917, -897, 19, 907, -468, -439, -331, -317, -253, -239, -229, -229, 
-917, -897, 19, 907, -468, -439, -331, -322, -253, -244, -234, -234, 
-927, -893, 34, 910, -480, -429, -331, -326, -268, -248, -239, -239, 
-927, -888, 39, 907, -483, -424, -331, -331, -273, -253, -244, -244, 
-927, -883, 43, 905, -485, -419, -331, -336, -278, -258, -248, -248, 
-927, -878, 48, 902, -488, -414, -331, -341, -283, -263, -253, -253, 
-932, -893, 39, 912, -485, -427, -331, -351, -273, -273, -258, -244, 
-936, -897, 39, 917, -488, -429, -331, -351, -273, -273, -263, -244, 
-941, -902, 39, 922, -490, -431, -331, -351, -273, -273, -268, -244, 
-946, -907, 39, 927, -492, -434, -331, -351, -273, -273, -273, -244, 
-936, -897, 39, 917, -488, -429, -326, -346, -263, -268, -268, -244, 
-927, -897, 29, 912, -478, -434, -322, -341, -263, -263, -263, -244, 
-917, -897, 19, 907, -468, -439, -317, -336, -263, -258, -258, -244, 
-907, -897, 9, 902, -458, -444, -312, -331, -263, -253, -253, -244, 
-932, -907, 24, 919, -478, -441, -302, -317, -248, -239, -244, -234, 
-956, -907, 48, 932, -502, -429, -292, -312, -244, -234, -234, -224, 
-980, -907, 73, 944, -527, -417, -283, -307, -239, -229, -224, -214, 
-1005, -907, 97, 956, -551, -405, -273, -302, -234, -224, -214, -204, 
-995, -902, 92, 949, -544, -405, -278, -307, -239, -229, -219, -209, 
-985, -897, 87, 941, -536, -405, -283, -312, -244, -234, -224, -214, 
-976, -893, 82, 934, -529, -405, -287, -317, -248, -239, -229, -219, 
-966, -888, 78, 927, -522, -405, -292, -322, -253, -244, -234, -224, 
-976, -897, 78, 936, -527, -409, -297, -326, -258, -248, -239, -224, 
-976, -907, 68, 941, -522, -419, -302, -331, -263, -253, -244, -224, 
-976, -917, 58, 946, -517, -429, -307, -336, -268, -258, -248, -224, 
-976, -927, 48, 951, -512, -439, -312, -341, -273, -263, -253, -224, 
-956, -912, 43, 934, -500, -434, -322, -356, -278, -268, -258, -239, 
-946, -907, 39, 927, -492, -434, -322, -361, -283, -273, -263, -244, 
-936, -902, 34, 919, -485, -434, -322, -366, -287, -278, -268, -248, 
-927, -897, 29, 912, -478, -434, -322, -370, -292, -283, -273, -253, 
-932, -912, 19, 922, -475, -446, -322, -380, -302, -292, -278, -263, 
-936, -917, 19, 927, -478, -448, -322, -380, -302, -292, -283, -263, 
-941, -922, 19, 932, -480, -451, -322, -380, -302, -292, -287, -263, 
-946, -927, 19, 936, -483, -453, -322, -380, -302, -292, -292, -263, 
-932, -912, 19, 922, -475, -446, -312, -370, -292, -283, -287, -258, 
-927, -907, 19, 917, -473, -444, -312, -370, -292, -283, -283, -253, 
-922, -902, 19, 912, -470, -441, -312, -370, -292, -283, -278, -248, 
-917, -897, 19, 907, -468, -439, -312, -370, -292, -283, -273, -244, 
-927, -907, 19, 917, -473, -444, -307, -366, -283, -273, -263, -234, 
-936, -907, 29, 922, -483, -439, -302, -361, -283, -273, -263, -234, 
-946, -907, 39, 927, -492, -434, -297, -356, -283, -273, -263, -234, 
-956, -907, 48, 932, -502, -429, -292, -351, -283, -273, -263, -234, 
-966, -902, 63, 934, -514, -419, -292, -351, -273, -263, -263, -234, 
-966, -897, 68, 932, -517, -414, -292, -351, -273, -263, -263, -234, 
-966, -893, 73, 929, -519, -409, -292, -351, -273, -263, -263, -234, 
-966, -888, 78, 927, -522, -405, -292, -351, -273, -263, -263, -234, 
-946, -878, 68, 912, -507, -405, -283, -341, -273, -263, -263, -244, 
-927, -868, 58, 897, -492, -405, -283, -341, -273, -263, -263, -244, 
-907, -858, 48, 883, -478, -405, -283, -341, -273, -263, -263, -244, 
-888, -849, 39, 868, -463, -405, -283, -341, -273, -263, -263, -244, 
-907, -854, 53, 880, -480, -400, -273, -336, -268, -258, -253, -239, 
-917, -858, 58, 888, -488, -400, -273, -331, -263, -253, -253, -234, 
-927, -863, 63, 895, -495, -400, -273, -326, -258, -248, -253, -229, 
-936, -868, 68, 902, -502, -400, -273, -322, -253, -244, -253, -224, 
-936, -878, 58, 907, -497, -409, -287, -326, -258, -248, -258, -229, 
-936, -888, 48, 912, -492, -419, -292, -331, -263, -253, -263, -234, 
-936, -897, 39, 917, -488, -429, -297, -336, -268, -258, -268, -239, 
-936, -907, 29, 922, -483, -439, -302, -341, -273, -263, -273, -244, 
-932, -893, 39, 912, -485, -427, -292, -336, -268, -258, -258, -234, 
-927, -888, 39, 907, -483, -424, -292, -331, -263, -253, -253, -234, 
-922, -883, 39, 902, -480, -422, -292, -326, -258, -248, -248, -234, 
-917, -878, 39, 897, -478, -419, -292, -322, -253, -244, -244, -234, 
-912, -863, 48, 888, -480, -407, -283, -322, -253, -234, -244, -224, 
-907, -858, 48, 883, -478, -405, -283, -322, -253, -234, -244, -224, 
-902, -854, 48, 878, -475, -402, -283, -322, -253, -234, -244, -224, 
-897, -849, 48, 873, -473, -400, -283, -322, -253, -234, -244, -224, 
-893, -858, 34, 875, -463, -412, -287, -326, -258, -239, -253, -229, 
-888, -858, 29, 873, -458, -414, -292, -331, -263, -244, -253, -234, 
-883, -858, 24, 871, -453, -417, -297, -336, -268, -248, -253, -239, 
-878, -858, 19, 868, -448, -419, -302, -341, -273, -253, -253, -244, 
-878, -858, 19, 868, -448, -419, -287, -326, -268, -248, -248, -239, 
-878, -858, 19, 868, -448, -419, -283, -322, -263, -244, -244, -234, 
-878, -858, 19, 868, -448, -419, -278, -317, -258, -239, -239, -229, 
-878, -858, 19, 868, -448, -419, -273, -312, -253, -234, -234, -224, 
-893, -868, 24, 880, -458, -422, -273, -312, -263, -244, -244, -234, 
-897, -868, 29, 883, -463, -419, -273, -312, -263, -244, -244, -234, 
-902, -868, 34, 885, -468, -417, -273, -312, -263, -244, -244, -234, 
-907, -868, 39, 888, -473, -414, -273, -312, -263, -244, -244, -234, 
-912, -858, 53, 885, -483, -402, -283, -312, -253, -234, -239, -224, 
-917, -858, 58, 888, -488, -400, -283, -312, -253, -234, -234, -224, 
-922, -858, 63, 890, -492, -397, -283, -312, -253, -234, -229, -224, 
-927, -858, 68, 893, -497, -395, -283, -312, -253, -234, -224, -224, 
-902, -868, 34, 885, -468, -417, -292, -322, -273, -244, -244, -234, 
-878, -878, 0, 878, -439, -439, -302, -331, -283, -253, -253, -244, 
-854, -888, -34, 871, -409, -461, -312, -341, -292, -263, -263, -253, 
-829, -897, -68, 863, -380, -483, -322, -351, -302, -273, -273, -263, 
-834, -878, -43, 856, -395, -461, -312, -331, -283, -263, -258, -244, 
-839, -858, -19, 849, -409, -439, -302, -322, -273, -253, -244, -234, 
-844, -839, 4, 841, -424, -417, -292, -312, -263, -244, -229, -224, 
-849, -819, 29, 834, -439, -395, -283, -302, -253, -234, -214, -214, 
-849, -834, 14, 841, -431, -409, -292, -312, -263, -234, -219, -219, 
-844, -834, 9, 839, -427, -412, -292, -322, -263, -234, -224, -224, 
-868, -834, 34, 851, -451, -400, -292, -326, -263, -234, -229, -229, 
-888, -839, 48, 863, -468, -395, -292, -326, -263, -234, -234, -234, 
-912, -854, 58, 883, -485, -397, -283, -317, -253, -234, -219, -219, 
-883, -849, 34, 866, -458, -407, -283, -317, -248, -224, -219, -209, 
-868, -819, 48, 844, -458, -385, -283, -317, -244, -219, -209, -200, 
-883, -824, 58, 854, -470, -383, -278, -317, -244, -219, -209, -185, 
-897, -819, 78, 858, -488, -370, -268, -312, -239, -214, -209, -190, 
-873, -810, 63, 841, -468, -373, -263, -302, -239, -214, -209, -195, 
-849, -800, 48, 824, -448, -375, -263, -292, -229, -200, -204, -195, 
-819, -790, 29, 805, -424, -380, -258, -287, -229, -200, -200, -200, 
-824, -790, 34, 807, -429, -378, -248, -297, -219, -190, -200, -190, 
-834, -775, 58, 805, -446, -358, -253, -297, -224, -190, -200, -195, 
-839, -761, 78, 800, -458, -341, -253, -297, -224, -195, -204, -195, 
-849, -761, 87, 805, -468, -336, -253, -297, -219, -195, -204, -190, 
-858, -761, 97, 810, -478, -331, -263, -283, -209, -190, -185, -190, 
-849, -761, 87, 805, -468, -336, -263, -283, -200, -180, -170, -180, 
-844, -761, 82, 802, -463, -339, -263, -283, -200, -180, -170, -175, 
-863, -761, 102, 812, -483, -329, -268, -287, -200, -180, -180, -165, 
-839, -756, 82, 797, -461, -336, -287, -297, -219, -195, -185, -165, 
-824, -751, 73, 788, -448, -339, -292, -297, -224, -185, -175, -165, 
-795, -746, 48, 771, -422, -348, -297, -292, -229, -185, -180, -165, 
-766, -741, 24, 753, -395, -358, -297, -287, -229, -190, -180, -165, 
-780, -746, 34, 763, -407, -356, -287, -273, -214, -180, -165, -156, 
-785, -746, 39, 766, -412, -353, -292, -268, -214, -170, -156, -146, 
-790, -746, 43, 768, -417, -351, -292, -263, -214, -165, -146, -136, 
-766, -746, 19, 756, -392, -363, -287, -258, -209, -156, -136, -126, 
-771, -761, 9, 766, -390, -375, -292, -263, -214, -161, -141, -131, 
-775, -785, -9, 780, -383, -397, -297, -268, -229, -165, -151, -136, 
-780, -771, 9, 775, -395, -380, -312, -273, -234, -170, -156, -141, 
-761, -756, 4, 758, -383, -375, -307, -278, -234, -175, -146, -136, 
-761, -751, 9, 756, -385, -370, -302, -263, -229, -156, -136, -136, 
-761, -761, 0, 761, -380, -380, -292, -263, -224, -151, -136, -136, 
-756, -746, 9, 751, -383, -368, -292, -268, -224, -151, -131, -136, 
-756, -732, 24, 744, -390, -353, -292, -263, -224, -151, -131, -136, 
-732, -732, 0, 732, -366, -366, -302, -278, -224, -170, -136, -151, 
-741, -736, 4, 739, -373, -366, -302, -278, -229, -170, -141, -151, 
-746, -736, 9, 741, -378, -363, -287, -278, -229, -170, -146, -151, 
-751, -736, 14, 744, -383, -361, -287, -283, -234, -180, -165, -156, 
-775, -751, 24, 763, -400, -363, -278, -273, -219, -170, -161, -156, 
-790, -761, 29, 775, -409, -366, -273, -268, -229, -175, -161, -156, 
-790, -766, 24, 778, -407, -370, -263, -273, -234, -180, -175, -161, 
-800, -790, 9, 795, -405, -390, -263, -283, -244, -195, -185, -175, 
-810, -814, -4, 812, -402, -409, -273, -283, -244, -195, -200, -175, 
-829, -829, 0, 829, -414, -414, -263, -283, -244, -204, -195, -175, 
-839, -839, 0, 839, -419, -419, -253, -278, -244, -195, -185, -175, 
-849, -839, 9, 844, -429, -414, -248, -278, -229, -185, -175, -170, 
-829, -834, -4, 832, -412, -419, -248, -278, -229, -190, -165, -175, 
-824, -834, -9, 829, -407, -422, -248, -273, -229, -195, -180, -175, 
-819, -839, -19, 829, -400, -429, -244, -268, -224, -195, -185, -180, 
-819, -849, -29, 834, -395, -439, -239, -263, -224, -200, -190, -190, 
-810, -849, -39, 829, -385, -444, -244, -273, -234, -209, -204, -209, 
-800, -858, -58, 829, -370, -458, -253, -283, -244, -214, -209, -214, 
-795, -854, -58, 824, -368, -456, -273, -292, -253, -224, -219, -224, 
-761, -849, -87, 805, -336, -468, -287, -317, -278, -244, -234, -239, 
-771, -849, -78, 810, -346, -463, -273, -302, -273, -239, -229, -224, 
-780, -844, -63, 812, -358, -453, -263, -292, -268, -234, -224, -219, 
-790, -839, -48, 814, -370, -444, -258, -287, -263, -229, -219, -214, 
-800, -824, -24, 812, -387, -424, -253, -283, -268, -229, -219, -214, 
-780, -849, -68, 814, -356, -458, -248, -283, -263, -219, -219, -219, 
-790, -849, -58, 819, -366, -453, -248, -287, -258, -219, -219, -224, 
-790, -849, -58, 819, -366, -453, -248, -287, -253, -219, -214, -229, 
-805, -849, -43, 827, -380, -446, -248, -287, -248, -219, -214, -229, 
-839, -868, -29, 854, -405, -448, -253, -292, -253, -219, -204, -224, 
-839, -854, -14, 846, -412, -434, -258, -292, -253, -219, -204, -224, 
-844, -854, -9, 849, -417, -431, -258, -287, -253, -219, -204, -219, 
-878, -854, 24, 866, -451, -414, -263, -287, -248, -214, -204, -214, 
-863, -839, 24, 851, -444, -407, -258, -283, -258, -214, -204, -214, 
-849, -839, 9, 844, -429, -414, -253, -278, -263, -214, -204, -219, 
-834, -839, -4, 836, -414, -422, -244, -273, -263, -214, -204, -219, 
-819, -834, -14, 827, -402, -424, -239, -263, -258, -209, -204, -209, 
-805, -834, -29, 819, -387, -431, -248, -263, -253, -200, -190, -200, 
-805, -829, -24, 817, -390, -427, -248, -258, -248, -200, -190, -200, 
-795, -829, -34, 812, -380, -431, -248, -258, -244, -200, -190, -200, 
-795, -834, -39, 814, -378, -436, -248, -258, -239, -200, -190, -200, 
-810, -819, -9, 814, -400, -414, -253, -283, -253, -219, -214, -209, 
-785, -819, -34, 802, -375, -427, -268, -307, -278, -239, -234, -229, 
-722, -834, -112, 778, -305, -473, -287, -322, -302, -268, -253, -248, 
-741, -849, -107, 795, -317, -478, -273, -312, -292, -268, -253, -258, 
-810, -873, -63, 841, -373, -468, -244, -287, -263, -244, -234, -248, 
-810, -883, -73, 846, -368, -478, -239, -273, -258, -229, -244, -248, 
-771, -873, -102, 822, -334, -488, -244, -283, -268, -248, -263, -273, 
-756, -868, -112, 812, -322, -490, -229, -283, -278, -263, -263, -283, 
-775, -888, -112, 832, -331, -500, -204, -273, -263, -258, -263, -287, 
-775, -902, -126, 839, -324, -514, -180, -263, -253, -258, -278, -292, 
-766, -907, -141, 836, -312, -524, -175, -263, -263, -268, -287, -307, 
-756, -912, -156, 834, -300, -534, -165, -244, -253, -258, -268, -307, 
-766, -917, -151, 841, -307, -534, -161, -200, -214, -195, -195, -268, 
-780, -936, -156, 858, -312, -546, -141, -131, -161, -107, -78, -204, 
-775, -976, -200, 875, -287, -588, -126, -58, -122, -24, 29, -151, 
-751, -1029, -278, 890, -236, -653, -102, 14, -78, 63, 131, -107, 
-727, -1029, -302, 878, -212, -666, -107, 87, -24, 156, 248, -53, 
-658, -1000, -341, 829, -158, -671, -126, 151, 19, 258, 400, 24, 
-575, -1010, -434, 793, -70, -722, -141, 234, 68, 380, 566, 122, 
-522, -1024, -502, 773, -9, -763, -131, 336, 141, 536, 751, 239, 
-444, -1015, -570, 729, 63, -793, -131, 463, 239, 702, 976, 366, 
-366, -1034, -668, 700, 151, -851, -151, 561, 292, 849, 1151, 458, 
-336, -1093, -756, 714, 209, -924, -165, 649, 317, 932, 1244, 483, 
-302, -1146, -844, 724, 270, -995, -146, 741, 346, 961, 1259, 429, 
-258, -1220, -961, 739, 351, -1090, -122, 805, 356, 922, 1151, 268, 
-268, -1390, -1122, 829, 427, -1256, -107, 844, 317, 800, 912, 4, 
-322, -1566, -1244, 944, 461, -1405, -73, 902, 307, 702, 649, -278, 
-366, -1649, -1283, 1007, 458, -1466, -24, 946, 336, 624, 405, -522, 
-370, -1683, -1312, 1027, 470, -1498, -14, 956, 326, 527, 185, -722, 
-346, -1712, -1366, 1029, 509, -1539, -34, 951, 292, 444, 9, -849, 
-317, -1747, -1429, 1032, 556, -1588, -48, 956, 287, 380, -97, -897, 
-317, -1766, -1449, 1041, 566, -1607, -63, 966, 292, 336, -180, -932, 
-253, -1737, -1483, 995, 614, -1610, -78, 956, 278, 292, -248, -956, 
-239, -1708, -1468, 973, 614, -1588, -102, 936, 229, 239, -302, -976, 
-268, -1712, -1444, 990, 588, -1578, -151, 888, 165, 156, -361, -1015, 
-190, -1634, -1444, 912, 627, -1539, -195, 824, 92, 63, -409, -1024, 
-107, -1537, -1429, 822, 661, -1483, -204, 761, 39, -14, -444, -1010, 
-175, -1537, -1361, 856, 592, -1449, -204, 668, -29, -117, -512, -1000, 
-322, -1595, -1273, 958, 475, -1434, -209, 531, -126, -248, -600, -1005, 
-453, -1649, -1195, 1051, 370, -1422, -219, 370, -234, -395, -712, -1044, 
-541, -1673, -1132, 1107, 295, -1403, -214, 190, -326, -546, -829, -1083, 
-605, -1634, -1029, 1119, 212, -1332, -165, 78, -351, -619, -878, -1063, 
-619, -1561, -941, 1090, 161, -1251, -102, 24, -351, -629, -868, -1015, 
-595, -1503, -907, 1049, 156, -1205, -68, -14, -356, -644, -858, -980, 
-653, -1498, -844, 1076, 95, -1171, -39, -53, -366, -658, -858, -961, 
-727, -1483, -756, 1105, 14, -1119, 0, -82, -351, -668, -849, -951, 
-697, -1410, -712, 1054, 7, -1061, 34, -117, -331, -658, -844, -927, 
-688, -1327, -639, 1007, -24, -983, 82, -151, -326, -658, -829, -888, 
-785, -1322, -536, 1054, -124, -929, 126, -200, -322, -663, -839, -854, 
-839, -1302, -463, 1071, -187, -883, 180, -239, -312, -653, -824, -814, 
-839, -1224, -385, 1032, -226, -805, 239, -258, -273, -624, -785, -766, 
-868, -1171, -302, 1019, -283, -736, 278, -287, -253, -605, -756, -717, 
-907, -1146, -239, 1027, -334, -692, 278, -336, -263, -600, -736, -683, 
-936, -1102, -165, 1019, -385, -634, 297, -361, -248, -580, -702, -649, 
-941, -1005, -63, 973, -439, -534, 331, -341, -209, -522, -624, -595, 
-897, -912, -14, 905, -441, -463, 356, -341, -195, -483, -580, -531, 
-902, -893, 9, 897, -456, -441, 361, -361, -209, -468, -556, -507, 
-951, -912, 39, 932, -495, -436, 361, -370, -229, -463, -536, -492, 
-956, -883, 73, 919, -514, -405, 366, -370, -214, -429, -507, -444, 
-946, -824, 122, 885, -534, -351, 375, -361, -214, -395, -463, -400, 
-936, -805, 131, 871, -534, -336, 356, -366, -224, -380, -444, -380, 
-927, -834, 92, 880, -509, -370, 292, -385, -229, -380, -439, -375, 
-897, -824, 73, 861, -485, -375, 200, -380, -234, -366, -405, -341, 
-868, -775, 92, 822, -480, -341, 122, -356, -234, -326, -366, -317, 
-849, -736, 112, 793, -480, -312, 58, -341, -224, -297, -331, -292, 
-834, -717, 117, 775, -475, -300, 4, -317, -214, -278, -302, -263, 
-785, -717, 68, 751, -427, -324, -58, -302, -214, -253, -268, -234, 
-746, -697, 48, 722, -397, -324, -122, -297, -229, -244, -248, -219, 
-741, -644, 97, 692, -419, -273, -161, -287, -244, -224, -234, -190, 
-727, -634, 92, 680, -409, -270, -195, -297, -248, -224, -234, -170, 
-722, -644, 78, 683, -400, -283, -209, -287, -244, -229, -234, -175, 
-722, -649, 73, 685, -397, -287, -239, -292, -253, -224, -219, -161, 
-727, -653, 73, 690, -400, -290, -239, -292, -258, -214, -214, -151, 
-727, -658, 68, 692, -397, -295, -239, -312, -258, -209, -209, -146, 
-722, -663, 58, 692, -390, -302, -244, -307, -258, -219, -219, -161, 
-727, -668, 58, 697, -392, -305, -248, -307, -258, -219, -214, -165, 
-741, -688, 53, 714, -397, -317, -248, -307, -248, -214, -214, -170, 
-746, -702, 43, 724, -395, -329, -253, -307, -248, -214, -209, -175, 
-727, -683, 43, 705, -385, -319, -244, -302, -244, -204, -195, -151, 
-712, -668, 43, 690, -378, -312, -258, -297, -248, -200, -190, -141, 
-697, -649, 48, 673, -373, -300, -263, -287, -248, -195, -180, -126, 
-688, -624, 63, 656, -375, -280, -273, -278, -244, -185, -165, -102, 
-697, -639, 58, 668, -378, -290, -278, -292, -244, -185, -175, -112, 
-697, -653, 43, 675, -370, -305, -278, -302, -248, -190, -185, -122, 
-688, -649, 39, 668, -363, -305, -278, -307, -248, -200, -195, -136, 
-668, -629, 39, 649, -353, -295, -273, -312, -253, -209, -200, -151, 
-658, -610, 48, 634, -353, -280, -263, -312, -263, -204, -190, -151, 
-678, -605, 73, 641, -375, -265, -268, -302, -263, -200, -190, -146, 
-688, -610, 78, 649, -383, -265, -278, -292, -263, -200, -190, -141, 
-697, -614, 82, 656, -390, -265, -278, -287, -258, -195, -185, -126, 
-697, -614, 82, 656, -390, -265, -283, -302, -263, -204, -185, -117, 
-697, -614, 82, 656, -390, -265, -287, -312, -273, -209, -190, -122, 
-697, -610, 87, 653, -392, -261, -292, -317, -278, -214, -195, -112, 
-683, -610, 73, 646, -378, -268, -297, -322, -283, -219, -195, -112, 
-668, -595, 73, 631, -370, -261, -287, -307, -273, -204, -180, -112, 
-658, -590, 68, 624, -363, -261, -283, -307, -268, -204, -185, -117, 
-653, -585, 68, 619, -361, -258, -283, -317, -263, -200, -180, -117, 
-644, -590, 53, 617, -348, -268, -283, -312, -253, -195, -175, -117, 
-629, -585, 43, 607, -336, -270, -273, -287, -244, -180, -161, -107, 
-634, -566, 68, 600, -351, -248, -278, -287, -244, -175, -156, -97, 
-639, -566, 73, 602, -356, -246, -283, -287, -244, -175, -156, -97, 
-649, -580, 68, 614, -358, -256, -287, -287, -248, -180, -156, -97, 
-663, -575, 87, 619, -375, -244, -283, -273, -239, -170, -141, -82, 
-649, -566, 82, 607, -366, -241, -273, -268, -229, -165, -136, -78, 
-644, -561, 82, 602, -363, -239, -268, -273, -219, -161, -131, -73, 
-649, -570, 78, 610, -363, -246, -268, -268, -209, -156, -141, -82, 
-668, -570, 97, 619, -383, -236, -278, -273, -234, -170, -156, -92, 
-668, -556, 112, 612, -390, -222, -283, -278, -229, -170, -156, -92, 
-678, -556, 122, 617, -400, -217, -287, -278, -234, -175, -146, -87, 
-702, -570, 131, 636, -417, -219, -297, -283, -239, -180, -146, -87, 
-678, -566, 112, 622, -395, -226, -287, -287, -248, -170, -141, -78, 
-663, -551, 112, 607, -387, -219, -287, -283, -244, -161, -141, -63, 
-649, -556, 92, 602, -370, -231, -292, -287, -244, -156, -141, -58, 
-634, -556, 78, 595, -356, -239, -302, -292, -244, -156, -141, -58, 
-610, -531, 78, 570, -344, -226, -283, -278, -234, -146, -136, -48, 
-585, -507, 78, 546, -331, -214, -283, -273, -224, -141, -122, -48, 
-561, -488, 73, 524, -317, -207, -283, -268, -214, -136, -112, -48, 
-536, -468, 68, 502, -302, -200, -283, -263, -204, -131, -107, -43, 
-541, -458, 82, 500, -312, -187, -278, -248, -209, -122, -87, -24, 
-531, -439, 92, 485, -312, -173, -278, -244, -209, -122, -87, -19, 
-527, -424, 102, 475, -314, -161, -278, -239, -209, -122, -87, -14, 
-522, -434, 87, 478, -305, -173, -283, -239, -209, -122, -87, -9, 
-512, -429, 82, 470, -297, -173, -273, -239, -204, -112, -87, 0, 
-507, -429, 78, 468, -292, -175, -278, -239, -200, -112, -92, 0, 
-507, -429, 78, 468, -292, -175, -283, -239, -195, -112, -92, 0, 
-502, -419, 82, 461, -292, -168, -283, -234, -185, -112, -82, 0, 
-473, -405, 68, 439, -270, -168, -278, -229, -185, -107, -78, 4, 
-468, -395, 73, 431, -270, -161, -292, -229, -190, -107, -73, 4, 
-463, -400, 63, 431, -263, -168, -302, -224, -190, -107, -78, 0, 
-448, -390, 58, 419, -253, -165, -307, -219, -190, -102, -73, 0, 
-468, -375, 92, 422, -280, -141, -292, -209, -180, -87, -58, 9, 
-478, -380, 97, 429, -287, -141, -287, -200, -180, -78, -53, 19, 
-488, -390, 97, 439, -292, -146, -283, -190, -175, -63, -43, 29, 
-473, -390, 82, 431, -278, -153, -278, -185, -170, -58, -43, 34, 
-444, -375, 68, 409, -256, -153, -287, -165, -165, -43, -34, 34, 
-434, -370, 63, 402, -248, -153, -287, -151, -161, -39, -29, 34, 
-424, -366, 58, 395, -241, -153, -287, -146, -156, -34, -24, 34, 
-395, -351, 43, 373, -219, -153, -287, -136, -146, -29, -24, 34, 
-385, -351, 34, 368, -209, -158, -287, -117, -146, -29, -19, 43, 
-375, -361, 14, 368, -195, -173, -297, -117, -146, -29, -14, 43, 
-370, -361, 9, 366, -190, -175, -292, -117, -141, -29, -9, 43, 
-366, -361, 4, 363, -185, -178, -287, -112, -141, -24, -4, 43, 
-366, -370, -4, 368, -180, -187, -297, -122, -151, -34, -19, 39, 
-341, -385, -43, 363, -148, -214, -297, -117, -151, -34, -19, 34, 
-341, -390, -48, 366, -146, -219, -292, -97, -136, -24, -4, 29, 
-351, -385, -34, 368, -158, -209, -292, -87, -131, -24, -4, 24, 
-326, -366, -39, 346, -143, -202, -292, -82, -126, -14, 4, 19, 
-312, -346, -34, 329, -139, -190, -292, -78, -122, -14, 4, 14, 
-283, -331, -48, 307, -117, -190, -287, -63, -112, -4, 14, 19, 
-248, -312, -63, 280, -92, -187, -287, -63, -107, 0, 4, 14, 
-244, -312, -68, 278, -87, -190, -283, -48, -102, 14, 9, 24, 
-239, -326, -87, 283, -75, -207, -278, -48, -97, 19, 19, 29, 
-234, -326, -92, 280, -70, -209, -253, -34, -92, 24, 34, 34, 
-229, -326, -97, 278, -65, -212, -239, -29, -87, 34, 43, 39, 
-239, -326, -87, 283, -75, -207, -229, -14, -78, 43, 43, 29, 
-234, -317, -82, 275, -75, -200, -229, -9, -68, 43, 53, 34, 
-224, -297, -73, 261, -75, -185, -229, -9, -58, 43, 53, 34, 
-200, -287, -87, 244, -56, -187, -229, -19, -53, 34, 43, 24, 
-200, -292, -92, 246, -53, -192, -229, -19, -48, 34, 39, 24, 
-200, -287, -87, 244, -56, -187, -224, -14, -48, 43, 39, 24, 
-209, -283, -73, 246, -68, -178, -214, -9, -39, 43, 39, 34, 
-219, -268, -48, 244, -85, -158, -214, -9, -39, 43, 34, 24, 
-229, -273, -43, 251, -92, -158, -204, -9, -39, 53, 43, 19, 
-239, -278, -39, 258, -100, -158, -185, 0, -24, 58, 43, 24, 
-263, -287, -24, 275, -119, -156, -165, 0, -24, 63, 39, 19, 
-297, -302, -4, 300, -146, -153, -141, -9, -24, 63, 34, 4, 
-268, -283, -14, 275, -126, -148, -141, -14, -19, 58, 43, 9, 
-248, -263, -14, 256, -117, -139, -141, -19, -19, 53, 39, 9, 
-229, -253, -24, 241, -102, -139, -146, -24, -24, 43, 34, -4, 
-209, -253, -43, 231, -82, -148, -151, -29, -29, 39, 24, -4, 
-219, -239, -19, 229, -100, -129, -131, -19, -9, 58, 29, 19, 
-229, -229, 0, 229, -114, -114, -112, -14, -4, 63, 48, 34, 
-219, -219, 0, 219, -109, -109, -92, -4, 4, 68, 53, 34, 
-219, -209, 9, 214, -114, -100, -78, 4, 19, 73, 63, 34, 
-214, -229, -14, 222, -100, -122, -78, 0, 0, 68, 58, 24, 
-204, -229, -24, 217, -90, -126, -82, -9, 0, 63, 53, 24, 
-190, -219, -29, 204, -80, -124, -82, -14, -4, 53, 34, 14, 
-175, -219, -43, 197, -65, -131, -82, -24, -4, 48, 29, 14, 
-180, -224, -43, 202, -68, -134, -82, -34, 0, 48, 39, 24, 
-185, -229, -43, 207, -70, -136, -73, -34, 0, 48, 39, 24, 
-190, -234, -43, 212, -73, -139, -68, -34, 0, 43, 39, 24, 
-195, -219, -24, 207, -85, -122, -68, -39, -4, 34, 34, 19, 
-200, -219, -19, 209, -90, -119, -63, -39, -9, 43, 29, 19, 
-195, -239, -43, 217, -75, -141, -58, -39, -9, 43, 24, 19, 
-239, -258, -19, 248, -109, -139, -48, -39, -14, 34, 19, 9, 
-258, -258, 0, 258, -129, -129, -43, -34, -14, 34, 19, 4, 
-234, -219, 14, 226, -124, -102, -48, -34, -4, 34, 19, 14, 
-200, -185, 14, 192, -107, -85, -48, -34, -4, 39, 14, 14, 
-190, -151, 39, 170, -114, -56, -39, -39, -4, 43, 19, 14, 
-165, -117, 48, 141, -107, -34, -39, -39, -4, 43, 24, 9, 
-151, -151, 0, 151, -75, -75, -34, -34, -9, 34, 14, 9, 
-161, -165, -4, 163, -78, -85, -34, -39, -9, 29, 14, 0, 
-136, -170, -34, 153, -51, -102, -29, -39, -9, 29, 19, 14, 
-126, -165, -39, 146, -43, -102, -29, -39, -9, 29, 24, 14, 
-126, -161, -34, 143, -46, -97, -19, -24, -4, 34, 29, 24, 
-131, -165, -34, 148, -48, -100, -19, -34, -4, 34, 29, 24, 
-136, -175, -39, 156, -48, -107, -29, -29, -4, 39, 34, 34, 
-136, -170, -34, 153, -51, -102, -29, -24, -4, 43, 39, 43, 
-112, -156, -43, 134, -34, -100, -34, -24, -4, 34, 34, 43, 
-97, -141, -43, 119, -26, -92, -29, -19, 0, 39, 34, 43, 
-87, -136, -48, 112, -19, -92, -29, -24, 0, 39, 29, 39, 
-87, -136, -48, 112, -19, -92, -24, -29, 4, 43, 29, 34, 
-117, -161, -43, 139, -36, -102, -24, -19, 4, 43, 34, 39, 
-122, -161, -39, 141, -41, -100, -24, -24, 4, 39, 34, 39, 
-92, -151, -58, 122, -17, -104, -29, -29, 4, 34, 29, 39, 
-92, -146, -53, 119, -19, -100, -29, -34, 4, 34, 29, 39, 
-82, -126, -43, 104, -19, -85, -24, -29, 14, 39, 39, 48, 
-82, -122, -39, 102, -21, -80, -19, -29, 14, 43, 39, 48, 
-82, -126, -43, 104, -19, -85, -19, -29, 14, 39, 34, 39, 
-82, -112, -29, 97, -26, -70, -19, -34, 14, 43, 34, 39, 
-107, -102, 4, 104, -56, -48, -4, -29, 19, 58, 48, 43, 
-107, -97, 9, 102, -58, -43, 0, -19, 19, 63, 53, 43, 
-117, -97, 19, 107, -68, -39, 4, -14, 24, 68, 48, 48, 
-117, -92, 24, 104, -70, -34, 9, -9, 29, 73, 53, 53, 
-97, -68, 29, 82, -63, -19, 19, -19, 29, 73, 43, 58, 
-87, -68, 19, 78, -53, -24, 9, -19, 19, 68, 53, 58, 
-78, -63, 14, 70, -46, -24, 0, -19, 9, 58, 58, 58, 
-63, -48, 14, 56, -39, -17, 0, -29, 9, 58, 58, 58, 
-58, -43, 14, 51, -36, -14, 14, -24, 24, 63, 63, 63, 
-58, -43, 14, 51, -36, -14, 14, -9, 34, 68, 63, 73, 
-63, -48, 14, 56, -39, -17, 19, -4, 39, 73, 63, 78, 
-63, -58, 4, 61, -34, -26, 24, 0, 39, 73, 58, 82, 
-58, -48, 9, 53, -34, -19, 19, -9, 29, 63, 48, 63, 
-53, -48, 4, 51, -29, -21, 14, -14, 24, 58, 43, 58, 
-43, -39, 4, 41, -24, -17, 9, -19, 19, 53, 43, 58, 
-34, -34, 0, 34, -17, -17, 4, -24, 14, 48, 39, 58, 
-48, -19, 29, 34, -39, 4, 19, -19, 24, 53, 43, 78, 
-48, -9, 39, 29, -43, 14, 24, -14, 29, 58, 43, 78, 
-34, -4, 29, 19, -31, 12, 19, -19, 34, 53, 48, 73, 
-24, -9, 14, 17, -19, 2, 24, -19, 39, 53, 48, 73, 
-24, -14, 9, 19, -17, -2, 19, -19, 39, 48, 48, 73, 
-9, 0, 9, 4, -9, 4, 24, -14, 39, 48, 43, 68, 
4, 9, 4, -7, 0, 7, 24, -14, 39, 53, 39, 68, 
14, 14, 0, -14, 7, 7, 24, -14, 43, 53, 34, 68, 
19, 4, -14, -12, 17, -4, 29, -9, 53, 58, 39, 78, 
19, 4, -14, -12, 17, -4, 34, -4, 53, 63, 39, 78, 
19, 4, -14, -12, 17, -4, 39, 0, 53, 68, 43, 68, 
34, 4, -29, -19, 31, -12, 43, 4, 48, 73, 48, 53, 
19, 9, -9, -14, 14, 0, 39, 9, 48, 58, 43, 53, 
0, 9, 9, -4, -4, 9, 39, 9, 48, 58, 43, 63, 
-14, 9, 24, 2, -19, 17, 43, 9, 53, 63, 58, 68, 
-29, 14, 43, 7, -36, 29, 63, 14, 53, 63, 63, 78, 
-48, 9, 58, 19, -53, 34, 48, 4, 53, 68, 58, 78, 
-34, 4, 39, 14, -36, 21, 48, 0, 48, 63, 53, 73, 
-9, 0, 9, 4, -9, 4, 48, -4, 48, 58, 48, 68, 
0, -4, -4, 2, 2, -4, 43, -9, 43, 53, 43, 63, 
9, 4, -4, -7, 7, 0, 29, -9, 39, 48, 43, 68, 
29, 14, -14, -21, 21, 0, 24, -9, 39, 48, 43, 68, 
48, 19, -29, -34, 39, -4, 24, -9, 34, 48, 43, 68, 
68, 24, -43, -46, 56, -9, 9, -4, 34, 48, 48, 78, 
63, 34, -29, -48, 46, 2, 34, 0, 29, 53, 53, 78, 
68, 43, -24, -56, 46, 9, 39, 0, 39, 58, 48, 78, 
68, 34, -34, -51, 51, 0, 43, 0, 43, 58, 43, 73, 
58, 34, -24, -46, 41, 4, 43, 0, 43, 58, 34, 68, 
73, 43, -29, -58, 51, 7, 48, 9, 48, 78, 48, 78, 
78, 48, -29, -63, 53, 9, 53, 14, 43, 78, 48, 78, 
97, 58, -39, -78, 68, 9, 53, 24, 43, 78, 58, 78, 
102, 73, -29, -87, 65, 21, 63, 34, 48, 87, 73, 87, 
102, 87, -14, -95, 58, 36, 73, 39, 63, 97, 78, 97, 
112, 92, -19, -102, 65, 36, 73, 39, 58, 97, 82, 102, 
112, 97, -14, -104, 63, 41, 73, 43, 63, 102, 87, 117, 
97, 92, -4, -95, 51, 43, 78, 53, 78, 102, 97, 136, 
53, 102, 48, -78, 2, 75, 78, 53, 68, 92, 87, 117, 
63, 107, 43, -85, 9, 75, 78, 48, 68, 92, 87, 107, 
78, 107, 29, -92, 24, 68, 73, 43, 68, 92, 87, 102, 
97, 102, 4, -100, 46, 53, 73, 39, 68, 92, 87, 92, 
92, 122, 29, -107, 31, 75, 92, 48, 68, 112, 87, 87, 
136, 156, 19, -146, 58, 87, 78, 39, 78, 107, 87, 87, 
136, 146, 9, -141, 63, 78, 73, 29, 68, 97, 78, 87, 
136, 146, 9, -141, 63, 78, 68, 29, 68, 97, 78, 87, 
136, 146, 9, -141, 63, 78, 63, 29, 68, 97, 78, 87, 
136, 146, 9, -141, 63, 78, 58, 29, 68, 97, 78, 87, 
151, 141, -9, -146, 80, 65, 58, 29, 68, 97, 87, 97, 
170, 141, -29, -156, 100, 56, 58, 29, 68, 97, 87, 97, 
161, 141, -19, -151, 90, 61, 58, 34, 68, 97, 87, 97, 
156, 136, -19, -146, 87, 58, 58, 43, 68, 97, 87, 97, 
151, 136, -14, -143, 82, 61, 63, 53, 78, 102, 97, 112, 
190, 146, -43, -168, 117, 51, 68, 53, 82, 117, 102, 122, 
214, 180, -34, -197, 124, 73, 73, 53, 87, 126, 117, 131, 
209, 180, -29, -195, 119, 75, 82, 53, 87, 131, 122, 146, 
180, 185, 4, -183, 87, 95, 87, 58, 97, 126, 131, 156, 
190, 195, 4, -192, 92, 100, 97, 68, 102, 126, 131, 156, 
200, 204, 4, -202, 97, 104, 102, 78, 117, 141, 136, 161, 
214, 214, 0, -214, 107, 107, 112, 82, 122, 141, 141, 161, 
200, 200, 0, -200, 100, 100, 107, 68, 107, 131, 131, 151, 
170, 200, 29, -185, 70, 114, 97, 63, 97, 131, 131, 146, 
146, 200, 53, -173, 46, 126, 92, 58, 92, 126, 126, 146, 
117, 185, 68, -151, 24, 126, 87, 53, 92, 126, 126, 151, 
131, 195, 63, -163, 34, 129, 97, 63, 97, 136, 146, 161, 
156, 204, 48, -180, 53, 126, 97, 68, 112, 151, 161, 170, 
175, 214, 39, -195, 68, 126, 97, 73, 117, 156, 161, 175, 
170, 224, 53, -197, 58, 139, 92, 73, 122, 161, 151, 185, 
180, 234, 53, -207, 63, 143, 82, 73, 126, 161, 161, 180, 
190, 244, 53, -217, 68, 148, 78, 73, 126, 175, 175, 185, 
214, 253, 39, -234, 87, 146, 73, 78, 126, 180, 175, 190, 
239, 263, 24, -251, 107, 143, 73, 82, 131, 180, 180, 195, 
263, 278, 14, -270, 124, 146, 63, 73, 126, 175, 180, 185, 
278, 278, 0, -278, 139, 139, 48, 73, 117, 170, 175, 185, 
292, 278, -14, -285, 153, 131, 39, 73, 107, 161, 170, 185, 
336, 278, -58, -307, 197, 109, 34, 73, 102, 156, 165, 185, 
312, 283, -29, -297, 170, 126, 39, 78, 107, 165, 175, 195, 
297, 268, -29, -283, 163, 119, 43, 82, 102, 165, 170, 195, 
283, 292, 9, -287, 136, 151, 39, 87, 107, 165, 170, 195, 
292, 317, 24, -305, 134, 170, 53, 92, 117, 165, 185, 204, 
312, 317, 4, -314, 153, 161, 58, 102, 131, 185, 204, 224, 
322, 302, -19, -312, 170, 141, 68, 107, 136, 190, 204, 224, 
336, 312, -24, -324, 180, 143, 68, 107, 136, 190, 209, 224, 
346, 322, -24, -334, 185, 148, 68, 117, 136, 190, 209, 224, 
351, 312, -39, -331, 195, 136, 58, 102, 136, 190, 209, 224, 
331, 307, -24, -319, 178, 141, 58, 102, 131, 190, 209, 229, 
317, 307, -9, -312, 163, 148, 73, 102, 131, 190, 209, 234, 
302, 307, 4, -305, 148, 156, 73, 97, 126, 180, 195, 234, 
287, 283, -4, -285, 146, 139, 78, 102, 126, 165, 185, 214, 
273, 273, 0, -273, 136, 136, 78, 102, 112, 156, 180, 204, 
273, 268, -4, -270, 139, 131, 82, 92, 102, 146, 161, 190, 
263, 244, -19, -253, 141, 112, 78, 78, 87, 126, 146, 165, 
263, 244, -19, -253, 141, 112, 73, 73, 82, 131, 131, 161, 
253, 244, -9, -248, 131, 117, 87, 78, 87, 126, 136, 165, 
253, 248, -4, -251, 129, 122, 102, 87, 92, 141, 146, 170, 
253, 263, 9, -258, 122, 136, 112, 92, 112, 156, 156, 180, 
263, 278, 14, -270, 124, 146, 122, 92, 122, 156, 170, 180, 
268, 287, 19, -278, 124, 153, 122, 97, 122, 156, 161, 185, 
273, 292, 19, -283, 126, 156, 126, 102, 126, 161, 161, 185, 
273, 292, 19, -283, 126, 156, 131, 107, 126, 161, 161, 180, 
248, 278, 29, -263, 109, 153, 126, 107, 126, 156, 151, 165, 
234, 253, 19, -244, 107, 136, 126, 107, 126, 156, 151, 165, 
214, 244, 29, -229, 92, 136, 117, 107, 126, 151, 146, 161, 
224, 234, 9, -229, 107, 122, 112, 92, 112, 136, 136, 151, 
258, 229, -29, -244, 143, 100, 102, 82, 102, 126, 131, 151, 
273, 229, -43, -251, 158, 92, 107, 87, 102, 126, 126, 151, 
287, 229, -58, -258, 173, 85, 107, 87, 102, 126, 122, 151, 
302, 239, -63, -270, 183, 87, 107, 87, 92, 122, 112, 146, 
326, 234, -92, -280, 209, 70, 112, 97, 102, 126, 126, 156, 
322, 244, -78, -283, 200, 82, 112, 92, 102, 131, 131, 156, 
326, 253, -73, -290, 200, 90, 112, 92, 102, 136, 141, 156, 
317, 263, -53, -290, 185, 104, 112, 92, 102, 141, 146, 161, 
292, 253, -39, -273, 165, 107, 112, 78, 107, 151, 156, 165, 
312, 268, -43, -290, 178, 112, 112, 78, 107, 151, 156, 165, 
326, 268, -58, -297, 192, 104, 117, 82, 107, 151, 156, 170, 
312, 268, -43, -290, 178, 112, 117, 82, 112, 156, 156, 175, 
302, 278, -24, -290, 163, 126, 126, 87, 122, 146, 146, 165, 
302, 273, -29, -287, 165, 122, 126, 92, 117, 146, 146, 161, 
302, 268, -34, -285, 168, 117, 131, 97, 117, 146, 146, 161, 
302, 268, -34, -285, 168, 117, 131, 107, 122, 151, 146, 170, 
322, 292, -29, -307, 175, 131, 122, 97, 112, 151, 141, 165, 
326, 312, -14, -319, 170, 148, 122, 102, 112, 151, 141, 161, 
341, 326, -14, -334, 178, 156, 122, 102, 112, 151, 141, 156, 
346, 336, -9, -341, 178, 163, 122, 102, 112, 151, 141, 151, 
429, 312, -117, -370, 273, 97, 136, 97, 117, 161, 146, 170, 
346, 283, -63, -314, 204, 109, 161, 122, 131, 170, 165, 190, 
253, 278, 24, -265, 114, 151, 151, 126, 126, 161, 165, 190, 
263, 263, 0, -263, 131, 131, 136, 107, 117, 141, 146, 170, 
302, 248, -53, -275, 178, 97, 146, 112, 117, 136, 136, 161, 
322, 248, -73, -285, 197, 87, 161, 126, 131, 151, 146, 161, 
341, 278, -63, -309, 202, 107, 156, 126, 131, 161, 136, 146, 
346, 283, -63, -314, 204, 109, 170, 136, 141, 156, 136, 136, 
297, 244, -53, -270, 175, 95, 175, 117, 136, 141, 107, 112, 
239, 190, -48, -214, 143, 70, 161, 78, 97, 112, 73, 58, 
209, 156, -53, -183, 131, 51, 156, 87, 87, 102, 63, 43, 
287, 180, -107, -234, 197, 36, 195, 146, 126, 122, 102, 73, 
385, 214, -170, -300, 278, 21, 239, 190, 165, 185, 175, 122, 
380, 204, -175, -292, 278, 14, 258, 248, 209, 253, 283, 175, 
375, 195, -180, -285, 278, 7, 253, 331, 258, 346, 409, 248, 
458, 200, -258, -329, 358, -29, 268, 414, 312, 424, 522, 302, 
492, 151, -341, -322, 417, -95, 263, 468, 336, 497, 629, 336, 
502, 82, -419, -292, 461, -168, 244, 512, 361, 580, 761, 405, 
585, 92, -492, -339, 539, -200, 219, 585, 380, 683, 917, 483, 
697, 146, -551, -422, 624, -202, 200, 668, 424, 810, 1073, 570, 
746, 136, -610, -441, 678, -236, 180, 756, 483, 936, 1239, 668, 
805, 107, -697, -456, 751, -295, 180, 873, 527, 1063, 1424, 761, 
854, 68, -785, -461, 819, -358, 165, 971, 551, 1137, 1546, 795, 
878, -34, -912, -422, 895, -473, 165, 1044, 561, 1156, 1542, 751, 
883, -175, -1058, -353, 971, -617, 180, 1098, 561, 1098, 1405, 600, 
883, -326, -1210, -278, 1046, -768, 204, 1146, 531, 985, 1156, 336, 
858, -444, -1302, -207, 1080, -873, 239, 1166, 512, 849, 844, 14, 
834, -527, -1361, -153, 1098, -944, 278, 1190, 522, 741, 551, -278, 
819, -570, -1390, -124, 1105, -980, 307, 1210, 531, 663, 322, -497, 
824, -600, -1424, -112, 1124, -1012, 307, 1224, 527, 610, 165, -614, 
805, -585, -1390, -109, 1098, -988, 283, 1220, 502, 556, 48, -683, 
766, -566, -1332, -100, 1049, -949, 258, 1229, 497, 512, -14, -707, 
751, -575, -1327, -87, 1039, -951, 253, 1239, 502, 507, -34, -702, 
795, -585, -1381, -104, 1088, -983, 229, 1229, 463, 463, -58, -712, 
834, -561, -1395, -136, 1115, -978, 170, 1171, 390, 390, -107, -722, 
805, -522, -1327, -141, 1066, -924, 126, 1098, 317, 317, -146, -702, 
761, -492, -1254, -134, 1007, -873, 107, 1015, 253, 219, -180, -688, 
771, -483, -1254, -143, 1012, -868, 78, 912, 185, 107, -258, -697, 
839, -453, -1293, -192, 1066, -873, 53, 756, 97, -34, -366, -722, 
893, -419, -1312, -236, 1102, -866, 53, 614, 29, -151, -478, -751, 
844, -366, -1210, -239, 1027, -788, 117, 502, 14, -224, -536, -741, 
663, -356, -1019, -153, 841, -688, 185, 419, 29, -258, -546, -702, 
483, -370, -854, -56, 668, -612, 239, 375, 48, -268, -517, -663, 
448, -370, -819, -39, 634, -595, 283, 346, 63, -263, -497, -629, 
439, -356, -795, -41, 617, -575, 331, 317, 63, -278, -507, -610, 
424, -322, -746, -51, 585, -534, 380, 287, 68, -297, -507, -590, 
453, -248, -702, -102, 578, -475, 424, 273, 107, -268, -502, -566, 
473, -185, -658, -143, 566, -422, 473, 258, 141, -258, -497, -546, 
405, -170, -575, -117, 490, -373, 517, 219, 156, -253, -488, -512, 
341, -151, -492, -95, 417, -322, 570, 190, 165, -244, -473, -473, 
322, -82, -405, -119, 363, -244, 629, 180, 204, -214, -444, -424, 
331, 9, -322, -170, 326, -156, 688, 190, 253, -165, -385, -346, 
302, 92, -209, -197, 256, -58, 727, 190, 273, -131, -326, -283, 
283, 146, -136, -214, 209, 4, 785, 185, 287, -112, -283, -239, 
268, 175, -92, -222, 180, 41, 829, 165, 307, -82, -244, -214, 
234, 190, -43, -212, 139, 73, 824, 136, 302, -73, -219, -190, 
239, 229, -9, -234, 124, 109, 829, 117, 287, -58, -204, -175, 
248, 287, 39, -268, 104, 163, 849, 117, 297, -34, -175, -131, 
234, 346, 112, -290, 61, 229, 863, 107, 312, 0, -136, -82, 
234, 405, 170, -319, 31, 287, 863, 97, 312, 34, -102, -48, 
224, 444, 219, -334, 2, 331, 844, 82, 312, 48, -63, -9, 
204, 434, 229, -319, -12, 331, 819, 92, 317, 68, -39, 24, 
195, 424, 229, -309, -17, 326, 785, 107, 312, 82, -4, 68, 
234, 434, 200, -334, 17, 317, 688, 102, 283, 92, 24, 102, 
292, 463, 170, -378, 61, 317, 595, 97, 253, 102, 48, 126, 
346, 483, 136, -414, 104, 309, 512, 102, 244, 122, 68, 136, 
375, 492, 117, -434, 129, 305, 439, 107, 234, 136, 92, 146, 
375, 483, 107, -429, 134, 295, 356, 92, 190, 136, 112, 161, 
390, 488, 97, -439, 146, 292, 278, 102, 175, 156, 126, 180, 
444, 536, 92, -490, 175, 314, 234, 122, 180, 185, 156, 219, 
453, 541, 87, -497, 183, 314, 195, 107, 165, 175, 161, 224, 
458, 551, 92, -505, 183, 322, 151, 97, 146, 175, 170, 239, 
458, 561, 102, -509, 178, 331, 136, 92, 131, 180, 170, 248, 
463, 570, 107, -517, 178, 339, 122, 68, 122, 180, 170, 253, 
463, 561, 97, -512, 183, 329, 136, 68, 126, 165, 170, 248, 
463, 561, 97, -512, 183, 329, 141, 73, 131, 161, 175, 244, 
453, 546, 92, -500, 180, 319, 151, 78, 146, 161, 175, 239, 
453, 536, 82, -495, 185, 309, 156, 82, 151, 156, 180, 234, 
473, 546, 73, -509, 200, 309, 136, 82, 151, 170, 170, 248, 
488, 551, 63, -519, 212, 307, 112, 82, 141, 170, 170, 248, 
502, 561, 58, -531, 222, 309, 97, 87, 136, 170, 175, 253, 
512, 575, 63, -544, 224, 319, 78, 92, 136, 175, 185, 268, 
488, 580, 92, -534, 197, 336, 87, 102, 141, 175, 195, 268, 
473, 575, 102, -524, 185, 339, 102, 97, 141, 180, 195, 268, 
468, 590, 122, -529, 173, 356, 117, 97, 146, 180, 195, 263, 
473, 619, 146, -546, 163, 383, 136, 97, 146, 180, 200, 258, 
492, 629, 136, -561, 178, 383, 126, 92, 146, 185, 190, 268, 
483, 634, 151, -558, 165, 392, 122, 97, 146, 190, 190, 273, 
483, 629, 146, -556, 168, 387, 112, 102, 146, 190, 190, 278, 
483, 624, 141, -553, 170, 383, 112, 102, 151, 195, 195, 292, 
468, 624, 156, -546, 156, 390, 97, 92, 151, 200, 209, 302, 
463, 624, 161, -544, 151, 392, 92, 87, 146, 200, 209, 297, 
458, 629, 170, -544, 143, 400, 87, 87, 146, 200, 209, 307, 
468, 629, 161, -549, 153, 395, 82, 87, 146, 200, 214, 307, 
463, 614, 151, -539, 156, 383, 107, 97, 151, 200, 214, 302, 
453, 610, 156, -531, 148, 383, 117, 92, 151, 195, 204, 292, 
439, 605, 165, -522, 136, 385, 122, 78, 151, 195, 204, 287, 
429, 590, 161, -509, 134, 375, 126, 78, 156, 195, 204, 283, 
478, 610, 131, -544, 173, 370, 107, 87, 151, 195, 195, 287, 
497, 634, 136, -566, 180, 385, 92, 82, 146, 195, 195, 292, 
517, 639, 122, -578, 197, 380, 78, 78, 141, 190, 190, 287, 
531, 629, 97, -580, 217, 363, 63, 73, 131, 180, 185, 283, 
527, 644, 117, -585, 204, 380, 78, 82, 136, 195, 195, 297, 
541, 653, 112, -597, 214, 383, 87, 82, 141, 195, 204, 302, 
546, 658, 112, -602, 217, 385, 92, 73, 146, 195, 214, 307, 
541, 649, 107, -595, 217, 378, 92, 73, 151, 195, 209, 297, 
512, 649, 136, -580, 187, 392, 97, 78, 141, 200, 219, 317, 
512, 663, 151, -588, 180, 407, 97, 82, 151, 209, 224, 326, 
502, 663, 161, -583, 170, 412, 97, 92, 151, 214, 239, 341, 
478, 649, 170, -563, 153, 409, 92, 97, 151, 219, 244, 351, 
497, 668, 170, -583, 163, 419, 82, 102, 161, 209, 248, 351, 
517, 697, 180, -607, 168, 439, 82, 107, 165, 219, 248, 356, 
536, 707, 170, -622, 183, 439, 78, 102, 165, 224, 248, 351, 
556, 722, 165, -639, 195, 444, 68, 97, 165, 224, 248, 341, 
551, 712, 161, -631, 195, 436, 82, 87, 156, 219, 239, 331, 
546, 702, 156, -624, 195, 429, 87, 87, 156, 219, 248, 331, 
541, 688, 146, -614, 197, 417, 92, 87, 156, 219, 253, 331, 
536, 673, 136, -605, 200, 405, 97, 87, 156, 219, 253, 336, 
536, 673, 136, -605, 200, 405, 87, 102, 151, 229, 253, 346, 
541, 692, 151, -617, 195, 422, 82, 107, 151, 229, 253, 351, 
541, 707, 165, -624, 187, 436, 78, 112, 151, 229, 253, 356, 
541, 697, 156, -619, 192, 427, 68, 112, 151, 229, 253, 361, 
546, 683, 136, -614, 204, 409, 78, 112, 161, 229, 263, 366, 
546, 683, 136, -614, 204, 409, 73, 112, 161, 229, 258, 370, 
541, 683, 141, -612, 200, 412, 68, 112, 161, 229, 258, 375, 
541, 692, 151, -617, 195, 422, 68, 117, 165, 229, 268, 380, 
566, 707, 141, -636, 212, 424, 68, 117, 156, 229, 268, 380, 
575, 707, 131, -641, 222, 419, 58, 112, 151, 224, 268, 375, 
585, 692, 107, -639, 239, 400, 53, 112, 151, 219, 258, 366, 
605, 692, 87, -649, 258, 390, 53, 112, 151, 219, 258, 361, 
595, 702, 107, -649, 244, 405, 43, 107, 141, 219, 253, 356, 
585, 702, 117, -644, 234, 409, 34, 112, 141, 224, 258, 361, 
575, 697, 122, -636, 226, 409, 24, 117, 146, 234, 268, 366, 
590, 702, 112, -646, 239, 407, 14, 117, 151, 234, 268, 366, 
605, 712, 107, -658, 248, 409, 24, 141, 165, 253, 292, 385, 
600, 712, 112, -656, 244, 412, 34, 161, 170, 263, 302, 395, 
595, 712, 117, -653, 239, 414, 43, 170, 175, 273, 312, 405, 
610, 722, 112, -666, 248, 417, 53, 185, 185, 283, 317, 414, 
634, 727, 92, -680, 270, 409, 39, 190, 180, 268, 302, 395, 
649, 712, 63, -680, 292, 387, 24, 185, 175, 263, 297, 385, 
658, 707, 48, -683, 305, 378, 24, 180, 175, 258, 292, 375, 
668, 702, 34, -685, 317, 368, 24, 180, 170, 258, 287, 366, 
658, 702, 43, -680, 307, 373, 14, 180, 161, 258, 292, 375, 
673, 697, 24, -685, 324, 361, 14, 185, 161, 258, 292, 375, 
663, 702, 39, -683, 312, 370, 19, 204, 175, 268, 307, 375, 
644, 717, 73, -680, 285, 395, 19, 214, 180, 268, 307, 375, 
663, 712, 48, -688, 307, 380, 9, 219, 170, 268, 307, 370, 
673, 707, 34, -690, 319, 370, 9, 224, 170, 268, 307, 366, 
697, 697, 0, -697, 348, 348, 14, 239, 175, 278, 317, 370, 
727, 692, -34, -710, 380, 329, 14, 239, 175, 283, 307, 366, 
717, 702, -14, -710, 366, 344, 4, 239, 180, 278, 317, 361, 
707, 688, -19, -697, 363, 334, 4, 234, 185, 283, 322, 361, 
697, 688, -9, -692, 353, 339, 24, 244, 190, 287, 331, 361, 
688, 688, 0, -688, 344, 344, 34, 244, 195, 297, 336, 361, 
683, 668, -14, -675, 348, 326, 34, 248, 190, 297, 331, 351, 
683, 668, -14, -675, 348, 326, 34, 253, 195, 297, 336, 356, 
688, 678, -9, -683, 348, 334, 34, 253, 200, 297, 331, 356, 
707, 678, -29, -692, 368, 324, 34, 244, 200, 287, 317, 346, 
717, 663, -53, -690, 385, 305, 39, 253, 209, 283, 317, 336, 
717, 668, -48, -692, 383, 309, 48, 258, 214, 297, 322, 336, 
707, 673, -34, -690, 370, 319, 63, 263, 229, 302, 326, 346, 
697, 688, -9, -692, 353, 339, 68, 263, 234, 307, 326, 336, 
707, 673, -34, -690, 370, 319, 63, 253, 224, 292, 312, 317, 
707, 668, -39, -688, 373, 314, 68, 253, 229, 292, 307, 317, 
692, 658, -34, -675, 363, 312, 73, 244, 219, 292, 297, 307, 
668, 644, -24, -656, 346, 309, 82, 224, 209, 287, 287, 287, 
653, 663, 9, -658, 322, 336, 92, 234, 234, 302, 302, 302, 
639, 673, 34, -656, 302, 353, 102, 244, 244, 307, 302, 312, 
624, 673, 48, -649, 287, 361, 107, 253, 248, 307, 302, 307, 
610, 663, 53, -636, 278, 358, 112, 263, 253, 312, 297, 317, 
619, 649, 29, -634, 295, 339, 122, 258, 258, 307, 292, 312, 
619, 649, 29, -634, 295, 339, 131, 248, 258, 307, 302, 317, 
639, 649, 9, -644, 314, 329, 141, 244, 263, 307, 297, 307, 
649, 649, 0, -649, 324, 324, 146, 239, 273, 307, 297, 297, 
649, 663, 14, -656, 317, 339, 165, 244, 268, 317, 302, 302, 
653, 678, 24, -666, 314, 351, 170, 244, 273, 317, 307, 307, 
663, 702, 39, -683, 312, 370, 180, 248, 273, 312, 297, 302, 
673, 717, 43, -695, 314, 380, 190, 248, 278, 312, 302, 307, 
683, 722, 39, -702, 322, 380, 185, 239, 273, 302, 297, 307, 
683, 717, 34, -700, 324, 375, 190, 239, 273, 302, 292, 307, 
683, 712, 29, -697, 326, 370, 190, 239, 273, 297, 287, 307, 
683, 727, 43, -705, 319, 385, 185, 234, 268, 287, 278, 302, 
673, 722, 48, -697, 312, 385, 195, 234, 273, 292, 283, 302, 
683, 697, 14, -690, 334, 356, 195, 234, 273, 297, 278, 302, 
644, 673, 29, -658, 307, 351, 200, 234, 268, 292, 273, 292, 
629, 668, 39, -649, 295, 353, 200, 239, 268, 297, 273, 287, 
624, 673, 48, -649, 287, 361, 185, 234, 258, 287, 268, 287, 
629, 673, 43, -651, 292, 358, 185, 229, 258, 283, 258, 287, 
610, 673, 63, -641, 273, 368, 195, 219, 258, 278, 258, 287, 
605, 673, 68, -639, 268, 370, 195, 214, 258, 268, 258, 283, 
624, 673, 48, -649, 287, 361, 200, 219, 253, 278, 248, 273, 
619, 683, 63, -651, 278, 373, 200, 214, 253, 273, 248, 263, 
649, 702, 53, -675, 297, 378, 204, 214, 253, 273, 253, 278, 
663, 732, 68, -697, 297, 400, 204, 214, 253, 273, 258, 278, 
644, 722, 78, -683, 283, 400, 214, 229, 258, 283, 268, 287, 
629, 702, 73, -666, 278, 387, 214, 219, 258, 278, 263, 278, 
614, 678, 63, -646, 275, 370, 204, 224, 258, 278, 263, 278, 
605, 668, 63, -636, 270, 366, 204, 229, 258, 278, 263, 278, 
629, 692, 63, -661, 283, 378, 204, 219, 258, 273, 258, 273, 
634, 707, 73, -671, 280, 390, 204, 224, 263, 273, 258, 278, 
634, 712, 78, -673, 278, 395, 200, 219, 263, 268, 253, 278, 
624, 712, 87, -668, 268, 400, 200, 214, 268, 268, 253, 278, 
610, 692, 82, -651, 263, 387, 204, 204, 253, 258, 248, 263, 
619, 688, 68, -653, 275, 378, 200, 200, 248, 253, 248, 263, 
663, 692, 29, -678, 317, 361, 190, 195, 244, 248, 244, 263, 
678, 692, 14, -685, 331, 353, 185, 190, 239, 248, 244, 263, 
663, 722, 58, -692, 302, 390, 185, 185, 239, 248, 234, 253, 
658, 727, 68, -692, 295, 397, 185, 185, 239, 248, 234, 253, 
653, 722, 68, -688, 292, 395, 180, 185, 239, 239, 229, 244, 
649, 736, 87, -692, 280, 412, 175, 180, 239, 239, 229, 244, 
634, 736, 102, -685, 265, 419, 185, 185, 244, 253, 244, 253, 
634, 732, 97, -683, 268, 414, 195, 195, 244, 258, 248, 258, 
624, 722, 97, -673, 263, 409, 204, 200, 248, 263, 244, 268, 
624, 717, 92, -671, 265, 405, 214, 204, 253, 268, 248, 278, 
649, 727, 78, -688, 285, 402, 214, 204, 273, 268, 239, 283, 
663, 712, 48, -688, 307, 380, 204, 204, 263, 263, 248, 283, 
678, 702, 24, -690, 326, 363, 195, 204, 253, 253, 253, 283, 
697, 702, 4, -700, 346, 353, 195, 195, 253, 253, 253, 283, 
732, 722, -9, -727, 370, 356, 209, 204, 263, 258, 268, 287, 
741, 736, -4, -739, 373, 366, 209, 214, 268, 263, 268, 297, 
746, 746, 0, -746, 373, 373, 214, 214, 268, 268, 268, 302, 
756, 751, -4, -753, 380, 373, 219, 214, 263, 268, 263, 307, 
717, 741, 24, -729, 346, 383, 219, 209, 268, 263, 248, 287, 
688, 732, 43, -710, 322, 387, 219, 209, 268, 263, 248, 283, 
663, 732, 68, -697, 297, 400, 219, 209, 268, 263, 253, 283, 
639, 727, 87, -683, 275, 407, 219, 209, 268, 263, 253, 283, 
634, 756, 122, -695, 256, 439, 219, 209, 263, 263, 253, 283, 
634, 771, 136, -702, 248, 453, 219, 209, 263, 263, 248, 283, 
649, 780, 131, -714, 258, 456, 209, 200, 263, 253, 248, 278, 
658, 780, 122, -719, 268, 451, 209, 195, 263, 248, 244, 278, 
639, 771, 131, -705, 253, 451, 224, 209, 268, 258, 248, 287, 
644, 780, 136, -712, 253, 458, 229, 219, 273, 263, 248, 283, 
649, 785, 136, -717, 256, 461, 229, 224, 278, 273, 248, 283, 
649, 785, 136, -717, 256, 461, 229, 229, 287, 278, 248, 283, 
653, 775, 122, -714, 265, 448, 239, 219, 283, 268, 258, 292, 
663, 775, 112, -719, 275, 444, 239, 219, 278, 268, 253, 292, 
673, 775, 102, -724, 285, 439, 239, 219, 273, 268, 253, 283, 
697, 775, 78, -736, 309, 427, 239, 219, 263, 268, 253, 268, 
712, 785, 73, -749, 319, 429, 219, 204, 253, 253, 229, 258, 
712, 780, 68, -746, 322, 424, 214, 204, 253, 253, 229, 268, 
717, 775, 58, -746, 329, 417, 214, 204, 258, 258, 244, 273, 
722, 775, 53, -749, 334, 414, 229, 209, 258, 258, 248, 283, 
692, 771, 78, -732, 307, 424, 219, 219, 273, 278, 248, 287, 
707, 766, 58, -736, 324, 412, 224, 224, 273, 278, 248, 287, 
732, 761, 29, -746, 351, 395, 229, 229, 278, 278, 248, 287, 
741, 756, 14, -749, 363, 385, 229, 234, 278, 278, 248, 287, 
741, 761, 19, -751, 361, 390, 234, 229, 263, 278, 239, 278, 
741, 766, 24, -753, 358, 395, 229, 224, 263, 273, 239, 273, 
741, 766, 24, -753, 358, 395, 229, 219, 258, 268, 239, 268, 
741, 766, 24, -753, 358, 395, 214, 219, 258, 263, 244, 273, 
741, 785, 43, -763, 348, 414, 219, 224, 263, 268, 253, 273, 
741, 805, 63, -773, 339, 434, 224, 224, 273, 273, 253, 273, 
736, 805, 68, -771, 334, 436, 229, 224, 278, 273, 253, 268, 
722, 814, 92, -768, 314, 453, 229, 224, 278, 273, 248, 263, 
741, 805, 63, -773, 339, 434, 239, 239, 283, 283, 253, 268, 
751, 790, 39, -771, 356, 414, 239, 239, 278, 283, 253, 273, 
775, 780, 4, -778, 385, 392, 234, 244, 278, 283, 263, 278, 
785, 775, -9, -780, 397, 383, 239, 248, 283, 292, 278, 292, 
785, 795, 9, -790, 387, 402, 244, 258, 287, 297, 283, 292, 
795, 814, 19, -805, 387, 417, 248, 253, 283, 302, 287, 297, 
795, 834, 39, -814, 378, 436, 253, 253, 287, 312, 292, 312, 
780, 844, 63, -812, 358, 453, 263, 258, 302, 317, 302, 331, 
727, 824, 97, -775, 314, 461, 253, 258, 297, 312, 297, 317, 
717, 819, 102, -768, 307, 461, 253, 253, 292, 307, 292, 312, 
712, 810, 97, -761, 307, 453, 248, 248, 287, 302, 287, 312, 
712, 795, 82, -753, 314, 439, 248, 244, 283, 297, 283, 307, 
717, 756, 39, -736, 339, 397, 209, 214, 244, 258, 253, 273, 
790, 780, -9, -785, 400, 385, 195, 195, 224, 244, 234, 253, 
800, 785, -14, -793, 407, 385, 209, 200, 239, 248, 248, 268, 
800, 790, -9, -795, 405, 390, 214, 204, 244, 253, 253, 273, 
800, 795, -4, -797, 402, 395, 219, 209, 248, 258, 258, 278, 
800, 800, 0, -800, 400, 400, 224, 214, 253, 263, 263, 283, 
795, 805, 9, -800, 392, 407, 229, 219, 258, 278, 268, 292, 
805, 814, 9, -810, 397, 412, 234, 224, 263, 283, 273, 292, 
785, 824, 39, -805, 373, 431, 239, 234, 268, 287, 278, 292, 
771, 829, 58, -800, 356, 444, 244, 248, 273, 292, 283, 292, 
771, 829, 58, -800, 356, 444, 234, 239, 283, 292, 297, 302, 
805, 839, 34, -822, 385, 436, 234, 239, 287, 302, 297, 307, 
824, 873, 48, -849, 387, 461, 234, 239, 292, 307, 307, 312, 
814, 873, 58, -844, 378, 466, 239, 239, 292, 307, 307, 322, 
780, 868, 87, -824, 346, 478, 239, 239, 287, 312, 307, 322, 
785, 868, 82, -827, 351, 475, 244, 244, 287, 312, 307, 322, 
790, 868, 78, -829, 356, 473, 244, 248, 297, 326, 312, 326, 
800, 868, 68, -834, 366, 468, 248, 248, 297, 326, 317, 326, 
800, 883, 82, -841, 358, 483, 258, 258, 307, 341, 331, 341, 
795, 902, 107, -849, 344, 505, 263, 268, 312, 346, 336, 341, 
795, 922, 126, -858, 334, 524, 273, 278, 322, 346, 336, 346, 
790, 927, 136, -858, 326, 531, 283, 287, 336, 351, 341, 356, 
800, 946, 146, -873, 326, 546, 283, 283, 336, 356, 341, 346, 
829, 956, 126, -893, 351, 541, 283, 283, 346, 366, 356, 356, 
854, 966, 112, -910, 370, 539, 283, 283, 346, 366, 356, 361, 
854, 976, 122, -915, 366, 549, 278, 278, 346, 366, 346, 370, 
844, 951, 107, -897, 368, 529, 253, 258, 326, 351, 336, 361, 
834, 936, 102, -885, 366, 519, 234, 248, 312, 351, 341, 351, 
839, 922, 82, -880, 378, 502, 214, 244, 297, 341, 331, 341, 
844, 907, 63, -875, 390, 485, 200, 239, 287, 326, 326, 331, 
839, 902, 63, -871, 387, 483, 200, 248, 292, 331, 336, 346, 
834, 893, 58, -863, 387, 475, 195, 248, 292, 336, 341, 351, 
829, 883, 53, -856, 387, 468, 195, 248, 292, 336, 346, 356, 
854, 873, 19, -863, 417, 446, 200, 248, 297, 341, 351, 361, 
868, 902, 34, -885, 417, 468, 204, 258, 307, 351, 361, 370, 
883, 902, 19, -893, 431, 461, 209, 258, 297, 351, 356, 370, 
897, 941, 43, -919, 427, 492, 204, 258, 297, 351, 356, 370, 
936, 980, 43, -958, 446, 512, 219, 258, 302, 351, 370, 380, 
927, 961, 34, -944, 446, 497, 224, 287, 326, 370, 380, 390, 
907, 936, 29, -922, 439, 483, 234, 292, 331, 375, 380, 390, 
893, 936, 43, -915, 424, 490, 234, 292, 331, 375, 385, 390, 
873, 936, 63, -905, 405, 500, 234, 302, 331, 375, 385, 390, 
893, 907, 14, -900, 439, 461, 224, 287, 326, 366, 375, 395, 
878, 893, 14, -885, 431, 453, 224, 287, 317, 366, 375, 395, 
868, 883, 14, -875, 427, 448, 239, 287, 312, 366, 375, 395, 
858, 873, 14, -866, 422, 444, 239, 283, 302, 356, 361, 390, 
863, 868, 4, -866, 429, 436, 239, 287, 307, 356, 356, 390, 
858, 868, 9, -863, 424, 439, 234, 287, 297, 351, 356, 380, 
868, 873, 4, -871, 431, 439, 234, 278, 292, 346, 341, 366, 
868, 858, -9, -863, 439, 424, 224, 263, 283, 331, 331, 341, 
858, 868, 9, -863, 424, 439, 229, 258, 278, 331, 317, 336, 
849, 878, 29, -863, 409, 453, 244, 263, 283, 322, 322, 341, 
849, 893, 43, -871, 402, 468, 258, 273, 287, 331, 331, 346, 
849, 917, 68, -883, 390, 492, 268, 278, 307, 341, 341, 356, 
863, 907, 43, -885, 409, 475, 258, 268, 302, 331, 351, 351, 
863, 902, 39, -883, 412, 470, 258, 273, 297, 331, 336, 351, 
863, 893, 29, -878, 417, 461, 263, 278, 297, 336, 331, 346, 
858, 878, 19, -868, 419, 448, 268, 283, 292, 336, 326, 336, 
858, 883, 24, -871, 417, 453, 283, 273, 292, 331, 326, 331, 
849, 868, 19, -858, 414, 444, 283, 273, 292, 331, 326, 331, 
834, 868, 34, -851, 400, 451, 273, 273, 292, 326, 322, 326, 
849, 868, 19, -858, 414, 444, 268, 258, 278, 312, 312, 317, 
878, 863, -14, -871, 446, 424, 258, 268, 287, 312, 312, 317, 
888, 863, -24, -875, 456, 419, 263, 273, 287, 312, 312, 317, 
897, 863, -34, -880, 466, 414, 263, 273, 287, 312, 312, 317, 
907, 873, -34, -890, 470, 419, 263, 273, 278, 307, 307, 312, 
922, 849, -73, -885, 497, 387, 258, 263, 278, 307, 297, 302, 
907, 849, -58, -878, 483, 395, 258, 258, 278, 307, 297, 302, 
902, 849, -53, -875, 478, 397, 258, 258, 278, 307, 302, 302, 
883, 849, -34, -866, 458, 407, 258, 258, 278, 307, 302, 307, 
854, 829, -24, -841, 439, 402, 268, 253, 273, 297, 302, 307, 
868, 844, -24, -856, 446, 409, 268, 253, 273, 297, 302, 302, 
878, 844, -34, -861, 456, 405, 273, 258, 273, 297, 302, 302, 
858, 844, -14, -851, 436, 414, 273, 258, 278, 302, 302, 302, 
854, 858, 4, -856, 424, 431, 283, 268, 287, 312, 312, 312, 
858, 858, 0, -858, 429, 429, 283, 268, 283, 312, 312, 307, 
863, 858, -4, -861, 434, 427, 287, 268, 283, 312, 312, 307, 
868, 863, -4, -866, 436, 429, 287, 273, 287, 317, 312, 317, 
863, 854, -9, -858, 436, 422, 287, 278, 297, 322, 326, 317, 
854, 858, 4, -856, 424, 431, 287, 287, 297, 326, 326, 317, 
854, 858, 4, -856, 424, 431, 287, 292, 297, 331, 326, 317, 
844, 854, 9, -849, 417, 431, 287, 297, 297, 336, 326, 317, 
868, 878, 9, -873, 429, 444, 283, 283, 292, 326, 322, 307, 
854, 868, 14, -861, 419, 441, 297, 287, 297, 326, 331, 317, 
897, 873, -24, -885, 461, 424, 307, 302, 302, 336, 331, 326, 
936, 897, -39, -917, 488, 429, 312, 302, 312, 326, 322, 326, 
936, 883, -53, -910, 495, 414, 312, 287, 302, 331, 312, 317, 
946, 893, -53, -919, 500, 419, 326, 292, 317, 326, 312, 317, 
956, 902, -53, -929, 505, 424, 341, 302, 326, 326, 312, 302, 
932, 868, -63, -900, 497, 402, 336, 292, 307, 302, 283, 273, 
941, 829, -112, -885, 527, 358, 322, 283, 292, 278, 253, 248, 
951, 824, -126, -888, 539, 348, 336, 292, 283, 278, 258, 253, 
893, 790, -102, -841, 497, 344, 361, 302, 292, 278, 258, 229, 
854, 736, -117, -795, 485, 309, 370, 331, 302, 297, 268, 219, 
893, 751, -141, -822, 517, 305, 395, 375, 351, 351, 341, 268, 
946, 800, -146, -873, 546, 326, 405, 434, 405, 429, 448, 341, 
990, 771, -219, -880, 605, 275, 390, 468, 414, 502, 546, 385, 
1024, 717, -307, -871, 666, 204, 385, 502, 429, 561, 619, 409, 
1039, 688, -351, -863, 695, 168, 400, 575, 473, 634, 727, 463, 
1058, 668, -390, -863, 724, 139, 400, 639, 507, 727, 878, 551, 
1112, 649, -463, -880, 788, 92, 366, 702, 527, 819, 1044, 649, 
1156, 663, -492, -910, 824, 85, 366, 795, 590, 956, 1229, 756, 
1234, 702, -531, -968, 883, 85, 375, 922, 668, 1122, 1434, 883, 
1322, 732, -590, -1027, 956, 70, 356, 1039, 722, 1278, 1649, 1005, 
1381, 673, -707, -1027, 1044, -17, 322, 1117, 746, 1371, 1790, 1068, 
1454, 570, -883, -1012, 1168, -156, 322, 1190, 766, 1400, 1815, 1024, 
1488, 468, -1019, -978, 1254, -275, 336, 1254, 785, 1390, 1727, 893, 
1429, 326, -1102, -878, 1266, -387, 370, 1312, 785, 1307, 1537, 678, 
1395, 170, -1224, -783, 1310, -527, 395, 1342, 766, 1180, 1263, 375, 
1381, 58, -1322, -719, 1351, -631, 424, 1366, 746, 1073, 971, 63, 
1337, 14, -1322, -675, 1329, -653, 453, 1385, 756, 995, 741, -165, 
1332, 4, -1327, -668, 1329, -661, 473, 1410, 751, 941, 575, -302, 
1381, -9, -1390, -685, 1385, -700, 468, 1424, 736, 888, 458, -390, 
1420, -9, -1429, -705, 1424, -719, 444, 1415, 732, 854, 375, -434, 
1434, 0, -1434, -717, 1434, -717, 429, 1415, 717, 829, 326, -439, 
1429, 39, -1390, -734, 1410, -675, 414, 1405, 707, 795, 292, -439, 
1429, 73, -1356, -751, 1393, -641, 385, 1376, 673, 741, 263, -439, 
1420, 73, -1346, -746, 1383, -636, 341, 1302, 590, 639, 195, -448, 
1385, 34, -1351, -710, 1368, -658, 263, 1180, 478, 502, 92, -483, 
1327, 4, -1322, -666, 1324, -658, 224, 1049, 380, 370, -4, -492, 
1356, 53, -1302, -705, 1329, -624, 209, 932, 302, 239, -92, -497, 
1410, 126, -1283, -768, 1346, -578, 219, 819, 244, 122, -175, -507, 
1332, 151, -1180, -741, 1256, -514, 263, 717, 219, 39, -234, -517, 
1180, 141, -1039, -661, 1110, -448, 302, 614, 195, -24, -292, -527, 
1107, 136, -971, -622, 1039, -417, 336, 522, 175, -73, -331, -517, 
1083, 146, -936, -614, 1010, -395, 390, 492, 170, -87, -322, -492, 
1054, 200, -854, -627, 954, -326, 458, 473, 190, -82, -312, -453, 
1010, 234, -775, -622, 893, -270, 517, 463, 224, -82, -302, -414, 
980, 278, -702, -629, 841, -212, 570, 458, 253, -82, -297, -390, 
971, 341, -629, -656, 800, -143, 610, 434, 278, -82, -302, -361, 
951, 395, -556, -673, 753, -80, 663, 424, 302, -68, -283, -326, 
917, 444, -473, -680, 695, -14, 707, 414, 331, -48, -268, -287, 
858, 492, -366, -675, 612, 63, 746, 395, 341, -29, -248, -268, 
819, 556, -263, -688, 541, 146, 775, 375, 370, 9, -209, -219, 
819, 619, -200, -719, 509, 209, 824, 366, 390, 43, -151, -156, 
810, 692, -117, -751, 463, 287, 863, 341, 414, 82, -97, -92, 
766, 741, -24, -753, 395, 358, 927, 331, 453, 122, -48, -29, 
751, 766, 14, -758, 368, 390, 961, 312, 458, 151, -4, 14, 
814, 805, -9, -810, 412, 397, 936, 273, 424, 126, -9, 29, 
863, 844, -19, -854, 441, 412, 917, 244, 395, 102, -9, 43, 
878, 873, -4, -875, 441, 434, 932, 234, 390, 117, 9, 63, 
888, 883, -4, -885, 446, 439, 912, 234, 380, 131, 34, 78, 
878, 883, 4, -880, 436, 444, 893, 219, 380, 156, 63, 117, 
829, 883, 53, -856, 387, 468, 897, 229, 395, 195, 107, 161, 
819, 902, 82, -861, 368, 492, 873, 234, 390, 229, 141, 195, 
839, 922, 82, -880, 378, 502, 785, 219, 351, 229, 151, 209, 
868, 941, 73, -905, 397, 507, 683, 214, 341, 239, 165, 224, 
912, 1010, 97, -961, 407, 553, 619, 239, 341, 258, 204, 253, 
932, 1049, 117, -990, 407, 583, 556, 244, 322, 263, 229, 273, 
932, 1039, 107, -985, 412, 573, 463, 248, 317, 273, 239, 297, 
976, 1063, 87, -1019, 444, 575, 405, 278, 331, 312, 273, 326, 
1010, 1083, 73, -1046, 468, 578, 380, 297, 346, 341, 312, 366, 
1005, 1068, 63, -1037, 470, 566, 356, 283, 341, 341, 312, 361, 
1005, 1058, 53, -1032, 475, 556, 317, 273, 322, 341, 326, 375, 
1000, 1049, 48, -1024, 475, 549, 307, 268, 307, 346, 331, 385, 
1000, 1039, 39, -1019, 480, 539, 297, 244, 297, 346, 336, 390, 
1005, 1054, 48, -1029, 478, 551, 307, 253, 302, 356, 346, 400, 
1000, 1058, 58, -1029, 470, 558, 317, 258, 307, 356, 351, 400, 
985, 1049, 63, -1017, 461, 556, 331, 263, 322, 361, 351, 400, 
980, 1044, 63, -1012, 458, 553, 341, 268, 326, 361, 356, 400, 
976, 1058, 82, -1017, 446, 570, 326, 273, 336, 366, 356, 405, 
976, 1058, 82, -1017, 446, 570, 307, 278, 326, 366, 356, 405, 
976, 1063, 87, -1019, 444, 575, 297, 287, 322, 366, 361, 409, 
971, 1073, 102, -1022, 434, 588, 283, 297, 322, 370, 370, 424, 
946, 1083, 136, -1015, 405, 610, 287, 292, 326, 370, 370, 424, 
932, 1073, 141, -1002, 395, 607, 297, 283, 326, 375, 370, 424, 
927, 1083, 156, -1005, 385, 619, 307, 278, 331, 375, 370, 419, 
932, 1107, 175, -1019, 378, 641, 322, 273, 331, 375, 375, 414, 
980, 1122, 141, -1051, 419, 631, 317, 268, 326, 366, 361, 409, 
1000, 1122, 122, -1061, 439, 622, 307, 273, 322, 366, 356, 409, 
1029, 1112, 82, -1071, 473, 597, 292, 278, 317, 361, 351, 409, 
1058, 1102, 43, -1080, 507, 573, 287, 278, 317, 361, 351, 419, 
1078, 1122, 43, -1100, 517, 583, 278, 278, 317, 375, 375, 424, 
1088, 1132, 43, -1110, 522, 588, 278, 273, 312, 375, 375, 424, 
1098, 1146, 48, -1122, 524, 597, 278, 273, 312, 375, 375, 439, 
1122, 1156, 34, -1139, 544, 595, 278, 273, 312, 375, 380, 444, 
1098, 1141, 43, -1119, 527, 592, 292, 273, 312, 366, 375, 439, 
1078, 1137, 58, -1107, 509, 597, 292, 268, 307, 361, 361, 429, 
1054, 1132, 78, -1093, 488, 605, 287, 253, 302, 361, 356, 424, 
1034, 1117, 82, -1076, 475, 600, 283, 253, 302, 361, 351, 419, 
1058, 1127, 68, -1093, 495, 597, 273, 258, 302, 356, 356, 424, 
1054, 1141, 87, -1098, 483, 614, 268, 258, 302, 361, 361, 429, 
1049, 1137, 87, -1093, 480, 612, 263, 258, 302, 361, 361, 424, 
1039, 1117, 78, -1078, 480, 597, 258, 258, 297, 356, 361, 419, 
1054, 1137, 82, -1095, 485, 610, 268, 258, 297, 361, 366, 424, 
1078, 1151, 73, -1115, 502, 612, 273, 258, 297, 361, 370, 429, 
1093, 1161, 68, -1127, 512, 614, 273, 248, 297, 361, 375, 434, 
1098, 1156, 58, -1127, 519, 607, 268, 248, 297, 361, 366, 424, 
1073, 1137, 63, -1105, 505, 600, 273, 253, 292, 370, 370, 439, 
1078, 1151, 73, -1115, 502, 612, 273, 258, 307, 375, 370, 444, 
1073, 1151, 78, -1112, 497, 614, 273, 268, 312, 375, 380, 453, 
1054, 1137, 82, -1095, 485, 610, 268, 273, 317, 375, 380, 458, 
1063, 1166, 102, -1115, 480, 634, 278, 292, 322, 390, 395, 468, 
1063, 1195, 131, -1129, 466, 663, 278, 302, 331, 405, 405, 483, 
1063, 1205, 141, -1134, 461, 673, 273, 302, 336, 414, 414, 488, 
1063, 1220, 156, -1141, 453, 688, 263, 302, 341, 419, 424, 488, 
1068, 1215, 146, -1141, 461, 680, 283, 302, 341, 409, 414, 488, 
1073, 1220, 146, -1146, 463, 683, 283, 302, 341, 414, 424, 488, 
1078, 1220, 141, -1149, 468, 680, 283, 302, 341, 419, 429, 488, 
1083, 1220, 136, -1151, 473, 678, 283, 302, 341, 424, 429, 492, 
1083, 1220, 136, -1151, 473, 678, 278, 307, 356, 434, 429, 502, 
1088, 1229, 141, -1159, 473, 685, 278, 312, 356, 434, 429, 507, 
1088, 1234, 146, -1161, 470, 690, 278, 317, 356, 434, 429, 512, 
1088, 1215, 126, -1151, 480, 671, 273, 317, 356, 434, 429, 517, 
1088, 1195, 107, -1141, 490, 651, 263, 312, 341, 424, 429, 507, 
1083, 1190, 107, -1137, 488, 649, 258, 307, 336, 424, 424, 507, 
1073, 1185, 112, -1129, 480, 649, 253, 302, 331, 424, 424, 507, 
1068, 1190, 122, -1129, 473, 656, 253, 302, 331, 424, 434, 507, 
1102, 1195, 92, -1149, 505, 644, 248, 302, 331, 414, 424, 502, 
1122, 1195, 73, -1159, 524, 634, 234, 297, 326, 409, 424, 502, 
1141, 1180, 39, -1161, 551, 610, 224, 297, 326, 405, 414, 497, 
1171, 1180, 9, -1176, 580, 595, 219, 297, 326, 405, 414, 497, 
1161, 1195, 34, -1178, 563, 614, 219, 307, 326, 409, 429, 502, 
1161, 1200, 39, -1180, 561, 619, 219, 317, 326, 419, 434, 507, 
1161, 1200, 39, -1180, 561, 619, 219, 326, 331, 434, 444, 512, 
1185, 1210, 24, -1198, 580, 617, 219, 331, 336, 439, 444, 512, 
1195, 1224, 29, -1210, 583, 627, 234, 351, 346, 453, 463, 517, 
1185, 1220, 34, -1202, 575, 627, 239, 366, 346, 458, 468, 522, 
1176, 1215, 39, -1195, 568, 627, 244, 370, 346, 463, 473, 527, 
1185, 1220, 34, -1202, 575, 627, 248, 380, 351, 468, 473, 531, 
1190, 1229, 39, -1210, 575, 634, 244, 390, 356, 468, 483, 541, 
1195, 1220, 24, -1207, 585, 622, 229, 390, 361, 468, 483, 541, 
1195, 1220, 24, -1207, 585, 622, 229, 390, 370, 468, 483, 541, 
1195, 1220, 24, -1207, 585, 622, 229, 395, 375, 473, 483, 541, 
1205, 1220, 14, -1212, 595, 617, 239, 409, 380, 478, 488, 541, 
1239, 1215, -24, -1227, 631, 595, 239, 419, 385, 483, 488, 541, 
1249, 1220, -29, -1234, 639, 595, 244, 444, 405, 497, 502, 541, 
1249, 1234, -14, -1241, 631, 610, 244, 458, 414, 502, 502, 541, 
1259, 1220, -39, -1239, 649, 590, 244, 458, 409, 502, 502, 531, 
1259, 1215, -43, -1237, 651, 585, 244, 458, 405, 502, 502, 522, 
1273, 1205, -68, -1239, 671, 568, 248, 468, 405, 512, 512, 522, 
1293, 1200, -92, -1246, 692, 553, 248, 463, 400, 517, 502, 512, 
1283, 1210, -73, -1246, 678, 568, 239, 458, 395, 507, 492, 512, 
1283, 1195, -87, -1239, 685, 553, 229, 458, 400, 507, 497, 517, 
1283, 1195, -87, -1239, 685, 553, 239, 473, 405, 507, 507, 522, 
1283, 1195, -87, -1239, 685, 553, 239, 478, 409, 512, 512, 527, 
1249, 1161, -87, -1205, 668, 536, 248, 492, 424, 527, 522, 517, 
1239, 1146, -92, -1193, 666, 527, 258, 497, 429, 531, 531, 522, 
1234, 1141, -92, -1188, 663, 524, 268, 497, 434, 536, 531, 522, 
1244, 1127, -117, -1185, 680, 505, 278, 488, 434, 531, 522, 512, 
1273, 1137, -136, -1205, 705, 500, 287, 488, 434, 531, 527, 507, 
1293, 1156, -136, -1224, 714, 509, 292, 492, 439, 541, 527, 512, 
1302, 1176, -126, -1239, 714, 524, 302, 497, 453, 541, 527, 527, 
1312, 1205, -107, -1259, 710, 549, 302, 497, 458, 541, 522, 522, 
1307, 1195, -112, -1251, 710, 541, 297, 488, 458, 531, 522, 512, 
1302, 1195, -107, -1249, 705, 544, 312, 497, 473, 536, 522, 512, 
1283, 1190, -92, -1237, 688, 549, 326, 497, 473, 541, 517, 502, 
1254, 1180, -73, -1217, 663, 553, 346, 488, 473, 541, 512, 483, 
1263, 1176, -87, -1220, 675, 544, 351, 488, 473, 541, 522, 483, 
1263, 1180, -82, -1222, 673, 549, 356, 488, 478, 541, 517, 488, 
1263, 1176, -87, -1220, 675, 544, 356, 488, 478, 536, 512, 478, 
1263, 1161, -102, -1212, 683, 529, 356, 488, 478, 536, 502, 483, 
1254, 1156, -97, -1205, 675, 529, 346, 488, 473, 536, 497, 483, 
1234, 1156, -78, -1195, 656, 539, 356, 483, 473, 531, 507, 492, 
1234, 1156, -78, -1195, 656, 539, 366, 483, 478, 527, 502, 488, 
1224, 1156, -68, -1190, 646, 544, 370, 483, 488, 522, 502, 483, 
1195, 1141, -53, -1168, 624, 544, 395, 473, 488, 522, 492, 478, 
1180, 1137, -43, -1159, 612, 546, 395, 468, 488, 522, 492, 473, 
1171, 1141, -29, -1156, 600, 556, 400, 468, 483, 517, 478, 458, 
1161, 1137, -24, -1149, 592, 556, 405, 463, 483, 517, 478, 453, 
1171, 1161, -9, -1166, 590, 575, 400, 458, 483, 507, 473, 453, 
1180, 1166, -14, -1173, 597, 575, 405, 453, 478, 507, 468, 453, 
1190, 1171, -19, -1180, 605, 575, 405, 448, 473, 502, 463, 453, 
1200, 1195, -4, -1198, 602, 595, 400, 439, 463, 492, 453, 448, 
1205, 1200, -4, -1202, 605, 597, 400, 444, 458, 492, 453, 458, 
1220, 1185, -34, -1202, 627, 575, 400, 439, 458, 492, 453, 458, 
1185, 1171, -14, -1178, 600, 578, 405, 434, 453, 483, 453, 448, 
1176, 1176, 0, -1176, 588, 588, 405, 434, 453, 483, 458, 444, 
1176, 1171, -4, -1173, 590, 583, 414, 434, 453, 488, 458, 453, 
1185, 1171, -14, -1178, 600, 578, 419, 434, 453, 488, 453, 453, 
1171, 1171, 0, -1171, 585, 585, 434, 429, 453, 488, 458, 453, 
1171, 1171, 0, -1171, 585, 585, 439, 429, 453, 483, 463, 448, 
1195, 1171, -24, -1183, 610, 573, 419, 424, 439, 473, 448, 439, 
1195, 1171, -24, -1183, 610, 573, 414, 419, 439, 468, 444, 429, 
1229, 1180, -48, -1205, 639, 566, 414, 419, 439, 468, 444, 444, 
1249, 1200, -48, -1224, 649, 575, 409, 419, 439, 468, 444, 444, 
1254, 1200, -53, -1227, 653, 573, 414, 424, 444, 478, 453, 444, 
1254, 1190, -63, -1222, 658, 563, 419, 414, 444, 473, 448, 434, 
1254, 1176, -78, -1215, 666, 549, 414, 419, 444, 473, 448, 434, 
1259, 1176, -82, -1217, 671, 546, 419, 424, 444, 473, 448, 434, 
1283, 1205, -78, -1244, 680, 563, 424, 419, 444, 473, 444, 444, 
1288, 1224, -63, -1256, 675, 580, 429, 429, 448, 478, 444, 453, 
1288, 1234, -53, -1261, 671, 590, 429, 429, 448, 478, 439, 458, 
1278, 1239, -39, -1259, 658, 600, 434, 429, 453, 483, 439, 463, 
1244, 1220, -24, -1232, 634, 597, 434, 429, 444, 483, 444, 448, 
1234, 1215, -19, -1224, 627, 597, 434, 424, 444, 478, 444, 448, 
1259, 1220, -39, -1239, 649, 590, 429, 419, 444, 473, 439, 448, 
1254, 1220, -34, -1237, 644, 592, 429, 414, 444, 473, 439, 448, 
1239, 1215, -24, -1227, 631, 595, 439, 414, 444, 483, 444, 458, 
1224, 1205, -19, -1215, 622, 592, 439, 419, 444, 483, 448, 458, 
1210, 1185, -24, -1198, 617, 580, 434, 424, 444, 473, 448, 448, 
1195, 1185, -9, -1190, 602, 588, 429, 424, 444, 473, 453, 448, 
1190, 1205, 14, -1198, 588, 610, 419, 419, 444, 463, 444, 458, 
1200, 1220, 19, -1210, 590, 619, 419, 419, 439, 463, 444, 453, 
1200, 1229, 29, -1215, 585, 629, 419, 414, 439, 463, 434, 453, 
1210, 1244, 34, -1227, 588, 639, 419, 409, 439, 463, 434, 453, 
1200, 1239, 39, -1220, 580, 639, 439, 409, 448, 463, 424, 463, 
1200, 1220, 19, -1210, 590, 619, 429, 409, 439, 458, 434, 458, 
1200, 1205, 4, -1202, 597, 605, 419, 409, 429, 448, 439, 453, 
1205, 1200, -4, -1202, 605, 597, 419, 400, 429, 448, 439, 448, 
1224, 1200, -24, -1212, 624, 588, 434, 400, 429, 453, 434, 448, 
1229, 1195, -34, -1212, 631, 580, 434, 409, 434, 458, 434, 453, 
1229, 1185, -43, -1207, 636, 570, 439, 409, 434, 463, 434, 453, 
1234, 1171, -63, -1202, 649, 553, 444, 409, 429, 463, 429, 453, 
1234, 1176, -58, -1205, 646, 558, 434, 405, 434, 448, 414, 444, 
1234, 1180, -53, -1207, 644, 563, 434, 405, 434, 448, 414, 439, 
1239, 1195, -43, -1217, 641, 575, 434, 405, 434, 448, 419, 439, 
1244, 1205, -39, -1224, 641, 583, 434, 405, 434, 448, 419, 439, 
1244, 1224, -19, -1234, 631, 602, 439, 414, 448, 463, 434, 458, 
1249, 1239, -9, -1244, 629, 614, 444, 414, 448, 468, 434, 458, 
1268, 1249, -19, -1259, 644, 614, 439, 405, 448, 463, 439, 453, 
1283, 1249, -34, -1266, 658, 607, 444, 400, 448, 463, 439, 453, 
1268, 1244, -24, -1256, 646, 610, 453, 414, 453, 463, 453, 458, 
1278, 1259, -19, -1268, 649, 619, 463, 424, 458, 468, 453, 458, 
1288, 1268, -19, -1278, 653, 624, 468, 429, 463, 478, 453, 463, 
1293, 1273, -19, -1283, 656, 627, 473, 434, 473, 483, 453, 468, 
1268, 1259, -9, -1263, 639, 624, 468, 424, 463, 483, 453, 458, 
1249, 1254, 4, -1251, 622, 629, 463, 424, 463, 483, 448, 458, 
1229, 1249, 19, -1239, 605, 634, 458, 424, 463, 483, 448, 448, 
1224, 1244, 19, -1234, 602, 631, 453, 424, 458, 483, 448, 434, 
1249, 1254, 4, -1251, 622, 629, 444, 409, 439, 468, 434, 429, 
1259, 1249, -9, -1254, 634, 619, 439, 409, 439, 468, 434, 444, 
1273, 1244, -29, -1259, 651, 607, 439, 409, 444, 473, 448, 453, 
1288, 1244, -43, -1266, 666, 600, 453, 414, 444, 473, 453, 468, 
1263, 1239, -24, -1251, 644, 607, 444, 419, 448, 478, 458, 468, 
1273, 1234, -39, -1254, 656, 597, 448, 419, 448, 473, 453, 463, 
1293, 1229, -63, -1261, 678, 583, 453, 419, 453, 468, 448, 458, 
1298, 1224, -73, -1261, 685, 575, 453, 419, 453, 463, 444, 453, 
1273, 1220, -53, -1246, 663, 583, 458, 419, 448, 468, 444, 448, 
1268, 1224, -43, -1246, 656, 590, 453, 419, 448, 468, 444, 448, 
1263, 1224, -39, -1244, 651, 592, 453, 419, 444, 468, 444, 448, 
1259, 1224, -34, -1241, 646, 595, 439, 424, 444, 468, 448, 458, 
1273, 1244, -29, -1259, 651, 607, 448, 429, 448, 463, 448, 458, 
1288, 1263, -24, -1276, 656, 619, 448, 429, 458, 468, 448, 458, 
1298, 1263, -34, -1281, 666, 614, 448, 429, 463, 468, 448, 453, 
1298, 1273, -24, -1285, 661, 624, 444, 429, 463, 468, 444, 448, 
1293, 1268, -24, -1281, 658, 622, 448, 444, 478, 478, 453, 458, 
1278, 1259, -19, -1268, 649, 619, 453, 444, 473, 478, 448, 458, 
1278, 1254, -24, -1266, 651, 614, 453, 448, 473, 478, 453, 458, 
1263, 1254, -9, -1259, 636, 622, 463, 453, 478, 488, 463, 468, 
1263, 1254, -9, -1259, 636, 622, 463, 444, 468, 488, 463, 463, 
1283, 1254, -29, -1268, 656, 612, 463, 439, 458, 488, 463, 463, 
1293, 1254, -39, -1273, 666, 607, 463, 439, 458, 492, 463, 473, 
1288, 1244, -43, -1266, 666, 600, 468, 444, 468, 492, 468, 488, 
1268, 1259, -9, -1263, 639, 624, 463, 444, 458, 483, 458, 478, 
1293, 1268, -24, -1281, 658, 622, 458, 439, 458, 483, 458, 468, 
1322, 1273, -48, -1298, 685, 612, 448, 434, 458, 483, 458, 463, 
1356, 1273, -82, -1315, 719, 595, 444, 429, 458, 483, 458, 453, 
1283, 1283, 0, -1283, 641, 641, 453, 439, 468, 492, 458, 468, 
1268, 1298, 29, -1283, 619, 663, 458, 448, 468, 488, 468, 468, 
1278, 1283, 4, -1281, 636, 644, 458, 439, 463, 488, 458, 468, 
1278, 1268, -9, -1273, 644, 629, 458, 439, 458, 488, 458, 468, 
1278, 1254, -24, -1266, 651, 614, 458, 439, 453, 488, 458, 468, 
1278, 1239, -39, -1259, 658, 600, 458, 439, 448, 488, 458, 468, 
1302, 1249, -53, -1276, 678, 597, 458, 439, 453, 497, 463, 478, 
1322, 1254, -68, -1288, 695, 592, 458, 439, 458, 497, 468, 478, 
1312, 1259, -53, -1285, 683, 602, 458, 444, 463, 497, 473, 478, 
1307, 1259, -48, -1283, 678, 605, 458, 453, 468, 497, 478, 478, 
1307, 1263, -43, -1285, 675, 610, 448, 444, 468, 488, 473, 468, 
1351, 1278, -73, -1315, 712, 602, 448, 444, 473, 497, 473, 473, 
1381, 1317, -63, -1349, 722, 627, 448, 444, 478, 502, 483, 478, 
1381, 1322, -58, -1351, 719, 631, 453, 444, 478, 502, 483, 488, 
1327, 1317, -9, -1322, 668, 653, 458, 448, 483, 512, 492, 497, 
1312, 1317, 4, -1315, 653, 661, 468, 458, 483, 517, 492, 497, 
1298, 1317, 19, -1307, 639, 668, 473, 468, 492, 536, 497, 502, 
1288, 1317, 29, -1302, 629, 673, 483, 473, 492, 541, 502, 502, 
1317, 1322, 4, -1320, 656, 663, 473, 458, 492, 536, 492, 492, 
1332, 1342, 9, -1337, 661, 675, 468, 453, 488, 531, 492, 488, 
1351, 1361, 9, -1356, 671, 685, 468, 448, 488, 522, 488, 488, 
1366, 1366, 0, -1366, 683, 683, 468, 444, 492, 517, 488, 492, 
1351, 1346, -4, -1349, 678, 671, 478, 453, 492, 522, 488, 492, 
1366, 1337, -29, -1351, 697, 653, 478, 458, 502, 531, 502, 502, 
1376, 1327, -48, -1351, 712, 639, 478, 463, 502, 531, 502, 507, 
1361, 1317, -43, -1339, 702, 636, 473, 463, 502, 531, 492, 517, 
1356, 1337, -19, -1346, 688, 658, 463, 473, 507, 541, 507, 527, 
1351, 1356, 4, -1354, 673, 680, 458, 473, 507, 556, 527, 536, 
1361, 1376, 14, -1368, 673, 695, 453, 478, 507, 561, 531, 546, 
1371, 1395, 24, -1383, 673, 710, 453, 483, 512, 561, 541, 556, 
1385, 1410, 24, -1398, 680, 717, 439, 473, 502, 561, 536, 546, 
1400, 1410, 9, -1405, 695, 710, 429, 473, 497, 561, 536, 546, 
1415, 1410, -4, -1412, 710, 702, 424, 473, 492, 556, 536, 546, 
1459, 1410, -48, -1434, 753, 680, 424, 473, 492, 556, 536, 546, 
1410, 1381, -29, -1395, 719, 675, 434, 473, 492, 546, 536, 546, 
1381, 1342, -39, -1361, 710, 651, 434, 473, 483, 546, 531, 546, 
1351, 1342, -9, -1346, 680, 666, 424, 473, 483, 546, 531, 546, 
1346, 1342, -4, -1344, 675, 668, 434, 473, 488, 546, 546, 556, 
1346, 1332, -14, -1339, 680, 658, 429, 478, 492, 556, 546, 556, 
1346, 1317, -29, -1332, 688, 644, 439, 478, 497, 561, 546, 556, 
1351, 1327, -24, -1339, 688, 651, 439, 473, 497, 561, 551, 556, 
1351, 1337, -14, -1344, 683, 661, 439, 478, 497, 561, 551, 556, 
1376, 1337, -39, -1356, 707, 649, 448, 468, 507, 561, 551, 561, 
1376, 1332, -43, -1354, 710, 644, 448, 473, 502, 561, 551, 561, 
1381, 1332, -48, -1356, 714, 641, 463, 478, 502, 561, 551, 561, 
1385, 1332, -53, -1359, 719, 639, 463, 478, 497, 551, 536, 556, 
1385, 1322, -63, -1354, 724, 629, 463, 483, 497, 546, 536, 546, 
1376, 1327, -48, -1351, 712, 639, 458, 483, 483, 536, 531, 536, 
1381, 1337, -43, -1359, 712, 646, 458, 473, 473, 527, 512, 522, 
1376, 1327, -48, -1351, 712, 639, 448, 458, 458, 507, 497, 497, 
1390, 1317, -73, -1354, 732, 622, 429, 439, 448, 497, 478, 478, 
1385, 1317, -68, -1351, 727, 624, 439, 439, 448, 488, 478, 478, 
1390, 1322, -68, -1356, 729, 627, 448, 444, 448, 497, 483, 478, 
1395, 1337, -58, -1366, 727, 639, 453, 444, 463, 507, 488, 483, 
1390, 1337, -53, -1363, 722, 641, 463, 453, 473, 507, 502, 492, 
1390, 1332, -58, -1361, 724, 636, 463, 458, 473, 507, 492, 497, 
1390, 1322, -68, -1356, 729, 627, 468, 463, 478, 512, 492, 497, 
1385, 1307, -78, -1346, 732, 614, 473, 468, 478, 512, 492, 492, 
1366, 1298, -68, -1332, 717, 614, 483, 473, 488, 522, 497, 502, 
1346, 1278, -68, -1312, 707, 605, 488, 478, 488, 527, 502, 507, 
1322, 1273, -48, -1298, 685, 612, 483, 483, 488, 527, 502, 507, 
1327, 1268, -58, -1298, 692, 605, 483, 473, 473, 517, 497, 502, 
1356, 1273, -82, -1315, 719, 595, 478, 468, 463, 512, 492, 497, 
1366, 1283, -82, -1324, 724, 600, 478, 468, 463, 507, 488, 492, 
1376, 1293, -82, -1334, 729, 605, 473, 463, 463, 502, 483, 488, 
1385, 1312, -73, -1349, 729, 619, 468, 458, 453, 492, 473, 478, 
1385, 1278, -107, -1332, 746, 585, 478, 463, 463, 502, 483, 478, 
1356, 1268, -87, -1312, 722, 590, 483, 463, 463, 502, 483, 478, 
1337, 1259, -78, -1298, 707, 590, 488, 468, 463, 502, 488, 478, 
1302, 1249, -53, -1276, 678, 597, 492, 473, 463, 502, 488, 483, 
1278, 1234, -43, -1256, 661, 595, 478, 458, 458, 492, 473, 473, 
1298, 1244, -53, -1271, 675, 595, 473, 458, 458, 492, 468, 468, 
1312, 1239, -73, -1276, 692, 583, 473, 463, 458, 492, 463, 468, 
1298, 1234, -63, -1266, 680, 585, 468, 463, 463, 497, 458, 468, 
1307, 1244, -63, -1276, 685, 590, 468, 453, 463, 497, 468, 478, 
1317, 1249, -68, -1283, 692, 590, 468, 453, 458, 497, 468, 473, 
1327, 1254, -73, -1290, 700, 590, 473, 453, 458, 497, 468, 473, 
1337, 1263, -73, -1300, 705, 595, 473, 458, 463, 502, 468, 483, 
1366, 1268, -97, -1317, 732, 585, 483, 468, 463, 502, 483, 483, 
1381, 1278, -102, -1329, 741, 588, 483, 473, 463, 502, 483, 483, 
1405, 1283, -122, -1344, 763, 580, 483, 473, 463, 502, 483, 483, 
1420, 1283, -136, -1351, 778, 573, 483, 473, 463, 502, 483, 483, 
1385, 1288, -97, -1337, 741, 595, 478, 458, 458, 492, 468, 473, 
1342, 1298, -43, -1320, 692, 627, 463, 453, 453, 483, 458, 463, 
1346, 1254, -92, -1300, 719, 580, 473, 448, 448, 483, 458, 463, 
1356, 1249, -107, -1302, 732, 570, 488, 448, 448, 492, 468, 463, 
1395, 1273, -122, -1334, 758, 575, 478, 453, 448, 488, 448, 453, 
1405, 1293, -112, -1349, 758, 590, 492, 468, 463, 492, 448, 453, 
1346, 1273, -73, -1310, 710, 600, 527, 488, 473, 512, 468, 468, 
1293, 1239, -53, -1266, 673, 592, 541, 497, 483, 517, 468, 458, 
1312, 1229, -82, -1271, 697, 573, 536, 488, 478, 492, 448, 434, 
1361, 1234, -126, -1298, 744, 553, 541, 478, 468, 473, 434, 409, 
1342, 1229, -112, -1285, 727, 558, 566, 497, 488, 483, 444, 405, 
1302, 1185, -117, -1244, 710, 534, 585, 527, 497, 492, 453, 405, 
1351, 1171, -180, -1261, 766, 495, 590, 551, 517, 527, 478, 414, 
1434, 1180, -253, -1307, 844, 463, 590, 580, 541, 575, 556, 448, 
1439, 1151, -287, -1295, 863, 431, 605, 624, 570, 649, 653, 512, 
1376, 1088, -287, -1232, 832, 400, 600, 678, 595, 717, 736, 546, 
1351, 1049, -302, -1200, 827, 373, 605, 751, 649, 800, 834, 580, 
1420, 1058, -361, -1239, 890, 348, 605, 844, 712, 912, 976, 649, 
1503, 1068, -434, -1285, 968, 317, 590, 927, 761, 1044, 1141, 736, 
1556, 1034, -522, -1295, 1039, 256, 561, 1010, 805, 1161, 1298, 805, 
1654, 1034, -619, -1344, 1137, 207, 561, 1117, 873, 1298, 1483, 893, 
1790, 1093, -697, -1442, 1244, 197, 570, 1263, 966, 1483, 1708, 1034, 
1888, 1093, -795, -1490, 1342, 148, 585, 1381, 1039, 1625, 1878, 1127, 
1912, 1010, -902, -1461, 1407, 53, 575, 1464, 1078, 1683, 1922, 1112, 
1937, 917, -1019, -1427, 1478, -51, 590, 1527, 1098, 1664, 1864, 1000, 
1937, 795, -1141, -1366, 1539, -173, 614, 1586, 1078, 1590, 1673, 805, 
1883, 619, -1263, -1251, 1573, -322, 639, 1634, 1049, 1473, 1420, 531, 
1820, 468, -1351, -1144, 1586, -441, 668, 1668, 1039, 1346, 1146, 258, 
1786, 385, -1400, -1085, 1593, -507, 697, 1688, 1039, 1239, 897, 29, 
1771, 346, -1424, -1058, 1598, -539, 707, 1703, 1034, 1156, 702, -126, 
1771, 331, -1439, -1051, 1605, -553, 683, 1708, 1010, 1093, 575, -214, 
1790, 361, -1429, -1076, 1610, -534, 688, 1727, 1015, 1058, 502, -258, 
1844, 390, -1454, -1117, 1649, -531, 683, 1747, 1029, 1034, 453, -263, 
1849, 380, -1468, -1115, 1659, -544, 658, 1747, 1019, 990, 409, -263, 
1781, 336, -1444, -1058, 1612, -553, 619, 1708, 966, 927, 341, -302, 
1751, 336, -1415, -1044, 1583, -539, 575, 1644, 883, 834, 273, -322, 
1776, 385, -1390, -1080, 1583, -502, 556, 1561, 800, 727, 219, -317, 
1776, 434, -1342, -1105, 1559, -453, 546, 1478, 732, 624, 161, -317, 
1805, 463, -1342, -1134, 1573, -439, 531, 1351, 634, 492, 73, -331, 
1859, 488, -1371, -1173, 1615, -441, 512, 1200, 527, 356, -9, -361, 
1781, 492, -1288, -1137, 1534, -397, 536, 1049, 453, 244, -78, -370, 
1649, 512, -1137, -1080, 1393, -312, 575, 897, 409, 141, -136, -370, 
1586, 556, -1029, -1071, 1307, -236, 590, 775, 351, 63, -185, -361, 
1571, 614, -956, -1093, 1263, -170, 605, 707, 317, 29, -195, -336, 
1503, 658, -844, -1080, 1173, -92, 644, 668, 307, 14, -204, -307, 
1381, 663, -717, -1022, 1049, -26, 702, 619, 312, 4, -204, -278, 
1332, 668, -663, -1000, 997, 2, 746, 585, 322, 4, -200, -244, 
1342, 722, -619, -1032, 980, 51, 795, 561, 346, 14, -195, -224, 
1342, 766, -575, -1054, 958, 95, 858, 531, 361, 29, -185, -200, 
1346, 814, -531, -1080, 939, 141, 912, 492, 370, 29, -161, -180, 
1337, 854, -483, -1095, 910, 185, 961, 453, 380, 39, -131, -151, 
1307, 888, -419, -1098, 863, 234, 1000, 424, 409, 68, -102, -112, 
1278, 932, -346, -1105, 812, 292, 1010, 395, 409, 92, -73, -58, 
1259, 1005, -253, -1132, 756, 375, 1010, 361, 414, 112, -48, -14, 
1244, 1093, -151, -1168, 697, 470, 1015, 341, 424, 141, -19, 19, 
1239, 1166, -73, -1202, 656, 546, 1039, 331, 439, 170, 24, 73, 
1205, 1195, -9, -1200, 607, 592, 1063, 331, 444, 195, 68, 126, 
1156, 1195, 39, -1176, 558, 617, 1083, 331, 463, 219, 97, 170, 
1151, 1185, 34, -1168, 558, 610, 1117, 341, 488, 263, 146, 209, 
1161, 1185, 24, -1173, 568, 605, 1107, 351, 497, 287, 190, 234, 
1161, 1205, 43, -1183, 558, 624, 1088, 346, 497, 312, 209, 263, 
1171, 1205, 34, -1188, 568, 619, 1054, 366, 502, 341, 253, 297, 
1190, 1234, 43, -1212, 573, 639, 1000, 380, 488, 375, 297, 351, 
1249, 1302, 53, -1276, 597, 678, 902, 375, 468, 395, 336, 395, 
1337, 1351, 14, -1344, 661, 683, 810, 370, 458, 405, 351, 409, 
1361, 1390, 29, -1376, 666, 710, 746, 405, 478, 444, 370, 439, 
1361, 1459, 97, -1410, 631, 778, 683, 429, 488, 478, 414, 468, 
1390, 1507, 117, -1449, 636, 812, 629, 444, 492, 497, 444, 492, 
1395, 1473, 78, -1434, 658, 775, 570, 453, 488, 497, 448, 492, 
1351, 1415, 63, -1383, 644, 739, 527, 444, 483, 497, 448, 492, 
1376, 1429, 53, -1403, 661, 741, 517, 439, 473, 492, 458, 488, 
1395, 1439, 43, -1417, 675, 741, 483, 429, 458, 497, 473, 502, 
1410, 1449, 39, -1429, 685, 744, 478, 424, 448, 507, 478, 512, 
1429, 1459, 29, -1444, 700, 744, 473, 400, 444, 512, 483, 517, 
1420, 1444, 24, -1432, 697, 734, 458, 385, 439, 497, 468, 507, 
1410, 1439, 29, -1424, 690, 734, 453, 385, 434, 492, 468, 507, 
1390, 1420, 29, -1405, 680, 724, 453, 385, 439, 492, 463, 507, 
1381, 1405, 24, -1393, 678, 714, 448, 385, 434, 488, 463, 507, 
1390, 1415, 24, -1403, 683, 719, 458, 390, 448, 502, 468, 522, 
1405, 1420, 14, -1412, 695, 717, 444, 395, 444, 502, 473, 522, 
1420, 1429, 9, -1424, 705, 719, 439, 405, 444, 502, 483, 527, 
1429, 1444, 14, -1437, 707, 729, 429, 414, 448, 507, 497, 541, 
1424, 1444, 19, -1434, 702, 732, 429, 405, 448, 512, 488, 551, 
1429, 1434, 4, -1432, 712, 719, 434, 400, 444, 512, 488, 551, 
1444, 1444, 0, -1444, 722, 722, 439, 400, 444, 507, 488, 546, 
1468, 1468, 0, -1468, 734, 734, 448, 400, 439, 502, 492, 541, 
1473, 1473, 0, -1473, 736, 736, 453, 414, 453, 512, 497, 546, 
1449, 1473, 24, -1461, 712, 749, 453, 429, 458, 522, 502, 556, 
1434, 1464, 29, -1449, 702, 746, 448, 444, 463, 527, 507, 566, 
1420, 1454, 34, -1437, 692, 744, 453, 453, 473, 536, 517, 585, 
1410, 1454, 43, -1432, 683, 749, 453, 448, 473, 541, 531, 590, 
1410, 1454, 43, -1432, 683, 749, 453, 439, 468, 541, 531, 590, 
1410, 1459, 48, -1434, 680, 753, 453, 434, 468, 541, 531, 605, 
1424, 1459, 34, -1442, 695, 746, 453, 429, 468, 541, 536, 610, 
1439, 1473, 34, -1456, 702, 753, 453, 419, 463, 536, 531, 605, 
1449, 1488, 39, -1468, 705, 763, 448, 414, 453, 527, 517, 595, 
1454, 1503, 48, -1478, 702, 775, 439, 400, 444, 522, 512, 590, 
1464, 1507, 43, -1485, 710, 775, 429, 400, 439, 517, 507, 585, 
1464, 1507, 43, -1485, 710, 775, 434, 424, 453, 531, 522, 585, 
1444, 1512, 68, -1478, 688, 790, 434, 424, 458, 536, 527, 595, 
1424, 1498, 73, -1461, 675, 785, 434, 424, 463, 536, 527, 595, 
1400, 1468, 68, -1434, 666, 768, 434, 424, 463, 531, 527, 595, 
1410, 1468, 58, -1439, 675, 763, 424, 405, 444, 517, 517, 580, 
1439, 1473, 34, -1456, 702, 753, 419, 395, 434, 507, 507, 575, 
1459, 1473, 14, -1466, 722, 744, 409, 375, 424, 497, 497, 570, 
1468, 1459, -9, -1464, 739, 724, 395, 366, 414, 488, 473, 551, 
1459, 1468, 9, -1464, 724, 739, 400, 380, 419, 492, 483, 566, 
1468, 1503, 34, -1485, 717, 768, 400, 385, 434, 502, 488, 570, 
1468, 1522, 53, -1495, 707, 788, 400, 395, 439, 507, 502, 580, 
1454, 1527, 73, -1490, 690, 800, 395, 400, 444, 512, 507, 585, 
1464, 1517, 53, -1490, 705, 785, 409, 419, 448, 527, 522, 600, 
1464, 1517, 53, -1490, 705, 785, 414, 429, 458, 541, 531, 619, 
1464, 1498, 34, -1481, 714, 766, 414, 429, 463, 551, 541, 629, 
1464, 1483, 19, -1473, 722, 751, 409, 429, 468, 556, 551, 634, 
1449, 1493, 43, -1471, 702, 768, 405, 424, 453, 551, 536, 624, 
1444, 1503, 58, -1473, 692, 780, 400, 419, 448, 551, 541, 624, 
1439, 1507, 68, -1473, 685, 788, 395, 414, 444, 551, 541, 624, 
1434, 1512, 78, -1473, 678, 795, 390, 409, 439, 551, 536, 629, 
1459, 1507, 48, -1483, 705, 778, 400, 434, 458, 561, 546, 634, 
1478, 1522, 43, -1500, 717, 783, 405, 439, 463, 561, 546, 634, 
1493, 1532, 39, -1512, 727, 785, 409, 444, 468, 561, 546, 634, 
1507, 1517, 9, -1512, 749, 763, 409, 444, 473, 561, 546, 634, 
1503, 1512, 9, -1507, 746, 761, 400, 434, 463, 551, 546, 634, 
1503, 1512, 9, -1507, 746, 761, 395, 434, 463, 551, 541, 634, 
1498, 1512, 14, -1505, 741, 763, 390, 434, 463, 551, 541, 634, 
1498, 1522, 24, -1510, 736, 773, 390, 439, 468, 551, 551, 634, 
1493, 1537, 43, -1515, 724, 790, 400, 453, 478, 561, 566, 649, 
1483, 1537, 53, -1510, 714, 795, 390, 453, 473, 566, 570, 649, 
1473, 1522, 48, -1498, 712, 785, 385, 458, 473, 570, 566, 644, 
1473, 1522, 48, -1498, 712, 785, 385, 463, 473, 580, 570, 644, 
1483, 1542, 58, -1512, 712, 800, 395, 468, 483, 580, 575, 653, 
1493, 1542, 48, -1517, 722, 795, 395, 473, 483, 585, 580, 663, 
1503, 1537, 34, -1520, 734, 785, 395, 478, 488, 595, 590, 673, 
1537, 1542, 4, -1539, 766, 773, 395, 478, 492, 595, 590, 678, 
1556, 1532, -24, -1544, 790, 753, 385, 488, 488, 595, 590, 678, 
1556, 1522, -34, -1539, 795, 744, 385, 502, 483, 595, 595, 678, 
1556, 1512, -43, -1534, 800, 734, 385, 507, 478, 595, 600, 678, 
1576, 1512, -63, -1544, 819, 724, 385, 517, 478, 595, 600, 678, 
1571, 1522, -48, -1546, 810, 736, 370, 517, 478, 595, 590, 668, 
1566, 1512, -53, -1539, 810, 729, 356, 517, 478, 595, 590, 668, 
1556, 1512, -43, -1534, 800, 734, 356, 517, 483, 595, 590, 668, 
1546, 1512, -34, -1529, 790, 739, 356, 522, 483, 600, 590, 668, 
1532, 1503, -29, -1517, 780, 736, 346, 522, 473, 590, 585, 663, 
1551, 1488, -63, -1520, 807, 712, 346, 527, 473, 590, 585, 658, 
1546, 1483, -63, -1515, 805, 710, 351, 546, 488, 600, 600, 653, 
1532, 1488, -43, -1510, 788, 722, 351, 556, 492, 600, 600, 649, 
1556, 1498, -58, -1527, 807, 719, 351, 551, 483, 600, 595, 634, 
1561, 1507, -53, -1534, 807, 727, 351, 556, 483, 600, 590, 619, 
1581, 1512, -68, -1546, 824, 722, 356, 570, 488, 610, 595, 614, 
1605, 1522, -82, -1564, 844, 719, 356, 570, 488, 614, 580, 600, 
1610, 1522, -87, -1566, 849, 717, 346, 575, 502, 619, 590, 605, 
1615, 1507, -107, -1561, 861, 700, 346, 575, 507, 624, 595, 614, 
1620, 1507, -112, -1564, 866, 697, 366, 590, 512, 629, 605, 624, 
1625, 1507, -117, -1566, 871, 695, 375, 595, 517, 639, 610, 634, 
1625, 1483, -141, -1554, 883, 671, 380, 610, 531, 649, 614, 649, 
1629, 1478, -151, -1554, 890, 663, 385, 614, 536, 649, 629, 658, 
1639, 1483, -156, -1561, 897, 663, 390, 614, 541, 649, 634, 663, 
1664, 1478, -185, -1571, 924, 646, 395, 605, 541, 639, 629, 658, 
1639, 1434, -204, -1537, 922, 614, 385, 600, 531, 619, 619, 634, 
1615, 1420, -195, -1517, 905, 612, 390, 600, 527, 629, 614, 629, 
1581, 1405, -175, -1493, 878, 614, 400, 600, 531, 629, 610, 634, 
1546, 1400, -146, -1473, 846, 627, 400, 595, 527, 629, 600, 619, 
1561, 1415, -146, -1488, 854, 634, 390, 580, 517, 624, 590, 605, 
1566, 1429, -136, -1498, 851, 646, 400, 585, 531, 624, 590, 600, 
1556, 1439, -117, -1498, 836, 661, 409, 580, 531, 624, 585, 585, 
1537, 1444, -92, -1490, 814, 675, 424, 566, 531, 619, 580, 561, 
1561, 1449, -112, -1505, 836, 668, 439, 566, 541, 619, 580, 566, 
1566, 1454, -112, -1510, 839, 671, 444, 566, 546, 619, 575, 566, 
1571, 1449, -122, -1510, 846, 663, 444, 566, 546, 614, 570, 551, 
1576, 1434, -141, -1505, 858, 646, 444, 566, 546, 614, 561, 551, 
1581, 1444, -136, -1512, 858, 653, 463, 575, 561, 634, 570, 575, 
1576, 1449, -126, -1512, 851, 661, 483, 580, 570, 639, 595, 600, 
1590, 1454, -136, -1522, 863, 658, 502, 590, 585, 644, 605, 610, 
1595, 1459, -136, -1527, 866, 661, 517, 600, 605, 649, 619, 619, 
1576, 1449, -126, -1512, 851, 661, 522, 595, 585, 644, 605, 610, 
1561, 1449, -112, -1505, 836, 668, 522, 585, 585, 639, 600, 600, 
1551, 1459, -92, -1505, 822, 683, 527, 580, 580, 629, 580, 580, 
1542, 1459, -82, -1500, 812, 688, 531, 570, 580, 624, 575, 570, 
1522, 1459, -63, -1490, 793, 697, 536, 580, 595, 634, 585, 575, 
1512, 1459, -53, -1485, 783, 702, 551, 580, 595, 634, 585, 580, 
1503, 1459, -43, -1481, 773, 707, 561, 580, 595, 629, 585, 585, 
1493, 1478, -14, -1485, 753, 732, 566, 575, 590, 619, 580, 585, 
1512, 1493, -19, -1503, 766, 736, 546, 566, 570, 614, 566, 575, 
1542, 1478, -63, -1510, 802, 707, 536, 556, 566, 610, 561, 575, 
1522, 1464, -58, -1493, 790, 702, 531, 546, 556, 595, 556, 566, 
1527, 1468, -58, -1498, 793, 705, 522, 541, 551, 590, 556, 561, 
1517, 1468, -48, -1493, 783, 710, 527, 541, 561, 595, 551, 561, 
1527, 1464, -63, -1495, 795, 700, 527, 541, 561, 595, 541, 561, 
1512, 1459, -53, -1485, 783, 702, 536, 536, 561, 595, 541, 561, 
1512, 1454, -58, -1483, 785, 697, 536, 536, 561, 590, 541, 556, 
1512, 1429, -82, -1471, 797, 673, 536, 541, 566, 590, 541, 566, 
1498, 1424, -73, -1461, 785, 675, 541, 536, 566, 585, 541, 556, 
1517, 1429, -87, -1473, 802, 671, 551, 536, 566, 585, 546, 570, 
1522, 1444, -78, -1483, 800, 683, 556, 536, 566, 585, 551, 570, 
1507, 1444, -63, -1476, 785, 690, 556, 546, 556, 595, 551, 561, 
1498, 1434, -63, -1466, 780, 685, 556, 531, 551, 590, 546, 551, 
1488, 1420, -68, -1454, 778, 675, 546, 531, 546, 590, 546, 551, 
1483, 1420, -63, -1451, 773, 678, 546, 531, 541, 590, 546, 551, 
1503, 1439, -63, -1471, 783, 688, 546, 527, 546, 580, 541, 546, 
1512, 1449, -63, -1481, 788, 692, 546, 536, 556, 585, 541, 551, 
1517, 1449, -68, -1483, 793, 690, 541, 536, 561, 585, 536, 551, 
1512, 1444, -68, -1478, 790, 688, 541, 536, 570, 590, 536, 551, 
1498, 1449, -48, -1473, 773, 700, 561, 541, 580, 600, 546, 556, 
1498, 1459, -39, -1478, 768, 710, 561, 541, 580, 595, 551, 556, 
1532, 1478, -53, -1505, 793, 712, 556, 541, 580, 590, 551, 556, 
1537, 1493, -43, -1515, 790, 724, 556, 541, 580, 590, 556, 556, 
1532, 1503, -29, -1517, 780, 736, 551, 527, 575, 580, 551, 546, 
1527, 1498, -29, -1512, 778, 734, 546, 527, 570, 580, 546, 546, 
1522, 1483, -39, -1503, 780, 722, 536, 527, 566, 570, 536, 536, 
1517, 1488, -29, -1503, 773, 729, 527, 522, 561, 570, 531, 536, 
1503, 1488, -14, -1495, 758, 736, 531, 512, 551, 570, 522, 546, 
1503, 1483, -19, -1493, 761, 732, 536, 517, 546, 570, 522, 541, 
1493, 1473, -19, -1483, 756, 727, 541, 517, 546, 570, 512, 541, 
1493, 1468, -24, -1481, 758, 722, 546, 517, 546, 570, 512, 541, 
1483, 1468, -14, -1476, 749, 727, 570, 527, 570, 585, 527, 570, 
1483, 1454, -29, -1468, 756, 712, 566, 527, 566, 585, 541, 575, 
1483, 1444, -39, -1464, 761, 702, 561, 527, 561, 580, 551, 580, 
1488, 1444, -43, -1466, 766, 700, 566, 517, 566, 585, 556, 585, 
1517, 1468, -48, -1493, 783, 710, 566, 507, 561, 585, 556, 580, 
1522, 1478, -43, -1500, 783, 717, 561, 517, 561, 585, 551, 580, 
1522, 1483, -39, -1503, 780, 722, 561, 517, 556, 585, 546, 575, 
1527, 1483, -43, -1505, 785, 719, 561, 517, 546, 580, 536, 570, 
1507, 1483, -24, -1495, 766, 729, 551, 502, 551, 575, 522, 551, 
1498, 1483, -14, -1490, 756, 734, 551, 502, 551, 575, 522, 546, 
1493, 1493, 0, -1493, 746, 746, 551, 502, 551, 575, 527, 546, 
1488, 1498, 9, -1493, 739, 753, 551, 502, 551, 575, 527, 546, 
1498, 1512, 14, -1505, 741, 763, 551, 512, 546, 566, 517, 566, 
1512, 1522, 9, -1517, 751, 766, 551, 512, 546, 566, 512, 566, 
1542, 1527, -14, -1534, 778, 756, 541, 502, 546, 556, 512, 561, 
1566, 1522, -43, -1544, 805, 739, 541, 497, 546, 551, 507, 561, 
1532, 1507, -24, -1520, 778, 741, 556, 497, 546, 546, 507, 551, 
1522, 1512, -9, -1517, 766, 751, 561, 502, 546, 546, 502, 546, 
1512, 1512, 0, -1512, 756, 756, 561, 502, 546, 551, 497, 546, 
1498, 1507, 9, -1503, 744, 758, 561, 502, 551, 551, 492, 546, 
1483, 1493, 9, -1488, 736, 751, 546, 497, 546, 536, 483, 536, 
1483, 1488, 4, -1485, 739, 746, 541, 492, 541, 531, 478, 536, 
1483, 1483, 0, -1483, 741, 741, 536, 488, 536, 527, 478, 527, 
1498, 1478, -19, -1488, 758, 729, 531, 483, 527, 522, 478, 512, 
1507, 1488, -19, -1498, 763, 734, 536, 488, 522, 517, 473, 517, 
1503, 1493, -9, -1498, 756, 741, 536, 488, 527, 527, 483, 531, 
1503, 1498, -4, -1500, 753, 746, 541, 488, 536, 541, 507, 541, 
1503, 1507, 4, -1505, 749, 756, 561, 492, 541, 551, 522, 556, 
1493, 1517, 24, -1505, 734, 771, 551, 497, 546, 551, 527, 556, 
1507, 1517, 9, -1512, 749, 763, 556, 497, 546, 551, 522, 551, 
1532, 1517, -14, -1525, 773, 751, 561, 497, 551, 551, 517, 546, 
1542, 1517, -24, -1529, 783, 746, 561, 497, 551, 551, 512, 541, 
1542, 1503, -39, -1522, 790, 732, 561, 502, 546, 556, 502, 546, 
1542, 1498, -43, -1520, 793, 727, 561, 507, 546, 556, 502, 546, 
1542, 1488, -53, -1515, 797, 717, 566, 512, 541, 556, 502, 546, 
1542, 1478, -63, -1510, 802, 707, 556, 522, 541, 556, 507, 556, 
1542, 1498, -43, -1520, 793, 727, 556, 512, 541, 556, 527, 556, 
1542, 1507, -34, -1525, 788, 736, 556, 507, 546, 556, 527, 556, 
1537, 1498, -39, -1517, 788, 729, 556, 502, 546, 551, 527, 551, 
1522, 1498, -24, -1510, 773, 736, 551, 497, 541, 546, 522, 546, 
1527, 1503, -24, -1515, 775, 739, 556, 507, 531, 546, 502, 531, 
1522, 1503, -19, -1512, 771, 741, 551, 502, 522, 536, 488, 517, 
1532, 1507, -24, -1520, 778, 741, 541, 502, 517, 527, 483, 502, 
1527, 1517, -9, -1522, 768, 753, 541, 502, 517, 527, 483, 497, 
1532, 1522, -9, -1527, 771, 756, 531, 502, 527, 527, 488, 507, 
1546, 1527, -19, -1537, 783, 753, 531, 497, 517, 527, 492, 512, 
1551, 1532, -19, -1542, 785, 756, 531, 497, 517, 531, 497, 527, 
1542, 1527, -14, -1534, 778, 756, 536, 502, 527, 531, 507, 546, 
1488, 1459, -29, -1473, 758, 714, 546, 517, 536, 541, 517, 566, 
1488, 1473, -14, -1481, 751, 729, 546, 507, 536, 531, 507, 556, 
1551, 1512, -39, -1532, 795, 736, 541, 507, 536, 551, 517, 561, 
1571, 1527, -43, -1549, 807, 741, 531, 517, 546, 561, 517, 561, 
1561, 1522, -39, -1542, 800, 741, 517, 517, 536, 546, 517, 566, 
1551, 1532, -19, -1542, 785, 756, 522, 522, 546, 551, 531, 570, 
1551, 1532, -19, -1542, 785, 756, 527, 527, 546, 556, 536, 575, 
1551, 1532, -19, -1542, 785, 756, 531, 531, 546, 561, 541, 580, 
1551, 1532, -19, -1542, 785, 756, 536, 536, 546, 566, 546, 585, 
1546, 1522, -24, -1534, 785, 749, 546, 527, 536, 556, 536, 570, 
1556, 1527, -29, -1542, 793, 749, 546, 517, 536, 556, 536, 566, 
1537, 1532, -4, -1534, 771, 763, 546, 512, 536, 556, 536, 561, 
1522, 1532, 9, -1527, 756, 771, 546, 512, 536, 556, 536, 556, 
1503, 1542, 39, -1522, 732, 790, 546, 512, 541, 556, 531, 551, 
1537, 1551, 14, -1544, 761, 783, 546, 512, 551, 566, 531, 551, 
1556, 1586, 29, -1571, 763, 807, 546, 512, 561, 570, 541, 551, 
1546, 1586, 39, -1566, 753, 812, 551, 512, 566, 570, 541, 556, 
1507, 1566, 58, -1537, 724, 812, 551, 517, 561, 575, 541, 566, 
1507, 1561, 53, -1534, 727, 807, 556, 527, 561, 575, 541, 566, 
1507, 1556, 48, -1532, 729, 802, 556, 536, 570, 590, 546, 570, 
1512, 1551, 39, -1532, 736, 795, 561, 541, 570, 590, 551, 570, 
1542, 1566, 24, -1554, 758, 795, 551, 536, 561, 580, 541, 561, 
1546, 1586, 39, -1566, 753, 812, 546, 531, 556, 580, 541, 556, 
1556, 1605, 48, -1581, 753, 827, 546, 527, 556, 575, 536, 556, 
1561, 1610, 48, -1586, 756, 829, 546, 522, 561, 575, 536, 561, 
1576, 1595, 19, -1586, 778, 807, 541, 522, 556, 570, 546, 561, 
1600, 1590, -9, -1595, 805, 790, 536, 517, 561, 580, 561, 570, 
1620, 1586, -34, -1603, 827, 775, 531, 512, 556, 580, 561, 575, 
1615, 1581, -34, -1598, 824, 773, 522, 502, 551, 580, 551, 585, 
1615, 1600, -14, -1607, 814, 793, 522, 512, 556, 590, 575, 605, 
1615, 1610, -4, -1612, 810, 802, 527, 522, 566, 614, 595, 614, 
1629, 1620, -9, -1625, 819, 805, 531, 536, 575, 629, 600, 624, 
1644, 1629, -14, -1637, 829, 807, 541, 551, 590, 639, 610, 634, 
1629, 1629, 0, -1629, 814, 814, 531, 541, 580, 624, 610, 629, 
1625, 1625, 0, -1625, 812, 812, 517, 541, 575, 619, 605, 624, 
1620, 1620, 0, -1620, 810, 810, 507, 541, 570, 610, 600, 619, 
1644, 1615, -29, -1629, 836, 793, 502, 541, 570, 605, 595, 614, 
1605, 1605, 0, -1605, 802, 802, 492, 536, 566, 605, 585, 614, 
1586, 1576, -9, -1581, 797, 783, 492, 531, 551, 605, 580, 614, 
1566, 1586, 19, -1576, 773, 802, 483, 527, 546, 605, 580, 614, 
1571, 1595, 24, -1583, 773, 810, 492, 522, 546, 605, 595, 624, 
1586, 1610, 24, -1598, 780, 817, 502, 546, 566, 629, 619, 649, 
1590, 1600, 9, -1595, 790, 805, 517, 556, 575, 639, 624, 653, 
1600, 1615, 14, -1607, 793, 814, 522, 561, 580, 644, 634, 658, 
1605, 1629, 24, -1617, 790, 827, 527, 575, 585, 649, 639, 663, 
1615, 1620, 4, -1617, 805, 812, 527, 561, 575, 629, 634, 653, 
1600, 1615, 14, -1607, 793, 814, 527, 561, 570, 629, 629, 649, 
1590, 1615, 24, -1603, 783, 819, 541, 561, 570, 629, 624, 644, 
1581, 1615, 34, -1598, 773, 824, 541, 556, 566, 619, 605, 634, 
1586, 1586, 0, -1586, 793, 793, 536, 541, 566, 605, 605, 624, 
1581, 1571, -9, -1576, 795, 780, 527, 541, 551, 595, 600, 614, 
1590, 1561, -29, -1576, 810, 766, 522, 531, 541, 585, 580, 600, 
1590, 1532, -58, -1561, 824, 736, 507, 517, 527, 566, 566, 575, 
1571, 1527, -43, -1549, 807, 741, 497, 497, 507, 546, 536, 556, 
1551, 1522, -29, -1537, 790, 746, 507, 497, 507, 536, 536, 556, 
1542, 1522, -19, -1532, 780, 751, 517, 502, 507, 546, 541, 556, 
1532, 1532, 0, -1532, 766, 766, 522, 502, 522, 556, 546, 561, 
1542, 1522, -19, -1532, 780, 751, 522, 502, 522, 546, 546, 556, 
1546, 1517, -29, -1532, 788, 744, 522, 507, 522, 546, 531, 556, 
1551, 1507, -43, -1529, 797, 732, 527, 512, 527, 551, 527, 551, 
1551, 1493, -58, -1522, 805, 717, 531, 517, 527, 551, 522, 541, 
1551, 1507, -43, -1529, 797, 732, 541, 531, 531, 556, 527, 546, 
1542, 1503, -39, -1522, 790, 732, 546, 536, 536, 566, 541, 556, 
1527, 1512, -14, -1520, 771, 749, 541, 541, 541, 570, 551, 561, 
1542, 1522, -19, -1532, 780, 751, 541, 531, 531, 566, 556, 561, 
1542, 1522, -19, -1532, 780, 751, 536, 527, 522, 551, 536, 541, 
1542, 1527, -14, -1534, 778, 756, 536, 527, 522, 546, 527, 531, 
1542, 1532, -9, -1537, 775, 761, 531, 522, 522, 541, 517, 522, 
1542, 1546, 4, -1544, 768, 775, 527, 517, 512, 531, 502, 507, 
1556, 1522, -34, -1539, 795, 744, 522, 507, 502, 531, 512, 522, 
1542, 1512, -29, -1527, 785, 741, 522, 502, 502, 531, 512, 527, 
1537, 1503, -34, -1520, 785, 734, 522, 502, 502, 531, 517, 531, 
1517, 1493, -24, -1505, 771, 734, 522, 502, 502, 531, 517, 541, 
1512, 1498, -14, -1505, 763, 741, 531, 502, 507, 541, 522, 556, 
1542, 1517, -24, -1529, 783, 746, 531, 507, 507, 541, 527, 556, 
1566, 1522, -43, -1544, 805, 739, 536, 517, 507, 541, 531, 561, 
1561, 1527, -34, -1544, 797, 746, 536, 522, 512, 546, 536, 566, 
1561, 1532, -29, -1546, 795, 751, 536, 531, 517, 556, 536, 561, 
1561, 1532, -29, -1546, 795, 751, 536, 531, 517, 556, 536, 551, 
1561, 1532, -29, -1546, 795, 751, 541, 531, 522, 556, 536, 546, 
1561, 1537, -24, -1549, 793, 756, 541, 536, 531, 561, 536, 551, 
1556, 1527, -29, -1542, 793, 749, 531, 531, 527, 556, 536, 546, 
1537, 1522, -14, -1529, 775, 753, 531, 531, 522, 551, 531, 541, 
1527, 1512, -14, -1520, 771, 749, 531, 527, 517, 546, 527, 536, 
1507, 1498, -9, -1503, 758, 744, 531, 522, 512, 541, 522, 531, 
1581, 1503, -78, -1542, 829, 712, 517, 507, 497, 531, 527, 541, 
1605, 1522, -82, -1564, 844, 719, 512, 522, 502, 541, 536, 551, 
1590, 1527, -63, -1559, 827, 732, 522, 517, 507, 531, 527, 541, 
1571, 1512, -58, -1542, 814, 727, 536, 517, 517, 541, 517, 522, 
1581, 1507, -73, -1544, 827, 717, 556, 531, 546, 556, 536, 531, 
1571, 1517, -53, -1544, 812, 732, 580, 566, 561, 570, 546, 551, 
1532, 1527, -4, -1529, 768, 761, 595, 575, 570, 570, 546, 556, 
1517, 1522, 4, -1520, 756, 763, 590, 556, 551, 556, 536, 527, 
1546, 1503, -43, -1525, 795, 729, 566, 536, 527, 531, 507, 502, 
1517, 1449, -68, -1483, 793, 690, 580, 536, 527, 531, 492, 507, 
1478, 1405, -73, -1442, 775, 666, 634, 566, 546, 541, 502, 502, 
1517, 1390, -126, -1454, 822, 631, 634, 575, 536, 522, 483, 463, 
1566, 1385, -180, -1476, 873, 602, 619, 580, 527, 527, 497, 453, 
1532, 1337, -195, -1434, 863, 570, 619, 610, 551, 575, 575, 488, 
1488, 1268, -219, -1378, 854, 524, 614, 653, 580, 639, 673, 541, 
1551, 1244, -307, -1398, 929, 468, 610, 688, 605, 707, 766, 585, 
1654, 1273, -380, -1464, 1017, 446, 624, 761, 649, 790, 893, 649, 
1664, 1273, -390, -1468, 1027, 441, 624, 863, 702, 902, 1044, 727, 
1649, 1244, -405, -1446, 1027, 419, 610, 936, 732, 1015, 1210, 814, 
1722, 1268, -453, -1495, 1088, 407, 590, 1019, 766, 1122, 1376, 922, 
1859, 1288, -570, -1573, 1215, 358, 570, 1117, 805, 1249, 1571, 1039, 
1937, 1259, -678, -1598, 1307, 290, 561, 1215, 858, 1376, 1776, 1161, 
1986, 1220, -766, -1603, 1376, 226, 556, 1302, 893, 1478, 1937, 1234, 
2078, 1185, -893, -1632, 1485, 146, 527, 1366, 893, 1517, 1981, 1229, 
2161, 1102, -1058, -1632, 1610, 21, 512, 1410, 893, 1498, 1922, 1127, 
2152, 980, -1171, -1566, 1661, -95, 536, 1449, 883, 1424, 1742, 912, 
2147, 854, -1293, -1500, 1720, -219, 580, 1488, 863, 1317, 1468, 610, 
2122, 732, -1390, -1427, 1756, -329, 619, 1522, 863, 1210, 1176, 287, 
2039, 619, -1420, -1329, 1729, -400, 658, 1551, 873, 1132, 917, 19, 
1947, 522, -1424, -1234, 1686, -451, 668, 1566, 878, 1058, 712, -165, 
1908, 488, -1420, -1198, 1664, -466, 653, 1581, 854, 995, 566, -273, 
1947, 507, -1439, -1227, 1693, -466, 629, 1581, 829, 941, 453, -336, 
1981, 546, -1434, -1263, 1708, -444, 595, 1551, 805, 897, 385, -361, 
1976, 556, -1420, -1266, 1698, -431, 580, 1532, 785, 863, 361, -351, 
1986, 570, -1415, -1278, 1700, -422, 551, 1503, 761, 829, 341, -341, 
2005, 619, -1385, -1312, 1695, -383, 507, 1439, 697, 756, 302, -331, 
1981, 639, -1342, -1310, 1661, -351, 448, 1346, 614, 658, 248, -326, 
1922, 600, -1322, -1261, 1622, -361, 400, 1244, 527, 546, 170, -336, 
1912, 619, -1293, -1266, 1603, -336, 395, 1156, 468, 434, 92, -331, 
1917, 692, -1224, -1305, 1571, -265, 434, 1063, 439, 336, 29, -312, 
1888, 727, -1161, -1307, 1525, -217, 468, 961, 414, 244, -48, -322, 
1815, 727, -1088, -1271, 1451, -180, 497, 839, 380, 151, -136, -341, 
1722, 761, -961, -1241, 1342, -100, 531, 736, 361, 102, -175, -341, 
1659, 780, -878, -1220, 1268, -48, 575, 697, 385, 97, -175, -307, 
1649, 824, -824, -1237, 1237, 0, 634, 678, 414, 102, -156, -278, 
1634, 868, -766, -1251, 1200, 51, 712, 668, 439, 102, -156, -258, 
1595, 883, -712, -1239, 1154, 85, 756, 644, 448, 92, -151, -234, 
1556, 907, -649, -1232, 1102, 129, 785, 629, 473, 92, -156, -214, 
1546, 990, -556, -1268, 1051, 217, 819, 619, 497, 107, -136, -170, 
1522, 1039, -483, -1281, 1002, 278, 873, 619, 527, 126, -102, -131, 
1483, 1058, -424, -1271, 954, 317, 922, 610, 556, 156, -82, -82, 
1464, 1102, -361, -1283, 912, 370, 990, 619, 595, 204, -34, -24, 
1454, 1166, -287, -1310, 871, 439, 1058, 629, 644, 258, 24, 48, 
1385, 1190, -195, -1288, 790, 497, 1078, 605, 658, 278, 58, 92, 
1351, 1200, -151, -1276, 751, 524, 1083, 556, 658, 278, 68, 107, 
1385, 1273, -112, -1329, 749, 580, 1098, 527, 653, 287, 92, 122, 
1420, 1361, -58, -1390, 739, 651, 1132, 507, 658, 312, 126, 156, 
1420, 1420, 0, -1420, 710, 710, 1171, 497, 649, 326, 175, 200, 
1405, 1468, 63, -1437, 671, 766, 1185, 497, 644, 341, 204, 248, 
1366, 1468, 102, -1417, 631, 785, 1205, 507, 653, 375, 239, 302, 
1356, 1449, 92, -1403, 631, 771, 1205, 512, 653, 400, 278, 351, 
1385, 1468, 82, -1427, 651, 775, 1190, 492, 639, 409, 292, 366, 
1385, 1488, 102, -1437, 641, 795, 1156, 478, 624, 414, 297, 370, 
1385, 1498, 112, -1442, 636, 805, 1078, 473, 605, 414, 317, 385, 
1405, 1507, 102, -1456, 651, 805, 976, 468, 585, 434, 351, 409, 
1439, 1527, 87, -1483, 675, 807, 883, 473, 575, 453, 380, 439, 
1478, 1605, 126, -1542, 675, 866, 810, 488, 575, 468, 414, 458, 
1517, 1683, 165, -1600, 675, 924, 756, 502, 570, 488, 444, 483, 
1532, 1688, 156, -1610, 688, 922, 678, 492, 546, 497, 468, 502, 
1517, 1649, 131, -1583, 692, 890, 605, 473, 512, 507, 468, 512, 
1532, 1654, 122, -1593, 705, 888, 580, 488, 517, 517, 483, 531, 
1542, 1654, 112, -1598, 714, 883, 541, 488, 507, 527, 502, 551, 
1546, 1654, 107, -1600, 719, 880, 531, 492, 502, 541, 512, 566, 
1556, 1654, 97, -1605, 729, 875, 522, 478, 502, 551, 522, 575, 
1556, 1644, 87, -1600, 734, 866, 531, 483, 492, 546, 517, 566, 
1556, 1634, 78, -1595, 739, 856, 531, 483, 492, 541, 517, 566, 
1546, 1610, 63, -1578, 741, 836, 536, 483, 502, 541, 512, 566, 
1546, 1590, 43, -1568, 751, 817, 536, 483, 502, 536, 512, 566, 
1542, 1576, 34, -1559, 753, 805, 517, 478, 492, 527, 512, 561, 
1542, 1566, 24, -1554, 758, 795, 492, 473, 483, 522, 512, 561, 
1542, 1561, 19, -1551, 761, 790, 478, 473, 478, 517, 517, 566, 
1537, 1561, 24, -1549, 756, 793, 458, 473, 478, 517, 527, 580, 
1527, 1586, 58, -1556, 734, 822, 463, 488, 488, 541, 536, 605, 
1517, 1590, 73, -1554, 722, 832, 473, 488, 492, 551, 536, 610, 
1517, 1615, 97, -1566, 710, 856, 483, 492, 502, 556, 536, 610, 
1527, 1654, 126, -1590, 700, 890, 497, 497, 507, 561, 541, 610, 
1551, 1693, 141, -1622, 705, 917, 507, 492, 497, 556, 551, 605, 
1546, 1708, 161, -1627, 692, 934, 502, 497, 497, 561, 551, 605, 
1551, 1712, 161, -1632, 695, 936, 492, 502, 497, 561, 551, 605, 
1556, 1717, 161, -1637, 697, 939, 492, 502, 502, 566, 556, 614, 
1546, 1693, 146, -1620, 700, 919, 488, 497, 492, 566, 556, 624, 
1546, 1678, 131, -1612, 707, 905, 483, 488, 488, 561, 551, 619, 
1546, 1668, 122, -1607, 712, 895, 478, 483, 488, 556, 546, 629, 
1561, 1654, 92, -1607, 734, 873, 473, 478, 488, 551, 546, 629, 
1566, 1654, 87, -1610, 739, 871, 488, 483, 492, 561, 556, 619, 
1566, 1654, 87, -1610, 739, 871, 488, 483, 492, 556, 546, 614, 
1561, 1654, 92, -1607, 734, 873, 483, 473, 492, 556, 546, 614, 
1561, 1644, 82, -1603, 739, 863, 478, 478, 497, 556, 546, 614, 
1600, 1673, 73, -1637, 763, 873, 473, 483, 502, 561, 551, 634, 
1600, 1698, 97, -1649, 751, 897, 463, 483, 497, 566, 556, 644, 
1600, 1703, 102, -1651, 749, 902, 453, 483, 492, 566, 556, 644, 
1595, 1693, 97, -1644, 749, 895, 444, 483, 483, 561, 556, 644, 
1600, 1688, 87, -1644, 756, 888, 444, 468, 473, 556, 546, 639, 
1625, 1688, 63, -1656, 780, 875, 448, 463, 473, 546, 546, 634, 
1639, 1683, 43, -1661, 797, 863, 448, 448, 473, 536, 546, 629, 
1644, 1664, 19, -1654, 812, 841, 444, 444, 473, 527, 531, 610, 
1620, 1644, 24, -1632, 797, 834, 439, 453, 463, 536, 536, 619, 
1625, 1659, 34, -1642, 795, 846, 439, 453, 473, 541, 536, 619, 
1620, 1659, 39, -1639, 790, 849, 439, 458, 473, 541, 546, 624, 
1600, 1644, 43, -1622, 778, 844, 434, 458, 473, 541, 546, 624, 
1595, 1664, 68, -1629, 763, 866, 444, 478, 478, 546, 566, 639, 
1590, 1693, 102, -1642, 744, 897, 444, 488, 488, 561, 570, 658, 
1586, 1703, 117, -1644, 734, 910, 439, 488, 492, 570, 575, 668, 
1581, 1717, 136, -1649, 722, 927, 429, 488, 497, 575, 580, 673, 
1581, 1708, 126, -1644, 727, 917, 448, 488, 488, 575, 570, 663, 
1581, 1708, 126, -1644, 727, 917, 448, 488, 488, 580, 580, 663, 
1581, 1703, 122, -1642, 729, 912, 448, 488, 488, 585, 585, 663, 
1581, 1698, 117, -1639, 732, 907, 448, 488, 488, 590, 585, 668, 
1600, 1717, 117, -1659, 741, 917, 444, 497, 483, 595, 585, 668, 
1615, 1747, 131, -1681, 741, 939, 444, 497, 483, 590, 585, 673, 
1625, 1771, 146, -1698, 739, 958, 444, 497, 483, 585, 585, 678, 
1634, 1771, 136, -1703, 749, 954, 439, 492, 483, 580, 585, 683, 
1644, 1761, 117, -1703, 763, 939, 439, 502, 492, 590, 590, 692, 
1649, 1756, 107, -1703, 771, 932, 434, 502, 492, 590, 590, 692, 
1649, 1751, 102, -1700, 773, 927, 429, 502, 492, 590, 595, 692, 
1654, 1756, 102, -1705, 775, 929, 429, 507, 497, 590, 610, 692, 
1668, 1751, 82, -1710, 793, 917, 414, 502, 492, 580, 605, 692, 
1668, 1742, 73, -1705, 797, 907, 400, 492, 483, 575, 600, 688, 
1668, 1717, 48, -1693, 810, 883, 390, 488, 478, 570, 585, 678, 
1678, 1708, 29, -1693, 824, 868, 385, 483, 473, 570, 580, 673, 
1668, 1708, 39, -1688, 814, 873, 395, 488, 463, 570, 585, 678, 
1668, 1698, 29, -1683, 819, 863, 395, 492, 463, 575, 590, 683, 
1668, 1683, 14, -1676, 827, 849, 395, 497, 468, 585, 600, 688, 
1693, 1678, -14, -1686, 854, 832, 395, 497, 473, 585, 600, 688, 
1654, 1664, 9, -1659, 822, 836, 405, 512, 488, 595, 619, 692, 
1615, 1649, 34, -1632, 790, 841, 405, 531, 492, 605, 624, 697, 
1576, 1634, 58, -1605, 758, 846, 405, 541, 497, 614, 629, 702, 
1556, 1629, 73, -1593, 741, 851, 405, 556, 507, 624, 629, 707, 
1581, 1659, 78, -1620, 751, 868, 395, 556, 502, 619, 619, 697, 
1605, 1659, 53, -1632, 775, 856, 375, 556, 497, 614, 619, 697, 
1625, 1668, 43, -1647, 790, 856, 370, 556, 497, 610, 619, 697, 
1644, 1678, 34, -1661, 805, 856, 366, 561, 492, 610, 619, 697, 
1654, 1673, 19, -1664, 817, 846, 375, 561, 492, 619, 624, 707, 
1688, 1664, -24, -1676, 856, 819, 375, 566, 492, 619, 624, 707, 
1698, 1664, -34, -1681, 866, 814, 380, 585, 507, 629, 639, 707, 
1698, 1673, -24, -1686, 861, 824, 380, 595, 512, 629, 639, 707, 
1703, 1673, -29, -1688, 866, 822, 390, 600, 522, 639, 644, 707, 
1698, 1673, -24, -1686, 861, 824, 390, 605, 522, 639, 649, 697, 
1708, 1668, -39, -1688, 873, 814, 395, 619, 527, 649, 663, 697, 
1722, 1668, -53, -1695, 888, 807, 395, 619, 527, 653, 658, 688, 
1727, 1668, -58, -1698, 893, 805, 395, 624, 531, 649, 658, 688, 
1732, 1654, -78, -1693, 905, 788, 395, 624, 536, 653, 663, 692, 
1737, 1654, -82, -1695, 910, 785, 414, 639, 541, 658, 673, 697, 
1742, 1654, -87, -1698, 915, 783, 424, 644, 546, 668, 678, 702, 
1727, 1634, -92, -1681, 910, 771, 409, 649, 551, 668, 673, 697, 
1727, 1634, -92, -1681, 910, 771, 405, 653, 556, 668, 678, 697, 
1732, 1644, -87, -1688, 910, 778, 400, 653, 561, 668, 673, 692, 
1751, 1644, -107, -1698, 929, 768, 395, 644, 561, 658, 658, 678, 
1742, 1610, -131, -1676, 936, 739, 400, 629, 546, 649, 653, 668, 
1742, 1605, -136, -1673, 939, 734, 409, 629, 546, 658, 653, 668, 
1732, 1600, -131, -1666, 932, 734, 424, 629, 556, 658, 653, 678, 
1722, 1605, -117, -1664, 919, 744, 429, 624, 556, 658, 649, 668, 
1732, 1615, -117, -1673, 924, 749, 439, 639, 561, 663, 663, 673, 
1732, 1625, -107, -1678, 919, 758, 458, 653, 580, 673, 668, 678, 
1717, 1629, -87, -1673, 902, 771, 478, 658, 585, 683, 668, 673, 
1693, 1629, -63, -1661, 878, 783, 502, 653, 590, 688, 668, 658, 
1712, 1629, -82, -1671, 897, 773, 492, 649, 595, 683, 658, 653, 
1712, 1639, -73, -1676, 893, 783, 492, 644, 595, 678, 653, 653, 
1712, 1639, -73, -1676, 893, 783, 488, 639, 590, 668, 649, 639, 
1712, 1629, -82, -1671, 897, 773, 483, 634, 585, 663, 639, 639, 
1708, 1610, -97, -1659, 902, 756, 492, 624, 580, 668, 629, 649, 
1693, 1605, -87, -1649, 890, 758, 502, 619, 580, 668, 644, 658, 
1698, 1600, -97, -1649, 897, 751, 512, 619, 585, 668, 644, 653, 
1693, 1595, -97, -1644, 895, 749, 517, 619, 595, 668, 649, 649, 
1688, 1600, -87, -1644, 888, 756, 531, 629, 590, 668, 649, 649, 
1688, 1605, -82, -1647, 885, 761, 531, 624, 595, 668, 649, 649, 
1693, 1620, -73, -1656, 883, 773, 536, 624, 595, 663, 634, 639, 
1698, 1625, -73, -1661, 885, 775, 541, 619, 600, 663, 634, 639, 
1712, 1639, -73, -1676, 893, 783, 541, 610, 605, 653, 634, 639, 
1717, 1644, -73, -1681, 895, 785, 551, 610, 605, 653, 634, 639, 
1722, 1649, -73, -1686, 897, 788, 556, 610, 605, 649, 634, 639, 
1727, 1673, -53, -1700, 890, 810, 556, 605, 600, 639, 629, 634, 
1708, 1654, -53, -1681, 880, 800, 556, 600, 595, 639, 614, 624, 
1698, 1625, -73, -1661, 885, 775, 556, 595, 595, 639, 610, 624, 
1639, 1595, -43, -1617, 841, 775, 561, 590, 590, 629, 605, 614, 
1605, 1586, -19, -1595, 812, 783, 561, 590, 590, 629, 605, 610, 
1610, 1586, -24, -1598, 817, 780, 556, 590, 590, 634, 610, 619, 
1625, 1581, -43, -1603, 834, 768, 556, 590, 590, 634, 600, 619, 
1615, 1576, -39, -1595, 827, 768, 566, 585, 590, 634, 600, 619, 
1620, 1571, -48, -1595, 834, 761, 566, 585, 590, 629, 600, 614, 
1615, 1571, -43, -1593, 829, 763, 570, 590, 575, 629, 600, 614, 
1595, 1571, -24, -1583, 810, 773, 570, 585, 575, 624, 600, 605, 
1610, 1581, -29, -1595, 819, 775, 575, 585, 575, 624, 605, 619, 
1610, 1600, -9, -1605, 810, 795, 575, 585, 575, 624, 610, 619, 
1620, 1595, -24, -1607, 822, 785, 575, 595, 585, 624, 605, 629, 
1615, 1581, -34, -1598, 824, 773, 575, 580, 580, 619, 595, 619, 
1610, 1561, -48, -1586, 829, 756, 566, 580, 575, 619, 590, 619, 
1610, 1556, -53, -1583, 832, 751, 566, 580, 570, 619, 585, 619, 
1634, 1576, -58, -1605, 846, 758, 570, 575, 580, 619, 600, 624, 
1649, 1595, -53, -1622, 851, 771, 575, 585, 585, 624, 600, 629, 
1659, 1605, -53, -1632, 856, 775, 575, 585, 585, 624, 595, 629, 
1659, 1610, -48, -1634, 854, 780, 580, 585, 590, 629, 595, 629, 
1644, 1600, -43, -1622, 844, 778, 590, 575, 585, 619, 590, 619, 
1644, 1605, -39, -1625, 841, 783, 590, 570, 580, 614, 590, 614, 
1678, 1620, -58, -1649, 868, 780, 585, 566, 575, 610, 585, 610, 
1683, 1629, -53, -1656, 868, 788, 585, 561, 570, 610, 585, 605, 
1673, 1634, -39, -1654, 856, 797, 580, 556, 561, 610, 575, 614, 
1673, 1625, -48, -1649, 861, 788, 575, 556, 561, 610, 575, 614, 
1673, 1605, -68, -1639, 871, 768, 566, 556, 561, 600, 570, 605, 
1673, 1605, -68, -1639, 871, 768, 556, 551, 561, 600, 570, 605, 
1644, 1615, -29, -1629, 836, 793, 556, 561, 570, 600, 585, 610, 
1639, 1620, -19, -1629, 829, 800, 556, 566, 566, 600, 590, 610, 
1625, 1620, -4, -1622, 814, 807, 556, 566, 566, 600, 585, 614, 
1620, 1625, 4, -1622, 807, 814, 556, 566, 566, 600, 590, 619, 
1629, 1634, 4, -1632, 812, 819, 570, 556, 575, 610, 585, 629, 
1629, 1620, -9, -1625, 819, 805, 566, 556, 566, 605, 590, 624, 
1629, 1610, -19, -1620, 824, 795, 561, 556, 556, 595, 590, 619, 
1634, 1610, -24, -1622, 829, 793, 566, 546, 556, 595, 585, 614, 
1664, 1629, -34, -1647, 849, 797, 575, 556, 561, 610, 595, 624, 
1678, 1644, -34, -1661, 856, 805, 580, 566, 570, 614, 600, 629, 
1688, 1654, -34, -1671, 861, 810, 590, 566, 575, 619, 605, 629, 
1703, 1659, -43, -1681, 873, 807, 600, 566, 575, 619, 605, 629, 
1668, 1644, -24, -1656, 846, 810, 595, 551, 570, 610, 595, 629, 
1644, 1629, -14, -1637, 829, 807, 590, 551, 570, 605, 590, 624, 
1625, 1625, 0, -1625, 812, 812, 585, 551, 570, 600, 590, 624, 
1605, 1615, 9, -1610, 797, 812, 580, 551, 570, 595, 585, 624, 
1586, 1610, 24, -1598, 780, 817, 580, 541, 570, 595, 575, 619, 
1581, 1610, 29, -1595, 775, 819, 580, 541, 566, 595, 570, 614, 
1590, 1605, 14, -1598, 788, 810, 570, 531, 561, 585, 570, 605, 
1595, 1590, -4, -1593, 800, 793, 570, 527, 556, 580, 566, 600, 
1590, 1581, -9, -1586, 800, 785, 570, 517, 551, 566, 556, 600, 
1600, 1590, -9, -1595, 805, 790, 570, 522, 546, 566, 551, 595, 
1610, 1595, -14, -1603, 812, 790, 566, 522, 541, 570, 546, 595, 
1615, 1595, -19, -1605, 817, 788, 561, 522, 541, 570, 541, 595, 
1620, 1605, -14, -1612, 817, 795, 575, 531, 551, 590, 551, 610, 
1629, 1625, -4, -1627, 817, 810, 580, 541, 561, 600, 556, 614, 
1639, 1644, 4, -1642, 817, 824, 585, 551, 570, 610, 566, 610, 
1664, 1664, 0, -1664, 832, 832, 590, 561, 575, 619, 575, 600, 
1649, 1649, 0, -1649, 824, 824, 580, 556, 566, 605, 570, 600, 
1639, 1639, 0, -1639, 819, 819, 575, 556, 566, 605, 570, 610, 
1634, 1629, -4, -1632, 819, 812, 575, 556, 570, 610, 585, 614, 
1629, 1625, -4, -1627, 817, 810, 590, 561, 570, 610, 590, 624, 
1620, 1625, 4, -1622, 807, 814, 595, 580, 590, 624, 605, 634, 
1634, 1625, -9, -1629, 822, 807, 605, 585, 595, 629, 610, 639, 
1659, 1625, -34, -1642, 846, 795, 614, 590, 605, 634, 614, 644, 
1668, 1625, -43, -1647, 856, 790, 619, 595, 610, 639, 619, 649, 
1659, 1615, -43, -1637, 851, 785, 605, 580, 595, 634, 595, 624, 
1659, 1615, -43, -1637, 851, 785, 590, 575, 585, 624, 590, 614, 
1659, 1610, -48, -1634, 854, 780, 580, 570, 570, 614, 585, 605, 
1659, 1605, -53, -1632, 856, 775, 556, 570, 561, 605, 585, 605, 
1668, 1629, -39, -1649, 854, 795, 575, 585, 580, 614, 610, 629, 
1678, 1644, -34, -1661, 856, 805, 585, 585, 595, 624, 614, 634, 
1683, 1639, -43, -1661, 863, 797, 595, 585, 605, 629, 619, 634, 
1678, 1644, -34, -1661, 856, 805, 600, 585, 610, 634, 619, 634, 
1698, 1654, -43, -1676, 871, 805, 595, 595, 600, 634, 614, 634, 
1698, 1649, -48, -1673, 873, 800, 590, 590, 590, 624, 605, 624, 
1712, 1649, -63, -1681, 888, 793, 580, 590, 585, 614, 605, 614, 
1712, 1654, -58, -1683, 885, 797, 580, 590, 585, 614, 610, 614, 
1688, 1644, -43, -1666, 866, 800, 570, 585, 575, 614, 600, 600, 
1693, 1634, -58, -1664, 875, 788, 570, 575, 566, 614, 600, 600, 
1688, 1625, -63, -1656, 875, 780, 570, 570, 566, 619, 600, 610, 
1668, 1605, -63, -1637, 866, 771, 575, 570, 575, 619, 605, 624, 
1649, 1620, -29, -1634, 839, 795, 575, 575, 575, 610, 595, 619, 
1664, 1629, -34, -1647, 849, 797, 575, 575, 575, 610, 595, 614, 
1683, 1634, -48, -1659, 866, 793, 570, 575, 575, 610, 595, 614, 
1708, 1634, -73, -1671, 890, 780, 570, 575, 575, 610, 595, 610, 
1820, 1732, -87, -1776, 954, 822, 610, 614, 614, 668, 644, 653, 
1786, 1761, -24, -1773, 905, 868, 610, 614, 605, 663, 634, 639, 
1717, 1722, 4, -1720, 856, 863, 610, 619, 605, 653, 634, 634, 
1708, 1688, -19, -1698, 863, 834, 605, 614, 595, 653, 624, 644, 
1703, 1683, -19, -1693, 861, 832, 614, 614, 600, 663, 629, 653, 
1698, 1678, -19, -1688, 858, 829, 614, 614, 605, 663, 634, 653, 
1693, 1673, -19, -1683, 856, 827, 614, 614, 610, 663, 639, 653, 
1688, 1668, -19, -1678, 854, 824, 614, 614, 614, 663, 644, 653, 
1698, 1668, -29, -1683, 863, 819, 610, 600, 610, 658, 639, 649, 
1712, 1673, -39, -1693, 875, 817, 605, 595, 605, 653, 634, 644, 
1698, 1678, -19, -1688, 858, 829, 600, 595, 600, 649, 629, 639, 
1688, 1678, -9, -1683, 849, 834, 595, 600, 595, 644, 624, 634, 
1703, 1698, -4, -1700, 854, 846, 610, 610, 600, 653, 634, 639, 
1751, 1717, -34, -1734, 893, 841, 614, 610, 610, 663, 639, 649, 
1786, 1761, -24, -1773, 905, 868, 619, 610, 619, 668, 653, 658, 
1790, 1771, -19, -1781, 905, 875, 629, 610, 624, 668, 658, 673, 
1747, 1737, -9, -1742, 878, 863, 614, 600, 624, 653, 653, 668, 
1742, 1727, -14, -1734, 878, 856, 614, 605, 619, 653, 649, 663, 
1737, 1717, -19, -1727, 878, 849, 610, 610, 624, 668, 649, 663, 
1737, 1708, -29, -1722, 883, 839, 610, 610, 619, 668, 649, 658, 
1737, 1698, -39, -1717, 888, 829, 619, 610, 619, 668, 649, 668, 
1732, 1712, -19, -1722, 875, 846, 614, 610, 614, 668, 649, 663, 
1732, 1727, -4, -1729, 868, 861, 614, 610, 614, 663, 644, 663, 
1727, 1727, 0, -1727, 863, 863, 614, 610, 619, 663, 644, 668, 
1717, 1737, 19, -1727, 849, 878, 619, 624, 624, 673, 658, 673, 
1727, 1737, 9, -1732, 858, 873, 624, 624, 639, 688, 678, 688, 
1732, 1737, 4, -1734, 863, 871, 629, 624, 644, 692, 683, 697, 
1712, 1737, 24, -1725, 844, 880, 629, 619, 649, 697, 678, 712, 
1717, 1742, 24, -1729, 846, 883, 614, 619, 644, 688, 678, 712, 
1722, 1747, 24, -1734, 849, 885, 605, 619, 644, 702, 692, 712, 
1742, 1751, 9, -1747, 866, 880, 595, 624, 644, 707, 692, 712, 
1761, 1756, -4, -1759, 883, 875, 590, 629, 649, 707, 697, 712, 
1766, 1751, -14, -1759, 890, 868, 585, 619, 644, 707, 702, 712, 
1771, 1751, -19, -1761, 895, 866, 575, 619, 634, 707, 702, 712, 
1776, 1751, -24, -1764, 900, 863, 570, 619, 624, 702, 702, 712, 
1810, 1751, -58, -1781, 934, 846, 570, 619, 619, 702, 702, 712, 
1800, 1756, -43, -1778, 922, 856, 561, 614, 610, 692, 692, 712, 
1800, 1732, -68, -1766, 934, 832, 561, 610, 600, 692, 688, 712, 
1800, 1747, -53, -1773, 927, 846, 551, 605, 600, 692, 688, 712, 
1825, 1761, -63, -1793, 944, 849, 561, 600, 605, 692, 702, 722, 
1844, 1786, -58, -1815, 951, 863, 570, 624, 629, 712, 722, 741, 
1854, 1786, -68, -1820, 961, 858, 585, 634, 634, 717, 722, 741, 
1869, 1810, -58, -1839, 963, 875, 590, 639, 634, 717, 727, 741, 
1878, 1834, -43, -1856, 961, 895, 595, 653, 634, 717, 727, 741, 
1873, 1805, -68, -1839, 971, 868, 590, 634, 629, 697, 722, 732, 
1854, 1790, -63, -1822, 958, 863, 585, 629, 619, 697, 717, 727, 
1839, 1781, -58, -1810, 949, 861, 595, 624, 614, 697, 712, 722, 
1825, 1771, -53, -1798, 939, 858, 590, 614, 605, 688, 692, 712, 
1795, 1751, -43, -1773, 919, 854, 590, 610, 614, 683, 683, 702, 
1776, 1747, -29, -1761, 902, 858, 585, 610, 600, 673, 678, 692, 
1771, 1747, -24, -1759, 897, 861, 585, 600, 590, 663, 658, 678, 
1756, 1727, -29, -1742, 893, 849, 575, 585, 575, 644, 644, 653, 
1761, 1698, -63, -1729, 912, 817, 570, 580, 570, 639, 629, 653, 
1756, 1688, -68, -1722, 912, 810, 585, 585, 575, 634, 634, 653, 
1761, 1683, -78, -1722, 919, 802, 600, 595, 580, 649, 644, 653, 
1766, 1688, -78, -1727, 922, 805, 610, 600, 600, 663, 653, 658, 
1776, 1698, -78, -1737, 927, 810, 619, 614, 610, 668, 673, 663, 
1781, 1703, -78, -1742, 929, 812, 619, 624, 610, 673, 668, 673, 
1786, 1703, -82, -1744, 934, 810, 624, 634, 614, 683, 673, 678, 
1786, 1698, -87, -1742, 936, 805, 629, 644, 614, 688, 678, 678, 
1756, 1708, -48, -1732, 902, 829, 644, 653, 624, 692, 678, 683, 
1737, 1698, -39, -1717, 888, 829, 644, 653, 624, 692, 678, 683, 
1712, 1703, -9, -1708, 861, 846, 634, 653, 624, 688, 673, 678, 
1717, 1708, -9, -1712, 863, 849, 629, 639, 610, 673, 663, 668, 
1717, 1683, -34, -1700, 875, 824, 619, 634, 605, 663, 658, 658, 
1717, 1673, -43, -1695, 880, 814, 624, 634, 600, 663, 653, 658, 
1717, 1664, -53, -1690, 885, 805, 624, 629, 595, 663, 649, 658, 
1717, 1664, -53, -1690, 885, 805, 624, 624, 580, 658, 639, 653, 
1751, 1659, -92, -1705, 922, 783, 610, 624, 580, 649, 639, 649, 
1756, 1659, -97, -1708, 927, 780, 610, 619, 580, 649, 639, 644, 
1771, 1659, -112, -1715, 941, 773, 610, 619, 580, 649, 644, 639, 
1771, 1659, -112, -1715, 941, 773, 610, 619, 580, 649, 644, 639, 
1766, 1664, -102, -1715, 934, 780, 614, 624, 585, 658, 653, 644, 
1786, 1683, -102, -1734, 944, 790, 619, 624, 585, 658, 653, 644, 
1800, 1688, -112, -1744, 956, 788, 629, 629, 585, 658, 653, 649, 
1786, 1693, -92, -1739, 939, 800, 634, 629, 590, 663, 653, 653, 
1766, 1683, -82, -1725, 924, 800, 629, 624, 580, 658, 644, 644, 
1766, 1678, -87, -1722, 927, 795, 624, 619, 575, 653, 644, 639, 
1766, 1673, -92, -1720, 929, 790, 624, 614, 575, 649, 644, 639, 
1766, 1673, -92, -1720, 929, 790, 619, 614, 580, 649, 644, 649, 
1800, 1683, -117, -1742, 958, 783, 629, 619, 585, 658, 658, 658, 
1810, 1698, -112, -1754, 961, 793, 629, 629, 590, 658, 658, 658, 
1830, 1708, -122, -1769, 976, 793, 629, 634, 595, 658, 658, 658, 
1839, 1712, -126, -1776, 983, 793, 629, 639, 600, 658, 658, 658, 
1854, 1766, -87, -1810, 971, 839, 653, 653, 605, 668, 673, 658, 
1830, 1756, -73, -1793, 951, 841, 639, 639, 590, 668, 663, 658, 
1786, 1693, -92, -1739, 939, 800, 639, 644, 595, 668, 653, 658, 
1756, 1659, -97, -1708, 927, 780, 653, 653, 605, 668, 663, 658, 
1786, 1673, -112, -1729, 949, 780, 653, 639, 605, 663, 653, 649, 
1795, 1683, -112, -1739, 954, 785, 649, 624, 600, 658, 644, 629, 
1766, 1673, -92, -1720, 929, 790, 663, 624, 590, 639, 624, 614, 
1742, 1639, -102, -1690, 922, 768, 668, 614, 570, 614, 585, 575, 
1742, 1620, -122, -1681, 932, 749, 673, 605, 556, 600, 566, 551, 
1703, 1605, -97, -1654, 900, 753, 697, 634, 575, 619, 580, 566, 
1664, 1581, -82, -1622, 873, 749, 722, 673, 605, 639, 600, 570, 
1722, 1566, -156, -1644, 939, 705, 732, 692, 624, 649, 619, 570, 
1800, 1571, -229, -1686, 1015, 671, 736, 717, 644, 692, 683, 600, 
1815, 1561, -253, -1688, 1034, 653, 736, 756, 678, 761, 771, 663, 
1820, 1512, -307, -1666, 1063, 602, 732, 800, 697, 824, 858, 697, 
1854, 1488, -366, -1671, 1110, 561, 746, 873, 741, 912, 971, 732, 
1908, 1517, -390, -1712, 1149, 563, 780, 966, 814, 1024, 1117, 805, 
1947, 1537, -409, -1742, 1178, 563, 780, 1068, 878, 1156, 1288, 902, 
2030, 1546, -483, -1788, 1256, 531, 775, 1171, 936, 1288, 1464, 1000, 
2113, 1551, -561, -1832, 1337, 495, 756, 1273, 990, 1424, 1639, 1107, 
2142, 1532, -610, -1837, 1376, 461, 736, 1381, 1058, 1581, 1834, 1224, 
2210, 1532, -678, -1871, 1444, 427, 727, 1488, 1122, 1727, 2039, 1337, 
2288, 1503, -785, -1895, 1537, 358, 722, 1576, 1176, 1820, 2142, 1361, 
2332, 1410, -922, -1871, 1627, 244, 741, 1659, 1195, 1849, 2147, 1298, 
2357, 1298, -1058, -1827, 1708, 119, 766, 1722, 1205, 1820, 2039, 1146, 
2357, 1137, -1220, -1747, 1788, -41, 800, 1761, 1195, 1708, 1820, 893, 
2283, 932, -1351, -1607, 1817, -209, 814, 1810, 1176, 1581, 1537, 600, 
2210, 810, -1400, -1510, 1805, -295, 863, 1854, 1185, 1493, 1273, 346, 
2225, 805, -1420, -1515, 1822, -307, 893, 1883, 1205, 1415, 1054, 165, 
2230, 805, -1424, -1517, 1827, -309, 873, 1888, 1180, 1342, 897, 58, 
2191, 751, -1439, -1471, 1815, -344, 839, 1883, 1137, 1259, 761, -29, 
2200, 732, -1468, -1466, 1834, -368, 814, 1873, 1102, 1195, 668, -82, 
2303, 810, -1493, -1556, 1898, -341, 790, 1864, 1107, 1171, 619, -97, 
2357, 868, -1488, -1612, 1922, -309, 766, 1834, 1088, 1117, 566, -117, 
2337, 854, -1483, -1595, 1910, -314, 717, 1766, 1015, 1034, 507, -146, 
2298, 844, -1454, -1571, 1876, -305, 683, 1683, 932, 922, 439, -146, 
2254, 873, -1381, -1564, 1817, -253, 663, 1610, 858, 824, 385, -141, 
2215, 873, -1342, -1544, 1778, -234, 653, 1507, 780, 712, 326, -151, 
2196, 863, -1332, -1529, 1764, -234, 649, 1381, 683, 590, 248, -165, 
2181, 897, -1283, -1539, 1732, -192, 658, 1249, 605, 463, 156, -175, 
2132, 961, -1171, -1546, 1651, -104, 683, 1117, 531, 351, 68, -185, 
2049, 1000, -1049, -1525, 1549, -24, 712, 985, 497, 278, 19, -175, 
1976, 1015, -961, -1495, 1468, 26, 736, 902, 478, 239, 0, -156, 
1932, 1044, -888, -1488, 1410, 78, 751, 854, 453, 204, -9, -141, 
1942, 1068, -873, -1505, 1407, 97, 780, 795, 463, 180, -19, -122, 
1966, 1073, -893, -1520, 1429, 90, 839, 766, 478, 180, -9, -102, 
1917, 1107, -810, -1512, 1363, 148, 883, 741, 488, 180, -14, -78, 
1849, 1171, -678, -1510, 1263, 246, 932, 727, 502, 180, 0, -48, 
1810, 1215, -595, -1512, 1202, 309, 995, 707, 527, 204, 29, -4, 
1766, 1244, -522, -1505, 1144, 361, 1049, 697, 546, 234, 53, 43, 
1756, 1302, -453, -1529, 1105, 424, 1107, 688, 585, 273, 82, 92, 
1756, 1385, -370, -1571, 1063, 507, 1146, 658, 605, 302, 131, 151, 
1708, 1449, -258, -1578, 983, 595, 1156, 619, 605, 326, 170, 214, 
1668, 1473, -195, -1571, 932, 639, 1176, 575, 619, 336, 204, 248, 
1664, 1503, -161, -1583, 912, 671, 1200, 546, 629, 356, 234, 273, 
1678, 1576, -102, -1627, 890, 736, 1215, 527, 624, 375, 258, 297, 
1644, 1625, -19, -1634, 832, 802, 1229, 517, 610, 390, 283, 322, 
1566, 1605, 39, -1586, 763, 822, 1268, 527, 619, 414, 322, 366, 
1542, 1595, 53, -1568, 744, 824, 1283, 546, 634, 448, 361, 395, 
1600, 1664, 63, -1632, 768, 863, 1263, 556, 624, 473, 395, 439, 
1649, 1712, 63, -1681, 793, 888, 1234, 551, 624, 488, 414, 468, 
1659, 1712, 53, -1686, 802, 883, 1180, 541, 619, 497, 439, 502, 
1659, 1712, 53, -1686, 802, 883, 1088, 546, 605, 522, 453, 527, 
1678, 1742, 63, -1710, 807, 902, 1000, 551, 614, 551, 492, 551, 
1737, 1790, 53, -1764, 841, 922, 936, 566, 624, 570, 527, 575, 
1781, 1820, 39, -1800, 871, 929, 873, 570, 614, 580, 546, 575, 
1771, 1820, 48, -1795, 861, 934, 829, 585, 624, 614, 570, 605, 
1761, 1830, 68, -1795, 846, 949, 785, 619, 619, 644, 610, 639, 
1815, 1873, 58, -1844, 878, 966, 727, 629, 605, 653, 634, 658, 
1888, 1912, 24, -1900, 932, 968, 683, 639, 610, 663, 653, 688, 
1873, 1888, 14, -1881, 929, 951, 663, 634, 600, 663, 649, 683, 
1864, 1869, 4, -1866, 929, 936, 629, 624, 585, 663, 658, 697, 
1849, 1849, 0, -1849, 924, 924, 624, 619, 575, 668, 658, 707, 
1839, 1830, -9, -1834, 924, 910, 619, 595, 570, 668, 658, 712, 
1849, 1854, 4, -1851, 922, 929, 619, 590, 580, 663, 653, 697, 
1849, 1869, 19, -1859, 915, 944, 619, 590, 580, 658, 653, 692, 
1839, 1869, 29, -1854, 905, 949, 624, 590, 590, 658, 649, 688, 
1839, 1873, 34, -1856, 902, 954, 624, 590, 590, 653, 649, 683, 
1849, 1888, 39, -1869, 905, 963, 629, 600, 590, 663, 649, 697, 
1864, 1898, 34, -1881, 915, 966, 610, 600, 580, 658, 649, 697, 
1878, 1912, 34, -1895, 922, 973, 600, 605, 575, 653, 653, 702, 
1888, 1932, 43, -1910, 922, 988, 585, 610, 575, 653, 663, 717, 
1878, 1932, 53, -1905, 912, 993, 585, 595, 570, 653, 653, 722, 
1878, 1922, 43, -1900, 917, 983, 590, 585, 570, 658, 653, 717, 
1888, 1932, 43, -1910, 922, 988, 595, 580, 575, 658, 653, 707, 
1908, 1956, 48, -1932, 929, 1002, 605, 575, 575, 658, 658, 697, 
1908, 1961, 53, -1934, 927, 1007, 610, 590, 590, 673, 668, 692, 
1878, 1961, 82, -1920, 897, 1022, 610, 605, 595, 678, 668, 692, 
1859, 1952, 92, -1905, 883, 1022, 605, 619, 600, 678, 668, 692, 
1839, 1942, 102, -1891, 868, 1022, 610, 629, 610, 683, 673, 702, 
1849, 1942, 92, -1895, 878, 1017, 600, 619, 600, 688, 697, 732, 
1849, 1942, 92, -1895, 878, 1017, 600, 614, 595, 688, 697, 736, 
1849, 1947, 97, -1898, 875, 1022, 600, 614, 595, 688, 697, 756, 
1864, 1947, 82, -1905, 890, 1015, 600, 614, 595, 688, 702, 766, 
1888, 1937, 48, -1912, 919, 993, 614, 614, 595, 678, 702, 756, 
1898, 1937, 39, -1917, 929, 988, 614, 610, 590, 673, 692, 751, 
1903, 1937, 34, -1920, 934, 985, 610, 595, 585, 673, 692, 751, 
1912, 1927, 14, -1920, 949, 971, 605, 595, 585, 673, 692, 751, 
1927, 1952, 24, -1939, 951, 988, 614, 610, 595, 683, 697, 766, 
1922, 1981, 58, -1952, 932, 1019, 610, 610, 595, 692, 702, 780, 
1917, 1991, 73, -1954, 922, 1032, 605, 610, 595, 697, 702, 785, 
1908, 1986, 78, -1947, 915, 1032, 600, 610, 590, 697, 702, 790, 
1908, 1995, 87, -1952, 910, 1041, 610, 619, 595, 712, 707, 790, 
1927, 2000, 73, -1964, 927, 1037, 614, 619, 600, 712, 712, 790, 
1937, 2000, 63, -1969, 936, 1032, 614, 610, 605, 712, 717, 790, 
1937, 1986, 48, -1961, 944, 1017, 610, 610, 610, 712, 707, 775, 
1912, 1966, 53, -1939, 929, 1010, 605, 619, 600, 707, 692, 771, 
1917, 1981, 63, -1949, 927, 1022, 605, 619, 610, 707, 692, 766, 
1912, 1981, 68, -1947, 922, 1024, 605, 624, 610, 702, 702, 766, 
1893, 1966, 73, -1930, 910, 1019, 600, 624, 610, 697, 702, 761, 
1908, 1966, 58, -1937, 924, 1012, 595, 619, 595, 688, 712, 780, 
1912, 1976, 63, -1944, 924, 1019, 590, 624, 595, 697, 717, 795, 
1917, 1966, 48, -1942, 934, 1007, 580, 619, 590, 702, 722, 800, 
1922, 1961, 39, -1942, 941, 1000, 566, 614, 585, 702, 727, 800, 
1937, 1966, 29, -1952, 954, 997, 585, 614, 590, 702, 727, 805, 
1942, 1971, 29, -1956, 956, 1000, 585, 614, 595, 707, 736, 810, 
1947, 1971, 24, -1959, 961, 997, 585, 614, 600, 712, 741, 814, 
1952, 1971, 19, -1961, 966, 995, 585, 614, 605, 717, 741, 824, 
1966, 1981, 14, -1973, 976, 997, 595, 644, 624, 741, 756, 849, 
1976, 2000, 24, -1988, 976, 1012, 600, 653, 629, 746, 761, 858, 
1981, 2015, 34, -1998, 973, 1024, 605, 663, 634, 751, 766, 868, 
1986, 2005, 19, -1995, 983, 1012, 605, 668, 639, 756, 771, 878, 
1986, 2000, 14, -1993, 985, 1007, 595, 658, 629, 746, 761, 873, 
1981, 2000, 19, -1991, 980, 1010, 590, 658, 629, 746, 756, 868, 
1971, 2000, 29, -1986, 971, 1015, 585, 658, 629, 746, 756, 863, 
1966, 2010, 43, -1988, 961, 1027, 585, 663, 634, 746, 766, 858, 
1995, 2034, 39, -2015, 978, 1037, 570, 658, 629, 736, 756, 849, 
2000, 2044, 43, -2022, 978, 1044, 556, 649, 619, 732, 756, 844, 
2005, 2039, 34, -2022, 985, 1037, 546, 644, 614, 727, 746, 834, 
2020, 2049, 29, -2034, 995, 1039, 541, 639, 610, 727, 746, 829, 
2005, 2054, 48, -2030, 978, 1051, 556, 663, 624, 736, 766, 839, 
2000, 2049, 48, -2025, 976, 1049, 561, 678, 629, 751, 775, 849, 
1995, 2039, 43, -2017, 976, 1041, 566, 692, 639, 771, 790, 858, 
2015, 2039, 24, -2027, 995, 1032, 570, 702, 649, 780, 795, 863, 
2025, 2034, 9, -2030, 1007, 1022, 570, 707, 639, 780, 795, 854, 
2015, 2020, 4, -2017, 1005, 1012, 570, 717, 639, 780, 800, 854, 
2005, 2005, 0, -2005, 1002, 1002, 570, 717, 639, 780, 805, 854, 
2015, 2000, -14, -2008, 1015, 993, 570, 722, 644, 780, 805, 854, 
2054, 2020, -34, -2037, 1044, 993, 575, 736, 653, 780, 814, 863, 
2083, 2020, -63, -2052, 1073, 978, 561, 741, 653, 780, 814, 873, 
2108, 2030, -78, -2069, 1093, 976, 561, 746, 658, 780, 814, 883, 
2132, 2039, -92, -2086, 1112, 973, 561, 756, 658, 785, 814, 893, 
2108, 2025, -82, -2066, 1095, 971, 551, 756, 658, 795, 819, 893, 
2117, 2015, -102, -2066, 1110, 956, 551, 761, 658, 795, 819, 893, 
2103, 2015, -87, -2059, 1095, 963, 556, 780, 673, 805, 834, 893, 
2078, 2025, -53, -2052, 1066, 985, 556, 790, 678, 805, 834, 893, 
2108, 2025, -82, -2066, 1095, 971, 566, 785, 678, 805, 824, 873, 
2117, 2025, -92, -2071, 1105, 966, 566, 790, 678, 805, 824, 863, 
2142, 2020, -122, -2081, 1132, 949, 570, 805, 683, 814, 834, 863, 
2171, 2020, -151, -2095, 1161, 934, 570, 805, 683, 819, 824, 854, 
2181, 2020, -161, -2100, 1171, 929, 580, 819, 697, 824, 834, 863, 
2181, 2005, -175, -2093, 1178, 915, 580, 819, 702, 829, 839, 868, 
2181, 2005, -175, -2093, 1178, 915, 600, 834, 707, 834, 849, 873, 
2181, 2005, -175, -2093, 1178, 915, 610, 839, 712, 844, 854, 878, 
2166, 1991, -175, -2078, 1171, 907, 610, 839, 712, 839, 849, 863, 
2166, 1995, -170, -2081, 1168, 912, 610, 839, 712, 834, 854, 863, 
2171, 2010, -161, -2091, 1166, 924, 610, 834, 712, 829, 849, 858, 
2191, 2015, -175, -2103, 1183, 919, 610, 819, 707, 814, 834, 844, 
2191, 2015, -175, -2103, 1183, 919, 610, 829, 707, 810, 839, 834, 
2191, 2025, -165, -2108, 1178, 929, 614, 834, 712, 824, 839, 834, 
2181, 2034, -146, -2108, 1163, 944, 624, 839, 727, 829, 839, 844, 
2171, 2054, -117, -2113, 1144, 968, 624, 839, 732, 834, 834, 834, 
2171, 2049, -122, -2110, 1146, 963, 639, 849, 736, 844, 839, 839, 
2171, 2044, -126, -2108, 1149, 958, 653, 858, 756, 849, 844, 844, 
2156, 2034, -122, -2095, 1139, 956, 668, 858, 761, 854, 844, 839, 
2132, 2020, -112, -2076, 1122, 954, 688, 849, 766, 854, 844, 824, 
2127, 2020, -107, -2074, 1117, 956, 697, 858, 766, 863, 849, 829, 
2122, 2030, -92, -2076, 1107, 968, 707, 858, 771, 863, 849, 839, 
2117, 2030, -87, -2074, 1102, 971, 712, 858, 771, 858, 849, 834, 
2113, 2020, -92, -2066, 1102, 963, 717, 858, 771, 858, 844, 844, 
2122, 2030, -92, -2076, 1107, 968, 707, 858, 785, 863, 834, 854, 
2113, 2034, -78, -2074, 1095, 978, 717, 854, 785, 863, 849, 863, 
2122, 2039, -82, -2081, 1102, 978, 727, 854, 790, 863, 849, 858, 
2122, 2044, -78, -2083, 1100, 983, 732, 854, 800, 863, 854, 854, 
2127, 2034, -92, -2081, 1110, 971, 732, 844, 775, 854, 839, 834, 
2137, 2034, -102, -2086, 1119, 966, 727, 829, 771, 844, 834, 824, 
2152, 2044, -107, -2098, 1129, 968, 727, 819, 761, 829, 814, 805, 
2166, 2044, -122, -2105, 1144, 961, 727, 805, 756, 819, 810, 795, 
2171, 2064, -107, -2117, 1139, 978, 736, 814, 771, 819, 810, 800, 
2176, 2074, -102, -2125, 1139, 985, 746, 814, 771, 819, 810, 805, 
2181, 2083, -97, -2132, 1139, 993, 751, 814, 771, 814, 810, 810, 
2186, 2113, -73, -2149, 1129, 1019, 751, 810, 766, 805, 805, 810, 
2181, 2103, -78, -2142, 1129, 1012, 761, 805, 766, 810, 805, 810, 
2186, 2074, -112, -2130, 1149, 980, 761, 800, 771, 814, 805, 810, 
2142, 2044, -97, -2093, 1119, 973, 766, 795, 771, 810, 805, 800, 
2122, 2034, -87, -2078, 1105, 973, 766, 795, 775, 814, 810, 795, 
2137, 2030, -107, -2083, 1122, 961, 761, 805, 766, 810, 810, 800, 
2152, 2030, -122, -2091, 1137, 954, 761, 805, 766, 810, 805, 805, 
2142, 2030, -112, -2086, 1127, 958, 771, 800, 766, 810, 810, 810, 
2147, 2030, -117, -2088, 1132, 956, 771, 800, 766, 805, 814, 810, 
2127, 2030, -97, -2078, 1112, 966, 775, 805, 771, 805, 790, 795, 
2103, 2030, -73, -2066, 1088, 978, 775, 800, 771, 800, 785, 780, 
2113, 2039, -73, -2076, 1093, 983, 780, 800, 771, 800, 785, 790, 
2108, 2059, -48, -2083, 1078, 1005, 780, 800, 771, 800, 785, 785, 
2127, 2078, -48, -2103, 1088, 1015, 790, 800, 761, 810, 795, 790, 
2132, 2088, -43, -2110, 1088, 1022, 790, 785, 756, 805, 790, 785, 
2137, 2093, -43, -2115, 1090, 1024, 780, 785, 751, 805, 790, 790, 
2147, 2113, -34, -2130, 1090, 1039, 780, 785, 746, 805, 790, 795, 
2186, 2113, -73, -2149, 1129, 1019, 780, 780, 746, 800, 795, 810, 
2205, 2113, -92, -2159, 1149, 1010, 780, 790, 751, 800, 795, 814, 
2220, 2103, -117, -2161, 1168, 993, 775, 790, 751, 795, 790, 814, 
2225, 2088, -136, -2156, 1180, 976, 775, 790, 756, 795, 790, 814, 
2191, 2078, -112, -2135, 1151, 983, 780, 780, 746, 795, 795, 819, 
2181, 2083, -97, -2132, 1139, 993, 775, 775, 746, 790, 795, 819, 
2205, 2098, -107, -2152, 1156, 995, 766, 771, 746, 785, 790, 819, 
2200, 2108, -92, -2154, 1146, 1007, 761, 766, 746, 785, 790, 819, 
2186, 2122, -63, -2154, 1124, 1029, 775, 780, 756, 795, 805, 824, 
2171, 2122, -48, -2147, 1110, 1037, 790, 790, 766, 805, 810, 829, 
2156, 2113, -43, -2135, 1100, 1034, 800, 800, 775, 805, 810, 824, 
2142, 2122, -19, -2132, 1080, 1051, 810, 805, 785, 814, 814, 829, 
2147, 2137, -9, -2142, 1078, 1063, 800, 795, 775, 824, 824, 819, 
2156, 2137, -19, -2147, 1088, 1058, 800, 800, 771, 824, 824, 814, 
2156, 2132, -24, -2144, 1090, 1054, 800, 800, 771, 824, 814, 814, 
2166, 2132, -34, -2149, 1100, 1049, 800, 800, 771, 824, 814, 814, 
2181, 2122, -58, -2152, 1119, 1032, 810, 800, 790, 824, 805, 839, 
2186, 2108, -78, -2147, 1132, 1015, 800, 800, 780, 819, 814, 839, 
2191, 2098, -92, -2144, 1141, 1002, 790, 800, 771, 810, 819, 839, 
2200, 2098, -102, -2149, 1151, 997, 790, 790, 771, 810, 819, 839, 
2200, 2113, -87, -2156, 1144, 1012, 790, 785, 761, 810, 805, 824, 
2186, 2122, -63, -2154, 1124, 1029, 785, 790, 766, 810, 795, 824, 
2166, 2127, -39, -2147, 1102, 1044, 785, 785, 766, 810, 785, 819, 
2152, 2127, -24, -2139, 1088, 1051, 785, 780, 761, 805, 771, 814, 
2171, 2117, -53, -2144, 1112, 1032, 775, 766, 766, 795, 766, 800, 
2181, 2117, -63, -2149, 1122, 1027, 775, 766, 766, 790, 766, 790, 
2196, 2127, -68, -2161, 1132, 1029, 775, 766, 766, 785, 771, 785, 
2210, 2132, -78, -2171, 1144, 1027, 775, 766, 766, 780, 771, 780, 
2196, 2156, -39, -2176, 1117, 1058, 785, 775, 771, 795, 785, 800, 
2196, 2166, -29, -2181, 1112, 1068, 795, 775, 771, 800, 785, 810, 
2210, 2171, -39, -2191, 1124, 1066, 795, 766, 771, 795, 790, 814, 
2220, 2166, -53, -2193, 1137, 1056, 805, 761, 771, 795, 790, 824, 
2181, 2147, -34, -2164, 1107, 1056, 810, 771, 771, 790, 800, 824, 
2176, 2147, -29, -2161, 1102, 1058, 814, 775, 771, 790, 795, 819, 
2171, 2142, -29, -2156, 1100, 1056, 814, 775, 771, 795, 790, 819, 
2161, 2132, -29, -2147, 1095, 1051, 814, 775, 775, 795, 785, 819, 
2166, 2137, -29, -2152, 1098, 1054, 810, 785, 775, 785, 785, 810, 
2176, 2142, -34, -2159, 1105, 1054, 805, 785, 775, 785, 780, 810, 
2186, 2147, -39, -2166, 1112, 1054, 800, 785, 775, 785, 780, 800, 
2210, 2152, -58, -2181, 1134, 1046, 795, 785, 771, 785, 780, 785, 
2205, 2156, -48, -2181, 1127, 1054, 790, 780, 761, 775, 766, 785, 
2196, 2156, -39, -2176, 1117, 1058, 790, 780, 761, 780, 766, 795, 
2191, 2156, -34, -2174, 1112, 1061, 795, 780, 766, 790, 780, 800, 
2186, 2161, -24, -2174, 1105, 1068, 814, 785, 766, 795, 785, 810, 
2181, 2176, -4, -2178, 1093, 1085, 814, 800, 780, 805, 805, 819, 
2200, 2181, -19, -2191, 1110, 1080, 819, 800, 780, 805, 805, 824, 
2230, 2186, -43, -2208, 1137, 1071, 824, 800, 785, 805, 805, 829, 
2244, 2191, -53, -2217, 1149, 1068, 824, 800, 785, 805, 805, 834, 
2244, 2210, -34, -2227, 1139, 1088, 829, 800, 790, 810, 795, 839, 
2244, 2220, -24, -2232, 1134, 1098, 824, 800, 790, 810, 795, 839, 
2244, 2225, -19, -2235, 1132, 1102, 824, 800, 785, 810, 795, 839, 
2244, 2230, -14, -2237, 1129, 1107, 810, 805, 785, 810, 800, 849, 
2239, 2225, -14, -2232, 1127, 1105, 824, 800, 780, 805, 800, 839, 
2244, 2230, -14, -2237, 1129, 1107, 829, 800, 790, 810, 800, 829, 
2244, 2215, -29, -2230, 1137, 1093, 834, 800, 795, 810, 800, 814, 
2235, 2210, -24, -2222, 1129, 1093, 834, 800, 795, 810, 795, 800, 
2264, 2225, -39, -2244, 1151, 1093, 839, 810, 805, 819, 805, 805, 
2274, 2225, -48, -2249, 1161, 1088, 834, 805, 795, 810, 800, 810, 
2298, 2230, -68, -2264, 1183, 1080, 824, 805, 790, 800, 805, 814, 
2308, 2239, -68, -2274, 1188, 1085, 824, 805, 790, 800, 814, 829, 
2288, 2235, -53, -2261, 1171, 1090, 814, 805, 790, 810, 805, 814, 
2288, 2230, -58, -2259, 1173, 1085, 814, 800, 780, 810, 805, 814, 
2278, 2225, -53, -2252, 1166, 1085, 814, 800, 780, 814, 805, 824, 
2254, 2210, -43, -2232, 1149, 1083, 819, 805, 790, 814, 810, 839, 
2181, 2191, 9, -2186, 1085, 1100, 839, 839, 819, 854, 849, 849, 
2181, 2186, 4, -2183, 1088, 1095, 849, 839, 810, 844, 849, 858, 
2225, 2205, -19, -2215, 1122, 1093, 824, 819, 790, 814, 829, 844, 
2264, 2225, -39, -2244, 1151, 1093, 800, 800, 771, 800, 810, 829, 
2283, 2230, -53, -2257, 1168, 1088, 800, 790, 761, 790, 800, 819, 
2293, 2235, -58, -2264, 1176, 1088, 800, 790, 761, 790, 800, 819, 
2303, 2239, -63, -2271, 1183, 1088, 800, 790, 761, 790, 800, 819, 
2313, 2244, -68, -2278, 1190, 1088, 800, 790, 761, 790, 800, 819, 
2313, 2264, -48, -2288, 1180, 1107, 800, 790, 775, 805, 805, 824, 
2327, 2278, -48, -2303, 1188, 1115, 800, 790, 780, 810, 810, 829, 
2313, 2293, -19, -2303, 1166, 1137, 800, 795, 785, 814, 814, 834, 
2303, 2303, 0, -2303, 1151, 1151, 800, 805, 790, 819, 819, 839, 
2283, 2298, 14, -2291, 1134, 1156, 819, 819, 805, 829, 839, 844, 
2318, 2303, -14, -2310, 1166, 1144, 829, 824, 814, 839, 844, 854, 
2337, 2332, -4, -2335, 1171, 1163, 839, 829, 824, 844, 858, 863, 
2327, 2327, 0, -2327, 1163, 1163, 854, 834, 829, 844, 863, 878, 
2298, 2303, 4, -2300, 1146, 1154, 849, 829, 829, 839, 858, 868, 
2308, 2303, -4, -2305, 1156, 1149, 849, 829, 824, 839, 854, 868, 
2318, 2303, -14, -2310, 1166, 1144, 844, 829, 829, 854, 854, 873, 
2332, 2303, -29, -2318, 1180, 1137, 844, 824, 824, 854, 854, 873, 
2347, 2293, -53, -2320, 1200, 1119, 844, 824, 824, 863, 863, 873, 
2347, 2308, -39, -2327, 1193, 1134, 839, 824, 819, 863, 863, 868, 
2352, 2322, -29, -2337, 1190, 1146, 839, 824, 819, 858, 858, 868, 
2352, 2322, -29, -2337, 1190, 1146, 839, 824, 824, 858, 858, 873, 
2347, 2342, -4, -2344, 1176, 1168, 839, 839, 834, 863, 878, 878, 
2361, 2352, -9, -2357, 1185, 1171, 839, 839, 844, 873, 893, 893, 
2371, 2361, -9, -2366, 1190, 1176, 839, 839, 844, 873, 893, 902, 
2357, 2371, 14, -2364, 1171, 1193, 834, 834, 844, 873, 883, 917, 
2347, 2376, 29, -2361, 1159, 1202, 824, 844, 839, 883, 902, 922, 
2347, 2381, 34, -2364, 1156, 1207, 819, 844, 839, 897, 917, 927, 
2361, 2386, 24, -2374, 1168, 1205, 814, 849, 839, 902, 917, 932, 
2376, 2391, 14, -2383, 1180, 1202, 814, 854, 844, 902, 922, 936, 
2386, 2400, 14, -2393, 1185, 1207, 810, 844, 844, 897, 922, 932, 
2386, 2405, 19, -2396, 1183, 1212, 800, 844, 839, 893, 917, 927, 
2386, 2410, 24, -2398, 1180, 1217, 795, 844, 834, 883, 912, 922, 
2415, 2415, 0, -2415, 1207, 1207, 795, 844, 834, 878, 907, 917, 
2405, 2420, 14, -2413, 1195, 1217, 805, 854, 844, 883, 912, 927, 
2405, 2396, -9, -2400, 1207, 1193, 805, 854, 834, 888, 912, 927, 
2405, 2410, 4, -2408, 1200, 1207, 795, 854, 834, 893, 917, 927, 
2430, 2425, -4, -2427, 1217, 1210, 805, 854, 839, 897, 936, 936, 
2420, 2405, -14, -2413, 1217, 1195, 810, 863, 854, 912, 936, 946, 
2410, 2371, -39, -2391, 1224, 1166, 819, 868, 858, 912, 936, 946, 
2405, 2361, -43, -2383, 1224, 1159, 819, 868, 858, 907, 941, 946, 
2396, 2352, -43, -2374, 1220, 1154, 819, 878, 858, 902, 941, 946, 
2425, 2352, -73, -2388, 1249, 1139, 829, 868, 849, 907, 956, 961, 
2420, 2357, -63, -2388, 1241, 1146, 829, 873, 844, 912, 961, 971, 
2420, 2366, -53, -2393, 1237, 1156, 844, 878, 844, 917, 966, 980, 
2420, 2376, -43, -2398, 1232, 1166, 844, 878, 839, 912, 956, 985, 
2396, 2347, -48, -2371, 1222, 1149, 829, 858, 829, 893, 927, 961, 
2371, 2332, -39, -2352, 1205, 1146, 819, 854, 814, 878, 912, 936, 
2361, 2322, -39, -2342, 1200, 1141, 814, 839, 805, 863, 883, 907, 
2342, 2293, -48, -2318, 1195, 1122, 800, 819, 790, 839, 858, 868, 
2357, 2298, -58, -2327, 1207, 1119, 800, 810, 780, 829, 839, 849, 
2352, 2303, -48, -2327, 1200, 1127, 810, 810, 780, 819, 839, 849, 
2357, 2313, -43, -2335, 1200, 1134, 819, 814, 780, 829, 844, 849, 
2361, 2332, -29, -2347, 1195, 1151, 824, 814, 795, 839, 849, 854, 
2357, 2327, -29, -2342, 1193, 1149, 824, 824, 795, 839, 863, 863, 
2357, 2327, -29, -2342, 1193, 1149, 824, 829, 795, 839, 854, 868, 
2357, 2322, -34, -2339, 1195, 1144, 829, 834, 800, 844, 854, 868, 
2352, 2313, -39, -2332, 1195, 1137, 834, 839, 800, 844, 854, 863, 
2366, 2313, -53, -2339, 1210, 1129, 849, 849, 805, 849, 858, 868, 
2371, 2303, -68, -2337, 1220, 1117, 849, 849, 810, 849, 863, 868, 
2371, 2308, -63, -2339, 1217, 1122, 839, 849, 814, 844, 863, 863, 
2400, 2313, -87, -2357, 1244, 1112, 834, 834, 805, 829, 858, 854, 
2405, 2293, -112, -2349, 1259, 1090, 824, 834, 795, 839, 868, 868, 
2400, 2288, -112, -2344, 1256, 1088, 829, 839, 795, 839, 868, 873, 
2396, 2283, -112, -2339, 1254, 1085, 829, 839, 795, 839, 868, 878, 
2391, 2288, -102, -2339, 1246, 1093, 829, 839, 785, 834, 863, 878, 
2396, 2278, -117, -2337, 1256, 1080, 834, 849, 790, 834, 863, 878, 
2381, 2283, -97, -2332, 1239, 1093, 834, 844, 795, 834, 863, 878, 
2376, 2288, -87, -2332, 1232, 1100, 834, 844, 800, 834, 868, 878, 
2357, 2293, -63, -2325, 1210, 1115, 834, 844, 805, 834, 868, 883, 
2357, 2298, -58, -2327, 1207, 1119, 834, 829, 805, 829, 858, 863, 
2381, 2318, -63, -2349, 1222, 1127, 834, 829, 800, 824, 849, 849, 
2400, 2322, -78, -2361, 1239, 1122, 839, 834, 795, 819, 839, 839, 
2391, 2327, -63, -2359, 1227, 1132, 839, 834, 795, 819, 829, 829, 
2391, 2332, -58, -2361, 1224, 1137, 844, 849, 800, 839, 844, 844, 
2391, 2332, -58, -2361, 1224, 1137, 849, 854, 800, 849, 858, 854, 
2391, 2332, -58, -2361, 1224, 1137, 858, 858, 805, 858, 873, 868, 
2391, 2337, -53, -2364, 1222, 1141, 863, 868, 814, 873, 888, 893, 
2400, 2337, -63, -2369, 1232, 1137, 863, 858, 824, 863, 883, 883, 
2396, 2342, -53, -2369, 1224, 1144, 863, 863, 824, 863, 883, 883, 
2400, 2342, -58, -2371, 1229, 1141, 863, 863, 824, 863, 883, 883, 
2396, 2337, -58, -2366, 1227, 1139, 863, 863, 824, 863, 883, 883, 
2440, 2371, -68, -2405, 1254, 1151, 839, 858, 829, 844, 878, 854, 
2454, 2352, -102, -2403, 1278, 1124, 824, 854, 824, 834, 858, 854, 
2440, 2327, -112, -2383, 1276, 1107, 834, 849, 810, 824, 849, 854, 
2410, 2332, -78, -2371, 1244, 1127, 849, 858, 810, 834, 858, 863, 
2410, 2347, -63, -2379, 1237, 1141, 849, 844, 810, 829, 858, 863, 
2371, 2337, -34, -2354, 1202, 1151, 873, 849, 814, 834, 858, 863, 
2283, 2308, 24, -2296, 1129, 1166, 917, 888, 844, 873, 878, 878, 
2269, 2274, 4, -2271, 1132, 1139, 932, 897, 854, 868, 878, 888, 
2366, 2244, -122, -2305, 1244, 1061, 907, 858, 819, 834, 839, 844, 
2454, 2230, -224, -2342, 1339, 1002, 893, 839, 800, 795, 805, 790, 
2415, 2205, -209, -2310, 1312, 997, 927, 868, 810, 805, 795, 766, 
2376, 2181, -195, -2278, 1285, 993, 936, 907, 839, 814, 824, 766, 
2435, 2196, -239, -2315, 1337, 978, 922, 922, 849, 849, 878, 775, 
2488, 2196, -292, -2342, 1390, 951, 922, 971, 873, 917, 976, 829, 
2503, 2205, -297, -2354, 1400, 954, 936, 1044, 912, 1010, 1093, 912, 
2537, 2200, -336, -2369, 1437, 932, 951, 1107, 956, 1107, 1224, 985, 
2591, 2181, -409, -2386, 1500, 885, 956, 1180, 990, 1200, 1361, 1058, 
2649, 2161, -488, -2405, 1568, 836, 936, 1244, 1034, 1302, 1522, 1156, 
2713, 2161, -551, -2437, 1632, 805, 922, 1327, 1073, 1415, 1708, 1263, 
2786, 2176, -610, -2481, 1698, 783, 912, 1420, 1127, 1532, 1893, 1381, 
2845, 2186, -658, -2515, 1751, 763, 902, 1527, 1195, 1688, 2098, 1488, 
2884, 2156, -727, -2520, 1805, 714, 893, 1634, 1249, 1825, 2293, 1590, 
2932, 2108, -824, -2520, 1878, 641, 878, 1712, 1283, 1898, 2405, 1615, 
2986, 2044, -941, -2515, 1964, 551, 888, 1786, 1293, 1927, 2400, 1551, 
2991, 1922, -1068, -2457, 2030, 427, 912, 1839, 1273, 1878, 2274, 1381, 
2971, 1771, -1200, -2371, 2086, 285, 927, 1878, 1234, 1766, 2025, 1117, 
2947, 1625, -1322, -2286, 2135, 151, 951, 1908, 1224, 1649, 1742, 805, 
2903, 1493, -1410, -2198, 2156, 41, 980, 1942, 1234, 1571, 1468, 531, 
2849, 1410, -1439, -2130, 2144, -14, 1010, 1971, 1244, 1493, 1249, 312, 
2845, 1381, -1464, -2113, 2154, -41, 1010, 1976, 1249, 1429, 1083, 185, 
2854, 1376, -1478, -2115, 2166, -51, 1005, 1981, 1244, 1385, 985, 126, 
2874, 1424, -1449, -2149, 2161, -12, 1000, 1971, 1229, 1361, 902, 92, 
2888, 1464, -1424, -2176, 2156, 19, 985, 1961, 1215, 1327, 854, 68, 
2903, 1473, -1429, -2188, 2166, 21, 941, 1922, 1166, 1263, 790, 48, 
2952, 1517, -1434, -2235, 2193, 41, 863, 1854, 1083, 1171, 722, 9, 
3001, 1595, -1405, -2298, 2203, 95, 819, 1781, 1000, 1078, 673, 19, 
2996, 1605, -1390, -2300, 2193, 107, 800, 1737, 956, 1010, 629, 63, 
2957, 1556, -1400, -2257, 2178, 78, 780, 1644, 888, 888, 551, 63, 
2928, 1537, -1390, -2232, 2159, 73, 736, 1478, 780, 727, 434, 19, 
2864, 1542, -1322, -2203, 2093, 109, 756, 1317, 712, 580, 322, 0, 
2776, 1566, -1210, -2171, 1993, 178, 819, 1195, 697, 488, 244, 0, 
2713, 1634, -1078, -2174, 1895, 278, 858, 1102, 692, 434, 185, 0, 
2640, 1678, -961, -2159, 1800, 358, 883, 1039, 683, 424, 175, 19, 
2586, 1688, -897, -2137, 1742, 395, 936, 1029, 697, 419, 195, 53, 
2586, 1693, -893, -2139, 1739, 400, 985, 1019, 727, 414, 204, 82, 
2581, 1737, -844, -2159, 1712, 446, 1024, 1010, 741, 414, 195, 102, 
2562, 1830, -732, -2196, 1647, 549, 1078, 995, 771, 414, 200, 126, 
2532, 1873, -658, -2203, 1595, 607, 1137, 980, 795, 414, 204, 165, 
2444, 1849, -595, -2147, 1520, 627, 1200, 971, 829, 429, 224, 200, 
2381, 1859, -522, -2120, 1451, 668, 1254, 951, 868, 458, 248, 239, 
2391, 1947, -444, -2169, 1417, 751, 1322, 951, 907, 497, 307, 297, 
2391, 2059, -331, -2225, 1361, 863, 1400, 971, 976, 566, 385, 385, 
2332, 2122, -209, -2227, 1271, 956, 1449, 980, 1005, 610, 434, 448, 
2293, 2137, -156, -2215, 1224, 990, 1449, 946, 990, 619, 448, 463, 
2327, 2176, -151, -2252, 1239, 1012, 1454, 927, 980, 619, 448, 468, 
2332, 2230, -102, -2281, 1217, 1063, 1468, 907, 985, 639, 473, 492, 
2298, 2269, -29, -2283, 1163, 1119, 1483, 897, 971, 653, 517, 546, 
2308, 2308, 0, -2308, 1154, 1154, 1493, 878, 961, 658, 536, 590, 
2322, 2347, 24, -2335, 1149, 1185, 1507, 849, 946, 663, 566, 610, 
2293, 2376, 82, -2335, 1105, 1229, 1517, 839, 956, 688, 600, 653, 
2322, 2415, 92, -2369, 1115, 1254, 1527, 834, 966, 712, 649, 692, 
2400, 2444, 43, -2422, 1178, 1244, 1512, 834, 961, 741, 673, 727, 
2430, 2425, -4, -2427, 1217, 1210, 1459, 819, 936, 746, 688, 741, 
2420, 2415, -4, -2418, 1212, 1205, 1361, 805, 907, 756, 697, 756, 
2420, 2474, 53, -2447, 1183, 1263, 1278, 829, 907, 795, 751, 790, 
2396, 2503, 107, -2449, 1144, 1305, 1205, 863, 907, 824, 780, 819, 
2366, 2483, 117, -2425, 1124, 1300, 1122, 858, 878, 810, 775, 819, 
2415, 2493, 78, -2454, 1168, 1285, 1039, 863, 863, 810, 785, 844, 
2508, 2547, 39, -2527, 1234, 1293, 980, 863, 868, 839, 829, 873, 
2581, 2566, -14, -2574, 1298, 1276, 936, 854, 854, 829, 849, 902, 
2571, 2562, -9, -2566, 1290, 1276, 912, 849, 844, 834, 849, 902, 
2557, 2562, 4, -2559, 1276, 1283, 873, 839, 829, 839, 863, 912, 
2537, 2562, 24, -2549, 1256, 1293, 863, 834, 819, 849, 868, 917, 
2522, 2562, 39, -2542, 1241, 1300, 854, 810, 814, 854, 873, 917, 
2532, 2571, 39, -2552, 1246, 1305, 849, 814, 814, 854, 868, 912, 
2532, 2581, 48, -2557, 1241, 1315, 844, 824, 814, 854, 868, 907, 
2522, 2576, 53, -2549, 1234, 1315, 844, 834, 824, 858, 863, 902, 
2522, 2576, 53, -2549, 1234, 1315, 839, 844, 824, 858, 863, 897, 
2513, 2576, 63, -2544, 1224, 1320, 834, 834, 824, 858, 873, 907, 
2518, 2571, 53, -2544, 1232, 1312, 814, 834, 814, 854, 873, 912, 
2522, 2571, 48, -2547, 1237, 1310, 805, 839, 810, 849, 878, 922, 
2522, 2576, 53, -2549, 1234, 1315, 790, 844, 810, 849, 888, 941, 
2522, 2586, 63, -2554, 1229, 1324, 805, 834, 805, 858, 888, 941, 
2522, 2586, 63, -2554, 1229, 1324, 814, 829, 805, 863, 888, 941, 
2532, 2605, 73, -2569, 1229, 1339, 824, 829, 810, 863, 888, 936, 
2552, 2640, 87, -2596, 1232, 1363, 839, 829, 810, 863, 893, 932, 
2571, 2649, 78, -2610, 1246, 1363, 829, 829, 819, 858, 883, 932, 
2562, 2654, 92, -2608, 1234, 1373, 824, 839, 819, 863, 883, 936, 
2562, 2649, 87, -2605, 1237, 1368, 814, 849, 819, 863, 883, 941, 
2562, 2644, 82, -2603, 1239, 1363, 814, 854, 824, 868, 888, 956, 
2576, 2659, 82, -2618, 1246, 1371, 824, 844, 824, 873, 902, 966, 
2581, 2664, 82, -2623, 1249, 1373, 824, 839, 819, 873, 902, 961, 
2586, 2674, 87, -2630, 1249, 1381, 824, 839, 819, 873, 902, 971, 
2605, 2679, 73, -2642, 1266, 1376, 824, 839, 819, 873, 907, 971, 
2586, 2693, 107, -2640, 1239, 1400, 834, 858, 834, 888, 922, 985, 
2571, 2698, 126, -2635, 1222, 1412, 839, 863, 834, 888, 917, 985, 
2552, 2703, 151, -2627, 1200, 1427, 839, 858, 834, 893, 922, 990, 
2537, 2698, 161, -2618, 1188, 1429, 839, 868, 839, 897, 927, 995, 
2596, 2718, 122, -2657, 1237, 1420, 829, 868, 839, 893, 927, 990, 
2625, 2742, 117, -2684, 1254, 1429, 824, 863, 839, 897, 927, 995, 
2654, 2747, 92, -2701, 1281, 1420, 819, 858, 839, 897, 922, 990, 
2679, 2737, 58, -2708, 1310, 1398, 814, 854, 834, 893, 917, 985, 
2674, 2732, 58, -2703, 1307, 1395, 814, 858, 814, 902, 917, 995, 
2688, 2732, 43, -2710, 1322, 1388, 819, 854, 814, 897, 917, 995, 
2693, 2727, 34, -2710, 1329, 1381, 819, 839, 814, 893, 917, 995, 
2688, 2708, 19, -2698, 1334, 1363, 814, 834, 814, 888, 902, 980, 
2679, 2718, 39, -2698, 1320, 1378, 824, 844, 819, 893, 917, 995, 
2688, 2742, 53, -2715, 1317, 1398, 829, 854, 834, 902, 927, 1000, 
2688, 2752, 63, -2720, 1312, 1407, 834, 868, 839, 907, 946, 1010, 
2674, 2747, 73, -2710, 1300, 1410, 834, 878, 844, 912, 956, 1015, 
2684, 2766, 82, -2725, 1300, 1424, 824, 883, 844, 912, 961, 1024, 
2693, 2786, 92, -2740, 1300, 1439, 824, 888, 849, 922, 961, 1039, 
2703, 2786, 82, -2745, 1310, 1434, 819, 883, 849, 927, 961, 1044, 
2713, 2791, 78, -2752, 1317, 1434, 810, 878, 849, 927, 961, 1044, 
2723, 2806, 82, -2764, 1320, 1444, 810, 878, 849, 917, 961, 1044, 
2723, 2810, 87, -2766, 1317, 1449, 810, 878, 849, 922, 971, 1044, 
2723, 2810, 87, -2766, 1317, 1449, 810, 878, 849, 927, 976, 1044, 
2723, 2810, 87, -2766, 1317, 1449, 810, 878, 849, 932, 976, 1049, 
2723, 2830, 107, -2776, 1307, 1468, 814, 893, 863, 951, 985, 1068, 
2727, 2849, 122, -2788, 1302, 1485, 814, 897, 863, 951, 985, 1073, 
2727, 2864, 136, -2796, 1295, 1500, 814, 902, 863, 951, 985, 1078, 
2727, 2854, 126, -2791, 1300, 1490, 810, 902, 863, 951, 985, 1083, 
2727, 2840, 112, -2784, 1307, 1476, 814, 912, 873, 956, 990, 1093, 
2732, 2840, 107, -2786, 1312, 1473, 814, 912, 873, 961, 990, 1093, 
2732, 2840, 107, -2786, 1312, 1473, 814, 912, 873, 966, 995, 1093, 
2737, 2849, 112, -2793, 1312, 1481, 819, 917, 878, 971, 1010, 1093, 
2776, 2869, 92, -2823, 1342, 1481, 824, 917, 868, 961, 1010, 1093, 
2791, 2874, 82, -2832, 1354, 1478, 810, 912, 863, 956, 1010, 1088, 
2806, 2864, 58, -2835, 1373, 1461, 800, 912, 863, 951, 1000, 1078, 
2830, 2869, 39, -2849, 1395, 1454, 795, 912, 863, 951, 1000, 1073, 
2840, 2869, 29, -2854, 1405, 1449, 795, 927, 863, 956, 1005, 1078, 
2840, 2859, 19, -2849, 1410, 1439, 795, 932, 863, 966, 1010, 1083, 
2840, 2845, 4, -2842, 1417, 1424, 795, 936, 868, 980, 1019, 1088, 
2864, 2840, -24, -2852, 1444, 1407, 795, 936, 873, 985, 1019, 1088, 
2845, 2849, 4, -2847, 1420, 1427, 810, 961, 883, 995, 1044, 1107, 
2825, 2849, 24, -2837, 1400, 1437, 814, 980, 893, 1005, 1054, 1117, 
2806, 2849, 43, -2827, 1381, 1446, 819, 990, 902, 1015, 1063, 1127, 
2806, 2859, 53, -2832, 1376, 1456, 824, 1005, 917, 1024, 1068, 1137, 
2835, 2874, 39, -2854, 1398, 1456, 805, 1005, 907, 1015, 1058, 1122, 
2854, 2869, 14, -2862, 1420, 1442, 785, 1005, 907, 1015, 1058, 1117, 
2869, 2874, 4, -2871, 1432, 1439, 780, 1005, 912, 1015, 1058, 1112, 
2884, 2879, -4, -2881, 1444, 1437, 775, 1010, 912, 1019, 1058, 1107, 
2898, 2864, -34, -2881, 1466, 1415, 780, 1010, 912, 1024, 1063, 1117, 
2928, 2854, -73, -2891, 1500, 1390, 785, 1015, 912, 1029, 1063, 1117, 
2932, 2854, -78, -2893, 1505, 1388, 795, 1034, 927, 1044, 1078, 1117, 
2928, 2864, -63, -2896, 1495, 1400, 800, 1044, 932, 1049, 1078, 1117, 
2928, 2854, -73, -2891, 1500, 1390, 800, 1049, 941, 1039, 1068, 1098, 
2928, 2854, -73, -2891, 1500, 1390, 800, 1054, 941, 1039, 1068, 1088, 
2942, 2849, -92, -2896, 1517, 1378, 805, 1068, 946, 1049, 1078, 1088, 
2962, 2849, -112, -2906, 1537, 1368, 805, 1068, 946, 1054, 1068, 1078, 
2971, 2854, -117, -2913, 1544, 1368, 795, 1063, 941, 1058, 1078, 1088, 
2981, 2845, -136, -2913, 1559, 1354, 795, 1063, 946, 1063, 1083, 1093, 
2991, 2849, -141, -2920, 1566, 1354, 814, 1078, 951, 1068, 1093, 1098, 
3001, 2854, -146, -2928, 1573, 1354, 824, 1083, 956, 1078, 1098, 1102, 
2996, 2854, -141, -2925, 1568, 1356, 839, 1098, 980, 1088, 1107, 1112, 
2996, 2864, -131, -2930, 1564, 1366, 854, 1112, 995, 1098, 1127, 1127, 
3001, 2884, -117, -2942, 1559, 1383, 868, 1122, 1010, 1107, 1137, 1137, 
3020, 2893, -126, -2957, 1573, 1383, 883, 1122, 1019, 1107, 1137, 1137, 
3010, 2864, -146, -2937, 1578, 1359, 868, 1112, 1000, 1093, 1117, 1107, 
3001, 2864, -136, -2932, 1568, 1363, 868, 1107, 995, 1098, 1112, 1098, 
2981, 2864, -117, -2923, 1549, 1373, 873, 1102, 1000, 1093, 1107, 1098, 
2962, 2874, -87, -2918, 1525, 1393, 868, 1093, 995, 1088, 1098, 1078, 
2962, 2869, -92, -2915, 1527, 1388, 873, 1098, 1000, 1093, 1102, 1078, 
2962, 2864, -97, -2913, 1529, 1383, 888, 1112, 1019, 1102, 1107, 1088, 
2947, 2854, -92, -2901, 1520, 1381, 902, 1117, 1024, 1112, 1107, 1088, 
2923, 2840, -82, -2881, 1503, 1378, 922, 1112, 1029, 1117, 1107, 1078, 
2942, 2840, -102, -2891, 1522, 1368, 927, 1122, 1039, 1107, 1117, 1083, 
2942, 2840, -102, -2891, 1522, 1368, 932, 1122, 1044, 1107, 1112, 1083, 
2942, 2830, -112, -2886, 1527, 1359, 932, 1122, 1044, 1102, 1107, 1068, 
2942, 2810, -131, -2876, 1537, 1339, 932, 1122, 1044, 1102, 1098, 1068, 
2952, 2820, -131, -2886, 1542, 1344, 922, 1117, 1039, 1098, 1093, 1073, 
2942, 2835, -107, -2888, 1525, 1363, 932, 1107, 1039, 1098, 1102, 1088, 
2952, 2849, -102, -2901, 1527, 1373, 941, 1102, 1044, 1098, 1098, 1088, 
2952, 2864, -87, -2908, 1520, 1388, 946, 1098, 1054, 1098, 1098, 1088, 
2928, 2854, -73, -2891, 1500, 1390, 976, 1107, 1049, 1107, 1107, 1088, 
2918, 2854, -63, -2886, 1490, 1395, 980, 1102, 1054, 1107, 1107, 1088, 
2913, 2864, -48, -2888, 1481, 1407, 990, 1102, 1054, 1102, 1093, 1078, 
2908, 2864, -43, -2886, 1476, 1410, 1000, 1098, 1058, 1102, 1093, 1078, 
2918, 2869, -48, -2893, 1483, 1410, 1000, 1093, 1058, 1098, 1088, 1073, 
2928, 2864, -63, -2896, 1495, 1400, 1010, 1088, 1054, 1093, 1083, 1068, 
2937, 2859, -78, -2898, 1507, 1390, 1015, 1083, 1049, 1083, 1078, 1063, 
2947, 2874, -73, -2910, 1510, 1400, 1015, 1073, 1039, 1068, 1068, 1054, 
2942, 2879, -63, -2910, 1503, 1407, 1015, 1073, 1039, 1073, 1063, 1063, 
2947, 2864, -82, -2906, 1515, 1390, 1015, 1073, 1044, 1078, 1058, 1063, 
2903, 2849, -53, -2876, 1478, 1398, 1019, 1073, 1044, 1073, 1054, 1054, 
2884, 2854, -29, -2869, 1456, 1412, 1019, 1078, 1049, 1078, 1054, 1049, 
2908, 2869, -39, -2888, 1473, 1415, 1024, 1088, 1049, 1073, 1054, 1058, 
2942, 2879, -63, -2910, 1503, 1407, 1024, 1088, 1049, 1073, 1049, 1058, 
2952, 2888, -63, -2920, 1507, 1412, 1034, 1083, 1049, 1073, 1054, 1058, 
2976, 2898, -78, -2937, 1527, 1410, 1034, 1083, 1049, 1068, 1058, 1054, 
2976, 2888, -87, -2932, 1532, 1400, 1019, 1078, 1044, 1068, 1049, 1044, 
2962, 2888, -73, -2925, 1517, 1407, 1019, 1073, 1044, 1063, 1049, 1034, 
2981, 2898, -82, -2940, 1532, 1407, 1024, 1073, 1044, 1063, 1054, 1049, 
2986, 2918, -68, -2952, 1527, 1424, 1024, 1073, 1044, 1063, 1058, 1049, 
2971, 2918, -53, -2945, 1512, 1432, 1024, 1063, 1044, 1054, 1054, 1049, 
2962, 2908, -53, -2935, 1507, 1427, 1024, 1049, 1039, 1049, 1044, 1039, 
2952, 2893, -58, -2923, 1505, 1417, 1015, 1049, 1034, 1049, 1039, 1039, 
2947, 2893, -53, -2920, 1500, 1420, 1015, 1049, 1029, 1049, 1034, 1039, 
2962, 2893, -68, -2928, 1515, 1412, 1019, 1044, 1024, 1039, 1029, 1034, 
2967, 2903, -63, -2935, 1515, 1420, 1024, 1054, 1024, 1044, 1029, 1039, 
2967, 2903, -63, -2935, 1515, 1420, 1024, 1054, 1019, 1044, 1024, 1039, 
2957, 2898, -58, -2928, 1507, 1420, 1029, 1054, 1019, 1049, 1024, 1039, 
2937, 2893, -43, -2915, 1490, 1424, 1039, 1068, 1034, 1054, 1034, 1039, 
2942, 2893, -48, -2918, 1495, 1422, 1039, 1068, 1039, 1054, 1039, 1044, 
2981, 2903, -78, -2942, 1529, 1412, 1034, 1068, 1044, 1054, 1039, 1049, 
2991, 2908, -82, -2949, 1537, 1412, 1034, 1068, 1049, 1058, 1044, 1054, 
3006, 2932, -73, -2969, 1539, 1429, 1039, 1073, 1058, 1068, 1054, 1058, 
3010, 2932, -78, -2971, 1544, 1427, 1044, 1073, 1058, 1068, 1054, 1063, 
3015, 2923, -92, -2969, 1554, 1415, 1044, 1073, 1058, 1058, 1049, 1058, 
3020, 2932, -87, -2976, 1554, 1422, 1044, 1068, 1058, 1058, 1049, 1063, 
3025, 2952, -73, -2989, 1549, 1439, 1049, 1073, 1068, 1063, 1063, 1078, 
3035, 2957, -78, -2996, 1556, 1439, 1054, 1083, 1063, 1068, 1068, 1078, 
3035, 2957, -78, -2996, 1556, 1439, 1058, 1088, 1063, 1073, 1063, 1083, 
3045, 2962, -82, -3003, 1564, 1439, 1063, 1093, 1063, 1078, 1068, 1088, 
3020, 2947, -73, -2984, 1546, 1437, 1068, 1083, 1068, 1068, 1058, 1093, 
3006, 2928, -78, -2967, 1542, 1424, 1054, 1073, 1054, 1063, 1058, 1083, 
2991, 2913, -78, -2952, 1534, 1417, 1039, 1063, 1039, 1054, 1054, 1073, 
2981, 2908, -73, -2945, 1527, 1417, 1034, 1044, 1034, 1054, 1044, 1063, 
3010, 2932, -78, -2971, 1544, 1427, 1049, 1054, 1044, 1058, 1049, 1063, 
3015, 2942, -73, -2979, 1544, 1434, 1049, 1063, 1049, 1063, 1049, 1068, 
3015, 2947, -68, -2981, 1542, 1439, 1054, 1063, 1049, 1068, 1049, 1068, 
3020, 2947, -73, -2984, 1546, 1437, 1058, 1063, 1044, 1068, 1044, 1068, 
3015, 2947, -68, -2981, 1542, 1439, 1049, 1054, 1039, 1058, 1029, 1058, 
3010, 2947, -63, -2979, 1537, 1442, 1049, 1049, 1039, 1054, 1029, 1054, 
3010, 2957, -53, -2984, 1532, 1451, 1049, 1044, 1039, 1049, 1034, 1054, 
3010, 2962, -48, -2986, 1529, 1456, 1049, 1039, 1039, 1044, 1034, 1054, 
3006, 2976, -29, -2991, 1517, 1473, 1068, 1058, 1058, 1054, 1044, 1078, 
3006, 2986, -19, -2996, 1512, 1483, 1078, 1068, 1063, 1063, 1049, 1083, 
3020, 2991, -29, -3006, 1525, 1481, 1078, 1068, 1068, 1063, 1058, 1083, 
3030, 2986, -43, -3008, 1537, 1471, 1088, 1073, 1073, 1068, 1063, 1088, 
3020, 2976, -43, -2998, 1532, 1466, 1083, 1083, 1073, 1073, 1063, 1088, 
3025, 2986, -39, -3006, 1532, 1473, 1088, 1088, 1073, 1073, 1058, 1083, 
3030, 2991, -39, -3010, 1534, 1476, 1088, 1088, 1073, 1078, 1054, 1083, 
3030, 2991, -39, -3010, 1534, 1476, 1088, 1088, 1078, 1078, 1049, 1083, 
3025, 2981, -43, -3003, 1534, 1468, 1078, 1078, 1068, 1068, 1058, 1083, 
3025, 2981, -43, -3003, 1534, 1468, 1078, 1078, 1068, 1068, 1054, 1083, 
3025, 2981, -43, -3003, 1534, 1468, 1078, 1078, 1068, 1068, 1054, 1073, 
3040, 2981, -58, -3010, 1549, 1461, 1078, 1078, 1063, 1068, 1054, 1058, 
3064, 3001, -63, -3032, 1564, 1468, 1078, 1083, 1063, 1058, 1049, 1054, 
3074, 3006, -68, -3040, 1571, 1468, 1073, 1083, 1063, 1063, 1049, 1068, 
3089, 3010, -78, -3050, 1583, 1466, 1073, 1083, 1068, 1073, 1063, 1078, 
3103, 3020, -82, -3062, 1593, 1468, 1088, 1088, 1068, 1078, 1068, 1093, 
3074, 3030, -43, -3052, 1559, 1493, 1078, 1093, 1083, 1078, 1068, 1088, 
3089, 3030, -58, -3059, 1573, 1485, 1083, 1093, 1083, 1078, 1068, 1088, 
3113, 3030, -82, -3071, 1598, 1473, 1088, 1093, 1088, 1078, 1068, 1088, 
3123, 3030, -92, -3076, 1607, 1468, 1088, 1093, 1088, 1078, 1068, 1088, 
3123, 3045, -78, -3084, 1600, 1483, 1098, 1102, 1093, 1088, 1073, 1098, 
3123, 3050, -73, -3086, 1598, 1488, 1098, 1102, 1093, 1093, 1078, 1102, 
3123, 3050, -73, -3086, 1598, 1488, 1102, 1102, 1088, 1098, 1083, 1107, 
3123, 3050, -73, -3086, 1598, 1488, 1093, 1107, 1088, 1102, 1093, 1122, 
3137, 3074, -63, -3106, 1600, 1505, 1107, 1117, 1098, 1112, 1112, 1132, 
3142, 3089, -53, -3115, 1598, 1517, 1112, 1122, 1112, 1122, 1112, 1132, 
3142, 3084, -58, -3113, 1600, 1512, 1117, 1127, 1122, 1127, 1112, 1127, 
3132, 3089, -43, -3111, 1588, 1522, 1117, 1132, 1127, 1132, 1107, 1122, 
3128, 3079, -48, -3103, 1588, 1515, 1122, 1122, 1117, 1122, 1102, 1122, 
3123, 3064, -58, -3093, 1590, 1503, 1117, 1117, 1107, 1112, 1093, 1112, 
3132, 3054, -78, -3093, 1605, 1488, 1107, 1117, 1102, 1102, 1093, 1102, 
3128, 3050, -78, -3089, 1603, 1485, 1107, 1117, 1102, 1102, 1098, 1102, 
3123, 3050, -73, -3086, 1598, 1488, 1102, 1107, 1093, 1102, 1093, 1088, 
3137, 3050, -87, -3093, 1612, 1481, 1098, 1102, 1083, 1102, 1088, 1088, 
3142, 3050, -92, -3096, 1617, 1478, 1093, 1102, 1083, 1107, 1083, 1098, 
3132, 3040, -92, -3086, 1612, 1473, 1093, 1107, 1093, 1107, 1083, 1112, 
3118, 3050, -68, -3084, 1593, 1490, 1098, 1112, 1102, 1107, 1093, 1112, 
3137, 3054, -82, -3096, 1610, 1485, 1102, 1112, 1102, 1107, 1093, 1112, 
3162, 3054, -107, -3108, 1634, 1473, 1102, 1112, 1102, 1107, 1093, 1117, 
3191, 3050, -141, -3120, 1666, 1454, 1107, 1112, 1102, 1107, 1093, 1117, 
3167, 3040, -126, -3103, 1647, 1456, 1088, 1093, 1093, 1088, 1083, 1102, 
3240, 3089, -151, -3164, 1695, 1468, 1088, 1112, 1102, 1112, 1102, 1107, 
3250, 3108, -141, -3179, 1695, 1483, 1098, 1127, 1112, 1122, 1112, 1122, 
3191, 3064, -126, -3128, 1659, 1468, 1112, 1132, 1112, 1117, 1102, 1117, 
3123, 3035, -87, -3079, 1605, 1473, 1102, 1122, 1112, 1132, 1112, 1122, 
3132, 3059, -73, -3096, 1603, 1493, 1117, 1137, 1117, 1137, 1117, 1127, 
3142, 3074, -68, -3108, 1605, 1503, 1122, 1141, 1122, 1141, 1122, 1132, 
3152, 3089, -63, -3120, 1607, 1512, 1127, 1146, 1127, 1146, 1127, 1137, 
3162, 3103, -58, -3132, 1610, 1522, 1132, 1151, 1132, 1151, 1132, 1141, 
3176, 3113, -63, -3145, 1620, 1525, 1132, 1146, 1132, 1141, 1132, 1141, 
3196, 3128, -68, -3162, 1632, 1529, 1132, 1141, 1132, 1141, 1132, 1141, 
3186, 3142, -43, -3164, 1615, 1549, 1132, 1141, 1132, 1141, 1132, 1141, 
3181, 3152, -29, -3167, 1605, 1561, 1132, 1146, 1132, 1141, 1132, 1141, 
3181, 3152, -29, -3167, 1605, 1561, 1132, 1146, 1141, 1151, 1137, 1151, 
3225, 3162, -63, -3193, 1644, 1549, 1132, 1146, 1146, 1161, 1137, 1156, 
3254, 3196, -58, -3225, 1656, 1568, 1132, 1146, 1151, 1166, 1146, 1161, 
3254, 3196, -58, -3225, 1656, 1568, 1137, 1146, 1151, 1166, 1146, 1171, 
3211, 3176, -34, -3193, 1622, 1571, 1146, 1146, 1166, 1161, 1156, 1171, 
3206, 3172, -34, -3189, 1620, 1568, 1151, 1151, 1166, 1161, 1156, 1171, 
3201, 3167, -34, -3184, 1617, 1566, 1151, 1156, 1176, 1176, 1161, 1176, 
3201, 3162, -39, -3181, 1620, 1561, 1156, 1156, 1176, 1176, 1166, 1176, 
3230, 3172, -58, -3201, 1644, 1556, 1151, 1156, 1166, 1166, 1156, 1176, 
3235, 3186, -48, -3211, 1642, 1568, 1141, 1156, 1161, 1166, 1156, 1171, 
3245, 3201, -43, -3223, 1644, 1578, 1137, 1156, 1161, 1161, 1151, 1171, 
3250, 3201, -48, -3225, 1649, 1576, 1132, 1156, 1166, 1161, 1151, 1176, 
3254, 3211, -43, -3233, 1649, 1583, 1132, 1156, 1156, 1176, 1161, 1166, 
3279, 3220, -58, -3250, 1668, 1581, 1132, 1151, 1166, 1185, 1176, 1176, 
3298, 3230, -68, -3264, 1683, 1581, 1132, 1146, 1166, 1185, 1176, 1180, 
3294, 3240, -53, -3267, 1673, 1593, 1127, 1137, 1166, 1185, 1166, 1190, 
3289, 3240, -48, -3264, 1668, 1595, 1117, 1141, 1166, 1176, 1176, 1205, 
3284, 3240, -43, -3262, 1664, 1598, 1112, 1146, 1171, 1190, 1190, 1210, 
3294, 3240, -53, -3267, 1673, 1593, 1107, 1156, 1176, 1195, 1190, 1215, 
3303, 3240, -63, -3272, 1683, 1588, 1107, 1166, 1185, 1195, 1195, 1220, 
3318, 3254, -63, -3286, 1690, 1595, 1117, 1176, 1195, 1210, 1205, 1234, 
3323, 3264, -58, -3294, 1690, 1603, 1112, 1176, 1190, 1215, 1210, 1239, 
3328, 3274, -53, -3301, 1690, 1610, 1112, 1176, 1185, 1215, 1215, 1244, 
3362, 3284, -78, -3323, 1720, 1603, 1117, 1176, 1185, 1220, 1220, 1249, 
3347, 3269, -78, -3308, 1712, 1595, 1122, 1185, 1195, 1220, 1229, 1249, 
3342, 3245, -97, -3294, 1720, 1573, 1127, 1185, 1185, 1220, 1224, 1249, 
3337, 3259, -78, -3298, 1708, 1590, 1122, 1185, 1185, 1220, 1224, 1249, 
3357, 3274, -82, -3315, 1720, 1595, 1137, 1185, 1190, 1220, 1239, 1259, 
3362, 3269, -92, -3315, 1727, 1588, 1137, 1195, 1205, 1229, 1239, 1259, 
3357, 3250, -107, -3303, 1732, 1571, 1141, 1200, 1210, 1234, 1239, 1259, 
3357, 3254, -102, -3306, 1729, 1576, 1137, 1200, 1210, 1234, 1244, 1259, 
3352, 3259, -92, -3306, 1722, 1583, 1132, 1210, 1210, 1234, 1244, 1259, 
3362, 3259, -102, -3311, 1732, 1578, 1141, 1195, 1200, 1224, 1234, 1244, 
3347, 3264, -82, -3306, 1715, 1590, 1141, 1195, 1195, 1224, 1234, 1244, 
3337, 3274, -63, -3306, 1700, 1605, 1156, 1195, 1195, 1224, 1234, 1244, 
3328, 3284, -43, -3306, 1686, 1620, 1156, 1190, 1190, 1215, 1220, 1239, 
3337, 3269, -68, -3303, 1703, 1600, 1156, 1195, 1200, 1210, 1220, 1239, 
3337, 3259, -78, -3298, 1708, 1590, 1151, 1195, 1185, 1200, 1215, 1229, 
3352, 3254, -97, -3303, 1725, 1578, 1151, 1185, 1176, 1190, 1195, 1215, 
3357, 3230, -126, -3294, 1742, 1551, 1141, 1171, 1161, 1171, 1180, 1190, 
3352, 3215, -136, -3284, 1744, 1539, 1132, 1151, 1151, 1171, 1151, 1180, 
3337, 3211, -126, -3274, 1732, 1542, 1141, 1151, 1151, 1161, 1151, 1180, 
3333, 3211, -122, -3272, 1727, 1544, 1151, 1156, 1151, 1171, 1156, 1180, 
3328, 3220, -107, -3274, 1717, 1556, 1156, 1156, 1166, 1180, 1161, 1185, 
3342, 3240, -102, -3291, 1722, 1568, 1146, 1166, 1156, 1171, 1176, 1176, 
3342, 3245, -97, -3294, 1720, 1573, 1146, 1171, 1156, 1171, 1166, 1180, 
3342, 3245, -97, -3294, 1720, 1573, 1151, 1176, 1161, 1176, 1166, 1180, 
3337, 3240, -97, -3289, 1717, 1571, 1156, 1180, 1161, 1176, 1166, 1176, 
3337, 3245, -92, -3291, 1715, 1576, 1176, 1190, 1166, 1180, 1161, 1176, 
3328, 3230, -97, -3279, 1712, 1566, 1180, 1190, 1171, 1180, 1166, 1180, 
3313, 3230, -82, -3272, 1698, 1573, 1176, 1190, 1176, 1176, 1166, 1180, 
3328, 3230, -97, -3279, 1712, 1566, 1176, 1176, 1166, 1161, 1161, 1176, 
3347, 3235, -112, -3291, 1729, 1561, 1180, 1180, 1171, 1171, 1176, 1190, 
3347, 3235, -112, -3291, 1729, 1561, 1190, 1190, 1176, 1180, 1180, 1195, 
3347, 3235, -112, -3291, 1729, 1561, 1195, 1195, 1180, 1190, 1185, 1200, 
3347, 3245, -102, -3296, 1725, 1571, 1200, 1200, 1176, 1195, 1185, 1200, 
3381, 3250, -131, -3315, 1756, 1559, 1195, 1200, 1180, 1195, 1185, 1200, 
3386, 3259, -126, -3323, 1756, 1566, 1195, 1195, 1185, 1195, 1185, 1200, 
3401, 3269, -131, -3335, 1766, 1568, 1195, 1195, 1190, 1195, 1190, 1200, 
3401, 3279, -122, -3340, 1761, 1578, 1195, 1195, 1195, 1195, 1190, 1205, 
3396, 3269, -126, -3333, 1761, 1571, 1185, 1190, 1190, 1195, 1185, 1195, 
3416, 3284, -131, -3350, 1773, 1576, 1185, 1190, 1190, 1195, 1180, 1190, 
3430, 3284, -146, -3357, 1788, 1568, 1190, 1195, 1190, 1195, 1176, 1190, 
3416, 3284, -131, -3350, 1773, 1576, 1190, 1195, 1195, 1200, 1171, 1190, 
3396, 3279, -117, -3337, 1756, 1581, 1190, 1205, 1195, 1200, 1185, 1195, 
3396, 3269, -126, -3333, 1761, 1571, 1190, 1205, 1190, 1200, 1190, 1195, 
3396, 3259, -136, -3328, 1766, 1561, 1195, 1205, 1190, 1200, 1195, 1200, 
3396, 3254, -141, -3325, 1769, 1556, 1195, 1210, 1195, 1205, 1200, 1215, 
3416, 3259, -156, -3337, 1786, 1551, 1185, 1200, 1185, 1200, 1200, 1210, 
3420, 3269, -151, -3345, 1786, 1559, 1185, 1205, 1185, 1195, 1195, 1205, 
3435, 3274, -161, -3355, 1798, 1556, 1185, 1205, 1185, 1190, 1190, 1200, 
3440, 3274, -165, -3357, 1803, 1554, 1185, 1205, 1185, 1185, 1185, 1195, 
3464, 3289, -175, -3376, 1820, 1556, 1161, 1180, 1180, 1176, 1151, 1176, 
3430, 3259, -170, -3345, 1800, 1544, 1146, 1166, 1156, 1156, 1132, 1146, 
3396, 3274, -122, -3335, 1759, 1576, 1166, 1190, 1171, 1166, 1151, 1166, 
3416, 3318, -97, -3367, 1756, 1610, 1210, 1220, 1200, 1195, 1180, 1195, 
3474, 3342, -131, -3408, 1803, 1605, 1229, 1224, 1210, 1210, 1190, 1195, 
3474, 3333, -141, -3403, 1808, 1595, 1244, 1220, 1215, 1205, 1180, 1185, 
3425, 3313, -112, -3369, 1769, 1600, 1259, 1229, 1224, 1205, 1180, 1190, 
3430, 3279, -151, -3355, 1790, 1564, 1263, 1220, 1215, 1180, 1151, 1171, 
3440, 3259, -180, -3350, 1810, 1539, 1268, 1220, 1210, 1166, 1132, 1146, 
3411, 3215, -195, -3313, 1803, 1510, 1273, 1220, 1200, 1156, 1117, 1122, 
3391, 3152, -239, -3272, 1815, 1456, 1278, 1239, 1210, 1166, 1117, 1098, 
3459, 3176, -283, -3318, 1871, 1446, 1298, 1288, 1239, 1215, 1185, 1137, 
3547, 3259, -287, -3403, 1917, 1485, 1312, 1351, 1278, 1288, 1288, 1205, 
3562, 3250, -312, -3406, 1937, 1468, 1312, 1400, 1312, 1366, 1385, 1249, 
3567, 3211, -356, -3389, 1961, 1427, 1327, 1454, 1351, 1439, 1483, 1293, 
3601, 3176, -424, -3389, 2013, 1376, 1322, 1507, 1385, 1517, 1595, 1337, 
3616, 3167, -448, -3391, 2032, 1359, 1317, 1571, 1439, 1629, 1742, 1410, 
3655, 3167, -488, -3411, 2071, 1339, 1327, 1673, 1512, 1771, 1932, 1517, 
3738, 3157, -580, -3447, 2159, 1288, 1342, 1795, 1600, 1932, 2137, 1654, 
3801, 3152, -649, -3477, 2225, 1251, 1351, 1917, 1693, 2098, 2332, 1781, 
3860, 3162, -697, -3511, 2278, 1232, 1322, 2034, 1761, 2254, 2527, 1878, 
3947, 3142, -805, -3545, 2376, 1168, 1302, 2132, 1795, 2371, 2684, 1952, 
3996, 3084, -912, -3540, 2454, 1085, 1317, 2230, 1830, 2435, 2757, 1947, 
4021, 2971, -1049, -3496, 2535, 961, 1346, 2313, 1859, 2435, 2723, 1854, 
4016, 2801, -1215, -3408, 2615, 793, 1371, 2366, 1839, 2347, 2537, 1634, 
3986, 2640, -1346, -3313, 2666, 646, 1405, 2405, 1810, 2235, 2269, 1361, 
3991, 2562, -1429, -3276, 2710, 566, 1420, 2415, 1790, 2108, 1976, 1068, 
3986, 2537, -1449, -3262, 2718, 544, 1439, 2410, 1790, 2000, 1703, 805, 
3952, 2503, -1449, -3228, 2701, 527, 1439, 2430, 1800, 1922, 1512, 653, 
3947, 2464, -1483, -3206, 2715, 490, 1420, 2444, 1786, 1859, 1385, 566, 
3957, 2449, -1507, -3203, 2732, 470, 1395, 2440, 1771, 1805, 1268, 507, 
3957, 2459, -1498, -3208, 2727, 480, 1390, 2459, 1776, 1781, 1224, 483, 
3933, 2469, -1464, -3201, 2698, 502, 1395, 2479, 1771, 1756, 1195, 478, 
3928, 2469, -1459, -3198, 2693, 505, 1371, 2440, 1722, 1683, 1132, 439, 
3928, 2474, -1454, -3201, 2691, 509, 1332, 2361, 1629, 1571, 1063, 419, 
3947, 2503, -1444, -3225, 2696, 529, 1307, 2278, 1546, 1468, 1015, 429, 
3991, 2542, -1449, -3267, 2720, 546, 1298, 2186, 1483, 1361, 941, 434, 
3982, 2571, -1410, -3276, 2696, 580, 1268, 2064, 1395, 1239, 863, 414, 
3884, 2591, -1293, -3237, 2588, 649, 1273, 1947, 1327, 1127, 785, 419, 
3782, 2596, -1185, -3189, 2483, 705, 1293, 1805, 1268, 1019, 692, 409, 
3762, 2620, -1141, -3191, 2452, 739, 1317, 1654, 1185, 888, 595, 380, 
3796, 2688, -1107, -3242, 2452, 790, 1346, 1551, 1132, 814, 546, 400, 
3772, 2771, -1000, -3272, 2386, 885, 1390, 1517, 1132, 814, 575, 448, 
3699, 2801, -897, -3250, 2298, 951, 1444, 1498, 1137, 810, 595, 483, 
3630, 2786, -844, -3208, 2237, 971, 1473, 1429, 1117, 775, 585, 492, 
3616, 2801, -814, -3208, 2215, 993, 1512, 1371, 1122, 766, 575, 512, 
3616, 2854, -761, -3235, 2188, 1046, 1576, 1356, 1161, 785, 590, 546, 
3596, 2908, -688, -3252, 2142, 1110, 1634, 1332, 1195, 795, 605, 585, 
3557, 2942, -614, -3250, 2086, 1163, 1678, 1302, 1210, 800, 605, 619, 
3503, 3001, -502, -3252, 2003, 1249, 1703, 1273, 1220, 810, 619, 629, 
3455, 3079, -375, -3267, 1915, 1351, 1722, 1234, 1229, 839, 639, 668, 
3425, 3123, -302, -3274, 1864, 1410, 1742, 1205, 1229, 849, 668, 717, 
3435, 3176, -258, -3306, 1847, 1459, 1761, 1176, 1229, 873, 707, 771, 
3445, 3259, -185, -3352, 1815, 1537, 1790, 1171, 1254, 902, 761, 834, 
3391, 3279, -112, -3335, 1751, 1583, 1815, 1141, 1254, 932, 810, 888, 
3386, 3274, -112, -3330, 1749, 1581, 1839, 1112, 1229, 932, 834, 912, 
3420, 3323, -97, -3372, 1759, 1612, 1883, 1122, 1263, 976, 878, 966, 
3372, 3342, -29, -3357, 1700, 1656, 1903, 1161, 1312, 1039, 927, 1019, 
3347, 3352, 4, -3350, 1671, 1678, 1859, 1151, 1307, 1054, 946, 1019, 
3396, 3381, -14, -3389, 1705, 1683, 1810, 1141, 1288, 1058, 951, 1024, 
3416, 3411, -4, -3413, 1710, 1703, 1751, 1156, 1298, 1083, 980, 1063, 
3416, 3440, 24, -3428, 1695, 1732, 1659, 1166, 1283, 1112, 1024, 1098, 
3416, 3450, 34, -3433, 1690, 1742, 1556, 1161, 1249, 1117, 1049, 1122, 
3416, 3459, 43, -3437, 1686, 1751, 1498, 1176, 1249, 1137, 1078, 1166, 
3445, 3489, 43, -3467, 1700, 1766, 1454, 1190, 1249, 1156, 1122, 1200, 
3479, 3538, 58, -3508, 1710, 1798, 1410, 1195, 1259, 1185, 1161, 1229, 
3547, 3586, 39, -3567, 1754, 1812, 1366, 1210, 1259, 1210, 1185, 1259, 
3625, 3606, -19, -3616, 1822, 1793, 1332, 1215, 1263, 1239, 1224, 1293, 
3640, 3611, -29, -3625, 1834, 1790, 1312, 1234, 1278, 1259, 1249, 1302, 
3664, 3630, -34, -3647, 1849, 1798, 1288, 1234, 1273, 1268, 1239, 1302, 
3679, 3611, -68, -3645, 1873, 1771, 1278, 1224, 1263, 1254, 1229, 1298, 
3679, 3606, -73, -3642, 1876, 1766, 1244, 1220, 1249, 1249, 1234, 1302, 
3674, 3601, -73, -3638, 1873, 1764, 1239, 1220, 1239, 1249, 1229, 1302, 
3674, 3596, -78, -3635, 1876, 1759, 1234, 1200, 1234, 1244, 1224, 1298, 
3664, 3611, -53, -3638, 1859, 1778, 1239, 1200, 1239, 1244, 1224, 1302, 
3645, 3616, -29, -3630, 1837, 1793, 1244, 1205, 1244, 1244, 1229, 1307, 
3616, 3606, -9, -3611, 1812, 1798, 1254, 1210, 1259, 1249, 1229, 1312, 
3596, 3601, 4, -3599, 1795, 1803, 1259, 1215, 1263, 1249, 1234, 1317, 
3611, 3616, 4, -3613, 1803, 1810, 1244, 1215, 1263, 1254, 1244, 1312, 
3620, 3616, -4, -3618, 1812, 1805, 1224, 1215, 1254, 1254, 1244, 1312, 
3630, 3620, -9, -3625, 1820, 1805, 1215, 1220, 1249, 1254, 1249, 1317, 
3635, 3630, -4, -3633, 1820, 1812, 1200, 1224, 1249, 1259, 1259, 1332, 
3630, 3640, 9, -3635, 1810, 1825, 1200, 1215, 1249, 1254, 1244, 1337, 
3635, 3630, -4, -3633, 1820, 1812, 1205, 1210, 1244, 1254, 1239, 1332, 
3650, 3640, -9, -3645, 1830, 1815, 1210, 1210, 1244, 1249, 1234, 1322, 
3674, 3664, -9, -3669, 1842, 1827, 1220, 1210, 1239, 1244, 1234, 1312, 
3694, 3684, -9, -3689, 1851, 1837, 1220, 1200, 1249, 1249, 1239, 1312, 
3684, 3689, 4, -3686, 1839, 1847, 1215, 1210, 1249, 1254, 1244, 1317, 
3684, 3684, 0, -3684, 1842, 1842, 1205, 1220, 1249, 1254, 1249, 1322, 
3684, 3679, -4, -3681, 1844, 1837, 1205, 1224, 1254, 1259, 1259, 1337, 
3684, 3669, -14, -3677, 1849, 1827, 1210, 1234, 1254, 1263, 1263, 1346, 
3684, 3669, -14, -3677, 1849, 1827, 1215, 1229, 1249, 1263, 1263, 1342, 
3684, 3674, -9, -3679, 1847, 1832, 1220, 1229, 1249, 1263, 1263, 1351, 
3699, 3674, -24, -3686, 1861, 1825, 1224, 1229, 1249, 1263, 1268, 1351, 
3699, 3689, -9, -3694, 1854, 1839, 1220, 1229, 1259, 1273, 1259, 1351, 
3694, 3694, 0, -3694, 1847, 1847, 1220, 1224, 1254, 1268, 1249, 1346, 
3684, 3699, 14, -3691, 1834, 1856, 1215, 1210, 1249, 1268, 1249, 1346, 
3679, 3694, 14, -3686, 1832, 1854, 1210, 1210, 1249, 1268, 1249, 1346, 
3718, 3713, -4, -3716, 1861, 1854, 1220, 1224, 1259, 1273, 1259, 1356, 
3718, 3738, 19, -3728, 1849, 1878, 1215, 1224, 1259, 1278, 1268, 1366, 
3718, 3742, 24, -3730, 1847, 1883, 1210, 1224, 1259, 1278, 1273, 1366, 
3713, 3733, 19, -3723, 1847, 1876, 1205, 1224, 1254, 1273, 1278, 1366, 
3713, 3733, 19, -3723, 1847, 1876, 1215, 1234, 1249, 1278, 1283, 1371, 
3733, 3738, 4, -3735, 1864, 1871, 1220, 1234, 1254, 1278, 1288, 1376, 
3742, 3738, -4, -3740, 1873, 1866, 1220, 1224, 1259, 1278, 1293, 1381, 
3742, 3723, -19, -3733, 1881, 1851, 1215, 1224, 1263, 1278, 1283, 1371, 
3718, 3718, 0, -3718, 1859, 1859, 1220, 1234, 1259, 1293, 1283, 1385, 
3723, 3738, 14, -3730, 1854, 1876, 1220, 1234, 1273, 1302, 1288, 1390, 
3718, 3742, 24, -3730, 1847, 1883, 1220, 1239, 1278, 1307, 1302, 1400, 
3699, 3733, 34, -3716, 1832, 1883, 1215, 1239, 1283, 1312, 1307, 1405, 
3708, 3742, 34, -3725, 1837, 1888, 1205, 1234, 1278, 1298, 1302, 1405, 
3718, 3762, 43, -3740, 1837, 1903, 1205, 1239, 1278, 1302, 1302, 1410, 
3728, 3762, 34, -3745, 1847, 1898, 1200, 1234, 1273, 1302, 1302, 1405, 
3738, 3767, 29, -3752, 1854, 1898, 1190, 1229, 1268, 1298, 1302, 1395, 
3742, 3767, 24, -3755, 1859, 1895, 1190, 1220, 1259, 1288, 1298, 1395, 
3747, 3767, 19, -3757, 1864, 1893, 1190, 1220, 1259, 1293, 1302, 1395, 
3752, 3762, 9, -3757, 1871, 1886, 1190, 1220, 1259, 1298, 1302, 1395, 
3757, 3757, 0, -3757, 1878, 1878, 1190, 1220, 1259, 1302, 1298, 1400, 
3772, 3762, -9, -3767, 1891, 1876, 1185, 1234, 1263, 1312, 1307, 1410, 
3782, 3777, -4, -3779, 1893, 1886, 1185, 1239, 1263, 1312, 1307, 1415, 
3786, 3786, 0, -3786, 1893, 1893, 1185, 1244, 1263, 1312, 1307, 1420, 
3791, 3772, -19, -3782, 1905, 1876, 1180, 1244, 1263, 1312, 1307, 1424, 
3796, 3782, -14, -3789, 1905, 1883, 1185, 1249, 1278, 1327, 1322, 1429, 
3796, 3786, -9, -3791, 1903, 1888, 1185, 1254, 1283, 1332, 1322, 1434, 
3791, 3791, 0, -3791, 1895, 1895, 1185, 1259, 1288, 1337, 1327, 1439, 
3791, 3806, 14, -3799, 1888, 1910, 1190, 1268, 1298, 1342, 1342, 1444, 
3806, 3816, 9, -3811, 1898, 1912, 1190, 1273, 1298, 1351, 1351, 1449, 
3806, 3821, 14, -3813, 1895, 1917, 1180, 1273, 1293, 1346, 1351, 1449, 
3806, 3811, 4, -3808, 1900, 1908, 1176, 1278, 1293, 1342, 1342, 1444, 
3816, 3816, 0, -3816, 1908, 1908, 1176, 1283, 1293, 1342, 1342, 1444, 
3830, 3830, 0, -3830, 1915, 1915, 1185, 1298, 1302, 1346, 1356, 1459, 
3835, 3835, 0, -3835, 1917, 1917, 1185, 1302, 1302, 1356, 1361, 1464, 
3840, 3835, -4, -3838, 1922, 1915, 1185, 1307, 1307, 1371, 1371, 1468, 
3869, 3845, -24, -3857, 1947, 1910, 1185, 1307, 1312, 1376, 1371, 1468, 
3869, 3860, -9, -3864, 1939, 1925, 1185, 1317, 1322, 1371, 1371, 1468, 
3860, 3855, -4, -3857, 1932, 1925, 1185, 1332, 1322, 1376, 1376, 1468, 
3850, 3850, 0, -3850, 1925, 1925, 1185, 1337, 1322, 1381, 1381, 1468, 
3860, 3855, -4, -3857, 1932, 1925, 1185, 1346, 1327, 1385, 1381, 1468, 
3855, 3845, -9, -3850, 1932, 1917, 1190, 1366, 1337, 1390, 1390, 1468, 
3860, 3816, -43, -3838, 1952, 1886, 1176, 1366, 1337, 1395, 1390, 1468, 
3860, 3796, -63, -3828, 1961, 1866, 1176, 1366, 1342, 1400, 1390, 1468, 
3860, 3777, -82, -3818, 1971, 1847, 1176, 1371, 1342, 1410, 1390, 1468, 
3879, 3791, -87, -3835, 1983, 1851, 1176, 1381, 1342, 1410, 1395, 1468, 
3913, 3791, -122, -3852, 2017, 1834, 1176, 1385, 1342, 1410, 1395, 1468, 
3923, 3801, -122, -3862, 2022, 1839, 1180, 1405, 1356, 1420, 1410, 1468, 
3923, 3821, -102, -3872, 2013, 1859, 1180, 1415, 1361, 1420, 1410, 1468, 
3933, 3830, -102, -3882, 2017, 1864, 1195, 1429, 1371, 1429, 1420, 1464, 
3933, 3830, -102, -3882, 2017, 1864, 1200, 1434, 1371, 1429, 1420, 1459, 
3947, 3825, -122, -3886, 2034, 1851, 1210, 1449, 1376, 1439, 1429, 1464, 
3967, 3825, -141, -3896, 2054, 1842, 1215, 1449, 1376, 1444, 1420, 1459, 
3967, 3816, -151, -3891, 2059, 1832, 1210, 1444, 1371, 1439, 1420, 1459, 
3967, 3801, -165, -3884, 2066, 1817, 1205, 1444, 1376, 1444, 1424, 1464, 
3967, 3801, -165, -3884, 2066, 1817, 1220, 1459, 1381, 1449, 1434, 1468, 
3967, 3801, -165, -3884, 2066, 1817, 1224, 1464, 1385, 1459, 1439, 1473, 
3928, 3767, -161, -3847, 2044, 1803, 1220, 1454, 1381, 1454, 1434, 1464, 
3913, 3762, -151, -3838, 2032, 1805, 1215, 1454, 1385, 1449, 1439, 1459, 
3904, 3767, -136, -3835, 2020, 1815, 1210, 1449, 1390, 1444, 1434, 1449, 
3908, 3762, -146, -3835, 2027, 1808, 1205, 1434, 1390, 1429, 1420, 1429, 
3918, 3747, -170, -3833, 2044, 1788, 1210, 1429, 1385, 1429, 1405, 1420, 
3928, 3752, -175, -3840, 2052, 1788, 1220, 1429, 1385, 1439, 1405, 1420, 
3928, 3757, -170, -3843, 2049, 1793, 1234, 1429, 1395, 1439, 1405, 1429, 
3928, 3772, -156, -3850, 2042, 1808, 1239, 1424, 1395, 1439, 1400, 1420, 
3947, 3762, -185, -3855, 2066, 1788, 1234, 1434, 1385, 1429, 1405, 1424, 
3947, 3762, -185, -3855, 2066, 1788, 1249, 1444, 1400, 1434, 1410, 1429, 
3933, 3757, -175, -3845, 2054, 1790, 1263, 1444, 1400, 1439, 1410, 1424, 
3908, 3747, -161, -3828, 2034, 1793, 1283, 1434, 1400, 1439, 1410, 1410, 
3938, 3767, -170, -3852, 2054, 1798, 1298, 1444, 1415, 1449, 1420, 1410, 
3947, 3786, -161, -3867, 2054, 1812, 1302, 1444, 1424, 1449, 1415, 1415, 
3957, 3796, -161, -3877, 2059, 1817, 1302, 1444, 1429, 1444, 1410, 1405, 
3967, 3796, -170, -3882, 2069, 1812, 1302, 1444, 1434, 1444, 1400, 1410, 
3957, 3782, -175, -3869, 2066, 1803, 1302, 1429, 1434, 1444, 1395, 1420, 
3938, 3782, -156, -3860, 2047, 1812, 1312, 1420, 1429, 1439, 1405, 1429, 
3938, 3782, -156, -3860, 2047, 1812, 1322, 1415, 1429, 1434, 1400, 1424, 
3928, 3782, -146, -3855, 2037, 1817, 1327, 1410, 1434, 1429, 1400, 1420, 
3904, 3782, -122, -3843, 2013, 1830, 1342, 1415, 1434, 1439, 1400, 1410, 
3884, 3782, -102, -3833, 1993, 1839, 1342, 1415, 1434, 1439, 1400, 1410, 
3869, 3791, -78, -3830, 1973, 1856, 1346, 1420, 1429, 1434, 1385, 1400, 
3855, 3791, -63, -3823, 1959, 1864, 1351, 1420, 1429, 1434, 1385, 1400, 
3864, 3801, -63, -3833, 1964, 1869, 1361, 1429, 1444, 1444, 1395, 1410, 
3874, 3801, -73, -3838, 1973, 1864, 1371, 1429, 1444, 1444, 1395, 1410, 
3884, 3801, -82, -3843, 1983, 1859, 1376, 1429, 1444, 1439, 1395, 1410, 
3894, 3821, -73, -3857, 1983, 1873, 1376, 1424, 1439, 1429, 1390, 1405, 
3908, 3830, -78, -3869, 1993, 1876, 1371, 1415, 1424, 1420, 1385, 1405, 
3923, 3811, -112, -3867, 2017, 1849, 1366, 1405, 1424, 1420, 1381, 1405, 
3889, 3791, -97, -3840, 1993, 1847, 1366, 1395, 1420, 1410, 1376, 1395, 
3879, 3791, -87, -3835, 1983, 1851, 1361, 1390, 1420, 1410, 1376, 1390, 
3894, 3791, -102, -3843, 1998, 1844, 1356, 1381, 1415, 1395, 1361, 1381, 
3908, 3786, -122, -3847, 2015, 1832, 1356, 1381, 1410, 1395, 1351, 1381, 
3899, 3782, -117, -3840, 2008, 1832, 1366, 1376, 1405, 1395, 1351, 1381, 
3904, 3777, -126, -3840, 2015, 1825, 1366, 1376, 1400, 1390, 1351, 1376, 
3894, 3772, -122, -3833, 2008, 1825, 1361, 1371, 1395, 1390, 1342, 1385, 
3879, 3777, -102, -3828, 1991, 1837, 1361, 1366, 1395, 1385, 1342, 1376, 
3899, 3791, -107, -3845, 2003, 1842, 1366, 1366, 1395, 1385, 1346, 1390, 
3904, 3816, -87, -3860, 1995, 1864, 1366, 1366, 1395, 1385, 1351, 1390, 
3894, 3816, -78, -3855, 1986, 1869, 1366, 1371, 1400, 1395, 1351, 1390, 
3889, 3806, -82, -3847, 1986, 1861, 1366, 1361, 1400, 1390, 1346, 1381, 
3884, 3791, -92, -3838, 1988, 1849, 1356, 1366, 1400, 1390, 1346, 1381, 
3884, 3791, -92, -3838, 1988, 1849, 1356, 1371, 1400, 1390, 1346, 1381, 
3899, 3801, -97, -3850, 1998, 1851, 1351, 1366, 1390, 1381, 1351, 1376, 
3904, 3811, -92, -3857, 1998, 1859, 1356, 1376, 1395, 1385, 1351, 1381, 
3904, 3811, -92, -3857, 1998, 1859, 1356, 1376, 1395, 1385, 1346, 1381, 
3894, 3806, -87, -3850, 1991, 1859, 1361, 1376, 1400, 1390, 1346, 1381, 
3850, 3806, -43, -3828, 1947, 1881, 1385, 1385, 1415, 1405, 1366, 1395, 
3840, 3811, -29, -3825, 1934, 1891, 1390, 1390, 1420, 1405, 1371, 1405, 
3864, 3825, -39, -3845, 1952, 1893, 1390, 1395, 1424, 1405, 1371, 1415, 
3860, 3835, -24, -3847, 1942, 1905, 1395, 1400, 1429, 1410, 1376, 1424, 
3855, 3835, -19, -3845, 1937, 1908, 1395, 1385, 1420, 1410, 1366, 1415, 
3850, 3830, -19, -3840, 1934, 1905, 1395, 1385, 1420, 1410, 1366, 1415, 
3845, 3816, -29, -3830, 1937, 1893, 1390, 1385, 1420, 1400, 1361, 1405, 
3840, 3821, -19, -3830, 1930, 1900, 1385, 1381, 1420, 1400, 1361, 1405, 
3869, 3840, -29, -3855, 1949, 1905, 1376, 1376, 1410, 1390, 1361, 1395, 
3904, 3855, -48, -3879, 1976, 1903, 1376, 1376, 1405, 1390, 1361, 1390, 
3928, 3864, -63, -3896, 1995, 1900, 1376, 1371, 1405, 1390, 1351, 1390, 
3962, 3879, -82, -3921, 2022, 1898, 1376, 1366, 1405, 1390, 1351, 1390, 
3962, 3869, -92, -3916, 2027, 1888, 1381, 1356, 1410, 1385, 1337, 1390, 
3962, 3855, -107, -3908, 2034, 1873, 1366, 1356, 1395, 1376, 1342, 1385, 
3962, 3845, -117, -3904, 2039, 1864, 1351, 1356, 1381, 1361, 1342, 1381, 
3967, 3845, -122, -3906, 2044, 1861, 1346, 1346, 1376, 1356, 1337, 1376, 
3972, 3845, -126, -3908, 2049, 1859, 1351, 1342, 1376, 1351, 1337, 1366, 
3962, 3840, -122, -3901, 2042, 1859, 1351, 1346, 1381, 1356, 1332, 1371, 
3947, 3830, -117, -3889, 2032, 1856, 1356, 1342, 1381, 1361, 1327, 1371, 
3938, 3816, -122, -3877, 2030, 1847, 1361, 1337, 1376, 1361, 1317, 1371, 
3928, 3806, -122, -3867, 2025, 1842, 1361, 1332, 1381, 1366, 1322, 1366, 
3918, 3806, -112, -3862, 2015, 1847, 1361, 1332, 1381, 1366, 1322, 1366, 
3913, 3816, -97, -3864, 2005, 1859, 1361, 1332, 1381, 1366, 1327, 1371, 
3908, 3821, -87, -3864, 1998, 1866, 1361, 1332, 1381, 1366, 1327, 1376, 
3899, 3845, -53, -3872, 1976, 1895, 1376, 1346, 1395, 1376, 1332, 1395, 
3904, 3855, -48, -3879, 1976, 1903, 1381, 1351, 1395, 1376, 1332, 1395, 
3923, 3860, -63, -3891, 1993, 1898, 1376, 1346, 1395, 1366, 1337, 1390, 
3938, 3855, -82, -3896, 2010, 1886, 1381, 1346, 1395, 1361, 1337, 1390, 
3908, 3845, -63, -3877, 1986, 1891, 1395, 1346, 1395, 1361, 1346, 1390, 
3904, 3855, -48, -3879, 1976, 1903, 1400, 1351, 1395, 1366, 1342, 1385, 
3899, 3860, -39, -3879, 1969, 1910, 1400, 1351, 1395, 1376, 1337, 1385, 
3889, 3860, -29, -3874, 1959, 1915, 1400, 1351, 1400, 1381, 1332, 1385, 
3899, 3840, -58, -3869, 1978, 1891, 1390, 1342, 1395, 1366, 1327, 1385, 
3904, 3840, -63, -3872, 1983, 1888, 1381, 1342, 1390, 1361, 1317, 1385, 
3908, 3840, -68, -3874, 1988, 1886, 1371, 1342, 1385, 1356, 1312, 1376, 
3928, 3840, -87, -3884, 2008, 1876, 1361, 1342, 1376, 1351, 1307, 1361, 
3918, 3835, -82, -3877, 2000, 1876, 1356, 1327, 1366, 1337, 1283, 1342, 
3904, 3825, -78, -3864, 1991, 1873, 1356, 1327, 1366, 1337, 1283, 1351, 
3894, 3816, -78, -3855, 1986, 1869, 1361, 1327, 1371, 1342, 1298, 1356, 
3884, 3811, -73, -3847, 1978, 1869, 1381, 1332, 1371, 1342, 1302, 1366, 
3864, 3801, -63, -3833, 1964, 1869, 1376, 1337, 1366, 1351, 1302, 1361, 
3879, 3801, -78, -3840, 1978, 1861, 1376, 1337, 1366, 1351, 1302, 1361, 
3904, 3801, -102, -3852, 2003, 1849, 1376, 1337, 1371, 1351, 1302, 1361, 
3913, 3801, -112, -3857, 2013, 1844, 1371, 1337, 1371, 1351, 1302, 1361, 
3913, 3806, -107, -3860, 2010, 1849, 1356, 1337, 1366, 1346, 1298, 1356, 
3913, 3811, -102, -3862, 2008, 1854, 1351, 1337, 1366, 1346, 1302, 1356, 
3913, 3811, -102, -3862, 2008, 1854, 1351, 1337, 1361, 1346, 1307, 1356, 
3913, 3811, -102, -3862, 2008, 1854, 1337, 1342, 1361, 1346, 1317, 1366, 
3908, 3821, -87, -3864, 1998, 1866, 1356, 1337, 1356, 1351, 1317, 1366, 
3913, 3830, -82, -3872, 1998, 1873, 1366, 1337, 1366, 1356, 1317, 1366, 
3913, 3821, -92, -3867, 2003, 1864, 1376, 1337, 1371, 1356, 1317, 1361, 
3904, 3821, -82, -3862, 1993, 1869, 1381, 1337, 1371, 1356, 1312, 1356, 
3899, 3816, -82, -3857, 1991, 1866, 1371, 1346, 1371, 1356, 1317, 1351, 
3894, 3806, -87, -3850, 1991, 1859, 1361, 1342, 1361, 1346, 1307, 1346, 
3904, 3801, -102, -3852, 2003, 1849, 1346, 1342, 1356, 1337, 1307, 1342, 
3899, 3801, -97, -3850, 1998, 1851, 1342, 1342, 1356, 1337, 1312, 1346, 
3889, 3806, -82, -3847, 1986, 1861, 1351, 1351, 1361, 1342, 1317, 1346, 
3899, 3811, -87, -3855, 1993, 1861, 1361, 1346, 1356, 1346, 1322, 1351, 
3899, 3816, -82, -3857, 1991, 1866, 1371, 1346, 1361, 1356, 1327, 1366, 
3884, 3811, -73, -3847, 1978, 1869, 1385, 1351, 1376, 1361, 1337, 1385, 
3889, 3840, -48, -3864, 1969, 1895, 1366, 1356, 1376, 1371, 1327, 1376, 
3889, 3835, -53, -3862, 1971, 1891, 1366, 1356, 1366, 1361, 1317, 1376, 
3884, 3806, -78, -3845, 1981, 1864, 1361, 1366, 1376, 1361, 1327, 1381, 
3874, 3786, -87, -3830, 1981, 1849, 1356, 1366, 1385, 1366, 1327, 1385, 
3884, 3791, -92, -3838, 1988, 1849, 1366, 1366, 1376, 1366, 1327, 1376, 
3884, 3796, -87, -3840, 1986, 1854, 1366, 1366, 1376, 1366, 1327, 1376, 
3884, 3801, -82, -3843, 1983, 1859, 1366, 1366, 1376, 1366, 1327, 1376, 
3884, 3806, -78, -3845, 1981, 1864, 1366, 1366, 1376, 1366, 1327, 1376, 
3884, 3806, -78, -3845, 1981, 1864, 1366, 1356, 1376, 1366, 1327, 1376, 
3899, 3811, -87, -3855, 1993, 1861, 1366, 1346, 1376, 1366, 1327, 1376, 
3884, 3816, -68, -3850, 1976, 1873, 1366, 1342, 1376, 1366, 1327, 1376, 
3874, 3816, -58, -3845, 1966, 1878, 1366, 1342, 1376, 1366, 1327, 1376, 
3855, 3801, -53, -3828, 1954, 1873, 1356, 1351, 1366, 1356, 1332, 1376, 
3889, 3806, -82, -3847, 1986, 1861, 1356, 1351, 1371, 1366, 1332, 1381, 
3908, 3835, -73, -3872, 1991, 1881, 1356, 1351, 1376, 1371, 1342, 1385, 
3899, 3830, -68, -3864, 1983, 1881, 1361, 1351, 1376, 1371, 1342, 1395, 
3864, 3830, -34, -3847, 1949, 1898, 1351, 1346, 1371, 1366, 1332, 1390, 
3869, 3835, -34, -3852, 1952, 1900, 1356, 1346, 1371, 1366, 1332, 1385, 
3874, 3840, -34, -3857, 1954, 1903, 1356, 1346, 1381, 1381, 1337, 1385, 
3884, 3845, -39, -3864, 1961, 1903, 1361, 1342, 1381, 1381, 1342, 1381, 
3913, 3845, -68, -3879, 1991, 1888, 1371, 1332, 1381, 1371, 1332, 1381, 
3928, 3860, -68, -3894, 1998, 1895, 1366, 1332, 1376, 1371, 1332, 1376, 
3947, 3874, -73, -3911, 2010, 1900, 1366, 1332, 1376, 1366, 1327, 1376, 
3962, 3874, -87, -3918, 2025, 1893, 1366, 1332, 1381, 1366, 1327, 1381, 
3947, 3860, -87, -3904, 2017, 1886, 1361, 1337, 1371, 1361, 1327, 1371, 
3952, 3855, -97, -3904, 2025, 1878, 1356, 1337, 1381, 1371, 1342, 1381, 
3952, 3850, -102, -3901, 2027, 1873, 1351, 1337, 1381, 1371, 1342, 1385, 
3928, 3845, -82, -3886, 2005, 1881, 1342, 1332, 1381, 1371, 1332, 1395, 
3918, 3850, -68, -3884, 1993, 1891, 1332, 1332, 1376, 1381, 1351, 1400, 
3908, 3855, -53, -3882, 1981, 1900, 1327, 1332, 1376, 1395, 1366, 1405, 
3913, 3860, -53, -3886, 1983, 1903, 1322, 1337, 1376, 1400, 1366, 1410, 
3918, 3864, -53, -3891, 1986, 1905, 1322, 1342, 1381, 1400, 1371, 1415, 
3928, 3855, -73, -3891, 2000, 1891, 1307, 1342, 1381, 1390, 1366, 1415, 
3928, 3840, -87, -3884, 2008, 1876, 1298, 1342, 1376, 1390, 1366, 1415, 
3928, 3825, -102, -3877, 2015, 1861, 1293, 1342, 1371, 1385, 1366, 1415, 
3957, 3811, -146, -3884, 2052, 1832, 1293, 1342, 1371, 1385, 1366, 1415, 
3928, 3806, -122, -3867, 2025, 1842, 1293, 1342, 1371, 1385, 1376, 1415, 
3908, 3782, -126, -3845, 2017, 1827, 1293, 1342, 1361, 1385, 1371, 1415, 
3889, 3796, -92, -3843, 1991, 1851, 1283, 1342, 1361, 1385, 1371, 1415, 
3894, 3811, -82, -3852, 1988, 1864, 1293, 1342, 1366, 1385, 1385, 1424, 
3899, 3816, -82, -3857, 1991, 1866, 1302, 1361, 1381, 1415, 1395, 1444, 
3894, 3806, -87, -3850, 1991, 1859, 1317, 1366, 1385, 1420, 1395, 1444, 
3894, 3821, -73, -3857, 1983, 1873, 1322, 1366, 1385, 1420, 1400, 1444, 
3889, 3835, -53, -3862, 1971, 1891, 1327, 1376, 1385, 1420, 1400, 1444, 
3879, 3796, -82, -3838, 1981, 1856, 1312, 1356, 1381, 1405, 1385, 1434, 
3855, 3772, -82, -3813, 1969, 1844, 1307, 1351, 1371, 1400, 1381, 1429, 
3835, 3752, -82, -3794, 1959, 1834, 1317, 1346, 1366, 1395, 1376, 1424, 
3816, 3733, -82, -3774, 1949, 1825, 1312, 1337, 1356, 1381, 1356, 1415, 
3816, 3713, -102, -3764, 1959, 1805, 1312, 1332, 1356, 1376, 1346, 1395, 
3816, 3708, -107, -3762, 1961, 1800, 1307, 1332, 1342, 1366, 1342, 1385, 
3830, 3708, -122, -3769, 1976, 1793, 1307, 1322, 1332, 1356, 1322, 1371, 
3835, 3689, -146, -3762, 1991, 1771, 1298, 1307, 1317, 1337, 1307, 1346, 
3811, 3660, -151, -3735, 1981, 1754, 1288, 1298, 1298, 1317, 1288, 1337, 
3786, 3650, -136, -3718, 1961, 1756, 1298, 1298, 1298, 1307, 1288, 1337, 
3772, 3645, -126, -3708, 1949, 1759, 1307, 1302, 1298, 1317, 1293, 1337, 
3757, 3650, -107, -3703, 1932, 1771, 1312, 1302, 1312, 1327, 1298, 1342, 
3742, 3640, -102, -3691, 1922, 1769, 1302, 1298, 1307, 1317, 1298, 1327, 
3733, 3625, -107, -3679, 1920, 1759, 1293, 1298, 1302, 1307, 1283, 1327, 
3723, 3606, -117, -3664, 1920, 1744, 1288, 1298, 1302, 1302, 1278, 1322, 
3708, 3581, -126, -3645, 1917, 1727, 1283, 1298, 1298, 1293, 1273, 1312, 
3684, 3581, -102, -3633, 1893, 1739, 1298, 1298, 1307, 1293, 1273, 1317, 
3669, 3572, -97, -3620, 1883, 1737, 1298, 1298, 1307, 1298, 1273, 1317, 
3650, 3577, -73, -3613, 1861, 1751, 1288, 1298, 1307, 1298, 1268, 1312, 
3660, 3581, -78, -3620, 1869, 1751, 1283, 1283, 1293, 1288, 1259, 1302, 
3650, 3547, -102, -3599, 1876, 1722, 1273, 1278, 1278, 1278, 1254, 1298, 
3630, 3518, -112, -3574, 1871, 1703, 1278, 1278, 1273, 1278, 1249, 1293, 
3611, 3489, -122, -3550, 1866, 1683, 1278, 1273, 1268, 1278, 1244, 1288, 
3591, 3469, -122, -3530, 1856, 1673, 1278, 1268, 1254, 1273, 1234, 1278, 
3616, 3469, -146, -3542, 1881, 1661, 1259, 1254, 1249, 1263, 1220, 1263, 
3611, 3474, -136, -3542, 1873, 1668, 1254, 1244, 1244, 1254, 1215, 1259, 
3616, 3479, -136, -3547, 1876, 1671, 1249, 1239, 1239, 1244, 1215, 1254, 
3606, 3484, -122, -3545, 1864, 1681, 1244, 1234, 1234, 1234, 1210, 1254, 
3596, 3469, -126, -3533, 1861, 1671, 1244, 1229, 1229, 1234, 1210, 1244, 
3620, 3479, -141, -3550, 1881, 1668, 1244, 1229, 1229, 1234, 1210, 1239, 
3640, 3474, -165, -3557, 1903, 1654, 1249, 1234, 1229, 1234, 1210, 1239, 
3630, 3469, -161, -3550, 1895, 1654, 1249, 1234, 1234, 1239, 1210, 1239, 
3606, 3445, -161, -3525, 1883, 1642, 1249, 1224, 1234, 1229, 1210, 1249, 
3591, 3425, -165, -3508, 1878, 1629, 1249, 1224, 1229, 1229, 1210, 1244, 
3577, 3406, -170, -3491, 1873, 1617, 1254, 1224, 1229, 1229, 1210, 1244, 
3562, 3391, -170, -3477, 1866, 1610, 1254, 1229, 1234, 1234, 1210, 1254, 
3557, 3381, -175, -3469, 1866, 1603, 1249, 1220, 1229, 1234, 1200, 1249, 
3538, 3386, -151, -3462, 1844, 1617, 1244, 1224, 1224, 1234, 1195, 1244, 
3528, 3386, -141, -3457, 1834, 1622, 1239, 1224, 1220, 1234, 1190, 1239, 
3508, 3381, -126, -3445, 1817, 1627, 1234, 1224, 1215, 1234, 1185, 1234, 
3464, 3386, -78, -3425, 1771, 1654, 1239, 1220, 1210, 1224, 1190, 1224, 
3489, 3337, -151, -3413, 1820, 1593, 1224, 1205, 1205, 1215, 1180, 1224, 
3533, 3333, -200, -3433, 1866, 1566, 1234, 1220, 1220, 1215, 1200, 1234, 
3542, 3357, -185, -3450, 1864, 1586, 1220, 1200, 1210, 1195, 1180, 1215, 
3494, 3342, -151, -3418, 1822, 1595, 1200, 1176, 1180, 1180, 1151, 1185, 
3445, 3294, -151, -3369, 1798, 1571, 1195, 1171, 1166, 1176, 1141, 1176, 
3435, 3274, -161, -3355, 1798, 1556, 1220, 1190, 1185, 1185, 1141, 1180, 
3469, 3298, -170, -3384, 1820, 1564, 1244, 1200, 1205, 1180, 1141, 1180, 
3450, 3269, -180, -3359, 1815, 1544, 1239, 1180, 1190, 1156, 1112, 1156, 
3391, 3225, -165, -3308, 1778, 1529, 1244, 1180, 1171, 1137, 1098, 1141, 
3362, 3211, -151, -3286, 1756, 1529, 1259, 1200, 1180, 1146, 1098, 1127, 
3381, 3176, -204, -3279, 1793, 1485, 1268, 1200, 1180, 1146, 1088, 1107, 
3372, 3103, -268, -3237, 1820, 1417, 1273, 1215, 1180, 1151, 1102, 1098, 
3337, 3045, -292, -3191, 1815, 1376, 1283, 1254, 1205, 1190, 1151, 1112, 
3352, 3025, -326, -3189, 1839, 1349, 1278, 1307, 1254, 1273, 1239, 1166, 
3376, 3010, -366, -3193, 1871, 1322, 1283, 1371, 1298, 1361, 1351, 1229, 
3391, 2981, -409, -3186, 1900, 1285, 1298, 1424, 1342, 1434, 1449, 1254, 
3420, 2971, -448, -3196, 1934, 1261, 1298, 1488, 1385, 1527, 1561, 1302, 
3464, 2981, -483, -3223, 1973, 1249, 1293, 1561, 1434, 1629, 1717, 1390, 
3528, 2996, -531, -3262, 2030, 1232, 1283, 1654, 1488, 1766, 1883, 1478, 
3577, 2986, -590, -3281, 2083, 1198, 1293, 1771, 1556, 1912, 2069, 1576, 
3616, 2967, -649, -3291, 2132, 1159, 1283, 1898, 1639, 2069, 2264, 1688, 
3674, 2947, -727, -3311, 2200, 1110, 1259, 1995, 1693, 2200, 2435, 1771, 
3757, 2932, -824, -3345, 2291, 1054, 1239, 2078, 1732, 2288, 2537, 1795, 
3772, 2888, -883, -3330, 2327, 1002, 1254, 2181, 1771, 2347, 2557, 1751, 
3723, 2747, -976, -3235, 2349, 885, 1288, 2269, 1790, 2322, 2454, 1615, 
3708, 2552, -1156, -3130, 2432, 697, 1293, 2288, 1751, 2196, 2230, 1371, 
3723, 2400, -1322, -3062, 2522, 539, 1293, 2293, 1703, 2030, 1937, 1068, 
3689, 2269, -1420, -2979, 2554, 424, 1302, 2303, 1683, 1912, 1649, 790, 
3635, 2142, -1493, -2888, 2564, 324, 1342, 2318, 1688, 1810, 1415, 595, 
3606, 2117, -1488, -2862, 2547, 314, 1366, 2361, 1703, 1756, 1268, 497, 
3577, 2147, -1429, -2862, 2503, 358, 1381, 2400, 1717, 1732, 1195, 453, 
3601, 2156, -1444, -2879, 2522, 356, 1356, 2400, 1712, 1698, 1117, 409, 
3664, 2156, -1507, -2910, 2586, 324, 1322, 2381, 1683, 1644, 1034, 370, 
3655, 2161, -1493, -2908, 2574, 334, 1293, 2361, 1649, 1590, 976, 341, 
3616, 2161, -1454, -2888, 2535, 353, 1268, 2308, 1576, 1507, 907, 302, 
3640, 2161, -1478, -2901, 2559, 341, 1220, 2235, 1483, 1381, 824, 278, 
3650, 2152, -1498, -2901, 2574, 326, 1190, 2142, 1395, 1259, 756, 268, 
3611, 2161, -1449, -2886, 2530, 356, 1185, 2034, 1317, 1146, 697, 273, 
3577, 2176, -1400, -2876, 2488, 387, 1176, 1903, 1220, 1010, 624, 263, 
3538, 2200, -1337, -2869, 2437, 431, 1180, 1761, 1146, 888, 556, 263, 
3464, 2220, -1244, -2842, 2354, 488, 1200, 1610, 1083, 795, 468, 244, 
3391, 2235, -1156, -2813, 2274, 539, 1215, 1468, 1005, 697, 390, 244, 
3357, 2264, -1093, -2810, 2225, 585, 1229, 1371, 961, 644, 370, 268, 
3328, 2318, -1010, -2823, 2169, 653, 1259, 1312, 941, 629, 361, 297, 
3274, 2371, -902, -2823, 2088, 734, 1288, 1263, 927, 600, 341, 307, 
3215, 2376, -839, -2796, 2027, 768, 1312, 1210, 917, 570, 336, 312, 
3137, 2381, -756, -2759, 1947, 812, 1361, 1166, 941, 561, 351, 331, 
3069, 2444, -624, -2757, 1847, 910, 1424, 1156, 966, 595, 380, 385, 
3035, 2483, -551, -2759, 1793, 966, 1468, 1117, 976, 595, 385, 414, 
3006, 2464, -541, -2735, 1773, 961, 1507, 1068, 976, 585, 395, 424, 
2976, 2498, -478, -2737, 1727, 1010, 1586, 1049, 1015, 634, 434, 483, 
2967, 2610, -356, -2788, 1661, 1127, 1644, 1029, 1044, 678, 483, 546, 
3035, 2703, -331, -2869, 1683, 1185, 1644, 976, 1029, 688, 507, 590, 
3020, 2762, -258, -2891, 1639, 1251, 1649, 956, 1049, 707, 546, 634, 
2908, 2786, -122, -2847, 1515, 1332, 1683, 976, 1083, 766, 619, 707, 
2884, 2806, -78, -2845, 1481, 1363, 1698, 976, 1088, 780, 653, 751, 
2884, 2854, -29, -2869, 1456, 1412, 1717, 966, 1088, 795, 673, 775, 
2810, 2893, 82, -2852, 1363, 1488, 1751, 985, 1122, 839, 722, 824, 
2752, 2884, 131, -2818, 1310, 1507, 1742, 976, 1132, 873, 766, 858, 
2771, 2874, 102, -2823, 1334, 1488, 1693, 941, 1112, 878, 775, 858, 
2820, 2893, 73, -2857, 1373, 1483, 1649, 941, 1107, 907, 800, 893, 
2869, 2893, 24, -2881, 1422, 1459, 1586, 956, 1102, 941, 844, 936, 
2918, 2893, -24, -2906, 1471, 1434, 1498, 951, 1073, 951, 863, 971, 
2918, 2893, -24, -2906, 1471, 1434, 1395, 936, 1044, 941, 868, 976, 
2893, 2893, 0, -2893, 1446, 1446, 1312, 941, 1034, 951, 878, 976, 
2932, 2923, -9, -2928, 1471, 1456, 1239, 966, 1034, 966, 902, 995, 
2981, 2952, -29, -2967, 1505, 1461, 1185, 980, 1039, 976, 932, 1019, 
3015, 2967, -48, -2991, 1532, 1459, 1127, 990, 1034, 985, 946, 1029, 
3030, 2957, -73, -2993, 1551, 1442, 1102, 990, 1029, 1005, 976, 1049, 
3035, 2952, -82, -2993, 1559, 1434, 1083, 980, 1029, 1010, 976, 1054, 
3035, 2952, -82, -2993, 1559, 1434, 1049, 976, 1015, 1015, 990, 1068, 
3030, 2952, -78, -2991, 1554, 1437, 1044, 976, 1005, 1024, 995, 1078, 
3030, 2952, -78, -2991, 1554, 1437, 1039, 956, 1000, 1029, 1000, 1083, 
3030, 2962, -68, -2996, 1549, 1446, 1024, 956, 1010, 1019, 995, 1093, 
3020, 2971, -48, -2996, 1534, 1461, 1019, 961, 1010, 1019, 995, 1093, 
3001, 2967, -34, -2984, 1517, 1466, 1019, 966, 1019, 1024, 990, 1093, 
2991, 2967, -24, -2979, 1507, 1471, 1015, 971, 1019, 1024, 990, 1093, 
2976, 2962, -14, -2969, 1495, 1473, 1019, 976, 1024, 1029, 995, 1088, 
2976, 2952, -24, -2964, 1500, 1464, 1010, 980, 1019, 1029, 1000, 1088, 
2976, 2947, -29, -2962, 1503, 1459, 1010, 990, 1019, 1029, 1010, 1093, 
2971, 2947, -24, -2959, 1498, 1461, 1005, 1000, 1024, 1034, 1024, 1107, 
2962, 2952, -9, -2957, 1485, 1471, 1015, 995, 1024, 1054, 1024, 1127, 
2962, 2947, -14, -2954, 1488, 1466, 1019, 985, 1019, 1058, 1024, 1137, 
2971, 2962, -9, -2967, 1490, 1476, 1024, 980, 1019, 1058, 1024, 1141, 
2991, 2991, 0, -2991, 1495, 1495, 1034, 976, 1015, 1058, 1029, 1146, 
3020, 2991, -29, -3006, 1525, 1481, 1019, 976, 1015, 1049, 1029, 1151, 
3010, 2986, -24, -2998, 1517, 1481, 1010, 985, 1015, 1049, 1029, 1151, 
3010, 2971, -39, -2991, 1525, 1466, 995, 995, 1015, 1044, 1029, 1151, 
3010, 2957, -53, -2984, 1532, 1451, 990, 1000, 1019, 1044, 1034, 1161, 
3006, 2967, -39, -2986, 1522, 1464, 990, 985, 1019, 1039, 1034, 1161, 
3001, 2967, -34, -2984, 1517, 1466, 990, 976, 1015, 1039, 1029, 1146, 
2996, 2971, -24, -2984, 1510, 1473, 990, 971, 1015, 1039, 1024, 1146, 
3006, 2971, -34, -2989, 1520, 1468, 990, 966, 1015, 1039, 1024, 1137, 
3020, 2991, -29, -3006, 1525, 1481, 985, 966, 1005, 1039, 1015, 1127, 
3030, 3001, -29, -3015, 1529, 1485, 985, 961, 1000, 1034, 1005, 1122, 
3035, 3010, -24, -3023, 1529, 1493, 980, 946, 995, 1034, 1005, 1122, 
3045, 3010, -34, -3028, 1539, 1488, 976, 946, 995, 1034, 1005, 1122, 
3054, 3010, -43, -3032, 1549, 1483, 966, 951, 995, 1034, 1019, 1132, 
3035, 3015, -19, -3025, 1527, 1498, 961, 951, 995, 1034, 1024, 1141, 
3015, 3001, -14, -3008, 1515, 1493, 956, 951, 995, 1029, 1024, 1141, 
2991, 2971, -19, -2981, 1505, 1476, 951, 951, 990, 1019, 1024, 1141, 
2971, 2967, -4, -2969, 1488, 1481, 956, 951, 990, 1034, 1034, 1151, 
2981, 2967, -14, -2974, 1498, 1476, 966, 951, 990, 1034, 1034, 1151, 
2981, 2962, -19, -2971, 1500, 1471, 971, 941, 990, 1034, 1034, 1151, 
2971, 2942, -29, -2957, 1500, 1456, 971, 941, 990, 1034, 1019, 1137, 
2971, 2942, -29, -2957, 1500, 1456, 966, 956, 985, 1044, 1024, 1146, 
2981, 2967, -14, -2974, 1498, 1476, 966, 961, 1000, 1049, 1024, 1146, 
2981, 2976, -4, -2979, 1493, 1485, 966, 971, 1005, 1049, 1034, 1151, 
2967, 2971, 4, -2969, 1481, 1488, 961, 976, 1010, 1049, 1034, 1151, 
2981, 2976, -4, -2979, 1493, 1485, 961, 971, 1005, 1044, 1044, 1161, 
2986, 2991, 4, -2989, 1490, 1498, 961, 976, 1005, 1049, 1049, 1176, 
2991, 2986, -4, -2989, 1498, 1490, 956, 971, 1000, 1049, 1054, 1180, 
2996, 2986, -9, -2991, 1503, 1488, 946, 966, 995, 1044, 1058, 1180, 
3010, 3010, 0, -3010, 1505, 1505, 956, 971, 1010, 1058, 1058, 1185, 
3025, 3025, 0, -3025, 1512, 1512, 956, 976, 1015, 1068, 1068, 1190, 
3040, 3035, -4, -3037, 1522, 1515, 956, 980, 1019, 1078, 1073, 1195, 
3054, 3045, -9, -3050, 1532, 1517, 956, 985, 1024, 1088, 1073, 1205, 
3054, 3035, -19, -3045, 1537, 1507, 971, 990, 1029, 1093, 1083, 1210, 
3059, 3045, -14, -3052, 1537, 1515, 971, 995, 1029, 1088, 1083, 1210, 
3059, 3050, -9, -3054, 1534, 1520, 971, 1000, 1029, 1083, 1083, 1210, 
3059, 3030, -29, -3045, 1544, 1500, 966, 1000, 1029, 1078, 1083, 1210, 
3054, 3015, -39, -3035, 1546, 1488, 966, 990, 1019, 1078, 1073, 1200, 
3045, 3015, -29, -3030, 1537, 1493, 961, 990, 1019, 1078, 1068, 1200, 
3030, 3015, -14, -3023, 1522, 1500, 956, 990, 1019, 1078, 1068, 1200, 
3020, 3025, 4, -3023, 1507, 1515, 956, 995, 1024, 1078, 1078, 1200, 
3015, 3015, 0, -3015, 1507, 1507, 951, 985, 1019, 1068, 1073, 1200, 
3006, 3010, 4, -3008, 1500, 1507, 936, 980, 1010, 1063, 1068, 1195, 
2996, 2991, -4, -2993, 1500, 1493, 927, 980, 1005, 1058, 1054, 1185, 
2996, 2986, -9, -2991, 1503, 1488, 922, 980, 1000, 1058, 1049, 1180, 
3001, 3015, 14, -3008, 1493, 1515, 927, 1005, 1010, 1068, 1073, 1195, 
3006, 3025, 19, -3015, 1493, 1522, 932, 1019, 1019, 1083, 1088, 1210, 
3010, 3030, 19, -3020, 1495, 1525, 936, 1034, 1034, 1102, 1107, 1224, 
3040, 3045, 4, -3042, 1517, 1525, 941, 1044, 1049, 1112, 1117, 1234, 
3054, 3054, 0, -3054, 1527, 1527, 932, 1034, 1039, 1102, 1107, 1229, 
3059, 3045, -14, -3052, 1537, 1515, 922, 1039, 1029, 1102, 1102, 1224, 
3064, 3035, -29, -3050, 1546, 1503, 912, 1034, 1019, 1102, 1098, 1220, 
3089, 3035, -53, -3062, 1571, 1490, 902, 1034, 1015, 1102, 1088, 1215, 
3084, 3025, -58, -3054, 1571, 1483, 912, 1049, 1019, 1102, 1102, 1220, 
3089, 3006, -82, -3047, 1586, 1461, 902, 1054, 1024, 1102, 1107, 1224, 
3089, 2996, -92, -3042, 1590, 1451, 907, 1058, 1034, 1102, 1112, 1229, 
3089, 2986, -102, -3037, 1595, 1442, 912, 1068, 1039, 1107, 1117, 1234, 
3103, 2996, -107, -3050, 1605, 1444, 907, 1068, 1034, 1107, 1107, 1220, 
3142, 2991, -151, -3067, 1647, 1420, 902, 1073, 1029, 1107, 1102, 1215, 
3157, 2996, -161, -3076, 1659, 1417, 902, 1093, 1039, 1117, 1112, 1210, 
3162, 3010, -151, -3086, 1656, 1429, 897, 1102, 1039, 1117, 1107, 1205, 
3167, 3025, -141, -3096, 1654, 1442, 888, 1102, 1029, 1107, 1098, 1205, 
3162, 3030, -131, -3096, 1647, 1449, 888, 1102, 1029, 1107, 1098, 1195, 
3172, 3030, -141, -3101, 1656, 1444, 893, 1112, 1034, 1117, 1107, 1195, 
3186, 3035, -151, -3111, 1668, 1442, 893, 1107, 1034, 1122, 1098, 1185, 
3181, 3020, -161, -3101, 1671, 1429, 902, 1122, 1049, 1137, 1102, 1195, 
3176, 3001, -175, -3089, 1676, 1412, 902, 1122, 1054, 1141, 1112, 1200, 
3172, 2996, -175, -3084, 1673, 1410, 922, 1137, 1058, 1146, 1127, 1205, 
3167, 2991, -175, -3079, 1671, 1407, 932, 1141, 1063, 1156, 1137, 1210, 
3162, 2971, -190, -3067, 1676, 1390, 936, 1146, 1068, 1166, 1137, 1200, 
3162, 2971, -190, -3067, 1676, 1390, 941, 1151, 1073, 1166, 1146, 1205, 
3167, 2981, -185, -3074, 1676, 1398, 946, 1151, 1078, 1166, 1146, 1205, 
3186, 2981, -204, -3084, 1695, 1388, 951, 1141, 1078, 1156, 1137, 1195, 
3181, 2962, -219, -3071, 1700, 1371, 941, 1146, 1073, 1137, 1132, 1185, 
3176, 2962, -214, -3069, 1695, 1373, 946, 1146, 1073, 1146, 1132, 1185, 
3162, 2962, -200, -3062, 1681, 1381, 956, 1146, 1083, 1146, 1132, 1195, 
3147, 2971, -175, -3059, 1661, 1398, 956, 1141, 1083, 1146, 1127, 1185, 
3172, 2971, -200, -3071, 1686, 1385, 961, 1151, 1093, 1156, 1137, 1176, 
3186, 2971, -214, -3079, 1700, 1378, 976, 1161, 1107, 1161, 1137, 1176, 
3186, 2967, -219, -3076, 1703, 1373, 990, 1161, 1107, 1166, 1132, 1166, 
3176, 2957, -219, -3067, 1698, 1368, 1010, 1151, 1107, 1166, 1127, 1146, 
3167, 2976, -190, -3071, 1678, 1393, 1015, 1151, 1107, 1176, 1137, 1156, 
3147, 2986, -161, -3067, 1654, 1412, 1019, 1151, 1112, 1176, 1132, 1161, 
3128, 2986, -141, -3057, 1634, 1422, 1019, 1151, 1112, 1171, 1127, 1151, 
3108, 2976, -131, -3042, 1620, 1422, 1019, 1151, 1112, 1171, 1117, 1156, 
3113, 2962, -151, -3037, 1632, 1405, 1029, 1141, 1117, 1166, 1117, 1156, 
3108, 2962, -146, -3035, 1627, 1407, 1039, 1137, 1117, 1166, 1132, 1166, 
3123, 2962, -161, -3042, 1642, 1400, 1049, 1137, 1122, 1166, 1132, 1161, 
3128, 2962, -165, -3045, 1647, 1398, 1054, 1137, 1132, 1166, 1137, 1156, 
3128, 2962, -165, -3045, 1647, 1398, 1058, 1137, 1122, 1161, 1132, 1156, 
3123, 2962, -161, -3042, 1642, 1400, 1058, 1132, 1122, 1156, 1127, 1156, 
3123, 2971, -151, -3047, 1637, 1410, 1063, 1132, 1117, 1146, 1107, 1146, 
3123, 2971, -151, -3047, 1637, 1410, 1068, 1127, 1117, 1141, 1102, 1146, 
3108, 2967, -141, -3037, 1625, 1412, 1058, 1122, 1122, 1132, 1102, 1156, 
3103, 2952, -151, -3028, 1627, 1400, 1068, 1117, 1122, 1132, 1102, 1156, 
3098, 2937, -161, -3018, 1629, 1388, 1073, 1112, 1122, 1127, 1102, 1156, 
3093, 2942, -151, -3018, 1622, 1395, 1073, 1102, 1117, 1117, 1098, 1151, 
3103, 2971, -131, -3037, 1617, 1420, 1073, 1098, 1102, 1107, 1078, 1132, 
3113, 2971, -141, -3042, 1627, 1415, 1073, 1093, 1102, 1107, 1068, 1122, 
3074, 2971, -102, -3023, 1588, 1434, 1078, 1088, 1098, 1098, 1058, 1102, 
3059, 2991, -68, -3025, 1564, 1461, 1078, 1088, 1098, 1098, 1054, 1088, 
3045, 2981, -63, -3013, 1554, 1459, 1078, 1098, 1102, 1107, 1063, 1093, 
3050, 2967, -82, -3008, 1566, 1442, 1083, 1098, 1107, 1112, 1058, 1098, 
3030, 2952, -78, -2991, 1554, 1437, 1098, 1093, 1112, 1117, 1063, 1102, 
3025, 2937, -87, -2981, 1556, 1424, 1102, 1093, 1117, 1117, 1068, 1102, 
3025, 2928, -97, -2976, 1561, 1415, 1088, 1093, 1112, 1127, 1063, 1117, 
3010, 2928, -82, -2969, 1546, 1422, 1088, 1093, 1112, 1122, 1068, 1112, 
3030, 2937, -92, -2984, 1561, 1422, 1093, 1098, 1112, 1122, 1078, 1132, 
3035, 2957, -78, -2996, 1556, 1439, 1093, 1102, 1112, 1122, 1088, 1137, 
3050, 2957, -92, -3003, 1571, 1432, 1083, 1098, 1102, 1117, 1083, 1132, 
3050, 2947, -102, -2998, 1576, 1422, 1083, 1078, 1098, 1107, 1073, 1117, 
3050, 2932, -117, -2991, 1583, 1407, 1073, 1073, 1093, 1102, 1068, 1112, 
3054, 2932, -122, -2993, 1588, 1405, 1073, 1068, 1088, 1098, 1063, 1107, 
3054, 2937, -117, -2996, 1586, 1410, 1073, 1068, 1078, 1088, 1058, 1107, 
3054, 2942, -112, -2998, 1583, 1415, 1073, 1073, 1083, 1093, 1058, 1107, 
3050, 2937, -112, -2993, 1581, 1412, 1068, 1068, 1083, 1093, 1054, 1102, 
3035, 2928, -107, -2981, 1571, 1410, 1068, 1063, 1088, 1098, 1054, 1098, 
2996, 2903, -92, -2949, 1544, 1405, 1083, 1068, 1093, 1107, 1049, 1102, 
2991, 2903, -87, -2947, 1539, 1407, 1088, 1068, 1098, 1102, 1049, 1102, 
3020, 2913, -107, -2967, 1564, 1403, 1088, 1068, 1102, 1098, 1044, 1102, 
3020, 2918, -102, -2969, 1561, 1407, 1093, 1068, 1107, 1098, 1044, 1102, 
3030, 2942, -87, -2986, 1559, 1427, 1098, 1073, 1107, 1107, 1049, 1107, 
3030, 2952, -78, -2991, 1554, 1437, 1102, 1073, 1107, 1107, 1054, 1112, 
3030, 2952, -78, -2991, 1554, 1437, 1102, 1073, 1107, 1098, 1054, 1107, 
3030, 2971, -58, -3001, 1544, 1456, 1102, 1068, 1107, 1098, 1058, 1112, 
3035, 2967, -68, -3001, 1551, 1449, 1088, 1063, 1102, 1093, 1044, 1107, 
3045, 2967, -78, -3006, 1561, 1444, 1083, 1063, 1093, 1088, 1039, 1098, 
3045, 2962, -82, -3003, 1564, 1439, 1078, 1058, 1088, 1083, 1024, 1093, 
3054, 2962, -92, -3008, 1573, 1434, 1073, 1054, 1083, 1078, 1019, 1088, 
3040, 2957, -82, -2998, 1561, 1437, 1073, 1049, 1088, 1068, 1010, 1088, 
3025, 2937, -87, -2981, 1556, 1424, 1063, 1044, 1073, 1063, 1019, 1083, 
3010, 2923, -87, -2967, 1549, 1417, 1054, 1039, 1058, 1054, 1024, 1078, 
3001, 2918, -82, -2959, 1542, 1417, 1054, 1024, 1054, 1054, 1024, 1073, 
3010, 2918, -92, -2964, 1551, 1412, 1058, 1024, 1058, 1058, 1039, 1088, 
3006, 2913, -92, -2959, 1549, 1410, 1058, 1034, 1068, 1063, 1039, 1098, 
2996, 2903, -92, -2949, 1544, 1405, 1063, 1034, 1073, 1068, 1039, 1102, 
2991, 2888, -102, -2940, 1546, 1393, 1068, 1034, 1073, 1068, 1034, 1107, 
3006, 2903, -102, -2954, 1554, 1400, 1058, 1019, 1068, 1054, 1024, 1088, 
3010, 2908, -102, -2959, 1556, 1403, 1058, 1019, 1068, 1054, 1019, 1083, 
3020, 2923, -97, -2971, 1559, 1412, 1058, 1019, 1068, 1054, 1019, 1083, 
3030, 2932, -97, -2981, 1564, 1417, 1058, 1019, 1068, 1054, 1015, 1083, 
3001, 2932, -68, -2967, 1534, 1432, 1073, 1024, 1073, 1063, 1024, 1083, 
2996, 2937, -58, -2967, 1527, 1439, 1078, 1029, 1073, 1063, 1019, 1083, 
3006, 2937, -68, -2971, 1537, 1434, 1073, 1024, 1073, 1054, 1019, 1078, 
3010, 2928, -82, -2969, 1546, 1422, 1078, 1024, 1073, 1049, 1015, 1078, 
2986, 2923, -63, -2954, 1525, 1429, 1073, 1015, 1063, 1034, 1015, 1088, 
2986, 2937, -48, -2962, 1517, 1444, 1078, 1019, 1063, 1034, 1010, 1083, 
2986, 2947, -39, -2967, 1512, 1454, 1078, 1019, 1063, 1039, 1005, 1083, 
2981, 2952, -29, -2967, 1505, 1461, 1078, 1019, 1068, 1039, 1000, 1083, 
2962, 2923, -39, -2942, 1500, 1442, 1088, 1029, 1078, 1049, 1010, 1083, 
2947, 2913, -34, -2930, 1490, 1439, 1088, 1029, 1078, 1049, 1005, 1083, 
2932, 2903, -29, -2918, 1481, 1437, 1088, 1029, 1078, 1049, 1005, 1073, 
2932, 2893, -39, -2913, 1485, 1427, 1088, 1029, 1073, 1049, 1005, 1058, 
2923, 2879, -43, -2901, 1483, 1417, 1063, 1015, 1054, 1019, 976, 1044, 
2918, 2869, -48, -2893, 1483, 1410, 1054, 1005, 1044, 1015, 971, 1049, 
2918, 2859, -58, -2888, 1488, 1400, 1049, 995, 1039, 1015, 980, 1049, 
2918, 2854, -63, -2886, 1490, 1395, 1058, 990, 1029, 1010, 980, 1054, 
2893, 2835, -58, -2864, 1476, 1388, 1049, 990, 1029, 1005, 980, 1039, 
2903, 2825, -78, -2864, 1490, 1373, 1044, 985, 1024, 1000, 971, 1029, 
2923, 2815, -107, -2869, 1515, 1354, 1039, 980, 1024, 995, 961, 1019, 
2928, 2806, -122, -2867, 1525, 1342, 1029, 976, 1019, 990, 951, 1010, 
2913, 2830, -82, -2871, 1498, 1373, 1039, 990, 1019, 1010, 961, 1015, 
2908, 2845, -63, -2876, 1485, 1390, 1039, 995, 1024, 1015, 971, 1024, 
2903, 2854, -48, -2879, 1476, 1403, 1044, 1000, 1024, 1019, 980, 1034, 
2898, 2864, -34, -2881, 1466, 1415, 1034, 1010, 1029, 1024, 995, 1054, 
2913, 2884, -29, -2898, 1471, 1427, 1049, 1000, 1024, 1015, 990, 1049, 
2918, 2893, -24, -2906, 1471, 1434, 1054, 995, 1034, 1015, 985, 1044, 
2918, 2884, -34, -2901, 1476, 1424, 1058, 990, 1039, 1010, 980, 1034, 
2908, 2884, -24, -2896, 1466, 1429, 1058, 985, 1039, 1005, 971, 1024, 
2918, 2864, -53, -2891, 1485, 1405, 1049, 995, 1029, 1015, 971, 1024, 
2918, 2849, -68, -2884, 1493, 1390, 1039, 990, 1019, 1005, 966, 1024, 
2932, 2840, -92, -2886, 1512, 1373, 1024, 990, 1015, 995, 971, 1024, 
2932, 2835, -97, -2884, 1515, 1368, 1019, 990, 1015, 995, 980, 1034, 
2903, 2830, -73, -2867, 1488, 1378, 1024, 1000, 1024, 1005, 990, 1039, 
2903, 2825, -78, -2864, 1490, 1373, 1029, 995, 1015, 1005, 990, 1039, 
2893, 2820, -73, -2857, 1483, 1373, 1034, 995, 1015, 1010, 990, 1049, 
2869, 2806, -63, -2837, 1466, 1371, 1044, 1000, 1024, 1010, 995, 1063, 
2840, 2815, -24, -2827, 1432, 1395, 1044, 995, 1024, 1010, 990, 1058, 
2854, 2830, -24, -2842, 1439, 1403, 1044, 995, 1024, 1010, 985, 1054, 
2874, 2840, -34, -2857, 1454, 1403, 1039, 995, 1024, 1010, 980, 1054, 
2898, 2845, -53, -2871, 1476, 1395, 1039, 995, 1024, 1010, 976, 1049, 
2952, 2835, -117, -2893, 1534, 1359, 1010, 985, 1005, 990, 966, 1044, 
2908, 2806, -102, -2857, 1505, 1351, 1010, 995, 1005, 995, 976, 1049, 
2888, 2830, -58, -2859, 1473, 1385, 1015, 995, 1015, 995, 976, 1034, 
2898, 2835, -63, -2867, 1481, 1385, 1015, 990, 1010, 995, 976, 1029, 
2898, 2840, -58, -2869, 1478, 1390, 1015, 985, 1005, 995, 976, 1024, 
2898, 2845, -53, -2871, 1476, 1395, 1015, 980, 1000, 995, 976, 1019, 
2898, 2849, -48, -2874, 1473, 1400, 1015, 976, 995, 995, 976, 1015, 
2888, 2859, -29, -2874, 1459, 1415, 1005, 971, 1005, 995, 966, 1015, 
2893, 2864, -29, -2879, 1461, 1417, 1005, 966, 1005, 995, 966, 1015, 
2869, 2869, 0, -2869, 1434, 1434, 1005, 966, 1005, 995, 966, 1015, 
2849, 2869, 19, -2859, 1415, 1444, 1005, 971, 1005, 995, 966, 1015, 
2835, 2859, 24, -2847, 1405, 1442, 1015, 961, 995, 985, 961, 1005, 
2864, 2859, -4, -2862, 1434, 1427, 1015, 961, 1000, 995, 961, 1010, 
2879, 2884, 4, -2881, 1437, 1444, 1015, 961, 1005, 1000, 971, 1015, 
2864, 2874, 9, -2869, 1427, 1442, 1019, 961, 1005, 1000, 971, 1024, 
2835, 2849, 14, -2842, 1410, 1432, 1019, 971, 1019, 1000, 985, 1029, 
2845, 2849, 4, -2847, 1420, 1427, 1024, 976, 1019, 1005, 990, 1034, 
2854, 2849, -4, -2852, 1429, 1422, 1024, 980, 1029, 1024, 1000, 1044, 
2869, 2849, -19, -2859, 1444, 1415, 1029, 980, 1029, 1029, 1010, 1049, 
2869, 2830, -39, -2849, 1454, 1395, 1029, 990, 1039, 1029, 1010, 1054, 
2864, 2835, -29, -2849, 1446, 1403, 1024, 990, 1034, 1029, 1010, 1054, 
2864, 2840, -24, -2852, 1444, 1407, 1024, 990, 1034, 1024, 1005, 1058, 
2859, 2830, -29, -2845, 1444, 1400, 1024, 990, 1039, 1024, 1005, 1068, 
2849, 2845, -4, -2847, 1427, 1420, 1019, 985, 1029, 1019, 1010, 1054, 
2859, 2849, -9, -2854, 1434, 1420, 1015, 985, 1039, 1029, 1019, 1058, 
2864, 2854, -9, -2859, 1437, 1422, 1010, 985, 1039, 1029, 1015, 1058, 
2845, 2859, 14, -2852, 1415, 1437, 1000, 980, 1039, 1029, 1000, 1063, 
2864, 2884, 19, -2874, 1422, 1451, 1000, 985, 1044, 1034, 1024, 1078, 
2874, 2898, 24, -2886, 1424, 1461, 995, 990, 1044, 1054, 1044, 1083, 
2898, 2913, 14, -2906, 1442, 1464, 990, 1000, 1044, 1063, 1049, 1088, 
2923, 2928, 4, -2925, 1459, 1466, 990, 1010, 1049, 1068, 1058, 1093, 
2893, 2903, 9, -2898, 1442, 1456, 980, 1000, 1034, 1058, 1044, 1083, 
2874, 2874, 0, -2874, 1437, 1437, 966, 990, 1024, 1049, 1034, 1083, 
2854, 2845, -9, -2849, 1432, 1417, 956, 980, 1015, 1034, 1024, 1083, 
2864, 2815, -48, -2840, 1456, 1383, 951, 971, 1010, 1024, 1015, 1083, 
2864, 2815, -48, -2840, 1456, 1383, 946, 956, 1005, 1019, 1024, 1073, 
2874, 2796, -78, -2835, 1476, 1359, 941, 951, 990, 1015, 1019, 1073, 
2884, 2815, -68, -2849, 1476, 1373, 927, 946, 985, 1010, 1019, 1073, 
2918, 2835, -82, -2876, 1500, 1376, 932, 941, 985, 1005, 1034, 1083, 
2918, 2854, -63, -2886, 1490, 1395, 946, 976, 1015, 1039, 1054, 1102, 
2918, 2849, -68, -2884, 1493, 1390, 966, 985, 1024, 1049, 1054, 1102, 
2923, 2869, -53, -2896, 1488, 1407, 976, 990, 1029, 1054, 1058, 1102, 
2923, 2888, -34, -2906, 1478, 1427, 985, 1005, 1034, 1058, 1058, 1102, 
2913, 2874, -39, -2893, 1476, 1417, 976, 980, 1024, 1044, 1044, 1088, 
2888, 2864, -24, -2876, 1456, 1420, 976, 980, 1019, 1039, 1039, 1078, 
2869, 2859, -9, -2864, 1439, 1424, 990, 980, 1019, 1034, 1034, 1068, 
2849, 2854, 4, -2852, 1422, 1429, 990, 976, 1015, 1019, 1015, 1054, 
2845, 2815, -29, -2830, 1437, 1393, 985, 966, 1000, 1010, 1005, 1049, 
2830, 2801, -29, -2815, 1429, 1385, 976, 961, 980, 995, 1000, 1044, 
2830, 2791, -39, -2810, 1434, 1376, 971, 946, 966, 980, 980, 1034, 
2820, 2762, -58, -2791, 1439, 1351, 956, 927, 946, 956, 966, 1015, 
2806, 2737, -68, -2771, 1437, 1334, 956, 927, 941, 956, 946, 1005, 
2781, 2723, -58, -2752, 1420, 1332, 966, 927, 946, 946, 946, 1005, 
2766, 2713, -53, -2740, 1410, 1329, 976, 932, 951, 956, 951, 1005, 
2752, 2713, -39, -2732, 1395, 1337, 980, 932, 971, 966, 956, 1010, 
2762, 2727, -34, -2745, 1398, 1346, 966, 922, 966, 961, 966, 995, 
2766, 2727, -39, -2747, 1403, 1344, 961, 927, 961, 956, 951, 995, 
2771, 2723, -48, -2747, 1410, 1337, 961, 932, 961, 956, 946, 990, 
2771, 2713, -58, -2742, 1415, 1327, 961, 936, 956, 951, 941, 980, 
2752, 2693, -58, -2723, 1405, 1317, 966, 946, 956, 956, 941, 985, 
2742, 2674, -68, -2708, 1405, 1302, 966, 946, 956, 956, 941, 985, 
2727, 2669, -58, -2698, 1393, 1305, 956, 946, 956, 951, 936, 980, 
2742, 2664, -78, -2703, 1410, 1293, 951, 932, 941, 936, 927, 971, 
2742, 2669, -73, -2705, 1407, 1298, 961, 922, 941, 936, 927, 966, 
2742, 2669, -73, -2705, 1407, 1298, 966, 927, 941, 936, 927, 961, 
2742, 2669, -73, -2705, 1407, 1298, 966, 927, 941, 936, 927, 956, 
2742, 2679, -63, -2710, 1403, 1307, 966, 927, 932, 932, 922, 946, 
2776, 2684, -92, -2730, 1434, 1295, 961, 917, 932, 932, 932, 951, 
2781, 2693, -87, -2737, 1434, 1302, 961, 912, 932, 932, 932, 956, 
2796, 2703, -92, -2749, 1444, 1305, 961, 912, 932, 932, 936, 961, 
2796, 2713, -82, -2754, 1439, 1315, 961, 912, 932, 932, 936, 971, 
2757, 2674, -82, -2715, 1420, 1295, 961, 922, 946, 941, 946, 980, 
2752, 2669, -82, -2710, 1417, 1293, 961, 927, 946, 941, 946, 985, 
2742, 2649, -92, -2696, 1417, 1278, 966, 936, 946, 941, 946, 995, 
2703, 2630, -73, -2666, 1388, 1278, 966, 941, 951, 946, 946, 1005, 
2708, 2649, -58, -2679, 1383, 1295, 961, 927, 946, 941, 936, 990, 
2723, 2654, -68, -2688, 1395, 1293, 956, 922, 936, 936, 936, 980, 
2737, 2659, -78, -2698, 1407, 1290, 956, 917, 932, 932, 936, 976, 
2752, 2669, -82, -2710, 1417, 1293, 951, 917, 932, 932, 936, 980, 
2752, 2669, -82, -2710, 1417, 1293, 951, 917, 932, 932, 927, 976, 
2747, 2674, -73, -2710, 1410, 1300, 951, 922, 932, 932, 922, 971, 
2752, 2674, -78, -2713, 1415, 1298, 951, 922, 932, 932, 917, 966, 
2747, 2669, -78, -2708, 1412, 1295, 951, 922, 932, 932, 912, 961, 
2693, 2615, -78, -2654, 1385, 1268, 946, 917, 936, 932, 927, 941, 
2727, 2644, -82, -2686, 1405, 1281, 971, 932, 941, 941, 936, 961, 
2752, 2640, -112, -2696, 1432, 1263, 971, 927, 927, 922, 927, 951, 
2742, 2635, -107, -2688, 1424, 1263, 966, 917, 917, 902, 907, 932, 
2723, 2640, -82, -2681, 1403, 1278, 976, 932, 927, 927, 907, 941, 
2703, 2620, -82, -2662, 1393, 1268, 990, 946, 941, 941, 927, 951, 
2732, 2591, -141, -2662, 1437, 1224, 985, 936, 941, 922, 897, 927, 
2718, 2576, -141, -2647, 1429, 1217, 980, 927, 932, 897, 878, 907, 
2659, 2547, -112, -2603, 1385, 1217, 985, 936, 946, 902, 878, 912, 
2649, 2532, -117, -2591, 1383, 1207, 1010, 966, 956, 912, 893, 907, 
2669, 2547, -122, -2608, 1395, 1212, 1044, 995, 966, 912, 902, 893, 
2669, 2542, -126, -2605, 1398, 1207, 1063, 1005, 966, 932, 932, 902, 
2679, 2488, -190, -2583, 1434, 1149, 1049, 1019, 976, 966, 985, 922, 
2723, 2449, -273, -2586, 1498, 1088, 1029, 1039, 990, 1005, 1054, 946, 
2796, 2449, -346, -2623, 1571, 1051, 1034, 1093, 1019, 1078, 1151, 990, 
2859, 2444, -414, -2652, 1637, 1015, 1039, 1166, 1054, 1166, 1273, 1044, 
2874, 2396, -478, -2635, 1676, 958, 1034, 1220, 1088, 1268, 1410, 1117, 
2854, 2386, -468, -2620, 1661, 958, 1034, 1312, 1141, 1390, 1590, 1244, 
2928, 2435, -492, -2681, 1710, 971, 1019, 1405, 1190, 1503, 1786, 1371, 
3050, 2440, -610, -2745, 1830, 915, 980, 1478, 1224, 1620, 1971, 1478, 
3128, 2400, -727, -2764, 1927, 836, 941, 1566, 1263, 1737, 2156, 1586, 
3196, 2381, -814, -2788, 2005, 783, 941, 1664, 1307, 1844, 2322, 1659, 
3254, 2361, -893, -2808, 2074, 734, 966, 1771, 1351, 1927, 2425, 1683, 
3250, 2269, -980, -2759, 2115, 644, 1005, 1834, 1361, 1937, 2400, 1590, 
3245, 2117, -1127, -2681, 2186, 495, 1010, 1878, 1342, 1859, 2215, 1371, 
3254, 1976, -1278, -2615, 2266, 348, 1024, 1908, 1322, 1756, 1956, 1068, 
3220, 1859, -1361, -2540, 2291, 248, 1049, 1937, 1312, 1659, 1673, 756, 
3137, 1747, -1390, -2442, 2264, 178, 1068, 1942, 1302, 1561, 1390, 483, 
3084, 1654, -1429, -2369, 2257, 112, 1068, 1942, 1293, 1483, 1180, 292, 
3098, 1615, -1483, -2357, 2291, 65, 1049, 1937, 1268, 1410, 1034, 195, 
3118, 1629, -1488, -2374, 2303, 70, 1034, 1932, 1254, 1356, 936, 146, 
3118, 1649, -1468, -2383, 2293, 90, 1029, 1942, 1249, 1342, 902, 131, 
3123, 1649, -1473, -2386, 2298, 87, 1015, 1942, 1234, 1317, 873, 126, 
3147, 1649, -1498, -2398, 2322, 75, 961, 1893, 1176, 1254, 810, 107, 
3167, 1673, -1493, -2420, 2330, 90, 893, 1805, 1093, 1151, 741, 87, 
3137, 1722, -1415, -2430, 2276, 153, 849, 1712, 1010, 1049, 673, 97, 
3132, 1751, -1381, -2442, 2257, 185, 829, 1629, 946, 951, 610, 102, 
3152, 1761, -1390, -2457, 2271, 185, 810, 1527, 888, 849, 531, 102, 
3103, 1771, -1332, -2437, 2217, 219, 814, 1410, 839, 727, 453, 107, 
3020, 1786, -1234, -2403, 2127, 275, 863, 1307, 810, 619, 370, 107, 
2942, 1849, -1093, -2396, 2017, 378, 907, 1195, 795, 536, 283, 97, 
2898, 1898, -1000, -2398, 1949, 448, 936, 1112, 790, 492, 244, 97, 
2864, 1912, -951, -2388, 1908, 480, 971, 1078, 790, 483, 253, 117, 
2849, 1952, -897, -2400, 1873, 527, 1005, 1058, 805, 488, 263, 131, 
2820, 2005, -814, -2413, 1817, 595, 1063, 1049, 824, 483, 253, 131, 
2796, 2049, -746, -2422, 1771, 651, 1122, 1039, 849, 483, 244, 141, 
2786, 2122, -663, -2454, 1725, 729, 1176, 1024, 878, 492, 239, 156, 
2747, 2176, -570, -2461, 1659, 802, 1224, 1000, 912, 492, 234, 175, 
2679, 2171, -507, -2425, 1593, 832, 1298, 1010, 956, 507, 263, 229, 
2596, 2191, -405, -2393, 1500, 893, 1371, 1019, 1005, 556, 307, 307, 
2586, 2249, -336, -2418, 1461, 956, 1410, 1019, 1034, 595, 356, 375, 
2605, 2293, -312, -2449, 1459, 990, 1439, 1010, 1054, 614, 395, 434, 
2547, 2298, -248, -2422, 1398, 1024, 1468, 980, 1063, 629, 424, 478, 
2479, 2303, -175, -2391, 1327, 1063, 1488, 946, 1058, 639, 448, 502, 
2474, 2361, -112, -2418, 1293, 1124, 1512, 946, 1088, 678, 497, 536, 
2479, 2435, -43, -2457, 1261, 1195, 1537, 936, 1093, 707, 541, 590, 
2464, 2464, 0, -2464, 1232, 1232, 1532, 888, 1058, 702, 556, 614, 
2483, 2522, 39, -2503, 1222, 1281, 1551, 868, 1039, 707, 566, 629, 
2527, 2591, 63, -2559, 1232, 1327, 1576, 888, 1044, 741, 605, 668, 
2527, 2571, 43, -2549, 1241, 1307, 1576, 888, 1054, 756, 639, 712, 
2488, 2522, 34, -2505, 1227, 1278, 1556, 863, 1034, 761, 649, 741, 
2479, 2522, 43, -2501, 1217, 1283, 1522, 844, 1010, 751, 653, 746, 
2498, 2552, 53, -2525, 1222, 1302, 1459, 849, 995, 766, 688, 771, 
2557, 2601, 43, -2579, 1256, 1322, 1390, 854, 985, 795, 736, 824, 
2615, 2659, 43, -2637, 1285, 1351, 1317, 868, 976, 824, 771, 849, 
2620, 2669, 48, -2644, 1285, 1359, 1244, 863, 966, 824, 780, 849, 
2610, 2669, 58, -2640, 1276, 1363, 1161, 868, 936, 839, 805, 858, 
2630, 2688, 58, -2659, 1285, 1373, 1078, 873, 932, 868, 844, 902, 
2635, 2703, 68, -2669, 1283, 1385, 1000, 873, 917, 878, 858, 941, 
2640, 2693, 53, -2666, 1293, 1373, 946, 863, 893, 868, 858, 951, 
2644, 2693, 48, -2669, 1298, 1371, 927, 854, 893, 868, 858, 946, 
2644, 2698, 53, -2671, 1295, 1376, 893, 849, 878, 868, 873, 961, 
2640, 2703, 63, -2671, 1288, 1383, 888, 849, 868, 873, 878, 971, 
2640, 2708, 68, -2674, 1285, 1388, 883, 829, 863, 873, 883, 976, 
2659, 2723, 63, -2691, 1298, 1393, 888, 839, 868, 883, 873, 971, 
2659, 2737, 78, -2698, 1290, 1407, 893, 844, 873, 883, 878, 966, 
2649, 2737, 87, -2693, 1281, 1412, 902, 849, 888, 888, 878, 961, 
2649, 2742, 92, -2696, 1278, 1417, 907, 854, 893, 888, 883, 956, 
2664, 2757, 92, -2710, 1285, 1424, 893, 844, 893, 897, 883, 961, 
2684, 2757, 73, -2720, 1305, 1415, 873, 844, 883, 893, 883, 961, 
2703, 2762, 58, -2732, 1322, 1410, 863, 849, 878, 888, 888, 966, 
2718, 2771, 53, -2745, 1332, 1412, 849, 854, 878, 888, 897, 980, 
2679, 2747, 68, -2713, 1305, 1407, 839, 839, 873, 888, 893, 985, 
2649, 2713, 63, -2681, 1293, 1388, 844, 829, 863, 883, 888, 980, 
2630, 2698, 68, -2664, 1281, 1383, 849, 824, 858, 873, 883, 971, 
2620, 2698, 78, -2659, 1271, 1388, 858, 819, 849, 863, 883, 961, 
2654, 2713, 58, -2684, 1298, 1385, 854, 810, 839, 858, 868, 956, 
2649, 2723, 73, -2686, 1288, 1398, 844, 819, 839, 863, 863, 956, 
2654, 2723, 68, -2688, 1293, 1395, 829, 829, 839, 863, 858, 956, 
2659, 2723, 63, -2691, 1298, 1393, 824, 834, 844, 868, 858, 966, 
2649, 2718, 68, -2684, 1290, 1393, 824, 824, 844, 863, 873, 976, 
2649, 2713, 63, -2681, 1293, 1388, 824, 819, 839, 863, 873, 971, 
2649, 2713, 63, -2681, 1293, 1388, 824, 819, 839, 863, 873, 980, 
2664, 2708, 43, -2686, 1310, 1376, 824, 819, 839, 863, 878, 980, 
2669, 2718, 48, -2693, 1310, 1383, 839, 824, 844, 873, 883, 980, 
2669, 2727, 58, -2698, 1305, 1393, 839, 824, 844, 868, 878, 976, 
2664, 2737, 73, -2701, 1295, 1405, 834, 814, 844, 868, 883, 976, 
2664, 2737, 73, -2701, 1295, 1405, 829, 819, 849, 868, 888, 976, 
2703, 2757, 53, -2730, 1324, 1405, 829, 844, 858, 883, 902, 995, 
2703, 2781, 78, -2742, 1312, 1429, 824, 844, 858, 888, 907, 1005, 
2703, 2786, 82, -2745, 1310, 1434, 819, 844, 858, 888, 907, 1005, 
2698, 2776, 78, -2737, 1310, 1427, 814, 844, 854, 883, 907, 1005, 
2684, 2771, 87, -2727, 1298, 1429, 805, 829, 834, 883, 897, 1005, 
2698, 2771, 73, -2735, 1312, 1422, 810, 824, 834, 878, 897, 1005, 
2703, 2766, 63, -2735, 1320, 1415, 810, 810, 834, 873, 897, 1005, 
2698, 2747, 48, -2723, 1324, 1398, 805, 805, 834, 868, 883, 990, 
2679, 2752, 73, -2715, 1302, 1412, 810, 805, 824, 868, 878, 980, 
2688, 2771, 82, -2730, 1302, 1427, 810, 805, 834, 873, 878, 980, 
2688, 2776, 87, -2732, 1300, 1432, 810, 810, 834, 873, 888, 985, 
2674, 2766, 92, -2720, 1290, 1429, 805, 810, 834, 873, 888, 985, 
2659, 2766, 107, -2713, 1276, 1437, 810, 819, 834, 873, 897, 995, 
2654, 2786, 131, -2720, 1261, 1459, 814, 829, 839, 883, 902, 1010, 
2649, 2786, 136, -2718, 1256, 1461, 814, 829, 839, 888, 907, 1015, 
2644, 2791, 146, -2718, 1249, 1468, 810, 829, 839, 888, 912, 1015, 
2659, 2786, 126, -2723, 1266, 1456, 814, 819, 829, 878, 902, 1005, 
2674, 2791, 117, -2732, 1278, 1454, 810, 819, 829, 883, 912, 1005, 
2688, 2791, 102, -2740, 1293, 1446, 805, 819, 829, 888, 917, 1005, 
2703, 2791, 87, -2747, 1307, 1439, 800, 819, 829, 893, 917, 1010, 
2703, 2786, 82, -2745, 1310, 1434, 800, 824, 824, 888, 912, 1010, 
2708, 2801, 92, -2754, 1307, 1446, 795, 829, 824, 883, 907, 1015, 
2708, 2810, 102, -2759, 1302, 1456, 790, 834, 824, 878, 902, 1019, 
2708, 2796, 87, -2752, 1310, 1442, 780, 834, 824, 873, 897, 1024, 
2703, 2791, 87, -2747, 1307, 1439, 780, 839, 829, 883, 907, 1029, 
2703, 2791, 87, -2747, 1307, 1439, 775, 844, 834, 893, 912, 1034, 
2698, 2791, 92, -2745, 1302, 1442, 771, 849, 839, 902, 922, 1039, 
2698, 2801, 102, -2749, 1298, 1451, 771, 858, 849, 912, 941, 1044, 
2698, 2810, 112, -2754, 1293, 1461, 771, 849, 839, 912, 932, 1049, 
2693, 2815, 122, -2754, 1285, 1468, 761, 844, 834, 907, 932, 1049, 
2688, 2806, 117, -2747, 1285, 1461, 756, 844, 834, 902, 922, 1044, 
2693, 2810, 117, -2752, 1288, 1464, 756, 844, 834, 902, 922, 1044, 
2703, 2820, 117, -2762, 1293, 1468, 746, 839, 819, 897, 917, 1044, 
2703, 2810, 107, -2757, 1298, 1459, 746, 844, 814, 897, 922, 1044, 
2703, 2796, 92, -2749, 1305, 1444, 746, 849, 814, 902, 932, 1044, 
2727, 2791, 63, -2759, 1332, 1427, 746, 849, 814, 897, 932, 1039, 
2732, 2806, 73, -2769, 1329, 1439, 746, 858, 824, 902, 941, 1049, 
2727, 2801, 73, -2764, 1327, 1437, 746, 873, 824, 907, 946, 1049, 
2723, 2796, 73, -2759, 1324, 1434, 746, 878, 824, 912, 951, 1049, 
2737, 2801, 63, -2769, 1337, 1432, 746, 888, 829, 917, 951, 1049, 
2766, 2791, 24, -2779, 1371, 1407, 732, 897, 819, 907, 941, 1039, 
2786, 2771, -14, -2779, 1400, 1378, 717, 897, 819, 907, 941, 1039, 
2801, 2762, -39, -2781, 1420, 1361, 717, 897, 824, 907, 941, 1039, 
2815, 2752, -63, -2784, 1439, 1344, 717, 902, 824, 912, 941, 1039, 
2786, 2757, -29, -2771, 1407, 1363, 732, 912, 834, 932, 946, 1044, 
2791, 2747, -43, -2769, 1417, 1351, 736, 927, 844, 941, 956, 1049, 
2771, 2747, -24, -2759, 1398, 1361, 746, 956, 868, 961, 980, 1054, 
2742, 2757, 14, -2749, 1363, 1385, 751, 976, 883, 971, 990, 1058, 
2737, 2737, 0, -2737, 1368, 1368, 736, 961, 878, 956, 976, 1039, 
2732, 2727, -4, -2730, 1368, 1361, 732, 956, 873, 951, 971, 1029, 
2742, 2713, -29, -2727, 1385, 1342, 732, 961, 873, 956, 976, 1029, 
2757, 2703, -53, -2730, 1405, 1324, 727, 951, 868, 956, 961, 1019, 
2762, 2708, -53, -2735, 1407, 1327, 741, 961, 878, 966, 971, 1029, 
2766, 2698, -68, -2732, 1417, 1315, 746, 966, 888, 976, 985, 1044, 
2771, 2703, -68, -2737, 1420, 1317, 771, 985, 897, 985, 1005, 1058, 
2776, 2708, -68, -2742, 1422, 1320, 785, 995, 907, 1000, 1019, 1073, 
2747, 2679, -68, -2713, 1407, 1305, 775, 985, 912, 995, 1005, 1058, 
2742, 2679, -63, -2710, 1403, 1307, 775, 985, 917, 990, 1010, 1049, 
2742, 2688, -53, -2715, 1398, 1317, 775, 980, 922, 985, 1005, 1034, 
2757, 2688, -68, -2723, 1412, 1310, 775, 966, 922, 971, 990, 1010, 
2762, 2679, -82, -2720, 1422, 1298, 775, 966, 907, 971, 976, 1010, 
2766, 2679, -87, -2723, 1427, 1295, 780, 971, 907, 980, 976, 1010, 
2762, 2679, -82, -2720, 1422, 1298, 790, 976, 917, 980, 976, 1019, 
2757, 2688, -68, -2723, 1412, 1310, 790, 976, 917, 980, 971, 1010, 
2776, 2688, -87, -2732, 1432, 1300, 795, 985, 922, 980, 980, 1000, 
2776, 2688, -87, -2732, 1432, 1300, 810, 995, 941, 985, 980, 1000, 
2762, 2684, -78, -2723, 1420, 1302, 824, 995, 946, 990, 976, 990, 
2737, 2674, -63, -2705, 1400, 1305, 844, 985, 951, 990, 971, 971, 
2737, 2679, -58, -2708, 1398, 1310, 849, 985, 961, 990, 971, 971, 
2737, 2684, -53, -2710, 1395, 1315, 854, 985, 966, 990, 966, 976, 
2737, 2679, -58, -2708, 1398, 1310, 854, 985, 966, 985, 961, 966, 
2737, 2664, -73, -2701, 1405, 1295, 854, 985, 966, 985, 951, 971, 
2723, 2649, -73, -2686, 1398, 1288, 854, 971, 966, 976, 936, 976, 
2708, 2649, -58, -2679, 1383, 1295, 863, 961, 961, 971, 946, 980, 
2713, 2649, -63, -2681, 1388, 1293, 873, 956, 961, 966, 941, 971, 
2708, 2649, -58, -2679, 1383, 1295, 878, 951, 966, 961, 941, 961, 
2703, 2635, -68, -2669, 1385, 1283, 888, 951, 966, 951, 941, 961, 
2703, 2630, -73, -2666, 1388, 1278, 883, 946, 966, 951, 941, 961, 
2708, 2635, -73, -2671, 1390, 1281, 883, 946, 961, 946, 927, 951, 
2713, 2630, -82, -2671, 1398, 1273, 883, 941, 961, 946, 927, 951, 
2708, 2654, -53, -2681, 1381, 1300, 883, 941, 961, 946, 917, 951, 
2703, 2659, -43, -2681, 1373, 1307, 893, 941, 956, 946, 917, 951, 
2698, 2664, -34, -2681, 1366, 1315, 897, 941, 951, 941, 917, 951, 
2693, 2688, -4, -2691, 1349, 1342, 897, 936, 941, 932, 912, 946, 
2693, 2679, -14, -2686, 1354, 1332, 907, 932, 946, 932, 907, 946, 
2703, 2659, -43, -2681, 1373, 1307, 907, 927, 946, 932, 902, 946, 
2664, 2640, -24, -2652, 1344, 1307, 912, 922, 941, 922, 897, 936, 
2649, 2640, -9, -2644, 1329, 1315, 912, 922, 941, 922, 897, 932, 
2644, 2644, 0, -2644, 1322, 1322, 912, 927, 946, 932, 907, 941, 
2649, 2644, -4, -2647, 1327, 1320, 917, 932, 951, 936, 902, 941, 
2630, 2644, 14, -2637, 1307, 1329, 932, 932, 956, 941, 907, 941, 
2625, 2644, 19, -2635, 1302, 1332, 936, 936, 961, 941, 912, 936, 
2620, 2625, 4, -2623, 1307, 1315, 927, 922, 951, 936, 888, 932, 
2601, 2625, 24, -2613, 1288, 1324, 922, 917, 946, 927, 883, 917, 
2615, 2635, 19, -2625, 1298, 1327, 922, 917, 941, 922, 883, 927, 
2615, 2654, 39, -2635, 1288, 1346, 917, 917, 936, 917, 883, 922, 
2635, 2664, 29, -2649, 1302, 1346, 902, 902, 922, 907, 873, 912, 
2640, 2654, 14, -2647, 1312, 1334, 897, 883, 912, 893, 858, 893, 
2644, 2640, -4, -2642, 1324, 1317, 883, 878, 902, 883, 849, 883, 
2654, 2640, -14, -2647, 1334, 1312, 878, 873, 893, 873, 839, 873, 
2664, 2640, -24, -2652, 1344, 1307, 888, 888, 897, 878, 858, 893, 
2664, 2640, -24, -2652, 1344, 1307, 897, 897, 907, 888, 863, 902, 
2659, 2630, -29, -2644, 1344, 1300, 902, 897, 912, 893, 863, 907, 
2644, 2615, -29, -2630, 1337, 1293, 912, 897, 922, 902, 868, 912, 
2610, 2591, -19, -2601, 1315, 1285, 912, 902, 922, 902, 873, 917, 
2610, 2591, -19, -2601, 1315, 1285, 912, 902, 922, 897, 873, 917, 
2644, 2601, -43, -2623, 1344, 1278, 907, 902, 922, 893, 868, 917, 
2649, 2605, -43, -2627, 1346, 1281, 907, 902, 922, 893, 868, 917, 
2659, 2630, -29, -2644, 1344, 1300, 917, 897, 922, 902, 868, 917, 
2659, 2630, -29, -2644, 1344, 1300, 917, 897, 922, 902, 868, 917, 
2659, 2620, -39, -2640, 1349, 1290, 912, 897, 922, 893, 863, 907, 
2659, 2630, -29, -2644, 1344, 1300, 907, 893, 922, 893, 863, 907, 
2640, 2620, -19, -2630, 1329, 1300, 917, 883, 922, 883, 863, 912, 
2635, 2615, -19, -2625, 1327, 1298, 917, 888, 917, 883, 863, 912, 
2620, 2605, -14, -2613, 1317, 1295, 917, 888, 917, 883, 854, 917, 
2615, 2601, -14, -2608, 1315, 1293, 917, 888, 917, 883, 854, 922, 
2635, 2615, -19, -2625, 1327, 1298, 927, 878, 917, 883, 849, 922, 
2644, 2605, -39, -2625, 1342, 1283, 917, 878, 907, 878, 854, 917, 
2654, 2601, -53, -2627, 1354, 1273, 907, 878, 897, 868, 854, 912, 
2669, 2605, -63, -2637, 1366, 1271, 907, 868, 897, 868, 849, 907, 
2659, 2605, -53, -2632, 1356, 1276, 912, 868, 902, 873, 854, 907, 
2644, 2601, -43, -2623, 1344, 1278, 912, 878, 912, 878, 854, 912, 
2625, 2591, -34, -2608, 1329, 1278, 917, 878, 917, 883, 854, 912, 
2610, 2576, -34, -2593, 1322, 1271, 922, 878, 917, 883, 849, 912, 
2615, 2571, -43, -2593, 1329, 1263, 917, 873, 902, 873, 834, 902, 
2610, 2566, -43, -2588, 1327, 1261, 912, 873, 902, 868, 834, 897, 
2610, 2571, -39, -2591, 1324, 1266, 907, 873, 902, 863, 839, 897, 
2610, 2571, -39, -2591, 1324, 1266, 902, 873, 902, 858, 839, 897, 
2591, 2571, -19, -2581, 1305, 1276, 912, 883, 907, 863, 839, 897, 
2586, 2566, -19, -2576, 1302, 1273, 912, 883, 907, 868, 834, 897, 
2596, 2557, -39, -2576, 1317, 1259, 902, 873, 907, 863, 834, 893, 
2601, 2537, -63, -2569, 1332, 1237, 902, 868, 907, 863, 829, 893, 
2566, 2547, -19, -2557, 1293, 1263, 912, 873, 912, 868, 844, 907, 
2566, 2566, 0, -2566, 1283, 1283, 922, 883, 917, 878, 844, 907, 
2566, 2581, 14, -2574, 1276, 1298, 927, 888, 922, 893, 844, 912, 
2562, 2591, 29, -2576, 1266, 1310, 932, 893, 932, 902, 844, 917, 
2566, 2586, 19, -2576, 1273, 1302, 932, 902, 936, 902, 854, 927, 
2576, 2591, 14, -2583, 1281, 1302, 932, 902, 941, 902, 849, 927, 
2586, 2596, 9, -2591, 1288, 1302, 932, 902, 946, 902, 849, 917, 
2610, 2601, -9, -2605, 1310, 1295, 932, 902, 946, 902, 849, 902, 
2601, 2576, -24, -2588, 1312, 1276, 912, 893, 922, 878, 824, 888, 
2586, 2547, -39, -2566, 1312, 1254, 907, 888, 917, 878, 824, 893, 
2576, 2518, -58, -2547, 1317, 1229, 907, 883, 917, 883, 839, 893, 
2566, 2493, -73, -2530, 1320, 1210, 922, 883, 912, 883, 844, 897, 
2562, 2522, -39, -2542, 1300, 1241, 907, 878, 907, 878, 839, 897, 
2591, 2542, -48, -2566, 1320, 1246, 907, 878, 907, 873, 834, 893, 
2630, 2562, -68, -2596, 1349, 1246, 907, 878, 912, 868, 829, 888, 
2654, 2581, -73, -2618, 1363, 1254, 902, 878, 912, 863, 824, 883, 
2620, 2576, -43, -2598, 1332, 1266, 912, 883, 912, 873, 829, 888, 
2605, 2581, -24, -2593, 1315, 1278, 912, 888, 917, 878, 834, 888, 
2591, 2581, -9, -2586, 1300, 1285, 917, 893, 917, 883, 839, 888, 
2576, 2581, 4, -2579, 1285, 1293, 907, 902, 922, 888, 849, 897, 
2571, 2571, 0, -2571, 1285, 1285, 932, 917, 936, 897, 868, 912, 
2576, 2571, -4, -2574, 1290, 1283, 936, 917, 946, 907, 868, 917, 
2576, 2552, -24, -2564, 1300, 1263, 941, 917, 951, 912, 868, 917, 
2566, 2542, -24, -2554, 1295, 1259, 941, 917, 951, 917, 863, 917, 
2591, 2542, -48, -2566, 1320, 1246, 936, 907, 941, 907, 849, 917, 
2596, 2537, -58, -2566, 1327, 1239, 932, 902, 932, 897, 839, 907, 
2615, 2537, -78, -2576, 1346, 1229, 922, 902, 927, 888, 839, 897, 
2620, 2542, -78, -2581, 1349, 1232, 922, 902, 927, 888, 844, 897, 
2596, 2532, -63, -2564, 1329, 1234, 907, 888, 922, 883, 834, 888, 
2601, 2522, -78, -2562, 1339, 1222, 902, 878, 907, 878, 834, 883, 
2596, 2513, -82, -2554, 1339, 1215, 897, 873, 902, 878, 834, 888, 
2576, 2493, -82, -2535, 1329, 1205, 897, 873, 907, 873, 839, 897, 
2532, 2498, -34, -2515, 1283, 1232, 907, 878, 907, 873, 829, 893, 
2542, 2508, -34, -2525, 1288, 1237, 907, 878, 907, 873, 829, 888, 
2557, 2513, -43, -2535, 1300, 1234, 902, 878, 907, 873, 829, 888, 
2576, 2513, -63, -2544, 1320, 1224, 902, 878, 907, 873, 829, 883, 
2640, 2542, -97, -2591, 1368, 1222, 902, 878, 917, 873, 829, 888, 
2654, 2571, -82, -2613, 1368, 1244, 922, 888, 927, 888, 849, 912, 
2644, 2601, -43, -2623, 1344, 1278, 941, 912, 946, 907, 868, 927, 
2615, 2566, -48, -2591, 1332, 1259, 946, 917, 956, 932, 878, 922, 
2586, 2518, -68, -2552, 1327, 1224, 927, 907, 936, 917, 868, 917, 
2591, 2537, -53, -2564, 1322, 1241, 917, 907, 936, 912, 868, 917, 
2596, 2547, -48, -2571, 1322, 1249, 917, 907, 936, 907, 868, 917, 
2601, 2557, -43, -2579, 1322, 1256, 917, 907, 936, 902, 868, 917, 
2605, 2566, -39, -2586, 1322, 1263, 917, 907, 936, 897, 868, 917, 
2610, 2557, -53, -2583, 1332, 1251, 907, 893, 932, 888, 863, 912, 
2620, 2562, -58, -2591, 1339, 1251, 907, 888, 927, 888, 858, 907, 
2601, 2566, -34, -2583, 1317, 1266, 907, 888, 922, 888, 854, 902, 
2586, 2566, -19, -2576, 1302, 1273, 907, 893, 917, 888, 849, 897, 
2562, 2537, -24, -2549, 1293, 1256, 907, 888, 907, 878, 844, 888, 
2591, 2527, -63, -2559, 1327, 1232, 907, 883, 912, 888, 844, 893, 
2605, 2542, -63, -2574, 1334, 1239, 907, 878, 917, 893, 854, 897, 
2591, 2522, -68, -2557, 1329, 1227, 912, 873, 917, 893, 854, 907, 
2571, 2532, -39, -2552, 1305, 1246, 912, 873, 922, 897, 854, 907, 
2581, 2547, -34, -2564, 1307, 1256, 917, 878, 922, 897, 854, 907, 
2591, 2562, -29, -2576, 1310, 1266, 917, 883, 932, 912, 858, 912, 
2605, 2576, -29, -2591, 1317, 1273, 922, 883, 932, 912, 863, 912, 
2630, 2562, -68, -2596, 1349, 1246, 927, 893, 936, 922, 873, 917, 
2630, 2571, -58, -2601, 1344, 1256, 927, 893, 936, 922, 873, 917, 
2635, 2581, -53, -2608, 1344, 1263, 932, 893, 941, 917, 868, 922, 
2635, 2576, -58, -2605, 1346, 1259, 936, 893, 951, 917, 868, 932, 
2620, 2562, -58, -2591, 1339, 1251, 927, 893, 946, 917, 868, 922, 
2625, 2557, -68, -2591, 1346, 1244, 927, 888, 951, 922, 883, 932, 
2625, 2552, -73, -2588, 1349, 1239, 927, 883, 946, 917, 883, 936, 
2601, 2547, -53, -2574, 1327, 1246, 922, 873, 941, 912, 873, 946, 
2610, 2566, -43, -2588, 1327, 1261, 907, 873, 927, 902, 878, 936, 
2610, 2576, -34, -2593, 1322, 1271, 897, 873, 927, 917, 888, 936, 
2625, 2586, -39, -2605, 1332, 1273, 888, 878, 927, 922, 883, 936, 
2640, 2596, -43, -2618, 1342, 1276, 883, 883, 932, 922, 883, 936, 
2620, 2596, -24, -2608, 1322, 1285, 878, 893, 936, 927, 893, 951, 
2610, 2591, -19, -2601, 1315, 1285, 868, 893, 936, 932, 897, 956, 
2601, 2586, -14, -2593, 1307, 1285, 863, 893, 936, 932, 902, 961, 
2620, 2581, -39, -2601, 1329, 1271, 863, 893, 941, 936, 907, 966, 
2620, 2596, -24, -2608, 1322, 1285, 868, 893, 951, 927, 907, 966, 
2620, 2581, -39, -2601, 1329, 1271, 873, 893, 941, 927, 902, 966, 
2620, 2605, -14, -2613, 1317, 1295, 868, 893, 941, 927, 902, 966, 
2644, 2630, -14, -2637, 1329, 1307, 883, 893, 946, 927, 917, 976, 
2654, 2615, -39, -2635, 1346, 1288, 878, 897, 946, 936, 912, 980, 
2654, 2596, -58, -2625, 1356, 1268, 888, 897, 946, 941, 907, 976, 
2659, 2601, -58, -2630, 1359, 1271, 888, 893, 941, 941, 907, 971, 
2659, 2605, -53, -2632, 1356, 1276, 888, 897, 936, 941, 902, 966, 
2659, 2596, -63, -2627, 1361, 1266, 902, 902, 946, 941, 922, 971, 
2635, 2591, -43, -2613, 1339, 1273, 907, 912, 951, 951, 932, 980, 
2615, 2591, -24, -2603, 1320, 1283, 927, 922, 961, 961, 941, 990, 
2596, 2591, -4, -2593, 1300, 1293, 932, 927, 966, 961, 936, 995, 
2591, 2547, -43, -2569, 1317, 1251, 917, 902, 951, 936, 907, 966, 
2576, 2527, -48, -2552, 1312, 1239, 907, 893, 932, 917, 893, 946, 
2576, 2513, -63, -2544, 1320, 1224, 902, 873, 917, 897, 863, 922, 
2566, 2479, -87, -2522, 1327, 1195, 888, 849, 897, 868, 839, 888, 
2586, 2469, -117, -2527, 1351, 1176, 878, 854, 897, 863, 829, 888, 
2586, 2469, -117, -2527, 1351, 1176, 888, 858, 897, 858, 829, 888, 
2596, 2474, -122, -2535, 1359, 1176, 897, 868, 897, 873, 834, 888, 
2605, 2488, -117, -2547, 1361, 1185, 902, 873, 912, 888, 839, 893, 
2591, 2479, -112, -2535, 1351, 1183, 912, 863, 912, 878, 854, 883, 
2571, 2474, -97, -2522, 1334, 1188, 912, 868, 912, 878, 844, 888, 
2552, 2464, -87, -2508, 1320, 1188, 917, 873, 917, 883, 844, 888, 
2527, 2449, -78, -2488, 1302, 1185, 922, 878, 917, 883, 844, 883, 
2527, 2454, -73, -2491, 1300, 1190, 912, 868, 912, 868, 824, 878, 
2518, 2440, -78, -2479, 1298, 1180, 907, 868, 907, 868, 824, 878, 
2503, 2440, -63, -2471, 1283, 1188, 893, 868, 902, 863, 819, 873, 
2518, 2440, -78, -2479, 1298, 1180, 883, 854, 883, 849, 810, 863, 
2532, 2444, -87, -2488, 1310, 1178, 883, 844, 883, 849, 800, 863, 
2537, 2444, -92, -2491, 1315, 1176, 888, 849, 883, 849, 800, 863, 
2542, 2444, -97, -2493, 1320, 1173, 888, 849, 883, 849, 800, 863, 
2547, 2454, -92, -2501, 1320, 1180, 888, 849, 873, 844, 795, 858, 
2552, 2449, -102, -2501, 1327, 1173, 893, 839, 873, 834, 805, 868, 
2537, 2449, -87, -2493, 1312, 1180, 893, 834, 873, 834, 805, 868, 
2532, 2449, -82, -2491, 1307, 1183, 893, 834, 873, 834, 810, 868, 
2513, 2449, -63, -2481, 1288, 1193, 893, 834, 873, 834, 810, 873, 
2508, 2430, -78, -2469, 1293, 1176, 902, 844, 888, 849, 810, 863, 
2537, 2444, -92, -2491, 1315, 1176, 902, 849, 888, 854, 810, 858, 
2562, 2444, -117, -2503, 1339, 1163, 907, 858, 888, 858, 810, 858, 
2557, 2444, -112, -2501, 1334, 1166, 907, 863, 893, 868, 810, 858, 
2537, 2454, -82, -2496, 1310, 1185, 907, 873, 902, 858, 819, 868, 
2537, 2449, -87, -2493, 1312, 1180, 907, 873, 897, 858, 819, 863, 
2537, 2444, -92, -2491, 1315, 1176, 912, 873, 897, 858, 819, 863, 
2537, 2444, -92, -2491, 1315, 1176, 912, 878, 902, 863, 819, 873, 
2557, 2459, -97, -2508, 1327, 1180, 912, 868, 902, 873, 824, 873, 
2562, 2469, -92, -2515, 1327, 1188, 912, 873, 902, 873, 824, 873, 
2576, 2474, -102, -2525, 1339, 1185, 912, 873, 902, 873, 824, 873, 
2581, 2474, -107, -2527, 1344, 1183, 912, 873, 902, 873, 824, 873, 
2576, 2430, -146, -2503, 1361, 1141, 946, 917, 927, 912, 839, 902, 
2581, 2410, -170, -2496, 1376, 1119, 922, 893, 902, 883, 810, 893, 
2557, 2405, -151, -2481, 1354, 1127, 912, 878, 897, 863, 810, 883, 
2518, 2410, -107, -2464, 1312, 1151, 936, 888, 907, 873, 819, 893, 
2498, 2415, -82, -2457, 1290, 1166, 936, 873, 897, 858, 800, 863, 
2498, 2366, -131, -2432, 1315, 1117, 902, 839, 854, 814, 761, 814, 
2479, 2327, -151, -2403, 1315, 1088, 897, 829, 854, 814, 751, 800, 
2474, 2342, -131, -2408, 1302, 1105, 922, 839, 863, 810, 751, 780, 
2493, 2342, -151, -2418, 1322, 1095, 936, 839, 868, 795, 732, 766, 
2493, 2318, -175, -2405, 1334, 1071, 961, 858, 878, 795, 727, 771, 
2483, 2283, -200, -2383, 1342, 1041, 985, 888, 897, 805, 736, 766, 
2483, 2220, -263, -2352, 1373, 978, 976, 907, 897, 834, 746, 756, 
2513, 2196, -317, -2354, 1415, 939, 980, 941, 927, 868, 800, 785, 
2537, 2235, -302, -2386, 1420, 966, 1000, 980, 961, 946, 907, 858, 
2552, 2254, -297, -2403, 1424, 978, 1024, 1044, 1000, 1029, 1024, 932, 
2557, 2230, -326, -2393, 1442, 951, 1029, 1107, 1044, 1117, 1127, 966, 
2581, 2220, -361, -2400, 1471, 929, 1034, 1171, 1098, 1200, 1244, 1019, 
2640, 2220, -419, -2430, 1529, 900, 1015, 1234, 1141, 1312, 1395, 1098, 
2693, 2230, -463, -2461, 1578, 883, 1010, 1327, 1210, 1454, 1571, 1195, 
2757, 2244, -512, -2501, 1634, 866, 1019, 1439, 1302, 1610, 1766, 1322, 
2835, 2244, -590, -2540, 1712, 827, 1010, 1566, 1390, 1786, 1981, 1449, 
2962, 2254, -707, -2608, 1834, 773, 980, 1673, 1454, 1932, 2156, 1542, 
3040, 2196, -844, -2618, 1942, 675, 966, 1771, 1488, 2025, 2259, 1576, 
3035, 2093, -941, -2564, 1988, 575, 985, 1844, 1507, 2064, 2293, 1542, 
3020, 1991, -1029, -2505, 2025, 480, 1029, 1908, 1517, 2034, 2205, 1410, 
3020, 1869, -1151, -2444, 2086, 358, 1063, 1956, 1507, 1932, 2005, 1166, 
2996, 1712, -1283, -2354, 2139, 214, 1098, 1995, 1498, 1825, 1751, 893, 
2932, 1590, -1342, -2261, 2137, 124, 1137, 2030, 1517, 1727, 1498, 639, 
2879, 1517, -1361, -2198, 2120, 78, 1156, 2059, 1517, 1649, 1268, 419, 
2874, 1468, -1405, -2171, 2139, 31, 1146, 2064, 1493, 1556, 1093, 283, 
2913, 1454, -1459, -2183, 2186, -2, 1112, 2078, 1478, 1493, 956, 214, 
2962, 1483, -1478, -2222, 2220, 2, 1098, 2088, 1473, 1459, 883, 170, 
2967, 1503, -1464, -2235, 2215, 19, 1073, 2088, 1468, 1434, 844, 146, 
2942, 1483, -1459, -2213, 2200, 12, 1058, 2078, 1439, 1400, 810, 136, 
2952, 1507, -1444, -2230, 2198, 31, 1039, 2030, 1376, 1317, 751, 117, 
2991, 1566, -1424, -2278, 2208, 70, 995, 1937, 1283, 1195, 673, 97, 
2986, 1566, -1420, -2276, 2203, 73, 936, 1815, 1180, 1058, 580, 63, 
2976, 1546, -1429, -2261, 2203, 58, 917, 1693, 1083, 917, 483, 24, 
2976, 1586, -1390, -2281, 2183, 97, 912, 1576, 995, 785, 395, 9, 
2903, 1590, -1312, -2247, 2108, 139, 932, 1464, 927, 678, 312, 9, 
2727, 1586, -1141, -2156, 1934, 222, 976, 1342, 883, 585, 244, 29, 
2596, 1625, -971, -2110, 1783, 326, 1015, 1249, 849, 512, 204, 48, 
2601, 1659, -941, -2130, 1771, 358, 1029, 1166, 800, 473, 185, 78, 
2625, 1668, -956, -2147, 1790, 356, 1044, 1098, 775, 439, 175, 102, 
2576, 1703, -873, -2139, 1725, 414, 1083, 1049, 775, 424, 175, 122, 
2542, 1766, -775, -2154, 1659, 495, 1132, 1010, 780, 405, 165, 122, 
2532, 1839, -692, -2186, 1612, 573, 1166, 966, 780, 395, 161, 136, 
2474, 1873, -600, -2174, 1537, 636, 1224, 961, 805, 405, 175, 165, 
2396, 1878, -517, -2137, 1456, 680, 1259, 922, 810, 400, 175, 190, 
2361, 1878, -483, -2120, 1422, 697, 1293, 863, 800, 380, 161, 190, 
2352, 1937, -414, -2144, 1383, 761, 1351, 844, 829, 409, 190, 248, 
2342, 2020, -322, -2181, 1332, 849, 1400, 824, 868, 458, 239, 326, 
2381, 2093, -287, -2237, 1334, 902, 1400, 775, 858, 463, 268, 380, 
2440, 2147, -292, -2293, 1366, 927, 1400, 741, 844, 483, 292, 414, 
2425, 2196, -229, -2310, 1327, 983, 1434, 732, 863, 512, 351, 468, 
2352, 2210, -141, -2281, 1246, 1034, 1449, 702, 858, 522, 375, 483, 
2318, 2230, -87, -2274, 1202, 1071, 1444, 673, 834, 517, 370, 468, 
2308, 2269, -39, -2288, 1173, 1115, 1473, 702, 854, 551, 409, 512, 
2274, 2278, 4, -2276, 1134, 1141, 1488, 732, 888, 595, 458, 570, 
2274, 2298, 24, -2286, 1124, 1161, 1449, 712, 888, 610, 483, 595, 
2322, 2357, 34, -2339, 1144, 1195, 1410, 727, 897, 634, 522, 634, 
2322, 2366, 43, -2344, 1139, 1205, 1366, 756, 912, 683, 575, 697, 
2283, 2347, 63, -2315, 1110, 1205, 1273, 751, 907, 717, 610, 741, 
2342, 2376, 34, -2359, 1154, 1205, 1185, 736, 888, 727, 629, 746, 
2410, 2435, 24, -2422, 1193, 1229, 1122, 751, 878, 736, 644, 761, 
2405, 2464, 58, -2435, 1173, 1261, 1078, 766, 878, 766, 683, 790, 
2405, 2464, 58, -2435, 1173, 1261, 1024, 790, 897, 800, 727, 819, 
2435, 2464, 29, -2449, 1202, 1246, 990, 805, 902, 819, 746, 834, 
2469, 2469, 0, -2469, 1234, 1234, 941, 795, 878, 810, 732, 834, 
2503, 2479, -24, -2491, 1263, 1227, 917, 785, 863, 800, 732, 834, 
2488, 2483, -4, -2486, 1246, 1239, 907, 795, 868, 805, 732, 849, 
2469, 2483, 14, -2476, 1227, 1249, 873, 790, 858, 810, 746, 863, 
2444, 2483, 39, -2464, 1202, 1261, 868, 790, 854, 819, 751, 873, 
2425, 2483, 58, -2454, 1183, 1271, 863, 771, 854, 824, 756, 878, 
2444, 2483, 39, -2464, 1202, 1261, 849, 766, 849, 810, 741, 863, 
2454, 2483, 29, -2469, 1212, 1256, 844, 766, 844, 805, 741, 858, 
2454, 2469, 14, -2461, 1220, 1241, 844, 766, 849, 805, 736, 854, 
2464, 2459, -4, -2461, 1234, 1227, 839, 766, 844, 800, 736, 849, 
2454, 2464, 9, -2459, 1222, 1237, 849, 775, 849, 805, 746, 863, 
2459, 2454, -4, -2457, 1232, 1224, 834, 775, 844, 805, 746, 863, 
2464, 2449, -14, -2457, 1239, 1217, 829, 780, 844, 805, 751, 868, 
2464, 2449, -14, -2457, 1239, 1217, 819, 785, 849, 810, 761, 883, 
2459, 2459, 0, -2459, 1229, 1229, 819, 780, 844, 814, 751, 883, 
2454, 2449, -4, -2452, 1229, 1222, 824, 771, 844, 814, 751, 883, 
2459, 2459, 0, -2459, 1229, 1229, 829, 766, 849, 810, 751, 878, 
2474, 2483, 9, -2479, 1232, 1246, 839, 761, 849, 805, 756, 873, 
2488, 2493, 4, -2491, 1241, 1249, 829, 756, 839, 800, 756, 858, 
2474, 2498, 24, -2486, 1224, 1261, 824, 761, 839, 805, 756, 858, 
2469, 2493, 24, -2481, 1222, 1259, 814, 766, 839, 805, 756, 858, 
2464, 2488, 24, -2476, 1220, 1256, 814, 766, 844, 810, 761, 868, 
2459, 2483, 24, -2471, 1217, 1254, 824, 766, 854, 814, 771, 883, 
2454, 2479, 24, -2466, 1215, 1251, 824, 761, 849, 814, 766, 883, 
2449, 2479, 29, -2464, 1210, 1254, 824, 761, 849, 814, 761, 897, 
2459, 2474, 14, -2466, 1222, 1244, 824, 761, 849, 814, 761, 902, 
2469, 2483, 14, -2476, 1227, 1249, 819, 761, 858, 824, 771, 902, 
2474, 2493, 19, -2483, 1227, 1256, 819, 756, 854, 819, 761, 897, 
2474, 2503, 29, -2488, 1222, 1266, 814, 741, 849, 819, 761, 897, 
2479, 2503, 24, -2491, 1227, 1263, 810, 741, 849, 819, 761, 897, 
2483, 2503, 19, -2493, 1232, 1261, 810, 756, 854, 814, 756, 893, 
2469, 2518, 48, -2493, 1210, 1283, 805, 756, 849, 819, 761, 897, 
2454, 2513, 58, -2483, 1198, 1285, 800, 756, 844, 819, 761, 893, 
2435, 2493, 58, -2464, 1188, 1276, 795, 756, 834, 814, 761, 888, 
2430, 2483, 53, -2457, 1188, 1268, 795, 761, 834, 824, 761, 897, 
2444, 2479, 34, -2461, 1205, 1256, 800, 756, 834, 819, 761, 897, 
2449, 2469, 19, -2459, 1215, 1244, 800, 741, 834, 814, 761, 897, 
2444, 2444, 0, -2444, 1222, 1222, 795, 736, 834, 810, 746, 883, 
2425, 2444, 19, -2435, 1202, 1232, 795, 746, 824, 819, 746, 888, 
2435, 2469, 34, -2452, 1200, 1251, 800, 746, 834, 824, 751, 893, 
2435, 2479, 43, -2457, 1195, 1261, 805, 751, 834, 824, 766, 902, 
2420, 2474, 53, -2447, 1183, 1263, 805, 751, 834, 824, 771, 907, 
2420, 2469, 48, -2444, 1185, 1259, 800, 746, 834, 814, 775, 912, 
2420, 2474, 53, -2447, 1183, 1263, 795, 751, 839, 824, 775, 922, 
2420, 2459, 39, -2440, 1190, 1249, 785, 746, 839, 829, 775, 922, 
2420, 2449, 29, -2435, 1195, 1239, 771, 741, 839, 829, 775, 917, 
2440, 2459, 19, -2449, 1210, 1239, 775, 732, 829, 814, 771, 907, 
2449, 2469, 19, -2459, 1215, 1244, 771, 732, 829, 814, 775, 907, 
2459, 2474, 14, -2466, 1222, 1244, 766, 732, 829, 814, 775, 907, 
2469, 2479, 9, -2474, 1229, 1244, 761, 732, 829, 814, 771, 912, 
2464, 2488, 24, -2476, 1220, 1256, 771, 746, 844, 829, 790, 922, 
2464, 2508, 43, -2486, 1210, 1276, 775, 751, 844, 834, 790, 927, 
2459, 2522, 63, -2491, 1198, 1293, 780, 756, 844, 839, 790, 932, 
2454, 2513, 58, -2483, 1198, 1285, 780, 756, 844, 844, 790, 936, 
2454, 2508, 53, -2481, 1200, 1281, 771, 746, 834, 844, 790, 936, 
2459, 2508, 48, -2483, 1205, 1278, 766, 746, 834, 844, 785, 936, 
2459, 2508, 48, -2483, 1205, 1278, 761, 746, 834, 844, 785, 936, 
2464, 2518, 53, -2491, 1205, 1285, 761, 751, 839, 844, 795, 936, 
2459, 2508, 48, -2483, 1205, 1278, 766, 761, 839, 844, 795, 932, 
2440, 2493, 53, -2466, 1193, 1273, 751, 756, 834, 839, 795, 932, 
2420, 2464, 43, -2442, 1188, 1254, 741, 756, 834, 834, 785, 927, 
2410, 2449, 39, -2430, 1185, 1244, 736, 756, 834, 834, 785, 927, 
2420, 2459, 39, -2440, 1190, 1249, 732, 756, 824, 824, 785, 922, 
2430, 2449, 19, -2440, 1205, 1234, 727, 756, 824, 829, 785, 927, 
2440, 2435, -4, -2437, 1222, 1215, 722, 756, 829, 839, 790, 932, 
2474, 2430, -43, -2452, 1259, 1193, 717, 751, 834, 839, 785, 932, 
2474, 2444, -29, -2459, 1251, 1207, 712, 761, 824, 834, 785, 922, 
2464, 2440, -24, -2452, 1244, 1207, 707, 775, 824, 839, 790, 922, 
2454, 2435, -19, -2444, 1237, 1207, 702, 780, 824, 844, 795, 922, 
2464, 2440, -24, -2452, 1244, 1207, 697, 790, 829, 849, 795, 922, 
2474, 2459, -14, -2466, 1244, 1222, 702, 814, 844, 863, 800, 927, 
2483, 2449, -34, -2466, 1259, 1207, 697, 819, 849, 868, 805, 932, 
2488, 2449, -39, -2469, 1263, 1205, 707, 824, 858, 873, 810, 936, 
2493, 2449, -43, -2471, 1268, 1202, 717, 834, 863, 883, 814, 941, 
2508, 2435, -73, -2471, 1290, 1180, 707, 829, 858, 878, 810, 932, 
2537, 2415, -122, -2476, 1329, 1146, 707, 829, 854, 873, 810, 932, 
2542, 2405, -136, -2474, 1339, 1134, 712, 844, 863, 878, 824, 932, 
2537, 2405, -131, -2471, 1334, 1137, 712, 849, 863, 873, 824, 932, 
2532, 2405, -126, -2469, 1329, 1139, 727, 858, 868, 888, 829, 927, 
2518, 2405, -112, -2461, 1315, 1146, 732, 868, 873, 893, 834, 922, 
2518, 2400, -117, -2459, 1317, 1141, 741, 888, 883, 907, 849, 927, 
2522, 2400, -122, -2461, 1322, 1139, 746, 893, 888, 917, 844, 922, 
2518, 2391, -126, -2454, 1322, 1132, 732, 893, 893, 917, 839, 912, 
2513, 2376, -136, -2444, 1324, 1119, 727, 888, 897, 917, 839, 917, 
2508, 2376, -131, -2442, 1320, 1122, 741, 897, 902, 917, 844, 922, 
2503, 2376, -126, -2440, 1315, 1124, 746, 897, 907, 922, 844, 927, 
2498, 2371, -126, -2435, 1312, 1122, 751, 902, 912, 932, 854, 927, 
2498, 2376, -122, -2437, 1310, 1127, 756, 907, 917, 932, 863, 932, 
2503, 2391, -112, -2447, 1307, 1139, 761, 907, 922, 932, 863, 932, 
2522, 2396, -126, -2459, 1324, 1134, 766, 897, 922, 922, 854, 922, 
2508, 2371, -136, -2440, 1322, 1117, 771, 902, 932, 917, 858, 922, 
2503, 2366, -136, -2435, 1320, 1115, 780, 912, 936, 932, 858, 922, 
2488, 2361, -126, -2425, 1307, 1117, 795, 922, 951, 936, 858, 932, 
2474, 2366, -107, -2420, 1290, 1129, 800, 927, 956, 941, 854, 922, 
2479, 2352, -126, -2415, 1302, 1112, 795, 912, 936, 922, 839, 897, 
2474, 2347, -126, -2410, 1300, 1110, 800, 907, 941, 917, 834, 893, 
2454, 2337, -117, -2396, 1285, 1110, 805, 893, 932, 912, 824, 878, 
2425, 2322, -102, -2374, 1263, 1110, 814, 868, 922, 902, 814, 854, 
2440, 2337, -102, -2388, 1271, 1117, 810, 868, 922, 893, 814, 854, 
2444, 2352, -92, -2398, 1268, 1129, 814, 868, 927, 893, 810, 858, 
2449, 2357, -92, -2403, 1271, 1132, 814, 868, 927, 888, 805, 849, 
2454, 2352, -102, -2403, 1278, 1124, 814, 868, 927, 888, 795, 854, 
2454, 2342, -112, -2398, 1283, 1115, 824, 868, 932, 902, 785, 863, 
2444, 2337, -107, -2391, 1276, 1115, 834, 863, 932, 902, 800, 873, 
2454, 2332, -122, -2393, 1288, 1105, 844, 863, 936, 902, 800, 868, 
2454, 2327, -126, -2391, 1290, 1100, 849, 863, 946, 902, 805, 863, 
2420, 2303, -117, -2361, 1268, 1093, 854, 858, 927, 897, 800, 858, 
2400, 2298, -102, -2349, 1251, 1098, 854, 849, 927, 893, 795, 854, 
2386, 2303, -82, -2344, 1234, 1110, 858, 844, 922, 883, 775, 839, 
2371, 2298, -73, -2335, 1222, 1112, 863, 834, 922, 878, 771, 834, 
2366, 2293, -73, -2330, 1220, 1110, 863, 839, 936, 878, 780, 839, 
2361, 2288, -73, -2325, 1217, 1107, 873, 844, 936, 878, 780, 844, 
2357, 2283, -73, -2320, 1215, 1105, 878, 849, 936, 873, 780, 849, 
2352, 2298, -53, -2325, 1202, 1122, 878, 849, 932, 863, 775, 849, 
2366, 2303, -63, -2335, 1215, 1119, 863, 829, 912, 858, 756, 839, 
2391, 2288, -102, -2339, 1246, 1093, 858, 819, 907, 854, 746, 829, 
2366, 2274, -92, -2320, 1229, 1090, 858, 810, 897, 839, 736, 810, 
2366, 2278, -87, -2322, 1227, 1095, 854, 805, 893, 834, 732, 795, 
2376, 2293, -82, -2335, 1229, 1105, 858, 795, 893, 819, 732, 800, 
2386, 2293, -92, -2339, 1239, 1100, 858, 795, 893, 819, 727, 805, 
2371, 2293, -78, -2332, 1224, 1107, 868, 790, 893, 819, 732, 810, 
2371, 2293, -78, -2332, 1224, 1107, 868, 790, 893, 814, 736, 810, 
2386, 2298, -87, -2342, 1237, 1105, 868, 795, 902, 834, 741, 814, 
2376, 2303, -73, -2339, 1224, 1115, 873, 800, 907, 839, 746, 810, 
2400, 2318, -82, -2359, 1241, 1117, 883, 810, 912, 849, 756, 829, 
2410, 2342, -68, -2376, 1239, 1137, 888, 819, 917, 858, 766, 834, 
2415, 2337, -78, -2376, 1246, 1129, 883, 805, 902, 844, 756, 829, 
2415, 2322, -92, -2369, 1254, 1115, 878, 785, 893, 834, 741, 814, 
2415, 2303, -112, -2359, 1263, 1095, 863, 780, 883, 829, 732, 810, 
2420, 2298, -122, -2359, 1271, 1088, 858, 775, 873, 824, 722, 805, 
2405, 2303, -102, -2354, 1254, 1100, 873, 790, 878, 824, 732, 819, 
2381, 2308, -73, -2344, 1227, 1117, 878, 800, 888, 829, 736, 824, 
2352, 2303, -48, -2327, 1200, 1127, 878, 800, 893, 829, 736, 824, 
2313, 2293, -19, -2303, 1166, 1137, 883, 800, 902, 834, 741, 824, 
2298, 2288, -9, -2293, 1154, 1139, 883, 795, 888, 829, 732, 805, 
2308, 2288, -19, -2298, 1163, 1134, 873, 785, 883, 819, 727, 800, 
2352, 2298, -53, -2325, 1202, 1122, 858, 775, 878, 810, 717, 795, 
2366, 2303, -63, -2335, 1215, 1119, 849, 766, 873, 805, 712, 790, 
2357, 2308, -48, -2332, 1202, 1129, 854, 766, 878, 810, 717, 805, 
2357, 2298, -58, -2327, 1207, 1119, 858, 771, 883, 814, 722, 810, 
2357, 2278, -78, -2318, 1217, 1100, 858, 775, 888, 810, 722, 805, 
2357, 2278, -78, -2318, 1217, 1100, 858, 775, 893, 814, 727, 810, 
2322, 2274, -48, -2298, 1185, 1112, 849, 771, 888, 810, 717, 800, 
2313, 2264, -48, -2288, 1180, 1107, 849, 771, 878, 805, 717, 795, 
2293, 2249, -43, -2271, 1168, 1102, 849, 766, 873, 800, 707, 795, 
2283, 2239, -43, -2261, 1163, 1098, 849, 761, 868, 795, 707, 795, 
2288, 2259, -29, -2274, 1159, 1115, 858, 751, 888, 800, 702, 805, 
2293, 2254, -39, -2274, 1166, 1107, 849, 751, 878, 800, 707, 800, 
2298, 2254, -43, -2276, 1171, 1105, 839, 751, 868, 795, 707, 795, 
2308, 2264, -43, -2286, 1176, 1110, 839, 741, 868, 800, 702, 790, 
2303, 2259, -43, -2281, 1173, 1107, 849, 746, 878, 795, 707, 790, 
2293, 2249, -43, -2271, 1168, 1102, 854, 761, 883, 800, 707, 795, 
2278, 2235, -43, -2257, 1161, 1095, 863, 766, 883, 805, 707, 795, 
2269, 2215, -53, -2242, 1161, 1080, 873, 771, 878, 805, 702, 795, 
2278, 2225, -53, -2252, 1166, 1085, 868, 751, 863, 790, 692, 785, 
2288, 2225, -63, -2257, 1176, 1080, 863, 746, 863, 790, 688, 780, 
2303, 2235, -68, -2269, 1185, 1083, 858, 741, 863, 790, 688, 780, 
2318, 2239, -78, -2278, 1198, 1080, 854, 736, 863, 790, 683, 780, 
2318, 2239, -78, -2278, 1198, 1080, 844, 727, 854, 775, 678, 775, 
2322, 2244, -78, -2283, 1200, 1083, 844, 727, 849, 771, 668, 771, 
2342, 2244, -97, -2293, 1220, 1073, 834, 717, 844, 756, 663, 761, 
2357, 2235, -122, -2296, 1239, 1056, 834, 712, 839, 746, 653, 756, 
2322, 2235, -87, -2278, 1205, 1073, 849, 717, 844, 756, 668, 761, 
2313, 2244, -68, -2278, 1190, 1088, 854, 727, 849, 761, 668, 761, 
2303, 2249, -53, -2276, 1178, 1098, 854, 732, 854, 771, 668, 766, 
2288, 2249, -39, -2269, 1163, 1105, 854, 736, 863, 775, 668, 771, 
2278, 2244, -34, -2261, 1156, 1105, 868, 741, 873, 780, 683, 785, 
2274, 2249, -24, -2261, 1149, 1112, 873, 746, 873, 785, 683, 790, 
2269, 2254, -14, -2261, 1141, 1119, 878, 751, 873, 790, 688, 785, 
2278, 2259, -19, -2269, 1149, 1119, 883, 756, 868, 795, 692, 775, 
2269, 2249, -19, -2259, 1144, 1115, 868, 746, 849, 766, 663, 756, 
2264, 2244, -19, -2254, 1141, 1112, 858, 741, 849, 761, 658, 766, 
2264, 2239, -24, -2252, 1144, 1107, 854, 736, 854, 761, 668, 771, 
2264, 2239, -24, -2252, 1144, 1107, 863, 736, 854, 756, 668, 780, 
2239, 2225, -14, -2232, 1127, 1105, 854, 741, 849, 775, 678, 775, 
2249, 2220, -29, -2235, 1139, 1095, 858, 741, 849, 775, 678, 775, 
2269, 2215, -53, -2242, 1161, 1080, 863, 741, 854, 775, 678, 775, 
2274, 2210, -63, -2242, 1168, 1073, 863, 741, 854, 775, 678, 775, 
2254, 2205, -48, -2230, 1151, 1078, 849, 736, 849, 775, 658, 766, 
2244, 2200, -43, -2222, 1144, 1078, 844, 732, 849, 771, 658, 761, 
2235, 2191, -43, -2213, 1139, 1073, 844, 727, 844, 766, 658, 756, 
2225, 2181, -43, -2203, 1134, 1068, 829, 727, 844, 761, 663, 761, 
2235, 2200, -34, -2217, 1134, 1083, 854, 736, 839, 766, 673, 771, 
2244, 2210, -34, -2227, 1139, 1088, 858, 741, 849, 771, 673, 771, 
2249, 2200, -48, -2225, 1149, 1076, 863, 746, 854, 771, 673, 766, 
2244, 2200, -43, -2222, 1144, 1078, 863, 751, 854, 771, 668, 761, 
2264, 2196, -68, -2230, 1166, 1063, 858, 741, 844, 771, 673, 756, 
2264, 2186, -78, -2225, 1171, 1054, 854, 736, 834, 761, 663, 751, 
2278, 2181, -97, -2230, 1188, 1041, 844, 736, 829, 751, 663, 746, 
2278, 2181, -97, -2230, 1188, 1041, 844, 736, 829, 751, 668, 751, 
2283, 2186, -97, -2235, 1190, 1044, 839, 727, 829, 741, 658, 736, 
2298, 2191, -107, -2244, 1202, 1041, 834, 722, 819, 741, 658, 736, 
2303, 2196, -107, -2249, 1205, 1044, 829, 722, 819, 746, 658, 746, 
2293, 2191, -102, -2242, 1198, 1044, 829, 727, 829, 746, 663, 761, 
2278, 2181, -97, -2230, 1188, 1041, 849, 732, 829, 766, 673, 771, 
2288, 2186, -102, -2237, 1195, 1041, 829, 732, 829, 766, 663, 761, 
2322, 2235, -87, -2278, 1205, 1073, 824, 732, 829, 766, 663, 766, 
2283, 2235, -48, -2259, 1166, 1093, 858, 751, 858, 800, 683, 780, 
2269, 2205, -63, -2237, 1166, 1071, 844, 736, 854, 790, 673, 766, 
2254, 2186, -68, -2220, 1161, 1058, 839, 732, 849, 780, 673, 761, 
2239, 2166, -73, -2203, 1156, 1046, 834, 727, 844, 771, 673, 756, 
2225, 2147, -78, -2186, 1151, 1034, 829, 722, 839, 761, 673, 751, 
2225, 2152, -73, -2188, 1149, 1039, 829, 727, 829, 771, 673, 761, 
2239, 2161, -78, -2200, 1159, 1041, 829, 722, 829, 771, 673, 761, 
2225, 2171, -53, -2198, 1139, 1058, 829, 722, 829, 771, 673, 761, 
2215, 2176, -39, -2196, 1127, 1068, 829, 727, 829, 771, 673, 761, 
2225, 2186, -39, -2205, 1132, 1073, 839, 727, 839, 771, 678, 771, 
2269, 2205, -63, -2237, 1166, 1071, 839, 727, 844, 780, 678, 775, 
2298, 2249, -48, -2274, 1173, 1100, 839, 727, 849, 785, 688, 780, 
2298, 2259, -39, -2278, 1168, 1110, 844, 727, 849, 785, 688, 790, 
2244, 2225, -19, -2235, 1132, 1102, 834, 717, 844, 771, 688, 780, 
2239, 2215, -24, -2227, 1132, 1095, 839, 722, 844, 771, 688, 780, 
2235, 2205, -29, -2220, 1132, 1088, 839, 727, 854, 785, 692, 785, 
2235, 2196, -39, -2215, 1137, 1078, 844, 727, 854, 785, 697, 785, 
2235, 2186, -48, -2210, 1141, 1068, 834, 722, 849, 780, 683, 780, 
2230, 2200, -29, -2215, 1129, 1085, 829, 717, 839, 775, 678, 771, 
2230, 2215, -14, -2222, 1122, 1100, 829, 712, 834, 766, 668, 766, 
2225, 2215, -9, -2220, 1117, 1102, 829, 707, 834, 761, 663, 766, 
2239, 2235, -4, -2237, 1122, 1115, 839, 722, 839, 771, 678, 775, 
2264, 2244, -19, -2254, 1141, 1112, 839, 722, 854, 785, 697, 785, 
2283, 2254, -29, -2269, 1156, 1112, 839, 722, 858, 790, 702, 790, 
2278, 2264, -14, -2271, 1146, 1124, 834, 717, 863, 795, 697, 800, 
2274, 2259, -14, -2266, 1144, 1122, 814, 707, 849, 790, 702, 795, 
2269, 2254, -14, -2261, 1141, 1119, 810, 707, 849, 800, 712, 800, 
2278, 2249, -29, -2264, 1154, 1110, 805, 712, 849, 800, 707, 805, 
2288, 2244, -43, -2266, 1166, 1100, 805, 717, 854, 795, 707, 810, 
2278, 2244, -34, -2261, 1156, 1105, 790, 722, 863, 800, 717, 819, 
2278, 2239, -39, -2259, 1159, 1100, 780, 727, 858, 805, 722, 819, 
2278, 2235, -43, -2257, 1161, 1095, 775, 732, 854, 805, 727, 819, 
2308, 2230, -78, -2269, 1193, 1076, 775, 736, 854, 810, 732, 819, 
2283, 2225, -58, -2254, 1171, 1083, 775, 732, 844, 805, 727, 814, 
2269, 2200, -68, -2235, 1168, 1066, 775, 727, 834, 800, 717, 810, 
2254, 2215, -39, -2235, 1146, 1088, 766, 722, 834, 795, 712, 805, 
2264, 2230, -34, -2247, 1149, 1098, 775, 717, 839, 790, 722, 810, 
2264, 2230, -34, -2247, 1149, 1098, 780, 727, 844, 810, 732, 829, 
2254, 2215, -39, -2235, 1146, 1088, 790, 732, 849, 814, 732, 829, 
2249, 2225, -24, -2237, 1137, 1100, 790, 732, 849, 814, 736, 829, 
2239, 2235, -4, -2237, 1122, 1115, 790, 741, 849, 814, 736, 829, 
2259, 2210, -48, -2235, 1154, 1080, 790, 736, 849, 805, 736, 824, 
2254, 2200, -53, -2227, 1154, 1073, 790, 736, 844, 805, 736, 824, 
2254, 2196, -58, -2225, 1156, 1068, 805, 736, 844, 805, 736, 824, 
2254, 2191, -63, -2222, 1159, 1063, 805, 732, 839, 795, 722, 819, 
2244, 2161, -82, -2203, 1163, 1039, 795, 717, 829, 780, 702, 800, 
2235, 2147, -87, -2191, 1161, 1029, 790, 717, 814, 771, 697, 790, 
2239, 2137, -102, -2188, 1171, 1017, 790, 707, 805, 761, 678, 775, 
2235, 2108, -126, -2171, 1180, 990, 780, 692, 790, 741, 663, 751, 
2220, 2103, -117, -2161, 1168, 993, 771, 683, 790, 741, 644, 741, 
2205, 2098, -107, -2152, 1156, 995, 780, 683, 790, 732, 644, 741, 
2200, 2098, -102, -2149, 1151, 997, 790, 688, 790, 741, 649, 741, 
2196, 2108, -87, -2152, 1141, 1010, 795, 688, 805, 751, 653, 746, 
2196, 2103, -92, -2149, 1144, 1005, 805, 697, 814, 751, 678, 756, 
2191, 2103, -87, -2147, 1139, 1007, 805, 702, 814, 751, 668, 761, 
2186, 2098, -87, -2142, 1137, 1005, 810, 707, 819, 756, 668, 761, 
2176, 2088, -87, -2132, 1132, 1000, 814, 712, 819, 756, 668, 756, 
2156, 2093, -63, -2125, 1110, 1015, 814, 707, 805, 746, 653, 736, 
2147, 2078, -68, -2113, 1107, 1005, 810, 702, 800, 741, 649, 732, 
2132, 2078, -53, -2105, 1093, 1012, 795, 697, 795, 732, 639, 722, 
2147, 2078, -68, -2113, 1107, 1005, 785, 678, 775, 712, 624, 707, 
2156, 2078, -78, -2117, 1117, 1000, 795, 678, 785, 717, 634, 722, 
2156, 2083, -73, -2120, 1115, 1005, 800, 683, 785, 722, 634, 727, 
2156, 2088, -68, -2122, 1112, 1010, 800, 683, 785, 727, 634, 732, 
2156, 2103, -53, -2130, 1105, 1024, 800, 683, 775, 727, 629, 732, 
2186, 2083, -102, -2135, 1144, 990, 810, 688, 780, 736, 639, 732, 
2176, 2078, -97, -2127, 1137, 990, 814, 688, 785, 736, 639, 732, 
2176, 2074, -102, -2125, 1139, 985, 819, 692, 790, 736, 644, 732, 
2161, 2069, -92, -2115, 1127, 988, 824, 697, 795, 736, 644, 736, 
2156, 2069, -87, -2113, 1122, 990, 810, 683, 790, 727, 634, 732, 
2176, 2083, -92, -2130, 1134, 995, 805, 683, 790, 727, 634, 722, 
2191, 2083, -107, -2137, 1149, 988, 805, 688, 790, 727, 634, 717, 
2176, 2083, -92, -2130, 1134, 995, 800, 688, 795, 732, 634, 712, 
2156, 2054, -102, -2105, 1129, 976, 790, 688, 790, 727, 624, 702, 
2147, 2030, -117, -2088, 1132, 956, 790, 688, 780, 722, 624, 697, 
2137, 2005, -131, -2071, 1134, 936, 795, 688, 775, 717, 624, 697, 
2127, 1986, -141, -2056, 1134, 922, 795, 692, 775, 717, 624, 707, 
2152, 1991, -161, -2071, 1156, 915, 795, 683, 766, 707, 619, 697, 
2152, 2000, -151, -2076, 1151, 924, 795, 688, 766, 707, 619, 697, 
2161, 2005, -156, -2083, 1159, 924, 795, 688, 766, 707, 619, 697, 
2161, 2005, -156, -2083, 1159, 924, 795, 688, 766, 707, 619, 697, 
2137, 1991, -146, -2064, 1141, 922, 761, 653, 751, 697, 595, 678, 
2132, 1991, -141, -2061, 1137, 924, 756, 649, 756, 697, 595, 678, 
2137, 1995, -141, -2066, 1139, 927, 785, 653, 761, 707, 605, 688, 
2137, 2000, -136, -2069, 1137, 932, 790, 663, 761, 697, 605, 678, 
2117, 2005, -112, -2061, 1115, 946, 810, 668, 771, 692, 605, 678, 
2108, 1995, -112, -2052, 1110, 941, 814, 683, 775, 697, 605, 688, 
2098, 1976, -122, -2037, 1110, 927, 819, 683, 766, 697, 595, 673, 
2093, 1961, -131, -2027, 1112, 915, 814, 663, 766, 683, 566, 644, 
2103, 1952, -151, -2027, 1127, 900, 819, 653, 761, 658, 546, 619, 
2122, 1937, -185, -2030, 1154, 875, 834, 663, 761, 668, 541, 624, 
2122, 1922, -200, -2022, 1161, 861, 849, 673, 761, 658, 531, 610, 
2103, 1898, -204, -2000, 1154, 846, 849, 673, 741, 639, 522, 580, 
2083, 1864, -219, -1973, 1151, 822, 863, 697, 761, 663, 556, 580, 
2098, 1864, -234, -1981, 1166, 814, 883, 756, 814, 732, 634, 634, 
2103, 1873, -229, -1988, 1166, 822, 907, 819, 873, 824, 751, 707, 
2137, 1849, -287, -1993, 1212, 780, 912, 883, 907, 902, 844, 761, 
2181, 1830, -351, -2005, 1266, 739, 907, 936, 932, 966, 932, 766, 
2191, 1820, -370, -2005, 1281, 724, 927, 1019, 995, 1088, 1063, 834, 
2225, 1820, -405, -2022, 1315, 707, 951, 1132, 1083, 1239, 1249, 951, 
2318, 1825, -492, -2071, 1405, 666, 932, 1215, 1137, 1356, 1415, 1039, 
2366, 1815, -551, -2091, 1459, 631, 912, 1312, 1195, 1483, 1561, 1107, 
2347, 1795, -551, -2071, 1449, 622, 922, 1439, 1288, 1659, 1766, 1220, 
2396, 1766, -629, -2081, 1512, 568, 917, 1556, 1351, 1800, 1947, 1312, 
2498, 1712, -785, -2105, 1642, 463, 907, 1659, 1390, 1878, 2039, 1327, 
2522, 1629, -893, -2076, 1708, 368, 912, 1742, 1420, 1908, 2030, 1263, 
2503, 1468, -1034, -1986, 1769, 217, 927, 1800, 1410, 1854, 1898, 1107, 
2518, 1293, -1224, -1905, 1871, 34, 941, 1820, 1371, 1727, 1644, 834, 
2542, 1161, -1381, -1851, 1961, -109, 971, 1854, 1361, 1590, 1361, 551, 
2508, 1088, -1420, -1798, 1964, -165, 1010, 1883, 1371, 1493, 1112, 312, 
2464, 1029, -1434, -1747, 1949, -202, 1019, 1898, 1366, 1400, 888, 136, 
2464, 995, -1468, -1729, 1966, -236, 1005, 1912, 1351, 1317, 722, 19, 
2474, 976, -1498, -1725, 1986, -261, 1000, 1922, 1337, 1254, 619, -53, 
2479, 976, -1503, -1727, 1991, -263, 995, 1932, 1332, 1210, 541, -87, 
2474, 976, -1498, -1725, 1986, -261, 990, 1942, 1322, 1176, 507, -107, 
2483, 971, -1512, -1727, 1998, -270, 971, 1932, 1307, 1141, 468, -126, 
2493, 1000, -1493, -1747, 1993, -246, 936, 1898, 1254, 1058, 400, -136, 
2508, 1029, -1478, -1769, 1993, -224, 897, 1815, 1151, 951, 326, -151, 
2498, 1039, -1459, -1769, 1978, -209, 868, 1712, 1063, 829, 248, -170, 
2479, 1058, -1420, -1769, 1949, -180, 854, 1595, 976, 707, 180, -165, 
2454, 1093, -1361, -1773, 1908, -134, 834, 1444, 868, 570, 107, -175, 
2444, 1127, -1317, -1786, 1881, -95, 849, 1283, 766, 448, 19, -195, 
2391, 1146, -1244, -1769, 1817, -48, 888, 1132, 692, 326, -58, -204, 
2278, 1171, -1107, -1725, 1693, 31, 922, 1010, 644, 248, -107, -185, 
2196, 1200, -995, -1698, 1595, 102, 946, 941, 619, 224, -107, -151, 
2117, 1205, -912, -1661, 1515, 146, 966, 873, 600, 200, -107, -131, 
2054, 1229, -824, -1642, 1439, 202, 1005, 824, 585, 190, -97, -112, 
2025, 1302, -722, -1664, 1373, 290, 1068, 800, 605, 200, -82, -68, 
2015, 1337, -678, -1676, 1346, 329, 1098, 756, 610, 190, -87, -48, 
2034, 1351, -683, -1693, 1359, 334, 1112, 688, 595, 165, -107, -43, 
2039, 1410, -629, -1725, 1334, 390, 1146, 639, 595, 165, -102, -24, 
1971, 1459, -512, -1715, 1241, 473, 1224, 639, 653, 204, -53, 34, 
1893, 1464, -429, -1678, 1161, 517, 1283, 629, 692, 244, -4, 102, 
1854, 1488, -366, -1671, 1110, 561, 1302, 580, 692, 258, 14, 146, 
1873, 1600, -273, -1737, 1073, 663, 1332, 566, 707, 287, 58, 180, 
1908, 1727, -180, -1817, 1044, 773, 1376, 566, 746, 336, 126, 244, 
1912, 1761, -151, -1837, 1032, 805, 1381, 546, 751, 375, 170, 297, 
1859, 1732, -126, -1795, 993, 802, 1366, 497, 727, 370, 175, 312, 
1800, 1722, -78, -1761, 939, 822, 1366, 478, 717, 375, 185, 326, 
1786, 1790, 4, -1788, 890, 897, 1400, 507, 741, 419, 234, 375, 
1825, 1859, 34, -1842, 895, 946, 1390, 527, 761, 463, 278, 419, 
1825, 1869, 43, -1847, 890, 956, 1351, 522, 751, 468, 287, 439, 
1795, 1839, 43, -1817, 875, 941, 1307, 531, 756, 478, 302, 463, 
1805, 1869, 63, -1837, 871, 966, 1254, 556, 771, 522, 366, 517, 
1854, 1917, 63, -1886, 895, 990, 1176, 580, 771, 561, 424, 570, 
1873, 1927, 53, -1900, 910, 990, 1102, 575, 771, 590, 448, 595, 
1878, 1898, 19, -1888, 929, 958, 1039, 580, 780, 610, 478, 624, 
1898, 1888, -9, -1893, 954, 939, 966, 585, 761, 624, 512, 644, 
1937, 1917, -19, -1927, 978, 949, 883, 570, 736, 614, 502, 639, 
1971, 1952, -19, -1961, 995, 966, 824, 570, 732, 624, 507, 649, 
1986, 1961, -24, -1973, 1005, 968, 800, 590, 746, 644, 536, 678, 
1995, 1971, -24, -1983, 1010, 973, 771, 600, 741, 639, 541, 678, 
2000, 1976, -24, -1988, 1012, 976, 736, 595, 722, 644, 551, 688, 
2000, 1981, -19, -1991, 1010, 980, 732, 595, 707, 653, 551, 692, 
2005, 1986, -19, -1995, 1012, 983, 727, 575, 697, 658, 551, 692, 
2005, 2000, -4, -2003, 1005, 997, 727, 570, 697, 649, 541, 692, 
2005, 2005, 0, -2005, 1002, 1002, 727, 570, 697, 649, 546, 692, 
1995, 1995, 0, -1995, 997, 997, 732, 570, 707, 653, 546, 692, 
1995, 1991, -4, -1993, 1000, 993, 732, 570, 707, 653, 551, 692, 
2005, 2000, -4, -2003, 1005, 997, 722, 566, 707, 644, 546, 692, 
2010, 1995, -14, -2003, 1012, 990, 697, 561, 697, 639, 541, 688, 
2015, 1995, -19, -2005, 1017, 988, 683, 561, 692, 634, 541, 688, 
2015, 2000, -14, -2008, 1015, 993, 663, 561, 692, 634, 546, 697, 
1995, 1986, -9, -1991, 1002, 988, 668, 570, 688, 653, 546, 707, 
1986, 1971, -14, -1978, 1000, 978, 678, 566, 688, 658, 546, 707, 
1986, 1976, -9, -1981, 997, 983, 688, 566, 692, 658, 546, 702, 
1995, 1995, 0, -1995, 997, 997, 702, 566, 692, 658, 551, 697, 
1995, 2005, 9, -2000, 993, 1007, 692, 556, 683, 653, 541, 692, 
1976, 2000, 24, -1988, 976, 1012, 688, 556, 683, 649, 541, 692, 
1966, 1986, 19, -1976, 973, 1002, 678, 556, 683, 639, 541, 692, 
1956, 1971, 14, -1964, 971, 993, 678, 551, 688, 634, 546, 702, 
1961, 1971, 9, -1966, 976, 990, 668, 551, 678, 639, 551, 702, 
1966, 1971, 4, -1969, 980, 988, 668, 546, 673, 639, 551, 697, 
1971, 1976, 4, -1973, 983, 990, 668, 546, 673, 639, 551, 707, 
1991, 1976, -14, -1983, 1002, 980, 668, 546, 673, 639, 556, 707, 
1991, 1981, -9, -1986, 1000, 985, 683, 546, 678, 639, 566, 717, 
1986, 1986, 0, -1986, 993, 993, 683, 541, 678, 634, 556, 712, 
1976, 1991, 14, -1983, 980, 1002, 678, 527, 678, 634, 556, 712, 
1971, 1986, 14, -1978, 978, 1000, 673, 527, 683, 634, 556, 712, 
1995, 1986, -9, -1991, 1002, 988, 673, 551, 692, 639, 561, 722, 
1991, 2000, 9, -1995, 990, 1005, 668, 551, 692, 644, 566, 732, 
1986, 1995, 9, -1991, 988, 1002, 663, 551, 692, 644, 566, 732, 
1976, 1976, 0, -1976, 988, 988, 658, 551, 688, 639, 566, 732, 
1961, 1986, 24, -1973, 968, 1005, 649, 556, 688, 644, 575, 732, 
1966, 1991, 24, -1978, 971, 1007, 653, 551, 688, 644, 575, 732, 
1961, 1991, 29, -1976, 966, 1010, 653, 536, 688, 644, 575, 732, 
1947, 1976, 29, -1961, 958, 1002, 649, 531, 688, 644, 561, 717, 
1952, 1971, 19, -1961, 966, 995, 634, 531, 673, 639, 546, 707, 
1976, 1991, 14, -1983, 980, 1002, 634, 531, 678, 639, 546, 707, 
1991, 1995, 4, -1993, 993, 1000, 634, 536, 673, 634, 556, 712, 
1991, 1986, -4, -1988, 997, 990, 629, 536, 668, 629, 556, 712, 
1971, 1986, 14, -1978, 978, 1000, 639, 536, 668, 634, 566, 722, 
1961, 1995, 34, -1978, 963, 1015, 639, 546, 673, 649, 570, 736, 
1952, 1986, 34, -1969, 958, 1010, 634, 546, 673, 658, 575, 741, 
1942, 1981, 39, -1961, 951, 1010, 624, 546, 673, 663, 580, 741, 
1956, 1986, 29, -1971, 963, 1007, 634, 546, 683, 653, 570, 751, 
1961, 1991, 29, -1976, 966, 1010, 634, 546, 683, 658, 580, 751, 
1966, 1991, 24, -1978, 971, 1007, 634, 546, 683, 663, 585, 751, 
1971, 1991, 19, -1981, 976, 1005, 634, 546, 683, 668, 585, 756, 
1971, 1981, 9, -1976, 980, 995, 629, 551, 678, 673, 585, 761, 
1976, 1991, 14, -1983, 980, 1002, 629, 556, 678, 668, 585, 761, 
1976, 1995, 19, -1986, 978, 1007, 629, 561, 678, 663, 585, 761, 
1976, 1976, 0, -1976, 988, 988, 624, 561, 678, 658, 585, 761, 
1976, 1981, 4, -1978, 985, 993, 634, 561, 688, 668, 595, 761, 
1971, 1991, 19, -1981, 976, 1005, 629, 561, 688, 668, 590, 761, 
1961, 2000, 39, -1981, 961, 1019, 624, 561, 688, 668, 590, 761, 
1956, 2020, 63, -1988, 946, 1041, 624, 566, 692, 668, 600, 761, 
1971, 2025, 53, -1998, 958, 1039, 614, 556, 683, 668, 590, 756, 
1971, 2025, 53, -1998, 958, 1039, 595, 551, 678, 663, 590, 756, 
1971, 2010, 39, -1991, 966, 1024, 580, 551, 678, 658, 580, 751, 
1981, 2010, 29, -1995, 976, 1019, 570, 551, 678, 658, 580, 751, 
1986, 2000, 14, -1993, 985, 1007, 580, 566, 678, 668, 595, 756, 
1991, 1991, 0, -1991, 995, 995, 580, 570, 678, 673, 600, 761, 
1995, 1976, -19, -1986, 1007, 978, 580, 575, 683, 683, 610, 766, 
2025, 1971, -53, -1998, 1039, 958, 580, 575, 688, 683, 610, 766, 
2000, 1956, -43, -1978, 1022, 956, 570, 575, 678, 683, 614, 766, 
1976, 1942, -34, -1959, 1005, 954, 570, 590, 678, 683, 614, 766, 
1952, 1927, -24, -1939, 988, 951, 570, 595, 678, 683, 614, 766, 
1947, 1922, -24, -1934, 985, 949, 570, 605, 683, 683, 610, 766, 
1966, 1947, -19, -1956, 993, 963, 556, 614, 683, 692, 610, 756, 
1986, 1942, -43, -1964, 1015, 949, 541, 614, 683, 692, 610, 756, 
2000, 1947, -53, -1973, 1027, 946, 541, 614, 688, 692, 610, 756, 
2015, 1952, -63, -1983, 1039, 944, 541, 619, 688, 697, 610, 756, 
2005, 1942, -63, -1973, 1034, 939, 546, 629, 688, 702, 610, 766, 
2020, 1927, -92, -1973, 1056, 917, 551, 634, 688, 707, 614, 766, 
2010, 1922, -87, -1966, 1049, 917, 561, 653, 702, 722, 634, 766, 
1991, 1927, -63, -1959, 1027, 932, 566, 663, 707, 727, 639, 766, 
1995, 1932, -63, -1964, 1029, 934, 561, 658, 707, 722, 634, 746, 
1991, 1937, -53, -1964, 1022, 941, 556, 663, 707, 717, 629, 736, 
2000, 1937, -63, -1969, 1032, 936, 556, 678, 712, 722, 634, 736, 
2015, 1942, -73, -1978, 1044, 934, 551, 678, 712, 722, 619, 727, 
2010, 1927, -82, -1969, 1046, 922, 556, 692, 722, 736, 624, 732, 
2005, 1908, -97, -1956, 1051, 905, 561, 692, 732, 741, 634, 741, 
2000, 1903, -97, -1952, 1049, 902, 585, 707, 741, 746, 649, 751, 
1995, 1898, -97, -1947, 1046, 900, 600, 712, 751, 756, 658, 761, 
1966, 1873, -92, -1920, 1029, 890, 595, 702, 746, 751, 644, 751, 
1961, 1869, -92, -1915, 1027, 888, 590, 702, 741, 746, 649, 746, 
1961, 1873, -87, -1917, 1024, 893, 585, 697, 736, 741, 644, 736, 
1976, 1869, -107, -1922, 1041, 880, 580, 683, 727, 727, 629, 717, 
1981, 1844, -136, -1912, 1058, 854, 580, 668, 712, 707, 614, 697, 
1986, 1839, -146, -1912, 1066, 846, 585, 668, 712, 717, 614, 697, 
1981, 1834, -146, -1908, 1063, 844, 595, 668, 722, 717, 614, 707, 
1976, 1839, -136, -1908, 1056, 851, 595, 663, 722, 717, 610, 697, 
2000, 1849, -151, -1925, 1076, 849, 595, 663, 722, 707, 600, 688, 
2005, 1859, -146, -1932, 1076, 856, 605, 673, 736, 712, 600, 688, 
1995, 1864, -131, -1930, 1063, 866, 614, 673, 736, 717, 595, 678, 
1976, 1864, -112, -1920, 1044, 875, 629, 663, 736, 717, 590, 658, 
1966, 1869, -97, -1917, 1032, 885, 644, 668, 746, 727, 605, 658, 
1956, 1873, -82, -1915, 1019, 895, 649, 673, 751, 727, 605, 663, 
1947, 1869, -78, -1908, 1012, 895, 649, 678, 751, 722, 605, 653, 
1937, 1854, -82, -1895, 1010, 885, 649, 683, 751, 722, 600, 658, 
1927, 1849, -78, -1888, 1002, 885, 649, 678, 746, 722, 595, 658, 
1917, 1849, -68, -1883, 993, 890, 658, 668, 746, 717, 605, 668, 
1927, 1849, -78, -1888, 1002, 885, 668, 663, 751, 712, 600, 663, 
1927, 1849, -78, -1888, 1002, 885, 673, 658, 761, 707, 600, 658, 
1908, 1830, -78, -1869, 993, 875, 678, 653, 746, 702, 585, 649, 
1903, 1830, -73, -1866, 988, 878, 678, 644, 741, 697, 580, 649, 
1903, 1839, -63, -1871, 983, 888, 683, 639, 732, 688, 561, 639, 
1903, 1839, -63, -1871, 983, 888, 688, 629, 727, 683, 556, 639, 
1898, 1839, -58, -1869, 978, 890, 688, 639, 741, 692, 566, 649, 
1893, 1830, -63, -1861, 978, 883, 697, 639, 741, 692, 566, 649, 
1888, 1820, -68, -1854, 978, 875, 702, 639, 741, 688, 566, 649, 
1883, 1830, -53, -1856, 968, 888, 702, 634, 736, 678, 561, 644, 
1883, 1825, -58, -1854, 971, 883, 697, 614, 727, 673, 551, 639, 
1893, 1800, -92, -1847, 993, 854, 692, 605, 722, 668, 541, 634, 
1854, 1776, -78, -1815, 966, 849, 692, 595, 712, 653, 531, 619, 
1839, 1771, -68, -1805, 954, 851, 688, 590, 707, 649, 527, 610, 
1844, 1781, -63, -1812, 954, 858, 692, 600, 707, 653, 531, 619, 
1859, 1786, -73, -1822, 966, 856, 692, 600, 707, 653, 522, 619, 
1849, 1790, -58, -1820, 954, 866, 702, 595, 707, 653, 522, 619, 
1854, 1795, -58, -1825, 956, 868, 702, 595, 707, 649, 522, 614, 
1844, 1786, -58, -1815, 951, 863, 697, 600, 712, 649, 517, 624, 
1820, 1786, -34, -1803, 927, 875, 697, 595, 712, 644, 522, 614, 
1830, 1795, -34, -1812, 932, 880, 702, 595, 712, 644, 531, 629, 
1825, 1815, -9, -1820, 917, 902, 702, 595, 712, 644, 541, 629, 
1820, 1800, -19, -1810, 919, 890, 707, 605, 717, 653, 541, 639, 
1810, 1786, -24, -1798, 917, 880, 712, 590, 717, 649, 536, 629, 
1800, 1766, -34, -1783, 917, 866, 707, 590, 717, 649, 536, 629, 
1795, 1761, -34, -1778, 915, 863, 712, 590, 717, 649, 536, 629, 
1830, 1756, -73, -1793, 951, 841, 707, 580, 707, 634, 527, 619, 
1844, 1761, -82, -1803, 963, 839, 702, 585, 702, 634, 522, 619, 
1854, 1756, -97, -1805, 976, 829, 692, 580, 692, 629, 512, 614, 
1854, 1747, -107, -1800, 980, 819, 688, 575, 688, 629, 507, 610, 
1805, 1727, -78, -1766, 941, 824, 702, 585, 697, 639, 522, 619, 
1790, 1722, -68, -1756, 929, 827, 707, 580, 697, 634, 522, 624, 
1810, 1727, -82, -1769, 946, 822, 707, 575, 697, 629, 517, 629, 
1800, 1727, -73, -1764, 936, 827, 712, 570, 697, 629, 517, 634, 
1810, 1761, -48, -1786, 929, 856, 697, 556, 688, 629, 507, 624, 
1820, 1771, -48, -1795, 934, 861, 692, 556, 688, 629, 507, 624, 
1830, 1771, -58, -1800, 944, 856, 683, 556, 688, 619, 502, 614, 
1839, 1790, -48, -1815, 944, 871, 673, 551, 688, 619, 502, 614, 
1815, 1781, -34, -1798, 924, 873, 668, 536, 678, 610, 488, 600, 
1815, 1766, -48, -1790, 932, 858, 663, 536, 663, 600, 483, 590, 
1805, 1747, -58, -1776, 932, 844, 658, 531, 653, 590, 468, 585, 
1805, 1732, -73, -1769, 939, 829, 653, 527, 644, 580, 463, 580, 
1795, 1737, -58, -1766, 927, 839, 678, 536, 673, 595, 483, 605, 
1786, 1727, -58, -1756, 922, 834, 683, 546, 673, 605, 502, 614, 
1776, 1722, -53, -1749, 915, 834, 688, 556, 673, 610, 517, 624, 
1771, 1727, -43, -1749, 907, 841, 702, 556, 683, 624, 527, 634, 
1776, 1742, -34, -1759, 905, 854, 702, 546, 673, 619, 512, 624, 
1776, 1742, -34, -1759, 905, 854, 697, 556, 678, 614, 502, 619, 
1771, 1737, -34, -1754, 902, 851, 697, 556, 678, 610, 492, 610, 
1771, 1727, -43, -1749, 907, 841, 697, 556, 673, 600, 478, 600, 
1781, 1737, -43, -1759, 912, 846, 697, 541, 678, 585, 473, 590, 
1790, 1747, -43, -1769, 917, 851, 697, 541, 678, 585, 473, 585, 
1805, 1766, -39, -1786, 922, 863, 697, 541, 678, 585, 478, 585, 
1820, 1781, -39, -1800, 929, 871, 697, 541, 678, 585, 478, 585, 
1786, 1761, -24, -1773, 905, 868, 683, 531, 673, 580, 468, 580, 
1766, 1747, -19, -1756, 893, 863, 678, 522, 663, 575, 453, 575, 
1761, 1727, -34, -1744, 897, 846, 663, 502, 653, 561, 444, 566, 
1751, 1698, -53, -1725, 902, 822, 658, 488, 644, 551, 429, 561, 
1727, 1673, -53, -1700, 890, 810, 673, 502, 644, 551, 448, 570, 
1727, 1678, -48, -1703, 888, 814, 678, 512, 644, 556, 453, 575, 
1727, 1678, -48, -1703, 888, 814, 678, 517, 644, 566, 458, 585, 
1722, 1673, -48, -1698, 885, 812, 678, 522, 649, 570, 463, 595, 
1693, 1649, -43, -1671, 868, 802, 668, 517, 639, 561, 453, 595, 
1678, 1644, -34, -1661, 856, 805, 668, 512, 639, 561, 448, 595, 
1664, 1639, -24, -1651, 844, 807, 668, 507, 639, 561, 448, 585, 
1664, 1634, -29, -1649, 846, 802, 668, 502, 634, 561, 448, 570, 
1678, 1639, -39, -1659, 858, 800, 649, 488, 614, 536, 419, 556, 
1688, 1639, -48, -1664, 868, 795, 644, 488, 614, 536, 414, 561, 
1703, 1639, -63, -1671, 883, 788, 644, 488, 619, 541, 424, 561, 
1717, 1644, -73, -1681, 895, 785, 658, 492, 619, 541, 424, 566, 
1693, 1634, -58, -1664, 875, 788, 668, 507, 624, 551, 434, 561, 
1703, 1634, -68, -1668, 885, 783, 673, 507, 624, 551, 434, 561, 
1722, 1634, -87, -1678, 905, 773, 678, 507, 629, 551, 434, 561, 
1727, 1634, -92, -1681, 910, 771, 678, 507, 629, 551, 434, 561, 
1717, 1644, -73, -1681, 895, 785, 663, 502, 614, 541, 414, 546, 
1717, 1654, -63, -1686, 890, 795, 658, 497, 614, 536, 414, 536, 
1717, 1659, -58, -1688, 888, 800, 658, 492, 610, 531, 414, 527, 
1717, 1664, -53, -1690, 885, 805, 644, 492, 610, 527, 419, 527, 
1712, 1659, -53, -1686, 883, 802, 649, 488, 610, 531, 419, 536, 
1708, 1664, -43, -1686, 875, 810, 653, 488, 614, 536, 419, 536, 
1698, 1649, -48, -1673, 873, 800, 658, 488, 614, 536, 419, 531, 
1678, 1644, -34, -1661, 856, 805, 658, 488, 610, 536, 414, 527, 
1698, 1659, -39, -1678, 868, 810, 653, 497, 619, 546, 414, 527, 
1698, 1659, -39, -1678, 868, 810, 649, 492, 610, 536, 409, 527, 
1712, 1664, -48, -1688, 880, 807, 639, 492, 605, 527, 414, 527, 
1712, 1673, -39, -1693, 875, 817, 639, 492, 605, 527, 424, 536, 
1698, 1659, -39, -1678, 868, 810, 629, 483, 595, 517, 419, 527, 
1703, 1654, -48, -1678, 875, 802, 629, 478, 585, 517, 414, 522, 
1698, 1649, -48, -1673, 873, 800, 629, 478, 585, 522, 409, 527, 
1678, 1634, -43, -1656, 861, 795, 634, 483, 595, 522, 409, 536, 
1639, 1634, -4, -1637, 822, 814, 644, 497, 610, 531, 424, 541, 
1644, 1639, -4, -1642, 824, 817, 653, 507, 614, 541, 429, 546, 
1654, 1639, -14, -1647, 834, 812, 658, 517, 619, 551, 434, 556, 
1668, 1634, -34, -1651, 851, 800, 668, 527, 624, 561, 439, 561, 
1664, 1605, -58, -1634, 861, 773, 688, 546, 653, 570, 468, 575, 
1649, 1625, -24, -1637, 836, 800, 678, 536, 644, 566, 468, 570, 
1620, 1625, 4, -1622, 807, 814, 668, 531, 634, 566, 458, 566, 
1649, 1629, -19, -1639, 834, 805, 663, 517, 624, 556, 439, 556, 
1664, 1615, -48, -1639, 856, 783, 658, 502, 610, 551, 429, 546, 
1668, 1610, -58, -1639, 863, 775, 653, 497, 605, 546, 429, 546, 
1673, 1605, -68, -1639, 871, 768, 649, 492, 600, 541, 429, 546, 
1678, 1600, -78, -1639, 878, 761, 644, 488, 595, 536, 429, 546, 
1688, 1586, -102, -1637, 895, 741, 639, 473, 585, 531, 419, 541, 
1703, 1586, -117, -1644, 910, 734, 634, 468, 585, 527, 419, 536, 
1688, 1586, -102, -1637, 895, 741, 629, 468, 585, 522, 419, 531, 
1678, 1581, -97, -1629, 888, 741, 624, 473, 585, 517, 419, 527, 
1654, 1595, -58, -1625, 856, 768, 624, 483, 585, 527, 424, 536, 
1683, 1610, -73, -1647, 878, 768, 624, 483, 590, 536, 424, 541, 
1698, 1649, -48, -1673, 873, 800, 624, 483, 595, 541, 434, 546, 
1683, 1654, -29, -1668, 856, 812, 629, 483, 595, 541, 434, 556, 
1654, 1644, -9, -1649, 832, 817, 639, 492, 610, 546, 444, 546, 
1654, 1649, -4, -1651, 829, 822, 644, 497, 610, 546, 444, 546, 
1654, 1654, 0, -1654, 827, 827, 644, 502, 619, 561, 448, 551, 
1659, 1659, 0, -1659, 829, 829, 649, 502, 619, 561, 453, 551, 
1668, 1673, 4, -1671, 832, 839, 634, 492, 605, 551, 439, 536, 
1664, 1703, 39, -1683, 812, 871, 624, 483, 595, 541, 434, 527, 
1664, 1732, 68, -1698, 797, 900, 619, 473, 590, 527, 424, 522, 
1659, 1747, 87, -1703, 785, 917, 614, 463, 590, 517, 419, 522, 
1649, 1712, 63, -1681, 793, 888, 619, 478, 595, 536, 434, 531, 
1659, 1688, 29, -1673, 814, 858, 624, 488, 610, 551, 453, 551, 
1664, 1664, 0, -1664, 832, 832, 629, 497, 614, 556, 458, 566, 
1644, 1639, -4, -1642, 824, 817, 629, 502, 619, 561, 453, 585, 
1634, 1654, 19, -1644, 807, 836, 619, 492, 624, 551, 473, 600, 
1634, 1659, 24, -1647, 805, 841, 614, 492, 624, 566, 488, 605, 
1649, 1664, 14, -1656, 817, 839, 610, 497, 624, 570, 488, 610, 
1664, 1668, 4, -1666, 829, 836, 610, 502, 629, 570, 492, 614, 
1668, 1664, -4, -1666, 836, 829, 605, 502, 629, 580, 488, 610, 
1673, 1654, -19, -1664, 846, 817, 595, 502, 624, 580, 488, 605, 
1678, 1644, -34, -1661, 856, 805, 590, 502, 619, 575, 488, 600, 
1712, 1634, -78, -1673, 895, 778, 590, 502, 619, 575, 488, 595, 
1678, 1629, -48, -1654, 863, 790, 600, 502, 619, 585, 478, 585, 
1664, 1605, -58, -1634, 861, 773, 600, 502, 610, 585, 473, 585, 
1649, 1620, -29, -1634, 839, 795, 590, 502, 610, 585, 473, 585, 
1659, 1634, -24, -1647, 841, 805, 600, 502, 614, 585, 488, 595, 
1683, 1629, -53, -1656, 868, 788, 590, 507, 614, 595, 492, 600, 
1688, 1610, -78, -1649, 883, 766, 595, 507, 614, 590, 488, 595, 
1698, 1615, -82, -1656, 890, 766, 590, 502, 610, 580, 488, 590, 
1703, 1620, -82, -1661, 893, 768, 585, 507, 605, 570, 483, 585, 
1708, 1615, -92, -1661, 900, 761, 585, 497, 614, 566, 492, 585, 
1688, 1615, -73, -1651, 880, 771, 585, 502, 610, 570, 492, 590, 
1673, 1620, -53, -1647, 863, 783, 600, 507, 610, 575, 492, 595, 
1659, 1625, -34, -1642, 846, 795, 600, 507, 605, 570, 478, 595, 
1629, 1586, -43, -1607, 836, 771, 590, 497, 595, 556, 478, 590, 
1610, 1571, -39, -1590, 824, 766, 585, 492, 580, 546, 473, 585, 
1605, 1561, -43, -1583, 824, 758, 585, 478, 570, 536, 453, 575, 
1590, 1532, -58, -1561, 824, 736, 575, 458, 556, 517, 439, 556, 
1605, 1532, -73, -1568, 839, 729, 575, 439, 541, 502, 414, 536, 
1600, 1532, -68, -1566, 834, 732, 585, 439, 536, 488, 409, 527, 
1605, 1537, -68, -1571, 836, 734, 595, 444, 531, 492, 409, 517, 
1610, 1551, -58, -1581, 834, 746, 600, 444, 541, 497, 409, 512, 
1620, 1566, -53, -1593, 836, 756, 610, 458, 551, 512, 429, 527, 
1625, 1576, -48, -1600, 836, 763, 610, 468, 561, 517, 424, 536, 
1629, 1581, -48, -1605, 839, 766, 614, 478, 575, 527, 429, 541, 
1629, 1581, -48, -1605, 839, 766, 619, 488, 585, 531, 434, 541, 
1605, 1546, -58, -1576, 832, 744, 614, 483, 570, 512, 409, 527, 
1581, 1512, -68, -1546, 824, 722, 614, 478, 566, 507, 405, 517, 
1551, 1493, -58, -1522, 805, 717, 605, 473, 561, 497, 395, 502, 
1551, 1473, -78, -1512, 814, 697, 600, 453, 541, 478, 380, 483, 
1537, 1459, -78, -1498, 807, 690, 595, 444, 551, 488, 390, 492, 
1522, 1459, -63, -1490, 793, 697, 595, 448, 551, 488, 390, 492, 
1507, 1459, -48, -1483, 778, 705, 590, 448, 551, 488, 390, 492, 
1493, 1468, -24, -1481, 758, 722, 585, 448, 541, 483, 385, 488, 
1537, 1444, -92, -1490, 814, 675, 580, 448, 541, 483, 385, 488, 
1542, 1444, -97, -1493, 819, 673, 580, 444, 541, 483, 385, 488, 
1556, 1444, -112, -1500, 834, 666, 580, 444, 541, 483, 390, 488, 
1556, 1444, -112, -1500, 834, 666, 580, 444, 541, 483, 390, 492, 
1532, 1454, -78, -1493, 805, 688, 570, 429, 531, 468, 375, 478, 
1551, 1478, -73, -1515, 812, 702, 570, 429, 527, 463, 370, 468, 
1566, 1488, -78, -1527, 822, 705, 575, 434, 522, 458, 366, 463, 
1551, 1498, -53, -1525, 802, 722, 575, 434, 522, 458, 361, 458, 
1532, 1488, -43, -1510, 788, 722, 580, 439, 536, 468, 380, 473, 
1522, 1473, -48, -1498, 785, 712, 585, 444, 536, 478, 390, 483, 
1512, 1459, -53, -1485, 783, 702, 595, 448, 541, 488, 400, 497, 
1503, 1449, -53, -1476, 778, 697, 600, 458, 551, 502, 409, 522, 
1517, 1468, -48, -1493, 783, 710, 600, 468, 556, 502, 414, 522, 
1517, 1483, -34, -1500, 775, 724, 600, 473, 561, 502, 414, 522, 
1527, 1493, -34, -1510, 780, 729, 600, 473, 566, 502, 414, 522, 
1527, 1498, -29, -1512, 778, 734, 600, 473, 570, 502, 414, 522, 
1551, 1464, -87, -1507, 819, 688, 575, 448, 527, 463, 370, 473, 
1556, 1444, -112, -1500, 834, 666, 570, 424, 522, 453, 361, 463, 
1522, 1410, -112, -1466, 817, 649, 570, 419, 527, 453, 361, 463, 
1522, 1385, -136, -1454, 829, 624, 585, 429, 527, 463, 361, 463, 
1483, 1381, -102, -1432, 793, 639, 605, 453, 546, 478, 380, 483, 
1434, 1381, -53, -1407, 744, 663, 629, 468, 570, 492, 400, 492, 
1454, 1390, -63, -1422, 758, 663, 624, 458, 551, 473, 370, 458, 
1488, 1385, -102, -1437, 795, 641, 600, 439, 531, 448, 341, 439, 
1478, 1356, -122, -1417, 800, 617, 605, 439, 527, 444, 331, 434, 
1468, 1361, -107, -1415, 788, 627, 629, 439, 527, 434, 317, 419, 
1468, 1356, -112, -1412, 790, 622, 644, 448, 527, 424, 307, 405, 
1439, 1293, -146, -1366, 793, 573, 644, 448, 527, 414, 307, 375, 
1420, 1249, -170, -1334, 795, 539, 649, 463, 536, 419, 312, 366, 
1473, 1278, -195, -1376, 834, 541, 649, 502, 551, 478, 380, 409, 
1527, 1327, -200, -1427, 863, 563, 683, 566, 600, 570, 497, 483, 
1581, 1332, -248, -1456, 915, 541, 707, 639, 653, 658, 619, 536, 
1634, 1273, -361, -1454, 997, 456, 692, 692, 668, 712, 707, 561, 
1703, 1224, -478, -1464, 1090, 373, 673, 756, 692, 775, 800, 600, 
1737, 1185, -551, -1461, 1144, 317, 668, 829, 732, 878, 956, 668, 
1732, 1171, -561, -1451, 1146, 305, 668, 932, 785, 995, 1122, 766, 
1771, 1171, -600, -1471, 1185, 285, 668, 1029, 844, 1112, 1298, 873, 
1859, 1171, -688, -1515, 1273, 241, 639, 1127, 888, 1239, 1464, 966, 
1927, 1161, -766, -1544, 1346, 197, 624, 1224, 932, 1351, 1615, 1029, 
1942, 1127, -814, -1534, 1378, 156, 624, 1317, 961, 1429, 1698, 1063, 
1956, 1024, -932, -1490, 1444, 46, 629, 1371, 961, 1420, 1668, 990, 
1966, 873, -1093, -1420, 1529, -109, 624, 1400, 922, 1337, 1468, 785, 
1942, 717, -1224, -1329, 1583, -253, 658, 1429, 893, 1190, 1185, 492, 
1888, 605, -1283, -1246, 1586, -339, 707, 1473, 883, 1063, 883, 170, 
1844, 531, -1312, -1188, 1578, -390, 746, 1483, 893, 966, 605, -107, 
1820, 453, -1366, -1137, 1593, -456, 746, 1488, 888, 883, 390, -302, 
1810, 409, -1400, -1110, 1605, -495, 732, 1493, 873, 819, 253, -409, 
1820, 419, -1400, -1119, 1610, -490, 697, 1503, 858, 766, 161, -453, 
1854, 439, -1415, -1146, 1634, -488, 683, 1493, 844, 732, 112, -468, 
1869, 448, -1420, -1159, 1644, -485, 658, 1483, 824, 707, 87, -458, 
1878, 453, -1424, -1166, 1651, -485, 619, 1454, 780, 673, 58, -448, 
1869, 453, -1415, -1161, 1642, -480, 556, 1381, 707, 600, 0, -448, 
1864, 453, -1410, -1159, 1637, -478, 517, 1307, 634, 512, -34, -434, 
1883, 473, -1410, -1178, 1647, -468, 517, 1254, 585, 439, -63, -395, 
1893, 531, -1361, -1212, 1627, -414, 502, 1146, 517, 326, -131, -400, 
1859, 566, -1293, -1212, 1576, -363, 483, 1005, 439, 190, -214, -419, 
1781, 561, -1220, -1171, 1500, -329, 517, 893, 405, 97, -283, -429, 
1688, 561, -1127, -1124, 1407, -283, 566, 761, 380, 24, -351, -429, 
1605, 585, -1019, -1095, 1312, -217, 590, 649, 370, -24, -390, -419, 
1551, 614, -936, -1083, 1244, -161, 644, 610, 385, -19, -370, -395, 
1522, 639, -883, -1080, 1202, -122, 712, 600, 414, 14, -341, -366, 
1478, 673, -805, -1076, 1141, -65, 771, 580, 429, 14, -331, -326, 
1449, 717, -732, -1083, 1090, -7, 824, 566, 448, 14, -317, -302, 
1439, 790, -649, -1115, 1044, 70, 873, 561, 473, 24, -312, -283, 
1390, 854, -536, -1122, 963, 158, 917, 541, 507, 19, -302, -248, 
1346, 902, -444, -1124, 895, 229, 980, 522, 536, 29, -287, -229, 
1317, 951, -366, -1134, 841, 292, 1049, 522, 575, 68, -258, -180, 
1268, 1005, -263, -1137, 766, 370, 1117, 512, 624, 107, -209, -122, 
1229, 1019, -209, -1124, 719, 405, 1146, 483, 653, 122, -190, -78, 
1229, 1034, -195, -1132, 712, 419, 1156, 448, 649, 141, -156, -53, 
1215, 1102, -112, -1159, 663, 495, 1200, 458, 678, 190, -107, 0, 
1180, 1156, -24, -1168, 602, 566, 1244, 468, 712, 239, -43, 63, 
1166, 1156, -9, -1161, 588, 573, 1249, 439, 688, 234, -29, 97, 
1195, 1176, -19, -1185, 607, 578, 1249, 409, 658, 229, -29, 112, 
1210, 1205, -4, -1207, 607, 600, 1273, 400, 663, 244, 9, 161, 
1210, 1234, 24, -1222, 592, 629, 1293, 390, 673, 258, 53, 214, 
1220, 1273, 53, -1246, 583, 663, 1283, 385, 663, 273, 82, 253, 
1239, 1302, 63, -1271, 588, 683, 1259, 375, 658, 302, 126, 287, 
1259, 1302, 43, -1281, 607, 673, 1224, 361, 653, 317, 141, 302, 
1259, 1302, 43, -1281, 607, 673, 1137, 356, 624, 326, 151, 307, 
1249, 1332, 82, -1290, 583, 707, 1005, 341, 585, 336, 175, 312, 
1302, 1371, 68, -1337, 617, 719, 883, 336, 546, 336, 175, 322, 
1371, 1400, 29, -1385, 671, 714, 810, 341, 536, 361, 190, 331, 
1361, 1420, 58, -1390, 651, 739, 756, 366, 541, 390, 239, 375, 
1337, 1434, 97, -1385, 619, 766, 697, 375, 536, 409, 283, 405, 
1351, 1454, 102, -1403, 624, 778, 634, 375, 522, 409, 292, 414, 
1361, 1449, 87, -1405, 636, 768, 600, 370, 517, 400, 292, 429, 
1366, 1449, 82, -1407, 641, 766, 561, 361, 497, 400, 307, 444, 
1366, 1449, 82, -1407, 641, 766, 551, 356, 483, 405, 312, 453, 
1371, 1449, 78, -1410, 646, 763, 541, 331, 473, 405, 317, 458, 
1361, 1449, 87, -1405, 636, 768, 536, 341, 473, 409, 317, 463, 
1351, 1449, 97, -1400, 627, 773, 531, 346, 473, 414, 322, 468, 
1332, 1434, 102, -1383, 614, 768, 531, 351, 483, 424, 322, 473, 
1322, 1424, 102, -1373, 610, 763, 527, 356, 483, 429, 326, 478, 
1337, 1434, 97, -1385, 619, 766, 517, 351, 473, 419, 326, 492, 
1346, 1429, 82, -1388, 631, 756, 492, 346, 463, 414, 326, 492, 
1356, 1429, 73, -1393, 641, 751, 478, 346, 458, 409, 331, 497, 
1361, 1434, 73, -1398, 644, 753, 458, 346, 458, 409, 341, 512, 
1346, 1444, 97, -1395, 624, 771, 478, 356, 473, 429, 356, 531, 
1342, 1434, 92, -1388, 624, 763, 492, 361, 483, 444, 361, 531, 
1346, 1444, 97, -1395, 624, 771, 507, 370, 497, 453, 366, 527, 
1361, 1468, 107, -1415, 627, 788, 527, 380, 507, 463, 375, 522, 
1371, 1464, 92, -1417, 639, 778, 507, 366, 492, 448, 356, 502, 
1361, 1454, 92, -1407, 634, 773, 492, 361, 478, 444, 346, 497, 
1361, 1434, 73, -1398, 644, 753, 473, 356, 463, 434, 336, 492, 
1361, 1415, 53, -1388, 653, 734, 463, 346, 453, 429, 331, 497, 
1361, 1424, 63, -1393, 649, 744, 458, 331, 444, 424, 331, 492, 
1361, 1434, 73, -1398, 644, 753, 453, 322, 439, 414, 326, 483, 
1361, 1449, 87, -1405, 636, 768, 448, 317, 439, 405, 322, 488, 
1376, 1459, 82, -1417, 646, 771, 444, 312, 439, 395, 322, 483, 
1366, 1444, 78, -1405, 644, 761, 439, 312, 429, 395, 312, 483, 
1361, 1439, 78, -1400, 641, 758, 439, 307, 424, 390, 302, 478, 
1351, 1434, 82, -1393, 634, 758, 434, 292, 419, 390, 302, 478, 
1346, 1420, 73, -1383, 636, 746, 429, 292, 419, 390, 302, 478, 
1376, 1434, 58, -1405, 658, 746, 439, 317, 434, 405, 322, 502, 
1376, 1454, 78, -1415, 649, 766, 434, 317, 439, 409, 331, 517, 
1376, 1454, 78, -1415, 649, 766, 429, 317, 444, 409, 336, 522, 
1371, 1439, 68, -1405, 651, 753, 424, 317, 444, 405, 341, 527, 
1346, 1429, 82, -1388, 631, 756, 434, 326, 439, 419, 351, 531, 
1351, 1434, 82, -1393, 634, 758, 439, 326, 444, 419, 361, 536, 
1346, 1434, 87, -1390, 629, 761, 439, 317, 448, 419, 370, 541, 
1332, 1420, 87, -1376, 622, 753, 434, 317, 453, 419, 366, 531, 
1312, 1415, 102, -1363, 605, 758, 429, 317, 434, 419, 356, 527, 
1322, 1434, 112, -1378, 605, 773, 429, 317, 444, 424, 351, 522, 
1322, 1439, 117, -1381, 602, 778, 429, 322, 444, 424, 356, 522, 
1307, 1429, 122, -1368, 592, 775, 424, 322, 444, 424, 351, 517, 
1327, 1434, 107, -1381, 610, 771, 419, 322, 439, 414, 351, 517, 
1337, 1449, 112, -1393, 612, 780, 414, 322, 439, 414, 346, 531, 
1346, 1444, 97, -1395, 624, 771, 405, 312, 434, 409, 341, 536, 
1356, 1444, 87, -1400, 634, 766, 390, 302, 429, 400, 336, 536, 
1327, 1420, 92, -1373, 617, 756, 390, 307, 439, 409, 336, 527, 
1307, 1405, 97, -1356, 605, 751, 390, 312, 439, 414, 346, 527, 
1288, 1385, 97, -1337, 595, 741, 390, 317, 439, 419, 351, 527, 
1268, 1366, 97, -1317, 585, 732, 390, 322, 439, 424, 351, 531, 
1288, 1376, 87, -1332, 600, 732, 405, 331, 439, 424, 361, 541, 
1312, 1395, 82, -1354, 614, 739, 405, 331, 434, 424, 361, 546, 
1332, 1410, 78, -1371, 627, 744, 405, 331, 429, 424, 361, 551, 
1351, 1400, 48, -1376, 651, 724, 400, 326, 424, 424, 361, 556, 
1332, 1395, 63, -1363, 634, 729, 395, 317, 419, 414, 361, 546, 
1307, 1395, 87, -1351, 610, 741, 385, 317, 414, 414, 356, 546, 
1278, 1395, 117, -1337, 580, 756, 375, 317, 409, 414, 356, 546, 
1254, 1405, 151, -1329, 551, 778, 370, 322, 409, 414, 366, 546, 
1288, 1420, 131, -1354, 578, 775, 380, 322, 419, 424, 366, 551, 
1298, 1429, 131, -1363, 583, 780, 370, 317, 414, 419, 366, 551, 
1307, 1424, 117, -1366, 595, 771, 366, 317, 414, 414, 356, 546, 
1327, 1434, 107, -1381, 610, 771, 366, 317, 414, 414, 356, 546, 
1317, 1420, 102, -1368, 607, 761, 356, 331, 424, 424, 370, 561, 
1307, 1405, 97, -1356, 605, 751, 356, 336, 424, 429, 375, 566, 
1298, 1385, 87, -1342, 605, 736, 356, 341, 429, 439, 385, 570, 
1312, 1376, 63, -1344, 624, 719, 356, 341, 434, 439, 385, 570, 
1322, 1385, 63, -1354, 629, 724, 351, 341, 424, 434, 385, 575, 
1322, 1376, 53, -1349, 634, 714, 346, 356, 424, 439, 390, 580, 
1322, 1366, 43, -1344, 639, 705, 341, 361, 424, 444, 395, 585, 
1342, 1366, 24, -1354, 658, 695, 336, 370, 429, 448, 395, 590, 
1356, 1366, 9, -1361, 673, 688, 317, 366, 419, 434, 380, 575, 
1371, 1356, -14, -1363, 692, 671, 297, 361, 409, 429, 375, 570, 
1381, 1356, -24, -1368, 702, 666, 292, 356, 405, 424, 370, 566, 
1390, 1356, -34, -1373, 712, 661, 287, 356, 395, 424, 366, 561, 
1381, 1366, -14, -1373, 697, 675, 297, 361, 400, 434, 366, 551, 
1395, 1361, -34, -1378, 714, 663, 307, 370, 405, 434, 370, 551, 
1385, 1366, -19, -1376, 702, 673, 322, 395, 424, 444, 390, 551, 
1366, 1381, 14, -1373, 675, 697, 331, 409, 434, 444, 395, 551, 
1376, 1371, -4, -1373, 690, 683, 322, 405, 424, 439, 385, 541, 
1376, 1361, -14, -1368, 695, 673, 312, 400, 414, 434, 385, 531, 
1390, 1346, -43, -1368, 717, 651, 307, 405, 409, 439, 395, 531, 
1410, 1337, -73, -1373, 741, 631, 297, 395, 400, 439, 385, 522, 
1405, 1322, -82, -1363, 744, 619, 287, 390, 395, 439, 380, 517, 
1400, 1302, -97, -1351, 749, 602, 287, 390, 400, 439, 380, 517, 
1395, 1298, -97, -1346, 746, 600, 307, 405, 405, 439, 385, 517, 
1390, 1293, -97, -1342, 744, 597, 317, 409, 409, 444, 385, 517, 
1371, 1278, -92, -1324, 732, 592, 307, 405, 405, 434, 375, 502, 
1366, 1283, -82, -1324, 724, 600, 307, 409, 409, 434, 385, 502, 
1366, 1298, -68, -1332, 717, 614, 307, 409, 414, 434, 385, 497, 
1381, 1302, -78, -1342, 729, 612, 307, 400, 414, 424, 375, 483, 
1366, 1278, -87, -1322, 727, 595, 317, 400, 419, 429, 385, 478, 
1361, 1273, -87, -1317, 724, 592, 322, 405, 419, 444, 390, 483, 
1346, 1268, -78, -1307, 712, 595, 331, 409, 429, 448, 395, 497, 
1332, 1273, -58, -1302, 695, 607, 331, 409, 429, 453, 395, 492, 
1356, 1278, -78, -1317, 717, 600, 331, 409, 439, 453, 385, 488, 
1361, 1283, -78, -1322, 719, 602, 341, 419, 453, 458, 385, 492, 
1351, 1283, -68, -1317, 710, 607, 351, 419, 453, 463, 380, 488, 
1332, 1278, -53, -1305, 692, 612, 366, 409, 453, 463, 375, 473, 
1332, 1288, -43, -1310, 688, 622, 361, 414, 463, 463, 385, 473, 
1332, 1298, -34, -1315, 683, 631, 366, 419, 468, 463, 380, 478, 
1332, 1298, -34, -1315, 683, 631, 366, 424, 468, 458, 375, 468, 
1332, 1288, -43, -1310, 688, 622, 366, 429, 468, 458, 366, 473, 
1322, 1273, -48, -1298, 685, 612, 370, 424, 463, 458, 356, 473, 
1302, 1263, -39, -1283, 671, 612, 385, 414, 463, 453, 361, 473, 
1302, 1254, -48, -1278, 675, 602, 400, 409, 468, 448, 351, 458, 
1293, 1244, -48, -1268, 671, 597, 409, 405, 478, 444, 346, 444, 
1268, 1220, -48, -1244, 658, 585, 414, 405, 473, 434, 346, 439, 
1249, 1215, -34, -1232, 641, 590, 414, 400, 478, 434, 346, 434, 
1234, 1220, -14, -1227, 624, 602, 419, 400, 478, 429, 331, 419, 
1220, 1215, -4, -1217, 612, 605, 424, 395, 483, 429, 331, 414, 
1220, 1234, 14, -1227, 602, 624, 434, 405, 488, 439, 331, 414, 
1220, 1244, 24, -1232, 597, 634, 444, 405, 488, 439, 331, 414, 
1220, 1254, 34, -1237, 592, 644, 448, 405, 488, 434, 331, 414, 
1220, 1283, 63, -1251, 578, 673, 448, 400, 483, 424, 326, 409, 
1234, 1273, 39, -1254, 597, 656, 448, 395, 488, 424, 312, 400, 
1249, 1244, -4, -1246, 627, 619, 448, 390, 488, 424, 307, 400, 
1215, 1215, 0, -1215, 607, 607, 453, 385, 483, 414, 302, 390, 
1205, 1205, 0, -1205, 602, 602, 453, 385, 483, 414, 302, 385, 
1195, 1215, 19, -1205, 588, 617, 448, 385, 483, 409, 307, 395, 
1205, 1220, 14, -1212, 595, 617, 448, 385, 483, 409, 297, 395, 
1190, 1224, 34, -1207, 578, 629, 458, 380, 483, 409, 297, 395, 
1190, 1229, 39, -1210, 575, 634, 458, 380, 483, 405, 297, 390, 
1200, 1205, 4, -1202, 597, 605, 453, 366, 473, 395, 283, 385, 
1185, 1200, 14, -1193, 585, 607, 453, 361, 468, 390, 278, 370, 
1205, 1205, 0, -1205, 602, 602, 458, 361, 463, 390, 278, 380, 
1210, 1220, 9, -1215, 600, 614, 458, 361, 458, 390, 278, 375, 
1210, 1220, 9, -1215, 600, 614, 453, 361, 448, 385, 278, 385, 
1205, 1210, 4, -1207, 600, 607, 448, 346, 444, 375, 273, 375, 
1200, 1195, -4, -1198, 602, 595, 434, 346, 439, 370, 273, 375, 
1200, 1195, -4, -1198, 602, 595, 429, 346, 434, 366, 273, 375, 
1200, 1205, 4, -1202, 597, 605, 444, 341, 444, 375, 268, 370, 
1190, 1215, 24, -1202, 583, 619, 448, 351, 448, 380, 268, 375, 
1176, 1215, 39, -1195, 568, 627, 448, 351, 448, 380, 263, 375, 
1151, 1210, 58, -1180, 546, 634, 453, 351, 453, 385, 263, 375, 
1112, 1180, 68, -1146, 522, 624, 458, 341, 444, 375, 268, 366, 
1107, 1176, 68, -1141, 519, 622, 453, 336, 444, 370, 268, 361, 
1137, 1180, 43, -1159, 546, 612, 444, 331, 444, 366, 263, 356, 
1137, 1180, 43, -1159, 546, 612, 439, 326, 444, 366, 263, 351, 
1151, 1185, 34, -1168, 558, 610, 429, 322, 434, 356, 263, 356, 
1156, 1185, 29, -1171, 563, 607, 429, 322, 434, 356, 263, 361, 
1161, 1176, 14, -1168, 573, 595, 424, 322, 434, 346, 258, 356, 
1166, 1185, 19, -1176, 573, 602, 419, 317, 434, 346, 258, 361, 
1151, 1200, 48, -1176, 551, 624, 424, 326, 444, 351, 268, 370, 
1151, 1200, 48, -1176, 551, 624, 429, 331, 439, 356, 268, 366, 
1141, 1195, 53, -1168, 544, 624, 434, 331, 439, 361, 258, 366, 
1141, 1195, 53, -1168, 544, 624, 439, 331, 439, 366, 258, 366, 
1151, 1200, 48, -1176, 551, 624, 448, 341, 458, 370, 268, 380, 
1151, 1190, 39, -1171, 556, 614, 439, 341, 448, 370, 278, 380, 
1151, 1185, 34, -1168, 558, 610, 429, 341, 439, 366, 283, 380, 
1156, 1190, 34, -1173, 561, 612, 429, 331, 439, 370, 283, 380, 
1190, 1190, 0, -1190, 595, 595, 429, 317, 424, 356, 268, 366, 
1200, 1185, -14, -1193, 607, 585, 424, 322, 424, 351, 258, 366, 
1205, 1176, -29, -1190, 617, 573, 424, 317, 419, 346, 248, 361, 
1215, 1161, -53, -1188, 634, 553, 424, 312, 409, 336, 234, 356, 
1195, 1166, -29, -1180, 612, 568, 434, 312, 409, 336, 234, 356, 
1176, 1171, -4, -1173, 590, 583, 434, 317, 414, 341, 239, 351, 
1161, 1185, 24, -1173, 568, 605, 434, 322, 419, 346, 248, 351, 
1146, 1195, 48, -1171, 549, 622, 434, 326, 424, 351, 253, 351, 
1127, 1200, 73, -1163, 527, 636, 439, 326, 429, 361, 253, 361, 
1122, 1200, 78, -1161, 522, 639, 444, 326, 429, 361, 248, 361, 
1132, 1195, 63, -1163, 534, 629, 439, 317, 429, 351, 248, 356, 
1137, 1180, 43, -1159, 546, 612, 444, 312, 429, 346, 244, 356, 
1112, 1161, 48, -1137, 531, 605, 434, 312, 429, 351, 244, 346, 
1112, 1161, 48, -1137, 531, 605, 434, 317, 429, 351, 239, 341, 
1112, 1156, 43, -1134, 534, 600, 429, 317, 429, 356, 234, 341, 
1107, 1146, 39, -1127, 534, 592, 424, 317, 434, 356, 229, 341, 
1093, 1127, 34, -1110, 529, 580, 419, 312, 424, 341, 229, 331, 
1093, 1127, 34, -1110, 529, 580, 414, 307, 414, 336, 224, 331, 
1093, 1127, 34, -1110, 529, 580, 409, 302, 405, 331, 224, 322, 
1107, 1127, 19, -1117, 544, 573, 405, 297, 390, 326, 224, 307, 
1098, 1137, 39, -1117, 529, 588, 409, 307, 395, 317, 219, 312, 
1093, 1132, 39, -1112, 527, 585, 409, 312, 400, 322, 219, 326, 
1093, 1127, 34, -1110, 529, 580, 414, 317, 409, 331, 234, 336, 
1093, 1127, 34, -1110, 529, 580, 434, 326, 414, 336, 239, 351, 
1063, 1137, 73, -1100, 495, 605, 429, 331, 419, 346, 248, 356, 
1078, 1146, 68, -1112, 505, 607, 429, 331, 419, 346, 248, 356, 
1102, 1156, 53, -1129, 524, 605, 429, 331, 424, 346, 248, 356, 
1112, 1166, 53, -1139, 529, 610, 424, 331, 424, 346, 248, 356, 
1127, 1161, 34, -1144, 546, 597, 419, 322, 409, 341, 229, 341, 
1141, 1166, 24, -1154, 558, 595, 414, 322, 409, 341, 229, 341, 
1156, 1166, 9, -1161, 573, 588, 414, 322, 405, 341, 229, 341, 
1171, 1166, -4, -1168, 588, 580, 400, 326, 405, 341, 234, 351, 
1156, 1156, 0, -1156, 578, 578, 429, 331, 419, 356, 253, 361, 
1141, 1156, 14, -1149, 563, 585, 439, 331, 429, 361, 253, 361, 
1122, 1137, 14, -1129, 553, 575, 448, 331, 434, 361, 253, 356, 
1093, 1127, 34, -1110, 529, 580, 453, 331, 434, 361, 248, 351, 
1112, 1141, 29, -1127, 541, 585, 434, 322, 429, 351, 244, 341, 
1122, 1141, 19, -1132, 551, 580, 424, 317, 414, 341, 234, 331, 
1146, 1146, 0, -1146, 573, 573, 409, 317, 405, 331, 234, 322, 
1156, 1156, 0, -1156, 578, 578, 405, 317, 400, 331, 239, 322, 
1146, 1146, 0, -1146, 573, 573, 405, 317, 400, 341, 239, 322, 
1156, 1146, -9, -1151, 583, 568, 405, 312, 390, 341, 239, 326, 
1156, 1146, -9, -1151, 583, 568, 405, 312, 390, 346, 239, 341, 
1141, 1137, -4, -1139, 573, 566, 409, 317, 400, 346, 244, 361, 
1098, 1117, 19, -1107, 539, 568, 400, 312, 400, 336, 244, 346, 
1098, 1112, 14, -1105, 541, 563, 400, 312, 400, 336, 244, 341, 
1102, 1102, 0, -1102, 551, 551, 395, 312, 400, 336, 244, 341, 
1112, 1088, -24, -1100, 568, 531, 395, 312, 400, 336, 244, 336, 
990, 1039, 48, -1015, 470, 544, 395, 312, 400, 346, 234, 322, 
1024, 1063, 39, -1044, 492, 551, 390, 312, 400, 331, 224, 312, 
1039, 1063, 24, -1051, 507, 544, 390, 302, 390, 331, 224, 317, 
1044, 1063, 19, -1054, 512, 541, 390, 302, 390, 331, 224, 322, 
1049, 1063, 14, -1056, 517, 539, 390, 302, 390, 331, 224, 326, 
1054, 1063, 9, -1058, 522, 536, 390, 302, 390, 331, 224, 331, 
1054, 1068, 14, -1061, 519, 541, 400, 302, 395, 336, 229, 336, 
1068, 1078, 9, -1073, 529, 544, 400, 302, 400, 341, 234, 341, 
1054, 1088, 34, -1071, 509, 561, 400, 307, 405, 346, 239, 346, 
1044, 1093, 48, -1068, 497, 570, 400, 317, 409, 351, 244, 351, 
1049, 1102, 53, -1076, 497, 578, 395, 307, 400, 341, 239, 346, 
1088, 1112, 24, -1100, 531, 568, 390, 307, 405, 351, 239, 346, 
1112, 1146, 34, -1129, 539, 590, 385, 307, 409, 356, 248, 346, 
1107, 1146, 39, -1127, 534, 592, 385, 307, 409, 356, 248, 351, 
1078, 1137, 58, -1107, 509, 597, 390, 307, 405, 351, 258, 361, 
1088, 1141, 53, -1115, 517, 597, 400, 312, 405, 351, 258, 361, 
1098, 1146, 48, -1122, 524, 597, 405, 317, 414, 366, 263, 366, 
1112, 1151, 39, -1132, 536, 595, 414, 317, 414, 366, 268, 366, 
1107, 1146, 39, -1127, 534, 592, 414, 326, 429, 375, 278, 366, 
1098, 1156, 58, -1127, 519, 607, 409, 326, 429, 375, 278, 361, 
1093, 1166, 73, -1129, 509, 619, 409, 326, 434, 370, 273, 361, 
1083, 1161, 78, -1122, 502, 619, 409, 326, 444, 370, 273, 366, 
1093, 1151, 58, -1122, 517, 605, 400, 322, 429, 366, 278, 361, 
1112, 1141, 29, -1127, 541, 585, 400, 322, 434, 375, 287, 366, 
1127, 1132, 4, -1129, 561, 568, 400, 322, 429, 375, 283, 366, 
1117, 1122, 4, -1119, 556, 563, 395, 317, 424, 375, 268, 370, 
1098, 1112, 14, -1105, 541, 563, 375, 312, 409, 370, 268, 370, 
1088, 1112, 24, -1100, 531, 568, 370, 307, 409, 380, 283, 370, 
1093, 1112, 19, -1102, 536, 566, 366, 307, 409, 380, 283, 370, 
1098, 1112, 14, -1105, 541, 563, 366, 307, 414, 375, 287, 370, 
1107, 1127, 19, -1117, 544, 573, 370, 312, 414, 375, 292, 375, 
1107, 1127, 19, -1117, 544, 573, 361, 317, 409, 375, 292, 380, 
1107, 1127, 19, -1117, 544, 573, 356, 322, 405, 370, 292, 385, 
1137, 1127, -9, -1132, 573, 558, 356, 326, 405, 370, 292, 390, 
1117, 1122, 4, -1119, 556, 563, 356, 317, 409, 380, 292, 390, 
1107, 1098, -9, -1102, 558, 544, 356, 317, 405, 380, 287, 390, 
1098, 1112, 14, -1105, 541, 563, 346, 317, 409, 380, 287, 390, 
1112, 1127, 14, -1119, 549, 570, 356, 317, 419, 380, 302, 400, 
1112, 1122, 9, -1117, 551, 566, 366, 336, 434, 400, 312, 400, 
1112, 1102, -9, -1107, 561, 546, 380, 341, 439, 405, 312, 400, 
1117, 1107, -9, -1112, 563, 549, 385, 341, 439, 405, 317, 400, 
1117, 1112, -4, -1115, 561, 553, 390, 351, 439, 405, 317, 400, 
1122, 1093, -29, -1107, 575, 531, 375, 326, 424, 390, 302, 390, 
1102, 1078, -24, -1090, 563, 527, 370, 326, 414, 385, 297, 385, 
1088, 1068, -19, -1078, 553, 524, 380, 326, 409, 380, 292, 380, 
1073, 1058, -14, -1066, 544, 522, 375, 322, 400, 366, 273, 370, 
1044, 1044, 0, -1044, 522, 522, 385, 322, 409, 366, 278, 370, 
1024, 1034, 9, -1029, 507, 522, 390, 326, 405, 361, 278, 370, 
1019, 1029, 9, -1024, 505, 519, 400, 322, 405, 356, 263, 366, 
1005, 1005, 0, -1005, 502, 502, 400, 312, 400, 341, 253, 351, 
1005, 980, -24, -993, 514, 478, 385, 292, 385, 322, 224, 326, 
995, 976, -19, -985, 507, 478, 390, 292, 380, 312, 224, 322, 
995, 976, -19, -985, 507, 478, 395, 297, 375, 322, 229, 317, 
995, 985, -9, -990, 502, 488, 395, 297, 385, 331, 234, 317, 
1015, 1000, -14, -1007, 514, 492, 385, 297, 375, 322, 244, 317, 
1029, 1000, -29, -1015, 529, 485, 385, 302, 375, 322, 229, 322, 
1044, 995, -48, -1019, 546, 473, 390, 307, 380, 326, 224, 322, 
1054, 985, -68, -1019, 561, 458, 395, 312, 380, 326, 219, 317, 
1039, 976, -63, -1007, 551, 456, 390, 307, 370, 312, 209, 312, 
1024, 956, -68, -990, 546, 444, 390, 302, 370, 312, 209, 312, 
1005, 951, -53, -978, 529, 448, 380, 297, 370, 307, 204, 307, 
1015, 946, -68, -980, 541, 439, 375, 278, 356, 292, 195, 297, 
1019, 941, -78, -980, 549, 431, 375, 287, 366, 302, 204, 287, 
1015, 941, -73, -978, 544, 434, 380, 292, 366, 302, 204, 287, 
1010, 941, -68, -976, 539, 436, 380, 292, 366, 302, 204, 287, 
1005, 951, -53, -978, 529, 448, 380, 292, 356, 297, 200, 283, 
1010, 932, -78, -971, 544, 427, 385, 292, 366, 297, 200, 283, 
985, 927, -58, -956, 522, 434, 385, 287, 366, 297, 200, 283, 
971, 922, -48, -946, 509, 436, 385, 287, 366, 297, 204, 283, 
941, 917, -24, -929, 483, 446, 385, 287, 366, 297, 204, 287, 
941, 912, -29, -927, 485, 441, 390, 292, 370, 307, 204, 297, 
966, 932, -34, -949, 500, 448, 395, 292, 370, 307, 204, 292, 
985, 936, -48, -961, 517, 444, 405, 297, 370, 307, 204, 292, 
976, 941, -34, -958, 505, 453, 409, 297, 375, 312, 204, 292, 
971, 936, -34, -954, 502, 451, 405, 287, 366, 302, 204, 283, 
976, 927, -48, -951, 512, 439, 400, 287, 361, 302, 204, 278, 
980, 917, -63, -949, 522, 427, 400, 287, 361, 302, 204, 278, 
985, 912, -73, -949, 529, 419, 395, 292, 366, 307, 204, 287, 
1019, 927, -92, -973, 556, 417, 405, 302, 370, 312, 219, 292, 
1029, 946, -82, -988, 556, 431, 405, 307, 375, 317, 219, 297, 
1049, 961, -87, -1005, 568, 436, 405, 307, 380, 322, 219, 302, 
1058, 971, -87, -1015, 573, 441, 405, 307, 385, 326, 219, 307, 
1015, 936, -78, -976, 546, 429, 390, 292, 361, 307, 204, 287, 
941, 907, -34, -924, 488, 436, 385, 278, 346, 287, 185, 278, 
936, 854, -82, -895, 509, 385, 366, 263, 322, 258, 156, 248, 
936, 800, -136, -868, 536, 331, 370, 263, 322, 248, 146, 239, 
888, 795, -92, -841, 490, 351, 390, 278, 341, 263, 165, 248, 
888, 795, -92, -841, 490, 351, 405, 292, 356, 278, 175, 258, 
946, 785, -161, -866, 553, 312, 409, 292, 366, 278, 175, 263, 
893, 732, -161, -812, 527, 285, 424, 292, 356, 273, 156, 244, 
824, 683, -141, -753, 483, 270, 439, 292, 351, 268, 136, 209, 
883, 717, -165, -800, 524, 275, 453, 302, 351, 258, 122, 195, 
922, 751, -170, -836, 546, 290, 478, 331, 370, 268, 122, 180, 
873, 717, -156, -795, 514, 280, 478, 351, 380, 278, 141, 190, 
873, 692, -180, -783, 527, 256, 473, 385, 400, 322, 214, 229, 
946, 712, -234, -829, 590, 239, 483, 434, 444, 400, 331, 302, 
990, 741, -248, -866, 619, 246, 497, 497, 492, 483, 448, 375, 
1024, 736, -287, -880, 656, 224, 522, 561, 556, 580, 551, 429, 
1088, 727, -361, -907, 724, 183, 517, 624, 600, 683, 688, 492, 
1107, 707, -400, -907, 753, 153, 497, 688, 624, 785, 839, 561, 
1122, 688, -434, -905, 778, 126, 492, 771, 663, 897, 985, 629, 
1195, 683, -512, -939, 854, 85, 492, 873, 727, 1034, 1161, 727, 
1302, 722, -580, -1012, 941, 70, 492, 990, 805, 1190, 1376, 863, 
1351, 702, -649, -1027, 1000, 26, 483, 1098, 868, 1317, 1551, 966, 
1381, 624, -756, -1002, 1068, -65, 478, 1185, 912, 1410, 1664, 1010, 
1415, 551, -863, -983, 1139, -156, 488, 1278, 941, 1439, 1659, 956, 
1400, 429, -971, -915, 1185, -270, 502, 1332, 941, 1390, 1542, 775, 
1371, 219, -1151, -795, 1261, -466, 527, 1371, 922, 1288, 1312, 512, 
1376, 34, -1342, -705, 1359, -653, 551, 1400, 902, 1171, 1039, 219, 
1361, -39, -1400, -661, 1381, -719, 561, 1405, 893, 1063, 756, -73, 
1346, -63, -1410, -641, 1378, -736, 570, 1415, 873, 976, 527, -273, 
1371, -73, -1444, -649, 1407, -758, 580, 1449, 878, 922, 400, -370, 
1400, -78, -1478, -661, 1439, -778, 585, 1464, 873, 868, 312, -429, 
1420, -97, -1517, -661, 1468, -807, 541, 1444, 839, 814, 219, -473, 
1454, -107, -1561, -673, 1507, -834, 507, 1415, 814, 771, 170, -478, 
1439, -78, -1517, -680, 1478, -797, 473, 1395, 795, 727, 146, -458, 
1371, -43, -1415, -663, 1393, -729, 434, 1356, 732, 653, 97, -458, 
1342, -34, -1376, -653, 1359, -705, 390, 1273, 639, 551, 29, -468, 
1376, -4, -1381, -685, 1378, -692, 370, 1171, 566, 444, -34, -473, 
1415, 43, -1371, -729, 1393, -663, 361, 1058, 478, 331, -112, -492, 
1346, 34, -1312, -690, 1329, -639, 346, 932, 390, 200, -200, -507, 
1234, -9, -1244, -612, 1239, -627, 385, 810, 322, 82, -292, -527, 
1176, 34, -1141, -605, 1159, -553, 419, 697, 278, -9, -361, -527, 
1171, 112, -1058, -641, 1115, -473, 448, 585, 244, -82, -409, -517, 
1146, 156, -990, -651, 1068, -417, 483, 531, 234, -112, -429, -497, 
1063, 165, -897, -614, 980, -366, 507, 512, 239, -126, -419, -463, 
995, 180, -814, -588, 905, -317, 556, 483, 248, -131, -409, -424, 
1010, 244, -766, -627, 888, -261, 605, 453, 263, -131, -409, -395, 
1000, 287, -712, -644, 856, -212, 639, 409, 283, -141, -405, -370, 
912, 283, -629, -597, 771, -173, 678, 375, 297, -141, -400, -361, 
873, 317, -556, -595, 714, -119, 741, 346, 312, -136, -400, -326, 
878, 385, -492, -631, 685, -53, 785, 317, 312, -136, -395, -317, 
829, 424, -405, -627, 617, 9, 824, 287, 322, -117, -385, -297, 
790, 468, -322, -629, 556, 73, 844, 278, 341, -78, -336, -239, 
790, 531, -258, -661, 524, 136, 863, 268, 351, -43, -278, -165, 
780, 605, -175, -692, 478, 214, 893, 253, 375, -14, -234, -112, 
766, 663, -102, -714, 434, 280, 907, 234, 385, 4, -195, -68, 
761, 688, -73, -724, 417, 307, 902, 195, 370, 14, -180, -34, 
775, 688, -87, -732, 431, 300, 917, 165, 356, 19, -175, -19, 
766, 688, -78, -727, 422, 305, 946, 165, 356, 34, -146, 4, 
741, 727, -14, -734, 378, 356, 951, 175, 370, 58, -117, 34, 
741, 746, 4, -744, 368, 375, 912, 136, 341, 43, -122, 29, 
751, 736, -14, -744, 383, 361, 863, 102, 312, 39, -131, 19, 
712, 766, 53, -739, 329, 409, 858, 141, 326, 78, -87, 63, 
702, 814, 112, -758, 295, 463, 824, 185, 351, 131, -14, 136, 
761, 844, 82, -802, 339, 463, 736, 190, 351, 170, 24, 190, 
819, 834, 14, -827, 402, 424, 663, 195, 351, 180, 39, 204, 
834, 834, 0, -834, 417, 417, 600, 209, 351, 190, 58, 214, 
844, 854, 9, -849, 417, 431, 527, 204, 351, 195, 82, 224, 
854, 893, 39, -873, 407, 466, 473, 209, 346, 214, 102, 239, 
858, 927, 68, -893, 395, 497, 434, 209, 341, 224, 117, 239, 
854, 927, 73, -890, 390, 500, 390, 209, 326, 224, 126, 258, 
863, 917, 53, -890, 405, 485, 385, 214, 341, 234, 146, 268, 
868, 912, 43, -890, 412, 478, 356, 214, 331, 244, 161, 287, 
868, 907, 39, -888, 414, 473, 356, 219, 326, 258, 165, 302, 
873, 902, 29, -888, 422, 466, 356, 204, 326, 268, 170, 312, 
878, 902, 24, -890, 427, 463, 356, 214, 331, 268, 161, 322, 
873, 902, 29, -888, 422, 466, 356, 219, 336, 268, 165, 322, 
858, 888, 29, -873, 414, 458, 361, 224, 351, 273, 165, 322, 
854, 878, 24, -866, 414, 451, 361, 229, 356, 273, 170, 322, 
868, 893, 24, -880, 422, 458, 351, 214, 351, 263, 165, 317, 
888, 902, 14, -895, 436, 458, 326, 209, 336, 258, 161, 307, 
907, 917, 9, -912, 448, 463, 312, 209, 326, 253, 161, 302, 
922, 936, 14, -929, 453, 475, 292, 209, 322, 253, 165, 307, 
912, 927, 14, -919, 448, 470, 302, 209, 326, 253, 165, 317, 
902, 917, 14, -910, 444, 466, 307, 204, 326, 258, 165, 317, 
902, 927, 24, -915, 439, 475, 312, 204, 331, 258, 165, 312, 
912, 951, 39, -932, 436, 495, 322, 204, 331, 258, 170, 307, 
912, 951, 39, -932, 436, 495, 331, 204, 331, 263, 170, 307, 
893, 946, 53, -919, 419, 500, 326, 214, 331, 268, 170, 312, 
883, 932, 48, -907, 417, 490, 317, 224, 331, 268, 170, 317, 
873, 917, 43, -895, 414, 480, 317, 229, 336, 273, 175, 331, 
888, 936, 48, -912, 419, 492, 317, 219, 336, 278, 190, 341, 
893, 946, 53, -919, 419, 500, 317, 214, 331, 278, 190, 336, 
897, 961, 63, -929, 417, 512, 317, 214, 331, 278, 190, 346, 
917, 971, 53, -944, 431, 512, 317, 214, 331, 278, 195, 346, 
912, 946, 34, -929, 439, 490, 312, 209, 326, 273, 180, 341, 
902, 932, 29, -917, 436, 480, 312, 200, 317, 263, 165, 331, 
888, 917, 29, -902, 429, 473, 307, 180, 307, 258, 161, 326, 
878, 893, 14, -885, 431, 453, 302, 175, 302, 253, 156, 322, 
907, 927, 19, -917, 444, 473, 312, 190, 312, 258, 161, 322, 
907, 956, 48, -932, 429, 502, 307, 190, 312, 263, 165, 331, 
907, 966, 58, -936, 424, 512, 302, 190, 312, 263, 165, 331, 
902, 961, 58, -932, 422, 509, 297, 190, 307, 258, 165, 331, 
897, 946, 48, -922, 424, 497, 283, 185, 297, 258, 175, 331, 
912, 946, 34, -929, 439, 490, 283, 180, 297, 253, 175, 331, 
917, 941, 24, -929, 446, 483, 278, 165, 297, 248, 175, 331, 
912, 922, 9, -917, 451, 466, 268, 161, 297, 244, 161, 317, 
897, 902, 4, -900, 446, 453, 278, 170, 302, 258, 170, 326, 
902, 917, 14, -910, 444, 466, 283, 180, 317, 268, 175, 336, 
897, 917, 19, -907, 439, 468, 287, 195, 322, 273, 190, 351, 
878, 902, 24, -890, 427, 463, 287, 204, 326, 278, 195, 361, 
868, 902, 34, -885, 417, 468, 283, 200, 322, 273, 190, 356, 
868, 922, 53, -895, 407, 488, 278, 204, 322, 278, 190, 366, 
868, 922, 53, -895, 407, 488, 268, 200, 317, 278, 190, 366, 
868, 927, 58, -897, 405, 492, 253, 195, 312, 273, 190, 361, 
883, 941, 58, -912, 412, 500, 263, 195, 312, 273, 190, 361, 
888, 946, 58, -917, 414, 502, 263, 195, 312, 278, 200, 361, 
893, 946, 53, -919, 419, 500, 263, 195, 312, 283, 204, 361, 
897, 946, 48, -922, 424, 497, 263, 195, 312, 287, 204, 366, 
893, 956, 63, -924, 414, 509, 258, 200, 317, 287, 214, 375, 
902, 976, 73, -939, 414, 524, 258, 204, 317, 287, 214, 380, 
907, 990, 82, -949, 412, 536, 258, 209, 317, 287, 214, 385, 
912, 980, 68, -946, 422, 524, 253, 209, 317, 287, 214, 390, 
917, 966, 48, -941, 434, 507, 239, 204, 312, 278, 209, 385, 
917, 956, 39, -936, 439, 497, 229, 200, 307, 278, 200, 380, 
912, 946, 34, -929, 439, 490, 219, 195, 302, 278, 195, 375, 
912, 946, 34, -929, 439, 490, 214, 195, 302, 278, 200, 370, 
922, 966, 43, -944, 439, 505, 224, 204, 312, 297, 219, 385, 
917, 971, 53, -944, 431, 512, 224, 209, 317, 302, 229, 395, 
912, 961, 48, -936, 431, 505, 229, 219, 326, 307, 229, 400, 
917, 966, 48, -941, 434, 507, 239, 229, 336, 317, 239, 409, 
922, 966, 43, -944, 439, 505, 229, 234, 326, 307, 234, 405, 
927, 956, 29, -941, 448, 492, 229, 239, 326, 312, 239, 409, 
932, 941, 9, -936, 461, 475, 229, 244, 331, 322, 248, 414, 
961, 936, -24, -949, 492, 456, 229, 244, 336, 322, 248, 414, 
971, 946, -24, -958, 497, 461, 214, 239, 331, 322, 244, 409, 
961, 936, -24, -949, 492, 456, 209, 248, 326, 322, 244, 405, 
951, 927, -24, -939, 488, 451, 204, 248, 322, 322, 244, 400, 
961, 927, -34, -944, 497, 446, 200, 253, 322, 322, 239, 395, 
951, 946, -4, -949, 478, 470, 200, 268, 336, 331, 253, 400, 
941, 936, -4, -939, 473, 466, 190, 273, 341, 331, 258, 405, 
927, 936, 9, -932, 458, 473, 195, 278, 351, 331, 263, 409, 
912, 936, 24, -924, 444, 480, 200, 287, 356, 336, 268, 414, 
927, 927, 0, -927, 463, 463, 190, 278, 346, 331, 248, 400, 
956, 912, -43, -934, 500, 434, 190, 273, 336, 326, 244, 395, 
961, 907, -53, -934, 507, 427, 195, 283, 341, 331, 253, 390, 
956, 912, -43, -934, 500, 434, 195, 283, 336, 326, 248, 385, 
966, 912, -53, -939, 509, 429, 200, 302, 346, 336, 253, 380, 
966, 912, -53, -939, 509, 429, 204, 312, 346, 336, 258, 375, 
980, 907, -73, -944, 527, 417, 214, 331, 351, 346, 273, 380, 
1000, 907, -92, -954, 546, 407, 219, 336, 351, 351, 268, 375, 
985, 888, -97, -936, 541, 395, 214, 331, 356, 346, 258, 375, 
971, 863, -107, -917, 539, 378, 209, 331, 361, 351, 263, 380, 
956, 854, -102, -905, 529, 375, 224, 346, 366, 356, 273, 385, 
941, 844, -97, -893, 519, 373, 229, 351, 370, 366, 278, 390, 
917, 834, -82, -875, 500, 375, 229, 346, 375, 375, 278, 380, 
917, 834, -82, -875, 500, 375, 229, 351, 380, 375, 287, 385, 
922, 844, -78, -883, 500, 383, 229, 351, 385, 375, 287, 385, 
941, 844, -97, -893, 519, 373, 229, 341, 385, 366, 278, 375, 
971, 844, -126, -907, 549, 358, 219, 331, 375, 351, 258, 356, 
990, 854, -136, -922, 563, 358, 224, 326, 370, 356, 253, 346, 
1000, 863, -136, -932, 568, 363, 234, 322, 375, 351, 248, 346, 
1010, 883, -126, -946, 568, 378, 234, 312, 370, 346, 239, 326, 
1005, 878, -126, -941, 566, 375, 234, 322, 370, 346, 248, 331, 
1000, 873, -126, -936, 563, 373, 244, 331, 385, 351, 248, 336, 
980, 863, -117, -922, 549, 373, 253, 331, 385, 356, 244, 331, 
951, 849, -102, -900, 527, 373, 268, 322, 385, 356, 239, 317, 
946, 844, -102, -895, 524, 370, 278, 326, 405, 361, 253, 322, 
932, 839, -92, -885, 512, 373, 287, 331, 409, 366, 253, 331, 
917, 824, -92, -871, 505, 366, 292, 336, 409, 366, 253, 326, 
902, 800, -102, -851, 502, 348, 297, 341, 409, 370, 248, 336, 
912, 814, -97, -863, 505, 358, 287, 331, 414, 370, 244, 336, 
912, 824, -87, -868, 500, 368, 297, 326, 414, 366, 253, 346, 
932, 834, -97, -883, 514, 368, 307, 326, 419, 361, 248, 341, 
941, 844, -97, -893, 519, 373, 312, 326, 429, 356, 248, 336, 
907, 819, -87, -863, 497, 366, 336, 317, 419, 346, 239, 331, 
878, 814, -63, -846, 470, 375, 336, 312, 419, 346, 239, 326, 
854, 819, -34, -836, 444, 392, 341, 312, 414, 341, 224, 312, 
829, 814, -14, -822, 422, 400, 346, 307, 414, 341, 224, 307, 
839, 810, -29, -824, 434, 390, 346, 307, 409, 341, 214, 307, 
839, 805, -34, -822, 436, 385, 356, 307, 409, 341, 214, 307, 
839, 800, -39, -819, 439, 380, 361, 307, 409, 336, 214, 307, 
839, 814, -24, -827, 431, 395, 361, 302, 405, 326, 209, 302, 
858, 829, -29, -844, 444, 400, 361, 307, 405, 326, 214, 302, 
878, 814, -63, -846, 470, 375, 361, 302, 409, 326, 209, 302, 
849, 800, -48, -824, 448, 375, 366, 297, 409, 317, 204, 292, 
844, 805, -39, -824, 441, 383, 366, 297, 414, 317, 204, 287, 
839, 795, -43, -817, 441, 375, 356, 287, 409, 312, 200, 297, 
844, 790, -53, -817, 448, 368, 351, 287, 405, 312, 190, 297, 
824, 785, -39, -805, 431, 373, 356, 283, 400, 312, 190, 297, 
819, 780, -39, -800, 429, 370, 351, 283, 395, 307, 190, 292, 
829, 775, -53, -802, 441, 361, 346, 278, 380, 307, 170, 283, 
824, 780, -43, -802, 434, 368, 346, 273, 380, 302, 170, 273, 
854, 795, -58, -824, 456, 368, 351, 273, 380, 302, 175, 287, 
868, 819, -48, -844, 458, 385, 351, 273, 380, 302, 180, 287, 
878, 819, -58, -849, 468, 380, 351, 268, 370, 297, 170, 283, 
873, 810, -63, -841, 468, 373, 351, 248, 366, 287, 165, 268, 
868, 795, -73, -832, 470, 361, 341, 244, 361, 283, 165, 263, 
868, 795, -73, -832, 470, 361, 341, 239, 356, 278, 165, 258, 
873, 805, -68, -839, 470, 368, 346, 234, 356, 278, 161, 273, 
878, 814, -63, -846, 470, 375, 351, 244, 361, 283, 161, 278, 
878, 814, -63, -846, 470, 375, 351, 244, 361, 283, 156, 278, 
868, 810, -58, -839, 463, 375, 356, 244, 366, 287, 156, 278, 
829, 785, -43, -807, 436, 370, 356, 248, 375, 297, 170, 283, 
814, 785, -29, -800, 422, 378, 356, 248, 375, 292, 170, 283, 
834, 795, -39, -814, 436, 378, 351, 248, 375, 287, 165, 283, 
824, 800, -24, -812, 424, 387, 351, 248, 375, 287, 165, 283, 
814, 810, -4, -812, 409, 402, 341, 229, 366, 273, 156, 278, 
805, 805, 0, -805, 402, 402, 341, 224, 356, 268, 156, 273, 
795, 790, -4, -793, 400, 392, 336, 219, 346, 253, 151, 258, 
785, 795, 9, -790, 387, 402, 331, 209, 336, 248, 151, 253, 
780, 795, 14, -788, 383, 405, 341, 214, 341, 253, 141, 258, 
780, 790, 9, -785, 385, 400, 341, 224, 341, 258, 141, 258, 
771, 780, 9, -775, 380, 395, 341, 229, 346, 263, 131, 263, 
771, 775, 4, -773, 383, 390, 341, 234, 351, 268, 131, 268, 
780, 756, -24, -768, 402, 366, 322, 244, 351, 258, 151, 273, 
819, 780, -39, -800, 429, 370, 312, 234, 341, 244, 141, 263, 
