I, II, III, aVR, aVL, aVF, V1, V2, V3, V4, V5, V6, 
175, 19, -156, -97, 165, -68, 331, 58, 224, 146, 9, -58, 
175, 19, -156, -97, 165, -68, 331, 58, 224, 146, 9, -58, 
175, 19, -156, -97, 165, -68, 331, 58, 224, 146, 9, -58, 
175, 19, -156, -97, 165, -68, 331, 58, 224, 146, 9, -58, 
200, 43, -156, -122, 178, -56, 356, 82, 239, 161, 14, -53, 
214, 58, -156, -136, 185, -48, 370, 97, 253, 165, 19, -48, 
229, 73, -156, -151, 192, -41, 385, 112, 268, 170, 24, -43, 
244, 87, -156, -165, 200, -34, 400, 126, 283, 175, 29, -39, 
234, 92, -141, -163, 187, -24, 414, 146, 322, 185, 4, -73, 
224, 97, -126, -161, 175, -14, 419, 156, 351, 185, -9, -97, 
214, 102, -112, -158, 163, -4, 424, 165, 380, 185, -24, -122, 
204, 107, -97, -156, 151, 4, 429, 175, 409, 185, -39, -146, 
214, 156, -58, -185, 136, 48, 400, 175, 478, 263, 9, -107, 
214, 195, -19, -204, 117, 87, 380, 175, 546, 341, 58, -78, 
214, 234, 19, -224, 97, 126, 361, 175, 614, 419, 107, -48, 
214, 273, 58, -244, 78, 165, 341, 175, 683, 497, 156, -19, 
278, 375, 97, -326, 90, 236, 229, 92, 736, 707, 370, 161, 
331, 478, 146, -405, 92, 312, 117, 19, 780, 907, 575, 331, 
385, 580, 195, -483, 95, 387, 4, -53, 824, 1107, 780, 502, 
439, 683, 244, -561, 97, 463, -107, -126, 868, 1307, 985, 673, 
522, 775, 253, -649, 134, 514, -258, -283, 741, 1390, 1132, 824, 
595, 858, 263, -727, 165, 561, -409, -429, 624, 1464, 1278, 976, 
668, 941, 273, -805, 197, 607, -561, -575, 507, 1537, 1424, 1127, 
741, 1024, 283, -883, 229, 653, -712, -722, 390, 1610, 1571, 1278, 
727, 858, 131, -793, 297, 495, -702, -771, 107, 1239, 1327, 1132, 
722, 702, -19, -712, 370, 341, -692, -810, -175, 878, 1083, 985, 
717, 546, -170, -631, 444, 187, -683, -849, -458, 517, 839, 839, 
712, 390, -322, -551, 517, 34, -673, -888, -741, 156, 595, 692, 
683, 200, -483, -441, 583, -141, -570, -790, -897, -136, 351, 512, 
663, 9, -653, -336, 658, -322, -478, -692, -1054, -419, 107, 331, 
644, -180, -824, -231, 734, -502, -385, -595, -1210, -702, -136, 151, 
624, -370, -995, -126, 810, -683, -292, -497, -1366, -985, -380, -29, 
634, -409, -1044, -112, 839, -727, -263, -414, -1293, -961, -405, -53, 
644, -439, -1083, -102, 863, -761, -234, -331, -1229, -936, -419, -78, 
653, -468, -1122, -92, 888, -795, -204, -248, -1166, -912, -434, -102, 
663, -497, -1161, -82, 912, -829, -175, -165, -1102, -888, -448, -126, 
629, -434, -1063, -97, 846, -749, -156, -136, -966, -775, -380, -87, 
605, -370, -976, -117, 790, -673, -146, -117, -829, -663, -312, -48, 
580, -307, -888, -136, 734, -597, -136, -97, -692, -551, -244, -9, 
556, -244, -800, -156, 678, -522, -126, -78, -556, -439, -175, 29, 
522, -200, -722, -161, 622, -461, -102, -68, -463, -370, -146, 19, 
497, -165, -663, -165, 580, -414, -78, -68, -370, -302, -126, 19, 
473, -131, -605, -170, 539, -368, -53, -68, -278, -234, -107, 19, 
448, -97, -546, -175, 497, -322, -29, -68, -185, -165, -87, 19, 
419, -87, -507, -165, 463, -297, 0, -63, -131, -131, -73, -4, 
390, -87, -478, -151, 434, -283, 19, -58, -87, -97, -68, -19, 
361, -87, -448, -136, 405, -268, 39, -53, -43, -63, -63, -34, 
331, -87, -419, -122, 375, -253, 58, -48, 0, -29, -58, -48, 
336, -68, -405, -134, 370, -236, 78, -29, 39, 4, -43, -43, 
341, -58, -400, -141, 370, -229, 87, -9, 68, 29, -29, -39, 
346, -48, -395, -148, 370, -222, 97, 9, 97, 53, -14, -34, 
351, -39, -390, -156, 370, -214, 107, 29, 126, 78, 0, -29, 
341, -48, -390, -146, 366, -219, 122, 29, 136, 78, -4, -39, 
331, -48, -380, -141, 356, -214, 126, 29, 136, 78, -9, -48, 
322, -48, -370, -136, 346, -209, 131, 29, 136, 78, -14, -58, 
312, -48, -361, -131, 336, -204, 136, 29, 136, 78, -19, -68, 
312, -58, -370, -126, 341, -214, 126, 29, 141, 87, -19, -78, 
312, -58, -370, -126, 341, -214, 126, 29, 146, 87, -19, -78, 
312, -58, -370, -126, 341, -214, 126, 29, 151, 87, -19, -78, 
312, -58, -370, -126, 341, -214, 126, 29, 156, 87, -19, -78, 
307, -58, -366, -124, 336, -212, 126, 39, 165, 87, -19, -82, 
302, -58, -361, -122, 331, -209, 126, 39, 165, 87, -19, -87, 
297, -58, -356, -119, 326, -207, 126, 39, 165, 87, -19, -92, 
292, -58, -351, -117, 322, -204, 126, 39, 165, 87, -19, -97, 
297, -43, -341, -126, 319, -192, 136, 48, 175, 97, -19, -97, 
302, -39, -341, -131, 322, -190, 136, 48, 175, 97, -19, -97, 
307, -34, -341, -136, 324, -187, 136, 48, 175, 97, -19, -97, 
312, -29, -341, -141, 326, -185, 136, 48, 175, 97, -19, -97, 
317, -29, -346, -143, 331, -187, 136, 53, 190, 102, -4, -87, 
322, -29, -351, -146, 336, -190, 136, 58, 195, 107, 0, -78, 
326, -29, -356, -148, 341, -192, 136, 63, 200, 112, 4, -68, 
331, -29, -361, -151, 346, -195, 136, 68, 204, 117, 9, -58, 
322, -29, -351, -146, 336, -190, 151, 58, 195, 107, 4, -58, 
322, -29, -351, -146, 336, -190, 156, 58, 195, 107, 0, -58, 
322, -29, -351, -146, 336, -190, 161, 58, 195, 107, -4, -58, 
322, -29, -351, -146, 336, -190, 165, 58, 195, 107, -9, -58, 
322, -19, -341, -151, 331, -180, 175, 63, 200, 112, 0, -53, 
322, -19, -341, -151, 331, -180, 175, 68, 204, 117, 0, -48, 
322, -19, -341, -151, 331, -180, 175, 73, 209, 122, 0, -43, 
322, -19, -341, -151, 331, -180, 175, 78, 214, 126, 0, -39, 
317, -9, -326, -153, 322, -168, 185, 87, 214, 126, 9, -29, 
312, -9, -322, -151, 317, -165, 185, 87, 214, 126, 9, -29, 
307, -9, -317, -148, 312, -163, 185, 87, 214, 126, 9, -29, 
302, -9, -312, -146, 307, -161, 185, 87, 214, 126, 9, -29, 
307, 0, -307, -153, 307, -153, 200, 87, 224, 117, 4, -29, 
312, 0, -312, -156, 312, -156, 204, 87, 224, 117, 0, -29, 
317, 0, -317, -158, 317, -158, 209, 87, 224, 117, -4, -29, 
322, 0, -322, -161, 322, -161, 214, 87, 224, 117, -9, -29, 
312, 4, -307, -158, 309, -151, 219, 102, 234, 131, 9, -19, 
312, 9, -302, -161, 307, -146, 224, 117, 244, 146, 19, -9, 
312, 14, -297, -163, 305, -141, 229, 131, 253, 161, 29, 0, 
312, 19, -292, -165, 302, -136, 234, 146, 263, 175, 39, 9, 
307, 4, -302, -156, 305, -148, 244, 136, 273, 165, 29, -4, 
302, 0, -302, -151, 302, -151, 244, 136, 273, 165, 29, -9, 
297, -4, -302, -146, 300, -153, 244, 136, 273, 165, 29, -14, 
292, -9, -302, -141, 297, -156, 244, 136, 273, 165, 29, -19, 
292, 0, -292, -146, 292, -146, 248, 141, 287, 175, 29, -9, 
292, 0, -292, -146, 292, -146, 253, 146, 292, 175, 29, -9, 
292, 0, -292, -146, 292, -146, 258, 151, 297, 175, 29, -9, 
292, 0, -292, -146, 292, -146, 263, 156, 302, 175, 29, -9, 
307, 19, -287, -163, 297, -134, 268, 161, 317, 190, 43, 0, 
322, 29, -292, -175, 307, -131, 273, 165, 322, 195, 48, 0, 
336, 39, -297, -187, 317, -129, 278, 170, 326, 200, 53, 0, 
351, 48, -302, -200, 326, -126, 283, 175, 331, 204, 58, 0, 
351, 53, -297, -202, 324, -122, 297, 185, 341, 214, 68, 4, 
351, 58, -292, -204, 322, -117, 302, 195, 351, 214, 68, 9, 
351, 63, -287, -207, 319, -112, 307, 204, 361, 214, 68, 14, 
351, 68, -283, -209, 317, -107, 312, 214, 370, 214, 68, 19, 
341, 68, -273, -204, 307, -102, 302, 224, 380, 224, 82, 34, 
331, 68, -263, -200, 297, -97, 302, 224, 390, 234, 87, 39, 
322, 68, -253, -195, 287, -92, 302, 224, 400, 244, 92, 43, 
312, 68, -244, -190, 278, -87, 302, 224, 409, 253, 97, 48, 
317, 78, -239, -197, 278, -80, 287, 209, 419, 268, 112, 58, 
322, 87, -234, -204, 278, -73, 283, 204, 429, 273, 117, 68, 
326, 97, -229, -212, 278, -65, 278, 200, 439, 278, 122, 78, 
331, 107, -224, -219, 278, -58, 273, 195, 448, 283, 126, 87, 
356, 131, -224, -244, 290, -46, 248, 175, 463, 292, 131, 97, 
370, 146, -224, -258, 297, -39, 234, 165, 468, 302, 136, 97, 
385, 161, -224, -273, 305, -31, 219, 156, 473, 312, 141, 97, 
400, 175, -224, -287, 312, -24, 204, 146, 478, 322, 146, 97, 
385, 161, -224, -273, 305, -31, 190, 136, 478, 331, 156, 97, 
380, 156, -224, -268, 302, -34, 185, 136, 478, 331, 156, 97, 
375, 151, -224, -263, 300, -36, 180, 136, 478, 331, 156, 97, 
370, 146, -224, -258, 297, -39, 175, 136, 478, 331, 156, 97, 
385, 146, -239, -265, 312, -46, 180, 146, 478, 322, 165, 97, 
390, 146, -244, -268, 317, -48, 185, 156, 478, 322, 165, 97, 
395, 146, -248, -270, 322, -51, 190, 165, 478, 322, 165, 97, 
400, 146, -253, -273, 326, -53, 195, 175, 478, 322, 165, 97, 
414, 136, -278, -275, 346, -70, 185, 190, 473, 322, 156, 87, 
419, 136, -283, -278, 351, -73, 185, 195, 468, 322, 156, 87, 
424, 136, -287, -280, 356, -75, 185, 200, 463, 322, 156, 87, 
429, 136, -292, -283, 361, -78, 185, 204, 458, 322, 156, 87, 
429, 117, -312, -273, 370, -97, 175, 214, 448, 322, 165, 78, 
429, 107, -322, -268, 375, -107, 175, 214, 448, 322, 165, 78, 
429, 97, -331, -263, 380, -117, 175, 214, 448, 322, 165, 78, 
429, 87, -341, -258, 385, -126, 175, 214, 448, 322, 165, 78, 
424, 82, -341, -253, 383, -129, 170, 214, 439, 307, 161, 68, 
419, 78, -341, -248, 380, -131, 165, 214, 429, 302, 156, 68, 
414, 73, -341, -244, 378, -134, 161, 214, 419, 297, 151, 68, 
409, 68, -341, -239, 375, -136, 156, 214, 409, 292, 146, 68, 
419, 82, -336, -251, 378, -126, 146, 214, 405, 283, 156, 68, 
429, 87, -341, -258, 385, -126, 146, 214, 400, 283, 156, 68, 
439, 92, -346, -265, 392, -126, 146, 214, 395, 283, 156, 68, 
448, 97, -351, -273, 400, -126, 146, 214, 390, 283, 156, 68, 
458, 87, -370, -273, 414, -141, 146, 200, 375, 278, 156, 78, 
458, 87, -370, -273, 414, -141, 146, 195, 370, 273, 156, 78, 
458, 87, -370, -273, 414, -141, 146, 190, 366, 268, 156, 78, 
458, 87, -370, -273, 414, -141, 146, 185, 361, 263, 156, 78, 
448, 82, -366, -265, 407, -141, 146, 170, 341, 244, 141, 68, 
439, 78, -361, -258, 400, -141, 146, 165, 322, 234, 136, 68, 
429, 73, -356, -251, 392, -141, 146, 161, 302, 224, 131, 68, 
419, 68, -351, -244, 385, -141, 146, 156, 283, 214, 126, 68, 
409, 68, -341, -239, 375, -136, 156, 141, 268, 209, 126, 68, 
409, 68, -341, -239, 375, -136, 156, 136, 263, 204, 126, 68, 
409, 68, -341, -239, 375, -136, 156, 131, 258, 200, 126, 68, 
409, 68, -341, -239, 375, -136, 156, 126, 253, 195, 126, 68, 
405, 58, -346, -231, 375, -143, 146, 117, 234, 180, 112, 58, 
400, 48, -351, -224, 375, -151, 146, 107, 224, 175, 107, 58, 
395, 39, -356, -217, 375, -158, 146, 97, 214, 170, 102, 58, 
390, 29, -361, -209, 375, -165, 146, 87, 204, 165, 97, 58, 
375, 24, -351, -200, 363, -163, 151, 73, 195, 156, 82, 43, 
370, 19, -351, -195, 361, -165, 156, 68, 185, 146, 78, 39, 
366, 14, -351, -190, 358, -168, 161, 63, 175, 136, 73, 34, 
361, 9, -351, -185, 356, -170, 165, 58, 165, 126, 68, 29, 
356, 0, -356, -178, 356, -178, 175, 58, 156, 117, 58, 24, 
351, 0, -351, -175, 351, -175, 175, 58, 156, 117, 58, 19, 
346, 0, -346, -173, 346, -173, 175, 58, 156, 117, 58, 14, 
341, 0, -341, -170, 341, -170, 175, 58, 156, 117, 58, 9, 
331, 9, -322, -170, 326, -156, 180, 58, 141, 112, 43, 0, 
331, 9, -322, -170, 326, -156, 185, 58, 136, 107, 39, 0, 
331, 9, -322, -170, 326, -156, 190, 58, 131, 102, 34, 0, 
331, 9, -322, -170, 326, -156, 195, 58, 126, 97, 29, 0, 
346, 19, -326, -183, 336, -153, 200, 58, 117, 87, 29, -9, 
351, 19, -331, -185, 341, -156, 204, 58, 117, 87, 29, -9, 
356, 19, -336, -187, 346, -158, 209, 58, 117, 87, 29, -9, 
361, 19, -341, -190, 351, -161, 214, 58, 117, 87, 29, -9, 
341, 9, -331, -175, 336, -161, 224, 58, 107, 78, 19, -19, 
331, 0, -331, -165, 331, -165, 224, 58, 107, 78, 19, -19, 
322, -9, -331, -156, 326, -170, 224, 58, 107, 78, 19, -19, 
312, -19, -331, -146, 322, -175, 224, 58, 107, 78, 19, -19, 
317, -4, -322, -156, 319, -163, 244, 73, 117, 78, 19, -19, 
322, 0, -322, -161, 322, -161, 253, 78, 117, 78, 19, -19, 
326, 4, -322, -165, 324, -158, 263, 82, 117, 78, 19, -19, 
331, 9, -322, -170, 326, -156, 273, 87, 117, 78, 19, -19, 
322, 0, -322, -161, 322, -161, 283, 87, 126, 68, 9, -29, 
322, -9, -331, -156, 326, -170, 283, 87, 126, 68, 9, -29, 
322, -19, -341, -151, 331, -180, 283, 87, 126, 68, 9, -29, 
322, -29, -351, -146, 336, -190, 283, 87, 126, 68, 9, -29, 
317, -24, -341, -146, 329, -183, 292, 97, 126, 68, 0, -39, 
312, -19, -331, -146, 322, -175, 292, 97, 126, 68, 0, -39, 
307, -14, -322, -146, 314, -168, 292, 97, 126, 68, 0, -39, 
302, -9, -312, -146, 307, -161, 292, 97, 126, 68, 0, -39, 
317, 9, -307, -163, 312, -148, 292, 97, 131, 78, 4, -29, 
322, 19, -302, -170, 312, -141, 292, 97, 136, 78, 9, -29, 
326, 29, -297, -178, 312, -134, 292, 97, 141, 78, 14, -29, 
331, 39, -292, -185, 312, -126, 292, 97, 146, 78, 19, -29, 
341, 48, -292, -195, 317, -122, 283, 82, 156, 87, 19, -29, 
341, 58, -283, -200, 312, -112, 273, 68, 156, 87, 19, -29, 
341, 68, -273, -204, 307, -102, 263, 53, 156, 87, 19, -29, 
341, 78, -263, -209, 302, -92, 253, 39, 156, 87, 19, -29, 
317, 58, -258, -187, 287, -100, 234, 24, 156, 82, 19, -39, 
302, 48, -253, -175, 278, -102, 224, 9, 156, 78, 19, -39, 
287, 39, -248, -163, 268, -104, 214, -4, 156, 73, 19, -39, 
273, 29, -244, -151, 258, -107, 204, -19, 156, 68, 19, -39, 
283, 43, -239, -163, 261, -97, 200, -19, 161, 82, 24, -34, 
292, 58, -234, -175, 263, -87, 195, -19, 165, 87, 29, -29, 
302, 73, -229, -187, 265, -78, 190, -19, 170, 92, 34, -24, 
312, 87, -224, -200, 268, -68, 185, -19, 175, 97, 39, -19, 
302, 97, -204, -200, 253, -53, 185, -9, 185, 97, 29, -29, 
302, 97, -204, -200, 253, -53, 185, -9, 185, 97, 29, -29, 
302, 97, -204, -200, 253, -53, 185, -9, 185, 97, 29, -29, 
302, 97, -204, -200, 253, -53, 185, -9, 185, 97, 29, -29, 
302, 87, -214, -195, 258, -63, 195, -9, 180, 92, 24, -43, 
302, 87, -214, -195, 258, -63, 195, -9, 175, 87, 19, -48, 
302, 87, -214, -195, 258, -63, 195, -9, 170, 82, 14, -53, 
302, 87, -214, -195, 258, -63, 195, -9, 165, 78, 9, -58, 
307, 87, -219, -197, 263, -65, 204, -4, 175, 87, 19, -48, 
312, 87, -224, -200, 268, -68, 204, 0, 175, 87, 19, -48, 
317, 87, -229, -202, 273, -70, 204, 4, 175, 87, 19, -48, 
322, 87, -234, -204, 278, -73, 204, 9, 175, 87, 19, -48, 
317, 73, -244, -195, 280, -85, 195, 0, 165, 78, 29, -39, 
312, 68, -244, -190, 278, -87, 195, 0, 165, 78, 29, -39, 
307, 63, -244, -185, 275, -90, 195, 0, 165, 78, 29, -39, 
302, 58, -244, -180, 273, -92, 195, 0, 165, 78, 29, -39, 
322, 73, -248, -197, 285, -87, 190, 4, 156, 87, 29, -29, 
331, 78, -253, -204, 292, -87, 185, 9, 156, 87, 29, -29, 
341, 82, -258, -212, 300, -87, 180, 14, 156, 87, 29, -29, 
351, 87, -263, -219, 307, -87, 175, 19, 156, 87, 29, -29, 
351, 78, -273, -214, 312, -97, 180, 24, 165, 97, 29, -24, 
351, 78, -273, -214, 312, -97, 185, 29, 165, 97, 29, -19, 
351, 78, -273, -214, 312, -97, 190, 34, 165, 97, 29, -14, 
351, 78, -273, -214, 312, -97, 195, 39, 165, 97, 29, -9, 
361, 63, -297, -212, 329, -117, 204, 48, 165, 97, 29, -9, 
361, 58, -302, -209, 331, -122, 204, 48, 165, 97, 29, -9, 
361, 53, -307, -207, 334, -126, 204, 48, 165, 97, 29, -9, 
361, 48, -312, -204, 336, -131, 204, 48, 165, 97, 29, -9, 
366, 63, -302, -214, 334, -119, 214, 63, 175, 107, 34, 4, 
370, 68, -302, -219, 336, -117, 214, 68, 175, 107, 39, 9, 
375, 73, -302, -224, 339, -114, 214, 73, 175, 107, 43, 14, 
380, 78, -302, -229, 341, -112, 214, 78, 175, 107, 48, 19, 
370, 68, -302, -219, 336, -117, 224, 82, 180, 122, 53, 29, 
370, 68, -302, -219, 336, -117, 234, 87, 185, 126, 58, 39, 
370, 68, -302, -219, 336, -117, 244, 92, 190, 131, 63, 48, 
370, 68, -302, -219, 336, -117, 253, 97, 195, 136, 68, 58, 
375, 58, -317, -217, 346, -129, 244, 97, 180, 131, 63, 53, 
380, 58, -322, -219, 351, -131, 244, 97, 175, 126, 58, 48, 
385, 58, -326, -222, 356, -134, 244, 97, 170, 122, 53, 43, 
390, 58, -331, -224, 361, -136, 244, 97, 165, 117, 48, 39, 
400, 68, -331, -234, 366, -131, 253, 97, 165, 107, 58, 48, 
400, 68, -331, -234, 366, -131, 253, 97, 165, 107, 58, 48, 
400, 68, -331, -234, 366, -131, 253, 97, 165, 107, 58, 48, 
400, 68, -331, -234, 366, -131, 253, 97, 165, 107, 58, 48, 
390, 58, -331, -224, 361, -136, 258, 107, 165, 117, 58, 48, 
390, 58, -331, -224, 361, -136, 263, 107, 165, 117, 58, 48, 
390, 58, -331, -224, 361, -136, 268, 107, 165, 117, 58, 48, 
390, 58, -331, -224, 361, -136, 273, 107, 165, 117, 58, 48, 
390, 68, -322, -229, 356, -126, 283, 117, 175, 126, 68, 43, 
390, 68, -322, -229, 356, -126, 292, 126, 175, 126, 68, 39, 
390, 68, -322, -229, 356, -126, 302, 136, 175, 126, 68, 34, 
390, 68, -322, -229, 356, -126, 312, 146, 175, 126, 68, 29, 
400, 78, -322, -239, 361, -122, 331, 151, 180, 136, 78, 29, 
400, 78, -322, -239, 361, -122, 341, 156, 185, 136, 78, 29, 
400, 78, -322, -239, 361, -122, 351, 161, 190, 136, 78, 29, 
400, 78, -322, -239, 361, -122, 361, 165, 195, 136, 78, 29, 
395, 68, -326, -231, 361, -129, 370, 165, 195, 126, 68, 29, 
390, 68, -322, -229, 356, -126, 370, 165, 195, 126, 68, 29, 
385, 68, -317, -226, 351, -124, 370, 165, 195, 126, 68, 29, 
380, 68, -312, -224, 346, -122, 370, 165, 195, 126, 68, 29, 
380, 78, -302, -229, 341, -112, 375, 165, 195, 126, 68, 19, 
380, 78, -302, -229, 341, -112, 380, 165, 195, 126, 68, 19, 
380, 78, -302, -229, 341, -112, 385, 165, 195, 126, 68, 19, 
380, 78, -302, -229, 341, -112, 390, 165, 195, 126, 68, 19, 
390, 87, -302, -239, 346, -107, 385, 146, 185, 117, 58, 9, 
390, 87, -302, -239, 346, -107, 380, 136, 185, 117, 58, 9, 
390, 87, -302, -239, 346, -107, 375, 126, 185, 117, 58, 9, 
390, 87, -302, -239, 346, -107, 370, 117, 185, 117, 58, 9, 
375, 82, -292, -229, 334, -104, 356, 107, 175, 107, 53, 9, 
370, 78, -292, -224, 331, -107, 351, 97, 175, 107, 48, 9, 
366, 73, -292, -219, 329, -109, 346, 87, 175, 107, 43, 9, 
361, 68, -292, -214, 326, -112, 341, 78, 175, 107, 39, 9, 
370, 87, -283, -229, 326, -97, 326, 68, 175, 117, 39, 9, 
380, 97, -283, -239, 331, -92, 322, 58, 175, 117, 39, 9, 
390, 107, -283, -248, 336, -87, 317, 48, 175, 117, 39, 9, 
400, 117, -283, -258, 341, -82, 312, 39, 175, 117, 39, 9, 
390, 112, -278, -251, 334, -82, 297, 34, 170, 112, 29, 9, 
380, 102, -278, -241, 329, -87, 292, 29, 165, 97, 24, 9, 
375, 97, -278, -236, 326, -90, 287, 19, 161, 92, 24, 9, 
375, 92, -283, -234, 329, -95, 283, 14, 156, 92, 24, 9, 
390, 107, -283, -248, 336, -87, 292, 14, 156, 102, 34, 24, 
390, 107, -283, -248, 336, -87, 292, 14, 156, 102, 39, 34, 
375, 97, -278, -236, 326, -90, 287, 4, 161, 97, 39, 29, 
375, 87, -287, -231, 331, -100, 287, -4, 165, 87, 43, 39, 
370, 82, -287, -226, 329, -102, 292, -4, 156, 87, 39, 29, 
385, 82, -302, -234, 344, -109, 297, 0, 156, 87, 34, 34, 
375, 87, -287, -231, 331, -100, 307, 0, 156, 82, 29, 34, 
375, 82, -292, -229, 334, -104, 312, 4, 156, 82, 24, 34, 
385, 78, -307, -231, 346, -114, 322, 4, 141, 73, 14, 29, 
385, 73, -312, -229, 348, -119, 322, 4, 136, 68, 14, 24, 
385, 58, -326, -222, 356, -134, 317, 0, 131, 63, 14, 19, 
375, 48, -326, -212, 351, -139, 317, 0, 126, 58, 14, 14, 
361, 43, -317, -202, 339, -136, 312, -14, 122, 53, 9, 4, 
356, 43, -312, -200, 334, -134, 307, -19, 117, 48, 0, 0, 
351, 39, -312, -195, 331, -136, 302, -24, 112, 43, -4, -4, 
341, 34, -307, -187, 324, -136, 297, -34, 107, 39, -4, -9, 
351, 39, -312, -195, 331, -136, 297, -24, 107, 48, -9, -9, 
361, 43, -317, -202, 339, -136, 297, -19, 107, 43, -9, -9, 
375, 53, -322, -214, 348, -134, 302, -19, 107, 43, -9, -4, 
405, 63, -341, -234, 373, -139, 302, -19, 102, 48, -9, -4, 
390, 58, -331, -224, 361, -136, 302, -29, 92, 43, -9, 4, 
380, 53, -326, -217, 353, -136, 302, -29, 92, 39, -9, 0, 
375, 48, -326, -212, 351, -139, 302, -34, 92, 34, -9, 0, 
370, 29, -341, -200, 356, -156, 302, -34, 87, 29, -9, -4, 
385, 34, -351, -209, 368, -158, 312, -24, 87, 29, -19, -14, 
385, 53, -331, -219, 358, -139, 317, -19, 92, 29, -14, -9, 
385, 58, -326, -222, 356, -134, 317, -19, 92, 29, -14, -4, 
375, 63, -312, -219, 344, -124, 312, -24, 92, 24, -14, -4, 
390, 53, -336, -222, 363, -141, 312, -14, 97, 34, -4, -4, 
390, 58, -331, -224, 361, -136, 312, -9, 97, 39, -4, 0, 
385, 58, -326, -222, 356, -134, 312, -9, 97, 39, -4, 4, 
380, 53, -326, -217, 353, -136, 312, -14, 97, 39, -4, 9, 
395, 58, -336, -226, 366, -139, 317, -4, 97, 39, -4, 19, 
405, 78, -326, -241, 366, -124, 322, 0, 97, 39, -4, 24, 
409, 73, -336, -241, 373, -131, 331, 0, 97, 39, -4, 24, 
405, 63, -341, -234, 373, -139, 336, 0, 97, 39, -4, 24, 
390, 53, -336, -222, 363, -141, 341, 0, 87, 39, -4, 24, 
375, 43, -331, -209, 353, -143, 346, 4, 87, 39, -4, 24, 
356, 34, -322, -195, 339, -143, 351, 4, 87, 29, -9, 24, 
341, 24, -317, -183, 329, -146, 356, 9, 87, 39, -9, 29, 
366, 34, -331, -200, 348, -148, 375, 24, 78, 39, -14, 19, 
375, 39, -336, -207, 356, -148, 375, 24, 78, 34, -14, 19, 
385, 43, -341, -214, 363, -148, 375, 24, 78, 34, -14, 19, 
395, 53, -341, -224, 368, -143, 375, 24, 82, 39, -14, 19, 
400, 63, -336, -231, 368, -136, 395, 39, 87, 48, 0, 34, 
405, 53, -351, -229, 378, -148, 409, 48, 92, 39, 0, 34, 
419, 53, -366, -236, 392, -156, 419, 58, 97, 39, -4, 34, 
424, 53, -370, -239, 397, -158, 429, 68, 102, 39, -4, 34, 
400, 39, -361, -219, 380, -161, 448, 78, 112, 39, -4, 43, 
395, 39, -356, -217, 375, -158, 448, 78, 112, 34, 0, 43, 
395, 43, -351, -219, 373, -153, 444, 78, 112, 34, 0, 43, 
390, 43, -346, -217, 368, -151, 439, 78, 112, 34, 0, 39, 
400, 48, -351, -224, 375, -151, 439, 87, 117, 43, 9, 39, 
400, 48, -351, -224, 375, -151, 444, 82, 117, 48, 9, 34, 
400, 48, -351, -224, 375, -151, 444, 82, 117, 53, 9, 34, 
400, 53, -346, -226, 373, -146, 444, 82, 122, 63, 9, 34, 
405, 68, -336, -236, 370, -134, 448, 73, 131, 53, 9, 43, 
405, 68, -336, -236, 370, -134, 448, 68, 131, 53, 4, 39, 
405, 68, -336, -236, 370, -134, 444, 68, 126, 48, 4, 39, 
400, 68, -331, -234, 366, -131, 444, 68, 122, 48, 4, 39, 
385, 53, -331, -219, 358, -139, 439, 53, 122, 43, -4, 29, 
380, 48, -331, -214, 356, -141, 429, 48, 122, 43, -9, 24, 
380, 43, -336, -212, 358, -146, 424, 43, 122, 43, -9, 24, 
380, 43, -336, -212, 358, -146, 419, 39, 122, 43, -9, 24, 
390, 53, -336, -222, 363, -141, 424, 48, 126, 48, 0, 34, 
380, 58, -322, -219, 351, -131, 434, 53, 131, 48, 4, 34, 
380, 68, -312, -224, 346, -122, 439, 53, 136, 53, 9, 34, 
400, 78, -322, -239, 361, -122, 444, 58, 136, 58, 4, 29, 
424, 82, -341, -253, 383, -129, 434, 63, 141, 63, 14, 39, 
409, 78, -331, -244, 370, -126, 434, 63, 141, 63, 19, 43, 
409, 78, -331, -244, 370, -126, 434, 73, 146, 63, 19, 43, 
405, 78, -326, -241, 366, -124, 434, 73, 146, 68, 19, 48, 
400, 78, -322, -239, 361, -122, 424, 63, 141, 58, 14, 34, 
400, 82, -317, -241, 358, -117, 419, 53, 141, 53, 9, 24, 
400, 87, -312, -244, 356, -112, 414, 43, 141, 53, 4, 19, 
395, 87, -307, -241, 351, -109, 405, 39, 141, 53, 0, 19, 
409, 73, -336, -241, 373, -131, 405, 43, 141, 63, 9, 34, 
409, 73, -336, -241, 373, -131, 405, 48, 146, 63, 14, 39, 
414, 78, -336, -246, 375, -129, 405, 53, 146, 63, 14, 43, 
419, 78, -341, -248, 380, -131, 400, 58, 146, 63, 9, 48, 
409, 58, -351, -234, 380, -146, 390, 53, 136, 48, -9, 29, 
356, 24, -331, -190, 344, -153, 395, 63, 146, 48, -9, 19, 
356, 43, -312, -200, 334, -134, 424, 78, 156, 48, -19, 9, 
414, 63, -351, -239, 383, -143, 448, 102, 156, 34, -34, -14, 
453, 87, -366, -270, 409, -139, 488, 131, 180, 43, -39, -19, 
419, 73, -346, -246, 383, -136, 522, 165, 224, 53, -43, -19, 
370, 63, -307, -217, 339, -122, 531, 185, 258, 58, -63, -34, 
356, 92, -263, -224, 309, -85, 546, 209, 322, 92, -63, -43, 
346, 136, -209, -241, 278, -36, 566, 234, 400, 151, -24, -24, 
351, 175, -175, -263, 263, 0, 570, 239, 463, 209, 14, -9, 
370, 195, -175, -283, 273, 9, 541, 248, 522, 273, 53, 14, 
370, 224, -146, -297, 258, 39, 517, 258, 600, 400, 146, 87, 
409, 307, -102, -358, 256, 102, 473, 253, 688, 561, 302, 214, 
473, 409, -63, -441, 268, 173, 395, 200, 727, 746, 497, 366, 
546, 536, -9, -541, 278, 263, 278, 102, 746, 951, 727, 561, 
605, 658, 53, -631, 275, 356, 141, -43, 727, 1141, 971, 790, 
663, 751, 87, -707, 287, 419, -34, -224, 658, 1298, 1190, 1005, 
766, 868, 102, -817, 331, 485, -195, -390, 570, 1424, 1400, 1200, 
858, 980, 122, -919, 368, 551, -317, -517, 458, 1498, 1546, 1356, 
932, 1010, 78, -971, 427, 544, -448, -644, 258, 1429, 1590, 1439, 
985, 956, -29, -971, 507, 463, -527, -746, -4, 1176, 1444, 1395, 
980, 756, -224, -868, 602, 265, -502, -800, -283, 761, 1112, 1161, 
907, 517, -390, -712, 649, 63, -419, -829, -527, 312, 688, 834, 
839, 322, -517, -580, 678, -97, -361, -854, -736, -58, 351, 580, 
810, 131, -678, -470, 744, -273, -268, -800, -927, -380, 87, 385, 
790, -82, -873, -353, 832, -478, -136, -673, -1098, -683, -185, 175, 
775, -234, -1010, -270, 893, -622, -29, -536, -1229, -932, -405, 9, 
766, -356, -1122, -204, 944, -739, 43, -409, -1288, -1093, -541, -92, 
775, -478, -1254, -148, 1015, -866, 107, -297, -1263, -1117, -605, -156, 
795, -522, -1317, -136, 1056, -919, 141, -219, -1224, -1102, -610, -175, 
814, -502, -1317, -156, 1066, -910, 131, -165, -1161, -1029, -570, -146, 
795, -448, -1244, -173, 1019, -846, 131, -122, -1034, -902, -492, -97, 
736, -395, -1132, -170, 934, -763, 165, -78, -897, -795, -424, -68, 
707, -322, -1029, -192, 868, -675, 180, -43, -785, -697, -361, -43, 
697, -248, -946, -224, 822, -597, 180, -34, -668, -590, -287, 9, 
663, -204, -868, -229, 766, -536, 185, -19, -551, -478, -219, 68, 
663, -136, -800, -263, 732, -468, 209, 9, -429, -375, -151, 117, 
629, -73, -702, -278, 666, -387, 234, 24, -322, -292, -112, 131, 
566, -53, -619, -256, 592, -336, 234, 4, -234, -248, -102, 117, 
570, 0, -570, -285, 570, -285, 263, 4, -161, -190, -92, 92, 
570, 63, -507, -317, 539, -222, 307, 19, -97, -131, -68, 82, 
502, 53, -448, -278, 475, -197, 317, 9, -53, -102, -63, 53, 
458, 43, -414, -251, 436, -185, 331, 0, -14, -82, -58, 34, 
453, 53, -400, -253, 427, -173, 351, 9, 24, -48, -58, 24, 
453, 63, -390, -258, 422, -163, 366, 29, 53, -24, -43, 9, 
473, 73, -400, -273, 436, -163, 366, 43, 68, -9, -43, 19, 
497, 82, -414, -290, 456, -165, 346, 34, 82, -4, -48, 24, 
468, 82, -385, -275, 427, -151, 331, 34, 87, 9, -39, 24, 
448, 82, -366, -265, 407, -141, 341, 43, 117, 24, -19, 34, 
434, 78, -356, -256, 395, -139, 346, 43, 131, 39, -9, 34, 
429, 78, -351, -253, 390, -136, 346, 39, 136, 39, -9, 29, 
429, 87, -341, -258, 385, -126, 346, 39, 146, 39, -14, 24, 
439, 87, -351, -263, 395, -131, 346, 34, 156, 39, -14, 14, 
448, 68, -380, -258, 414, -156, 336, 24, 136, 29, -19, 0, 
448, 58, -390, -253, 419, -165, 326, 24, 136, 34, -24, -9, 
448, 58, -390, -253, 419, -165, 322, 24, 141, 34, -24, -9, 
448, 63, -385, -256, 417, -161, 322, 34, 151, 39, -14, 4, 
444, 63, -380, -253, 412, -158, 331, 48, 165, 53, -14, 14, 
444, 63, -380, -253, 412, -158, 331, 58, 165, 53, -14, 19, 
444, 63, -380, -253, 412, -158, 331, 63, 165, 48, -14, 19, 
439, 63, -375, -251, 407, -156, 331, 63, 165, 43, -19, 4, 
419, 58, -361, -239, 390, -151, 341, 58, 156, 39, -34, -14, 
429, 58, -370, -244, 400, -156, 341, 53, 156, 39, -34, -14, 
439, 58, -380, -248, 409, -161, 341, 43, 151, 39, -34, -14, 
448, 63, -385, -256, 417, -161, 341, 39, 151, 39, -29, -9, 
463, 63, -400, -263, 431, -168, 346, 58, 170, 43, -39, -9, 
458, 63, -395, -261, 427, -165, 351, 68, 170, 43, -39, -4, 
458, 63, -395, -261, 427, -165, 351, 68, 170, 43, -39, 0, 
463, 63, -400, -263, 431, -168, 356, 78, 180, 43, -39, 4, 
444, 43, -400, -244, 422, -178, 356, 78, 170, 39, -39, 0, 
424, 39, -385, -231, 405, -173, 366, 78, 170, 29, -43, -9, 
414, 34, -380, -224, 397, -173, 366, 78, 170, 24, -48, -19, 
419, 24, -395, -222, 407, -185, 366, 78, 165, 29, -53, -29, 
429, 24, -405, -226, 417, -190, 370, 87, 165, 29, -58, -34, 
439, 29, -409, -234, 424, -190, 375, 92, 165, 24, -63, -34, 
448, 29, -419, -239, 434, -195, 380, 92, 165, 24, -63, -24, 
458, 34, -424, -246, 441, -195, 390, 102, 175, 29, -68, -19, 
444, 48, -395, -246, 419, -173, 390, 112, 185, 29, -63, -14, 
453, 53, -400, -253, 427, -173, 390, 122, 185, 34, -53, -4, 
434, 53, -380, -244, 407, -163, 405, 126, 195, 34, -48, 0, 
429, 48, -380, -239, 405, -165, 409, 131, 195, 39, -39, 4, 
434, 39, -395, -236, 414, -178, 409, 117, 185, 29, -43, -4, 
444, 29, -414, -236, 429, -192, 405, 112, 185, 34, -48, -14, 
453, 14, -439, -234, 446, -212, 405, 107, 185, 34, -53, -19, 
458, 4, -453, -231, 456, -224, 400, 102, 185, 34, -58, -24, 
448, 0, -448, -224, 448, -224, 390, 112, 190, 34, -43, -9, 
458, 0, -458, -229, 458, -229, 390, 122, 195, 43, -39, -9, 
448, -4, -453, -222, 451, -229, 385, 122, 200, 43, -39, -9, 
439, -4, -444, -217, 441, -224, 385, 122, 200, 43, -39, -9, 
458, 4, -453, -231, 456, -224, 400, 131, 224, 68, -19, 0, 
458, 14, -444, -236, 451, -214, 400, 141, 224, 73, -14, 4, 
458, 24, -434, -241, 446, -204, 400, 146, 224, 73, -9, 4, 
463, 39, -424, -251, 444, -192, 400, 151, 224, 78, -4, 4, 
473, 29, -444, -251, 458, -207, 385, 151, 224, 68, -14, -9, 
473, 19, -453, -246, 463, -217, 385, 151, 229, 73, -19, -9, 
468, 9, -458, -239, 463, -224, 385, 151, 234, 68, -19, -14, 
468, 4, -463, -236, 466, -229, 385, 146, 239, 68, -19, -14, 
473, 19, -453, -246, 463, -217, 385, 161, 244, 73, 0, 0, 
478, 24, -453, -251, 466, -214, 385, 175, 253, 78, 4, 9, 
492, 39, -453, -265, 473, -207, 385, 185, 278, 97, 19, 24, 
497, 43, -453, -270, 475, -204, 385, 195, 278, 112, 19, 39, 
483, 29, -453, -256, 468, -212, 375, 195, 278, 107, 9, 39, 
483, 24, -458, -253, 470, -217, 370, 190, 278, 112, 9, 34, 
483, 24, -458, -253, 470, -217, 366, 185, 278, 117, 19, 39, 
483, 19, -463, -251, 473, -222, 361, 180, 278, 117, 19, 34, 
492, 43, -448, -268, 470, -202, 366, 204, 297, 146, 39, 58, 
492, 53, -439, -273, 466, -192, 366, 214, 317, 151, 43, 58, 
492, 53, -439, -273, 466, -192, 361, 219, 326, 156, 48, 58, 
492, 63, -429, -278, 461, -183, 366, 224, 336, 165, 63, 58, 
512, 78, -434, -295, 473, -178, 370, 234, 331, 170, 78, 82, 
517, 87, -429, -302, 473, -170, 370, 244, 341, 180, 87, 92, 
527, 97, -429, -312, 478, -165, 370, 253, 351, 185, 92, 102, 
541, 107, -434, -324, 488, -163, 370, 258, 356, 190, 92, 107, 
536, 112, -424, -324, 480, -156, 375, 278, 375, 209, 92, 117, 
536, 107, -429, -322, 483, -161, 375, 283, 375, 214, 97, 122, 
546, 97, -448, -322, 497, -175, 370, 283, 370, 214, 97, 122, 
541, 92, -448, -317, 495, -178, 370, 283, 366, 214, 102, 122, 
556, 112, -444, -334, 500, -165, 370, 297, 370, 234, 122, 136, 
570, 112, -458, -341, 514, -173, 385, 312, 380, 244, 136, 141, 
590, 122, -468, -356, 529, -173, 370, 322, 390, 244, 146, 151, 
614, 141, -473, -378, 544, -165, 370, 331, 405, 253, 161, 151, 
600, 136, -463, -368, 531, -163, 346, 317, 400, 244, 146, 141, 
590, 126, -463, -358, 527, -168, 331, 302, 395, 244, 141, 141, 
585, 122, -463, -353, 524, -170, 326, 297, 400, 248, 136, 146, 
580, 131, -448, -356, 514, -158, 322, 283, 395, 253, 131, 151, 
566, 122, -444, -344, 505, -161, 297, 273, 385, 248, 136, 141, 
561, 117, -444, -339, 502, -163, 292, 258, 385, 248, 136, 136, 
561, 112, -448, -336, 505, -168, 287, 263, 385, 244, 136, 131, 
561, 112, -448, -336, 505, -168, 287, 268, 385, 244, 141, 131, 
585, 131, -453, -358, 519, -161, 297, 278, 390, 263, 151, 151, 
600, 146, -453, -373, 527, -153, 297, 278, 390, 263, 151, 151, 
624, 165, -458, -395, 541, -146, 297, 278, 395, 253, 151, 151, 
639, 161, -478, -400, 558, -158, 292, 263, 395, 253, 146, 151, 
639, 165, -473, -402, 556, -153, 302, 263, 409, 263, 156, 161, 
644, 175, -468, -409, 556, -146, 307, 263, 409, 263, 165, 170, 
653, 190, -463, -422, 558, -136, 307, 278, 409, 263, 165, 170, 
658, 185, -473, -422, 566, -143, 307, 283, 400, 253, 156, 165, 
644, 170, -473, -407, 558, -151, 292, 278, 390, 234, 146, 161, 
639, 165, -473, -402, 556, -153, 292, 273, 375, 234, 146, 161, 
634, 161, -473, -397, 553, -156, 292, 268, 375, 234, 146, 161, 
629, 156, -473, -392, 551, -158, 292, 258, 370, 224, 141, 156, 
624, 170, -453, -397, 539, -141, 307, 268, 380, 229, 146, 161, 
619, 170, -448, -395, 534, -139, 312, 253, 380, 224, 136, 156, 
614, 180, -434, -397, 524, -126, 307, 253, 380, 224, 136, 156, 
610, 185, -424, -397, 517, -119, 322, 248, 385, 209, 141, 156, 
624, 195, -429, -409, 527, -117, 322, 258, 380, 204, 131, 165, 
624, 195, -429, -409, 527, -117, 312, 248, 375, 204, 126, 165, 
629, 195, -434, -412, 531, -119, 312, 234, 366, 204, 126, 165, 
629, 209, -419, -419, 524, -104, 312, 229, 366, 204, 122, 170, 
600, 185, -414, -392, 507, -114, 307, 219, 351, 195, 122, 165, 
580, 180, -400, -380, 490, -109, 297, 200, 336, 190, 112, 161, 
575, 175, -400, -375, 488, -112, 292, 170, 317, 180, 102, 151, 
570, 175, -395, -373, 483, -109, 287, 146, 307, 170, 102, 146, 
556, 165, -390, -361, 473, -112, 287, 136, 292, 170, 92, 141, 
546, 165, -380, -356, 463, -107, 287, 126, 283, 161, 87, 131, 
546, 165, -380, -356, 463, -107, 287, 117, 268, 151, 78, 126, 
541, 165, -375, -353, 458, -104, 292, 117, 263, 146, 73, 126, 
527, 175, -351, -351, 439, -87, 287, 102, 268, 141, 73, 131, 
527, 165, -361, -346, 444, -97, 278, 87, 258, 131, 63, 117, 
527, 170, -356, -348, 441, -92, 278, 78, 248, 126, 58, 112, 
531, 185, -346, -358, 439, -80, 268, 78, 248, 126, 58, 112, 
517, 170, -346, -344, 431, -87, 268, 73, 244, 117, 48, 112, 
497, 161, -336, -329, 417, -87, 263, 68, 234, 107, 39, 102, 
492, 151, -341, -322, 417, -95, 253, 58, 229, 107, 34, 92, 
502, 146, -356, -324, 429, -104, 248, 53, 219, 102, 29, 87, 
492, 146, -346, -319, 419, -100, 239, 58, 219, 107, 19, 97, 
488, 122, -366, -305, 427, -122, 234, 53, 219, 97, 19, 82, 
473, 122, -351, -297, 412, -114, 234, 48, 214, 97, 19, 73, 
488, 136, -351, -312, 419, -107, 234, 48, 214, 97, 24, 68, 
497, 151, -346, -324, 422, -97, 234, 58, 214, 102, 34, 78, 
502, 156, -346, -329, 424, -95, 229, 58, 214, 102, 34, 73, 
497, 146, -351, -322, 424, -102, 229, 58, 219, 102, 34, 73, 
497, 146, -351, -322, 424, -102, 229, 58, 224, 102, 34, 73, 
483, 136, -346, -309, 414, -104, 219, 53, 224, 92, 24, 58, 
468, 136, -331, -302, 400, -97, 219, 48, 224, 82, 24, 53, 
463, 126, -336, -295, 400, -104, 209, 43, 209, 78, 14, 53, 
458, 126, -331, -292, 395, -102, 209, 39, 209, 78, 14, 48, 
458, 131, -326, -295, 392, -97, 209, 39, 214, 87, 14, 34, 
458, 131, -326, -295, 392, -97, 209, 34, 214, 82, 9, 29, 
463, 122, -341, -292, 402, -109, 204, 29, 209, 82, 9, 24, 
468, 122, -346, -295, 407, -112, 204, 29, 209, 82, 9, 24, 
478, 131, -346, -305, 412, -107, 195, 43, 219, 73, 9, 34, 
483, 136, -346, -309, 414, -104, 195, 43, 219, 68, 4, 29, 
483, 136, -346, -309, 414, -104, 180, 39, 219, 68, 4, 24, 
478, 136, -341, -307, 409, -102, 180, 43, 219, 68, 9, 24, 
483, 146, -336, -314, 409, -95, 200, 53, 229, 73, 9, 19, 
497, 161, -336, -329, 417, -87, 200, 58, 229, 78, 14, 24, 
502, 161, -341, -331, 422, -90, 200, 58, 239, 82, 14, 24, 
512, 165, -346, -339, 429, -90, 200, 58, 239, 87, 9, 29, 
502, 175, -326, -339, 414, -75, 200, 68, 239, 107, 19, 29, 
488, 165, -322, -326, 405, -78, 195, 68, 234, 97, 19, 29, 
497, 165, -331, -331, 414, -82, 195, 63, 234, 92, 14, 24, 
517, 170, -346, -344, 431, -87, 195, 58, 234, 92, 14, 24, 
512, 170, -341, -341, 427, -85, 204, 58, 239, 102, 19, 29, 
507, 165, -341, -336, 424, -87, 209, 63, 248, 97, 29, 39, 
512, 156, -356, -334, 434, -100, 214, 63, 253, 97, 34, 48, 
517, 156, -361, -336, 439, -102, 214, 63, 263, 97, 43, 53, 
522, 146, -375, -334, 448, -114, 219, 53, 248, 97, 34, 29, 
531, 146, -385, -339, 458, -119, 229, 53, 244, 97, 29, 29, 
546, 146, -400, -346, 473, -126, 234, 58, 244, 97, 24, 34, 
551, 146, -405, -348, 478, -129, 244, 58, 239, 97, 19, 34, 
541, 146, -395, -344, 468, -124, 234, 48, 239, 92, 24, 24, 
527, 146, -380, -336, 453, -117, 234, 48, 239, 92, 24, 24, 
546, 146, -400, -346, 473, -126, 244, 48, 239, 92, 24, 24, 
551, 146, -405, -348, 478, -129, 253, 53, 244, 92, 29, 24, 
536, 141, -395, -339, 466, -126, 248, 53, 234, 92, 29, 29, 
531, 131, -400, -331, 466, -134, 248, 63, 234, 92, 29, 24, 
527, 126, -400, -326, 463, -136, 253, 63, 234, 87, 24, 24, 
522, 122, -400, -322, 461, -139, 258, 68, 234, 82, 24, 24, 
527, 126, -400, -326, 463, -136, 258, 68, 224, 73, 14, 14, 
536, 122, -414, -329, 475, -146, 258, 68, 224, 73, 14, 4, 
546, 136, -409, -341, 478, -136, 263, 68, 229, 78, 19, 14, 
570, 141, -429, -356, 500, -143, 268, 73, 229, 78, 24, 19, 
561, 141, -419, -351, 490, -139, 278, 73, 234, 78, 24, 29, 
551, 131, -419, -341, 485, -143, 278, 73, 239, 78, 24, 29, 
541, 122, -419, -331, 480, -148, 278, 73, 244, 78, 29, 29, 
541, 122, -419, -331, 480, -148, 283, 73, 248, 82, 29, 29, 
556, 126, -429, -341, 492, -151, 283, 63, 234, 92, 34, 24, 
541, 117, -424, -329, 483, -153, 283, 63, 229, 92, 29, 19, 
546, 122, -424, -334, 485, -151, 283, 63, 229, 92, 24, 19, 
546, 126, -419, -336, 483, -146, 292, 63, 229, 87, 24, 29, 
531, 131, -400, -331, 466, -134, 302, 68, 244, 92, 43, 39, 
527, 117, -409, -322, 468, -146, 307, 68, 248, 97, 43, 43, 
522, 97, -424, -309, 473, -163, 307, 68, 253, 92, 39, 43, 
517, 92, -424, -305, 470, -165, 307, 68, 258, 97, 39, 48, 
522, 112, -409, -317, 466, -148, 302, 73, 253, 97, 34, 43, 
536, 117, -419, -326, 478, -151, 307, 78, 248, 97, 34, 43, 
527, 117, -409, -322, 468, -146, 307, 63, 239, 92, 29, 39, 
502, 112, -390, -307, 446, -139, 312, 58, 234, 87, 29, 34, 
522, 112, -409, -317, 466, -148, 312, 58, 239, 97, 29, 48, 
536, 131, -405, -334, 470, -136, 322, 63, 239, 97, 29, 63, 
541, 112, -429, -326, 485, -158, 317, 63, 239, 97, 29, 53, 
531, 112, -419, -322, 475, -153, 312, 63, 234, 97, 29, 53, 
546, 126, -419, -336, 483, -146, 302, 58, 229, 92, 39, 68, 
561, 131, -429, -346, 495, -148, 307, 58, 229, 87, 39, 68, 
546, 131, -414, -339, 480, -141, 312, 58, 229, 87, 39, 68, 
527, 136, -390, -331, 458, -126, 322, 58, 229, 82, 39, 73, 
512, 126, -385, -319, 448, -129, 312, 53, 224, 87, 34, 68, 
527, 126, -400, -326, 463, -136, 317, 48, 224, 87, 29, 58, 
527, 126, -400, -326, 463, -136, 317, 43, 224, 87, 24, 48, 
522, 126, -395, -324, 458, -134, 307, 39, 224, 87, 19, 43, 
512, 112, -400, -312, 456, -143, 297, 48, 224, 78, 29, 48, 
517, 122, -395, -319, 456, -136, 302, 58, 229, 82, 39, 63, 
527, 122, -405, -324, 466, -141, 307, 58, 229, 82, 39, 73, 
531, 122, -409, -326, 470, -143, 307, 58, 229, 82, 43, 78, 
531, 117, -414, -324, 473, -148, 307, 58, 224, 87, 29, 63, 
517, 112, -405, -314, 461, -146, 302, 53, 219, 82, 24, 63, 
507, 112, -395, -309, 451, -141, 297, 53, 214, 78, 19, 63, 
522, 112, -409, -317, 466, -148, 297, 58, 209, 73, 14, 63, 
556, 117, -439, -336, 497, -161, 307, 58, 209, 73, 24, 73, 
536, 117, -419, -326, 478, -151, 297, 53, 209, 78, 24, 73, 
517, 117, -400, -317, 458, -141, 287, 43, 204, 82, 19, 68, 
497, 117, -380, -307, 439, -131, 278, 39, 204, 87, 19, 68, 
507, 122, -385, -314, 446, -131, 287, 48, 209, 87, 24, 78, 
512, 112, -400, -312, 456, -143, 287, 48, 209, 87, 29, 73, 
517, 112, -405, -314, 461, -146, 287, 48, 214, 87, 34, 68, 
522, 117, -405, -319, 463, -143, 287, 48, 219, 92, 39, 68, 
522, 131, -390, -326, 456, -129, 273, 34, 219, 92, 39, 63, 
522, 141, -380, -331, 451, -119, 268, 24, 214, 92, 39, 63, 
522, 151, -370, -336, 446, -109, 263, 19, 209, 92, 39, 63, 
522, 156, -366, -339, 444, -104, 258, 24, 204, 92, 43, 63, 
517, 156, -361, -336, 439, -102, 253, 0, 214, 102, 43, 58, 
527, 170, -356, -348, 441, -92, 253, 0, 219, 102, 43, 58, 
541, 190, -351, -366, 446, -80, 258, 4, 229, 107, 43, 63, 
531, 195, -336, -363, 434, -70, 258, 4, 234, 107, 43, 63, 
512, 175, -336, -344, 424, -80, 253, -4, 219, 92, 43, 39, 
517, 185, -331, -351, 424, -73, 248, -4, 214, 92, 39, 39, 
527, 195, -331, -361, 429, -68, 244, -4, 214, 97, 34, 39, 
502, 200, -302, -351, 402, -51, 244, -9, 214, 102, 34, 39, 
483, 161, -322, -322, 402, -80, 244, -19, 204, 92, 29, 14, 
546, 209, -336, -378, 441, -63, 263, -4, 224, 107, 48, 34, 
570, 239, -331, -405, 451, -46, 263, -9, 229, 117, 63, 58, 
507, 204, -302, -356, 405, -48, 253, -9, 234, 117, 68, 68, 
517, 195, -322, -356, 419, -63, 244, -19, 234, 117, 63, 63, 
517, 195, -322, -356, 419, -63, 244, -19, 234, 117, 58, 58, 
517, 195, -322, -356, 419, -63, 244, -19, 234, 117, 53, 53, 
517, 195, -322, -356, 419, -63, 244, -19, 234, 117, 48, 48, 
531, 209, -322, -370, 427, -56, 248, -29, 234, 107, 48, 43, 
536, 214, -322, -375, 429, -53, 253, -29, 234, 107, 48, 39, 
541, 219, -322, -380, 431, -51, 258, -29, 234, 107, 48, 34, 
546, 224, -322, -385, 434, -48, 263, -29, 234, 107, 48, 29, 
546, 214, -331, -380, 439, -58, 263, -34, 224, 97, 58, 29, 
546, 204, -341, -375, 444, -68, 263, -39, 224, 97, 58, 29, 
546, 195, -351, -370, 448, -78, 263, -43, 224, 97, 58, 29, 
546, 185, -361, -366, 453, -87, 263, -48, 224, 97, 58, 29, 
546, 195, -351, -370, 448, -78, 263, -39, 224, 102, 48, 19, 
546, 195, -351, -370, 448, -78, 263, -39, 224, 107, 48, 19, 
546, 195, -351, -370, 448, -78, 263, -39, 224, 112, 48, 19, 
546, 195, -351, -370, 448, -78, 263, -39, 224, 117, 48, 19, 
536, 190, -346, -363, 441, -78, 273, -43, 214, 112, 39, 9, 
536, 185, -351, -361, 444, -82, 273, -48, 214, 107, 39, 9, 
536, 180, -356, -358, 446, -87, 273, -53, 214, 102, 39, 9, 
536, 175, -361, -356, 448, -92, 273, -58, 214, 97, 39, 9, 
527, 175, -351, -351, 439, -87, 278, -48, 219, 107, 43, 24, 
527, 175, -351, -351, 439, -87, 283, -48, 224, 107, 48, 29, 
527, 175, -351, -351, 439, -87, 287, -48, 229, 107, 53, 34, 
527, 175, -351, -351, 439, -87, 292, -48, 234, 107, 58, 39, 
536, 170, -366, -353, 451, -97, 283, -63, 229, 97, 43, 34, 
536, 165, -370, -351, 453, -102, 283, -68, 224, 97, 39, 29, 
536, 161, -375, -348, 456, -107, 283, -73, 219, 97, 34, 24, 
536, 156, -380, -346, 458, -112, 283, -78, 214, 97, 29, 19, 
522, 141, -380, -331, 451, -119, 278, -82, 214, 97, 29, 9, 
517, 136, -380, -326, 448, -122, 273, -87, 214, 97, 29, 9, 
512, 131, -380, -322, 446, -124, 268, -92, 214, 97, 29, 9, 
507, 126, -380, -317, 444, -126, 263, -97, 214, 97, 29, 9, 
512, 136, -375, -324, 444, -119, 248, -92, 214, 97, 29, 19, 
517, 136, -380, -326, 448, -122, 244, -87, 214, 97, 29, 19, 
522, 136, -385, -329, 453, -124, 239, -82, 214, 97, 29, 19, 
527, 136, -390, -331, 458, -126, 234, -78, 214, 97, 29, 19, 
517, 122, -395, -319, 456, -136, 224, -87, 200, 87, 19, 19, 
517, 117, -400, -317, 458, -141, 224, -87, 195, 87, 19, 19, 
517, 112, -405, -314, 461, -146, 224, -87, 190, 87, 19, 19, 
517, 107, -409, -312, 463, -151, 224, -87, 185, 87, 19, 19, 
531, 117, -414, -324, 473, -148, 214, -82, 190, 97, 29, 24, 
536, 117, -419, -326, 478, -151, 214, -78, 195, 97, 29, 29, 
541, 117, -424, -329, 483, -153, 214, -73, 200, 97, 29, 34, 
546, 117, -429, -331, 488, -156, 214, -68, 204, 97, 29, 39, 
556, 107, -448, -331, 502, -170, 200, -78, 195, 97, 19, 39, 
556, 107, -448, -331, 502, -170, 195, -78, 195, 97, 19, 39, 
556, 107, -448, -331, 502, -170, 190, -78, 195, 97, 19, 39, 
556, 107, -448, -331, 502, -170, 185, -78, 195, 97, 19, 39, 
566, 117, -448, -341, 507, -165, 180, -87, 185, 87, 19, 39, 
566, 117, -448, -341, 507, -165, 175, -87, 185, 87, 19, 39, 
566, 117, -448, -341, 507, -165, 170, -87, 185, 87, 19, 39, 
566, 117, -448, -341, 507, -165, 165, -87, 185, 87, 19, 39, 
575, 126, -448, -351, 512, -161, 161, -87, 195, 97, 19, 34, 
575, 136, -439, -356, 507, -151, 156, -87, 195, 97, 19, 29, 
575, 146, -429, -361, 502, -141, 151, -87, 195, 97, 19, 24, 
575, 156, -419, -366, 497, -131, 146, -87, 195, 97, 19, 19, 
590, 146, -444, -368, 517, -148, 131, -97, 190, 97, 19, 9, 
595, 146, -448, -370, 522, -151, 126, -97, 185, 97, 19, 9, 
600, 146, -453, -373, 527, -153, 122, -97, 180, 97, 19, 9, 
605, 146, -458, -375, 531, -156, 117, -97, 175, 97, 19, 9, 
605, 146, -458, -375, 531, -156, 107, -97, 185, 107, 24, 14, 
605, 146, -458, -375, 531, -156, 107, -97, 185, 107, 29, 19, 
605, 146, -458, -375, 531, -156, 107, -97, 185, 107, 34, 24, 
605, 146, -458, -375, 531, -156, 107, -97, 185, 107, 39, 29, 
605, 156, -448, -380, 527, -146, 117, -87, 195, 117, 39, 19, 
605, 156, -448, -380, 527, -146, 117, -87, 195, 117, 39, 19, 
605, 156, -448, -380, 527, -146, 117, -87, 195, 117, 39, 19, 
605, 156, -448, -380, 527, -146, 117, -87, 195, 117, 39, 19, 
590, 165, -424, -378, 507, -129, 117, -87, 204, 126, 43, 29, 
585, 165, -419, -375, 502, -126, 117, -87, 204, 126, 48, 29, 
580, 165, -414, -373, 497, -124, 117, -87, 204, 126, 53, 29, 
575, 165, -409, -370, 492, -122, 117, -87, 204, 126, 58, 29, 
575, 170, -405, -373, 490, -117, 107, -92, 204, 126, 58, 29, 
575, 175, -400, -375, 488, -112, 97, -97, 204, 126, 58, 29, 
575, 180, -395, -378, 485, -107, 87, -102, 204, 126, 58, 29, 
575, 185, -390, -380, 483, -102, 78, -107, 204, 126, 58, 29, 
590, 204, -385, -397, 488, -90, 78, -117, 219, 141, 63, 39, 
595, 214, -380, -405, 488, -82, 78, -117, 224, 146, 68, 39, 
600, 224, -375, -412, 488, -75, 78, -117, 229, 151, 73, 39, 
605, 234, -370, -419, 488, -68, 78, -117, 234, 156, 78, 39, 
590, 224, -366, -407, 478, -70, 78, -126, 239, 165, 87, 39, 
585, 224, -361, -405, 473, -68, 78, -126, 244, 165, 87, 39, 
580, 224, -356, -402, 468, -65, 78, -126, 248, 165, 87, 39, 
575, 224, -351, -400, 463, -63, 78, -126, 253, 165, 87, 39, 
575, 229, -346, -402, 461, -58, 78, -126, 263, 170, 97, 43, 
575, 234, -341, -405, 458, -53, 78, -126, 263, 175, 97, 48, 
575, 239, -336, -407, 456, -48, 78, -126, 263, 180, 97, 53, 
575, 244, -331, -409, 453, -43, 78, -126, 263, 185, 97, 58, 
570, 244, -326, -407, 448, -41, 78, -117, 273, 185, 87, 58, 
566, 244, -322, -405, 444, -39, 78, -117, 273, 185, 87, 58, 
551, 239, -312, -395, 431, -36, 78, -117, 273, 175, 82, 58, 
541, 239, -302, -390, 422, -31, 78, -122, 273, 175, 82, 58, 
541, 248, -292, -395, 417, -21, 78, -112, 273, 180, 82, 53, 
556, 253, -302, -405, 429, -24, 78, -112, 268, 180, 87, 53, 
556, 253, -302, -405, 429, -24, 78, -112, 263, 180, 87, 48, 
541, 244, -297, -392, 419, -26, 73, -122, 263, 175, 82, 29, 
561, 253, -307, -407, 434, -26, 78, -117, 268, 180, 87, 43, 
575, 273, -302, -424, 439, -14, 82, -112, 273, 195, 92, 48, 
600, 287, -312, -444, 456, -12, 87, -102, 278, 200, 97, 58, 
600, 307, -292, -453, 446, 7, 97, -97, 283, 200, 102, 63, 
585, 292, -292, -439, 439, 0, 107, -82, 283, 200, 102, 73, 
590, 287, -302, -439, 446, -7, 107, -82, 283, 204, 102, 73, 
585, 283, -302, -434, 444, -9, 107, -82, 283, 204, 102, 73, 
580, 268, -312, -424, 446, -21, 102, -87, 283, 204, 102, 73, 
566, 253, -312, -409, 439, -29, 107, -78, 268, 200, 102, 63, 
561, 244, -317, -402, 439, -36, 112, -78, 263, 195, 102, 58, 
556, 239, -317, -397, 436, -39, 117, -78, 258, 190, 97, 58, 
551, 229, -322, -390, 436, -46, 122, -78, 253, 185, 97, 58, 
551, 229, -322, -390, 436, -46, 126, -73, 253, 175, 97, 48, 
556, 229, -326, -392, 441, -48, 131, -73, 253, 175, 97, 48, 
561, 229, -331, -395, 446, -51, 136, -68, 253, 170, 92, 48, 
570, 234, -336, -402, 453, -51, 146, -68, 253, 170, 87, 53, 
580, 234, -346, -407, 463, -56, 136, -78, 234, 170, 78, 48, 
570, 229, -341, -400, 456, -56, 136, -78, 229, 165, 68, 43, 
566, 224, -341, -395, 453, -58, 136, -78, 224, 161, 68, 34, 
566, 219, -346, -392, 456, -63, 136, -82, 219, 156, 68, 29, 
551, 180, -370, -366, 461, -95, 126, -87, 204, 146, 58, 14, 
551, 165, -385, -358, 468, -109, 126, -92, 204, 146, 58, 14, 
546, 165, -380, -356, 463, -107, 131, -92, 209, 146, 63, 19, 
541, 151, -390, -346, 466, -119, 131, -97, 209, 146, 63, 24, 
541, 161, -380, -351, 461, -109, 122, -112, 200, 141, 53, 14, 
556, 161, -395, -358, 475, -117, 117, -112, 195, 141, 53, 9, 
556, 165, -390, -361, 473, -112, 112, -107, 195, 146, 53, 9, 
551, 165, -385, -358, 468, -109, 107, -107, 195, 146, 53, 9, 
551, 165, -385, -358, 468, -109, 97, -112, 185, 136, 53, 0, 
556, 170, -385, -363, 470, -107, 97, -112, 185, 136, 53, 0, 
566, 190, -375, -378, 470, -92, 97, -107, 185, 136, 53, 4, 
570, 185, -385, -378, 478, -100, 102, -107, 185, 136, 53, 4, 
561, 165, -395, -363, 478, -114, 82, -117, 170, 126, 43, 0, 
561, 161, -400, -361, 480, -119, 73, -122, 165, 126, 43, -4, 
561, 156, -405, -358, 483, -124, 63, -122, 161, 126, 43, -9, 
556, 151, -405, -353, 480, -126, 53, -126, 156, 117, 39, -14, 
561, 161, -400, -361, 480, -119, 48, -126, 151, 117, 48, -9, 
580, 165, -414, -373, 497, -124, 53, -122, 146, 117, 53, -9, 
585, 165, -419, -375, 502, -126, 48, -122, 141, 112, 53, -9, 
590, 165, -424, -378, 507, -129, 43, -122, 136, 112, 53, -9, 
590, 156, -434, -373, 512, -139, 43, -122, 131, 107, 48, -14, 
580, 151, -429, -366, 505, -139, 43, -117, 131, 117, 48, -14, 
580, 136, -444, -358, 512, -153, 48, -117, 131, 107, 43, -19, 
590, 131, -458, -361, 524, -163, 48, -117, 131, 107, 34, -24, 
570, 122, -448, -346, 509, -163, 39, -117, 131, 112, 34, -24, 
541, 117, -424, -329, 483, -153, 48, -117, 131, 117, 34, -24, 
531, 117, -414, -324, 473, -148, 48, -117, 131, 117, 39, -24, 
527, 122, -405, -324, 466, -141, 43, -117, 131, 122, 39, -24, 
541, 141, -400, -341, 470, -129, 39, -117, 131, 131, 48, -19, 
556, 146, -409, -351, 483, -131, 39, -117, 126, 126, 48, -19, 
570, 156, -414, -363, 492, -129, 43, -122, 126, 126, 48, -24, 
585, 165, -419, -375, 502, -126, 43, -122, 126, 126, 48, -24, 
575, 161, -414, -368, 495, -126, 53, -107, 141, 136, 63, -19, 
580, 165, -414, -373, 497, -124, 58, -102, 141, 141, 68, -14, 
570, 165, -405, -368, 488, -119, 58, -102, 141, 146, 68, -14, 
561, 165, -395, -363, 478, -114, 53, -97, 136, 146, 73, -9, 
561, 170, -390, -366, 475, -109, 43, -97, 131, 136, 63, -9, 
561, 175, -385, -368, 473, -104, 43, -97, 131, 141, 63, -9, 
561, 180, -380, -370, 470, -100, 39, -97, 131, 141, 58, -14, 
566, 185, -380, -375, 473, -97, 39, -97, 131, 141, 58, -14, 
556, 200, -356, -378, 456, -78, 48, -97, 141, 151, 68, -14, 
556, 200, -356, -378, 456, -78, 48, -92, 141, 151, 73, -14, 
546, 195, -351, -370, 448, -78, 53, -92, 141, 146, 73, -14, 
546, 195, -351, -370, 448, -78, 53, -97, 141, 146, 73, -14, 
575, 204, -370, -390, 473, -82, 43, -97, 141, 151, 73, -9, 
590, 209, -380, -400, 485, -85, 43, -102, 141, 151, 73, -9, 
575, 214, -361, -395, 468, -73, 43, -102, 146, 156, 78, -4, 
575, 224, -351, -400, 463, -63, 43, -92, 156, 161, 78, -4, 
561, 234, -326, -397, 444, -46, 43, -92, 165, 170, 82, 9, 
561, 234, -326, -397, 444, -46, 39, -97, 161, 175, 87, 9, 
566, 239, -326, -402, 446, -43, 39, -102, 161, 175, 92, 4, 
570, 244, -326, -407, 448, -41, 39, -107, 161, 180, 97, 4, 
580, 248, -331, -414, 456, -41, 34, -107, 165, 195, 97, 19, 
580, 248, -331, -414, 456, -41, 34, -107, 170, 200, 97, 19, 
575, 253, -322, -414, 448, -34, 34, -107, 180, 204, 102, 19, 
575, 263, -312, -419, 444, -24, 34, -107, 185, 209, 102, 19, 
566, 234, -331, -400, 448, -48, 39, -97, 175, 200, 97, 19, 
585, 273, -312, -429, 448, -19, 48, -73, 195, 214, 117, 29, 
590, 297, -292, -444, 441, 2, 63, -53, 214, 214, 117, 19, 
570, 268, -302, -419, 436, -17, 73, -39, 214, 204, 87, -9, 
541, 229, -312, -385, 427, -41, 87, -24, 234, 209, 63, -34, 
512, 224, -287, -368, 400, -31, 107, 4, 268, 219, 48, -58, 
497, 239, -258, -368, 378, -9, 141, 29, 322, 219, 34, -78, 
478, 248, -229, -363, 353, 9, 170, 58, 366, 234, 24, -92, 
444, 268, -175, -356, 309, 46, 195, 63, 419, 258, 34, -102, 
453, 312, -141, -383, 297, 85, 204, 78, 478, 317, 63, -82, 
497, 351, -146, -424, 322, 102, 209, 112, 561, 395, 122, -58, 
517, 409, -107, -463, 312, 151, 180, 131, 658, 517, 209, 4, 
546, 536, -9, -541, 278, 263, 136, 122, 746, 702, 361, 136, 
595, 658, 63, -627, 265, 361, 53, 68, 805, 912, 566, 302, 
668, 761, 92, -714, 287, 427, -63, -34, 805, 1117, 790, 483, 
761, 878, 117, -819, 322, 497, -200, -151, 805, 1342, 1049, 707, 
819, 1010, 190, -915, 314, 600, -346, -287, 775, 1551, 1322, 946, 
878, 1102, 224, -990, 326, 663, -502, -448, 697, 1698, 1542, 1151, 
1010, 1171, 161, -1090, 424, 666, -653, -595, 580, 1766, 1693, 1317, 
1073, 1205, 131, -1139, 470, 668, -766, -702, 419, 1751, 1781, 1424, 
1058, 1117, 58, -1088, 500, 588, -800, -732, 200, 1566, 1698, 1410, 
1093, 936, -156, -1015, 624, 390, -771, -736, -82, 1176, 1395, 1229, 
1049, 697, -351, -873, 700, 173, -727, -751, -380, 702, 976, 936, 
897, 448, -448, -673, 673, 0, -683, -810, -644, 292, 619, 668, 
888, 283, -605, -585, 746, -161, -605, -785, -844, -19, 351, 483, 
976, 141, -834, -558, 905, -346, -492, -712, -1015, -322, 126, 317, 
907, -82, -990, -412, 949, -536, -409, -653, -1176, -634, -117, 146, 
824, -263, -1088, -280, 956, -675, -322, -546, -1259, -844, -287, 19, 
883, -356, -1239, -263, 1061, -797, -219, -400, -1239, -888, -356, -34, 
893, -448, -1342, -222, 1117, -895, -165, -287, -1215, -893, -400, -68, 
863, -483, -1346, -190, 1105, -915, -151, -239, -1166, -868, -395, -58, 
912, -385, -1298, -263, 1105, -841, -161, -214, -1083, -785, -346, -19, 
912, -312, -1224, -300, 1068, -768, -190, -219, -1015, -697, -297, 0, 
824, -278, -1102, -273, 963, -690, -204, -204, -917, -619, -278, -9, 
785, -156, -941, -314, 863, -549, -161, -151, -756, -483, -175, 43, 
795, -34, -829, -380, 812, -431, -141, -92, -600, -336, -63, 126, 
761, -19, -780, -370, 771, -400, -165, -97, -522, -273, -34, 146, 
741, -29, -771, -356, 756, -400, -180, -117, -458, -239, -34, 117, 
756, 24, -732, -390, 744, -353, -156, -112, -361, -195, -14, 102, 
732, 63, -668, -397, 700, -302, -136, -112, -273, -122, 4, 87, 
678, 87, -590, -383, 634, -251, -126, -122, -200, -73, 14, 63, 
649, 112, -536, -380, 592, -212, -122, -126, -136, -24, 19, 53, 
639, 131, -507, -385, 573, -187, -112, -117, -82, 14, 34, 43, 
614, 141, -473, -378, 544, -165, -107, -107, -63, 53, 39, 34, 
600, 141, -458, -370, 529, -158, -97, -97, -43, 78, 48, 43, 
610, 141, -468, -375, 539, -163, -92, -97, -24, 92, 63, 39, 
610, 151, -458, -380, 534, -153, -82, -102, 0, 117, 63, 39, 
605, 151, -453, -378, 529, -151, -73, -92, 34, 131, 78, 34, 
605, 151, -453, -378, 529, -151, -68, -82, 58, 136, 78, 24, 
614, 141, -473, -378, 544, -165, -68, -73, 68, 141, 87, 24, 
600, 126, -473, -363, 536, -173, -63, -63, 73, 156, 78, 24, 
595, 126, -468, -361, 531, -170, -63, -58, 78, 156, 78, 19, 
595, 136, -458, -366, 527, -161, -63, -48, 87, 156, 73, 14, 
605, 136, -468, -370, 536, -165, -63, -43, 97, 156, 73, 4, 
600, 136, -463, -368, 531, -163, -73, -34, 87, 165, 73, 4, 
595, 126, -468, -361, 531, -170, -82, -34, 87, 170, 73, 0, 
590, 126, -463, -358, 527, -168, -87, -34, 92, 170, 78, 4, 
585, 131, -453, -358, 519, -161, -87, -24, 102, 175, 92, 24, 
595, 141, -453, -368, 524, -156, -87, -34, 126, 180, 82, 24, 
600, 151, -448, -375, 524, -148, -87, -29, 126, 180, 82, 29, 
605, 161, -444, -383, 524, -141, -87, -29, 126, 175, 82, 29, 
605, 170, -434, -387, 519, -131, -87, -34, 126, 170, 78, 14, 
595, 170, -424, -383, 509, -126, -73, -24, 131, 185, 87, 19, 
605, 165, -439, -385, 522, -136, -68, -24, 136, 195, 92, 24, 
614, 161, -453, -387, 534, -146, -63, -29, 136, 204, 97, 29, 
624, 161, -463, -392, 544, -151, -58, -29, 141, 214, 107, 39, 
634, 175, -458, -405, 546, -141, -58, -19, 141, 209, 117, 48, 
624, 180, -444, -402, 534, -131, -58, -19, 141, 209, 117, 53, 
619, 185, -434, -402, 527, -124, -63, -29, 141, 209, 117, 58, 
619, 190, -429, -405, 524, -119, -63, -29, 151, 209, 117, 63, 
619, 190, -429, -405, 524, -119, -58, -9, 156, 209, 112, 78, 
610, 195, -414, -402, 512, -109, -43, -9, 161, 204, 112, 78, 
610, 200, -409, -405, 509, -104, -39, -9, 165, 204, 112, 78, 
624, 200, -424, -412, 524, -112, -34, -9, 165, 214, 112, 78, 
614, 185, -429, -400, 522, -122, -29, -4, 175, 229, 117, 82, 
614, 185, -429, -400, 522, -122, -24, 4, 175, 229, 122, 82, 
614, 180, -434, -397, 524, -126, -19, 9, 175, 234, 131, 92, 
614, 180, -434, -397, 524, -126, -9, 24, 185, 244, 136, 97, 
624, 195, -429, -409, 527, -117, -19, 14, 185, 234, 126, 87, 
639, 200, -439, -419, 539, -119, -19, 24, 185, 239, 131, 92, 
624, 200, -424, -412, 524, -112, -4, 29, 195, 239, 131, 92, 
624, 195, -429, -409, 527, -117, 0, 34, 195, 244, 136, 92, 
624, 200, -424, -412, 524, -112, -4, 24, 195, 244, 146, 97, 
629, 204, -424, -417, 527, -109, -4, 24, 195, 248, 146, 92, 
634, 204, -429, -419, 531, -112, 0, 24, 195, 248, 146, 92, 
634, 209, -424, -422, 529, -107, 0, 24, 195, 248, 146, 92, 
634, 219, -414, -427, 524, -97, 9, 29, 204, 253, 156, 102, 
644, 224, -419, -434, 531, -97, 9, 43, 214, 268, 165, 107, 
634, 224, -409, -429, 522, -92, 4, 48, 224, 273, 170, 112, 
624, 229, -395, -427, 509, -82, 4, 53, 229, 278, 175, 117, 
619, 219, -400, -419, 509, -90, 0, 48, 244, 297, 170, 112, 
614, 219, -395, -417, 505, -87, 0, 53, 244, 297, 170, 112, 
610, 219, -390, -414, 500, -85, 0, 53, 244, 292, 170, 107, 
610, 224, -385, -417, 497, -80, 0, 53, 244, 292, 170, 102, 
629, 224, -405, -427, 517, -90, -4, 68, 234, 307, 185, 107, 
629, 224, -405, -427, 517, -90, -4, 73, 239, 317, 185, 117, 
624, 224, -400, -424, 512, -87, -4, 78, 244, 317, 190, 122, 
624, 229, -395, -427, 509, -82, -4, 78, 248, 322, 195, 131, 
639, 234, -405, -436, 522, -85, 4, 82, 253, 322, 195, 141, 
644, 239, -405, -441, 524, -82, 4, 97, 263, 322, 200, 146, 
658, 253, -405, -456, 531, -75, 4, 107, 287, 336, 214, 156, 
663, 258, -405, -461, 534, -73, 4, 117, 287, 346, 214, 165, 
649, 239, -409, -444, 529, -85, -4, 117, 287, 351, 214, 156, 
649, 229, -419, -439, 534, -95, -9, 112, 287, 356, 214, 151, 
649, 224, -424, -436, 536, -100, -14, 107, 287, 361, 224, 156, 
649, 214, -434, -431, 541, -109, -19, 102, 287, 361, 224, 151, 
663, 234, -429, -448, 546, -97, -19, 112, 287, 366, 229, 175, 
668, 239, -429, -453, 549, -95, -24, 117, 297, 366, 229, 175, 
673, 234, -439, -453, 556, -102, -34, 117, 297, 366, 229, 175, 
678, 239, -439, -458, 558, -100, -34, 117, 297, 370, 239, 175, 
688, 248, -439, -468, 563, -95, -9, 131, 307, 390, 258, 190, 
692, 253, -439, -473, 566, -92, 0, 146, 322, 405, 273, 200, 
702, 258, -444, -480, 573, -92, 9, 161, 336, 414, 283, 209, 
717, 263, -453, -490, 585, -95, 19, 170, 346, 424, 287, 214, 
692, 253, -439, -473, 566, -92, 19, 165, 351, 434, 283, 224, 
683, 244, -439, -463, 561, -97, 14, 165, 346, 429, 283, 219, 
683, 229, -453, -456, 568, -112, 4, 161, 336, 419, 278, 209, 
668, 219, -448, -444, 558, -114, 0, 156, 326, 409, 278, 200, 
658, 239, -419, -448, 539, -90, -9, 146, 322, 405, 268, 200, 
658, 229, -429, -444, 544, -100, -4, 136, 322, 409, 273, 200, 
663, 229, -434, -446, 549, -102, -29, 122, 322, 405, 273, 204, 
673, 239, -434, -456, 553, -97, -39, 107, 326, 409, 278, 200, 
688, 263, -424, -475, 556, -80, -48, 107, 336, 424, 292, 214, 
688, 273, -414, -480, 551, -70, -58, 97, 336, 429, 297, 219, 
692, 287, -405, -490, 549, -58, -58, 97, 346, 439, 302, 229, 
697, 317, -380, -507, 539, -31, -58, 87, 346, 448, 307, 239, 
692, 302, -390, -497, 541, -43, -82, 68, 341, 448, 322, 248, 
688, 292, -395, -490, 541, -51, -87, 53, 336, 444, 322, 244, 
688, 283, -405, -485, 546, -61, -92, 58, 331, 434, 322, 239, 
688, 278, -409, -483, 549, -65, -92, 63, 326, 429, 326, 239, 
697, 278, -419, -488, 558, -70, -92, 63, 317, 439, 326, 258, 
697, 283, -414, -490, 556, -65, -92, 63, 312, 439, 326, 258, 
707, 292, -414, -500, 561, -61, -92, 63, 312, 429, 326, 258, 
707, 278, -429, -492, 568, -75, -97, 48, 307, 429, 322, 258, 
707, 278, -429, -492, 568, -75, -107, 48, 312, 429, 312, 258, 
712, 283, -429, -497, 570, -73, -102, 48, 312, 429, 322, 268, 
722, 292, -429, -507, 575, -68, -102, 63, 312, 429, 322, 268, 
727, 283, -444, -505, 585, -80, -102, 68, 302, 419, 312, 263, 
712, 283, -429, -497, 570, -73, -102, 68, 302, 409, 322, 273, 
707, 283, -424, -495, 566, -70, -97, 68, 287, 409, 322, 278, 
702, 283, -419, -492, 561, -68, -92, 68, 287, 409, 322, 283, 
697, 283, -414, -490, 556, -65, -87, 63, 283, 400, 317, 283, 
717, 297, -419, -507, 568, -61, -87, 63, 287, 395, 312, 278, 
727, 297, -429, -512, 578, -65, -87, 48, 283, 390, 302, 273, 
736, 307, -429, -522, 583, -61, -97, 48, 278, 390, 302, 273, 
746, 312, -434, -529, 590, -61, -87, 43, 278, 375, 307, 273, 
736, 307, -429, -522, 583, -61, -87, 53, 268, 366, 302, 263, 
722, 302, -419, -512, 570, -58, -97, 43, 258, 361, 292, 263, 
712, 297, -414, -505, 563, -58, -97, 29, 244, 356, 287, 263, 
697, 307, -390, -502, 544, -41, -97, 24, 239, 351, 278, 268, 
692, 292, -400, -492, 546, -53, -92, 34, 244, 356, 287, 263, 
678, 297, -380, -488, 529, -41, -92, 34, 239, 356, 278, 258, 
678, 302, -375, -490, 527, -36, -87, 24, 229, 351, 268, 248, 
678, 312, -366, -495, 522, -26, -82, 19, 229, 346, 268, 244, 
692, 322, -370, -507, 531, -24, -73, 14, 229, 346, 278, 248, 
692, 322, -370, -507, 531, -24, -73, 9, 224, 336, 273, 239, 
702, 322, -380, -512, 541, -29, -73, 4, 214, 326, 263, 234, 
707, 322, -385, -514, 546, -31, -68, 9, 214, 322, 258, 234, 
673, 307, -366, -490, 519, -29, -68, 4, 200, 307, 248, 224, 
663, 283, -380, -473, 522, -48, -73, -9, 190, 297, 239, 204, 
653, 273, -380, -463, 517, -53, -68, -19, 180, 292, 234, 195, 
649, 273, -375, -461, 512, -51, -73, -19, 180, 292, 234, 190, 
639, 283, -356, -461, 497, -36, -58, -14, 190, 297, 234, 190, 
624, 278, -346, -451, 485, -34, -58, -9, 185, 292, 224, 180, 
624, 273, -351, -448, 488, -39, -63, -9, 185, 297, 219, 170, 
639, 273, -366, -456, 502, -46, -63, -4, 180, 297, 214, 165, 
649, 283, -366, -466, 507, -41, -73, -9, 165, 283, 200, 165, 
644, 258, -385, -451, 514, -63, -78, -14, 161, 273, 195, 151, 
629, 258, -370, -444, 500, -56, -78, -19, 151, 273, 190, 141, 
644, 273, -370, -458, 507, -48, -78, -19, 146, 273, 190, 136, 
644, 283, -361, -463, 502, -39, -68, -9, 146, 268, 190, 146, 
639, 283, -356, -461, 497, -36, -73, -9, 146, 268, 190, 141, 
624, 268, -356, -446, 490, -43, -73, -9, 151, 268, 190, 141, 
614, 263, -351, -439, 483, -43, -73, -9, 156, 268, 190, 141, 
619, 273, -346, -446, 483, -36, -63, 0, 156, 278, 190, 136, 
614, 273, -341, -444, 478, -34, -63, 0, 156, 268, 190, 131, 
619, 263, -356, -441, 488, -46, -73, 0, 141, 263, 180, 131, 
624, 263, -361, -444, 492, -48, -73, 0, 141, 263, 180, 126, 
634, 258, -375, -446, 505, -58, -63, 9, 136, 253, 175, 117, 
634, 258, -375, -446, 505, -58, -63, 4, 136, 248, 165, 107, 
639, 248, -390, -444, 514, -70, -68, 0, 131, 248, 161, 97, 
644, 248, -395, -446, 519, -73, -68, 0, 131, 248, 156, 92, 
639, 253, -385, -446, 512, -65, -78, 9, 131, 248, 165, 102, 
639, 253, -385, -446, 512, -65, -78, 4, 131, 244, 161, 97, 
634, 248, -385, -441, 509, -68, -92, -4, 131, 244, 161, 92, 
624, 244, -380, -434, 502, -68, -92, -4, 131, 244, 165, 92, 
619, 239, -380, -429, 500, -70, -82, 4, 126, 244, 161, 92, 
624, 248, -375, -436, 500, -63, -82, 9, 122, 244, 161, 92, 
619, 244, -375, -431, 497, -65, -82, 9, 126, 244, 156, 87, 
619, 244, -375, -431, 497, -65, -82, 9, 122, 244, 146, 87, 
624, 253, -370, -439, 497, -58, -78, 19, 126, 263, 151, 97, 
614, 244, -370, -429, 492, -63, -78, 19, 126, 253, 156, 97, 
629, 244, -385, -436, 507, -70, -73, 14, 131, 248, 156, 92, 
653, 248, -405, -451, 529, -78, -68, 9, 136, 248, 161, 92, 
653, 253, -400, -453, 527, -73, -63, 19, 131, 248, 165, 82, 
644, 253, -390, -448, 517, -68, -63, 24, 131, 244, 165, 87, 
644, 248, -395, -446, 519, -73, -63, 24, 126, 244, 161, 92, 
644, 253, -390, -448, 517, -68, -68, 24, 126, 244, 161, 92, 
634, 244, -390, -439, 512, -73, -63, 29, 136, 244, 156, 68, 
629, 244, -385, -436, 507, -70, -53, 34, 136, 244, 156, 68, 
629, 244, -385, -436, 507, -70, -48, 43, 141, 244, 156, 73, 
619, 244, -375, -431, 497, -65, -39, 48, 141, 244, 156, 73, 
629, 258, -370, -444, 500, -56, -29, 48, 136, 258, 170, 78, 
624, 263, -361, -444, 492, -48, -29, 48, 141, 258, 170, 82, 
653, 268, -385, -461, 519, -58, -19, 48, 146, 258, 170, 87, 
668, 273, -395, -470, 531, -61, -9, 53, 156, 258, 175, 92, 
644, 278, -366, -461, 505, -43, -9, 58, 165, 273, 180, 92, 
629, 278, -351, -453, 490, -36, -4, 63, 165, 278, 185, 92, 
614, 283, -331, -448, 473, -24, 4, 58, 165, 278, 185, 97, 
600, 287, -312, -444, 456, -12, 14, 58, 165, 278, 190, 102, 
585, 287, -297, -436, 441, -4, 0, 43, 165, 268, 180, 92, 
585, 278, -307, -431, 446, -14, -4, 29, 165, 268, 180, 82, 
585, 287, -297, -436, 441, -4, -4, 14, 170, 273, 185, 92, 
600, 287, -312, -444, 456, -12, -4, 4, 170, 273, 190, 97, 
595, 307, -287, -451, 441, 9, -9, -9, 161, 273, 190, 87, 
590, 307, -283, -448, 436, 12, -14, -14, 161, 273, 190, 87, 
585, 307, -278, -446, 431, 14, -19, -19, 161, 273, 195, 87, 
590, 317, -273, -453, 431, 21, -19, -24, 161, 278, 195, 87, 
605, 326, -278, -466, 441, 24, -9, -34, 146, 268, 200, 82, 
590, 312, -278, -451, 434, 17, -9, -34, 141, 268, 195, 78, 
595, 312, -283, -453, 439, 14, -9, -34, 141, 268, 190, 78, 
595, 312, -283, -453, 439, 14, 0, -34, 141, 263, 190, 87, 
605, 322, -283, -463, 444, 19, 9, -19, 151, 273, 200, 102, 
605, 312, -292, -458, 448, 9, 14, -19, 151, 273, 200, 102, 
605, 297, -307, -451, 456, -4, 14, -19, 151, 263, 195, 97, 
605, 297, -307, -451, 456, -4, 14, -19, 151, 263, 195, 97, 
610, 302, -307, -456, 458, -2, 14, -9, 141, 258, 200, 107, 
614, 302, -312, -458, 463, -4, 24, 0, 141, 263, 200, 112, 
595, 297, -297, -446, 446, 0, 29, -9, 136, 263, 195, 112, 
561, 287, -273, -424, 417, 7, 39, -9, 136, 263, 195, 112, 
585, 268, -317, -427, 451, -24, 43, -19, 136, 253, 190, 107, 
605, 278, -326, -441, 466, -24, 48, -14, 131, 253, 185, 112, 
614, 248, -366, -431, 490, -58, 39, -14, 126, 253, 180, 92, 
610, 239, -370, -424, 490, -65, 29, -14, 117, 253, 175, 82, 
624, 258, -366, -441, 495, -53, 39, -4, 112, 244, 165, 78, 
639, 258, -380, -448, 509, -61, 43, 0, 112, 244, 165, 78, 
624, 253, -370, -439, 497, -58, 48, 4, 112, 248, 165, 78, 
605, 253, -351, -429, 478, -48, 58, 9, 112, 248, 165, 82, 
595, 244, -351, -419, 473, -53, 53, 19, 107, 248, 175, 78, 
614, 244, -370, -429, 492, -63, 53, 19, 107, 244, 175, 78, 
619, 244, -375, -431, 497, -65, 48, 19, 107, 239, 175, 78, 
619, 244, -375, -431, 497, -65, 34, 19, 107, 234, 175, 82, 
619, 229, -390, -424, 505, -80, 24, 14, 102, 224, 165, 87, 
624, 239, -385, -431, 505, -73, 29, 19, 102, 229, 175, 102, 
634, 239, -395, -436, 514, -78, 34, 14, 97, 229, 175, 112, 
639, 239, -400, -439, 519, -80, 34, 9, 92, 229, 180, 117, 
629, 239, -390, -434, 509, -75, 34, 14, 102, 248, 190, 122, 
614, 229, -385, -422, 500, -78, 29, 14, 102, 248, 190, 122, 
605, 224, -380, -414, 492, -78, 24, 19, 102, 248, 190, 122, 
619, 219, -400, -419, 509, -90, 24, 29, 102, 248, 190, 122, 
663, 239, -424, -451, 544, -92, 39, 29, 92, 253, 180, 131, 
653, 244, -409, -448, 531, -82, 34, 24, 92, 253, 180, 131, 
644, 248, -395, -446, 519, -73, 29, 14, 87, 253, 175, 126, 
634, 253, -380, -444, 507, -63, 24, 9, 87, 253, 175, 126, 
644, 258, -385, -451, 514, -63, 34, 24, 78, 248, 175, 126, 
649, 248, -400, -448, 524, -75, 34, 29, 73, 244, 175, 122, 
653, 248, -405, -451, 529, -78, 34, 34, 73, 239, 175, 117, 
658, 253, -405, -456, 531, -75, 34, 39, 73, 239, 175, 117, 
639, 234, -405, -436, 522, -85, 43, 48, 68, 229, 170, 117, 
629, 229, -400, -429, 514, -85, 43, 43, 68, 229, 165, 112, 
619, 224, -395, -422, 507, -85, 43, 43, 68, 229, 161, 107, 
610, 214, -395, -412, 502, -90, 43, 53, 68, 229, 161, 102, 
605, 200, -405, -402, 505, -102, 39, 39, 53, 219, 151, 87, 
624, 209, -414, -417, 519, -102, 39, 39, 53, 219, 151, 87, 
649, 224, -424, -436, 536, -100, 43, 43, 58, 224, 151, 92, 
649, 224, -424, -436, 536, -100, 43, 43, 58, 224, 151, 92, 
634, 214, -419, -424, 527, -102, 43, 48, 58, 224, 165, 82, 
644, 224, -419, -434, 531, -97, 43, 53, 58, 229, 165, 87, 
658, 234, -424, -446, 541, -95, 43, 58, 63, 239, 165, 92, 
639, 239, -400, -439, 519, -80, 48, 58, 68, 248, 170, 97, 
639, 229, -409, -434, 524, -90, 48, 58, 78, 239, 165, 102, 
644, 229, -414, -436, 529, -92, 39, 53, 68, 234, 165, 102, 
649, 219, -429, -434, 539, -104, 39, 39, 63, 224, 161, 87, 
644, 214, -429, -429, 536, -107, 48, 29, 58, 214, 146, 78, 
634, 214, -419, -424, 527, -102, 53, 39, 63, 229, 161, 87, 
634, 214, -419, -424, 527, -102, 58, 39, 68, 234, 165, 87, 
634, 214, -419, -424, 527, -102, 63, 39, 73, 239, 170, 87, 
634, 214, -419, -424, 527, -102, 68, 39, 78, 244, 175, 87, 
629, 214, -414, -422, 522, -100, 68, 29, 87, 244, 175, 87, 
624, 214, -409, -419, 517, -97, 68, 29, 87, 244, 175, 87, 
619, 214, -405, -417, 512, -95, 68, 29, 87, 244, 175, 87, 
614, 214, -400, -414, 507, -92, 68, 29, 87, 244, 175, 87, 
629, 224, -405, -427, 517, -90, 82, 29, 102, 248, 185, 92, 
634, 234, -400, -434, 517, -82, 87, 29, 107, 253, 185, 97, 
639, 244, -395, -441, 517, -75, 92, 29, 112, 258, 185, 102, 
644, 253, -390, -448, 517, -68, 97, 29, 117, 263, 185, 107, 
644, 258, -385, -451, 514, -63, 87, 24, 126, 273, 195, 107, 
644, 263, -380, -453, 512, -58, 87, 19, 126, 273, 195, 107, 
644, 268, -375, -456, 509, -53, 87, 14, 126, 273, 195, 107, 
644, 273, -370, -458, 507, -48, 87, 9, 126, 273, 195, 107, 
634, 278, -356, -456, 495, -39, 78, 4, 141, 287, 200, 122, 
624, 283, -341, -453, 483, -29, 78, 0, 146, 292, 204, 126, 
614, 287, -326, -451, 470, -19, 78, -4, 151, 297, 209, 131, 
605, 292, -312, -448, 458, -9, 78, -9, 156, 302, 214, 136, 
614, 302, -312, -458, 463, -4, 87, -24, 170, 317, 224, 146, 
614, 312, -302, -463, 458, 4, 87, -29, 175, 322, 224, 146, 
614, 322, -292, -468, 453, 14, 87, -34, 180, 326, 224, 146, 
614, 331, -283, -473, 448, 24, 87, -39, 185, 331, 224, 146, 
590, 326, -263, -458, 427, 31, 82, -43, 195, 331, 229, 146, 
566, 322, -244, -444, 405, 39, 78, -48, 195, 331, 234, 146, 
541, 317, -224, -429, 383, 46, 73, -53, 195, 331, 239, 146, 
517, 312, -204, -414, 361, 53, 68, -58, 195, 331, 244, 146, 
566, 346, -219, -456, 392, 63, 68, -58, 200, 336, 244, 156, 
605, 370, -234, -488, 419, 68, 68, -58, 204, 341, 244, 156, 
644, 395, -248, -519, 446, 73, 68, -58, 209, 346, 244, 156, 
683, 419, -263, -551, 473, 78, 68, -58, 214, 351, 244, 156, 
668, 409, -258, -539, 463, 75, 78, -53, 224, 361, 253, 165, 
663, 409, -253, -536, 458, 78, 78, -48, 224, 361, 253, 165, 
658, 409, -248, -534, 453, 80, 78, -43, 224, 361, 253, 165, 
653, 409, -244, -531, 448, 82, 78, -39, 224, 361, 253, 165, 
653, 400, -253, -527, 453, 73, 82, -29, 214, 351, 253, 175, 
653, 400, -253, -527, 453, 73, 87, -29, 214, 351, 253, 175, 
653, 400, -253, -527, 453, 73, 92, -29, 214, 351, 253, 175, 
653, 400, -253, -527, 453, 73, 97, -29, 214, 351, 253, 175, 
639, 380, -258, -509, 448, 61, 87, -19, 204, 341, 239, 170, 
629, 366, -263, -497, 446, 51, 87, -24, 204, 341, 239, 165, 
624, 351, -273, -488, 448, 39, 87, -24, 204, 346, 239, 161, 
634, 341, -292, -488, 463, 24, 87, -24, 200, 346, 244, 161, 
619, 341, -278, -480, 448, 31, 87, -14, 195, 341, 253, 170, 
600, 331, -268, -466, 434, 31, 82, -24, 195, 331, 248, 156, 
595, 322, -273, -458, 434, 24, 82, -34, 195, 317, 248, 156, 
595, 331, -263, -463, 429, 34, 82, -34, 195, 322, 248, 156, 
629, 346, -283, -488, 456, 31, 78, -29, 190, 322, 239, 161, 
629, 356, -273, -492, 451, 41, 78, -29, 185, 317, 239, 161, 
639, 356, -283, -497, 461, 36, 73, -24, 180, 317, 239, 161, 
658, 356, -302, -507, 480, 26, 68, -24, 175, 322, 239, 161, 
668, 351, -317, -509, 492, 17, 58, -14, 170, 317, 229, 161, 
668, 336, -331, -502, 500, 2, 53, -19, 165, 312, 229, 161, 
658, 326, -331, -492, 495, -2, 53, -19, 161, 307, 229, 161, 
658, 322, -336, -490, 497, -7, 53, -19, 156, 302, 229, 156, 
658, 317, -341, -488, 500, -12, 43, -19, 146, 292, 214, 156, 
658, 317, -341, -488, 500, -12, 43, -19, 146, 292, 214, 156, 
653, 317, -336, -485, 495, -9, 43, -24, 146, 292, 219, 156, 
653, 317, -336, -485, 495, -9, 43, -24, 146, 292, 224, 156, 
653, 317, -336, -485, 495, -9, 39, -19, 146, 287, 224, 156, 
658, 322, -336, -490, 497, -7, 39, -19, 146, 287, 224, 161, 
678, 326, -351, -502, 514, -12, 34, -19, 141, 292, 224, 161, 
668, 326, -341, -497, 505, -7, 29, -19, 141, 292, 214, 161, 
653, 312, -341, -483, 497, -14, 19, -29, 131, 287, 209, 151, 
653, 307, -346, -480, 500, -19, 19, -34, 131, 283, 204, 146, 
653, 287, -366, -470, 509, -39, 19, -34, 126, 278, 200, 136, 
658, 283, -375, -470, 517, -46, 19, -34, 126, 273, 195, 131, 
668, 287, -380, -478, 524, -46, 34, -39, 122, 258, 195, 131, 
668, 278, -390, -473, 529, -56, 34, -39, 112, 253, 190, 131, 
658, 268, -390, -463, 524, -61, 29, -43, 102, 244, 185, 126, 
673, 258, -414, -466, 544, -78, 29, -43, 87, 239, 180, 117, 
673, 273, -400, -473, 536, -63, 24, -48, 87, 244, 170, 107, 
668, 273, -395, -470, 531, -61, 19, -48, 87, 244, 170, 107, 
663, 268, -395, -466, 529, -63, 14, -53, 87, 244, 170, 107, 
663, 268, -395, -466, 529, -63, 9, -53, 87, 244, 170, 107, 
668, 283, -385, -475, 527, -51, 14, -43, 92, 248, 185, 112, 
668, 273, -395, -470, 531, -61, 24, -39, 97, 253, 190, 112, 
658, 258, -400, -458, 529, -70, 29, -34, 102, 258, 195, 112, 
658, 258, -400, -458, 529, -70, 34, -34, 107, 263, 200, 112, 
663, 263, -400, -463, 531, -68, 34, -34, 97, 263, 190, 102, 
663, 268, -395, -466, 529, -63, 34, -39, 97, 253, 185, 102, 
668, 273, -395, -470, 531, -61, 34, -39, 97, 263, 185, 107, 
688, 283, -405, -485, 546, -61, 43, -34, 97, 263, 190, 107, 
678, 292, -385, -485, 531, -46, 29, -43, 97, 248, 185, 107, 
678, 292, -385, -485, 531, -46, 24, -43, 97, 248, 180, 107, 
678, 297, -380, -488, 529, -41, 19, -43, 102, 253, 175, 107, 
668, 297, -370, -483, 519, -36, 14, -39, 102, 263, 175, 112, 
658, 278, -380, -468, 519, -51, 29, -29, 102, 253, 180, 102, 
668, 278, -390, -473, 529, -56, 29, -29, 102, 253, 180, 102, 
668, 278, -390, -473, 529, -56, 29, -29, 102, 253, 185, 102, 
649, 273, -375, -461, 512, -51, 39, -29, 102, 253, 190, 102, 
653, 278, -375, -466, 514, -48, 48, -29, 112, 253, 185, 112, 
663, 287, -375, -475, 519, -43, 43, -29, 112, 258, 185, 112, 
668, 292, -375, -480, 522, -41, 39, -29, 112, 263, 185, 107, 
673, 292, -380, -483, 527, -43, 39, -29, 107, 263, 185, 107, 
668, 278, -390, -473, 529, -56, 39, -39, 107, 253, 185, 112, 
663, 273, -390, -468, 527, -58, 34, -43, 107, 253, 185, 112, 
658, 273, -385, -466, 522, -56, 29, -48, 112, 258, 185, 112, 
668, 273, -395, -470, 531, -61, 29, -53, 112, 258, 185, 112, 
678, 287, -390, -483, 534, -51, 39, -53, 122, 268, 195, 122, 
678, 302, -375, -490, 527, -36, 34, -48, 126, 273, 200, 126, 
673, 317, -356, -495, 514, -19, 34, -43, 131, 283, 204, 131, 
668, 331, -336, -500, 502, -2, 34, -39, 141, 297, 209, 136, 
658, 322, -336, -490, 497, -7, 39, -39, 146, 287, 214, 131, 
653, 322, -331, -488, 492, -4, 39, -39, 151, 287, 214, 131, 
649, 326, -322, -488, 485, 2, 39, -39, 156, 287, 214, 131, 
644, 326, -317, -485, 480, 4, 39, -34, 161, 287, 219, 131, 
634, 326, -307, -480, 470, 9, 53, -34, 161, 287, 219, 141, 
634, 331, -302, -483, 468, 14, 53, -39, 161, 292, 219, 141, 
653, 336, -317, -495, 485, 9, 53, -39, 156, 297, 209, 136, 
668, 336, -331, -502, 500, 2, 53, -43, 151, 297, 209, 136, 
653, 346, -307, -500, 480, 19, 43, -43, 161, 297, 214, 141, 
653, 351, -302, -502, 478, 24, 43, -34, 165, 297, 214, 141, 
649, 356, -292, -502, 470, 31, 43, -34, 165, 302, 214, 146, 
649, 361, -287, -505, 468, 36, 39, -39, 161, 302, 214, 146, 
644, 351, -292, -497, 468, 29, 43, -39, 165, 307, 224, 151, 
649, 351, -297, -500, 473, 26, 48, -39, 170, 307, 224, 151, 
649, 346, -302, -497, 475, 21, 48, -34, 175, 307, 224, 156, 
649, 336, -312, -492, 480, 12, 53, -29, 180, 307, 224, 156, 
653, 351, -302, -502, 478, 24, 68, -14, 190, 312, 239, 165, 
663, 361, -302, -512, 483, 29, 73, -9, 195, 317, 239, 165, 
673, 366, -307, -519, 490, 29, 73, -4, 200, 322, 234, 165, 
683, 361, -322, -522, 502, 19, 78, 4, 195, 322, 234, 165, 
629, 336, -292, -483, 461, 21, 102, 24, 224, 322, 224, 156, 
610, 307, -302, -458, 456, 2, 112, 39, 234, 302, 195, 117, 
610, 317, -292, -463, 451, 12, 136, 63, 263, 307, 190, 102, 
619, 341, -278, -480, 448, 31, 175, 102, 317, 326, 185, 87, 
605, 356, -248, -480, 427, 53, 209, 126, 361, 326, 161, 58, 
575, 385, -190, -480, 383, 97, 229, 146, 414, 361, 151, 34, 
570, 453, -117, -512, 344, 168, 244, 161, 478, 405, 180, 43, 
570, 488, -82, -529, 326, 202, 253, 175, 536, 463, 219, 63, 
585, 507, -78, -546, 331, 214, 239, 200, 610, 561, 287, 107, 
614, 566, -48, -590, 331, 258, 209, 209, 697, 702, 405, 180, 
683, 663, -19, -673, 351, 322, 146, 180, 775, 878, 575, 312, 
741, 775, 34, -758, 353, 405, 53, 107, 805, 1078, 790, 497, 
805, 888, 82, -846, 361, 485, -73, 4, 814, 1302, 1054, 717, 
888, 1024, 136, -956, 375, 580, -229, -151, 785, 1527, 1322, 951, 
946, 1156, 209, -1051, 368, 683, -385, -317, 727, 1717, 1576, 1180, 
1024, 1249, 224, -1137, 400, 736, -551, -488, 629, 1844, 1766, 1366, 
1107, 1298, 190, -1202, 458, 744, -702, -634, 453, 1873, 1878, 1493, 
1171, 1312, 141, -1241, 514, 727, -814, -751, 244, 1781, 1898, 1561, 
1205, 1234, 29, -1220, 588, 631, -839, -800, -24, 1507, 1747, 1498, 
1171, 985, -185, -1078, 678, 400, -800, -834, -326, 1049, 1366, 1249, 
1137, 746, -390, -941, 763, 178, -746, -858, -595, 556, 936, 936, 
1122, 585, -536, -854, 829, 24, -673, -849, -800, 185, 619, 717, 
1083, 351, -732, -717, 907, -190, -566, -766, -1000, -146, 351, 522, 
1034, 102, -932, -568, 983, -414, -424, -634, -1161, -468, 87, 326, 
1024, -43, -1068, -490, 1046, -556, -312, -488, -1273, -722, -126, 175, 
1029, -156, -1185, -436, 1107, -671, -234, -370, -1327, -863, -268, 58, 
1019, -278, -1298, -370, 1159, -788, -180, -273, -1298, -888, -346, -14, 
1019, -351, -1371, -334, 1195, -861, -156, -219, -1254, -854, -351, -29, 
1039, -307, -1346, -366, 1193, -827, -170, -190, -1166, -771, -297, 9, 
1049, -219, -1268, -414, 1159, -744, -161, -146, -1034, -649, -219, 58, 
1029, -146, -1176, -441, 1102, -661, -131, -102, -888, -541, -170, 78, 
990, -82, -1073, -453, 1032, -578, -136, -78, -771, -453, -122, 87, 
941, 0, -941, -470, 941, -470, -141, -63, -639, -336, -39, 131, 
922, 63, -858, -492, 890, -397, -141, -43, -531, -239, 24, 175, 
927, 97, -829, -512, 878, -366, -146, -48, -434, -165, 63, 185, 
878, 136, -741, -507, 810, -302, -131, -58, -351, -102, 73, 185, 
814, 161, -653, -488, 734, -246, -107, -63, -273, -48, 82, 170, 
780, 180, -600, -480, 690, -209, -87, -73, -204, -4, 92, 146, 
766, 204, -561, -485, 663, -178, -58, -82, -141, 34, 112, 141, 
756, 209, -546, -483, 651, -168, -24, -78, -97, 63, 117, 122, 
746, 209, -536, -478, 641, -163, -14, -87, -73, 82, 102, 92, 
732, 209, -522, -470, 627, -156, -9, -78, -43, 112, 107, 73, 
727, 219, -507, -473, 617, -143, 9, -68, -4, 136, 117, 73, 
727, 219, -507, -473, 617, -143, 24, -48, 24, 161, 131, 78, 
678, 209, -468, -444, 573, -129, 24, -43, 48, 185, 141, 87, 
644, 200, -444, -422, 544, -122, 24, -34, 73, 200, 156, 92, 
683, 229, -453, -456, 568, -112, 39, -24, 97, 214, 156, 92, 
751, 297, -453, -524, 602, -78, 58, 4, 126, 248, 195, 122, 
732, 273, -458, -502, 595, -92, 53, -4, 131, 248, 190, 117, 
712, 263, -448, -488, 580, -92, 53, -9, 136, 244, 185, 107, 
697, 263, -434, -480, 566, -85, 53, -9, 146, 239, 175, 97, 
692, 253, -439, -473, 566, -92, 53, -14, 156, 234, 170, 82, 
678, 253, -424, -466, 551, -85, 48, -14, 136, 234, 175, 78, 
673, 244, -429, -458, 551, -92, 34, -14, 136, 239, 170, 68, 
668, 244, -424, -456, 546, -90, 24, -14, 141, 239, 170, 68, 
663, 248, -414, -456, 539, -82, 19, -4, 151, 244, 180, 82, 
668, 258, -409, -463, 539, -75, 24, 9, 175, 253, 190, 82, 
668, 258, -409, -463, 539, -75, 29, 19, 175, 258, 190, 87, 
668, 258, -409, -463, 539, -75, 34, 24, 175, 258, 190, 87, 
663, 258, -405, -461, 534, -73, 39, 24, 175, 258, 185, 73, 
668, 268, -400, -468, 534, -65, 39, 19, 175, 248, 180, 63, 
683, 273, -409, -478, 546, -68, 39, 14, 175, 253, 180, 63, 
697, 278, -419, -488, 558, -70, 39, 4, 170, 258, 180, 63, 
712, 287, -424, -500, 568, -68, 39, 0, 170, 263, 185, 68, 
702, 287, -414, -495, 558, -63, 29, 0, 180, 278, 190, 87, 
692, 287, -405, -490, 549, -58, 29, 0, 180, 278, 195, 92, 
688, 287, -400, -488, 544, -56, 24, -9, 180, 278, 200, 97, 
688, 287, -400, -488, 544, -56, 24, -9, 190, 278, 204, 102, 
697, 297, -400, -497, 549, -51, 24, 9, 200, 283, 219, 112, 
688, 302, -385, -495, 536, -41, 34, 9, 200, 283, 219, 117, 
688, 307, -380, -497, 534, -36, 34, 9, 200, 287, 219, 122, 
702, 307, -395, -505, 549, -43, 34, 9, 195, 302, 219, 126, 
702, 312, -390, -507, 546, -39, 34, 19, 204, 302, 219, 122, 
702, 322, -380, -512, 541, -29, 34, 24, 204, 297, 219, 122, 
702, 326, -375, -514, 539, -24, 34, 24, 204, 297, 224, 131, 
702, 336, -366, -519, 534, -14, 39, 34, 214, 302, 224, 136, 
688, 331, -356, -509, 522, -12, 39, 24, 224, 312, 224, 146, 
697, 336, -361, -517, 529, -12, 39, 34, 224, 317, 229, 151, 
678, 336, -341, -507, 509, -2, 53, 39, 234, 317, 229, 151, 
673, 331, -341, -502, 507, -4, 58, 43, 234, 322, 234, 151, 
678, 336, -341, -507, 509, -2, 73, 53, 244, 331, 239, 151, 
688, 341, -346, -514, 517, -2, 73, 53, 244, 336, 244, 151, 
697, 341, -356, -519, 527, -7, 78, 53, 244, 336, 248, 156, 
702, 346, -356, -524, 529, -4, 78, 53, 244, 336, 253, 161, 
702, 341, -361, -522, 531, -9, 87, 63, 248, 326, 248, 165, 
712, 341, -370, -527, 541, -14, 87, 73, 253, 336, 253, 165, 
702, 336, -366, -519, 534, -14, 82, 73, 258, 336, 253, 165, 
692, 336, -356, -514, 524, -9, 82, 73, 258, 336, 253, 165, 
697, 322, -375, -509, 536, -26, 97, 87, 263, 346, 268, 180, 
692, 317, -375, -505, 534, -29, 97, 92, 263, 346, 268, 180, 
688, 312, -375, -500, 531, -31, 97, 92, 263, 341, 268, 175, 
688, 312, -375, -500, 531, -31, 97, 92, 263, 341, 268, 170, 
707, 302, -405, -505, 556, -51, 102, 107, 253, 346, 263, 161, 
707, 302, -405, -505, 556, -51, 102, 112, 258, 356, 263, 165, 
702, 302, -400, -502, 551, -48, 102, 117, 263, 356, 268, 165, 
702, 307, -395, -505, 549, -43, 102, 117, 268, 361, 273, 170, 
712, 317, -395, -514, 553, -39, 112, 126, 283, 361, 283, 175, 
722, 326, -395, -524, 558, -34, 112, 136, 292, 361, 287, 185, 
741, 346, -395, -544, 568, -24, 112, 141, 317, 375, 302, 200, 
751, 356, -395, -553, 573, -19, 112, 146, 317, 385, 302, 214, 
741, 346, -395, -544, 568, -24, 112, 161, 312, 380, 302, 219, 
746, 346, -400, -546, 573, -26, 107, 161, 307, 385, 302, 219, 
751, 351, -400, -551, 575, -24, 102, 161, 302, 390, 312, 229, 
756, 351, -405, -553, 580, -26, 97, 161, 297, 390, 312, 229, 
746, 356, -390, -551, 568, -17, 87, 165, 297, 390, 312, 229, 
746, 356, -390, -551, 568, -17, 82, 165, 307, 385, 307, 224, 
746, 346, -400, -546, 573, -26, 73, 161, 307, 380, 302, 219, 
746, 346, -400, -546, 573, -26, 73, 156, 307, 380, 307, 214, 
761, 356, -405, -558, 583, -24, 68, 151, 322, 405, 322, 234, 
761, 361, -400, -561, 580, -19, 68, 156, 331, 414, 331, 239, 
766, 366, -400, -566, 583, -17, 68, 161, 341, 419, 336, 244, 
775, 370, -405, -573, 590, -17, 68, 161, 346, 424, 336, 244, 
761, 375, -385, -568, 573, -4, 63, 180, 346, 434, 346, 253, 
761, 370, -390, -566, 575, -9, 63, 185, 346, 439, 351, 258, 
771, 361, -409, -566, 590, -24, 58, 185, 341, 439, 351, 258, 
766, 356, -409, -561, 588, -26, 58, 185, 336, 439, 356, 258, 
766, 361, -405, -563, 585, -21, 58, 200, 341, 448, 361, 263, 
766, 346, -419, -556, 592, -36, 73, 204, 351, 458, 370, 268, 
771, 341, -429, -556, 600, -43, 58, 204, 361, 458, 375, 278, 
780, 346, -434, -563, 607, -43, 58, 204, 375, 468, 385, 278, 
805, 361, -444, -583, 624, -41, 63, 214, 380, 478, 390, 287, 
814, 370, -444, -592, 629, -36, 58, 214, 385, 488, 395, 287, 
829, 385, -444, -607, 636, -29, 63, 224, 400, 502, 400, 292, 
844, 414, -429, -629, 636, -7, 68, 224, 405, 517, 405, 297, 
839, 409, -429, -624, 634, -9, 63, 219, 390, 507, 405, 283, 
834, 409, -424, -622, 629, -7, 58, 209, 385, 502, 400, 273, 
834, 409, -424, -622, 629, -7, 53, 219, 380, 492, 395, 263, 
834, 414, -419, -624, 627, -2, 53, 229, 375, 488, 395, 258, 
824, 400, -424, -612, 624, -12, 53, 224, 375, 488, 395, 268, 
824, 400, -424, -612, 624, -12, 53, 219, 370, 488, 395, 268, 
834, 405, -429, -619, 631, -12, 53, 214, 370, 478, 395, 268, 
834, 385, -448, -610, 641, -31, 48, 195, 366, 478, 390, 268, 
819, 370, -448, -595, 634, -39, 48, 204, 366, 478, 390, 268, 
819, 370, -448, -595, 634, -39, 53, 204, 361, 478, 400, 278, 
824, 375, -448, -600, 636, -36, 53, 219, 356, 478, 400, 278, 
824, 361, -463, -592, 644, -51, 53, 224, 341, 468, 390, 273, 
844, 361, -483, -602, 663, -61, 39, 214, 331, 458, 390, 283, 
854, 361, -492, -607, 673, -65, 39, 214, 317, 458, 390, 287, 
863, 361, -502, -612, 683, -70, 39, 214, 317, 458, 390, 292, 
873, 361, -512, -617, 692, -75, 39, 209, 312, 448, 385, 292, 
878, 351, -527, -614, 702, -87, 34, 209, 297, 429, 375, 297, 
883, 346, -536, -614, 710, -95, 29, 195, 292, 419, 361, 292, 
888, 351, -536, -619, 712, -92, 14, 195, 287, 414, 356, 292, 
893, 351, -541, -622, 717, -95, 19, 190, 287, 395, 356, 292, 
878, 346, -531, -612, 705, -92, 29, 200, 268, 395, 346, 287, 
858, 341, -517, -600, 688, -87, 19, 190, 258, 390, 341, 283, 
844, 336, -507, -590, 675, -85, 19, 175, 244, 385, 341, 278, 
824, 346, -478, -585, 651, -65, 19, 170, 239, 380, 336, 278, 
824, 341, -483, -583, 653, -70, 24, 175, 244, 385, 341, 278, 
814, 356, -458, -585, 636, -51, 24, 170, 239, 385, 336, 278, 
819, 370, -448, -595, 634, -39, 29, 156, 229, 380, 331, 273, 
824, 390, -434, -607, 629, -21, 34, 146, 229, 375, 336, 273, 
824, 400, -424, -612, 624, -12, 39, 131, 234, 375, 326, 268, 
819, 400, -419, -610, 619, -9, 34, 117, 224, 366, 322, 258, 
824, 400, -424, -612, 624, -12, 29, 102, 209, 356, 312, 253, 
824, 400, -424, -612, 624, -12, 29, 97, 204, 351, 307, 253, 
800, 385, -414, -592, 607, -14, 29, 82, 200, 341, 302, 248, 
790, 370, -419, -580, 605, -24, 24, 68, 190, 336, 297, 234, 
780, 370, -409, -575, 595, -19, 29, 58, 180, 336, 297, 229, 
775, 380, -395, -578, 585, -7, 24, 58, 180, 341, 302, 229, 
771, 375, -395, -573, 583, -9, 24, 48, 180, 331, 302, 229, 
751, 366, -385, -558, 568, -9, 19, 48, 175, 322, 292, 219, 
746, 356, -390, -551, 568, -17, 9, 43, 175, 322, 287, 209, 
756, 351, -405, -553, 580, -26, 4, 43, 170, 317, 283, 204, 
746, 366, -380, -556, 563, -7, 14, 43, 170, 317, 283, 209, 
741, 346, -395, -544, 568, -24, 19, 43, 170, 312, 283, 200, 
727, 351, -375, -539, 551, -12, 29, 43, 165, 317, 283, 195, 
741, 370, -370, -556, 556, 0, 39, 48, 165, 322, 287, 195, 
736, 370, -366, -553, 551, 2, 43, 39, 165, 326, 287, 195, 
736, 370, -366, -553, 551, 2, 43, 39, 165, 326, 287, 190, 
727, 356, -370, -541, 549, -7, 48, 39, 170, 326, 287, 190, 
722, 351, -370, -536, 546, -9, 53, 39, 175, 326, 287, 190, 
707, 341, -366, -524, 536, -12, 43, 29, 170, 322, 283, 180, 
692, 341, -351, -517, 522, -4, 43, 29, 165, 307, 278, 170, 
688, 331, -356, -509, 522, -12, 34, 29, 146, 297, 263, 165, 
683, 331, -351, -507, 517, -9, 34, 29, 141, 292, 258, 156, 
692, 346, -346, -519, 519, 0, 34, 39, 146, 302, 258, 156, 
702, 356, -346, -529, 524, 4, 34, 34, 146, 297, 253, 156, 
717, 356, -361, -536, 539, -2, 29, 29, 141, 297, 253, 156, 
732, 366, -366, -549, 549, 0, 29, 29, 141, 297, 253, 161, 
751, 375, -375, -563, 563, 0, 39, 29, 141, 307, 253, 170, 
756, 380, -375, -568, 566, 2, 39, 24, 141, 302, 248, 165, 
756, 380, -375, -568, 566, 2, 24, 14, 141, 302, 248, 161, 
751, 380, -370, -566, 561, 4, 24, 14, 141, 302, 253, 161, 
736, 370, -366, -553, 551, 2, 48, 29, 151, 302, 263, 165, 
741, 385, -356, -563, 549, 14, 53, 39, 151, 302, 268, 170, 
736, 385, -351, -561, 544, 17, 58, 43, 161, 302, 268, 170, 
736, 390, -346, -563, 541, 21, 63, 48, 161, 302, 263, 175, 
722, 380, -341, -551, 531, 19, 53, 39, 161, 312, 263, 175, 
702, 370, -331, -536, 517, 19, 48, 39, 156, 302, 263, 175, 
707, 370, -336, -539, 522, 17, 48, 34, 156, 297, 258, 170, 
722, 375, -346, -549, 534, 14, 48, 29, 156, 297, 258, 170, 
717, 385, -331, -551, 524, 26, 43, 19, 161, 307, 263, 161, 
712, 380, -331, -546, 522, 24, 43, 24, 161, 302, 263, 165, 
717, 370, -346, -544, 531, 12, 43, 24, 156, 302, 258, 170, 
722, 370, -351, -546, 536, 9, 39, 24, 156, 302, 258, 170, 
712, 375, -336, -544, 524, 19, 39, 14, 146, 297, 253, 146, 
717, 380, -336, -549, 527, 21, 43, 14, 146, 292, 253, 146, 
727, 385, -341, -556, 534, 21, 43, 19, 151, 287, 253, 151, 
727, 390, -336, -558, 531, 26, 48, 19, 151, 283, 253, 151, 
712, 375, -336, -544, 524, 19, 34, 14, 141, 278, 248, 151, 
692, 370, -322, -531, 507, 24, 29, 9, 141, 278, 248, 151, 
707, 366, -341, -536, 524, 12, 34, 4, 141, 278, 248, 151, 
707, 361, -346, -534, 527, 7, 39, 4, 146, 278, 253, 151, 
697, 356, -341, -527, 519, 7, 39, 0, 141, 278, 239, 136, 
697, 346, -351, -522, 524, -2, 34, 4, 136, 278, 234, 131, 
697, 341, -356, -519, 527, -7, 34, 0, 131, 273, 224, 131, 
697, 336, -361, -517, 529, -12, 34, 0, 126, 268, 219, 131, 
712, 375, -336, -544, 524, 19, 73, 19, 156, 287, 258, 151, 
722, 366, -356, -544, 539, 4, 53, 9, 136, 268, 239, 131, 
751, 346, -405, -549, 578, -29, 29, -19, 112, 244, 224, 112, 
741, 351, -390, -546, 566, -19, 39, 0, 126, 263, 234, 126, 
732, 346, -385, -539, 558, -19, 39, 0, 122, 253, 224, 117, 
732, 341, -390, -536, 561, -24, 39, 0, 117, 253, 224, 117, 
732, 336, -395, -534, 563, -29, 39, 0, 112, 253, 224, 117, 
732, 331, -400, -531, 566, -34, 39, 0, 107, 253, 224, 117, 
736, 336, -400, -536, 568, -31, 48, 9, 92, 234, 209, 117, 
736, 336, -400, -536, 568, -31, 48, 4, 87, 234, 209, 117, 
741, 336, -405, -539, 573, -34, 48, 4, 82, 239, 209, 117, 
761, 341, -419, -551, 590, -39, 48, 4, 73, 239, 214, 122, 
756, 336, -419, -546, 588, -41, 39, 19, 78, 239, 214, 122, 
736, 322, -414, -529, 575, -46, 34, 14, 78, 234, 209, 107, 
732, 307, -424, -519, 578, -58, 34, 9, 78, 224, 209, 107, 
732, 312, -419, -522, 575, -53, 34, 14, 78, 234, 209, 107, 
756, 307, -448, -531, 602, -70, 34, 29, 68, 224, 209, 112, 
746, 317, -429, -531, 588, -56, 39, 29, 68, 219, 209, 112, 
746, 317, -429, -531, 588, -56, 39, 34, 68, 219, 209, 112, 
756, 317, -439, -536, 597, -61, 39, 34, 68, 224, 209, 112, 
746, 326, -419, -536, 583, -46, 48, 34, 78, 234, 200, 122, 
746, 317, -429, -531, 588, -56, 43, 29, 78, 234, 200, 122, 
736, 312, -424, -524, 580, -56, 43, 29, 78, 234, 200, 122, 
736, 312, -424, -524, 580, -56, 43, 29, 78, 234, 200, 117, 
741, 326, -414, -534, 578, -43, 48, 34, 87, 239, 204, 126, 
746, 326, -419, -536, 583, -46, 53, 39, 87, 244, 204, 126, 
746, 326, -419, -536, 583, -46, 58, 39, 87, 248, 209, 126, 
751, 326, -424, -539, 588, -48, 63, 43, 87, 253, 214, 126, 
736, 326, -409, -531, 573, -41, 73, 48, 97, 248, 224, 126, 
736, 331, -405, -534, 570, -36, 78, 48, 97, 248, 224, 131, 
751, 336, -414, -544, 583, -39, 78, 48, 92, 253, 224, 131, 
736, 336, -400, -536, 568, -31, 78, 48, 92, 253, 214, 131, 
751, 351, -400, -551, 575, -24, 78, 53, 107, 258, 229, 141, 
761, 356, -405, -558, 583, -24, 78, 53, 112, 263, 234, 156, 
771, 346, -424, -558, 597, -39, 78, 58, 112, 268, 239, 165, 
785, 351, -434, -568, 610, -41, 78, 63, 117, 273, 244, 180, 
775, 375, -400, -575, 588, -12, 73, 58, 122, 273, 239, 185, 
775, 375, -400, -575, 588, -12, 73, 58, 122, 273, 239, 190, 
766, 375, -390, -570, 578, -7, 68, 53, 122, 268, 239, 190, 
780, 375, -405, -578, 592, -14, 68, 53, 117, 268, 239, 185, 
775, 380, -395, -578, 585, -7, 78, 48, 117, 273, 248, 200, 
766, 380, -385, -573, 575, -2, 78, 48, 117, 273, 248, 204, 
756, 375, -380, -566, 568, -2, 78, 43, 117, 273, 248, 209, 
751, 375, -375, -563, 563, 0, 78, 43, 117, 273, 248, 214, 
756, 380, -375, -568, 566, 2, 87, 48, 126, 283, 248, 214, 
756, 370, -385, -563, 570, -7, 92, 48, 126, 283, 248, 209, 
746, 356, -390, -551, 568, -17, 92, 48, 126, 283, 248, 204, 
746, 356, -390, -551, 568, -17, 92, 43, 126, 283, 248, 200, 
761, 375, -385, -568, 573, -4, 97, 43, 141, 287, 253, 209, 
761, 385, -375, -573, 568, 4, 102, 39, 146, 283, 253, 209, 
766, 395, -370, -580, 568, 12, 107, 39, 151, 297, 258, 214, 
785, 409, -375, -597, 580, 17, 122, 43, 156, 302, 268, 214, 
766, 400, -366, -583, 566, 17, 107, 43, 151, 297, 268, 204, 
746, 390, -356, -568, 551, 17, 102, 43, 146, 297, 268, 204, 
727, 385, -341, -556, 534, 21, 97, 43, 146, 302, 268, 204, 
697, 375, -322, -536, 509, 26, 92, 48, 141, 312, 273, 209, 
712, 385, -326, -549, 519, 29, 87, 39, 146, 302, 283, 200, 
736, 405, -331, -570, 534, 36, 87, 39, 151, 302, 278, 200, 
751, 424, -326, -588, 539, 48, 87, 39, 156, 302, 278, 200, 
746, 439, -307, -592, 527, 65, 97, 39, 161, 302, 278, 200, 
741, 424, -317, -583, 529, 53, 97, 48, 161, 302, 283, 209, 
741, 424, -317, -583, 529, 53, 92, 48, 161, 307, 283, 209, 
736, 419, -317, -578, 527, 51, 87, 48, 161, 312, 283, 204, 
732, 409, -322, -570, 527, 43, 87, 48, 156, 312, 283, 204, 
732, 419, -312, -575, 522, 53, 82, 34, 165, 322, 283, 190, 
732, 419, -312, -575, 522, 53, 82, 34, 165, 322, 283, 190, 
732, 424, -307, -578, 519, 58, 82, 34, 170, 326, 283, 190, 
746, 429, -317, -588, 531, 56, 87, 34, 170, 326, 283, 190, 
746, 434, -312, -590, 529, 61, 102, 19, 170, 317, 287, 195, 
746, 439, -307, -592, 527, 65, 102, 19, 165, 312, 287, 195, 
741, 444, -297, -592, 519, 73, 107, 19, 161, 312, 287, 195, 
736, 448, -287, -592, 512, 80, 112, 19, 161, 317, 287, 195, 
717, 429, -287, -573, 502, 70, 102, 14, 146, 302, 278, 175, 
712, 409, -302, -561, 507, 53, 97, 9, 141, 297, 273, 170, 
707, 395, -312, -551, 509, 41, 92, 4, 136, 292, 268, 165, 
702, 375, -326, -539, 514, 24, 87, 4, 131, 287, 268, 161, 
712, 390, -322, -551, 517, 34, 97, 9, 131, 292, 258, 161, 
722, 400, -322, -561, 522, 39, 102, 9, 131, 292, 258, 161, 
751, 409, -341, -580, 546, 34, 107, 14, 126, 292, 248, 156, 
775, 414, -361, -595, 568, 26, 112, 14, 122, 287, 248, 156, 
756, 395, -361, -575, 558, 17, 122, 4, 122, 278, 263, 161, 
751, 390, -361, -570, 556, 14, 122, 14, 126, 278, 263, 161, 
741, 385, -356, -563, 549, 14, 122, 14, 126, 283, 263, 165, 
736, 380, -356, -558, 546, 12, 117, 9, 122, 283, 263, 165, 
751, 375, -375, -563, 563, 0, 126, 4, 117, 268, 253, 156, 
766, 380, -385, -573, 575, -2, 126, 0, 112, 268, 253, 151, 
775, 380, -395, -578, 585, -7, 122, 0, 107, 268, 253, 151, 
785, 375, -409, -580, 597, -17, 122, 0, 102, 268, 253, 146, 
771, 361, -409, -566, 590, -24, 131, 0, 107, 268, 248, 146, 
761, 361, -400, -561, 580, -19, 131, 0, 107, 268, 248, 146, 
751, 356, -395, -553, 573, -19, 126, 0, 107, 268, 244, 146, 
741, 341, -400, -541, 570, -29, 126, 4, 97, 263, 244, 146, 
775, 375, -400, -575, 588, -12, 131, 14, 97, 273, 253, 165, 
775, 366, -409, -570, 592, -21, 112, 0, 87, 253, 244, 146, 
756, 336, -419, -546, 588, -41, 97, -4, 78, 229, 229, 122, 
766, 322, -444, -544, 605, -61, 117, 14, 82, 229, 214, 107, 
761, 307, -453, -534, 607, -73, 131, 39, 97, 219, 190, 87, 
751, 326, -424, -539, 588, -48, 161, 58, 131, 224, 180, 82, 
717, 356, -361, -536, 539, -2, 204, 92, 195, 258, 180, 82, 
688, 331, -356, -509, 522, -12, 214, 97, 234, 258, 151, 43, 
683, 302, -380, -492, 531, -39, 209, 82, 278, 268, 122, 9, 
692, 380, -312, -536, 502, 34, 248, 122, 366, 351, 190, 63, 
692, 448, -244, -570, 468, 102, 253, 170, 463, 458, 263, 107, 
712, 483, -229, -597, 470, 126, 219, 185, 541, 561, 351, 156, 
795, 575, -219, -685, 507, 178, 190, 200, 639, 746, 497, 278, 
858, 702, -156, -780, 507, 273, 112, 131, 707, 951, 688, 434, 
897, 814, -82, -856, 490, 366, -43, -34, 717, 1151, 912, 624, 
946, 956, 9, -951, 468, 483, -209, -214, 717, 1385, 1180, 858, 
1019, 1112, 92, -1066, 463, 602, -361, -380, 707, 1629, 1459, 1112, 
1093, 1234, 141, -1163, 475, 688, -531, -556, 624, 1781, 1664, 1307, 
1166, 1312, 146, -1239, 509, 729, -683, -722, 453, 1849, 1825, 1468, 
1239, 1337, 97, -1288, 570, 717, -810, -854, 248, 1810, 1903, 1590, 
1283, 1302, 19, -1293, 631, 661, -893, -946, 0, 1590, 1834, 1600, 
1288, 1161, -126, -1224, 707, 517, -897, -1005, -283, 1180, 1566, 1439, 
1259, 946, -312, -1102, 785, 317, -829, -1010, -580, 673, 1171, 1166, 
1210, 746, -463, -978, 836, 141, -756, -985, -868, 224, 800, 902, 
1180, 541, -639, -861, 910, -48, -653, -888, -1088, -126, 517, 683, 
1176, 283, -893, -729, 1034, -305, -517, -732, -1268, -463, 229, 478, 
1146, 43, -1102, -595, 1124, -529, -395, -614, -1434, -771, -34, 278, 
1146, -87, -1234, -529, 1190, -661, -312, -512, -1507, -932, -204, 136, 
1156, -190, -1346, -483, 1251, -768, -258, -395, -1468, -956, -287, 68, 
1156, -278, -1434, -439, 1295, -856, -239, -292, -1395, -912, -297, 48, 
1185, -214, -1400, -485, 1293, -807, -190, -180, -1259, -805, -239, 97, 
1215, -92, -1307, -561, 1261, -700, -156, -97, -1083, -668, -141, 146, 
1205, -9, -1215, -597, 1210, -612, -151, -73, -932, -551, -87, 180, 
1137, 43, -1093, -590, 1115, -524, -141, -63, -805, -453, -34, 204, 
1102, 117, -985, -610, 1044, -434, -136, -68, -688, -341, 24, 234, 
1112, 156, -956, -634, 1034, -400, -161, -78, -595, -268, 53, 244, 
1058, 141, -917, -600, 988, -387, -156, -82, -517, -204, 82, 248, 
976, 161, -814, -568, 895, -326, -117, -73, -419, -131, 112, 263, 
961, 214, -746, -588, 854, -265, -68, -53, -317, -63, 141, 258, 
941, 248, -692, -595, 817, -222, -34, -48, -244, -14, 175, 248, 
902, 248, -653, -575, 778, -202, -14, -48, -180, 24, 170, 229, 
888, 278, -610, -583, 749, -165, 29, -39, -131, 63, 175, 200, 
902, 317, -585, -610, 744, -134, 58, -19, -92, 107, 195, 190, 
893, 326, -566, -610, 729, -119, 73, 9, -43, 151, 209, 185, 
863, 326, -536, -595, 700, -104, 92, 34, -9, 185, 219, 185, 
858, 336, -522, -597, 690, -92, 92, 34, 4, 180, 214, 170, 
868, 336, -531, -602, 700, -97, 87, 34, 9, 185, 214, 161, 
849, 307, -541, -578, 695, -117, 87, 43, 19, 200, 224, 161, 
829, 302, -527, -566, 678, -112, 102, 58, 39, 224, 229, 170, 
819, 302, -517, -561, 668, -107, 102, 58, 48, 224, 234, 165, 
814, 312, -502, -563, 658, -95, 102, 63, 63, 224, 234, 161, 
819, 312, -507, -566, 663, -97, 102, 63, 78, 224, 239, 151, 
805, 307, -497, -556, 651, -95, 112, 58, 73, 234, 224, 126, 
800, 302, -497, -551, 649, -97, 102, 53, 78, 239, 219, 117, 
795, 307, -488, -551, 641, -90, 97, 48, 87, 239, 219, 117, 
790, 317, -473, -553, 631, -78, 97, 53, 102, 244, 229, 131, 
795, 331, -463, -563, 629, -65, 92, 48, 107, 248, 234, 136, 
805, 346, -458, -575, 631, -56, 87, 58, 107, 248, 239, 146, 
814, 361, -453, -588, 634, -46, 82, 63, 107, 244, 244, 151, 
819, 375, -444, -597, 631, -34, 78, 63, 107, 239, 244, 141, 
795, 380, -414, -588, 605, -17, 68, 73, 122, 248, 244, 141, 
800, 380, -419, -590, 610, -19, 68, 73, 136, 263, 248, 141, 
805, 380, -424, -592, 614, -21, 68, 68, 146, 278, 253, 141, 
810, 385, -424, -597, 617, -19, 68, 68, 161, 292, 263, 146, 
814, 405, -409, -610, 612, -2, 43, 58, 180, 307, 273, 156, 
810, 414, -395, -612, 602, 9, 29, 48, 180, 307, 273, 161, 
810, 424, -385, -617, 597, 19, 9, 29, 180, 307, 273, 165, 
814, 434, -380, -624, 597, 26, -4, 19, 190, 307, 273, 170, 
810, 429, -380, -619, 595, 24, 0, 39, 200, 317, 287, 190, 
795, 429, -366, -612, 580, 31, 14, 39, 200, 312, 287, 195, 
790, 429, -361, -610, 575, 34, 19, 39, 200, 312, 287, 200, 
800, 424, -375, -612, 588, 24, 24, 39, 195, 322, 287, 204, 
800, 424, -375, -612, 588, 24, 14, 34, 200, 322, 278, 200, 
800, 429, -370, -614, 585, 29, 14, 34, 204, 317, 278, 200, 
800, 429, -370, -614, 585, 29, 14, 29, 209, 317, 283, 209, 
800, 434, -366, -617, 583, 34, 19, 34, 224, 322, 283, 214, 
810, 439, -370, -624, 590, 34, 19, 34, 219, 322, 292, 219, 
824, 444, -380, -634, 602, 31, 19, 43, 214, 326, 297, 229, 
810, 444, -366, -627, 588, 39, 34, 48, 219, 326, 297, 234, 
810, 439, -370, -624, 590, 34, 39, 53, 214, 331, 302, 239, 
790, 424, -366, -607, 578, 29, 34, 53, 214, 326, 297, 219, 
785, 419, -366, -602, 575, 26, 34, 53, 214, 326, 292, 209, 
780, 409, -370, -595, 575, 19, 39, 53, 214, 322, 287, 204, 
771, 405, -366, -588, 568, 19, 39, 53, 214, 317, 283, 200, 
780, 414, -366, -597, 573, 24, 48, 53, 229, 322, 287, 214, 
800, 419, -380, -610, 590, 19, 48, 63, 234, 336, 292, 214, 
800, 419, -380, -610, 590, 19, 43, 63, 239, 341, 292, 214, 
800, 424, -375, -612, 588, 24, 43, 63, 239, 346, 292, 214, 
819, 424, -395, -622, 607, 14, 53, 68, 248, 341, 287, 214, 
819, 424, -395, -622, 607, 14, 58, 73, 244, 336, 287, 209, 
819, 424, -395, -622, 607, 14, 63, 73, 239, 326, 287, 200, 
824, 429, -395, -627, 610, 17, 68, 73, 234, 322, 287, 190, 
834, 429, -405, -631, 619, 12, 78, 87, 239, 336, 283, 185, 
834, 429, -405, -631, 619, 12, 82, 92, 248, 346, 283, 185, 
829, 429, -400, -629, 614, 14, 87, 97, 258, 346, 287, 180, 
829, 434, -395, -631, 612, 19, 92, 97, 268, 351, 292, 180, 
819, 419, -400, -619, 610, 9, 82, 87, 263, 351, 292, 180, 
819, 414, -405, -617, 612, 4, 82, 97, 263, 351, 297, 185, 
829, 419, -409, -624, 619, 4, 82, 102, 278, 366, 312, 195, 
829, 414, -414, -622, 622, 0, 82, 107, 268, 375, 312, 204, 
839, 419, -419, -629, 629, 0, 87, 117, 283, 370, 322, 200, 
844, 424, -419, -634, 631, 2, 87, 122, 287, 375, 322, 200, 
849, 434, -414, -641, 631, 9, 87, 126, 292, 380, 331, 209, 
854, 439, -414, -646, 634, 12, 87, 131, 297, 380, 331, 209, 
863, 429, -434, -646, 649, -2, 78, 136, 297, 385, 326, 224, 
863, 424, -439, -644, 651, -7, 73, 136, 307, 385, 326, 224, 
863, 409, -453, -636, 658, -21, 63, 131, 307, 385, 326, 224, 
863, 405, -458, -634, 661, -26, 63, 126, 307, 390, 336, 224, 
863, 405, -458, -634, 661, -26, 68, 136, 302, 395, 341, 248, 
858, 409, -448, -634, 653, -19, 68, 146, 312, 405, 351, 258, 
858, 414, -444, -636, 651, -14, 68, 156, 322, 409, 356, 268, 
863, 419, -444, -641, 653, -12, 68, 161, 326, 414, 356, 273, 
868, 439, -429, -653, 649, 4, 82, 161, 346, 424, 361, 278, 
878, 439, -439, -658, 658, 0, 82, 165, 346, 429, 361, 278, 
897, 434, -463, -666, 680, -14, 78, 165, 341, 429, 356, 273, 
902, 434, -468, -668, 685, -17, 78, 165, 336, 429, 356, 268, 
888, 429, -458, -658, 673, -14, 73, 170, 331, 434, 351, 283, 
883, 414, -468, -649, 675, -26, 82, 175, 331, 439, 361, 287, 
883, 409, -473, -646, 678, -31, 63, 175, 331, 434, 366, 297, 
888, 414, -473, -651, 680, -29, 58, 175, 336, 439, 375, 297, 
893, 424, -468, -658, 680, -21, 63, 200, 341, 448, 385, 297, 
893, 419, -473, -656, 683, -26, 58, 204, 346, 448, 385, 297, 
897, 419, -478, -658, 688, -29, 63, 219, 361, 453, 385, 302, 
902, 434, -468, -668, 685, -17, 68, 224, 366, 458, 385, 307, 
917, 458, -458, -688, 688, 0, 58, 224, 366, 473, 405, 317, 
922, 468, -453, -695, 688, 7, 58, 219, 366, 473, 409, 312, 
932, 478, -453, -705, 692, 12, 58, 234, 366, 468, 414, 307, 
941, 492, -448, -717, 695, 21, 63, 248, 366, 468, 424, 307, 
951, 483, -468, -717, 710, 7, 63, 253, 366, 488, 434, 317, 
951, 488, -463, -719, 707, 12, 63, 258, 361, 488, 434, 317, 
961, 497, -463, -729, 712, 17, 63, 263, 361, 478, 434, 317, 
961, 483, -478, -722, 719, 2, 58, 253, 356, 478, 429, 317, 
956, 468, -488, -712, 722, -9, 48, 244, 356, 473, 414, 307, 
956, 468, -488, -712, 722, -9, 53, 244, 351, 468, 419, 307, 
961, 473, -488, -717, 724, -7, 53, 258, 346, 463, 414, 297, 
961, 458, -502, -710, 732, -21, 53, 263, 331, 448, 400, 283, 
956, 448, -507, -702, 732, -29, 58, 253, 331, 439, 409, 278, 
951, 448, -502, -700, 727, -26, 58, 253, 317, 439, 409, 278, 
946, 448, -497, -697, 722, -24, 58, 253, 317, 439, 409, 278, 
941, 448, -492, -695, 717, -21, 58, 248, 312, 429, 405, 273, 
956, 463, -492, -710, 724, -14, 68, 263, 297, 424, 400, 268, 
961, 463, -497, -712, 729, -17, 68, 253, 292, 419, 390, 263, 
966, 473, -492, -719, 729, -9, 58, 258, 287, 419, 390, 263, 
971, 478, -492, -724, 732, -7, 68, 258, 287, 405, 395, 263, 
966, 468, -497, -717, 732, -14, 53, 248, 268, 390, 385, 253, 
956, 458, -497, -707, 727, -19, 39, 229, 248, 380, 370, 253, 
951, 448, -502, -700, 727, -26, 34, 204, 224, 370, 361, 253, 
941, 453, -488, -697, 714, -17, 29, 190, 209, 361, 346, 258, 
927, 424, -502, -675, 714, -39, 39, 190, 200, 356, 346, 248, 
912, 424, -488, -668, 700, -31, 34, 180, 190, 346, 336, 248, 
912, 424, -488, -668, 700, -31, 34, 161, 175, 331, 326, 244, 
912, 429, -483, -671, 697, -26, 34, 146, 170, 317, 326, 244, 
897, 434, -463, -666, 680, -14, 34, 126, 165, 326, 336, 244, 
888, 439, -448, -663, 668, -4, 34, 117, 156, 317, 331, 239, 
888, 444, -444, -666, 666, 0, 34, 107, 141, 307, 322, 239, 
883, 448, -434, -666, 658, 7, 39, 107, 136, 302, 317, 244, 
878, 448, -429, -663, 653, 9, 43, 82, 131, 297, 317, 248, 
878, 439, -439, -658, 658, 0, 43, 68, 122, 287, 307, 234, 
878, 444, -434, -661, 656, 4, 53, 58, 112, 283, 302, 229, 
883, 458, -424, -671, 653, 17, 53, 58, 112, 283, 302, 229, 
878, 448, -429, -663, 653, 9, 58, 48, 122, 292, 302, 239, 
858, 444, -414, -651, 636, 14, 58, 48, 117, 283, 292, 229, 
854, 439, -414, -646, 634, 12, 53, 43, 117, 283, 287, 219, 
863, 439, -424, -651, 644, 7, 53, 43, 112, 278, 283, 214, 
854, 448, -405, -651, 629, 21, 43, 29, 122, 283, 273, 219, 
849, 424, -424, -636, 636, 0, 39, 14, 122, 273, 273, 209, 
834, 424, -409, -629, 622, 7, 39, 0, 117, 273, 273, 204, 
849, 439, -409, -644, 629, 14, 39, -9, 117, 273, 278, 204, 
839, 444, -395, -641, 617, 24, 29, -14, 122, 268, 278, 204, 
834, 448, -385, -641, 610, 31, 24, -19, 117, 268, 278, 200, 
819, 439, -380, -629, 600, 29, 24, -24, 117, 268, 278, 200, 
810, 439, -370, -624, 590, 34, 24, -29, 117, 268, 278, 200, 
810, 439, -370, -624, 590, 34, 39, -19, 126, 273, 278, 195, 
800, 439, -361, -619, 580, 39, 43, -19, 126, 268, 278, 190, 
800, 429, -370, -614, 585, 29, 39, -19, 112, 268, 268, 190, 
800, 429, -370, -614, 585, 29, 43, -19, 112, 273, 268, 185, 
810, 434, -375, -622, 592, 29, 63, -14, 117, 263, 258, 190, 
819, 434, -385, -627, 602, 24, 63, -14, 117, 258, 253, 185, 
834, 424, -409, -629, 622, 7, 58, -14, 112, 258, 253, 180, 
849, 424, -424, -636, 636, 0, 58, -9, 112, 258, 253, 180, 
844, 434, -409, -639, 627, 12, 63, 4, 122, 268, 258, 185, 
844, 439, -405, -641, 624, 17, 68, 4, 122, 263, 258, 185, 
839, 439, -400, -639, 619, 19, 58, 0, 122, 263, 263, 185, 
829, 439, -390, -634, 610, 24, 63, 4, 122, 263, 273, 190, 
834, 439, -395, -636, 614, 21, 73, 4, 117, 258, 268, 195, 
849, 453, -395, -651, 622, 29, 73, 9, 112, 253, 268, 200, 
854, 453, -400, -653, 627, 26, 73, 9, 117, 248, 263, 200, 
863, 458, -405, -661, 634, 26, 73, 9, 112, 244, 253, 204, 
854, 444, -409, -649, 631, 17, 63, 19, 102, 253, 244, 200, 
829, 419, -409, -624, 619, 4, 58, 19, 97, 244, 244, 195, 
829, 405, -424, -617, 627, -9, 58, 14, 97, 239, 239, 185, 
839, 395, -444, -617, 641, -24, 58, 9, 97, 239, 239, 180, 
844, 405, -439, -624, 641, -17, 73, 19, 102, 248, 239, 185, 
839, 409, -429, -624, 634, -9, 73, 24, 102, 244, 244, 195, 
844, 409, -434, -627, 639, -12, 73, 24, 97, 244, 244, 204, 
849, 419, -429, -634, 639, -4, 68, 24, 97, 244, 248, 209, 
849, 409, -439, -629, 644, -14, 58, 4, 92, 229, 234, 195, 
854, 409, -444, -631, 649, -17, 63, 4, 87, 224, 234, 195, 
863, 409, -453, -636, 658, -21, 63, 9, 87, 219, 234, 200, 
863, 409, -453, -636, 658, -21, 68, 9, 82, 214, 234, 200, 
854, 409, -444, -631, 649, -17, 68, 14, 73, 219, 229, 190, 
839, 409, -429, -624, 634, -9, 68, 19, 73, 219, 229, 190, 
858, 409, -448, -634, 653, -19, 78, 24, 73, 219, 229, 190, 
863, 409, -453, -636, 658, -21, 87, 34, 78, 219, 234, 190, 
873, 424, -448, -649, 661, -12, 87, 39, 68, 219, 224, 185, 
873, 424, -448, -649, 661, -12, 82, 43, 68, 219, 224, 180, 
873, 429, -444, -651, 658, -7, 82, 39, 68, 214, 219, 180, 
873, 434, -439, -653, 656, -2, 82, 39, 68, 209, 219, 180, 
854, 405, -448, -629, 651, -21, 92, 48, 53, 195, 214, 170, 
839, 375, -463, -607, 651, -43, 92, 48, 48, 190, 209, 161, 
824, 366, -458, -595, 641, -46, 97, 48, 48, 190, 209, 170, 
824, 346, -478, -585, 651, -65, 102, 53, 43, 185, 209, 175, 
839, 361, -478, -600, 658, -58, 112, 63, 43, 185, 209, 165, 
844, 366, -478, -605, 661, -56, 112, 63, 43, 185, 209, 165, 
849, 370, -478, -610, 663, -53, 112, 63, 43, 185, 214, 165, 
863, 385, -478, -624, 671, -46, 117, 63, 43, 190, 214, 165, 
868, 400, -468, -634, 668, -34, 122, 63, 39, 185, 209, 161, 
854, 390, -463, -622, 658, -36, 126, 63, 34, 180, 204, 156, 
858, 395, -463, -627, 661, -34, 131, 63, 34, 175, 200, 156, 
858, 400, -458, -629, 658, -29, 146, 63, 34, 165, 200, 165, 
863, 414, -448, -639, 656, -17, 146, 78, 34, 170, 209, 180, 
868, 409, -458, -639, 663, -24, 151, 78, 34, 175, 209, 180, 
873, 400, -473, -636, 673, -36, 151, 78, 34, 170, 204, 175, 
878, 405, -473, -641, 675, -34, 151, 78, 34, 175, 204, 175, 
873, 385, -488, -629, 680, -51, 151, 68, 34, 180, 209, 185, 
897, 400, -497, -649, 697, -48, 141, 58, 24, 165, 190, 180, 
868, 370, -497, -619, 683, -63, 136, 39, 0, 146, 165, 156, 
858, 370, -488, -614, 673, -58, 141, 48, 9, 146, 170, 161, 
849, 370, -478, -610, 663, -53, 146, 48, 9, 146, 175, 165, 
839, 370, -468, -605, 653, -48, 151, 48, 9, 146, 180, 170, 
829, 370, -458, -600, 644, -43, 156, 48, 9, 146, 185, 175, 
824, 375, -448, -600, 636, -36, 170, 53, 14, 151, 185, 185, 
824, 375, -448, -600, 636, -36, 175, 53, 19, 156, 190, 185, 
829, 375, -453, -602, 641, -39, 180, 58, 24, 165, 195, 185, 
849, 380, -468, -614, 658, -43, 185, 63, 24, 170, 204, 190, 
854, 385, -468, -619, 661, -41, 195, 63, 29, 170, 200, 190, 
844, 380, -463, -612, 653, -41, 190, 53, 29, 165, 190, 175, 
849, 375, -473, -612, 661, -48, 190, 43, 29, 156, 185, 175, 
858, 390, -468, -624, 663, -39, 190, 43, 29, 165, 180, 175, 
873, 405, -468, -639, 671, -31, 195, 58, 43, 170, 190, 190, 
863, 424, -439, -644, 651, -7, 204, 58, 48, 170, 200, 200, 
863, 434, -429, -649, 646, 2, 209, 63, 53, 175, 209, 209, 
873, 444, -429, -658, 651, 7, 214, 63, 58, 185, 219, 219, 
854, 429, -424, -641, 639, 2, 204, 53, 68, 195, 219, 219, 
844, 414, -429, -629, 636, -7, 200, 48, 68, 195, 219, 219, 
824, 405, -419, -614, 622, -7, 200, 48, 68, 195, 219, 219, 
814, 400, -414, -607, 614, -7, 200, 48, 68, 195, 219, 214, 
819, 419, -400, -619, 610, 9, 195, 48, 87, 200, 219, 224, 
824, 424, -400, -624, 612, 12, 190, 48, 97, 204, 224, 234, 
824, 429, -395, -627, 610, 17, 185, 43, 107, 209, 234, 244, 
829, 434, -395, -631, 612, 19, 180, 43, 117, 214, 244, 253, 
829, 434, -395, -631, 612, 19, 190, 48, 117, 214, 248, 263, 
834, 439, -395, -636, 614, 21, 195, 48, 117, 219, 253, 268, 
854, 444, -409, -649, 631, 17, 195, 48, 112, 229, 258, 268, 
844, 444, -400, -644, 622, 21, 195, 48, 112, 234, 253, 268, 
849, 444, -405, -646, 627, 19, 204, 53, 122, 224, 244, 253, 
858, 444, -414, -651, 636, 14, 204, 53, 122, 224, 244, 253, 
868, 429, -439, -649, 653, -4, 204, 58, 117, 224, 244, 248, 
883, 429, -453, -656, 668, -12, 204, 63, 117, 224, 244, 248, 
878, 439, -439, -658, 658, 0, 200, 68, 117, 214, 239, 248, 
873, 434, -439, -653, 656, -2, 200, 68, 112, 214, 239, 248, 
858, 429, -429, -644, 644, 0, 195, 63, 107, 209, 239, 244, 
868, 424, -444, -646, 656, -9, 195, 63, 97, 209, 239, 234, 
883, 439, -444, -661, 663, -2, 204, 73, 107, 224, 229, 234, 
883, 448, -434, -666, 658, 7, 214, 78, 107, 224, 229, 234, 
883, 453, -429, -668, 656, 12, 224, 78, 107, 224, 229, 234, 
888, 463, -424, -675, 656, 19, 234, 82, 107, 224, 229, 234, 
888, 473, -414, -680, 651, 29, 234, 78, 107, 224, 239, 239, 
883, 458, -424, -671, 653, 17, 239, 78, 107, 224, 239, 239, 
868, 439, -429, -653, 649, 4, 239, 78, 107, 224, 239, 239, 
863, 434, -429, -649, 646, 2, 239, 73, 107, 224, 239, 239, 
863, 424, -439, -644, 651, -7, 239, 73, 102, 219, 229, 229, 
858, 424, -434, -641, 646, -4, 239, 68, 97, 204, 224, 229, 
858, 424, -434, -641, 646, -4, 239, 68, 92, 209, 224, 234, 
873, 429, -444, -651, 658, -7, 248, 73, 87, 204, 229, 234, 
883, 444, -439, -663, 661, 2, 258, 82, 102, 214, 234, 244, 
893, 448, -444, -671, 668, 2, 268, 92, 107, 219, 239, 244, 
902, 458, -444, -680, 673, 7, 278, 102, 117, 229, 244, 244, 
902, 463, -439, -683, 671, 12, 287, 117, 122, 244, 253, 248, 
902, 448, -453, -675, 678, -2, 292, 112, 107, 219, 248, 234, 
912, 444, -468, -678, 690, -12, 292, 107, 102, 214, 239, 229, 
912, 439, -473, -675, 692, -17, 292, 102, 97, 209, 234, 224, 
893, 429, -463, -661, 678, -17, 302, 97, 92, 204, 229, 219, 
888, 419, -468, -653, 678, -24, 302, 82, 87, 195, 219, 204, 
888, 414, -473, -651, 680, -29, 297, 78, 82, 190, 214, 200, 
883, 405, -478, -644, 680, -36, 292, 73, 78, 185, 209, 190, 
878, 390, -488, -634, 683, -48, 292, 68, 68, 175, 204, 185, 
888, 400, -488, -644, 688, -43, 292, 53, 58, 175, 204, 190, 
888, 400, -488, -644, 688, -43, 287, 53, 58, 175, 204, 190, 
888, 405, -483, -646, 685, -39, 283, 53, 63, 180, 204, 190, 
902, 409, -492, -656, 697, -41, 283, 53, 63, 180, 204, 190, 
897, 409, -488, -653, 692, -39, 273, 48, 73, 180, 209, 195, 
893, 409, -483, -651, 688, -36, 268, 48, 68, 175, 209, 195, 
883, 409, -473, -646, 678, -31, 268, 48, 63, 175, 209, 195, 
873, 409, -463, -641, 668, -26, 268, 48, 63, 180, 209, 195, 
878, 414, -463, -646, 671, -24, 268, 58, 68, 180, 209, 195, 
888, 419, -468, -653, 678, -24, 273, 58, 73, 180, 214, 200, 
897, 429, -468, -663, 683, -19, 278, 58, 78, 180, 219, 204, 
907, 434, -473, -671, 690, -19, 283, 63, 82, 180, 229, 209, 
893, 414, -478, -653, 685, -31, 273, 58, 73, 185, 219, 209, 
888, 409, -478, -649, 683, -34, 268, 48, 73, 185, 219, 209, 
902, 405, -497, -653, 700, -46, 263, 43, 68, 185, 209, 204, 
912, 395, -517, -653, 714, -61, 258, 34, 63, 180, 209, 204, 
888, 380, -507, -634, 697, -63, 268, 24, 53, 175, 204, 209, 
888, 380, -507, -634, 697, -63, 268, 34, 58, 170, 204, 209, 
883, 380, -502, -631, 692, -61, 268, 34, 58, 170, 204, 214, 
883, 380, -502, -631, 692, -61, 263, 29, 53, 165, 204, 214, 
893, 400, -492, -646, 692, -46, 253, 39, 68, 165, 214, 219, 
902, 409, -492, -656, 697, -41, 253, 39, 73, 170, 214, 219, 
907, 414, -492, -661, 700, -39, 248, 43, 78, 175, 214, 224, 
912, 414, -497, -663, 705, -41, 248, 48, 82, 180, 214, 224, 
902, 405, -497, -653, 700, -46, 258, 43, 82, 170, 209, 214, 
897, 409, -488, -653, 692, -39, 258, 39, 78, 170, 209, 214, 
893, 409, -483, -651, 688, -36, 253, 34, 73, 170, 204, 214, 
888, 400, -488, -644, 688, -43, 253, 34, 58, 165, 204, 214, 
844, 326, -517, -585, 680, -95, 229, 4, 39, 136, 156, 165, 
902, 405, -497, -653, 700, -46, 268, 48, 87, 165, 175, 185, 
922, 424, -497, -673, 710, -36, 292, 63, 117, 161, 170, 180, 
863, 380, -483, -622, 673, -51, 292, 82, 141, 161, 156, 146, 
839, 405, -434, -622, 636, -14, 336, 126, 204, 180, 151, 136, 
829, 414, -414, -622, 622, 0, 356, 146, 258, 195, 141, 122, 
785, 414, -370, -600, 578, 21, 361, 122, 302, 209, 131, 92, 
775, 478, -297, -627, 536, 90, 380, 136, 361, 278, 161, 102, 
790, 527, -263, -658, 527, 131, 385, 170, 434, 375, 229, 156, 
819, 575, -244, -697, 531, 165, 375, 190, 512, 497, 326, 229, 
868, 673, -195, -771, 531, 239, 341, 200, 619, 673, 488, 351, 
917, 785, -131, -851, 524, 326, 268, 175, 697, 863, 683, 507, 
980, 878, -102, -929, 541, 387, 141, 73, 736, 1058, 897, 697, 
1054, 1005, -48, -1029, 551, 478, -4, -63, 736, 1263, 1137, 912, 
1161, 1156, -4, -1159, 583, 575, -161, -219, 707, 1473, 1400, 1151, 
1259, 1288, 29, -1273, 614, 658, -336, -400, 629, 1620, 1610, 1346, 
1342, 1356, 14, -1349, 663, 685, -497, -575, 473, 1678, 1761, 1503, 
1415, 1381, -34, -1398, 724, 673, -629, -712, 253, 1625, 1830, 1600, 
1459, 1322, -136, -1390, 797, 592, -732, -819, -14, 1410, 1747, 1605, 
1444, 1171, -273, -1307, 858, 448, -741, -873, -278, 1039, 1473, 1454, 
1381, 941, -439, -1161, 910, 251, -658, -868, -517, 575, 1063, 1171, 
1327, 732, -595, -1029, 961, 68, -575, -888, -751, 156, 697, 902, 
1307, 527, -780, -917, 1044, -126, -517, -863, -951, -195, 419, 678, 
1288, 287, -1000, -788, 1144, -356, -385, -732, -1122, -497, 146, 463, 
1249, 82, -1166, -666, 1207, -541, -244, -585, -1254, -771, -107, 273, 
1215, -58, -1273, -578, 1244, -666, -165, -478, -1337, -951, -287, 126, 
1254, -141, -1395, -556, 1324, -768, -102, -370, -1337, -995, -366, 53, 
1283, -204, -1488, -539, 1385, -846, -39, -258, -1283, -980, -390, 19, 
1263, -239, -1503, -512, 1383, -871, -43, -209, -1234, -946, -385, 9, 
1263, -190, -1454, -536, 1359, -822, -53, -165, -1141, -844, -326, 48, 
1254, -107, -1361, -573, 1307, -734, -43, -112, -995, -717, -248, 97, 
1205, -43, -1249, -580, 1227, -646, -29, -78, -849, -619, -190, 126, 
1166, 19, -1146, -592, 1156, -563, -24, -63, -717, -512, -117, 161, 
1185, 131, -1054, -658, 1119, -461, -14, -34, -580, -385, -34, 224, 
1210, 214, -995, -712, 1102, -390, 0, 0, -463, -283, 34, 263, 
1151, 224, -927, -688, 1039, -351, 14, 0, -380, -239, 43, 263, 
1058, 229, -829, -644, 944, -300, 29, -14, -312, -185, 63, 239, 
1024, 297, -727, -661, 875, -214, 58, -14, -214, -112, 92, 253, 
1010, 351, -658, -680, 834, -153, 107, -14, -131, -43, 131, 268, 
980, 336, -644, -658, 812, -153, 122, -29, -97, -24, 126, 239, 
932, 307, -624, -619, 778, -158, 131, -39, -73, -14, 112, 200, 
907, 297, -610, -602, 758, -156, 146, -29, -34, 14, 117, 180, 
902, 297, -605, -600, 753, -153, 165, -9, 14, 39, 117, 180, 
902, 326, -575, -614, 739, -124, 180, 29, 63, 82, 151, 195, 
912, 346, -566, -629, 739, -109, 190, 43, 87, 107, 170, 204, 
927, 346, -580, -636, 753, -117, 200, 43, 102, 112, 165, 190, 
897, 336, -561, -617, 729, -112, 204, 34, 107, 126, 156, 180, 
888, 356, -531, -622, 710, -87, 214, 43, 117, 131, 165, 180, 
897, 361, -536, -629, 717, -87, 229, 39, 131, 156, 170, 190, 
897, 370, -527, -634, 712, -78, 229, 39, 136, 156, 175, 185, 
902, 390, -512, -646, 707, -61, 229, 43, 146, 156, 175, 180, 
917, 400, -517, -658, 717, -58, 229, 43, 156, 156, 180, 170, 
907, 385, -522, -646, 714, -68, 224, 34, 156, 146, 165, 156, 
907, 370, -536, -639, 722, -82, 209, 34, 156, 151, 161, 146, 
907, 366, -541, -636, 724, -87, 200, 34, 161, 151, 161, 146, 
907, 366, -541, -636, 724, -87, 195, 43, 170, 156, 170, 161, 
888, 361, -527, -624, 707, -82, 190, 43, 175, 151, 170, 156, 
883, 356, -527, -619, 705, -85, 185, 48, 175, 151, 170, 156, 
878, 351, -527, -614, 702, -87, 180, 48, 175, 146, 170, 151, 
868, 346, -522, -607, 695, -87, 175, 43, 175, 141, 165, 131, 
873, 356, -517, -614, 695, -80, 165, 34, 165, 131, 151, 122, 
888, 361, -527, -624, 707, -82, 165, 34, 165, 136, 151, 122, 
902, 366, -536, -634, 719, -85, 165, 29, 161, 141, 151, 122, 
917, 375, -541, -646, 729, -82, 165, 29, 161, 146, 156, 126, 
927, 385, -541, -656, 734, -78, 151, 43, 170, 151, 161, 146, 
917, 385, -531, -651, 724, -73, 146, 48, 170, 151, 165, 151, 
912, 385, -527, -649, 719, -70, 136, 43, 170, 151, 170, 156, 
912, 385, -527, -649, 719, -70, 131, 48, 180, 151, 175, 161, 
902, 380, -522, -641, 712, -70, 122, 43, 175, 151, 170, 156, 
893, 380, -512, -636, 702, -65, 131, 39, 170, 146, 170, 156, 
893, 380, -512, -636, 702, -65, 131, 34, 165, 146, 170, 156, 
907, 375, -531, -641, 719, -78, 131, 29, 156, 156, 170, 156, 
922, 375, -546, -649, 734, -85, 131, 39, 170, 165, 180, 156, 
927, 380, -546, -653, 736, -82, 131, 43, 175, 161, 180, 161, 
932, 380, -551, -656, 741, -85, 131, 43, 180, 161, 185, 175, 
936, 385, -551, -661, 744, -82, 136, 53, 195, 165, 185, 185, 
927, 380, -546, -653, 736, -82, 131, 48, 195, 165, 185, 180, 
932, 385, -546, -658, 739, -80, 126, 53, 195, 170, 190, 180, 
907, 385, -522, -646, 714, -68, 136, 53, 204, 170, 190, 175, 
897, 380, -517, -639, 707, -68, 136, 53, 204, 175, 195, 170, 
907, 385, -522, -646, 714, -68, 151, 53, 214, 180, 204, 175, 
912, 390, -522, -651, 717, -65, 151, 53, 224, 190, 204, 170, 
917, 390, -527, -653, 722, -68, 156, 53, 234, 195, 204, 170, 
917, 395, -522, -656, 719, -63, 156, 53, 244, 200, 204, 170, 
932, 400, -531, -666, 732, -65, 151, 43, 239, 190, 209, 175, 
946, 400, -546, -673, 746, -73, 146, 53, 244, 200, 214, 175, 
941, 395, -546, -668, 744, -75, 136, 53, 248, 200, 214, 175, 
936, 395, -541, -666, 739, -73, 131, 53, 248, 200, 214, 175, 
941, 385, -556, -663, 749, -85, 151, 48, 273, 209, 219, 180, 
936, 385, -551, -661, 744, -82, 156, 53, 273, 209, 219, 180, 
932, 385, -546, -658, 739, -80, 161, 53, 273, 204, 219, 175, 
932, 390, -541, -661, 736, -75, 165, 53, 273, 204, 219, 170, 
941, 400, -541, -671, 741, -70, 165, 73, 292, 214, 229, 175, 
941, 409, -531, -675, 736, -61, 170, 82, 307, 229, 234, 185, 
936, 419, -517, -678, 727, -48, 175, 92, 322, 234, 244, 190, 
936, 434, -502, -685, 719, -34, 180, 97, 336, 244, 253, 200, 
936, 424, -512, -680, 724, -43, 175, 87, 336, 244, 253, 190, 
936, 424, -512, -680, 724, -43, 170, 97, 341, 244, 258, 195, 
946, 434, -512, -690, 729, -39, 165, 102, 361, 258, 273, 204, 
946, 434, -512, -690, 729, -39, 161, 107, 356, 268, 273, 214, 
951, 444, -507, -697, 729, -31, 170, 112, 366, 263, 263, 219, 
961, 444, -517, -702, 739, -36, 165, 112, 366, 268, 263, 219, 
971, 448, -522, -710, 746, -36, 161, 112, 366, 273, 273, 229, 
980, 448, -531, -714, 756, -41, 156, 112, 366, 273, 273, 229, 
971, 444, -527, -707, 749, -41, 146, 122, 375, 278, 268, 244, 
961, 434, -527, -697, 744, -46, 141, 126, 385, 278, 268, 244, 
951, 414, -536, -683, 744, -61, 131, 126, 385, 278, 268, 244, 
941, 405, -536, -673, 739, -65, 131, 126, 385, 283, 278, 244, 
956, 419, -536, -688, 746, -58, 136, 141, 400, 297, 292, 244, 
956, 429, -527, -692, 741, -48, 136, 146, 409, 307, 302, 248, 
961, 439, -522, -700, 741, -41, 136, 151, 419, 312, 307, 253, 
971, 448, -522, -710, 746, -36, 136, 151, 424, 317, 307, 253, 
976, 458, -517, -717, 746, -29, 131, 165, 439, 336, 317, 273, 
985, 458, -527, -722, 756, -34, 131, 175, 444, 341, 322, 278, 
1005, 453, -551, -729, 778, -48, 126, 180, 444, 341, 322, 278, 
1010, 453, -556, -732, 783, -51, 126, 185, 444, 341, 326, 278, 
1019, 473, -546, -746, 783, -36, 126, 195, 434, 341, 322, 292, 
1019, 463, -556, -741, 788, -46, 141, 204, 439, 351, 331, 297, 
1024, 463, -561, -744, 793, -48, 126, 209, 444, 351, 336, 307, 
1034, 473, -561, -753, 797, -43, 126, 214, 453, 361, 346, 307, 
1024, 463, -561, -744, 793, -48, 126, 234, 448, 351, 346, 297, 
1019, 458, -561, -739, 790, -51, 126, 234, 444, 351, 346, 297, 
1019, 458, -561, -739, 790, -51, 136, 244, 448, 356, 346, 302, 
1019, 473, -546, -746, 783, -36, 146, 244, 444, 361, 346, 307, 
1010, 473, -536, -741, 773, -31, 136, 248, 444, 366, 351, 307, 
1010, 468, -541, -739, 775, -36, 136, 239, 444, 366, 351, 302, 
1015, 463, -551, -739, 783, -43, 136, 248, 444, 361, 351, 297, 
1019, 463, -556, -741, 788, -46, 141, 258, 444, 361, 356, 297, 
1019, 453, -566, -736, 793, -56, 141, 258, 439, 370, 356, 307, 
1019, 458, -561, -739, 790, -51, 141, 258, 439, 370, 356, 307, 
1029, 468, -561, -749, 795, -46, 141, 258, 444, 361, 356, 307, 
1029, 453, -575, -741, 802, -61, 136, 244, 444, 361, 351, 307, 
1039, 458, -580, -749, 810, -61, 131, 244, 448, 370, 361, 317, 
1044, 468, -575, -756, 810, -53, 131, 244, 448, 370, 370, 326, 
1054, 483, -570, -768, 812, -43, 126, 258, 448, 370, 370, 326, 
1058, 478, -580, -768, 819, -51, 122, 263, 439, 361, 361, 322, 
1049, 463, -585, -756, 817, -61, 107, 248, 429, 346, 356, 307, 
1039, 458, -580, -749, 810, -61, 107, 244, 414, 341, 351, 307, 
1029, 453, -575, -741, 802, -61, 107, 239, 414, 336, 346, 307, 
1019, 448, -570, -734, 795, -61, 107, 229, 409, 322, 336, 302, 
1029, 458, -570, -744, 800, -56, 97, 229, 414, 326, 341, 287, 
1039, 463, -575, -751, 807, -56, 97, 214, 409, 322, 331, 283, 
1049, 478, -570, -763, 810, -46, 87, 214, 405, 322, 331, 283, 
1058, 488, -570, -773, 814, -41, 97, 209, 405, 307, 336, 283, 
1068, 492, -575, -780, 822, -41, 87, 209, 385, 297, 336, 292, 
1063, 497, -566, -780, 814, -34, 78, 200, 375, 292, 331, 292, 
1063, 502, -561, -783, 812, -29, 78, 185, 361, 287, 331, 292, 
1058, 522, -536, -790, 797, -7, 78, 180, 356, 283, 326, 297, 
1024, 483, -541, -753, 783, -29, 73, 170, 346, 283, 317, 287, 
1000, 473, -527, -736, 763, -26, 63, 151, 336, 278, 307, 287, 
990, 463, -527, -727, 758, -31, 58, 122, 322, 268, 297, 283, 
980, 458, -522, -719, 751, -31, 53, 97, 317, 258, 297, 283, 
980, 468, -512, -724, 746, -21, 53, 97, 331, 273, 312, 283, 
976, 478, -497, -727, 736, -9, 53, 87, 331, 268, 312, 278, 
980, 488, -492, -734, 736, -2, 53, 78, 326, 263, 307, 278, 
980, 497, -483, -739, 732, 7, 58, 78, 331, 263, 307, 283, 
971, 492, -478, -732, 724, 7, 48, 53, 322, 239, 292, 268, 
966, 478, -488, -722, 727, -4, 43, 39, 307, 229, 278, 253, 
961, 478, -483, -719, 722, -2, 48, 29, 292, 224, 268, 248, 
961, 488, -473, -724, 717, 7, 43, 29, 287, 224, 263, 248, 
946, 478, -468, -712, 707, 4, 48, 29, 292, 234, 268, 248, 
927, 473, -453, -700, 690, 9, 48, 29, 292, 224, 263, 239, 
922, 468, -453, -695, 688, 7, 43, 24, 297, 224, 263, 229, 
932, 468, -463, -700, 697, 2, 43, 24, 297, 219, 263, 224, 
936, 492, -444, -714, 690, 24, 34, 29, 297, 219, 263, 234, 
936, 473, -463, -705, 700, 4, 29, 24, 297, 214, 263, 229, 
927, 478, -448, -702, 688, 14, 29, 19, 292, 219, 263, 229, 
946, 497, -448, -722, 697, 24, 29, 19, 292, 224, 268, 234, 
951, 488, -463, -719, 707, 12, 29, 9, 292, 219, 263, 244, 
951, 488, -463, -719, 707, 12, 24, 9, 292, 219, 258, 239, 
941, 473, -468, -707, 705, 2, 24, 9, 297, 219, 253, 239, 
936, 468, -468, -702, 702, 0, 24, 9, 302, 219, 248, 239, 
941, 473, -468, -707, 705, 2, 19, 9, 302, 219, 248, 234, 
936, 478, -458, -707, 697, 9, 14, 9, 302, 209, 248, 229, 
941, 473, -468, -707, 705, 2, 0, 9, 287, 204, 239, 229, 
946, 478, -468, -712, 707, 4, -4, 9, 287, 204, 239, 224, 
941, 473, -468, -707, 705, 2, 14, 19, 283, 200, 234, 219, 
936, 463, -473, -700, 705, -4, 14, 14, 283, 190, 224, 214, 
936, 444, -492, -690, 714, -24, 9, 9, 278, 185, 219, 209, 
936, 434, -502, -685, 719, -34, 9, 9, 278, 180, 214, 209, 
932, 439, -492, -685, 712, -26, 9, 19, 268, 170, 209, 204, 
932, 439, -492, -685, 712, -26, 9, 14, 268, 165, 200, 195, 
927, 434, -492, -680, 710, -29, -4, 4, 268, 165, 195, 185, 
917, 429, -488, -673, 702, -29, -4, 4, 268, 165, 195, 180, 
922, 434, -488, -678, 705, -26, -4, 4, 268, 175, 200, 175, 
936, 453, -483, -695, 710, -14, -4, 9, 268, 175, 209, 180, 
941, 458, -483, -700, 712, -12, -4, 9, 278, 175, 214, 180, 
951, 468, -483, -710, 717, -7, -4, 9, 278, 175, 214, 185, 
941, 453, -488, -697, 714, -17, -4, 0, 287, 175, 209, 175, 
917, 439, -478, -678, 697, -19, -9, 0, 283, 165, 204, 175, 
917, 434, -483, -675, 700, -24, -9, -4, 283, 161, 195, 170, 
927, 434, -492, -680, 710, -29, -9, -9, 283, 161, 190, 170, 
956, 453, -502, -705, 729, -24, -4, 0, 268, 156, 175, 161, 
917, 439, -478, -678, 697, -19, 4, 4, 278, 165, 195, 175, 
917, 429, -488, -673, 702, -29, -4, -4, 273, 161, 190, 170, 
966, 429, -536, -697, 751, -53, -19, -19, 253, 136, 175, 156, 
951, 429, -522, -690, 736, -46, -14, -19, 263, 146, 175, 156, 
946, 429, -517, -688, 732, -43, -9, -19, 263, 146, 175, 156, 
941, 429, -512, -685, 727, -41, -4, -19, 263, 146, 175, 156, 
936, 429, -507, -683, 722, -39, 0, -19, 263, 146, 175, 156, 
941, 429, -512, -685, 727, -41, 0, -29, 253, 136, 175, 156, 
941, 434, -507, -688, 724, -36, 0, -34, 253, 136, 180, 156, 
946, 439, -507, -692, 727, -34, 0, -34, 253, 141, 185, 156, 
966, 448, -517, -707, 741, -34, 0, -34, 248, 141, 195, 161, 
951, 434, -517, -692, 734, -41, 4, -43, 244, 131, 185, 161, 
932, 419, -512, -675, 722, -46, 4, -53, 244, 126, 180, 146, 
927, 405, -522, -666, 724, -58, 9, -63, 244, 117, 180, 146, 
927, 409, -517, -668, 722, -53, 14, -63, 244, 126, 180, 146, 
941, 424, -517, -683, 729, -46, 19, -53, 244, 117, 180, 151, 
932, 434, -497, -683, 714, -31, 29, -48, 244, 112, 180, 151, 
932, 434, -497, -683, 714, -31, 34, -39, 244, 112, 180, 151, 
941, 434, -507, -688, 724, -36, 39, -34, 244, 117, 180, 151, 
946, 439, -507, -692, 727, -34, 39, -43, 244, 126, 190, 151, 
951, 434, -517, -692, 734, -41, 34, -48, 244, 126, 190, 151, 
946, 434, -512, -690, 729, -39, 34, -48, 244, 126, 190, 151, 
951, 439, -512, -695, 732, -36, 34, -48, 244, 126, 190, 146, 
941, 439, -502, -690, 722, -31, 24, -58, 234, 136, 175, 136, 
941, 434, -507, -688, 724, -36, 24, -58, 234, 136, 175, 136, 
936, 429, -507, -683, 722, -39, 24, -63, 234, 136, 180, 136, 
936, 424, -512, -680, 724, -43, 24, -63, 234, 136, 185, 136, 
922, 434, -488, -678, 705, -26, 39, -48, 244, 131, 195, 146, 
922, 439, -483, -680, 702, -21, 48, -48, 244, 131, 195, 151, 
936, 444, -492, -690, 714, -24, 53, -48, 239, 136, 195, 151, 
922, 444, -478, -683, 700, -17, 58, -48, 239, 136, 185, 151, 
927, 448, -478, -688, 702, -14, 68, -43, 253, 141, 190, 151, 
927, 453, -473, -690, 700, -9, 68, -43, 258, 146, 195, 156, 
927, 444, -483, -685, 705, -19, 68, -39, 258, 151, 200, 156, 
932, 448, -483, -690, 707, -17, 68, -34, 263, 156, 204, 161, 
941, 463, -478, -702, 710, -7, 73, -39, 268, 156, 209, 156, 
941, 463, -478, -702, 710, -7, 73, -39, 268, 156, 209, 161, 
932, 463, -468, -697, 700, -2, 68, -43, 268, 151, 209, 161, 
946, 463, -483, -705, 714, -9, 68, -43, 263, 151, 209, 156, 
951, 473, -478, -712, 714, -2, 78, -29, 278, 161, 224, 165, 
951, 478, -473, -714, 712, 2, 78, -29, 283, 165, 229, 175, 
951, 478, -473, -714, 712, 2, 78, -34, 287, 170, 234, 185, 
956, 483, -473, -719, 714, 4, 78, -34, 292, 175, 239, 195, 
946, 488, -458, -717, 702, 14, 68, -39, 292, 175, 229, 200, 
941, 468, -473, -705, 707, -2, 73, -39, 292, 175, 229, 200, 
927, 444, -483, -685, 705, -19, 73, -39, 292, 175, 229, 200, 
922, 434, -488, -678, 705, -26, 73, -43, 292, 175, 229, 200, 
927, 444, -483, -685, 705, -19, 73, -39, 297, 185, 239, 209, 
927, 453, -473, -690, 700, -9, 73, -39, 302, 175, 234, 209, 
932, 463, -468, -697, 700, -2, 73, -34, 307, 185, 234, 214, 
951, 478, -473, -714, 712, 2, 82, -24, 312, 185, 239, 214, 
941, 468, -473, -705, 707, -2, 92, -14, 322, 190, 248, 219, 
941, 468, -473, -705, 707, -2, 92, -14, 322, 190, 248, 224, 
941, 473, -468, -707, 705, 2, 92, -14, 326, 195, 248, 229, 
932, 473, -458, -702, 695, 7, 92, -9, 326, 204, 253, 239, 
936, 473, -463, -705, 700, 4, 97, 4, 326, 200, 263, 248, 
951, 473, -478, -712, 714, -2, 97, 9, 326, 204, 258, 248, 
956, 473, -483, -714, 719, -4, 97, 14, 326, 209, 258, 248, 
941, 468, -473, -705, 707, -2, 107, 19, 326, 214, 258, 248, 
941, 468, -473, -705, 707, -2, 117, 19, 336, 209, 263, 239, 
946, 473, -473, -710, 710, 0, 112, 19, 336, 209, 263, 239, 
946, 473, -473, -710, 710, 0, 107, 19, 336, 209, 263, 234, 
946, 468, -478, -707, 712, -4, 107, 19, 331, 204, 263, 234, 
956, 478, -478, -717, 717, 0, 102, 14, 326, 204, 253, 229, 
956, 478, -478, -717, 717, 0, 102, 14, 322, 204, 253, 229, 
956, 483, -473, -719, 714, 4, 102, 14, 322, 209, 253, 229, 
971, 488, -483, -729, 727, 2, 107, 14, 317, 209, 253, 229, 
980, 483, -497, -732, 739, -7, 117, 9, 307, 204, 248, 214, 
980, 478, -502, -729, 741, -12, 112, 9, 302, 195, 248, 214, 
976, 473, -502, -724, 739, -14, 112, 9, 297, 190, 248, 214, 
971, 468, -502, -719, 736, -17, 112, 9, 297, 190, 248, 214, 
951, 453, -497, -702, 724, -21, 112, 0, 287, 185, 244, 200, 
946, 439, -507, -692, 727, -34, 117, 0, 287, 180, 244, 200, 
941, 429, -512, -685, 727, -41, 122, 0, 287, 175, 244, 200, 
936, 414, -522, -675, 729, -53, 126, 4, 287, 170, 248, 200, 
936, 424, -512, -680, 724, -43, 141, 4, 287, 165, 244, 195, 
936, 429, -507, -683, 722, -39, 141, 0, 287, 165, 239, 190, 
956, 434, -522, -695, 739, -43, 141, 0, 283, 165, 224, 180, 
971, 434, -536, -702, 753, -51, 141, -4, 278, 161, 219, 175, 
966, 434, -531, -700, 749, -48, 141, -14, 268, 151, 214, 180, 
976, 439, -536, -707, 756, -48, 141, -4, 273, 151, 214, 180, 
980, 444, -536, -712, 758, -46, 141, -4, 273, 156, 214, 185, 
990, 448, -541, -719, 766, -46, 136, -9, 268, 156, 214, 185, 
990, 444, -546, -717, 768, -51, 126, -19, 268, 161, 214, 170, 
990, 448, -541, -719, 766, -46, 126, -29, 268, 161, 214, 170, 
985, 448, -536, -717, 761, -43, 122, -34, 268, 161, 214, 175, 
980, 444, -536, -712, 758, -46, 122, -39, 268, 161, 214, 175, 
976, 444, -531, -710, 753, -43, 112, -43, 273, 151, 209, 175, 
976, 448, -527, -712, 751, -39, 112, -48, 273, 151, 209, 175, 
976, 448, -527, -712, 751, -39, 107, -53, 273, 151, 204, 175, 
976, 439, -536, -707, 756, -48, 107, -53, 263, 146, 204, 175, 
1010, 463, -546, -736, 778, -41, 122, -34, 283, 156, 214, 165, 
961, 414, -546, -688, 753, -65, 112, -39, 292, 146, 195, 126, 
902, 366, -536, -634, 719, -85, 87, -53, 292, 131, 161, 92, 
893, 370, -522, -631, 707, -75, 107, -34, 307, 131, 146, 78, 
927, 434, -492, -680, 710, -29, 141, 0, 370, 161, 161, 87, 
927, 463, -463, -695, 695, 0, 161, 29, 444, 185, 161, 82, 
893, 473, -419, -683, 656, 26, 165, 43, 507, 219, 161, 73, 
873, 507, -366, -690, 619, 70, 175, 48, 566, 268, 180, 73, 
897, 566, -331, -732, 614, 117, 180, 63, 649, 346, 219, 97, 
946, 634, -312, -790, 629, 161, 161, 82, 746, 478, 317, 161, 
985, 712, -273, -849, 629, 219, 117, 102, 854, 663, 468, 283, 
1015, 814, -200, -915, 607, 307, 43, 68, 941, 863, 663, 439, 
1078, 917, -161, -997, 619, 378, -73, -43, 961, 1058, 878, 610, 
1122, 1024, -97, -1073, 610, 463, -219, -219, 932, 1244, 1107, 805, 
1171, 1156, -14, -1163, 592, 570, -385, -395, 902, 1444, 1371, 1034, 
1239, 1307, 68, -1273, 585, 688, -561, -585, 854, 1629, 1610, 1259, 
1312, 1405, 92, -1359, 610, 749, -722, -751, 736, 1727, 1781, 1444, 
1376, 1449, 73, -1412, 651, 761, -854, -878, 546, 1703, 1869, 1561, 
1459, 1439, -19, -1449, 739, 710, -946, -966, 297, 1527, 1815, 1576, 
1512, 1337, -175, -1424, 844, 580, -956, -1000, 24, 1185, 1581, 1454, 
1507, 1127, -380, -1317, 944, 373, -893, -995, -244, 732, 1200, 1210, 
1434, 897, -536, -1166, 985, 180, -839, -1005, -478, 302, 824, 941, 
1346, 673, -673, -1010, 1010, 0, -780, -1010, -688, -39, 556, 736, 
1307, 453, -854, -880, 1080, -200, -668, -917, -849, -331, 322, 570, 
1288, 248, -1039, -768, 1163, -395, -536, -780, -990, -624, 87, 400, 
1293, 117, -1176, -705, 1234, -529, -419, -653, -1093, -844, -112, 253, 
1302, 4, -1298, -653, 1300, -646, -336, -527, -1102, -917, -219, 170, 
1302, -126, -1429, -588, 1366, -778, -302, -424, -1068, -922, -273, 126, 
1342, -141, -1483, -600, 1412, -812, -297, -375, -1010, -878, -268, 126, 
1381, -63, -1444, -658, 1412, -753, -297, -322, -907, -775, -190, 175, 
1342, 19, -1322, -680, 1332, -651, -278, -278, -761, -649, -112, 214, 
1283, 82, -1200, -683, 1241, -558, -283, -244, -624, -551, -63, 244, 
1263, 175, -1088, -719, 1176, -456, -287, -229, -492, -444, 0, 278, 
1234, 239, -995, -736, 1115, -378, -268, -219, -385, -326, 73, 322, 
1190, 263, -927, -727, 1058, -331, -253, -204, -307, -263, 112, 331, 
1161, 302, -858, -732, 1010, -278, -248, -204, -224, -200, 131, 331, 
1137, 356, -780, -746, 958, -212, -244, -209, -126, -146, 131, 317, 
1112, 395, -717, -753, 915, -161, -224, -219, -48, -102, 141, 283, 
1058, 409, -649, -734, 854, -119, -214, -239, 14, -63, 151, 258, 
1029, 424, -605, -727, 817, -90, -190, -234, 87, -14, 175, 258, 
1049, 473, -575, -761, 812, -51, -170, -214, 141, 34, 180, 239, 
1024, 453, -570, -739, 797, -58, -156, -214, 180, 73, 185, 209, 
980, 444, -536, -712, 758, -46, -146, -204, 219, 107, 195, 190, 
1000, 473, -527, -736, 763, -26, -131, -175, 258, 131, 209, 185, 
1000, 463, -536, -732, 768, -36, -131, -180, 263, 136, 200, 175, 
976, 434, -541, -705, 758, -53, -141, -170, 278, 141, 195, 180, 
985, 434, -551, -710, 768, -58, -126, -161, 302, 156, 195, 180, 
1005, 434, -570, -719, 788, -68, -126, -161, 322, 151, 195, 170, 
990, 429, -561, -710, 775, -65, -122, -156, 336, 175, 200, 180, 
976, 429, -546, -702, 761, -58, -122, -156, 341, 175, 204, 175, 
966, 439, -527, -702, 746, -43, -122, -151, 351, 175, 204, 170, 
966, 439, -527, -702, 746, -43, -122, -151, 361, 175, 209, 161, 
976, 448, -527, -712, 751, -39, -117, -151, 366, 185, 214, 146, 
985, 448, -536, -717, 761, -43, -122, -151, 370, 190, 209, 136, 
995, 458, -536, -727, 766, -39, -122, -151, 380, 190, 209, 136, 
1005, 473, -531, -739, 768, -29, -117, -141, 395, 195, 219, 151, 
985, 468, -517, -727, 751, -24, -107, -136, 400, 190, 209, 161, 
980, 463, -517, -722, 749, -26, -107, -126, 400, 190, 209, 165, 
976, 458, -517, -717, 746, -29, -107, -122, 400, 185, 209, 165, 
966, 453, -512, -710, 739, -29, -107, -122, 400, 180, 204, 151, 
956, 458, -497, -707, 727, -19, -107, -122, 414, 185, 209, 141, 
966, 458, -507, -712, 736, -24, -107, -122, 419, 195, 209, 141, 
976, 458, -517, -717, 746, -29, -107, -126, 419, 204, 209, 141, 
985, 463, -522, -724, 753, -29, -107, -126, 424, 214, 214, 146, 
976, 463, -512, -719, 744, -24, -117, -117, 429, 204, 204, 156, 
966, 463, -502, -714, 734, -19, -117, -117, 424, 200, 204, 161, 
961, 463, -497, -712, 729, -17, -122, -126, 419, 195, 204, 165, 
961, 463, -497, -712, 729, -17, -122, -126, 424, 190, 204, 170, 
976, 453, -522, -714, 749, -34, -117, -117, 414, 200, 209, 180, 
971, 458, -512, -714, 741, -26, -102, -117, 414, 195, 209, 185, 
976, 463, -512, -719, 744, -24, -97, -117, 414, 195, 209, 190, 
995, 463, -531, -729, 763, -34, -92, -117, 409, 204, 209, 195, 
985, 448, -536, -717, 761, -43, -82, -117, 419, 195, 200, 185, 
976, 439, -536, -707, 756, -48, -82, -112, 419, 190, 200, 180, 
966, 424, -541, -695, 753, -58, -82, -112, 419, 190, 204, 185, 
956, 414, -541, -685, 749, -63, -78, -102, 429, 195, 204, 185, 
980, 444, -536, -712, 758, -46, -78, -102, 439, 195, 204, 195, 
1010, 463, -546, -736, 778, -41, -78, -92, 439, 200, 209, 200, 
1010, 478, -531, -744, 771, -26, -63, -87, 448, 200, 209, 200, 
1024, 488, -536, -756, 780, -24, -58, -82, 448, 204, 214, 200, 
1005, 478, -527, -741, 766, -24, -63, -82, 453, 214, 224, 195, 
1000, 478, -522, -739, 761, -21, -63, -82, 458, 219, 224, 190, 
995, 473, -522, -734, 758, -24, -58, -82, 463, 219, 224, 190, 
985, 473, -512, -729, 749, -19, -58, -82, 468, 219, 224, 190, 
990, 488, -502, -739, 746, -7, -68, -82, 483, 229, 239, 204, 
1005, 488, -517, -746, 761, -14, -68, -73, 488, 239, 244, 204, 
1000, 483, -517, -741, 758, -17, -73, -73, 492, 239, 244, 204, 
995, 483, -512, -739, 753, -14, -73, -73, 492, 239, 244, 204, 
990, 478, -512, -734, 751, -17, -58, -58, 502, 248, 258, 200, 
985, 473, -512, -729, 749, -19, -58, -53, 497, 248, 258, 200, 
980, 468, -512, -724, 746, -21, -58, -53, 492, 244, 258, 195, 
980, 468, -512, -724, 746, -21, -58, -53, 488, 244, 258, 190, 
990, 478, -512, -734, 751, -17, -63, -39, 488, 248, 263, 190, 
990, 478, -512, -734, 751, -17, -63, -34, 492, 258, 263, 195, 
985, 478, -507, -732, 746, -14, -63, -29, 497, 258, 268, 195, 
985, 483, -502, -734, 744, -9, -63, -29, 502, 263, 273, 200, 
976, 478, -497, -727, 736, -9, -68, -19, 502, 253, 273, 209, 
976, 473, -502, -724, 739, -14, -73, -9, 507, 253, 278, 214, 
985, 478, -507, -732, 746, -14, -78, -4, 527, 268, 292, 224, 
985, 473, -512, -729, 749, -19, -82, 0, 522, 278, 292, 234, 
1005, 483, -522, -744, 763, -19, -82, 9, 531, 297, 307, 244, 
1019, 492, -527, -756, 773, -17, -87, 14, 531, 307, 312, 248, 
1034, 507, -527, -771, 780, -9, -92, 19, 531, 317, 326, 263, 
1049, 517, -531, -783, 790, -7, -97, 24, 531, 322, 331, 268, 
1049, 512, -536, -780, 793, -12, -112, 34, 536, 322, 326, 278, 
1049, 502, -546, -775, 797, -21, -122, 39, 541, 317, 326, 273, 
1049, 483, -566, -766, 807, -41, -136, 39, 536, 312, 326, 268, 
1049, 473, -575, -761, 812, -51, -141, 39, 531, 312, 336, 263, 
1058, 492, -566, -775, 812, -36, -146, 34, 546, 336, 341, 278, 
1063, 497, -566, -780, 814, -34, -146, 39, 556, 346, 351, 287, 
1073, 502, -570, -788, 822, -34, -146, 43, 566, 351, 356, 297, 
1088, 507, -580, -797, 834, -36, -146, 43, 570, 356, 356, 302, 
1078, 517, -561, -797, 819, -21, -151, 29, 570, 366, 356, 307, 
1073, 517, -556, -795, 814, -19, -161, 19, 570, 370, 361, 307, 
1078, 512, -566, -795, 822, -26, -175, 4, 566, 370, 361, 302, 
1068, 512, -556, -790, 812, -21, -185, -9, 561, 370, 366, 297, 
1068, 507, -561, -788, 814, -26, -190, -14, 570, 390, 375, 302, 
1068, 492, -575, -780, 822, -41, -180, -9, 575, 400, 390, 307, 
1073, 488, -585, -780, 829, -48, -200, -9, 580, 400, 400, 317, 
1083, 492, -590, -788, 836, -48, -204, -9, 590, 409, 414, 317, 
1088, 507, -580, -797, 834, -36, -209, 0, 590, 419, 424, 326, 
1088, 507, -580, -797, 834, -36, -214, 0, 590, 419, 424, 326, 
1093, 512, -580, -802, 836, -34, -209, 9, 600, 424, 424, 331, 
1098, 531, -566, -814, 832, -17, -204, 9, 600, 429, 424, 336, 
1098, 531, -566, -814, 832, -17, -214, 9, 600, 434, 439, 336, 
1098, 527, -570, -812, 834, -21, -214, 4, 600, 434, 439, 331, 
1102, 522, -580, -812, 841, -29, -214, 19, 600, 429, 439, 326, 
1107, 522, -585, -814, 846, -31, -209, 34, 600, 429, 444, 326, 
1093, 512, -580, -802, 836, -34, -219, 24, 590, 424, 444, 322, 
1088, 517, -570, -802, 829, -26, -219, 24, 585, 419, 434, 317, 
1093, 527, -566, -810, 829, -19, -219, 24, 585, 405, 424, 312, 
1088, 512, -575, -800, 832, -31, -224, 9, 580, 400, 409, 307, 
1088, 527, -561, -807, 824, -17, -214, 9, 595, 405, 419, 307, 
1093, 536, -556, -814, 824, -9, -209, 9, 595, 409, 429, 317, 
1102, 551, -551, -827, 827, 0, -209, 24, 595, 414, 429, 317, 
1107, 546, -561, -827, 834, -7, -209, 29, 585, 409, 419, 312, 
1112, 556, -556, -834, 834, 0, -214, 19, 575, 390, 429, 312, 
1117, 556, -561, -836, 839, -2, -214, 19, 561, 390, 429, 317, 
1122, 556, -566, -839, 844, -4, -214, 19, 561, 390, 429, 322, 
1127, 556, -570, -841, 849, -7, -214, 14, 556, 380, 424, 322, 
1112, 546, -566, -829, 839, -9, -224, 4, 551, 366, 414, 307, 
1098, 541, -556, -819, 827, -7, -224, -9, 546, 361, 400, 302, 
1083, 546, -536, -814, 810, 4, -234, -9, 541, 361, 395, 302, 
1068, 546, -522, -807, 795, 12, -224, -14, 541, 346, 395, 302, 
1068, 556, -512, -812, 790, 21, -224, -14, 531, 336, 395, 312, 
1063, 556, -507, -810, 785, 24, -234, -24, 522, 331, 390, 312, 
1063, 556, -507, -810, 785, 24, -234, -39, 507, 326, 390, 312, 
1058, 570, -488, -814, 773, 41, -234, -43, 502, 322, 385, 317, 
1039, 546, -492, -793, 766, 26, -234, -43, 492, 317, 380, 302, 
1019, 541, -478, -780, 749, 31, -239, -53, 483, 307, 366, 297, 
1015, 536, -478, -775, 746, 29, -239, -73, 468, 292, 351, 287, 
1010, 536, -473, -773, 741, 31, -239, -87, 463, 278, 346, 283, 
995, 527, -468, -761, 732, 29, -219, -82, 468, 268, 336, 273, 
985, 527, -458, -756, 722, 34, -219, -87, 458, 258, 331, 258, 
985, 527, -458, -756, 722, 34, -219, -92, 444, 248, 322, 248, 
980, 527, -453, -753, 717, 36, -214, -87, 439, 244, 317, 244, 
976, 541, -434, -758, 705, 53, -214, -92, 434, 229, 297, 229, 
976, 536, -439, -756, 707, 48, -219, -107, 424, 219, 287, 214, 
976, 546, -429, -761, 702, 58, -214, -117, 414, 214, 283, 209, 
980, 566, -414, -773, 697, 75, -219, -117, 414, 214, 283, 209, 
966, 575, -390, -771, 678, 92, -209, -112, 424, 214, 287, 214, 
946, 570, -375, -758, 661, 97, -204, -107, 419, 204, 283, 209, 
941, 566, -375, -753, 658, 95, -204, -107, 419, 204, 283, 204, 
951, 566, -385, -758, 668, 90, -200, -102, 414, 200, 283, 204, 
961, 561, -400, -761, 680, 80, -200, -107, 409, 185, 268, 190, 
956, 531, -424, -744, 690, 53, -204, -112, 405, 175, 263, 170, 
941, 527, -414, -734, 678, 56, -204, -117, 395, 175, 258, 156, 
956, 536, -419, -746, 688, 58, -204, -117, 390, 175, 258, 146, 
971, 536, -434, -753, 702, 51, -195, -102, 395, 170, 253, 156, 
971, 536, -434, -753, 702, 51, -200, -97, 390, 170, 248, 151, 
961, 522, -439, -741, 700, 41, -200, -92, 390, 170, 244, 151, 
956, 517, -439, -736, 697, 39, -200, -87, 390, 170, 239, 151, 
966, 527, -439, -746, 702, 43, -190, -82, 380, 170, 248, 146, 
956, 527, -429, -741, 692, 48, -190, -78, 380, 161, 248, 141, 
956, 517, -439, -736, 697, 39, -200, -73, 366, 156, 239, 141, 
956, 517, -439, -736, 697, 39, -200, -68, 366, 156, 239, 136, 
956, 531, -424, -744, 690, 53, -190, -63, 361, 156, 248, 141, 
956, 531, -424, -744, 690, 53, -190, -63, 361, 151, 244, 136, 
961, 522, -439, -741, 700, 41, -195, -63, 356, 151, 244, 131, 
966, 522, -444, -744, 705, 39, -195, -58, 356, 151, 244, 131, 
980, 527, -453, -753, 717, 36, -195, -43, 366, 156, 253, 141, 
980, 527, -453, -753, 717, 36, -195, -43, 366, 156, 248, 146, 
976, 522, -453, -749, 714, 34, -209, -48, 366, 161, 248, 151, 
966, 517, -448, -741, 707, 34, -209, -43, 366, 165, 253, 161, 
956, 517, -439, -736, 697, 39, -214, -53, 366, 175, 263, 175, 
966, 531, -434, -749, 700, 48, -219, -58, 366, 175, 268, 180, 
966, 531, -434, -749, 700, 48, -224, -68, 375, 175, 268, 180, 
971, 536, -434, -753, 702, 51, -229, -78, 375, 175, 263, 185, 
980, 541, -439, -761, 710, 51, -234, -87, 366, 175, 253, 175, 
966, 536, -429, -751, 697, 53, -244, -87, 361, 165, 253, 175, 
976, 541, -434, -758, 705, 53, -248, -92, 361, 161, 248, 170, 
995, 551, -444, -773, 719, 53, -253, -97, 361, 161, 248, 170, 
995, 551, -444, -773, 719, 53, -258, -107, 361, 170, 248, 180, 
985, 546, -439, -766, 712, 53, -258, -102, 366, 165, 253, 185, 
985, 536, -448, -761, 717, 43, -258, -102, 366, 165, 253, 190, 
985, 536, -448, -761, 717, 43, -263, -102, 370, 165, 258, 190, 
971, 531, -439, -751, 705, 46, -263, -112, 380, 175, 263, 165, 
971, 527, -444, -749, 707, 41, -258, -112, 380, 175, 263, 165, 
976, 522, -453, -749, 714, 34, -258, -107, 385, 175, 263, 170, 
971, 517, -453, -744, 712, 31, -253, -107, 385, 175, 263, 170, 
976, 527, -448, -751, 712, 39, -258, -117, 375, 180, 263, 170, 
966, 527, -439, -746, 702, 43, -263, -117, 375, 180, 258, 170, 
990, 527, -463, -758, 727, 31, -258, -117, 375, 180, 253, 170, 
1000, 527, -473, -763, 736, 26, -253, -112, 380, 180, 253, 170, 
990, 536, -453, -763, 722, 41, -258, -92, 395, 195, 263, 170, 
990, 531, -458, -761, 724, 36, -258, -82, 400, 200, 273, 170, 
990, 531, -458, -761, 724, 36, -253, -82, 405, 200, 278, 175, 
990, 531, -458, -761, 724, 36, -248, -78, 409, 200, 287, 180, 
995, 541, -453, -768, 724, 43, -239, -68, 419, 200, 297, 185, 
995, 531, -463, -763, 729, 34, -239, -68, 419, 200, 297, 180, 
995, 541, -453, -768, 724, 43, -234, -68, 424, 204, 302, 195, 
1010, 541, -468, -775, 739, 36, -229, -63, 424, 204, 307, 204, 
1005, 536, -468, -771, 736, 34, -234, -73, 419, 195, 302, 200, 
1000, 531, -468, -766, 734, 31, -239, -73, 414, 195, 297, 195, 
995, 527, -468, -761, 732, 29, -244, -73, 409, 195, 297, 190, 
1000, 531, -468, -766, 734, 31, -244, -73, 405, 200, 292, 185, 
990, 522, -468, -756, 729, 26, -234, -73, 400, 195, 278, 170, 
971, 507, -463, -739, 717, 21, -234, -73, 395, 190, 273, 165, 
971, 507, -463, -739, 717, 21, -234, -73, 395, 185, 268, 165, 
966, 507, -458, -736, 712, 24, -224, -73, 395, 175, 268, 175, 
956, 497, -458, -727, 707, 19, -229, -73, 385, 170, 263, 165, 
956, 478, -478, -717, 717, 0, -229, -78, 375, 165, 258, 161, 
956, 453, -502, -705, 729, -24, -234, -82, 366, 151, 248, 151, 
956, 444, -512, -700, 734, -34, -239, -87, 356, 146, 244, 146, 
980, 463, -517, -722, 749, -26, -224, -68, 361, 151, 253, 165, 
995, 478, -517, -736, 756, -19, -209, -58, 366, 156, 258, 170, 
985, 488, -497, -736, 741, -4, -200, -68, 366, 156, 258, 170, 
961, 492, -468, -727, 714, 12, -185, -68, 370, 156, 263, 170, 
971, 483, -488, -727, 729, -2, -180, -73, 375, 156, 253, 175, 
976, 502, -473, -739, 724, 14, -175, -73, 375, 156, 253, 190, 
971, 483, -488, -727, 729, -2, -185, -78, 375, 156, 253, 180, 
951, 483, -468, -717, 710, 7, -195, -82, 370, 156, 253, 180, 
966, 483, -483, -724, 724, 0, -204, -78, 361, 151, 244, 185, 
980, 483, -497, -732, 739, -7, -200, -78, 356, 146, 244, 185, 
966, 478, -488, -722, 727, -4, -195, -78, 351, 146, 244, 185, 
946, 478, -468, -712, 707, 4, -185, -78, 346, 141, 244, 190, 
941, 468, -473, -705, 707, -2, -175, -87, 351, 141, 244, 185, 
956, 468, -488, -712, 722, -9, -170, -87, 351, 136, 244, 185, 
956, 468, -488, -712, 722, -9, -170, -87, 351, 131, 244, 185, 
951, 468, -483, -710, 717, -7, -180, -87, 351, 126, 244, 190, 
936, 463, -473, -700, 705, -4, -180, -78, 346, 136, 244, 190, 
936, 473, -463, -705, 700, 4, -175, -68, 346, 141, 253, 200, 
941, 473, -468, -707, 705, 2, -170, -68, 341, 141, 253, 204, 
941, 473, -468, -707, 705, 2, -170, -68, 336, 141, 258, 204, 
956, 502, -453, -729, 705, 24, -156, -58, 351, 156, 263, 204, 
946, 512, -434, -729, 690, 39, -156, -63, 356, 161, 268, 209, 
941, 527, -414, -734, 678, 56, -156, -63, 361, 165, 273, 214, 
961, 541, -419, -751, 690, 61, -151, -58, 366, 170, 278, 219, 
980, 541, -439, -761, 710, 51, -151, -63, 361, 161, 273, 204, 
956, 536, -419, -746, 688, 58, -161, -73, 356, 156, 268, 200, 
932, 531, -400, -732, 666, 65, -170, -87, 346, 151, 258, 190, 
907, 527, -380, -717, 644, 73, -180, -97, 341, 146, 253, 185, 
912, 522, -390, -717, 651, 65, -170, -102, 331, 146, 263, 185, 
922, 512, -409, -717, 666, 51, -170, -107, 326, 146, 263, 180, 
932, 512, -419, -722, 675, 46, -170, -112, 326, 146, 263, 175, 
941, 517, -424, -729, 683, 46, -170, -117, 326, 151, 263, 175, 
941, 536, -405, -739, 673, 65, -156, -117, 346, 165, 268, 180, 
941, 551, -390, -746, 666, 80, -151, -122, 351, 170, 273, 180, 
941, 566, -375, -753, 658, 95, -146, -122, 356, 175, 278, 180, 
941, 575, -366, -758, 653, 104, -141, -112, 361, 180, 287, 180, 
917, 561, -356, -739, 636, 102, -156, -136, 346, 170, 287, 175, 
927, 570, -356, -749, 641, 107, -156, -136, 346, 170, 287, 175, 
941, 585, -356, -763, 649, 114, -151, -131, 351, 175, 287, 180, 
932, 585, -346, -758, 639, 119, -151, -131, 351, 175, 287, 180, 
941, 566, -375, -753, 658, 95, -161, -141, 356, 180, 297, 175, 
956, 575, -380, -766, 668, 97, -170, -141, 351, 180, 292, 175, 
976, 585, -390, -780, 683, 97, -180, -141, 351, 185, 287, 175, 
961, 590, -370, -775, 666, 109, -185, -146, 351, 190, 287, 175, 
980, 600, -380, -790, 680, 109, -185, -146, 361, 190, 302, 190, 
1005, 629, -375, -817, 690, 126, -175, -131, 370, 204, 322, 209, 
971, 590, -380, -780, 675, 104, -175, -136, 366, 204, 326, 214, 
946, 556, -390, -751, 668, 82, -195, -146, 351, 185, 312, 204, 
956, 566, -390, -761, 673, 87, -204, -156, 361, 195, 312, 204, 
966, 575, -390, -771, 678, 92, -204, -156, 361, 195, 312, 204, 
976, 585, -390, -780, 683, 97, -204, -156, 361, 195, 312, 204, 
985, 595, -390, -790, 688, 102, -204, -156, 361, 195, 312, 204, 
995, 605, -390, -800, 692, 107, -204, -156, 370, 200, 312, 214, 
995, 605, -390, -800, 692, 107, -204, -156, 370, 204, 312, 214, 
995, 605, -390, -800, 692, 107, -204, -156, 370, 209, 312, 214, 
995, 605, -390, -800, 692, 107, -204, -156, 370, 214, 312, 214, 
995, 595, -400, -795, 697, 97, -209, -165, 370, 204, 312, 209, 
995, 595, -400, -795, 697, 97, -214, -165, 370, 204, 312, 204, 
985, 590, -395, -788, 690, 97, -219, -165, 370, 195, 307, 200, 
980, 590, -390, -785, 685, 100, -224, -170, 370, 195, 307, 195, 
980, 590, -390, -785, 685, 100, -214, -165, 380, 209, 307, 200, 
995, 595, -400, -795, 697, 97, -214, -161, 375, 209, 312, 209, 
995, 595, -400, -795, 697, 97, -214, -156, 370, 209, 312, 214, 
980, 585, -395, -783, 688, 95, -219, -161, 370, 204, 307, 204, 
966, 566, -400, -766, 683, 82, -229, -175, 370, 190, 307, 204, 
966, 566, -400, -766, 683, 82, -229, -180, 370, 195, 307, 204, 
976, 561, -414, -768, 695, 73, -229, -180, 370, 190, 307, 209, 
961, 561, -400, -761, 680, 80, -224, -185, 370, 180, 307, 209, 
961, 561, -400, -761, 680, 80, -224, -190, 370, 190, 297, 204, 
971, 561, -409, -766, 690, 75, -224, -190, 370, 195, 297, 200, 
971, 561, -409, -766, 690, 75, -224, -190, 370, 195, 297, 195, 
971, 551, -419, -761, 695, 65, -229, -195, 370, 195, 297, 190, 
961, 536, -424, -749, 692, 56, -229, -195, 361, 185, 287, 200, 
961, 536, -424, -749, 692, 56, -229, -195, 361, 185, 287, 195, 
961, 541, -419, -751, 690, 61, -229, -195, 361, 185, 283, 195, 
961, 541, -419, -751, 690, 61, -229, -195, 361, 185, 283, 195, 
961, 551, -409, -756, 685, 70, -219, -200, 370, 185, 287, 185, 
966, 551, -414, -758, 690, 68, -219, -200, 370, 185, 292, 185, 
971, 551, -419, -761, 695, 65, -219, -195, 370, 180, 292, 185, 
980, 556, -424, -768, 702, 65, -214, -195, 370, 180, 292, 190, 
985, 556, -429, -771, 707, 63, -214, -190, 356, 195, 292, 200, 
971, 551, -419, -761, 695, 65, -214, -185, 356, 195, 283, 200, 
961, 546, -414, -753, 688, 65, -214, -180, 356, 195, 283, 195, 
956, 541, -414, -749, 685, 63, -214, -180, 356, 195, 283, 195, 
946, 512, -434, -729, 690, 39, -224, -185, 341, 180, 278, 180, 
951, 507, -444, -729, 697, 31, -224, -190, 341, 175, 273, 180, 
951, 517, -434, -734, 692, 41, -219, -190, 346, 170, 273, 185, 
951, 512, -439, -732, 695, 36, -219, -195, 346, 165, 268, 190, 
932, 522, -409, -727, 671, 56, -214, -200, 346, 161, 258, 180, 
946, 522, -424, -734, 685, 48, -214, -200, 341, 161, 258, 175, 
946, 527, -419, -736, 683, 53, -214, -195, 341, 165, 258, 175, 
941, 527, -414, -734, 678, 56, -214, -195, 341, 165, 258, 175, 
951, 531, -419, -741, 685, 56, -224, -195, 341, 165, 258, 165, 
956, 531, -424, -744, 690, 53, -224, -190, 341, 165, 258, 165, 
966, 546, -419, -756, 692, 63, -224, -180, 341, 165, 258, 170, 
971, 536, -434, -753, 702, 51, -219, -175, 341, 165, 258, 170, 
971, 531, -439, -751, 705, 46, -224, -185, 331, 165, 258, 180, 
971, 531, -439, -751, 705, 46, -229, -190, 331, 165, 258, 180, 
971, 531, -439, -751, 705, 46, -234, -190, 331, 165, 258, 180, 
966, 531, -434, -749, 700, 48, -239, -195, 331, 156, 253, 180, 
956, 517, -439, -736, 697, 39, -248, -195, 322, 161, 244, 175, 
961, 517, -444, -739, 702, 36, -248, -190, 322, 156, 248, 175, 
951, 512, -439, -732, 695, 36, -258, -190, 322, 146, 248, 175, 
941, 507, -434, -724, 688, 36, -268, -190, 322, 141, 248, 175, 
946, 522, -424, -734, 685, 48, -258, -200, 331, 156, 258, 165, 
941, 531, -409, -736, 675, 61, -258, -195, 336, 165, 263, 170, 
946, 531, -414, -739, 680, 58, -253, -195, 341, 156, 263, 170, 
961, 541, -419, -751, 690, 61, -253, -195, 346, 156, 258, 170, 
946, 531, -414, -739, 680, 58, -263, -200, 336, 156, 258, 170, 
922, 527, -395, -724, 658, 65, -263, -204, 336, 156, 258, 170, 
917, 527, -390, -722, 653, 68, -273, -209, 336, 151, 263, 170, 
917, 531, -385, -724, 651, 73, -287, -214, 336, 151, 263, 170, 
927, 522, -405, -724, 666, 58, -292, -214, 336, 151, 263, 165, 
927, 517, -409, -722, 668, 53, -292, -214, 331, 146, 263, 165, 
927, 517, -409, -722, 668, 53, -287, -219, 331, 146, 263, 161, 
927, 517, -409, -722, 668, 53, -287, -219, 331, 146, 263, 161, 
912, 522, -390, -717, 651, 65, -278, -219, 336, 151, 253, 151, 
922, 527, -395, -724, 658, 65, -273, -219, 336, 151, 253, 151, 
917, 527, -390, -722, 653, 68, -273, -224, 336, 151, 248, 146, 
912, 527, -385, -719, 649, 70, -278, -224, 331, 146, 248, 146, 
912, 531, -380, -722, 646, 75, -287, -234, 336, 146, 248, 146, 
912, 536, -375, -724, 644, 80, -287, -234, 336, 151, 248, 146, 
912, 541, -370, -727, 641, 85, -292, -234, 336, 151, 244, 141, 
917, 546, -370, -732, 644, 87, -292, -234, 336, 151, 244, 141, 
917, 546, -370, -732, 644, 87, -302, -234, 326, 151, 244, 146, 
917, 541, -375, -729, 646, 82, -302, -229, 326, 151, 248, 151, 
907, 531, -375, -719, 641, 78, -297, -229, 326, 146, 248, 156, 
907, 527, -380, -717, 644, 73, -297, -234, 326, 146, 248, 161, 
932, 536, -395, -734, 663, 70, -292, -219, 326, 151, 248, 165, 
951, 541, -409, -746, 680, 65, -287, -219, 326, 151, 258, 175, 
941, 546, -395, -744, 668, 75, -283, -214, 331, 156, 273, 190, 
946, 556, -390, -751, 668, 82, -278, -200, 341, 161, 283, 200, 
936, 556, -380, -746, 658, 87, -268, -195, 351, 175, 273, 200, 
932, 556, -375, -744, 653, 90, -273, -195, 346, 175, 273, 195, 
932, 561, -370, -746, 651, 95, -273, -195, 346, 170, 273, 185, 
932, 566, -366, -749, 649, 100, -273, -195, 346, 170, 273, 180, 
932, 561, -370, -746, 651, 95, -268, -190, 336, 161, 263, 185, 
932, 551, -380, -741, 656, 85, -268, -185, 336, 161, 263, 185, 
927, 546, -380, -736, 653, 82, -268, -180, 341, 161, 268, 185, 
927, 546, -380, -736, 653, 82, -268, -175, 341, 161, 268, 185, 
907, 527, -380, -717, 644, 73, -253, -165, 341, 151, 263, 185, 
927, 517, -409, -722, 668, 53, -253, -151, 331, 146, 263, 175, 
922, 492, -429, -707, 675, 31, -268, -141, 331, 136, 244, 156, 
922, 492, -429, -707, 675, 31, -239, -126, 351, 146, 234, 146, 
941, 531, -409, -736, 675, 61, -195, -82, 400, 161, 239, 141, 
922, 546, -375, -734, 649, 85, -156, -43, 463, 190, 234, 136, 
927, 561, -366, -744, 646, 97, -122, -19, 527, 209, 219, 117, 
936, 570, -366, -753, 651, 102, -112, -19, 580, 214, 200, 92, 
873, 580, -292, -727, 583, 143, -107, -14, 614, 229, 200, 73, 
854, 605, -248, -729, 551, 178, -107, 9, 683, 297, 239, 92, 
878, 673, -204, -775, 541, 234, -102, 34, 766, 405, 317, 136, 
917, 761, -156, -839, 536, 302, -131, 43, 873, 566, 453, 239, 
976, 868, -107, -922, 541, 380, -195, 24, 941, 771, 634, 380, 
1024, 961, -63, -993, 544, 448, -297, -58, 971, 971, 839, 546, 
1058, 1073, 14, -1066, 522, 544, -414, -170, 980, 1176, 1073, 736, 
1141, 1220, 78, -1180, 531, 649, -541, -287, 951, 1390, 1342, 961, 
1229, 1342, 112, -1285, 558, 727, -678, -424, 893, 1581, 1595, 1190, 
1278, 1415, 136, -1346, 570, 775, -814, -575, 795, 1737, 1805, 1385, 
1351, 1464, 112, -1407, 619, 788, -936, -683, 668, 1805, 1956, 1542, 
1424, 1459, 34, -1442, 695, 746, -1029, -751, 448, 1712, 1976, 1610, 
1439, 1351, -87, -1395, 763, 631, -1034, -780, 161, 1410, 1805, 1527, 
1405, 1132, -273, -1268, 839, 429, -976, -766, -131, 990, 1454, 1298, 
1342, 902, -439, -1122, 890, 231, -932, -780, -390, 566, 1063, 1034, 
1307, 722, -585, -1015, 946, 68, -888, -810, -614, 204, 766, 805, 
1278, 507, -771, -893, 1024, -131, -810, -795, -834, -156, 497, 619, 
1259, 278, -980, -768, 1119, -351, -717, -732, -1034, -517, 224, 453, 
1249, 151, -1098, -700, 1173, -473, -624, -624, -1127, -800, 19, 322, 
1283, 58, -1224, -671, 1254, -583, -517, -478, -1132, -922, -92, 244, 
1302, -53, -1356, -624, 1329, -705, -434, -341, -1083, -927, -122, 219, 
1322, -117, -1439, -602, 1381, -778, -380, -258, -1019, -893, -117, 214, 
1302, -131, -1434, -585, 1368, -783, -385, -229, -961, -849, -92, 234, 
1224, -131, -1356, -546, 1290, -744, -424, -244, -917, -775, -63, 244, 
1205, -58, -1263, -573, 1234, -661, -424, -239, -819, -688, -43, 244, 
1224, 92, -1132, -658, 1178, -519, -400, -195, -663, -580, 4, 253, 
1234, 214, -1019, -724, 1127, -402, -405, -161, -483, -444, 87, 307, 
1195, 278, -917, -736, 1056, -319, -424, -161, -356, -326, 161, 341, 
1132, 312, -819, -722, 976, -253, -429, -165, -258, -244, 190, 351, 
1073, 361, -712, -717, 893, -175, -414, -156, -156, -180, 209, 331, 
1039, 414, -624, -727, 832, -104, -409, -161, -58, -126, 219, 307, 
1034, 463, -570, -749, 802, -53, -400, -180, 9, -82, 239, 292, 
1010, 488, -522, -749, 766, -17, -390, -190, 73, -34, 248, 278, 
971, 483, -488, -727, 729, -2, -375, -185, 126, 14, 253, 258, 
980, 512, -468, -746, 724, 21, -346, -175, 180, 53, 258, 248, 
1005, 561, -444, -783, 724, 58, -322, -156, 219, 92, 273, 239, 
980, 541, -439, -761, 710, 51, -322, -156, 239, 107, 263, 209, 
961, 531, -429, -746, 695, 51, -317, -156, 258, 122, 258, 195, 
990, 561, -429, -775, 710, 65, -307, -131, 292, 146, 278, 204, 
966, 512, -453, -739, 710, 29, -307, -141, 307, 151, 283, 209, 
946, 473, -473, -710, 710, 0, -312, -141, 312, 165, 283, 209, 
966, 522, -444, -744, 705, 39, -302, -122, 341, 180, 302, 229, 
951, 512, -439, -732, 695, 36, -302, -126, 331, 180, 292, 214, 
946, 507, -439, -727, 692, 34, -307, -126, 331, 175, 292, 204, 
946, 512, -434, -729, 690, 39, -312, -122, 336, 170, 287, 195, 
956, 507, -448, -732, 702, 29, -317, -122, 341, 165, 287, 180, 
951, 497, -453, -724, 702, 21, -317, -126, 341, 165, 278, 156, 
946, 488, -458, -717, 702, 14, -326, -131, 341, 170, 268, 146, 
941, 488, -453, -714, 697, 17, -331, -136, 346, 170, 263, 146, 
936, 492, -444, -714, 690, 24, -331, -131, 356, 175, 268, 161, 
927, 492, -434, -710, 680, 29, -331, -126, 370, 190, 273, 165, 
922, 492, -429, -707, 675, 31, -331, -117, 370, 190, 278, 175, 
917, 492, -424, -705, 671, 34, -331, -112, 370, 185, 283, 180, 
907, 492, -414, -700, 661, 39, -331, -112, 370, 180, 283, 170, 
912, 517, -395, -714, 653, 61, -331, -102, 370, 180, 278, 165, 
936, 527, -409, -732, 673, 58, -331, -102, 370, 185, 278, 170, 
961, 536, -424, -749, 692, 56, -331, -107, 366, 190, 278, 175, 
985, 551, -434, -768, 710, 58, -331, -107, 366, 195, 283, 185, 
971, 541, -429, -756, 700, 56, -331, -107, 375, 209, 287, 204, 
956, 541, -414, -749, 685, 63, -331, -107, 375, 209, 292, 209, 
946, 541, -405, -744, 675, 68, -336, -117, 375, 209, 297, 214, 
941, 541, -400, -741, 671, 70, -336, -117, 385, 209, 302, 219, 
941, 531, -409, -736, 675, 61, -326, -117, 385, 209, 297, 219, 
932, 536, -395, -734, 663, 70, -317, -117, 385, 204, 297, 214, 
932, 541, -390, -736, 661, 75, -317, -117, 385, 204, 297, 209, 
946, 541, -405, -744, 675, 68, -317, -117, 380, 214, 297, 204, 
941, 541, -400, -741, 671, 70, -307, -107, 395, 219, 297, 209, 
936, 546, -390, -741, 663, 78, -307, -102, 400, 219, 297, 209, 
932, 546, -385, -739, 658, 80, -307, -102, 405, 224, 302, 219, 
927, 551, -375, -739, 651, 87, -302, -92, 419, 234, 302, 224, 
936, 561, -375, -749, 656, 92, -292, -92, 429, 244, 307, 234, 
951, 570, -380, -761, 666, 95, -292, -82, 429, 248, 317, 239, 
936, 575, -361, -756, 649, 107, -278, -78, 439, 248, 322, 239, 
936, 575, -361, -756, 649, 107, -273, -73, 439, 253, 331, 239, 
941, 575, -366, -758, 653, 104, -258, -68, 429, 244, 331, 234, 
951, 575, -375, -763, 663, 100, -258, -63, 429, 248, 331, 229, 
961, 570, -390, -766, 675, 90, -253, -58, 429, 248, 331, 229, 
966, 570, -395, -768, 680, 87, -253, -53, 429, 248, 331, 229, 
961, 561, -400, -761, 680, 80, -248, -43, 424, 239, 326, 239, 
966, 556, -409, -761, 688, 73, -244, -34, 429, 248, 331, 244, 
951, 546, -405, -749, 678, 70, -244, -34, 434, 248, 331, 248, 
936, 541, -395, -739, 666, 73, -239, -34, 434, 248, 331, 253, 
951, 551, -400, -751, 675, 75, -224, -14, 448, 258, 336, 258, 
956, 551, -405, -753, 680, 73, -214, -4, 448, 258, 336, 258, 
961, 551, -409, -756, 685, 70, -204, 0, 448, 253, 336, 253, 
971, 556, -414, -763, 692, 70, -195, 4, 448, 253, 336, 248, 
976, 536, -439, -756, 707, 48, -195, 9, 434, 253, 331, 239, 
971, 527, -444, -749, 707, 41, -190, 14, 434, 258, 331, 244, 
961, 517, -444, -739, 702, 36, -185, 19, 434, 253, 336, 244, 
956, 512, -444, -734, 700, 34, -180, 19, 434, 253, 341, 248, 
956, 512, -444, -734, 700, 34, -180, 29, 429, 263, 341, 248, 
956, 512, -444, -734, 700, 34, -180, 39, 439, 263, 346, 253, 
966, 522, -444, -744, 705, 39, -180, 43, 463, 278, 361, 263, 
966, 522, -444, -744, 705, 39, -180, 48, 463, 287, 361, 273, 
956, 517, -439, -736, 697, 39, -190, 43, 468, 287, 351, 268, 
961, 512, -448, -736, 705, 31, -195, 43, 463, 287, 351, 268, 
966, 512, -453, -739, 710, 29, -200, 43, 458, 287, 361, 278, 
971, 507, -463, -739, 717, 21, -204, 43, 453, 283, 361, 278, 
971, 512, -458, -741, 714, 26, -204, 48, 463, 297, 375, 292, 
971, 512, -458, -741, 714, 26, -209, 48, 473, 297, 375, 292, 
971, 502, -468, -736, 719, 17, -219, 43, 473, 297, 375, 292, 
971, 502, -468, -736, 719, 17, -219, 39, 473, 302, 385, 292, 
966, 492, -473, -729, 719, 9, -219, 34, 468, 312, 380, 302, 
956, 488, -468, -722, 712, 9, -224, 39, 478, 317, 390, 307, 
951, 483, -468, -717, 710, 7, -229, 43, 488, 317, 395, 312, 
951, 478, -473, -714, 712, 2, -234, 43, 492, 317, 395, 312, 
966, 517, -448, -741, 707, 34, -239, 43, 517, 351, 409, 331, 
985, 536, -448, -761, 717, 43, -239, 48, 522, 361, 419, 336, 
1015, 551, -463, -783, 739, 43, -244, 48, 522, 366, 424, 336, 
1029, 570, -458, -800, 744, 56, -244, 48, 522, 370, 434, 336, 
1024, 575, -448, -800, 736, 63, -253, 43, 522, 370, 429, 351, 
1019, 561, -458, -790, 739, 51, -248, 48, 527, 380, 439, 356, 
1019, 556, -463, -788, 741, 46, -273, 48, 531, 380, 444, 366, 
1024, 561, -463, -793, 744, 48, -283, 48, 541, 390, 453, 366, 
1015, 551, -463, -783, 739, 43, -283, 53, 536, 390, 458, 375, 
1010, 546, -463, -778, 736, 41, -292, 48, 531, 390, 463, 375, 
1010, 546, -463, -778, 736, 41, -292, 53, 536, 395, 468, 380, 
1010, 561, -448, -785, 729, 56, -292, 48, 531, 400, 473, 385, 
1019, 556, -463, -788, 741, 46, -297, 34, 517, 395, 468, 395, 
1019, 556, -463, -788, 741, 46, -302, 24, 512, 395, 468, 390, 
1024, 556, -468, -790, 746, 43, -307, 34, 507, 390, 468, 385, 
1029, 561, -468, -795, 749, 46, -307, 43, 502, 390, 473, 385, 
1039, 570, -468, -805, 753, 51, -317, 34, 497, 390, 483, 385, 
1039, 575, -463, -807, 751, 56, -317, 34, 497, 390, 483, 385, 
1049, 585, -463, -817, 756, 61, -317, 34, 502, 380, 483, 385, 
1049, 570, -478, -810, 763, 46, -322, 19, 502, 380, 478, 385, 
1034, 561, -473, -797, 753, 43, -312, 29, 497, 390, 478, 395, 
1034, 566, -468, -800, 751, 48, -307, 29, 497, 390, 488, 405, 
1039, 575, -463, -807, 751, 56, -307, 43, 497, 390, 488, 405, 
1039, 566, -473, -802, 756, 46, -307, 48, 488, 380, 478, 400, 
1039, 551, -488, -795, 763, 31, -317, 43, 478, 366, 473, 400, 
1039, 546, -492, -793, 766, 26, -322, 39, 463, 361, 468, 405, 
1039, 541, -497, -790, 768, 21, -326, 34, 463, 356, 463, 409, 
1039, 536, -502, -788, 771, 17, -331, 24, 458, 341, 453, 409, 
1039, 556, -483, -797, 761, 36, -331, 14, 453, 336, 458, 400, 
1039, 561, -478, -800, 758, 41, -331, 0, 448, 331, 448, 390, 
1039, 575, -463, -807, 751, 56, -341, 0, 444, 331, 448, 385, 
1039, 585, -453, -812, 746, 65, -331, -4, 444, 317, 453, 380, 
1039, 585, -453, -812, 746, 65, -341, 0, 434, 307, 448, 380, 
1034, 585, -448, -810, 741, 68, -351, -4, 424, 302, 439, 380, 
1034, 585, -448, -810, 741, 68, -351, -14, 409, 297, 434, 380, 
1029, 600, -429, -814, 729, 85, -351, -14, 405, 292, 424, 385, 
1005, 590, -414, -797, 710, 87, -351, -24, 405, 287, 414, 380, 
990, 590, -400, -790, 695, 95, -356, -34, 395, 278, 405, 375, 
990, 590, -400, -790, 695, 95, -356, -53, 380, 263, 395, 366, 
990, 595, -395, -793, 692, 100, -356, -68, 375, 248, 395, 361, 
985, 600, -385, -793, 685, 107, -336, -73, 380, 263, 405, 356, 
976, 605, -370, -790, 673, 117, -336, -78, 370, 258, 400, 346, 
976, 610, -366, -793, 671, 122, -336, -82, 356, 253, 390, 341, 
971, 614, -356, -793, 663, 129, -331, -78, 351, 253, 385, 341, 
941, 610, -331, -775, 636, 139, -331, -78, 351, 239, 375, 336, 
936, 595, -341, -766, 639, 126, -336, -87, 346, 229, 366, 322, 
932, 595, -336, -763, 634, 129, -331, -92, 341, 224, 361, 317, 
932, 605, -326, -768, 629, 139, -336, -87, 346, 224, 361, 317, 
946, 605, -341, -775, 644, 131, -322, -87, 346, 234, 361, 307, 
936, 600, -336, -768, 636, 131, -322, -87, 341, 224, 351, 297, 
941, 595, -346, -768, 644, 124, -326, -92, 341, 224, 346, 287, 
961, 595, -366, -778, 663, 114, -326, -92, 336, 219, 341, 283, 
961, 605, -356, -783, 658, 124, -317, -82, 341, 224, 336, 297, 
956, 580, -375, -768, 666, 102, -312, -82, 336, 214, 331, 287, 
941, 580, -361, -761, 651, 109, -302, -82, 326, 214, 326, 283, 
956, 595, -361, -775, 658, 117, -292, -78, 322, 214, 326, 283, 
971, 595, -375, -783, 673, 109, -263, -48, 346, 209, 346, 302, 
941, 575, -366, -758, 653, 104, -268, -48, 341, 209, 346, 287, 
936, 575, -361, -756, 649, 107, -273, -48, 341, 214, 341, 283, 
946, 566, -380, -756, 663, 92, -283, -58, 336, 204, 331, 273, 
946, 566, -380, -756, 663, 92, -283, -58, 331, 204, 331, 273, 
946, 566, -380, -756, 663, 92, -283, -58, 326, 204, 331, 273, 
946, 566, -380, -756, 663, 92, -283, -58, 322, 204, 331, 273, 
946, 551, -395, -749, 671, 78, -292, -48, 326, 204, 326, 263, 
941, 551, -390, -746, 666, 80, -292, -53, 331, 204, 326, 263, 
941, 551, -390, -746, 666, 80, -292, -53, 336, 209, 326, 263, 
956, 556, -400, -756, 678, 78, -292, -53, 336, 209, 331, 268, 
956, 566, -390, -761, 673, 87, -302, -53, 331, 209, 331, 258, 
941, 556, -385, -749, 663, 85, -307, -63, 331, 204, 326, 244, 
941, 546, -395, -744, 668, 75, -307, -73, 331, 195, 326, 244, 
946, 556, -390, -751, 668, 82, -307, -73, 331, 204, 326, 244, 
951, 561, -390, -756, 671, 85, -307, -58, 336, 219, 336, 253, 
941, 570, -370, -756, 656, 100, -302, -58, 341, 219, 336, 258, 
941, 570, -370, -756, 656, 100, -302, -53, 346, 224, 336, 263, 
951, 570, -380, -761, 666, 95, -302, -53, 351, 234, 336, 268, 
966, 575, -390, -771, 678, 92, -312, -53, 351, 229, 336, 258, 
971, 570, -400, -771, 685, 85, -317, -58, 351, 224, 336, 258, 
966, 570, -395, -768, 680, 87, -317, -58, 351, 219, 336, 258, 
971, 575, -395, -773, 683, 90, -317, -58, 351, 214, 336, 253, 
971, 590, -380, -780, 675, 104, -317, -68, 351, 224, 341, 253, 
971, 590, -380, -780, 675, 104, -317, -68, 351, 224, 341, 253, 
966, 590, -375, -778, 671, 107, -317, -73, 351, 224, 346, 253, 
966, 590, -375, -778, 671, 107, -317, -73, 351, 224, 351, 253, 
956, 570, -385, -763, 671, 92, -307, -58, 351, 219, 346, 248, 
961, 566, -395, -763, 678, 85, -302, -58, 351, 219, 341, 248, 
980, 561, -419, -771, 700, 70, -302, -58, 346, 224, 336, 244, 
971, 551, -419, -761, 695, 65, -302, -58, 346, 224, 322, 239, 
976, 566, -409, -771, 692, 78, -302, -48, 336, 214, 326, 239, 
976, 570, -405, -773, 690, 82, -302, -53, 336, 214, 331, 244, 
976, 561, -414, -768, 695, 73, -302, -53, 331, 214, 336, 244, 
980, 566, -414, -773, 697, 75, -302, -53, 331, 214, 341, 248, 
976, 575, -400, -775, 688, 87, -287, -48, 346, 224, 346, 263, 
971, 570, -400, -771, 685, 85, -287, -48, 346, 224, 346, 268, 
956, 566, -390, -761, 673, 87, -292, -53, 346, 219, 346, 268, 
966, 561, -405, -763, 685, 78, -292, -53, 341, 219, 346, 263, 
966, 566, -400, -766, 683, 82, -292, -39, 331, 214, 336, 258, 
961, 566, -395, -763, 678, 85, -292, -39, 331, 214, 336, 253, 
956, 561, -395, -758, 675, 82, -292, -43, 331, 214, 336, 248, 
956, 561, -395, -758, 675, 82, -292, -43, 331, 214, 336, 244, 
971, 580, -390, -775, 680, 95, -302, -39, 322, 204, 346, 248, 
971, 575, -395, -773, 683, 90, -297, -39, 322, 204, 346, 248, 
961, 566, -395, -763, 678, 85, -297, -39, 322, 204, 346, 248, 
961, 570, -390, -766, 675, 90, -297, -43, 322, 204, 346, 248, 
961, 561, -400, -761, 680, 80, -287, -43, 317, 195, 336, 239, 
956, 561, -395, -758, 675, 82, -287, -48, 312, 185, 331, 239, 
956, 561, -395, -758, 675, 82, -287, -48, 307, 195, 331, 244, 
971, 566, -405, -768, 688, 80, -278, -43, 302, 195, 336, 244, 
980, 561, -419, -771, 700, 70, -278, -53, 287, 185, 331, 234, 
980, 556, -424, -768, 702, 65, -278, -53, 283, 180, 326, 234, 
980, 556, -424, -768, 702, 65, -278, -53, 283, 180, 322, 234, 
971, 551, -419, -761, 695, 65, -278, -48, 278, 185, 322, 239, 
956, 541, -414, -749, 685, 63, -268, -48, 278, 185, 331, 229, 
961, 541, -419, -751, 690, 61, -263, -48, 278, 185, 326, 229, 
956, 541, -414, -749, 685, 63, -258, -48, 278, 185, 326, 229, 
932, 536, -395, -734, 663, 70, -244, -48, 278, 185, 326, 229, 
922, 531, -390, -727, 656, 70, -244, -48, 273, 170, 326, 229, 
927, 531, -395, -729, 661, 68, -248, -48, 268, 170, 322, 229, 
927, 527, -400, -727, 663, 63, -253, -48, 263, 170, 317, 224, 
927, 517, -409, -722, 668, 53, -253, -48, 253, 165, 312, 224, 
927, 517, -409, -722, 668, 53, -248, -63, 244, 156, 322, 224, 
927, 517, -409, -722, 668, 53, -248, -63, 244, 156, 322, 229, 
927, 522, -405, -724, 666, 58, -248, -63, 248, 161, 322, 234, 
941, 527, -414, -734, 678, 56, -244, -63, 248, 161, 322, 239, 
932, 517, -414, -724, 673, 51, -253, -68, 239, 161, 307, 244, 
932, 517, -414, -724, 673, 51, -258, -68, 234, 156, 307, 244, 
927, 517, -409, -722, 668, 53, -258, -68, 229, 156, 307, 244, 
922, 517, -405, -719, 663, 56, -258, -68, 229, 161, 307, 244, 
932, 527, -405, -729, 668, 61, -253, -58, 234, 170, 317, 244, 
936, 536, -400, -736, 668, 68, -253, -58, 239, 170, 322, 248, 
941, 551, -390, -746, 666, 80, -253, -58, 244, 170, 326, 253, 
946, 561, -385, -753, 666, 87, -253, -53, 248, 170, 336, 258, 
922, 556, -366, -739, 644, 95, -244, -43, 248, 170, 336, 263, 
917, 556, -361, -736, 639, 97, -239, -48, 248, 175, 336, 268, 
932, 556, -375, -744, 653, 90, -234, -48, 244, 180, 326, 268, 
941, 551, -390, -746, 666, 80, -229, -53, 239, 180, 326, 273, 
936, 556, -380, -746, 658, 87, -229, -53, 248, 180, 322, 273, 
936, 556, -380, -746, 658, 87, -229, -43, 253, 180, 322, 268, 
932, 556, -375, -744, 653, 90, -229, -43, 253, 185, 322, 268, 
932, 556, -375, -744, 653, 90, -234, -48, 248, 185, 322, 263, 
927, 546, -380, -736, 653, 82, -224, -63, 239, 180, 322, 253, 
922, 546, -375, -734, 649, 85, -224, -68, 239, 180, 322, 248, 
912, 541, -370, -727, 641, 85, -229, -68, 239, 180, 322, 248, 
902, 531, -370, -717, 636, 80, -229, -68, 239, 180, 322, 244, 
902, 541, -361, -722, 631, 90, -219, -63, 253, 185, 331, 253, 
907, 546, -361, -727, 634, 92, -219, -58, 253, 190, 336, 253, 
912, 546, -366, -729, 639, 90, -224, -53, 253, 195, 336, 253, 
917, 536, -380, -727, 649, 78, -224, -43, 244, 195, 341, 253, 
912, 522, -390, -717, 651, 65, -209, -24, 263, 204, 341, 253, 
922, 502, -419, -712, 671, 41, -200, -19, 253, 185, 322, 224, 
893, 502, -390, -697, 641, 56, -175, 4, 283, 190, 317, 209, 
912, 527, -385, -719, 649, 70, -136, 24, 326, 209, 312, 214, 
946, 561, -385, -753, 666, 87, -122, 39, 370, 219, 297, 195, 
888, 551, -336, -719, 612, 107, -102, 58, 405, 224, 268, 170, 
844, 551, -292, -697, 568, 129, -68, 92, 468, 248, 258, 151, 
863, 595, -268, -729, 566, 163, -48, 107, 536, 297, 278, 151, 
878, 634, -244, -756, 561, 195, -43, 131, 610, 356, 307, 165, 
878, 653, -224, -766, 551, 214, -53, 141, 688, 448, 375, 200, 
888, 712, -175, -800, 531, 268, -78, 151, 795, 605, 497, 292, 
936, 805, -131, -871, 534, 336, -131, 117, 873, 805, 673, 429, 
990, 907, -82, -949, 536, 412, -219, 14, 893, 990, 878, 590, 
1054, 1034, -19, -1044, 536, 507, -336, -131, 863, 1185, 1117, 795, 
1132, 1185, 53, -1159, 539, 619, -483, -287, 805, 1395, 1381, 1005, 
1210, 1307, 97, -1259, 556, 702, -619, -419, 717, 1551, 1590, 1220, 
1254, 1385, 131, -1320, 561, 758, -732, -546, 561, 1620, 1742, 1366, 
1307, 1420, 112, -1363, 597, 766, -844, -683, 292, 1537, 1790, 1454, 
1361, 1420, 58, -1390, 651, 739, -946, -819, -14, 1302, 1717, 1449, 
1337, 1288, -48, -1312, 692, 619, -985, -912, -287, 941, 1493, 1317, 
1244, 1039, -204, -1141, 724, 417, -941, -917, -556, 478, 1112, 1054, 
1220, 849, -370, -1034, 795, 239, -858, -878, -800, 29, 746, 805, 
1249, 732, -517, -990, 883, 107, -751, -775, -961, -292, 488, 639, 
1259, 551, -707, -905, 983, -78, -610, -634, -1063, -546, 273, 492, 
1229, 336, -893, -783, 1061, -278, -507, -517, -1176, -800, 58, 351, 
1215, 175, -1039, -695, 1127, -431, -478, -458, -1249, -961, -82, 253, 
1254, 92, -1161, -673, 1207, -534, -463, -370, -1210, -966, -112, 239, 
1322, 87, -1234, -705, 1278, -573, -439, -248, -1078, -873, -78, 263, 
1332, 122, -1210, -727, 1271, -544, -434, -190, -941, -761, -4, 292, 
1283, 180, -1102, -732, 1193, -461, -453, -204, -790, -629, 73, 341, 
1254, 263, -990, -758, 1122, -363, -453, -229, -634, -492, 151, 390, 
1244, 366, -878, -805, 1061, -256, -448, -244, -517, -385, 209, 429, 
1205, 429, -775, -817, 990, -173, -434, -258, -405, -278, 273, 453, 
1176, 453, -722, -814, 949, -134, -424, -248, -307, -190, 317, 478, 
1171, 488, -683, -829, 927, -97, -390, -214, -209, -126, 346, 478, 
1141, 527, -614, -834, 878, -43, -346, -185, -117, -73, 356, 468, 
1078, 522, -556, -800, 817, -17, -322, -180, -29, -29, 346, 434, 
1044, 522, -522, -783, 783, 0, -302, -161, 29, 4, 336, 390, 
1029, 536, -492, -783, 761, 21, -273, -151, 73, 24, 326, 346, 
1010, 541, -468, -775, 739, 36, -258, -136, 117, 53, 322, 317, 
1010, 541, -468, -775, 739, 36, -248, -126, 151, 92, 317, 297, 
1005, 522, -483, -763, 744, 19, -244, -136, 170, 102, 312, 278, 
980, 531, -448, -756, 714, 41, -244, -136, 190, 117, 312, 258, 
980, 561, -419, -771, 700, 70, -229, -126, 219, 151, 317, 263, 
980, 580, -400, -780, 690, 90, -219, -112, 234, 165, 317, 263, 
927, 522, -405, -724, 666, 58, -219, -122, 229, 151, 292, 229, 
897, 502, -395, -700, 646, 53, -195, -102, 263, 175, 292, 219, 
897, 512, -385, -705, 641, 63, -165, -73, 292, 190, 302, 229, 
902, 492, -409, -697, 656, 41, -175, -73, 292, 195, 302, 224, 
897, 488, -409, -692, 653, 39, -180, -78, 292, 185, 302, 214, 
897, 492, -405, -695, 651, 43, -185, -78, 297, 175, 297, 204, 
907, 488, -419, -697, 663, 34, -190, -82, 302, 165, 297, 190, 
917, 483, -434, -700, 675, 24, -204, -82, 287, 165, 287, 185, 
917, 478, -439, -697, 678, 19, -219, -82, 283, 170, 278, 175, 
917, 483, -434, -700, 675, 24, -229, -82, 283, 170, 273, 175, 
917, 492, -424, -705, 671, 34, -234, -73, 287, 175, 278, 190, 
927, 492, -434, -710, 680, 29, -219, -58, 307, 180, 287, 180, 
932, 492, -439, -712, 685, 26, -204, -39, 312, 180, 287, 185, 
936, 492, -444, -714, 690, 24, -190, -24, 317, 175, 287, 185, 
936, 492, -444, -714, 690, 24, -175, -14, 322, 170, 283, 170, 
922, 483, -439, -702, 680, 21, -180, -14, 322, 170, 278, 165, 
927, 478, -448, -702, 688, 14, -185, -14, 322, 175, 278, 170, 
932, 473, -458, -702, 695, 7, -190, -19, 317, 180, 278, 175, 
936, 473, -463, -705, 700, 4, -195, -19, 317, 185, 283, 185, 
932, 478, -453, -705, 692, 12, -200, -9, 317, 190, 283, 200, 
917, 483, -434, -700, 675, 24, -204, -9, 317, 190, 283, 209, 
907, 488, -419, -697, 663, 34, -214, -19, 317, 190, 283, 219, 
902, 492, -409, -697, 656, 41, -219, -19, 326, 190, 283, 229, 
917, 483, -434, -700, 675, 24, -229, 4, 336, 200, 302, 248, 
912, 488, -424, -700, 668, 31, -219, 9, 336, 195, 307, 253, 
917, 492, -424, -705, 671, 34, -219, 14, 336, 195, 312, 258, 
936, 492, -444, -714, 690, 24, -219, 19, 331, 204, 317, 263, 
941, 492, -448, -717, 695, 21, -229, 14, 322, 204, 312, 268, 
946, 497, -448, -722, 697, 24, -239, 14, 312, 200, 307, 268, 
951, 497, -453, -724, 702, 21, -248, 9, 302, 200, 307, 278, 
956, 502, -453, -729, 705, 24, -253, 14, 302, 204, 302, 283, 
946, 502, -444, -724, 695, 29, -244, 24, 312, 195, 302, 273, 
961, 502, -458, -732, 710, 21, -244, 34, 312, 200, 307, 278, 
946, 497, -448, -722, 697, 24, -229, 39, 322, 200, 307, 278, 
946, 488, -458, -717, 702, 14, -224, 43, 322, 204, 312, 278, 
946, 483, -463, -714, 705, 9, -229, 39, 317, 204, 312, 283, 
951, 478, -473, -714, 712, 2, -239, 34, 312, 209, 312, 278, 
956, 468, -488, -712, 722, -9, -244, 29, 307, 209, 312, 278, 
956, 463, -492, -710, 724, -14, -253, 24, 302, 209, 312, 278, 
966, 488, -478, -727, 722, 4, -248, 34, 317, 214, 326, 273, 
976, 497, -478, -736, 727, 9, -244, 43, 322, 229, 331, 273, 
966, 502, -463, -734, 714, 19, -244, 43, 326, 234, 331, 273, 
956, 512, -444, -734, 700, 34, -239, 43, 326, 239, 331, 273, 
966, 507, -458, -736, 712, 24, -234, 39, 351, 239, 336, 273, 
966, 502, -463, -734, 714, 19, -234, 43, 351, 239, 336, 268, 
966, 497, -468, -732, 717, 14, -234, 43, 351, 234, 336, 258, 
971, 497, -473, -734, 722, 12, -234, 43, 351, 234, 336, 248, 
990, 512, -478, -751, 734, 17, -229, 39, 356, 244, 351, 239, 
990, 517, -473, -753, 732, 21, -229, 43, 366, 258, 351, 244, 
985, 522, -463, -753, 724, 29, -229, 48, 375, 263, 356, 244, 
985, 531, -453, -758, 719, 39, -229, 48, 385, 273, 361, 248, 
980, 527, -453, -753, 717, 36, -224, 39, 400, 273, 370, 248, 
976, 522, -453, -749, 714, 34, -219, 48, 409, 273, 375, 253, 
980, 527, -453, -753, 717, 36, -214, 53, 434, 287, 390, 263, 
976, 522, -453, -749, 714, 34, -209, 58, 434, 297, 390, 273, 
990, 531, -458, -761, 724, 36, -219, 58, 458, 302, 380, 263, 
1000, 541, -458, -771, 729, 41, -224, 53, 463, 307, 380, 258, 
1010, 556, -453, -783, 732, 51, -229, 48, 468, 312, 390, 263, 
1019, 566, -453, -793, 736, 56, -234, 43, 473, 312, 390, 258, 
995, 561, -434, -778, 714, 63, -224, 63, 488, 331, 405, 278, 
980, 561, -419, -771, 700, 70, -229, 68, 502, 336, 405, 283, 
966, 551, -414, -758, 690, 68, -239, 68, 507, 341, 405, 287, 
951, 551, -400, -751, 675, 75, -239, 68, 512, 351, 414, 292, 
971, 570, -400, -771, 685, 85, -234, 63, 527, 356, 429, 317, 
985, 575, -409, -780, 697, 82, -234, 68, 536, 366, 439, 326, 
1005, 580, -424, -793, 714, 78, -234, 73, 546, 370, 444, 336, 
1029, 585, -444, -807, 736, 70, -234, 73, 551, 375, 444, 341, 
1015, 595, -419, -805, 717, 87, -239, 82, 570, 405, 444, 366, 
1015, 595, -419, -805, 717, 87, -239, 87, 570, 409, 448, 375, 
1024, 590, -434, -807, 729, 78, -244, 87, 566, 409, 448, 380, 
1019, 590, -429, -805, 724, 80, -244, 87, 561, 409, 453, 385, 
1015, 595, -419, -805, 717, 87, -234, 102, 570, 409, 448, 400, 
1010, 580, -429, -795, 719, 75, -219, 107, 575, 419, 458, 405, 
1010, 575, -434, -793, 722, 70, -234, 107, 580, 419, 463, 414, 
1015, 580, -434, -797, 724, 73, -234, 107, 590, 429, 473, 414, 
1024, 590, -434, -807, 729, 78, -253, 107, 580, 419, 463, 400, 
1019, 585, -434, -802, 727, 75, -263, 107, 570, 419, 463, 395, 
1019, 585, -434, -802, 727, 75, -263, 117, 570, 424, 463, 395, 
1019, 600, -419, -810, 719, 90, -263, 117, 561, 429, 463, 395, 
1029, 619, -409, -824, 719, 104, -263, 117, 570, 434, 473, 400, 
1029, 624, -405, -827, 717, 109, -263, 112, 570, 434, 478, 400, 
1034, 629, -405, -832, 719, 112, -263, 126, 570, 429, 483, 400, 
1039, 639, -400, -839, 719, 119, -258, 141, 570, 429, 492, 405, 
1049, 624, -424, -836, 736, 100, -258, 131, 566, 424, 492, 405, 
1049, 624, -424, -836, 736, 100, -258, 131, 556, 419, 483, 395, 
1058, 629, -429, -844, 744, 100, -258, 131, 551, 405, 473, 385, 
1058, 610, -448, -834, 753, 80, -263, 117, 541, 400, 458, 375, 
1039, 600, -439, -819, 739, 80, -258, 107, 536, 400, 468, 366, 
1034, 605, -429, -819, 732, 87, -248, 107, 536, 400, 478, 375, 
1034, 614, -419, -824, 727, 97, -244, 122, 536, 400, 478, 375, 
1029, 605, -424, -817, 727, 90, -239, 126, 527, 390, 468, 370, 
1019, 605, -414, -812, 717, 95, -253, 112, 517, 375, 463, 366, 
1019, 605, -414, -812, 717, 95, -253, 107, 502, 370, 458, 366, 
1019, 605, -414, -812, 717, 95, -253, 102, 502, 366, 453, 366, 
1019, 605, -414, -812, 717, 95, -253, 92, 497, 351, 444, 361, 
1010, 605, -405, -807, 707, 100, -253, 92, 488, 346, 448, 356, 
1010, 600, -409, -805, 710, 95, -253, 78, 478, 341, 439, 351, 
1010, 605, -405, -807, 707, 100, -263, 78, 468, 341, 439, 351, 
1010, 605, -405, -807, 707, 100, -253, 73, 463, 326, 444, 351, 
1010, 595, -414, -802, 712, 90, -253, 73, 463, 326, 434, 361, 
1005, 595, -409, -800, 707, 92, -263, 63, 453, 322, 429, 361, 
1005, 595, -409, -800, 707, 92, -263, 48, 439, 317, 429, 361, 
1000, 610, -390, -805, 695, 109, -263, 43, 434, 312, 424, 366, 
995, 590, -405, -793, 700, 92, -263, 39, 419, 302, 424, 351, 
980, 590, -390, -785, 685, 100, -268, 24, 405, 297, 414, 346, 
980, 590, -390, -785, 685, 100, -268, 0, 385, 287, 405, 336, 
980, 595, -385, -788, 683, 104, -268, -19, 375, 278, 405, 331, 
971, 605, -366, -788, 668, 119, -268, -19, 380, 268, 405, 336, 
956, 605, -351, -780, 653, 126, -268, -29, 370, 258, 400, 326, 
951, 605, -346, -778, 649, 129, -268, -39, 356, 248, 390, 322, 
941, 605, -336, -773, 639, 134, -263, -39, 351, 244, 385, 322, 
932, 610, -322, -771, 627, 143, -268, -48, 346, 239, 385, 317, 
936, 595, -341, -766, 639, 126, -268, -58, 336, 229, 375, 302, 
941, 595, -346, -768, 644, 124, -258, -63, 326, 224, 370, 297, 
951, 605, -346, -778, 649, 129, -258, -58, 326, 224, 370, 297, 
941, 600, -341, -771, 641, 129, -244, -48, 326, 224, 370, 297, 
927, 590, -336, -758, 631, 126, -244, -48, 322, 214, 361, 287, 
927, 580, -346, -753, 636, 117, -248, -53, 322, 214, 356, 278, 
941, 575, -366, -758, 653, 104, -248, -53, 317, 209, 351, 273, 
932, 570, -361, -751, 646, 104, -248, -68, 307, 214, 341, 283, 
927, 541, -385, -734, 656, 78, -253, -73, 297, 204, 341, 268, 
912, 536, -375, -724, 644, 80, -253, -78, 283, 204, 341, 258, 
927, 546, -380, -736, 653, 82, -253, -78, 273, 204, 346, 253, 
946, 546, -400, -746, 673, 73, -248, -78, 278, 200, 341, 253, 
951, 546, -405, -749, 678, 70, -248, -78, 273, 200, 336, 248, 
946, 531, -414, -739, 680, 58, -244, -78, 273, 200, 331, 248, 
946, 527, -419, -736, 683, 53, -239, -78, 273, 200, 326, 248, 
936, 522, -414, -729, 675, 53, -234, -78, 263, 190, 331, 253, 
927, 517, -409, -722, 668, 53, -229, -78, 263, 180, 336, 248, 
927, 502, -424, -714, 675, 39, -234, -78, 248, 175, 331, 248, 
927, 497, -429, -712, 678, 34, -229, -78, 248, 175, 336, 244, 
936, 512, -424, -724, 680, 43, -219, -78, 253, 175, 331, 239, 
936, 522, -414, -729, 675, 53, -219, -82, 253, 170, 322, 234, 
941, 522, -419, -732, 680, 51, -224, -87, 248, 170, 317, 229, 
946, 531, -414, -739, 680, 58, -224, -87, 248, 170, 312, 229, 
951, 546, -405, -749, 678, 70, -214, -97, 248, 161, 302, 229, 
951, 546, -405, -749, 678, 70, -214, -102, 248, 156, 297, 224, 
946, 541, -405, -744, 675, 68, -229, -112, 248, 156, 297, 219, 
936, 536, -400, -736, 668, 68, -229, -112, 248, 156, 302, 219, 
922, 531, -390, -727, 656, 70, -219, -117, 248, 165, 312, 234, 
927, 541, -385, -734, 656, 78, -219, -117, 248, 165, 317, 239, 
922, 536, -385, -729, 653, 75, -219, -122, 258, 165, 317, 239, 
922, 536, -385, -729, 653, 75, -219, -126, 258, 165, 312, 244, 
932, 546, -385, -739, 658, 80, -224, -136, 258, 175, 302, 234, 
917, 536, -380, -727, 649, 78, -234, -136, 253, 165, 302, 234, 
927, 536, -390, -732, 658, 73, -239, -141, 253, 161, 297, 229, 
946, 541, -405, -744, 675, 68, -244, -146, 253, 161, 297, 229, 
946, 561, -385, -753, 666, 87, -224, -136, 263, 165, 302, 239, 
946, 566, -380, -756, 663, 92, -219, -122, 268, 165, 312, 244, 
956, 566, -390, -761, 673, 87, -214, -112, 268, 170, 317, 248, 
966, 575, -390, -771, 678, 92, -214, -102, 273, 175, 326, 248, 
951, 561, -390, -756, 671, 85, -224, -112, 263, 175, 312, 244, 
951, 556, -395, -753, 673, 80, -219, -112, 263, 175, 312, 244, 
956, 551, -405, -753, 680, 73, -219, -107, 268, 175, 312, 248, 
951, 546, -405, -749, 678, 70, -214, -107, 268, 175, 312, 248, 
956, 556, -400, -756, 678, 78, -200, -92, 268, 180, 317, 239, 
946, 556, -390, -751, 668, 82, -195, -87, 268, 180, 317, 239, 
971, 556, -414, -763, 692, 70, -180, -82, 268, 180, 317, 239, 
980, 556, -424, -768, 702, 65, -165, -73, 273, 180, 322, 239, 
966, 546, -419, -756, 692, 63, -165, -68, 268, 180, 312, 234, 
961, 541, -419, -751, 690, 61, -170, -63, 263, 180, 312, 229, 
956, 541, -414, -749, 685, 63, -170, -68, 258, 175, 307, 229, 
951, 541, -409, -746, 680, 65, -170, -68, 253, 170, 307, 229, 
956, 536, -419, -746, 688, 58, -165, -78, 263, 180, 317, 244, 
956, 522, -434, -739, 695, 43, -161, -78, 263, 180, 317, 239, 
956, 527, -429, -741, 692, 48, -151, -78, 268, 185, 322, 253, 
971, 522, -448, -746, 710, 36, -141, -73, 268, 185, 326, 263, 
961, 541, -419, -751, 690, 61, -146, -73, 268, 175, 336, 273, 
961, 541, -419, -751, 690, 61, -151, -73, 268, 175, 336, 273, 
961, 541, -419, -751, 690, 61, -156, -73, 268, 175, 341, 273, 
971, 551, -419, -761, 695, 65, -156, -73, 268, 180, 341, 273, 
961, 536, -424, -749, 692, 56, -165, -82, 263, 180, 326, 268, 
941, 517, -424, -729, 683, 46, -165, -82, 258, 180, 322, 263, 
941, 512, -429, -727, 685, 41, -165, -82, 258, 180, 317, 263, 
936, 507, -429, -722, 683, 39, -156, -82, 258, 175, 317, 273, 
951, 522, -429, -736, 690, 46, -156, -68, 268, 175, 336, 273, 
956, 517, -439, -736, 697, 39, -151, -68, 268, 175, 336, 268, 
961, 507, -453, -734, 707, 26, -151, -68, 268, 165, 331, 258, 
966, 512, -453, -739, 710, 29, -151, -68, 268, 165, 331, 253, 
976, 512, -463, -744, 719, 24, -146, -58, 258, 180, 336, 253, 
985, 517, -468, -751, 727, 24, -141, -48, 258, 185, 336, 258, 
971, 517, -453, -744, 712, 31, -141, -58, 253, 185, 331, 258, 
941, 512, -429, -727, 685, 41, -136, -58, 253, 185, 331, 258, 
946, 502, -444, -724, 695, 29, -136, -68, 268, 175, 331, 273, 
956, 522, -434, -739, 695, 43, -126, -63, 268, 175, 331, 287, 
956, 502, -453, -729, 705, 24, -131, -63, 268, 175, 331, 278, 
941, 502, -439, -722, 690, 31, -136, -63, 263, 175, 331, 278, 
976, 517, -458, -746, 717, 29, -126, -53, 273, 180, 341, 283, 
990, 522, -468, -756, 729, 26, -122, -48, 278, 185, 341, 283, 
976, 522, -453, -749, 714, 34, -117, -43, 283, 195, 341, 283, 
956, 527, -429, -741, 692, 48, -107, -39, 287, 200, 341, 287, 
966, 527, -439, -746, 702, 43, -122, -48, 287, 195, 341, 292, 
985, 527, -458, -756, 722, 34, -122, -48, 283, 195, 341, 292, 
990, 527, -463, -758, 727, 31, -126, -48, 278, 195, 341, 292, 
990, 527, -463, -758, 727, 31, -141, -48, 273, 195, 341, 297, 
971, 512, -458, -741, 714, 26, -141, -53, 283, 195, 341, 292, 
966, 522, -444, -744, 705, 39, -136, -48, 287, 200, 351, 297, 
966, 522, -444, -744, 705, 39, -131, -53, 287, 200, 351, 297, 
961, 522, -439, -741, 700, 41, -131, -58, 287, 200, 356, 292, 
961, 531, -429, -746, 695, 51, -126, -68, 297, 209, 356, 287, 
946, 531, -414, -739, 680, 58, -126, -73, 297, 209, 356, 287, 
936, 536, -400, -736, 668, 68, -126, -73, 297, 209, 356, 287, 
951, 541, -409, -746, 680, 65, -122, -68, 297, 209, 356, 287, 
985, 546, -439, -766, 712, 53, -112, -68, 297, 214, 346, 287, 
966, 546, -419, -756, 692, 63, -122, -73, 297, 214, 346, 287, 
946, 546, -400, -746, 673, 73, -131, -82, 292, 214, 341, 283, 
927, 546, -380, -736, 653, 82, -141, -87, 292, 214, 341, 283, 
936, 551, -385, -744, 661, 82, -122, -78, 302, 209, 341, 268, 
941, 541, -400, -741, 671, 70, -122, -78, 297, 204, 341, 258, 
946, 541, -405, -744, 675, 68, -122, -78, 297, 200, 341, 248, 
951, 546, -405, -749, 678, 70, -122, -78, 297, 200, 341, 244, 
946, 546, -400, -746, 673, 73, -112, -87, 312, 209, 351, 258, 
941, 551, -390, -746, 666, 80, -112, -92, 312, 209, 351, 258, 
936, 556, -380, -746, 658, 87, -112, -92, 312, 209, 351, 258, 
932, 556, -375, -744, 653, 90, -112, -82, 312, 209, 356, 258, 
927, 551, -375, -739, 651, 87, -117, -107, 317, 209, 356, 263, 
936, 561, -375, -749, 656, 92, -117, -107, 317, 209, 356, 263, 
951, 575, -375, -763, 663, 100, -112, -102, 322, 214, 356, 268, 
941, 575, -366, -758, 653, 104, -112, -102, 322, 214, 356, 268, 
946, 570, -375, -758, 661, 97, -126, -102, 326, 219, 366, 268, 
966, 585, -380, -775, 673, 102, -131, -102, 322, 219, 361, 273, 
990, 600, -390, -795, 690, 104, -136, -102, 322, 224, 356, 278, 
980, 610, -370, -795, 675, 119, -136, -107, 322, 229, 356, 283, 
980, 619, -361, -800, 671, 129, -117, -126, 331, 229, 370, 307, 
1005, 610, -395, -807, 700, 107, -136, -141, 312, 214, 370, 307, 
961, 590, -370, -775, 666, 109, -146, -146, 317, 224, 375, 312, 
946, 595, -351, -771, 649, 122, -146, -156, 312, 234, 380, 312, 
956, 585, -370, -771, 663, 107, -156, -156, 302, 229, 370, 302, 
966, 585, -380, -775, 673, 102, -156, -156, 302, 224, 370, 302, 
976, 585, -390, -780, 683, 97, -156, -156, 302, 219, 370, 302, 
985, 585, -400, -785, 692, 92, -156, -156, 302, 214, 370, 302, 
980, 580, -400, -780, 690, 90, -156, -165, 297, 200, 356, 292, 
976, 575, -400, -775, 688, 87, -156, -165, 292, 195, 351, 292, 
971, 570, -400, -771, 685, 85, -156, -165, 287, 190, 346, 292, 
966, 566, -400, -766, 683, 82, -156, -165, 283, 185, 341, 292, 
976, 556, -419, -766, 697, 68, -156, -156, 283, 185, 341, 283, 
976, 556, -419, -766, 697, 68, -156, -156, 283, 185, 341, 283, 
976, 556, -419, -766, 697, 68, -156, -156, 283, 185, 341, 283, 
976, 556, -419, -766, 697, 68, -156, -156, 283, 185, 341, 283, 
985, 566, -419, -775, 702, 73, -156, -165, 283, 185, 341, 283, 
985, 566, -419, -775, 702, 73, -156, -165, 283, 185, 341, 283, 
985, 566, -419, -775, 702, 73, -156, -165, 283, 185, 341, 283, 
985, 566, -419, -775, 702, 73, -156, -165, 283, 185, 341, 283, 
961, 546, -414, -753, 688, 65, -156, -165, 273, 175, 351, 292, 
946, 536, -409, -741, 678, 63, -156, -165, 273, 175, 351, 292, 
932, 527, -405, -729, 668, 61, -156, -165, 273, 175, 351, 292, 
917, 517, -400, -717, 658, 58, -156, -165, 273, 175, 351, 292, 
936, 527, -409, -732, 673, 58, -146, -156, 273, 175, 346, 283, 
946, 527, -419, -736, 683, 53, -146, -156, 273, 175, 341, 283, 
956, 527, -429, -741, 692, 48, -146, -156, 273, 175, 336, 283, 
966, 527, -439, -746, 702, 43, -146, -156, 273, 175, 331, 283, 
966, 517, -448, -741, 707, 34, -146, -165, 268, 165, 322, 278, 
966, 517, -448, -741, 707, 34, -146, -165, 263, 165, 322, 273, 
956, 512, -444, -734, 700, 34, -146, -165, 258, 156, 317, 268, 
951, 512, -439, -732, 695, 36, -146, -170, 253, 156, 317, 263, 
951, 507, -444, -729, 697, 31, -136, -165, 253, 170, 307, 253, 
966, 507, -458, -736, 712, 24, -136, -161, 248, 170, 312, 258, 
966, 502, -463, -734, 714, 19, -136, -156, 244, 170, 312, 258, 
951, 488, -463, -719, 707, 12, -141, -161, 244, 165, 307, 244, 
946, 483, -463, -714, 705, 9, -141, -161, 244, 146, 307, 239, 
946, 497, -448, -722, 697, 24, -141, -161, 244, 156, 307, 234, 
956, 507, -448, -732, 702, 29, -141, -156, 244, 156, 307, 234, 
941, 522, -419, -732, 680, 51, -136, -156, 244, 151, 307, 229, 
927, 507, -419, -717, 673, 43, -136, -151, 234, 141, 307, 229, 
932, 502, -429, -717, 680, 36, -136, -151, 234, 146, 307, 229, 
927, 497, -429, -712, 678, 34, -136, -151, 234, 146, 307, 229, 
922, 483, -439, -702, 680, 21, -141, -156, 234, 146, 307, 229, 
932, 488, -444, -710, 688, 21, -136, -151, 244, 156, 317, 229, 
951, 497, -453, -724, 702, 21, -131, -146, 244, 156, 317, 224, 
971, 512, -458, -741, 714, 26, -126, -141, 244, 156, 312, 224, 
990, 522, -468, -756, 729, 26, -122, -136, 244, 156, 312, 224, 
971, 502, -468, -736, 719, 17, -126, -151, 234, 151, 302, 224, 
966, 492, -473, -729, 719, 9, -131, -151, 234, 146, 302, 224, 
961, 483, -478, -722, 719, 2, -136, -146, 234, 136, 297, 224, 
961, 478, -483, -719, 722, -2, -136, -146, 234, 131, 292, 229, 
966, 473, -492, -719, 729, -9, -136, -141, 239, 141, 307, 234, 
951, 473, -478, -712, 714, -2, -136, -136, 239, 146, 302, 239, 
941, 473, -468, -707, 705, 2, -136, -131, 239, 151, 307, 239, 
936, 473, -463, -705, 700, 4, -136, -131, 239, 156, 312, 244, 
951, 473, -478, -712, 714, -2, -126, -126, 239, 165, 317, 239, 
971, 488, -483, -729, 727, 2, -126, -122, 244, 165, 322, 239, 
985, 517, -468, -751, 727, 24, -122, -112, 253, 165, 331, 244, 
1000, 531, -468, -766, 734, 31, -122, -107, 258, 165, 336, 248, 
980, 541, -439, -761, 710, 51, -141, -117, 268, 161, 346, 258, 
995, 541, -453, -768, 724, 43, -146, -122, 263, 161, 346, 253, 
995, 546, -448, -771, 722, 48, -151, -122, 263, 165, 346, 253, 
990, 546, -444, -768, 717, 51, -156, -126, 263, 165, 346, 253, 
976, 546, -429, -761, 702, 58, -161, -141, 263, 175, 346, 253, 
976, 551, -424, -763, 700, 63, -165, -141, 263, 175, 346, 253, 
980, 570, -409, -775, 695, 80, -170, -136, 263, 175, 346, 258, 
980, 566, -414, -773, 697, 75, -170, -136, 263, 175, 346, 258, 
971, 551, -419, -761, 695, 65, -185, -146, 263, 175, 336, 258, 
971, 551, -419, -761, 695, 65, -190, -161, 263, 175, 336, 258, 
971, 551, -419, -761, 695, 65, -195, -170, 263, 175, 336, 258, 
966, 551, -414, -758, 690, 68, -200, -185, 263, 165, 331, 258, 
961, 561, -400, -761, 680, 80, -195, -180, 268, 185, 336, 263, 
971, 566, -405, -768, 688, 80, -180, -170, 273, 185, 346, 263, 
966, 566, -400, -766, 683, 82, -175, -165, 278, 180, 351, 263, 
961, 566, -395, -763, 678, 85, -170, -161, 283, 180, 356, 263, 
961, 575, -385, -768, 673, 95, -170, -161, 297, 190, 366, 273, 
951, 580, -370, -766, 661, 104, -170, -156, 297, 204, 370, 278, 
951, 575, -375, -763, 663, 100, -165, -156, 297, 200, 370, 278, 
961, 580, -380, -771, 671, 100, -165, -156, 297, 204, 366, 278, 
961, 570, -390, -766, 675, 90, -165, -165, 287, 200, 361, 268, 
941, 566, -375, -753, 658, 95, -156, -165, 287, 195, 356, 268, 
941, 566, -375, -753, 658, 95, -156, -165, 287, 185, 356, 268, 
946, 570, -375, -758, 661, 97, -161, -165, 287, 180, 351, 268, 
932, 556, -375, -744, 653, 90, -175, -180, 283, 170, 346, 258, 
927, 546, -380, -736, 653, 82, -175, -185, 273, 165, 341, 253, 
922, 541, -380, -732, 651, 80, -170, -195, 268, 165, 336, 244, 
917, 536, -380, -727, 649, 78, -170, -200, 263, 165, 331, 239, 
936, 561, -375, -749, 656, 92, -180, -190, 278, 175, 336, 253, 
961, 575, -385, -768, 673, 95, -175, -190, 278, 180, 341, 258, 
971, 585, -385, -778, 678, 100, -175, -195, 278, 185, 341, 258, 
980, 595, -385, -788, 683, 104, -180, -195, 273, 185, 346, 263, 
961, 580, -380, -771, 671, 100, -185, -200, 258, 180, 346, 253, 
951, 575, -375, -763, 663, 100, -190, -204, 258, 180, 346, 253, 
941, 570, -370, -756, 656, 100, -200, -209, 258, 175, 341, 248, 
936, 566, -370, -751, 653, 97, -204, -214, 258, 170, 341, 248, 
941, 580, -361, -761, 651, 109, -204, -224, 248, 170, 341, 258, 
946, 580, -366, -763, 656, 107, -204, -219, 248, 170, 346, 258, 
941, 575, -366, -758, 653, 104, -200, -219, 248, 165, 346, 258, 
946, 575, -370, -761, 658, 102, -200, -224, 248, 165, 346, 258, 
956, 570, -385, -763, 671, 92, -209, -224, 234, 161, 336, 263, 
971, 561, -409, -766, 690, 75, -219, -229, 229, 151, 336, 263, 
956, 551, -405, -753, 680, 73, -229, -229, 229, 146, 341, 268, 
956, 546, -409, -751, 683, 68, -239, -219, 234, 141, 341, 268, 
961, 546, -414, -753, 688, 65, -244, -209, 234, 156, 341, 263, 
961, 546, -414, -753, 688, 65, -253, -214, 229, 156, 341, 263, 
966, 551, -414, -758, 690, 68, -258, -219, 229, 151, 341, 258, 
971, 556, -414, -763, 692, 70, -263, -224, 229, 151, 341, 258, 
956, 551, -405, -753, 680, 73, -278, -224, 224, 151, 336, 258, 
951, 541, -409, -746, 680, 65, -278, -224, 219, 151, 331, 253, 
941, 536, -405, -739, 673, 65, -278, -224, 219, 151, 331, 248, 
936, 536, -400, -736, 668, 68, -278, -224, 214, 151, 326, 244, 
1005, 556, -448, -780, 727, 53, -263, -204, 234, 151, 331, 263, 
985, 546, -439, -766, 712, 53, -263, -190, 244, 146, 341, 263, 
902, 463, -439, -683, 671, 12, -287, -200, 234, 126, 322, 234, 
883, 434, -448, -658, 666, -7, -278, -204, 224, 117, 292, 224, 
971, 512, -458, -741, 714, 26, -244, -180, 244, 141, 307, 219, 
1049, 605, -444, -827, 746, 80, -195, -131, 297, 170, 322, 234, 
1005, 590, -414, -797, 710, 87, -170, -117, 341, 180, 297, 214, 
936, 551, -385, -744, 661, 82, -151, -97, 385, 185, 258, 170, 
902, 570, -331, -736, 617, 119, -126, -82, 439, 200, 248, 141, 
873, 575, -297, -724, 585, 139, -126, -78, 497, 229, 268, 131, 
868, 605, -263, -736, 566, 170, -131, -73, 561, 287, 307, 156, 
897, 673, -224, -785, 561, 224, -141, -43, 649, 390, 385, 219, 
907, 732, -175, -819, 541, 278, -165, -34, 727, 536, 507, 312, 
946, 805, -141, -875, 544, 331, -219, -58, 795, 727, 683, 448, 
1010, 917, -92, -963, 551, 412, -307, -131, 814, 941, 917, 629, 
1063, 1034, -29, -1049, 546, 502, -424, -258, 814, 1156, 1176, 844, 
1122, 1156, 34, -1139, 544, 595, -570, -405, 785, 1376, 1439, 1073, 
1210, 1288, 78, -1249, 566, 683, -746, -585, 707, 1542, 1668, 1278, 
1293, 1395, 102, -1344, 595, 749, -907, -751, 580, 1649, 1839, 1454, 
1395, 1468, 73, -1432, 661, 771, -1039, -868, 409, 1664, 1966, 1600, 
1478, 1468, -9, -1473, 744, 729, -1141, -956, 170, 1537, 1971, 1664, 
1483, 1346, -136, -1415, 810, 605, -1180, -1019, -112, 1205, 1776, 1571, 
1449, 1107, -341, -1278, 895, 383, -1117, -1024, -380, 741, 1385, 1307, 
1395, 888, -507, -1141, 951, 190, -1024, -1024, -614, 302, 990, 1019, 
1327, 683, -644, -1005, 985, 19, -956, -1029, -834, -48, 673, 785, 
1298, 444, -854, -871, 1076, -204, -844, -936, -1005, -370, 400, 580, 
1307, 239, -1068, -773, 1188, -414, -692, -780, -1137, -663, 146, 400, 
1263, 78, -1185, -671, 1224, -553, -585, -663, -1249, -912, -73, 234, 
1263, -53, -1317, -605, 1290, -685, -531, -566, -1288, -1054, -219, 122, 
1322, -126, -1449, -597, 1385, -788, -488, -463, -1234, -1049, -253, 97, 
1342, -141, -1483, -600, 1412, -812, -483, -385, -1166, -995, -219, 107, 
1351, -73, -1424, -639, 1388, -749, -492, -361, -1073, -902, -170, 136, 
1381, 29, -1351, -705, 1366, -661, -473, -317, -927, -785, -92, 185, 
1361, 122, -1239, -741, 1300, -558, -448, -273, -771, -658, -24, 224, 
1293, 185, -1107, -739, 1200, -461, -444, -268, -639, -541, 39, 258, 
1224, 229, -995, -727, 1110, -383, -453, -278, -531, -444, 102, 283, 
1190, 263, -927, -727, 1058, -331, -439, -263, -424, -351, 161, 331, 
1200, 341, -858, -771, 1029, -258, -405, -234, -312, -248, 219, 361, 
1166, 385, -780, -775, 973, -197, -390, -239, -214, -195, 239, 346, 
1093, 395, -697, -744, 895, -151, -380, -248, -136, -151, 239, 322, 
1049, 429, -619, -739, 834, -95, -361, -248, -53, -102, 258, 307, 
1049, 473, -575, -761, 812, -51, -336, -234, 19, -53, 283, 317, 
1049, 483, -566, -766, 807, -41, -317, -244, 63, -24, 278, 297, 
1044, 483, -561, -763, 802, -39, -312, -253, 92, -4, 263, 258, 
1019, 473, -546, -746, 783, -36, -292, -253, 122, 19, 273, 248, 
971, 473, -497, -722, 734, -12, -258, -224, 141, 53, 297, 253, 
961, 492, -468, -727, 714, 12, -219, -200, 175, 87, 297, 253, 
985, 512, -473, -749, 729, 19, -209, -200, 190, 92, 283, 229, 
995, 502, -492, -749, 744, 4, -214, -190, 204, 87, 273, 219, 
956, 492, -463, -724, 710, 14, -195, -170, 224, 102, 283, 229, 
951, 488, -463, -719, 707, 12, -190, -156, 239, 117, 287, 229, 
946, 488, -458, -717, 702, 14, -190, -156, 244, 117, 292, 224, 
946, 497, -448, -722, 697, 24, -190, -151, 253, 117, 292, 219, 
956, 497, -458, -727, 707, 19, -190, -151, 263, 117, 297, 209, 
966, 483, -483, -724, 724, 0, -180, -151, 244, 117, 302, 195, 
966, 468, -497, -717, 732, -14, -190, -151, 244, 122, 297, 185, 
966, 463, -502, -714, 734, -19, -195, -151, 248, 122, 297, 185, 
966, 463, -502, -714, 734, -19, -195, -141, 258, 126, 307, 200, 
961, 468, -492, -714, 727, -12, -204, -146, 283, 131, 307, 209, 
961, 473, -488, -717, 724, -7, -204, -136, 283, 131, 307, 214, 
961, 478, -483, -719, 722, -2, -204, -131, 283, 126, 307, 214, 
956, 483, -473, -719, 714, 4, -204, -131, 283, 122, 302, 200, 
941, 478, -463, -710, 702, 7, -204, -136, 283, 131, 297, 200, 
946, 478, -468, -712, 707, 4, -204, -141, 283, 136, 297, 200, 
951, 478, -473, -714, 712, 2, -204, -151, 278, 141, 297, 200, 
956, 483, -473, -719, 714, 4, -204, -156, 278, 146, 302, 204, 
966, 502, -463, -734, 714, 19, -195, -131, 292, 161, 307, 219, 
956, 512, -444, -734, 700, 34, -195, -126, 297, 161, 312, 229, 
951, 522, -429, -736, 690, 46, -200, -131, 302, 161, 317, 239, 
951, 531, -419, -741, 685, 56, -200, -126, 317, 161, 322, 248, 
956, 531, -424, -744, 690, 53, -204, -122, 312, 151, 317, 244, 
951, 536, -414, -744, 683, 61, -200, -126, 307, 146, 317, 244, 
956, 541, -414, -749, 685, 63, -204, -131, 302, 146, 317, 244, 
976, 541, -434, -758, 705, 53, -209, -136, 292, 156, 317, 244, 
976, 531, -444, -753, 710, 43, -214, -136, 283, 156, 326, 239, 
976, 527, -448, -751, 712, 39, -219, -131, 283, 151, 326, 239, 
976, 517, -458, -746, 717, 29, -224, -131, 283, 151, 331, 248, 
976, 512, -463, -744, 719, 24, -224, -122, 292, 156, 331, 253, 
966, 507, -458, -736, 712, 24, -234, -126, 283, 146, 322, 253, 
980, 512, -468, -746, 724, 21, -234, -122, 283, 151, 326, 258, 
966, 512, -453, -739, 710, 29, -219, -122, 292, 151, 326, 258, 
966, 507, -458, -736, 712, 24, -214, -122, 292, 156, 331, 258, 
976, 517, -458, -746, 717, 29, -214, -122, 283, 156, 331, 263, 
980, 517, -463, -749, 722, 26, -219, -122, 283, 161, 331, 258, 
985, 512, -473, -749, 729, 19, -219, -122, 283, 161, 331, 258, 
985, 512, -473, -749, 729, 19, -224, -122, 283, 161, 331, 258, 
976, 502, -473, -739, 724, 14, -239, -126, 273, 146, 322, 258, 
976, 488, -488, -732, 732, 0, -244, -122, 273, 151, 322, 253, 
956, 468, -488, -712, 722, -9, -253, -126, 273, 146, 317, 248, 
936, 453, -483, -695, 710, -14, -258, -131, 268, 141, 312, 244, 
956, 468, -488, -712, 722, -9, -239, -122, 292, 156, 331, 253, 
966, 473, -492, -719, 729, -9, -234, -112, 292, 161, 336, 258, 
976, 478, -497, -727, 736, -9, -229, -107, 292, 161, 341, 258, 
990, 488, -502, -739, 746, -7, -224, -102, 292, 165, 346, 258, 
995, 488, -507, -741, 751, -9, -229, -87, 283, 170, 351, 258, 
990, 488, -502, -739, 746, -7, -229, -82, 287, 180, 351, 263, 
980, 488, -492, -734, 736, -2, -229, -78, 292, 180, 356, 263, 
976, 492, -483, -734, 729, 4, -229, -78, 297, 185, 361, 268, 
985, 502, -483, -744, 734, 9, -224, -78, 312, 175, 366, 278, 
985, 502, -483, -744, 734, 9, -219, -68, 322, 175, 366, 283, 
995, 512, -483, -753, 739, 14, -214, -63, 346, 190, 375, 292, 
995, 512, -483, -753, 739, 14, -209, -58, 346, 200, 370, 302, 
995, 512, -483, -753, 739, 14, -204, -53, 356, 214, 370, 302, 
1000, 512, -488, -756, 744, 12, -204, -53, 356, 219, 370, 297, 
1005, 517, -488, -761, 746, 14, -204, -53, 356, 224, 380, 302, 
1010, 517, -492, -763, 751, 12, -204, -53, 356, 224, 380, 297, 
995, 507, -488, -751, 741, 9, -195, -34, 366, 229, 375, 312, 
990, 502, -488, -746, 739, 7, -200, -29, 375, 229, 375, 312, 
985, 488, -497, -736, 741, -4, -209, -29, 375, 229, 375, 312, 
980, 483, -497, -732, 739, -7, -209, -29, 375, 234, 385, 312, 
985, 483, -502, -734, 744, -9, -195, -24, 380, 239, 400, 331, 
985, 478, -507, -732, 746, -14, -195, -19, 390, 248, 409, 336, 
990, 473, -517, -732, 753, -21, -195, -14, 400, 253, 414, 341, 
1000, 468, -531, -734, 766, -31, -195, -14, 405, 258, 414, 341, 
1019, 497, -522, -758, 771, -12, -185, 9, 424, 278, 424, 361, 
1044, 507, -536, -775, 790, -14, -180, 19, 424, 283, 429, 366, 
1078, 512, -566, -795, 822, -26, -180, 24, 419, 283, 429, 366, 
1098, 522, -575, -810, 836, -26, -175, 29, 414, 283, 434, 366, 
1083, 522, -561, -802, 822, -19, -175, 34, 424, 283, 429, 370, 
1078, 512, -566, -795, 822, -26, -161, 39, 429, 292, 439, 375, 
1078, 512, -566, -795, 822, -26, -175, 39, 434, 292, 444, 385, 
1083, 522, -561, -802, 822, -19, -175, 39, 444, 302, 453, 385, 
1083, 512, -570, -797, 827, -29, -175, 43, 434, 302, 463, 385, 
1078, 507, -570, -793, 824, -31, -185, 39, 434, 302, 463, 385, 
1078, 507, -570, -793, 824, -31, -185, 43, 444, 307, 463, 390, 
1078, 522, -556, -800, 817, -17, -185, 39, 444, 312, 463, 395, 
1063, 517, -546, -790, 805, -14, -200, 29, 434, 307, 458, 385, 
1058, 517, -541, -788, 800, -12, -204, 14, 434, 307, 458, 380, 
1058, 517, -541, -788, 800, -12, -209, 19, 434, 302, 458, 375, 
1058, 522, -536, -790, 797, -7, -209, 24, 434, 302, 463, 375, 
1068, 527, -541, -797, 805, -7, -209, 34, 448, 322, 483, 375, 
1068, 536, -531, -802, 800, 2, -209, 34, 448, 322, 483, 375, 
1078, 551, -527, -814, 802, 12, -209, 34, 453, 312, 483, 375, 
1078, 541, -536, -810, 807, 2, -214, 19, 453, 312, 478, 375, 
1073, 536, -536, -805, 805, 0, -204, 19, 448, 302, 468, 375, 
1073, 536, -536, -805, 805, 0, -200, 19, 448, 302, 478, 385, 
1078, 541, -536, -810, 807, 2, -200, 34, 448, 302, 478, 385, 
1078, 527, -551, -802, 814, -12, -200, 39, 439, 292, 468, 380, 
1078, 536, -541, -807, 810, -2, -195, 39, 444, 292, 478, 380, 
1078, 536, -541, -807, 810, -2, -195, 39, 434, 292, 478, 385, 
1078, 536, -541, -807, 810, -2, -195, 39, 439, 292, 478, 390, 
1078, 536, -541, -807, 810, -2, -195, 34, 439, 283, 473, 390, 
1088, 551, -536, -819, 812, 7, -195, 34, 434, 283, 478, 395, 
1088, 551, -536, -819, 812, 7, -195, 19, 429, 283, 468, 390, 
1088, 561, -527, -824, 807, 17, -204, 19, 424, 287, 468, 390, 
1088, 566, -522, -827, 805, 21, -195, 14, 424, 278, 473, 390, 
1078, 566, -512, -822, 795, 26, -204, 14, 414, 268, 468, 400, 
1073, 566, -507, -819, 790, 29, -214, 4, 405, 263, 458, 400, 
1073, 566, -507, -819, 790, 29, -214, -9, 390, 258, 453, 400, 
1068, 580, -488, -824, 778, 46, -214, -14, 385, 253, 444, 405, 
1063, 566, -497, -814, 780, 34, -214, -4, 390, 263, 458, 409, 
1049, 570, -478, -810, 763, 46, -219, -14, 385, 258, 453, 414, 
1049, 575, -473, -812, 761, 51, -219, -34, 375, 248, 448, 414, 
1049, 585, -463, -817, 756, 61, -219, -48, 375, 239, 453, 419, 
1054, 585, -468, -819, 761, 58, -224, -68, 361, 248, 453, 424, 
1044, 585, -458, -814, 751, 63, -229, -78, 351, 239, 448, 414, 
1044, 585, -458, -814, 751, 63, -234, -87, 336, 229, 439, 409, 
1039, 585, -453, -812, 746, 65, -234, -87, 331, 224, 434, 409, 
1010, 566, -444, -788, 727, 61, -244, -112, 322, 209, 424, 400, 
995, 546, -448, -771, 722, 48, -258, -126, 307, 200, 414, 380, 
980, 541, -439, -761, 710, 51, -263, -136, 292, 195, 409, 370, 
971, 546, -424, -758, 697, 61, -278, -136, 287, 195, 409, 366, 
990, 556, -434, -773, 712, 61, -253, -126, 297, 204, 419, 370, 
985, 561, -424, -773, 705, 68, -244, -126, 292, 195, 409, 366, 
995, 566, -429, -780, 712, 68, -239, -131, 292, 195, 405, 361, 
1019, 575, -444, -797, 732, 65, -229, -131, 287, 190, 400, 361, 
1005, 575, -429, -790, 717, 73, -244, -146, 268, 180, 375, 346, 
995, 541, -453, -768, 724, 43, -253, -151, 258, 165, 370, 326, 
976, 531, -444, -753, 710, 43, -258, -156, 244, 161, 366, 312, 
985, 536, -448, -761, 717, 43, -263, -156, 234, 156, 366, 302, 
1000, 546, -453, -773, 727, 46, -273, -165, 229, 151, 361, 292, 
1000, 546, -453, -773, 727, 46, -278, -165, 224, 151, 356, 287, 
990, 531, -458, -761, 724, 36, -278, -165, 224, 151, 351, 287, 
985, 527, -458, -756, 722, 34, -278, -165, 224, 151, 346, 287, 
980, 536, -444, -758, 712, 46, -287, -175, 214, 141, 346, 283, 
966, 536, -429, -751, 697, 53, -287, -175, 214, 131, 346, 278, 
961, 527, -434, -744, 697, 46, -297, -175, 200, 126, 336, 278, 
956, 527, -429, -741, 692, 48, -297, -175, 200, 126, 336, 273, 
946, 527, -419, -736, 683, 53, -297, -175, 190, 117, 331, 263, 
946, 522, -424, -734, 685, 48, -297, -180, 185, 112, 322, 253, 
951, 507, -444, -729, 697, 31, -302, -185, 175, 112, 317, 244, 
956, 502, -453, -729, 705, 24, -302, -185, 170, 112, 312, 239, 
951, 497, -453, -724, 702, 21, -297, -180, 161, 107, 302, 229, 
941, 488, -453, -714, 697, 17, -292, -180, 161, 97, 297, 224, 
927, 473, -453, -700, 690, 9, -302, -185, 161, 92, 297, 219, 
907, 458, -448, -683, 678, 4, -297, -180, 161, 87, 302, 219, 
927, 478, -448, -702, 688, 14, -287, -180, 151, 97, 317, 234, 
956, 502, -453, -729, 705, 24, -287, -175, 151, 97, 326, 248, 
976, 512, -463, -744, 719, 24, -287, -175, 161, 97, 331, 258, 
1000, 527, -473, -763, 736, 26, -287, -175, 161, 97, 331, 273, 
995, 536, -458, -766, 727, 39, -297, -180, 170, 112, 336, 268, 
976, 527, -448, -751, 712, 39, -302, -185, 165, 107, 341, 263, 
980, 527, -453, -753, 717, 36, -302, -195, 165, 107, 341, 253, 
995, 531, -463, -763, 729, 34, -302, -204, 165, 112, 346, 248, 
971, 527, -444, -749, 707, 41, -297, -209, 161, 107, 331, 229, 
956, 517, -439, -736, 697, 39, -297, -209, 161, 97, 322, 214, 
951, 502, -448, -727, 700, 26, -297, -214, 156, 92, 307, 200, 
946, 497, -448, -722, 697, 24, -302, -219, 156, 87, 297, 180, 
956, 522, -434, -739, 695, 43, -292, -229, 161, 92, 307, 180, 
961, 536, -424, -749, 692, 56, -287, -229, 165, 97, 312, 195, 
971, 551, -419, -761, 695, 65, -287, -224, 175, 102, 317, 214, 
971, 566, -405, -768, 688, 80, -283, -224, 180, 107, 322, 229, 
946, 551, -395, -749, 671, 78, -287, -239, 180, 102, 317, 219, 
927, 546, -380, -736, 653, 82, -292, -244, 180, 102, 317, 219, 
941, 541, -400, -741, 671, 70, -287, -248, 180, 102, 317, 219, 
941, 536, -405, -739, 673, 65, -283, -248, 185, 102, 322, 219, 
941, 541, -400, -741, 671, 70, -297, -248, 185, 107, 331, 209, 
941, 541, -400, -741, 671, 70, -307, -248, 185, 112, 331, 200, 
941, 546, -395, -744, 668, 75, -312, -258, 185, 112, 326, 195, 
941, 551, -390, -746, 666, 80, -317, -263, 185, 112, 326, 190, 
951, 556, -395, -753, 673, 80, -297, -253, 190, 117, 331, 195, 
956, 551, -405, -753, 680, 73, -287, -244, 195, 122, 336, 190, 
961, 566, -395, -763, 678, 85, -273, -234, 204, 131, 346, 204, 
980, 570, -409, -775, 695, 80, -258, -219, 209, 136, 356, 214, 
990, 566, -424, -778, 707, 70, -268, -219, 209, 126, 356, 204, 
990, 561, -429, -775, 710, 65, -268, -219, 209, 126, 356, 204, 
990, 556, -434, -773, 712, 61, -268, -219, 209, 126, 361, 204, 
1000, 561, -439, -780, 719, 61, -263, -219, 209, 131, 361, 204, 
995, 546, -448, -771, 722, 48, -263, -219, 204, 126, 351, 200, 
971, 527, -444, -749, 707, 41, -263, -219, 200, 122, 341, 195, 
966, 522, -444, -744, 705, 39, -263, -219, 200, 117, 331, 195, 
956, 517, -439, -736, 697, 39, -253, -219, 200, 107, 326, 204, 
941, 527, -414, -734, 678, 56, -244, -200, 200, 117, 346, 224, 
936, 517, -419, -727, 678, 48, -239, -195, 200, 117, 346, 229, 
932, 502, -429, -717, 680, 36, -239, -190, 200, 107, 341, 229, 
927, 502, -424, -714, 675, 39, -239, -185, 200, 107, 341, 234, 
956, 512, -444, -734, 700, 34, -234, -165, 190, 102, 341, 234, 
976, 517, -458, -746, 717, 29, -229, -156, 190, 107, 336, 239, 
971, 517, -453, -744, 712, 31, -229, -165, 185, 107, 326, 239, 
951, 512, -439, -732, 695, 36, -224, -165, 185, 107, 322, 239, 
961, 502, -458, -732, 710, 21, -200, -156, 204, 117, 331, 248, 
966, 522, -444, -744, 705, 39, -185, -151, 209, 117, 331, 268, 
961, 502, -458, -732, 710, 21, -185, -151, 214, 117, 331, 263, 
941, 502, -439, -722, 690, 31, -185, -151, 214, 117, 331, 268, 
976, 522, -453, -749, 714, 34, -175, -136, 219, 117, 341, 278, 
990, 522, -468, -756, 729, 26, -170, -136, 219, 117, 341, 283, 
976, 517, -458, -746, 717, 29, -165, -136, 219, 122, 341, 287, 
956, 517, -439, -736, 697, 39, -156, -136, 219, 122, 341, 297, 
956, 517, -439, -736, 697, 39, -165, -117, 224, 126, 341, 312, 
995, 536, -458, -766, 727, 39, -151, -117, 234, 126, 341, 322, 
1015, 566, -448, -790, 732, 58, -136, -107, 244, 146, 351, 341, 
1000, 551, -448, -775, 724, 51, -146, -107, 244, 141, 341, 341, 
985, 536, -448, -761, 717, 43, -146, -107, 244, 136, 341, 341, 
971, 522, -448, -746, 710, 36, -146, -107, 244, 131, 341, 341, 
956, 507, -448, -732, 702, 29, -146, -107, 244, 126, 341, 341, 
932, 488, -444, -710, 688, 21, -161, -112, 239, 117, 336, 326, 
922, 483, -439, -702, 680, 21, -165, -122, 234, 117, 336, 322, 
917, 478, -439, -697, 678, 19, -170, -126, 229, 122, 336, 317, 
927, 478, -448, -702, 688, 14, -175, -131, 219, 122, 341, 317, 
946, 492, -453, -719, 700, 19, -180, -122, 229, 136, 346, 331, 
951, 497, -453, -724, 702, 21, -190, -131, 234, 136, 346, 322, 
971, 502, -468, -736, 719, 17, -195, -141, 239, 131, 351, 326, 
995, 527, -468, -761, 732, 29, -200, -141, 244, 146, 356, 331, 
1000, 527, -473, -763, 736, 26, -195, -126, 234, 136, 366, 326, 
990, 531, -458, -761, 724, 36, -185, -126, 234, 131, 366, 326, 
990, 527, -463, -758, 727, 31, -180, -122, 234, 131, 366, 326, 
1000, 522, -478, -761, 739, 21, -175, -122, 234, 136, 366, 326, 
1000, 522, -478, -761, 739, 21, -185, -122, 224, 136, 356, 336, 
1000, 512, -488, -756, 744, 12, -190, -126, 224, 136, 356, 336, 
990, 507, -483, -749, 736, 12, -190, -126, 224, 136, 356, 336, 
990, 507, -483, -749, 736, 12, -190, -126, 224, 136, 356, 331, 
990, 502, -488, -746, 739, 7, -200, -117, 214, 136, 361, 322, 
990, 502, -488, -746, 739, 7, -200, -117, 214, 136, 361, 322, 
985, 502, -483, -744, 734, 9, -200, -122, 214, 136, 366, 322, 
985, 502, -483, -744, 734, 9, -200, -122, 214, 136, 370, 322, 
976, 502, -473, -739, 724, 14, -209, -126, 204, 122, 356, 307, 
980, 507, -473, -744, 727, 17, -204, -126, 204, 122, 351, 307, 
1000, 512, -488, -756, 744, 12, -204, -126, 200, 126, 346, 302, 
990, 512, -478, -751, 734, 17, -204, -126, 200, 126, 331, 297, 
976, 512, -463, -744, 719, 24, -195, -122, 209, 126, 341, 302, 
976, 512, -463, -744, 719, 24, -195, -122, 209, 126, 341, 302, 
976, 497, -478, -736, 727, 9, -195, -117, 204, 126, 341, 297, 
980, 497, -483, -739, 732, 7, -195, -112, 204, 126, 341, 297, 
990, 522, -468, -756, 729, 26, -180, -107, 214, 131, 356, 302, 
1000, 522, -478, -761, 739, 21, -180, -107, 219, 136, 356, 307, 
1000, 522, -478, -761, 739, 21, -185, -112, 224, 136, 356, 307, 
1024, 522, -502, -773, 763, 9, -185, -112, 224, 141, 356, 302, 
1005, 522, -483, -763, 744, 19, -190, -126, 224, 136, 351, 292, 
990, 517, -473, -753, 732, 21, -195, -136, 224, 136, 346, 292, 
976, 507, -468, -741, 722, 19, -200, -151, 224, 136, 341, 292, 
966, 502, -463, -734, 714, 19, -204, -161, 224, 136, 336, 292, 
980, 522, -458, -751, 719, 31, -214, -161, 224, 136, 336, 287, 
980, 517, -463, -749, 722, 26, -209, -165, 224, 136, 336, 287, 
971, 507, -463, -739, 717, 21, -209, -170, 224, 136, 336, 287, 
971, 512, -458, -741, 714, 26, -209, -180, 224, 136, 336, 287, 
980, 517, -463, -749, 722, 26, -219, -190, 219, 126, 336, 297, 
976, 522, -453, -749, 714, 34, -219, -195, 214, 117, 331, 297, 
976, 527, -448, -751, 712, 39, -219, -195, 209, 126, 331, 302, 
990, 536, -453, -763, 722, 41, -209, -190, 204, 126, 336, 302, 
985, 522, -463, -753, 724, 29, -219, -195, 204, 122, 336, 307, 
980, 517, -463, -749, 722, 26, -219, -200, 204, 122, 336, 312, 
976, 517, -458, -746, 717, 29, -219, -204, 209, 126, 336, 317, 
961, 512, -448, -736, 705, 31, -219, -204, 209, 136, 341, 326, 
956, 488, -468, -722, 712, 9, -219, -219, 204, 112, 331, 317, 
961, 483, -478, -722, 719, 2, -224, -224, 200, 107, 326, 317, 
956, 478, -478, -717, 717, 0, -229, -229, 195, 102, 326, 317, 
932, 468, -463, -700, 697, 2, -224, -234, 190, 97, 326, 317, 
951, 492, -458, -722, 705, 17, -209, -229, 200, 97, 322, 326, 
976, 512, -463, -744, 719, 24, -209, -224, 200, 102, 322, 326, 
995, 527, -468, -761, 732, 29, -209, -219, 200, 107, 322, 322, 
1015, 536, -478, -775, 746, 29, -204, -214, 195, 107, 322, 322, 
1005, 522, -483, -763, 744, 19, -190, -219, 195, 97, 322, 317, 
995, 517, -478, -756, 736, 19, -190, -219, 195, 97, 322, 317, 
985, 517, -468, -751, 727, 24, -190, -219, 200, 102, 322, 317, 
990, 517, -473, -753, 732, 21, -185, -219, 200, 102, 322, 317, 
980, 502, -478, -741, 729, 12, -170, -219, 190, 102, 317, 312, 
971, 488, -483, -729, 727, 2, -170, -214, 185, 97, 317, 312, 
956, 473, -483, -714, 719, -4, -165, -209, 180, 97, 317, 312, 
941, 458, -483, -700, 712, -12, -161, -204, 180, 102, 317, 312, 
941, 458, -483, -700, 712, -12, -165, -214, 180, 97, 302, 302, 
946, 458, -488, -702, 717, -14, -165, -214, 180, 92, 302, 297, 
951, 463, -488, -707, 719, -12, -165, -214, 180, 87, 302, 292, 
956, 463, -492, -710, 724, -14, -165, -209, 180, 82, 307, 287, 
951, 473, -478, -712, 714, -2, -156, -209, 190, 87, 317, 302, 
956, 478, -478, -717, 717, 0, -151, -214, 190, 87, 317, 307, 
980, 483, -497, -732, 739, -7, -146, -214, 185, 87, 307, 307, 
1000, 483, -517, -741, 758, -17, -141, -219, 180, 82, 307, 312, 
971, 468, -502, -719, 736, -17, -126, -214, 190, 82, 307, 312, 
966, 468, -497, -717, 732, -14, -122, -200, 195, 82, 302, 307, 
956, 468, -488, -712, 722, -9, -117, -195, 195, 87, 297, 307, 
951, 468, -483, -710, 717, -7, -117, -195, 190, 87, 292, 302, 
946, 478, -468, -712, 707, 4, -112, -195, 195, 82, 302, 302, 
951, 488, -463, -719, 707, 12, -107, -195, 200, 82, 302, 307, 
951, 492, -458, -722, 705, 17, -107, -190, 204, 82, 302, 317, 
951, 492, -458, -722, 705, 17, -102, -185, 209, 82, 302, 322, 
956, 483, -473, -719, 714, 4, -102, -185, 204, 92, 297, 322, 
956, 488, -468, -722, 712, 9, -102, -185, 204, 92, 297, 322, 
956, 488, -468, -722, 712, 9, -107, -185, 204, 92, 292, 322, 
956, 478, -478, -717, 717, 0, -107, -180, 195, 87, 292, 322, 
971, 522, -448, -746, 710, 36, -92, -170, 214, 97, 302, 331, 
971, 492, -478, -732, 724, 7, -82, -156, 224, 97, 302, 322, 
941, 483, -458, -712, 700, 12, -58, -131, 244, 92, 297, 317, 
941, 488, -453, -714, 697, 17, -39, -112, 268, 92, 273, 302, 
936, 473, -463, -705, 700, 4, -24, -107, 283, 82, 258, 273, 
878, 453, -424, -666, 651, 14, -4, -87, 326, 78, 239, 258, 
854, 483, -370, -668, 612, 56, 19, -73, 390, 102, 239, 248, 
854, 527, -326, -690, 590, 100, 29, -68, 439, 141, 248, 239, 
868, 575, -292, -722, 580, 141, 43, -43, 522, 219, 287, 244, 
917, 653, -263, -785, 590, 195, 63, -4, 619, 331, 356, 297, 
927, 683, -244, -805, 585, 219, 39, 14, 688, 448, 458, 370, 
966, 736, -229, -851, 597, 253, -4, 19, 756, 619, 605, 488, 
1058, 868, -190, -963, 624, 339, -73, -4, 814, 824, 829, 668, 
1102, 985, -117, -1044, 610, 434, -200, -131, 805, 1029, 1068, 883, 
1171, 1098, -73, -1134, 622, 512, -346, -287, 775, 1229, 1332, 1102, 
1288, 1249, -39, -1268, 663, 605, -512, -458, 736, 1424, 1581, 1327, 
1381, 1356, -24, -1368, 702, 666, -683, -644, 629, 1551, 1781, 1532, 
1424, 1410, -14, -1417, 719, 697, -844, -819, 448, 1586, 1908, 1668, 
1468, 1410, -58, -1439, 763, 675, -985, -936, 190, 1468, 1922, 1732, 
1493, 1307, -185, -1400, 839, 561, -1063, -1019, -102, 1166, 1756, 1659, 
1498, 1098, -400, -1298, 949, 348, -1049, -1063, -380, 722, 1395, 1424, 
1464, 888, -575, -1176, 1019, 156, -976, -1073, -624, 244, 971, 1127, 
1415, 712, -702, -1063, 1058, 4, -917, -1078, -854, -156, 644, 893, 
1395, 483, -912, -939, 1154, -214, -824, -1024, -1063, -497, 370, 678, 
1385, 239, -1146, -812, 1266, -453, -673, -878, -1224, -800, 107, 468, 
1342, 78, -1263, -710, 1302, -592, -536, -751, -1327, -1039, -92, 322, 
1332, -24, -1356, -653, 1344, -690, -453, -634, -1346, -1151, -219, 219, 
1332, -136, -1468, -597, 1400, -802, -409, -522, -1312, -1166, -292, 146, 
1293, -229, -1522, -531, 1407, -875, -395, -453, -1263, -1141, -326, 107, 
1312, -180, -1493, -566, 1403, -836, -405, -390, -1180, -1049, -287, 126, 
1381, -39, -1420, -671, 1400, -729, -395, -317, -1024, -912, -200, 195, 
1351, 43, -1307, -697, 1329, -631, -380, -273, -858, -785, -122, 244, 
1293, 107, -1185, -700, 1239, -539, -375, -248, -717, -678, -48, 297, 
1302, 219, -1083, -761, 1193, -431, -375, -248, -590, -561, 24, 341, 
1249, 224, -1024, -736, 1137, -400, -390, -273, -502, -488, 73, 370, 
1122, 195, -927, -658, 1024, -366, -405, -292, -419, -434, 112, 380, 
1127, 287, -839, -707, 983, -275, -370, -278, -302, -341, 161, 395, 
1112, 346, -766, -729, 939, -209, -331, -268, -195, -248, 200, 400, 
1039, 341, -697, -690, 868, -178, -312, -278, -131, -209, 190, 366, 
1039, 375, -663, -707, 851, -143, -297, -283, -68, -170, 185, 336, 
1068, 414, -653, -741, 861, -119, -278, -273, -24, -141, 190, 326, 
1034, 424, -610, -729, 822, -92, -253, -244, 14, -112, 195, 326, 
1039, 453, -585, -746, 812, -65, -224, -214, 63, -68, 234, 336, 
1068, 483, -585, -775, 827, -51, -209, -204, 102, -43, 258, 341, 
1019, 463, -556, -741, 788, -46, -209, -219, 107, -29, 258, 331, 
985, 463, -522, -724, 753, -29, -200, -209, 131, -4, 273, 346, 
1044, 531, -512, -788, 778, 9, -165, -180, 185, 39, 302, 375, 
1034, 522, -512, -778, 773, 4, -156, -170, 204, 53, 312, 366, 
1010, 502, -507, -756, 758, -2, -151, -170, 204, 63, 302, 356, 
995, 488, -507, -741, 751, -9, -151, -175, 204, 58, 292, 341, 
985, 483, -502, -734, 744, -9, -151, -175, 209, 53, 278, 326, 
985, 468, -517, -727, 751, -24, -151, -180, 214, 48, 268, 307, 
990, 468, -522, -729, 756, -26, -141, -170, 214, 43, 263, 297, 
995, 458, -536, -727, 766, -39, -151, -170, 214, 43, 258, 292, 
1000, 458, -541, -729, 771, -41, -156, -170, 219, 39, 258, 297, 
1005, 463, -541, -734, 773, -39, -156, -161, 229, 39, 268, 317, 
985, 458, -527, -722, 756, -34, -146, -156, 244, 48, 278, 307, 
980, 453, -527, -717, 753, -36, -146, -146, 244, 53, 278, 312, 
976, 448, -527, -712, 751, -39, -146, -141, 244, 53, 278, 312, 
966, 444, -522, -705, 744, -39, -146, -141, 244, 53, 273, 297, 
961, 439, -522, -700, 741, -41, -141, -126, 253, 43, 268, 278, 
976, 439, -536, -707, 756, -48, -136, -122, 253, 48, 268, 278, 
990, 439, -551, -714, 771, -56, -131, -122, 248, 53, 268, 278, 
1005, 444, -561, -724, 783, -58, -126, -117, 248, 58, 273, 283, 
1015, 434, -580, -724, 797, -73, -117, -117, 248, 48, 263, 287, 
1005, 434, -570, -719, 788, -68, -117, -117, 248, 43, 263, 287, 
1000, 434, -566, -717, 783, -65, -122, -126, 248, 39, 263, 287, 
1000, 434, -566, -717, 783, -65, -122, -126, 258, 34, 263, 287, 
990, 419, -570, -705, 780, -75, -117, -107, 248, 43, 263, 287, 
980, 419, -561, -700, 771, -70, -102, -107, 248, 39, 258, 283, 
980, 419, -561, -700, 771, -70, -97, -107, 248, 39, 253, 278, 
995, 414, -580, -705, 788, -82, -92, -107, 244, 48, 248, 273, 
980, 400, -580, -690, 780, -90, -87, -97, 229, 34, 239, 278, 
976, 400, -575, -688, 775, -87, -82, -92, 224, 24, 239, 278, 
971, 395, -575, -683, 773, -90, -78, -92, 219, 19, 244, 287, 
966, 395, -570, -680, 768, -87, -68, -82, 224, 19, 244, 292, 
976, 390, -585, -683, 780, -97, -58, -92, 239, 24, 244, 292, 
990, 395, -595, -692, 793, -100, -58, -82, 244, 34, 248, 297, 
976, 395, -580, -685, 778, -92, -43, -78, 258, 39, 248, 297, 
976, 390, -585, -683, 780, -97, -39, -73, 263, 48, 253, 297, 
985, 405, -580, -695, 783, -87, -34, -68, 273, 39, 253, 297, 
990, 409, -580, -700, 785, -85, -34, -63, 273, 43, 253, 297, 
995, 409, -585, -702, 790, -87, -29, -58, 273, 43, 253, 302, 
995, 414, -580, -705, 788, -82, -29, -53, 273, 43, 253, 307, 
990, 414, -575, -702, 783, -80, -29, -58, 273, 34, 248, 302, 
995, 409, -585, -702, 790, -87, -29, -53, 273, 43, 253, 302, 
980, 400, -580, -690, 780, -90, -34, -58, 273, 43, 253, 302, 
966, 395, -570, -680, 768, -87, -34, -63, 268, 43, 253, 302, 
980, 400, -580, -690, 780, -90, -19, -43, 287, 58, 268, 307, 
985, 405, -580, -695, 783, -87, -19, -34, 292, 63, 268, 307, 
990, 409, -580, -700, 785, -85, -19, -29, 297, 63, 268, 302, 
1000, 419, -580, -710, 790, -80, -19, -24, 302, 68, 268, 297, 
1019, 419, -600, -719, 810, -90, -34, -24, 302, 68, 263, 292, 
1019, 419, -600, -719, 810, -90, -34, -24, 307, 73, 263, 292, 
1015, 419, -595, -717, 805, -87, -34, -24, 312, 68, 268, 287, 
1015, 424, -590, -719, 802, -82, -34, -29, 317, 68, 273, 287, 
995, 414, -580, -705, 788, -82, -34, -19, 312, 73, 273, 287, 
985, 414, -570, -700, 778, -78, -34, -9, 322, 78, 278, 292, 
985, 424, -561, -705, 773, -68, -34, -4, 346, 97, 292, 302, 
976, 424, -551, -700, 763, -63, -34, 0, 346, 112, 292, 312, 
990, 434, -556, -712, 773, -61, -24, 19, 356, 107, 302, 307, 
1000, 434, -566, -717, 783, -65, -29, 24, 356, 112, 302, 307, 
1010, 439, -570, -724, 790, -65, -34, 29, 356, 117, 312, 317, 
1019, 439, -580, -729, 800, -70, -39, 34, 356, 117, 312, 317, 
1024, 444, -580, -734, 802, -68, -29, 48, 366, 131, 326, 341, 
1029, 444, -585, -736, 807, -70, -34, 58, 375, 131, 326, 341, 
1034, 434, -600, -734, 817, -82, -43, 63, 375, 131, 326, 341, 
1039, 434, -605, -736, 822, -85, -43, 68, 375, 136, 336, 341, 
1039, 434, -605, -736, 822, -85, -53, 68, 370, 146, 326, 341, 
1034, 429, -605, -732, 819, -87, -58, 68, 380, 151, 331, 346, 
1034, 424, -610, -729, 822, -92, -63, 68, 390, 151, 331, 351, 
1039, 419, -619, -729, 829, -100, -68, 63, 395, 151, 326, 351, 
1039, 444, -595, -741, 817, -75, -82, 53, 395, 161, 341, 380, 
1044, 448, -595, -746, 819, -73, -92, 48, 395, 165, 351, 385, 
1058, 448, -610, -753, 834, -80, -107, 39, 390, 165, 356, 385, 
1058, 453, -605, -756, 832, -75, -117, 29, 385, 165, 366, 385, 
1044, 468, -575, -756, 810, -53, -126, 19, 390, 185, 370, 400, 
1039, 463, -575, -751, 807, -56, -122, 9, 400, 195, 380, 405, 
1039, 468, -570, -753, 805, -51, -146, -4, 409, 195, 385, 414, 
1044, 483, -561, -763, 802, -39, -156, -19, 424, 204, 395, 414, 
1049, 497, -551, -773, 800, -26, -170, -19, 424, 204, 405, 414, 
1049, 497, -551, -773, 800, -26, -185, -19, 424, 204, 405, 414, 
1054, 502, -551, -778, 802, -24, -190, -9, 434, 209, 405, 419, 
1058, 522, -536, -790, 797, -7, -195, -9, 434, 214, 405, 424, 
1063, 522, -541, -793, 802, -9, -204, -9, 448, 234, 424, 434, 
1068, 517, -551, -793, 810, -17, -204, -14, 453, 239, 429, 439, 
1078, 512, -566, -795, 822, -26, -204, 0, 458, 239, 434, 444, 
1088, 512, -575, -800, 832, -31, -200, 14, 463, 244, 444, 453, 
1083, 522, -561, -802, 822, -19, -204, 9, 468, 253, 448, 448, 
1078, 527, -551, -802, 814, -12, -209, 4, 468, 253, 444, 444, 
1083, 536, -546, -810, 814, -4, -214, 0, 473, 244, 439, 439, 
1078, 522, -556, -800, 817, -17, -224, -19, 473, 244, 429, 434, 
1083, 536, -546, -810, 814, -4, -229, -19, 468, 244, 429, 434, 
1083, 546, -536, -814, 810, 4, -229, -19, 468, 244, 439, 444, 
1088, 561, -527, -824, 807, 17, -234, -4, 468, 244, 439, 444, 
1088, 556, -531, -822, 810, 12, -239, 0, 458, 234, 429, 439, 
1093, 561, -531, -827, 812, 14, -244, -4, 458, 229, 434, 448, 
1098, 566, -531, -832, 814, 17, -244, -9, 453, 234, 439, 453, 
1102, 570, -531, -836, 817, 19, -244, -14, 463, 239, 444, 458, 
1107, 575, -531, -841, 819, 21, -244, -24, 468, 234, 444, 458, 
1098, 575, -522, -836, 810, 26, -258, -34, 458, 219, 429, 444, 
1098, 570, -527, -834, 812, 21, -263, -48, 448, 214, 419, 439, 
1098, 575, -522, -836, 810, 26, -278, -48, 439, 214, 419, 439, 
1098, 575, -522, -836, 810, 26, -273, -53, 434, 200, 424, 439, 
1098, 570, -527, -834, 812, 21, -273, -43, 424, 190, 424, 448, 
1093, 566, -527, -829, 810, 19, -283, -53, 414, 185, 419, 448, 
1093, 561, -531, -827, 812, 14, -283, -68, 400, 180, 419, 448, 
1088, 570, -517, -829, 802, 26, -283, -73, 395, 175, 414, 453, 
1073, 541, -531, -807, 802, 4, -278, -63, 400, 175, 405, 444, 
1058, 541, -517, -800, 788, 12, -278, -73, 395, 170, 395, 444, 
1058, 541, -517, -800, 788, 12, -273, -92, 385, 161, 385, 439, 
1058, 546, -512, -802, 785, 17, -268, -107, 385, 151, 385, 439, 
1049, 546, -502, -797, 775, 21, -253, -107, 390, 156, 390, 444, 
1034, 546, -488, -790, 761, 29, -248, -107, 380, 151, 390, 434, 
1029, 546, -483, -788, 756, 31, -244, -107, 366, 146, 385, 429, 
1019, 546, -473, -783, 746, 36, -234, -97, 361, 146, 385, 429, 
1000, 536, -463, -768, 732, 36, -239, -122, 346, 122, 370, 419, 
995, 517, -478, -756, 736, 19, -239, -136, 336, 112, 356, 400, 
990, 512, -478, -751, 734, 17, -229, -146, 326, 107, 346, 390, 
990, 517, -473, -753, 732, 21, -229, -146, 326, 107, 341, 385, 
995, 527, -468, -761, 732, 29, -214, -136, 317, 107, 331, 375, 
985, 522, -463, -753, 724, 29, -214, -136, 312, 97, 322, 366, 
990, 517, -473, -753, 732, 21, -219, -141, 312, 97, 317, 356, 
1010, 517, -492, -763, 751, 12, -219, -141, 307, 92, 312, 351, 
1000, 522, -478, -761, 739, 21, -209, -141, 312, 78, 302, 356, 
995, 492, -502, -744, 749, -4, -214, -141, 307, 68, 302, 346, 
980, 488, -492, -734, 736, -2, -214, -141, 297, 68, 302, 341, 
995, 497, -497, -746, 746, 0, -214, -136, 292, 68, 307, 341, 
990, 492, -497, -741, 744, -2, -204, -136, 287, 53, 292, 336, 
990, 488, -502, -739, 746, -7, -209, -136, 283, 53, 287, 326, 
980, 468, -512, -724, 746, -21, -209, -136, 283, 53, 283, 322, 
976, 458, -517, -717, 746, -29, -209, -136, 283, 53, 278, 317, 
976, 458, -517, -717, 746, -29, -204, -122, 283, 53, 287, 302, 
966, 458, -507, -712, 736, -24, -200, -117, 283, 43, 287, 297, 
966, 448, -517, -707, 741, -34, -204, -112, 268, 39, 278, 297, 
966, 448, -517, -707, 741, -34, -200, -107, 268, 39, 278, 292, 
976, 468, -507, -722, 741, -19, -200, -107, 287, 43, 287, 302, 
976, 473, -502, -724, 739, -14, -200, -112, 292, 43, 283, 302, 
980, 468, -512, -724, 746, -21, -204, -117, 292, 48, 283, 302, 
985, 473, -512, -729, 749, -19, -204, -117, 297, 53, 283, 307, 
980, 468, -512, -724, 746, -21, -204, -102, 292, 48, 278, 297, 
980, 468, -512, -724, 746, -21, -204, -102, 287, 39, 268, 292, 
976, 463, -512, -719, 744, -24, -219, -107, 283, 34, 263, 287, 
966, 458, -507, -712, 736, -24, -219, -102, 278, 29, 263, 287, 
980, 458, -522, -719, 751, -31, -209, -87, 268, 39, 263, 278, 
995, 473, -522, -734, 758, -24, -209, -78, 268, 39, 268, 278, 
1000, 473, -527, -736, 763, -26, -209, -73, 278, 39, 268, 273, 
1010, 478, -531, -744, 771, -26, -209, -68, 278, 39, 263, 273, 
1019, 483, -536, -751, 778, -26, -219, -78, 278, 48, 263, 273, 
1005, 478, -527, -741, 766, -24, -224, -78, 273, 39, 263, 273, 
1015, 483, -531, -749, 773, -24, -224, -82, 273, 34, 258, 268, 
1034, 492, -541, -763, 788, -24, -224, -87, 273, 34, 258, 268, 
995, 444, -551, -719, 773, -53, -239, -107, 258, 29, 253, 258, 
1015, 458, -556, -736, 785, -48, -229, -102, 258, 29, 263, 263, 
1044, 478, -566, -761, 805, -43, -219, -102, 253, 14, 268, 258, 
1034, 468, -566, -751, 800, -48, -214, -112, 253, 9, 258, 258, 
1015, 439, -575, -727, 795, -68, -224, -136, 244, 0, 244, 244, 
1010, 439, -570, -724, 790, -65, -214, -136, 244, 0, 234, 244, 
1005, 439, -566, -722, 785, -63, -214, -136, 244, 0, 234, 244, 
1000, 439, -561, -719, 780, -61, -214, -136, 244, 0, 234, 244, 
995, 439, -556, -717, 775, -58, -214, -136, 244, 0, 234, 244, 
976, 424, -551, -700, 763, -63, -224, -151, 244, -19, 229, 234, 
971, 424, -546, -697, 758, -61, -224, -161, 244, -19, 229, 234, 
971, 424, -546, -697, 758, -61, -224, -165, 244, -14, 229, 234, 
985, 429, -556, -707, 771, -63, -224, -170, 239, -14, 234, 239, 
985, 439, -546, -712, 766, -53, -214, -161, 248, 0, 248, 253, 
971, 439, -531, -705, 751, -46, -219, -170, 253, 0, 248, 244, 
971, 439, -531, -705, 751, -46, -219, -180, 258, -4, 253, 248, 
976, 458, -517, -717, 746, -29, -219, -180, 263, 9, 258, 253, 
980, 468, -512, -724, 746, -21, -224, -185, 253, 19, 258, 258, 
971, 483, -488, -727, 729, -2, -224, -185, 253, 14, 258, 258, 
971, 488, -483, -729, 727, 2, -229, -180, 253, 14, 258, 258, 
980, 492, -488, -736, 734, 2, -234, -180, 253, 19, 258, 258, 
971, 488, -483, -729, 727, 2, -244, -190, 253, 14, 258, 248, 
971, 473, -497, -722, 734, -12, -248, -195, 253, 9, 258, 248, 
961, 463, -497, -712, 729, -17, -248, -195, 253, 4, 258, 248, 
961, 458, -502, -710, 732, -21, -248, -195, 253, 0, 258, 244, 
976, 468, -507, -722, 741, -19, -244, -195, 253, 4, 263, 248, 
980, 473, -507, -727, 744, -17, -239, -195, 253, 9, 263, 253, 
980, 478, -502, -729, 741, -12, -234, -200, 253, 14, 268, 258, 
985, 483, -502, -734, 744, -9, -229, -200, 253, 19, 273, 263, 
971, 473, -497, -722, 734, -12, -239, -200, 263, 4, 273, 253, 
971, 478, -492, -724, 732, -7, -234, -204, 263, 4, 273, 258, 
985, 483, -502, -734, 744, -9, -234, -209, 258, 9, 273, 258, 
971, 483, -488, -727, 729, -2, -234, -214, 258, 9, 263, 258, 
976, 492, -483, -734, 729, 4, -224, -214, 258, 19, 273, 258, 
976, 492, -483, -734, 729, 4, -224, -219, 258, 19, 273, 263, 
976, 478, -497, -727, 736, -9, -224, -219, 253, 19, 273, 263, 
980, 478, -502, -729, 741, -12, -224, -219, 253, 19, 273, 268, 
990, 507, -483, -749, 736, 12, -209, -214, 258, 19, 278, 273, 
990, 512, -478, -751, 734, 17, -209, -214, 258, 19, 278, 278, 
980, 517, -463, -749, 722, 26, -214, -219, 258, 14, 278, 278, 
995, 522, -473, -758, 734, 24, -214, -219, 253, 14, 278, 273, 
985, 522, -463, -753, 724, 29, -204, -224, 263, 9, 268, 283, 
980, 517, -463, -749, 722, 26, -204, -224, 263, 9, 268, 283, 
976, 507, -468, -741, 722, 19, -204, -229, 263, 9, 268, 283, 
976, 502, -473, -739, 724, 14, -204, -229, 263, 9, 268, 283, 
966, 512, -453, -739, 710, 29, -200, -214, 263, 19, 278, 292, 
961, 497, -463, -729, 712, 17, -190, -214, 263, 19, 278, 297, 
946, 478, -468, -712, 707, 4, -185, -214, 263, 19, 278, 302, 
941, 473, -468, -707, 705, 2, -180, -219, 263, 19, 278, 307, 
941, 463, -478, -702, 710, -7, -190, -229, 263, 9, 268, 297, 
936, 463, -473, -700, 705, -4, -190, -234, 263, 0, 263, 297, 
936, 463, -473, -700, 705, -4, -190, -234, 263, 9, 263, 302, 
951, 468, -483, -710, 717, -7, -180, -229, 263, 9, 268, 302, 
951, 473, -478, -712, 714, -2, -170, -224, 273, 9, 278, 312, 
951, 478, -473, -714, 712, 2, -170, -219, 273, 14, 278, 312, 
951, 488, -463, -719, 707, 12, -170, -214, 278, 24, 278, 312, 
941, 492, -448, -717, 695, 21, -170, -204, 278, 39, 283, 317, 
946, 497, -448, -722, 697, 24, -156, -195, 287, 29, 283, 307, 
961, 502, -458, -732, 710, 21, -156, -195, 287, 29, 278, 307, 
966, 507, -458, -736, 712, 24, -156, -195, 287, 29, 278, 307, 
951, 507, -444, -729, 697, 31, -146, -195, 287, 29, 278, 307, 
941, 492, -448, -717, 695, 21, -131, -190, 297, 34, 283, 297, 
946, 492, -453, -719, 700, 19, -131, -185, 297, 34, 283, 297, 
946, 488, -458, -717, 702, 14, -131, -180, 297, 34, 283, 292, 
946, 478, -468, -712, 707, 4, -126, -175, 292, 29, 283, 292, 
956, 468, -488, -712, 722, -9, -117, -170, 283, 29, 283, 287, 
956, 468, -488, -712, 722, -9, -112, -161, 283, 29, 283, 287, 
956, 473, -483, -714, 719, -4, -107, -151, 287, 34, 283, 287, 
971, 478, -492, -724, 732, -7, -97, -141, 287, 34, 283, 287, 
980, 468, -512, -724, 746, -21, -102, -136, 287, 24, 268, 278, 
980, 468, -512, -724, 746, -21, -112, -136, 283, 19, 268, 273, 
976, 468, -507, -722, 741, -19, -117, -136, 278, 19, 268, 268, 
971, 468, -502, -719, 736, -17, -122, -136, 278, 24, 268, 263, 
956, 463, -492, -710, 724, -14, -131, -141, 287, 29, 268, 273, 
956, 458, -497, -707, 727, -19, -136, -146, 287, 34, 273, 278, 
956, 458, -497, -707, 727, -19, -141, -151, 287, 39, 278, 283, 
956, 453, -502, -705, 729, -24, -146, -151, 287, 43, 287, 287, 
951, 458, -492, -705, 722, -17, -151, -161, 278, 29, 278, 283, 
956, 458, -497, -707, 727, -19, -161, -175, 278, 29, 278, 278, 
980, 458, -522, -719, 751, -31, -170, -185, 273, 29, 268, 268, 
1000, 453, -546, -727, 773, -46, -180, -200, 268, 24, 268, 263, 
985, 439, -546, -712, 766, -53, -190, -209, 268, 19, 263, 258, 
985, 439, -546, -712, 766, -53, -190, -200, 273, 14, 263, 258, 
980, 439, -541, -710, 761, -51, -190, -200, 273, 14, 263, 263, 
980, 439, -541, -710, 761, -51, -195, -204, 268, 9, 263, 263, 
1000, 429, -570, -714, 785, -70, -209, -209, 258, -4, 263, 258, 
1010, 429, -580, -719, 795, -75, -214, -214, 248, -4, 263, 258, 
1015, 424, -590, -719, 802, -82, -224, -214, 239, -4, 263, 263, 
1019, 414, -605, -717, 812, -95, -229, -214, 229, -4, 263, 263, 
1005, 429, -575, -717, 790, -73, -219, -224, 248, 0, 278, 268, 
1005, 439, -566, -722, 785, -63, -219, -224, 253, 4, 278, 273, 
1005, 444, -561, -724, 783, -58, -224, -224, 258, 9, 273, 278, 
1005, 439, -566, -722, 785, -63, -224, -219, 253, 9, 273, 283, 
961, 395, -566, -678, 763, -85, -239, -239, 253, -9, 244, 253, 
1000, 424, -575, -712, 788, -75, -219, -214, 273, 0, 253, 263, 
990, 414, -575, -702, 783, -80, -214, -200, 292, 4, 248, 248, 
990, 419, -570, -705, 780, -75, -204, -180, 317, 14, 244, 234, 
995, 444, -551, -719, 773, -53, -180, -156, 370, 43, 239, 214, 
966, 434, -531, -700, 749, -48, -180, -146, 414, 48, 209, 180, 
941, 453, -488, -697, 714, -17, -175, -151, 468, 73, 190, 151, 
941, 536, -405, -739, 673, 65, -156, -136, 556, 131, 229, 180, 
946, 595, -351, -771, 649, 122, -151, -122, 639, 219, 287, 214, 
946, 624, -322, -785, 634, 151, -180, -102, 727, 312, 356, 258, 
985, 673, -312, -829, 649, 180, -224, -112, 805, 458, 488, 341, 
1044, 775, -268, -910, 656, 253, -278, -136, 893, 658, 683, 497, 
1078, 897, -180, -988, 629, 358, -366, -219, 932, 883, 907, 697, 
1141, 1034, -107, -1088, 624, 463, -492, -366, 902, 1078, 1156, 902, 
1239, 1176, -63, -1207, 651, 556, -668, -541, 854, 1259, 1410, 1122, 
1298, 1298, 0, -1298, 649, 649, -844, -732, 785, 1424, 1639, 1337, 
1371, 1385, 14, -1378, 678, 700, -1005, -897, 678, 1542, 1820, 1512, 
1424, 1410, -14, -1417, 719, 697, -1146, -1024, 497, 1566, 1927, 1639, 
1439, 1371, -68, -1405, 753, 651, -1259, -1122, 248, 1410, 1903, 1673, 
1483, 1298, -185, -1390, 834, 556, -1288, -1176, -24, 1088, 1708, 1590, 
1517, 1146, -370, -1332, 944, 387, -1224, -1171, -263, 653, 1346, 1376, 
1444, 927, -517, -1185, 980, 204, -1151, -1171, -497, 214, 961, 1107, 
1366, 712, -653, -1039, 1010, 29, -1102, -1176, -717, -146, 673, 893, 
1376, 531, -844, -954, 1110, -156, -990, -1073, -868, -429, 439, 717, 
1395, 356, -1039, -875, 1217, -341, -858, -917, -1010, -722, 195, 527, 
1322, 136, -1185, -729, 1254, -524, -771, -829, -1132, -980, -43, 351, 
1283, -34, -1317, -624, 1300, -675, -707, -732, -1161, -1073, -170, 239, 
1332, -107, -1439, -612, 1385, -773, -644, -610, -1098, -1049, -195, 224, 
1410, -112, -1522, -649, 1466, -817, -639, -551, -1049, -1015, -190, 224, 
1439, -43, -1483, -697, 1461, -763, -658, -527, -966, -941, -141, 263, 
1351, 39, -1312, -695, 1332, -636, -629, -453, -800, -795, -43, 331, 
1283, 112, -1171, -697, 1227, -529, -585, -400, -644, -678, 34, 370, 
1293, 195, -1098, -744, 1195, -451, -590, -385, -531, -580, 87, 385, 
1273, 258, -1015, -766, 1144, -378, -600, -375, -414, -473, 161, 439, 
1220, 302, -917, -761, 1068, -307, -585, -361, -317, -390, 209, 468, 
1190, 341, -849, -766, 1019, -253, -561, -361, -234, -326, 219, 458, 
1166, 375, -790, -771, 978, -207, -556, -385, -156, -283, 209, 414, 
1112, 395, -717, -753, 915, -161, -546, -395, -78, -239, 219, 390, 
1068, 419, -649, -744, 858, -114, -536, -405, -14, -190, 229, 366, 
1049, 444, -605, -746, 827, -80, -531, -409, 48, -161, 224, 336, 
1019, 473, -546, -746, 783, -36, -502, -390, 122, -122, 239, 336, 
1015, 502, -512, -758, 763, -4, -468, -380, 180, -73, 253, 336, 
1029, 512, -517, -771, 773, -2, -458, -380, 219, -39, 263, 307, 
1010, 512, -497, -761, 753, 7, -444, -370, 239, -14, 258, 283, 
1019, 531, -488, -775, 753, 21, -424, -346, 253, 9, 278, 283, 
1034, 551, -483, -793, 758, 34, -405, -326, 268, 14, 283, 297, 
1015, 522, -492, -768, 753, 14, -409, -317, 263, 0, 273, 287, 
946, 444, -502, -695, 724, -29, -429, -326, 263, -14, 253, 258, 
956, 444, -512, -700, 734, -34, -424, -312, 278, 4, 258, 273, 
956, 448, -507, -702, 732, -29, -424, -312, 292, 9, 263, 273, 
961, 463, -497, -712, 729, -17, -424, -307, 312, 14, 263, 273, 
976, 468, -507, -722, 741, -19, -424, -307, 331, 19, 268, 268, 
990, 473, -517, -732, 753, -21, -409, -307, 331, 29, 273, 253, 
995, 468, -527, -732, 761, -29, -414, -307, 331, 34, 268, 244, 
1000, 473, -527, -736, 763, -26, -414, -307, 336, 34, 268, 244, 
1005, 483, -522, -744, 763, -19, -409, -297, 346, 39, 278, 258, 
985, 478, -507, -732, 746, -14, -409, -292, 351, 39, 278, 268, 
980, 473, -507, -727, 744, -17, -409, -283, 351, 34, 278, 273, 
976, 468, -507, -722, 741, -19, -409, -278, 351, 24, 278, 273, 
966, 463, -502, -714, 734, -19, -409, -278, 351, 14, 273, 258, 
956, 458, -497, -707, 727, -19, -400, -268, 356, 24, 263, 224, 
966, 458, -507, -712, 736, -24, -400, -268, 361, 29, 258, 200, 
976, 458, -517, -717, 746, -29, -400, -273, 361, 34, 253, 175, 
985, 463, -522, -724, 753, -29, -400, -273, 366, 39, 253, 156, 
990, 473, -517, -732, 753, -21, -395, -253, 370, 34, 248, 185, 
985, 473, -512, -729, 749, -19, -390, -253, 366, 34, 244, 200, 
985, 473, -512, -729, 749, -19, -390, -263, 361, 34, 239, 214, 
990, 473, -517, -732, 753, -21, -385, -263, 366, 34, 234, 229, 
980, 468, -512, -724, 746, -21, -385, -244, 366, 24, 239, 229, 
971, 468, -502, -719, 736, -17, -375, -244, 366, 19, 239, 224, 
971, 468, -502, -719, 736, -17, -375, -244, 366, 19, 239, 219, 
985, 463, -522, -724, 753, -29, -375, -244, 361, 29, 239, 214, 
976, 458, -517, -717, 746, -29, -366, -239, 370, 34, 248, 214, 
976, 458, -517, -717, 746, -29, -356, -229, 370, 34, 258, 219, 
976, 453, -522, -714, 749, -34, -346, -224, 370, 39, 273, 234, 
976, 453, -522, -714, 749, -34, -331, -209, 380, 48, 283, 244, 
995, 473, -522, -734, 758, -24, -346, -200, 380, 39, 278, 229, 
1019, 483, -536, -751, 778, -26, -351, -190, 380, 43, 278, 229, 
1015, 488, -527, -751, 771, -19, -341, -185, 390, 43, 273, 224, 
1024, 488, -536, -756, 780, -24, -341, -180, 390, 48, 273, 219, 
1024, 488, -536, -756, 780, -24, -346, -170, 405, 58, 287, 229, 
1029, 488, -541, -758, 785, -26, -346, -170, 409, 63, 292, 229, 
1034, 483, -551, -758, 793, -34, -341, -170, 414, 63, 297, 234, 
1034, 483, -551, -758, 793, -34, -341, -170, 419, 63, 302, 239, 
1019, 473, -546, -746, 783, -36, -351, -170, 414, 73, 297, 234, 
1024, 468, -556, -746, 790, -43, -351, -161, 419, 82, 302, 234, 
1010, 458, -551, -734, 780, -46, -356, -161, 424, 82, 302, 234, 
995, 453, -541, -724, 768, -43, -356, -161, 424, 82, 302, 234, 
1019, 468, -551, -744, 785, -41, -366, -165, 439, 92, 317, 253, 
1024, 473, -551, -749, 788, -39, -370, -161, 439, 92, 317, 258, 
1029, 478, -551, -753, 790, -36, -375, -161, 439, 87, 317, 258, 
1039, 488, -551, -763, 795, -31, -380, -161, 439, 87, 317, 258, 
1039, 473, -566, -756, 802, -46, -395, -175, 439, 92, 322, 273, 
1029, 468, -561, -749, 795, -46, -405, -190, 444, 102, 322, 283, 
1015, 463, -551, -739, 783, -43, -414, -204, 448, 102, 326, 287, 
1005, 463, -541, -734, 773, -39, -424, -224, 453, 107, 331, 297, 
995, 463, -531, -729, 763, -34, -429, -239, 444, 97, 326, 307, 
995, 463, -531, -729, 763, -34, -434, -234, 448, 97, 326, 312, 
1005, 473, -531, -739, 768, -29, -439, -234, 468, 112, 336, 322, 
1005, 473, -531, -739, 768, -29, -444, -234, 463, 122, 331, 331, 
995, 473, -522, -734, 758, -24, -444, -229, 483, 126, 346, 351, 
1000, 473, -527, -736, 763, -26, -448, -229, 483, 131, 351, 356, 
1005, 478, -527, -741, 766, -24, -453, -229, 483, 136, 366, 370, 
1010, 478, -531, -744, 771, -26, -458, -229, 483, 136, 370, 375, 
1015, 492, -522, -753, 768, -14, -448, -219, 502, 165, 380, 400, 
1019, 502, -517, -761, 768, -7, -453, -214, 512, 170, 385, 400, 
1024, 502, -522, -763, 773, -9, -463, -214, 512, 175, 390, 400, 
1029, 512, -517, -771, 773, -2, -463, -214, 512, 185, 405, 400, 
1024, 512, -512, -768, 768, 0, -463, -219, 527, 195, 400, 405, 
1024, 517, -507, -771, 766, 4, -468, -214, 536, 200, 409, 405, 
1029, 522, -507, -775, 768, 7, -473, -209, 546, 200, 414, 405, 
1039, 527, -512, -783, 775, 7, -478, -209, 551, 200, 414, 400, 
1024, 527, -497, -775, 761, 14, -478, -209, 561, 209, 424, 414, 
1024, 517, -507, -771, 766, 4, -483, -204, 561, 214, 429, 414, 
1034, 502, -531, -768, 783, -14, -492, -204, 556, 214, 429, 409, 
1029, 492, -536, -761, 783, -21, -497, -204, 551, 214, 434, 405, 
1044, 507, -536, -775, 790, -14, -507, -195, 561, 224, 434, 405, 
1049, 502, -546, -775, 797, -21, -492, -185, 566, 234, 439, 405, 
1058, 507, -551, -783, 805, -21, -507, -180, 570, 234, 439, 409, 
1073, 522, -551, -797, 812, -14, -507, -175, 580, 244, 444, 405, 
1073, 531, -541, -802, 807, -4, -507, -170, 580, 253, 448, 405, 
1068, 527, -541, -797, 805, -7, -517, -175, 580, 253, 453, 405, 
1068, 527, -541, -797, 805, -7, -517, -170, 590, 258, 458, 409, 
1068, 541, -527, -805, 797, 7, -517, -175, 590, 263, 463, 414, 
1078, 541, -536, -810, 807, 2, -527, -180, 580, 258, 468, 414, 
1078, 536, -541, -807, 810, -2, -527, -190, 580, 258, 468, 409, 
1083, 531, -551, -807, 817, -9, -527, -180, 580, 253, 468, 405, 
1088, 531, -556, -810, 822, -12, -522, -170, 580, 253, 473, 405, 
1083, 522, -561, -802, 822, -19, -522, -165, 595, 263, 473, 414, 
1078, 527, -551, -802, 814, -12, -522, -161, 595, 263, 473, 414, 
1083, 536, -546, -810, 814, -4, -522, -156, 600, 253, 473, 414, 
1078, 522, -556, -800, 817, -17, -527, -165, 600, 253, 468, 414, 
1073, 531, -541, -802, 807, -4, -517, -165, 605, 253, 478, 414, 
1073, 536, -536, -805, 805, 0, -512, -165, 605, 253, 488, 424, 
1078, 546, -531, -812, 805, 7, -512, -151, 605, 253, 488, 424, 
1078, 536, -541, -807, 810, -2, -512, -146, 595, 244, 478, 419, 
1093, 561, -531, -827, 812, 14, -502, -136, 600, 244, 488, 429, 
1098, 575, -522, -836, 810, 26, -497, -136, 590, 253, 488, 434, 
1102, 590, -512, -846, 807, 39, -492, -136, 595, 263, 488, 439, 
1107, 605, -502, -856, 805, 51, -488, -141, 595, 263, 483, 439, 
1093, 590, -502, -841, 797, 43, -502, -156, 585, 248, 473, 429, 
1088, 580, -507, -834, 797, 36, -507, -175, 575, 234, 458, 419, 
1083, 580, -502, -832, 793, 39, -522, -180, 566, 224, 453, 414, 
1078, 575, -502, -827, 790, 36, -517, -190, 561, 200, 453, 409, 
1078, 580, -497, -829, 788, 41, -497, -170, 566, 200, 463, 414, 
1073, 585, -488, -829, 780, 48, -497, -170, 561, 204, 458, 419, 
1073, 590, -483, -832, 778, 53, -488, -175, 551, 209, 458, 424, 
1068, 610, -458, -839, 763, 75, -478, -170, 551, 214, 453, 434, 
1073, 600, -473, -836, 773, 63, -497, -170, 522, 175, 424, 405, 
1068, 600, -468, -834, 768, 65, -502, -170, 512, 151, 414, 385, 
1063, 595, -468, -829, 766, 63, -497, -175, 507, 146, 400, 370, 
1054, 585, -468, -819, 761, 58, -488, -180, 492, 136, 390, 380, 
1044, 575, -468, -810, 756, 53, -488, -185, 488, 126, 390, 380, 
1034, 566, -468, -800, 751, 48, -488, -190, 483, 117, 390, 380, 
1024, 556, -468, -790, 746, 43, -488, -195, 478, 107, 390, 380, 
1015, 546, -468, -780, 741, 39, -478, -195, 458, 87, 380, 366, 
1010, 541, -468, -775, 739, 36, -478, -200, 448, 87, 375, 361, 
1010, 536, -473, -773, 741, 31, -478, -200, 439, 92, 370, 356, 
1024, 536, -488, -780, 756, 24, -478, -200, 424, 92, 370, 356, 
1015, 531, -483, -773, 749, 24, -468, -190, 414, 78, 361, 341, 
990, 517, -473, -753, 732, 21, -473, -200, 409, 68, 346, 322, 
980, 502, -478, -741, 729, 12, -473, -209, 405, 53, 336, 317, 
976, 507, -468, -741, 722, 19, -473, -209, 400, 58, 326, 312, 
1000, 502, -497, -751, 749, 2, -473, -214, 385, 39, 317, 312, 
1000, 512, -488, -756, 744, 12, -468, -214, 370, 24, 307, 307, 
1010, 512, -497, -761, 753, 7, -468, -209, 356, 14, 297, 302, 
1029, 512, -517, -771, 773, -2, -468, -209, 341, 9, 287, 297, 
1015, 522, -492, -768, 753, 14, -458, -195, 356, 14, 292, 297, 
1010, 512, -497, -761, 753, 7, -463, -195, 361, 19, 297, 297, 
995, 507, -488, -751, 741, 9, -463, -190, 366, 24, 302, 297, 
990, 507, -483, -749, 736, 12, -463, -185, 370, 29, 307, 292, 
980, 502, -478, -741, 729, 12, -473, -195, 361, 19, 292, 287, 
980, 502, -478, -741, 729, 12, -473, -195, 361, 19, 292, 283, 
976, 502, -473, -739, 724, 14, -473, -200, 361, 19, 297, 278, 
976, 502, -473, -739, 724, 14, -473, -200, 361, 19, 302, 273, 
980, 517, -463, -749, 722, 26, -488, -209, 375, 19, 312, 278, 
990, 527, -463, -758, 727, 31, -488, -214, 380, 24, 312, 287, 
1015, 536, -478, -775, 746, 29, -492, -219, 380, 34, 312, 292, 
1010, 541, -468, -775, 739, 36, -497, -224, 385, 39, 302, 297, 
990, 536, -453, -763, 722, 41, -502, -229, 375, 29, 297, 278, 
985, 531, -453, -758, 719, 39, -507, -239, 375, 29, 292, 273, 
980, 512, -468, -746, 724, 21, -512, -244, 370, 29, 287, 263, 
980, 507, -473, -744, 727, 17, -517, -248, 370, 29, 283, 258, 
980, 512, -468, -746, 724, 21, -512, -253, 370, 19, 287, 263, 
980, 512, -468, -746, 724, 21, -512, -253, 366, 19, 287, 268, 
971, 512, -458, -741, 714, 26, -517, -258, 361, 14, 287, 268, 
985, 512, -473, -749, 729, 19, -517, -258, 351, 14, 287, 263, 
985, 527, -458, -756, 722, 34, -527, -263, 361, 19, 297, 263, 
980, 527, -453, -753, 717, 36, -527, -263, 361, 19, 297, 263, 
976, 522, -453, -749, 714, 34, -527, -268, 361, 19, 297, 263, 
976, 522, -453, -749, 714, 34, -527, -268, 361, 19, 297, 263, 
980, 527, -453, -753, 717, 36, -536, -273, 346, 9, 283, 253, 
980, 517, -463, -749, 722, 26, -531, -273, 341, 0, 278, 248, 
971, 502, -468, -736, 719, 17, -531, -273, 336, -9, 273, 244, 
971, 502, -468, -736, 719, 17, -531, -278, 331, -19, 268, 239, 
976, 512, -463, -744, 719, 24, -531, -287, 322, -9, 268, 234, 
976, 512, -463, -744, 719, 24, -531, -292, 322, -19, 263, 229, 
980, 512, -468, -746, 724, 21, -531, -292, 322, -9, 263, 229, 
1000, 517, -483, -758, 741, 17, -522, -287, 322, -9, 268, 224, 
980, 502, -478, -741, 729, 12, -531, -297, 312, -19, 268, 224, 
971, 497, -473, -734, 722, 12, -531, -297, 312, -24, 268, 224, 
961, 497, -463, -729, 712, 17, -531, -297, 317, -24, 268, 224, 
941, 492, -448, -717, 695, 21, -531, -292, 317, -19, 273, 229, 
951, 488, -463, -719, 707, 12, -527, -283, 307, -39, 263, 229, 
971, 492, -478, -732, 724, 7, -527, -283, 307, -39, 258, 229, 
980, 497, -483, -739, 732, 7, -527, -283, 307, -39, 258, 229, 
971, 497, -473, -734, 722, 12, -517, -283, 307, -39, 258, 229, 
980, 517, -463, -749, 722, 26, -502, -278, 322, -29, 273, 219, 
985, 531, -453, -758, 719, 39, -502, -273, 326, -24, 273, 219, 
985, 541, -444, -763, 714, 48, -502, -268, 331, -19, 273, 214, 
985, 546, -439, -766, 712, 53, -497, -263, 331, -19, 273, 214, 
980, 527, -453, -753, 717, 36, -483, -278, 326, -24, 273, 209, 
976, 517, -458, -746, 717, 29, -483, -278, 322, -29, 273, 209, 
971, 512, -458, -741, 714, 26, -483, -278, 322, -29, 273, 209, 
980, 507, -473, -744, 727, 17, -478, -278, 317, -34, 273, 209, 
976, 507, -468, -741, 722, 19, -468, -283, 307, -43, 263, 195, 
971, 507, -463, -739, 717, 21, -473, -283, 302, -48, 258, 195, 
961, 507, -453, -734, 707, 26, -473, -283, 297, -48, 253, 195, 
951, 507, -444, -729, 697, 31, -473, -283, 297, -43, 248, 195, 
956, 512, -444, -734, 700, 34, -468, -278, 312, -39, 248, 200, 
956, 517, -439, -736, 697, 39, -468, -273, 317, -34, 253, 200, 
956, 527, -429, -741, 692, 48, -468, -268, 322, -29, 258, 200, 
956, 531, -424, -744, 690, 53, -468, -258, 326, -24, 268, 200, 
946, 517, -429, -732, 688, 43, -473, -248, 322, -34, 258, 209, 
946, 507, -439, -727, 692, 34, -473, -253, 317, -39, 258, 209, 
966, 497, -468, -732, 717, 14, -473, -253, 307, -43, 248, 204, 
980, 483, -497, -732, 739, -7, -473, -258, 297, -53, 248, 204, 
956, 473, -483, -714, 719, -4, -463, -268, 287, -53, 263, 219, 
956, 468, -488, -712, 722, -9, -463, -258, 292, -53, 263, 219, 
951, 463, -488, -707, 719, -12, -463, -258, 292, -48, 263, 224, 
951, 458, -492, -705, 722, -17, -468, -263, 287, -48, 263, 224, 
961, 473, -488, -717, 724, -7, -458, -253, 292, -48, 273, 224, 
971, 488, -483, -729, 727, 2, -458, -253, 297, -43, 273, 229, 
976, 497, -478, -736, 727, 9, -463, -248, 302, -39, 273, 239, 
980, 502, -478, -741, 729, 12, -463, -244, 307, -34, 273, 244, 
985, 502, -483, -744, 734, 9, -463, -244, 302, -34, 278, 253, 
985, 507, -478, -746, 732, 14, -463, -244, 302, -34, 278, 253, 
985, 507, -478, -746, 732, 14, -468, -244, 302, -34, 273, 253, 
985, 497, -488, -741, 736, 4, -468, -239, 292, -39, 273, 253, 
932, 502, -429, -717, 680, 36, -473, -239, 302, -19, 292, 273, 
912, 522, -390, -717, 651, 65, -453, -224, 322, 0, 302, 292, 
961, 531, -429, -746, 695, 51, -468, -229, 331, -14, 287, 278, 
961, 527, -434, -744, 697, 46, -468, -219, 346, -14, 273, 263, 
936, 551, -385, -744, 661, 82, -444, -204, 380, 14, 278, 253, 
966, 580, -385, -773, 675, 97, -414, -185, 434, 39, 278, 239, 
980, 600, -380, -790, 680, 109, -390, -161, 488, 63, 278, 219, 
941, 595, -346, -768, 644, 124, -390, -156, 527, 82, 268, 200, 
897, 605, -292, -751, 595, 156, -395, -161, 551, 92, 268, 185, 
897, 634, -263, -766, 580, 185, -395, -161, 600, 146, 307, 209, 
917, 683, -234, -800, 575, 224, -400, -131, 678, 244, 370, 263, 
966, 766, -200, -866, 583, 283, -424, -107, 775, 395, 488, 351, 
1029, 858, -170, -944, 600, 344, -483, -131, 873, 590, 663, 483, 
1083, 966, -117, -1024, 600, 424, -580, -209, 922, 805, 883, 658, 
1112, 1068, -43, -1090, 578, 512, -688, -326, 902, 1015, 1117, 858, 
1190, 1180, -9, -1185, 600, 585, -814, -458, 834, 1190, 1366, 1054, 
1273, 1268, -4, -1271, 639, 631, -956, -595, 717, 1317, 1566, 1229, 
1337, 1312, -24, -1324, 680, 644, -1068, -712, 536, 1351, 1703, 1366, 
1381, 1312, -68, -1346, 724, 622, -1141, -790, 268, 1254, 1737, 1449, 
1434, 1288, -146, -1361, 790, 570, -1200, -883, -63, 990, 1639, 1434, 
1429, 1215, -214, -1322, 822, 500, -1224, -966, -390, 605, 1385, 1288, 
1376, 1054, -322, -1215, 849, 366, -1180, -985, -663, 165, 1019, 1049, 
1337, 878, -458, -1107, 897, 209, -1122, -971, -873, -244, 673, 814, 
1317, 707, -610, -1012, 963, 48, -1049, -907, -1005, -527, 439, 649, 
1298, 502, -795, -900, 1046, -146, -936, -780, -1088, -761, 253, 507, 
1283, 302, -980, -793, 1132, -339, -829, -673, -1171, -1010, 34, 351, 
1283, 170, -1112, -727, 1198, -470, -785, -614, -1239, -1190, -122, 239, 
1293, 58, -1234, -675, 1263, -588, -761, -541, -1205, -1195, -156, 204, 
1322, 4, -1317, -663, 1320, -656, -746, -444, -1107, -1102, -131, 224, 
1342, 82, -1259, -712, 1300, -588, -736, -390, -976, -990, -63, 273, 
1312, 175, -1137, -744, 1224, -480, -766, -385, -839, -854, 14, 331, 
1224, 248, -976, -736, 1100, -363, -790, -409, -702, -717, 102, 390, 
1234, 390, -844, -812, 1039, -226, -775, -405, -531, -561, 195, 453, 
1293, 492, -800, -893, 1046, -153, -766, -424, -375, -444, 268, 488, 
1259, 448, -810, -854, 1034, -180, -780, -439, -287, -390, 278, 468, 
1180, 429, -751, -805, 966, -161, -766, -439, -195, -336, 287, 448, 
1146, 483, -663, -814, 905, -90, -741, -424, -97, -253, 307, 434, 
1151, 551, -600, -851, 875, -24, -692, -414, -9, -180, 336, 419, 
1146, 585, -561, -866, 854, 12, -653, -395, 63, -141, 346, 405, 
1068, 561, -507, -814, 788, 26, -639, -380, 97, -131, 322, 366, 
1019, 551, -468, -785, 744, 41, -629, -370, 141, -102, 287, 317, 
1054, 600, -453, -827, 753, 73, -605, -341, 180, -73, 302, 307, 
1049, 580, -468, -814, 758, 56, -595, -322, 219, -48, 312, 307, 
1000, 522, -478, -761, 739, 21, -600, -331, 239, -34, 307, 292, 
1019, 522, -497, -771, 758, 12, -600, -346, 263, -19, 297, 273, 
1063, 541, -522, -802, 793, 9, -580, -336, 278, -14, 302, 258, 
1024, 502, -522, -763, 773, -9, -575, -346, 283, -29, 292, 248, 
995, 483, -512, -739, 753, -14, -575, -366, 292, -34, 273, 229, 
990, 488, -502, -739, 746, -7, -556, -351, 292, -29, 263, 229, 
985, 488, -497, -736, 741, -4, -551, -351, 292, -29, 263, 224, 
985, 497, -488, -741, 736, 4, -546, -346, 297, -29, 258, 219, 
995, 497, -497, -746, 746, 0, -541, -346, 302, -29, 258, 209, 
990, 478, -512, -734, 751, -17, -546, -336, 283, -19, 263, 200, 
985, 468, -517, -727, 751, -24, -561, -336, 283, -14, 258, 195, 
980, 468, -512, -724, 746, -21, -570, -336, 287, -14, 258, 200, 
976, 473, -502, -724, 739, -14, -575, -326, 297, -9, 268, 219, 
971, 458, -512, -714, 741, -26, -590, -336, 297, -19, 258, 200, 
971, 453, -517, -712, 744, -31, -595, -331, 292, -24, 248, 195, 
971, 448, -522, -710, 746, -36, -600, -331, 287, -34, 239, 185, 
966, 444, -522, -705, 744, -39, -605, -336, 283, -43, 224, 161, 
956, 448, -507, -702, 732, -29, -600, -322, 292, -43, 219, 156, 
966, 448, -517, -707, 741, -34, -595, -317, 292, -39, 219, 161, 
976, 448, -527, -712, 751, -39, -590, -317, 287, -34, 219, 165, 
985, 453, -531, -719, 758, -39, -585, -312, 287, -29, 224, 175, 
971, 463, -507, -717, 739, -21, -595, -292, 312, -24, 229, 185, 
956, 463, -492, -710, 724, -14, -595, -292, 317, -24, 234, 190, 
946, 463, -483, -705, 714, -9, -600, -302, 322, -24, 239, 195, 
941, 463, -478, -702, 710, -7, -600, -302, 336, -24, 244, 200, 
951, 473, -478, -712, 714, -2, -605, -287, 326, -34, 244, 195, 
941, 478, -463, -710, 702, 7, -600, -283, 326, -39, 239, 195, 
941, 483, -458, -712, 700, 12, -605, -278, 326, -39, 234, 195, 
956, 483, -473, -719, 714, 4, -610, -273, 322, -29, 229, 195, 
971, 492, -478, -732, 724, 7, -624, -258, 331, -19, 234, 200, 
976, 497, -478, -736, 727, 9, -629, -248, 331, -14, 239, 209, 
980, 497, -483, -739, 732, 7, -634, -244, 331, -4, 248, 229, 
985, 502, -483, -744, 734, 9, -634, -229, 341, 9, 253, 244, 
976, 497, -478, -736, 727, 9, -639, -234, 336, -4, 253, 253, 
980, 492, -488, -736, 734, 2, -644, -229, 331, -4, 258, 258, 
956, 483, -473, -719, 714, 4, -634, -229, 336, -9, 258, 258, 
946, 468, -478, -707, 712, -4, -634, -229, 331, -9, 263, 258, 
956, 478, -478, -717, 717, 0, -614, -224, 331, 4, 273, 263, 
961, 488, -473, -724, 717, 7, -610, -219, 331, 14, 273, 268, 
966, 492, -473, -729, 719, 9, -600, -214, 331, 19, 273, 278, 
966, 502, -463, -734, 714, 19, -595, -209, 331, 24, 273, 287, 
971, 507, -463, -739, 717, 21, -600, -214, 326, 19, 268, 287, 
985, 507, -478, -746, 732, 14, -605, -209, 331, 24, 273, 283, 
980, 502, -478, -741, 729, 12, -614, -214, 336, 19, 273, 278, 
976, 502, -473, -739, 724, 14, -619, -219, 336, 14, 273, 273, 
1000, 507, -492, -753, 746, 7, -614, -204, 351, 14, 287, 278, 
1005, 512, -492, -758, 749, 9, -614, -200, 351, 14, 287, 278, 
1010, 517, -492, -763, 751, 12, -614, -200, 351, 9, 287, 273, 
1019, 527, -492, -773, 756, 17, -614, -200, 351, 9, 287, 268, 
1015, 507, -507, -761, 761, 0, -629, -200, 361, 24, 297, 268, 
1010, 497, -512, -753, 761, -7, -629, -200, 366, 34, 302, 273, 
1000, 488, -512, -744, 756, -12, -629, -200, 370, 34, 312, 273, 
995, 483, -512, -739, 753, -14, -629, -204, 375, 39, 322, 278, 
1010, 497, -512, -753, 761, -7, -629, -200, 385, 53, 341, 278, 
1015, 512, -502, -763, 758, 4, -629, -185, 400, 58, 346, 283, 
1029, 536, -492, -783, 761, 21, -629, -175, 429, 78, 361, 292, 
1034, 551, -483, -793, 758, 34, -629, -165, 434, 92, 361, 302, 
1029, 541, -488, -785, 758, 26, -634, -165, 444, 87, 361, 292, 
1029, 541, -488, -785, 758, 26, -644, -170, 444, 92, 361, 287, 
1029, 546, -483, -788, 756, 31, -653, -175, 444, 97, 370, 292, 
1029, 546, -483, -788, 756, 31, -663, -180, 444, 97, 370, 287, 
1019, 561, -458, -790, 739, 51, -649, -161, 468, 117, 385, 317, 
1019, 561, -458, -790, 739, 51, -649, -156, 483, 122, 385, 322, 
1019, 551, -468, -785, 744, 41, -653, -156, 488, 126, 385, 326, 
1019, 551, -468, -785, 744, 41, -649, -156, 492, 136, 395, 331, 
1024, 551, -473, -788, 749, 39, -649, -151, 483, 131, 385, 331, 
1024, 556, -468, -790, 746, 43, -653, -146, 488, 131, 390, 336, 
1029, 561, -468, -795, 749, 46, -658, -141, 492, 126, 390, 341, 
1039, 566, -473, -802, 756, 46, -663, -141, 492, 122, 385, 341, 
1029, 570, -458, -800, 744, 56, -658, -136, 492, 151, 395, 351, 
1034, 566, -468, -800, 751, 48, -658, -136, 492, 156, 400, 356, 
1049, 556, -492, -802, 771, 31, -663, -141, 488, 156, 400, 356, 
1049, 551, -497, -800, 773, 26, -663, -146, 483, 156, 405, 356, 
1049, 551, -497, -800, 773, 26, -673, -131, 492, 161, 400, 370, 
1049, 541, -507, -795, 778, 17, -658, -126, 497, 165, 409, 375, 
1054, 541, -512, -797, 783, 14, -673, -126, 502, 161, 414, 385, 
1063, 551, -512, -807, 788, 19, -673, -126, 512, 165, 424, 385, 
1049, 541, -507, -795, 778, 17, -678, -126, 492, 161, 414, 375, 
1029, 527, -502, -778, 766, 12, -683, -136, 483, 156, 405, 366, 
1015, 517, -497, -766, 756, 9, -678, -136, 483, 156, 395, 361, 
1000, 522, -478, -761, 739, 21, -673, -146, 473, 156, 385, 356, 
1019, 556, -463, -788, 741, 46, -673, -131, 492, 170, 400, 366, 
1029, 575, -453, -802, 741, 61, -663, -131, 502, 180, 409, 361, 
1044, 595, -448, -819, 746, 73, -653, -112, 512, 185, 419, 356, 
1058, 619, -439, -839, 749, 90, -639, -92, 522, 195, 434, 356, 
1044, 614, -429, -829, 736, 92, -634, -92, 512, 195, 439, 356, 
1039, 614, -424, -827, 732, 95, -629, -92, 507, 185, 434, 356, 
1044, 619, -424, -832, 734, 97, -624, -92, 507, 165, 429, 356, 
1039, 600, -439, -819, 739, 80, -624, -107, 502, 156, 419, 356, 
1024, 585, -439, -805, 732, 73, -614, -92, 507, 161, 419, 356, 
1024, 585, -439, -805, 732, 73, -600, -87, 507, 165, 429, 366, 
1029, 590, -439, -810, 734, 75, -590, -68, 507, 170, 429, 366, 
1029, 575, -453, -802, 741, 61, -580, -58, 497, 165, 419, 361, 
1029, 566, -463, -797, 746, 51, -580, -68, 492, 146, 419, 361, 
1029, 566, -463, -797, 746, 51, -575, -68, 483, 146, 419, 366, 
1029, 566, -463, -797, 746, 51, -570, -68, 488, 146, 419, 370, 
1029, 566, -463, -797, 746, 51, -566, -73, 488, 136, 414, 370, 
1015, 580, -434, -797, 724, 73, -566, -82, 492, 136, 424, 370, 
1010, 580, -429, -795, 719, 75, -566, -97, 488, 136, 419, 370, 
1005, 590, -414, -797, 710, 87, -575, -97, 483, 141, 424, 375, 
1000, 595, -405, -797, 702, 95, -566, -102, 483, 131, 434, 380, 
1005, 605, -400, -805, 702, 102, -570, -107, 463, 131, 424, 370, 
1005, 605, -400, -805, 702, 102, -585, -122, 453, 126, 419, 370, 
1010, 605, -405, -807, 707, 100, -590, -141, 439, 122, 419, 370, 
1010, 619, -390, -814, 700, 114, -595, -151, 434, 117, 414, 375, 
995, 614, -380, -805, 688, 117, -585, -151, 434, 117, 419, 380, 
980, 619, -361, -800, 671, 129, -590, -161, 424, 112, 414, 385, 
980, 624, -356, -802, 668, 134, -590, -180, 409, 102, 409, 385, 
980, 634, -346, -807, 663, 143, -590, -195, 405, 92, 414, 390, 
980, 619, -361, -800, 671, 129, -595, -195, 409, 92, 405, 385, 
976, 614, -361, -795, 668, 126, -600, -204, 400, 82, 400, 375, 
980, 610, -370, -795, 675, 119, -605, -214, 385, 73, 390, 370, 
980, 605, -375, -793, 678, 114, -605, -214, 380, 68, 385, 370, 
961, 595, -366, -778, 663, 114, -614, -229, 370, 53, 375, 356, 
956, 575, -380, -766, 668, 97, -619, -244, 356, 43, 366, 341, 
951, 570, -380, -761, 666, 95, -614, -253, 341, 39, 361, 336, 
951, 575, -375, -763, 663, 100, -619, -253, 336, 39, 361, 336, 
956, 585, -370, -771, 663, 107, -614, -244, 346, 48, 366, 341, 
946, 580, -366, -763, 656, 107, -614, -244, 341, 39, 361, 336, 
951, 575, -375, -763, 663, 100, -619, -248, 341, 39, 361, 331, 
971, 575, -395, -773, 683, 90, -619, -248, 336, 34, 361, 331, 
961, 595, -366, -778, 663, 114, -610, -248, 336, 34, 356, 341, 
956, 570, -385, -763, 671, 92, -614, -248, 336, 29, 351, 326, 
941, 570, -370, -756, 656, 100, -614, -248, 331, 34, 346, 317, 
956, 585, -370, -771, 663, 107, -614, -244, 331, 39, 346, 312, 
951, 595, -356, -773, 653, 119, -614, -253, 331, 34, 346, 322, 
951, 595, -356, -773, 653, 119, -619, -253, 331, 34, 346, 317, 
941, 580, -361, -761, 651, 109, -619, -253, 336, 34, 346, 317, 
936, 575, -361, -756, 649, 107, -619, -253, 341, 34, 346, 317, 
941, 580, -361, -761, 651, 109, -619, -244, 351, 34, 336, 307, 
936, 585, -351, -761, 644, 117, -619, -244, 351, 24, 336, 297, 
941, 580, -361, -761, 651, 109, -629, -244, 336, 19, 326, 292, 
946, 585, -361, -766, 653, 112, -629, -244, 336, 19, 326, 283, 
946, 590, -356, -768, 651, 117, -629, -244, 331, 19, 336, 283, 
946, 590, -356, -768, 651, 117, -629, -248, 331, 14, 331, 283, 
951, 580, -370, -766, 661, 104, -634, -253, 326, 14, 331, 283, 
956, 580, -375, -768, 666, 102, -634, -253, 326, 14, 331, 287, 
961, 575, -385, -768, 673, 95, -629, -239, 331, 29, 336, 302, 
961, 575, -385, -768, 673, 95, -624, -239, 336, 29, 336, 302, 
956, 570, -385, -763, 671, 92, -634, -244, 341, 34, 341, 302, 
946, 566, -380, -756, 663, 92, -629, -239, 346, 39, 351, 307, 
961, 575, -385, -768, 673, 95, -610, -234, 346, 29, 351, 317, 
985, 590, -395, -788, 690, 97, -610, -224, 346, 29, 356, 326, 
1000, 590, -409, -795, 705, 90, -610, -219, 356, 29, 356, 331, 
1019, 595, -424, -807, 722, 85, -610, -214, 356, 29, 351, 341, 
1005, 590, -414, -797, 710, 87, -610, -214, 341, 34, 341, 326, 
985, 575, -409, -780, 697, 82, -614, -214, 331, 19, 341, 322, 
990, 570, -419, -780, 705, 75, -614, -219, 326, 9, 336, 312, 
1005, 570, -434, -788, 719, 68, -614, -224, 322, 4, 336, 307, 
985, 556, -429, -771, 707, 63, -619, -214, 307, 4, 331, 302, 
976, 546, -429, -761, 702, 58, -619, -209, 307, 0, 331, 302, 
976, 531, -444, -753, 710, 43, -619, -209, 302, 0, 326, 302, 
976, 527, -448, -751, 712, 39, -624, -209, 302, 0, 326, 297, 
976, 531, -444, -753, 710, 43, -624, -229, 287, -4, 322, 273, 
980, 536, -444, -758, 712, 46, -619, -229, 283, -9, 322, 273, 
990, 541, -448, -766, 719, 46, -619, -224, 283, -14, 322, 278, 
990, 546, -444, -768, 717, 51, -614, -224, 278, -19, 322, 278, 
980, 546, -434, -763, 707, 56, -614, -229, 253, -29, 322, 268, 
966, 546, -419, -756, 692, 63, -614, -234, 248, -34, 317, 268, 
985, 546, -439, -766, 712, 53, -605, -239, 244, -39, 312, 268, 
990, 546, -444, -768, 717, 51, -595, -239, 244, -43, 312, 268, 
985, 541, -444, -763, 714, 48, -605, -234, 244, -48, 312, 263, 
980, 531, -448, -756, 714, 41, -610, -229, 244, -43, 312, 258, 
976, 527, -448, -751, 712, 39, -610, -234, 244, -43, 307, 258, 
971, 522, -448, -746, 710, 36, -610, -234, 244, -43, 307, 258, 
951, 502, -448, -727, 700, 26, -595, -244, 234, -53, 297, 258, 
936, 483, -453, -710, 695, 14, -590, -244, 234, -53, 297, 248, 
922, 483, -439, -702, 680, 21, -580, -244, 239, -48, 302, 258, 
922, 473, -448, -697, 685, 12, -570, -239, 239, -48, 307, 263, 
961, 512, -448, -736, 705, 31, -541, -200, 248, -48, 317, 283, 
951, 522, -429, -736, 690, 46, -531, -180, 258, -29, 336, 302, 
951, 522, -429, -736, 690, 46, -531, -180, 248, -39, 322, 292, 
1000, 531, -468, -766, 734, 31, -546, -200, 239, -53, 302, 273, 
985, 527, -458, -756, 722, 34, -536, -204, 253, -58, 302, 273, 
971, 527, -444, -749, 707, 41, -527, -204, 244, -58, 312, 278, 
966, 527, -439, -746, 702, 43, -527, -204, 244, -58, 312, 283, 
961, 527, -434, -744, 697, 46, -527, -204, 244, -58, 312, 287, 
956, 527, -429, -741, 692, 48, -527, -204, 244, -58, 312, 292, 
941, 512, -429, -727, 685, 41, -517, -214, 234, -63, 307, 292, 
932, 512, -419, -722, 675, 46, -517, -219, 234, -58, 307, 292, 
927, 512, -414, -719, 671, 48, -517, -219, 234, -48, 307, 292, 
936, 517, -419, -727, 678, 48, -517, -219, 229, -43, 312, 297, 
927, 517, -409, -722, 668, 53, -507, -214, 239, -39, 317, 307, 
912, 507, -405, -710, 658, 51, -512, -219, 244, -39, 317, 302, 
912, 497, -414, -705, 663, 41, -512, -224, 248, -43, 322, 312, 
917, 507, -409, -712, 663, 48, -512, -219, 253, -29, 326, 322, 
946, 522, -424, -734, 685, 48, -522, -219, 253, -19, 336, 317, 
941, 531, -409, -736, 675, 61, -517, -224, 253, -24, 336, 317, 
946, 531, -414, -739, 680, 58, -517, -224, 253, -24, 336, 317, 
961, 531, -429, -746, 695, 51, -517, -229, 253, -19, 336, 317, 
956, 541, -414, -749, 685, 63, -507, -229, 244, -19, 331, 307, 
951, 531, -419, -741, 685, 56, -512, -234, 244, -19, 326, 307, 
936, 527, -409, -732, 673, 58, -512, -234, 244, -19, 322, 307, 
932, 527, -405, -729, 668, 61, -512, -234, 244, -19, 317, 302, 
941, 531, -409, -736, 675, 61, -502, -224, 248, -9, 322, 302, 
941, 531, -409, -736, 675, 61, -502, -224, 253, -9, 322, 302, 
936, 531, -405, -734, 671, 63, -502, -229, 258, -9, 326, 302, 
936, 531, -405, -734, 671, 63, -502, -229, 263, -9, 331, 302, 
941, 541, -400, -741, 671, 70, -492, -214, 273, -9, 341, 292, 
951, 556, -395, -753, 673, 80, -488, -214, 273, -4, 341, 297, 
976, 570, -405, -773, 690, 82, -488, -214, 268, 4, 341, 297, 
971, 580, -390, -775, 680, 95, -488, -214, 268, 9, 331, 297, 
951, 566, -385, -758, 668, 90, -497, -224, 268, 0, 331, 283, 
946, 561, -385, -753, 666, 87, -497, -229, 268, 0, 331, 283, 
941, 541, -400, -741, 671, 70, -497, -229, 263, 0, 331, 278, 
941, 536, -405, -739, 673, 65, -497, -229, 263, 0, 331, 278, 
941, 561, -380, -751, 661, 90, -488, -219, 283, 14, 351, 297, 
941, 570, -370, -756, 656, 100, -483, -214, 287, 19, 356, 307, 
932, 580, -351, -756, 641, 114, -483, -214, 292, 19, 361, 312, 
946, 590, -356, -768, 651, 117, -478, -209, 292, 24, 366, 312, 
946, 575, -370, -761, 658, 102, -488, -209, 287, 19, 366, 322, 
941, 566, -375, -753, 658, 95, -488, -214, 283, 19, 366, 322, 
936, 551, -385, -744, 661, 82, -488, -224, 278, 19, 366, 322, 
936, 541, -395, -739, 666, 73, -488, -229, 273, 19, 366, 322, 
961, 575, -385, -768, 673, 95, -497, -234, 278, 29, 366, 326, 
971, 575, -395, -773, 683, 90, -492, -234, 283, 29, 366, 326, 
971, 570, -400, -771, 685, 85, -492, -234, 287, 29, 366, 326, 
980, 580, -400, -780, 690, 90, -492, -239, 292, 29, 366, 326, 
971, 580, -390, -775, 680, 95, -492, -239, 292, 29, 366, 336, 
966, 580, -385, -773, 675, 97, -492, -244, 292, 19, 361, 336, 
966, 580, -385, -773, 675, 97, -492, -244, 292, 29, 361, 341, 
980, 585, -395, -783, 688, 95, -483, -239, 292, 29, 366, 341, 
976, 580, -395, -778, 685, 92, -492, -244, 292, 14, 366, 341, 
971, 575, -395, -773, 683, 90, -492, -248, 292, 14, 366, 341, 
966, 575, -390, -771, 678, 92, -492, -253, 297, 19, 366, 341, 
951, 570, -380, -761, 666, 95, -492, -253, 297, 29, 370, 346, 
951, 561, -390, -756, 671, 85, -497, -253, 297, 19, 370, 346, 
961, 561, -400, -761, 680, 80, -497, -253, 297, 19, 366, 346, 
961, 561, -400, -761, 680, 80, -497, -253, 297, 19, 366, 346, 
941, 556, -385, -749, 663, 85, -488, -253, 297, 19, 366, 346, 
941, 551, -390, -746, 666, 80, -492, -258, 292, 14, 380, 366, 
946, 551, -395, -749, 671, 78, -502, -263, 287, 14, 380, 375, 
946, 546, -400, -746, 673, 73, -512, -268, 283, 14, 380, 380, 
946, 536, -409, -741, 678, 63, -517, -273, 273, 9, 380, 390, 
956, 546, -409, -751, 683, 68, -502, -268, 278, 9, 375, 361, 
956, 546, -409, -751, 683, 68, -502, -268, 283, 9, 370, 336, 
956, 551, -405, -753, 680, 73, -502, -268, 292, 14, 366, 312, 
971, 556, -414, -763, 692, 70, -497, -268, 297, 14, 361, 287, 
961, 566, -395, -763, 678, 85, -507, -273, 297, 14, 351, 297, 
961, 566, -395, -763, 678, 85, -512, -273, 292, 9, 346, 302, 
956, 566, -390, -761, 673, 87, -512, -273, 287, 9, 341, 307, 
951, 566, -385, -758, 668, 90, -512, -273, 287, 14, 336, 312, 
956, 570, -385, -763, 671, 92, -527, -273, 292, 14, 341, 312, 
956, 575, -380, -766, 668, 97, -527, -273, 297, 14, 341, 317, 
956, 585, -370, -771, 663, 107, -527, -273, 302, 14, 341, 322, 
956, 590, -366, -773, 661, 112, -527, -268, 307, 14, 346, 326, 
936, 575, -361, -756, 649, 107, -522, -278, 297, 14, 356, 312, 
936, 575, -361, -756, 649, 107, -522, -283, 297, 19, 356, 307, 
956, 575, -380, -766, 668, 97, -522, -283, 292, 24, 346, 297, 
971, 570, -400, -771, 685, 85, -522, -287, 287, 24, 346, 292, 
946, 556, -390, -751, 668, 82, -512, -287, 283, 19, 346, 278, 
936, 546, -390, -741, 663, 78, -512, -278, 283, 14, 341, 268, 
922, 536, -385, -729, 653, 75, -512, -278, 278, 14, 336, 263, 
912, 527, -385, -719, 649, 70, -517, -283, 268, 9, 331, 253, 
932, 541, -390, -736, 661, 75, -512, -283, 278, 4, 331, 258, 
941, 546, -395, -744, 668, 75, -507, -283, 278, 4, 331, 258, 
946, 546, -400, -746, 673, 73, -507, -278, 278, 4, 331, 263, 
951, 541, -409, -746, 680, 65, -502, -273, 278, 4, 331, 263, 
956, 531, -424, -744, 690, 53, -512, -278, 268, -4, 336, 253, 
956, 536, -419, -746, 688, 58, -522, -283, 263, -4, 336, 253, 
956, 536, -419, -746, 688, 58, -536, -287, 258, -4, 331, 253, 
956, 527, -429, -741, 692, 48, -546, -287, 244, -9, 331, 253, 
971, 531, -439, -751, 705, 46, -580, -307, 234, -29, 312, 253, 
941, 522, -419, -732, 680, 51, -580, -283, 234, -29, 302, 263, 
922, 522, -400, -722, 661, 61, -566, -268, 253, -24, 307, 278, 
922, 517, -405, -719, 663, 56, -575, -258, 258, -34, 292, 263, 
897, 483, -414, -690, 656, 34, -590, -263, 283, -43, 278, 234, 
858, 473, -385, -666, 622, 43, -580, -263, 317, -19, 248, 219, 
854, 502, -351, -678, 602, 75, -546, -248, 380, -4, 239, 200, 
844, 536, -307, -690, 575, 114, -546, -234, 429, 14, 229, 190, 
810, 566, -244, -688, 527, 161, -551, -229, 502, 63, 248, 195, 
790, 585, -204, -688, 497, 190, -551, -219, 580, 146, 297, 219, 
839, 653, -185, -746, 512, 234, -575, -209, 668, 263, 390, 283, 
907, 785, -122, -846, 514, 331, -619, -224, 756, 444, 546, 409, 
941, 907, -34, -924, 488, 436, -697, -268, 844, 668, 771, 580, 
985, 1005, 19, -995, 483, 512, -795, -346, 873, 893, 1010, 775, 
1083, 1156, 73, -1119, 505, 614, -902, -444, 883, 1122, 1283, 995, 
1122, 1298, 175, -1210, 473, 736, -1029, -566, 873, 1366, 1561, 1229, 
1166, 1385, 219, -1276, 473, 802, -1171, -712, 834, 1542, 1790, 1424, 
1307, 1468, 161, -1388, 573, 814, -1312, -849, 722, 1625, 1937, 1571, 
1390, 1517, 126, -1454, 631, 822, -1434, -936, 531, 1595, 2000, 1683, 
1395, 1444, 48, -1420, 673, 746, -1512, -1010, 258, 1381, 1932, 1678, 
1400, 1283, -117, -1342, 758, 583, -1527, -1034, -68, 976, 1649, 1512, 
1395, 1083, -312, -1239, 854, 385, -1454, -1034, -370, 497, 1254, 1263, 
1366, 936, -429, -1151, 897, 253, -1385, -1039, -580, 126, 936, 1049, 
1346, 775, -570, -1061, 958, 102, -1312, -1024, -761, -185, 702, 883, 
1288, 502, -785, -895, 1037, -141, -1229, -985, -971, -527, 429, 673, 
1234, 273, -961, -753, 1098, -344, -1112, -897, -1122, -844, 170, 478, 
1244, 151, -1093, -697, 1168, -470, -990, -761, -1171, -1034, 14, 366, 
1234, 9, -1224, -622, 1229, -607, -907, -629, -1156, -1098, -68, 302, 
1224, -92, -1317, -566, 1271, -705, -854, -541, -1117, -1093, -102, 263, 
1283, -82, -1366, -600, 1324, -724, -834, -478, -1063, -1068, -102, 263, 
1283, -19, -1302, -631, 1293, -661, -854, -453, -976, -980, -43, 312, 
1224, 34, -1190, -629, 1207, -578, -878, -448, -878, -883, 4, 341, 
1215, 126, -1088, -671, 1151, -480, -873, -405, -746, -775, 58, 366, 
1205, 248, -956, -727, 1080, -353, -854, -366, -580, -649, 131, 400, 
1151, 312, -839, -732, 995, -263, -858, -361, -444, -517, 209, 439, 
1102, 322, -780, -712, 941, -229, -873, -370, -361, -453, 239, 429, 
1107, 395, -712, -751, 910, -158, -839, -356, -263, -380, 268, 434, 
1161, 541, -619, -851, 890, -39, -780, -326, -117, -278, 326, 468, 
1146, 585, -561, -866, 854, 12, -761, -326, -14, -209, 336, 463, 
1068, 561, -507, -814, 788, 26, -766, -341, 39, -180, 312, 424, 
1029, 570, -458, -800, 744, 56, -766, -351, 102, -141, 317, 405, 
1024, 600, -424, -812, 724, 87, -751, -351, 151, -102, 322, 385, 
1010, 590, -419, -800, 714, 85, -761, -361, 180, -78, 331, 366, 
990, 590, -400, -790, 695, 95, -746, -351, 209, -43, 336, 361, 
1010, 610, -400, -810, 705, 104, -717, -317, 234, -19, 346, 351, 
1024, 610, -414, -817, 719, 97, -697, -307, 248, -14, 351, 336, 
1005, 590, -414, -797, 710, 87, -683, -297, 263, -9, 351, 336, 
966, 580, -385, -773, 675, 97, -663, -278, 312, 24, 370, 346, 
966, 575, -390, -771, 678, 92, -668, -263, 326, 39, 361, 336, 
966, 575, -390, -771, 678, 92, -668, -263, 331, 39, 361, 331, 
971, 585, -385, -778, 678, 100, -668, -258, 341, 39, 356, 326, 
985, 585, -400, -785, 692, 92, -668, -258, 351, 39, 356, 317, 
976, 566, -409, -771, 692, 78, -663, -248, 331, 29, 351, 297, 
966, 556, -409, -761, 688, 73, -668, -248, 331, 34, 346, 283, 
956, 556, -400, -756, 678, 78, -668, -248, 336, 34, 346, 278, 
946, 561, -385, -753, 666, 87, -663, -239, 346, 39, 356, 287, 
951, 570, -380, -761, 666, 95, -658, -244, 370, 53, 346, 287, 
961, 570, -390, -766, 675, 90, -653, -234, 370, 53, 346, 292, 
971, 570, -400, -771, 685, 85, -649, -229, 370, 48, 346, 292, 
976, 570, -405, -773, 690, 82, -644, -229, 370, 43, 341, 278, 
956, 566, -390, -761, 673, 87, -644, -229, 380, 34, 346, 273, 
966, 566, -400, -766, 683, 82, -644, -229, 380, 39, 346, 278, 
976, 566, -409, -771, 692, 78, -644, -234, 375, 43, 346, 283, 
985, 570, -414, -778, 700, 78, -644, -234, 375, 48, 351, 292, 
976, 580, -395, -778, 685, 92, -634, -219, 390, 63, 361, 292, 
966, 580, -385, -773, 675, 97, -624, -214, 395, 63, 361, 297, 
961, 580, -380, -771, 671, 100, -619, -219, 400, 63, 361, 302, 
961, 580, -380, -771, 671, 100, -610, -214, 414, 63, 361, 307, 
956, 575, -380, -766, 668, 97, -600, -204, 405, 63, 356, 312, 
941, 575, -366, -758, 653, 104, -590, -204, 405, 58, 356, 312, 
936, 575, -361, -756, 649, 107, -590, -204, 405, 58, 356, 312, 
946, 570, -375, -758, 661, 97, -590, -204, 400, 68, 356, 312, 
946, 575, -370, -761, 658, 102, -590, -204, 390, 63, 346, 297, 
946, 575, -370, -761, 658, 102, -590, -200, 390, 53, 346, 297, 
946, 570, -375, -758, 661, 97, -590, -200, 390, 48, 351, 307, 
946, 570, -375, -758, 661, 97, -585, -190, 400, 48, 351, 312, 
946, 556, -390, -751, 668, 82, -570, -180, 395, 48, 341, 307, 
961, 551, -409, -756, 685, 70, -566, -170, 390, 53, 346, 307, 
946, 541, -405, -744, 675, 68, -546, -165, 395, 53, 346, 302, 
946, 527, -419, -736, 683, 53, -536, -161, 390, 58, 351, 297, 
927, 512, -414, -719, 671, 48, -531, -151, 380, 43, 346, 292, 
922, 497, -424, -710, 673, 36, -531, -151, 380, 43, 341, 287, 
917, 478, -439, -697, 678, 19, -527, -151, 380, 39, 336, 287, 
907, 463, -444, -685, 675, 9, -527, -151, 380, 34, 331, 287, 
927, 483, -444, -705, 685, 19, -536, -161, 370, 34, 336, 292, 
956, 497, -458, -727, 707, 19, -536, -151, 370, 43, 341, 292, 
966, 507, -458, -736, 712, 24, -541, -151, 370, 43, 341, 292, 
976, 522, -453, -749, 714, 34, -541, -151, 366, 43, 341, 292, 
971, 512, -458, -741, 714, 26, -546, -156, 380, 63, 356, 307, 
966, 512, -453, -739, 710, 29, -546, -151, 380, 63, 356, 307, 
961, 512, -448, -736, 705, 31, -546, -151, 380, 58, 356, 302, 
961, 517, -444, -739, 702, 36, -546, -151, 380, 58, 356, 297, 
971, 522, -448, -746, 710, 36, -561, -156, 375, 53, 361, 297, 
971, 527, -444, -749, 707, 41, -570, -161, 375, 63, 361, 302, 
966, 531, -434, -749, 700, 48, -580, -165, 375, 63, 366, 302, 
966, 541, -424, -753, 695, 58, -590, -175, 375, 68, 370, 307, 
956, 541, -414, -749, 685, 63, -595, -185, 375, 68, 375, 307, 
956, 541, -414, -749, 685, 63, -600, -175, 380, 68, 375, 312, 
966, 551, -414, -758, 690, 68, -605, -170, 400, 82, 385, 322, 
966, 551, -414, -758, 690, 68, -610, -165, 395, 92, 380, 331, 
956, 546, -409, -751, 683, 68, -610, -151, 405, 97, 390, 326, 
961, 541, -419, -751, 690, 61, -614, -151, 405, 102, 390, 326, 
966, 541, -424, -753, 695, 58, -619, -151, 405, 107, 400, 336, 
971, 536, -434, -753, 702, 51, -624, -151, 405, 107, 400, 336, 
985, 541, -444, -763, 714, 48, -639, -156, 405, 122, 395, 351, 
990, 541, -448, -766, 719, 46, -649, -156, 414, 122, 395, 351, 
995, 531, -463, -763, 729, 34, -663, -161, 414, 122, 395, 351, 
1000, 531, -468, -766, 734, 31, -668, -165, 414, 126, 405, 351, 
1010, 536, -473, -773, 741, 31, -673, -151, 429, 141, 419, 370, 
1015, 536, -478, -775, 746, 29, -673, -146, 439, 151, 429, 375, 
1024, 536, -488, -780, 756, 24, -673, -141, 448, 156, 434, 380, 
1039, 536, -502, -788, 771, 17, -673, -141, 453, 161, 434, 380, 
1039, 556, -483, -797, 761, 36, -658, -126, 478, 180, 448, 409, 
1044, 556, -488, -800, 766, 34, -658, -117, 483, 185, 458, 414, 
1058, 551, -507, -805, 783, 21, -663, -112, 483, 185, 463, 414, 
1058, 551, -507, -805, 783, 21, -663, -107, 483, 185, 473, 414, 
1049, 541, -507, -795, 778, 17, -673, -112, 473, 185, 473, 414, 
1039, 522, -517, -780, 778, 2, -668, -107, 478, 195, 478, 414, 
1034, 512, -522, -773, 778, -4, -692, -107, 483, 195, 478, 419, 
1034, 512, -522, -773, 778, -4, -702, -107, 492, 204, 483, 414, 
1049, 531, -517, -790, 783, 7, -697, -92, 507, 209, 497, 429, 
1049, 536, -512, -793, 780, 12, -692, -87, 512, 214, 502, 434, 
1054, 546, -507, -800, 780, 19, -678, -73, 527, 224, 507, 444, 
1058, 570, -488, -814, 773, 41, -663, -68, 531, 234, 512, 453, 
1068, 585, -483, -827, 775, 51, -668, -73, 531, 229, 507, 463, 
1068, 595, -473, -832, 771, 61, -673, -82, 531, 229, 507, 458, 
1073, 605, -468, -839, 771, 68, -678, -73, 531, 224, 507, 453, 
1078, 619, -458, -849, 768, 80, -678, -63, 531, 224, 512, 453, 
1088, 610, -478, -849, 783, 65, -673, -73, 546, 239, 531, 463, 
1088, 614, -473, -851, 780, 70, -668, -73, 546, 244, 531, 463, 
1098, 624, -473, -861, 785, 75, -663, -73, 551, 239, 531, 463, 
1098, 610, -488, -854, 793, 61, -663, -87, 551, 244, 527, 463, 
1088, 619, -468, -854, 778, 75, -658, -82, 566, 253, 527, 468, 
1083, 624, -458, -854, 771, 82, -649, -78, 566, 253, 536, 483, 
1083, 634, -448, -858, 766, 92, -644, -58, 566, 253, 536, 488, 
1078, 624, -453, -851, 766, 85, -639, -48, 556, 244, 527, 488, 
1068, 614, -453, -841, 761, 80, -653, -53, 556, 234, 517, 483, 
1068, 614, -453, -841, 761, 80, -653, -58, 541, 234, 517, 483, 
1068, 614, -453, -841, 761, 80, -653, -63, 541, 234, 517, 483, 
1068, 614, -453, -841, 761, 80, -653, -73, 536, 224, 512, 478, 
1063, 619, -444, -841, 753, 87, -644, -68, 541, 209, 517, 483, 
1058, 619, -439, -839, 749, 90, -644, -78, 536, 204, 507, 478, 
1054, 629, -424, -841, 739, 102, -653, -73, 531, 204, 507, 478, 
1049, 634, -414, -841, 732, 109, -644, -73, 531, 190, 512, 478, 
1044, 639, -405, -841, 724, 117, -639, -73, 527, 195, 522, 488, 
1034, 644, -390, -839, 712, 126, -644, -82, 522, 195, 517, 488, 
1029, 649, -380, -839, 705, 134, -639, -97, 512, 195, 517, 488, 
1019, 668, -351, -844, 685, 158, -634, -102, 512, 195, 512, 492, 
1015, 653, -361, -834, 688, 146, -624, -92, 522, 195, 522, 483, 
1010, 658, -351, -834, 680, 153, -629, -102, 512, 190, 512, 483, 
1019, 663, -356, -841, 688, 153, -629, -122, 497, 180, 502, 478, 
1029, 673, -356, -851, 692, 158, -629, -136, 492, 170, 502, 478, 
1019, 668, -351, -844, 685, 158, -610, -136, 497, 170, 497, 473, 
1005, 663, -341, -834, 673, 161, -610, -136, 488, 161, 488, 463, 
1000, 658, -341, -829, 671, 158, -610, -136, 473, 151, 473, 458, 
990, 653, -336, -822, 663, 158, -605, -126, 468, 146, 463, 458, 
961, 644, -317, -802, 639, 163, -600, -136, 448, 122, 444, 444, 
956, 624, -331, -790, 644, 146, -600, -146, 434, 112, 434, 429, 
951, 619, -331, -785, 641, 143, -590, -151, 419, 107, 429, 424, 
951, 624, -326, -788, 639, 148, -590, -146, 414, 107, 429, 424, 
956, 614, -341, -785, 649, 136, -575, -146, 409, 102, 419, 414, 
946, 610, -336, -778, 641, 136, -575, -146, 400, 87, 409, 405, 
951, 605, -346, -778, 649, 129, -580, -151, 395, 82, 405, 395, 
971, 605, -366, -788, 668, 119, -580, -151, 385, 73, 400, 390, 
966, 595, -370, -780, 668, 112, -585, -165, 361, 53, 370, 375, 
956, 561, -395, -758, 675, 82, -595, -180, 346, 39, 361, 356, 
936, 551, -385, -744, 661, 82, -600, -195, 326, 34, 351, 341, 
946, 556, -390, -751, 668, 82, -605, -204, 312, 29, 346, 331, 
932, 541, -390, -736, 661, 75, -619, -214, 292, 19, 346, 331, 
922, 536, -385, -729, 653, 75, -629, -224, 283, 14, 346, 326, 
902, 517, -385, -710, 644, 65, -634, -234, 278, 9, 346, 326, 
888, 507, -380, -697, 634, 63, -639, -244, 273, 4, 346, 326, 
902, 527, -375, -714, 639, 75, -639, -244, 278, 9, 356, 326, 
907, 546, -361, -727, 634, 92, -639, -244, 283, 4, 356, 326, 
922, 556, -366, -739, 644, 95, -649, -244, 273, 4, 346, 331, 
936, 575, -361, -756, 649, 107, -649, -244, 278, 9, 346, 331, 
936, 590, -346, -763, 641, 122, -653, -258, 273, 4, 331, 317, 
936, 590, -346, -763, 641, 122, -658, -268, 263, -4, 322, 312, 
941, 580, -361, -761, 651, 109, -668, -278, 248, -9, 317, 307, 
946, 580, -366, -763, 656, 107, -673, -283, 239, -14, 312, 307, 
941, 595, -346, -768, 644, 124, -673, -283, 244, -4, 326, 317, 
941, 595, -346, -768, 644, 124, -673, -287, 248, -9, 326, 312, 
936, 590, -346, -763, 641, 122, -688, -297, 253, -9, 331, 307, 
927, 585, -341, -756, 634, 122, -688, -297, 258, -9, 341, 307, 
922, 575, -346, -749, 634, 114, -683, -302, 244, -14, 326, 297, 
927, 580, -346, -753, 636, 117, -688, -302, 239, -19, 326, 297, 
922, 570, -351, -746, 636, 109, -692, -307, 244, -24, 322, 292, 
922, 566, -356, -744, 639, 104, -697, -312, 239, -29, 312, 292, 
927, 570, -356, -749, 641, 107, -697, -302, 248, -9, 322, 302, 
917, 566, -351, -741, 634, 107, -702, -302, 244, -19, 322, 302, 
932, 570, -361, -751, 646, 104, -702, -307, 244, -24, 317, 297, 
956, 580, -375, -768, 666, 102, -702, -312, 244, -24, 317, 297, 
946, 570, -375, -758, 661, 97, -688, -302, 244, -24, 326, 297, 
936, 566, -370, -751, 653, 97, -688, -297, 248, -29, 331, 302, 
936, 556, -380, -746, 658, 87, -688, -297, 248, -29, 331, 307, 
936, 556, -380, -746, 658, 87, -692, -297, 253, -29, 336, 307, 
946, 566, -380, -756, 663, 92, -692, -302, 244, -29, 326, 292, 
951, 566, -385, -758, 668, 90, -688, -297, 244, -29, 322, 292, 
961, 566, -395, -763, 678, 85, -688, -287, 248, -29, 317, 297, 
961, 566, -395, -763, 678, 85, -683, -283, 248, -29, 312, 297, 
941, 566, -375, -753, 658, 95, -692, -273, 244, -24, 326, 287, 
927, 566, -361, -746, 644, 102, -692, -273, 248, -24, 326, 287, 
946, 566, -380, -756, 663, 92, -683, -273, 253, -24, 326, 287, 
951, 566, -385, -758, 668, 90, -673, -268, 263, -24, 331, 287, 
951, 551, -400, -751, 675, 75, -678, -258, 253, -24, 331, 287, 
951, 541, -409, -746, 680, 65, -678, -248, 253, -24, 331, 287, 
951, 536, -414, -744, 683, 61, -673, -248, 253, -29, 326, 292, 
951, 531, -419, -741, 685, 56, -668, -244, 253, -34, 326, 297, 
951, 546, -405, -749, 678, 70, -658, -244, 263, -34, 326, 307, 
956, 541, -414, -749, 685, 63, -658, -244, 263, -34, 326, 297, 
961, 556, -405, -758, 683, 75, -653, -244, 268, -29, 331, 307, 
980, 561, -419, -771, 700, 70, -649, -239, 268, -29, 336, 312, 
976, 566, -409, -771, 692, 78, -639, -234, 283, -19, 346, 312, 
971, 561, -409, -766, 690, 75, -639, -229, 287, -9, 346, 312, 
966, 556, -409, -761, 688, 73, -639, -224, 292, 0, 351, 312, 
971, 561, -409, -766, 690, 75, -634, -219, 297, 14, 351, 312, 
980, 570, -409, -775, 695, 80, -619, -214, 302, 4, 356, 307, 
961, 566, -395, -763, 678, 85, -614, -209, 297, 4, 351, 302, 
961, 575, -385, -768, 673, 95, -610, -204, 297, 4, 346, 302, 
956, 585, -370, -771, 663, 107, -595, -200, 297, 0, 346, 312, 
956, 585, -370, -771, 663, 107, -585, -190, 302, 4, 356, 317, 
956, 575, -380, -766, 668, 97, -580, -185, 307, 9, 356, 317, 
956, 561, -395, -758, 675, 82, -580, -180, 312, 4, 351, 312, 
956, 561, -395, -758, 675, 82, -580, -175, 317, 9, 351, 312, 
961, 566, -395, -763, 678, 85, -556, -156, 326, 4, 356, 312, 
976, 566, -409, -771, 692, 78, -541, -146, 326, 9, 356, 317, 
966, 561, -405, -763, 685, 78, -531, -156, 322, 9, 351, 317, 
941, 551, -390, -746, 666, 80, -517, -156, 322, 9, 351, 317, 
946, 541, -405, -744, 675, 68, -512, -156, 326, 19, 341, 322, 
956, 561, -395, -758, 675, 82, -497, -151, 326, 19, 341, 336, 
956, 541, -414, -749, 685, 63, -497, -151, 326, 19, 341, 326, 
941, 541, -400, -741, 671, 70, -497, -151, 322, 19, 341, 326, 
946, 546, -400, -746, 673, 73, -497, -136, 322, 19, 351, 341, 
951, 541, -409, -746, 680, 65, -492, -136, 326, 19, 351, 341, 
927, 531, -395, -729, 661, 68, -488, -136, 331, 24, 351, 341, 
897, 527, -370, -712, 634, 78, -478, -136, 336, 24, 351, 346, 
922, 546, -375, -734, 649, 85, -478, -131, 341, 29, 361, 356, 
956, 556, -400, -756, 678, 78, -473, -126, 341, 29, 361, 361, 
976, 566, -409, -771, 692, 78, -473, -122, 341, 29, 361, 366, 
990, 575, -414, -783, 702, 80, -483, -117, 341, 29, 361, 375, 
951, 551, -400, -751, 675, 75, -492, -126, 326, 29, 361, 366, 
936, 551, -385, -744, 661, 82, -488, -117, 326, 34, 370, 375, 
927, 541, -385, -734, 656, 78, -483, -117, 322, 34, 370, 380, 
912, 531, -380, -722, 646, 75, -483, -117, 317, 34, 375, 380, 
927, 541, -385, -734, 656, 78, -492, -107, 322, 39, 366, 366, 
917, 541, -375, -729, 646, 82, -497, -112, 317, 34, 366, 366, 
912, 546, -366, -729, 639, 90, -502, -112, 312, 29, 366, 366, 
932, 551, -380, -741, 656, 85, -502, -107, 307, 24, 366, 366, 
971, 546, -424, -758, 697, 61, -512, -112, 302, 19, 356, 361, 
956, 546, -409, -751, 683, 68, -522, -122, 297, 19, 356, 356, 
941, 546, -395, -744, 668, 75, -531, -136, 287, 19, 351, 346, 
927, 546, -380, -736, 653, 82, -541, -146, 283, 19, 351, 341, 
922, 551, -370, -736, 646, 90, -522, -136, 292, 39, 361, 341, 
961, 551, -409, -756, 685, 70, -531, -146, 287, 29, 351, 336, 
980, 561, -419, -771, 700, 70, -531, -146, 278, 19, 361, 331, 
956, 566, -390, -761, 673, 87, -527, -136, 283, 29, 361, 341, 
951, 561, -390, -756, 671, 85, -517, -136, 273, 19, 361, 341, 
946, 556, -390, -751, 668, 82, -517, -136, 273, 19, 361, 341, 
941, 551, -390, -746, 666, 80, -517, -136, 273, 19, 361, 341, 
936, 546, -390, -741, 663, 78, -517, -136, 273, 19, 361, 341, 
936, 531, -405, -734, 671, 63, -507, -136, 273, 9, 356, 341, 
932, 531, -400, -732, 666, 65, -507, -141, 273, 9, 356, 341, 
932, 531, -400, -732, 666, 65, -507, -141, 273, 14, 356, 341, 
946, 536, -409, -741, 678, 63, -507, -141, 268, 14, 361, 346, 
946, 531, -414, -739, 680, 58, -512, -151, 258, 0, 346, 331, 
932, 517, -414, -724, 673, 51, -522, -161, 253, -9, 336, 312, 
932, 502, -429, -717, 680, 36, -527, -170, 248, -24, 331, 307, 
936, 507, -429, -722, 683, 39, -531, -170, 244, -19, 326, 302, 
951, 512, -439, -732, 695, 36, -541, -170, 239, -29, 326, 307, 
941, 522, -419, -732, 680, 51, -536, -175, 234, -34, 326, 307, 
941, 522, -419, -732, 680, 51, -536, -175, 229, -34, 326, 307, 
951, 522, -429, -736, 690, 46, -536, -180, 224, -29, 326, 307, 
956, 522, -434, -739, 695, 43, -546, -185, 214, -39, 322, 302, 
961, 512, -448, -736, 705, 31, -551, -195, 214, -39, 317, 297, 
956, 507, -448, -732, 702, 29, -551, -200, 214, -39, 312, 292, 
961, 507, -453, -734, 707, 26, -551, -204, 214, -39, 307, 283, 
961, 512, -448, -736, 705, 31, -551, -214, 214, -39, 312, 292, 
961, 512, -448, -736, 705, 31, -551, -214, 214, -39, 312, 292, 
956, 512, -444, -734, 700, 34, -551, -219, 214, -39, 317, 292, 
956, 512, -444, -734, 700, 34, -551, -219, 214, -39, 322, 292, 
956, 507, -448, -732, 702, 29, -561, -219, 214, -53, 312, 283, 
961, 507, -453, -734, 707, 26, -556, -224, 214, -53, 312, 287, 
980, 507, -473, -744, 727, 17, -556, -229, 209, -48, 312, 287, 
971, 502, -468, -736, 719, 17, -556, -234, 209, -48, 302, 287, 
956, 507, -448, -732, 702, 29, -561, -244, 219, -39, 302, 283, 
956, 512, -444, -734, 700, 34, -566, -248, 219, -39, 302, 283, 
956, 502, -453, -729, 705, 24, -570, -248, 214, -39, 302, 278, 
961, 507, -453, -734, 707, 26, -575, -248, 214, -39, 302, 278, 
951, 522, -429, -736, 690, 46, -561, -244, 224, -34, 312, 283, 
951, 522, -429, -736, 690, 46, -561, -244, 229, -29, 317, 287, 
941, 522, -419, -732, 680, 51, -566, -248, 234, -29, 322, 287, 
956, 522, -434, -739, 695, 43, -566, -248, 234, -24, 326, 283, 
956, 536, -419, -746, 688, 58, -556, -234, 244, -14, 336, 287, 
951, 546, -405, -749, 678, 70, -556, -234, 253, -9, 336, 292, 
946, 551, -395, -749, 671, 78, -556, -239, 263, -4, 336, 297, 
946, 561, -385, -753, 666, 87, -556, -239, 273, 0, 336, 302, 
961, 585, -375, -773, 668, 104, -546, -224, 283, 9, 346, 297, 
961, 575, -385, -768, 673, 95, -541, -224, 283, 9, 346, 297, 
951, 561, -390, -756, 671, 85, -541, -224, 283, 9, 346, 297, 
951, 561, -390, -756, 671, 85, -541, -229, 283, 9, 346, 297, 
932, 546, -385, -739, 658, 80, -531, -219, 283, 0, 341, 292, 
917, 531, -385, -724, 651, 73, -531, -224, 283, -9, 331, 287, 
907, 517, -390, -712, 649, 63, -531, -224, 283, 0, 326, 287, 
912, 507, -405, -710, 658, 51, -522, -219, 283, 0, 326, 283, 
936, 527, -409, -732, 673, 58, -507, -209, 283, -4, 326, 287, 
951, 536, -414, -744, 683, 61, -502, -209, 283, -4, 326, 292, 
966, 551, -414, -758, 690, 68, -497, -209, 287, 0, 326, 297, 
971, 561, -409, -766, 690, 75, -492, -204, 287, 9, 331, 307, 
961, 541, -419, -751, 690, 61, -478, -195, 287, -9, 331, 317, 
961, 531, -429, -746, 695, 51, -478, -195, 287, -9, 326, 317, 
951, 522, -429, -736, 690, 46, -478, -195, 287, -9, 326, 317, 
922, 507, -414, -714, 668, 46, -468, -195, 287, -9, 326, 317, 
922, 512, -409, -717, 666, 51, -473, -200, 278, -14, 317, 312, 
927, 522, -405, -724, 666, 58, -483, -204, 278, -14, 312, 307, 
927, 527, -400, -727, 663, 63, -492, -209, 278, -14, 307, 297, 
927, 527, -400, -727, 663, 63, -497, -214, 273, -19, 302, 292, 
927, 517, -409, -722, 668, 53, -507, -229, 263, -29, 312, 297, 
927, 517, -409, -722, 668, 53, -512, -229, 263, -29, 312, 297, 
927, 522, -405, -724, 666, 58, -517, -229, 268, -24, 312, 297, 
941, 527, -414, -734, 678, 56, -517, -229, 268, -24, 312, 297, 
951, 517, -434, -734, 692, 41, -531, -239, 263, -29, 297, 292, 
951, 517, -434, -734, 692, 41, -541, -244, 253, -39, 297, 292, 
946, 517, -429, -732, 688, 43, -546, -248, 244, -43, 297, 292, 
941, 517, -424, -729, 683, 46, -551, -253, 239, -43, 297, 292, 
927, 512, -414, -719, 671, 48, -566, -253, 239, -34, 302, 287, 
927, 507, -419, -717, 673, 43, -566, -253, 239, -34, 302, 287, 
927, 507, -419, -717, 673, 43, -566, -253, 239, -34, 302, 287, 
927, 502, -424, -714, 675, 39, -566, -248, 239, -34, 307, 287, 
902, 512, -390, -707, 646, 61, -561, -258, 248, -39, 307, 283, 
897, 517, -380, -707, 639, 68, -561, -263, 248, -39, 307, 278, 
912, 522, -390, -717, 651, 65, -561, -263, 244, -39, 297, 268, 
922, 522, -400, -722, 661, 61, -561, -268, 239, -43, 297, 263, 
907, 522, -385, -714, 646, 68, -570, -278, 248, -34, 312, 283, 
907, 527, -380, -717, 644, 73, -570, -268, 253, -34, 312, 287, 
902, 531, -370, -717, 636, 80, -570, -268, 253, -29, 312, 297, 
902, 536, -366, -719, 634, 85, -575, -273, 248, -29, 312, 302, 
917, 546, -370, -732, 644, 87, -580, -287, 244, -34, 312, 287, 
932, 556, -375, -744, 653, 90, -585, -292, 239, -34, 312, 287, 
941, 561, -380, -751, 661, 90, -595, -292, 234, -34, 312, 292, 
951, 561, -390, -756, 671, 85, -600, -292, 229, -34, 312, 292, 
936, 570, -366, -753, 651, 102, -595, -283, 239, -24, 317, 292, 
936, 575, -361, -756, 649, 107, -590, -283, 244, -24, 317, 292, 
936, 575, -361, -756, 649, 107, -590, -283, 248, -24, 312, 292, 
936, 566, -370, -751, 653, 97, -585, -278, 244, -29, 312, 292, 
941, 561, -380, -751, 661, 90, -590, -278, 244, -29, 312, 292, 
922, 551, -370, -736, 646, 90, -590, -273, 244, -29, 312, 292, 
912, 531, -380, -722, 646, 75, -595, -268, 244, -53, 297, 268, 
902, 507, -395, -705, 649, 56, -575, -248, 258, -53, 292, 244, 
897, 512, -385, -705, 641, 63, -551, -224, 292, -43, 278, 224, 
888, 502, -385, -695, 636, 58, -522, -185, 336, -48, 258, 200, 
863, 502, -361, -683, 612, 70, -497, -161, 390, -34, 229, 180, 
893, 566, -326, -729, 610, 119, -458, -136, 458, 14, 239, 190, 
897, 624, -273, -761, 585, 175, -463, -122, 512, 73, 268, 204, 
888, 653, -234, -771, 561, 209, -473, -112, 570, 126, 307, 219, 
907, 692, -214, -800, 561, 239, -488, -92, 649, 224, 380, 263, 
917, 756, -161, -836, 539, 297, -531, -97, 727, 375, 497, 351, 
961, 849, -112, -905, 536, 368, -610, -131, 785, 561, 692, 502, 
1073, 1005, -68, -1039, 570, 468, -688, -200, 834, 785, 941, 707, 
1141, 1127, -14, -1134, 578, 556, -795, -307, 854, 1024, 1224, 956, 
1200, 1220, 19, -1210, 590, 619, -961, -458, 814, 1229, 1473, 1171, 
1273, 1346, 73, -1310, 600, 710, -1122, -634, 756, 1395, 1693, 1376, 
1337, 1439, 102, -1388, 617, 771, -1254, -771, 644, 1488, 1859, 1551, 
1371, 1459, 87, -1415, 641, 773, -1385, -888, 444, 1478, 1942, 1664, 
1424, 1424, 0, -1424, 712, 712, -1464, -971, 170, 1312, 1883, 1678, 
1439, 1273, -165, -1356, 802, 553, -1459, -1005, -126, 946, 1639, 1532, 
1405, 1015, -390, -1210, 897, 312, -1395, -1005, -409, 458, 1234, 1244, 
1366, 810, -556, -1088, 961, 126, -1327, -1039, -658, 19, 849, 961, 
1327, 629, -697, -978, 1012, -34, -1273, -1044, -868, -331, 575, 766, 
1278, 375, -902, -827, 1090, -263, -1190, -966, -1068, -673, 302, 575, 
1234, 136, -1098, -685, 1166, -480, -1083, -849, -1229, -990, 43, 390, 
1312, 92, -1220, -702, 1266, -563, -961, -702, -1288, -1180, -122, 287, 
1400, 97, -1302, -749, 1351, -602, -849, -561, -1263, -1234, -185, 244, 
1351, -53, -1405, -649, 1378, -729, -814, -483, -1244, -1249, -229, 185, 
1293, -161, -1454, -566, 1373, -807, -834, -448, -1210, -1224, -248, 165, 
1302, -78, -1381, -612, 1342, -729, -844, -405, -1093, -1107, -170, 214, 
1302, 34, -1268, -668, 1285, -617, -839, -351, -936, -971, -82, 273, 
1273, 107, -1166, -690, 1220, -529, -824, -326, -795, -854, -19, 297, 
1244, 190, -1054, -717, 1149, -431, -814, -317, -639, -736, 53, 351, 
1229, 273, -956, -751, 1093, -341, -829, -322, -502, -614, 141, 400, 
1210, 341, -868, -775, 1039, -263, -834, -322, -390, -522, 200, 419, 
1176, 385, -790, -780, 983, -202, -819, -317, -283, -439, 239, 424, 
1132, 424, -707, -778, 919, -141, -790, -307, -175, -366, 248, 419, 
1088, 468, -619, -778, 854, -75, -751, -297, -92, -297, 258, 405, 
1058, 502, -556, -780, 807, -26, -707, -283, -19, -248, 273, 405, 
1029, 512, -517, -771, 773, -2, -688, -283, 34, -209, 287, 385, 
1005, 522, -483, -763, 744, 19, -673, -292, 73, -180, 273, 346, 
1000, 551, -448, -775, 724, 51, -653, -283, 112, -156, 283, 336, 
1029, 580, -448, -805, 739, 65, -629, -263, 161, -112, 317, 341, 
1019, 570, -448, -795, 734, 61, -610, -239, 195, -78, 336, 341, 
976, 541, -434, -758, 705, 53, -610, -239, 209, -63, 331, 336, 
976, 531, -444, -753, 710, 43, -605, -219, 234, -58, 331, 326, 
1005, 531, -473, -768, 739, 29, -585, -200, 263, -43, 341, 336, 
985, 527, -458, -756, 722, 34, -570, -190, 268, -29, 331, 346, 
966, 527, -439, -746, 702, 43, -570, -185, 273, -29, 331, 341, 
951, 536, -414, -744, 683, 61, -570, -175, 283, -29, 326, 336, 
946, 536, -409, -741, 678, 63, -570, -170, 292, -29, 326, 326, 
961, 531, -429, -746, 695, 51, -580, -180, 278, -43, 312, 307, 
976, 527, -448, -751, 712, 39, -600, -190, 273, -43, 307, 292, 
990, 531, -458, -761, 724, 36, -614, -200, 273, -48, 307, 287, 
1005, 541, -463, -773, 734, 39, -624, -200, 278, -48, 317, 297, 
985, 541, -444, -763, 714, 48, -639, -204, 283, -39, 322, 307, 
980, 541, -439, -761, 710, 51, -644, -204, 283, -34, 326, 312, 
976, 541, -434, -758, 705, 53, -649, -209, 283, -34, 331, 312, 
966, 541, -424, -753, 695, 58, -653, -219, 283, -34, 331, 297, 
951, 541, -409, -746, 680, 65, -658, -224, 278, -48, 322, 278, 
956, 536, -419, -746, 688, 58, -663, -229, 273, -48, 317, 278, 
961, 531, -429, -746, 695, 51, -668, -239, 263, -48, 312, 278, 
966, 531, -434, -749, 700, 48, -673, -244, 258, -48, 312, 283, 
956, 522, -434, -739, 695, 43, -673, -234, 268, -34, 322, 283, 
946, 522, -424, -734, 685, 48, -673, -234, 268, -34, 322, 287, 
941, 522, -419, -732, 680, 51, -678, -244, 268, -34, 322, 292, 
941, 522, -419, -732, 680, 51, -678, -244, 278, -34, 322, 297, 
946, 531, -414, -739, 680, 58, -668, -224, 268, -43, 322, 292, 
941, 536, -405, -739, 673, 65, -658, -224, 268, -48, 317, 292, 
946, 541, -405, -744, 675, 68, -658, -224, 268, -48, 312, 292, 
966, 541, -424, -753, 695, 58, -658, -224, 263, -39, 307, 292, 
956, 517, -439, -736, 697, 39, -663, -229, 258, -43, 297, 283, 
956, 507, -448, -732, 702, 29, -668, -229, 253, -53, 297, 278, 
956, 492, -463, -724, 710, 14, -673, -234, 248, -58, 302, 283, 
956, 483, -473, -719, 714, 4, -673, -229, 253, -58, 302, 283, 
966, 497, -468, -732, 717, 14, -668, -219, 263, -43, 307, 283, 
990, 512, -478, -751, 734, 17, -663, -209, 273, -34, 317, 287, 
985, 522, -463, -753, 724, 29, -644, -204, 292, -29, 322, 287, 
995, 527, -468, -761, 732, 29, -634, -200, 302, -19, 331, 287, 
990, 517, -473, -753, 732, 21, -629, -200, 297, -34, 322, 273, 
990, 517, -473, -753, 732, 21, -629, -200, 292, -34, 322, 268, 
990, 512, -478, -751, 734, 17, -624, -200, 287, -39, 322, 268, 
985, 512, -473, -749, 729, 19, -624, -200, 283, -43, 322, 268, 
976, 517, -458, -746, 717, 29, -614, -200, 287, -34, 326, 283, 
985, 517, -468, -751, 727, 24, -614, -190, 292, -24, 331, 283, 
976, 512, -463, -744, 719, 24, -619, -190, 297, -24, 331, 283, 
966, 512, -453, -739, 710, 29, -619, -190, 297, -24, 331, 283, 
966, 502, -463, -734, 714, 19, -605, -185, 307, -29, 331, 278, 
956, 492, -463, -724, 710, 14, -605, -180, 302, -34, 326, 278, 
946, 483, -463, -714, 705, 9, -605, -180, 297, -43, 322, 273, 
941, 478, -463, -710, 702, 7, -605, -180, 292, -48, 317, 268, 
956, 468, -488, -712, 722, -9, -605, -165, 287, -53, 322, 268, 
961, 468, -492, -714, 727, -12, -600, -161, 287, -43, 322, 273, 
961, 468, -492, -714, 727, -12, -595, -156, 287, -43, 326, 273, 
966, 473, -492, -719, 729, -9, -590, -156, 287, -39, 331, 278, 
985, 483, -502, -734, 744, -9, -575, -151, 302, -34, 351, 283, 
995, 492, -502, -744, 749, -4, -570, -136, 312, -29, 356, 292, 
1015, 512, -502, -763, 758, 4, -566, -126, 336, -9, 370, 307, 
1024, 522, -502, -773, 763, 9, -561, -117, 336, 4, 370, 322, 
1010, 507, -502, -758, 756, 2, -551, -112, 336, 4, 366, 322, 
1000, 492, -507, -746, 753, -7, -556, -112, 336, 4, 361, 317, 
990, 483, -507, -736, 749, -12, -561, -112, 336, 4, 366, 322, 
980, 468, -512, -724, 746, -21, -566, -112, 336, 0, 361, 317, 
1000, 488, -512, -744, 756, -12, -561, -97, 346, 24, 375, 331, 
1010, 492, -517, -751, 763, -12, -561, -87, 356, 24, 375, 331, 
1019, 488, -531, -753, 775, -21, -566, -82, 356, 24, 375, 331, 
1029, 492, -536, -761, 783, -21, -561, -78, 356, 29, 385, 331, 
1024, 488, -536, -756, 780, -24, -546, -63, 351, 39, 380, 341, 
1024, 488, -536, -756, 780, -24, -546, -58, 361, 43, 390, 346, 
1029, 488, -541, -758, 785, -26, -546, -53, 370, 43, 395, 351, 
1039, 488, -551, -763, 795, -31, -546, -53, 375, 43, 395, 351, 
1039, 497, -541, -768, 790, -21, -541, -34, 385, 63, 414, 370, 
1044, 497, -546, -771, 795, -24, -541, -29, 385, 68, 419, 375, 
1058, 492, -566, -775, 812, -36, -546, -29, 380, 68, 419, 375, 
1058, 492, -566, -775, 812, -36, -546, -29, 375, 68, 424, 375, 
1054, 512, -541, -783, 797, -14, -556, -24, 380, 78, 429, 380, 
1049, 502, -546, -775, 797, -21, -541, -19, 390, 87, 439, 385, 
1049, 502, -546, -775, 797, -21, -556, -19, 400, 87, 444, 395, 
1054, 512, -541, -783, 797, -14, -556, -19, 414, 97, 453, 395, 
1049, 522, -527, -785, 788, -2, -575, -24, 405, 107, 463, 395, 
1039, 517, -522, -778, 780, -2, -585, -29, 405, 107, 463, 395, 
1034, 517, -517, -775, 775, 0, -585, -24, 414, 112, 463, 400, 
1029, 531, -497, -780, 763, 17, -585, -29, 414, 117, 463, 405, 
1034, 527, -507, -780, 771, 9, -610, -43, 405, 122, 478, 419, 
1039, 527, -512, -783, 775, 7, -614, -53, 405, 122, 478, 419, 
1049, 527, -522, -788, 785, 2, -619, -43, 405, 117, 478, 419, 
1058, 531, -527, -795, 793, 2, -619, -34, 405, 117, 483, 424, 
1049, 546, -502, -797, 775, 21, -614, -29, 419, 141, 497, 439, 
1049, 566, -483, -807, 766, 41, -610, -24, 429, 146, 502, 444, 
1058, 590, -468, -824, 763, 61, -605, -19, 444, 141, 507, 448, 
1058, 590, -468, -824, 763, 61, -605, -29, 453, 146, 507, 453, 
1063, 590, -473, -827, 768, 58, -614, -39, 448, 141, 492, 448, 
1063, 595, -468, -829, 766, 63, -619, -48, 439, 136, 497, 453, 
1068, 605, -463, -836, 766, 70, -629, -43, 429, 131, 492, 448, 
1068, 595, -473, -832, 771, 61, -639, -48, 409, 117, 478, 439, 
1058, 595, -463, -827, 761, 65, -634, -58, 414, 117, 483, 448, 
1058, 595, -463, -827, 761, 65, -634, -58, 405, 117, 488, 453, 
1058, 595, -463, -827, 761, 65, -634, -58, 409, 117, 492, 458, 
1058, 595, -463, -827, 761, 65, -634, -63, 409, 107, 492, 458, 
1068, 610, -458, -839, 763, 75, -649, -73, 405, 112, 488, 463, 
1068, 610, -458, -839, 763, 75, -653, -87, 400, 107, 478, 458, 
1068, 619, -448, -844, 758, 85, -668, -87, 395, 107, 478, 458, 
1068, 624, -444, -846, 756, 90, -663, -92, 395, 92, 483, 458, 
1078, 619, -458, -849, 768, 80, -668, -102, 380, 82, 483, 463, 
1073, 614, -458, -844, 766, 78, -683, -112, 366, 78, 478, 468, 
1073, 610, -463, -841, 768, 73, -688, -126, 346, 73, 478, 473, 
1068, 619, -448, -844, 758, 85, -692, -131, 336, 68, 473, 483, 
1039, 610, -429, -824, 734, 90, -702, -141, 346, 78, 488, 497, 
1019, 610, -409, -814, 714, 100, -707, -151, 336, 73, 483, 502, 
1015, 610, -405, -812, 710, 102, -707, -170, 322, 63, 478, 502, 
1010, 614, -395, -812, 702, 109, -707, -185, 317, 53, 483, 507, 
1015, 624, -390, -819, 702, 117, -707, -190, 312, 53, 473, 468, 
1015, 624, -390, -819, 702, 117, -707, -195, 302, 43, 458, 434, 
1024, 624, -400, -824, 712, 112, -707, -200, 287, 34, 439, 405, 
1029, 624, -405, -827, 717, 109, -702, -195, 283, 29, 424, 380, 
1010, 619, -390, -814, 700, 114, -697, -195, 278, 24, 419, 385, 
1005, 605, -400, -805, 702, 102, -697, -204, 268, 14, 414, 380, 
1000, 605, -395, -802, 697, 104, -688, -209, 258, 9, 414, 385, 
1000, 614, -385, -807, 692, 114, -688, -204, 258, 9, 419, 395, 
1000, 614, -385, -807, 692, 114, -683, -204, 258, 9, 429, 395, 
985, 610, -375, -797, 680, 117, -683, -204, 253, 0, 419, 385, 
985, 605, -380, -795, 683, 112, -688, -209, 253, 0, 414, 375, 
1000, 605, -395, -802, 697, 104, -688, -209, 248, -4, 409, 370, 
990, 614, -375, -802, 683, 119, -678, -224, 239, -19, 385, 356, 
985, 590, -395, -788, 690, 97, -683, -229, 229, -29, 380, 336, 
971, 590, -380, -780, 675, 104, -683, -234, 214, -29, 375, 322, 
985, 605, -380, -795, 683, 112, -683, -234, 204, -29, 375, 312, 
990, 585, -405, -788, 697, 90, -673, -239, 200, -48, 370, 292, 
990, 575, -414, -783, 702, 80, -678, -244, 195, -53, 366, 278, 
980, 551, -429, -766, 705, 61, -678, -248, 195, -58, 361, 268, 
976, 536, -439, -756, 707, 48, -678, -253, 195, -63, 356, 258, 
980, 551, -429, -766, 705, 61, -673, -248, 204, -58, 366, 268, 
976, 556, -419, -766, 697, 68, -668, -244, 204, -63, 366, 268, 
980, 551, -429, -766, 705, 61, -673, -239, 190, -63, 356, 273, 
985, 556, -429, -771, 707, 63, -668, -234, 190, -58, 356, 273, 
976, 570, -405, -773, 690, 82, -668, -224, 185, -58, 346, 268, 
976, 570, -405, -773, 690, 82, -668, -229, 185, -63, 341, 263, 
980, 561, -419, -771, 700, 70, -673, -234, 180, -63, 341, 258, 
985, 561, -424, -773, 705, 68, -673, -234, 180, -63, 341, 258, 
990, 561, -429, -775, 710, 65, -663, -229, 170, -73, 346, 273, 
990, 556, -434, -773, 712, 61, -663, -229, 170, -78, 346, 283, 
985, 546, -439, -766, 712, 53, -678, -234, 170, -78, 351, 292, 
976, 536, -439, -756, 707, 48, -678, -229, 170, -78, 361, 307, 
980, 536, -444, -758, 712, 46, -668, -224, 165, -87, 346, 322, 
995, 551, -444, -773, 719, 53, -668, -214, 161, -87, 346, 326, 
1000, 551, -448, -775, 724, 51, -668, -209, 165, -87, 341, 326, 
1010, 556, -453, -783, 732, 51, -668, -204, 161, -87, 331, 331, 
1000, 551, -448, -775, 724, 51, -658, -200, 151, -87, 322, 326, 
985, 536, -448, -761, 717, 43, -653, -195, 146, -97, 322, 322, 
995, 531, -463, -763, 729, 34, -644, -195, 146, -102, 317, 312, 
1015, 531, -483, -773, 749, 24, -634, -195, 146, -102, 317, 307, 
966, 522, -444, -744, 705, 39, -619, -175, 161, -107, 312, 326, 
927, 478, -448, -702, 688, 14, -649, -190, 131, -117, 302, 312, 
936, 478, -458, -707, 697, 9, -649, -200, 126, -122, 297, 326, 
936, 488, -448, -712, 692, 19, -634, -190, 136, -107, 317, 336, 
917, 488, -429, -702, 673, 29, -614, -175, 146, -97, 322, 331, 
936, 492, -444, -714, 690, 24, -605, -165, 136, -107, 322, 322, 
946, 497, -448, -722, 697, 24, -605, -165, 136, -107, 322, 322, 
956, 502, -453, -729, 705, 24, -605, -165, 136, -107, 322, 322, 
966, 507, -458, -736, 712, 24, -605, -165, 136, -107, 322, 322, 
961, 522, -439, -741, 700, 41, -605, -170, 136, -107, 326, 331, 
961, 531, -429, -746, 695, 51, -605, -180, 136, -107, 326, 331, 
966, 541, -424, -753, 695, 58, -605, -185, 136, -102, 326, 331, 
985, 556, -429, -771, 707, 63, -605, -190, 131, -102, 331, 336, 
961, 551, -409, -756, 685, 70, -619, -219, 122, -117, 326, 326, 
932, 536, -395, -734, 663, 70, -639, -248, 117, -126, 317, 302, 
917, 522, -395, -719, 656, 63, -653, -278, 112, -141, 312, 292, 
907, 527, -380, -717, 644, 73, -668, -297, 107, -136, 307, 283, 
936, 546, -390, -741, 663, 78, -658, -302, 122, -122, 312, 297, 
932, 561, -370, -746, 651, 95, -653, -302, 126, -122, 317, 297, 
936, 566, -370, -751, 653, 97, -653, -297, 131, -117, 322, 297, 
951, 570, -380, -761, 666, 95, -653, -297, 136, -107, 326, 297, 
941, 585, -356, -763, 649, 114, -658, -307, 136, -107, 326, 297, 
941, 580, -361, -761, 651, 109, -668, -312, 136, -107, 326, 297, 
932, 580, -351, -756, 641, 114, -673, -312, 136, -107, 326, 297, 
932, 585, -346, -758, 639, 119, -678, -312, 136, -107, 326, 292, 
936, 585, -351, -761, 644, 117, -668, -302, 126, -107, 322, 302, 
941, 580, -361, -761, 651, 109, -668, -302, 126, -107, 322, 302, 
941, 575, -366, -758, 653, 104, -668, -307, 126, -107, 326, 302, 
946, 570, -375, -758, 661, 97, -668, -307, 126, -107, 331, 302, 
941, 561, -380, -751, 661, 90, -653, -297, 126, -112, 322, 312, 
941, 566, -375, -753, 658, 95, -644, -292, 126, -112, 322, 317, 
956, 570, -385, -763, 671, 92, -639, -287, 122, -107, 322, 317, 
941, 570, -370, -756, 656, 100, -634, -283, 122, -107, 312, 317, 
946, 580, -366, -763, 656, 107, -644, -278, 131, -107, 322, 322, 
946, 580, -366, -763, 656, 107, -644, -278, 131, -107, 322, 322, 
946, 566, -380, -756, 663, 92, -644, -273, 126, -107, 322, 317, 
951, 566, -385, -758, 668, 90, -644, -268, 126, -107, 322, 317, 
941, 561, -380, -751, 661, 90, -639, -278, 117, -112, 322, 312, 
941, 551, -390, -746, 666, 80, -639, -283, 112, -117, 317, 317, 
932, 541, -390, -736, 661, 75, -644, -292, 107, -126, 312, 317, 
946, 531, -414, -739, 680, 58, -644, -297, 97, -131, 307, 312, 
961, 536, -424, -749, 692, 56, -639, -287, 107, -126, 307, 302, 
961, 536, -424, -749, 692, 56, -634, -283, 107, -126, 307, 302, 
961, 531, -429, -746, 695, 51, -629, -283, 107, -126, 307, 302, 
966, 531, -434, -749, 700, 48, -624, -278, 107, -126, 307, 302, 
966, 541, -424, -753, 695, 58, -624, -263, 97, -136, 307, 297, 
961, 527, -434, -744, 697, 46, -619, -263, 97, -136, 307, 297, 
946, 507, -439, -727, 692, 34, -619, -263, 97, -136, 307, 297, 
941, 502, -439, -722, 690, 31, -619, -268, 97, -136, 307, 297, 
932, 507, -424, -719, 678, 41, -614, -258, 102, -131, 317, 302, 
927, 512, -414, -719, 671, 48, -610, -263, 107, -136, 312, 307, 
927, 517, -409, -722, 668, 53, -605, -263, 112, -122, 312, 317, 
941, 527, -414, -734, 678, 56, -590, -258, 117, -117, 317, 322, 
946, 536, -409, -741, 678, 63, -600, -253, 117, -122, 317, 331, 
951, 536, -414, -744, 683, 61, -600, -248, 117, -122, 317, 331, 
956, 541, -414, -749, 685, 63, -600, -244, 122, -117, 317, 331, 
951, 541, -409, -746, 680, 65, -600, -234, 122, -107, 322, 336, 
956, 541, -414, -749, 685, 63, -585, -224, 122, -107, 331, 346, 
971, 541, -429, -756, 700, 56, -585, -224, 122, -107, 326, 346, 
976, 541, -434, -758, 705, 53, -585, -224, 122, -107, 326, 346, 
961, 536, -424, -749, 692, 56, -575, -224, 122, -107, 326, 346, 
956, 527, -429, -741, 692, 48, -580, -224, 112, -112, 331, 356, 
956, 531, -424, -744, 690, 53, -590, -224, 112, -112, 331, 356, 
951, 531, -419, -741, 685, 56, -600, -224, 112, -112, 331, 351, 
946, 527, -419, -736, 683, 53, -605, -224, 107, -117, 331, 351, 
966, 536, -429, -751, 697, 53, -600, -224, 107, -107, 322, 336, 
976, 536, -439, -756, 707, 48, -600, -219, 107, -107, 322, 336, 
985, 541, -444, -763, 714, 48, -600, -214, 112, -102, 322, 336, 
1010, 546, -463, -778, 736, 41, -595, -209, 112, -102, 322, 336, 
1005, 541, -463, -773, 734, 39, -580, -204, 112, -102, 326, 341, 
1000, 536, -463, -768, 732, 36, -580, -204, 107, -107, 326, 341, 
990, 531, -458, -761, 724, 36, -575, -204, 102, -107, 326, 341, 
980, 527, -453, -753, 717, 36, -570, -204, 102, -102, 326, 341, 
985, 517, -468, -751, 727, 24, -575, -200, 92, -112, 322, 326, 
985, 517, -468, -751, 727, 24, -575, -195, 92, -112, 322, 326, 
985, 522, -463, -753, 724, 29, -575, -190, 92, -112, 322, 326, 
985, 522, -463, -753, 724, 29, -575, -180, 92, -112, 326, 326, 
966, 512, -453, -739, 710, 29, -580, -185, 87, -126, 312, 312, 
966, 507, -458, -736, 712, 24, -580, -195, 82, -126, 307, 307, 
985, 502, -483, -744, 734, 9, -580, -200, 73, -126, 292, 297, 
1000, 492, -507, -746, 753, -7, -580, -209, 63, -131, 287, 292, 
1000, 497, -502, -749, 751, -2, -580, -209, 73, -131, 297, 307, 
1015, 507, -507, -761, 761, 0, -580, -200, 78, -131, 302, 307, 
1024, 517, -507, -771, 766, 4, -580, -200, 78, -126, 307, 312, 
1039, 527, -512, -783, 775, 7, -585, -204, 73, -126, 312, 312, 
1034, 527, -507, -780, 771, 9, -595, -209, 63, -141, 302, 297, 
1029, 527, -502, -778, 766, 12, -605, -214, 63, -141, 302, 297, 
1019, 522, -497, -771, 758, 12, -619, -214, 63, -141, 302, 302, 
1010, 512, -497, -761, 753, 7, -629, -214, 63, -141, 302, 302, 
1000, 522, -478, -761, 739, 21, -614, -219, 68, -131, 307, 302, 
995, 527, -468, -761, 732, 29, -610, -224, 68, -131, 307, 302, 
990, 527, -463, -758, 727, 31, -610, -229, 68, -131, 302, 302, 
985, 517, -468, -751, 727, 24, -605, -229, 58, -136, 302, 302, 
990, 502, -488, -746, 739, 7, -590, -239, 68, -146, 292, 302, 
961, 483, -478, -722, 719, 2, -590, -244, 58, -156, 273, 273, 
951, 502, -448, -727, 700, 26, -566, -219, 87, -141, 278, 278, 
951, 517, -434, -734, 692, 41, -536, -200, 122, -131, 283, 283, 
976, 531, -444, -753, 710, 43, -522, -185, 156, -122, 268, 263, 
946, 541, -405, -744, 675, 68, -502, -156, 219, -107, 248, 239, 
893, 541, -351, -717, 622, 95, -478, -141, 283, -92, 239, 209, 
883, 575, -307, -729, 595, 134, -488, -156, 341, -63, 239, 200, 
907, 614, -292, -761, 600, 161, -502, -141, 405, 14, 268, 224, 
917, 663, -253, -790, 585, 204, -512, -102, 502, 136, 356, 287, 
927, 722, -204, -824, 566, 258, -536, -82, 610, 292, 488, 390, 
976, 805, -170, -890, 573, 317, -590, -107, 688, 473, 644, 507, 
1049, 936, -112, -993, 580, 412, -678, -200, 736, 678, 858, 678, 
1112, 1083, -29, -1098, 570, 527, -805, -336, 766, 912, 1117, 902, 
1171, 1215, 43, -1193, 563, 629, -971, -492, 756, 1151, 1390, 1132, 
1259, 1337, 78, -1298, 590, 707, -1137, -673, 697, 1327, 1620, 1346, 
1342, 1473, 131, -1407, 605, 802, -1307, -839, 570, 1434, 1820, 1542, 
1415, 1556, 141, -1485, 636, 849, -1449, -985, 400, 1478, 1956, 1708, 
1420, 1537, 117, -1478, 651, 827, -1590, -1141, 151, 1351, 1971, 1761, 
1444, 1464, 19, -1454, 712, 741, -1668, -1263, -141, 1039, 1805, 1688, 
1449, 1293, -156, -1371, 802, 568, -1625, -1298, -439, 575, 1464, 1473, 
1366, 1015, -351, -1190, 858, 331, -1551, -1288, -741, 58, 1019, 1176, 
1346, 829, -517, -1088, 932, 156, -1444, -1244, -980, -331, 702, 941, 
1376, 668, -707, -1022, 1041, -19, -1302, -1102, -1132, -624, 478, 775, 
1317, 405, -912, -861, 1115, -253, -1171, -966, -1312, -936, 214, 566, 
1254, 204, -1049, -729, 1151, -422, -1063, -868, -1454, -1195, -24, 380, 
1302, 131, -1171, -717, 1237, -519, -1010, -761, -1473, -1288, -131, 297, 
1351, 68, -1283, -710, 1317, -607, -995, -639, -1410, -1283, -175, 263, 
1332, -14, -1346, -658, 1339, -680, -990, -561, -1332, -1239, -190, 253, 
1302, 24, -1278, -663, 1290, -627, -971, -488, -1190, -1117, -122, 292, 
1322, 146, -1176, -734, 1249, -514, -951, -434, -1015, -961, -24, 351, 
1302, 248, -1054, -775, 1178, -402, -936, -419, -878, -854, 34, 380, 
1254, 312, -941, -783, 1098, -314, -902, -424, -756, -746, 87, 405, 
1234, 366, -868, -800, 1051, -251, -893, -424, -639, -649, 141, 439, 
1229, 400, -829, -814, 1029, -214, -888, -439, -551, -585, 180, 458, 
1171, 390, -780, -780, 976, -195, -863, -419, -468, -522, 209, 458, 
1117, 414, -702, -766, 910, -143, -839, -405, -390, -468, 219, 444, 
1102, 444, -658, -773, 880, -107, -810, -405, -312, -424, 229, 429, 
1078, 478, -600, -778, 839, -61, -790, -405, -248, -385, 239, 414, 
1039, 473, -566, -756, 802, -46, -775, -390, -195, -346, 234, 395, 
990, 453, -536, -722, 763, -41, -766, -390, -161, -326, 219, 346, 
985, 473, -512, -729, 749, -19, -741, -380, -122, -297, 224, 317, 
1010, 512, -497, -761, 753, 7, -712, -351, -82, -253, 244, 307, 
1029, 541, -488, -785, 758, 26, -678, -322, -43, -219, 268, 302, 
1019, 551, -468, -785, 744, 41, -658, -297, -19, -195, 278, 312, 
976, 541, -434, -758, 705, 53, -649, -287, 4, -180, 292, 317, 
936, 512, -424, -724, 680, 43, -644, -278, 9, -185, 283, 307, 
956, 512, -444, -734, 700, 34, -634, -268, 19, -180, 273, 317, 
966, 517, -448, -741, 707, 34, -629, -253, 34, -165, 273, 326, 
966, 517, -448, -741, 707, 34, -629, -253, 39, -165, 273, 322, 
971, 527, -444, -749, 707, 41, -629, -248, 48, -165, 268, 317, 
985, 527, -458, -756, 722, 34, -629, -248, 58, -165, 268, 307, 
976, 517, -458, -746, 717, 29, -624, -244, 39, -165, 273, 287, 
976, 507, -468, -741, 722, 19, -629, -239, 39, -161, 268, 273, 
976, 507, -468, -741, 722, 19, -629, -234, 43, -161, 268, 268, 
976, 512, -463, -744, 719, 24, -624, -219, 53, -156, 278, 278, 
976, 512, -463, -744, 719, 24, -619, -204, 58, -161, 278, 278, 
980, 512, -468, -746, 724, 21, -614, -195, 58, -161, 278, 283, 
985, 512, -473, -749, 729, 19, -610, -190, 58, -165, 278, 283, 
985, 512, -473, -749, 729, 19, -605, -190, 58, -170, 273, 268, 
971, 502, -468, -736, 719, 17, -614, -204, 53, -180, 258, 258, 
976, 497, -478, -736, 727, 9, -624, -209, 48, -175, 258, 258, 
980, 492, -488, -736, 734, 2, -634, -219, 39, -170, 258, 258, 
985, 492, -492, -739, 739, 0, -644, -224, 34, -165, 263, 263, 
976, 478, -497, -727, 736, -9, -644, -200, 34, -165, 253, 263, 
966, 473, -492, -719, 729, -9, -644, -195, 34, -170, 253, 268, 
961, 468, -492, -714, 727, -12, -649, -200, 34, -175, 253, 273, 
961, 463, -497, -712, 729, -17, -649, -195, 43, -180, 253, 278, 
976, 478, -497, -727, 736, -9, -649, -175, 43, -175, 258, 283, 
980, 488, -492, -734, 736, -2, -639, -175, 43, -175, 258, 283, 
995, 497, -497, -746, 746, 0, -639, -175, 43, -170, 258, 283, 
1024, 502, -522, -763, 773, -9, -639, -175, 39, -156, 258, 283, 
1015, 492, -522, -753, 768, -14, -649, -185, 34, -161, 248, 268, 
1015, 488, -527, -751, 771, -19, -649, -180, 29, -170, 248, 268, 
1015, 478, -536, -746, 775, -29, -649, -180, 24, -175, 253, 278, 
1015, 473, -541, -744, 778, -34, -644, -170, 29, -175, 253, 283, 
1005, 463, -541, -734, 773, -39, -649, -170, 19, -185, 244, 292, 
1010, 463, -546, -736, 778, -41, -653, -161, 19, -180, 248, 297, 
985, 458, -527, -722, 756, -34, -644, -156, 29, -180, 248, 297, 
976, 448, -527, -712, 751, -39, -644, -151, 29, -175, 253, 297, 
985, 453, -531, -719, 758, -39, -649, -156, 39, -175, 244, 292, 
990, 458, -531, -724, 761, -36, -649, -161, 39, -170, 244, 287, 
995, 458, -536, -727, 766, -39, -644, -165, 39, -170, 244, 287, 
995, 463, -531, -729, 763, -34, -644, -170, 39, -170, 244, 287, 
985, 478, -507, -732, 746, -14, -629, -161, 53, -161, 253, 302, 
995, 478, -517, -736, 756, -19, -624, -151, 58, -151, 263, 302, 
985, 473, -512, -729, 749, -19, -624, -151, 63, -151, 268, 302, 
976, 473, -502, -724, 739, -14, -619, -151, 63, -151, 273, 302, 
985, 483, -502, -734, 744, -9, -619, -161, 73, -151, 273, 302, 
985, 483, -502, -734, 744, -9, -624, -161, 68, -151, 268, 297, 
985, 483, -502, -734, 744, -9, -629, -165, 63, -156, 263, 287, 
990, 488, -502, -739, 746, -7, -634, -170, 58, -156, 258, 278, 
1010, 502, -507, -756, 758, -2, -624, -175, 78, -136, 278, 283, 
1019, 507, -512, -763, 766, -2, -619, -170, 92, -122, 283, 292, 
1024, 512, -512, -768, 768, 0, -614, -165, 107, -117, 292, 297, 
1034, 522, -512, -778, 773, 4, -610, -165, 122, -107, 302, 307, 
1024, 522, -502, -773, 763, 9, -619, -156, 146, -107, 322, 317, 
966, 483, -483, -724, 724, 0, -639, -185, 136, -117, 307, 312, 
