I, II, III, aVR, aVL, aVF, V1, V2, V3, V4, V5, V6, 
-253, -478, -224, 366, -14, -351, -117, 790, -87, 136, -1259, 448, 
-253, -478, -224, 366, -14, -351, -117, 790, -87, 136, -1259, 448, 
-253, -478, -224, 366, -14, -351, -117, 790, -87, 136, -1259, 448, 
-253, -478, -224, 366, -14, -351, -117, 790, -87, 136, -1259, 448, 
-263, -488, -224, 375, -19, -356, -126, 780, -97, 136, -1249, 439, 
-263, -488, -224, 375, -19, -356, -126, 780, -97, 136, -1249, 439, 
-263, -488, -224, 375, -19, -356, -126, 780, -97, 136, -1249, 439, 
-263, -488, -224, 375, -19, -356, -126, 780, -97, 136, -1249, 439, 
-263, -497, -234, 380, -14, -366, -126, 766, -102, 131, -1259, 448, 
-263, -497, -234, 380, -14, -366, -126, 761, -107, 126, -1259, 448, 
-263, -497, -234, 380, -14, -366, -126, 756, -112, 122, -1259, 448, 
-263, -497, -234, 380, -14, -366, -126, 751, -117, 117, -1259, 448, 
-263, -488, -224, 375, -19, -356, -136, 741, -126, 107, -1268, 439, 
-263, -488, -224, 375, -19, -356, -136, 741, -126, 107, -1268, 439, 
-263, -488, -224, 375, -19, -356, -136, 741, -126, 107, -1268, 439, 
-263, -488, -224, 375, -19, -356, -136, 741, -126, 107, -1268, 439, 
-268, -497, -229, 383, -19, -363, -126, 741, -126, 107, -1268, 439, 
-273, -497, -224, 385, -24, -361, -126, 741, -126, 107, -1268, 439, 
-278, -497, -219, 387, -29, -358, -126, 741, -126, 107, -1268, 439, 
-283, -497, -214, 390, -34, -356, -126, 741, -126, 107, -1268, 439, 
-273, -507, -234, 390, -19, -370, -117, 736, -141, 102, -1278, 429, 
-273, -507, -234, 390, -19, -370, -117, 732, -146, 97, -1278, 429, 
-273, -507, -234, 390, -19, -370, -117, 727, -151, 92, -1278, 429, 
-273, -507, -234, 390, -19, -370, -117, 722, -156, 87, -1278, 429, 
-263, -497, -234, 380, -14, -366, -117, 732, -156, 87, -1288, 424, 
-263, -497, -234, 380, -14, -366, -117, 732, -156, 87, -1288, 419, 
-263, -497, -234, 380, -14, -366, -117, 732, -156, 87, -1288, 414, 
-263, -497, -234, 380, -14, -366, -117, 732, -156, 87, -1288, 409, 
-263, -507, -244, 385, -9, -375, -126, 722, -161, 82, -1288, 409, 
-263, -507, -244, 385, -9, -375, -126, 722, -165, 78, -1288, 409, 
-263, -507, -244, 385, -9, -375, -126, 722, -170, 73, -1288, 409, 
-263, -507, -244, 385, -9, -375, -126, 722, -175, 68, -1288, 409, 
-268, -507, -239, 387, -14, -373, -122, 732, -170, 78, -1283, 424, 
-273, -507, -234, 390, -19, -370, -117, 732, -165, 78, -1278, 429, 
-278, -507, -229, 392, -24, -368, -112, 732, -161, 78, -1273, 434, 
-283, -507, -224, 395, -29, -366, -107, 732, -156, 78, -1268, 439, 
-283, -507, -224, 395, -29, -366, -112, 732, -146, 87, -1259, 439, 
-283, -507, -224, 395, -29, -366, -117, 732, -146, 87, -1259, 439, 
-283, -507, -224, 395, -29, -366, -122, 732, -146, 87, -1259, 439, 
-283, -507, -224, 395, -29, -366, -126, 732, -146, 87, -1259, 439, 
-273, -507, -234, 390, -19, -370, -126, 732, -146, 102, -1254, 439, 
-273, -507, -234, 390, -19, -370, -126, 732, -146, 107, -1249, 439, 
-273, -507, -234, 390, -19, -370, -126, 732, -146, 112, -1244, 439, 
-273, -507, -234, 390, -19, -370, -126, 732, -146, 117, -1239, 439, 
-273, -497, -224, 385, -24, -361, -112, 741, -141, 117, -1229, 444, 
-273, -497, -224, 385, -24, -361, -107, 741, -136, 117, -1229, 448, 
-273, -497, -224, 385, -24, -361, -102, 741, -131, 117, -1229, 453, 
-273, -497, -224, 385, -24, -361, -97, 741, -126, 117, -1229, 458, 
-273, -488, -214, 380, -29, -351, -107, 732, -126, 126, -1220, 458, 
-273, -488, -214, 380, -29, -351, -107, 732, -126, 126, -1220, 458, 
-273, -488, -214, 380, -29, -351, -107, 732, -126, 126, -1220, 458, 
-273, -488, -214, 380, -29, -351, -107, 732, -126, 126, -1220, 458, 
-268, -483, -214, 375, -26, -348, -112, 741, -122, 136, -1210, 458, 
-263, -478, -214, 370, -24, -346, -117, 741, -117, 136, -1210, 458, 
-258, -473, -214, 366, -21, -344, -122, 741, -112, 136, -1210, 458, 
-253, -468, -214, 361, -19, -341, -126, 741, -107, 136, -1210, 458, 
-253, -468, -214, 361, -19, -341, -117, 746, -97, 146, -1205, 463, 
-253, -468, -214, 361, -19, -341, -117, 751, -97, 146, -1200, 468, 
-253, -468, -214, 361, -19, -341, -117, 756, -97, 146, -1195, 473, 
-253, -468, -214, 361, -19, -341, -117, 761, -97, 146, -1190, 478, 
-253, -458, -204, 356, -24, -331, -112, 771, -87, 151, -1185, 488, 
-253, -458, -204, 356, -24, -331, -107, 771, -87, 156, -1180, 488, 
-253, -458, -204, 356, -24, -331, -102, 771, -87, 161, -1176, 488, 
-253, -458, -204, 356, -24, -331, -97, 771, -87, 165, -1171, 488, 
-244, -458, -214, 351, -14, -336, -112, 766, -97, 156, -1180, 483, 
-234, -458, -224, 346, -4, -341, -117, 761, -97, 156, -1180, 478, 
-224, -458, -234, 341, 4, -346, -122, 756, -97, 156, -1180, 473, 
-214, -458, -244, 336, 14, -351, -126, 751, -97, 156, -1180, 468, 
-234, -468, -234, 351, 0, -351, -112, 756, -87, 170, -1171, 478, 
-253, -468, -214, 361, -19, -341, -107, 761, -78, 175, -1161, 488, 
-273, -468, -195, 370, -39, -331, -102, 766, -68, 180, -1151, 497, 
-292, -468, -175, 380, -58, -322, -97, 771, -58, 185, -1141, 507, 
-278, -463, -185, 370, -46, -324, -97, 771, -68, 195, -1141, 507, 
-273, -458, -185, 366, -43, -322, -97, 771, -68, 195, -1141, 507, 
-268, -453, -185, 361, -41, -319, -97, 771, -68, 195, -1141, 507, 
-263, -448, -185, 356, -39, -317, -97, 771, -68, 195, -1141, 507, 
-253, -458, -204, 356, -24, -331, -107, 766, -73, 190, -1141, 507, 
-253, -458, -204, 356, -24, -331, -107, 761, -78, 185, -1141, 507, 
-253, -458, -204, 356, -24, -331, -107, 756, -82, 180, -1141, 507, 
-253, -458, -204, 356, -24, -331, -107, 751, -87, 175, -1141, 507, 
-248, -458, -209, 353, -19, -334, -107, 751, -78, 175, -1132, 497, 
-244, -458, -214, 351, -14, -336, -107, 751, -78, 175, -1132, 497, 
-239, -458, -219, 348, -9, -339, -107, 751, -78, 175, -1132, 497, 
-234, -458, -224, 346, -4, -341, -107, 751, -78, 175, -1132, 497, 
-239, -458, -219, 348, -9, -339, -117, 761, -78, 185, -1122, 507, 
-244, -458, -214, 351, -14, -336, -117, 761, -78, 185, -1122, 507, 
-248, -458, -209, 353, -19, -334, -117, 761, -78, 185, -1122, 507, 
-253, -458, -204, 356, -24, -331, -117, 761, -78, 185, -1122, 507, 
-244, -458, -214, 351, -14, -336, -117, 746, -82, 175, -1132, 497, 
-244, -458, -214, 351, -14, -336, -117, 741, -87, 175, -1132, 497, 
-244, -458, -214, 351, -14, -336, -117, 736, -92, 175, -1132, 497, 
-244, -458, -214, 351, -14, -336, -117, 732, -97, 175, -1132, 497, 
-244, -448, -204, 346, -19, -326, -107, 732, -97, 175, -1132, 507, 
-244, -448, -204, 346, -19, -326, -107, 732, -97, 175, -1132, 507, 
-244, -448, -204, 346, -19, -326, -107, 732, -97, 175, -1132, 507, 
-244, -448, -204, 346, -19, -326, -107, 732, -97, 175, -1132, 507, 
-234, -448, -214, 341, -9, -331, -107, 732, -87, 165, -1122, 497, 
-234, -448, -214, 341, -9, -331, -107, 732, -87, 165, -1122, 497, 
-234, -448, -214, 341, -9, -331, -107, 732, -87, 165, -1122, 497, 
-234, -448, -214, 341, -9, -331, -107, 732, -87, 165, -1122, 497, 
-234, -448, -214, 341, -9, -331, -97, 722, -87, 175, -1132, 497, 
-234, -448, -214, 341, -9, -331, -97, 722, -87, 175, -1132, 497, 
-234, -448, -214, 341, -9, -331, -97, 722, -87, 175, -1132, 497, 
-234, -448, -214, 341, -9, -331, -97, 722, -87, 175, -1132, 497, 
-244, -448, -204, 346, -19, -326, -97, 722, -78, 175, -1127, 507, 
-244, -448, -204, 346, -19, -326, -97, 722, -78, 175, -1122, 507, 
-244, -448, -204, 346, -19, -326, -97, 722, -78, 175, -1117, 507, 
-244, -448, -204, 346, -19, -326, -97, 722, -78, 175, -1112, 507, 
-229, -458, -229, 344, 0, -344, -102, 712, -92, 170, -1117, 502, 
-224, -458, -234, 341, 4, -346, -107, 712, -97, 165, -1122, 497, 
-219, -458, -239, 339, 9, -348, -112, 712, -102, 161, -1127, 492, 
-214, -458, -244, 336, 14, -351, -117, 712, -107, 156, -1132, 488, 
-214, -444, -229, 329, 7, -336, -112, 712, -97, 165, -1127, 492, 
-214, -439, -224, 326, 4, -331, -107, 712, -97, 165, -1122, 497, 
-214, -434, -219, 324, 2, -326, -102, 712, -97, 165, -1117, 502, 
-214, -429, -214, 322, 0, -322, -97, 712, -97, 165, -1112, 507, 
-224, -419, -195, 322, -14, -307, -87, 727, -92, 175, -1112, 497, 
-224, -419, -195, 322, -14, -307, -78, 732, -87, 175, -1112, 497, 
-224, -419, -195, 322, -14, -307, -68, 736, -82, 175, -1112, 497, 
-224, -419, -195, 322, -14, -307, -58, 741, -78, 175, -1112, 497, 
-214, -419, -204, 317, -4, -312, -48, 732, -78, 180, -1107, 497, 
-214, -419, -204, 317, -4, -312, -48, 732, -78, 185, -1102, 497, 
-214, -419, -204, 317, -4, -312, -48, 732, -78, 190, -1098, 497, 
-214, -419, -204, 317, -4, -312, -48, 732, -78, 195, -1093, 497, 
-204, -409, -204, 307, 0, -307, -43, 741, -73, 195, -1088, 512, 
-204, -409, -204, 307, 0, -307, -39, 751, -63, 200, -1088, 512, 
-204, -409, -204, 307, 0, -307, -34, 751, -58, 200, -1088, 512, 
-204, -414, -209, 309, 2, -312, -34, 751, -53, 195, -1088, 512, 
-185, -424, -239, 305, 26, -331, -19, 741, -58, 190, -1098, 502, 
-170, -424, -253, 297, 41, -339, -19, 741, -63, 190, -1093, 497, 
-151, -424, -273, 287, 61, -348, -19, 736, -63, 185, -1093, 497, 
-151, -424, -273, 287, 61, -348, -24, 736, -68, 175, -1098, 497, 
-185, -424, -239, 305, 26, -331, -9, 746, -58, 185, -1088, 507, 
-214, -414, -200, 314, -7, -307, -4, 756, -58, 200, -1073, 517, 
-239, -414, -175, 326, -31, -295, -4, 756, -53, 209, -1063, 527, 
-268, -414, -146, 341, -61, -280, -9, 761, -53, 214, -1058, 536, 
-244, -414, -170, 329, -36, -292, -29, 751, -58, 200, -1063, 531, 
-239, -414, -175, 326, -31, -295, -43, 736, -68, 200, -1073, 527, 
-234, -414, -180, 324, -26, -297, -53, 732, -68, 200, -1078, 522, 
-229, -414, -185, 322, -21, -300, -68, 722, -68, 200, -1078, 517, 
-209, -409, -200, 309, -4, -305, -78, 712, -78, 195, -1088, 512, 
-190, -409, -219, 300, 14, -314, -87, 707, -78, 180, -1088, 507, 
-180, -409, -229, 295, 24, -319, -107, 697, -82, 175, -1093, 502, 
-161, -409, -248, 285, 43, -329, -117, 697, -82, 170, -1093, 497, 
-175, -400, -224, 287, 24, -312, -107, 707, -78, 185, -1078, 512, 
-195, -400, -204, 297, 4, -302, -102, 707, -82, 190, -1068, 522, 
-229, -405, -175, 317, -26, -290, -102, 712, -78, 195, -1058, 536, 
-263, -409, -146, 336, -58, -278, -97, 717, -73, 200, -1044, 541, 
-258, -429, -170, 344, -43, -300, -107, 707, -87, 185, -1044, 541, 
-239, -429, -190, 334, -24, -309, -107, 702, -87, 180, -1044, 541, 
-224, -424, -200, 324, -12, -312, -107, 697, -87, 180, -1044, 541, 
-214, -424, -209, 319, -2, -317, -117, 688, -92, 180, -1049, 541, 
-214, -429, -214, 322, 0, -322, -107, 692, -92, 170, -1049, 527, 
-214, -429, -214, 322, 0, -322, -107, 692, -87, 175, -1049, 527, 
-224, -424, -200, 324, -12, -312, -97, 697, -87, 175, -1049, 527, 
-214, -424, -209, 319, -2, -317, -97, 697, -87, 175, -1049, 527, 
-195, -414, -219, 305, 12, -317, -92, 688, -92, 175, -1054, 517, 
-209, -414, -204, 312, -2, -309, -78, 692, -92, 175, -1058, 517, 
-209, -414, -204, 312, -2, -309, -78, 692, -92, 175, -1058, 517, 
-209, -414, -204, 312, -2, -309, -78, 692, -92, 175, -1063, 517, 
-214, -409, -195, 312, -9, -302, -78, 697, -87, 185, -1058, 527, 
-219, -409, -190, 314, -14, -300, -78, 702, -82, 190, -1054, 527, 
-224, -424, -200, 324, -12, -312, -78, 707, -78, 195, -1049, 527, 
-229, -424, -195, 326, -17, -309, -78, 712, -73, 200, -1044, 527, 
-219, -419, -200, 319, -9, -309, -78, 702, -82, 190, -1054, 517, 
-209, -424, -214, 317, 2, -319, -82, 702, -82, 190, -1054, 517, 
-200, -424, -224, 312, 12, -324, -87, 702, -82, 190, -1054, 517, 
-195, -419, -224, 307, 14, -322, -87, 697, -82, 190, -1058, 517, 
-200, -424, -224, 312, 12, -324, -68, 707, -82, 180, -1054, 527, 
-204, -429, -224, 317, 9, -326, -63, 707, -82, 180, -1054, 517, 
-204, -434, -229, 319, 12, -331, -63, 712, -82, 180, -1054, 517, 
-214, -439, -224, 326, 4, -331, -63, 712, -82, 180, -1054, 517, 
-214, -444, -229, 329, 7, -336, -63, 702, -87, 175, -1063, 517, 
-209, -439, -229, 324, 9, -334, -63, 697, -87, 175, -1063, 512, 
-209, -424, -214, 317, 2, -319, -58, 697, -87, 165, -1063, 512, 
-209, -429, -219, 319, 4, -324, -53, 702, -92, 165, -1068, 512, 
-204, -434, -229, 319, 12, -331, -53, 702, -92, 161, -1063, 512, 
-204, -439, -234, 322, 14, -336, -58, 702, -92, 161, -1063, 507, 
-204, -444, -239, 324, 17, -341, -63, 697, -92, 151, -1068, 502, 
-204, -444, -239, 324, 17, -341, -68, 688, -97, 151, -1068, 497, 
-214, -453, -239, 334, 12, -346, -63, 702, -82, 161, -1058, 497, 
-229, -453, -224, 341, -2, -339, -53, 702, -82, 165, -1054, 502, 
-244, -458, -214, 351, -14, -336, -43, 702, -78, 161, -1058, 507, 
-258, -458, -200, 358, -29, -329, -34, 707, -82, 175, -1044, 512, 
-244, -444, -200, 344, -21, -322, -29, 702, -82, 175, -1054, 507, 
-239, -439, -200, 339, -19, -319, -29, 702, -78, 175, -1054, 512, 
-248, -434, -185, 341, -31, -309, -29, 702, -78, 175, -1054, 512, 
-234, -429, -195, 331, -19, -312, -34, 702, -82, 175, -1054, 512, 
-224, -434, -209, 329, -7, -322, -34, 692, -82, 165, -1049, 512, 
-229, -439, -209, 334, -9, -324, -34, 697, -82, 161, -1049, 512, 
-229, -444, -214, 336, -7, -329, -34, 697, -82, 161, -1049, 512, 
-229, -453, -224, 341, -2, -339, -34, 697, -82, 161, -1049, 507, 
-224, -444, -219, 334, -2, -331, -34, 702, -87, 170, -1039, 507, 
-224, -444, -219, 334, -2, -331, -34, 702, -87, 170, -1034, 507, 
-219, -444, -224, 331, 2, -334, -34, 697, -87, 175, -1034, 507, 
-204, -444, -239, 324, 17, -341, -29, 697, -87, 175, -1034, 507, 
-204, -434, -229, 319, 12, -331, -29, 697, -87, 165, -1044, 517, 
-214, -434, -219, 324, 2, -326, -34, 697, -87, 165, -1044, 517, 
-219, -434, -214, 326, -2, -324, -34, 697, -87, 165, -1044, 517, 
-219, -434, -214, 326, -2, -324, -34, 702, -87, 165, -1044, 517, 
-214, -429, -214, 322, 0, -322, -34, 702, -78, 175, -1039, 517, 
-214, -429, -214, 322, 0, -322, -34, 702, -78, 175, -1034, 517, 
-224, -434, -209, 329, -7, -322, -34, 702, -73, 180, -1024, 522, 
-214, -434, -219, 324, 2, -326, -34, 697, -73, 180, -1015, 522, 
-209, -429, -219, 319, 4, -324, -29, 697, -82, 190, -1015, 527, 
-209, -429, -219, 319, 4, -324, -24, 702, -82, 190, -1015, 527, 
-214, -429, -214, 322, 0, -322, -19, 702, -82, 190, -1015, 531, 
-219, -429, -209, 324, -4, -319, -14, 702, -82, 185, -1015, 541, 
-239, -424, -185, 331, -26, -305, -14, 702, -82, 175, -1019, 546, 
-248, -424, -175, 336, -36, -300, -14, 702, -82, 165, -1019, 541, 
-239, -400, -161, 319, -39, -280, -14, 717, -48, 190, -1000, 561, 
-219, -380, -161, 300, -29, -270, -9, 756, -4, 239, -971, 590, 
-224, -370, -146, 297, -39, -258, -4, 795, 43, 283, -936, 610, 
-224, -351, -126, 287, -48, -239, -4, 834, 102, 351, -888, 624, 
-214, -331, -117, 273, -48, -224, -29, 839, 156, 424, -829, 653, 
-204, -317, -112, 261, -46, -214, -63, 849, 224, 517, -736, 712, 
-161, -307, -146, 234, -7, -226, -112, 873, 331, 649, -605, 775, 
-107, -317, -209, 212, 51, -263, -170, 912, 439, 805, -448, 854, 
-78, -312, -234, 195, 78, -273, -268, 893, 492, 946, -312, 927, 
-53, -297, -244, 175, 95, -270, -375, 810, 517, 1068, -161, 1010, 
4, -253, -258, 124, 131, -256, -453, 780, 585, 1229, 14, 1122, 
92, -204, -297, 56, 195, -251, -507, 854, 766, 1478, 253, 1249, 
170, -156, -326, -7, 248, -241, -595, 932, 980, 1805, 536, 1420, 
253, -82, -336, -85, 295, -209, -751, 932, 1137, 2093, 829, 1595, 
361, -9, -370, -175, 366, -190, -941, 868, 1215, 2303, 1078, 1766, 
444, 73, -370, -258, 407, -148, -1088, 829, 1302, 2508, 1302, 1908, 
512, 180, -331, -346, 422, -75, -1185, 839, 1420, 2742, 1512, 2054, 
575, 302, -273, -439, 424, 14, -1273, 834, 1512, 2942, 1717, 2191, 
653, 336, -317, -495, 485, 9, -1376, 844, 1571, 3035, 1834, 2278, 
697, 244, -453, -470, 575, -104, -1439, 878, 1561, 2957, 1756, 2196, 
697, 87, -610, -392, 653, -261, -1459, 893, 1439, 2684, 1424, 1971, 
658, -63, -722, -297, 690, -392, -1415, 868, 1234, 2264, 936, 1698, 
595, -244, -839, -175, 717, -541, -1337, 761, 863, 1668, 346, 1381, 
512, -439, -951, -36, 732, -695, -1229, 497, 258, 849, -312, 1034, 
409, -580, -990, 85, 700, -785, -1122, 185, -405, 73, -873, 756, 
307, -683, -990, 187, 649, -836, -1039, 0, -780, -361, -1176, 585, 
253, -732, -985, 239, 619, -858, -966, -9, -824, -458, -1283, 492, 
248, -746, -995, 248, 622, -871, -902, 0, -814, -468, -1327, 439, 
209, -736, -946, 263, 578, -841, -824, -14, -839, -507, -1366, 414, 
156, -722, -878, 283, 517, -800, -761, 0, -814, -507, -1376, 414, 
126, -688, -814, 280, 470, -751, -692, 78, -736, -424, -1332, 414, 
102, -639, -741, 268, 422, -690, -590, 165, -649, -326, -1273, 434, 
53, -610, -663, 278, 358, -636, -507, 239, -570, -253, -1224, 463, 
24, -566, -590, 270, 307, -578, -444, 317, -483, -185, -1190, 488, 
19, -527, -546, 253, 283, -536, -366, 380, -414, -126, -1156, 502, 
0, -507, -507, 253, 253, -507, -283, 448, -361, -87, -1141, 512, 
-24, -473, -448, 248, 212, -461, -195, 507, -302, -39, -1107, 546, 
-58, -429, -370, 244, 156, -400, -122, 570, -239, 19, -1078, 561, 
-92, -419, -326, 256, 117, -373, -63, 619, -200, 39, -1058, 561, 
-117, -434, -317, 275, 100, -375, -29, 644, -170, 68, -1054, 561, 
-126, -414, -287, 270, 80, -351, -14, 688, -126, 107, -1029, 570, 
-141, -395, -253, 268, 56, -324, 14, 722, -97, 136, -1005, 575, 
-161, -405, -244, 283, 41, -324, 14, 732, -78, 156, -1010, 566, 
-161, -414, -253, 287, 46, -334, 4, 741, -58, 165, -1005, 551, 
-161, -414, -253, 287, 46, -334, 14, 736, -53, 161, -1010, 536, 
-156, -414, -258, 285, 51, -336, 14, 736, -58, 156, -1019, 531, 
-161, -414, -253, 287, 46, -334, 14, 741, -58, 161, -1029, 522, 
-161, -414, -253, 287, 46, -334, 19, 741, -63, 156, -1039, 517, 
-204, -414, -209, 309, 2, -312, 43, 751, -53, 165, -1019, 531, 
-209, -414, -204, 312, -2, -309, 53, 766, -43, 180, -1010, 541, 
-229, -419, -190, 324, -19, -305, 63, 775, -29, 185, -990, 551, 
-253, -424, -170, 339, -41, -297, 68, 775, -24, 190, -980, 556, 
-244, -414, -170, 329, -36, -292, 58, 780, -9, 195, -985, 556, 
-234, -414, -180, 324, -26, -297, 53, 785, -9, 200, -985, 551, 
-224, -414, -190, 319, -17, -302, 48, 785, -14, 204, -980, 551, 
-219, -414, -195, 317, -12, -305, 43, 790, -14, 209, -976, 551, 
-234, -409, -175, 322, -29, -292, 48, 790, -19, 209, -985, 546, 
-244, -409, -165, 326, -39, -287, 53, 790, -24, 209, -985, 546, 
-244, -409, -165, 326, -39, -287, 63, 790, -24, 204, -985, 546, 
-244, -409, -165, 326, -39, -287, 68, 790, -24, 200, -985, 546, 
-219, -409, -190, 314, -14, -300, 68, 790, -14, 195, -995, 536, 
-209, -409, -200, 309, -4, -305, 63, 785, -14, 195, -995, 536, 
-204, -409, -204, 307, 0, -307, 58, 780, -14, 200, -995, 536, 
-200, -409, -209, 305, 4, -309, 48, 771, -14, 200, -995, 541, 
-209, -409, -200, 309, -4, -305, 48, 775, -4, 204, -985, 541, 
-209, -400, -190, 305, -9, -295, 48, 780, -9, 204, -985, 541, 
-214, -400, -185, 307, -14, -292, 48, 785, -9, 200, -980, 541, 
-214, -400, -185, 307, -14, -292, 53, 785, -9, 200, -980, 541, 
-229, -414, -185, 322, -21, -300, 63, 775, -14, 200, -990, 531, 
-229, -414, -185, 322, -21, -300, 68, 780, -19, 200, -985, 531, 
-224, -405, -180, 314, -21, -292, 73, 785, -19, 204, -985, 531, 
-224, -405, -180, 314, -21, -292, 73, 785, -14, 204, -990, 531, 
-224, -400, -175, 312, -24, -287, 68, 795, -9, 204, -980, 541, 
-224, -400, -175, 312, -24, -287, 63, 800, -4, 209, -980, 541, 
-214, -395, -180, 305, -17, -287, 63, 805, 0, 214, -980, 541, 
-214, -395, -180, 305, -17, -287, 63, 810, 0, 214, -980, 536, 
-204, -400, -195, 302, -4, -297, 73, 805, -9, 204, -980, 536, 
-204, -400, -195, 302, -4, -297, 73, 800, -9, 204, -976, 541, 
-209, -405, -195, 307, -7, -300, 73, 795, -4, 209, -976, 541, 
-219, -405, -185, 312, -17, -295, 78, 805, -4, 209, -976, 541, 
-209, -385, -175, 297, -17, -280, 78, 814, 4, 219, -976, 536, 
-209, -385, -175, 297, -17, -280, 73, 814, 4, 219, -976, 536, 
-214, -390, -175, 302, -19, -283, 73, 814, 14, 219, -966, 536, 
-214, -390, -175, 302, -19, -283, 82, 814, 14, 219, -966, 536, 
-204, -390, -185, 297, -9, -287, 82, 814, 14, 219, -966, 527, 
-204, -390, -185, 297, -9, -287, 82, 814, 19, 219, -971, 527, 
-209, -390, -180, 300, -14, -285, 82, 814, 19, 219, -976, 527, 
-209, -390, -180, 300, -14, -285, 78, 814, 14, 219, -976, 527, 
-209, -400, -190, 305, -9, -295, 73, 814, 14, 219, -966, 522, 
-214, -400, -185, 307, -14, -292, 68, 814, 14, 224, -966, 522, 
-219, -395, -175, 307, -21, -285, 63, 819, 24, 224, -966, 522, 
-229, -395, -165, 312, -31, -280, 58, 819, 24, 224, -966, 522, 
-219, -395, -175, 307, -21, -285, 68, 829, 39, 239, -956, 531, 
-214, -395, -180, 305, -17, -287, 82, 829, 39, 239, -951, 531, 
-214, -390, -175, 302, -19, -283, 97, 834, 43, 239, -951, 531, 
-214, -385, -170, 300, -21, -278, 107, 834, 43, 239, -951, 536, 
-229, -375, -146, 302, -41, -261, 107, 834, 39, 239, -951, 541, 
-229, -380, -151, 305, -39, -265, 107, 839, 39, 239, -951, 541, 
-239, -385, -146, 312, -46, -265, 107, 839, 43, 239, -951, 536, 
-229, -385, -156, 307, -36, -270, 107, 844, 43, 244, -951, 536, 
-209, -370, -161, 290, -24, -265, 117, 854, 53, 248, -961, 527, 
-209, -366, -156, 287, -26, -261, 117, 854, 53, 248, -961, 527, 
-214, -361, -146, 287, -34, -253, 117, 854, 53, 248, -961, 522, 
-214, -356, -141, 285, -36, -248, 122, 854, 63, 253, -961, 522, 
-214, -361, -146, 287, -34, -253, 122, 863, 68, 253, -956, 527, 
-214, -366, -151, 290, -31, -258, 126, 863, 68, 253, -956, 527, 
-214, -370, -156, 292, -29, -263, 126, 868, 73, 258, -956, 527, 
-219, -375, -156, 297, -31, -265, 126, 868, 78, 258, -961, 522, 
-219, -380, -161, 300, -29, -270, 122, 873, 78, 258, -951, 522, 
-219, -380, -161, 300, -29, -270, 122, 878, 82, 263, -951, 527, 
-214, -375, -161, 295, -26, -268, 126, 883, 87, 273, -951, 527, 
-214, -375, -161, 295, -26, -268, 136, 888, 92, 273, -951, 527, 
-204, -366, -161, 285, -21, -263, 131, 893, 102, 273, -951, 536, 
-204, -366, -161, 285, -21, -263, 131, 902, 107, 283, -951, 536, 
-200, -361, -161, 280, -19, -261, 141, 907, 117, 283, -951, 536, 
-200, -361, -161, 280, -19, -261, 141, 917, 117, 283, -951, 536, 
-209, -366, -156, 287, -26, -261, 151, 932, 131, 297, -946, 536, 
-214, -366, -151, 290, -31, -258, 151, 932, 136, 297, -941, 536, 
-219, -366, -146, 292, -36, -256, 151, 936, 141, 297, -936, 536, 
-219, -366, -146, 292, -36, -256, 156, 951, 146, 307, -932, 531, 
-204, -356, -151, 280, -26, -253, 161, 946, 156, 302, -936, 527, 
-190, -356, -165, 273, -12, -261, 156, 956, 156, 297, -941, 527, 
-175, -361, -185, 268, 4, -273, 156, 961, 161, 292, -951, 522, 
-165, -361, -195, 263, 14, -278, 161, 961, 165, 287, -956, 517, 
-190, -356, -165, 273, -12, -261, 180, 985, 190, 317, -946, 531, 
-209, -351, -141, 280, -34, -246, 190, 1010, 204, 322, -932, 536, 
-234, -351, -117, 292, -58, -234, 200, 1019, 214, 331, -922, 541, 
-258, -351, -92, 305, -82, -222, 214, 1034, 229, 346, -907, 546, 
-258, -351, -92, 305, -82, -222, 209, 1034, 229, 346, -917, 541, 
-239, -346, -107, 292, -65, -226, 214, 1044, 234, 351, -917, 536, 
-229, -346, -117, 287, -56, -231, 219, 1058, 253, 356, -917, 531, 
-224, -346, -122, 285, -51, -234, 229, 1073, 263, 370, -912, 527, 
-219, -341, -122, 280, -48, -231, 234, 1088, 258, 370, -922, 517, 
-214, -341, -126, 278, -43, -234, 239, 1093, 268, 370, -922, 517, 
-200, -331, -131, 265, -34, -231, 244, 1102, 278, 366, -922, 517, 
-195, -331, -136, 263, -29, -234, 253, 1112, 283, 361, -922, 517, 
-204, -326, -122, 265, -41, -224, 258, 1117, 302, 370, -917, 517, 
-204, -326, -122, 265, -41, -224, 258, 1127, 307, 375, -917, 517, 
-204, -326, -122, 265, -41, -224, 258, 1137, 312, 380, -917, 517, 
-200, -326, -126, 263, -36, -226, 263, 1146, 326, 380, -917, 517, 
-195, -317, -122, 256, -36, -219, 278, 1156, 336, 390, -917, 527, 
-204, -317, -112, 261, -46, -214, 283, 1161, 346, 395, -917, 527, 
-204, -317, -112, 261, -46, -214, 297, 1171, 356, 400, -917, 527, 
-200, -317, -117, 258, -41, -217, 307, 1180, 375, 414, -917, 531, 
-180, -317, -136, 248, -21, -226, 302, 1190, 375, 409, -922, 531, 
-180, -312, -131, 246, -24, -222, 302, 1195, 375, 409, -922, 531, 
-185, -312, -126, 248, -29, -219, 307, 1195, 375, 400, -922, 531, 
-195, -307, -112, 251, -41, -209, 312, 1195, 380, 400, -922, 531, 
-204, -307, -102, 256, -51, -204, 302, 1205, 370, 400, -932, 522, 
-200, -307, -107, 253, -46, -207, 302, 1205, 370, 395, -941, 522, 
-195, -307, -112, 251, -41, -209, 302, 1210, 370, 395, -941, 522, 
-195, -312, -117, 253, -39, -214, 307, 1210, 370, 390, -941, 522, 
-195, -307, -112, 251, -41, -209, 312, 1210, 375, 395, -936, 527, 
-195, -307, -112, 251, -41, -209, 317, 1210, 375, 390, -941, 522, 
-190, -302, -112, 246, -39, -207, 326, 1210, 375, 390, -941, 522, 
-185, -302, -117, 244, -34, -209, 331, 1205, 375, 385, -946, 522, 
-175, -307, -131, 241, -21, -219, 331, 1205, 356, 380, -951, 517, 
-175, -302, -126, 239, -24, -214, 331, 1190, 346, 370, -956, 512, 
-175, -302, -126, 239, -24, -214, 331, 1190, 341, 366, -956, 512, 
-175, -302, -126, 239, -24, -214, 331, 1190, 341, 361, -951, 512, 
-146, -287, -141, 217, -2, -214, 317, 1166, 322, 351, -966, 507, 
-136, -287, -151, 212, 7, -219, 312, 1156, 312, 341, -971, 497, 
-117, -292, -175, 204, 29, -234, 302, 1146, 297, 326, -985, 478, 
-92, -292, -200, 192, 53, -246, 302, 1137, 292, 322, -980, 478, 
-136, -292, -156, 214, 9, -224, 317, 1146, 297, 336, -971, 497, 
-170, -292, -122, 231, -24, -207, 326, 1146, 307, 341, -961, 512, 
-204, -292, -87, 248, -58, -190, 336, 1141, 302, 346, -951, 522, 
-239, -287, -48, 263, -95, -168, 336, 1141, 297, 351, -941, 536, 
-224, -297, -73, 261, -75, -185, 326, 1117, 268, 331, -956, 522, 
-219, -297, -78, 258, -70, -187, 322, 1098, 253, 312, -961, 517, 
-214, -297, -82, 256, -65, -190, 312, 1078, 244, 307, -966, 512, 
-209, -297, -87, 253, -61, -192, 302, 1063, 229, 297, -961, 512, 
-214, -287, -73, 251, -70, -180, 297, 1049, 224, 292, -951, 522, 
-214, -287, -73, 251, -70, -180, 292, 1034, 214, 292, -951, 522, 
-214, -287, -73, 251, -70, -180, 287, 1024, 209, 292, -946, 522, 
-204, -287, -82, 246, -61, -185, 287, 1024, 204, 287, -936, 527, 
-190, -292, -102, 241, -43, -197, 278, 1015, 185, 287, -946, 517, 
-190, -302, -112, 246, -39, -207, 268, 995, 175, 287, -946, 512, 
-195, -302, -107, 248, -43, -204, 258, 985, 151, 283, -951, 512, 
-195, -307, -112, 251, -41, -209, 248, 976, 146, 278, -951, 512, 
-200, -297, -97, 248, -51, -197, 248, 956, 131, 258, -946, 522, 
-200, -302, -102, 251, -48, -202, 234, 932, 117, 253, -941, 522, 
-204, -307, -102, 256, -51, -204, 229, 917, 107, 253, -936, 522, 
-209, -307, -97, 258, -56, -202, 224, 897, 107, 253, -927, 522, 
-204, -302, -97, 253, -53, -200, 229, 897, 97, 253, -936, 531, 
-200, -297, -97, 248, -51, -197, 219, 883, 92, 248, -936, 531, 
-200, -297, -97, 248, -51, -197, 209, 868, 82, 244, -936, 531, 
-195, -302, -107, 248, -43, -204, 204, 849, 68, 239, -936, 531, 
-190, -317, -126, 253, -31, -222, 190, 834, 53, 229, -936, 517, 
-185, -317, -131, 251, -26, -224, 170, 824, 34, 224, -941, 517, 
-180, -312, -131, 246, -24, -222, 161, 810, 19, 214, -941, 517, 
-175, -312, -136, 244, -19, -224, 151, 800, 4, 195, -941, 517, 
-185, -317, -131, 251, -26, -224, 156, 795, 9, 200, -936, 527, 
-190, -317, -126, 253, -31, -222, 161, 790, 0, 204, -927, 527, 
-195, -317, -122, 256, -36, -219, 161, 785, -4, 209, -922, 527, 
-200, -317, -117, 258, -41, -217, 156, 775, -14, 219, -917, 522, 
-204, -326, -122, 265, -41, -224, 161, 775, -9, 219, -907, 522, 
-219, -326, -107, 273, -56, -217, 156, 775, -14, 219, -907, 522, 
-214, -322, -107, 268, -53, -214, 161, 766, -9, 219, -912, 517, 
-219, -317, -97, 268, -61, -207, 165, 771, -4, 209, -912, 517, 
-204, -322, -117, 263, -43, -219, 156, 756, -14, 200, -922, 517, 
-200, -322, -122, 261, -39, -222, 151, 751, -19, 195, -922, 517, 
-200, -326, -126, 263, -36, -226, 141, 741, -24, 195, -922, 517, 
-195, -326, -131, 261, -31, -229, 131, 736, -34, 195, -922, 512, 
-204, -322, -117, 263, -43, -219, 141, 746, -24, 204, -927, 522, 
-204, -322, -117, 263, -43, -219, 141, 746, -24, 204, -927, 517, 
-204, -331, -126, 268, -39, -229, 141, 751, -24, 204, -927, 517, 
-204, -341, -136, 273, -34, -239, 131, 751, -29, 195, -932, 517, 
-190, -341, -151, 265, -19, -246, 131, 746, -43, 180, -941, 497, 
-185, -341, -156, 263, -14, -248, 136, 741, -43, 180, -941, 497, 
-185, -336, -151, 261, -17, -244, 141, 736, -39, 180, -941, 502, 
-209, -336, -126, 273, -41, -231, 141, 727, -39, 180, -941, 507, 
-209, -326, -117, 268, -46, -222, 151, 732, -39, 185, -932, 497, 
-204, -326, -122, 265, -41, -224, 151, 732, -43, 180, -932, 497, 
-190, -317, -126, 253, -31, -222, 151, 732, -48, 180, -936, 497, 
-190, -317, -126, 253, -31, -222, 151, 736, -48, 180, -936, 497, 
-190, -326, -136, 258, -26, -231, 151, 736, -39, 175, -936, 497, 
-195, -331, -136, 263, -29, -234, 151, 736, -43, 175, -936, 497, 
-195, -331, -136, 263, -29, -234, 151, 732, -48, 175, -941, 492, 
-195, -331, -136, 263, -29, -234, 151, 722, -48, 170, -946, 488, 
-200, -322, -122, 261, -39, -222, 161, 732, -39, 170, -946, 488, 
-200, -322, -122, 261, -39, -222, 161, 736, -39, 165, -951, 488, 
-200, -322, -122, 261, -39, -222, 161, 736, -43, 165, -951, 488, 
-209, -317, -107, 263, -51, -212, 161, 736, -43, 165, -946, 488, 
-204, -317, -112, 261, -46, -214, 161, 727, -48, 175, -946, 488, 
-219, -312, -92, 265, -63, -202, 161, 727, -48, 175, -946, 488, 
-214, -312, -97, 263, -58, -204, 161, 727, -48, 170, -951, 488, 
-209, -322, -112, 265, -48, -217, 161, 727, -53, 165, -951, 488, 
-219, -326, -107, 273, -56, -217, 170, 727, -53, 165, -961, 483, 
-219, -326, -107, 273, -56, -217, 170, 727, -48, 170, -956, 483, 
-214, -331, -117, 273, -48, -224, 175, 727, -48, 170, -956, 483, 
-214, -336, -122, 275, -46, -229, 175, 727, -53, 165, -961, 483, 
-214, -326, -112, 270, -51, -219, 175, 727, -63, 156, -961, 473, 
-214, -322, -107, 268, -53, -214, 175, 727, -63, 156, -956, 478, 
-214, -317, -102, 265, -56, -209, 175, 727, -58, 161, -956, 478, 
-209, -317, -107, 263, -51, -212, 175, 722, -58, 161, -956, 478, 
-209, -326, -117, 268, -46, -222, 175, 727, -68, 151, -956, 478, 
-204, -326, -122, 265, -41, -224, 175, 727, -68, 151, -956, 478, 
-204, -326, -122, 265, -41, -224, 175, 727, -63, 151, -956, 478, 
-209, -322, -112, 265, -48, -217, 175, 727, -58, 146, -956, 478, 
-219, -317, -97, 268, -61, -207, 190, 722, -68, 156, -946, 478, 
-219, -312, -92, 265, -63, -202, 190, 722, -68, 156, -946, 478, 
-219, -312, -92, 265, -63, -202, 190, 722, -68, 156, -946, 478, 
-214, -307, -92, 261, -61, -200, 190, 717, -63, 156, -941, 478, 
-219, -307, -87, 263, -65, -197, 200, 727, -58, 165, -951, 488, 
-219, -307, -87, 263, -65, -197, 200, 727, -53, 165, -946, 492, 
-229, -307, -78, 268, -75, -192, 200, 727, -48, 170, -946, 492, 
-229, -307, -78, 268, -75, -192, 200, 727, -48, 175, -941, 492, 
-229, -307, -78, 268, -75, -192, 185, 727, -58, 175, -946, 488, 
-229, -312, -82, 270, -73, -197, 185, 727, -58, 170, -946, 488, 
-224, -307, -82, 265, -70, -195, 185, 727, -58, 165, -946, 488, 
-224, -312, -87, 268, -68, -200, 180, 727, -58, 161, -936, 492, 
-214, -302, -87, 258, -63, -195, 175, 727, -53, 170, -936, 483, 
-214, -302, -87, 258, -63, -195, 180, 727, -53, 170, -936, 483, 
-214, -302, -87, 258, -63, -195, 185, 727, -48, 175, -936, 492, 
-214, -292, -78, 253, -68, -185, 190, 727, -48, 175, -936, 492, 
-214, -297, -82, 256, -65, -190, 180, 727, -48, 165, -936, 492, 
-214, -302, -87, 258, -63, -195, 170, 727, -48, 165, -936, 492, 
-214, -312, -97, 263, -58, -204, 170, 727, -48, 170, -932, 492, 
-224, -317, -92, 270, -65, -204, 170, 727, -43, 175, -932, 492, 
-219, -297, -78, 258, -70, -187, 180, 727, -43, 175, -922, 488, 
-214, -292, -78, 253, -68, -185, 180, 727, -43, 180, -922, 488, 
-224, -292, -68, 258, -78, -180, 175, 727, -39, 185, -917, 488, 
-209, -287, -78, 248, -65, -183, 175, 727, -39, 185, -917, 488, 
-185, -273, -87, 229, -48, -180, 185, 722, -43, 175, -932, 488, 
-185, -268, -82, 226, -51, -175, 180, 722, -43, 180, -932, 488, 
-185, -268, -82, 226, -51, -175, 180, 722, -43, 180, -927, 488, 
-190, -278, -87, 234, -51, -183, 180, 712, -39, 180, -927, 488, 
-219, -283, -63, 251, -78, -173, 185, 727, -24, 195, -912, 492, 
-244, -287, -43, 265, -100, -165, 195, 732, -24, 195, -912, 497, 
-248, -287, -39, 268, -104, -163, 200, 736, -24, 195, -912, 502, 
-263, -292, -29, 278, -117, -161, 200, 736, -29, 190, -912, 512, 
-258, -292, -34, 275, -112, -163, 190, 727, -29, 200, -902, 512, 
-253, -287, -34, 270, -109, -161, 185, 727, -29, 200, -902, 512, 
-248, -268, -19, 258, -114, -143, 185, 727, -29, 195, -902, 512, 
-244, -263, -19, 253, -112, -141, 185, 727, -29, 195, -902, 517, 
-219, -263, -43, 241, -87, -153, 170, 732, -34, 185, -912, 512, 
-214, -278, -63, 246, -75, -170, 170, 727, -34, 180, -912, 507, 
-214, -278, -63, 246, -75, -170, 170, 727, -34, 180, -912, 502, 
-209, -278, -68, 244, -70, -173, 175, 727, -34, 185, -912, 492, 
-214, -278, -63, 246, -75, -170, 175, 717, -39, 185, -912, 492, 
-214, -278, -63, 246, -75, -170, 165, 717, -39, 175, -912, 497, 
-219, -283, -63, 251, -78, -173, 165, 717, -39, 175, -912, 497, 
-219, -283, -63, 251, -78, -173, 165, 717, -39, 175, -912, 497, 
-214, -268, -53, 241, -80, -161, 175, 717, -39, 185, -902, 497, 
-214, -268, -53, 241, -80, -161, 175, 717, -43, 185, -902, 497, 
-214, -273, -58, 244, -78, -165, 175, 717, -43, 185, -902, 497, 
-214, -273, -58, 244, -78, -165, 175, 722, -43, 185, -902, 497, 
-229, -278, -48, 253, -90, -163, 175, 732, -43, 175, -902, 497, 
-234, -278, -43, 256, -95, -161, 175, 727, -48, 175, -907, 497, 
-234, -283, -48, 258, -92, -165, 175, 717, -48, 175, -907, 497, 
-239, -287, -48, 263, -95, -168, 175, 717, -48, 175, -907, 492, 
-229, -278, -48, 253, -90, -163, 165, 712, -58, 175, -917, 492, 
-219, -283, -63, 251, -78, -173, 161, 707, -58, 175, -917, 492, 
-209, -283, -73, 246, -68, -178, 161, 702, -53, 175, -917, 492, 
-195, -283, -87, 239, -53, -185, 161, 697, -53, 170, -917, 492, 
-165, -273, -107, 219, -29, -190, 151, 683, -68, 165, -932, 488, 
-161, -278, -117, 219, -21, -197, 151, 683, -73, 161, -932, 483, 
-170, -278, -107, 224, -31, -192, 151, 688, -73, 156, -932, 478, 
-170, -278, -107, 224, -31, -192, 156, 688, -68, 151, -936, 473, 
-175, -268, -92, 222, -41, -180, 161, 697, -58, 156, -922, 478, 
-185, -268, -82, 226, -51, -175, 165, 692, -63, 161, -922, 483, 
-190, -268, -78, 229, -56, -173, 165, 692, -63, 165, -927, 483, 
-195, -268, -73, 231, -61, -170, 170, 692, -63, 170, -922, 488, 
-195, -253, -58, 224, -68, -156, 175, 707, -48, 180, -912, 502, 
-200, -248, -48, 224, -75, -148, 180, 707, -43, 185, -907, 502, 
-204, -248, -43, 226, -80, -146, 190, 707, -39, 185, -897, 502, 
-214, -248, -34, 231, -90, -141, 190, 712, -34, 185, -893, 502, 
-204, -248, -43, 226, -80, -146, 195, 712, -43, 175, -902, 492, 
-214, -253, -39, 234, -87, -146, 195, 712, -48, 175, -897, 497, 
-200, -244, -43, 222, -78, -143, 200, 717, -39, 185, -897, 507, 
-195, -244, -48, 219, -73, -146, 204, 722, -39, 185, -897, 507, 
-190, -244, -53, 217, -68, -148, 209, 727, -39, 185, -897, 507, 
-185, -244, -58, 214, -63, -151, 214, 732, -39, 185, -897, 507, 
-190, -244, -53, 217, -68, -148, 209, 722, -29, 185, -883, 512, 
-195, -244, -48, 219, -73, -146, 214, 732, -24, 190, -883, 512, 
-200, -244, -43, 222, -78, -143, 219, 732, -24, 190, -883, 512, 
-204, -248, -43, 226, -80, -146, 219, 732, -24, 185, -883, 512, 
-214, -248, -34, 231, -90, -141, 229, 741, -24, 185, -893, 502, 
-209, -248, -39, 229, -85, -143, 234, 741, -24, 190, -888, 497, 
-200, -248, -48, 224, -75, -148, 239, 736, -19, 190, -888, 497, 
-209, -248, -39, 229, -85, -143, 239, 736, -19, 185, -893, 497, 
-200, -239, -39, 219, -80, -139, 244, 727, -14, 185, -893, 497, 
-195, -229, -34, 212, -80, -131, 239, 727, -19, 190, -888, 497, 
-185, -229, -43, 207, -70, -136, 229, 717, -19, 190, -888, 497, 
-180, -229, -48, 204, -65, -139, 214, 712, -24, 185, -893, 497, 
-175, -239, -63, 207, -56, -151, 190, 717, -29, 170, -883, 507, 
-180, -239, -58, 209, -61, -148, 180, 707, -39, 170, -888, 507, 
-185, -239, -53, 212, -65, -146, 175, 707, -39, 170, -888, 507, 
-190, -239, -48, 214, -70, -143, 165, 702, -39, 170, -883, 507, 
-180, -229, -48, 204, -65, -139, 161, 692, -48, 161, -883, 497, 
-170, -224, -53, 197, -58, -139, 156, 688, -48, 151, -883, 497, 
-170, -219, -48, 195, -61, -134, 141, 678, -53, 151, -888, 497, 
-161, -214, -53, 187, -53, -134, 136, 678, -53, 151, -888, 497, 
-141, -209, -68, 175, -36, -139, 131, 673, -63, 141, -888, 492, 
-126, -214, -87, 170, -19, -151, 131, 668, -73, 141, -893, 492, 
-126, -224, -97, 175, -14, -161, 126, 668, -73, 141, -897, 497, 
-126, -234, -107, 180, -9, -170, 126, 668, -73, 141, -897, 492, 
-165, -253, -87, 209, -39, -170, 131, 668, -63, 141, -888, 497, 
-180, -253, -73, 217, -53, -163, 136, 673, -58, 141, -888, 502, 
-200, -248, -48, 224, -75, -148, 141, 678, -53, 146, -888, 507, 
-224, -248, -24, 236, -100, -136, 136, 678, -53, 151, -893, 512, 
-209, -248, -39, 229, -85, -143, 136, 668, -58, 146, -893, 507, 
-204, -244, -39, 224, -82, -141, 136, 663, -58, 146, -893, 507, 
-209, -234, -24, 222, -92, -129, 146, 663, -63, 141, -893, 507, 
-195, -229, -34, 212, -80, -131, 146, 658, -68, 136, -893, 507, 
-185, -229, -43, 207, -70, -136, 141, 663, -53, 146, -893, 507, 
-200, -229, -29, 214, -85, -129, 156, 673, -53, 146, -893, 507, 
-200, -229, -29, 214, -85, -129, 156, 678, -53, 146, -888, 507, 
-200, -229, -29, 214, -85, -129, 156, 683, -53, 146, -888, 507, 
-190, -224, -34, 207, -78, -129, 156, 673, -63, 141, -888, 497, 
-190, -224, -34, 207, -78, -129, 156, 673, -63, 141, -888, 497, 
-190, -239, -48, 214, -70, -143, 156, 673, -63, 141, -888, 497, 
-190, -239, -48, 214, -70, -143, 156, 673, -63, 141, -888, 497, 
-190, -244, -53, 217, -68, -148, 165, 673, -63, 131, -878, 497, 
-190, -248, -58, 219, -65, -153, 161, 673, -63, 131, -878, 497, 
-190, -248, -58, 219, -65, -153, 156, 673, -63, 131, -878, 497, 
-195, -244, -48, 219, -73, -146, 156, 668, -63, 131, -883, 497, 
-185, -253, -68, 219, -58, -161, 161, 658, -63, 122, -897, 488, 
-185, -253, -68, 219, -58, -161, 161, 658, -63, 122, -897, 478, 
-180, -253, -73, 217, -53, -163, 156, 663, -63, 122, -897, 478, 
-185, -253, -68, 219, -58, -161, 151, 663, -63, 122, -897, 478, 
-180, -263, -82, 222, -48, -173, 161, 663, -78, 117, -907, 478, 
-180, -263, -82, 222, -48, -173, 161, 658, -78, 117, -907, 473, 
-185, -253, -68, 219, -58, -161, 165, 658, -78, 107, -907, 473, 
-190, -263, -73, 226, -58, -168, 170, 663, -82, 107, -912, 473, 
-200, -268, -68, 234, -65, -168, 165, 673, -73, 102, -917, 463, 
-204, -273, -68, 239, -68, -170, 165, 673, -73, 102, -917, 458, 
-209, -278, -68, 244, -70, -173, 165, 668, -73, 92, -922, 453, 
-214, -278, -63, 246, -75, -170, 165, 658, -78, 92, -922, 448, 
-209, -268, -58, 239, -75, -163, 175, 668, -87, 87, -917, 453, 
-209, -268, -58, 239, -75, -163, 180, 663, -92, 87, -917, 453, 
-209, -273, -63, 241, -73, -168, 185, 658, -92, 78, -927, 453, 
-209, -273, -63, 241, -73, -168, 190, 658, -102, 87, -917, 453, 
-200, -263, -63, 231, -68, -163, 195, 658, -82, 87, -917, 458, 
-200, -263, -63, 231, -68, -163, 195, 653, -78, 87, -917, 463, 
-214, -263, -48, 239, -82, -156, 195, 649, -78, 87, -917, 463, 
-204, -263, -58, 234, -73, -161, 190, 644, -82, 87, -917, 463, 
-209, -268, -58, 239, -75, -163, 190, 653, -82, 97, -922, 453, 
-219, -273, -53, 246, -82, -163, 190, 658, -82, 92, -922, 453, 
-224, -278, -53, 251, -85, -165, 190, 658, -82, 92, -922, 453, 
-229, -287, -58, 258, -85, -173, 190, 658, -82, 92, -922, 448, 
-224, -283, -58, 253, -82, -170, 180, 653, -78, 82, -922, 448, 
-224, -278, -53, 251, -85, -165, 180, 653, -78, 82, -917, 448, 
-219, -273, -53, 246, -82, -163, 180, 649, -78, 87, -917, 448, 
-204, -268, -63, 236, -70, -165, 185, 649, -78, 87, -917, 448, 
-195, -258, -63, 226, -65, -161, 185, 639, -82, 78, -917, 448, 
-204, -258, -53, 231, -75, -156, 180, 639, -87, 78, -917, 448, 
-209, -258, -48, 234, -80, -153, 180, 639, -92, 78, -917, 448, 
-209, -258, -48, 234, -80, -153, 180, 644, -97, 78, -917, 448, 
-214, -263, -48, 239, -82, -156, 190, 653, -92, 78, -907, 448, 
-214, -263, -48, 239, -82, -156, 190, 653, -87, 78, -907, 448, 
-224, -268, -43, 246, -90, -156, 190, 653, -78, 82, -902, 453, 
-214, -268, -53, 241, -80, -161, 190, 649, -73, 82, -897, 453, 
-209, -263, -53, 236, -78, -158, 190, 649, -82, 82, -907, 453, 
-209, -263, -53, 236, -78, -158, 190, 653, -82, 82, -907, 448, 
-214, -263, -48, 239, -82, -156, 190, 653, -82, 82, -907, 448, 
-219, -263, -43, 241, -87, -153, 190, 653, -82, 78, -907, 453, 
-219, -258, -39, 239, -90, -148, 190, 644, -92, 68, -922, 458, 
-229, -258, -29, 244, -100, -143, 170, 624, -102, 58, -922, 463, 
-209, -224, -14, 217, -97, -119, 180, 639, -87, 63, -912, 473, 
-200, -195, 4, 197, -102, -95, 185, 668, -63, 92, -893, 483, 
-214, -185, 29, 200, -122, -78, 200, 717, -4, 126, -878, 492, 
-224, -175, 48, 200, -136, -63, 200, 756, 53, 195, -829, 507, 
-195, -175, 19, 185, -107, -78, 185, 790, 117, 268, -761, 536, 
-146, -180, -34, 163, -56, -107, 141, 819, 204, 361, -678, 585, 
-82, -170, -87, 126, 2, -129, 82, 883, 322, 512, -556, 639, 
-39, -141, -102, 90, 31, -122, 14, 961, 468, 697, -409, 707, 
-39, -126, -87, 82, 24, -107, -82, 980, 590, 858, -244, 790, 
-92, -122, -29, 107, -31, -75, -161, 976, 692, 1039, -63, 912, 
-73, -78, -4, 75, -34, -41, -219, 1034, 849, 1259, 131, 1034, 
82, -19, -102, -31, 92, -61, -292, 1156, 1098, 1546, 380, 1161, 
229, 39, -190, -134, 209, -75, -409, 1273, 1361, 1883, 663, 1312, 
322, 122, -200, -222, 261, -39, -556, 1322, 1556, 2181, 956, 1498, 
390, 214, -175, -302, 283, 19, -717, 1298, 1683, 2430, 1205, 1668, 
453, 307, -146, -380, 300, 80, -834, 1298, 1810, 2664, 1439, 1830, 
512, 424, -87, -468, 300, 168, -912, 1317, 1956, 2898, 1649, 1966, 
614, 546, -68, -580, 341, 239, -1029, 1312, 2049, 3079, 1834, 2103, 
712, 580, -131, -646, 422, 224, -1141, 1312, 2088, 3152, 1932, 2171, 
756, 458, -297, -607, 527, 80, -1205, 1327, 2039, 3025, 1795, 2069, 
775, 292, -483, -534, 629, -95, -1215, 1283, 1849, 2664, 1415, 1834, 
785, 141, -644, -463, 714, -251, -1200, 1180, 1537, 2147, 927, 1561, 
722, -29, -751, -346, 736, -390, -1122, 976, 1029, 1454, 356, 1263, 
590, -204, -795, -192, 692, -500, -1015, 605, 307, 605, -253, 966, 
458, -336, -795, -61, 627, -566, -927, 214, -366, -82, -727, 736, 
366, -439, -805, 36, 585, -622, -854, 9, -702, -419, -971, 575, 
322, -517, -839, 97, 580, -678, -771, 0, -736, -497, -1088, 473, 
287, -531, -819, 122, 553, -675, -707, 0, -736, -527, -1161, 409, 
229, -522, -751, 146, 490, -636, -639, -24, -771, -566, -1200, 385, 
195, -507, -702, 156, 448, -605, -575, 0, -746, -546, -1200, 385, 
165, -473, -639, 153, 402, -556, -497, 68, -668, -473, -1166, 395, 
122, -434, -556, 156, 339, -495, -375, 146, -590, -405, -1127, 395, 
82, -395, -478, 156, 280, -436, -273, 209, -522, -351, -1088, 414, 
53, -351, -405, 148, 229, -378, -200, 268, -453, -283, -1063, 439, 
19, -312, -331, 146, 175, -322, -131, 331, -385, -224, -1029, 453, 
-29, -283, -253, 156, 112, -268, -48, 400, -331, -185, -1005, 463, 
-53, -239, -185, 146, 65, -212, 29, 458, -283, -136, -980, 488, 
-68, -214, -146, 141, 39, -180, 92, 512, -239, -87, -961, 492, 
-102, -234, -131, 168, 14, -183, 131, 551, -200, -58, -951, 483, 
-136, -248, -112, 192, -12, -180, 165, 585, -170, -48, -946, 483, 
-136, -239, -102, 187, -17, -170, 190, 619, -136, -39, -951, 473, 
-122, -239, -117, 180, -2, -178, 200, 644, -117, -29, -946, 458, 
-131, -239, -107, 185, -12, -173, 200, 644, -117, -19, -951, 448, 
-161, -239, -78, 200, -41, -158, 200, 634, -117, -19, -956, 434, 
-175, -234, -58, 204, -58, -146, 219, 649, -97, -9, -951, 429, 
-175, -239, -63, 207, -56, -151, 219, 649, -97, -9, -951, 424, 
-185, -244, -58, 214, -63, -151, 219, 653, -92, 0, -951, 414, 
-190, -248, -58, 219, -65, -153, 224, 653, -92, 0, -951, 409, 
-204, -239, -34, 222, -85, -136, 234, 644, -78, -4, -951, 419, 
-190, -239, -48, 214, -70, -143, 239, 658, -73, 4, -951, 424, 
-190, -244, -53, 217, -68, -148, 244, 668, -63, 4, -941, 429, 
-195, -248, -53, 222, -70, -151, 244, 668, -63, 4, -941, 429, 
-204, -258, -53, 231, -75, -156, 248, 673, -53, 4, -936, 429, 
-204, -258, -53, 231, -75, -156, 248, 678, -48, 4, -936, 424, 
-204, -258, -53, 231, -75, -156, 248, 678, -48, 4, -932, 424, 
-209, -258, -48, 234, -80, -153, 248, 683, -43, 4, -927, 424, 
-209, -248, -39, 229, -85, -143, 239, 673, -58, -4, -936, 409, 
-214, -244, -29, 229, -92, -136, 239, 673, -63, -4, -936, 409, 
-209, -239, -29, 224, -90, -134, 244, 673, -63, -9, -936, 409, 
-204, -234, -29, 219, -87, -131, 244, 673, -63, -14, -936, 409, 
-204, -244, -39, 224, -82, -141, 258, 688, -43, -9, -927, 419, 
-200, -244, -43, 222, -78, -143, 258, 688, -43, -9, -927, 419, 
-200, -244, -43, 222, -78, -143, 258, 688, -43, -4, -927, 419, 
-200, -244, -43, 222, -78, -143, 253, 683, -43, -4, -927, 424, 
-209, -253, -43, 231, -82, -148, 244, 683, -34, -4, -927, 414, 
-209, -244, -34, 226, -87, -139, 244, 683, -39, -9, -927, 414, 
-214, -244, -29, 229, -92, -136, 244, 683, -39, -19, -922, 414, 
-214, -244, -29, 229, -92, -136, 248, 678, -39, -24, -922, 414, 
-219, -248, -29, 234, -95, -139, 239, 668, -48, -29, -932, 424, 
-219, -248, -29, 234, -95, -139, 244, 673, -48, -34, -927, 424, 
-214, -239, -24, 226, -95, -131, 248, 678, -43, -34, -927, 424, 
-214, -239, -24, 226, -95, -131, 248, 678, -34, -39, -932, 424, 
-214, -234, -19, 224, -97, -126, 248, 692, -34, -39, -927, 414, 
-214, -234, -19, 224, -97, -126, 248, 692, -34, -34, -922, 414, 
-204, -229, -24, 217, -90, -126, 253, 692, -34, -29, -917, 414, 
-204, -229, -24, 217, -90, -126, 258, 692, -39, -29, -912, 409, 
-185, -234, -48, 209, -68, -141, 253, 678, -48, -39, -927, 400, 
-175, -234, -58, 204, -58, -146, 248, 673, -48, -48, -927, 405, 
-170, -239, -68, 204, -51, -153, 244, 668, -43, -53, -932, 405, 
-170, -239, -68, 204, -51, -153, 244, 678, -43, -63, -936, 405, 
-180, -229, -48, 204, -65, -139, 258, 692, -39, -58, -922, 405, 
-200, -229, -29, 214, -85, -129, 258, 697, -34, -53, -917, 409, 
-224, -234, -9, 229, -107, -122, 263, 702, -19, -48, -902, 414, 
-244, -234, 9, 239, -126, -112, 278, 707, -14, -43, -897, 419, 
-229, -224, 4, 226, -117, -109, 268, 707, -14, -53, -907, 409, 
-224, -224, 0, 224, -112, -112, 268, 707, -9, -53, -912, 409, 
-224, -224, 0, 224, -112, -112, 268, 707, -9, -53, -917, 409, 
-219, -224, -4, 222, -107, -114, 263, 707, -14, -53, -917, 409, 
-214, -244, -29, 229, -92, -136, 273, 697, -24, -58, -927, 414, 
-214, -244, -29, 229, -92, -136, 273, 697, -24, -58, -927, 414, 
-214, -239, -24, 226, -95, -131, 273, 702, -14, -63, -927, 414, 
-219, -239, -19, 229, -100, -129, 273, 702, -14, -68, -927, 414, 
-229, -248, -19, 239, -104, -134, 263, 722, -4, -53, -922, 414, 
-224, -248, -24, 236, -100, -136, 268, 722, 0, -53, -912, 414, 
-224, -244, -19, 234, -102, -131, 273, 727, 9, -53, -907, 414, 
-224, -239, -14, 231, -104, -126, 273, 727, 14, -53, -902, 419, 
-224, -234, -9, 229, -107, -122, 292, 717, 14, -58, -912, 414, 
-219, -234, -14, 226, -102, -124, 292, 722, 9, -63, -912, 414, 
-224, -234, -9, 229, -107, -122, 292, 722, 9, -68, -912, 409, 
-209, -229, -19, 219, -95, -124, 292, 727, 4, -68, -912, 409, 
-190, -229, -39, 209, -75, -134, 302, 736, 14, -63, -912, 400, 
-190, -229, -39, 209, -75, -134, 302, 736, 14, -63, -912, 400, 
-195, -229, -34, 212, -80, -131, 302, 736, 14, -63, -912, 395, 
-195, -229, -34, 212, -80, -131, 307, 736, 24, -58, -912, 395, 
-204, -229, -24, 217, -90, -126, 302, 756, 39, -58, -907, 400, 
-204, -229, -24, 217, -90, -126, 302, 756, 39, -58, -907, 400, 
-204, -229, -24, 217, -90, -126, 297, 761, 43, -53, -907, 400, 
-209, -229, -19, 219, -95, -124, 292, 761, 48, -53, -912, 395, 
-209, -234, -24, 222, -92, -129, 297, 775, 48, -63, -912, 395, 
-209, -234, -24, 222, -92, -129, 297, 780, 53, -58, -912, 400, 
-204, -229, -24, 217, -90, -126, 302, 785, 58, -48, -912, 400, 
-204, -229, -24, 217, -90, -126, 312, 790, 63, -48, -912, 400, 
-195, -229, -34, 212, -80, -131, 317, 785, 73, -58, -902, 395, 
-195, -229, -34, 212, -80, -131, 317, 795, 78, -48, -902, 390, 
-190, -224, -34, 207, -78, -129, 326, 800, 87, -48, -902, 385, 
-190, -224, -34, 207, -78, -129, 326, 810, 87, -48, -902, 380, 
-195, -219, -24, 207, -85, -122, 326, 805, 82, -53, -902, 380, 
-195, -219, -24, 207, -85, -122, 326, 805, 87, -53, -902, 380, 
-195, -219, -24, 207, -85, -122, 326, 810, 92, -53, -902, 380, 
-190, -219, -29, 204, -80, -124, 331, 824, 97, -43, -902, 375, 
-190, -214, -24, 202, -82, -119, 351, 844, 117, -29, -893, 385, 
-190, -219, -29, 204, -80, -124, 351, 858, 126, -24, -893, 390, 
-190, -229, -39, 209, -75, -134, 356, 868, 141, -19, -897, 390, 
-195, -234, -39, 214, -78, -136, 366, 873, 156, -14, -897, 390, 
-200, -209, -9, 204, -95, -109, 370, 873, 156, -9, -897, 380, 
-200, -204, -4, 202, -97, -104, 375, 893, 165, -9, -893, 380, 
-204, -204, 0, 204, -102, -102, 380, 897, 170, -4, -893, 380, 
-209, -204, 4, 207, -107, -100, 390, 907, 180, 4, -888, 380, 
-219, -209, 9, 214, -114, -100, 405, 927, 200, -4, -888, 390, 
-209, -209, 0, 209, -104, -104, 409, 936, 204, 0, -888, 390, 
-209, -214, -4, 212, -102, -109, 414, 951, 224, 4, -888, 390, 
-214, -219, -4, 217, -104, -112, 424, 966, 234, 19, -883, 390, 
-214, -219, -4, 217, -104, -112, 439, 990, 239, 34, -883, 400, 
-214, -214, 0, 214, -107, -107, 444, 995, 248, 39, -883, 400, 
-204, -200, 4, 202, -104, -97, 448, 1005, 258, 39, -883, 400, 
-204, -195, 9, 200, -107, -92, 458, 1015, 263, 39, -883, 400, 
-214, -200, 14, 207, -114, -92, 453, 1010, 273, 39, -878, 390, 
-214, -200, 14, 207, -114, -92, 453, 1019, 278, 43, -878, 390, 
-214, -200, 14, 207, -114, -92, 453, 1029, 283, 48, -878, 390, 
-209, -200, 9, 204, -109, -95, 458, 1039, 297, 48, -878, 390, 
-170, -190, -19, 180, -75, -104, 458, 1039, 302, 43, -883, 380, 
-165, -190, -24, 178, -70, -107, 458, 1044, 307, 43, -888, 380, 
-151, -190, -39, 170, -56, -114, 468, 1054, 312, 43, -893, 380, 
-131, -190, -58, 161, -36, -124, 473, 1063, 326, 53, -897, 385, 
-146, -190, -43, 168, -51, -117, 492, 1088, 341, 73, -878, 400, 
-170, -185, -14, 178, -78, -100, 497, 1098, 346, 78, -873, 405, 
-200, -185, 14, 192, -107, -85, 507, 1102, 351, 73, -868, 409, 
-234, -180, 53, 207, -143, -63, 517, 1107, 361, 78, -863, 414, 
-224, -180, 43, 202, -134, -68, 512, 1117, 351, 78, -873, 409, 
-219, -180, 39, 200, -129, -70, 507, 1117, 351, 73, -883, 405, 
-214, -180, 34, 197, -124, -73, 502, 1122, 351, 73, -883, 400, 
-214, -185, 29, 200, -122, -78, 502, 1122, 351, 68, -883, 395, 
-209, -190, 19, 200, -114, -85, 507, 1122, 356, 63, -878, 400, 
-204, -190, 14, 197, -109, -87, 512, 1122, 356, 58, -883, 395, 
-195, -185, 9, 190, -102, -87, 522, 1122, 356, 58, -883, 395, 
-185, -185, 0, 185, -92, -92, 527, 1117, 356, 53, -888, 395, 
-185, -170, 14, 178, -100, -78, 517, 1112, 336, 53, -893, 390, 
-185, -165, 19, 175, -102, -73, 517, 1093, 326, 48, -897, 385, 
-185, -165, 19, 175, -102, -73, 517, 1088, 322, 48, -897, 385, 
-185, -165, 19, 175, -102, -73, 517, 1083, 322, 48, -893, 385, 
-180, -170, 9, 175, -95, -80, 522, 1073, 317, 34, -902, 390, 
-185, -170, 14, 178, -100, -78, 517, 1068, 312, 29, -902, 390, 
-180, -175, 4, 178, -92, -85, 507, 1063, 302, 19, -912, 380, 
-170, -175, -4, 173, -82, -90, 507, 1058, 302, 19, -902, 390, 
-165, -165, 0, 165, -82, -82, 507, 1049, 287, 14, -912, 390, 
-161, -165, -4, 163, -78, -85, 502, 1039, 287, 9, -912, 385, 
-156, -165, -9, 161, -73, -87, 497, 1024, 273, 4, -912, 375, 
-151, -161, -9, 156, -70, -85, 483, 1015, 258, 0, -912, 370, 
-156, -170, -14, 163, -70, -92, 488, 1005, 253, 4, -917, 380, 
-161, -170, -9, 165, -75, -90, 488, 990, 244, -9, -912, 380, 
-165, -170, -4, 168, -80, -87, 483, 976, 239, -9, -907, 380, 
-170, -170, 0, 170, -85, -85, 478, 966, 229, -14, -893, 385, 
-175, -161, 14, 168, -95, -73, 463, 936, 200, -24, -907, 385, 
-175, -161, 14, 168, -95, -73, 458, 917, 185, -29, -912, 385, 
-175, -161, 14, 168, -95, -73, 453, 902, 175, -34, -912, 385, 
-165, -161, 4, 163, -85, -78, 453, 897, 165, -43, -907, 390, 
-170, -170, 0, 170, -85, -85, 444, 888, 165, -34, -902, 390, 
-170, -185, -14, 178, -78, -100, 434, 868, 156, -34, -897, 385, 
-175, -190, -14, 183, -80, -102, 424, 858, 131, -39, -897, 385, 
-175, -200, -24, 187, -75, -112, 414, 849, 126, -43, -893, 385, 
-180, -190, -9, 185, -85, -100, 414, 824, 112, -53, -888, 395, 
-180, -195, -14, 187, -82, -104, 400, 805, 97, -58, -883, 395, 
-185, -200, -14, 192, -85, -107, 395, 795, 87, -58, -878, 395, 
-190, -200, -9, 195, -90, -104, 390, 780, 87, -58, -868, 395, 
-185, -195, -9, 190, -87, -102, 395, 780, 78, -68, -878, 395, 
-180, -190, -9, 185, -85, -100, 385, 766, 73, -73, -878, 395, 
-180, -190, -9, 185, -85, -100, 375, 751, 63, -78, -878, 395, 
-175, -195, -19, 185, -78, -107, 370, 732, 48, -82, -878, 395, 
-180, -209, -29, 195, -75, -119, 361, 712, 34, -78, -878, 390, 
-185, -209, -24, 197, -80, -117, 346, 707, 24, -78, -883, 390, 
-190, -204, -14, 197, -87, -109, 341, 697, 19, -82, -883, 390, 
-195, -204, -9, 200, -92, -107, 336, 692, 14, -97, -883, 390, 
-190, -219, -29, 204, -80, -124, 336, 678, 9, -97, -883, 390, 
-190, -219, -29, 204, -80, -124, 336, 673, 0, -97, -878, 390, 
-190, -219, -29, 204, -80, -124, 331, 668, -4, -97, -878, 390, 
-190, -219, -29, 204, -80, -124, 322, 658, -14, -92, -878, 385, 
-190, -224, -34, 207, -78, -129, 322, 663, -14, -107, -888, 375, 
-200, -229, -29, 214, -85, -129, 312, 658, -24, -112, -888, 375, 
-190, -229, -39, 209, -75, -134, 312, 644, -24, -117, -893, 370, 
-190, -229, -39, 209, -75, -134, 312, 644, -24, -131, -893, 370, 
-200, -234, -34, 217, -82, -134, 302, 634, -34, -126, -883, 380, 
-200, -234, -34, 217, -82, -134, 307, 634, -39, -126, -883, 380, 
-204, -239, -34, 222, -85, -136, 307, 629, -43, -122, -883, 380, 
-204, -239, -34, 222, -85, -136, 307, 629, -53, -117, -883, 375, 
-204, -234, -29, 219, -87, -131, 307, 634, -48, -126, -888, 366, 
-204, -234, -29, 219, -87, -131, 307, 629, -43, -126, -888, 361, 
-204, -244, -39, 224, -82, -141, 307, 629, -39, -126, -888, 361, 
-204, -253, -48, 229, -78, -151, 297, 624, -39, -136, -893, 361, 
-209, -253, -43, 231, -82, -148, 302, 614, -53, -131, -902, 361, 
-204, -253, -48, 229, -78, -151, 312, 614, -53, -131, -902, 361, 
-204, -248, -43, 226, -80, -146, 322, 614, -48, -131, -902, 366, 
-229, -248, -19, 239, -104, -134, 326, 610, -48, -131, -902, 370, 
-224, -248, -24, 236, -100, -136, 317, 605, -58, -146, -902, 366, 
-214, -248, -34, 231, -90, -141, 317, 605, -63, -151, -902, 361, 
-195, -239, -43, 217, -75, -141, 317, 605, -68, -151, -907, 356, 
-190, -239, -48, 214, -70, -143, 317, 610, -68, -151, -907, 351, 
-200, -248, -48, 224, -75, -148, 317, 610, -68, -156, -907, 351, 
-204, -253, -48, 229, -78, -151, 317, 610, -73, -156, -907, 351, 
-204, -253, -48, 229, -78, -151, 317, 605, -78, -156, -912, 346, 
-204, -253, -48, 229, -78, -151, 317, 595, -78, -161, -917, 341, 
-185, -244, -58, 214, -63, -151, 302, 585, -78, -161, -927, 336, 
-170, -244, -73, 207, -48, -158, 297, 590, -78, -165, -932, 331, 
-156, -244, -87, 200, -34, -165, 292, 590, -82, -165, -932, 326, 
-151, -239, -87, 195, -31, -163, 287, 590, -82, -165, -927, 322, 
-175, -234, -58, 204, -58, -146, 317, 595, -63, -151, -917, 331, 
-209, -234, -24, 222, -92, -129, 326, 600, -58, -146, -907, 341, 
-224, -239, -14, 231, -104, -126, 336, 605, -53, -146, -902, 351, 
-239, -253, -14, 246, -112, -134, 346, 610, -53, -146, -893, 361, 
-244, -253, -9, 248, -117, -131, 336, 600, -63, -156, -897, 356, 
-239, -248, -9, 244, -114, -129, 336, 600, -58, -151, -897, 356, 
-229, -248, -19, 239, -104, -134, 341, 600, -58, -151, -902, 356, 
-224, -248, -24, 236, -100, -136, 341, 600, -63, -156, -912, 356, 
-234, -248, -14, 241, -109, -131, 341, 610, -53, -146, -912, 346, 
-234, -244, -9, 239, -112, -126, 341, 610, -53, -146, -907, 351, 
-234, -239, -4, 236, -114, -122, 341, 610, -48, -141, -907, 351, 
-229, -239, -9, 234, -109, -124, 341, 605, -48, -141, -907, 351, 
-229, -239, -9, 234, -109, -124, 351, 610, -58, -141, -907, 351, 
-224, -239, -14, 231, -104, -126, 351, 610, -58, -141, -907, 351, 
-224, -239, -14, 231, -104, -126, 351, 610, -53, -141, -907, 351, 
-229, -234, -4, 231, -112, -119, 351, 610, -48, -146, -907, 351, 
-239, -224, 14, 231, -126, -104, 356, 600, -48, -136, -897, 361, 
-239, -224, 14, 231, -126, -104, 356, 605, -48, -136, -897, 361, 
-239, -229, 9, 234, -124, -109, 356, 610, -48, -136, -897, 361, 
-234, -229, 4, 231, -119, -112, 356, 610, -43, -136, -893, 361, 
-224, -229, -4, 226, -109, -117, 356, 605, -48, -136, -902, 351, 
-219, -229, -9, 224, -104, -119, 356, 600, -43, -136, -897, 356, 
-224, -229, -4, 226, -109, -117, 356, 595, -39, -131, -897, 356, 
-219, -229, -9, 224, -104, -119, 356, 590, -39, -126, -893, 356, 
-219, -224, -4, 222, -107, -114, 351, 600, -39, -122, -888, 351, 
-219, -224, -4, 222, -107, -114, 351, 600, -39, -122, -888, 351, 
-214, -214, 0, 214, -107, -107, 351, 600, -39, -122, -888, 351, 
-214, -214, 0, 214, -107, -107, 346, 600, -39, -122, -878, 356, 
-234, -224, 9, 229, -122, -107, 351, 605, -29, -117, -873, 366, 
-244, -224, 19, 234, -131, -102, 356, 610, -24, -112, -868, 366, 
-253, -224, 29, 239, -141, -97, 361, 614, -14, -102, -863, 375, 
-263, -214, 48, 239, -156, -82, 366, 619, -9, -97, -858, 375, 
-234, -214, 19, 224, -126, -97, 361, 614, -14, -107, -873, 356, 
-224, -214, 9, 219, -117, -102, 346, 610, -19, -107, -878, 356, 
-214, -219, -4, 217, -104, -112, 341, 605, -24, -102, -878, 356, 
-214, -219, -4, 217, -104, -112, 336, 600, -24, -97, -883, 356, 
-204, -214, -9, 209, -97, -112, 346, 600, -34, -107, -873, 361, 
-204, -214, -9, 209, -97, -112, 346, 600, -34, -102, -873, 361, 
-219, -219, 0, 219, -109, -109, 341, 600, -29, -97, -868, 361, 
-209, -219, -9, 214, -100, -114, 341, 600, -29, -97, -868, 361, 
-195, -214, -19, 204, -87, -117, 341, 595, -34, -107, -873, 351, 
-195, -209, -14, 202, -90, -112, 336, 595, -34, -102, -873, 351, 
-195, -209, -14, 202, -90, -112, 336, 595, -34, -102, -868, 351, 
-200, -219, -19, 209, -90, -119, 336, 585, -29, -102, -868, 351, 
-214, -219, -4, 217, -104, -112, 326, 595, -24, -97, -863, 351, 
-224, -219, 4, 222, -114, -107, 331, 595, -24, -97, -863, 351, 
-214, -214, 0, 214, -107, -107, 331, 595, -24, -97, -863, 351, 
-214, -214, 0, 214, -107, -107, 326, 590, -29, -102, -863, 356, 
-214, -229, -14, 222, -100, -122, 326, 590, -29, -97, -863, 346, 
-214, -229, -14, 222, -100, -122, 322, 590, -29, -92, -863, 346, 
-214, -214, 0, 214, -107, -107, 322, 590, -29, -92, -863, 346, 
-214, -214, 0, 214, -107, -107, 322, 590, -29, -87, -863, 351, 
-204, -209, -4, 207, -100, -107, 322, 585, -34, -87, -863, 361, 
-204, -219, -14, 212, -95, -117, 326, 580, -34, -92, -863, 361, 
-209, -214, -4, 212, -102, -109, 331, 580, -34, -92, -863, 361, 
-209, -209, 0, 209, -104, -104, 341, 580, -34, -87, -863, 356, 
-204, -209, -4, 207, -100, -107, 351, 570, -39, -97, -863, 346, 
-204, -209, -4, 207, -100, -107, 341, 570, -39, -107, -863, 351, 
-209, -214, -4, 212, -102, -109, 341, 570, -39, -107, -863, 351, 
-209, -214, -4, 212, -102, -109, 341, 570, -39, -107, -863, 351, 
-204, -204, 0, 204, -102, -102, 331, 561, -29, -102, -863, 361, 
-204, -209, -4, 207, -100, -107, 331, 561, -34, -97, -863, 361, 
-204, -219, -14, 212, -95, -117, 331, 561, -34, -92, -863, 361, 
-204, -224, -19, 214, -92, -122, 331, 566, -34, -87, -863, 361, 
-214, -224, -9, 219, -102, -117, 331, 570, -24, -87, -854, 351, 
-214, -219, -4, 217, -104, -112, 331, 570, -29, -87, -858, 351, 
-209, -219, -9, 214, -100, -114, 331, 566, -29, -87, -858, 351, 
-209, -219, -9, 214, -100, -114, 331, 570, -29, -87, -858, 346, 
-204, -219, -14, 212, -95, -117, 322, 566, -34, -92, -868, 346, 
-200, -224, -24, 212, -87, -124, 317, 561, -39, -97, -868, 346, 
-195, -224, -29, 209, -82, -126, 317, 556, -39, -102, -868, 346, 
-185, -224, -39, 204, -73, -131, 317, 551, -43, -112, -868, 346, 
-185, -234, -48, 209, -68, -141, 326, 556, -39, -102, -868, 356, 
-190, -239, -48, 214, -70, -143, 326, 556, -43, -102, -863, 356, 
-209, -239, -29, 224, -90, -134, 326, 561, -43, -102, -858, 356, 
-219, -239, -19, 229, -100, -129, 331, 561, -39, -102, -858, 356, 
-219, -229, -9, 224, -104, -119, 341, 561, -39, -102, -849, 356, 
-224, -229, -4, 226, -109, -117, 341, 556, -43, -102, -854, 356, 
-224, -229, -4, 226, -109, -117, 336, 556, -43, -102, -863, 351, 
-224, -229, -4, 226, -109, -117, 336, 556, -43, -102, -863, 351, 
-229, -219, 9, 224, -119, -104, 331, 561, -39, -92, -849, 366, 
-229, -209, 19, 219, -124, -95, 336, 561, -34, -87, -849, 366, 
-229, -204, 24, 217, -126, -90, 346, 561, -29, -87, -844, 366, 
-234, -200, 34, 217, -134, -82, 346, 566, -24, -87, -844, 366, 
-244, -200, 43, 222, -143, -78, 361, 566, -14, -78, -834, 375, 
-234, -219, 14, 226, -124, -102, 351, 561, -29, -78, -849, 366, 
-214, -209, 4, 212, -109, -102, 351, 561, -29, -73, -839, 356, 
-185, -195, -9, 190, -87, -102, 370, 566, -9, -68, -829, 351, 
-195, -185, 9, 190, -102, -87, 370, 575, -19, -78, -834, 351, 
-195, -185, 9, 190, -102, -87, 370, 575, -19, -78, -839, 351, 
-195, -185, 9, 190, -102, -87, 370, 575, -19, -78, -844, 351, 
-195, -185, 9, 190, -102, -87, 370, 575, -19, -78, -849, 351, 
-200, -180, 19, 190, -109, -80, 375, 566, -19, -78, -844, 356, 
-204, -185, 19, 195, -112, -82, 380, 575, -14, -73, -844, 356, 
-209, -190, 19, 200, -114, -85, 385, 575, -14, -73, -844, 356, 
-214, -200, 14, 207, -114, -92, 385, 575, -14, -78, -844, 356, 
-209, -190, 19, 200, -114, -85, 400, 585, -14, -68, -844, 356, 
-200, -190, 9, 195, -104, -90, 400, 585, -14, -63, -839, 351, 
-185, -190, -4, 187, -90, -97, 400, 580, -9, -63, -839, 351, 
-190, -190, 0, 190, -95, -95, 395, 580, -9, -68, -844, 351, 
-204, -200, 4, 202, -104, -97, 375, 570, -14, -78, -844, 361, 
-204, -190, 14, 197, -109, -87, 366, 570, -19, -73, -839, 361, 
-200, -190, 9, 195, -104, -90, 351, 561, -19, -73, -839, 361, 
-200, -190, 9, 195, -104, -90, 331, 556, -24, -78, -844, 361, 
-175, -190, -14, 183, -80, -102, 307, 541, -29, -87, -854, 356, 
-170, -190, -19, 180, -75, -104, 297, 531, -39, -92, -858, 351, 
-165, -190, -24, 178, -70, -107, 292, 531, -39, -97, -858, 346, 
-161, -190, -29, 175, -65, -109, 283, 527, -39, -102, -854, 341, 
-156, -185, -29, 170, -63, -107, 287, 536, -29, -87, -849, 351, 
-151, -185, -34, 168, -58, -109, 292, 531, -29, -92, -844, 351, 
-156, -185, -29, 170, -63, -107, 287, 522, -34, -87, -844, 351, 
-151, -185, -34, 168, -58, -109, 292, 522, -34, -82, -839, 351, 
-151, -175, -24, 163, -63, -100, 287, 527, -43, -92, -844, 351, 
-156, -175, -19, 165, -68, -97, 287, 522, -53, -92, -844, 356, 
-175, -180, -4, 178, -85, -92, 283, 522, -53, -92, -844, 366, 
-195, -185, 9, 190, -102, -87, 283, 522, -53, -92, -839, 366, 
-195, -185, 9, 190, -102, -87, 283, 502, -58, -107, -839, 356, 
-180, -185, -4, 183, -87, -95, 283, 497, -58, -112, -839, 356, 
-170, -180, -9, 175, -80, -95, 283, 492, -58, -112, -839, 356, 
-165, -180, -14, 173, -75, -97, 273, 483, -63, -112, -844, 356, 
-165, -185, -19, 175, -73, -102, 283, 483, -53, -102, -834, 351, 
-165, -185, -19, 175, -73, -102, 283, 488, -48, -97, -834, 351, 
-175, -180, -4, 178, -85, -92, 292, 497, -48, -97, -834, 351, 
-165, -180, -14, 173, -75, -97, 292, 502, -48, -97, -834, 351, 
-165, -190, -24, 178, -70, -107, 297, 507, -34, -87, -834, 356, 
-190, -190, 0, 190, -95, -95, 312, 517, -34, -87, -834, 361, 
-200, -190, 9, 195, -104, -90, 312, 522, -34, -87, -829, 366, 
-209, -190, 19, 200, -114, -85, 312, 527, -34, -87, -829, 370, 
-200, -195, 4, 197, -102, -95, 302, 512, -39, -87, -839, 361, 
-190, -195, -4, 192, -92, -100, 302, 507, -43, -92, -839, 361, 
-180, -209, -29, 195, -75, -119, 302, 502, -48, -97, -839, 361, 
-170, -209, -39, 190, -65, -124, 302, 497, -53, -102, -839, 361, 
-175, -204, -29, 190, -73, -117, 302, 507, -43, -92, -839, 361, 
-170, -209, -39, 190, -65, -124, 297, 507, -43, -92, -839, 361, 
-165, -209, -43, 187, -61, -126, 292, 507, -43, -92, -839, 361, 
-165, -204, -39, 185, -63, -122, 292, 502, -43, -92, -844, 361, 
-170, -204, -34, 187, -68, -119, 302, 502, -43, -92, -839, 351, 
-175, -204, -29, 190, -73, -117, 307, 502, -43, -92, -839, 341, 
-175, -204, -29, 190, -73, -117, 307, 507, -43, -92, -839, 341, 
-185, -204, -19, 195, -82, -112, 307, 507, -43, -92, -839, 341, 
-200, -214, -14, 207, -92, -114, 317, 507, -58, -87, -839, 341, 
-200, -214, -14, 207, -92, -114, 317, 502, -58, -87, -839, 336, 
-204, -204, 0, 204, -102, -102, 322, 502, -58, -97, -839, 336, 
-209, -214, -4, 212, -102, -109, 326, 507, -63, -97, -844, 336, 
-204, -219, -14, 212, -95, -117, 331, 497, -63, -97, -858, 336, 
-204, -224, -19, 214, -92, -122, 331, 497, -63, -102, -858, 331, 
-204, -229, -24, 217, -90, -126, 331, 492, -63, -117, -863, 326, 
-204, -229, -24, 217, -90, -126, 331, 483, -68, -122, -863, 322, 
-209, -229, -19, 219, -95, -124, 326, 492, -58, -117, -858, 317, 
-209, -229, -19, 219, -95, -124, 326, 488, -63, -117, -858, 317, 
-209, -234, -24, 222, -92, -129, 326, 483, -63, -126, -868, 317, 
-209, -234, -24, 222, -92, -129, 326, 483, -73, -117, -858, 317, 
-209, -234, -24, 222, -92, -129, 331, 478, -73, -107, -868, 322, 
-209, -234, -24, 222, -92, -129, 331, 478, -68, -107, -868, 326, 
-224, -234, -9, 229, -107, -122, 331, 478, -68, -107, -868, 326, 
-214, -234, -19, 224, -97, -126, 326, 478, -73, -107, -868, 326, 
-214, -224, -9, 219, -102, -117, 326, 478, -63, -107, -863, 326, 
-219, -224, -4, 222, -107, -114, 326, 483, -63, -112, -863, 326, 
-219, -224, -4, 222, -107, -114, 326, 483, -63, -112, -863, 326, 
-219, -229, -9, 224, -104, -119, 326, 483, -63, -112, -863, 322, 
-224, -229, -4, 226, -109, -117, 317, 478, -68, -112, -863, 322, 
-224, -229, -4, 226, -109, -117, 317, 478, -68, -112, -858, 322, 
-219, -229, -9, 224, -104, -119, 317, 473, -68, -107, -858, 322, 
-204, -229, -24, 217, -90, -126, 322, 473, -68, -107, -858, 322, 
-214, -234, -19, 224, -97, -126, 322, 473, -68, -107, -858, 322, 
-224, -239, -14, 231, -104, -126, 317, 473, -68, -107, -858, 322, 
-229, -244, -14, 236, -107, -129, 317, 473, -68, -107, -858, 322, 
-229, -248, -19, 239, -104, -134, 317, 478, -68, -107, -858, 322, 
-219, -234, -14, 226, -102, -124, 326, 478, -68, -107, -858, 322, 
-214, -234, -19, 224, -97, -126, 326, 478, -68, -107, -858, 322, 
-219, -239, -19, 229, -100, -129, 326, 478, -63, -102, -854, 326, 
-204, -239, -34, 222, -85, -136, 326, 473, -63, -102, -849, 326, 
-175, -229, -53, 202, -61, -141, 317, 468, -78, -107, -863, 322, 
-161, -224, -63, 192, -48, -143, 317, 468, -82, -112, -868, 312, 
-151, -219, -68, 185, -41, -143, 317, 463, -87, -117, -873, 307, 
-141, -214, -73, 178, -34, -143, 317, 458, -92, -126, -878, 307, 
-200, -219, -19, 209, -90, -119, 326, 458, -82, -117, -854, 322, 
-268, -190, 78, 229, -173, -56, 346, 497, -43, -78, -824, 366, 
-297, -175, 122, 236, -209, -26, 356, 541, -9, -43, -795, 395, 
-297, -175, 122, 236, -209, -26, 361, 570, 24, -24, -785, 395, 
-263, -165, 97, 214, -180, -34, 346, 600, 63, 9, -771, 395, 
-244, -136, 107, 190, -175, -14, 326, 619, 112, 68, -722, 409, 
-214, -107, 107, 161, -161, 0, 302, 653, 195, 161, -644, 458, 
-165, -102, 63, 134, -114, -19, 268, 732, 322, 302, -522, 507, 
-131, -131, 0, 131, -65, -65, 209, 824, 468, 483, -390, 561, 
-107, -141, -34, 124, -36, -87, 112, 854, 585, 649, -234, 639, 
-48, -107, -58, 78, 4, -82, 4, 814, 658, 790, -78, 732, 
34, -53, -87, 9, 61, -70, -73, 810, 771, 951, 73, 824, 
131, 0, -131, -65, 131, -65, -151, 927, 985, 1220, 287, 946, 
219, 48, -170, -134, 195, -61, -234, 1098, 1273, 1556, 556, 1102, 
307, 117, -190, -212, 248, -36, -370, 1166, 1488, 1864, 839, 1273, 
400, 209, -190, -305, 295, 9, -536, 1146, 1615, 2093, 1093, 1439, 
497, 312, -185, -405, 341, 63, -668, 1141, 1742, 2322, 1322, 1590, 
570, 405, -165, -488, 368, 119, -756, 1171, 1898, 2557, 1527, 1722, 
629, 492, -136, -561, 383, 178, -863, 1180, 2015, 2762, 1717, 1849, 
702, 556, -146, -629, 424, 204, -980, 1185, 2098, 2884, 1864, 1947, 
761, 512, -248, -636, 505, 131, -1054, 1205, 2078, 2830, 1825, 1927, 
766, 361, -405, -563, 585, -21, -1078, 1190, 1922, 2537, 1532, 1747, 
746, 185, -561, -466, 653, -187, -1058, 1117, 1654, 2078, 1073, 1493, 
717, 24, -692, -370, 705, -334, -1024, 946, 1224, 1464, 527, 1210, 
624, -146, -771, -239, 697, -458, -936, 585, 531, 644, -102, 893, 
512, -292, -805, -109, 658, -549, -849, 126, -229, -146, -634, 624, 
448, -366, -814, -41, 631, -590, -771, -156, -668, -570, -922, 463, 
405, -439, -844, 17, 624, -641, -688, -204, -761, -683, -1049, 351, 
322, -517, -839, 97, 580, -678, -585, -175, -746, -712, -1127, 268, 
239, -541, -780, 151, 509, -661, -512, -195, -766, -741, -1180, 234, 
200, -492, -692, 146, 446, -592, -453, -190, -751, -722, -1171, 239, 
185, -458, -644, 136, 414, -551, -370, -126, -678, -663, -1132, 248, 
146, -434, -580, 143, 363, -507, -263, -58, -610, -610, -1107, 248, 
112, -395, -507, 141, 309, -451, -180, 0, -551, -551, -1078, 268, 
82, -336, -419, 126, 251, -378, -97, 63, -473, -468, -1039, 307, 
53, -283, -336, 114, 195, -309, -24, 131, -405, -400, -1005, 331, 
29, -253, -283, 112, 156, -268, 53, 195, -346, -351, -961, 336, 
0, -224, -224, 112, 112, -224, 136, 263, -283, -302, -927, 346, 
-43, -229, -185, 136, 70, -207, 204, 331, -224, -253, -902, 341, 
-87, -214, -126, 151, 19, -170, 248, 366, -190, -234, -902, 336, 
-102, -195, -92, 148, -4, -143, 278, 395, -161, -204, -883, 346, 
-117, -190, -73, 153, -21, -131, 322, 439, -112, -175, -878, 346, 
-156, -200, -43, 178, -56, -122, 346, 463, -97, -156, -873, 336, 
-170, -200, -29, 185, -70, -114, 356, 468, -87, -156, -878, 341, 
-161, -209, -48, 185, -56, -129, 356, 478, -78, -156, -883, 331, 
-161, -229, -68, 195, -46, -148, 366, 478, -68, -146, -888, 317, 
-185, -229, -43, 207, -70, -136, 366, 492, -68, -126, -883, 312, 
-185, -229, -43, 207, -70, -136, 366, 492, -68, -126, -883, 307, 
-195, -229, -34, 212, -80, -131, 366, 497, -63, -117, -883, 297, 
-200, -229, -29, 214, -85, -129, 370, 497, -63, -117, -883, 292, 
-204, -219, -14, 212, -95, -117, 370, 497, -48, -122, -893, 292, 
-190, -219, -29, 204, -80, -124, 375, 512, -43, -112, -893, 297, 
-190, -224, -34, 207, -78, -129, 380, 522, -34, -112, -883, 302, 
-195, -229, -34, 212, -80, -131, 380, 522, -34, -112, -883, 302, 
-195, -219, -24, 207, -85, -122, 375, 512, -39, -112, -888, 302, 
-195, -219, -24, 207, -85, -122, 375, 512, -39, -112, -888, 297, 
-195, -219, -24, 207, -85, -122, 375, 507, -43, -112, -883, 297, 
-200, -219, -19, 209, -90, -119, 375, 507, -43, -112, -878, 297, 
-209, -219, -9, 214, -100, -114, 375, 517, -34, -107, -878, 292, 
-224, -224, 0, 224, -112, -112, 375, 517, -34, -102, -878, 292, 
-229, -229, 0, 229, -114, -114, 380, 517, -29, -102, -878, 292, 
-234, -234, 0, 234, -117, -117, 380, 517, -24, -102, -878, 292, 
-214, -224, -9, 219, -102, -117, 385, 522, -24, -97, -878, 292, 
-209, -224, -14, 217, -97, -119, 385, 522, -24, -97, -878, 292, 
-209, -224, -14, 217, -97, -119, 385, 522, -24, -92, -878, 292, 
-209, -224, -14, 217, -97, -119, 380, 517, -24, -92, -878, 297, 
-209, -234, -24, 222, -92, -129, 385, 517, -24, -97, -878, 297, 
-209, -224, -14, 217, -97, -119, 390, 517, -29, -97, -878, 297, 
-214, -224, -9, 219, -102, -117, 395, 517, -29, -102, -873, 297, 
-214, -224, -9, 219, -102, -117, 405, 512, -29, -102, -873, 297, 
-214, -229, -14, 222, -100, -122, 395, 522, -29, -92, -883, 287, 
-209, -229, -19, 219, -95, -124, 400, 527, -29, -92, -878, 287, 
-200, -219, -19, 209, -90, -119, 405, 531, -24, -87, -878, 287, 
-195, -219, -24, 207, -85, -122, 405, 531, -14, -87, -883, 287, 
-204, -224, -19, 214, -92, -122, 390, 536, -14, -97, -883, 297, 
-204, -224, -19, 214, -92, -122, 385, 536, -14, -92, -883, 297, 
-195, -219, -24, 207, -85, -122, 385, 536, -14, -87, -883, 297, 
-195, -219, -24, 207, -85, -122, 385, 536, -19, -87, -883, 292, 
-214, -224, -9, 219, -102, -117, 400, 546, -9, -78, -878, 302, 
-224, -224, 0, 224, -112, -112, 405, 546, -9, -78, -868, 307, 
-239, -229, 9, 234, -124, -109, 409, 546, -4, -73, -863, 307, 
-258, -229, 29, 244, -143, -100, 419, 561, -4, -73, -858, 307, 
-244, -219, 24, 231, -134, -97, 419, 551, -4, -82, -868, 292, 
-239, -219, 19, 229, -129, -100, 414, 551, -4, -82, -868, 292, 
-239, -224, 14, 231, -126, -104, 414, 551, 4, -82, -858, 292, 
-234, -224, 9, 229, -122, -107, 424, 551, 4, -82, -858, 292, 
-204, -224, -19, 214, -92, -122, 409, 541, -4, -92, -863, 292, 
-195, -224, -29, 209, -82, -126, 405, 541, 0, -92, -873, 292, 
-190, -224, -34, 207, -78, -129, 400, 541, 0, -92, -883, 292, 
-180, -224, -43, 202, -68, -134, 390, 541, -4, -92, -888, 292, 
-185, -224, -39, 204, -73, -131, 400, 541, 4, -78, -873, 297, 
-195, -224, -29, 209, -82, -126, 400, 541, 4, -68, -868, 297, 
-204, -219, -14, 212, -95, -117, 400, 546, 14, -63, -863, 297, 
-219, -219, 0, 219, -109, -109, 400, 546, 14, -58, -858, 297, 
-219, -219, 0, 219, -109, -109, 409, 556, 19, -63, -863, 297, 
-214, -219, -4, 217, -104, -112, 414, 556, 19, -63, -863, 297, 
-214, -214, 0, 214, -107, -107, 419, 561, 24, -63, -868, 297, 
-214, -209, 4, 212, -109, -102, 419, 561, 24, -63, -873, 302, 
-229, -219, 9, 224, -119, -104, 419, 570, 19, -63, -883, 297, 
-229, -224, 4, 226, -117, -109, 419, 575, 19, -63, -883, 297, 
-239, -229, 9, 234, -124, -109, 419, 575, 24, -63, -883, 292, 
-229, -229, 0, 229, -114, -114, 419, 580, 24, -58, -883, 292, 
-219, -229, -9, 224, -104, -119, 419, 590, 39, -53, -873, 283, 
-219, -229, -9, 224, -104, -119, 419, 590, 43, -53, -873, 283, 
-224, -229, -4, 226, -109, -117, 419, 590, 48, -53, -873, 278, 
-224, -229, -4, 226, -109, -117, 424, 590, 63, -48, -873, 278, 
-214, -219, -4, 217, -104, -112, 434, 590, 58, -48, -868, 292, 
-214, -219, -4, 217, -104, -112, 439, 590, 58, -48, -868, 292, 
-214, -219, -4, 217, -104, -112, 439, 595, 63, -43, -868, 292, 
-219, -219, 0, 219, -109, -109, 439, 595, 68, -43, -873, 287, 
-214, -224, -9, 219, -102, -117, 444, 610, 58, -53, -873, 283, 
-209, -224, -14, 217, -97, -119, 444, 614, 63, -48, -873, 283, 
-200, -219, -19, 209, -90, -119, 448, 619, 68, -39, -873, 278, 
-195, -219, -24, 207, -85, -122, 458, 624, 73, -39, -873, 273, 
-200, -229, -29, 214, -85, -129, 453, 629, 82, -29, -863, 283, 
-204, -229, -24, 217, -90, -126, 453, 639, 87, -19, -863, 283, 
-204, -224, -19, 214, -92, -122, 463, 644, 97, -19, -863, 283, 
-209, -224, -14, 217, -97, -119, 463, 653, 97, -19, -863, 283, 
-219, -229, -9, 224, -104, -119, 453, 668, 112, -14, -873, 283, 
-224, -229, -4, 226, -109, -117, 453, 668, 117, -14, -873, 283, 
-229, -229, 0, 229, -114, -114, 453, 673, 122, -14, -873, 283, 
-229, -229, 0, 229, -114, -114, 458, 688, 126, -4, -873, 278, 
-219, -209, 9, 214, -114, -100, 473, 697, 141, 9, -863, 268, 
-219, -209, 9, 214, -114, -100, 478, 712, 146, 14, -863, 273, 
-219, -214, 4, 217, -112, -104, 488, 722, 156, 19, -868, 273, 
-224, -214, 9, 219, -117, -102, 502, 727, 165, 24, -868, 273, 
-214, -209, 4, 212, -109, -102, 507, 727, 175, 29, -868, 283, 
-209, -204, 4, 207, -107, -100, 512, 746, 185, 29, -863, 283, 
-209, -204, 4, 207, -107, -100, 517, 751, 190, 34, -863, 283, 
-209, -204, 4, 207, -107, -100, 527, 761, 200, 43, -858, 283, 
-209, -204, 4, 207, -107, -100, 531, 780, 209, 43, -858, 273, 
-200, -200, 0, 200, -100, -100, 536, 790, 214, 48, -858, 273, 
-200, -200, 0, 200, -100, -100, 541, 805, 234, 53, -858, 273, 
-204, -200, 4, 202, -104, -97, 551, 819, 244, 68, -854, 273, 
-204, -204, 0, 204, -102, -102, 556, 824, 248, 63, -854, 283, 
-204, -204, 0, 204, -102, -102, 561, 829, 258, 68, -854, 283, 
-195, -195, 0, 195, -97, -97, 566, 839, 268, 68, -854, 283, 
-195, -195, 0, 195, -97, -97, 575, 849, 273, 68, -854, 283, 
-204, -190, 14, 197, -109, -87, 590, 858, 292, 73, -858, 283, 
-204, -190, 14, 197, -109, -87, 590, 873, 297, 82, -858, 283, 
-204, -190, 14, 197, -109, -87, 590, 888, 302, 92, -858, 283, 
-200, -190, 9, 195, -104, -90, 595, 902, 317, 97, -858, 283, 
-195, -180, 14, 187, -104, -82, 595, 907, 312, 102, -858, 273, 
-204, -180, 24, 192, -114, -78, 595, 907, 317, 102, -858, 273, 
-204, -180, 24, 192, -114, -78, 605, 912, 322, 102, -858, 273, 
-200, -180, 19, 190, -109, -80, 610, 917, 336, 112, -858, 278, 
-180, -190, -9, 185, -85, -100, 614, 927, 331, 102, -858, 278, 
-180, -185, -4, 183, -87, -95, 614, 932, 326, 97, -863, 278, 
-185, -185, 0, 185, -92, -92, 619, 932, 322, 82, -868, 278, 
-195, -180, 14, 187, -104, -82, 624, 932, 322, 78, -873, 278, 
-185, -170, 14, 178, -100, -78, 624, 922, 326, 78, -863, 278, 
-180, -170, 9, 175, -95, -80, 624, 922, 331, 82, -873, 278, 
-175, -170, 4, 173, -90, -82, 624, 927, 336, 92, -873, 278, 
-175, -175, 0, 175, -87, -87, 629, 927, 341, 97, -873, 278, 
-175, -180, -4, 178, -85, -92, 619, 936, 336, 82, -878, 273, 
-175, -180, -4, 178, -85, -92, 619, 936, 336, 78, -883, 268, 
-170, -175, -4, 173, -82, -90, 624, 936, 336, 78, -883, 268, 
-165, -175, -9, 170, -78, -92, 624, 932, 336, 73, -888, 268, 
-161, -180, -19, 170, -70, -100, 614, 927, 322, 63, -902, 253, 
-156, -175, -19, 165, -68, -97, 614, 907, 307, 58, -907, 248, 
-151, -175, -24, 163, -63, -100, 614, 902, 297, 58, -907, 248, 
-146, -175, -29, 161, -58, -102, 614, 897, 292, 58, -902, 248, 
-165, -161, 4, 163, -85, -78, 619, 902, 302, 68, -888, 263, 
-195, -161, 34, 178, -114, -63, 624, 902, 302, 68, -883, 273, 
-214, -165, 48, 190, -131, -58, 624, 902, 297, 63, -888, 273, 
-229, -165, 63, 197, -146, -51, 634, 902, 302, 68, -873, 292, 
-229, -170, 58, 200, -143, -56, 629, 897, 287, 63, -883, 287, 
-229, -175, 53, 202, -141, -61, 629, 883, 287, 58, -883, 287, 
-229, -180, 48, 204, -139, -65, 629, 863, 273, 53, -883, 283, 
-229, -180, 48, 204, -139, -65, 619, 849, 258, 48, -883, 283, 
-209, -180, 29, 195, -119, -75, 610, 819, 239, 34, -893, 273, 
-200, -180, 19, 190, -109, -80, 605, 805, 224, 19, -893, 273, 
-190, -180, 9, 185, -100, -85, 595, 790, 214, 19, -893, 273, 
-180, -180, 0, 180, -90, -90, 585, 780, 200, 14, -883, 278, 
-175, -190, -14, 183, -80, -102, 570, 766, 195, 19, -893, 278, 
-175, -190, -14, 183, -80, -102, 566, 751, 185, 19, -893, 278, 
-175, -190, -14, 183, -80, -102, 561, 741, 180, 19, -888, 278, 
-165, -190, -24, 178, -70, -107, 561, 741, 175, 14, -878, 283, 
-170, -195, -24, 183, -73, -109, 536, 727, 156, 4, -888, 283, 
-180, -204, -24, 192, -78, -114, 522, 702, 146, 4, -888, 278, 
-195, -204, -9, 200, -92, -107, 507, 688, 122, 0, -893, 278, 
-204, -209, -4, 207, -100, -107, 492, 673, 117, -4, -893, 278, 
-204, -200, 4, 202, -104, -97, 497, 658, 102, -14, -888, 278, 
-200, -204, -4, 202, -97, -104, 488, 639, 87, -19, -883, 278, 
-200, -209, -9, 204, -95, -109, 488, 629, 78, -19, -878, 278, 
-200, -209, -9, 204, -95, -109, 488, 614, 78, -19, -868, 278, 
-200, -209, -9, 204, -95, -109, 492, 614, 78, -19, -868, 278, 
-200, -209, -9, 204, -95, -109, 483, 600, 73, -24, -868, 278, 
-204, -214, -9, 209, -97, -112, 473, 585, 63, -29, -868, 278, 
-204, -224, -19, 214, -92, -122, 468, 566, 48, -34, -868, 278, 
-204, -229, -24, 217, -90, -126, 453, 551, 34, -29, -858, 283, 
-204, -229, -24, 217, -90, -126, 444, 541, 24, -29, -863, 283, 
-204, -224, -19, 214, -92, -122, 444, 527, 19, -34, -863, 283, 
-204, -224, -19, 214, -92, -122, 444, 517, 14, -48, -863, 283, 
-204, -229, -24, 217, -90, -126, 434, 512, 19, -48, -873, 273, 
-200, -229, -29, 214, -85, -129, 434, 507, 9, -48, -868, 273, 
-195, -229, -34, 212, -80, -131, 429, 502, 4, -48, -868, 273, 
-190, -229, -39, 209, -75, -134, 419, 492, -4, -43, -868, 268, 
-195, -244, -48, 219, -73, -146, 419, 497, -14, -53, -878, 268, 
-209, -248, -39, 229, -85, -143, 409, 492, -24, -53, -878, 268, 
-204, -248, -43, 226, -80, -146, 409, 478, -24, -53, -883, 263, 
-209, -248, -39, 229, -85, -143, 409, 478, -24, -63, -883, 263, 
-209, -253, -43, 231, -82, -148, 409, 468, -24, -53, -883, 263, 
-209, -253, -43, 231, -82, -148, 414, 468, -29, -58, -883, 263, 
-214, -258, -43, 236, -85, -151, 414, 463, -34, -58, -883, 263, 
-214, -258, -43, 236, -85, -151, 414, 463, -43, -58, -883, 258, 
-214, -253, -39, 234, -87, -146, 405, 458, -34, -68, -888, 248, 
-214, -253, -39, 234, -87, -146, 405, 453, -34, -68, -888, 244, 
-214, -263, -48, 239, -82, -156, 405, 453, -34, -68, -888, 244, 
-214, -273, -58, 244, -78, -165, 395, 448, -39, -78, -893, 244, 
-200, -268, -68, 234, -65, -168, 395, 439, -48, -73, -912, 234, 
-195, -263, -68, 229, -63, -165, 400, 439, -53, -73, -912, 234, 
-195, -253, -58, 224, -68, -156, 405, 439, -53, -73, -912, 239, 
-219, -248, -29, 234, -95, -139, 405, 434, -58, -73, -912, 244, 
-219, -248, -29, 234, -95, -139, 405, 429, -48, -78, -902, 234, 
-214, -248, -34, 231, -90, -141, 405, 429, -53, -82, -902, 234, 
-200, -239, -39, 219, -80, -139, 405, 429, -58, -82, -907, 234, 
-200, -239, -39, 219, -80, -139, 405, 434, -58, -82, -907, 234, 
-224, -253, -29, 239, -97, -141, 414, 444, -58, -87, -907, 244, 
-234, -263, -29, 248, -102, -146, 414, 444, -63, -87, -907, 244, 
-239, -268, -29, 253, -104, -148, 414, 439, -68, -87, -912, 239, 
-244, -273, -29, 258, -107, -151, 414, 429, -68, -92, -917, 234, 
-239, -263, -24, 251, -107, -143, 414, 429, -63, -87, -907, 244, 
-229, -263, -34, 246, -97, -148, 414, 434, -58, -87, -912, 244, 
-219, -263, -43, 241, -87, -153, 414, 434, -58, -82, -912, 244, 
-219, -258, -39, 239, -90, -148, 414, 434, -53, -78, -907, 244, 
-219, -253, -34, 236, -92, -143, 424, 444, -48, -78, -907, 244, 
-239, -253, -14, 246, -112, -134, 424, 444, -48, -78, -907, 244, 
-239, -258, -19, 248, -109, -139, 424, 444, -48, -82, -912, 244, 
-239, -273, -34, 256, -102, -153, 424, 444, -53, -87, -912, 244, 
-244, -263, -19, 253, -112, -141, 414, 439, -63, -78, -922, 239, 
-239, -258, -19, 248, -109, -139, 414, 434, -58, -73, -917, 239, 
-229, -258, -29, 244, -100, -143, 419, 429, -58, -73, -917, 239, 
-224, -258, -34, 241, -95, -146, 419, 424, -63, -78, -922, 239, 
-239, -268, -29, 253, -104, -148, 429, 434, -63, -87, -912, 239, 
-244, -263, -19, 253, -112, -141, 429, 434, -63, -87, -907, 244, 
-248, -258, -9, 253, -119, -134, 429, 434, -58, -82, -907, 244, 
-248, -258, -9, 253, -119, -134, 429, 429, -58, -82, -907, 244, 
-239, -248, -9, 244, -114, -129, 439, 424, -58, -82, -912, 234, 
-234, -248, -14, 241, -109, -131, 439, 424, -58, -82, -917, 234, 
-234, -248, -14, 241, -109, -131, 439, 424, -53, -82, -922, 234, 
-239, -244, -4, 241, -117, -124, 439, 424, -48, -87, -927, 234, 
-239, -253, -14, 246, -112, -134, 453, 414, -53, -78, -917, 234, 
-239, -253, -14, 246, -112, -134, 453, 419, -58, -78, -917, 234, 
-239, -258, -19, 248, -109, -139, 453, 424, -63, -78, -917, 234, 
-234, -258, -24, 246, -104, -141, 453, 424, -63, -78, -912, 234, 
-239, -248, -9, 244, -114, -129, 458, 434, -58, -68, -922, 234, 
-239, -248, -9, 244, -114, -129, 453, 434, -53, -68, -917, 239, 
-248, -248, 0, 248, -124, -124, 448, 434, -48, -63, -917, 239, 
-248, -248, 0, 248, -124, -124, 444, 434, -48, -58, -912, 239, 
-248, -253, -4, 251, -122, -129, 439, 434, -43, -43, -897, 244, 
-248, -253, -4, 251, -122, -129, 439, 434, -39, -43, -897, 244, 
-244, -244, 0, 244, -122, -122, 439, 434, -34, -43, -897, 244, 
-244, -244, 0, 244, -122, -122, 434, 434, -29, -43, -888, 248, 
-239, -244, -4, 241, -117, -124, 434, 429, -39, -48, -893, 239, 
-234, -244, -9, 239, -112, -126, 434, 424, -43, -53, -897, 239, 
-229, -244, -14, 236, -107, -129, 434, 419, -43, -53, -902, 248, 
-224, -234, -9, 229, -107, -122, 434, 414, -48, -58, -907, 248, 
-234, -244, -9, 239, -112, -126, 444, 419, -43, -53, -907, 248, 
-244, -244, 0, 244, -122, -122, 434, 424, -39, -48, -907, 248, 
-253, -248, 4, 251, -129, -122, 434, 429, -34, -39, -902, 248, 
-273, -248, 24, 261, -148, -112, 434, 434, -24, -29, -902, 248, 
-268, -234, 34, 251, -151, -100, 444, 434, -24, -29, -897, 253, 
-263, -234, 29, 248, -146, -102, 444, 434, -24, -24, -893, 253, 
-273, -239, 34, 256, -153, -102, 439, 434, -19, -19, -883, 253, 
-258, -239, 19, 248, -139, -109, 439, 434, -19, -19, -878, 253, 
-253, -229, 24, 241, -139, -102, 429, 434, -24, -24, -893, 244, 
-253, -229, 24, 241, -139, -102, 424, 429, -24, -24, -893, 244, 
-253, -234, 19, 244, -136, -107, 424, 424, -24, -29, -888, 244, 
-258, -248, 9, 253, -134, -119, 424, 409, -19, -34, -888, 244, 
-258, -248, 9, 253, -134, -119, 424, 419, -24, -19, -873, 248, 
-263, -248, 14, 256, -139, -117, 429, 419, -24, -19, -873, 253, 
-248, -244, 4, 246, -126, -119, 429, 419, -24, -19, -873, 258, 
-244, -244, 0, 244, -122, -122, 424, 414, -29, -24, -873, 268, 
-248, -248, 0, 248, -124, -124, 424, 424, -19, -14, -883, 258, 
-253, -248, 4, 251, -129, -122, 419, 424, -19, -14, -883, 258, 
-258, -234, 24, 246, -141, -104, 419, 424, -19, -19, -883, 258, 
-263, -234, 29, 248, -146, -102, 419, 424, -19, -19, -883, 263, 
-248, -234, 14, 241, -131, -109, 405, 414, -39, -29, -888, 258, 
-244, -248, -4, 246, -119, -126, 405, 405, -43, -34, -893, 253, 
-244, -248, -4, 246, -119, -126, 405, 400, -48, -34, -897, 248, 
-239, -248, -9, 244, -114, -129, 409, 395, -53, -29, -902, 239, 
-244, -248, -4, 246, -119, -126, 409, 395, -43, -19, -893, 239, 
-244, -248, -4, 246, -119, -126, 400, 395, -39, -29, -893, 244, 
-248, -253, -4, 251, -122, -129, 400, 395, -34, -29, -893, 244, 
-248, -253, -4, 251, -122, -129, 400, 395, -29, -29, -893, 244, 
-234, -248, -14, 241, -109, -131, 390, 385, -39, -39, -893, 244, 
-234, -248, -14, 241, -109, -131, 390, 385, -43, -39, -893, 244, 
-234, -253, -19, 244, -107, -136, 390, 385, -43, -39, -893, 244, 
-234, -253, -19, 244, -107, -136, 390, 390, -43, -39, -893, 244, 
-239, -263, -24, 251, -107, -143, 390, 380, -43, -29, -893, 244, 
-244, -258, -14, 251, -114, -136, 390, 375, -48, -29, -897, 244, 
-244, -258, -14, 251, -114, -136, 390, 366, -48, -29, -897, 244, 
-248, -258, -9, 253, -119, -134, 390, 366, -48, -29, -897, 239, 
-239, -248, -9, 244, -114, -129, 385, 366, -39, -29, -888, 248, 
-239, -253, -14, 246, -112, -134, 385, 366, -39, -29, -888, 248, 
-239, -253, -14, 246, -112, -134, 390, 366, -34, -29, -888, 248, 
-234, -253, -19, 244, -107, -136, 395, 366, -34, -34, -888, 248, 
-234, -263, -29, 248, -102, -146, 395, 361, -48, -34, -897, 239, 
-239, -268, -29, 253, -104, -148, 395, 361, -53, -34, -893, 239, 
-258, -268, -9, 263, -124, -139, 395, 366, -53, -34, -888, 239, 
-268, -268, 0, 268, -134, -134, 400, 366, -48, -34, -888, 239, 
-263, -258, 4, 261, -134, -126, 400, 366, -48, -24, -888, 248, 
-263, -258, 4, 261, -134, -126, 400, 361, -53, -24, -893, 248, 
-258, -258, 0, 258, -129, -129, 395, 361, -53, -24, -902, 244, 
-253, -258, -4, 256, -124, -131, 395, 361, -53, -24, -902, 244, 
-248, -263, -14, 256, -117, -139, 395, 356, -58, -24, -897, 239, 
-248, -258, -9, 253, -119, -134, 395, 356, -53, -19, -897, 239, 
-248, -258, -9, 253, -119, -134, 400, 356, -48, -19, -893, 239, 
-253, -258, -4, 256, -124, -131, 395, 361, -43, -19, -893, 239, 
-244, -258, -14, 251, -114, -136, 409, 351, -34, -19, -883, 244, 
-244, -258, -14, 251, -114, -136, 419, 356, -39, -19, -888, 248, 
-244, -248, -4, 246, -119, -126, 429, 356, -39, -14, -888, 253, 
-244, -248, -4, 246, -119, -126, 434, 356, -39, -14, -883, 258, 
-253, -253, 0, 253, -126, -126, 429, 366, -29, -14, -883, 258, 
-244, -244, 0, 244, -122, -122, 424, 361, -39, -14, -883, 248, 
-204, -234, -29, 219, -87, -131, 419, 351, -58, -19, -897, 244, 
-219, -244, -24, 231, -97, -134, 419, 351, -53, -9, -888, 253, 
-224, -244, -19, 234, -102, -131, 419, 351, -48, -9, -888, 253, 
-229, -244, -14, 236, -107, -129, 419, 351, -43, -9, -888, 253, 
-234, -244, -9, 239, -112, -126, 419, 351, -39, -9, -888, 253, 
-244, -234, 9, 239, -126, -112, 439, 366, -24, 9, -878, 268, 
-253, -234, 19, 244, -136, -107, 448, 380, -14, 14, -873, 268, 
-263, -234, 29, 248, -146, -102, 458, 385, -9, 14, -868, 268, 
-273, -239, 34, 256, -153, -102, 463, 390, -4, 9, -863, 268, 
-268, -239, 29, 253, -148, -104, 458, 390, -14, 19, -873, 268, 
-258, -239, 19, 248, -139, -109, 458, 390, -14, 24, -868, 263, 
-244, -239, 4, 241, -124, -117, 458, 385, -9, 24, -868, 263, 
-248, -239, 9, 244, -129, -114, 453, 385, -9, 19, -873, 263, 
-244, -244, 0, 244, -122, -122, 448, 375, -14, 9, -883, 253, 
-244, -239, 4, 241, -124, -117, 444, 375, -19, 14, -878, 253, 
-239, -244, -4, 241, -117, -124, 434, 366, -19, 14, -878, 253, 
-239, -248, -9, 244, -114, -129, 419, 361, -24, 9, -883, 253, 
-234, -239, -4, 236, -114, -122, 405, 356, -29, -4, -893, 263, 
-239, -239, 0, 239, -119, -119, 395, 346, -39, -4, -897, 263, 
-244, -239, 4, 241, -124, -117, 390, 346, -39, -4, -897, 263, 
-248, -239, 9, 244, -129, -114, 380, 341, -39, -4, -893, 263, 
-239, -244, -4, 241, -117, -124, 375, 341, -39, 4, -883, 253, 
-229, -244, -14, 236, -107, -129, 370, 336, -39, -4, -883, 253, 
-229, -244, -14, 236, -107, -129, 356, 326, -43, -4, -888, 253, 
-219, -244, -24, 231, -97, -134, 351, 326, -43, -4, -888, 253, 
-204, -239, -34, 222, -85, -136, 346, 312, -53, -4, -873, 263, 
-204, -244, -39, 224, -82, -141, 346, 307, -63, -4, -873, 268, 
-219, -253, -34, 236, -92, -143, 341, 307, -63, -4, -873, 278, 
-234, -263, -29, 248, -102, -146, 341, 307, -63, -4, -868, 278, 
-253, -273, -19, 263, -117, -146, 331, 312, -63, -9, -878, 278, 
-248, -273, -24, 261, -112, -148, 331, 312, -58, -14, -878, 278, 
-248, -268, -19, 258, -114, -143, 331, 312, -53, -14, -878, 278, 
-253, -268, -14, 261, -119, -141, 322, 307, -53, -14, -883, 278, 
-253, -263, -9, 258, -122, -136, 331, 312, -63, -4, -893, 268, 
-253, -263, -9, 258, -122, -136, 331, 312, -58, 0, -893, 263, 
-263, -258, 4, 261, -134, -126, 341, 317, -58, 0, -893, 258, 
-253, -258, -4, 256, -124, -131, 341, 317, -58, 0, -893, 253, 
-239, -258, -19, 248, -109, -139, 346, 307, -53, 0, -893, 263, 
-248, -258, -9, 253, -119, -134, 361, 312, -53, 0, -893, 263, 
-244, -258, -14, 251, -114, -136, 361, 312, -53, 0, -888, 263, 
-239, -258, -19, 248, -109, -139, 361, 312, -53, 0, -888, 263, 
-248, -253, -4, 251, -122, -129, 361, 312, -43, -4, -897, 253, 
-248, -253, -4, 251, -122, -129, 361, 312, -43, -4, -897, 253, 
-248, -268, -19, 258, -114, -143, 361, 312, -43, -4, -897, 253, 
-248, -268, -19, 258, -114, -143, 361, 312, -43, -4, -897, 253, 
-234, -273, -39, 253, -97, -156, 346, 302, -48, -4, -897, 248, 
-219, -278, -58, 248, -80, -168, 336, 302, -53, -4, -897, 244, 
-204, -278, -73, 241, -65, -175, 326, 302, -58, -4, -897, 239, 
-195, -273, -78, 234, -58, -175, 322, 297, -63, -4, -902, 234, 
-209, -273, -63, 241, -73, -168, 346, 287, -73, -14, -907, 239, 
-214, -273, -58, 244, -78, -165, 356, 287, -73, -14, -907, 234, 
-214, -273, -58, 244, -78, -165, 361, 292, -73, -14, -907, 239, 
-224, -273, -48, 248, -87, -161, 366, 292, -73, -14, -907, 244, 
-239, -297, -58, 268, -90, -178, 375, 302, -73, -14, -907, 234, 
-248, -302, -53, 275, -97, -178, 375, 297, -68, -9, -907, 229, 
-263, -297, -34, 280, -114, -165, 380, 297, -63, -14, -907, 229, 
-278, -312, -34, 295, -122, -173, 385, 302, -63, -9, -912, 229, 
-283, -307, -24, 295, -129, -165, 385, 292, -63, -4, -917, 239, 
-283, -312, -29, 297, -126, -170, 380, 292, -63, -4, -917, 234, 
-283, -317, -34, 300, -124, -175, 375, 287, -63, -14, -922, 229, 
-283, -317, -34, 300, -124, -175, 370, 278, -68, -14, -922, 224, 
-268, -326, -58, 297, -104, -192, 375, 287, -68, -19, -936, 209, 
-268, -326, -58, 297, -104, -192, 375, 283, -73, -19, -936, 209, 
-268, -331, -63, 300, -102, -197, 375, 278, -73, -29, -946, 209, 
-268, -331, -63, 300, -102, -197, 375, 278, -82, -19, -936, 209, 
-278, -331, -53, 305, -112, -192, 380, 273, -82, -19, -936, 204, 
-278, -331, -53, 305, -112, -192, 380, 273, -78, -19, -936, 209, 
-292, -331, -39, 312, -126, -185, 380, 273, -78, -19, -936, 209, 
-283, -331, -48, 307, -117, -190, 375, 273, -82, -19, -936, 209, 
-283, -326, -43, 305, -119, -185, 370, 273, -82, -19, -932, 219, 
-287, -322, -34, 305, -126, -178, 366, 278, -82, -24, -932, 219, 
-287, -317, -29, 302, -129, -173, 361, 278, -82, -24, -932, 219, 
-287, -317, -29, 302, -129, -173, 356, 278, -82, -24, -932, 214, 
-283, -326, -43, 305, -119, -185, 356, 273, -78, -24, -941, 204, 
-283, -326, -43, 305, -119, -185, 356, 273, -78, -24, -936, 204, 
-278, -326, -48, 302, -114, -187, 356, 268, -78, -19, -936, 204, 
-263, -326, -63, 295, -100, -195, 361, 268, -78, -19, -936, 204, 
-268, -326, -58, 297, -104, -192, 366, 278, -78, -14, -936, 209, 
-283, -326, -43, 305, -119, -185, 366, 278, -78, -9, -936, 214, 
-292, -326, -34, 309, -129, -180, 370, 278, -78, -4, -936, 219, 
-297, -326, -29, 312, -134, -178, 375, 283, -78, 0, -936, 224, 
-292, -331, -39, 312, -126, -185, 366, 273, -78, -9, -936, 219, 
-292, -331, -39, 312, -126, -185, 366, 273, -78, -9, -936, 214, 
-302, -336, -34, 319, -134, -185, 366, 273, -73, -4, -932, 214, 
-292, -336, -43, 314, -124, -190, 366, 268, -73, -4, -927, 209, 
-268, -331, -63, 300, -102, -197, 366, 278, -73, 0, -917, 209, 
-268, -331, -63, 300, -102, -197, 366, 283, -73, 4, -917, 204, 
-273, -331, -58, 302, -107, -195, 366, 283, -73, 9, -917, 204, 
-278, -331, -53, 305, -112, -192, 366, 283, -73, 9, -917, 209, 
-307, -336, -29, 322, -139, -183, 375, 292, -63, 19, -912, 234, 
-278, -307, -29, 292, -124, -168, 366, 283, -53, 19, -902, 239, 
-258, -273, -14, 265, -122, -143, 356, 297, -39, 34, -893, 248, 
-258, -273, -14, 265, -122, -143, 361, 317, -24, 53, -883, 248, 
-244, -283, -39, 263, -102, -161, 356, 346, 14, 78, -868, 248, 
-234, -253, -19, 244, -107, -136, 346, 375, 63, 136, -819, 283, 
-263, -214, 48, 239, -156, -82, 341, 429, 156, 239, -732, 341, 
-331, -209, 122, 270, -226, -43, 336, 507, 283, 390, -600, 419, 
-317, -229, 87, 273, -202, -70, 278, 580, 409, 561, -458, 483, 
-204, -239, -34, 222, -85, -136, 161, 580, 497, 688, -331, 531, 
-107, -214, -107, 161, 0, -161, 43, 531, 551, 810, -214, 585, 
-82, -180, -97, 131, 7, -139, -24, 507, 614, 951, -63, 697, 
-14, -136, -122, 75, 53, -129, -82, 575, 771, 1161, 131, 810, 
73, -107, -180, 17, 126, -143, -175, 688, 1000, 1429, 361, 936, 
151, -48, -200, -51, 175, -124, -312, 736, 1176, 1688, 614, 1098, 
253, 53, -200, -153, 226, -73, -488, 707, 1283, 1917, 868, 1263, 
370, 165, -204, -268, 287, -19, -639, 683, 1400, 2137, 1098, 1424, 
444, 258, -185, -351, 314, 36, -736, 683, 1527, 2352, 1283, 1546, 
541, 346, -195, -444, 368, 75, -844, 683, 1634, 2537, 1464, 1654, 
653, 409, -244, -531, 448, 82, -961, 697, 1698, 2659, 1600, 1771, 
702, 366, -336, -534, 519, 14, -1044, 717, 1688, 2615, 1561, 1751, 
697, 224, -473, -461, 585, -124, -1088, 692, 1542, 2322, 1268, 1561, 
688, 48, -639, -368, 663, -295, -1098, 610, 1254, 1873, 800, 1288, 
629, -131, -761, -248, 695, -446, -1073, 458, 863, 1298, 253, 985, 
517, -312, -829, -102, 673, -570, -1005, 165, 287, 556, -346, 668, 
405, -439, -844, 17, 624, -641, -888, -234, -385, -175, -858, 409, 
322, -531, -854, 104, 588, -692, -790, -536, -854, -610, -1176, 229, 
268, -624, -893, 178, 580, -758, -727, -605, -976, -761, -1322, 107, 
224, -673, -897, 224, 561, -785, -634, -556, -951, -771, -1390, 24, 
170, -678, -849, 253, 509, -763, -541, -527, -941, -771, -1415, 0, 
122, -678, -800, 278, 461, -739, -473, -512, -917, -751, -1415, -4, 
78, -653, -732, 287, 405, -692, -380, -439, -834, -683, -1385, 4, 
29, -619, -649, 295, 339, -634, -273, -351, -727, -590, -1342, 24, 
-14, -600, -585, 307, 285, -592, -190, -273, -639, -522, -1302, 43, 
-53, -561, -507, 307, 226, -534, -117, -190, -561, -458, -1244, 73, 
-73, -497, -424, 285, 175, -461, -43, -112, -492, -380, -1190, 97, 
-87, -439, -351, 263, 131, -395, 24, -68, -434, -322, -1156, 122, 
-107, -409, -302, 258, 97, -356, 87, -9, -370, -263, -1112, 151, 
-141, -385, -244, 263, 51, -314, 165, 58, -312, -204, -1078, 165, 
-175, -380, -204, 278, 14, -292, 229, 112, -258, -146, -1049, 180, 
-200, -380, -180, 290, -9, -280, 278, 170, -209, -97, -1010, 190, 
-204, -366, -161, 285, -21, -263, 312, 224, -170, -68, -995, 190, 
-224, -366, -141, 295, -41, -253, 336, 258, -146, -58, -1000, 180, 
-258, -385, -126, 322, -65, -256, 356, 273, -126, -48, -995, 185, 
-297, -405, -107, 351, -95, -256, 375, 283, -117, -39, -990, 195, 
-307, -395, -87, 351, -109, -241, 385, 283, -97, -19, -976, 190, 
-312, -385, -73, 348, -119, -229, 390, 278, -97, -19, -971, 190, 
-312, -385, -73, 348, -119, -229, 385, 278, -97, -19, -971, 190, 
-322, -385, -63, 353, -129, -224, 380, 283, -92, -9, -971, 185, 
-326, -385, -58, 356, -134, -222, 380, 283, -92, -9, -971, 185, 
-336, -385, -48, 361, -143, -217, 375, 273, -97, -14, -976, 175, 
-317, -385, -68, 351, -124, -226, 375, 287, -92, -4, -980, 180, 
-312, -390, -78, 351, -117, -234, 375, 297, -82, -4, -976, 185, 
-312, -395, -82, 353, -114, -239, 370, 297, -82, -4, -980, 185, 
-317, -395, -78, 356, -119, -236, 375, 287, -87, -9, -1000, 180, 
-322, -395, -73, 358, -124, -234, 375, 287, -87, -14, -1005, 170, 
-326, -395, -68, 361, -129, -231, 375, 283, -92, -19, -1005, 165, 
-336, -395, -58, 366, -139, -226, 375, 283, -92, -24, -1005, 161, 
-351, -400, -48, 375, -151, -224, 366, 283, -92, -9, -995, 156, 
-361, -400, -39, 380, -161, -219, 366, 283, -92, -4, -995, 156, 
-361, -400, -39, 380, -161, -219, 370, 283, -87, -4, -995, 156, 
-361, -400, -39, 380, -161, -219, 370, 283, -82, -4, -995, 156, 
-361, -409, -48, 385, -156, -229, 370, 307, -73, -4, -985, 165, 
-356, -409, -53, 383, -151, -231, 366, 307, -73, 0, -985, 165, 
-356, -409, -53, 383, -151, -231, 361, 307, -73, 9, -985, 165, 
-356, -409, -53, 383, -151, -231, 351, 302, -73, 14, -985, 170, 
-356, -409, -53, 383, -151, -231, 361, 302, -73, 9, -995, 170, 
-356, -400, -43, 378, -156, -222, 361, 302, -78, 9, -995, 170, 
-361, -400, -39, 380, -161, -219, 361, 302, -78, 4, -990, 170, 
-361, -400, -39, 380, -161, -219, 366, 297, -78, 4, -990, 170, 
-366, -405, -39, 385, -163, -222, 366, 297, -78, 4, -980, 180, 
-366, -405, -39, 385, -163, -222, 370, 302, -78, 4, -976, 180, 
-361, -395, -34, 378, -163, -214, 375, 307, -73, 9, -976, 180, 
-361, -395, -34, 378, -163, -214, 375, 307, -63, 9, -980, 180, 
-380, -409, -29, 395, -175, -219, 375, 302, -63, 19, -985, 180, 
-380, -409, -29, 395, -175, -219, 375, 302, -63, 24, -990, 180, 
-370, -405, -34, 387, -168, -219, 380, 302, -63, 29, -995, 180, 
-370, -405, -34, 387, -168, -219, 385, 302, -68, 29, -1000, 175, 
-370, -419, -48, 395, -161, -234, 380, 302, -78, 14, -1005, 170, 
-370, -419, -48, 395, -161, -234, 375, 302, -78, 9, -1005, 170, 
-375, -424, -48, 400, -163, -236, 370, 302, -73, 9, -1010, 165, 
-385, -424, -39, 405, -173, -231, 370, 317, -73, 4, -1015, 161, 
-385, -424, -39, 405, -173, -231, 380, 307, -73, 14, -1010, 165, 
-385, -424, -39, 405, -173, -231, 375, 307, -73, 14, -1005, 165, 
-390, -429, -39, 409, -175, -234, 375, 307, -63, 14, -990, 165, 
-390, -429, -39, 409, -175, -234, 385, 307, -63, 14, -985, 165, 
-370, -419, -48, 395, -161, -234, 385, 312, -58, 29, -980, 165, 
-370, -419, -48, 395, -161, -234, 385, 317, -48, 34, -980, 165, 
-375, -419, -43, 397, -165, -231, 385, 322, -43, 39, -980, 165, 
-375, -419, -43, 397, -165, -231, 380, 326, -43, 43, -976, 165, 
-370, -439, -68, 405, -151, -253, 380, 326, -43, 34, -976, 165, 
-370, -439, -68, 405, -151, -253, 380, 326, -43, 39, -976, 170, 
-370, -434, -63, 402, -153, -248, 380, 331, -34, 39, -976, 175, 
-375, -434, -58, 405, -158, -246, 380, 331, -34, 39, -976, 180, 
-366, -444, -78, 405, -143, -261, 370, 331, -43, 34, -990, 175, 
-361, -444, -82, 402, -139, -263, 375, 331, -48, 34, -990, 170, 
-361, -439, -78, 400, -141, -258, 380, 336, -48, 34, -995, 165, 
-361, -434, -73, 397, -143, -253, 380, 336, -53, 34, -1000, 165, 
-366, -434, -68, 400, -148, -251, 380, 326, -48, 34, -1000, 156, 
-366, -439, -73, 402, -146, -256, 380, 331, -48, 34, -1000, 151, 
-375, -444, -68, 409, -153, -256, 380, 331, -43, 34, -1000, 141, 
-366, -444, -78, 405, -143, -261, 380, 336, -43, 39, -1000, 136, 
-380, -439, -58, 409, -161, -248, 385, 356, -24, 48, -995, 151, 
-395, -444, -48, 419, -173, -246, 390, 356, -24, 53, -990, 156, 
-414, -448, -34, 431, -190, -241, 395, 356, -24, 58, -985, 156, 
-429, -453, -24, 441, -202, -239, 405, 356, -14, 68, -980, 161, 
-419, -453, -34, 436, -192, -244, 414, 370, 0, 78, -966, 175, 
-419, -453, -34, 436, -192, -244, 419, 375, 0, 78, -966, 175, 
-419, -453, -34, 436, -192, -244, 419, 385, 4, 82, -966, 175, 
-424, -453, -29, 439, -197, -241, 419, 390, 9, 82, -971, 170, 
-409, -453, -43, 431, -183, -248, 405, 390, 0, 78, -980, 170, 
-405, -448, -43, 427, -180, -246, 405, 390, 4, 78, -980, 175, 
-395, -439, -43, 417, -175, -241, 409, 390, 9, 82, -980, 175, 
-390, -434, -43, 412, -173, -239, 419, 390, 14, 78, -980, 175, 
-400, -434, -34, 417, -183, -234, 419, 395, 14, 68, -990, 175, 
-400, -434, -34, 417, -183, -234, 414, 405, 19, 78, -990, 175, 
-395, -429, -34, 412, -180, -231, 419, 409, 29, 78, -990, 175, 
-395, -429, -34, 412, -180, -231, 414, 419, 29, 78, -990, 175, 
-409, -434, -24, 422, -192, -229, 424, 424, 34, 92, -980, 175, 
-409, -434, -24, 422, -192, -229, 424, 424, 39, 92, -980, 175, 
-409, -434, -24, 422, -192, -229, 424, 429, 43, 92, -980, 175, 
-405, -434, -29, 419, -187, -231, 429, 444, 48, 102, -980, 170, 
-414, -429, -14, 422, -200, -222, 429, 463, 73, 107, -980, 170, 
-414, -434, -19, 424, -197, -226, 429, 478, 78, 112, -980, 175, 
-414, -444, -29, 429, -192, -236, 434, 488, 87, 117, -985, 175, 
-419, -448, -29, 434, -195, -239, 444, 492, 97, 122, -985, 175, 
-405, -444, -39, 424, -183, -241, 448, 502, 97, 126, -976, 165, 
-395, -439, -43, 417, -175, -241, 453, 522, 107, 126, -971, 165, 
-390, -439, -48, 414, -170, -244, 458, 527, 112, 131, -971, 165, 
-385, -439, -53, 412, -165, -246, 468, 536, 122, 141, -966, 165, 
-405, -429, -24, 417, -190, -226, 473, 531, 122, 151, -966, 175, 
-395, -424, -29, 409, -183, -226, 478, 536, 126, 156, -966, 175, 
-395, -424, -29, 409, -183, -226, 483, 546, 146, 161, -966, 175, 
-400, -424, -24, 412, -187, -224, 492, 556, 156, 175, -961, 175, 
-400, -439, -39, 419, -180, -239, 488, 570, 170, 180, -966, 175, 
-400, -439, -39, 419, -180, -239, 492, 575, 180, 185, -971, 175, 
-390, -429, -39, 409, -175, -234, 497, 585, 190, 185, -976, 175, 
-390, -429, -39, 409, -175, -234, 507, 595, 195, 185, -980, 175, 
-380, -424, -43, 402, -168, -234, 512, 600, 200, 180, -990, 170, 
-380, -424, -43, 402, -168, -234, 512, 610, 200, 180, -995, 165, 
-380, -424, -43, 402, -168, -234, 512, 619, 200, 180, -1000, 161, 
-375, -424, -48, 400, -163, -236, 517, 629, 209, 175, -1005, 156, 
-366, -414, -48, 390, -158, -231, 522, 629, 204, 170, -995, 165, 
-380, -414, -34, 397, -173, -224, 517, 634, 209, 170, -995, 165, 
-385, -414, -29, 400, -178, -222, 522, 644, 214, 170, -995, 165, 
-385, -414, -29, 400, -178, -222, 522, 653, 229, 180, -995, 170, 
-375, -414, -39, 395, -168, -226, 536, 663, 239, 200, -985, 180, 
-375, -409, -34, 392, -170, -222, 536, 668, 239, 204, -980, 180, 
-380, -409, -29, 395, -175, -219, 541, 668, 239, 200, -976, 180, 
-390, -405, -14, 397, -187, -209, 546, 668, 244, 204, -971, 180, 
-375, -405, -29, 390, -173, -217, 546, 668, 234, 200, -980, 175, 
-366, -405, -39, 385, -163, -222, 546, 668, 234, 200, -990, 170, 
-356, -405, -48, 380, -153, -226, 546, 673, 234, 204, -990, 165, 
-351, -409, -58, 380, -146, -234, 551, 673, 234, 204, -990, 161, 
-361, -424, -63, 392, -148, -244, 556, 683, 234, 190, -985, 170, 
-370, -424, -53, 397, -158, -239, 561, 683, 239, 185, -990, 170, 
-375, -419, -43, 397, -165, -231, 570, 683, 244, 185, -990, 175, 
-380, -419, -39, 400, -170, -229, 575, 678, 248, 180, -995, 180, 
-370, -405, -34, 387, -168, -219, 570, 678, 239, 170, -1005, 170, 
-370, -400, -29, 385, -170, -214, 566, 663, 229, 165, -1015, 161, 
-370, -400, -29, 385, -170, -214, 561, 663, 224, 165, -1019, 156, 
-370, -400, -29, 385, -170, -214, 556, 663, 224, 165, -1019, 151, 
-370, -400, -29, 385, -170, -214, 561, 649, 209, 161, -1019, 165, 
-380, -405, -24, 392, -178, -214, 556, 639, 204, 156, -1019, 165, 
-380, -414, -34, 397, -173, -224, 546, 629, 195, 146, -1029, 156, 
-375, -419, -43, 397, -165, -231, 546, 619, 195, 146, -1019, 165, 
-375, -419, -43, 397, -165, -231, 551, 629, 190, 136, -1029, 170, 
-375, -419, -43, 397, -165, -231, 551, 619, 190, 136, -1029, 170, 
-375, -419, -43, 397, -165, -231, 551, 605, 175, 136, -1029, 165, 
-375, -414, -39, 395, -168, -226, 541, 595, 161, 136, -1029, 165, 
-375, -414, -39, 395, -168, -226, 527, 575, 146, 141, -1024, 175, 
-375, -414, -39, 395, -168, -226, 527, 561, 136, 126, -1019, 175, 
-375, -414, -39, 395, -168, -226, 522, 546, 131, 126, -1015, 175, 
-375, -414, -39, 395, -168, -226, 517, 536, 122, 122, -1000, 180, 
-380, -419, -39, 400, -170, -229, 488, 507, 97, 107, -1010, 170, 
-380, -424, -43, 402, -168, -234, 478, 488, 87, 107, -1010, 170, 
-380, -429, -48, 405, -165, -239, 468, 473, 82, 107, -1005, 170, 
-370, -434, -63, 402, -153, -248, 463, 468, 78, 102, -995, 175, 
-366, -434, -68, 400, -148, -251, 468, 468, 78, 107, -995, 175, 
-366, -439, -73, 402, -146, -256, 463, 448, 68, 112, -995, 170, 
-370, -434, -63, 402, -153, -248, 458, 439, 43, 112, -1000, 170, 
-370, -434, -63, 402, -153, -248, 453, 429, 39, 112, -1000, 170, 
-375, -424, -48, 400, -163, -236, 463, 405, 24, 112, -995, 180, 
-375, -429, -53, 402, -161, -241, 448, 385, 9, 107, -990, 180, 
-380, -434, -53, 407, -163, -244, 444, 375, 0, 107, -985, 180, 
-385, -434, -48, 409, -168, -241, 439, 361, 0, 107, -976, 180, 
-375, -434, -58, 405, -158, -246, 444, 346, -14, 92, -985, 180, 
-375, -434, -58, 405, -158, -246, 434, 326, -24, 82, -985, 180, 
-380, -439, -58, 409, -161, -248, 424, 307, -39, 73, -985, 180, 
-380, -448, -68, 414, -156, -258, 419, 283, -58, 63, -985, 180, 
-390, -453, -63, 422, -163, -258, 409, 278, -53, 68, -990, 175, 
-390, -453, -63, 422, -163, -258, 395, 278, -63, 68, -1000, 175, 
-390, -448, -58, 419, -165, -253, 390, 273, -68, 63, -1005, 175, 
-390, -448, -58, 419, -165, -253, 385, 273, -73, 48, -1010, 175, 
-385, -453, -68, 419, -158, -261, 366, 244, -92, 43, -1019, 165, 
-385, -453, -68, 419, -158, -261, 366, 234, -107, 39, -1015, 165, 
-385, -453, -68, 419, -158, -261, 361, 224, -117, 34, -1015, 165, 
-385, -453, -68, 419, -158, -261, 351, 209, -131, 34, -1015, 161, 
-380, -458, -78, 419, -151, -268, 356, 214, -122, 34, -1015, 161, 
-385, -463, -78, 424, -153, -270, 351, 209, -131, 34, -1015, 161, 
-370, -463, -92, 417, -139, -278, 356, 195, -131, 34, -1019, 156, 
-366, -463, -97, 414, -134, -280, 361, 195, -131, 24, -1019, 156, 
-385, -463, -78, 424, -153, -270, 366, 200, -117, 39, -1010, 170, 
-395, -468, -73, 431, -161, -270, 375, 204, -117, 39, -1000, 175, 
-409, -478, -68, 444, -170, -273, 380, 204, -117, 43, -990, 180, 
-419, -483, -63, 451, -178, -273, 385, 209, -122, 48, -980, 180, 
-409, -468, -58, 439, -175, -263, 380, 204, -122, 39, -990, 180, 
-409, -468, -58, 439, -175, -263, 375, 200, -122, 39, -995, 175, 
-409, -478, -68, 444, -170, -273, 370, 200, -122, 39, -1000, 175, 
-409, -488, -78, 448, -165, -283, 356, 195, -126, 29, -1010, 175, 
-405, -478, -73, 441, -165, -275, 356, 195, -136, 24, -1019, 156, 
-400, -478, -78, 439, -161, -278, 361, 195, -141, 24, -1019, 156, 
-400, -473, -73, 436, -163, -273, 366, 195, -141, 24, -1019, 161, 
-424, -473, -48, 448, -187, -261, 366, 190, -146, 24, -1019, 165, 
-424, -483, -58, 453, -183, -270, 356, 180, -146, 19, -1010, 165, 
-419, -483, -63, 451, -178, -273, 356, 175, -151, 14, -1010, 165, 
-405, -473, -68, 439, -168, -270, 356, 170, -156, 14, -1015, 165, 
-405, -473, -68, 439, -168, -270, 356, 170, -156, 14, -1015, 165, 
-419, -483, -63, 451, -178, -273, 361, 175, -146, 9, -1005, 175, 
-429, -488, -58, 458, -185, -273, 366, 180, -151, 9, -1005, 175, 
-434, -488, -53, 461, -190, -270, 370, 180, -156, 9, -1010, 170, 
-439, -488, -48, 463, -195, -268, 375, 175, -156, 4, -1015, 165, 
-429, -497, -68, 463, -180, -283, 366, 165, -156, 4, -1029, 156, 
-414, -497, -82, 456, -165, -290, 366, 170, -156, 0, -1039, 156, 
-400, -497, -97, 448, -151, -297, 366, 170, -161, 0, -1044, 156, 
-395, -492, -97, 444, -148, -295, 366, 170, -161, 0, -1044, 156, 
-390, -492, -102, 441, -143, -297, 366, 161, -165, 4, -1039, 146, 
-405, -488, -82, 446, -161, -285, 366, 161, -165, 9, -1034, 146, 
-400, -488, -87, 444, -156, -287, 366, 161, -165, 9, -1034, 146, 
-395, -497, -102, 446, -146, -300, 366, 161, -170, 9, -1029, 146, 
-414, -488, -73, 451, -170, -280, 366, 165, -161, 9, -1029, 141, 
-414, -483, -68, 448, -173, -275, 366, 170, -156, 14, -1024, 141, 
-409, -483, -73, 446, -168, -278, 370, 175, -156, 14, -1024, 141, 
-409, -483, -73, 446, -168, -278, 370, 180, -161, 9, -1029, 141, 
-419, -483, -63, 451, -178, -273, 375, 170, -165, 4, -1044, 131, 
-419, -478, -58, 448, -180, -268, 380, 170, -170, 0, -1044, 136, 
-419, -473, -53, 446, -183, -263, 385, 170, -170, 0, -1049, 136, 
-414, -473, -58, 444, -178, -265, 390, 165, -175, -4, -1054, 136, 
-424, -473, -48, 448, -187, -261, 400, 175, -170, 4, -1034, 141, 
-419, -473, -53, 446, -183, -263, 400, 180, -165, 14, -1024, 146, 
-419, -473, -53, 446, -183, -263, 400, 185, -156, 24, -1015, 151, 
-424, -468, -43, 446, -190, -256, 400, 190, -146, 29, -1005, 156, 
-424, -473, -48, 448, -187, -261, 395, 175, -151, 19, -1010, 146, 
-424, -478, -53, 451, -185, -265, 395, 175, -156, 19, -1015, 146, 
-424, -488, -63, 456, -180, -275, 395, 175, -161, 19, -1019, 146, 
-419, -492, -73, 456, -173, -283, 395, 170, -161, 19, -1019, 146, 
-414, -483, -68, 448, -173, -275, 395, 175, -156, 19, -1019, 146, 
-414, -483, -68, 448, -173, -275, 395, 180, -151, 19, -1015, 151, 
-424, -483, -58, 453, -183, -270, 395, 185, -146, 24, -1015, 151, 
-424, -483, -58, 453, -183, -270, 395, 190, -146, 29, -1010, 151, 
-414, -478, -63, 446, -175, -270, 390, 180, -156, 24, -1010, 165, 
-414, -478, -63, 446, -175, -270, 390, 180, -156, 24, -1015, 165, 
-409, -468, -58, 439, -175, -263, 390, 180, -156, 24, -1019, 165, 
-409, -468, -58, 439, -175, -263, 385, 180, -156, 24, -1015, 170, 
-409, -478, -68, 444, -170, -273, 385, 180, -151, 34, -1015, 170, 
-409, -478, -68, 444, -170, -273, 385, 180, -151, 34, -1015, 170, 
-409, -478, -68, 444, -170, -273, 385, 180, -146, 39, -1015, 180, 
-409, -468, -58, 439, -175, -263, 385, 180, -146, 39, -1015, 180, 
-405, -468, -63, 436, -170, -265, 385, 180, -136, 48, -1010, 170, 
-409, -468, -58, 439, -175, -263, 375, 180, -136, 48, -1005, 170, 
-414, -473, -58, 444, -178, -265, 375, 180, -136, 53, -995, 170, 
-429, -473, -43, 451, -192, -258, 375, 180, -131, 58, -990, 170, 
-419, -478, -58, 448, -180, -268, 385, 180, -141, 53, -990, 185, 
-419, -478, -58, 448, -180, -268, 385, 180, -141, 53, -990, 185, 
-434, -483, -48, 458, -192, -265, 380, 180, -136, 53, -985, 185, 
-424, -483, -58, 453, -183, -270, 380, 180, -136, 48, -985, 185, 
-405, -468, -63, 436, -170, -265, 370, 170, -146, 34, -1005, 170, 
-400, -463, -63, 431, -168, -263, 366, 165, -151, 34, -1010, 165, 
-395, -463, -68, 429, -163, -265, 366, 161, -156, 29, -1010, 161, 
-395, -473, -78, 434, -158, -275, 366, 146, -156, 24, -1015, 156, 
-409, -473, -63, 441, -173, -268, 366, 156, -141, 34, -1000, 165, 
-429, -473, -43, 451, -192, -258, 370, 165, -141, 39, -1000, 165, 
-429, -468, -39, 448, -195, -253, 370, 175, -141, 43, -1000, 165, 
-439, -468, -29, 453, -204, -248, 366, 180, -146, 43, -1000, 170, 
-429, -483, -53, 456, -187, -268, 356, 175, -156, 43, -1010, 161, 
-429, -483, -53, 456, -187, -268, 351, 170, -156, 43, -1010, 161, 
-429, -468, -39, 448, -195, -253, 351, 165, -156, 39, -1010, 161, 
-429, -468, -39, 448, -195, -253, 351, 161, -156, 39, -1010, 165, 
-429, -458, -29, 444, -200, -244, 356, 156, -161, 29, -1019, 156, 
-429, -473, -43, 451, -192, -258, 356, 151, -161, 24, -1019, 156, 
-434, -473, -39, 453, -197, -256, 356, 151, -161, 24, -1019, 156, 
-434, -473, -39, 453, -197, -256, 361, 151, -161, 29, -1019, 151, 
-419, -483, -63, 451, -178, -273, 370, 151, -165, 34, -1005, 151, 
-419, -483, -63, 451, -178, -273, 361, 151, -165, 29, -1000, 156, 
-424, -488, -63, 456, -180, -275, 361, 151, -165, 34, -995, 156, 
-424, -488, -63, 456, -180, -275, 361, 151, -165, 39, -990, 156, 
-409, -473, -63, 441, -173, -268, 356, 146, -170, 24, -976, 165, 
-409, -473, -63, 441, -173, -268, 351, 141, -180, 19, -971, 175, 
-409, -478, -68, 444, -170, -273, 346, 136, -185, 14, -966, 185, 
-409, -478, -68, 444, -170, -273, 341, 136, -190, 9, -961, 195, 
-414, -488, -73, 451, -170, -280, 341, 141, -175, 19, -971, 185, 
-419, -483, -63, 451, -178, -273, 341, 141, -175, 29, -976, 185, 
-419, -483, -63, 451, -178, -273, 341, 136, -170, 39, -976, 185, 
-424, -483, -58, 453, -183, -270, 341, 141, -165, 48, -976, 180, 
-424, -492, -68, 458, -178, -280, 341, 141, -165, 53, -976, 180, 
-424, -497, -73, 461, -175, -285, 346, 141, -165, 58, -976, 180, 
-424, -497, -73, 461, -175, -285, 356, 141, -161, 63, -976, 180, 
-419, -497, -78, 458, -170, -287, 366, 141, -161, 63, -976, 180, 
-414, -492, -78, 453, -168, -285, 361, 136, -175, 53, -985, 180, 
-414, -492, -78, 453, -168, -285, 356, 136, -180, 53, -980, 180, 
-429, -488, -58, 458, -185, -273, 351, 141, -180, 53, -976, 180, 
-434, -483, -48, 458, -192, -265, 351, 141, -175, 53, -976, 180, 
-429, -492, -63, 461, -183, -278, 351, 136, -185, 39, -980, 170, 
-429, -492, -63, 461, -183, -278, 351, 126, -190, 34, -990, 170, 
-424, -492, -68, 458, -178, -280, 346, 122, -190, 29, -1005, 165, 
-419, -492, -73, 456, -173, -283, 346, 117, -190, 24, -1010, 165, 
-424, -488, -63, 456, -180, -275, 351, 131, -175, 39, -1000, 161, 
-424, -483, -58, 453, -183, -270, 356, 131, -170, 48, -995, 161, 
-424, -483, -58, 453, -183, -270, 366, 131, -165, 53, -985, 161, 
-429, -483, -53, 456, -187, -268, 366, 136, -161, 58, -980, 161, 
-409, -492, -82, 451, -163, -287, 370, 146, -161, 48, -990, 151, 
-400, -478, -78, 439, -161, -278, 380, 156, -165, 48, -1005, 156, 
-405, -483, -78, 444, -163, -280, 380, 151, -175, 39, -1005, 156, 
-409, -488, -78, 448, -165, -283, 380, 146, -175, 39, -1005, 156, 
-414, -492, -78, 453, -168, -285, 380, 141, -175, 39, -1005, 156, 
-419, -497, -78, 458, -170, -287, 380, 136, -175, 39, -1005, 156, 
-429, -478, -48, 453, -190, -263, 385, 141, -170, 58, -995, 165, 
-429, -478, -48, 453, -190, -263, 390, 156, -161, 63, -990, 170, 
-429, -478, -48, 453, -190, -263, 395, 161, -156, 63, -985, 175, 
-429, -483, -53, 456, -187, -268, 395, 165, -151, 58, -980, 180, 
-429, -478, -48, 453, -190, -263, 400, 156, -156, 48, -990, 170, 
-424, -473, -48, 448, -187, -261, 400, 156, -161, 53, -985, 165, 
-414, -468, -53, 441, -180, -261, 400, 151, -161, 53, -985, 165, 
-424, -463, -39, 444, -192, -251, 395, 151, -165, 48, -990, 165, 
-429, -468, -39, 448, -195, -253, 395, 161, -170, 48, -990, 156, 
-429, -463, -34, 446, -197, -248, 395, 161, -175, 53, -985, 156, 
-424, -468, -43, 446, -190, -256, 390, 151, -175, 53, -985, 156, 
-424, -473, -48, 448, -187, -261, 380, 146, -180, 48, -990, 156, 
-419, -483, -63, 451, -178, -273, 366, 141, -175, 34, -990, 161, 
-424, -483, -58, 453, -183, -270, 356, 131, -185, 34, -995, 165, 
-429, -483, -53, 456, -187, -268, 351, 131, -185, 34, -995, 170, 
-434, -483, -48, 458, -192, -265, 341, 126, -185, 34, -990, 175, 
-434, -488, -53, 461, -190, -270, 326, 117, -195, 34, -990, 175, 
-424, -488, -63, 456, -180, -275, 322, 112, -195, 24, -990, 175, 
-424, -488, -63, 456, -180, -275, 307, 102, -200, 24, -995, 175, 
-414, -488, -73, 451, -170, -280, 302, 102, -200, 24, -995, 175, 
-400, -468, -68, 434, -165, -268, 297, 107, -200, 14, -990, 175, 
-400, -468, -68, 434, -165, -268, 297, 102, -209, 14, -990, 180, 
-414, -473, -58, 444, -178, -265, 292, 102, -209, 14, -990, 190, 
-429, -478, -48, 453, -190, -263, 292, 102, -209, 14, -985, 190, 
-434, -497, -63, 466, -185, -280, 283, 87, -214, 19, -995, 170, 
-414, -497, -82, 456, -165, -290, 283, 87, -214, 14, -995, 170, 
-400, -492, -92, 446, -153, -292, 283, 87, -214, 14, -995, 170, 
-390, -492, -102, 441, -143, -297, 273, 82, -219, 14, -1000, 170, 
-395, -497, -102, 446, -146, -300, 273, 68, -224, 14, -1010, 156, 
-400, -497, -97, 448, -151, -297, 273, 68, -224, 19, -1010, 156, 
-414, -492, -78, 453, -168, -285, 283, 73, -229, 19, -1010, 156, 
-409, -492, -82, 451, -163, -287, 283, 73, -234, 19, -1010, 156, 
-405, -492, -87, 448, -158, -290, 287, 82, -229, 19, -1000, 156, 
-424, -492, -68, 458, -178, -280, 302, 87, -229, 19, -1000, 156, 
-429, -492, -63, 461, -183, -278, 302, 87, -229, 19, -995, 156, 
-434, -492, -58, 463, -187, -275, 302, 87, -229, 19, -995, 156, 
-434, -502, -68, 468, -183, -285, 302, 97, -219, 24, -990, 161, 
-434, -507, -73, 470, -180, -290, 302, 97, -219, 24, -985, 165, 
-434, -527, -92, 480, -170, -309, 302, 97, -219, 24, -980, 170, 
-434, -531, -97, 483, -168, -314, 302, 97, -219, 24, -976, 175, 
-419, -531, -112, 475, -153, -322, 312, 97, -219, 34, -985, 175, 
-414, -531, -117, 473, -148, -324, 307, 97, -219, 34, -985, 175, 
-409, -527, -117, 468, -146, -322, 302, 97, -219, 34, -985, 175, 
-409, -517, -107, 463, -151, -312, 302, 92, -219, 34, -990, 175, 
-414, -507, -92, 461, -161, -300, 322, 82, -229, 29, -1000, 165, 
-419, -507, -87, 463, -165, -297, 326, 82, -229, 24, -1005, 156, 
-419, -507, -87, 463, -165, -297, 326, 87, -229, 19, -1010, 156, 
-429, -507, -78, 468, -175, -292, 326, 87, -229, 14, -1015, 156, 
-434, -527, -92, 480, -170, -309, 317, 87, -234, 9, -1005, 156, 
-434, -527, -92, 480, -170, -309, 317, 82, -234, 9, -1005, 151, 
-439, -517, -78, 478, -180, -297, 322, 82, -234, 0, -1005, 151, 
-444, -527, -82, 485, -180, -305, 326, 87, -239, 0, -1010, 151, 
-453, -531, -78, 492, -187, -305, 331, 87, -239, 14, -1005, 161, 
-458, -536, -78, 497, -190, -307, 331, 87, -239, 14, -1005, 156, 
-463, -541, -78, 502, -192, -309, 331, 82, -239, 4, -1010, 151, 
-468, -541, -73, 505, -197, -307, 331, 73, -244, 4, -1010, 146, 
-444, -551, -107, 497, -168, -329, 322, 73, -253, -9, -1029, 126, 
-434, -551, -117, 492, -158, -334, 317, 68, -258, -9, -1034, 122, 
-424, -556, -131, 490, -146, -344, 312, 63, -258, -19, -1049, 117, 
-414, -556, -141, 485, -136, -348, 307, 63, -268, -9, -1044, 112, 
-434, -556, -122, 495, -156, -339, 326, 82, -244, 0, -1024, 126, 
-453, -556, -102, 505, -175, -329, 331, 87, -234, 9, -1015, 141, 
-488, -556, -68, 522, -209, -312, 336, 92, -229, 19, -1005, 151, 
-497, -556, -58, 527, -219, -307, 336, 97, -229, 29, -995, 161, 
-492, -556, -63, 524, -214, -309, 336, 87, -239, 24, -1010, 161, 
-492, -556, -63, 524, -214, -309, 336, 92, -239, 14, -1010, 161, 
-488, -556, -68, 522, -209, -312, 336, 92, -239, 9, -1010, 161, 
-483, -561, -78, 522, -202, -319, 336, 92, -239, 4, -1010, 156, 
-478, -570, -92, 524, -192, -331, 326, 82, -248, -9, -1024, 146, 
-478, -570, -92, 524, -192, -331, 326, 78, -253, -14, -1024, 136, 
-473, -570, -97, 522, -187, -334, 326, 68, -258, -14, -1029, 126, 
-458, -570, -112, 514, -173, -341, 331, 63, -263, -19, -1034, 117, 
-458, -551, -92, 505, -183, -322, 322, 73, -258, -14, -1029, 122, 
-468, -551, -82, 509, -192, -317, 317, 73, -253, -9, -1024, 126, 
-473, -551, -78, 512, -197, -314, 317, 73, -248, -4, -1019, 131, 
-473, -551, -78, 512, -197, -314, 317, 78, -244, 0, -1015, 136, 
-473, -561, -87, 517, -192, -324, 326, 87, -234, 0, -1005, 141, 
-478, -566, -87, 522, -195, -326, 326, 87, -234, 0, -1005, 146, 
-492, -575, -82, 534, -204, -329, 326, 87, -229, 4, -1000, 156, 
-488, -580, -92, 534, -197, -336, 326, 82, -229, 4, -995, 161, 
-463, -566, -102, 514, -180, -334, 317, 73, -234, 14, -995, 161, 
-463, -566, -102, 514, -180, -334, 317, 78, -239, 14, -995, 156, 
-468, -566, -97, 517, -185, -331, 317, 78, -244, 14, -995, 156, 
-473, -566, -92, 519, -190, -329, 317, 78, -248, 9, -995, 161, 
-463, -561, -97, 512, -183, -329, 326, 78, -248, -9, -1019, 146, 
-453, -541, -87, 497, -183, -314, 326, 87, -239, 0, -1010, 151, 
-453, -527, -73, 490, -190, -300, 336, 102, -224, 24, -1000, 161, 
-492, -536, -43, 514, -224, -290, 331, 112, -209, 43, -980, 170, 
-507, -536, -29, 522, -239, -283, 317, 141, -161, 68, -956, 180, 
-478, -497, -19, 488, -229, -258, 317, 180, -102, 126, -917, 204, 
-439, -448, -9, 444, -214, -229, 331, 214, -48, 200, -858, 244, 
-429, -444, -14, 436, -207, -229, 317, 234, 9, 283, -795, 283, 
-405, -473, -68, 439, -168, -270, 287, 268, 87, 395, -683, 326, 
-390, -483, -92, 436, -148, -287, 248, 278, 165, 522, -546, 375, 
-361, -478, -117, 419, -122, -297, 180, 229, 190, 624, -400, 458, 
-307, -444, -136, 375, -85, -290, 92, 146, 185, 727, -248, 561, 
-258, -409, -151, 334, -53, -280, 14, 58, 195, 839, -92, 683, 
-209, -390, -180, 300, -14, -285, -39, 63, 307, 1019, 97, 800, 
-122, -361, -239, 241, 58, -300, -126, 122, 473, 1268, 341, 951, 
9, -268, -278, 129, 143, -273, -273, 112, 600, 1498, 585, 1117, 
117, -165, -283, 24, 200, -224, -444, 58, 688, 1698, 805, 1278, 
209, -82, -292, -63, 251, -187, -629, 9, 766, 1903, 1029, 1410, 
278, 4, -273, -141, 275, -134, -785, -29, 844, 2108, 1229, 1537, 
351, 117, -234, -234, 292, -58, -902, -53, 917, 2269, 1415, 1654, 
419, 170, -248, -295, 334, -39, -985, -53, 927, 2342, 1512, 1732, 
463, 78, -385, -270, 424, -153, -1039, -58, 849, 2215, 1395, 1649, 
463, -87, -551, -187, 507, -319, -1068, -102, 678, 1883, 1024, 1415, 
395, -278, -673, -58, 534, -475, -1063, -165, 434, 1434, 507, 1102, 
302, -458, -761, 78, 531, -610, -1005, -283, 82, 868, -82, 766, 
229, -624, -854, 197, 541, -739, -907, -517, -434, 146, -722, 409, 
156, -756, -912, 300, 534, -834, -819, -790, -971, -502, -1215, 131, 
63, -829, -893, 383, 478, -861, -746, -917, -1249, -810, -1420, 0, 
9, -888, -897, 439, 453, -893, -673, -897, -1254, -839, -1468, -63, 
-43, -922, -878, 483, 417, -900, -600, -858, -1215, -829, -1503, -107, 
-112, -922, -810, 517, 348, -866, -522, -834, -1200, -819, -1512, -102, 
-146, -888, -741, 517, 297, -814, -429, -751, -1117, -771, -1473, -82, 
-175, -863, -688, 519, 256, -775, -331, -605, -990, -678, -1429, -53, 
-239, -863, -624, 551, 192, -744, -239, -497, -893, -610, -1400, -43, 
-268, -854, -585, 561, 158, -719, -185, -434, -824, -546, -1381, -24, 
-258, -800, -541, 529, 141, -671, -131, -385, -746, -478, -1337, 9, 
-263, -732, -468, 497, 102, -600, -63, -322, -668, -400, -1283, 34, 
-283, -702, -419, 492, 68, -561, 0, -273, -605, -351, -1249, 53, 
-307, -668, -361, 488, 26, -514, 48, -214, -556, -302, -1224, 58, 
-331, -644, -312, 488, -9, -478, 112, -141, -502, -253, -1195, 73, 
-366, -634, -268, 500, -48, -451, 170, -73, -444, -204, -1156, 82, 
-390, -629, -239, 509, -75, -434, 234, 0, -385, -146, -1122, 102, 
-409, -629, -219, 519, -95, -424, 278, 53, -351, -107, -1098, 112, 
-424, -639, -214, 531, -104, -427, 287, 68, -322, -87, -1093, 107, 
-424, -639, -214, 531, -104, -427, 297, 78, -292, -78, -1078, 117, 
-424, -619, -195, 522, -114, -407, 317, 97, -273, -58, -1073, 122, 
-439, -610, -170, 524, -134, -390, 326, 97, -263, -39, -1068, 122, 
-439, -610, -170, 524, -134, -390, 326, 92, -263, -39, -1068, 122, 
-448, -610, -161, 529, -143, -385, 326, 92, -258, -29, -1068, 117, 
-453, -610, -156, 531, -148, -383, 331, 87, -258, -29, -1068, 117, 
-478, -600, -122, 539, -178, -361, 336, 97, -263, -34, -1068, 107, 
-463, -600, -136, 531, -163, -368, 336, 112, -258, -24, -1068, 112, 
-463, -605, -141, 534, -161, -373, 336, 122, -248, -24, -1058, 117, 
-468, -610, -141, 539, -163, -375, 331, 122, -248, -24, -1058, 117, 
-468, -610, -141, 539, -163, -375, 336, 112, -234, -34, -1054, 122, 
-468, -610, -141, 539, -163, -375, 336, 112, -234, -34, -1054, 122, 
-468, -610, -141, 539, -163, -375, 336, 107, -239, -34, -1049, 126, 
-473, -610, -136, 541, -168, -373, 336, 107, -239, -34, -1044, 131, 
-468, -605, -136, 536, -165, -370, 326, 117, -229, -19, -1054, 126, 
-478, -605, -126, 541, -175, -366, 326, 117, -229, -14, -1054, 126, 
-478, -605, -126, 541, -175, -366, 331, 117, -224, -14, -1054, 126, 
-478, -605, -126, 541, -175, -366, 331, 117, -219, -14, -1054, 126, 
-473, -614, -141, 544, -165, -378, 322, 122, -224, -19, -1044, 117, 
-473, -614, -141, 544, -165, -378, 317, 122, -229, -19, -1044, 117, 
-478, -614, -136, 546, -170, -375, 312, 122, -234, -14, -1044, 117, 
-483, -614, -131, 549, -175, -373, 302, 117, -239, -14, -1044, 122, 
-478, -605, -126, 541, -175, -366, 307, 117, -234, 0, -1034, 122, 
-473, -595, -122, 534, -175, -358, 312, 117, -234, 0, -1034, 122, 
-473, -595, -122, 534, -175, -358, 317, 117, -229, -4, -1029, 122, 
-468, -595, -126, 531, -170, -361, 326, 112, -224, -4, -1029, 122, 
-473, -600, -126, 536, -173, -363, 326, 112, -234, -14, -1034, 122, 
-473, -600, -126, 536, -173, -363, 331, 117, -234, -14, -1034, 122, 
-468, -590, -122, 529, -173, -356, 336, 122, -229, -9, -1039, 122, 
-468, -590, -122, 529, -173, -356, 336, 122, -219, -9, -1049, 122, 
-468, -595, -126, 531, -170, -361, 326, 112, -234, -24, -1049, 112, 
-458, -595, -136, 527, -161, -366, 317, 107, -239, -24, -1049, 112, 
-439, -590, -151, 514, -143, -370, 312, 102, -244, -24, -1049, 112, 
-429, -590, -161, 509, -134, -375, 307, 97, -253, -29, -1049, 107, 
-453, -595, -141, 524, -156, -368, 322, 107, -234, -19, -1034, 126, 
-478, -595, -117, 536, -180, -356, 326, 117, -224, -9, -1024, 141, 
-507, -600, -92, 553, -207, -346, 331, 126, -209, 4, -1019, 151, 
-541, -600, -58, 570, -241, -329, 341, 151, -200, 14, -1015, 161, 
-517, -605, -87, 561, -214, -346, 331, 141, -209, 24, -1015, 141, 
-512, -610, -97, 561, -207, -353, 326, 141, -209, 24, -1015, 136, 
-512, -619, -107, 566, -202, -363, 326, 141, -200, 24, -1005, 131, 
-507, -624, -117, 566, -195, -370, 336, 141, -200, 24, -1005, 126, 
-492, -619, -126, 556, -183, -373, 326, 151, -200, 24, -1005, 126, 
-488, -614, -126, 551, -180, -370, 326, 151, -195, 24, -1010, 126, 
-488, -610, -122, 549, -183, -366, 326, 151, -195, 24, -1015, 126, 
-483, -605, -122, 544, -180, -363, 322, 151, -200, 24, -1015, 126, 
-468, -605, -136, 536, -165, -370, 331, 141, -209, 19, -1029, 112, 
-468, -605, -136, 536, -165, -370, 331, 141, -209, 19, -1034, 112, 
-468, -600, -131, 534, -168, -366, 331, 146, -200, 14, -1039, 112, 
-473, -600, -126, 536, -173, -363, 331, 146, -200, 9, -1044, 112, 
-488, -610, -122, 549, -183, -366, 341, 165, -185, 24, -1034, 122, 
-488, -619, -131, 553, -178, -375, 346, 165, -185, 24, -1029, 122, 
-492, -624, -131, 558, -180, -378, 351, 170, -180, 24, -1029, 122, 
-497, -629, -131, 563, -183, -380, 351, 170, -180, 24, -1029, 126, 
-497, -619, -122, 558, -187, -370, 346, 165, -185, 29, -1019, 122, 
-492, -624, -131, 558, -180, -378, 341, 165, -185, 24, -1019, 122, 
-497, -629, -131, 563, -183, -380, 336, 161, -180, 19, -1019, 117, 
-483, -629, -146, 556, -168, -387, 331, 161, -180, 19, -1019, 117, 
-463, -624, -161, 544, -151, -392, 322, 170, -170, 24, -1010, 126, 
-463, -629, -165, 546, -148, -397, 322, 170, -170, 24, -1010, 126, 
-468, -634, -165, 551, -151, -400, 322, 170, -170, 24, -1010, 122, 
-468, -639, -170, 553, -148, -405, 326, 170, -161, 29, -1010, 122, 
-473, -624, -151, 549, -161, -387, 336, 170, -165, 34, -1000, 126, 
-478, -619, -141, 549, -168, -380, 341, 170, -165, 39, -995, 126, 
-483, -614, -131, 549, -175, -373, 341, 175, -161, 48, -990, 126, 
-492, -610, -117, 551, -187, -363, 341, 175, -156, 53, -990, 122, 
-488, -624, -136, 556, -175, -380, 326, 190, -146, 43, -995, 122, 
-483, -624, -141, 553, -170, -383, 326, 195, -141, 48, -1000, 126, 
-473, -619, -146, 546, -163, -383, 331, 200, -136, 58, -1005, 126, 
-468, -619, -151, 544, -158, -385, 341, 204, -131, 58, -1010, 126, 
-473, -619, -146, 546, -163, -383, 336, 219, -122, 48, -1010, 117, 
-478, -619, -141, 549, -168, -380, 336, 229, -117, 58, -1010, 117, 
-478, -614, -136, 546, -170, -375, 346, 234, -107, 58, -1010, 117, 
-483, -614, -131, 549, -175, -373, 346, 244, -107, 58, -1010, 117, 
-488, -610, -122, 549, -183, -366, 336, 239, -112, 73, -1010, 117, 
-488, -610, -122, 549, -183, -366, 336, 239, -107, 73, -1010, 117, 
-488, -610, -122, 549, -183, -366, 336, 244, -102, 73, -1010, 117, 
-483, -610, -126, 546, -178, -368, 341, 258, -97, 82, -1010, 112, 
-492, -605, -112, 549, -190, -358, 351, 258, -82, 87, -990, 122, 
-492, -610, -117, 551, -187, -363, 351, 273, -78, 92, -990, 126, 
-492, -619, -126, 556, -183, -373, 356, 283, -68, 97, -995, 126, 
-497, -624, -126, 561, -185, -375, 366, 287, -58, 102, -995, 126, 
-497, -600, -102, 549, -197, -351, 370, 297, -39, 107, -995, 126, 
-492, -595, -102, 544, -195, -348, 375, 317, -29, 107, -990, 126, 
-492, -595, -102, 544, -195, -348, 380, 322, -24, 112, -990, 126, 
-492, -595, -102, 544, -195, -348, 390, 331, -14, 122, -985, 126, 
-497, -600, -102, 549, -197, -351, 385, 336, -9, 112, -995, 126, 
-483, -600, -117, 541, -183, -358, 380, 341, -9, 117, -995, 126, 
-478, -605, -126, 541, -175, -366, 375, 351, 4, 122, -995, 126, 
-478, -610, -131, 544, -173, -370, 375, 361, 9, 136, -990, 126, 
-468, -605, -136, 536, -165, -370, 390, 380, 19, 151, -990, 136, 
-468, -605, -136, 536, -165, -370, 395, 390, 34, 156, -990, 136, 
-458, -595, -136, 527, -161, -366, 400, 405, 48, 156, -990, 136, 
-458, -595, -136, 527, -161, -366, 409, 419, 58, 156, -990, 136, 
-458, -580, -122, 519, -168, -351, 414, 424, 58, 165, -995, 126, 
-458, -580, -122, 519, -168, -351, 414, 434, 63, 170, -995, 126, 
-458, -580, -122, 519, -168, -351, 414, 444, 68, 175, -995, 126, 
-453, -580, -126, 517, -163, -353, 419, 453, 82, 175, -995, 126, 
-444, -575, -131, 509, -156, -353, 429, 453, 78, 175, -1005, 126, 
-458, -580, -122, 519, -168, -351, 429, 458, 82, 170, -1005, 126, 
-463, -585, -122, 524, -170, -353, 439, 468, 87, 165, -1005, 126, 
-463, -590, -126, 527, -168, -358, 444, 478, 102, 170, -1005, 131, 
-444, -580, -136, 512, -153, -358, 444, 488, 107, 180, -995, 122, 
-444, -575, -131, 509, -156, -353, 439, 492, 112, 185, -990, 122, 
-448, -575, -126, 512, -161, -351, 439, 492, 117, 180, -985, 122, 
-458, -570, -112, 514, -173, -341, 439, 492, 126, 185, -980, 122, 
-458, -561, -102, 509, -178, -331, 439, 502, 126, 180, -980, 131, 
-453, -561, -107, 507, -173, -334, 439, 502, 126, 180, -990, 131, 
-448, -561, -112, 505, -168, -336, 439, 507, 126, 185, -990, 131, 
-448, -566, -117, 507, -165, -341, 444, 507, 126, 185, -990, 131, 
-434, -580, -146, 507, -143, -363, 434, 492, 107, 175, -1000, 117, 
-429, -580, -151, 505, -139, -366, 434, 488, 102, 165, -1010, 112, 
-419, -575, -156, 497, -131, -366, 439, 483, 97, 161, -1015, 112, 
-409, -575, -165, 492, -122, -370, 439, 473, 92, 151, -1024, 112, 
-439, -585, -146, 512, -146, -366, 448, 483, 92, 156, -1015, 122, 
-458, -585, -126, 522, -165, -356, 458, 478, 92, 156, -1015, 122, 
-478, -590, -112, 534, -183, -351, 468, 488, 97, 161, -1010, 126, 
-497, -595, -97, 546, -200, -346, 478, 497, 107, 165, -1000, 131, 
-483, -600, -117, 541, -183, -358, 483, 483, 92, 151, -1005, 122, 
-488, -600, -112, 544, -187, -356, 478, 473, 87, 146, -1010, 117, 
-483, -605, -122, 544, -180, -363, 468, 463, 78, 136, -1024, 102, 
-473, -605, -131, 539, -170, -368, 468, 453, 78, 136, -1019, 107, 
-473, -595, -122, 534, -175, -358, 463, 458, 82, 136, -1010, 122, 
-473, -595, -122, 534, -175, -358, 463, 453, 82, 136, -1010, 122, 
-473, -595, -122, 534, -175, -358, 463, 444, 68, 136, -1010, 117, 
-473, -590, -117, 531, -178, -353, 453, 439, 53, 136, -1010, 117, 
-458, -590, -131, 524, -163, -361, 448, 419, 39, 122, -1024, 117, 
-453, -590, -136, 522, -158, -363, 448, 405, 29, 107, -1029, 117, 
-448, -590, -141, 519, -153, -366, 444, 390, 24, 107, -1034, 117, 
-444, -590, -146, 517, -148, -368, 439, 380, 14, 102, -1029, 122, 
-463, -590, -126, 527, -168, -358, 424, 361, -9, 92, -1034, 117, 
-468, -590, -122, 529, -173, -356, 419, 341, -19, 87, -1039, 112, 
-473, -590, -117, 531, -178, -353, 414, 326, -24, 82, -1039, 107, 
-468, -590, -122, 529, -173, -356, 414, 322, -29, 73, -1034, 107, 
-463, -595, -131, 529, -165, -363, 409, 312, -48, 73, -1024, 107, 
-463, -605, -141, 534, -161, -373, 405, 292, -58, 73, -1024, 102, 
-468, -605, -136, 536, -165, -370, 400, 283, -82, 68, -1029, 102, 
-468, -610, -141, 539, -163, -375, 395, 273, -87, 63, -1029, 102, 
-478, -610, -131, 544, -173, -370, 395, 268, -97, 53, -1024, 107, 
-483, -614, -131, 549, -175, -373, 380, 248, -107, 48, -1019, 112, 
-492, -619, -126, 556, -183, -373, 375, 239, -112, 48, -1015, 117, 
-502, -619, -117, 561, -192, -368, 370, 224, -107, 48, -1005, 122, 
-488, -614, -126, 551, -180, -370, 366, 209, -122, 39, -1005, 122, 
-483, -610, -126, 546, -178, -368, 356, 190, -131, 34, -1005, 122, 
-483, -610, -126, 546, -178, -368, 346, 170, -146, 29, -1005, 122, 
-478, -614, -136, 546, -170, -375, 341, 146, -165, 24, -1005, 122, 
-478, -629, -151, 553, -163, -390, 346, 141, -161, 29, -1015, 117, 
-478, -629, -151, 553, -163, -390, 336, 141, -170, 29, -1019, 117, 
-478, -624, -146, 551, -165, -385, 336, 136, -175, 24, -1019, 117, 
-478, -624, -146, 551, -165, -385, 336, 136, -180, 9, -1019, 117, 
-492, -619, -126, 556, -183, -373, 336, 112, -195, 0, -1010, 117, 
-492, -619, -126, 556, -183, -373, 336, 107, -204, 0, -1005, 117, 
-492, -619, -126, 556, -183, -373, 331, 102, -209, 0, -1005, 117, 
-492, -619, -126, 556, -183, -373, 322, 92, -219, 4, -1005, 112, 
-488, -624, -136, 556, -175, -380, 322, 87, -229, -4, -1015, 112, 
-492, -629, -136, 561, -178, -383, 312, 82, -239, -4, -1015, 112, 
-478, -629, -151, 553, -163, -390, 312, 68, -239, -4, -1019, 107, 
-473, -629, -156, 551, -158, -392, 312, 68, -239, -14, -1019, 107, 
-478, -629, -151, 553, -163, -390, 322, 78, -234, -4, -1010, 107, 
-483, -634, -151, 558, -165, -392, 326, 78, -234, -9, -1010, 107, 
-492, -644, -151, 568, -170, -397, 326, 73, -234, -9, -1010, 107, 
-497, -649, -151, 573, -173, -400, 326, 73, -239, -9, -1010, 102, 
-502, -634, -131, 568, -185, -383, 317, 68, -239, 0, -1005, 112, 
-507, -634, -126, 570, -190, -380, 317, 63, -239, 0, -1005, 107, 
-512, -644, -131, 578, -190, -387, 317, 63, -239, 0, -1005, 107, 
-517, -653, -136, 585, -190, -395, 307, 58, -244, -9, -1010, 107, 
-502, -644, -141, 573, -180, -392, 297, 58, -258, -24, -1019, 87, 
-497, -644, -146, 570, -175, -395, 302, 58, -258, -24, -1019, 87, 
-497, -639, -141, 568, -178, -390, 307, 58, -253, -24, -1019, 92, 
-522, -639, -117, 580, -202, -378, 307, 53, -253, -24, -1019, 97, 
-512, -649, -136, 580, -187, -392, 297, 34, -253, -29, -1019, 97, 
-507, -649, -141, 578, -183, -395, 297, 29, -258, -34, -1019, 97, 
-492, -639, -146, 566, -173, -392, 297, 24, -263, -34, -1024, 97, 
-492, -639, -146, 566, -173, -392, 297, 24, -263, -34, -1024, 97, 
-502, -639, -136, 570, -183, -387, 302, 34, -253, -29, -1015, 97, 
-507, -644, -136, 575, -185, -390, 307, 34, -258, -29, -1015, 97, 
-507, -644, -136, 575, -185, -390, 312, 29, -263, -29, -1019, 92, 
-507, -644, -136, 575, -185, -390, 317, 19, -263, -34, -1024, 87, 
-512, -653, -141, 583, -185, -397, 317, 29, -263, -24, -1024, 97, 
-502, -653, -151, 578, -175, -402, 317, 34, -263, -29, -1029, 97, 
-492, -653, -161, 573, -165, -407, 317, 34, -268, -29, -1029, 97, 
-492, -649, -156, 570, -168, -402, 317, 34, -268, -29, -1024, 97, 
-483, -639, -156, 561, -163, -397, 322, 34, -263, -39, -1024, 97, 
-502, -634, -131, 568, -185, -383, 317, 34, -263, -39, -1024, 97, 
-502, -634, -131, 568, -185, -383, 312, 34, -263, -43, -1029, 97, 
-502, -644, -141, 573, -180, -392, 307, 34, -268, -48, -1029, 97, 
-502, -644, -141, 573, -180, -392, 317, 29, -268, -39, -1029, 92, 
-502, -639, -136, 570, -183, -387, 317, 24, -263, -34, -1024, 92, 
-497, -639, -141, 568, -178, -390, 322, 19, -263, -34, -1024, 92, 
-497, -639, -141, 568, -178, -390, 322, 14, -268, -39, -1029, 92, 
-517, -649, -131, 583, -192, -390, 322, 24, -258, -29, -1019, 92, 
-517, -644, -126, 580, -195, -385, 322, 24, -258, -29, -1015, 97, 
-517, -639, -122, 578, -197, -380, 322, 24, -253, -24, -1015, 97, 
-512, -639, -126, 575, -192, -383, 322, 19, -253, -24, -1015, 97, 
-512, -629, -117, 570, -197, -373, 312, 19, -253, -24, -1005, 107, 
-507, -629, -122, 568, -192, -375, 312, 24, -253, -24, -1005, 107, 
-507, -629, -122, 568, -192, -375, 312, 29, -248, -24, -1005, 107, 
-512, -624, -112, 568, -200, -368, 312, 34, -244, -29, -1005, 107, 
-512, -624, -112, 568, -200, -368, 317, 24, -244, -19, -995, 97, 
-512, -624, -112, 568, -200, -368, 317, 29, -244, -19, -995, 97, 
-512, -629, -117, 570, -197, -373, 317, 34, -244, -19, -995, 97, 
-507, -629, -122, 568, -192, -375, 317, 34, -239, -19, -990, 97, 
-488, -629, -141, 558, -173, -385, 317, 34, -244, -19, -990, 107, 
-483, -629, -146, 556, -168, -387, 317, 34, -239, -19, -985, 112, 
-488, -629, -141, 558, -173, -385, 317, 34, -234, -14, -985, 112, 
-483, -629, -146, 556, -168, -387, 317, 34, -234, -9, -980, 112, 
-492, -624, -131, 558, -180, -378, 312, 34, -224, 4, -976, 117, 
-492, -624, -131, 558, -180, -378, 312, 34, -224, 4, -976, 117, 
-488, -614, -126, 551, -180, -370, 312, 34, -224, 4, -976, 117, 
-488, -614, -126, 551, -180, -370, 307, 34, -224, 4, -966, 122, 
-497, -624, -126, 561, -185, -375, 302, 24, -219, 14, -976, 112, 
-497, -624, -126, 561, -185, -375, 307, 24, -219, 14, -976, 112, 
-497, -624, -126, 561, -185, -375, 312, 24, -214, 19, -976, 122, 
-497, -614, -117, 556, -190, -366, 317, 24, -214, 19, -976, 122, 
-478, -614, -136, 546, -170, -375, 312, 14, -219, 14, -976, 122, 
-468, -614, -146, 541, -161, -380, 297, 14, -224, 9, -976, 122, 
-458, -619, -161, 539, -148, -390, 292, 14, -229, 9, -971, 122, 
-458, -619, -161, 539, -148, -390, 287, 14, -229, 9, -971, 122, 
-478, -624, -146, 551, -165, -385, 307, 24, -209, 24, -951, 136, 
-497, -624, -126, 561, -185, -375, 317, 34, -200, 34, -941, 146, 
-531, -629, -97, 580, -217, -363, 322, 43, -185, 43, -927, 156, 
-541, -629, -87, 585, -226, -358, 331, 53, -175, 48, -917, 165, 
-517, -614, -97, 566, -209, -356, 341, 48, -190, 48, -917, 165, 
-517, -610, -92, 563, -212, -351, 336, 48, -190, 53, -912, 165, 
-517, -610, -92, 563, -212, -351, 336, 48, -190, 53, -902, 165, 
-522, -619, -97, 570, -212, -358, 336, 39, -185, 53, -897, 165, 
-517, -629, -112, 573, -202, -370, 326, 34, -185, 53, -907, 156, 
-517, -629, -112, 573, -202, -370, 322, 29, -190, 48, -912, 156, 
-497, -624, -126, 561, -185, -375, 312, 24, -195, 43, -917, 156, 
-488, -624, -136, 556, -175, -380, 297, 14, -204, 34, -922, 161, 
-502, -629, -126, 566, -187, -378, 287, 14, -195, 43, -922, 161, 
-507, -629, -122, 568, -192, -375, 283, 14, -195, 43, -922, 161, 
-512, -614, -102, 563, -204, -358, 283, 14, -195, 39, -922, 161, 
-517, -614, -97, 566, -209, -356, 283, 14, -195, 39, -922, 165, 
-502, -605, -102, 553, -200, -353, 292, 19, -200, 39, -912, 165, 
-497, -619, -122, 558, -187, -370, 297, 14, -200, 34, -912, 165, 
-497, -619, -122, 558, -187, -370, 302, 14, -200, 34, -912, 165, 
-492, -619, -126, 556, -183, -373, 312, 14, -200, 39, -912, 161, 
-497, -619, -122, 558, -187, -370, 302, 0, -214, 29, -922, 151, 
-497, -619, -122, 558, -187, -370, 292, -4, -214, 19, -922, 156, 
-502, -624, -122, 563, -190, -373, 292, -9, -214, 19, -922, 156, 
-502, -624, -122, 563, -190, -373, 292, -14, -214, 19, -922, 156, 
-488, -619, -131, 553, -178, -375, 302, -24, -204, 29, -912, 165, 
-488, -619, -131, 553, -178, -375, 302, -24, -209, 29, -912, 165, 
-488, -624, -136, 556, -175, -380, 302, -24, -209, 29, -912, 165, 
-488, -624, -136, 556, -175, -380, 302, -19, -209, 29, -912, 165, 
-488, -624, -136, 556, -175, -380, 302, -9, -209, 29, -912, 175, 
-488, -619, -131, 553, -178, -375, 302, -14, -214, 29, -917, 175, 
-483, -619, -136, 551, -173, -378, 302, -24, -214, 29, -917, 175, 
-483, -619, -136, 551, -173, -378, 302, -24, -214, 29, -917, 170, 
-488, -629, -141, 558, -173, -385, 302, -34, -224, 29, -927, 161, 
-492, -634, -141, 563, -175, -387, 297, -34, -224, 29, -927, 161, 
-497, -634, -136, 566, -180, -385, 297, -34, -219, 29, -927, 161, 
-497, -634, -136, 566, -180, -385, 297, -34, -219, 24, -927, 161, 
-492, -624, -131, 558, -180, -378, 287, -39, -224, 14, -917, 161, 
-492, -629, -136, 561, -178, -383, 287, -39, -229, 14, -912, 161, 
-507, -629, -122, 568, -192, -375, 287, -34, -229, 14, -907, 161, 
-512, -629, -117, 570, -197, -373, 292, -34, -224, 14, -907, 161, 
-507, -629, -122, 568, -192, -375, 292, -43, -214, 24, -917, 161, 
-507, -629, -122, 568, -192, -375, 292, -48, -219, 24, -922, 161, 
-502, -629, -126, 566, -187, -378, 287, -48, -219, 24, -932, 156, 
-497, -629, -131, 563, -183, -380, 287, -48, -219, 24, -932, 156, 
-492, -614, -122, 553, -185, -368, 283, -53, -224, 24, -927, 161, 
-492, -610, -117, 551, -187, -363, 287, -53, -219, 29, -927, 161, 
-492, -610, -117, 551, -187, -363, 297, -53, -214, 29, -922, 161, 
-497, -610, -112, 553, -192, -361, 297, -48, -209, 29, -922, 161, 
-497, -600, -102, 549, -197, -351, 312, -48, -219, 29, -902, 170, 
-488, -590, -102, 539, -192, -346, 322, -43, -214, 39, -888, 180, 
-468, -580, -112, 524, -178, -346, 331, -34, -204, 43, -878, 180, 
-478, -585, -107, 531, -185, -346, 331, -39, -204, 48, -878, 175, 
-483, -595, -112, 539, -185, -353, 341, -39, -195, 48, -888, 165, 
-488, -595, -107, 541, -190, -351, 341, -39, -195, 48, -888, 165, 
-492, -595, -102, 544, -195, -348, 341, -39, -195, 48, -888, 165, 
-497, -595, -97, 546, -200, -346, 341, -39, -195, 48, -888, 165, 
-507, -595, -87, 551, -209, -341, 351, -29, -195, 48, -883, 180, 
-507, -595, -87, 551, -209, -341, 361, -19, -190, 53, -883, 180, 
-507, -595, -87, 551, -209, -341, 370, -19, -190, 53, -883, 180, 
-507, -600, -92, 553, -207, -346, 375, -19, -190, 48, -883, 180, 
-497, -600, -102, 549, -197, -351, 375, -34, -200, 48, -893, 175, 
-492, -600, -107, 546, -192, -353, 370, -39, -200, 53, -888, 165, 
-483, -600, -117, 541, -183, -358, 366, -48, -195, 53, -888, 161, 
-492, -600, -107, 546, -192, -353, 356, -53, -195, 48, -893, 156, 
-497, -590, -92, 544, -202, -341, 351, -43, -195, 48, -893, 161, 
-497, -580, -82, 539, -207, -331, 346, -43, -195, 53, -888, 165, 
-492, -580, -87, 536, -202, -334, 336, -53, -190, 53, -888, 170, 
-492, -580, -87, 536, -202, -334, 322, -58, -190, 48, -893, 175, 
-473, -580, -107, 527, -183, -344, 307, -73, -204, 34, -893, 165, 
-463, -580, -117, 522, -173, -348, 297, -82, -214, 34, -897, 165, 
-453, -580, -126, 517, -163, -353, 292, -82, -214, 34, -897, 165, 
-444, -580, -136, 512, -153, -358, 283, -87, -214, 34, -893, 165, 
-453, -575, -122, 514, -165, -348, 278, -87, -214, 43, -883, 165, 
-453, -575, -122, 514, -165, -348, 273, -92, -214, 34, -883, 165, 
-463, -575, -112, 519, -175, -344, 258, -102, -219, 34, -888, 165, 
-463, -575, -112, 519, -175, -344, 253, -102, -219, 34, -888, 165, 
-448, -570, -122, 509, -163, -346, 248, -117, -219, 34, -893, 165, 
-448, -575, -126, 512, -161, -351, 248, -122, -229, 34, -893, 170, 
-463, -585, -122, 524, -170, -353, 244, -122, -229, 34, -893, 180, 
-478, -595, -117, 536, -180, -356, 244, -122, -229, 34, -888, 180, 
-483, -595, -112, 539, -185, -353, 244, -136, -244, 19, -897, 170, 
-473, -595, -122, 534, -175, -358, 244, -136, -244, 14, -897, 170, 
-468, -590, -122, 529, -173, -356, 244, -136, -244, 14, -897, 170, 
-468, -590, -122, 529, -173, -356, 234, -141, -248, 14, -902, 170, 
-458, -585, -126, 522, -165, -356, 224, -146, -239, 14, -893, 175, 
-458, -585, -126, 522, -165, -356, 224, -146, -234, 19, -893, 175, 
-468, -580, -112, 524, -178, -346, 234, -141, -234, 19, -893, 175, 
-458, -580, -122, 519, -168, -351, 234, -141, -234, 19, -893, 175, 
-453, -580, -126, 517, -163, -353, 244, -141, -229, 29, -893, 175, 
-473, -580, -107, 527, -183, -344, 263, -136, -229, 29, -893, 175, 
-478, -580, -102, 529, -187, -341, 268, -136, -229, 29, -888, 175, 
-483, -580, -97, 531, -192, -339, 273, -136, -229, 29, -888, 175, 
-483, -585, -102, 534, -190, -344, 263, -146, -229, 29, -878, 165, 
-483, -585, -102, 534, -190, -344, 263, -146, -229, 24, -878, 165, 
-483, -600, -117, 541, -183, -358, 263, -146, -229, 19, -878, 165, 
-483, -600, -117, 541, -183, -358, 263, -146, -229, 14, -878, 165, 
-478, -605, -126, 541, -175, -366, 273, -146, -219, 19, -878, 175, 
-473, -610, -136, 541, -168, -373, 268, -146, -219, 24, -878, 175, 
-468, -610, -141, 539, -163, -375, 263, -146, -219, 29, -878, 175, 
-468, -605, -136, 536, -165, -370, 263, -151, -219, 34, -883, 175, 
-483, -614, -131, 549, -175, -373, 263, -161, -219, 24, -888, 175, 
-488, -614, -126, 551, -180, -370, 268, -161, -219, 24, -888, 165, 
-488, -614, -126, 551, -180, -370, 268, -156, -219, 24, -888, 165, 
-497, -614, -117, 556, -190, -366, 268, -156, -219, 24, -888, 165, 
-502, -619, -117, 561, -192, -368, 268, -165, -224, 19, -897, 165, 
-502, -614, -112, 558, -195, -363, 268, -170, -224, 19, -897, 161, 
-507, -600, -92, 553, -207, -346, 273, -170, -224, 9, -897, 161, 
-512, -605, -92, 558, -209, -348, 278, -165, -229, 9, -902, 161, 
-507, -610, -102, 558, -202, -356, 283, -175, -229, 14, -897, 161, 
-507, -614, -107, 561, -200, -361, 283, -175, -229, 14, -897, 156, 
-507, -619, -112, 563, -197, -366, 283, -180, -229, 4, -902, 151, 
-507, -619, -112, 563, -197, -366, 283, -190, -234, 4, -902, 146, 
-512, -619, -107, 566, -202, -363, 278, -200, -244, 0, -907, 141, 
-512, -619, -107, 566, -202, -363, 278, -204, -248, 0, -907, 141, 
-512, -624, -112, 568, -200, -368, 278, -209, -248, -9, -917, 141, 
-512, -624, -112, 568, -200, -368, 278, -209, -258, 0, -907, 141, 
-512, -624, -112, 568, -200, -368, 283, -195, -239, 9, -907, 146, 
-512, -624, -112, 568, -200, -368, 283, -195, -234, 9, -907, 151, 
-527, -624, -97, 575, -214, -361, 283, -195, -234, 9, -907, 151, 
-517, -624, -107, 570, -204, -366, 278, -195, -239, 9, -907, 151, 
-507, -634, -126, 570, -190, -380, 278, -200, -248, 9, -912, 161, 
-512, -634, -122, 573, -195, -378, 278, -200, -248, 4, -912, 161, 
-512, -634, -122, 573, -195, -378, 278, -204, -248, 4, -912, 161, 
-512, -639, -126, 575, -192, -383, 278, -209, -248, 4, -912, 156, 
-527, -629, -102, 578, -212, -366, 287, -204, -248, 4, -902, 156, 
-527, -629, -102, 578, -212, -366, 287, -204, -244, 4, -897, 156, 
-522, -629, -107, 575, -207, -368, 287, -209, -239, 9, -897, 156, 
-507, -629, -122, 568, -192, -375, 292, -209, -234, 9, -897, 156, 
-507, -624, -117, 566, -195, -370, 283, -209, -224, 19, -897, 165, 
-517, -629, -112, 573, -202, -370, 278, -209, -224, 19, -897, 165, 
-522, -634, -112, 578, -204, -373, 278, -209, -224, 19, -897, 165, 
-522, -639, -117, 580, -202, -378, 278, -204, -224, 19, -897, 165, 
-517, -629, -112, 573, -202, -370, 278, -214, -234, 9, -897, 156, 
-517, -624, -107, 570, -204, -366, 278, -214, -234, 9, -897, 156, 
-527, -624, -97, 575, -214, -361, 278, -214, -229, 14, -893, 161, 
-517, -619, -102, 568, -207, -361, 278, -219, -229, 14, -888, 161, 
-502, -624, -122, 563, -190, -373, 287, -229, -239, 14, -888, 170, 
-502, -624, -122, 563, -190, -373, 287, -224, -239, 14, -888, 165, 
-507, -624, -117, 566, -195, -370, 287, -224, -239, 14, -888, 165, 
-512, -624, -112, 568, -200, -368, 287, -224, -239, 9, -888, 170, 
-483, -610, -126, 546, -178, -368, 278, -224, -229, 9, -873, 175, 
-512, -600, -87, 556, -212, -344, 278, -224, -229, 19, -873, 200, 
-541, -585, -43, 563, -248, -314, 278, -200, -214, 24, -873, 200, 
-522, -556, -34, 539, -244, -295, 292, -170, -161, 63, -844, 209, 
-497, -527, -29, 512, -234, -278, 297, -122, -102, 136, -790, 248, 
-517, -507, 9, 512, -263, -248, 297, -92, -43, 204, -732, 292, 
-507, -507, 0, 507, -253, -253, 253, -78, 19, 297, -653, 322, 
-488, -512, -24, 500, -231, -268, 200, -39, 126, 429, -551, 370, 
-444, -522, -78, 483, -183, -300, 141, 14, 253, 590, -409, 444, 
-400, -502, -102, 451, -148, -302, 53, 24, 361, 756, -253, 512, 
-351, -478, -126, 414, -112, -302, -43, -14, 414, 888, -87, 605, 
-317, -463, -146, 390, -85, -305, -131, -48, 478, 1039, 73, 707, 
-248, -439, -190, 344, -29, -314, -190, 29, 663, 1278, 287, 829, 
-131, -380, -248, 256, 58, -314, -273, 151, 912, 1605, 566, 985, 
-14, -292, -278, 153, 131, -285, -400, 200, 1107, 1903, 858, 1166, 
68, -200, -268, 65, 168, -234, -566, 170, 1224, 2152, 1112, 1351, 
126, -107, -234, -9, 180, -170, -717, 146, 1342, 2371, 1342, 1503, 
209, -14, -224, -97, 217, -119, -834, 146, 1468, 2605, 1546, 1615, 
278, 92, -185, -185, 231, -46, -961, 126, 1566, 2791, 1727, 1742, 
361, 175, -185, -268, 273, -4, -1078, 112, 1629, 2923, 1873, 1849, 
419, 122, -297, -270, 358, -87, -1122, 151, 1629, 2879, 1844, 1820, 
424, -68, -492, -178, 458, -280, -1137, 156, 1503, 2605, 1542, 1620, 
395, -253, -649, -70, 522, -451, -1127, 92, 1254, 2137, 1054, 1327, 
356, -395, -751, 19, 553, -573, -1063, -39, 844, 1532, 488, 1044, 
273, -546, -819, 136, 546, -683, -956, -312, 229, 741, -131, 736, 
170, -702, -873, 265, 522, -788, -858, -692, -463, -39, -683, 458, 
87, -805, -893, 358, 490, -849, -790, -956, -922, -502, -1019, 258, 
14, -888, -902, 436, 458, -895, -707, -995, -1015, -624, -1156, 146, 
-48, -927, -878, 488, 414, -902, -624, -966, -990, -634, -1205, 82, 
-92, -902, -810, 497, 358, -856, -551, -976, -990, -653, -1239, 58, 
-112, -873, -761, 492, 324, -817, -492, -971, -976, -653, -1229, 63, 
-156, -868, -712, 512, 278, -790, -419, -907, -912, -605, -1210, 63, 
-204, -854, -649, 529, 222, -751, -341, -829, -834, -531, -1176, 73, 
-229, -795, -566, 512, 168, -680, -268, -761, -766, -453, -1146, 112, 
-239, -736, -497, 488, 129, -617, -185, -688, -678, -380, -1088, 151, 
-258, -692, -434, 475, 87, -563, -102, -619, -610, -322, -1054, 165, 
-292, -663, -370, 478, 39, -517, -34, -566, -551, -273, -1029, 170, 
-331, -634, -302, 483, -14, -468, 39, -507, -488, -224, -1005, 180, 
-366, -610, -244, 488, -61, -427, 117, -439, -429, -165, -980, 185, 
-390, -605, -214, 497, -87, -409, 190, -366, -375, -126, -961, 190, 
-395, -605, -209, 500, -92, -407, 229, -326, -346, -97, -941, 180, 
-409, -610, -200, 509, -104, -405, 253, -312, -326, -78, -946, 180, 
-429, -629, -200, 529, -114, -414, 268, -307, -302, -68, -941, 170, 
-434, -610, -175, 522, -129, -392, 287, -292, -283, -48, -927, 175, 
-453, -590, -136, 522, -158, -363, 297, -253, -244, -19, -912, 185, 
-483, -590, -107, 536, -187, -348, 297, -224, -224, -9, -917, 170, 
-512, -585, -73, 549, -219, -329, 307, -234, -214, 0, -912, 170, 
-517, -590, -73, 553, -222, -331, 307, -239, -214, 0, -912, 170, 
-531, -595, -63, 563, -234, -329, 307, -239, -209, 9, -912, 165, 
-541, -600, -58, 570, -241, -329, 312, -244, -209, 9, -912, 165, 
-541, -610, -68, 575, -236, -339, 312, -253, -219, 9, -912, 156, 
-522, -610, -87, 566, -217, -348, 317, -239, -219, 14, -912, 161, 
-517, -614, -97, 566, -209, -356, 322, -229, -214, 9, -902, 165, 
-517, -619, -102, 568, -207, -361, 322, -229, -219, 4, -902, 165, 
-517, -614, -97, 566, -209, -356, 317, -229, -209, 14, -917, 165, 
-517, -610, -92, 563, -212, -351, 317, -229, -204, 14, -917, 161, 
-517, -605, -87, 561, -214, -346, 317, -234, -204, 14, -912, 161, 
-522, -600, -78, 561, -222, -339, 317, -234, -200, 14, -907, 161, 
-517, -595, -78, 556, -219, -336, 317, -234, -209, 9, -917, 156, 
-527, -595, -68, 561, -229, -331, 317, -234, -209, 14, -917, 156, 
-527, -595, -68, 561, -229, -331, 322, -234, -204, 14, -917, 156, 
-527, -595, -68, 561, -229, -331, 322, -234, -200, 14, -917, 156, 
-517, -595, -78, 556, -219, -336, 326, -224, -195, 9, -907, 156, 
-512, -595, -82, 553, -214, -339, 326, -229, -200, 9, -907, 156, 
-512, -595, -82, 553, -214, -339, 326, -234, -204, 14, -907, 156, 
-512, -595, -82, 553, -214, -339, 322, -244, -209, 14, -907, 161, 
-512, -605, -92, 558, -209, -348, 322, -234, -200, 9, -917, 151, 
-512, -595, -82, 553, -214, -339, 322, -234, -204, 9, -917, 151, 
-517, -595, -78, 556, -219, -336, 322, -234, -204, 4, -912, 151, 
-517, -595, -78, 556, -219, -336, 326, -239, -204, 4, -912, 151, 
-531, -600, -68, 566, -231, -334, 317, -239, -204, 14, -912, 161, 
-531, -600, -68, 566, -231, -334, 322, -234, -204, 14, -907, 161, 
-527, -590, -63, 558, -231, -326, 326, -229, -200, 19, -907, 161, 
-527, -590, -63, 558, -231, -326, 326, -229, -190, 19, -912, 161, 
-536, -590, -53, 563, -241, -322, 326, -234, -180, 19, -902, 161, 
-536, -585, -48, 561, -244, -317, 326, -234, -180, 24, -902, 161, 
-527, -575, -48, 551, -239, -312, 331, -234, -180, 29, -902, 161, 
-527, -570, -43, 549, -241, -307, 336, -234, -185, 29, -902, 156, 
-522, -585, -63, 553, -229, -324, 336, -234, -185, 29, -912, 156, 
-517, -585, -68, 551, -224, -326, 336, -234, -185, 29, -907, 161, 
-517, -590, -73, 553, -222, -331, 336, -234, -180, 34, -907, 161, 
-522, -590, -68, 556, -226, -329, 341, -219, -180, 34, -907, 161, 
-522, -580, -58, 551, -231, -319, 331, -219, -190, 24, -917, 146, 
-522, -580, -58, 551, -231, -319, 326, -219, -190, 24, -917, 146, 
-527, -585, -58, 556, -234, -322, 326, -219, -180, 24, -907, 146, 
-527, -585, -58, 556, -234, -322, 336, -219, -180, 24, -907, 146, 
-527, -575, -48, 551, -239, -312, 346, -219, -170, 34, -897, 156, 
-527, -575, -48, 551, -239, -312, 346, -219, -165, 34, -902, 156, 
-531, -575, -43, 553, -244, -309, 346, -219, -165, 34, -907, 156, 
-531, -575, -43, 553, -244, -309, 341, -219, -170, 34, -907, 156, 
-536, -595, -58, 566, -239, -326, 331, -219, -170, 34, -897, 151, 
-536, -595, -58, 566, -239, -326, 331, -219, -170, 39, -897, 151, 
-536, -590, -53, 563, -241, -322, 331, -214, -161, 39, -897, 151, 
-541, -590, -48, 566, -246, -319, 331, -214, -161, 39, -897, 151, 
-536, -580, -43, 558, -246, -312, 331, -204, -165, 34, -907, 141, 
-527, -580, -53, 553, -236, -317, 336, -204, -165, 34, -902, 141, 
-522, -575, -53, 549, -234, -314, 341, -200, -161, 34, -902, 141, 
-517, -570, -53, 544, -231, -312, 341, -200, -161, 34, -902, 146, 
-512, -561, -48, 536, -231, -305, 351, -200, -156, 43, -912, 141, 
-512, -566, -53, 539, -229, -309, 351, -195, -156, 43, -912, 141, 
-522, -570, -48, 546, -236, -309, 351, -195, -151, 43, -912, 136, 
-512, -570, -58, 541, -226, -314, 351, -190, -151, 48, -912, 136, 
-502, -570, -68, 536, -217, -319, 351, -190, -141, 43, -902, 141, 
-502, -570, -68, 536, -217, -319, 351, -190, -141, 43, -902, 146, 
-507, -570, -63, 539, -222, -317, 351, -190, -141, 43, -902, 146, 
-507, -570, -63, 539, -222, -317, 356, -190, -131, 48, -902, 151, 
-512, -570, -58, 541, -226, -314, 366, -175, -122, 53, -888, 156, 
-517, -570, -53, 544, -231, -312, 370, -170, -117, 58, -888, 156, 
-522, -570, -48, 546, -236, -309, 370, -161, -107, 68, -888, 156, 
-531, -570, -39, 551, -246, -305, 370, -156, -97, 73, -893, 151, 
-527, -575, -48, 551, -239, -312, 366, -161, -97, 63, -902, 146, 
-522, -575, -53, 549, -234, -314, 366, -156, -92, 68, -902, 146, 
-512, -570, -58, 541, -226, -314, 370, -151, -87, 78, -902, 141, 
-507, -570, -63, 539, -222, -317, 380, -146, -82, 78, -902, 136, 
-512, -561, -48, 536, -231, -305, 395, -136, -73, 78, -897, 146, 
-517, -561, -43, 539, -236, -302, 395, -122, -68, 87, -893, 146, 
-517, -556, -39, 536, -239, -297, 405, -112, -58, 87, -888, 146, 
-522, -556, -34, 539, -244, -295, 405, -97, -58, 87, -883, 146, 
-527, -551, -24, 539, -251, -287, 405, -97, -53, 92, -883, 146, 
-527, -551, -24, 539, -251, -287, 405, -102, -48, 92, -883, 146, 
-527, -551, -24, 539, -251, -287, 405, -102, -43, 92, -883, 146, 
-522, -551, -29, 536, -246, -290, 409, -92, -39, 102, -883, 141, 
-522, -546, -24, 534, -248, -285, 429, -82, -14, 107, -883, 141, 
-522, -551, -29, 536, -246, -290, 429, -68, -9, 112, -883, 146, 
-522, -561, -39, 541, -241, -300, 434, -58, 0, 117, -888, 146, 
-527, -566, -39, 546, -244, -302, 444, -53, 9, 122, -888, 146, 
-527, -561, -34, 544, -246, -297, 448, -53, 9, 126, -888, 146, 
-522, -556, -34, 539, -244, -295, 453, -34, 19, 126, -883, 146, 
-522, -556, -34, 539, -244, -295, 458, -29, 24, 131, -883, 146, 
-522, -556, -34, 539, -244, -295, 468, -19, 34, 141, -878, 146, 
-522, -556, -34, 539, -244, -295, 468, -9, 43, 141, -878, 146, 
-512, -551, -39, 531, -236, -295, 468, 0, 48, 146, -878, 146, 
-512, -551, -39, 531, -236, -295, 468, 14, 68, 151, -878, 146, 
-517, -551, -34, 534, -241, -292, 473, 29, 78, 165, -873, 146, 
-527, -546, -19, 536, -253, -283, 488, 53, 82, 180, -863, 146, 
-527, -546, -19, 536, -253, -283, 492, 58, 92, 185, -863, 146, 
-517, -536, -19, 527, -248, -278, 497, 68, 102, 185, -863, 146, 
-517, -536, -19, 527, -248, -278, 507, 78, 107, 185, -863, 146, 
-527, -522, 4, 524, -265, -258, 522, 92, 122, 195, -858, 156, 
-527, -522, 4, 524, -265, -258, 522, 102, 131, 200, -858, 156, 
-527, -522, 4, 524, -265, -258, 522, 112, 141, 204, -858, 156, 
-522, -522, 0, 522, -261, -261, 527, 122, 161, 204, -858, 156, 
-492, -512, -19, 502, -236, -265, 527, 126, 161, 204, -863, 151, 
-497, -512, -14, 505, -241, -263, 527, 126, 161, 200, -868, 146, 
-492, -512, -19, 502, -236, -265, 536, 131, 161, 195, -873, 141, 
-483, -512, -29, 497, -226, -270, 541, 136, 170, 200, -878, 141, 
-473, -522, -48, 497, -212, -285, 541, 141, 161, 195, -883, 141, 
-473, -517, -43, 495, -214, -280, 536, 141, 161, 195, -883, 141, 
-478, -517, -39, 497, -219, -278, 536, 136, 161, 185, -883, 141, 
-488, -512, -24, 500, -231, -268, 536, 131, 165, 185, -883, 141, 
-488, -512, -24, 500, -231, -268, 546, 136, 175, 180, -883, 141, 
-483, -512, -29, 497, -226, -270, 546, 141, 175, 180, -893, 141, 
-478, -512, -34, 495, -222, -273, 546, 151, 175, 185, -893, 141, 
-478, -517, -39, 497, -219, -278, 551, 156, 175, 185, -893, 141, 
-488, -507, -19, 497, -234, -263, 561, 146, 170, 190, -893, 146, 
-488, -502, -14, 495, -236, -258, 561, 146, 170, 185, -893, 141, 
-483, -492, -9, 488, -236, -251, 566, 146, 170, 185, -888, 141, 
-478, -488, -9, 483, -234, -248, 566, 141, 170, 180, -888, 141, 
-488, -492, -4, 490, -241, -248, 575, 141, 161, 170, -893, 146, 
-488, -488, 0, 488, -244, -244, 575, 126, 151, 165, -897, 141, 
-488, -488, 0, 488, -244, -244, 575, 126, 146, 165, -897, 141, 
-488, -488, 0, 488, -244, -244, 575, 126, 146, 165, -893, 141, 
-483, -492, -9, 488, -236, -251, 561, 117, 131, 161, -897, 136, 
-488, -492, -4, 490, -241, -248, 556, 112, 126, 156, -902, 136, 
-483, -497, -14, 490, -234, -256, 546, 107, 117, 146, -917, 126, 
-473, -497, -24, 485, -224, -261, 546, 102, 117, 146, -912, 136, 
-473, -497, -24, 485, -224, -261, 551, 97, 112, 141, -912, 141, 
-473, -497, -24, 485, -224, -261, 551, 82, 112, 136, -912, 141, 
-473, -497, -24, 485, -224, -261, 551, 63, 97, 131, -912, 136, 
-473, -492, -19, 483, -226, -256, 541, 48, 82, 126, -912, 136, 
-483, -497, -14, 490, -234, -256, 536, 34, 58, 122, -912, 146, 
-483, -502, -19, 492, -231, -261, 536, 24, 48, 107, -912, 146, 
-483, -507, -24, 495, -229, -265, 531, 14, 43, 107, -912, 146, 
-483, -512, -29, 497, -226, -270, 527, 9, 34, 102, -902, 151, 
-478, -507, -29, 492, -224, -268, 512, -24, 9, 97, -893, 151, 
-478, -502, -24, 490, -226, -263, 507, -48, 0, 97, -893, 151, 
-478, -497, -19, 488, -229, -258, 502, -68, -4, 97, -888, 151, 
-468, -492, -24, 480, -222, -258, 502, -78, -9, 92, -878, 156, 
-453, -488, -34, 470, -209, -261, 502, -82, -14, 92, -888, 146, 
-453, -497, -43, 475, -204, -270, 492, -97, -19, 92, -888, 141, 
-458, -497, -39, 478, -209, -268, 483, -102, -39, 87, -893, 141, 
-458, -502, -43, 480, -207, -273, 473, -107, -39, 82, -893, 141, 
-473, -512, -39, 492, -217, -275, 468, -112, -53, 73, -883, 146, 
-473, -517, -43, 495, -214, -280, 448, -131, -68, 68, -883, 151, 
-478, -522, -43, 500, -217, -283, 439, -141, -78, 68, -883, 156, 
-483, -522, -39, 502, -222, -280, 429, -156, -78, 68, -878, 161, 
-473, -517, -43, 495, -214, -280, 434, -175, -82, 68, -868, 165, 
-473, -512, -39, 492, -217, -275, 424, -190, -92, 63, -868, 161, 
-478, -512, -34, 495, -222, -273, 414, -204, -107, 58, -868, 156, 
-478, -517, -39, 497, -219, -278, 409, -224, -126, 53, -868, 151, 
-488, -522, -34, 505, -226, -278, 405, -224, -122, 58, -878, 156, 
-488, -522, -34, 505, -226, -278, 395, -229, -131, 58, -883, 156, 
-488, -517, -29, 502, -229, -273, 395, -239, -136, 53, -883, 156, 
-488, -517, -29, 502, -229, -273, 395, -244, -141, 39, -883, 156, 
-488, -522, -34, 505, -226, -278, 385, -258, -156, 39, -873, 146, 
-483, -522, -39, 502, -222, -280, 385, -263, -165, 39, -868, 146, 
-478, -522, -43, 500, -217, -283, 380, -268, -170, 39, -868, 146, 
-473, -522, -48, 497, -212, -285, 370, -278, -180, 43, -868, 141, 
-473, -527, -53, 500, -209, -290, 375, -273, -170, 34, -868, 151, 
-483, -531, -48, 507, -217, -290, 370, -278, -180, 34, -868, 151, 
-473, -531, -58, 502, -207, -295, 375, -292, -180, 34, -873, 146, 
-473, -531, -58, 502, -207, -295, 380, -292, -180, 24, -873, 146, 
-473, -531, -58, 502, -207, -295, 375, -297, -185, 14, -888, 136, 
-473, -536, -63, 505, -204, -300, 375, -302, -195, 9, -893, 136, 
-478, -546, -68, 512, -204, -307, 370, -312, -204, 9, -897, 136, 
-478, -551, -73, 514, -202, -312, 366, -317, -219, 9, -902, 131, 
-478, -536, -58, 507, -209, -297, 356, -312, -209, 9, -888, 131, 
-478, -536, -58, 507, -209, -297, 356, -317, -209, 9, -888, 126, 
-478, -546, -68, 512, -204, -307, 356, -317, -209, 9, -888, 126, 
-478, -556, -78, 517, -200, -317, 346, -322, -214, 0, -893, 126, 
-478, -556, -78, 517, -200, -317, 356, -322, -209, 4, -893, 126, 
-478, -556, -78, 517, -200, -317, 361, -322, -209, 4, -893, 126, 
-483, -551, -68, 517, -207, -309, 366, -322, -204, 4, -893, 131, 
-512, -551, -39, 531, -236, -295, 366, -326, -204, 4, -893, 136, 
-502, -541, -39, 522, -231, -290, 375, -331, -214, 0, -902, 126, 
-488, -541, -53, 514, -217, -297, 375, -331, -219, -4, -902, 126, 
-463, -531, -68, 497, -197, -300, 375, -331, -224, -4, -907, 126, 
-453, -531, -78, 492, -187, -305, 375, -326, -224, -4, -907, 126, 
-468, -531, -63, 500, -202, -297, 385, -336, -214, -9, -897, 117, 
-478, -536, -58, 507, -209, -297, 385, -336, -219, -9, -897, 117, 
-483, -536, -53, 509, -214, -295, 385, -341, -224, -9, -902, 112, 
-488, -536, -48, 512, -219, -292, 385, -351, -224, -14, -907, 107, 
-492, -541, -48, 517, -222, -295, 375, -361, -224, -14, -907, 117, 
-483, -546, -63, 514, -209, -305, 375, -356, -224, -19, -912, 117, 
-473, -551, -78, 512, -197, -314, 375, -356, -229, -19, -912, 117, 
-473, -551, -78, 512, -197, -314, 375, -356, -229, -19, -907, 117, 
-468, -541, -73, 505, -197, -307, 375, -356, -234, -9, -917, 117, 
-483, -536, -53, 509, -214, -295, 375, -356, -234, -9, -917, 117, 
-478, -536, -58, 507, -209, -297, 375, -356, -234, -14, -922, 117, 
-473, -546, -73, 509, -200, -309, 375, -356, -239, -19, -922, 117, 
-492, -546, -53, 519, -219, -300, 375, -356, -229, -19, -912, 122, 
-492, -541, -48, 517, -222, -295, 375, -356, -224, -14, -907, 122, 
-488, -541, -53, 514, -217, -297, 380, -356, -224, -14, -907, 122, 
-488, -541, -53, 514, -217, -297, 380, -356, -229, -19, -912, 122, 
-492, -536, -43, 514, -224, -290, 380, -356, -229, -19, -922, 112, 
-488, -527, -39, 507, -224, -283, 380, -356, -229, -19, -917, 117, 
-483, -517, -34, 500, -224, -275, 380, -356, -224, -14, -917, 117, 
-473, -512, -39, 492, -217, -275, 380, -361, -224, -14, -917, 117, 
-483, -522, -39, 502, -222, -280, 390, -361, -224, -4, -907, 126, 
-478, -522, -43, 500, -217, -283, 390, -356, -224, -4, -907, 126, 
-478, -522, -43, 500, -217, -283, 390, -351, -219, -4, -907, 126, 
-483, -517, -34, 500, -224, -275, 390, -346, -214, -9, -907, 126, 
-483, -517, -34, 500, -224, -275, 385, -361, -214, -9, -897, 126, 
-483, -517, -34, 500, -224, -275, 385, -361, -214, -9, -897, 126, 
-483, -522, -39, 502, -222, -280, 385, -361, -214, -9, -897, 126, 
-478, -522, -43, 500, -217, -283, 385, -366, -209, -9, -893, 126, 
-463, -502, -39, 483, -212, -270, 385, -361, -204, 0, -893, 126, 
-463, -502, -39, 483, -212, -270, 385, -356, -200, 0, -888, 131, 
-473, -502, -29, 488, -222, -265, 385, -351, -195, 4, -888, 131, 
-473, -502, -29, 488, -222, -265, 385, -346, -195, 9, -883, 131, 
-463, -507, -43, 485, -209, -275, 390, -356, -204, 4, -888, 126, 
-463, -507, -43, 485, -209, -275, 390, -356, -204, 4, -888, 126, 
-458, -497, -39, 478, -209, -268, 390, -356, -204, 4, -888, 126, 
-458, -497, -39, 478, -209, -268, 385, -356, -204, 4, -878, 131, 
-468, -497, -29, 483, -219, -263, 380, -346, -195, 9, -868, 136, 
-468, -497, -29, 483, -219, -263, 385, -346, -190, 14, -868, 141, 
-468, -497, -29, 483, -219, -263, 390, -346, -180, 24, -868, 156, 
-468, -488, -19, 478, -224, -253, 395, -346, -175, 29, -868, 161, 
-458, -478, -19, 468, -219, -248, 395, -346, -175, 29, -868, 141, 
-458, -478, -19, 468, -219, -248, 385, -346, -175, 29, -868, 141, 
-458, -483, -24, 470, -217, -253, 385, -346, -175, 34, -863, 141, 
-468, -483, -14, 475, -226, -248, 385, -346, -170, 39, -863, 141, 
-468, -478, -9, 473, -229, -244, 395, -356, -180, 29, -863, 156, 
-468, -478, -9, 473, -229, -244, 395, -356, -180, 34, -863, 156, 
-483, -483, 0, 483, -241, -241, 390, -356, -175, 39, -858, 156, 
-473, -483, -9, 478, -231, -246, 390, -356, -175, 39, -858, 156, 
-448, -473, -24, 461, -212, -248, 380, -351, -180, 29, -863, 156, 
-448, -473, -24, 461, -212, -248, 375, -351, -180, 34, -863, 156, 
-448, -478, -29, 463, -209, -253, 375, -351, -180, 34, -858, 156, 
-453, -492, -39, 473, -207, -265, 375, -361, -175, 34, -858, 156, 
-448, -483, -34, 466, -207, -258, 366, -370, -175, 29, -854, 151, 
-458, -483, -24, 470, -217, -253, 370, -370, -180, 29, -854, 146, 
-448, -478, -29, 463, -209, -253, 370, -370, -185, 29, -854, 141, 
-448, -478, -29, 463, -209, -253, 366, -375, -195, 24, -854, 141, 
-448, -473, -24, 461, -212, -248, 375, -385, -195, 29, -844, 146, 
-448, -473, -24, 461, -212, -248, 370, -385, -195, 34, -844, 151, 
-448, -458, -9, 453, -219, -234, 370, -385, -195, 34, -844, 156, 
-448, -458, -9, 453, -219, -234, 370, -385, -195, 39, -844, 165, 
-444, -468, -24, 456, -209, -246, 375, -380, -200, 29, -854, 156, 
-448, -483, -34, 466, -207, -258, 375, -385, -200, 24, -854, 156, 
-458, -483, -24, 470, -217, -253, 375, -385, -200, 24, -854, 156, 
-463, -483, -19, 473, -222, -251, 380, -385, -200, 29, -854, 151, 
-448, -492, -43, 470, -202, -268, 375, -390, -204, 29, -863, 151, 
-448, -492, -43, 470, -202, -268, 361, -395, -204, 19, -863, 156, 
-453, -497, -43, 475, -204, -270, 356, -400, -204, 19, -863, 156, 
-453, -497, -43, 475, -204, -270, 351, -405, -204, 19, -863, 156, 
-458, -473, -14, 466, -222, -244, 361, -395, -195, 24, -858, 165, 
-458, -473, -14, 466, -222, -244, 361, -395, -200, 29, -854, 165, 
-458, -478, -19, 468, -219, -248, 361, -395, -200, 34, -849, 165, 
-458, -478, -19, 468, -219, -248, 361, -390, -200, 39, -844, 165, 
-458, -488, -29, 473, -214, -258, 361, -395, -209, 34, -854, 161, 
-458, -483, -24, 470, -217, -253, 361, -405, -214, 29, -858, 156, 
-453, -483, -29, 468, -212, -256, 361, -419, -214, 24, -858, 151, 
-453, -483, -29, 468, -212, -256, 361, -424, -214, 19, -858, 141, 
-444, -473, -29, 458, -207, -251, 361, -414, -204, 19, -858, 141, 
-444, -478, -34, 461, -204, -256, 356, -414, -204, 19, -858, 141, 
-444, -478, -34, 461, -204, -256, 356, -414, -200, 19, -858, 141, 
-439, -478, -39, 458, -200, -258, 356, -414, -200, 14, -858, 141, 
-429, -468, -39, 448, -195, -253, 356, -419, -195, 24, -858, 151, 
-434, -473, -39, 453, -197, -256, 356, -419, -200, 24, -854, 151, 
-453, -473, -19, 463, -217, -246, 356, -414, -200, 24, -849, 151, 
-463, -473, -9, 468, -226, -241, 361, -414, -195, 24, -849, 151, 
-458, -473, -14, 466, -222, -244, 361, -424, -200, 14, -849, 141, 
-458, -473, -14, 466, -222, -244, 361, -429, -209, 14, -854, 141, 
-453, -473, -19, 463, -217, -246, 356, -429, -214, 14, -863, 136, 
-448, -473, -24, 461, -212, -248, 356, -429, -219, 14, -863, 136, 
-463, -458, 4, 461, -234, -226, 380, -405, -195, 34, -839, 161, 
-473, -463, 9, 468, -241, -226, 395, -405, -190, 39, -839, 170, 
-463, -463, 0, 463, -231, -231, 395, -405, -185, 39, -844, 161, 
-448, -448, 0, 448, -224, -224, 400, -409, -185, 39, -839, 165, 
-448, -458, -9, 453, -219, -234, 409, -409, -185, 39, -849, 161, 
-448, -458, -9, 453, -219, -234, 409, -409, -185, 39, -849, 156, 
-448, -458, -9, 453, -219, -234, 409, -409, -185, 39, -849, 151, 
-448, -458, -9, 453, -219, -234, 409, -409, -185, 39, -849, 146, 
-444, -448, -4, 446, -219, -226, 414, -409, -195, 48, -844, 141, 
-439, -448, -9, 444, -214, -229, 419, -400, -190, 53, -844, 141, 
-434, -448, -14, 441, -209, -231, 424, -400, -190, 53, -844, 141, 
-429, -453, -24, 441, -202, -239, 424, -400, -190, 48, -844, 141, 
-429, -444, -14, 436, -207, -229, 419, -400, -190, 39, -844, 146, 
-424, -444, -19, 434, -202, -231, 419, -400, -190, 43, -839, 146, 
-414, -444, -29, 429, -192, -236, 419, -405, -185, 43, -839, 151, 
-424, -444, -19, 434, -202, -231, 414, -405, -185, 39, -844, 156, 
-434, -444, -9, 439, -212, -226, 409, -409, -195, 29, -844, 146, 
-439, -434, 4, 436, -222, -214, 405, -414, -204, 34, -839, 146, 
-439, -434, 4, 436, -222, -214, 395, -429, -209, 34, -839, 146, 
-444, -434, 9, 439, -226, -212, 380, -439, -219, 29, -844, 146, 
-434, -444, -9, 439, -212, -226, 366, -434, -209, 34, -834, 156, 
-434, -444, -9, 439, -212, -226, 356, -444, -214, 34, -839, 156, 
-434, -444, -9, 439, -212, -226, 351, -444, -209, 34, -839, 156, 
-434, -444, -9, 439, -212, -226, 341, -448, -204, 34, -834, 156, 
-429, -448, -19, 439, -204, -234, 346, -448, -214, 34, -844, 156, 
-424, -448, -24, 436, -200, -236, 341, -453, -214, 24, -844, 156, 
-429, -448, -19, 439, -204, -234, 326, -463, -219, 24, -849, 156, 
-424, -448, -24, 436, -200, -236, 322, -463, -219, 24, -849, 156, 
-419, -429, -9, 424, -204, -219, 317, -468, -219, 24, -844, 156, 
-419, -429, -9, 424, -204, -219, 317, -473, -229, 24, -844, 161, 
-434, -434, 0, 434, -217, -217, 312, -473, -229, 24, -844, 170, 
-448, -439, 9, 444, -229, -214, 312, -473, -229, 24, -839, 170, 
-448, -448, 0, 448, -224, -224, 302, -478, -224, 29, -839, 161, 
-434, -448, -14, 441, -209, -231, 302, -478, -224, 24, -839, 161, 
-424, -444, -19, 434, -202, -231, 302, -478, -224, 24, -839, 161, 
-419, -444, -24, 431, -197, -234, 292, -483, -229, 24, -844, 161, 
-419, -448, -29, 434, -195, -239, 292, -488, -234, 14, -854, 146, 
-419, -448, -29, 434, -195, -239, 292, -488, -234, 19, -854, 146, 
-429, -444, -14, 436, -207, -229, 302, -483, -239, 19, -854, 146, 
-419, -444, -24, 431, -197, -234, 302, -483, -244, 19, -854, 146, 
-409, -434, -24, 422, -192, -229, 317, -483, -234, 29, -849, 156, 
-424, -434, -9, 429, -207, -222, 331, -478, -229, 29, -844, 156, 
-424, -434, -9, 429, -207, -222, 331, -478, -224, 29, -834, 156, 
-424, -434, -9, 429, -207, -222, 331, -478, -219, 29, -829, 156, 
-434, -439, -4, 436, -214, -222, 336, -483, -229, 24, -834, 156, 
-434, -439, -4, 436, -214, -222, 341, -488, -229, 24, -839, 156, 
-434, -453, -19, 444, -207, -236, 346, -492, -229, 24, -844, 156, 
-434, -453, -19, 444, -207, -236, 351, -497, -229, 24, -849, 156, 
-419, -453, -34, 436, -192, -244, 341, -483, -224, 29, -839, 156, 
-414, -453, -39, 434, -187, -246, 336, -478, -219, 34, -839, 156, 
-409, -448, -39, 429, -185, -244, 331, -473, -214, 39, -839, 156, 
-409, -439, -29, 424, -190, -234, 331, -473, -209, 43, -844, 156, 
-424, -439, -14, 431, -204, -226, 331, -478, -219, 34, -839, 165, 
-429, -439, -9, 434, -209, -224, 336, -483, -219, 34, -839, 156, 
-429, -439, -9, 434, -209, -224, 336, -483, -219, 34, -839, 156, 
-439, -439, 0, 439, -219, -219, 336, -488, -219, 34, -839, 156, 
-434, -458, -24, 446, -204, -241, 336, -488, -234, 29, -844, 146, 
-434, -458, -24, 446, -204, -241, 336, -492, -234, 29, -849, 141, 
-439, -448, -9, 444, -214, -229, 341, -492, -234, 19, -854, 141, 
-444, -458, -14, 451, -214, -236, 346, -488, -239, 19, -863, 141, 
-448, -463, -14, 456, -217, -239, 361, -497, -239, 24, -858, 141, 
-448, -468, -19, 458, -214, -244, 361, -497, -239, 24, -858, 136, 
-448, -473, -24, 461, -212, -248, 361, -502, -239, 14, -863, 131, 
-448, -473, -24, 461, -212, -248, 361, -512, -244, 14, -863, 126, 
-444, -473, -29, 458, -207, -251, 356, -502, -244, 9, -868, 122, 
-444, -473, -29, 458, -207, -251, 356, -507, -248, 9, -868, 122, 
-444, -478, -34, 461, -204, -256, 356, -512, -248, 0, -878, 122, 
-444, -478, -34, 461, -204, -256, 356, -512, -258, 9, -868, 122, 
-453, -458, -4, 456, -224, -231, 361, -517, -258, 9, -868, 126, 
-453, -458, -4, 456, -224, -231, 361, -517, -253, 9, -868, 131, 
-468, -458, 9, 463, -239, -224, 361, -517, -253, 9, -868, 131, 
-458, -458, 0, 458, -229, -229, 356, -517, -258, 9, -868, 131, 
-453, -458, -4, 456, -224, -231, 346, -527, -248, 9, -873, 131, 
-453, -458, -4, 456, -224, -231, 346, -522, -248, 4, -873, 131, 
-448, -458, -9, 453, -219, -234, 346, -522, -248, 4, -873, 131, 
-444, -463, -19, 453, -212, -241, 346, -522, -248, 4, -873, 126, 
-448, -473, -24, 461, -212, -248, 346, -527, -258, -4, -883, 126, 
-448, -473, -24, 461, -212, -248, 346, -527, -263, -4, -878, 126, 
-444, -473, -29, 458, -207, -251, 346, -531, -268, 0, -878, 126, 
-429, -473, -43, 451, -192, -258, 351, -531, -273, 0, -878, 126, 
-439, -453, -14, 446, -212, -234, 361, -522, -268, 9, -868, 136, 
-448, -453, -4, 451, -222, -229, 356, -522, -263, 9, -868, 136, 
-453, -453, 0, 453, -226, -226, 356, -522, -258, 9, -868, 136, 
-453, -453, 0, 453, -226, -226, 356, -517, -253, 9, -868, 136, 
-448, -458, -9, 453, -219, -234, 356, -527, -253, 0, -868, 126, 
-448, -458, -9, 453, -219, -234, 356, -527, -253, 0, -868, 126, 
-458, -463, -4, 461, -226, -234, 356, -527, -248, 4, -863, 131, 
-448, -463, -14, 456, -217, -239, 356, -531, -248, 4, -858, 131, 
-444, -453, -9, 448, -217, -231, 346, -531, -258, 4, -858, 131, 
-444, -448, -4, 446, -219, -226, 346, -527, -258, 4, -858, 126, 
-448, -444, 4, 446, -226, -219, 346, -527, -258, 4, -858, 126, 
-453, -439, 14, 446, -234, -212, 346, -527, -258, 0, -858, 131, 
-453, -434, 19, 444, -236, -207, 356, -517, -258, 0, -863, 136, 
-414, -405, 9, 409, -212, -197, 346, -507, -258, 9, -863, 141, 
-395, -390, 4, 392, -200, -192, 346, -492, -234, 24, -854, 141, 
-444, -390, 53, 417, -248, -168, 361, -463, -200, 53, -834, 161, 
-458, -380, 78, 419, -268, -151, 366, -444, -151, 107, -800, 180, 
-429, -351, 78, 390, -253, -136, 346, -424, -82, 175, -741, 214, 
-419, -322, 97, 370, -258, -112, 322, -361, 19, 287, -644, 263, 
-419, -336, 82, 378, -251, -126, 297, -263, 156, 439, -522, 322, 
-385, -346, 39, 366, -212, -153, 229, -170, 312, 610, -380, 385, 
-341, -346, -4, 344, -168, -175, 122, -151, 419, 775, -234, 463, 
-283, -331, -48, 307, -117, -190, -4, -180, 492, 917, -87, 546, 
-190, -287, -97, 239, -46, -192, -73, -165, 605, 1098, 82, 639, 
-92, -244, -151, 168, 29, -197, -131, -48, 829, 1376, 317, 771, 
-34, -195, -161, 114, 63, -178, -214, 102, 1117, 1712, 605, 936, 
24, -126, -151, 51, 87, -139, -351, 141, 1312, 2000, 878, 1107, 
146, -14, -161, -65, 153, -87, -517, 112, 1420, 2220, 1102, 1263, 
263, 107, -156, -185, 209, -24, -649, 117, 1556, 2459, 1332, 1405, 
346, 209, -136, -278, 241, 36, -727, 136, 1703, 2674, 1537, 1537, 
424, 307, -117, -366, 270, 95, -834, 136, 1810, 2879, 1717, 1664, 
507, 370, -136, -439, 322, 117, -951, 151, 1893, 3001, 1854, 1761, 
556, 297, -258, -427, 407, 19, -1024, 190, 1864, 2947, 1795, 1722, 
561, 126, -434, -344, 497, -153, -1049, 156, 1698, 2635, 1483, 1522, 
531, -48, -580, -241, 556, -314, -1039, 73, 1420, 2156, 1015, 1268, 
453, -229, -683, -112, 568, -456, -985, -107, 961, 1503, 468, 985, 
351, -400, -751, 24, 551, -575, -897, -478, 248, 663, -170, 658, 
268, -517, -785, 124, 527, -651, -810, -927, -483, -87, -683, 400, 
204, -600, -805, 197, 505, -702, -722, -1190, -883, -492, -961, 248, 
151, -683, -834, 265, 492, -758, -649, -1220, -966, -605, -1088, 136, 
97, -722, -819, 312, 458, -771, -566, -1200, -961, -634, -1166, 63, 
43, -727, -771, 341, 407, -749, -492, -1210, -971, -644, -1200, 39, 
-4, -717, -712, 361, 353, -714, -424, -1195, -956, -614, -1180, 34, 
-39, -683, -644, 361, 302, -663, -351, -1132, -873, -536, -1151, 43, 
-78, -639, -561, 358, 241, -600, -244, -1054, -795, -473, -1117, 63, 
-122, -619, -497, 370, 187, -558, -161, -995, -736, -424, -1088, 82, 
-161, -580, -419, 370, 129, -500, -87, -941, -678, -370, -1049, 92, 
-200, -517, -317, 358, 58, -417, 4, -863, -600, -292, -1005, 126, 
-224, -448, -224, 336, 0, -336, 82, -810, -531, -244, -980, 151, 
-234, -419, -185, 326, -24, -302, 156, -751, -478, -204, -956, 151, 
-268, -414, -146, 341, -61, -280, 224, -692, -429, -156, -941, 146, 
-292, -419, -126, 356, -82, -273, 278, -629, -385, -117, -922, 151, 
-317, -419, -102, 368, -107, -261, 317, -600, -346, -78, -912, 161, 
-331, -424, -92, 378, -119, -258, 341, -566, -317, -48, -897, 151, 
-341, -414, -73, 378, -134, -244, 356, -541, -292, -48, -902, 141, 
-356, -434, -78, 395, -139, -256, 356, -536, -292, -48, -907, 136, 
-385, -453, -68, 419, -158, -261, 366, -527, -283, -39, -902, 136, 
-395, -444, -48, 419, -173, -246, 385, -517, -273, -29, -897, 131, 
-419, -424, -4, 422, -207, -214, 395, -512, -253, -19, -893, 122, 
-419, -424, -4, 422, -207, -214, 395, -512, -253, -19, -893, 122, 
-429, -424, 4, 427, -217, -209, 395, -507, -248, -9, -893, 117, 
-434, -424, 9, 429, -222, -207, 400, -507, -248, -9, -893, 117, 
-439, -424, 14, 431, -226, -204, 395, -507, -253, -14, -902, 117, 
-424, -424, 0, 424, -212, -212, 395, -492, -248, -4, -902, 122, 
-424, -429, -4, 427, -209, -217, 395, -483, -239, -4, -893, 126, 
-429, -434, -4, 431, -212, -219, 390, -483, -239, -4, -893, 126, 
-419, -424, -4, 422, -207, -214, 395, -497, -239, -4, -907, 117, 
-419, -424, -4, 422, -207, -214, 395, -502, -244, -4, -907, 112, 
-419, -424, -4, 422, -207, -214, 395, -512, -253, -4, -902, 112, 
-424, -424, 0, 424, -212, -212, 395, -517, -258, -4, -897, 112, 
-439, -429, 9, 434, -224, -209, 395, -512, -253, 9, -897, 107, 
-448, -429, 19, 439, -234, -204, 395, -507, -248, 14, -897, 107, 
-448, -429, 19, 439, -234, -204, 400, -502, -239, 14, -897, 107, 
-448, -429, 19, 439, -234, -204, 400, -497, -229, 14, -897, 107, 
-439, -429, 9, 434, -224, -209, 395, -483, -219, 9, -897, 107, 
-434, -429, 4, 431, -219, -212, 395, -483, -219, 9, -897, 107, 
-434, -429, 4, 431, -219, -212, 395, -483, -219, 14, -897, 107, 
-434, -429, 4, 431, -219, -212, 390, -488, -219, 14, -897, 112, 
-444, -429, 14, 436, -229, -207, 390, -478, -219, 29, -897, 112, 
-444, -419, 24, 431, -234, -197, 390, -478, -224, 29, -897, 112, 
-448, -419, 29, 434, -239, -195, 390, -478, -224, 24, -893, 112, 
-448, -419, 29, 434, -239, -195, 395, -483, -224, 24, -893, 112, 
-448, -424, 24, 436, -236, -200, 385, -492, -234, 14, -893, 102, 
-444, -424, 19, 434, -231, -202, 390, -488, -234, 14, -888, 102, 
-434, -414, 19, 424, -226, -197, 395, -483, -229, 19, -888, 102, 
-429, -414, 14, 422, -222, -200, 395, -483, -219, 19, -893, 102, 
-453, -429, 24, 441, -239, -202, 405, -468, -214, 29, -888, 107, 
-458, -429, 29, 444, -244, -200, 405, -468, -209, 34, -883, 112, 
-453, -424, 29, 439, -241, -197, 409, -468, -204, 39, -878, 117, 
-458, -424, 34, 441, -246, -195, 414, -468, -204, 39, -873, 117, 
-453, -419, 34, 436, -244, -192, 414, -478, -214, 39, -878, 117, 
-448, -419, 29, 434, -239, -195, 414, -478, -214, 39, -878, 122, 
-448, -424, 24, 436, -236, -200, 414, -478, -209, 43, -883, 122, 
-453, -424, 29, 439, -241, -197, 419, -463, -209, 43, -888, 122, 
-429, -414, 14, 422, -222, -200, 414, -473, -219, 39, -897, 112, 
-424, -414, 9, 419, -217, -202, 405, -473, -219, 34, -897, 107, 
-424, -419, 4, 422, -214, -207, 400, -473, -209, 29, -888, 102, 
-419, -419, 0, 419, -209, -209, 405, -473, -209, 24, -888, 97, 
-419, -409, 9, 414, -214, -200, 409, -473, -209, 34, -878, 107, 
-419, -409, 9, 414, -214, -200, 414, -473, -204, 34, -883, 107, 
-424, -409, 14, 417, -219, -197, 419, -473, -204, 34, -888, 107, 
-424, -409, 14, 417, -219, -197, 419, -473, -209, 34, -888, 107, 
-414, -419, -4, 417, -204, -212, 409, -483, -209, 24, -897, 97, 
-409, -419, -9, 414, -200, -214, 409, -483, -209, 29, -897, 92, 
-405, -414, -9, 409, -197, -212, 409, -478, -200, 29, -897, 87, 
-405, -414, -9, 409, -197, -212, 409, -478, -200, 29, -897, 82, 
-419, -424, -4, 422, -207, -214, 409, -463, -185, 39, -893, 97, 
-429, -424, 4, 427, -217, -209, 414, -458, -185, 43, -883, 102, 
-444, -419, 24, 431, -234, -197, 419, -448, -180, 48, -878, 107, 
-458, -414, 43, 436, -251, -185, 419, -444, -180, 53, -873, 117, 
-453, -405, 48, 429, -251, -178, 439, -444, -175, 63, -873, 112, 
-453, -409, 43, 431, -248, -183, 439, -439, -175, 63, -873, 112, 
-463, -414, 48, 439, -256, -183, 439, -439, -170, 63, -873, 107, 
-453, -414, 39, 434, -246, -187, 439, -434, -170, 68, -873, 107, 
-444, -405, 39, 424, -241, -183, 439, -424, -161, 63, -883, 107, 
-444, -405, 39, 424, -241, -183, 439, -424, -161, 63, -883, 107, 
-448, -405, 43, 427, -246, -180, 439, -424, -161, 63, -883, 102, 
-448, -405, 43, 427, -246, -180, 444, -424, -151, 68, -883, 102, 
-434, -405, 29, 419, -231, -187, 444, -405, -156, 68, -888, 107, 
-429, -405, 24, 417, -226, -190, 448, -405, -156, 68, -888, 107, 
-424, -405, 19, 414, -222, -192, 448, -400, -151, 73, -888, 107, 
-424, -405, 19, 414, -222, -192, 448, -400, -146, 73, -893, 102, 
-429, -400, 29, 414, -229, -185, 453, -395, -136, 82, -888, 102, 
-434, -400, 34, 417, -234, -183, 453, -390, -131, 87, -883, 107, 
-434, -395, 39, 414, -236, -178, 458, -385, -126, 97, -878, 107, 
-439, -395, 43, 417, -241, -175, 468, -380, -122, 97, -873, 107, 
-429, -405, 24, 417, -226, -190, 458, -375, -122, 87, -878, 97, 
-429, -405, 24, 417, -226, -190, 453, -366, -117, 97, -883, 97, 
-424, -400, 24, 412, -224, -187, 458, -361, -107, 97, -888, 97, 
-424, -400, 24, 412, -224, -187, 453, -351, -107, 97, -893, 97, 
-429, -395, 34, 412, -231, -180, 458, -346, -102, 102, -883, 107, 
-429, -395, 34, 412, -231, -180, 463, -346, -97, 102, -883, 107, 
-429, -395, 34, 412, -231, -180, 468, -341, -92, 102, -883, 107, 
-424, -395, 29, 409, -226, -183, 478, -326, -87, 112, -883, 102, 
-424, -390, 34, 407, -229, -178, 497, -317, -68, 126, -863, 102, 
-424, -395, 29, 409, -226, -183, 497, -302, -58, 131, -863, 107, 
-424, -405, 19, 414, -222, -192, 502, -292, -43, 136, -868, 107, 
-429, -409, 19, 419, -224, -195, 512, -287, -29, 141, -868, 107, 
-419, -385, 34, 402, -226, -175, 507, -278, -19, 156, -878, 97, 
-414, -380, 34, 397, -224, -173, 512, -258, -9, 156, -873, 97, 
-414, -380, 34, 397, -224, -173, 517, -253, -4, 161, -873, 97, 
-414, -380, 34, 397, -224, -173, 527, -244, 4, 170, -868, 97, 
-414, -390, 24, 402, -219, -183, 541, -224, 4, 170, -858, 107, 
-405, -385, 19, 395, -212, -183, 546, -214, 9, 175, -858, 107, 
-405, -385, 19, 395, -212, -183, 551, -200, 29, 180, -858, 107, 
-409, -385, 24, 397, -217, -180, 561, -185, 39, 195, -854, 107, 
-414, -380, 34, 397, -224, -173, 566, -180, 53, 200, -854, 117, 
-419, -380, 39, 400, -229, -170, 570, -175, 63, 204, -854, 117, 
-414, -370, 43, 392, -229, -163, 575, -165, 73, 204, -854, 117, 
-419, -370, 48, 395, -234, -161, 585, -156, 78, 204, -854, 117, 
-419, -366, 53, 392, -236, -156, 580, -141, 78, 204, -858, 107, 
-419, -366, 53, 392, -236, -156, 580, -131, 82, 209, -858, 107, 
-419, -366, 53, 392, -236, -156, 580, -122, 87, 214, -858, 107, 
-414, -366, 48, 390, -231, -158, 585, -112, 102, 214, -858, 107, 
-409, -356, 53, 383, -231, -151, 605, -102, 117, 219, -858, 107, 
-419, -356, 63, 387, -241, -146, 605, -97, 122, 219, -858, 107, 
-419, -356, 63, 387, -241, -146, 614, -87, 126, 219, -858, 107, 
-414, -356, 58, 385, -236, -148, 619, -78, 141, 229, -858, 112, 
-405, -351, 53, 378, -229, -148, 624, -68, 141, 244, -844, 122, 
-405, -341, 63, 373, -234, -139, 624, -63, 141, 244, -844, 122, 
-409, -336, 73, 373, -241, -131, 629, -63, 141, 234, -844, 122, 
-419, -326, 92, 373, -256, -117, 634, -63, 146, 234, -844, 122, 
-414, -336, 78, 375, -246, -129, 634, -73, 146, 224, -854, 112, 
-405, -336, 68, 370, -236, -134, 634, -73, 146, 219, -863, 112, 
-395, -336, 58, 366, -226, -139, 634, -68, 146, 219, -863, 112, 
-390, -341, 48, 366, -219, -146, 639, -68, 146, 214, -863, 112, 
-395, -346, 48, 370, -222, -148, 639, -68, 136, 219, -858, 117, 
-400, -346, 53, 373, -226, -146, 639, -68, 131, 214, -863, 112, 
-400, -341, 58, 370, -229, -141, 644, -68, 126, 214, -863, 112, 
-400, -341, 58, 370, -229, -141, 644, -73, 122, 209, -868, 112, 
-390, -336, 53, 363, -222, -141, 634, -63, 117, 200, -883, 117, 
-390, -331, 58, 361, -224, -136, 634, -78, 112, 195, -888, 112, 
-390, -331, 58, 361, -224, -136, 634, -78, 112, 195, -888, 112, 
-390, -331, 58, 361, -224, -136, 634, -78, 117, 195, -883, 112, 
-390, -326, 63, 358, -226, -131, 629, -92, 107, 190, -873, 107, 
-400, -326, 73, 363, -236, -126, 624, -102, 97, 185, -873, 107, 
-400, -331, 68, 366, -234, -131, 614, -112, 82, 175, -883, 97, 
-395, -331, 63, 363, -229, -134, 614, -122, 78, 175, -873, 107, 
-395, -331, 63, 363, -229, -134, 619, -122, 73, 175, -873, 112, 
-395, -331, 63, 363, -229, -134, 619, -131, 73, 175, -873, 112, 
-395, -331, 63, 363, -229, -134, 619, -146, 58, 175, -873, 107, 
-395, -326, 68, 361, -231, -129, 610, -156, 43, 175, -873, 107, 
-390, -326, 63, 358, -226, -131, 595, -175, 29, 161, -893, 107, 
-385, -326, 58, 356, -222, -134, 595, -190, 19, 146, -893, 107, 
-380, -326, 53, 353, -217, -136, 590, -204, 14, 146, -893, 107, 
-375, -326, 48, 351, -212, -139, 585, -214, 4, 141, -883, 112, 
-390, -326, 63, 358, -226, -131, 570, -234, -19, 146, -873, 112, 
-390, -326, 63, 358, -226, -131, 566, -253, -29, 146, -873, 112, 
-390, -326, 63, 358, -226, -131, 561, -268, -34, 146, -868, 112, 
-380, -326, 53, 353, -217, -136, 561, -273, -39, 141, -858, 117, 
-375, -331, 43, 353, -209, -143, 551, -273, -48, 131, -863, 117, 
-375, -341, 34, 358, -204, -153, 541, -292, -58, 131, -868, 112, 
-380, -341, 39, 361, -209, -151, 531, -302, -82, 126, -878, 112, 
-380, -346, 34, 363, -207, -156, 522, -312, -87, 122, -883, 112, 
-375, -346, 29, 361, -202, -158, 517, -341, -102, 112, -873, 112, 
-375, -351, 24, 363, -200, -163, 497, -366, -117, 107, -873, 112, 
-380, -356, 24, 368, -202, -165, 488, -380, -126, 107, -873, 112, 
-385, -356, 29, 370, -207, -163, 478, -400, -126, 107, -868, 112, 
-375, -351, 24, 363, -200, -163, 463, -409, -131, 97, -858, 112, 
-375, -346, 29, 361, -202, -158, 453, -424, -141, 92, -858, 112, 
-380, -346, 34, 363, -207, -156, 444, -439, -156, 87, -858, 112, 
-380, -351, 29, 366, -204, -161, 439, -458, -175, 82, -858, 112, 
-380, -356, 24, 368, -202, -165, 439, -453, -175, 82, -868, 117, 
-380, -356, 24, 368, -202, -165, 434, -453, -180, 87, -873, 117, 
-380, -351, 29, 366, -204, -161, 439, -458, -180, 87, -873, 117, 
-380, -351, 29, 366, -204, -161, 444, -458, -180, 78, -873, 117, 
-390, -370, 19, 380, -204, -175, 419, -483, -190, 78, -863, 107, 
-395, -375, 19, 385, -207, -178, 414, -488, -204, 78, -858, 107, 
-400, -380, 19, 390, -209, -180, 405, -492, -214, 78, -858, 107, 
-405, -385, 19, 395, -212, -183, 390, -502, -229, 82, -858, 102, 
-414, -385, 29, 400, -222, -178, 405, -497, -224, 78, -858, 102, 
-424, -385, 39, 405, -231, -173, 400, -502, -229, 73, -858, 102, 
-414, -380, 34, 397, -224, -173, 405, -517, -224, 68, -863, 97, 
-414, -375, 39, 395, -226, -168, 409, -517, -219, 53, -863, 97, 
-414, -380, 34, 397, -224, -173, 409, -507, -219, 63, -873, 97, 
-414, -380, 34, 397, -224, -173, 414, -507, -224, 58, -873, 97, 
-419, -385, 34, 402, -226, -175, 414, -512, -229, 58, -873, 97, 
-419, -385, 34, 402, -226, -175, 414, -512, -239, 58, -873, 92, 
-409, -380, 29, 395, -219, -175, 405, -527, -248, 58, -868, 92, 
-409, -380, 29, 395, -219, -175, 405, -531, -248, 58, -868, 87, 
-409, -390, 19, 400, -214, -185, 405, -531, -248, 58, -868, 87, 
-409, -400, 9, 405, -209, -195, 395, -536, -253, 48, -873, 87, 
-414, -390, 24, 402, -219, -183, 395, -536, -248, 53, -883, 78, 
-409, -390, 19, 400, -214, -185, 400, -536, -248, 53, -883, 78, 
-409, -385, 24, 397, -217, -180, 405, -536, -244, 53, -883, 82, 
-434, -385, 48, 409, -241, -168, 405, -541, -244, 53, -883, 87, 
-434, -395, 39, 414, -236, -178, 414, -536, -253, 39, -883, 87, 
-429, -395, 34, 412, -231, -180, 414, -536, -258, 34, -883, 87, 
-414, -385, 29, 400, -222, -178, 414, -536, -263, 34, -888, 87, 
-414, -385, 29, 400, -222, -178, 414, -531, -263, 34, -888, 87, 
-414, -395, 19, 405, -217, -187, 414, -541, -253, 39, -888, 87, 
-419, -400, 19, 409, -219, -190, 414, -541, -258, 39, -888, 87, 
-419, -400, 19, 409, -219, -190, 414, -546, -263, 39, -893, 82, 
-419, -400, 19, 409, -219, -190, 414, -556, -263, 34, -897, 78, 
-429, -409, 19, 419, -224, -195, 414, -546, -263, 43, -888, 87, 
-424, -409, 14, 417, -219, -197, 414, -541, -263, 39, -893, 87, 
-419, -409, 9, 414, -214, -200, 414, -541, -268, 39, -893, 87, 
-424, -405, 19, 414, -222, -192, 414, -541, -268, 39, -888, 87, 
-409, -385, 24, 397, -217, -180, 424, -551, -273, 29, -888, 87, 
-424, -380, 43, 402, -234, -168, 424, -551, -273, 29, -888, 87, 
-419, -380, 39, 400, -229, -170, 424, -551, -273, 24, -893, 87, 
-414, -390, 24, 402, -219, -183, 424, -551, -278, 19, -893, 87, 
-424, -390, 34, 407, -229, -178, 414, -541, -268, 29, -902, 82, 
-424, -385, 39, 405, -231, -173, 414, -541, -263, 34, -897, 82, 
-419, -385, 34, 402, -226, -175, 419, -541, -263, 34, -897, 82, 
-419, -385, 34, 402, -226, -175, 419, -541, -268, 29, -902, 82, 
-419, -400, 19, 409, -219, -190, 429, -551, -273, 19, -902, 82, 
-419, -400, 19, 409, -219, -190, 429, -551, -278, 19, -897, 87, 
-419, -400, 19, 409, -219, -190, 429, -551, -278, 24, -897, 87, 
-414, -405, 9, 409, -212, -197, 429, -556, -283, 24, -897, 87, 
-424, -400, 24, 412, -224, -187, 419, -561, -273, 34, -897, 78, 
-419, -395, 24, 407, -222, -185, 419, -561, -273, 34, -897, 78, 
-419, -390, 29, 405, -224, -180, 419, -561, -268, 34, -897, 78, 
-424, -380, 43, 402, -234, -168, 419, -561, -263, 29, -897, 78, 
-439, -380, 58, 409, -248, -161, 434, -556, -273, 39, -897, 87, 
-444, -380, 63, 412, -253, -158, 434, -546, -273, 39, -897, 87, 
-448, -385, 63, 417, -256, -161, 434, -536, -273, 39, -897, 87, 
-448, -385, 63, 417, -256, -161, 434, -531, -268, 39, -893, 87, 
-429, -366, 63, 397, -246, -151, 434, -536, -273, 39, -893, 78, 
-424, -366, 58, 395, -241, -153, 434, -541, -268, 39, -888, 82, 
-429, -366, 63, 397, -246, -151, 434, -546, -263, 43, -888, 82, 
-424, -366, 58, 395, -241, -153, 434, -551, -263, 48, -883, 82, 
-424, -370, 53, 397, -239, -158, 419, -541, -258, 53, -878, 87, 
-424, -370, 53, 397, -239, -158, 419, -541, -253, 53, -878, 87, 
-419, -361, 58, 390, -239, -151, 419, -541, -248, 53, -878, 87, 
-419, -361, 58, 390, -239, -151, 414, -541, -244, 53, -868, 92, 
-429, -370, 58, 400, -244, -156, 414, -531, -248, 63, -868, 92, 
-429, -370, 58, 400, -244, -156, 414, -531, -248, 63, -868, 92, 
-429, -370, 58, 400, -244, -156, 414, -531, -244, 68, -868, 102, 
-429, -361, 68, 395, -248, -146, 414, -531, -244, 68, -868, 102, 
-424, -361, 63, 392, -244, -148, 414, -541, -244, 68, -868, 92, 
-429, -361, 68, 395, -248, -146, 405, -541, -244, 68, -868, 92, 
-434, -366, 68, 400, -251, -148, 405, -541, -244, 73, -863, 92, 
-448, -366, 82, 407, -265, -141, 405, -541, -239, 78, -863, 92, 
-434, -351, 82, 392, -258, -134, 395, -546, -244, 63, -873, 97, 
-419, -351, 68, 385, -244, -141, 395, -551, -248, 63, -873, 97, 
-419, -356, 63, 387, -241, -146, 390, -556, -248, 63, -868, 97, 
-395, -356, 39, 375, -217, -158, 390, -561, -253, 58, -868, 97, 
-380, -351, 29, 366, -204, -161, 400, -556, -258, 68, -883, 87, 
-380, -346, 34, 363, -207, -156, 395, -556, -258, 73, -883, 87, 
-380, -346, 34, 363, -207, -156, 395, -556, -258, 73, -878, 87, 
-385, -356, 29, 370, -207, -163, 395, -566, -253, 73, -878, 87, 
-400, -351, 48, 375, -224, -151, 405, -561, -239, 87, -868, 92, 
-419, -346, 73, 383, -246, -136, 409, -556, -239, 87, -863, 97, 
-419, -336, 82, 378, -251, -126, 409, -551, -239, 87, -858, 102, 
-429, -331, 97, 380, -263, -117, 405, -551, -244, 82, -854, 112, 
-429, -351, 78, 390, -253, -136, 395, -551, -244, 82, -854, 112, 
-429, -356, 73, 392, -251, -141, 390, -551, -244, 82, -854, 112, 
-429, -346, 82, 387, -256, -131, 390, -551, -244, 78, -854, 112, 
-429, -351, 78, 390, -253, -136, 390, -551, -244, 78, -854, 117, 
-409, -341, 68, 375, -239, -136, 385, -556, -248, 87, -854, 107, 
-409, -356, 53, 383, -231, -151, 385, -561, -248, 82, -854, 107, 
-414, -356, 58, 385, -236, -148, 385, -561, -248, 82, -854, 107, 
-414, -356, 58, 385, -236, -148, 390, -561, -248, 87, -854, 102, 
-419, -346, 73, 383, -246, -136, 390, -561, -244, 78, -854, 92, 
-419, -346, 73, 383, -246, -136, 380, -561, -244, 68, -854, 97, 
-424, -351, 73, 387, -248, -139, 380, -561, -244, 68, -854, 97, 
-424, -351, 73, 387, -248, -139, 380, -561, -244, 68, -854, 97, 
-419, -336, 82, 378, -251, -126, 380, -561, -253, 78, -863, 107, 
-419, -336, 82, 378, -251, -126, 380, -561, -258, 78, -863, 107, 
-419, -341, 78, 380, -248, -131, 380, -561, -258, 78, -863, 107, 
-419, -341, 78, 380, -248, -131, 380, -556, -258, 78, -863, 107, 
-409, -351, 58, 380, -234, -146, 380, -566, -258, 78, -854, 97, 
-409, -346, 63, 378, -236, -141, 380, -570, -263, 78, -858, 97, 
-405, -346, 58, 375, -231, -143, 380, -580, -263, 78, -858, 97, 
-405, -346, 58, 375, -231, -143, 380, -580, -263, 78, -858, 92, 
-414, -356, 58, 385, -236, -148, 370, -570, -253, 78, -849, 102, 
-414, -361, 53, 387, -234, -153, 366, -570, -253, 78, -849, 102, 
-414, -361, 53, 387, -234, -153, 366, -570, -248, 78, -849, 102, 
-409, -361, 48, 385, -229, -156, 366, -570, -248, 73, -849, 102, 
-405, -356, 48, 380, -226, -153, 375, -585, -258, 73, -854, 92, 
-405, -356, 48, 380, -226, -153, 375, -585, -268, 73, -854, 92, 
-419, -351, 68, 385, -244, -141, 375, -580, -273, 73, -854, 92, 
-424, -346, 78, 385, -251, -134, 380, -580, -273, 73, -858, 92, 
-414, -356, 58, 385, -236, -148, 380, -570, -263, 63, -849, 92, 
-419, -356, 63, 387, -241, -146, 380, -575, -268, 63, -854, 92, 
-419, -356, 63, 387, -241, -146, 375, -575, -268, 63, -863, 87, 
-419, -356, 63, 387, -241, -146, 375, -575, -268, 63, -863, 87, 
-395, -331, 63, 363, -229, -134, 390, -561, -273, 82, -849, 112, 
-395, -326, 68, 361, -231, -129, 395, -580, -268, 87, -849, 112, 
-395, -326, 68, 361, -231, -129, 395, -590, -263, 87, -844, 102, 
-400, -326, 73, 363, -236, -126, 395, -566, -248, 87, -844, 102, 
-400, -322, 78, 361, -239, -122, 400, -546, -234, 97, -839, 107, 
-409, -322, 87, 366, -248, -117, 405, -556, -244, 87, -849, 97, 
-409, -322, 87, 366, -248, -117, 409, -556, -244, 87, -849, 97, 
-409, -322, 87, 366, -248, -117, 414, -556, -244, 87, -849, 97, 
-409, -322, 87, 366, -248, -117, 419, -556, -244, 87, -849, 97, 
-409, -322, 87, 366, -248, -117, 434, -546, -239, 107, -834, 112, 
-409, -322, 87, 366, -248, -117, 439, -536, -229, 112, -834, 112, 
-409, -322, 87, 366, -248, -117, 444, -536, -224, 112, -834, 112, 
-409, -326, 82, 368, -246, -122, 444, -536, -219, 107, -834, 112, 
-400, -317, 82, 358, -241, -117, 439, -546, -224, 97, -834, 112, 
-395, -317, 78, 356, -236, -119, 439, -546, -229, 102, -829, 107, 
-385, -317, 68, 351, -226, -124, 439, -551, -229, 102, -829, 107, 
-395, -317, 78, 356, -236, -119, 434, -551, -234, 97, -834, 107, 
-400, -326, 73, 363, -236, -126, 424, -541, -229, 97, -844, 107, 
-400, -317, 82, 358, -241, -117, 414, -541, -234, 102, -839, 107, 
-395, -317, 78, 356, -236, -119, 400, -551, -234, 102, -839, 107, 
-395, -317, 78, 356, -236, -119, 380, -556, -239, 97, -844, 107, 
-395, -317, 78, 356, -236, -119, 366, -561, -244, 92, -844, 107, 
-395, -317, 78, 356, -236, -119, 356, -570, -253, 92, -849, 107, 
-395, -317, 78, 356, -236, -119, 351, -570, -253, 92, -849, 107, 
-395, -317, 78, 356, -236, -119, 341, -575, -253, 92, -844, 107, 
-375, -302, 73, 339, -224, -114, 346, -575, -253, 102, -834, 107, 
-366, -302, 63, 334, -214, -119, 341, -580, -253, 92, -834, 107, 
-366, -302, 63, 334, -214, -119, 326, -590, -258, 92, -839, 107, 
-356, -302, 53, 329, -204, -124, 322, -590, -258, 92, -839, 107, 
-341, -292, 48, 317, -195, -122, 312, -605, -263, 87, -839, 97, 
-331, -292, 39, 312, -185, -126, 307, -610, -278, 82, -844, 102, 
-336, -297, 39, 317, -187, -129, 297, -610, -283, 78, -849, 112, 
-341, -302, 39, 322, -190, -131, 292, -610, -287, 73, -849, 112, 
-380, -312, 68, 346, -224, -122, 307, -605, -287, 82, -844, 107, 
-385, -312, 73, 348, -229, -119, 312, -605, -283, 82, -839, 112, 
-395, -307, 87, 351, -241, -109, 317, -605, -278, 87, -834, 117, 
-409, -307, 102, 358, -256, -102, 312, -610, -278, 92, -834, 122, 
-400, -322, 78, 361, -239, -122, 312, -605, -287, 87, -844, 117, 
-390, -322, 68, 356, -229, -126, 312, -605, -283, 87, -844, 117, 
-390, -317, 73, 353, -231, -122, 322, -600, -283, 82, -844, 117, 
-370, -317, 53, 344, -212, -131, 322, -600, -283, 78, -844, 117, 
-370, -312, 58, 341, -214, -126, 317, -600, -278, 78, -834, 107, 
-385, -307, 78, 346, -231, -114, 331, -595, -278, 78, -834, 107, 
-385, -302, 82, 344, -234, -109, 331, -595, -278, 78, -829, 107, 
-385, -297, 87, 341, -236, -104, 331, -595, -278, 78, -829, 107, 
-375, -302, 73, 339, -224, -114, 341, -605, -278, 82, -839, 107, 
-375, -302, 73, 339, -224, -114, 341, -605, -278, 82, -839, 107, 
-375, -317, 58, 346, -217, -129, 341, -605, -278, 82, -839, 107, 
-375, -317, 58, 346, -217, -129, 341, -605, -278, 82, -839, 107, 
-380, -322, 58, 351, -219, -131, 331, -595, -268, 82, -839, 117, 
-375, -326, 48, 351, -212, -139, 326, -595, -268, 82, -839, 117, 
-370, -326, 43, 348, -207, -141, 322, -595, -268, 82, -839, 117, 
-370, -322, 48, 346, -209, -136, 322, -600, -268, 82, -844, 117, 
-361, -322, 39, 341, -200, -141, 326, -610, -278, 82, -849, 107, 
-361, -322, 39, 341, -200, -141, 326, -610, -278, 82, -849, 97, 
-356, -322, 34, 339, -195, -143, 322, -605, -278, 82, -849, 97, 
-361, -322, 39, 341, -200, -141, 317, -605, -278, 82, -849, 97, 
-375, -341, 34, 358, -204, -153, 326, -605, -273, 78, -849, 107, 
-385, -341, 43, 363, -214, -148, 326, -610, -273, 78, -849, 102, 
-400, -331, 68, 366, -234, -131, 331, -610, -273, 68, -849, 102, 
-414, -341, 73, 378, -244, -134, 336, -605, -278, 68, -854, 102, 
-419, -346, 73, 383, -246, -136, 351, -595, -278, 73, -849, 92, 
-419, -351, 68, 385, -244, -141, 351, -595, -278, 73, -849, 87, 
-419, -356, 63, 387, -241, -146, 351, -600, -278, 63, -854, 82, 
-419, -356, 63, 387, -241, -146, 351, -610, -283, 63, -854, 78, 
-409, -346, 63, 378, -236, -141, 336, -619, -292, 58, -868, 73, 
-405, -346, 58, 375, -231, -143, 336, -624, -297, 58, -868, 73, 
-400, -351, 48, 375, -224, -151, 336, -629, -297, 48, -878, 73, 
-395, -351, 43, 373, -219, -153, 336, -629, -307, 58, -868, 73, 
-385, -341, 43, 363, -214, -148, 331, -614, -307, 48, -878, 78, 
-385, -341, 43, 363, -214, -148, 331, -614, -302, 48, -878, 82, 
-400, -341, 58, 370, -229, -141, 331, -614, -302, 48, -878, 82, 
-390, -341, 48, 366, -219, -146, 326, -614, -307, 48, -878, 82, 
-390, -331, 58, 361, -224, -136, 336, -624, -297, 58, -883, 73, 
-395, -331, 63, 363, -229, -134, 336, -619, -297, 53, -883, 73, 
-395, -331, 63, 363, -229, -134, 336, -619, -297, 53, -883, 73, 
-395, -336, 58, 366, -226, -139, 336, -619, -297, 53, -883, 68, 
-400, -336, 63, 368, -231, -136, 336, -614, -292, 53, -873, 78, 
-400, -336, 63, 368, -231, -136, 336, -614, -292, 53, -868, 78, 
-395, -336, 58, 366, -226, -139, 336, -619, -292, 58, -868, 78, 
-380, -336, 43, 358, -212, -146, 341, -619, -292, 58, -868, 78, 
-380, -326, 53, 353, -217, -136, 336, -619, -302, 58, -868, 78, 
-390, -326, 63, 358, -226, -131, 326, -619, -302, 58, -868, 78, 
-395, -326, 68, 361, -231, -129, 322, -619, -302, 58, -868, 78, 
-395, -326, 68, 361, -231, -129, 317, -614, -302, 58, -868, 78, 
-390, -331, 58, 361, -224, -136, 317, -614, -302, 58, -868, 68, 
-390, -331, 58, 361, -224, -136, 317, -614, -302, 58, -868, 68, 
-400, -336, 63, 368, -231, -136, 317, -614, -297, 63, -863, 73, 
-390, -336, 53, 363, -222, -141, 317, -619, -297, 63, -858, 73, 
-370, -326, 43, 348, -207, -141, 326, -619, -297, 63, -858, 82, 
-366, -322, 43, 344, -204, -139, 326, -614, -297, 63, -858, 78, 
-366, -317, 48, 341, -207, -134, 326, -614, -297, 63, -858, 78, 
-366, -312, 53, 339, -209, -129, 326, -614, -297, 58, -858, 82, 
-366, -317, 48, 341, -207, -134, 336, -614, -287, 68, -863, 78, 
-385, -307, 78, 346, -231, -114, 326, -614, -287, 78, -863, 82, 
-385, -283, 102, 334, -244, -90, 326, -610, -283, 73, -863, 82, 
-375, -263, 112, 319, -244, -75, 331, -590, -268, 92, -854, 92, 
-390, -263, 126, 326, -258, -68, 346, -561, -239, 126, -829, 112, 
-409, -253, 156, 331, -283, -48, 346, -522, -180, 175, -780, 136, 
-400, -234, 165, 317, -283, -34, 322, -478, -107, 258, -722, 175, 
-370, -209, 161, 290, -265, -24, 287, -429, -9, 361, -619, 234, 
-346, -209, 136, 278, -241, -36, 248, -336, 126, 522, -497, 287, 
-312, -219, 92, 265, -202, -63, 170, -258, 273, 688, -361, 346, 
-253, -214, 39, 234, -146, -87, 73, -239, 385, 839, -224, 409, 
-200, -200, 0, 200, -100, -100, -14, -263, 448, 971, -92, 483, 
-131, -156, -24, 143, -53, -90, -73, -234, 566, 1161, 82, 585, 
-53, -107, -53, 80, 0, -80, -126, -112, 795, 1439, 322, 712, 
24, -68, -92, 21, 58, -80, -234, 4, 1049, 1747, 585, 873, 
117, 4, -112, -61, 114, -53, -400, 34, 1205, 1995, 839, 1029, 
253, 117, -136, -185, 195, -9, -590, 0, 1322, 2215, 1058, 1190, 
385, 229, -156, -307, 270, 36, -717, -9, 1449, 2440, 1273, 1332, 
473, 317, -156, -395, 314, 80, -805, 9, 1595, 2654, 1464, 1449, 
527, 409, -117, -468, 322, 146, -912, 34, 1727, 2845, 1649, 1576, 
566, 453, -112, -509, 339, 170, -1005, 73, 1786, 2947, 1766, 1664, 
600, 351, -248, -475, 424, 51, -1068, 87, 1727, 2820, 1659, 1590, 
619, 185, -434, -402, 527, -124, -1088, 43, 1527, 2459, 1288, 1356, 
590, 34, -556, -312, 573, -261, -1083, -58, 1205, 1952, 800, 1093, 
527, -146, -673, -190, 600, -409, -1044, -292, 697, 1288, 229, 805, 
424, -322, -746, -51, 585, -534, -956, -702, -34, 458, -370, 497, 
341, -434, -775, 46, 558, -605, -868, -1132, -697, -219, -824, 258, 
297, -507, -805, 104, 551, -656, -795, -1346, -1024, -527, -1049, 126, 
244, -585, -829, 170, 536, -707, -702, -1346, -1058, -595, -1156, 24, 
170, -619, -790, 224, 480, -705, -619, -1327, -1058, -614, -1210, -39, 
92, -619, -712, 263, 402, -666, -541, -1332, -1063, -624, -1239, -63, 
39, -605, -644, 283, 341, -624, -468, -1298, -1019, -585, -1229, -63, 
0, -580, -580, 290, 290, -580, -370, -1210, -922, -512, -1195, -43, 
-43, -541, -497, 292, 226, -519, -268, -1132, -844, -444, -1156, -34, 
-92, -502, -409, 297, 158, -456, -195, -1068, -785, -380, -1117, -4, 
-122, -458, -336, 290, 107, -397, -122, -1019, -717, -322, -1073, 19, 
-117, -390, -273, 253, 78, -331, -43, -956, -658, -263, -1039, 34, 
-136, -331, -195, 234, 29, -263, 39, -878, -595, -204, -995, 63, 
-180, -317, -136, 248, -21, -226, 117, -810, -527, -136, -961, 78, 
-224, -312, -87, 268, -68, -200, 190, -766, -473, -87, -941, 102, 
-258, -302, -43, 280, -107, -173, 239, -736, -444, -58, -932, 102, 
-283, -297, -14, 290, -134, -156, 273, -702, -405, -29, -917, 92, 
-292, -307, -14, 300, -139, -161, 297, -649, -361, -9, -912, 82, 
-278, -297, -19, 287, -129, -158, 317, -605, -341, 0, -927, 78, 
-297, -317, -19, 307, -139, -168, 317, -605, -331, 0, -922, 68, 
-346, -346, 0, 346, -173, -173, 326, -605, -322, 19, -897, 63, 
-361, -322, 39, 341, -200, -141, 346, -590, -307, 34, -893, 73, 
-361, -317, 43, 339, -202, -136, 346, -590, -302, 39, -893, 73, 
-370, -312, 58, 341, -214, -126, 346, -585, -292, 53, -893, 68, 
-375, -307, 68, 341, -222, -119, 351, -585, -287, 58, -893, 68, 
-390, -297, 92, 344, -241, -102, 351, -585, -292, 58, -902, 58, 
-375, -297, 78, 336, -226, -109, 356, -570, -287, 63, -902, 63, 
-375, -302, 73, 339, -224, -114, 361, -561, -278, 58, -893, 68, 
-380, -307, 73, 344, -226, -117, 361, -561, -278, 53, -893, 68, 
-390, -312, 78, 351, -234, -117, 356, -551, -273, 53, -897, 58, 
-390, -317, 73, 353, -231, -122, 356, -551, -273, 53, -897, 53, 
-390, -322, 68, 356, -229, -126, 356, -556, -278, 53, -893, 53, 
-395, -326, 68, 361, -231, -129, 356, -556, -278, 53, -888, 53, 
-390, -317, 73, 353, -231, -122, 356, -566, -278, 68, -888, 48, 
-400, -312, 87, 356, -244, -112, 356, -566, -278, 73, -888, 48, 
-400, -307, 92, 353, -246, -107, 361, -566, -273, 73, -888, 48, 
-400, -302, 97, 351, -248, -102, 361, -566, -268, 73, -888, 48, 
-380, -312, 68, 346, -224, -122, 356, -551, -268, 58, -897, 39, 
-375, -312, 63, 344, -219, -124, 356, -551, -268, 58, -897, 39, 
-375, -312, 63, 344, -219, -124, 356, -551, -268, 63, -897, 39, 
-375, -312, 63, 344, -219, -124, 351, -556, -268, 63, -897, 43, 
-356, -312, 43, 334, -200, -134, 341, -566, -278, 58, -907, 43, 
-346, -302, 43, 324, -195, -129, 341, -566, -283, 58, -907, 43, 
-341, -302, 39, 322, -190, -131, 341, -566, -283, 53, -902, 43, 
-331, -302, 29, 317, -180, -136, 346, -570, -283, 53, -902, 43, 
-351, -297, 53, 324, -202, -122, 351, -566, -278, 58, -893, 53, 
-366, -297, 68, 331, -217, -114, 361, -556, -273, 63, -888, 53, 
-375, -287, 87, 331, -231, -100, 370, -546, -263, 73, -888, 53, 
-390, -287, 102, 339, -246, -92, 375, -541, -248, 78, -893, 53, 
-405, -302, 102, 353, -253, -100, 380, -527, -239, 78, -883, 63, 
-409, -302, 107, 356, -258, -97, 375, -527, -239, 82, -883, 63, 
-405, -297, 107, 351, -256, -95, 375, -527, -239, 87, -883, 63, 
-409, -297, 112, 353, -261, -92, 375, -527, -244, 87, -883, 58, 
-409, -292, 117, 351, -263, -87, 375, -536, -244, 87, -883, 48, 
-409, -292, 117, 351, -263, -87, 375, -536, -244, 87, -878, 53, 
-414, -297, 117, 356, -265, -90, 375, -536, -239, 92, -878, 53, 
-424, -297, 126, 361, -275, -85, 380, -522, -239, 92, -878, 53, 
-400, -297, 102, 348, -251, -97, 375, -527, -244, 87, -893, 43, 
-385, -297, 87, 341, -236, -104, 366, -531, -248, 82, -897, 39, 
-375, -302, 73, 339, -224, -114, 361, -536, -244, 78, -893, 34, 
-361, -302, 58, 331, -209, -122, 366, -541, -248, 73, -897, 29, 
-356, -292, 63, 324, -209, -114, 366, -536, -239, 82, -893, 34, 
-361, -292, 68, 326, -214, -112, 366, -531, -234, 82, -893, 39, 
-370, -292, 78, 331, -224, -107, 366, -527, -234, 82, -893, 43, 
-375, -292, 82, 334, -229, -104, 361, -522, -239, 82, -888, 48, 
-370, -292, 78, 331, -224, -107, 370, -522, -239, 82, -888, 43, 
-370, -292, 78, 331, -224, -107, 370, -522, -239, 87, -888, 43, 
-370, -287, 82, 329, -226, -102, 370, -517, -229, 87, -888, 43, 
-375, -287, 87, 331, -231, -100, 370, -517, -229, 87, -888, 43, 
-370, -292, 78, 331, -224, -107, 361, -517, -234, 82, -897, 34, 
-361, -297, 63, 329, -212, -117, 366, -517, -234, 82, -893, 34, 
-356, -297, 58, 326, -207, -119, 370, -512, -229, 82, -893, 34, 
-351, -297, 53, 324, -202, -122, 370, -512, -229, 82, -893, 39, 
-361, -297, 63, 329, -212, -117, 390, -507, -214, 102, -883, 53, 
-366, -302, 63, 334, -214, -119, 390, -497, -214, 102, -883, 53, 
-380, -307, 73, 344, -226, -117, 390, -492, -209, 102, -883, 48, 
-375, -307, 68, 341, -222, -119, 390, -483, -209, 107, -883, 48, 
-356, -297, 58, 326, -207, -119, 380, -483, -209, 107, -893, 39, 
-356, -297, 58, 326, -207, -119, 380, -483, -209, 102, -893, 39, 
-361, -297, 63, 329, -212, -117, 380, -483, -209, 97, -893, 34, 
-361, -297, 63, 329, -212, -117, 385, -483, -200, 97, -893, 34, 
-366, -297, 68, 331, -217, -114, 385, -468, -190, 102, -888, 48, 
-370, -297, 73, 334, -222, -112, 390, -463, -185, 107, -888, 48, 
-375, -297, 78, 336, -226, -109, 390, -453, -175, 117, -888, 48, 
-385, -297, 87, 341, -236, -104, 390, -448, -165, 122, -893, 43, 
-385, -292, 92, 339, -239, -100, 390, -444, -175, 112, -888, 34, 
-385, -292, 92, 339, -239, -100, 395, -439, -170, 117, -883, 39, 
-380, -287, 92, 334, -236, -97, 405, -434, -165, 126, -878, 39, 
-380, -287, 92, 334, -236, -97, 419, -429, -161, 126, -873, 39, 
-380, -297, 82, 339, -231, -107, 419, -434, -151, 126, -883, 39, 
-380, -297, 82, 339, -231, -107, 414, -424, -146, 136, -883, 39, 
-375, -292, 82, 334, -229, -104, 419, -419, -136, 136, -883, 39, 
-375, -292, 82, 334, -229, -104, 414, -409, -136, 136, -883, 39, 
-370, -287, 82, 329, -226, -102, 419, -400, -122, 151, -873, 48, 
-370, -287, 82, 329, -226, -102, 424, -395, -117, 151, -873, 48, 
-370, -287, 82, 329, -226, -102, 429, -385, -112, 151, -873, 48, 
-366, -287, 78, 326, -222, -104, 439, -366, -107, 161, -873, 43, 
-361, -268, 92, 314, -226, -87, 444, -361, -97, 161, -873, 39, 
-356, -268, 87, 312, -222, -90, 439, -351, -97, 161, -873, 39, 
-351, -273, 78, 312, -214, -97, 439, -346, -92, 161, -878, 34, 
-351, -273, 78, 312, -214, -97, 444, -346, -87, 161, -878, 29, 
-356, -263, 92, 309, -224, -85, 439, -326, -78, 165, -878, 39, 
-356, -263, 92, 309, -224, -85, 444, -307, -68, 165, -873, 39, 
-361, -268, 92, 314, -226, -87, 448, -302, -63, 170, -873, 39, 
-366, -273, 92, 319, -229, -90, 458, -292, -53, 180, -868, 39, 
-375, -263, 112, 319, -244, -75, 468, -283, -34, 190, -858, 39, 
-366, -258, 107, 312, -236, -75, 478, -273, -29, 195, -858, 39, 
-366, -258, 107, 312, -236, -75, 488, -258, -9, 200, -858, 39, 
-370, -258, 112, 314, -241, -73, 502, -244, 0, 214, -854, 39, 
-370, -273, 97, 322, -234, -87, 517, -219, 4, 219, -854, 39, 
-370, -273, 97, 322, -234, -87, 522, -214, 14, 224, -854, 39, 
-361, -263, 97, 312, -229, -82, 527, -204, 24, 224, -854, 39, 
-361, -263, 97, 312, -229, -82, 536, -195, 29, 224, -854, 39, 
-361, -248, 112, 305, -236, -68, 541, -200, 39, 224, -858, 39, 
-361, -248, 112, 305, -236, -68, 541, -190, 43, 229, -858, 39, 
-361, -248, 112, 305, -236, -68, 541, -180, 48, 234, -858, 39, 
-356, -248, 107, 302, -231, -70, 546, -170, 63, 234, -858, 39, 
-331, -229, 102, 280, -217, -63, 546, -151, 68, 239, -868, 39, 
-341, -229, 112, 285, -226, -58, 546, -146, 73, 239, -868, 39, 
-341, -229, 112, 285, -226, -58, 556, -136, 78, 239, -868, 39, 
-336, -229, 107, 283, -222, -61, 561, -126, 92, 248, -868, 43, 
-326, -239, 87, 283, -207, -75, 575, -107, 102, 263, -858, 53, 
-326, -234, 92, 280, -209, -70, 575, -102, 102, 263, -854, 53, 
-331, -234, 97, 283, -214, -68, 580, -102, 102, 253, -849, 53, 
-341, -229, 112, 285, -226, -58, 585, -102, 107, 253, -844, 53, 
-351, -219, 131, 285, -241, -43, 575, -102, 97, 244, -854, 53, 
-346, -219, 126, 283, -236, -46, 575, -102, 97, 239, -863, 53, 
-341, -219, 122, 280, -231, -48, 575, -97, 97, 239, -863, 53, 
-341, -224, 117, 283, -229, -53, 580, -97, 97, 234, -863, 53, 
-336, -229, 107, 283, -222, -61, 570, -97, 82, 239, -868, 39, 
-331, -229, 102, 280, -217, -63, 570, -97, 82, 234, -873, 34, 
-322, -224, 97, 273, -209, -63, 575, -97, 82, 234, -873, 34, 
-312, -224, 87, 268, -200, -68, 575, -102, 82, 229, -878, 34, 
-322, -219, 102, 270, -212, -58, 575, -112, 73, 229, -883, 39, 
-322, -214, 107, 268, -214, -53, 575, -126, 63, 224, -888, 34, 
-322, -214, 107, 268, -214, -53, 575, -126, 58, 224, -888, 34, 
-322, -214, 107, 268, -214, -53, 575, -126, 58, 224, -883, 34, 
-331, -219, 112, 275, -222, -53, 570, -126, 63, 209, -883, 29, 
-341, -219, 122, 280, -231, -48, 566, -131, 58, 204, -883, 29, 
-341, -224, 117, 283, -229, -53, 556, -136, 48, 195, -893, 19, 
-336, -224, 112, 280, -224, -56, 556, -141, 48, 195, -883, 29, 
-317, -224, 92, 270, -204, -65, 561, -146, 39, 190, -893, 24, 
-307, -224, 82, 265, -195, -70, 561, -161, 34, 185, -893, 24, 
-297, -224, 73, 261, -185, -75, 561, -180, 14, 180, -893, 19, 
-287, -219, 68, 253, -178, -75, 551, -195, -4, 175, -893, 19, 
-292, -219, 73, 256, -183, -73, 546, -200, -4, 185, -893, 24, 
-297, -219, 78, 258, -187, -70, 546, -209, -9, 175, -893, 29, 
-302, -219, 82, 261, -192, -68, 541, -219, -9, 180, -893, 34, 
-307, -219, 87, 263, -197, -65, 536, -224, -14, 180, -883, 43, 
-331, -224, 107, 278, -219, -58, 527, -239, -29, 185, -873, 53, 
-351, -229, 122, 290, -236, -53, 527, -253, -39, 185, -873, 53, 
-370, -234, 136, 302, -253, -48, 527, -263, -43, 185, -868, 53, 
-380, -239, 141, 309, -261, -48, 531, -263, -48, 180, -858, 58, 
-366, -239, 126, 302, -246, -56, 512, -278, -58, 170, -849, 58, 
-356, -244, 112, 300, -234, -65, 502, -302, -68, 170, -849, 53, 
-351, -239, 112, 295, -231, -63, 492, -317, -92, 165, -854, 53, 
-341, -239, 102, 290, -222, -68, 483, -331, -97, 161, -854, 53, 
-341, -229, 112, 285, -226, -58, 473, -346, -102, 151, -863, 43, 
-336, -234, 102, 285, -219, -65, 458, -366, -117, 146, -863, 43, 
-336, -239, 97, 287, -217, -70, 453, -375, -126, 146, -863, 43, 
-336, -239, 97, 287, -217, -70, 448, -390, -126, 146, -858, 43, 
-346, -244, 102, 295, -224, -70, 444, -390, -131, 146, -849, 53, 
-346, -239, 107, 292, -226, -65, 434, -405, -141, 141, -849, 53, 
-351, -239, 112, 295, -231, -63, 424, -419, -156, 136, -849, 53, 
-351, -244, 107, 297, -229, -68, 419, -439, -175, 131, -849, 53, 
-341, -248, 92, 295, -217, -78, 414, -458, -180, 136, -858, 48, 
-341, -248, 92, 295, -217, -78, 405, -463, -190, 136, -863, 48, 
-341, -244, 97, 292, -219, -73, 405, -473, -195, 131, -863, 48, 
-341, -244, 97, 292, -219, -73, 405, -478, -200, 117, -863, 48, 
-346, -253, 92, 300, -219, -80, 385, -483, -204, 117, -863, 39, 
-346, -258, 87, 302, -217, -85, 385, -488, -214, 117, -858, 39, 
-346, -263, 82, 305, -214, -90, 380, -492, -219, 117, -858, 39, 
-346, -268, 78, 307, -212, -95, 370, -502, -229, 122, -858, 34, 
-346, -273, 73, 309, -209, -100, 370, -497, -229, 112, -858, 43, 
-356, -278, 78, 317, -217, -100, 361, -502, -239, 112, -858, 43, 
-346, -278, 68, 312, -207, -104, 361, -517, -239, 112, -863, 39, 
-346, -278, 68, 312, -207, -104, 361, -517, -239, 102, -863, 39, 
-341, -263, 78, 302, -209, -92, 361, -527, -229, 102, -863, 29, 
-336, -263, 73, 300, -204, -95, 366, -527, -234, 97, -863, 29, 
-336, -268, 68, 302, -202, -100, 366, -531, -239, 97, -863, 29, 
-331, -268, 63, 300, -197, -102, 366, -531, -248, 97, -863, 24, 
-341, -263, 78, 302, -209, -92, 366, -527, -248, 97, -858, 34, 
-341, -263, 78, 302, -209, -92, 366, -531, -248, 97, -858, 29, 
-341, -273, 68, 307, -204, -102, 366, -531, -248, 97, -858, 29, 
-341, -283, 58, 312, -200, -112, 356, -536, -253, 87, -863, 29, 
-346, -273, 73, 309, -209, -100, 366, -536, -258, 82, -873, 19, 
-341, -273, 68, 307, -204, -102, 370, -536, -258, 82, -873, 19, 
-341, -268, 73, 305, -207, -97, 375, -536, -253, 82, -873, 24, 
-366, -268, 97, 317, -231, -85, 375, -541, -253, 82, -873, 29, 
-366, -273, 92, 319, -229, -90, 361, -546, -263, 78, -883, 24, 
-361, -278, 82, 319, -222, -97, 356, -546, -268, 73, -883, 19, 
-346, -273, 73, 309, -209, -100, 351, -546, -273, 73, -888, 14, 
-346, -278, 68, 312, -207, -104, 346, -541, -273, 73, -888, 9, 
-346, -273, 73, 309, -209, -100, 351, -541, -263, 78, -883, 19, 
-351, -273, 78, 312, -214, -97, 356, -541, -268, 78, -878, 19, 
-351, -268, 82, 309, -217, -92, 361, -546, -273, 78, -878, 14, 
-351, -263, 87, 307, -219, -87, 366, -556, -273, 73, -878, 9, 
-351, -273, 78, 312, -214, -97, 375, -546, -263, 73, -888, 9, 
-346, -273, 73, 309, -209, -100, 375, -541, -263, 68, -893, 9, 
-341, -273, 68, 307, -204, -102, 375, -541, -268, 68, -893, 9, 
-346, -268, 78, 307, -212, -95, 375, -541, -268, 68, -888, 9, 
-341, -263, 78, 302, -209, -92, 375, -551, -273, 58, -897, 9, 
-356, -263, 92, 309, -224, -85, 375, -551, -273, 58, -897, 9, 
-351, -268, 82, 309, -217, -92, 375, -551, -273, 53, -902, 9, 
-346, -283, 63, 314, -204, -109, 375, -551, -278, 48, -902, 9, 
-346, -273, 73, 309, -209, -100, 366, -551, -278, 58, -893, 4, 
-346, -268, 78, 307, -212, -95, 366, -551, -273, 63, -888, 4, 
-341, -268, 73, 305, -207, -97, 370, -551, -273, 63, -888, 4, 
-341, -268, 73, 305, -207, -97, 370, -551, -278, 58, -893, 4, 
-351, -273, 78, 312, -214, -97, 380, -551, -287, 58, -902, -4, 
-351, -273, 78, 312, -214, -97, 380, -551, -287, 58, -897, 0, 
-351, -273, 78, 312, -214, -97, 380, -551, -283, 63, -897, 0, 
-346, -278, 68, 312, -207, -104, 380, -556, -283, 63, -897, 0, 
-356, -268, 87, 312, -222, -90, 390, -556, -278, 73, -893, 9, 
-351, -268, 82, 309, -217, -92, 390, -551, -273, 73, -888, 9, 
-351, -268, 82, 309, -217, -92, 390, -546, -263, 73, -883, 9, 
-356, -263, 92, 309, -224, -85, 390, -541, -253, 68, -878, 9, 
-356, -263, 92, 309, -224, -85, 385, -541, -253, 68, -878, 9, 
-356, -263, 92, 309, -224, -85, 385, -536, -253, 68, -878, 9, 
-356, -268, 87, 312, -222, -90, 385, -531, -253, 68, -878, 9, 
-351, -268, 82, 309, -217, -92, 385, -531, -248, 68, -873, 9, 
-346, -258, 87, 302, -217, -85, 385, -531, -253, 78, -873, 9, 
-346, -258, 87, 302, -217, -85, 385, -531, -248, 78, -868, 14, 
-356, -258, 97, 307, -226, -80, 385, -531, -244, 82, -868, 14, 
-356, -258, 97, 307, -226, -80, 385, -531, -244, 87, -863, 14, 
-356, -253, 102, 305, -229, -75, 390, -531, -253, 82, -868, 19, 
-356, -253, 102, 305, -229, -75, 390, -531, -253, 82, -868, 19, 
-351, -244, 107, 297, -229, -68, 390, -531, -253, 82, -868, 19, 
-351, -244, 107, 297, -229, -68, 385, -531, -253, 82, -858, 24, 
-341, -248, 92, 295, -217, -78, 375, -531, -248, 73, -868, 19, 
-331, -253, 78, 292, -204, -87, 375, -531, -248, 73, -868, 14, 
-322, -258, 63, 290, -192, -97, 375, -531, -244, 78, -868, 19, 
-312, -253, 58, 283, -185, -97, 375, -531, -244, 78, -868, 14, 
-322, -244, 78, 283, -200, -82, 385, -527, -239, 82, -863, 9, 
-331, -244, 87, 287, -209, -78, 375, -522, -234, 87, -858, 14, 
-341, -248, 92, 295, -217, -78, 375, -517, -229, 97, -849, 19, 
-361, -248, 112, 305, -236, -68, 375, -512, -219, 107, -844, 24, 
-370, -244, 126, 307, -248, -58, 380, -502, -219, 107, -834, 39, 
-370, -244, 126, 307, -248, -58, 385, -502, -219, 112, -834, 39, 
-385, -248, 136, 317, -261, -56, 385, -502, -214, 117, -829, 39, 
-375, -248, 126, 312, -251, -61, 390, -502, -214, 117, -829, 39, 
-356, -229, 126, 292, -241, -51, 390, -502, -219, 107, -844, 39, 
-351, -219, 131, 285, -241, -43, 385, -507, -219, 112, -844, 39, 
-346, -214, 131, 280, -239, -41, 385, -512, -219, 112, -839, 39, 
-346, -219, 126, 283, -236, -46, 385, -527, -214, 112, -839, 39, 
-346, -219, 126, 283, -236, -46, 375, -527, -214, 107, -844, 34, 
-351, -219, 131, 285, -241, -43, 380, -527, -219, 107, -844, 29, 
-336, -214, 122, 275, -229, -46, 380, -527, -224, 107, -844, 24, 
-331, -214, 117, 273, -224, -48, 375, -531, -234, 102, -844, 24, 
-341, -224, 117, 283, -229, -53, 385, -527, -224, 107, -839, 34, 
-341, -229, 112, 285, -226, -58, 380, -522, -224, 112, -834, 34, 
-341, -219, 122, 280, -231, -48, 380, -517, -224, 112, -829, 34, 
-341, -224, 117, 283, -229, -53, 380, -512, -224, 117, -824, 39, 
-322, -214, 107, 268, -214, -53, 366, -527, -229, 126, -814, 48, 
-322, -229, 92, 275, -207, -68, 366, -531, -229, 122, -814, 48, 
-326, -229, 97, 278, -212, -65, 366, -531, -229, 122, -814, 48, 
-326, -229, 97, 278, -212, -65, 370, -531, -229, 126, -814, 43, 
-317, -239, 78, 278, -197, -80, 366, -541, -244, 117, -819, 34, 
-312, -239, 73, 275, -192, -82, 351, -541, -244, 107, -824, 39, 
-312, -244, 68, 278, -190, -87, 346, -541, -244, 107, -829, 39, 
-307, -244, 63, 275, -185, -90, 341, -541, -244, 107, -834, 39, 
-312, -219, 92, 265, -202, -63, 351, -531, -234, 112, -824, 39, 
-322, -219, 102, 270, -212, -58, 351, -531, -239, 117, -824, 39, 
-331, -224, 107, 278, -219, -58, 351, -531, -239, 122, -824, 39, 
-341, -224, 117, 283, -229, -53, 351, -527, -239, 126, -824, 39, 
-341, -234, 107, 287, -224, -63, 361, -527, -229, 117, -814, 39, 
-341, -229, 112, 285, -226, -58, 361, -531, -234, 117, -819, 39, 
-336, -229, 107, 283, -222, -61, 361, -541, -234, 117, -819, 39, 
-336, -229, 107, 283, -222, -61, 361, -541, -234, 117, -819, 34, 
-326, -239, 87, 283, -207, -75, 341, -541, -234, 117, -819, 34, 
-326, -244, 82, 285, -204, -80, 336, -541, -234, 117, -819, 34, 
-326, -244, 82, 285, -204, -80, 336, -541, -229, 117, -819, 34, 
-322, -244, 78, 283, -200, -82, 336, -541, -229, 112, -819, 34, 
-297, -234, 63, 265, -180, -85, 336, -546, -239, 102, -829, 34, 
-297, -239, 58, 268, -178, -90, 336, -546, -248, 102, -824, 34, 
-312, -239, 73, 275, -192, -82, 336, -541, -253, 102, -819, 34, 
-317, -239, 78, 278, -197, -80, 341, -541, -253, 102, -819, 34, 
-317, -239, 78, 278, -197, -80, 341, -546, -244, 112, -819, 34, 
-322, -239, 82, 280, -202, -78, 341, -556, -248, 112, -824, 34, 
-322, -239, 82, 280, -202, -78, 336, -561, -248, 112, -834, 29, 
-322, -239, 82, 280, -202, -78, 336, -566, -248, 112, -834, 29, 
-317, -224, 92, 270, -204, -65, 341, -556, -244, 112, -829, 34, 
-317, -219, 97, 268, -207, -61, 346, -551, -239, 117, -829, 34, 
-317, -219, 97, 268, -207, -61, 356, -546, -234, 117, -824, 34, 
-322, -219, 102, 270, -212, -58, 356, -536, -229, 117, -824, 34, 
-322, -229, 92, 275, -207, -68, 346, -541, -239, 117, -824, 24, 
-322, -229, 92, 275, -207, -68, 351, -541, -244, 117, -829, 24, 
-322, -219, 102, 270, -212, -58, 356, -546, -244, 122, -829, 24, 
-322, -219, 102, 270, -212, -58, 356, -551, -244, 122, -824, 24, 
-331, -214, 117, 273, -224, -48, 351, -541, -234, 122, -814, 34, 
-331, -224, 107, 278, -219, -58, 346, -546, -244, 122, -824, 24, 
-312, -214, 97, 263, -204, -58, 361, -536, -234, 126, -829, 29, 
-312, -209, 102, 261, -207, -53, 375, -531, -229, 136, -824, 39, 
-312, -204, 107, 258, -209, -48, 380, -527, -224, 136, -819, 39, 
-312, -200, 112, 256, -212, -43, 385, -522, -219, 136, -814, 39, 
-312, -195, 117, 253, -214, -39, 390, -517, -214, 136, -810, 39, 
-312, -195, 117, 253, -214, -39, 385, -517, -214, 136, -805, 34, 
-312, -195, 117, 253, -214, -39, 390, -507, -209, 141, -805, 34, 
-312, -195, 117, 253, -214, -39, 395, -507, -209, 141, -805, 34, 
-312, -200, 112, 256, -212, -43, 395, -507, -209, 136, -805, 34, 
-322, -200, 122, 261, -222, -39, 405, -497, -209, 146, -805, 43, 
-317, -200, 117, 258, -217, -41, 409, -497, -209, 151, -800, 39, 
-307, -200, 107, 253, -207, -46, 414, -502, -204, 151, -800, 39, 
-317, -200, 117, 258, -217, -41, 414, -502, -204, 146, -805, 39, 
-312, -200, 112, 256, -212, -43, 419, -502, -209, 156, -805, 48, 
-312, -190, 122, 251, -217, -34, 414, -502, -214, 161, -800, 48, 
-307, -190, 117, 248, -212, -36, 405, -512, -214, 161, -800, 48, 
-307, -190, 117, 248, -212, -36, 390, -517, -219, 156, -805, 48, 
-297, -190, 107, 244, -202, -41, 370, -522, -224, 146, -814, 39, 
-297, -190, 107, 244, -202, -41, 356, -531, -234, 141, -819, 39, 
-297, -190, 107, 244, -202, -41, 346, -531, -234, 136, -819, 39, 
-297, -190, 107, 244, -202, -41, 331, -536, -234, 131, -814, 39, 
-263, -175, 87, 219, -175, -43, 322, -541, -248, 126, -829, 34, 
-239, -175, 63, 207, -151, -56, 312, -551, -253, 112, -834, 29, 
-224, -175, 48, 200, -136, -63, 292, -566, -263, 107, -844, 24, 
-200, -175, 24, 187, -112, -75, 283, -570, -268, 102, -849, 19, 
-229, -165, 63, 197, -146, -51, 292, -566, -258, 112, -824, 34, 
-253, -165, 87, 209, -170, -39, 297, -561, -258, 122, -814, 43, 
-292, -170, 122, 231, -207, -24, 297, -551, -248, 131, -805, 58, 
-331, -175, 156, 253, -244, -9, 302, -541, -239, 141, -790, 63, 
-336, -200, 136, 268, -236, -31, 292, -556, -253, 136, -795, 43, 
-317, -204, 112, 261, -214, -46, 292, -556, -253, 131, -800, 43, 
-302, -204, 97, 253, -200, -53, 292, -556, -253, 131, -805, 43, 
-292, -209, 82, 251, -187, -63, 283, -561, -258, 131, -814, 43, 
-297, -204, 92, 251, -195, -56, 287, -561, -248, 141, -810, 43, 
-302, -204, 97, 253, -200, -53, 292, -556, -244, 146, -805, 48, 
-317, -200, 117, 258, -217, -41, 307, -546, -244, 146, -800, 53, 
-312, -200, 112, 256, -212, -43, 312, -541, -244, 146, -795, 58, 
-292, -200, 92, 246, -192, -53, 302, -551, -248, 136, -800, 53, 
-307, -200, 107, 253, -207, -46, 312, -546, -248, 136, -805, 48, 
-307, -200, 107, 253, -207, -46, 307, -546, -248, 136, -805, 43, 
-307, -200, 107, 253, -207, -46, 302, -546, -248, 136, -810, 39, 
-317, -195, 122, 256, -219, -36, 312, -541, -248, 131, -800, 39, 
-317, -195, 122, 256, -219, -36, 312, -536, -248, 131, -800, 39, 
-317, -209, 107, 263, -212, -51, 312, -531, -248, 131, -800, 39, 
-317, -209, 107, 263, -212, -51, 312, -527, -248, 131, -800, 39, 
-302, -214, 87, 258, -195, -63, 312, -536, -258, 131, -800, 29, 
-297, -219, 78, 258, -187, -70, 307, -536, -258, 131, -800, 29, 
-292, -219, 73, 256, -183, -73, 302, -536, -258, 131, -800, 29, 
-292, -214, 78, 253, -185, -68, 302, -541, -258, 131, -805, 29, 
-297, -219, 78, 258, -187, -70, 307, -541, -258, 131, -819, 39, 
-302, -224, 78, 263, -190, -73, 307, -541, -258, 131, -819, 29, 
-302, -229, 73, 265, -187, -78, 302, -536, -258, 131, -819, 29, 
-312, -234, 78, 273, -195, -78, 297, -536, -258, 131, -819, 29, 
-317, -234, 82, 275, -200, -75, 302, -531, -253, 136, -810, 29, 
-317, -234, 82, 275, -200, -75, 307, -531, -253, 136, -810, 24, 
-322, -224, 97, 273, -209, -63, 317, -527, -253, 126, -810, 24, 
-326, -234, 92, 280, -209, -70, 326, -517, -258, 126, -814, 24, 
-322, -239, 82, 280, -202, -78, 331, -517, -258, 131, -829, 19, 
-322, -244, 78, 283, -200, -82, 331, -517, -258, 131, -829, 9, 
-322, -248, 73, 285, -197, -87, 331, -522, -258, 122, -834, 0, 
-322, -248, 73, 285, -197, -87, 331, -531, -263, 122, -834, -9, 
-326, -244, 82, 285, -204, -80, 326, -531, -273, 117, -839, -9, 
-326, -239, 87, 283, -207, -75, 326, -536, -278, 117, -839, -4, 
-326, -239, 87, 283, -207, -75, 326, -541, -278, 107, -849, 0, 
-326, -234, 92, 280, -209, -70, 326, -541, -287, 117, -839, 4, 
-317, -234, 82, 275, -200, -75, 322, -527, -278, 117, -839, 4, 
-317, -234, 82, 275, -200, -75, 322, -527, -273, 117, -839, 4, 
-331, -234, 97, 283, -214, -68, 322, -527, -273, 117, -839, 0, 
-322, -234, 87, 278, -204, -73, 317, -527, -278, 117, -839, -4, 
-317, -244, 73, 280, -195, -85, 312, -536, -278, 117, -834, 4, 
-317, -244, 73, 280, -195, -85, 307, -531, -278, 112, -834, 4, 
-312, -244, 68, 278, -190, -87, 302, -531, -278, 112, -834, 4, 
-307, -248, 58, 278, -183, -95, 297, -531, -278, 112, -834, 0, 
-317, -239, 78, 278, -197, -80, 312, -531, -273, 122, -834, 9, 
-322, -239, 82, 280, -202, -78, 317, -527, -273, 122, -829, 9, 
-322, -239, 82, 280, -202, -78, 322, -527, -273, 126, -829, 9, 
-312, -239, 73, 275, -192, -82, 331, -522, -273, 126, -829, 9, 
-312, -239, 73, 275, -192, -82, 341, -531, -278, 117, -834, 9, 
-322, -239, 82, 280, -202, -78, 336, -531, -283, 117, -839, 9, 
-326, -239, 87, 283, -207, -75, 336, -531, -287, 117, -844, 9, 
-326, -239, 87, 283, -207, -75, 336, -527, -292, 117, -849, 9, 
-322, -224, 97, 273, -209, -63, 346, -517, -278, 126, -844, 19, 
-322, -224, 97, 273, -209, -63, 346, -517, -273, 126, -839, 19, 
-331, -229, 102, 280, -217, -63, 346, -517, -263, 131, -829, 24, 
-322, -229, 92, 275, -207, -68, 346, -522, -258, 131, -819, 24, 
-307, -214, 92, 261, -200, -61, 341, -512, -263, 131, -829, 14, 
-307, -214, 92, 261, -200, -61, 336, -507, -268, 131, -829, 9, 
-312, -214, 97, 263, -204, -58, 331, -507, -273, 131, -829, 9, 
-317, -214, 102, 265, -209, -56, 326, -507, -278, 126, -829, 14, 
-326, -229, 97, 278, -212, -65, 317, -517, -278, 117, -844, 0, 
-326, -209, 117, 268, -222, -46, 317, -527, -287, 117, -834, 4, 
-307, -175, 131, 241, -219, -21, 317, -512, -283, 131, -824, 24, 
-307, -165, 141, 236, -224, -12, 312, -492, -258, 151, -805, 43, 
-312, -146, 165, 229, -239, 9, 326, -453, -200, 195, -780, 63, 
-331, -146, 185, 239, -258, 19, 336, -405, -131, 263, -722, 87, 
-331, -146, 185, 239, -258, 19, 312, -370, -68, 336, -663, 117, 
-302, -122, 180, 212, -241, 29, 287, -331, 9, 439, -580, 156, 
-239, -92, 146, 165, -192, 26, 248, -268, 117, 570, -448, 200, 
-204, -102, 102, 153, -153, 0, 170, -229, 214, 707, -322, 268, 
-185, -117, 68, 151, -126, -24, 63, -248, 278, 829, -195, 341, 
-141, -92, 48, 117, -95, -21, -24, -292, 322, 951, -43, 424, 
-73, -39, 34, 56, -53, -2, -82, -312, 390, 1093, 122, 527, 
-4, -9, -4, 7, 0, -7, -136, -248, 561, 1322, 322, 653, 
102, 39, -63, -70, 82, -12, -224, -151, 775, 1600, 566, 805, 
214, 102, -112, -158, 163, -4, -390, -141, 922, 1839, 810, 961, 
312, 195, -117, -253, 214, 39, -580, -195, 1019, 2039, 1029, 1112, 
405, 307, -97, -356, 251, 104, -736, -204, 1127, 2254, 1234, 1244, 
522, 424, -97, -473, 309, 163, -844, -185, 1254, 2459, 1424, 1351, 
614, 517, -97, -566, 356, 209, -961, -190, 1337, 2610, 1581, 1478, 
673, 541, -131, -607, 402, 204, -1063, -190, 1356, 2664, 1668, 1546, 
697, 458, -239, -578, 468, 109, -1117, -175, 1288, 2537, 1551, 1473, 
678, 292, -385, -485, 531, -46, -1146, -229, 1088, 2176, 1180, 1249, 
678, 122, -556, -400, 617, -217, -1161, -341, 775, 1668, 663, 956, 
673, -58, -732, -307, 702, -395, -1112, -536, 336, 1044, 73, 629, 
551, -244, -795, -153, 673, -519, -995, -849, -268, 322, -507, 312, 
380, -366, -746, -7, 563, -556, -878, -1200, -854, -287, -941, 92, 
248, -448, -697, 100, 473, -573, -785, -1366, -1132, -566, -1146, -39, 
146, -507, -653, 180, 400, -580, -683, -1337, -1137, -595, -1205, -112, 
102, -541, -644, 219, 373, -592, -610, -1307, -1127, -614, -1268, -185, 
102, -551, -653, 224, 378, -602, -551, -1322, -1151, -644, -1307, -229, 
68, -527, -595, 229, 331, -561, -478, -1268, -1107, -624, -1298, -219, 
9, -492, -502, 241, 256, -497, -380, -1161, -1000, -541, -1244, -190, 
-24, -473, -448, 248, 212, -461, -278, -1083, -902, -463, -1195, -170, 
-43, -434, -390, 239, 173, -412, -214, -1010, -824, -390, -1156, -141, 
-63, -390, -326, 226, 131, -358, -151, -922, -746, -312, -1102, -97, 
-87, -351, -263, 219, 87, -307, -82, -849, -668, -234, -1058, -73, 
-87, -292, -204, 190, 58, -248, 0, -810, -614, -165, -1015, -53, 
-102, -248, -146, 175, 21, -197, 87, -751, -546, -97, -961, -29, 
-165, -244, -78, 204, -43, -161, 161, -668, -473, -39, -922, -4, 
-229, -234, -4, 231, -112, -119, 219, -610, -424, 0, -902, 4, 
-253, -209, 43, 231, -148, -82, 253, -556, -385, 19, -888, 14, 
-253, -190, 63, 222, -158, -63, 297, -522, -341, 48, -873, 24, 
-248, -200, 48, 224, -148, -75, 317, -507, -322, 58, -878, 19, 
-239, -209, 29, 224, -134, -90, 307, -497, -312, 68, -883, 0, 
-248, -219, 29, 234, -139, -95, 307, -488, -302, 78, -888, -14, 
-253, -209, 43, 231, -148, -82, 326, -483, -292, 87, -883, -14, 
-253, -209, 43, 231, -148, -82, 326, -483, -292, 87, -883, -14, 
-263, -209, 53, 236, -158, -78, 326, -478, -287, 97, -883, -19, 
-268, -209, 58, 239, -163, -75, 331, -478, -287, 97, -883, -19, 
-292, -209, 82, 251, -187, -63, 331, -478, -283, 112, -878, -29, 
-287, -209, 78, 248, -183, -65, 336, -463, -278, 122, -873, -24, 
-297, -214, 82, 256, -190, -65, 341, -453, -268, 122, -858, -19, 
-312, -219, 92, 265, -202, -63, 341, -453, -268, 122, -854, -19, 
-302, -219, 82, 261, -192, -68, 346, -444, -253, 131, -854, -9, 
-302, -219, 82, 261, -192, -68, 346, -444, -253, 131, -849, -4, 
-302, -219, 82, 261, -192, -68, 346, -448, -258, 131, -839, 4, 
-307, -219, 87, 263, -197, -65, 346, -448, -258, 131, -829, 14, 
-322, -204, 117, 263, -219, -43, 346, -444, -248, 146, -819, 9, 
-331, -204, 126, 268, -229, -39, 346, -439, -248, 151, -819, 9, 
-331, -204, 126, 268, -229, -39, 351, -434, -244, 151, -819, 9, 
-331, -204, 126, 268, -229, -39, 351, -429, -239, 151, -819, 9, 
-331, -214, 117, 273, -224, -48, 366, -405, -229, 156, -819, 19, 
-326, -214, 112, 270, -219, -51, 366, -405, -229, 156, -819, 19, 
-326, -214, 112, 270, -219, -51, 366, -405, -229, 161, -819, 19, 
-326, -214, 112, 270, -219, -51, 361, -409, -229, 161, -819, 24, 
-322, -224, 97, 273, -209, -63, 356, -419, -239, 156, -824, 19, 
-317, -214, 102, 265, -209, -56, 351, -419, -244, 156, -829, 14, 
-317, -214, 102, 265, -209, -56, 346, -419, -244, 151, -829, 9, 
-312, -214, 97, 263, -204, -58, 346, -424, -244, 151, -834, 4, 
-317, -219, 97, 268, -207, -61, 336, -424, -253, 141, -839, -9, 
-317, -219, 97, 268, -207, -61, 341, -419, -253, 141, -839, -14, 
-312, -209, 102, 261, -207, -53, 346, -414, -248, 146, -844, -19, 
-312, -209, 102, 261, -207, -53, 346, -414, -239, 146, -854, -24, 
-331, -214, 117, 273, -224, -48, 346, -409, -239, 156, -844, -19, 
-331, -214, 117, 273, -224, -48, 346, -409, -239, 161, -844, -14, 
-322, -209, 112, 265, -217, -48, 351, -409, -239, 165, -844, -9, 
-322, -209, 112, 265, -217, -48, 356, -409, -244, 165, -844, -9, 
-322, -214, 107, 268, -214, -53, 346, -400, -234, 156, -834, 0, 
-322, -214, 107, 268, -214, -53, 346, -400, -234, 156, -829, 4, 
-326, -219, 107, 273, -217, -56, 346, -400, -229, 161, -829, 4, 
-336, -219, 117, 278, -226, -51, 351, -385, -229, 161, -829, 4, 
-336, -200, 136, 268, -236, -31, 361, -375, -239, 161, -829, 4, 
-336, -200, 136, 268, -236, -31, 356, -375, -239, 161, -829, 9, 
-341, -204, 136, 273, -239, -34, 356, -375, -229, 161, -819, 14, 
-341, -204, 136, 273, -239, -34, 366, -375, -229, 161, -819, 19, 
-317, -214, 102, 265, -209, -56, 366, -385, -239, 170, -824, 4, 
-312, -214, 97, 263, -204, -58, 366, -385, -234, 170, -834, 0, 
-312, -214, 97, 263, -204, -58, 366, -385, -234, 170, -844, -4, 
-307, -214, 92, 261, -200, -61, 361, -385, -239, 170, -849, -9, 
-307, -224, 82, 265, -195, -70, 361, -380, -229, 161, -849, -14, 
-312, -224, 87, 268, -200, -68, 361, -375, -229, 165, -849, -14, 
-317, -219, 97, 268, -207, -61, 361, -366, -219, 165, -849, -14, 
-326, -219, 107, 273, -217, -56, 361, -361, -219, 165, -849, -14, 
-326, -219, 107, 273, -217, -56, 361, -356, -224, 170, -839, -4, 
-322, -219, 102, 270, -212, -58, 366, -361, -224, 170, -834, -4, 
-322, -214, 107, 268, -214, -53, 370, -361, -219, 170, -834, -4, 
-322, -209, 112, 265, -217, -48, 370, -366, -219, 170, -834, 0, 
-317, -209, 107, 263, -212, -51, 361, -356, -204, 180, -834, -4, 
-317, -214, 102, 265, -209, -56, 351, -351, -204, 180, -834, -4, 
-326, -219, 107, 273, -217, -56, 341, -351, -200, 180, -834, -9, 
-317, -219, 97, 268, -207, -61, 331, -346, -200, 185, -834, -9, 
-307, -200, 107, 253, -207, -46, 341, -336, -190, 190, -834, -9, 
-307, -200, 107, 253, -207, -46, 341, -336, -190, 190, -834, -9, 
-312, -200, 112, 256, -212, -43, 341, -336, -190, 190, -834, -14, 
-312, -200, 112, 256, -212, -43, 346, -336, -180, 195, -834, -14, 
-312, -200, 112, 256, -212, -43, 356, -322, -175, 204, -824, 0, 
-312, -200, 112, 256, -212, -43, 370, -317, -175, 204, -819, 0, 
-312, -200, 112, 256, -212, -43, 380, -307, -170, 209, -814, 0, 
-317, -200, 117, 258, -217, -41, 390, -302, -165, 209, -814, -4, 
-317, -214, 102, 265, -209, -56, 385, -297, -165, 200, -824, -9, 
-317, -214, 102, 265, -209, -56, 385, -292, -161, 204, -824, -9, 
-312, -209, 102, 261, -207, -53, 390, -287, -156, 214, -824, -14, 
-312, -209, 102, 261, -207, -53, 400, -283, -151, 214, -824, -19, 
-317, -200, 117, 258, -217, -41, 395, -278, -151, 204, -814, -9, 
-322, -200, 122, 261, -222, -39, 395, -268, -146, 214, -814, -9, 
-322, -195, 126, 258, -224, -34, 405, -263, -136, 214, -814, -9, 
-326, -195, 131, 261, -229, -31, 405, -253, -136, 214, -814, -9, 
-322, -204, 117, 263, -219, -43, 395, -253, -141, 219, -824, -19, 
-312, -209, 102, 261, -207, -53, 395, -258, -136, 219, -824, -19, 
-302, -214, 87, 258, -195, -63, 395, -258, -131, 219, -824, -19, 
-287, -219, 68, 253, -178, -75, 400, -248, -126, 229, -824, -24, 
-307, -204, 102, 256, -204, -51, 419, -234, -107, 244, -814, -19, 
-317, -200, 117, 258, -217, -41, 419, -214, -97, 248, -814, -9, 
-326, -200, 126, 263, -226, -36, 424, -200, -82, 253, -819, -4, 
-341, -195, 146, 268, -244, -24, 434, -190, -68, 258, -819, 0, 
-331, -170, 161, 251, -246, -4, 424, -185, -68, 268, -829, -9, 
-317, -165, 151, 241, -234, -7, 424, -170, -68, 263, -824, -9, 
-307, -165, 141, 236, -224, -12, 424, -170, -73, 263, -824, -9, 
-297, -165, 131, 231, -214, -17, 429, -165, -73, 268, -819, -9, 
-317, -175, 141, 246, -229, -17, 439, -141, -48, 273, -805, 0, 
-317, -170, 146, 244, -231, -12, 448, -126, -39, 283, -800, 0, 
-326, -170, 156, 248, -241, -7, 458, -107, -14, 292, -795, 0, 
-341, -170, 170, 256, -256, 0, 473, -87, 0, 312, -785, 0, 
-336, -185, 151, 261, -244, -17, 473, -78, 0, 307, -800, 9, 
-331, -185, 146, 258, -239, -19, 473, -78, 4, 302, -805, 9, 
-317, -175, 141, 246, -229, -17, 473, -73, 9, 292, -810, 9, 
-312, -175, 136, 244, -224, -19, 478, -68, 9, 283, -814, 9, 
-317, -161, 156, 239, -236, -2, 473, -63, 9, 283, -829, -4, 
-322, -161, 161, 241, -241, 0, 473, -53, 14, 287, -829, -9, 
-326, -161, 165, 244, -246, 2, 473, -43, 19, 292, -829, -14, 
-326, -161, 165, 244, -246, 2, 478, -34, 34, 292, -829, -19, 
-307, -161, 146, 234, -226, -7, 492, -9, 43, 312, -814, -9, 
-312, -161, 151, 236, -231, -4, 497, 0, 53, 317, -810, -9, 
-307, -161, 146, 234, -226, -7, 512, 14, 63, 322, -805, -9, 
-297, -161, 136, 229, -217, -12, 522, 29, 82, 336, -800, -4, 
-287, -170, 117, 229, -202, -26, 517, 34, 73, 336, -810, -4, 
-287, -165, 122, 226, -204, -21, 517, 34, 73, 331, -814, -4, 
-292, -165, 126, 229, -209, -19, 522, 29, 73, 317, -819, -4, 
-302, -161, 141, 231, -222, -9, 527, 24, 78, 312, -824, -4, 
-312, -161, 151, 236, -231, -4, 522, 24, 73, 292, -829, -9, 
-307, -161, 146, 234, -226, -7, 517, 24, 68, 287, -844, -14, 
-302, -161, 141, 231, -222, -9, 512, 29, 63, 287, -849, -19, 
-302, -165, 136, 234, -219, -14, 512, 29, 58, 283, -854, -24, 
-302, -161, 141, 231, -222, -9, 522, 39, 63, 283, -849, -29, 
-302, -161, 141, 231, -222, -9, 522, 39, 63, 283, -854, -34, 
-297, -156, 141, 226, -219, -7, 527, 39, 63, 287, -854, -34, 
-292, -156, 136, 224, -214, -9, 527, 34, 63, 287, -858, -34, 
-302, -161, 141, 231, -222, -9, 527, 24, 43, 287, -858, -29, 
-302, -156, 146, 229, -224, -4, 527, 9, 34, 283, -858, -34, 
-302, -156, 146, 229, -224, -4, 527, 9, 29, 283, -854, -34, 
-302, -156, 146, 229, -224, -4, 527, 9, 29, 283, -844, -34, 
-292, -156, 136, 224, -214, -9, 527, 14, 29, 278, -854, -19, 
-302, -161, 141, 231, -222, -9, 527, 14, 29, 273, -854, -19, 
-302, -170, 131, 236, -217, -19, 522, 14, 24, 263, -863, -29, 
-297, -175, 122, 236, -209, -26, 527, 14, 29, 263, -854, -19, 
-297, -170, 126, 234, -212, -21, 541, 4, 24, 273, -854, -24, 
-297, -165, 131, 231, -214, -17, 541, -4, 24, 273, -854, -24, 
-297, -161, 136, 229, -217, -12, 541, -19, 9, 273, -854, -29, 
-297, -151, 146, 224, -222, -2, 531, -29, -4, 273, -854, -29, 
-302, -161, 141, 231, -222, -9, 522, -39, -29, 263, -873, -29, 
-307, -161, 146, 234, -226, -7, 517, -53, -39, 244, -873, -29, 
-312, -161, 151, 236, -231, -4, 507, -68, -43, 239, -873, -29, 
-317, -161, 156, 239, -236, -2, 497, -78, -53, 229, -863, -24, 
-312, -161, 151, 236, -231, -4, 473, -107, -68, 224, -863, -24, 
-302, -161, 141, 231, -222, -9, 468, -126, -78, 224, -863, -24, 
-292, -161, 131, 226, -212, -14, 463, -141, -82, 224, -858, -24, 
-273, -161, 112, 217, -192, -24, 463, -146, -87, 219, -849, -19, 
-283, -165, 117, 224, -200, -24, 463, -151, -87, 219, -839, -9, 
-287, -175, 112, 231, -200, -31, 453, -165, -97, 219, -839, -14, 
-297, -175, 122, 236, -209, -26, 444, -170, -122, 214, -844, -14, 
-302, -180, 122, 241, -212, -29, 434, -175, -126, 209, -844, -14, 
-307, -170, 136, 239, -222, -17, 439, -190, -141, 200, -854, -24, 
-307, -175, 131, 241, -219, -21, 429, -209, -156, 195, -854, -24, 
-312, -180, 131, 246, -222, -24, 429, -219, -165, 195, -854, -24, 
-317, -180, 136, 248, -226, -21, 429, -234, -165, 195, -849, -24, 
-307, -165, 141, 236, -224, -12, 414, -244, -170, 185, -858, -19, 
-307, -161, 146, 234, -226, -7, 405, -258, -180, 180, -858, -24, 
-312, -161, 151, 236, -231, -4, 395, -273, -195, 175, -858, -29, 
-312, -165, 146, 239, -229, -9, 390, -292, -214, 170, -858, -34, 
-302, -185, 117, 244, -209, -34, 375, -302, -229, 175, -844, -29, 
-302, -190, 112, 246, -207, -39, 366, -307, -239, 175, -844, -29, 
-302, -190, 112, 246, -207, -39, 366, -317, -244, 170, -839, -29, 
-302, -195, 107, 248, -204, -43, 366, -322, -248, 156, -834, -29, 
-317, -209, 107, 263, -212, -51, 370, -326, -248, 156, -844, -19, 
-317, -209, 107, 263, -212, -51, 375, -331, -253, 156, -839, -19, 
-317, -209, 107, 263, -212, -51, 375, -336, -253, 156, -839, -19, 
-317, -209, 107, 263, -212, -51, 370, -346, -258, 161, -839, -24, 
-326, -214, 112, 270, -219, -51, 361, -341, -268, 156, -844, -29, 
-336, -219, 117, 278, -226, -51, 351, -346, -278, 151, -849, -34, 
-326, -219, 107, 273, -217, -56, 351, -361, -278, 146, -858, -43, 
-326, -219, 107, 273, -217, -56, 351, -361, -278, 131, -863, -48, 
-322, -204, 117, 263, -219, -43, 346, -366, -283, 131, -863, -48, 
-317, -204, 112, 261, -214, -46, 346, -370, -292, 126, -863, -48, 
-317, -209, 107, 263, -212, -51, 341, -380, -302, 126, -863, -48, 
-312, -209, 102, 261, -207, -53, 336, -385, -317, 126, -863, -53, 
-322, -204, 117, 263, -219, -43, 346, -380, -312, 136, -849, -43, 
-322, -204, 117, 263, -219, -43, 346, -385, -307, 136, -849, -48, 
-322, -214, 107, 268, -214, -53, 346, -385, -302, 136, -849, -48, 
-322, -224, 97, 273, -209, -63, 336, -390, -302, 126, -854, -48, 
-307, -234, 73, 270, -190, -80, 326, -400, -312, 112, -858, -58, 
-302, -234, 68, 268, -185, -82, 331, -400, -317, 112, -854, -58, 
-302, -229, 73, 265, -187, -78, 336, -400, -317, 112, -849, -53, 
-326, -229, 97, 278, -212, -65, 336, -405, -322, 112, -844, -48, 
-341, -219, 122, 280, -231, -48, 346, -395, -307, 122, -834, -34, 
-351, -219, 131, 285, -241, -43, 346, -390, -307, 122, -834, -29, 
-351, -209, 141, 280, -246, -34, 346, -385, -307, 126, -839, -24, 
-366, -209, 156, 287, -261, -26, 346, -375, -302, 131, -839, -19, 
-366, -219, 146, 292, -256, -36, 346, -375, -312, 131, -844, -24, 
-361, -224, 136, 292, -248, -43, 346, -375, -317, 126, -849, -29, 
-351, -224, 126, 287, -239, -48, 346, -380, -322, 122, -858, -39, 
-341, -224, 117, 283, -229, -53, 346, -390, -322, 112, -868, -48, 
-346, -214, 131, 280, -239, -41, 356, -400, -322, 112, -868, -58, 
-336, -214, 122, 275, -229, -46, 356, -395, -322, 107, -873, -58, 
-326, -214, 112, 270, -219, -51, 356, -395, -326, 107, -873, -58, 
-326, -209, 117, 268, -222, -46, 356, -395, -326, 107, -868, -58, 
-326, -209, 117, 268, -222, -46, 356, -385, -322, 107, -878, -48, 
-346, -204, 141, 275, -244, -31, 356, -385, -322, 107, -878, -48, 
-346, -204, 141, 275, -244, -31, 356, -385, -322, 102, -883, -48, 
-346, -214, 131, 280, -239, -41, 356, -385, -326, 97, -883, -48, 
-346, -214, 131, 280, -239, -41, 356, -395, -331, 87, -893, -58, 
-346, -209, 136, 278, -241, -36, 356, -395, -331, 92, -888, -63, 
-341, -209, 131, 275, -236, -39, 361, -395, -336, 92, -888, -68, 
-341, -209, 131, 275, -236, -39, 361, -395, -346, 87, -893, -73, 
-341, -209, 131, 275, -236, -39, 351, -385, -336, 97, -883, -63, 
-341, -204, 136, 273, -239, -34, 351, -385, -336, 97, -878, -58, 
-341, -200, 141, 270, -241, -29, 351, -385, -331, 102, -878, -58, 
-336, -200, 136, 268, -236, -31, 351, -390, -331, 102, -878, -58, 
-341, -200, 141, 270, -241, -29, 361, -380, -331, 92, -868, -53, 
-341, -200, 141, 270, -241, -29, 361, -375, -331, 92, -868, -48, 
-346, -200, 146, 273, -246, -26, 361, -370, -326, 92, -868, -43, 
-356, -195, 161, 275, -258, -17, 361, -366, -322, 87, -868, -39, 
-351, -195, 156, 273, -253, -19, 370, -380, -331, 97, -878, -53, 
-346, -195, 151, 270, -248, -21, 375, -380, -331, 97, -878, -58, 
-341, -200, 141, 270, -241, -29, 380, -380, -331, 97, -878, -63, 
-331, -200, 131, 265, -231, -34, 385, -385, -326, 97, -873, -68, 
-326, -180, 146, 253, -236, -17, 390, -380, -322, 117, -883, -78, 
-326, -180, 146, 253, -236, -17, 385, -375, -317, 117, -878, -73, 
-336, -180, 156, 258, -246, -12, 380, -370, -312, 122, -878, -73, 
-336, -180, 156, 258, -246, -12, 375, -366, -312, 126, -873, -73, 
-356, -185, 170, 270, -263, -7, 375, -361, -307, 141, -858, -58, 
-366, -185, 180, 275, -273, -2, 380, -356, -302, 141, -849, -48, 
-370, -175, 195, 273, -283, 9, 385, -351, -297, 141, -839, -39, 
-380, -175, 204, 278, -292, 14, 385, -346, -292, 141, -819, -24, 
-366, -175, 190, 270, -278, 7, 370, -351, -307, 131, -829, -34, 
-351, -175, 175, 263, -263, 0, 366, -356, -307, 131, -829, -34, 
-336, -175, 161, 256, -248, -7, 361, -361, -302, 136, -829, -24, 
-322, -165, 156, 244, -239, -4, 356, -366, -302, 136, -829, -24, 
-322, -175, 146, 248, -234, -14, 366, -375, -302, 126, -834, -24, 
-322, -175, 146, 248, -234, -14, 356, -375, -302, 126, -839, -24, 
-322, -180, 141, 251, -231, -19, 356, -375, -302, 131, -839, -24, 
-331, -180, 151, 256, -241, -14, 356, -375, -297, 136, -844, -24, 
-322, -165, 156, 244, -239, -4, 356, -370, -302, 122, -844, -34, 
-322, -165, 156, 244, -239, -4, 356, -366, -307, 122, -844, -39, 
-336, -170, 165, 253, -251, -2, 351, -361, -307, 122, -839, -43, 
-326, -170, 156, 248, -241, -7, 351, -356, -312, 117, -839, -48, 
-326, -165, 161, 246, -244, -2, 361, -361, -312, 122, -834, -39, 
-331, -161, 170, 246, -251, 4, 356, -361, -307, 131, -834, -39, 
-336, -161, 175, 248, -256, 7, 356, -361, -302, 136, -829, -39, 
-346, -170, 175, 258, -261, 2, 356, -370, -292, 141, -829, -39, 
-346, -180, 165, 263, -256, -7, 351, -370, -292, 136, -814, -29, 
-351, -180, 170, 265, -261, -4, 351, -370, -297, 136, -814, -29, 
-336, -175, 161, 256, -248, -7, 346, -370, -302, 136, -814, -29, 
-331, -175, 156, 253, -244, -9, 336, -375, -312, 131, -814, -24, 
-331, -190, 141, 261, -236, -24, 346, -366, -322, 122, -819, -34, 
-331, -190, 141, 261, -236, -24, 341, -366, -322, 122, -824, -34, 
-331, -175, 156, 253, -244, -9, 341, -366, -322, 117, -829, -34, 
-331, -175, 156, 253, -244, -9, 341, -366, -322, 117, -834, -29, 
-322, -165, 156, 244, -239, -4, 326, -375, -336, 126, -834, -39, 
-322, -180, 141, 251, -231, -19, 326, -385, -336, 122, -834, -39, 
-326, -180, 146, 253, -236, -17, 326, -390, -336, 122, -834, -39, 
-326, -180, 146, 253, -236, -17, 331, -395, -336, 126, -834, -43, 
-322, -170, 151, 246, -236, -9, 341, -385, -331, 136, -824, -43, 
-322, -170, 151, 246, -236, -9, 331, -385, -331, 126, -824, -39, 
-326, -175, 151, 251, -239, -12, 331, -385, -331, 126, -824, -39, 
-326, -175, 151, 251, -239, -12, 331, -385, -331, 126, -824, -39, 
-322, -161, 161, 241, -241, 0, 331, -395, -331, 117, -839, -48, 
-322, -161, 161, 241, -241, 0, 331, -395, -336, 117, -844, -48, 
-322, -165, 156, 244, -239, -4, 331, -395, -336, 117, -849, -48, 
-322, -165, 156, 244, -239, -4, 331, -390, -336, 117, -854, -48, 
-317, -170, 146, 244, -231, -12, 326, -400, -341, 112, -863, -58, 
-312, -170, 141, 241, -226, -14, 322, -405, -351, 107, -868, -58, 
-302, -175, 126, 239, -214, -24, 317, -414, -356, 102, -868, -58, 
-297, -180, 117, 239, -207, -31, 312, -414, -361, 97, -868, -63, 
-326, -170, 156, 248, -241, -7, 312, -405, -346, 107, -854, -53, 
-346, -175, 170, 261, -258, -2, 317, -395, -341, 117, -839, -43, 
-366, -175, 190, 270, -278, 7, 326, -385, -331, 126, -824, -34, 
-380, -175, 204, 278, -292, 14, 336, -375, -326, 131, -810, -24, 
-356, -175, 180, 265, -268, 2, 326, -385, -331, 131, -819, -24, 
-356, -180, 175, 268, -265, -2, 326, -390, -336, 131, -814, -24, 
-370, -180, 190, 275, -280, 4, 326, -390, -336, 131, -810, -24, 
-375, -180, 195, 278, -285, 7, 331, -395, -331, 131, -810, -24, 
-366, -180, 185, 273, -275, 2, 322, -385, -341, 122, -819, -34, 
-361, -180, 180, 270, -270, 0, 322, -390, -346, 122, -824, -34, 
-351, -180, 170, 265, -261, -4, 317, -390, -346, 122, -834, -39, 
-341, -180, 161, 261, -251, -9, 317, -390, -346, 122, -834, -39, 
-326, -170, 156, 248, -241, -7, 312, -390, -346, 112, -844, -43, 
-326, -161, 165, 244, -246, 2, 307, -395, -346, 107, -849, -43, 
-326, -156, 170, 241, -248, 7, 307, -400, -346, 97, -849, -43, 
-331, -151, 180, 241, -256, 14, 297, -400, -346, 87, -854, -43, 
-331, -161, 170, 246, -251, 4, 312, -400, -356, 97, -854, -43, 
-331, -151, 180, 241, -256, 14, 341, -385, -351, 107, -849, -43, 
-331, -141, 190, 236, -261, 24, 370, -375, -341, 122, -839, -34, 
-341, -136, 204, 239, -273, 34, 370, -370, -341, 136, -829, -29, 
-341, -146, 195, 244, -268, 24, 375, -380, -341, 126, -839, -39, 
-341, -146, 195, 244, -268, 24, 380, -380, -341, 126, -839, -39, 
-341, -146, 195, 244, -268, 24, 385, -380, -341, 126, -839, -39, 
-341, -146, 195, 244, -268, 24, 390, -380, -341, 126, -839, -39, 
-331, -141, 190, 236, -261, 24, 390, -380, -331, 131, -824, -43, 
-331, -146, 185, 239, -258, 19, 390, -370, -326, 131, -824, -43, 
-331, -151, 180, 241, -256, 14, 390, -370, -326, 126, -824, -43, 
-331, -161, 170, 246, -251, 4, 385, -370, -326, 117, -824, -43, 
-331, -161, 170, 246, -251, 4, 380, -361, -326, 126, -814, -34, 
-326, -161, 165, 244, -246, 2, 380, -361, -326, 131, -810, -39, 
-317, -161, 156, 239, -236, -2, 380, -366, -322, 131, -810, -39, 
-326, -161, 165, 244, -246, 2, 375, -366, -322, 126, -814, -39, 
-322, -151, 170, 236, -246, 9, 380, -366, -317, 126, -814, -39, 
-322, -141, 180, 231, -251, 19, 375, -366, -322, 131, -810, -39, 
-317, -141, 175, 229, -246, 17, 366, -375, -322, 131, -810, -39, 
-317, -141, 175, 229, -246, 17, 351, -380, -326, 126, -814, -39, 
-312, -151, 161, 231, -236, 4, 336, -385, -341, 112, -814, -39, 
-317, -151, 165, 234, -241, 7, 326, -395, -351, 112, -819, -39, 
-322, -151, 170, 236, -246, 9, 322, -395, -351, 112, -819, -39, 
-326, -151, 175, 239, -251, 12, 312, -400, -351, 112, -814, -39, 
-331, -146, 185, 239, -258, 19, 312, -390, -351, 117, -805, -39, 
-326, -146, 180, 236, -253, 17, 312, -395, -351, 112, -805, -39, 
-331, -146, 185, 239, -258, 19, 302, -405, -356, 117, -810, -39, 
-326, -146, 180, 236, -253, 17, 302, -405, -356, 122, -810, -39, 
-302, -136, 165, 219, -234, 14, 283, -419, -366, 117, -814, -48, 
-292, -136, 156, 214, -224, 9, 278, -424, -375, 112, -814, -43, 
-297, -141, 156, 219, -226, 7, 268, -424, -375, 107, -814, -34, 
-302, -146, 156, 224, -229, 4, 263, -424, -375, 102, -810, -34, 
-317, -151, 165, 234, -241, 7, 253, -429, -390, 87, -814, -34, 
-307, -146, 161, 226, -234, 7, 253, -429, -390, 82, -819, -34, 
-302, -136, 165, 219, -234, 14, 253, -429, -390, 82, -824, -34, 
-302, -131, 170, 217, -236, 19, 244, -434, -395, 82, -834, -34, 
-302, -136, 165, 219, -234, 14, 244, -429, -385, 82, -834, -43, 
-302, -136, 165, 219, -234, 14, 244, -429, -380, 87, -834, -48, 
-312, -131, 180, 222, -246, 24, 253, -424, -380, 87, -834, -53, 
-302, -131, 170, 217, -236, 19, 253, -424, -380, 87, -834, -58, 
-297, -136, 161, 217, -229, 12, 258, -424, -385, 97, -824, -48, 
-317, -141, 175, 229, -246, 17, 273, -419, -385, 97, -824, -48, 
-322, -146, 175, 234, -248, 14, 273, -419, -385, 97, -819, -48, 
-326, -151, 175, 239, -251, 12, 273, -419, -385, 97, -819, -48, 
-336, -146, 190, 241, -263, 21, 283, -409, -375, 92, -819, -48, 
-336, -146, 190, 241, -263, 21, 283, -409, -375, 92, -819, -48, 
-336, -161, 175, 248, -256, 7, 283, -409, -375, 92, -819, -48, 
-336, -161, 175, 248, -256, 7, 283, -409, -375, 92, -819, -48, 
-331, -175, 156, 253, -244, -9, 283, -419, -375, 92, -819, -58, 
-326, -180, 146, 253, -236, -17, 278, -419, -375, 92, -819, -58, 
-322, -180, 141, 251, -231, -19, 273, -419, -375, 92, -819, -58, 
-322, -175, 146, 248, -234, -14, 273, -424, -375, 92, -824, -58, 
-322, -165, 156, 244, -239, -4, 273, -424, -385, 92, -819, -53, 
-322, -165, 156, 244, -239, -4, 278, -424, -385, 92, -819, -58, 
-317, -165, 151, 241, -234, -7, 278, -419, -385, 92, -819, -53, 
-322, -165, 156, 244, -239, -4, 278, -419, -385, 92, -819, -48, 
-317, -175, 141, 246, -229, -17, 268, -429, -400, 73, -829, -63, 
-307, -175, 131, 241, -219, -21, 268, -434, -400, 68, -839, -73, 
-302, -165, 136, 234, -219, -14, 273, -434, -400, 53, -849, -78, 
-297, -175, 122, 236, -209, -26, 278, -429, -405, 48, -863, -82, 
-331, -190, 141, 261, -236, -24, 292, -419, -400, 63, -849, -78, 
-361, -195, 165, 278, -263, -14, 302, -409, -395, 73, -839, -78, 
-390, -200, 190, 295, -290, -4, 312, -405, -390, 73, -834, -78, 
-419, -200, 219, 309, -319, 9, 322, -405, -390, 82, -824, -78, 
-395, -200, 195, 297, -295, -2, 302, -414, -390, 68, -839, -78, 
-385, -200, 185, 292, -285, -7, 297, -419, -395, 68, -839, -73, 
-375, -204, 170, 290, -273, -17, 292, -424, -395, 58, -849, -68, 
-366, -204, 161, 285, -263, -21, 287, -424, -405, 68, -839, -63, 
-356, -195, 161, 275, -258, -17, 302, -429, -400, 63, -844, -78, 
-356, -195, 161, 275, -258, -17, 302, -429, -400, 58, -849, -82, 
-370, -195, 175, 283, -273, -9, 302, -429, -405, 53, -854, -92, 
-361, -195, 165, 278, -263, -14, 297, -429, -414, 48, -858, -102, 
-351, -185, 165, 268, -258, -9, 302, -419, -405, 58, -854, -97, 
-356, -185, 170, 270, -263, -7, 307, -414, -405, 53, -854, -92, 
-356, -185, 170, 270, -263, -7, 312, -414, -405, 53, -854, -87, 
-356, -190, 165, 273, -261, -12, 317, -414, -405, 53, -854, -87, 
-366, -190, 175, 278, -270, -7, 312, -419, -409, 53, -844, -73, 
-370, -190, 180, 280, -275, -4, 307, -419, -409, 53, -839, -68, 
-370, -190, 180, 280, -275, -4, 302, -424, -409, 58, -839, -63, 
-361, -190, 170, 275, -265, -9, 302, -424, -409, 58, -839, -58, 
-356, -190, 165, 273, -261, -12, 292, -424, -419, 43, -844, -73, 
-361, -190, 170, 275, -265, -9, 287, -424, -419, 39, -849, -78, 
-361, -190, 170, 275, -265, -9, 287, -424, -419, 34, -854, -82, 
-356, -190, 165, 273, -261, -12, 287, -419, -419, 29, -858, -87, 
-351, -185, 165, 268, -258, -9, 297, -419, -419, 34, -849, -78, 
-351, -185, 165, 268, -258, -9, 297, -419, -419, 39, -849, -78, 
-361, -190, 170, 275, -265, -9, 297, -419, -414, 48, -844, -73, 
-351, -190, 161, 270, -256, -14, 297, -424, -414, 53, -839, -73, 
-346, -190, 156, 268, -251, -17, 307, -419, -400, 58, -829, -73, 
-346, -195, 151, 270, -248, -21, 307, -409, -395, 63, -829, -78, 
-351, -200, 151, 275, -251, -24, 307, -405, -390, 68, -829, -78, 
-356, -204, 151, 280, -253, -26, 307, -400, -385, 68, -829, -73, 
-356, -190, 165, 273, -261, -12, 317, -400, -385, 78, -824, -78, 
-356, -180, 175, 268, -265, -2, 317, -400, -385, 68, -824, -73, 
-346, -165, 180, 256, -263, 7, 307, -395, -380, 63, -824, -73, 
-346, -146, 200, 246, -273, 26, 302, -375, -366, 92, -814, -63, 
-361, -136, 224, 248, -292, 43, 307, -336, -326, 126, -771, -34, 
-361, -117, 244, 239, -302, 63, 307, -297, -268, 195, -722, 0, 
-370, -107, 263, 239, -317, 78, 312, -253, -204, 268, -663, 48, 
-380, -102, 278, 241, -329, 87, 307, -224, -136, 341, -590, 87, 
-366, -112, 253, 239, -309, 70, 268, -200, -48, 453, -488, 131, 
-312, -102, 209, 207, -261, 53, 200, -190, 29, 570, -361, 190, 
-244, -78, 165, 161, -204, 43, 131, -229, 63, 692, -224, 253, 
-190, -63, 126, 126, -158, 31, 43, -322, 58, 785, -92, 326, 
-151, -48, 102, 100, -126, 26, -24, -390, 78, 897, 53, 429, 
-92, -9, 82, 51, -87, 36, -78, -366, 190, 1088, 253, 556, 
14, 39, 24, -26, -4, 31, -165, -287, 366, 1346, 497, 697, 
136, 112, -24, -124, 80, 43, -302, -278, 502, 1595, 751, 854, 
234, 214, -19, -224, 126, 97, -483, -322, 600, 1795, 990, 1024, 
317, 307, -9, -312, 163, 148, -668, -370, 688, 1991, 1195, 1185, 
395, 395, 0, -395, 197, 197, -814, -400, 775, 2196, 1385, 1302, 
478, 507, 29, -492, 224, 268, -912, -424, 858, 2366, 1571, 1429, 
575, 580, 4, -578, 285, 292, -985, -434, 897, 2440, 1659, 1498, 
610, 497, -112, -553, 361, 192, -1039, -429, 829, 2313, 1542, 1405, 
580, 302, -278, -441, 429, 12, -1078, -453, 649, 1991, 1190, 1161, 
522, 122, -400, -322, 461, -139, -1083, -527, 395, 1542, 702, 868, 
468, -48, -517, -209, 492, -283, -1034, -644, 34, 976, 122, 551, 
385, -214, -600, -85, 492, -407, -956, -878, -483, 273, -488, 224, 
273, -346, -619, 36, 446, -483, -868, -1171, -1039, -366, -980, -43, 
190, -439, -629, 124, 409, -534, -824, -1376, -1366, -722, -1234, -195, 
136, -507, -644, 185, 390, -575, -751, -1376, -1420, -790, -1322, -278, 
102, -531, -634, 214, 368, -583, -649, -1307, -1361, -771, -1337, -312, 
63, -502, -566, 219, 314, -534, -551, -1273, -1327, -761, -1327, -317, 
19, -497, -517, 239, 268, -507, -458, -1210, -1263, -722, -1307, -317, 
-29, -483, -453, 256, 212, -468, -361, -1102, -1176, -658, -1283, -307, 
-82, -453, -370, 268, 143, -412, -287, -1005, -1088, -570, -1254, -278, 
-102, -414, -312, 258, 104, -363, -234, -932, -1000, -497, -1195, -248, 
-112, -370, -258, 241, 73, -314, -180, -854, -902, -409, -1141, -204, 
-126, -312, -185, 219, 29, -248, -112, -780, -824, -331, -1088, -170, 
-165, -283, -117, 224, -24, -200, -48, -732, -761, -283, -1044, -161, 
-200, -268, -68, 234, -65, -168, 19, -683, -702, -234, -1019, -146, 
-195, -234, -39, 214, -78, -136, 92, -629, -649, -185, -980, -122, 
-180, -204, -24, 192, -78, -114, 161, -570, -610, -156, -961, -131, 
-175, -209, -34, 192, -70, -122, 214, -527, -580, -136, -956, -141, 
-214, -209, 4, 212, -109, -102, 248, -473, -536, -97, -941, -122, 
-287, -209, 78, 248, -183, -65, 278, -409, -478, -48, -897, -97, 
-346, -209, 136, 278, -241, -36, 297, -370, -429, -9, -863, -78, 
-405, -200, 204, 302, -305, 2, 317, -331, -390, 29, -839, -53, 
-400, -200, 200, 300, -300, 0, 322, -341, -390, 39, -839, -58, 
-390, -200, 190, 295, -290, -4, 317, -346, -390, 39, -844, -63, 
-390, -200, 190, 295, -290, -4, 312, -346, -385, 48, -849, -73, 
-385, -200, 185, 292, -285, -7, 312, -351, -385, 48, -854, -78, 
-395, -195, 200, 295, -297, 2, 322, -361, -390, 48, -854, -78, 
-375, -190, 185, 283, -280, -2, 326, -346, -385, 53, -854, -73, 
-370, -190, 180, 280, -275, -4, 331, -336, -375, 48, -844, -68, 
-370, -190, 180, 280, -275, -4, 331, -336, -375, 43, -844, -68, 
-356, -185, 170, 270, -263, -7, 322, -336, -380, 34, -858, -73, 
-351, -180, 170, 265, -261, -4, 317, -336, -380, 34, -858, -82, 
-346, -175, 170, 261, -258, -2, 312, -341, -385, 34, -854, -87, 
-346, -170, 175, 258, -261, 2, 307, -341, -385, 34, -849, -92, 
-361, -170, 190, 265, -275, 9, 312, -341, -375, 39, -849, -87, 
-370, -175, 195, 273, -283, 9, 317, -341, -375, 43, -849, -87, 
-370, -180, 190, 275, -280, 4, 326, -341, -370, 43, -849, -87, 
-370, -185, 185, 278, -278, 0, 331, -341, -366, 43, -849, -87, 
-361, -195, 165, 278, -263, -14, 326, -317, -361, 39, -849, -97, 
-356, -195, 161, 275, -258, -17, 326, -317, -366, 39, -849, -97, 
-356, -195, 161, 275, -258, -17, 326, -317, -370, 43, -849, -97, 
-356, -195, 161, 275, -258, -17, 322, -322, -375, 43, -849, -92, 
-356, -195, 161, 275, -258, -17, 312, -326, -375, 48, -849, -82, 
-356, -185, 170, 270, -263, -7, 312, -331, -380, 48, -849, -82, 
-361, -185, 175, 273, -268, -4, 312, -336, -380, 43, -844, -82, 
-361, -185, 175, 273, -268, -4, 317, -346, -380, 43, -844, -82, 
-366, -190, 175, 278, -270, -7, 326, -336, -375, 48, -839, -78, 
-366, -190, 175, 278, -270, -7, 331, -322, -370, 53, -829, -73, 
-361, -180, 180, 270, -270, 0, 336, -307, -361, 63, -824, -68, 
-361, -180, 180, 270, -270, 0, 336, -297, -346, 68, -824, -63, 
-366, -185, 180, 275, -273, -2, 331, -302, -346, 68, -824, -63, 
-361, -185, 175, 273, -268, -4, 326, -302, -346, 73, -824, -63, 
-346, -180, 165, 263, -256, -7, 326, -302, -346, 78, -824, -63, 
-341, -180, 161, 261, -251, -9, 326, -302, -351, 78, -824, -68, 
-356, -185, 170, 270, -263, -7, 326, -312, -351, 68, -834, -78, 
-361, -185, 175, 273, -268, -4, 326, -312, -351, 68, -829, -73, 
-370, -190, 180, 280, -275, -4, 326, -312, -346, 73, -829, -73, 
-385, -190, 195, 287, -290, 2, 331, -297, -346, 73, -829, -73, 
-375, -180, 195, 278, -285, 7, 331, -287, -346, 73, -819, -78, 
-375, -180, 195, 278, -285, 7, 326, -287, -346, 73, -819, -78, 
-380, -185, 195, 283, -287, 4, 326, -287, -336, 73, -810, -78, 
-380, -185, 195, 283, -287, 4, 336, -287, -336, 73, -810, -78, 
-366, -195, 170, 280, -268, -12, 322, -297, -341, 63, -810, -78, 
-361, -195, 165, 278, -263, -14, 317, -297, -341, 63, -814, -78, 
-361, -195, 165, 278, -263, -14, 312, -297, -346, 63, -819, -78, 
-356, -195, 161, 275, -258, -17, 302, -297, -356, 63, -819, -78, 
-341, -200, 141, 270, -241, -29, 292, -287, -346, 63, -819, -82, 
-341, -195, 146, 268, -244, -24, 292, -287, -346, 68, -819, -82, 
-341, -185, 156, 263, -248, -14, 292, -283, -336, 68, -819, -82, 
-346, -180, 165, 263, -256, -7, 292, -283, -336, 68, -819, -82, 
-351, -180, 170, 265, -261, -4, 302, -273, -331, 82, -810, -82, 
-351, -180, 170, 265, -261, -4, 317, -273, -331, 82, -805, -82, 
-356, -175, 180, 265, -268, 2, 331, -268, -326, 82, -805, -82, 
-361, -170, 190, 265, -275, 9, 341, -268, -326, 82, -805, -78, 
-356, -180, 175, 268, -265, -2, 341, -268, -322, 82, -814, -73, 
-356, -185, 170, 270, -263, -7, 341, -263, -322, 82, -814, -73, 
-366, -190, 175, 278, -270, -7, 341, -263, -317, 82, -814, -78, 
-356, -190, 165, 273, -261, -12, 341, -258, -317, 87, -814, -78, 
-346, -170, 175, 258, -261, 2, 331, -248, -307, 82, -814, -68, 
-346, -170, 175, 258, -261, 2, 331, -248, -307, 82, -814, -68, 
-351, -170, 180, 261, -265, 4, 331, -248, -307, 82, -814, -73, 
-351, -170, 180, 261, -265, 4, 336, -248, -297, 87, -814, -73, 
-346, -180, 165, 263, -256, -7, 326, -239, -297, 87, -819, -73, 
-341, -180, 161, 261, -251, -9, 331, -239, -302, 87, -819, -78, 
-336, -180, 156, 258, -246, -12, 331, -234, -302, 92, -819, -82, 
-336, -180, 156, 258, -246, -12, 331, -234, -302, 92, -824, -92, 
-351, -185, 165, 268, -258, -9, 341, -224, -297, 102, -819, -82, 
-356, -185, 170, 270, -263, -7, 346, -214, -287, 107, -814, -78, 
-356, -180, 175, 268, -265, -2, 356, -204, -278, 117, -810, -78, 
-361, -180, 180, 270, -270, 0, 370, -195, -268, 117, -805, -78, 
-366, -180, 185, 273, -275, 2, 366, -190, -248, 126, -800, -68, 
-370, -180, 190, 275, -280, 4, 366, -180, -244, 136, -795, -68, 
-370, -175, 195, 273, -283, 9, 375, -175, -234, 136, -790, -68, 
-375, -175, 200, 275, -287, 12, 375, -165, -234, 136, -785, -68, 
-370, -170, 200, 270, -285, 14, 366, -170, -239, 131, -795, -68, 
-370, -170, 200, 270, -285, 14, 366, -170, -234, 131, -795, -68, 
-370, -170, 200, 270, -285, 14, 366, -165, -229, 131, -795, -68, 
-366, -170, 195, 268, -280, 12, 370, -151, -224, 141, -795, -73, 
-366, -161, 204, 263, -285, 21, 370, -151, -219, 136, -785, -73, 
-366, -161, 204, 263, -285, 21, 370, -136, -214, 141, -785, -68, 
-366, -165, 200, 265, -283, 17, 375, -126, -204, 146, -790, -68, 
-370, -165, 204, 268, -287, 19, 385, -122, -195, 151, -790, -68, 
-361, -161, 200, 261, -280, 19, 380, -112, -185, 165, -790, -78, 
-356, -156, 200, 256, -278, 21, 385, -92, -175, 165, -785, -78, 
-356, -156, 200, 256, -278, 21, 390, -87, -170, 170, -785, -78, 
-356, -156, 200, 256, -278, 21, 400, -78, -161, 180, -780, -78, 
-356, -146, 209, 251, -283, 31, 405, -58, -151, 180, -780, -68, 
-346, -141, 204, 244, -275, 31, 409, -48, -146, 185, -780, -68, 
-346, -141, 204, 244, -275, 31, 414, -34, -126, 190, -780, -68, 
-351, -141, 209, 246, -280, 34, 424, -19, -117, 204, -775, -68, 
-361, -156, 204, 258, -283, 24, 419, -14, -122, 200, -775, -58, 
-361, -156, 204, 258, -283, 24, 424, -9, -112, 204, -775, -58, 
-351, -146, 204, 248, -278, 29, 429, 0, -102, 204, -775, -58, 
-351, -146, 204, 248, -278, 29, 439, 9, -97, 204, -775, -58, 
-341, -131, 209, 236, -275, 39, 444, 24, -82, 214, -771, -68, 
-341, -131, 209, 236, -275, 39, 444, 34, -73, 219, -771, -68, 
-341, -131, 209, 236, -275, 39, 444, 43, -63, 224, -771, -68, 
-336, -131, 204, 234, -270, 36, 448, 53, -43, 224, -771, -68, 
-331, -131, 200, 231, -265, 34, 468, 63, -48, 239, -771, -58, 
-341, -131, 209, 236, -275, 39, 468, 68, -43, 239, -771, -58, 
-341, -131, 209, 236, -275, 39, 478, 78, -39, 239, -771, -58, 
-336, -131, 204, 234, -270, 36, 483, 87, -24, 248, -771, -53, 
-326, -131, 195, 229, -261, 31, 483, 92, -34, 248, -775, -63, 
-326, -126, 200, 226, -263, 36, 478, 92, -34, 244, -775, -63, 
-331, -126, 204, 229, -268, 39, 478, 87, -34, 229, -775, -63, 
-341, -122, 219, 231, -280, 48, 478, 82, -29, 224, -775, -63, 
-341, -117, 224, 229, -283, 53, 478, 97, -14, 229, -771, -58, 
-336, -112, 224, 224, -280, 56, 478, 102, -9, 229, -775, -53, 
-331, -107, 224, 219, -278, 58, 478, 112, -4, 234, -771, -48, 
-331, -107, 224, 219, -278, 58, 483, 117, 0, 234, -766, -43, 
-322, -102, 219, 212, -270, 58, 488, 107, -9, 219, -771, -58, 
-322, -102, 219, 212, -270, 58, 492, 107, -14, 214, -775, -63, 
-317, -97, 219, 207, -268, 61, 502, 107, -19, 214, -775, -63, 
-312, -97, 214, 204, -263, 58, 507, 102, -24, 209, -780, -63, 
-312, -97, 214, 204, -263, 58, 497, 112, -34, 200, -795, -68, 
-312, -97, 214, 204, -263, 58, 497, 97, -43, 195, -800, -73, 
-312, -102, 209, 207, -261, 53, 497, 97, -48, 195, -800, -73, 
-312, -107, 204, 209, -258, 48, 497, 97, -48, 195, -795, -73, 
-302, -102, 200, 202, -251, 48, 502, 87, -43, 200, -795, -58, 
-312, -102, 209, 207, -261, 53, 497, 82, -48, 195, -795, -58, 
-312, -107, 204, 209, -258, 48, 488, 78, -58, 185, -805, -68, 
-307, -107, 200, 207, -253, 46, 488, 73, -58, 185, -795, -58, 
-307, -117, 190, 212, -248, 36, 492, 63, -68, 170, -805, -58, 
-307, -117, 190, 212, -248, 36, 492, 53, -73, 165, -805, -63, 
-307, -117, 190, 212, -248, 36, 492, 39, -92, 161, -805, -73, 
-307, -112, 195, 209, -251, 41, 483, 29, -112, 156, -805, -78, 
-307, -107, 200, 207, -253, 46, 488, 14, -122, 161, -810, -73, 
-307, -102, 204, 204, -256, 51, 488, 4, -126, 146, -805, -68, 
-307, -97, 209, 202, -258, 56, 483, -4, -126, 146, -800, -63, 
-307, -92, 214, 200, -261, 61, 478, -9, -131, 141, -785, -53, 
-302, -102, 200, 202, -251, 48, 473, -24, -146, 136, -795, -63, 
-302, -102, 200, 202, -251, 48, 468, -39, -156, 136, -795, -63, 
-302, -102, 200, 202, -251, 48, 463, -48, -161, 136, -790, -63, 
-292, -102, 190, 197, -241, 43, 463, -48, -165, 131, -780, -58, 
-292, -107, 185, 200, -239, 39, 453, -68, -185, 122, -771, -53, 
-297, -117, 180, 207, -239, 31, 444, -87, -195, 122, -771, -53, 
-307, -117, 190, 212, -248, 36, 434, -97, -219, 117, -775, -48, 
-312, -122, 190, 217, -251, 34, 424, -107, -224, 112, -775, -43, 
-302, -112, 190, 207, -246, 39, 414, -122, -229, 102, -780, -53, 
-287, -117, 170, 202, -229, 26, 400, -141, -244, 97, -785, -53, 
-278, -122, 156, 200, -217, 17, 395, -151, -253, 97, -790, -53, 
-268, -122, 146, 195, -207, 12, 390, -165, -253, 97, -790, -53, 
-302, -126, 175, 214, -239, 24, 395, -156, -239, 107, -771, -29, 
-326, -122, 204, 224, -265, 41, 395, -161, -239, 112, -761, -24, 
-356, -122, 234, 239, -295, 56, 395, -165, -244, 117, -751, -19, 
-380, -126, 253, 253, -317, 63, 400, -175, -253, 122, -741, -14, 
-370, -136, 234, 253, -302, 48, 385, -190, -263, 112, -741, -19, 
-361, -131, 229, 246, -295, 48, 375, -200, -278, 107, -746, -19, 
-351, -122, 229, 236, -290, 53, 375, -214, -287, 97, -746, -19, 
-341, -117, 224, 229, -283, 53, 375, -224, -297, 78, -746, -19, 
-331, -122, 209, 226, -270, 43, 366, -229, -302, 87, -756, -24, 
-326, -122, 204, 224, -265, 41, 366, -234, -312, 87, -751, -29, 
-322, -122, 200, 222, -261, 39, 361, -239, -317, 87, -751, -34, 
-317, -122, 195, 219, -256, 36, 351, -248, -326, 92, -751, -43, 
-326, -136, 190, 231, -258, 26, 351, -263, -336, 87, -741, -39, 
-336, -141, 195, 239, -265, 26, 341, -268, -346, 82, -741, -34, 
-326, -141, 185, 234, -256, 21, 341, -283, -346, 78, -746, -34, 
-326, -141, 185, 234, -256, 21, 341, -283, -346, 63, -746, -29, 
-326, -136, 190, 231, -258, 26, 341, -273, -336, 73, -746, -39, 
-326, -136, 190, 231, -258, 26, 346, -273, -341, 68, -746, -39, 
-331, -141, 190, 236, -261, 24, 346, -278, -346, 68, -746, -39, 
-331, -141, 190, 236, -261, 24, 346, -278, -356, 68, -746, -43, 
-331, -136, 195, 234, -263, 29, 346, -292, -366, 58, -751, -43, 
-331, -136, 195, 234, -263, 29, 346, -297, -366, 58, -751, -48, 
-331, -146, 185, 239, -258, 19, 346, -297, -366, 58, -751, -48, 
-331, -156, 175, 244, -253, 9, 336, -302, -370, 48, -756, -48, 
-336, -146, 190, 241, -263, 21, 326, -292, -375, 43, -756, -53, 
-331, -146, 185, 239, -258, 19, 331, -292, -375, 43, -756, -48, 
-331, -141, 190, 236, -261, 24, 336, -292, -370, 43, -756, -39, 
-356, -141, 214, 248, -285, 36, 336, -297, -370, 43, -756, -29, 
-346, -141, 204, 244, -275, 31, 336, -302, -370, 39, -766, -34, 
-341, -141, 200, 241, -270, 29, 336, -302, -375, 34, -766, -39, 
-326, -131, 195, 229, -261, 31, 336, -302, -380, 34, -771, -43, 
-326, -131, 195, 229, -261, 31, 336, -297, -380, 34, -771, -48, 
-336, -151, 185, 244, -261, 17, 336, -307, -390, 39, -771, -48, 
-341, -156, 185, 248, -263, 14, 336, -307, -395, 39, -771, -48, 
-341, -156, 185, 248, -263, 14, 336, -312, -400, 39, -775, -53, 
-341, -156, 185, 248, -263, 14, 336, -322, -400, 34, -780, -58, 
-346, -151, 195, 248, -270, 21, 326, -312, -395, 34, -775, -48, 
-336, -146, 190, 241, -263, 21, 326, -307, -390, 29, -775, -48, 
-326, -141, 185, 234, -256, 21, 326, -307, -390, 29, -771, -48, 
-326, -131, 195, 229, -261, 31, 326, -307, -385, 29, -761, -48, 
-322, -131, 190, 226, -256, 29, 346, -317, -390, 39, -761, -48, 
-336, -126, 209, 231, -273, 41, 346, -317, -390, 39, -761, -48, 
-331, -126, 204, 229, -268, 39, 346, -317, -390, 34, -766, -48, 
-326, -136, 190, 231, -258, 26, 346, -317, -395, 29, -766, -48, 
-331, -126, 204, 229, -268, 39, 346, -307, -385, 29, -756, -48, 
-326, -122, 204, 224, -265, 41, 346, -307, -380, 34, -751, -43, 
-317, -122, 195, 219, -256, 36, 351, -307, -380, 34, -751, -39, 
-312, -122, 190, 217, -251, 34, 351, -307, -385, 29, -756, -34, 
-322, -131, 190, 226, -256, 29, 341, -297, -385, 39, -746, -43, 
-322, -126, 195, 224, -258, 34, 341, -297, -385, 39, -741, -39, 
-322, -122, 200, 222, -261, 39, 341, -297, -380, 43, -741, -39, 
-317, -122, 195, 219, -256, 36, 341, -302, -380, 43, -741, -39, 
-317, -122, 195, 219, -256, 36, 341, -307, -370, 43, -741, -29, 
-312, -122, 190, 217, -251, 34, 341, -307, -370, 43, -741, -29, 
-312, -122, 190, 217, -251, 34, 341, -307, -366, 43, -741, -29, 
-317, -117, 200, 217, -258, 41, 341, -307, -361, 39, -741, -29, 
-326, -117, 209, 222, -268, 46, 346, -302, -351, 43, -736, -19, 
-326, -117, 209, 222, -268, 46, 346, -292, -351, 48, -732, -19, 
-326, -122, 204, 224, -265, 41, 346, -283, -351, 53, -727, -19, 
-322, -122, 200, 222, -261, 39, 346, -278, -346, 58, -717, -19, 
-317, -112, 204, 214, -261, 46, 366, -268, -351, 78, -707, -9, 
-317, -112, 204, 214, -261, 46, 366, -268, -346, 78, -702, -4, 
-326, -112, 214, 219, -270, 51, 366, -268, -341, 82, -702, -4, 
-326, -112, 214, 219, -270, 51, 366, -268, -341, 87, -697, -4, 
-322, -102, 219, 212, -270, 58, 356, -273, -331, 82, -692, 0, 
-317, -97, 219, 207, -268, 61, 351, -278, -331, 82, -692, 0, 
-307, -82, 224, 195, -265, 70, 346, -283, -331, 82, -692, 0, 
-302, -78, 224, 190, -263, 73, 336, -287, -331, 82, -683, 4, 
-312, -82, 229, 197, -270, 73, 331, -278, -331, 92, -692, 4, 
-312, -87, 224, 200, -268, 68, 336, -278, -326, 92, -692, 4, 
-312, -92, 219, 202, -265, 63, 341, -278, -317, 97, -692, 14, 
-312, -87, 224, 200, -268, 68, 346, -278, -312, 97, -692, 14, 
-283, -87, 195, 185, -239, 53, 336, -278, -317, 92, -692, 0, 
-273, -87, 185, 180, -229, 48, 326, -278, -322, 87, -692, -4, 
-263, -92, 170, 178, -217, 39, 326, -278, -326, 87, -688, -9, 
-263, -92, 170, 178, -217, 39, 326, -278, -326, 87, -688, -14, 
-287, -78, 209, 183, -248, 65, 331, -273, -322, 92, -683, 0, 
-302, -78, 224, 190, -263, 73, 336, -268, -317, 102, -678, 9, 
-331, -82, 248, 207, -290, 82, 336, -263, -307, 112, -668, 19, 
-336, -82, 253, 209, -295, 85, 341, -258, -302, 117, -663, 29, 
-322, -73, 248, 197, -285, 87, 341, -258, -317, 107, -668, 19, 
-322, -73, 248, 197, -285, 87, 336, -263, -317, 112, -668, 19, 
-322, -78, 244, 200, -283, 82, 336, -268, -317, 112, -663, 19, 
-326, -92, 234, 209, -280, 70, 336, -283, -312, 112, -663, 19, 
-341, -82, 258, 212, -300, 87, 341, -278, -297, 126, -649, 24, 
-351, -82, 268, 217, -309, 92, 351, -273, -297, 126, -649, 29, 
-341, -78, 263, 209, -302, 92, 356, -268, -297, 126, -649, 34, 
-341, -78, 263, 209, -302, 92, 356, -268, -302, 122, -649, 43, 
-326, -73, 253, 200, -290, 90, 341, -273, -317, 117, -663, 29, 
-312, -73, 239, 192, -275, 82, 331, -278, -322, 112, -668, 24, 
-297, -58, 239, 178, -268, 90, 326, -283, -326, 102, -673, 19, 
-283, -58, 224, 170, -253, 82, 322, -287, -331, 97, -678, 19, 
-287, -63, 224, 175, -256, 80, 317, -292, -326, 97, -668, 19, 
-292, -82, 209, 187, -251, 63, 317, -297, -326, 92, -668, 19, 
-302, -87, 214, 195, -258, 63, 317, -297, -326, 92, -668, 19, 
-307, -92, 214, 200, -261, 61, 322, -297, -326, 97, -668, 14, 
-302, -87, 214, 195, -258, 63, 312, -307, -331, 107, -668, 24, 
-302, -82, 219, 192, -261, 68, 302, -307, -331, 97, -668, 29, 
-307, -82, 224, 195, -265, 70, 302, -307, -331, 97, -668, 29, 
-307, -78, 229, 192, -268, 75, 302, -307, -331, 97, -668, 29, 
-297, -68, 229, 183, -263, 80, 307, -307, -341, 87, -678, 19, 
-292, -73, 219, 183, -256, 73, 312, -307, -346, 87, -678, 19, 
-287, -82, 204, 185, -246, 61, 317, -307, -346, 87, -678, 19, 
-283, -87, 195, 185, -239, 53, 322, -302, -346, 87, -678, 19, 
-292, -82, 209, 187, -251, 63, 322, -302, -336, 97, -668, 19, 
-292, -73, 219, 183, -256, 73, 322, -307, -341, 97, -673, 19, 
-287, -68, 219, 178, -253, 75, 322, -317, -341, 97, -673, 19, 
-287, -63, 224, 175, -256, 80, 322, -317, -341, 97, -673, 14, 
-287, -63, 224, 175, -256, 80, 312, -317, -351, 87, -673, 14, 
-287, -68, 219, 178, -253, 75, 307, -317, -351, 87, -673, 14, 
-287, -68, 219, 178, -253, 75, 307, -317, -346, 87, -673, 14, 
-283, -68, 214, 175, -248, 73, 307, -317, -346, 82, -673, 14, 
-268, -73, 195, 170, -231, 61, 302, -331, -361, 82, -678, 4, 
-268, -82, 185, 175, -226, 51, 297, -331, -366, 82, -678, 4, 
-283, -87, 195, 185, -239, 53, 292, -326, -366, 82, -678, 4, 
-287, -92, 195, 190, -241, 51, 292, -326, -361, 82, -683, 4, 
-287, -87, 200, 187, -244, 56, 297, -317, -351, 92, -678, 14, 
-292, -82, 209, 187, -251, 63, 302, -322, -356, 92, -678, 14, 
-292, -78, 214, 185, -253, 68, 302, -322, -356, 92, -683, 9, 
-292, -73, 219, 183, -256, 73, 307, -322, -356, 92, -678, 9, 
-297, -73, 224, 185, -261, 75, 307, -326, -361, 82, -673, 4, 
-297, -73, 224, 185, -261, 75, 307, -326, -356, 87, -673, 4, 
-297, -78, 219, 187, -258, 70, 312, -326, -351, 87, -668, 4, 
-302, -82, 219, 192, -261, 68, 307, -322, -346, 87, -668, 4, 
-292, -73, 219, 183, -256, 73, 302, -322, -336, 87, -658, 14, 
-292, -73, 219, 183, -256, 73, 312, -317, -341, 87, -663, 14, 
-292, -63, 229, 178, -261, 82, 322, -317, -341, 92, -663, 14, 
-292, -63, 229, 178, -261, 82, 326, -317, -341, 92, -658, 14, 
-302, -58, 244, 180, -273, 92, 341, -307, -341, 102, -658, 14, 
-302, -48, 253, 175, -278, 102, 341, -302, -322, 107, -653, 19, 
-302, -58, 244, 180, -273, 92, 341, -302, -322, 107, -653, 19, 
-302, -58, 244, 180, -273, 92, 341, -302, -322, 107, -653, 19, 
-302, -58, 244, 180, -273, 92, 341, -302, -322, 107, -653, 19, 
-302, -58, 244, 180, -273, 92, 341, -302, -322, 107, -653, 19, 
-297, -58, 239, 178, -268, 90, 351, -302, -322, 117, -658, 24, 
-292, -58, 234, 175, -263, 87, 361, -292, -317, 122, -658, 24, 
-287, -58, 229, 173, -258, 85, 370, -292, -317, 122, -658, 24, 
-283, -63, 219, 173, -251, 78, 375, -292, -317, 117, -658, 24, 
-283, -53, 229, 168, -256, 87, 370, -283, -317, 107, -658, 24, 
-278, -53, 224, 165, -251, 85, 370, -283, -317, 112, -653, 19, 
-268, -53, 214, 161, -241, 80, 370, -287, -312, 112, -653, 19, 
-278, -53, 224, 165, -251, 85, 366, -287, -312, 107, -658, 19, 
-292, -53, 239, 173, -265, 92, 351, -287, -317, 117, -649, 29, 
-292, -43, 248, 168, -270, 102, 346, -287, -322, 122, -644, 29, 
-287, -43, 244, 165, -265, 100, 336, -297, -322, 122, -644, 29, 
-287, -43, 244, 165, -265, 100, 322, -302, -326, 117, -649, 29, 
-278, -34, 244, 156, -261, 104, 312, -297, -331, 102, -649, 29, 
-278, -34, 244, 156, -261, 104, 307, -307, -341, 102, -653, 29, 
-278, -34, 244, 156, -261, 104, 307, -307, -341, 102, -653, 29, 
-278, -34, 244, 156, -261, 104, 302, -312, -341, 102, -649, 29, 
-258, -34, 224, 146, -241, 95, 292, -326, -346, 92, -653, 19, 
-239, -39, 200, 139, -219, 80, 283, -336, -351, 82, -658, 19, 
-229, -43, 185, 136, -207, 70, 263, -351, -361, 82, -668, 19, 
-209, -48, 161, 129, -185, 56, 253, -356, -366, 82, -673, 19, 
-239, -29, 209, 134, -224, 90, 263, -346, -346, 102, -649, 29, 
-263, -29, 234, 146, -248, 102, 268, -336, -346, 112, -639, 43, 
-302, -34, 268, 168, -285, 117, 268, -322, -336, 122, -629, 63, 
-341, -39, 302, 190, -322, 131, 273, -307, -326, 131, -614, 73, 
-346, -48, 297, 197, -322, 124, 268, -326, -336, 112, -629, 58, 
-326, -48, 278, 187, -302, 114, 263, -331, -341, 102, -634, 53, 
-312, -43, 268, 178, -290, 112, 258, -336, -346, 97, -639, 48, 
-302, -43, 258, 173, -280, 107, 244, -346, -356, 92, -649, 43, 
-287, -48, 239, 168, -263, 95, 234, -341, -361, 82, -658, 29, 
-283, -48, 234, 165, -258, 92, 234, -341, -361, 87, -658, 29, 
-287, -43, 244, 165, -265, 100, 244, -336, -366, 87, -658, 29, 
-273, -43, 229, 158, -251, 92, 244, -336, -370, 87, -658, 29, 
-253, -34, 219, 143, -236, 92, 253, -341, -356, 97, -658, 39, 
-268, -34, 234, 151, -251, 100, 273, -341, -356, 97, -658, 39, 
-268, -34, 234, 151, -251, 100, 278, -346, -356, 97, -653, 39, 
-268, -34, 234, 151, -251, 100, 283, -351, -356, 97, -653, 39, 
-268, -39, 229, 153, -248, 95, 283, -351, -356, 97, -663, 29, 
-268, -39, 229, 153, -248, 95, 283, -351, -356, 92, -663, 29, 
-268, -53, 214, 161, -241, 80, 283, -351, -356, 87, -663, 29, 
-268, -53, 214, 161, -241, 80, 283, -351, -356, 82, -663, 29, 
-273, -58, 214, 165, -244, 78, 273, -341, -346, 87, -658, 39, 
-268, -63, 204, 165, -236, 70, 268, -341, -346, 92, -653, 39, 
-263, -63, 200, 163, -231, 68, 263, -341, -346, 97, -649, 39, 
-263, -58, 204, 161, -234, 73, 263, -346, -346, 102, -649, 39, 
-258, -48, 209, 153, -234, 80, 263, -346, -346, 102, -653, 39, 
-263, -48, 214, 156, -239, 82, 268, -346, -346, 102, -653, 29, 
-263, -48, 214, 156, -239, 82, 268, -341, -346, 102, -653, 29, 
-273, -48, 224, 161, -248, 87, 268, -341, -346, 102, -653, 29, 
-287, -68, 219, 178, -253, 75, 278, -331, -341, 97, -653, 29, 
-287, -68, 219, 178, -253, 75, 278, -336, -341, 97, -653, 24, 
-292, -58, 234, 175, -263, 87, 283, -336, -341, 87, -653, 24, 
-297, -68, 229, 183, -263, 80, 287, -331, -346, 87, -658, 24, 
-292, -63, 229, 178, -261, 82, 292, -341, -356, 92, -663, 24, 
-292, -68, 224, 180, -258, 78, 292, -341, -356, 92, -663, 19, 
-292, -73, 219, 183, -256, 73, 292, -346, -356, 82, -668, 14, 
-292, -73, 219, 183, -256, 73, 292, -356, -361, 82, -668, 9, 
-297, -78, 219, 187, -258, 70, 287, -356, -361, 68, -673, 4, 
-297, -82, 214, 190, -256, 65, 287, -361, -366, 68, -673, 4, 
-297, -92, 204, 195, -251, 56, 287, -366, -366, 58, -683, 4, 
-297, -97, 200, 197, -248, 51, 287, -366, -375, 68, -673, 4, 
-297, -78, 219, 187, -258, 70, 292, -361, -366, 78, -683, 9, 
-297, -78, 219, 187, -258, 70, 292, -361, -361, 78, -683, 14, 
-312, -78, 234, 195, -273, 78, 292, -361, -361, 78, -683, 14, 
-302, -78, 224, 190, -263, 73, 287, -361, -366, 78, -683, 14, 
-292, -78, 214, 185, -253, 68, 287, -361, -375, 78, -688, 4, 
-297, -78, 219, 187, -258, 70, 287, -356, -375, 73, -688, 4, 
-297, -78, 219, 187, -258, 70, 287, -356, -375, 73, -688, 4, 
-297, -82, 214, 190, -256, 65, 287, -356, -375, 73, -688, 0, 
-312, -82, 229, 197, -270, 73, 287, -361, -370, 73, -678, 0, 
-312, -82, 229, 197, -270, 73, 287, -361, -370, 73, -673, 0, 
-307, -82, 224, 195, -265, 70, 287, -366, -370, 78, -673, 0, 
-292, -82, 209, 187, -251, 63, 292, -366, -370, 78, -673, 0, 
-292, -63, 229, 178, -261, 82, 283, -366, -370, 78, -673, 4, 
-302, -63, 239, 183, -270, 87, 278, -366, -370, 78, -673, 9, 
-307, -63, 244, 185, -275, 90, 278, -366, -370, 78, -673, 14, 
-307, -63, 244, 185, -275, 90, 278, -361, -370, 78, -673, 19, 
-292, -58, 234, 175, -263, 87, 278, -361, -380, 68, -673, 9, 
-292, -58, 234, 175, -263, 87, 278, -361, -380, 68, -673, 9, 
-302, -63, 239, 183, -270, 87, 278, -361, -375, 73, -668, 14, 
-292, -63, 229, 178, -261, 82, 278, -366, -375, 73, -663, 14, 
-278, -58, 219, 168, -248, 80, 278, -366, -366, 73, -673, 14, 
-278, -58, 219, 168, -248, 80, 278, -361, -366, 73, -673, 9, 
-283, -58, 224, 170, -253, 82, 278, -361, -366, 73, -673, 9, 
-287, -58, 229, 173, -258, 85, 278, -361, -366, 68, -673, 14, 
-297, -53, 244, 175, -270, 95, 268, -361, -366, 78, -678, 19, 
-307, -34, 273, 170, -290, 119, 258, -361, -366, 78, -668, 34, 
-297, -9, 287, 153, -292, 139, 268, -336, -351, 92, -649, 43, 
-307, -9, 297, 158, -302, 143, 292, -307, -326, 112, -639, 43, 
-322, -9, 312, 165, -317, 151, 297, -268, -287, 146, -614, 63, 
-302, 19, 322, 141, -312, 170, 287, -229, -239, 214, -566, 87, 
-263, 48, 312, 107, -287, 180, 273, -214, -165, 278, -507, 126, 
-234, 63, 297, 85, -265, 180, 229, -185, -68, 400, -405, 175, 
-229, 53, 283, 87, -256, 168, 180, -112, 87, 580, -263, 248, 
-185, 43, 229, 70, -207, 136, 102, -24, 244, 756, -107, 317, 
-126, 58, 185, 34, -156, 122, 4, -4, 336, 907, 29, 390, 
-73, 92, 165, -9, -119, 129, -82, -39, 400, 1058, 180, 483, 
14, 136, 122, -75, -53, 129, -141, 0, 546, 1268, 375, 585, 
141, 165, 24, -153, 58, 95, -224, 141, 795, 1556, 624, 722, 
200, 214, 14, -207, 92, 114, -341, 248, 1039, 1883, 917, 893, 
244, 317, 73, -280, 85, 195, -488, 268, 1215, 2171, 1200, 1088, 
273, 429, 156, -351, 58, 292, -629, 283, 1381, 2440, 1459, 1278, 
307, 531, 224, -419, 41, 378, -736, 302, 1537, 2674, 1693, 1420, 
424, 639, 214, -531, 104, 427, -854, 292, 1654, 2879, 1873, 1537, 
566, 741, 175, -653, 195, 458, -971, 268, 1717, 3040, 2030, 1644, 
634, 736, 102, -685, 265, 419, -1054, 287, 1756, 3093, 2098, 1703, 
649, 605, -43, -627, 346, 280, -1088, 302, 1668, 2908, 1912, 1571, 
668, 429, -239, -549, 453, 95, -1098, 248, 1439, 2498, 1493, 1317, 
639, 258, -380, -448, 509, -61, -1083, 126, 1078, 1942, 966, 1034, 
536, 78, -458, -307, 497, -190, -1024, -136, 502, 1180, 366, 727, 
424, -78, -502, -173, 463, -290, -927, -546, -248, 341, -234, 429, 
351, -180, -531, -85, 441, -356, -839, -917, -844, -258, -639, 209, 
307, -263, -570, -21, 439, -417, -775, -1054, -1073, -497, -844, 68, 
273, -322, -595, 24, 434, -458, -702, -1044, -1088, -556, -951, -24, 
219, -346, -566, 63, 392, -456, -619, -1044, -1088, -585, -1005, -87, 
161, -336, -497, 87, 329, -417, -551, -1049, -1093, -585, -1015, -82, 
117, -312, -429, 97, 273, -370, -468, -995, -1029, -527, -985, -63, 
78, -278, -356, 100, 217, -317, -370, -917, -941, -444, -941, -63, 
24, -268, -292, 122, 158, -280, -268, -849, -883, -395, -912, -43, 
-34, -229, -195, 131, 80, -212, -195, -785, -814, -341, -883, -24, 
-63, -165, -102, 114, 19, -134, -131, -727, -756, -273, -849, 9, 
-58, -107, -48, 82, -4, -78, -63, -673, -688, -224, -814, 14, 
-78, -78, 0, 78, -39, -39, 9, -614, -634, -175, -790, 24, 
-112, -53, 58, 82, -85, 2, 78, -556, -575, -126, -766, 19, 
-146, -39, 107, 92, -126, 34, 141, -502, -522, -78, -746, 34, 
-180, -39, 141, 109, -161, 51, 190, -453, -473, -39, -736, 34, 
-195, -34, 161, 114, -178, 63, 244, -409, -444, -9, -722, 34, 
-204, -34, 170, 119, -187, 68, 278, -375, -419, 9, -707, 34, 
-219, -53, 165, 136, -192, 56, 287, -361, -409, 9, -712, 29, 
-248, -82, 165, 165, -207, 41, 287, -361, -400, 19, -717, 19, 
-258, -73, 185, 165, -222, 56, 287, -341, -390, 29, -712, 14, 
-263, -53, 209, 158, -236, 78, 297, -346, -370, 39, -717, 9, 
-263, -53, 209, 158, -236, 78, 297, -346, -370, 39, -717, 4, 
-273, -53, 219, 163, -246, 82, 297, -341, -366, 48, -717, -4, 
-278, -53, 224, 165, -251, 85, 302, -341, -366, 48, -717, -9, 
-292, -53, 239, 173, -265, 92, 312, -341, -361, 53, -717, -9, 
-278, -53, 224, 165, -251, 85, 317, -326, -356, 63, -717, -4, 
-278, -58, 219, 168, -248, 80, 322, -317, -346, 63, -707, 0, 
-283, -63, 219, 173, -251, 78, 322, -317, -346, 63, -707, 0, 
-292, -63, 229, 178, -261, 82, 307, -317, -331, 73, -712, 9, 
-292, -63, 229, 178, -261, 82, 307, -317, -331, 73, -712, 4, 
-292, -63, 229, 178, -261, 82, 307, -322, -336, 73, -707, 4, 
-297, -63, 234, 180, -265, 85, 307, -322, -336, 73, -702, 4, 
-292, -48, 244, 170, -268, 97, 302, -322, -346, 68, -712, -9, 
-302, -48, 253, 175, -278, 102, 297, -322, -346, 73, -712, -9, 
-302, -48, 253, 175, -278, 102, 297, -322, -341, 73, -712, -9, 
-302, -48, 253, 175, -278, 102, 292, -322, -336, 73, -712, -9, 
-292, -48, 244, 170, -268, 97, 312, -302, -317, 78, -707, 0, 
-287, -48, 239, 168, -263, 95, 317, -297, -317, 78, -702, 0, 
-287, -48, 239, 168, -263, 95, 322, -292, -317, 82, -697, 0, 
-287, -48, 239, 168, -263, 95, 322, -292, -317, 82, -692, 4, 
-297, -48, 248, 173, -273, 100, 331, -283, -317, 87, -702, 4, 
-297, -39, 258, 168, -278, 109, 331, -283, -322, 87, -702, 4, 
-302, -39, 263, 170, -283, 112, 331, -283, -322, 82, -697, 4, 
-302, -39, 263, 170, -283, 112, 336, -287, -322, 82, -697, 4, 
-297, -43, 253, 170, -275, 104, 326, -292, -322, 82, -707, 4, 
-297, -43, 253, 170, -275, 104, 331, -292, -322, 82, -702, 4, 
-292, -34, 258, 163, -275, 112, 336, -292, -317, 87, -702, 4, 
-292, -34, 258, 163, -275, 112, 336, -297, -307, 87, -707, 4, 
-312, -43, 268, 178, -290, 112, 322, -292, -307, 87, -697, 0, 
-312, -48, 263, 180, -287, 107, 317, -292, -307, 92, -697, -4, 
-302, -48, 253, 175, -278, 102, 317, -292, -307, 97, -697, -9, 
-302, -53, 248, 178, -275, 97, 317, -292, -312, 97, -697, -19, 
-292, -53, 239, 173, -265, 92, 317, -292, -302, 97, -707, -19, 
-292, -48, 244, 170, -268, 97, 317, -292, -302, 97, -702, -14, 
-297, -48, 248, 173, -273, 100, 317, -292, -297, 102, -702, -14, 
-307, -43, 263, 175, -285, 109, 322, -278, -297, 102, -702, -14, 
-307, -39, 268, 173, -287, 114, 326, -268, -297, 102, -702, -9, 
-307, -43, 263, 175, -285, 109, 326, -268, -297, 102, -702, -9, 
-312, -53, 258, 183, -285, 102, 331, -268, -287, 102, -692, -9, 
-312, -58, 253, 185, -283, 97, 346, -268, -287, 102, -692, -9, 
-292, -58, 234, 175, -263, 87, 336, -278, -287, 102, -692, 0, 
-292, -58, 234, 175, -263, 87, 336, -278, -283, 102, -697, 0, 
-297, -58, 239, 178, -268, 90, 336, -278, -283, 102, -702, 0, 
-297, -58, 239, 178, -268, 90, 331, -278, -287, 102, -702, 0, 
-302, -58, 244, 180, -273, 92, 341, -268, -278, 112, -692, 4, 
-302, -58, 244, 180, -273, 92, 341, -268, -278, 117, -692, 4, 
-302, -53, 248, 178, -275, 97, 341, -263, -268, 117, -692, 4, 
-307, -53, 253, 180, -280, 100, 341, -263, -268, 117, -692, 4, 
-297, -53, 244, 175, -270, 95, 336, -263, -278, 117, -707, -9, 
-283, -53, 229, 168, -256, 87, 336, -263, -283, 112, -707, -14, 
-273, -48, 224, 161, -248, 87, 336, -258, -283, 107, -712, -19, 
-263, -43, 219, 153, -241, 87, 331, -258, -287, 102, -717, -19, 
-287, -43, 244, 165, -265, 100, 346, -253, -273, 126, -707, 0, 
-307, -48, 258, 178, -283, 104, 351, -244, -263, 131, -697, 4, 
-336, -53, 283, 195, -309, 114, 356, -239, -248, 136, -688, 4, 
-346, -53, 292, 200, -319, 119, 361, -229, -239, 146, -678, 9, 
-322, -53, 268, 187, -295, 107, 351, -219, -234, 146, -688, 0, 
-317, -53, 263, 185, -290, 104, 351, -219, -239, 141, -688, 0, 
-317, -53, 263, 185, -290, 104, 351, -219, -244, 136, -688, -4, 
-312, -53, 258, 183, -285, 102, 356, -219, -239, 136, -688, -4, 
-302, -48, 253, 175, -278, 102, 356, -219, -234, 136, -688, -9, 
-302, -43, 258, 173, -280, 107, 361, -219, -234, 136, -692, -9, 
-302, -39, 263, 170, -283, 112, 361, -214, -229, 141, -697, -9, 
-307, -34, 273, 170, -290, 119, 361, -214, -224, 141, -707, -14, 
-297, -39, 258, 168, -278, 109, 366, -200, -224, 141, -697, -4, 
-297, -39, 258, 168, -278, 109, 366, -195, -219, 146, -697, 0, 
-292, -34, 258, 163, -275, 112, 370, -190, -214, 156, -697, 0, 
-292, -34, 258, 163, -275, 112, 380, -185, -209, 156, -697, 0, 
-302, -43, 258, 173, -280, 107, 375, -180, -200, 156, -707, -4, 
-302, -43, 258, 173, -280, 107, 375, -170, -195, 165, -707, -9, 
-297, -39, 258, 168, -278, 109, 385, -165, -185, 165, -707, -14, 
-297, -39, 258, 168, -278, 109, 385, -156, -185, 165, -707, -19, 
-292, -34, 258, 163, -275, 112, 370, -151, -180, 170, -697, -19, 
-292, -34, 258, 163, -275, 112, 366, -151, -175, 170, -697, -19, 
-292, -34, 258, 163, -275, 112, 361, -146, -170, 170, -697, -19, 
-287, -34, 253, 161, -270, 109, 361, -131, -165, 180, -697, -24, 
-297, -34, 263, 165, -280, 114, 380, -131, -151, 195, -678, -19, 
-297, -34, 263, 165, -280, 114, 390, -117, -146, 200, -678, -9, 
-297, -39, 258, 168, -278, 109, 405, -107, -136, 204, -683, -4, 
-302, -39, 263, 170, -283, 112, 424, -102, -126, 209, -683, 0, 
-297, -19, 278, 158, -287, 129, 439, -82, -107, 224, -673, -9, 
-287, -9, 278, 148, -283, 134, 444, -63, -97, 224, -668, -9, 
-283, -4, 278, 143, -280, 136, 448, -58, -92, 229, -668, -9, 
-278, 0, 278, 139, -278, 139, 458, -48, -82, 239, -663, -9, 
-287, -9, 278, 148, -283, 134, 453, -48, -82, 229, -673, 0, 
-278, -4, 273, 141, -275, 134, 458, -39, -78, 234, -673, 0, 
-278, -4, 273, 141, -275, 134, 463, -24, -58, 239, -673, 0, 
-283, -4, 278, 143, -280, 136, 473, -9, -48, 253, -668, 0, 
-283, 0, 283, 141, -283, 141, 468, 14, -34, 258, -678, -9, 
-283, 0, 283, 141, -283, 141, 473, 19, -24, 263, -678, -9, 
-273, 9, 283, 131, -278, 146, 478, 29, -14, 263, -678, -9, 
-273, 9, 283, 131, -278, 146, 488, 39, -9, 263, -678, -9, 
-273, 24, 297, 124, -285, 161, 497, 48, 0, 273, -673, 0, 
-273, 24, 297, 124, -285, 161, 502, 63, 4, 278, -673, 0, 
-273, 24, 297, 124, -285, 161, 507, 78, 9, 283, -673, 0, 
-268, 24, 292, 122, -280, 158, 517, 92, 24, 283, -673, 0, 
-263, 24, 287, 119, -275, 156, 517, 87, 29, 287, -673, 0, 
-273, 24, 297, 124, -285, 161, 517, 87, 34, 287, -673, 0, 
-273, 24, 297, 124, -285, 161, 527, 92, 39, 287, -673, 0, 
-268, 24, 292, 122, -280, 158, 531, 97, 53, 297, -673, 4, 
-253, 29, 283, 112, -268, 156, 536, 112, 68, 312, -668, 4, 
-248, 39, 287, 104, -268, 163, 536, 122, 73, 312, -668, 4, 
-248, 43, 292, 102, -270, 168, 541, 126, 78, 302, -668, 4, 
-253, 53, 307, 100, -280, 180, 546, 131, 87, 302, -668, 4, 
-244, 53, 297, 95, -270, 175, 536, 122, 82, 292, -678, -4, 
-239, 53, 292, 92, -265, 173, 536, 122, 78, 287, -688, -4, 
-234, 53, 287, 90, -261, 170, 536, 126, 73, 287, -688, -4, 
-234, 48, 283, 92, -258, 165, 541, 126, 68, 283, -688, -4, 
-244, 43, 287, 100, -265, 165, 551, 136, 63, 287, -683, 0, 
-244, 43, 287, 100, -265, 165, 551, 136, 63, 283, -688, -4, 
-239, 48, 287, 95, -263, 168, 556, 136, 63, 283, -688, -4, 
-234, 48, 283, 92, -258, 165, 556, 131, 63, 278, -692, -4, 
-244, 53, 297, 95, -270, 175, 556, 122, 63, 278, -697, 0, 
-244, 58, 302, 92, -273, 180, 556, 107, 53, 273, -702, -4, 
-244, 58, 302, 92, -273, 180, 556, 107, 48, 273, -702, -4, 
-244, 58, 302, 92, -273, 180, 556, 107, 48, 273, -697, -4, 
-219, 63, 283, 78, -251, 173, 546, 87, 29, 263, -712, -4, 
-214, 63, 278, 75, -246, 170, 536, 82, 19, 253, -717, -9, 
-200, 58, 258, 70, -229, 158, 522, 78, 4, 239, -732, -24, 
-180, 58, 239, 61, -209, 148, 517, 73, 0, 234, -727, -19, 
-209, 68, 278, 70, -244, 173, 531, 87, 4, 248, -717, -4, 
-229, 68, 297, 80, -263, 183, 541, 82, 14, 253, -707, 4, 
-248, 68, 317, 90, -283, 192, 551, 73, 9, 258, -697, 9, 
-268, 73, 341, 97, -305, 207, 551, 68, 4, 263, -688, 19, 
-248, 73, 322, 87, -285, 197, 541, 43, -14, 253, -707, 14, 
-239, 73, 312, 82, -275, 192, 536, 24, -29, 234, -707, 9, 
-229, 73, 302, 78, -265, 187, 527, 4, -39, 229, -707, 4, 
-219, 73, 292, 73, -256, 183, 517, -9, -53, 219, -697, 4, 
-234, 68, 302, 82, -268, 185, 502, -19, -78, 204, -697, 4, 
-234, 63, 297, 85, -265, 180, 497, -39, -87, 204, -697, 4, 
-234, 58, 292, 87, -263, 175, 492, -53, -92, 204, -692, 4, 
-224, 53, 278, 85, -251, 165, 492, -58, -97, 200, -683, 9, 
-219, 53, 273, 82, -246, 163, 483, -78, -107, 200, -692, 19, 
-219, 48, 268, 85, -244, 158, 473, -97, -117, 200, -692, 14, 
-224, 53, 278, 85, -251, 165, 463, -107, -141, 195, -697, 14, 
-224, 53, 278, 85, -251, 165, 453, -117, -146, 190, -697, 14, 
-229, 63, 292, 82, -261, 178, 448, -126, -156, 185, -688, 14, 
-229, 58, 287, 85, -258, 173, 429, -141, -165, 185, -688, 14, 
-234, 53, 287, 90, -261, 170, 419, -146, -170, 190, -688, 14, 
-239, 53, 292, 92, -265, 173, 409, -156, -165, 195, -683, 14, 
-229, 58, 287, 85, -258, 173, 409, -175, -170, 185, -683, 14, 
-219, 63, 283, 78, -251, 173, 405, -190, -180, 180, -683, 14, 
-214, 63, 278, 75, -246, 170, 400, -204, -195, 175, -683, 14, 
-204, 58, 263, 73, -234, 161, 400, -224, -214, 170, -683, 14, 
-214, 48, 263, 82, -239, 156, 395, -224, -209, 175, -673, 19, 
-214, 53, 268, 80, -241, 161, 385, -229, -219, 175, -678, 19, 
-214, 63, 278, 75, -246, 170, 385, -239, -224, 170, -678, 19, 
-214, 68, 283, 73, -248, 175, 385, -244, -229, 156, -678, 19, 
-219, 53, 273, 82, -246, 163, 385, -268, -234, 156, -683, 9, 
-219, 53, 273, 82, -246, 163, 385, -273, -244, 156, -683, 9, 
-219, 53, 273, 82, -246, 163, 380, -278, -248, 156, -688, 9, 
-219, 53, 273, 82, -246, 163, 370, -287, -258, 161, -692, 4, 
-219, 48, 268, 85, -244, 158, 380, -283, -268, 151, -692, 14, 
-229, 43, 273, 92, -251, 158, 370, -287, -278, 151, -692, 14, 
-219, 43, 263, 87, -241, 153, 370, -302, -278, 151, -697, 9, 
-219, 43, 263, 87, -241, 153, 370, -302, -278, 141, -697, 9, 
-219, 48, 268, 85, -244, 158, 366, -302, -268, 151, -697, 9, 
-219, 48, 268, 85, -244, 158, 366, -302, -273, 146, -697, 9, 
-224, 43, 268, 90, -246, 156, 361, -307, -278, 146, -697, 9, 
-224, 43, 268, 90, -246, 156, 356, -307, -287, 146, -697, 4, 
-219, 58, 278, 80, -248, 168, 346, -312, -287, 136, -697, -4, 
-214, 58, 273, 78, -244, 165, 346, -317, -287, 136, -702, -9, 
-209, 48, 258, 80, -234, 153, 346, -317, -287, 136, -707, -9, 
-204, 39, 244, 82, -224, 141, 336, -322, -292, 126, -717, -9, 
-204, 39, 244, 82, -224, 141, 346, -322, -297, 131, -717, -14, 
-204, 39, 244, 82, -224, 141, 351, -322, -297, 131, -717, -9, 
-209, 43, 253, 82, -231, 148, 356, -322, -292, 131, -717, 0, 
-239, 43, 283, 97, -261, 163, 356, -326, -292, 131, -717, 9, 
-229, 34, 263, 97, -246, 148, 366, -322, -283, 126, -717, 4, 
-224, 34, 258, 95, -241, 146, 366, -322, -287, 122, -717, 0, 
-209, 43, 253, 82, -231, 148, 366, -322, -292, 122, -722, -4, 
-209, 43, 253, 82, -231, 148, 366, -317, -292, 122, -722, -9, 
-209, 39, 248, 85, -229, 143, 356, -317, -283, 136, -712, -9, 
-214, 39, 253, 87, -234, 146, 356, -317, -287, 136, -712, -9, 
-214, 43, 258, 85, -236, 151, 356, -322, -292, 136, -717, -14, 
-214, 48, 263, 82, -239, 156, 356, -331, -292, 131, -722, -19, 
-224, 39, 263, 92, -244, 151, 366, -322, -292, 131, -732, -9, 
-219, 39, 258, 90, -239, 148, 366, -317, -292, 126, -736, -9, 
-214, 39, 253, 87, -234, 146, 366, -317, -297, 126, -736, -9, 
-219, 43, 263, 87, -241, 153, 366, -317, -297, 126, -732, -9, 
-214, 53, 268, 80, -241, 161, 366, -326, -292, 136, -732, -19, 
-229, 58, 287, 85, -258, 173, 366, -326, -292, 136, -732, -19, 
-224, 58, 283, 82, -253, 170, 366, -326, -292, 131, -736, -19, 
-219, 48, 268, 85, -244, 158, 366, -326, -297, 126, -736, -19, 
-219, 48, 268, 85, -244, 158, 375, -317, -297, 136, -736, -19, 
-219, 53, 273, 82, -246, 163, 375, -317, -292, 141, -732, -14, 
-214, 53, 268, 80, -241, 161, 380, -317, -292, 141, -732, -9, 
-214, 53, 268, 80, -241, 161, 380, -317, -297, 136, -736, -4, 
-214, 53, 268, 80, -241, 161, 370, -317, -297, 126, -736, -9, 
-214, 58, 273, 78, -244, 165, 370, -317, -297, 126, -732, -9, 
-214, 63, 278, 75, -246, 170, 370, -317, -292, 131, -732, -14, 
-209, 63, 273, 73, -241, 168, 370, -322, -292, 131, -732, -19, 
-204, 68, 273, 68, -239, 170, 380, -326, -292, 141, -732, -19, 
-195, 73, 268, 61, -231, 170, 380, -326, -292, 141, -732, -19, 
-190, 78, 268, 56, -229, 173, 380, -326, -287, 141, -732, -19, 
-190, 87, 278, 51, -234, 183, 380, -326, -283, 136, -732, -19, 
-180, 87, 268, 46, -224, 178, 375, -331, -287, 126, -736, -19, 
-170, 87, 258, 41, -214, 173, 375, -331, -292, 126, -741, -19, 
-161, 82, 244, 39, -202, 163, 375, -331, -297, 126, -746, -19, 
-146, 82, 229, 31, -187, 156, 375, -336, -297, 126, -746, -19, 
-165, 102, 268, 31, -217, 185, 400, -326, -278, 151, -736, -9, 
-190, 102, 292, 43, -241, 197, 405, -317, -268, 156, -722, 4, 
-224, 102, 326, 61, -275, 214, 409, -307, -258, 165, -712, 14, 
-248, 102, 351, 73, -300, 226, 414, -297, -253, 175, -697, 24, 
-229, 107, 336, 61, -283, 222, 400, -307, -253, 170, -697, 24, 
-219, 107, 326, 56, -273, 217, 400, -307, -253, 170, -702, 19, 
-204, 117, 322, 43, -263, 219, 400, -307, -253, 170, -707, 14, 
-195, 117, 312, 39, -253, 214, 395, -307, -253, 170, -702, 14, 
-195, 117, 312, 39, -253, 214, 395, -297, -258, 180, -712, 14, 
-195, 117, 312, 39, -253, 214, 395, -297, -258, 180, -712, 14, 
-195, 117, 312, 39, -253, 214, 395, -297, -253, 185, -712, 24, 
-195, 126, 322, 34, -258, 224, 395, -297, -253, 185, -712, 24, 
-175, 136, 312, 19, -244, 224, 385, -307, -253, 175, -712, 24, 
-175, 136, 312, 19, -244, 224, 375, -307, -253, 175, -712, 24, 
-175, 131, 307, 21, -241, 219, 375, -307, -253, 180, -707, 24, 
-185, 131, 317, 26, -251, 224, 375, -307, -248, 185, -707, 24, 
-195, 126, 322, 34, -258, 224, 385, -307, -248, 185, -717, 19, 
-195, 126, 322, 34, -258, 224, 385, -307, -248, 190, -717, 19, 
-209, 122, 331, 43, -270, 226, 380, -307, -244, 195, -712, 19, 
-200, 122, 322, 39, -261, 222, 380, -307, -244, 195, -712, 19, 
-175, 136, 312, 19, -244, 224, 380, -292, -248, 185, -707, 29, 
-175, 141, 317, 17, -246, 229, 375, -292, -248, 190, -707, 29, 
-175, 141, 317, 17, -246, 229, 375, -292, -248, 190, -702, 29, 
-180, 131, 312, 24, -246, 222, 375, -302, -244, 190, -702, 29, 
-180, 141, 322, 19, -251, 231, 366, -317, -248, 185, -707, 19, 
-185, 141, 326, 21, -256, 234, 370, -322, -248, 185, -707, 19, 
-170, 146, 317, 12, -244, 231, 370, -326, -248, 185, -707, 19, 
-165, 146, 312, 9, -239, 229, 366, -336, -253, 180, -707, 24, 
-175, 131, 307, 21, -241, 219, 366, -331, -253, 190, -707, 24, 
-175, 131, 307, 21, -241, 219, 361, -326, -253, 190, -707, 24, 
-175, 146, 322, 14, -248, 234, 361, -322, -253, 185, -707, 24, 
-175, 146, 322, 14, -248, 234, 361, -317, -253, 185, -707, 29, 
-175, 161, 336, 7, -256, 248, 356, -322, -248, 195, -707, 29, 
-175, 151, 326, 12, -251, 239, 356, -326, -248, 190, -707, 29, 
-180, 156, 336, 12, -258, 246, 356, -326, -248, 190, -707, 29, 
-180, 161, 341, 9, -261, 251, 361, -326, -248, 195, -707, 24, 
-175, 141, 317, 17, -246, 229, 370, -322, -244, 204, -697, 34, 
-175, 131, 307, 21, -241, 219, 361, -317, -244, 195, -697, 39, 
-180, 117, 297, 31, -239, 207, 361, -312, -244, 195, -697, 39, 
-180, 107, 287, 36, -234, 197, 361, -307, -244, 195, -697, 39, 
-175, 141, 317, 17, -246, 229, 351, -317, -248, 190, -702, 34, 
-175, 151, 326, 12, -251, 239, 351, -326, -258, 185, -707, 29, 
-175, 156, 331, 9, -253, 244, 351, -336, -263, 180, -712, 24, 
-175, 165, 341, 4, -258, 253, 351, -341, -268, 175, -717, 19, 
-165, 156, 322, 4, -244, 239, 341, -331, -263, 185, -717, 19, 
-165, 161, 326, 2, -246, 244, 341, -336, -263, 185, -722, 19, 
-161, 161, 322, 0, -241, 241, 341, -346, -258, 185, -722, 19, 
-161, 161, 322, 0, -241, 241, 341, -346, -253, 185, -722, 14, 
-161, 161, 322, 0, -241, 241, 336, -346, -258, 185, -722, 4, 
-161, 156, 317, 2, -239, 236, 336, -346, -263, 185, -722, 4, 
-161, 156, 317, 2, -239, 236, 341, -346, -263, 185, -722, 4, 
-156, 156, 312, 0, -234, 234, 346, -346, -268, 180, -722, 4, 
-146, 156, 302, -4, -224, 229, 346, -361, -268, 190, -722, 9, 
-151, 151, 302, 0, -226, 226, 346, -361, -268, 190, -717, 14, 
-170, 151, 322, 9, -246, 236, 346, -356, -263, 190, -712, 19, 
-180, 151, 331, 14, -256, 241, 351, -356, -253, 190, -712, 24, 
-175, 151, 326, 12, -251, 239, 341, -356, -263, 180, -722, 14, 
-175, 151, 326, 12, -251, 239, 341, -361, -268, 180, -727, 14, 
-170, 151, 322, 9, -246, 236, 336, -361, -268, 180, -736, 9, 
-165, 151, 317, 7, -241, 234, 336, -361, -268, 180, -736, 9, 
-146, 165, 312, -9, -229, 239, 331, -361, -268, 180, -732, 14, 
-141, 170, 312, -14, -226, 241, 336, -366, -268, 185, -732, 14, 
-136, 170, 307, -17, -222, 239, 346, -370, -268, 185, -727, 14, 
-136, 170, 307, -17, -222, 239, 346, -370, -268, 185, -727, 14, 
-161, 170, 331, -4, -246, 251, 366, -366, -253, 200, -722, 29, 
-175, 170, 346, 2, -261, 258, 380, -356, -253, 204, -722, 34, 
-190, 180, 370, 4, -280, 275, 395, -351, -248, 214, -717, 39, 
-204, 180, 385, 12, -295, 283, 405, -346, -244, 219, -707, 43, 
-195, 165, 361, 14, -278, 263, 390, -346, -253, 200, -717, 24, 
-165, 185, 351, -9, -258, 268, 390, -341, -253, 204, -712, 29, 
-161, 190, 351, -14, -256, 270, 400, -331, -244, 204, -722, 29, 
-156, 195, 351, -19, -253, 273, 400, -331, -244, 204, -722, 29, 
-151, 200, 351, -24, -251, 275, 400, -331, -244, 204, -722, 29, 
-146, 204, 351, -29, -248, 278, 400, -331, -244, 204, -722, 29, 
-156, 209, 366, -26, -261, 287, 405, -331, -244, 214, -707, 34, 
-156, 204, 361, -24, -258, 283, 409, -322, -239, 219, -707, 34, 
-156, 200, 356, -21, -256, 278, 414, -322, -239, 219, -707, 34, 
-156, 190, 346, -17, -251, 268, 414, -322, -239, 214, -707, 34, 
-156, 200, 356, -21, -256, 278, 409, -326, -239, 214, -717, 34, 
-151, 200, 351, -24, -251, 275, 409, -331, -239, 219, -712, 29, 
-141, 200, 341, -29, -241, 270, 409, -341, -234, 219, -712, 29, 
-151, 200, 351, -24, -251, 275, 405, -346, -234, 214, -717, 29, 
-161, 200, 361, -19, -261, 280, 390, -336, -229, 214, -717, 39, 
-165, 209, 375, -21, -270, 292, 385, -336, -234, 219, -712, 39, 
-165, 209, 375, -21, -270, 292, 375, -346, -234, 219, -712, 39, 
-170, 209, 380, -19, -275, 295, 361, -351, -239, 214, -717, 39, 
-146, 219, 366, -36, -256, 292, 346, -366, -244, 200, -727, 29, 
-141, 219, 361, -39, -251, 290, 336, -375, -253, 200, -732, 29, 
-136, 219, 356, -41, -246, 287, 331, -375, -253, 200, -732, 29, 
-131, 219, 351, -43, -241, 285, 322, -380, -253, 200, -727, 29, 
-131, 234, 366, -51, -248, 300, 326, -370, -253, 209, -727, 29, 
-122, 234, 356, -56, -239, 295, 322, -375, -253, 200, -727, 29, 
-122, 234, 356, -56, -239, 295, 307, -385, -258, 200, -732, 29, 
-112, 234, 346, -61, -229, 290, 302, -385, -258, 200, -732, 29, 
-102, 234, 336, -65, -219, 285, 287, -400, -268, 190, -736, 19, 
-97, 234, 331, -68, -214, 283, 287, -405, -278, 190, -736, 24, 
-107, 229, 336, -61, -222, 283, 283, -405, -278, 190, -736, 34, 
-117, 224, 341, -53, -229, 283, 283, -405, -278, 190, -732, 34, 
-141, 214, 356, -36, -248, 285, 292, -419, -283, 185, -741, 24, 
-131, 214, 346, -41, -239, 280, 292, -419, -283, 180, -741, 24, 
-126, 219, 346, -46, -236, 283, 292, -419, -283, 180, -741, 24, 
-126, 219, 346, -46, -236, 283, 283, -424, -287, 180, -746, 24, 
-126, 214, 341, -43, -234, 278, 273, -419, -278, 180, -746, 29, 
-126, 214, 341, -43, -234, 278, 273, -419, -273, 185, -746, 29, 
-136, 219, 356, -41, -246, 287, 283, -414, -273, 185, -746, 29, 
-126, 219, 346, -46, -236, 283, 283, -414, -273, 185, -746, 29, 
-126, 219, 346, -46, -236, 283, 292, -414, -278, 195, -746, 29, 
-141, 219, 361, -39, -251, 290, 312, -409, -278, 195, -746, 29, 
-141, 219, 361, -39, -251, 290, 317, -409, -278, 195, -741, 29, 
-141, 219, 361, -39, -251, 290, 322, -409, -278, 195, -741, 29, 
-136, 224, 361, -43, -248, 292, 312, -419, -268, 200, -741, 29, 
-131, 224, 356, -46, -244, 290, 312, -419, -268, 200, -741, 29, 
-126, 209, 336, -41, -231, 273, 312, -419, -268, 200, -741, 29, 
-122, 209, 331, -43, -226, 270, 312, -419, -268, 200, -741, 29, 
-117, 214, 331, -48, -224, 273, 302, -429, -278, 190, -751, 29, 
-112, 209, 322, -48, -217, 265, 297, -429, -278, 190, -751, 29, 
-107, 209, 317, -51, -212, 263, 292, -429, -278, 190, -751, 29, 
-107, 214, 322, -53, -214, 268, 292, -434, -278, 190, -756, 29, 
-126, 214, 341, -43, -234, 278, 312, -424, -268, 200, -761, 39, 
-136, 214, 351, -39, -244, 283, 317, -424, -268, 200, -761, 29, 
-141, 214, 356, -36, -248, 285, 317, -419, -268, 200, -761, 29, 
-156, 214, 370, -29, -263, 292, 317, -419, -268, 200, -761, 29, 
-151, 195, 346, -21, -248, 270, 317, -429, -283, 195, -761, 19, 
-151, 195, 346, -21, -248, 270, 317, -434, -283, 195, -761, 14, 
-156, 204, 361, -24, -258, 283, 322, -434, -283, 185, -761, 14, 
-161, 195, 356, -17, -258, 275, 326, -429, -287, 185, -766, 14, 
-165, 200, 366, -17, -265, 283, 331, -419, -278, 190, -780, 14, 
-165, 195, 361, -14, -263, 278, 331, -419, -278, 190, -780, 9, 
-165, 190, 356, -12, -261, 273, 331, -424, -278, 180, -785, 4, 
-165, 190, 356, -12, -261, 273, 331, -434, -283, 180, -785, 0, 
-156, 195, 351, -19, -253, 273, 326, -444, -283, 175, -790, -4, 
-151, 200, 351, -24, -251, 275, 326, -448, -287, 175, -790, -4, 
-146, 200, 346, -26, -246, 273, 326, -453, -287, 165, -800, -4, 
-141, 204, 346, -31, -244, 275, 326, -453, -297, 175, -790, -4, 
-141, 204, 346, -31, -244, 275, 331, -448, -287, 175, -790, 0, 
-141, 204, 346, -31, -244, 275, 331, -448, -283, 175, -790, 4, 
-156, 204, 361, -24, -258, 283, 331, -448, -283, 175, -790, 4, 
-146, 204, 351, -29, -248, 278, 326, -448, -287, 175, -790, 4, 
-156, 204, 361, -24, -258, 283, 317, -453, -292, 165, -805, -4, 
-161, 204, 366, -21, -263, 285, 317, -453, -297, 161, -805, -4, 
-161, 204, 366, -21, -263, 285, 317, -458, -302, 161, -805, -4, 
-161, 200, 361, -19, -261, 280, 317, -463, -307, 161, -805, -9, 
-156, 209, 366, -26, -261, 287, 317, -458, -307, 170, -805, -9, 
-156, 209, 366, -26, -261, 287, 317, -458, -302, 170, -800, -9, 
-151, 209, 361, -29, -256, 285, 317, -463, -297, 175, -800, -9, 
-136, 209, 346, -36, -241, 278, 322, -463, -292, 175, -800, -9, 
-141, 219, 361, -39, -251, 290, 331, -463, -283, 185, -810, 0, 
-156, 219, 375, -31, -265, 297, 326, -463, -283, 185, -810, 0, 
-165, 219, 385, -26, -275, 302, 326, -463, -283, 185, -810, 0, 
-170, 219, 390, -24, -280, 305, 326, -458, -283, 185, -810, 0, 
-161, 224, 385, -31, -273, 305, 322, -463, -287, 175, -810, -4, 
-156, 224, 380, -34, -268, 302, 317, -468, -292, 175, -810, -9, 
-161, 219, 380, -29, -270, 300, 312, -473, -292, 180, -805, -9, 
-146, 219, 366, -36, -256, 292, 307, -483, -297, 180, -800, -14, 
-131, 224, 356, -46, -244, 290, 317, -483, -297, 180, -810, -4, 
-131, 224, 356, -46, -244, 290, 317, -478, -297, 180, -810, -9, 
-136, 224, 361, -43, -248, 292, 317, -478, -297, 180, -810, -9, 
-141, 224, 366, -41, -253, 295, 317, -478, -297, 175, -810, -4, 
-161, 229, 390, -34, -275, 309, 317, -488, -297, 175, -814, 0, 
-161, 248, 409, -43, -285, 329, 317, -488, -297, 175, -814, 14, 
-141, 283, 424, -70, -283, 353, 307, -463, -283, 190, -805, 14, 
-141, 292, 434, -75, -287, 363, 302, -424, -229, 229, -775, 24, 
-156, 292, 448, -68, -302, 370, 297, -375, -170, 283, -732, 53, 
-165, 302, 468, -68, -317, 385, 297, -326, -92, 361, -663, 87, 
-136, 302, 439, -82, -287, 370, 273, -292, -9, 463, -585, 126, 
-78, 307, 385, -114, -231, 346, 229, -224, 126, 614, -473, 175, 
-34, 317, 351, -141, -192, 334, 170, -141, 283, 805, -331, 248, 
-9, 326, 336, -158, -173, 331, 82, -122, 390, 961, -185, 326, 
19, 341, 322, -180, -151, 331, -14, -151, 453, 1102, -39, 400, 
82, 375, 292, -229, -104, 334, -92, -117, 566, 1273, 131, 502, 
170, 439, 268, -305, -48, 353, -151, 19, 810, 1551, 356, 644, 
278, 507, 229, -392, 24, 368, -253, 161, 1078, 1878, 634, 800, 
375, 585, 209, -480, 82, 397, -409, 190, 1263, 2147, 897, 961, 
468, 668, 200, -568, 134, 434, -575, 161, 1390, 2386, 1141, 1117, 
556, 751, 195, -653, 180, 473, -707, 156, 1527, 2605, 1351, 1249, 
639, 854, 214, -746, 212, 534, -805, 175, 1664, 2840, 1546, 1381, 
727, 971, 244, -849, 241, 607, -893, 195, 1781, 3035, 1737, 1527, 
780, 1015, 234, -897, 273, 624, -990, 219, 1844, 3137, 1854, 1615, 
819, 912, 92, -866, 363, 502, -1073, 219, 1786, 3015, 1737, 1537, 
834, 741, -92, -788, 463, 324, -1098, 175, 1581, 2654, 1376, 1317, 
814, 595, -219, -705, 517, 187, -1088, 73, 1273, 2156, 897, 1054, 
746, 434, -312, -590, 529, 61, -1034, -136, 785, 1493, 341, 771, 
634, 253, -380, -444, 507, -63, -946, -517, 73, 663, -268, 453, 
541, 126, -414, -334, 478, -143, -849, -956, -619, -39, -741, 195, 
488, 24, -463, -256, 475, -219, -790, -1200, -980, -375, -1000, 43, 
453, -39, -492, -207, 473, -265, -717, -1220, -1024, -468, -1117, -58, 
419, -68, -488, -175, 453, -278, -614, -1200, -1019, -488, -1176, -122, 
346, -73, -419, -136, 383, -246, -541, -1220, -1039, -507, -1210, -136, 
268, -63, -331, -102, 300, -197, -483, -1195, -1005, -478, -1190, -131, 
214, -29, -244, -92, 229, -136, -390, -1122, -922, -390, -1141, -112, 
175, 34, -141, -104, 158, -53, -292, -1024, -834, -307, -1107, -92, 
151, 73, -78, -112, 114, -2, -200, -966, -756, -258, -1078, -73, 
131, 122, -9, -126, 70, 56, -126, -902, -678, -195, -1039, -53, 
112, 156, 43, -134, 34, 100, -53, -844, -619, -136, -1015, -48, 
78, 175, 97, -126, -9, 136, 24, -790, -570, -87, -990, -43, 
48, 204, 156, -126, -53, 180, 107, -732, -517, -29, -966, -24, 
43, 239, 195, -141, -75, 217, 185, -673, -458, 19, -932, 0, 
9, 253, 244, -131, -117, 248, 229, -629, -414, 58, -912, 14, 
-43, 244, 287, -100, -165, 265, 258, -580, -385, 87, -902, 14, 
-87, 239, 326, -75, -207, 283, 283, -546, -356, 107, -897, 14, 
-97, 248, 346, -75, -222, 297, 297, -522, -331, 117, -893, 4, 
-102, 248, 351, -73, -226, 300, 307, -517, -322, 117, -897, 0, 
-112, 239, 351, -63, -231, 295, 307, -536, -312, 126, -902, -19, 
-112, 229, 341, -58, -226, 285, 307, -536, -302, 136, -907, -34, 
-126, 239, 366, -56, -246, 302, 326, -527, -292, 146, -902, -34, 
-126, 239, 366, -56, -246, 302, 326, -522, -292, 146, -902, -34, 
-136, 239, 375, -51, -256, 307, 326, -512, -287, 156, -902, -39, 
-141, 239, 380, -48, -261, 309, 331, -507, -287, 156, -902, -39, 
-161, 239, 400, -39, -280, 319, 341, -517, -273, 170, -897, -29, 
-151, 239, 390, -43, -270, 314, 346, -502, -268, 180, -893, -24, 
-156, 234, 390, -39, -273, 312, 351, -492, -258, 180, -878, -19, 
-165, 229, 395, -31, -280, 312, 351, -492, -258, 180, -873, -19, 
-161, 239, 400, -39, -280, 319, 341, -492, -258, 170, -893, -29, 
-156, 239, 395, -41, -275, 317, 336, -492, -263, 170, -897, -34, 
-151, 239, 390, -43, -270, 314, 331, -497, -273, 170, -897, -34, 
-151, 239, 390, -43, -270, 314, 326, -497, -278, 170, -897, -34, 
-156, 239, 395, -41, -275, 317, 331, -497, -268, 175, -907, -39, 
-165, 234, 400, -34, -283, 317, 336, -497, -268, 180, -907, -39, 
-165, 229, 395, -31, -280, 312, 346, -497, -263, 180, -907, -39, 
-165, 224, 390, -29, -278, 307, 351, -497, -258, 180, -907, -39, 
-165, 239, 405, -36, -285, 322, 356, -492, -248, 185, -897, -39, 
-161, 244, 405, -41, -283, 324, 356, -492, -248, 185, -897, -39, 
-161, 248, 409, -43, -285, 329, 356, -492, -248, 190, -897, -39, 
-161, 253, 414, -46, -287, 334, 351, -497, -248, 190, -897, -34, 
-151, 244, 395, -46, -273, 319, 351, -497, -248, 195, -902, -43, 
-151, 253, 405, -51, -278, 329, 351, -497, -253, 195, -907, -43, 
-156, 253, 409, -48, -283, 331, 351, -497, -253, 190, -907, -43, 
-156, 253, 409, -48, -283, 331, 356, -502, -253, 190, -912, -43, 
-170, 239, 409, -34, -290, 324, 356, -502, -244, 190, -912, -34, 
-170, 239, 409, -34, -290, 324, 361, -497, -244, 190, -907, -34, 
-165, 248, 414, -41, -290, 331, 366, -492, -239, 195, -907, -34, 
-165, 248, 414, -41, -290, 331, 366, -492, -229, 195, -912, -34, 
-161, 253, 414, -46, -287, 334, 356, -492, -234, 185, -912, -43, 
-156, 253, 409, -48, -283, 331, 346, -497, -239, 190, -912, -43, 
-141, 258, 400, -58, -270, 329, 341, -502, -244, 195, -912, -43, 
-136, 258, 395, -61, -265, 326, 336, -507, -253, 195, -912, -48, 
-141, 253, 395, -56, -268, 324, 341, -497, -248, 195, -922, -39, 
-146, 253, 400, -53, -273, 326, 346, -497, -244, 195, -917, -34, 
-156, 248, 405, -46, -280, 326, 351, -497, -234, 200, -917, -34, 
-170, 248, 419, -39, -295, 334, 361, -483, -229, 200, -917, -34, 
-165, 258, 424, -46, -295, 341, 370, -483, -219, 204, -917, -29, 
-170, 258, 429, -43, -300, 344, 366, -483, -219, 209, -917, -29, 
-180, 253, 434, -36, -307, 344, 366, -483, -209, 214, -907, -29, 
-185, 253, 439, -34, -312, 346, 375, -483, -209, 219, -907, -29, 
-165, 253, 419, -43, -292, 336, 366, -492, -219, 219, -917, -39, 
-165, 253, 419, -43, -292, 336, 366, -492, -214, 219, -922, -39, 
-170, 253, 424, -41, -297, 339, 366, -492, -214, 219, -927, -39, 
-170, 253, 424, -41, -297, 339, 361, -492, -219, 219, -927, -39, 
-165, 234, 400, -34, -283, 317, 370, -492, -219, 209, -927, -43, 
-165, 234, 400, -34, -283, 317, 370, -492, -219, 214, -927, -43, 
-165, 239, 405, -36, -285, 322, 370, -488, -209, 214, -927, -43, 
-170, 239, 409, -34, -290, 324, 370, -488, -209, 214, -927, -43, 
-161, 248, 409, -43, -285, 329, 366, -488, -195, 229, -927, -43, 
-156, 248, 405, -46, -280, 326, 366, -488, -195, 229, -922, -43, 
-156, 253, 409, -48, -283, 331, 366, -483, -190, 229, -922, -43, 
-156, 258, 414, -51, -285, 336, 361, -483, -190, 229, -922, -39, 
-170, 258, 429, -43, -300, 344, 361, -483, -185, 229, -932, -43, 
-170, 253, 424, -41, -297, 339, 361, -478, -185, 229, -932, -43, 
-180, 248, 429, -34, -305, 339, 361, -478, -180, 229, -932, -48, 
-170, 248, 419, -39, -295, 334, 361, -473, -180, 234, -932, -48, 
-156, 258, 414, -51, -285, 336, 370, -473, -180, 239, -941, -48, 
-151, 258, 409, -53, -280, 334, 370, -473, -180, 239, -941, -48, 
-151, 258, 409, -53, -280, 334, 370, -473, -180, 239, -941, -53, 
-146, 258, 405, -56, -275, 331, 375, -473, -170, 244, -941, -53, 
-161, 258, 419, -48, -290, 339, 385, -463, -175, 244, -936, -48, 
-165, 258, 424, -46, -295, 341, 390, -463, -175, 244, -936, -48, 
-170, 258, 429, -43, -300, 344, 390, -458, -170, 248, -936, -48, 
-180, 258, 439, -39, -309, 348, 390, -458, -165, 248, -941, -53, 
-175, 253, 429, -39, -302, 341, 375, -453, -161, 248, -951, -53, 
-170, 253, 424, -41, -297, 339, 375, -448, -151, 253, -951, -48, 
-161, 258, 419, -48, -290, 339, 380, -444, -141, 263, -951, -48, 
-156, 258, 414, -51, -285, 336, 390, -439, -131, 263, -951, -48, 
-156, 258, 414, -51, -285, 336, 405, -444, -131, 263, -951, -58, 
-156, 258, 414, -51, -285, 336, 405, -434, -126, 273, -951, -58, 
-151, 263, 414, -56, -283, 339, 414, -429, -117, 273, -951, -58, 
-151, 263, 414, -56, -283, 339, 414, -419, -117, 273, -951, -58, 
-165, 268, 434, -51, -300, 351, 424, -405, -102, 278, -941, -48, 
-165, 268, 434, -51, -300, 351, 424, -405, -97, 278, -941, -48, 
-165, 268, 434, -51, -300, 351, 424, -400, -92, 278, -941, -48, 
-161, 268, 429, -53, -295, 348, 429, -385, -87, 287, -941, -53, 
-156, 283, 439, -63, -297, 361, 429, -380, -73, 292, -936, -53, 
-151, 287, 439, -68, -295, 363, 429, -370, -68, 297, -941, -48, 
-146, 287, 434, -70, -290, 361, 434, -366, -58, 302, -951, -48, 
-146, 292, 439, -73, -292, 366, 444, -366, -48, 307, -956, -48, 
-156, 302, 458, -73, -307, 380, 448, -356, -39, 322, -946, -48, 
-151, 302, 453, -75, -302, 378, 453, -336, -29, 322, -941, -48, 
-151, 297, 448, -73, -300, 373, 458, -331, -24, 326, -941, -48, 
-151, 292, 444, -70, -297, 368, 468, -322, -14, 336, -936, -48, 
-161, 283, 444, -61, -302, 363, 483, -312, -14, 336, -946, -48, 
-151, 287, 439, -68, -295, 363, 488, -302, -9, 341, -946, -48, 
-151, 287, 439, -68, -295, 363, 492, -287, 9, 346, -946, -48, 
-156, 287, 444, -65, -300, 366, 502, -273, 19, 361, -941, -48, 
-156, 292, 448, -68, -302, 370, 497, -268, 34, 366, -941, -48, 
-156, 292, 448, -68, -302, 370, 502, -263, 43, 370, -941, -48, 
-146, 302, 448, -78, -297, 375, 507, -253, 53, 370, -941, -48, 
-146, 302, 448, -78, -297, 375, 517, -244, 58, 370, -941, -48, 
-146, 307, 453, -80, -300, 380, 522, -239, 68, 361, -946, -48, 
-146, 307, 453, -80, -300, 380, 522, -229, 73, 366, -946, -48, 
-146, 307, 453, -80, -300, 380, 522, -219, 78, 370, -946, -48, 
-141, 307, 448, -82, -295, 378, 527, -209, 92, 370, -946, -48, 
-126, 326, 453, -100, -290, 390, 546, -190, 97, 380, -946, -39, 
-136, 326, 463, -95, -300, 395, 546, -185, 102, 385, -946, -39, 
-136, 326, 463, -95, -300, 395, 556, -175, 107, 390, -946, -39, 
-131, 326, 458, -97, -295, 392, 561, -165, 122, 405, -946, -34, 
-126, 326, 453, -100, -290, 390, 566, -161, 122, 409, -951, -43, 
-131, 331, 463, -100, -297, 397, 566, -161, 122, 409, -951, -43, 
-141, 331, 473, -95, -307, 402, 570, -165, 122, 400, -951, -43, 
-156, 336, 492, -90, -324, 414, 575, -170, 126, 400, -951, -43, 
-146, 326, 473, -90, -309, 400, 575, -170, 117, 390, -961, -43, 
-141, 326, 468, -92, -305, 397, 575, -170, 117, 385, -971, -43, 
-136, 326, 463, -95, -300, 395, 575, -165, 117, 385, -971, -43, 
-136, 322, 458, -92, -297, 390, 580, -165, 117, 380, -971, -43, 
-126, 326, 453, -100, -290, 390, 570, -165, 112, 385, -976, -39, 
-126, 326, 453, -100, -290, 390, 570, -165, 112, 380, -980, -43, 
-122, 331, 453, -104, -287, 392, 575, -165, 112, 380, -980, -43, 
-117, 331, 448, -107, -283, 390, 575, -170, 112, 375, -985, -43, 
-126, 331, 458, -102, -292, 395, 566, -180, 92, 370, -1000, -58, 
-126, 331, 458, -102, -292, 395, 566, -195, 82, 361, -1005, -63, 
-126, 326, 453, -100, -290, 390, 566, -195, 78, 356, -1005, -63, 
-126, 322, 448, -97, -287, 385, 566, -195, 78, 351, -1000, -63, 
-117, 336, 453, -109, -285, 395, 561, -214, 73, 346, -1000, -48, 
-126, 336, 463, -104, -295, 400, 556, -219, 68, 341, -1000, -48, 
-126, 331, 458, -102, -292, 395, 546, -224, 58, 331, -1010, -58, 
-122, 331, 453, -104, -287, 392, 546, -229, 58, 331, -1000, -48, 
-122, 331, 453, -104, -287, 392, 541, -239, 63, 341, -1010, -53, 
-122, 331, 453, -104, -287, 392, 541, -248, 63, 341, -1010, -53, 
-122, 331, 453, -104, -287, 392, 541, -263, 48, 341, -1010, -58, 
-122, 336, 458, -107, -290, 397, 531, -273, 34, 341, -1010, -58, 
-131, 326, 458, -97, -295, 392, 522, -302, 9, 326, -1010, -58, 
-131, 326, 458, -97, -295, 392, 517, -317, 0, 312, -1010, -58, 
-131, 326, 458, -97, -295, 392, 507, -331, -4, 312, -1010, -58, 
-131, 326, 458, -97, -295, 392, 497, -341, -14, 307, -1000, -53, 
-146, 317, 463, -85, -305, 390, 488, -351, -19, 312, -1000, -43, 
-146, 317, 463, -85, -305, 390, 488, -361, -29, 312, -1000, -43, 
-146, 317, 463, -85, -305, 390, 488, -366, -34, 312, -995, -43, 
-136, 317, 453, -90, -295, 385, 492, -361, -39, 307, -985, -39, 
-126, 322, 448, -97, -287, 385, 473, -385, -53, 302, -1000, -48, 
-122, 312, 434, -95, -278, 373, 463, -409, -68, 297, -1005, -53, 
-122, 312, 434, -95, -278, 373, 453, -424, -97, 287, -1015, -53, 
-117, 307, 424, -95, -270, 366, 444, -439, -107, 278, -1019, -53, 
-107, 312, 419, -102, -263, 366, 444, -458, -112, 278, -1019, -63, 
-102, 312, 414, -104, -258, 363, 429, -483, -126, 273, -1019, -63, 
-102, 312, 414, -104, -258, 363, 424, -497, -136, 273, -1019, -63, 
-102, 317, 419, -107, -261, 368, 419, -517, -136, 273, -1015, -63, 
-131, 317, 448, -92, -290, 383, 429, -512, -131, 287, -1000, -39, 
-151, 317, 468, -82, -309, 392, 424, -512, -131, 287, -995, -34, 
-175, 312, 488, -68, -331, 400, 419, -512, -136, 287, -990, -29, 
-195, 302, 497, -53, -346, 400, 419, -517, -146, 287, -985, -24, 
-190, 287, 478, -48, -334, 383, 409, -541, -156, 273, -995, -39, 
-185, 287, 473, -51, -329, 380, 395, -551, -170, 273, -1000, -39, 
-180, 292, 473, -56, -326, 383, 390, -566, -180, 268, -1000, -39, 
-175, 292, 468, -58, -322, 380, 385, -575, -190, 253, -1000, -39, 
-170, 287, 458, -58, -314, 373, 375, -580, -185, 263, -1010, -39, 
-170, 287, 458, -58, -314, 373, 375, -585, -195, 263, -1005, -39, 
-170, 287, 458, -58, -314, 373, 370, -590, -200, 263, -1005, -39, 
-170, 287, 458, -58, -314, 373, 361, -600, -209, 268, -1005, -43, 
-180, 283, 463, -51, -322, 373, 370, -605, -209, 263, -1015, -43, 
-190, 278, 468, -43, -329, 373, 361, -610, -219, 258, -1015, -43, 
-180, 278, 458, -48, -319, 368, 361, -624, -219, 253, -1019, -48, 
-180, 278, 458, -48, -319, 368, 361, -624, -219, 239, -1019, -48, 
-165, 283, 448, -58, -307, 366, 346, -629, -219, 239, -1019, -58, 
-161, 283, 444, -61, -302, 363, 346, -634, -224, 234, -1019, -58, 
-161, 278, 439, -58, -300, 358, 341, -644, -229, 234, -1019, -58, 
-156, 278, 434, -61, -295, 356, 336, -649, -239, 234, -1019, -63, 
-156, 283, 439, -63, -297, 361, 336, -644, -239, 234, -1029, -63, 
-156, 283, 439, -63, -297, 361, 336, -649, -239, 234, -1034, -68, 
-156, 273, 429, -58, -292, 351, 336, -649, -239, 234, -1039, -68, 
-156, 263, 419, -53, -287, 341, 326, -653, -244, 224, -1049, -68, 
-161, 253, 414, -46, -287, 334, 326, -653, -258, 219, -1049, -78, 
-156, 253, 409, -48, -283, 331, 331, -653, -258, 219, -1049, -78, 
-156, 258, 414, -51, -285, 336, 336, -653, -253, 219, -1049, -73, 
-180, 258, 439, -39, -309, 348, 336, -658, -253, 219, -1049, -68, 
-170, 258, 429, -43, -300, 344, 326, -663, -253, 224, -1049, -78, 
-165, 258, 424, -46, -295, 341, 326, -663, -258, 219, -1049, -78, 
-151, 268, 419, -58, -285, 344, 326, -663, -263, 219, -1054, -78, 
-151, 268, 419, -58, -285, 344, 326, -658, -263, 219, -1054, -78, 
-170, 268, 439, -48, -305, 353, 336, -649, -253, 224, -1054, -78, 
-175, 263, 439, -43, -307, 351, 336, -649, -258, 224, -1054, -78, 
-175, 263, 439, -43, -307, 351, 336, -653, -263, 224, -1058, -82, 
-175, 263, 439, -43, -307, 351, 336, -663, -263, 219, -1063, -87, 
-180, 273, 453, -46, -317, 363, 346, -673, -263, 219, -1073, -78, 
-170, 273, 444, -51, -307, 358, 346, -668, -263, 214, -1078, -78, 
-161, 273, 434, -56, -297, 353, 346, -668, -268, 214, -1078, -78, 
-161, 278, 439, -58, -300, 358, 346, -668, -268, 214, -1073, -78, 
-151, 283, 434, -65, -292, 358, 346, -668, -263, 214, -1073, -78, 
-170, 283, 453, -56, -312, 368, 346, -668, -263, 214, -1073, -78, 
-170, 278, 448, -53, -309, 363, 346, -668, -263, 209, -1078, -78, 
-170, 263, 434, -46, -302, 348, 346, -668, -268, 204, -1078, -78, 
-180, 263, 444, -41, -312, 353, 336, -678, -268, 204, -1088, -82, 
-180, 268, 448, -43, -314, 358, 336, -678, -263, 209, -1083, -82, 
-175, 268, 444, -46, -309, 356, 341, -678, -263, 209, -1083, -82, 
-175, 268, 444, -46, -309, 356, 341, -678, -268, 204, -1088, -82, 
-190, 268, 458, -39, -324, 363, 351, -668, -258, 214, -1078, -73, 
-195, 273, 468, -39, -331, 370, 351, -668, -258, 214, -1073, -68, 
-200, 278, 478, -39, -339, 378, 351, -668, -253, 219, -1073, -68, 
-200, 278, 478, -39, -339, 378, 351, -673, -253, 219, -1073, -68, 
-185, 268, 453, -41, -319, 361, 351, -678, -263, 219, -1078, -78, 
-175, 268, 444, -46, -309, 356, 351, -678, -263, 219, -1083, -78, 
-170, 268, 439, -48, -305, 353, 351, -678, -258, 219, -1088, -78, 
-170, 273, 444, -51, -307, 358, 351, -678, -253, 214, -1093, -78, 
-161, 287, 448, -63, -305, 368, 366, -678, -263, 214, -1083, -78, 
-161, 292, 453, -65, -307, 373, 366, -673, -263, 214, -1083, -78, 
-161, 292, 453, -65, -307, 373, 366, -668, -263, 214, -1083, -78, 
-156, 297, 453, -70, -305, 375, 366, -668, -258, 214, -1078, -78, 
-161, 307, 468, -73, -314, 387, 366, -678, -253, 224, -1088, -78, 
-161, 307, 468, -73, -314, 387, 366, -678, -248, 224, -1083, -73, 
-170, 307, 478, -68, -324, 392, 366, -678, -244, 229, -1083, -73, 
-170, 307, 478, -68, -324, 392, 366, -678, -244, 234, -1078, -73, 
-180, 307, 488, -63, -334, 397, 351, -668, -244, 239, -1083, -68, 
-180, 302, 483, -61, -331, 392, 351, -668, -244, 239, -1083, -68, 
-175, 307, 483, -65, -329, 395, 351, -668, -244, 239, -1083, -68, 
-175, 302, 478, -63, -326, 390, 346, -668, -244, 239, -1073, -63, 
-180, 312, 492, -65, -336, 402, 351, -658, -239, 248, -1063, -63, 
-185, 312, 497, -63, -341, 405, 356, -658, -239, 248, -1063, -63, 
-190, 312, 502, -61, -346, 407, 361, -658, -234, 253, -1063, -53, 
-195, 322, 517, -63, -356, 419, 366, -658, -234, 253, -1063, -53, 
-175, 322, 497, -73, -336, 409, 356, -668, -234, 244, -1063, -63, 
-175, 322, 497, -73, -336, 409, 346, -668, -234, 244, -1063, -63, 
-175, 317, 492, -70, -334, 405, 346, -668, -234, 248, -1058, -63, 
-185, 317, 502, -65, -344, 409, 346, -668, -229, 253, -1058, -63, 
-180, 312, 492, -65, -336, 402, 356, -668, -229, 253, -1063, -58, 
-175, 312, 488, -68, -331, 400, 356, -668, -229, 258, -1068, -58, 
-185, 307, 492, -61, -339, 400, 351, -668, -224, 263, -1068, -58, 
-170, 307, 478, -68, -324, 392, 351, -668, -224, 263, -1073, -58, 
-165, 322, 488, -78, -326, 405, 346, -673, -229, 253, -1068, -48, 
-165, 326, 492, -80, -329, 409, 336, -673, -229, 258, -1068, -48, 
-165, 326, 492, -80, -329, 409, 331, -673, -229, 258, -1063, -48, 
-170, 317, 488, -73, -329, 402, 326, -683, -224, 258, -1063, -48, 
-185, 307, 492, -61, -339, 400, 317, -683, -229, 263, -1063, -58, 
-195, 307, 502, -56, -348, 405, 322, -683, -229, 263, -1068, -58, 
-185, 312, 497, -63, -341, 405, 322, -683, -229, 263, -1073, -58, 
-185, 312, 497, -63, -341, 405, 317, -688, -234, 258, -1078, -53, 
-175, 307, 483, -65, -329, 395, 326, -683, -234, 268, -1068, -53, 
-175, 307, 483, -65, -329, 395, 322, -678, -234, 268, -1068, -53, 
-175, 322, 497, -73, -336, 409, 322, -673, -234, 263, -1068, -53, 
-175, 322, 497, -73, -336, 409, 322, -668, -234, 263, -1068, -48, 
-175, 331, 507, -78, -341, 419, 317, -678, -248, 253, -1078, -48, 
-175, 317, 492, -70, -334, 405, 317, -688, -248, 248, -1078, -48, 
-180, 317, 497, -68, -339, 407, 317, -692, -248, 248, -1078, -48, 
-180, 317, 497, -68, -339, 407, 322, -697, -248, 253, -1078, -53, 
-165, 326, 492, -80, -329, 409, 322, -688, -244, 258, -1088, -53, 
-165, 326, 492, -80, -329, 409, 312, -688, -244, 253, -1088, -48, 
-170, 322, 492, -75, -331, 407, 312, -688, -244, 258, -1088, -48, 
-170, 322, 492, -75, -331, 407, 312, -688, -244, 263, -1088, -48, 
-180, 331, 512, -75, -346, 422, 312, -688, -239, 263, -1078, -39, 
-185, 326, 512, -70, -348, 419, 312, -688, -239, 263, -1078, -39, 
-190, 317, 507, -63, -348, 412, 312, -688, -234, 263, -1078, -39, 
-195, 312, 507, -58, -351, 409, 312, -683, -229, 263, -1078, -39, 
-180, 302, 483, -61, -331, 392, 307, -692, -234, 258, -1093, -53, 
-175, 307, 483, -65, -329, 395, 302, -697, -244, 253, -1102, -58, 
-165, 307, 473, -70, -319, 390, 297, -707, -248, 248, -1107, -63, 
-161, 307, 468, -73, -314, 387, 292, -707, -253, 244, -1112, -73, 
-161, 317, 478, -78, -319, 397, 292, -717, -263, 248, -1102, -63, 
-161, 312, 473, -75, -317, 392, 287, -717, -263, 253, -1102, -63, 
-161, 312, 473, -75, -317, 392, 287, -717, -258, 258, -1102, -63, 
-156, 312, 468, -78, -312, 390, 287, -717, -258, 258, -1102, -63, 
-146, 312, 458, -82, -302, 385, 278, -712, -253, 248, -1112, -63, 
-151, 307, 458, -78, -305, 383, 278, -712, -258, 248, -1107, -63, 
-170, 307, 478, -68, -324, 392, 278, -707, -258, 248, -1102, -63, 
-180, 307, 488, -63, -334, 397, 283, -707, -253, 248, -1102, -63, 
-170, 312, 483, -70, -326, 397, 287, -707, -253, 258, -1102, -63, 
-175, 317, 492, -70, -334, 405, 292, -712, -258, 258, -1107, -63, 
-175, 322, 497, -73, -336, 409, 292, -712, -258, 258, -1117, -68, 
-175, 326, 502, -75, -339, 414, 297, -712, -258, 258, -1117, -68, 
-165, 322, 488, -78, -326, 405, 292, -717, -253, 258, -1112, -63, 
-161, 326, 488, -82, -324, 407, 297, -717, -248, 263, -1112, -63, 
-156, 326, 483, -85, -319, 405, 307, -717, -244, 263, -1107, -63, 
-156, 326, 483, -85, -319, 405, 307, -712, -239, 263, -1107, -63, 
-165, 326, 492, -80, -329, 409, 302, -702, -248, 263, -1098, -53, 
-175, 326, 502, -75, -339, 414, 312, -697, -253, 263, -1102, -53, 
-185, 336, 522, -75, -353, 429, 322, -697, -253, 268, -1102, -53, 
-195, 336, 531, -70, -363, 434, 326, -697, -253, 268, -1098, -53, 
-190, 341, 531, -75, -361, 436, 322, -697, -244, 268, -1102, -63, 
-185, 341, 527, -78, -356, 434, 326, -692, -244, 268, -1107, -63, 
-170, 346, 517, -87, -344, 431, 331, -692, -239, 273, -1112, -63, 
-156, 351, 507, -97, -331, 429, 331, -692, -234, 273, -1107, -63, 
-175, 356, 531, -90, -353, 444, 341, -697, -234, 273, -1112, -53, 
-180, 341, 522, -80, -351, 431, 341, -692, -234, 273, -1112, -53, 
-180, 331, 512, -75, -346, 422, 341, -692, -234, 273, -1112, -53, 
-180, 326, 507, -73, -344, 417, 346, -692, -234, 273, -1112, -53, 
-175, 346, 522, -85, -348, 434, 356, -688, -224, 287, -1112, -53, 
-175, 351, 527, -87, -351, 439, 356, -683, -224, 287, -1112, -53, 
-180, 351, 531, -85, -356, 441, 351, -683, -224, 287, -1112, -53, 
-180, 356, 536, -87, -358, 446, 341, -678, -224, 287, -1112, -53, 
-165, 356, 522, -95, -344, 439, 341, -683, -234, 278, -1112, -63, 
-165, 356, 522, -95, -344, 439, 336, -692, -229, 273, -1112, -63, 
-165, 351, 517, -92, -341, 434, 331, -697, -229, 273, -1117, -58, 
-165, 351, 517, -92, -341, 434, 326, -712, -239, 273, -1117, -58, 
-175, 351, 527, -87, -351, 439, 317, -717, -244, 263, -1117, -63, 
-170, 351, 522, -90, -346, 436, 302, -712, -244, 258, -1117, -63, 
-156, 351, 507, -97, -331, 429, 287, -707, -244, 258, -1117, -63, 
-156, 346, 502, -95, -329, 424, 283, -707, -253, 258, -1117, -58, 
-156, 346, 502, -95, -329, 424, 278, -717, -253, 263, -1127, -48, 
-151, 346, 497, -97, -324, 422, 268, -727, -253, 263, -1127, -48, 
-141, 356, 497, -107, -319, 427, 253, -736, -258, 263, -1132, -48, 
-141, 356, 497, -107, -319, 427, 248, -751, -258, 263, -1132, -48, 
-146, 351, 497, -102, -322, 424, 239, -751, -248, 263, -1122, -39, 
-151, 346, 497, -97, -324, 422, 234, -746, -248, 263, -1122, -39, 
-165, 346, 512, -90, -339, 429, 234, -741, -258, 263, -1117, -39, 
-170, 346, 517, -87, -344, 431, 239, -741, -258, 263, -1112, -39, 
-170, 341, 512, -85, -341, 427, 224, -756, -268, 253, -1127, -43, 
-161, 341, 502, -90, -331, 422, 214, -761, -278, 244, -1137, -43, 
-165, 341, 507, -87, -336, 424, 209, -766, -283, 244, -1141, -48, 
-156, 341, 497, -92, -326, 419, 204, -771, -287, 248, -1146, -53, 
-141, 341, 483, -100, -312, 412, 219, -771, -273, 248, -1146, -58, 
-141, 341, 483, -100, -312, 412, 219, -771, -273, 248, -1141, -58, 
-146, 336, 483, -95, -314, 409, 224, -766, -268, 248, -1141, -53, 
-146, 336, 483, -95, -314, 409, 234, -766, -268, 248, -1141, -53, 
-161, 341, 502, -90, -331, 422, 248, -756, -268, 258, -1141, -53, 
-165, 341, 507, -87, -336, 424, 248, -756, -268, 258, -1141, -53, 
-161, 346, 507, -92, -334, 427, 258, -756, -268, 258, -1141, -53, 
-165, 346, 512, -90, -339, 429, 258, -756, -268, 258, -1141, -53, 
-170, 336, 507, -82, -339, 422, 239, -766, -268, 258, -1141, -53, 
-170, 336, 507, -82, -339, 422, 234, -766, -268, 258, -1141, -53, 
-161, 336, 497, -87, -329, 417, 229, -766, -268, 258, -1141, -53, 
-161, 336, 497, -87, -329, 417, 224, -766, -268, 258, -1141, -58, 
-170, 336, 507, -82, -339, 422, 214, -756, -268, 258, -1141, -48, 
-170, 336, 507, -82, -339, 422, 214, -756, -263, 258, -1141, -48, 
-170, 326, 497, -78, -334, 412, 209, -756, -263, 258, -1151, -48, 
-170, 326, 497, -78, -334, 412, 209, -756, -263, 258, -1151, -53, 
-146, 336, 483, -95, -314, 409, 224, -766, -263, 248, -1151, -58, 
-141, 341, 483, -100, -312, 412, 224, -771, -268, 248, -1151, -58, 
-141, 346, 488, -102, -314, 417, 224, -775, -273, 248, -1151, -58, 
-141, 351, 492, -104, -317, 422, 224, -780, -278, 248, -1151, -58, 
-165, 336, 502, -85, -334, 419, 258, -756, -263, 258, -1151, -58, 
-161, 331, 492, -85, -326, 412, 258, -761, -263, 258, -1151, -58, 
-146, 341, 488, -97, -317, 414, 253, -761, -263, 253, -1151, -58, 
-175, 341, 517, -82, -346, 429, 253, -771, -273, 244, -1171, -68, 
-214, 312, 527, -48, -370, 419, 263, -771, -283, 244, -1180, -78, 
