I, II, III, aVR, aVL, aVF, V1, V2, V3, V4, V5, V6, 
39, 370, 331, -204, -146, 351, -126, 87, 702, 400, 370, 263, 
39, 370, 331, -204, -146, 351, -126, 87, 702, 400, 370, 263, 
39, 370, 331, -204, -146, 351, -126, 87, 702, 400, 370, 263, 
39, 370, 331, -204, -146, 351, -126, 87, 702, 400, 370, 263, 
112, 556, 444, -334, -165, 500, -219, 112, 961, 668, 585, 439, 
185, 732, 546, -458, -180, 639, -312, 126, 1220, 927, 800, 605, 
258, 907, 649, -583, -195, 778, -405, 141, 1478, 1185, 1015, 771, 
331, 1083, 751, -707, -209, 917, -497, 156, 1737, 1444, 1229, 936, 
424, 1283, 858, -854, -217, 1071, -653, 136, 1912, 1683, 1444, 1112, 
517, 1483, 966, -1000, -224, 1224, -800, 117, 2088, 1922, 1659, 1288, 
610, 1683, 1073, -1146, -231, 1378, -946, 97, 2264, 2161, 1873, 1464, 
702, 1883, 1180, -1293, -239, 1532, -1093, 78, 2440, 2400, 2088, 1639, 
746, 1839, 1093, -1293, -173, 1466, -1132, 92, 2327, 2342, 2059, 1620, 
780, 1795, 1015, -1288, -117, 1405, -1161, 107, 2215, 2283, 2030, 1610, 
814, 1751, 936, -1283, -61, 1344, -1190, 122, 2103, 2225, 2000, 1600, 
849, 1708, 858, -1278, -4, 1283, -1220, 136, 1991, 2166, 1971, 1590, 
736, 1454, 717, -1095, 9, 1085, -1088, 117, 1659, 1800, 1668, 1366, 
634, 1200, 566, -917, 34, 883, -956, 97, 1327, 1444, 1376, 1141, 
531, 946, 414, -739, 58, 680, -824, 78, 995, 1088, 1083, 917, 
429, 692, 263, -561, 82, 478, -692, 58, 663, 732, 790, 692, 
331, 580, 248, -456, 41, 414, -595, 4, 458, 507, 590, 546, 
234, 478, 244, -356, -4, 361, -507, -39, 263, 292, 400, 400, 
136, 375, 239, -256, -51, 307, -419, -82, 68, 78, 209, 253, 
39, 273, 234, -156, -97, 253, -331, -126, -126, -136, 19, 107, 
14, 234, 219, -124, -102, 226, -287, -112, -131, -170, -9, 68, 
0, 195, 195, -97, -97, 195, -253, -97, -136, -195, -39, 39, 
-14, 156, 170, -70, -92, 163, -219, -82, -141, -219, -68, 9, 
-29, 117, 146, -43, -87, 131, -185, -68, -146, -244, -97, -19, 
-29, 78, 107, -24, -68, 92, -161, -48, -126, -253, -107, -48, 
-29, 48, 78, -9, -53, 63, -136, -29, -117, -253, -117, -68, 
-29, 19, 48, 4, -39, 34, -112, -9, -107, -253, -126, -87, 
-29, -9, 19, 19, -24, 4, -87, 9, -97, -253, -136, -107, 
-39, -24, 14, 31, -26, -4, -73, 9, -87, -263, -141, -112, 
-39, -29, 9, 34, -24, -9, -68, 9, -87, -263, -146, -117, 
-39, -34, 4, 36, -21, -14, -63, 9, -87, -263, -151, -122, 
-39, -39, 0, 39, -19, -19, -58, 9, -87, -263, -156, -126, 
-48, -43, 4, 46, -26, -19, -48, 9, -92, -273, -170, -136, 
-48, -48, 0, 48, -24, -24, -48, 9, -97, -283, -175, -136, 
-48, -53, -4, 51, -21, -29, -48, 9, -102, -292, -180, -136, 
-48, -58, -9, 53, -19, -34, -48, 9, -107, -302, -185, -136, 
-48, -73, -24, 61, -12, -48, -39, 19, -112, -312, -190, -141, 
-48, -78, -29, 63, -9, -53, -39, 19, -117, -312, -195, -146, 
-48, -82, -34, 65, -7, -58, -39, 19, -122, -312, -200, -151, 
-48, -87, -39, 68, -4, -63, -39, 19, -126, -312, -204, -156, 
-48, -78, -29, 63, -9, -53, -29, 29, -126, -312, -204, -156, 
-48, -78, -29, 63, -9, -53, -29, 29, -126, -312, -204, -156, 
-48, -78, -29, 63, -9, -53, -29, 29, -126, -312, -204, -156, 
-48, -78, -29, 63, -9, -53, -29, 29, -126, -312, -204, -156, 
-58, -87, -29, 73, -14, -58, -29, 19, -126, -312, -195, -156, 
-58, -87, -29, 73, -14, -58, -29, 19, -126, -312, -195, -156, 
-58, -87, -29, 73, -14, -58, -29, 19, -126, -312, -195, -156, 
-58, -87, -29, 73, -14, -58, -29, 19, -126, -312, -195, -156, 
-58, -78, -19, 68, -19, -48, -39, 29, -117, -312, -204, -156, 
-58, -78, -19, 68, -19, -48, -39, 29, -117, -312, -204, -156, 
-58, -78, -19, 68, -19, -48, -39, 29, -117, -312, -204, -156, 
-58, -78, -19, 68, -19, -48, -39, 29, -117, -312, -204, -156, 
-48, -78, -29, 63, -9, -53, -29, 39, -107, -322, -214, -165, 
-48, -78, -29, 63, -9, -53, -29, 39, -107, -322, -214, -165, 
-48, -78, -29, 63, -9, -53, -29, 39, -107, -322, -214, -165, 
-48, -78, -29, 63, -9, -53, -29, 39, -107, -322, -214, -165, 
-48, -68, -19, 58, -14, -43, -29, 39, -97, -312, -204, -165, 
-48, -68, -19, 58, -14, -43, -29, 39, -97, -312, -204, -165, 
-48, -68, -19, 58, -14, -43, -29, 39, -97, -312, -204, -165, 
-48, -68, -19, 58, -14, -43, -29, 39, -97, -312, -204, -165, 
-48, -68, -19, 58, -14, -43, -29, 39, -87, -307, -200, -156, 
-48, -68, -19, 58, -14, -43, -29, 39, -87, -302, -195, -156, 
-48, -68, -19, 58, -14, -43, -29, 39, -87, -297, -190, -156, 
-48, -68, -19, 58, -14, -43, -29, 39, -87, -292, -185, -156, 
-58, -58, 0, 58, -29, -29, -29, 39, -82, -283, -175, -151, 
-58, -58, 0, 58, -29, -29, -29, 39, -78, -283, -175, -146, 
-58, -58, 0, 58, -29, -29, -29, 39, -73, -283, -175, -141, 
-58, -58, 0, 58, -29, -29, -29, 39, -68, -283, -175, -136, 
-53, -53, 0, 53, -26, -26, -39, 48, -63, -273, -175, -146, 
-48, -48, 0, 48, -24, -24, -39, 48, -58, -273, -175, -146, 
-43, -43, 0, 43, -21, -21, -39, 48, -53, -273, -175, -146, 
-39, -39, 0, 39, -19, -19, -39, 48, -48, -273, -175, -146, 
-39, -29, 9, 34, -24, -9, -48, 48, -39, -263, -165, -136, 
-39, -29, 9, 34, -24, -9, -48, 48, -39, -263, -165, -136, 
-39, -29, 9, 34, -24, -9, -48, 48, -39, -263, -165, -136, 
-39, -29, 9, 34, -24, -9, -48, 48, -39, -263, -165, -136, 
-29, -24, 4, 26, -17, -9, -39, 58, -24, -253, -156, -126, 
-29, -19, 9, 24, -19, -4, -39, 58, -19, -253, -156, -126, 
-29, -14, 14, 21, -21, 0, -39, 58, -14, -253, -156, -126, 
-29, -9, 19, 19, -24, 4, -39, 58, -9, -253, -156, -126, 
-29, -9, 19, 19, -24, 4, -39, 68, 4, -239, -146, -126, 
-29, -9, 19, 19, -24, 4, -39, 68, 9, -234, -146, -126, 
-29, -9, 19, 19, -24, 4, -39, 68, 14, -229, -146, -126, 
-29, -9, 19, 19, -24, 4, -39, 68, 19, -224, -146, -126, 
-29, -4, 24, 17, -26, 9, -48, 68, 34, -214, -141, -117, 
-29, 0, 29, 14, -29, 14, -48, 68, 39, -214, -136, -117, 
-29, 4, 34, 12, -31, 19, -48, 68, 43, -214, -131, -117, 
-29, 9, 39, 9, -34, 24, -48, 68, 48, -214, -126, -117, 
-19, 14, 34, 2, -26, 24, -48, 82, 58, -200, -122, -102, 
-19, 19, 39, 0, -29, 29, -48, 87, 68, -195, -117, -97, 
-19, 24, 43, -2, -31, 34, -48, 92, 78, -190, -112, -92, 
-19, 29, 48, -4, -34, 39, -48, 97, 87, -185, -107, -87, 
-9, 43, 53, -17, -31, 48, -58, 97, 107, -170, -92, -82, 
-9, 48, 58, -19, -34, 53, -58, 97, 117, -165, -87, -78, 
-9, 53, 63, -21, -36, 58, -58, 97, 126, -161, -82, -73, 
-9, 58, 68, -24, -39, 63, -58, 97, 136, -156, -78, -68, 
-4, 68, 73, -31, -39, 70, -58, 107, 156, -146, -63, -58, 
0, 78, 78, -39, -39, 78, -58, 107, 165, -136, -58, -58, 
4, 87, 82, -46, -39, 85, -58, 107, 175, -126, -53, -58, 
9, 97, 87, -53, -39, 92, -58, 107, 185, -117, -48, -58, 
9, 112, 102, -61, -46, 107, -68, 112, 200, -97, -34, -43, 
9, 117, 107, -63, -48, 112, -68, 117, 214, -87, -29, -39, 
9, 122, 112, -65, -51, 117, -68, 122, 229, -78, -24, -34, 
9, 126, 117, -68, -53, 122, -68, 126, 244, -68, -19, -29, 
24, 146, 122, -85, -48, 134, -78, 136, 268, -58, -9, -14, 
29, 156, 126, -92, -48, 141, -78, 136, 283, -48, 0, -9, 
34, 165, 131, -100, -48, 148, -78, 136, 297, -39, 9, -4, 
39, 175, 136, -107, -48, 156, -78, 136, 312, -29, 19, 0, 
39, 190, 151, -114, -56, 170, -87, 136, 331, -9, 29, 9, 
39, 204, 165, -122, -63, 185, -87, 136, 341, 0, 39, 19, 
39, 219, 180, -129, -70, 200, -87, 136, 351, 9, 48, 29, 
39, 234, 195, -136, -78, 214, -87, 136, 361, 19, 58, 39, 
43, 248, 204, -146, -80, 226, -97, 151, 385, 34, 68, 53, 
48, 253, 204, -151, -78, 229, -97, 156, 400, 48, 78, 58, 
53, 258, 204, -156, -75, 231, -97, 161, 414, 63, 87, 63, 
58, 263, 204, -161, -73, 234, -97, 165, 429, 78, 97, 68, 
68, 273, 204, -170, -68, 239, -102, 165, 439, 92, 107, 73, 
68, 283, 214, -175, -73, 248, -107, 165, 448, 97, 117, 78, 
68, 292, 224, -180, -78, 258, -112, 165, 458, 102, 126, 82, 
68, 302, 234, -185, -82, 268, -117, 165, 468, 107, 136, 87, 
73, 312, 239, -192, -82, 275, -117, 170, 488, 126, 151, 97, 
78, 322, 244, -200, -82, 283, -117, 175, 497, 136, 156, 107, 
82, 331, 248, -207, -82, 290, -117, 180, 507, 146, 161, 117, 
87, 341, 253, -214, -82, 297, -117, 185, 517, 156, 165, 126, 
97, 356, 258, -226, -80, 307, -122, 175, 527, 165, 170, 131, 
97, 361, 263, -229, -82, 312, -126, 175, 527, 165, 175, 136, 
97, 366, 268, -231, -85, 317, -131, 175, 527, 165, 180, 141, 
97, 370, 273, -234, -87, 322, -136, 175, 527, 165, 185, 146, 
97, 380, 283, -239, -92, 331, -146, 165, 536, 175, 195, 156, 
97, 380, 283, -239, -92, 331, -146, 165, 536, 175, 195, 156, 
97, 380, 283, -239, -92, 331, -146, 165, 536, 175, 195, 156, 
97, 380, 283, -239, -92, 331, -146, 165, 536, 175, 195, 156, 
87, 390, 302, -239, -107, 346, -146, 161, 531, 175, 185, 156, 
87, 390, 302, -239, -107, 346, -146, 156, 527, 175, 185, 156, 
87, 390, 302, -239, -107, 346, -146, 151, 522, 175, 185, 156, 
87, 390, 302, -239, -107, 346, -146, 146, 517, 175, 185, 156, 
78, 375, 297, -226, -109, 336, -156, 131, 492, 161, 170, 146, 
78, 370, 292, -224, -107, 331, -156, 126, 468, 146, 165, 136, 
78, 366, 287, -222, -104, 326, -156, 122, 444, 131, 161, 126, 
78, 361, 283, -219, -102, 322, -156, 117, 419, 117, 156, 117, 
68, 346, 278, -207, -104, 312, -146, 102, 400, 102, 136, 107, 
68, 331, 263, -200, -97, 297, -146, 97, 380, 87, 126, 97, 
68, 317, 248, -192, -90, 283, -146, 92, 361, 73, 117, 87, 
68, 302, 234, -185, -82, 268, -146, 87, 341, 58, 107, 78, 
53, 287, 234, -170, -90, 261, -146, 73, 307, 39, 82, 63, 
48, 273, 224, -161, -87, 248, -146, 68, 283, 19, 68, 48, 
43, 258, 214, -151, -85, 236, -146, 63, 258, 0, 53, 34, 
39, 244, 204, -141, -82, 224, -146, 58, 234, -19, 39, 19, 
29, 229, 200, -129, -85, 214, -146, 43, 200, -48, 14, 0, 
29, 214, 185, -122, -78, 200, -146, 39, 175, -68, 0, -9, 
29, 200, 170, -114, -70, 185, -146, 34, 151, -87, -14, -19, 
29, 185, 156, -107, -63, 170, -146, 29, 126, -107, -29, -29, 
14, 161, 146, -87, -65, 153, -141, 19, 102, -122, -48, -39, 
9, 146, 136, -78, -63, 141, -136, 19, 87, -136, -58, -48, 
4, 131, 126, -68, -61, 129, -131, 19, 73, -151, -68, -58, 
0, 117, 117, -58, -58, 117, -126, 19, 58, -165, -78, -68, 
-4, 102, 107, -48, -56, 104, -117, 14, 39, -185, -87, -78, 
-9, 97, 107, -43, -58, 102, -117, 9, 19, -195, -97, -87, 
-14, 92, 107, -39, -61, 100, -117, 4, 0, -204, -107, -97, 
-19, 87, 107, -34, -63, 97, -117, 0, -19, -214, -117, -107, 
-19, 78, 97, -29, -58, 87, -107, 0, -39, -234, -131, -112, 
-19, 68, 87, -24, -53, 78, -107, 0, -48, -244, -136, -117, 
-19, 58, 78, -19, -48, 68, -107, 0, -58, -253, -141, -122, 
-19, 48, 68, -14, -43, 58, -107, 0, -68, -263, -146, -126, 
-24, 34, 58, -4, -41, 46, -97, -9, -73, -273, -161, -131, 
-29, 29, 58, 0, -43, 43, -97, -9, -78, -283, -165, -136, 
-34, 24, 58, 4, -46, 41, -97, -9, -82, -292, -170, -141, 
-39, 19, 58, 9, -48, 39, -97, -9, -87, -302, -175, -146, 
-39, 19, 58, 9, -48, 39, -107, -19, -102, -317, -185, -161, 
-39, 19, 58, 9, -48, 39, -107, -19, -107, -322, -185, -165, 
-39, 19, 58, 9, -48, 39, -107, -19, -112, -326, -185, -170, 
-39, 19, 58, 9, -48, 39, -107, -19, -117, -331, -185, -175, 
-39, 9, 48, 14, -43, 29, -97, -9, -117, -331, -195, -175, 
-39, 9, 48, 14, -43, 29, -97, -9, -117, -331, -195, -175, 
-39, 9, 48, 14, -43, 29, -97, -9, -117, -331, -195, -175, 
-39, 9, 48, 14, -43, 29, -97, -9, -117, -331, -195, -175, 
-39, 4, 43, 17, -41, 24, -97, -9, -117, -331, -204, -185, 
-39, 0, 39, 19, -39, 19, -97, -9, -117, -331, -204, -185, 
-39, -4, 34, 21, -36, 14, -97, -9, -117, -331, -204, -185, 
-39, -9, 29, 24, -34, 9, -97, -9, -117, -331, -204, -185, 
-39, -9, 29, 24, -34, 9, -97, -9, -117, -331, -204, -175, 
-39, -9, 29, 24, -34, 9, -97, -9, -117, -331, -204, -175, 
-39, -9, 29, 24, -34, 9, -97, -9, -117, -331, -204, -175, 
-39, -9, 29, 24, -34, 9, -97, -9, -117, -331, -204, -175, 
-29, -9, 19, 19, -24, 4, -107, -9, -126, -341, -214, -185, 
-29, -9, 19, 19, -24, 4, -107, -9, -126, -341, -214, -185, 
-29, -9, 19, 19, -24, 4, -107, -9, -126, -341, -214, -185, 
-29, -9, 19, 19, -24, 4, -107, -9, -126, -341, -214, -185, 
-29, 0, 29, 14, -29, 14, -107, -9, -117, -341, -209, -185, 
-29, 0, 29, 14, -29, 14, -107, -9, -117, -341, -204, -185, 
-29, 0, 29, 14, -29, 14, -107, -9, -117, -341, -200, -185, 
-29, 0, 29, 14, -29, 14, -107, -9, -117, -341, -195, -185, 
-39, 0, 39, 19, -39, 19, -97, -9, -107, -341, -195, -175, 
-39, 0, 39, 19, -39, 19, -97, -9, -107, -341, -195, -175, 
-39, 0, 39, 19, -39, 19, -97, -9, -107, -341, -195, -175, 
-39, 0, 39, 19, -39, 19, -97, -9, -107, -341, -195, -175, 
-39, -9, 29, 24, -34, 9, -97, -9, -107, -341, -204, -175, 
-39, -9, 29, 24, -34, 9, -97, -9, -107, -341, -204, -175, 
-39, -9, 29, 24, -34, 9, -97, -9, -107, -341, -204, -175, 
-39, -9, 29, 24, -34, 9, -97, -9, -107, -341, -204, -175, 
-29, -9, 19, 19, -24, 4, -97, 0, -107, -341, -204, -185, 
-29, -9, 19, 19, -24, 4, -97, 0, -107, -341, -204, -185, 
-29, -9, 19, 19, -24, 4, -97, 0, -107, -341, -204, -185, 
-29, -9, 19, 19, -24, 4, -97, 0, -107, -341, -204, -185, 
-39, 0, 39, 19, -39, 19, -97, -9, -117, -351, -214, -195, 
-39, 0, 39, 19, -39, 19, -97, -9, -117, -351, -214, -195, 
-39, 0, 39, 19, -39, 19, -97, -9, -117, -351, -214, -195, 
-39, 0, 39, 19, -39, 19, -97, -9, -117, -351, -214, -195, 
-39, 0, 39, 19, -39, 19, -97, -9, -107, -351, -224, -195, 
-39, 0, 39, 19, -39, 19, -97, -9, -107, -351, -224, -195, 
-39, 0, 39, 19, -39, 19, -97, -9, -107, -351, -224, -195, 
-39, 0, 39, 19, -39, 19, -97, -9, -107, -351, -224, -195, 
-39, -9, 29, 24, -34, 9, -87, 0, -107, -341, -214, -185, 
-39, -9, 29, 24, -34, 9, -87, 0, -107, -341, -214, -185, 
-39, -9, 29, 24, -34, 9, -87, 0, -107, -341, -214, -185, 
-39, -9, 29, 24, -34, 9, -87, 0, -107, -341, -214, -185, 
-39, -19, 19, 29, -29, 0, -97, 0, -107, -351, -204, -195, 
-39, -19, 19, 29, -29, 0, -97, 0, -107, -351, -204, -195, 
-39, -19, 19, 29, -29, 0, -97, 0, -107, -351, -204, -195, 
-39, -19, 19, 29, -29, 0, -97, 0, -107, -351, -204, -195, 
-39, -14, 24, 26, -31, 4, -97, -9, -117, -351, -214, -195, 
-39, -9, 29, 24, -34, 9, -97, -9, -117, -351, -214, -195, 
-39, -4, 34, 21, -36, 14, -97, -9, -117, -351, -214, -195, 
-39, 0, 39, 19, -39, 19, -97, -9, -117, -351, -214, -195, 
-29, 4, 34, 12, -31, 19, -107, -9, -107, -351, -214, -195, 
-29, 9, 39, 9, -34, 24, -107, -9, -107, -351, -214, -195, 
-29, 14, 43, 7, -36, 29, -107, -9, -107, -351, -214, -195, 
-29, 19, 48, 4, -39, 34, -107, -9, -107, -351, -214, -195, 
-29, 19, 48, 4, -39, 34, -107, -19, -107, -341, -204, -195, 
-29, 19, 48, 4, -39, 34, -107, -19, -107, -341, -204, -195, 
-29, 19, 48, 4, -39, 34, -107, -19, -107, -341, -204, -195, 
-29, 19, 48, 4, -39, 34, -107, -19, -107, -341, -204, -195, 
-39, 19, 58, 9, -48, 39, -107, -9, -107, -341, -204, -185, 
-39, 19, 58, 9, -48, 39, -107, -9, -107, -341, -204, -185, 
-39, 19, 58, 9, -48, 39, -107, -9, -107, -341, -204, -185, 
-39, 19, 58, 9, -48, 39, -107, -9, -107, -341, -204, -185, 
-39, 9, 48, 14, -43, 29, -107, -19, -107, -341, -204, -185, 
-39, 9, 48, 14, -43, 29, -107, -19, -107, -341, -204, -185, 
-39, 9, 48, 14, -43, 29, -107, -19, -107, -341, -204, -185, 
-39, 9, 48, 14, -43, 29, -107, -19, -107, -341, -204, -185, 
-29, 19, 48, 4, -39, 34, -112, -19, -117, -351, -214, -195, 
-29, 19, 48, 4, -39, 34, -117, -19, -117, -351, -214, -195, 
-29, 19, 48, 4, -39, 34, -122, -19, -117, -351, -214, -195, 
-29, 19, 48, 4, -39, 34, -126, -19, -117, -351, -214, -195, 
-29, 29, 58, 0, -43, 43, -126, -19, -107, -341, -214, -195, 
-29, 29, 58, 0, -43, 43, -126, -19, -107, -341, -214, -195, 
-29, 29, 58, 0, -43, 43, -126, -19, -107, -341, -214, -195, 
-29, 29, 58, 0, -43, 43, -126, -19, -107, -341, -214, -195, 
-19, 29, 48, -4, -34, 39, -117, -19, -107, -341, -204, -185, 
-19, 29, 48, -4, -34, 39, -117, -19, -107, -341, -204, -185, 
-19, 29, 48, -4, -34, 39, -117, -19, -107, -341, -204, -185, 
-19, 29, 48, -4, -34, 39, -117, -19, -107, -341, -204, -185, 
-29, 29, 58, 0, -43, 43, -126, -29, -117, -341, -195, -175, 
-29, 29, 58, 0, -43, 43, -126, -29, -117, -341, -195, -175, 
-29, 29, 58, 0, -43, 43, -126, -29, -117, -341, -195, -175, 
-29, 29, 58, 0, -43, 43, -126, -29, -117, -341, -195, -175, 
-29, 29, 58, 0, -43, 43, -126, -29, -117, -351, -200, -180, 
-29, 29, 58, 0, -43, 43, -126, -29, -117, -351, -204, -185, 
-29, 29, 58, 0, -43, 43, -126, -29, -117, -351, -209, -190, 
-29, 29, 58, 0, -43, 43, -126, -29, -117, -351, -214, -195, 
-19, 29, 48, -4, -34, 39, -126, -29, -126, -356, -224, -204, 
-19, 29, 48, -4, -34, 39, -126, -29, -126, -361, -224, -204, 
-19, 29, 48, -4, -34, 39, -126, -29, -126, -366, -224, -204, 
-19, 29, 48, -4, -34, 39, -126, -29, -126, -370, -224, -204, 
-19, 29, 48, -4, -34, 39, -126, -29, -126, -366, -214, -195, 
-19, 29, 48, -4, -34, 39, -126, -29, -126, -361, -214, -195, 
-19, 29, 48, -4, -34, 39, -126, -29, -126, -356, -214, -195, 
-19, 29, 48, -4, -34, 39, -126, -29, -126, -351, -214, -195, 
-29, 29, 58, 0, -43, 43, -117, -19, -126, -341, -214, -195, 
-29, 29, 58, 0, -43, 43, -117, -19, -126, -341, -214, -195, 
-29, 29, 58, 0, -43, 43, -117, -19, -126, -341, -214, -195, 
-29, 29, 58, 0, -43, 43, -117, -19, -126, -341, -214, -195, 
-29, 29, 58, 0, -43, 43, -117, -29, -126, -346, -214, -204, 
-29, 29, 58, 0, -43, 43, -117, -29, -126, -351, -214, -204, 
-29, 29, 58, 0, -43, 43, -117, -29, -126, -356, -214, -204, 
-29, 29, 58, 0, -43, 43, -117, -29, -126, -361, -214, -204, 
-29, 19, 48, 4, -39, 34, -126, -29, -131, -370, -219, -214, 
-29, 19, 48, 4, -39, 34, -126, -29, -136, -370, -224, -214, 
-29, 19, 48, 4, -39, 34, -126, -29, -141, -370, -229, -214, 
-29, 19, 48, 4, -39, 34, -126, -29, -146, -370, -234, -214, 
-29, 19, 48, 4, -39, 34, -117, -29, -136, -361, -234, -204, 
-29, 19, 48, 4, -39, 34, -117, -29, -136, -361, -234, -204, 
-29, 19, 48, 4, -39, 34, -117, -29, -136, -361, -234, -204, 
-29, 19, 48, 4, -39, 34, -117, -29, -136, -361, -234, -204, 
-29, 19, 48, 4, -39, 34, -117, -19, -136, -361, -229, -204, 
-29, 19, 48, 4, -39, 34, -117, -19, -136, -361, -224, -204, 
-29, 19, 48, 4, -39, 34, -117, -19, -136, -361, -219, -204, 
-29, 19, 48, 4, -39, 34, -117, -19, -136, -361, -214, -204, 
-19, 9, 29, 4, -24, 19, -117, -29, -146, -370, -229, -214, 
-19, 9, 29, 4, -24, 19, -117, -29, -146, -370, -234, -214, 
-19, 9, 29, 4, -24, 19, -117, -29, -146, -370, -239, -214, 
-19, 9, 29, 4, -24, 19, -117, -29, -146, -370, -244, -214, 
-24, 19, 43, 2, -34, 31, -117, -29, -146, -380, -244, -224, 
-29, 19, 48, 4, -39, 34, -117, -29, -146, -380, -244, -224, 
-34, 19, 53, 7, -43, 36, -117, -29, -146, -380, -244, -224, 
-39, 19, 58, 9, -48, 39, -117, -29, -146, -380, -244, -224, 
-29, 19, 48, 4, -39, 34, -126, -39, -156, -390, -244, -224, 
-29, 19, 48, 4, -39, 34, -126, -39, -156, -390, -244, -224, 
-29, 19, 48, 4, -39, 34, -126, -39, -156, -390, -244, -224, 
-29, 19, 48, 4, -39, 34, -126, -39, -156, -390, -244, -224, 
-19, 19, 39, 0, -29, 29, -126, -39, -156, -390, -234, -214, 
-19, 19, 39, 0, -29, 29, -126, -39, -156, -390, -234, -214, 
-19, 19, 39, 0, -29, 29, -126, -39, -156, -390, -234, -214, 
-19, 19, 39, 0, -29, 29, -126, -39, -156, -390, -234, -214, 
-29, 9, 39, 9, -34, 24, -117, -39, -146, -380, -234, -214, 
-29, 9, 39, 9, -34, 24, -117, -39, -146, -380, -234, -214, 
-29, 9, 39, 9, -34, 24, -117, -39, -146, -380, -234, -214, 
-29, 9, 39, 9, -34, 24, -117, -39, -146, -380, -234, -214, 
-29, 14, 43, 7, -36, 29, -117, -39, -146, -385, -239, -219, 
-29, 19, 48, 4, -39, 34, -117, -39, -146, -390, -244, -224, 
-29, 24, 53, 2, -41, 39, -117, -39, -146, -395, -248, -229, 
-29, 29, 58, 0, -43, 43, -117, -39, -146, -400, -253, -234, 
-29, 19, 48, 4, -39, 34, -117, -39, -156, -400, -253, -234, 
-29, 19, 48, 4, -39, 34, -117, -39, -156, -400, -253, -234, 
-29, 19, 48, 4, -39, 34, -117, -39, -156, -400, -253, -234, 
-29, 19, 48, 4, -39, 34, -117, -39, -156, -400, -253, -234, 
-29, 29, 58, 0, -43, 43, -117, -39, -156, -390, -253, -224, 
-29, 29, 58, 0, -43, 43, -117, -39, -156, -390, -253, -224, 
-29, 29, 58, 0, -43, 43, -117, -39, -156, -390, -253, -224, 
-29, 29, 58, 0, -43, 43, -117, -39, -156, -390, -253, -224, 
-29, 19, 48, 4, -39, 34, -117, -39, -156, -390, -244, -224, 
-29, 19, 48, 4, -39, 34, -117, -39, -156, -390, -244, -224, 
-29, 19, 48, 4, -39, 34, -117, -39, -156, -390, -244, -224, 
-29, 19, 48, 4, -39, 34, -117, -39, -156, -390, -244, -224, 
-39, 34, 73, 2, -56, 53, -126, -48, -156, -390, -244, -224, 
-39, 39, 78, 0, -58, 58, -126, -48, -156, -390, -244, -224, 
-39, 43, 82, -2, -61, 63, -126, -48, -156, -390, -244, -224, 
-39, 48, 87, -4, -63, 68, -126, -48, -156, -390, -244, -224, 
-29, 58, 87, -14, -58, 73, -126, -58, -151, -375, -239, -219, 
-29, 68, 97, -19, -63, 82, -126, -58, -146, -370, -234, -214, 
-29, 78, 107, -24, -68, 92, -126, -58, -141, -366, -229, -209, 
-29, 87, 117, -29, -73, 102, -126, -58, -136, -361, -224, -204, 
-14, 87, 102, -36, -58, 95, -131, -48, -122, -351, -214, -200, 
-14, 87, 102, -36, -58, 95, -131, -48, -117, -346, -214, -190, 
-14, 87, 102, -36, -58, 95, -131, -48, -112, -346, -214, -180, 
-14, 92, 107, -39, -61, 100, -131, -48, -112, -346, -214, -175, 
-19, 112, 131, -46, -75, 122, -141, -58, -112, -361, -219, -180, 
-14, 117, 131, -51, -73, 124, -141, -58, -112, -361, -219, -185, 
-14, 122, 136, -53, -75, 129, -141, -53, -112, -361, -224, -190, 
-14, 126, 141, -56, -78, 134, -141, -53, -112, -361, -229, -200, 
-14, 126, 141, -56, -78, 134, -136, -43, -112, -361, -224, -200, 
-14, 126, 141, -56, -78, 134, -136, -43, -107, -361, -224, -200, 
-14, 131, 146, -58, -80, 139, -146, -48, -107, -351, -224, -195, 
-14, 141, 156, -63, -85, 148, -141, -58, -107, -351, -224, -185, 
-14, 141, 156, -63, -85, 148, -156, -63, -97, -336, -224, -175, 
-14, 146, 161, -65, -87, 153, -161, -68, -97, -336, -219, -175, 
-4, 146, 151, -70, -78, 148, -170, -68, -97, -336, -219, -170, 
-4, 151, 156, -73, -80, 153, -185, -73, -97, -331, -214, -170, 
0, 170, 170, -85, -85, 170, -204, -82, -97, -317, -200, -156, 
9, 185, 175, -97, -82, 180, -209, -87, -97, -317, -195, -156, 
14, 200, 185, -107, -85, 192, -214, -87, -92, -312, -195, -146, 
19, 214, 195, -117, -87, 204, -224, -82, -87, -302, -185, -141, 
29, 224, 195, -126, -82, 209, -234, -73, -87, -302, -180, -131, 
29, 234, 204, -131, -87, 219, -234, -73, -78, -292, -170, -126, 
39, 244, 204, -141, -82, 224, -234, -73, -73, -292, -165, -122, 
48, 253, 204, -151, -78, 229, -234, -68, -73, -292, -161, -122, 
63, 239, 175, -151, -56, 207, -224, -58, -73, -292, -161, -122, 
63, 224, 161, -143, -48, 192, -219, -53, -73, -283, -161, -122, 
63, 219, 156, -141, -46, 187, -219, -53, -78, -278, -161, -117, 
68, 209, 141, -139, -36, 175, -214, -48, -78, -278, -161, -117, 
63, 185, 122, -124, -29, 153, -204, -43, -73, -297, -180, -126, 
48, 165, 117, -107, -34, 141, -195, -39, -78, -302, -180, -131, 
39, 141, 102, -90, -31, 122, -180, -34, -82, -307, -185, -141, 
19, 122, 102, -70, -41, 112, -170, -19, -92, -322, -190, -146, 
24, 102, 78, -63, -26, 90, -170, -19, -92, -317, -190, -146, 
19, 87, 68, -53, -24, 78, -165, -19, -102, -326, -195, -151, 
9, 68, 58, -39, -24, 63, -161, -19, -112, -336, -204, -165, 
4, 53, 48, -29, -21, 51, -151, -14, -117, -336, -219, -170, 
-4, 53, 58, -24, -31, 56, -146, -24, -122, -346, -224, -175, 
-9, 39, 48, -14, -29, 43, -141, -29, -126, -346, -229, -175, 
-14, 24, 39, -4, -26, 31, -136, -29, -131, -356, -239, -180, 
-19, 14, 34, 2, -26, 24, -126, -29, -136, -366, -239, -190, 
-19, -9, 9, 14, -14, 0, -122, -39, -156, -380, -253, -200, 
-24, -14, 9, 19, -17, -2, -117, -39, -161, -385, -258, -209, 
-24, -34, -9, 29, -7, -21, -112, -34, -161, -385, -263, -219, 
-24, -34, -9, 29, -7, -21, -107, -24, -170, -390, -268, -229, 
-24, -48, -24, 36, 0, -36, -112, -24, -170, -405, -283, -234, 
-24, -48, -24, 36, 0, -36, -107, -29, -175, -409, -283, -234, 
-29, -58, -29, 43, 0, -43, -107, -29, -185, -414, -287, -244, 
-29, -68, -39, 48, 4, -53, -102, -24, -185, -419, -292, -244, 
-39, -63, -24, 51, -7, -43, -97, -24, -195, -419, -297, -244, 
-29, -63, -34, 46, 2, -48, -97, -19, -195, -419, -302, -248, 
-29, -58, -29, 43, 0, -43, -97, -19, -195, -424, -302, -253, 
-29, -53, -24, 41, -2, -39, -97, -19, -195, -424, -302, -253, 
-34, -68, -34, 51, 0, -51, -92, -9, -185, -424, -302, -253, 
-34, -73, -39, 53, 2, -56, -92, -9, -185, -424, -302, -253, 
-39, -78, -39, 58, 0, -58, -92, -9, -190, -429, -307, -258, 
-39, -78, -39, 58, 0, -58, -87, -9, -190, -429, -307, -258, 
-34, -78, -43, 56, 4, -61, -87, -19, -190, -419, -302, -248, 
-34, -73, -39, 53, 2, -56, -87, -19, -190, -414, -302, -248, 
-34, -73, -39, 53, 2, -56, -92, -19, -190, -414, -297, -253, 
-34, -82, -48, 58, 7, -65, -92, -19, -190, -424, -297, -253, 
-34, -92, -58, 63, 12, -75, -92, -19, -195, -424, -302, -253, 
-34, -87, -53, 61, 9, -70, -87, -19, -195, -424, -302, -253, 
-39, -87, -48, 63, 4, -68, -87, -19, -200, -424, -302, -253, 
-43, -87, -43, 65, 0, -65, -87, -19, -204, -424, -302, -253, 
-34, -92, -58, 63, 12, -75, -87, -24, -204, -434, -312, -253, 
-34, -92, -58, 63, 12, -75, -87, -24, -204, -434, -312, -258, 
-34, -92, -58, 63, 12, -75, -82, -29, -204, -434, -312, -258, 
-34, -92, -58, 63, 12, -75, -82, -29, -204, -434, -312, -258, 
-43, -92, -48, 68, 2, -70, -87, -19, -204, -424, -302, -248, 
-43, -87, -43, 65, 0, -65, -87, -19, -204, -419, -302, -248, 
-43, -87, -43, 65, 0, -65, -87, -19, -204, -419, -302, -248, 
-43, -87, -43, 65, 0, -65, -87, -19, -204, -424, -302, -248, 
-53, -87, -34, 70, -9, -61, -78, -29, -195, -434, -312, -258, 
-53, -87, -34, 70, -9, -61, -78, -29, -195, -429, -312, -253, 
-53, -87, -34, 70, -9, -61, -78, -29, -195, -429, -312, -253, 
-53, -87, -34, 70, -9, -61, -78, -29, -195, -429, -317, -253, 
-43, -78, -34, 61, -4, -56, -87, -39, -195, -419, -307, -253, 
-48, -78, -29, 63, -9, -53, -87, -39, -195, -419, -302, -253, 
-48, -78, -29, 63, -9, -53, -87, -34, -195, -419, -302, -253, 
-48, -78, -29, 63, -9, -53, -87, -34, -195, -419, -302, -253, 
-39, -78, -39, 58, 0, -58, -82, -29, -195, -429, -312, -253, 
-39, -87, -48, 63, 4, -68, -78, -24, -195, -429, -312, -258, 
-39, -87, -48, 63, 4, -68, -68, -24, -195, -434, -312, -258, 
-39, -87, -48, 63, 4, -68, -68, -24, -195, -444, -322, -263, 
-39, -82, -43, 61, 2, -63, -53, -14, -195, -444, -322, -263, 
-48, -82, -34, 65, -7, -58, -39, -14, -170, -439, -322, -273, 
-39, -58, -19, 48, -9, -39, -39, -14, -141, -419, -302, -258, 
-34, -9, 24, 21, -29, 7, -53, -19, -78, -370, -268, -224, 
-34, 53, 87, -9, -61, 70, -78, -19, 4, -302, -209, -185, 
-29, 112, 141, -41, -85, 126, -92, -29, 117, -209, -141, -131, 
-9, 180, 190, -85, -100, 185, -117, -19, 253, -97, -53, -58, 
24, 263, 239, -143, -107, 251, -141, 9, 448, 68, 78, 43, 
58, 370, 312, -214, -126, 341, -165, 48, 683, 283, 239, 156, 
87, 512, 424, -300, -168, 468, -204, 82, 922, 502, 424, 287, 
146, 673, 527, -409, -190, 600, -253, 102, 1166, 746, 624, 448, 
229, 868, 639, -549, -204, 753, -346, 112, 1454, 1039, 883, 639, 
331, 1093, 761, -712, -214, 927, -468, 131, 1756, 1351, 1137, 849, 
439, 1317, 878, -878, -219, 1098, -610, 122, 2015, 1639, 1381, 1039, 
546, 1561, 1015, -1054, -234, 1288, -771, 97, 2235, 1912, 1625, 1234, 
634, 1790, 1156, -1212, -261, 1473, -932, 48, 2415, 2176, 1859, 1429, 
712, 1966, 1254, -1339, -270, 1610, -1078, 29, 2542, 2396, 2059, 1595, 
785, 2078, 1293, -1432, -253, 1686, -1195, 29, 2605, 2532, 2181, 1712, 
824, 2122, 1298, -1473, -236, 1710, -1278, 14, 2566, 2562, 2225, 1766, 
849, 2088, 1239, -1468, -195, 1664, -1327, 24, 2430, 2508, 2196, 1766, 
863, 1922, 1058, -1393, -97, 1490, -1298, 68, 2235, 2342, 2078, 1678, 
834, 1629, 795, -1232, 19, 1212, -1185, 122, 1932, 2039, 1844, 1488, 
736, 1327, 590, -1032, 73, 958, -1049, 92, 1542, 1620, 1507, 1224, 
590, 1029, 439, -810, 75, 734, -907, 24, 1107, 1151, 1122, 932, 
453, 751, 297, -602, 78, 524, -746, -29, 732, 702, 741, 639, 
331, 561, 229, -446, 51, 395, -610, -68, 463, 385, 458, 414, 
224, 448, 224, -336, 0, 336, -512, -97, 292, 170, 258, 253, 
131, 351, 219, -241, -43, 285, -439, -131, 92, -48, 68, 117, 
43, 273, 229, -158, -92, 251, -385, -190, -161, -253, -97, -9, 
-14, 229, 244, -107, -129, 236, -341, -209, -263, -341, -175, -68, 
-24, 214, 239, -95, -131, 226, -292, -165, -214, -331, -170, -73, 
-29, 180, 209, -75, -119, 195, -263, -141, -190, -317, -170, -92, 
-34, 141, 175, -53, -104, 158, -234, -126, -190, -336, -204, -126, 
-19, 107, 126, -43, -73, 117, -200, -102, -161, -346, -219, -151, 
4, 73, 68, -39, -31, 70, -170, -82, -136, -356, -234, -175, 
19, 53, 34, -36, -7, 43, -146, -68, -136, -366, -253, -190, 
19, 19, 0, -19, 9, 9, -136, -53, -117, -375, -268, -195, 
19, -9, -29, -4, 24, -19, -126, -34, -97, -366, -263, -200, 
4, -24, -29, 9, 17, -26, -122, -24, -92, -356, -258, -200, 
-19, -39, -19, 29, 0, -29, -112, -24, -82, -356, -258, -204, 
-34, -48, -14, 41, -9, -31, -102, -24, -87, -361, -253, -200, 
-24, -39, -14, 31, -4, -26, -97, -24, -92, -370, -258, -209, 
-24, -29, -4, 26, -9, -17, -97, -24, -102, -375, -273, -219, 
-34, -39, -4, 36, -14, -21, -92, -29, -102, -390, -278, -229, 
-34, -58, -24, 46, -4, -41, -87, -39, -117, -400, -287, -234, 
-24, -63, -39, 43, 7, -51, -87, -39, -131, -419, -302, -239, 
-14, -73, -58, 43, 21, -65, -92, -39, -136, -424, -307, -239, 
-14, -73, -58, 43, 21, -65, -87, -39, -136, -424, -307, -239, 
-19, -73, -53, 46, 17, -63, -87, -39, -131, -419, -307, -244, 
-19, -78, -58, 48, 19, -68, -87, -29, -131, -419, -307, -248, 
-29, -78, -48, 53, 9, -63, -78, -29, -131, -419, -307, -248, 
-29, -78, -48, 53, 9, -63, -78, -24, -131, -419, -307, -248, 
-34, -78, -43, 56, 4, -61, -78, -24, -126, -419, -312, -244, 
-34, -78, -43, 56, 4, -61, -82, -29, -126, -424, -312, -244, 
-34, -78, -43, 56, 4, -61, -82, -19, -131, -424, -307, -248, 
-29, -82, -53, 56, 12, -68, -78, -19, -131, -424, -307, -248, 
-29, -82, -53, 56, 12, -68, -68, -14, -131, -424, -307, -248, 
-29, -78, -48, 53, 9, -63, -68, -14, -131, -424, -302, -244, 
-39, -78, -39, 58, 0, -58, -68, -19, -126, -414, -302, -248, 
-39, -78, -39, 58, 0, -58, -68, -19, -126, -409, -297, -248, 
-39, -78, -39, 58, 0, -58, -68, -24, -126, -409, -297, -248, 
-39, -78, -39, 58, 0, -58, -68, -24, -122, -409, -297, -248, 
-34, -63, -29, 48, -2, -46, -82, -29, -117, -419, -307, -248, 
-29, -63, -34, 46, 2, -48, -82, -29, -117, -419, -307, -248, 
-24, -63, -39, 43, 7, -51, -82, -29, -117, -414, -307, -248, 
-19, -63, -43, 41, 12, -53, -82, -29, -112, -414, -302, -248, 
-29, -73, -43, 51, 7, -58, -73, -19, -107, -414, -302, -248, 
-29, -68, -39, 48, 4, -53, -73, -19, -107, -409, -302, -248, 
-29, -68, -39, 48, 4, -53, -73, -19, -107, -409, -297, -248, 
-29, -68, -39, 48, 4, -53, -73, -19, -97, -409, -297, -248, 
-39, -58, -19, 48, -9, -39, -73, -19, -107, -405, -297, -248, 
-39, -58, -19, 48, -9, -39, -73, -14, -107, -400, -287, -248, 
-34, -58, -24, 46, -4, -41, -73, -14, -102, -400, -283, -248, 
-34, -58, -24, 46, -4, -41, -73, -14, -97, -395, -283, -244, 
-34, -48, -14, 41, -9, -31, -73, -14, -92, -405, -292, -244, 
-29, -48, -19, 39, -4, -34, -73, -14, -92, -400, -287, -244, 
-24, -48, -24, 36, 0, -36, -73, -14, -87, -400, -287, -244, 
-14, -48, -34, 31, 9, -41, -73, -14, -82, -395, -287, -244, 
-24, -43, -19, 34, -2, -31, -82, -14, -73, -395, -297, -239, 
-24, -43, -19, 34, -2, -31, -82, -14, -68, -395, -297, -239, 
-24, -39, -14, 31, -4, -26, -82, -9, -63, -385, -287, -234, 
-24, -39, -14, 31, -4, -26, -78, -9, -58, -380, -287, -234, 
-34, -34, 0, 34, -17, -17, -78, -14, -53, -380, -273, -234, 
-29, -34, -4, 31, -12, -19, -78, -9, -48, -380, -273, -234, 
-19, -34, -14, 26, -2, -24, -82, -9, -43, -380, -273, -229, 
-19, -19, 0, 19, -9, -9, -82, -9, -39, -370, -263, -224, 
-14, -24, -9, 19, -2, -17, -82, -9, -43, -356, -248, -204, 
-14, -19, -4, 17, -4, -12, -82, -9, -34, -351, -248, -204, 
-9, -14, -4, 12, -2, -9, -82, -9, -29, -346, -248, -204, 
-4, -14, -9, 9, 2, -12, -82, -9, -24, -346, -244, -209, 
-4, -14, -9, 9, 2, -12, -82, -4, -9, -341, -239, -209, 
-4, -4, 0, 4, -2, -2, -82, -4, -4, -331, -234, -195, 
-9, -4, 4, 7, -7, 0, -82, -4, 0, -326, -229, -190, 
-9, -4, 4, 7, -7, 0, -82, -4, 4, -326, -229, -190, 
0, 0, 0, 0, 0, 0, -78, 4, 4, -331, -229, -190, 
4, 4, 0, -4, 2, 2, -78, 4, 14, -326, -229, -190, 
4, 4, 0, -4, 2, 2, -82, 14, 19, -322, -219, -180, 
9, 9, 0, -9, 4, 4, -82, 14, 24, -317, -214, -180, 
4, 14, 9, -9, -2, 12, -92, 14, 34, -322, -219, -185, 
4, 24, 19, -14, -7, 21, -92, 14, 43, -312, -214, -180, 
4, 34, 29, -19, -12, 31, -92, 9, 53, -307, -209, -175, 
9, 39, 29, -24, -9, 34, -92, 9, 63, -297, -204, -170, 
0, 43, 43, -21, -21, 43, -92, 9, 73, -292, -200, -170, 
4, 53, 48, -29, -21, 51, -92, 14, 87, -287, -190, -165, 
4, 63, 58, -34, -26, 61, -92, 14, 97, -278, -185, -161, 
9, 73, 63, -41, -26, 68, -92, 19, 112, -268, -175, -156, 
24, 73, 48, -48, -12, 61, -92, 24, 131, -248, -165, -136, 
24, 87, 63, -56, -19, 75, -92, 29, 151, -239, -156, -131, 
34, 92, 58, -63, -12, 75, -92, 43, 161, -229, -156, -126, 
24, 107, 82, -65, -29, 95, -92, 48, 180, -219, -141, -122, 
29, 112, 82, -70, -26, 97, -92, 48, 175, -214, -141, -112, 
29, 126, 97, -78, -34, 112, -92, 48, 190, -204, -131, -107, 
34, 131, 97, -82, -31, 114, -97, 53, 204, -195, -117, -97, 
34, 136, 102, -85, -34, 119, -102, 53, 219, -180, -107, -87, 
43, 161, 117, -102, -36, 139, -102, 58, 224, -170, -112, -92, 
48, 165, 117, -107, -34, 141, -102, 58, 239, -161, -102, -82, 
53, 175, 122, -114, -34, 148, -107, 58, 258, -146, -92, -73, 
58, 185, 126, -122, -34, 156, -107, 63, 273, -136, -82, -68, 
53, 195, 141, -124, -43, 168, -112, 63, 297, -126, -73, -73, 
53, 214, 161, -134, -53, 187, -112, 63, 312, -112, -63, -58, 
53, 229, 175, -141, -61, 202, -112, 63, 326, -97, -53, -48, 
53, 234, 180, -143, -63, 207, -122, 68, 341, -87, -43, -43, 
73, 244, 170, -158, -48, 207, -122, 78, 351, -73, -39, -34, 
73, 253, 180, -163, -53, 217, -126, 78, 366, -63, -29, -24, 
78, 258, 180, -168, -51, 219, -126, 87, 380, -53, -19, -9, 
78, 268, 190, -173, -56, 229, -126, 87, 390, -39, -9, 9, 
87, 278, 190, -183, -51, 234, -126, 78, 400, -24, 4, 14, 
92, 297, 204, -195, -56, 251, -136, 78, 409, -9, 19, 19, 
102, 307, 204, -204, -51, 256, -141, 78, 419, -4, 24, 24, 
102, 312, 209, -207, -53, 261, -141, 78, 429, 4, 43, 34, 
97, 322, 224, -209, -63, 273, -141, 87, 434, 4, 43, 34, 
97, 331, 234, -214, -68, 283, -146, 87, 439, 14, 43, 39, 
107, 336, 229, -222, -61, 283, -151, 87, 448, 19, 43, 48, 
107, 346, 239, -226, -65, 292, -151, 87, 458, 24, 53, 48, 
102, 341, 239, -222, -68, 290, -151, 78, 473, 39, 58, 53, 
107, 351, 244, -229, -68, 297, -156, 78, 478, 39, 63, 58, 
107, 361, 253, -234, -73, 307, -156, 78, 483, 43, 68, 63, 
102, 361, 258, -231, -78, 309, -161, 78, 483, 48, 68, 63, 
102, 366, 263, -234, -80, 314, -161, 87, 483, 43, 82, 68, 
107, 370, 263, -239, -78, 317, -161, 87, 483, 43, 87, 68, 
107, 375, 268, -241, -80, 322, -165, 87, 483, 48, 87, 68, 
102, 375, 273, -239, -85, 324, -165, 82, 473, 48, 87, 68, 
102, 380, 278, -241, -87, 329, -165, 68, 473, 43, 82, 73, 
102, 375, 273, -239, -85, 324, -165, 63, 463, 43, 82, 73, 
102, 375, 273, -239, -85, 324, -170, 63, 453, 39, 78, 68, 
102, 380, 278, -241, -87, 329, -170, 53, 439, 39, 73, 63, 
92, 380, 287, -236, -97, 334, -175, 39, 424, 29, 63, 63, 
92, 370, 278, -231, -92, 324, -175, 29, 395, 19, 53, 58, 
92, 356, 263, -224, -85, 309, -175, 29, 375, -4, 39, 48, 
82, 351, 268, -217, -92, 309, -170, 19, 356, -14, 24, 48, 
73, 346, 273, -209, -100, 309, -170, 9, 331, -34, 14, 29, 
63, 331, 268, -197, -102, 300, -170, 4, 307, -53, 0, 14, 
58, 322, 263, -190, -102, 292, -165, 0, 287, -73, -9, 0, 
58, 302, 244, -180, -92, 273, -165, -9, 253, -92, -34, -14, 
63, 278, 214, -170, -75, 246, -165, -24, 234, -107, -48, -19, 
53, 263, 209, -158, -78, 236, -165, -29, 209, -122, -58, -24, 
48, 244, 195, -146, -73, 219, -161, -29, 185, -141, -73, -34, 
43, 229, 185, -136, -70, 207, -151, -34, 161, -156, -87, -48, 
43, 209, 165, -126, -61, 187, -151, -29, 126, -190, -102, -58, 
39, 195, 156, -117, -58, 175, -151, -34, 97, -204, -117, -68, 
39, 175, 136, -107, -48, 156, -151, -48, 73, -219, -126, -78, 
39, 156, 117, -97, -39, 136, -151, -48, 53, -239, -141, -97, 
39, 151, 112, -95, -36, 131, -146, -63, 43, -248, -151, -107, 
29, 141, 112, -85, -41, 126, -141, -63, 19, -258, -161, -112, 
19, 131, 112, -75, -46, 122, -141, -63, 4, -268, -175, -122, 
19, 122, 102, -70, -41, 112, -141, -68, -9, -283, -190, -136, 
4, 102, 97, -53, -46, 100, -122, -68, -29, -307, -200, -151, 
-9, 87, 97, -39, -53, 92, -117, -68, -43, -326, -209, -156, 
-9, 73, 82, -31, -46, 78, -117, -73, -63, -341, -219, -161, 
-9, 68, 78, -29, -43, 73, -117, -78, -78, -346, -239, -170, 
0, 63, 63, -31, -31, 63, -126, -82, -78, -356, -248, -180, 
-4, 53, 58, -24, -31, 56, -117, -82, -92, -366, -258, -190, 
-4, 43, 48, -19, -26, 46, -117, -87, -107, -375, -268, -195, 
-4, 43, 48, -19, -26, 46, -117, -87, -112, -380, -278, -195, 
-4, 34, 39, -14, -21, 36, -112, -82, -122, -390, -292, -214, 
-14, 34, 48, -9, -31, 41, -112, -82, -122, -395, -292, -224, 
-14, 19, 34, -2, -24, 26, -112, -87, -126, -395, -292, -224, 
-14, 14, 29, 0, -21, 21, -112, -87, -136, -400, -297, -224, 
-19, 19, 39, 0, -29, 29, -117, -97, -146, -419, -302, -224, 
-29, 19, 48, 4, -39, 34, -117, -97, -156, -419, -307, -229, 
-34, 14, 48, 9, -41, 31, -117, -97, -165, -424, -307, -234, 
-39, 14, 53, 12, -46, 34, -112, -97, -170, -424, -312, -234, 
-29, 24, 53, 2, -41, 39, -122, -97, -161, -414, -312, -234, 
-34, 24, 58, 4, -46, 41, -122, -97, -161, -414, -317, -234, 
-34, 24, 58, 4, -46, 41, -122, -97, -165, -414, -317, -234, 
-34, 19, 53, 7, -43, 36, -122, -97, -165, -414, -322, -239, 
-24, 14, 39, 4, -31, 26, -112, -87, -165, -429, -322, -239, 
-29, 9, 39, 9, -34, 24, -107, -87, -165, -429, -317, -239, 
-29, 4, 34, 12, -31, 19, -107, -87, -170, -429, -317, -239, 
-24, -4, 19, 14, -21, 7, -107, -92, -170, -429, -322, -239, 
-34, 0, 34, 17, -34, 17, -112, -92, -170, -419, -317, -234, 
-34, 4, 39, 14, -36, 21, -112, -92, -175, -424, -317, -234, 
-34, 9, 43, 12, -39, 26, -112, -92, -175, -424, -312, -234, 
-34, 14, 48, 9, -41, 31, -112, -92, -170, -424, -307, -234, 
-29, 14, 43, 7, -36, 29, -112, -92, -175, -434, -312, -234, 
-29, 19, 48, 4, -39, 34, -117, -97, -185, -434, -317, -234, 
-24, 24, 48, 0, -36, 36, -126, -102, -190, -429, -322, -239, 
-24, 29, 53, -2, -39, 41, -131, -107, -195, -429, -322, -239, 
-34, 19, 53, 7, -43, 36, -126, -107, -190, -434, -322, -234, 
-34, 14, 48, 9, -41, 31, -122, -107, -185, -434, -322, -234, 
-34, 14, 48, 9, -41, 31, -117, -107, -180, -434, -322, -234, 
-39, 14, 53, 12, -46, 34, -112, -107, -175, -434, -326, -234, 
-48, 9, 58, 19, -53, 34, -102, -97, -165, -434, -317, -234, 
-53, 4, 58, 24, -56, 31, -102, -97, -165, -434, -317, -234, 
-53, 0, 53, 26, -53, 26, -102, -97, -165, -434, -317, -229, 
-53, 0, 53, 26, -53, 26, -102, -97, -161, -434, -317, -229, 
-48, 9, 58, 19, -53, 34, -107, -97, -165, -444, -317, -239, 
-43, 9, 53, 17, -48, 31, -107, -97, -175, -444, -322, -248, 
-39, 4, 43, 17, -41, 24, -107, -97, -180, -444, -326, -248, 
-34, 4, 39, 14, -36, 21, -102, -97, -180, -444, -331, -248, 
-39, -4, 34, 21, -36, 14, -102, -97, -175, -444, -322, -239, 
-39, -4, 34, 21, -36, 14, -102, -97, -170, -444, -322, -234, 
-34, -4, 29, 19, -31, 12, -102, -97, -165, -444, -322, -234, 
-34, -9, 24, 21, -29, 7, -102, -92, -161, -444, -322, -234, 
-43, -14, 29, 29, -36, 7, -92, -92, -170, -434, -322, -234, 
-43, -19, 24, 31, -34, 2, -92, -92, -170, -434, -322, -239, 
-43, -24, 19, 34, -31, -2, -92, -92, -170, -434, -322, -239, 
-43, -24, 19, 34, -31, -2, -92, -92, -170, -434, -322, -239, 
-43, -19, 24, 31, -34, 2, -102, -92, -180, -444, -326, -234, 
-43, -14, 29, 29, -36, 7, -102, -92, -180, -439, -326, -234, 
-43, -9, 34, 26, -39, 12, -97, -92, -180, -439, -322, -234, 
-43, -4, 39, 24, -41, 17, -97, -87, -170, -439, -322, -234, 
-34, 4, 39, 14, -36, 21, -92, -97, -161, -448, -331, -244, 
-34, 0, 34, 17, -34, 17, -92, -102, -161, -448, -331, -244, 
-34, 0, 34, 17, -34, 17, -92, -102, -161, -448, -331, -244, 
-29, 0, 29, 14, -29, 14, -92, -102, -161, -448, -326, -239, 
-39, -9, 29, 24, -34, 9, -102, -92, -161, -444, -317, -229, 
-43, -9, 34, 26, -39, 12, -102, -92, -161, -434, -317, -229, 
-43, -4, 39, 24, -41, 17, -102, -92, -161, -429, -317, -229, 
-39, -4, 34, 21, -36, 14, -102, -92, -161, -419, -317, -229, 
-34, -4, 29, 19, -31, 12, -102, -102, -161, -424, -322, -229, 
-34, -4, 29, 19, -31, 12, -102, -102, -161, -429, -322, -229, 
-39, -4, 34, 21, -36, 14, -97, -102, -161, -434, -326, -229, 
-39, -4, 34, 21, -36, 14, -97, -102, -161, -434, -326, -229, 
-34, -4, 29, 19, -31, 12, -97, -102, -170, -424, -326, -224, 
-34, 0, 34, 17, -34, 17, -97, -102, -165, -424, -326, -224, 
-39, 0, 39, 19, -39, 19, -97, -102, -165, -424, -322, -229, 
-39, 0, 39, 19, -39, 19, -102, -102, -165, -424, -317, -229, 
-39, 14, 53, 12, -46, 34, -107, -92, -156, -424, -307, -224, 
-39, 14, 53, 12, -46, 34, -112, -92, -161, -424, -307, -219, 
-39, 14, 53, 12, -46, 34, -117, -92, -161, -424, -302, -219, 
-39, 9, 48, 14, -43, 29, -122, -92, -161, -419, -302, -219, 
-48, 0, 48, 24, -48, 24, -112, -92, -161, -419, -302, -219, 
-53, 0, 53, 26, -53, 26, -112, -92, -156, -414, -302, -214, 
-58, 0, 58, 29, -58, 29, -107, -92, -156, -414, -302, -214, 
-58, 0, 58, 29, -58, 29, -107, -92, -156, -414, -302, -219, 
-48, 4, 53, 21, -51, 29, -102, -82, -165, -424, -312, -219, 
-39, 9, 48, 14, -43, 29, -107, -82, -165, -419, -312, -214, 
-34, 19, 53, 7, -43, 36, -107, -82, -165, -419, -312, -214, 
-29, 24, 53, 2, -41, 39, -107, -82, -165, -424, -312, -214, 
-34, 24, 58, 4, -46, 41, -117, -87, -165, -424, -322, -224, 
-39, 24, 63, 7, -51, 43, -117, -92, -165, -424, -322, -224, 
-43, 24, 68, 9, -56, 46, -112, -97, -165, -424, -322, -224, 
-48, 24, 73, 12, -61, 48, -112, -102, -165, -419, -322, -224, 
-43, 14, 58, 14, -51, 36, -117, -102, -165, -424, -326, -224, 
-39, 14, 53, 12, -46, 34, -117, -102, -165, -434, -326, -224, 
-34, 14, 48, 9, -41, 31, -112, -102, -165, -439, -326, -224, 
-29, 14, 43, 7, -36, 29, -112, -102, -170, -444, -331, -224, 
-29, 4, 34, 12, -31, 19, -122, -92, -170, -439, -322, -224, 
-29, 4, 34, 12, -31, 19, -122, -92, -165, -434, -322, -224, 
-34, 0, 34, 17, -34, 17, -122, -92, -165, -429, -322, -224, 
-34, 0, 34, 17, -34, 17, -122, -92, -175, -424, -322, -224, 
-34, 9, 43, 12, -39, 26, -117, -92, -165, -429, -322, -224, 
-39, 9, 48, 14, -43, 29, -112, -92, -165, -429, -322, -229, 
-43, 9, 53, 17, -48, 31, -112, -92, -165, -429, -322, -229, 
-48, 14, 63, 17, -56, 39, -107, -92, -165, -429, -322, -224, 
-39, 19, 58, 9, -48, 39, -112, -102, -165, -424, -322, -214, 
-39, 24, 63, 7, -51, 43, -117, -102, -170, -424, -322, -214, 
-39, 29, 68, 4, -53, 48, -117, -102, -170, -424, -322, -214, 
-39, 34, 73, 2, -56, 53, -122, -102, -170, -424, -322, -214, 
-39, 19, 58, 9, -48, 39, -117, -92, -180, -424, -322, -214, 
-39, 9, 48, 14, -43, 29, -112, -92, -180, -424, -322, -214, 
-48, 4, 53, 21, -51, 29, -107, -92, -180, -424, -322, -214, 
-48, 0, 48, 24, -48, 24, -102, -92, -185, -429, -322, -219, 
-34, 14, 48, 9, -41, 31, -107, -102, -185, -429, -322, -219, 
-29, 14, 43, 7, -36, 29, -112, -102, -185, -424, -322, -219, 
-29, 9, 39, 9, -34, 24, -117, -102, -190, -424, -322, -219, 
-29, 9, 39, 9, -34, 24, -122, -107, -190, -429, -322, -219, 
-39, 14, 53, 12, -46, 34, -112, -97, -190, -444, -331, -219, 
-39, 14, 53, 12, -46, 34, -112, -97, -190, -444, -331, -219, 
-39, 19, 58, 9, -48, 39, -112, -102, -195, -444, -331, -219, 
-39, 19, 58, 9, -48, 39, -112, -102, -195, -444, -336, -224, 
-48, 14, 63, 17, -56, 39, -112, -107, -204, -458, -341, -239, 
-48, 14, 63, 17, -56, 39, -112, -107, -204, -463, -346, -244, 
-48, 9, 58, 19, -53, 34, -112, -107, -204, -468, -356, -248, 
-48, 0, 48, 24, -48, 24, -112, -107, -204, -478, -361, -253, 
-58, -4, 53, 31, -56, 24, -112, -97, -204, -488, -370, -268, 
-58, -9, 48, 34, -53, 19, -112, -97, -209, -488, -370, -268, 
-58, -14, 43, 36, -51, 14, -112, -97, -209, -488, -370, -268, 
-58, -24, 34, 41, -46, 4, -112, -97, -209, -488, -370, -268, 
-48, -9, 39, 29, -43, 14, -122, -107, -219, -478, -370, -263, 
-48, -4, 43, 26, -46, 19, -122, -107, -219, -478, -370, -258, 
-48, 0, 48, 24, -48, 24, -122, -107, -214, -478, -370, -253, 
-48, 4, 53, 21, -51, 29, -122, -107, -214, -478, -375, -248, 
-48, 0, 48, 24, -48, 24, -112, -107, -214, -492, -385, -263, 
-48, -4, 43, 26, -46, 19, -112, -107, -214, -492, -380, -268, 
-48, -9, 39, 29, -43, 14, -112, -112, -219, -488, -380, -273, 
-48, -14, 34, 31, -41, 9, -112, -112, -219, -488, -380, -278, 
-43, -4, 39, 24, -41, 17, -112, -102, -214, -473, -366, -263, 
-39, -4, 34, 21, -36, 14, -112, -97, -209, -468, -361, -258, 
-34, -4, 29, 19, -31, 12, -112, -92, -200, -463, -356, -253, 
-29, -4, 24, 17, -26, 9, -117, -92, -195, -458, -351, -248, 
-34, -19, 14, 26, -24, -2, -107, -102, -209, -458, -351, -248, 
-39, -24, 14, 31, -26, -4, -107, -102, -214, -463, -351, -248, 
-43, -29, 14, 36, -29, -7, -107, -102, -224, -463, -351, -248, 
-48, -29, 19, 39, -34, -4, -107, -102, -229, -463, -351, -244, 
-58, -29, 29, 43, -43, 0, -107, -102, -229, -478, -356, -258, 
-58, -29, 29, 43, -43, 0, -107, -102, -229, -483, -366, -263, 
-58, -29, 29, 43, -43, 0, -107, -102, -224, -492, -375, -268, 
-58, -29, 29, 43, -43, 0, -107, -102, -224, -497, -385, -273, 
-48, -29, 19, 39, -34, -4, -107, -107, -234, -507, -395, -283, 
-48, -24, 24, 36, -36, 0, -107, -107, -229, -502, -390, -273, 
-48, -14, 34, 31, -41, 9, -107, -107, -224, -497, -380, -273, 
-48, -9, 39, 29, -43, 14, -107, -107, -224, -492, -380, -273, 
-39, -9, 29, 24, -34, 9, -122, -117, -229, -502, -390, -278, 
-39, -4, 34, 21, -36, 14, -122, -117, -229, -502, -390, -278, 
-39, -4, 34, 21, -36, 14, -122, -112, -234, -497, -390, -278, 
-39, -4, 34, 21, -36, 14, -122, -112, -239, -492, -390, -278, 
-48, -9, 39, 29, -43, 14, -117, -107, -224, -497, -390, -287, 
-53, -14, 39, 34, -46, 12, -112, -102, -224, -497, -385, -283, 
-63, -19, 43, 41, -53, 12, -102, -102, -224, -497, -385, -283, 
-73, -24, 48, 48, -61, 12, -97, -97, -224, -497, -385, -283, 
-63, -24, 39, 43, -51, 7, -97, -97, -229, -488, -385, -273, 
-63, -29, 34, 46, -48, 2, -97, -97, -229, -488, -380, -268, 
-63, -34, 29, 48, -46, -2, -97, -97, -229, -488, -380, -268, 
-63, -39, 24, 51, -43, -7, -97, -102, -224, -488, -380, -268, 
-58, -43, 14, 51, -36, -14, -97, -102, -229, -497, -380, -278, 
-58, -39, 19, 48, -39, -9, -102, -102, -234, -488, -380, -278, 
-53, -29, 24, 41, -39, -2, -102, -102, -234, -488, -375, -283, 
-43, -19, 24, 31, -34, 2, -102, -102, -239, -488, -390, -287, 
-48, -29, 19, 39, -34, -4, -107, -102, -239, -492, -400, -297, 
-48, -24, 24, 36, -36, 0, -107, -102, -239, -497, -400, -287, 
-53, -14, 39, 34, -46, 12, -102, -102, -239, -502, -400, -287, 
-58, -14, 43, 36, -51, 14, -102, -102, -234, -502, -390, -287, 
-58, -14, 43, 36, -51, 14, -97, -102, -239, -502, -390, -297, 
-53, -19, 34, 36, -43, 7, -107, -102, -244, -507, -395, -297, 
-53, -14, 39, 34, -46, 12, -107, -102, -248, -507, -400, -292, 
-53, -19, 34, 36, -43, 7, -107, -102, -248, -507, -405, -287, 
-48, -14, 34, 31, -41, 9, -97, -102, -248, -507, -400, -297, 
-48, -14, 34, 31, -41, 9, -97, -102, -248, -507, -400, -297, 
-48, -14, 34, 31, -41, 9, -97, -97, -248, -502, -400, -297, 
-53, -4, 48, 29, -51, 21, -97, -97, -248, -502, -395, -287, 
-82, 4, 87, 39, -85, 46, -87, -87, -229, -483, -385, -278, 
-68, 0, 68, 34, -68, 34, -87, -87, -219, -483, -385, -278, 
-68, 14, 82, 26, -75, 48, -97, -92, -209, -488, -385, -278, 
-68, 39, 107, 14, -87, 73, -97, -97, -214, -478, -370, -273, 
-68, 43, 112, 12, -90, 78, -107, -107, -214, -478, -380, -273, 
-68, 48, 117, 9, -92, 82, -107, -107, -214, -478, -380, -273, 
-68, 53, 122, 7, -95, 87, -107, -107, -214, -478, -380, -273, 
-68, 58, 126, 4, -97, 92, -107, -107, -214, -478, -380, -273, 
-53, 68, 122, -7, -87, 95, -92, -107, -200, -478, -380, -263, 
-53, 68, 122, -7, -87, 95, -92, -107, -195, -473, -380, -258, 
-53, 68, 122, -7, -87, 95, -92, -107, -190, -473, -380, -253, 
-53, 73, 126, -9, -90, 100, -92, -107, -190, -473, -380, -253, 
-58, 87, 146, -14, -102, 117, -102, -117, -200, -473, -370, -253, 
-53, 87, 141, -17, -97, 114, -102, -117, -200, -468, -366, -253, 
-53, 87, 141, -17, -97, 114, -102, -112, -200, -463, -366, -253, 
-53, 87, 141, -17, -97, 114, -102, -112, -200, -458, -366, -258, 
-53, 97, 151, -21, -102, 124, -112, -112, -190, -458, -361, -248, 
-53, 97, 151, -21, -102, 124, -117, -112, -185, -458, -361, -248, 
-53, 102, 156, -24, -104, 129, -131, -117, -185, -448, -361, -244, 
-53, 112, 165, -29, -109, 139, -131, -126, -185, -448, -361, -234, 
-43, 126, 170, -41, -107, 148, -146, -122, -185, -434, -351, -224, 
-43, 136, 180, -46, -112, 158, -151, -126, -185, -434, -346, -224, 
-34, 141, 175, -53, -104, 158, -161, -126, -185, -434, -346, -219, 
-34, 151, 185, -58, -109, 168, -175, -131, -185, -429, -341, -219, 
-19, 165, 185, -73, -102, 175, -180, -131, -175, -414, -336, -214, 
-9, 175, 185, -82, -97, 180, -180, -136, -175, -414, -331, -214, 
-4, 185, 190, -90, -97, 187, -180, -136, -170, -409, -331, -204, 
0, 195, 195, -97, -97, 195, -185, -131, -165, -400, -322, -200, 
-9, 195, 204, -92, -107, 200, -185, -131, -165, -400, -317, -180, 
-9, 204, 214, -97, -112, 209, -185, -131, -156, -390, -307, -175, 
0, 214, 214, -107, -107, 214, -185, -131, -151, -390, -302, -170, 
9, 224, 214, -117, -102, 219, -185, -126, -151, -390, -297, -170, 
19, 214, 195, -117, -87, 204, -195, -126, -156, -395, -307, -175, 
14, 204, 190, -109, -87, 197, -190, -122, -161, -390, -307, -180, 
9, 204, 195, -107, -92, 200, -190, -122, -170, -390, -307, -180, 
9, 200, 190, -104, -90, 195, -185, -117, -175, -395, -307, -185, 
0, 185, 185, -92, -92, 185, -170, -117, -170, -414, -326, -185, 
-9, 165, 175, -78, -92, 170, -165, -117, -175, -419, -326, -190, 
-14, 141, 156, -63, -85, 148, -156, -117, -180, -424, -331, -200, 
-29, 122, 151, -46, -90, 136, -151, -107, -190, -439, -336, -204, 
-24, 122, 146, -48, -85, 134, -141, -107, -200, -444, -346, -224, 
-29, 107, 136, -39, -82, 122, -136, -107, -209, -453, -351, -229, 
-39, 87, 126, -24, -82, 107, -131, -107, -219, -463, -361, -244, 
-43, 73, 117, -14, -80, 95, -122, -102, -224, -463, -375, -248, 
-48, 53, 102, -2, -75, 78, -117, -92, -239, -463, -380, -253, 
-48, 39, 87, 4, -68, 63, -112, -97, -244, -463, -385, -253, 
-48, 24, 73, 12, -61, 48, -107, -97, -248, -473, -395, -258, 
-48, 14, 63, 17, -56, 39, -97, -97, -253, -483, -395, -268, 
-39, -9, 29, 24, -34, 9, -102, -87, -253, -497, -400, -263, 
-43, -14, 29, 29, -36, 7, -97, -87, -258, -502, -405, -268, 
-43, -34, 9, 39, -26, -12, -92, -82, -258, -502, -409, -273, 
-43, -34, 9, 39, -26, -12, -87, -73, -268, -507, -414, -278, 
-43, -39, 4, 41, -24, -17, -92, -82, -278, -512, -429, -292, 
-43, -39, 4, 41, -24, -17, -87, -87, -283, -517, -429, -292, 
-48, -48, 0, 48, -24, -24, -87, -87, -292, -522, -434, -302, 
-48, -58, -9, 53, -19, -34, -82, -82, -292, -527, -439, -302, 
-68, -58, 9, 63, -39, -24, -78, -82, -283, -517, -429, -292, 
-58, -63, -4, 61, -26, -34, -78, -78, -283, -517, -429, -297, 
-58, -63, -4, 61, -26, -34, -78, -78, -283, -522, -424, -302, 
-58, -63, -4, 61, -26, -34, -78, -78, -283, -522, -419, -302, 
-63, -58, 4, 61, -34, -26, -63, -78, -292, -531, -429, -302, 
-63, -63, 0, 63, -31, -31, -63, -78, -292, -531, -429, -302, 
-68, -68, 0, 68, -34, -34, -63, -78, -297, -536, -434, -307, 
-68, -68, 0, 68, -34, -34, -58, -78, -297, -536, -434, -307, 
-68, -68, 0, 68, -34, -34, -68, -78, -287, -531, -448, -307, 
-63, -63, 0, 63, -31, -31, -68, -78, -287, -522, -448, -307, 
-58, -63, -4, 61, -26, -34, -73, -78, -287, -517, -444, -312, 
-53, -73, -19, 63, -17, -46, -73, -78, -287, -522, -444, -312, 
-58, -82, -24, 70, -17, -53, -73, -68, -287, -522, -439, -302, 
-53, -78, -24, 65, -14, -51, -68, -68, -283, -522, -439, -302, 
-53, -78, -24, 65, -14, -51, -68, -68, -283, -522, -439, -302, 
-53, -78, -24, 65, -14, -51, -68, -68, -283, -522, -439, -302, 
-53, -82, -29, 68, -12, -56, -58, -63, -283, -522, -429, -292, 
-53, -82, -29, 68, -12, -56, -58, -63, -283, -522, -429, -297, 
-53, -82, -29, 68, -12, -56, -53, -68, -283, -522, -429, -297, 
-53, -82, -29, 68, -12, -56, -53, -68, -283, -522, -429, -297, 
-43, -73, -29, 58, -7, -51, -58, -68, -283, -522, -429, -297, 
-43, -68, -24, 56, -9, -46, -58, -68, -283, -517, -429, -297, 
-43, -68, -24, 56, -9, -46, -58, -68, -283, -517, -429, -297, 
-43, -68, -24, 56, -9, -46, -58, -68, -283, -522, -429, -297, 
-53, -68, -14, 61, -19, -41, -58, -58, -292, -522, -419, -297, 
-53, -68, -14, 61, -19, -41, -58, -58, -292, -517, -419, -292, 
-53, -68, -14, 61, -19, -41, -58, -58, -292, -517, -419, -292, 
-53, -68, -14, 61, -19, -41, -58, -58, -292, -517, -424, -292, 
-43, -68, -24, 56, -9, -46, -58, -68, -283, -517, -419, -283, 
-48, -68, -19, 58, -14, -43, -58, -68, -283, -517, -409, -283, 
-48, -68, -19, 58, -14, -43, -58, -63, -283, -517, -405, -283, 
-48, -68, -19, 58, -14, -43, -58, -63, -283, -517, -400, -283, 
-48, -68, -19, 58, -14, -43, -53, -48, -283, -517, -409, -283, 
-48, -78, -29, 63, -9, -53, -48, -43, -283, -517, -409, -287, 
-48, -78, -29, 63, -9, -53, -39, -43, -283, -522, -409, -287, 
-48, -78, -29, 63, -9, -53, -39, -43, -283, -531, -419, -292, 
-48, -63, -14, 56, -17, -39, -14, -24, -273, -522, -409, -292, 
-58, -53, 4, 56, -31, -24, 0, -14, -239, -497, -400, -283, 
-68, -19, 48, 43, -58, 14, -9, -24, -180, -448, -370, -258, 
-53, 29, 82, 12, -68, 56, -34, -39, -126, -400, -326, -224, 
-43, 82, 126, -19, -85, 104, -58, -48, -63, -341, -287, -185, 
-19, 170, 190, -75, -104, 180, -82, -58, 39, -248, -209, -122, 
0, 268, 268, -134, -134, 268, -97, -39, 214, -107, -92, -39, 
34, 370, 336, -202, -151, 353, -112, -9, 429, 87, 68, 82, 
68, 497, 429, -283, -180, 463, -126, 9, 663, 292, 229, 204, 
107, 639, 531, -373, -212, 585, -185, 24, 893, 512, 414, 336, 
165, 819, 653, -492, -244, 736, -263, 34, 1137, 775, 634, 497, 
229, 1024, 795, -627, -283, 910, -366, 34, 1424, 1078, 893, 707, 
302, 1239, 936, -771, -317, 1088, -488, 34, 1698, 1381, 1137, 907, 
409, 1444, 1034, -927, -312, 1239, -619, 14, 1917, 1649, 1381, 1098, 
517, 1688, 1171, -1102, -326, 1429, -771, -29, 2098, 1922, 1625, 1293, 
595, 1917, 1322, -1256, -363, 1620, -922, -97, 2249, 2186, 1859, 1488, 
644, 2093, 1449, -1368, -402, 1771, -1058, -126, 2376, 2386, 2039, 1654, 
697, 2176, 1478, -1437, -390, 1827, -1156, -126, 2420, 2483, 2132, 1742, 
727, 2181, 1454, -1454, -363, 1817, -1229, -131, 2352, 2454, 2127, 1756, 
732, 2098, 1366, -1415, -317, 1732, -1249, -112, 2215, 2352, 2059, 1717, 
727, 1873, 1146, -1300, -209, 1510, -1171, -48, 2030, 2156, 1903, 1581, 
668, 1551, 883, -1110, -107, 1217, -1039, -14, 1747, 1825, 1629, 1351, 
561, 1229, 668, -895, -53, 949, -893, -34, 1346, 1385, 1263, 1068, 
434, 922, 488, -678, -26, 705, -741, -82, 932, 917, 868, 775, 
307, 673, 366, -490, -29, 519, -580, -117, 575, 517, 527, 512, 
214, 522, 307, -368, -46, 414, -473, -156, 356, 248, 292, 326, 
126, 429, 302, -278, -87, 366, -405, -185, 156, 24, 92, 175, 
43, 341, 297, -192, -126, 319, -351, -219, -112, -224, -117, 29, 
-14, 273, 287, -129, -151, 280, -307, -248, -326, -409, -253, -78, 
-34, 258, 292, -112, -163, 275, -263, -229, -331, -439, -283, -107, 
-24, 224, 248, -100, -136, 236, -224, -175, -273, -419, -268, -122, 
-9, 180, 190, -85, -100, 185, -195, -141, -268, -424, -287, -151, 
-14, 131, 146, -58, -80, 139, -165, -117, -258, -434, -302, -175, 
-19, 87, 107, -34, -63, 97, -131, -92, -219, -414, -307, -190, 
-24, 63, 87, -19, -56, 75, -92, -73, -204, -414, -312, -185, 
-19, 53, 73, -17, -46, 63, -68, -68, -214, -424, -322, -190, 
0, 29, 29, -14, -14, 29, -78, -63, -195, -424, -326, -204, 
-9, 19, 29, -4, -19, 24, -68, -53, -185, -424, -322, -209, 
-34, 14, 48, 9, -41, 31, -43, -43, -170, -414, -317, -209, 
-48, 9, 58, 19, -53, 34, -34, -43, -151, -414, -317, -204, 
-53, 0, 53, 26, -53, 26, -43, -34, -146, -429, -322, -219, 
-53, -9, 43, 31, -48, 17, -48, -34, -170, -439, -326, -229, 
-53, -19, 34, 36, -43, 7, -39, -34, -180, -444, -331, -239, 
-43, -29, 14, 36, -29, -7, -43, -39, -200, -468, -356, -258, 
-24, -29, -4, 26, -9, -17, -39, -48, -214, -488, -375, -263, 
-24, -34, -9, 29, -7, -21, -39, -48, -219, -488, -370, -258, 
-29, -43, -14, 36, -7, -29, -24, -48, -214, -483, -366, -248, 
-34, -43, -9, 39, -12, -26, -19, -48, -214, -483, -366, -248, 
-43, -43, 0, 43, -21, -21, -19, -48, -209, -478, -366, -253, 
-48, -48, 0, 48, -24, -24, -19, -39, -209, -478, -366, -258, 
-48, -48, 0, 48, -24, -24, -14, -29, -209, -478, -356, -258, 
-48, -48, 0, 48, -24, -24, -9, -24, -209, -478, -356, -258, 
-53, -48, 4, 51, -29, -21, -4, -24, -204, -478, -361, -253, 
-53, -48, 4, 51, -29, -21, -4, -29, -204, -483, -361, -253, 
-48, -48, 0, 48, -24, -24, -14, -29, -219, -483, -370, -258, 
-39, -53, -14, 46, -12, -34, -9, -29, -219, -483, -375, -258, 
-34, -53, -19, 43, -7, -36, 0, -24, -219, -483, -380, -258, 
-29, -48, -19, 39, -4, -34, 0, -24, -219, -483, -380, -253, 
-39, -58, -19, 48, -9, -39, 0, -29, -204, -483, -370, -248, 
-39, -58, -19, 48, -9, -39, 0, -29, -204, -478, -366, -248, 
-39, -58, -19, 48, -9, -39, 0, -34, -204, -478, -366, -248, 
-39, -58, -19, 48, -9, -39, 0, -34, -200, -478, -366, -248, 
-48, -53, -4, 51, -21, -29, 4, -29, -185, -468, -361, -248, 
-48, -53, -4, 51, -21, -29, 4, -29, -185, -468, -356, -248, 
-48, -53, -4, 51, -21, -29, 4, -29, -185, -463, -351, -248, 
-48, -53, -4, 51, -21, -29, 4, -29, -180, -463, -341, -248, 
-43, -53, -9, 48, -17, -31, 14, -29, -175, -473, -346, -248, 
-39, -48, -9, 43, -14, -29, 14, -29, -175, -468, -351, -248, 
-34, -48, -14, 41, -9, -31, 14, -29, -175, -468, -351, -248, 
-29, -48, -19, 39, -4, -34, 14, -29, -165, -468, -356, -248, 
-39, -48, -9, 43, -14, -29, 14, -19, -165, -463, -356, -239, 
-39, -48, -9, 43, -14, -29, 14, -14, -165, -458, -346, -239, 
-34, -48, -14, 41, -9, -31, 14, -14, -161, -458, -341, -239, 
-34, -48, -14, 41, -9, -31, 14, -14, -156, -453, -341, -234, 
-39, -39, 0, 39, -19, -19, 24, -14, -151, -453, -341, -234, 
-39, -39, 0, 39, -19, -19, 24, -14, -151, -448, -336, -234, 
-39, -39, 0, 39, -19, -19, 24, -14, -146, -448, -336, -234, 
-34, -39, -4, 36, -14, -21, 24, -14, -141, -444, -336, -234, 
-43, -43, 0, 43, -21, -21, 24, -14, -131, -434, -331, -219, 
-43, -43, 0, 43, -21, -21, 24, -14, -126, -434, -326, -219, 
-43, -39, 4, 41, -24, -17, 24, -9, -122, -424, -312, -214, 
-43, -39, 4, 41, -24, -17, 29, -9, -117, -419, -307, -214, 
-34, -24, 9, 29, -21, -7, 29, -4, -112, -419, -312, -214, 
-29, -24, 4, 26, -17, -9, 29, 0, -107, -419, -312, -214, 
-19, -24, -4, 21, -7, -14, 24, 0, -102, -419, -312, -209, 
-19, -9, 9, 14, -14, 0, 24, 0, -97, -409, -302, -204, 
-24, -4, 19, 14, -21, 7, 24, 0, -82, -414, -297, -204, 
-24, 0, 24, 12, -24, 12, 24, 0, -73, -409, -297, -204, 
-19, 4, 24, 7, -21, 14, 24, 0, -68, -405, -297, -204, 
-14, 4, 19, 4, -17, 12, 24, 0, -63, -405, -292, -209, 
-4, 4, 9, 0, -7, 7, 34, 4, -58, -390, -297, -209, 
-4, 14, 19, -4, -12, 17, 34, 4, -53, -380, -292, -195, 
-9, 14, 24, -2, -17, 19, 34, 4, -48, -375, -287, -190, 
-9, 14, 24, -2, -17, 19, 34, 4, -43, -375, -287, -190, 
-19, 19, 39, 0, -29, 29, 39, 4, -24, -356, -278, -185, 
-14, 24, 39, -4, -26, 31, 39, 4, -14, -346, -268, -180, 
-14, 24, 39, -4, -26, 31, 34, 14, -9, -336, -248, -165, 
-9, 29, 39, -9, -24, 34, 34, 14, -4, -326, -234, -161, 
-4, 24, 29, -9, -17, 26, 34, 19, 9, -331, -234, -156, 
-4, 34, 39, -14, -21, 36, 34, 24, 24, -322, -234, -151, 
-4, 43, 48, -19, -26, 46, 34, 24, 39, -317, -234, -146, 
0, 48, 48, -24, -24, 48, 34, 29, 53, -307, -234, -141, 
-9, 58, 68, -24, -39, 63, 34, 19, 63, -302, -239, -141, 
-4, 63, 68, -29, -36, 65, 34, 24, 78, -297, -229, -136, 
-4, 68, 73, -31, -39, 70, 34, 24, 87, -287, -224, -131, 
0, 73, 73, -36, -36, 73, 34, 29, 102, -278, -214, -126, 
14, 63, 48, -39, -17, 56, 29, 29, 122, -268, -195, -117, 
14, 78, 63, -46, -24, 70, 34, 29, 141, -258, -185, -112, 
24, 82, 58, -53, -17, 70, 39, 39, 151, -248, -185, -107, 
14, 97, 82, -56, -34, 90, 43, 39, 170, -239, -170, -102, 
19, 112, 92, -65, -36, 102, 34, 48, 180, -214, -161, -82, 
19, 126, 107, -73, -43, 117, 34, 48, 200, -204, -151, -78, 
24, 131, 107, -78, -41, 119, 29, 53, 219, -195, -136, -68, 
24, 136, 112, -80, -43, 124, 24, 53, 239, -180, -126, -58, 
29, 151, 122, -90, -46, 136, 34, 48, 263, -170, -112, -43, 
29, 156, 126, -92, -48, 141, 34, 48, 278, -161, -102, -34, 
29, 165, 136, -97, -53, 151, 29, 48, 297, -146, -92, -24, 
29, 175, 146, -102, -58, 161, 29, 53, 312, -136, -82, -19, 
39, 185, 146, -112, -53, 165, 24, 73, 326, -126, -82, -14, 
43, 204, 161, -124, -58, 183, 24, 73, 341, -112, -73, 0, 
48, 219, 170, -134, -61, 195, 24, 73, 356, -97, -63, 9, 
53, 224, 170, -139, -58, 197, 14, 78, 370, -87, -53, 14, 
63, 244, 180, -153, -58, 212, 14, 68, 380, -73, -48, 9, 
63, 253, 190, -158, -63, 222, 9, 68, 395, -63, -39, 14, 
68, 258, 190, -163, -61, 224, 9, 78, 409, -53, -29, 24, 
68, 268, 200, -168, -65, 234, 9, 78, 419, -39, -19, 39, 
68, 273, 204, -170, -68, 239, 19, 87, 434, -29, 0, 53, 
73, 287, 214, -180, -70, 251, 9, 87, 448, -9, 9, 58, 
82, 292, 209, -187, -63, 251, 4, 87, 463, 0, 9, 63, 
82, 292, 209, -187, -63, 251, 4, 87, 478, 14, 24, 73, 
78, 302, 224, -190, -73, 263, 14, 87, 483, 24, 34, 82, 
78, 312, 234, -195, -78, 273, 9, 87, 488, 34, 34, 87, 
87, 317, 229, -202, -70, 273, 4, 87, 497, 39, 34, 97, 
87, 326, 239, -207, -75, 283, 4, 87, 507, 43, 43, 97, 
82, 331, 248, -207, -82, 290, 4, 78, 502, 48, 58, 112, 
87, 341, 253, -214, -82, 297, 0, 78, 507, 48, 63, 117, 
87, 351, 263, -219, -87, 307, 0, 78, 512, 53, 68, 122, 
82, 351, 268, -217, -92, 309, -4, 78, 512, 58, 68, 122, 
92, 346, 253, -219, -80, 300, -4, 78, 522, 53, 73, 126, 
97, 351, 253, -224, -78, 302, -4, 78, 522, 53, 78, 126, 
97, 356, 258, -226, -80, 307, -9, 78, 522, 58, 78, 126, 
92, 356, 263, -224, -85, 309, -9, 73, 512, 58, 78, 126, 
92, 361, 268, -226, -87, 314, -19, 68, 507, 53, 73, 131, 
92, 356, 263, -224, -85, 309, -19, 63, 492, 53, 73, 131, 
92, 356, 263, -224, -85, 309, -24, 63, 478, 48, 68, 126, 
92, 361, 268, -226, -87, 314, -24, 53, 458, 48, 63, 122, 
87, 351, 263, -219, -87, 307, -24, 39, 444, 39, 63, 122, 
82, 341, 258, -212, -87, 300, -19, 29, 414, 29, 53, 117, 
78, 326, 248, -202, -85, 287, -14, 29, 395, 4, 39, 107, 
63, 322, 258, -192, -97, 290, -4, 19, 375, -4, 24, 107, 
58, 317, 258, -187, -100, 287, -4, 19, 351, -24, 14, 97, 
53, 302, 248, -178, -97, 275, -4, 14, 326, -43, 0, 82, 
53, 292, 239, -173, -92, 265, 0, 9, 307, -63, -9, 68, 
58, 273, 214, -165, -78, 244, 0, 0, 273, -82, -34, 53, 
43, 248, 204, -146, -80, 226, 0, -4, 248, -107, -58, 29, 
34, 234, 200, -134, -82, 217, 0, -9, 219, -122, -68, 24, 
29, 214, 185, -122, -78, 200, 4, -9, 190, -141, -82, 14, 
24, 200, 175, -112, -75, 187, 14, -14, 161, -156, -97, 0, 
24, 185, 161, -104, -68, 173, 24, -9, 136, -170, -107, 0, 
19, 175, 156, -97, -68, 165, 24, -14, 107, -185, -117, -9, 
19, 161, 141, -90, -61, 151, 24, -29, 82, -200, -122, -19, 
19, 146, 126, -82, -53, 136, 24, -29, 63, -219, -131, -39, 
19, 146, 126, -82, -53, 136, 29, -24, 43, -239, -151, -48, 
9, 131, 122, -70, -56, 126, 34, -24, 19, -248, -161, -53, 
0, 117, 117, -58, -58, 117, 34, -24, 4, -258, -175, -63, 
0, 102, 102, -51, -51, 102, 34, -29, -9, -273, -190, -78, 
0, 82, 82, -41, -41, 82, 43, -39, -34, -287, -200, -92, 
-9, 68, 78, -29, -43, 73, 48, -39, -43, -307, -209, -97, 
-4, 53, 58, -24, -31, 56, 48, -43, -58, -322, -219, -102, 
0, 48, 48, -24, -24, 48, 48, -48, -68, -326, -239, -112, 
0, 53, 53, -26, -26, 53, 39, -43, -68, -336, -239, -122, 
-4, 43, 48, -19, -26, 46, 48, -43, -82, -346, -248, -131, 
-4, 34, 39, -14, -21, 36, 48, -48, -97, -356, -258, -136, 
-4, 34, 39, -14, -21, 36, 48, -48, -102, -361, -268, -136, 
-14, 24, 39, -4, -26, 31, 63, -43, -112, -361, -273, -136, 
-24, 24, 48, 0, -36, 36, 63, -43, -112, -366, -273, -146, 
-24, 9, 34, 7, -29, 21, 63, -48, -117, -366, -273, -146, 
-24, 4, 29, 9, -26, 17, 63, -48, -126, -370, -278, -146, 
-14, 0, 14, 7, -14, 7, 68, -48, -131, -380, -292, -156, 
-19, 0, 19, 9, -19, 9, 68, -48, -136, -380, -297, -161, 
-19, -4, 14, 12, -17, 4, 68, -48, -141, -385, -297, -165, 
-19, -4, 14, 12, -17, 4, 73, -48, -141, -385, -302, -165, 
-9, -4, 4, 7, -7, 0, 73, -48, -146, -390, -312, -165, 
-14, -4, 9, 9, -12, 2, 73, -48, -151, -395, -317, -165, 
-14, -4, 9, 9, -12, 2, 73, -48, -161, -400, -317, -165, 
-14, -9, 4, 12, -9, -2, 73, -48, -165, -405, -322, -170, 
-24, -9, 14, 17, -19, 2, 73, -48, -156, -400, -322, -170, 
-29, -9, 19, 19, -24, 4, 78, -48, -156, -400, -317, -170, 
-29, -9, 19, 19, -24, 4, 78, -48, -161, -400, -317, -170, 
-24, -14, 9, 19, -17, -2, 78, -53, -161, -400, -322, -170, 
-24, -24, 0, 24, -12, -12, 82, -53, -161, -400, -312, -175, 
-24, -24, 0, 24, -12, -12, 82, -53, -165, -405, -317, -175, 
-24, -24, 0, 24, -12, -12, 82, -53, -165, -405, -317, -175, 
-24, -24, 0, 24, -12, -12, 82, -53, -161, -405, -317, -175, 
-29, -19, 9, 24, -19, -4, 87, -48, -161, -405, -326, -165, 
-29, -19, 9, 24, -19, -4, 87, -48, -165, -405, -326, -165, 
-24, -19, 4, 21, -14, -7, 82, -48, -165, -400, -326, -170, 
-24, -19, 4, 21, -14, -7, 82, -48, -165, -400, -322, -170, 
-24, -19, 4, 21, -14, -7, 82, -48, -165, -405, -312, -165, 
-24, -24, 0, 24, -12, -12, 82, -48, -165, -405, -312, -165, 
-24, -24, 0, 24, -12, -12, 82, -48, -165, -405, -312, -165, 
-29, -24, 4, 26, -17, -9, 82, -48, -165, -405, -317, -165, 
-19, -34, -14, 26, -2, -24, 92, -39, -156, -400, -307, -165, 
-24, -34, -9, 29, -7, -21, 92, -39, -156, -395, -307, -165, 
-24, -34, -9, 29, -7, -21, 92, -39, -156, -390, -307, -161, 
-24, -29, -4, 26, -9, -17, 92, -39, -151, -385, -307, -161, 
-14, -19, -4, 17, -4, -12, 107, -39, -161, -395, -312, -161, 
-14, -19, -4, 17, -4, -12, 107, -39, -165, -395, -312, -170, 
-14, -24, -9, 19, -2, -17, 107, -39, -165, -395, -312, -170, 
-14, -24, -9, 19, -2, -17, 112, -39, -161, -395, -312, -170, 
-29, -29, 0, 29, -14, -14, 112, -39, -161, -395, -312, -180, 
-29, -34, -4, 31, -12, -19, 112, -39, -161, -395, -312, -175, 
-24, -39, -14, 31, -4, -26, 112, -39, -161, -395, -312, -175, 
-24, -48, -24, 36, 0, -36, 112, -34, -161, -395, -312, -175, 
-34, -48, -14, 41, -9, -31, 122, -34, -161, -395, -312, -175, 
-34, -48, -14, 41, -9, -31, 122, -34, -161, -395, -312, -180, 
-34, -48, -14, 41, -9, -31, 122, -34, -161, -395, -312, -180, 
-34, -43, -9, 39, -12, -26, 122, -34, -161, -395, -312, -180, 
-24, -43, -19, 34, -2, -31, 112, -34, -161, -405, -326, -185, 
-24, -43, -19, 34, -2, -31, 112, -34, -161, -400, -326, -185, 
-24, -43, -19, 34, -2, -31, 117, -34, -161, -400, -322, -185, 
-24, -43, -19, 34, -2, -31, 117, -29, -151, -400, -322, -185, 
-34, -43, -9, 39, -12, -26, 122, -29, -151, -390, -312, -180, 
-34, -48, -14, 41, -9, -31, 122, -34, -151, -390, -312, -175, 
-34, -48, -14, 41, -9, -31, 122, -34, -151, -390, -312, -170, 
-29, -48, -19, 39, -4, -34, 122, -34, -151, -390, -307, -161, 
-29, -48, -19, 39, -4, -34, 131, -34, -161, -400, -307, -170, 
-34, -48, -14, 41, -9, -31, 131, -34, -161, -395, -307, -170, 
-34, -43, -9, 39, -12, -26, 131, -34, -161, -395, -307, -170, 
-29, -43, -14, 36, -7, -29, 131, -34, -161, -390, -307, -170, 
-24, -43, -19, 34, -2, -31, 131, -34, -151, -390, -302, -170, 
-24, -43, -19, 34, -2, -31, 131, -34, -151, -390, -302, -170, 
-29, -43, -14, 36, -7, -29, 136, -34, -151, -390, -307, -170, 
-29, -43, -14, 36, -7, -29, 136, -34, -151, -385, -307, -170, 
-24, -43, -19, 34, -2, -31, 136, -24, -151, -385, -307, -156, 
-24, -39, -14, 31, -4, -26, 136, -24, -146, -385, -307, -156, 
-29, -39, -9, 34, -9, -24, 136, -24, -146, -385, -302, -161, 
-29, -39, -9, 34, -9, -24, 131, -24, -146, -385, -297, -161, 
-29, -34, -4, 31, -12, -19, 141, -24, -146, -375, -297, -156, 
-29, -34, -4, 31, -12, -19, 141, -24, -151, -375, -297, -151, 
-29, -34, -4, 31, -12, -19, 141, -24, -151, -375, -292, -151, 
-29, -39, -9, 34, -9, -24, 141, -24, -151, -370, -292, -151, 
-29, -39, -9, 34, -9, -24, 141, -34, -161, -380, -302, -151, 
-34, -39, -4, 36, -14, -21, 141, -34, -156, -375, -302, -146, 
-39, -39, 0, 39, -19, -19, 146, -34, -156, -375, -302, -146, 
-39, -39, 0, 39, -19, -19, 146, -34, -156, -375, -302, -151, 
-29, -39, -9, 34, -9, -24, 141, -34, -156, -375, -292, -141, 
-19, -39, -19, 29, 0, -29, 136, -34, -156, -370, -292, -136, 
-14, -34, -19, 24, 2, -26, 136, -34, -156, -370, -292, -136, 
-9, -34, -24, 21, 7, -29, 136, -34, -156, -375, -292, -136, 
-19, -34, -14, 26, -2, -24, 136, -34, -156, -366, -283, -146, 
-19, -34, -14, 26, -2, -24, 136, -34, -156, -366, -283, -146, 
-19, -34, -14, 26, -2, -24, 141, -34, -156, -366, -283, -146, 
-19, -34, -14, 26, -2, -24, 141, -34, -156, -361, -283, -146, 
-19, -34, -14, 26, -2, -24, 146, -24, -156, -361, -278, -146, 
-19, -34, -14, 26, -2, -24, 146, -24, -156, -366, -278, -146, 
-19, -34, -14, 26, -2, -24, 151, -24, -156, -366, -278, -146, 
-19, -34, -14, 26, -2, -24, 151, -24, -161, -366, -283, -146, 
-9, -43, -34, 26, 12, -39, 151, -24, -161, -366, -283, -146, 
-9, -43, -34, 26, 12, -39, 151, -24, -156, -366, -283, -146, 
-14, -48, -34, 31, 9, -41, 151, -24, -156, -366, -283, -146, 
-14, -48, -34, 31, 9, -41, 151, -24, -165, -366, -283, -146, 
-19, -39, -19, 29, 0, -29, 161, -24, -165, -370, -283, -136, 
-19, -39, -19, 29, 0, -29, 161, -24, -165, -370, -283, -141, 
-19, -39, -19, 29, 0, -29, 156, -24, -165, -370, -283, -141, 
-19, -34, -14, 26, -2, -24, 156, -24, -165, -370, -283, -136, 
-19, -43, -24, 31, 2, -34, 156, -24, -165, -366, -273, -136, 
-19, -43, -24, 31, 2, -34, 156, -24, -170, -366, -273, -136, 
-19, -43, -24, 31, 2, -34, 161, -24, -170, -366, -273, -136, 
-19, -43, -24, 31, 2, -34, 161, -24, -170, -366, -273, -136, 
-19, -34, -14, 26, -2, -24, 161, -34, -161, -366, -273, -136, 
-19, -39, -19, 29, 0, -29, 161, -34, -161, -366, -273, -136, 
-29, -39, -9, 34, -9, -24, 161, -34, -161, -366, -273, -136, 
-29, -39, -9, 34, -9, -24, 161, -34, -165, -370, -273, -141, 
-24, -34, -9, 29, -7, -21, 161, -24, -165, -370, -273, -141, 
-19, -34, -14, 26, -2, -24, 161, -24, -165, -366, -273, -141, 
-19, -39, -19, 29, 0, -29, 161, -24, -170, -366, -273, -141, 
-19, -39, -19, 29, 0, -29, 161, -29, -170, -370, -273, -141, 
-9, -53, -43, 31, 17, -48, 161, -29, -170, -375, -283, -141, 
-9, -53, -43, 31, 17, -48, 161, -29, -170, -375, -283, -141, 
-9, -48, -39, 29, 14, -43, 161, -34, -175, -375, -283, -141, 
-9, -48, -39, 29, 14, -43, 161, -34, -175, -375, -287, -146, 
-14, -39, -24, 26, 4, -31, 170, -29, -165, -366, -278, -146, 
-19, -34, -14, 26, -2, -24, 170, -29, -165, -366, -278, -146, 
-24, -34, -9, 29, -7, -21, 170, -29, -165, -366, -283, -146, 
-29, -39, -9, 34, -9, -24, 170, -29, -165, -370, -283, -146, 
-24, -29, -4, 26, -9, -17, 170, -29, -175, -370, -283, -141, 
-19, -29, -9, 24, -4, -19, 170, -29, -180, -370, -283, -141, 
-14, -29, -14, 21, 0, -21, 170, -29, -180, -370, -283, -141, 
-9, -34, -24, 21, 7, -29, 170, -29, -180, -370, -283, -141, 
-19, -34, -14, 26, -2, -24, 180, -19, -180, -370, -283, -141, 
-19, -34, -14, 26, -2, -24, 180, -19, -180, -370, -283, -141, 
-19, -34, -14, 26, -2, -24, 180, -19, -175, -370, -283, -141, 
-19, -34, -14, 26, -2, -24, 180, -19, -175, -370, -287, -141, 
-24, -39, -14, 31, -4, -26, 180, -19, -175, -370, -283, -141, 
-29, -43, -14, 36, -7, -29, 180, -19, -175, -366, -273, -141, 
-34, -48, -14, 41, -9, -31, 180, -24, -180, -356, -268, -141, 
-39, -53, -14, 46, -12, -34, 180, -24, -180, -351, -263, -141, 
-29, -53, -24, 41, -2, -39, 180, -19, -180, -361, -273, -141, 
-29, -53, -24, 41, -2, -39, 180, -19, -180, -361, -273, -141, 
-29, -53, -24, 41, -2, -39, 180, -19, -175, -361, -273, -141, 
-29, -53, -24, 41, -2, -39, 175, -24, -175, -361, -273, -141, 
-19, -58, -39, 39, 9, -48, 185, -24, -175, -361, -283, -151, 
-19, -63, -43, 41, 12, -53, 185, -24, -175, -366, -283, -151, 
-19, -68, -48, 43, 14, -58, 185, -24, -180, -366, -283, -151, 
-19, -68, -48, 43, 14, -58, 185, -24, -180, -366, -283, -146, 
-19, -78, -58, 48, 19, -68, 195, -24, -190, -366, -287, -156, 
-19, -78, -58, 48, 19, -68, 195, -24, -190, -366, -287, -156, 
-19, -78, -58, 48, 19, -68, 195, -24, -185, -370, -287, -156, 
-19, -78, -58, 48, 19, -68, 195, -24, -185, -370, -287, -156, 
-19, -68, -48, 43, 14, -58, 185, -19, -195, -380, -297, -156, 
-19, -63, -43, 41, 12, -53, 185, -19, -190, -375, -292, -146, 
-19, -53, -34, 36, 7, -43, 185, -19, -185, -370, -283, -146, 
-19, -48, -29, 34, 4, -39, 185, -19, -185, -366, -283, -146, 
-24, -53, -29, 39, 2, -41, 185, -19, -175, -366, -283, -131, 
-29, -53, -24, 41, -2, -39, 190, -19, -170, -366, -283, -131, 
-34, -58, -24, 46, -4, -41, 195, -14, -170, -361, -283, -131, 
-39, -63, -24, 51, -7, -43, 200, -14, -170, -356, -283, -131, 
-29, -58, -29, 43, 0, -43, 190, -24, -165, -351, -273, -131, 
-34, -43, -9, 39, -12, -26, 190, -14, -165, -351, -268, -126, 
-14, -29, -14, 21, 0, -21, 195, -9, -165, -351, -268, -117, 
0, -19, -19, 9, 9, -19, 185, -9, -175, -361, -273, -126, 
-4, -19, -14, 12, 4, -17, 185, -19, -170, -351, -263, -126, 
-9, -19, -9, 14, 0, -14, 185, -19, -165, -351, -263, -126, 
-14, -19, -4, 17, -4, -12, 185, -19, -161, -351, -263, -126, 
-19, -19, 0, 19, -9, -9, 185, -19, -156, -351, -263, -126, 
-19, -9, 9, 14, -14, 0, 190, -29, -141, -346, -258, -117, 
-24, 0, 24, 12, -24, 12, 190, -29, -136, -336, -253, -112, 
-29, 9, 39, 9, -34, 24, 190, -29, -131, -331, -248, -107, 
-34, 24, 58, 4, -46, 41, 190, -29, -131, -326, -244, -107, 
-24, 29, 53, -2, -39, 41, 190, -39, -131, -331, -253, -117, 
-14, 29, 43, -7, -29, 36, 190, -39, -131, -331, -248, -117, 
-9, 29, 39, -9, -24, 34, 190, -34, -131, -331, -248, -117, 
-4, 29, 34, -12, -19, 31, 190, -34, -131, -331, -248, -122, 
0, 29, 29, -14, -14, 29, 180, -34, -141, -331, -244, -112, 
4, 29, 24, -17, -9, 26, 175, -34, -136, -331, -244, -112, 
9, 34, 24, -21, -7, 29, 161, -39, -136, -322, -244, -107, 
14, 43, 29, -29, -7, 36, 161, -48, -136, -322, -244, -97, 
-4, 48, 53, -21, -29, 51, 151, -53, -136, -317, -234, -97, 
-14, 58, 73, -21, -43, 65, 151, -58, -136, -317, -229, -97, 
-14, 63, 78, -24, -46, 70, 146, -58, -136, -317, -229, -92, 
-24, 73, 97, -24, -61, 85, 136, -63, -136, -312, -224, -92, 
-9, 78, 87, -34, -48, 82, 126, -73, -136, -317, -229, -87, 
0, 87, 87, -43, -43, 87, 122, -78, -136, -317, -224, -87, 
4, 97, 92, -51, -43, 95, 117, -78, -131, -312, -224, -78, 
9, 107, 97, -58, -43, 102, 107, -73, -126, -302, -214, -73, 
0, 102, 102, -51, -51, 102, 97, -63, -126, -292, -219, -73, 
0, 107, 107, -53, -53, 107, 97, -63, -117, -283, -209, -68, 
9, 112, 102, -61, -46, 107, 97, -63, -112, -283, -204, -63, 
19, 117, 97, -68, -39, 107, 97, -58, -112, -283, -200, -63, 
24, 107, 82, -65, -29, 95, 107, -48, -102, -273, -195, -53, 
24, 97, 73, -61, -24, 85, 112, -43, -102, -263, -190, -53, 
24, 97, 73, -61, -24, 85, 112, -43, -107, -258, -185, -48, 
29, 92, 63, -61, -17, 78, 117, -39, -107, -258, -180, -48, 
19, 82, 63, -51, -21, 73, 131, -39, -112, -278, -190, -58, 
9, 68, 58, -39, -24, 63, 136, -39, -117, -283, -190, -63, 
4, 48, 43, -26, -19, 46, 146, -39, -122, -287, -195, -73, 
-9, 34, 43, -12, -26, 39, 151, -29, -131, -302, -200, -78, 
-9, 24, 34, -7, -21, 29, 141, -39, -136, -307, -219, -97, 
-9, 9, 19, 0, -14, 14, 146, -39, -151, -317, -224, -102, 
-14, -9, 4, 12, -9, -2, 151, -39, -165, -326, -234, -117, 
-14, -24, -9, 19, -2, -17, 161, -34, -175, -326, -248, -122, 
-34, -39, -4, 36, -14, -21, 175, -34, -170, -336, -253, -126, 
-39, -58, -19, 48, -9, -39, 180, -39, -175, -336, -258, -126, 
-43, -78, -34, 61, -4, -56, 185, -39, -180, -346, -268, -131, 
-48, -92, -43, 70, -2, -68, 195, -39, -185, -356, -268, -141, 
-58, -102, -43, 80, -7, -73, 190, -39, -204, -370, -283, -156, 
-63, -102, -39, 82, -12, -70, 195, -39, -209, -375, -287, -161, 
-63, -117, -53, 90, -4, -85, 200, -34, -209, -375, -292, -165, 
-63, -112, -48, 87, -7, -80, 204, -24, -219, -380, -297, -170, 
-68, -141, -73, 104, 2, -107, 219, -24, -219, -395, -292, -185, 
-73, -146, -73, 109, 0, -109, 224, -29, -224, -400, -292, -185, 
-82, -161, -78, 122, -2, -119, 224, -29, -234, -405, -297, -195, 
-87, -175, -87, 131, 0, -131, 229, -24, -234, -409, -302, -195, 
-87, -175, -87, 131, 0, -131, 224, -34, -234, -400, -307, -185, 
-78, -180, -102, 129, 12, -141, 224, -29, -234, -400, -312, -190, 
-78, -180, -102, 129, 12, -141, 224, -29, -234, -405, -312, -195, 
-78, -180, -102, 129, 12, -141, 224, -29, -234, -405, -312, -195, 
-92, -195, -102, 143, 4, -148, 229, -19, -244, -405, -322, -200, 
-92, -200, -107, 146, 7, -153, 229, -19, -244, -405, -322, -204, 
-97, -204, -107, 151, 4, -156, 229, -19, -248, -409, -326, -214, 
-97, -204, -107, 151, 4, -156, 234, -19, -248, -409, -326, -219, 
-112, -214, -102, 163, -4, -158, 244, -19, -239, -419, -331, -219, 
-112, -209, -97, 161, -7, -153, 244, -19, -239, -414, -331, -219, 
-112, -209, -97, 161, -7, -153, 239, -19, -239, -414, -326, -224, 
-112, -219, -107, 165, -2, -163, 239, -19, -239, -424, -326, -224, 
-107, -209, -102, 158, -2, -156, 229, -29, -248, -424, -341, -224, 
-102, -204, -102, 153, 0, -153, 234, -29, -244, -424, -341, -224, 
-102, -204, -102, 153, 0, -153, 234, -29, -244, -424, -341, -224, 
-102, -204, -102, 153, 0, -153, 234, -29, -244, -424, -341, -224, 
-102, -219, -117, 161, 7, -168, 234, -24, -253, -424, -341, -224, 
-102, -219, -117, 161, 7, -168, 234, -24, -253, -424, -341, -229, 
-102, -219, -117, 161, 7, -168, 239, -29, -253, -424, -341, -229, 
-102, -219, -117, 161, 7, -168, 239, -29, -253, -424, -341, -229, 
-112, -229, -117, 170, 2, -173, 244, -39, -253, -434, -351, -229, 
-112, -224, -112, 168, 0, -168, 244, -39, -253, -429, -351, -229, 
-112, -224, -112, 168, 0, -168, 244, -39, -253, -429, -351, -229, 
-112, -224, -112, 168, 0, -168, 244, -39, -253, -434, -351, -229, 
-112, -234, -122, 173, 4, -178, 244, -29, -253, -434, -341, -229, 
-112, -234, -122, 173, 4, -178, 244, -29, -253, -429, -341, -224, 
-112, -234, -122, 173, 4, -178, 244, -29, -253, -429, -341, -224, 
-112, -234, -122, 173, 4, -178, 244, -29, -253, -429, -346, -224, 
-122, -224, -102, 173, -9, -163, 234, -34, -253, -429, -351, -234, 
-126, -224, -97, 175, -14, -161, 234, -39, -253, -429, -351, -234, 
-126, -224, -97, 175, -14, -161, 234, -39, -253, -429, -356, -234, 
-126, -224, -97, 175, -14, -161, 234, -43, -253, -429, -361, -234, 
-126, -224, -97, 175, -14, -161, 239, -39, -253, -429, -361, -234, 
-126, -234, -107, 180, -9, -170, 244, -34, -253, -429, -361, -239, 
-126, -234, -107, 180, -9, -170, 253, -34, -253, -434, -361, -239, 
-126, -234, -107, 180, -9, -170, 253, -34, -253, -444, -370, -244, 
-146, -248, -102, 197, -21, -175, 268, -4, -263, -444, -361, -244, 
-156, -248, -92, 202, -31, -170, 283, 4, -248, -439, -351, -244, 
-126, -224, -97, 175, -14, -161, 283, 4, -219, -429, -341, -229, 
-102, -185, -82, 143, -9, -134, 268, -9, -175, -390, -317, -204, 
-92, -141, -48, 117, -21, -95, 253, -19, -112, -331, -287, -175, 
-87, -82, 4, 85, -46, -39, 239, -29, -39, -268, -239, -131, 
-87, -24, 63, 56, -75, 19, 224, -29, 78, -185, -161, -78, 
-92, 68, 161, 12, -126, 114, 209, -19, 244, -48, -48, -4, 
-58, 185, 244, -63, -151, 214, 195, 9, 448, 136, 102, 97, 
-19, 297, 317, -139, -168, 307, 156, 34, 678, 336, 258, 209, 
29, 419, 390, -224, -180, 405, 97, 43, 902, 551, 419, 331, 
102, 614, 512, -358, -204, 563, 24, 53, 1171, 824, 649, 502, 
195, 829, 634, -512, -219, 732, -78, 73, 1493, 1156, 922, 722, 
283, 1044, 761, -663, -239, 902, -219, 73, 1800, 1473, 1185, 941, 
361, 1298, 936, -829, -287, 1117, -370, 39, 2039, 1766, 1429, 1146, 
468, 1546, 1078, -1007, -305, 1312, -551, 0, 2230, 2039, 1673, 1351, 
556, 1761, 1205, -1159, -324, 1483, -707, -39, 2386, 2288, 1903, 1537, 
610, 1903, 1293, -1256, -341, 1598, -834, -48, 2479, 2483, 2074, 1673, 
649, 1966, 1317, -1307, -334, 1642, -936, -53, 2488, 2562, 2166, 1737, 
683, 1961, 1278, -1322, -297, 1620, -1005, -73, 2410, 2527, 2166, 1756, 
688, 1873, 1185, -1281, -248, 1529, -1005, -48, 2244, 2391, 2069, 1708, 
697, 1659, 961, -1178, -131, 1310, -922, 14, 2010, 2156, 1893, 1566, 
668, 1346, 678, -1007, -4, 1012, -785, 63, 1717, 1834, 1625, 1351, 
590, 1049, 458, -819, 65, 753, -634, 53, 1342, 1424, 1278, 1098, 
453, 761, 307, -607, 73, 534, -483, 0, 917, 976, 897, 814, 
312, 492, 180, -402, 65, 336, -326, -39, 570, 580, 566, 561, 
175, 331, 156, -253, 9, 244, -209, -68, 361, 317, 336, 370, 
82, 253, 170, -168, -43, 212, -117, -102, 190, 107, 156, 244, 
-4, 185, 190, -90, -97, 187, -43, -161, -43, -107, -19, 107, 
-82, 102, 185, -9, -134, 143, 9, -200, -253, -283, -146, -9, 
-122, 58, 180, 31, -151, 119, 58, -175, -302, -341, -209, -63, 
-117, 43, 161, 36, -139, 102, 78, -141, -248, -326, -209, -63, 
-102, 24, 126, 39, -114, 75, 97, -117, -209, -317, -214, -78, 
-97, -29, 68, 63, -82, 19, 131, -92, -200, -326, -239, -112, 
-102, -82, 19, 92, -61, -31, 170, -53, -165, -326, -263, -126, 
-97, -112, -14, 104, -41, -63, 185, -39, -156, -326, -263, -141, 
-97, -136, -39, 117, -29, -87, 204, -34, -165, -326, -268, -156, 
-97, -165, -68, 131, -14, -117, 214, -24, -156, -336, -273, -170, 
-102, -180, -78, 141, -12, -129, 229, -14, -151, -346, -278, -170, 
-107, -195, -87, 151, -9, -141, 239, -14, -151, -346, -268, -175, 
-112, -185, -73, 148, -19, -129, 239, -14, -146, -341, -273, -180, 
-112, -195, -82, 153, -14, -139, 244, -14, -151, -361, -278, -180, 
-122, -195, -73, 158, -24, -134, 253, -14, -151, -366, -283, -180, 
-122, -195, -73, 158, -24, -134, 258, -9, -161, -361, -297, -190, 
-122, -204, -82, 163, -19, -143, 253, -9, -165, -370, -317, -195, 
-122, -219, -97, 170, -12, -158, 263, -9, -180, -390, -322, -200, 
-131, -229, -97, 180, -17, -163, 268, -19, -195, -385, -326, -209, 
-131, -229, -97, 180, -17, -163, 273, -19, -195, -385, -326, -209, 
-136, -229, -92, 183, -21, -161, 273, -19, -190, -380, -326, -214, 
-136, -234, -97, 185, -19, -165, 273, -9, -190, -380, -326, -219, 
-126, -234, -107, 180, -9, -170, 273, -9, -200, -390, -326, -219, 
-126, -234, -107, 180, -9, -170, 273, -4, -200, -390, -326, -219, 
-131, -234, -102, 183, -14, -168, 273, -4, -195, -390, -331, -214, 
-131, -234, -102, 183, -14, -168, 268, -9, -195, -395, -331, -214, 
-122, -234, -112, 178, -4, -173, 268, -9, -190, -395, -322, -219, 
-117, -239, -122, 178, 2, -180, 273, -9, -190, -395, -326, -219, 
-117, -239, -122, 178, 2, -180, 283, -4, -190, -395, -331, -219, 
-117, -234, -117, 175, 0, -175, 283, -4, -190, -395, -331, -214, 
-126, -244, -117, 185, -4, -180, 292, 0, -185, -395, -331, -219, 
-126, -244, -117, 185, -4, -180, 292, 0, -185, -390, -326, -219, 
-126, -244, -117, 185, -4, -180, 292, -4, -185, -390, -326, -219, 
-126, -244, -117, 185, -4, -180, 292, -4, -180, -390, -326, -219, 
-126, -229, -102, 178, -12, -165, 287, 0, -175, -390, -317, -209, 
-126, -229, -102, 178, -12, -165, 287, 0, -175, -390, -317, -209, 
-126, -229, -102, 178, -12, -165, 287, 0, -175, -385, -317, -209, 
-126, -229, -102, 178, -12, -165, 287, 0, -170, -385, -312, -209, 
-117, -229, -112, 173, -2, -170, 287, -9, -165, -385, -322, -209, 
-117, -224, -107, 170, -4, -165, 287, -9, -165, -380, -322, -209, 
-117, -224, -107, 170, -4, -165, 287, -9, -165, -380, -317, -209, 
-117, -224, -107, 170, -4, -165, 287, -9, -156, -380, -317, -209, 
-107, -219, -112, 163, 2, -165, 278, -9, -156, -385, -317, -209, 
-107, -214, -107, 161, 0, -161, 278, -4, -156, -380, -307, -209, 
-102, -209, -107, 156, 2, -158, 278, -4, -151, -380, -302, -209, 
-102, -204, -102, 153, 0, -153, 278, -4, -146, -375, -302, -204, 
-117, -204, -87, 161, -14, -146, 287, -4, -141, -366, -312, -204, 
-117, -204, -87, 161, -14, -146, 287, -4, -141, -361, -307, -204, 
-117, -204, -87, 161, -14, -146, 287, -4, -136, -361, -307, -204, 
-112, -204, -92, 158, -9, -148, 287, -4, -131, -356, -307, -204, 
-112, -200, -87, 156, -12, -143, 287, -4, -131, -356, -307, -209, 
-112, -200, -87, 156, -12, -143, 287, -4, -126, -356, -307, -209, 
-112, -195, -82, 153, -14, -139, 287, 0, -122, -346, -297, -204, 
-112, -195, -82, 153, -14, -139, 292, 0, -117, -341, -297, -204, 
-122, -190, -68, 156, -26, -129, 283, -4, -112, -341, -283, -195, 
-117, -190, -73, 153, -21, -131, 283, 0, -107, -341, -283, -195, 
-107, -190, -82, 148, -12, -136, 278, 0, -102, -341, -283, -190, 
-107, -175, -68, 141, -19, -122, 278, 0, -97, -331, -273, -185, 
-112, -180, -68, 146, -21, -124, 278, 0, -92, -326, -278, -185, 
-112, -175, -63, 143, -24, -119, 278, 0, -82, -322, -278, -185, 
-107, -170, -63, 139, -21, -117, 278, 0, -78, -317, -278, -185, 
-102, -170, -68, 136, -17, -119, 278, 0, -73, -317, -273, -190, 
-112, -170, -58, 141, -26, -114, 278, 4, -58, -312, -268, -190, 
-112, -161, -48, 136, -31, -104, 278, 4, -53, -302, -263, -175, 
-117, -161, -43, 139, -36, -102, 278, 4, -48, -297, -258, -170, 
-117, -161, -43, 139, -36, -102, 278, 4, -43, -297, -258, -170, 
-107, -146, -39, 126, -34, -92, 273, 4, -34, -292, -248, -161, 
-102, -141, -39, 122, -31, -90, 273, 4, -24, -287, -248, -161, 
-102, -141, -39, 122, -31, -90, 268, 14, -19, -283, -239, -151, 
-97, -136, -39, 117, -29, -87, 268, 14, -14, -278, -234, -151, 
-102, -141, -39, 122, -31, -90, 268, 9, -4, -263, -239, -156, 
-102, -131, -29, 117, -36, -80, 268, 14, 4, -253, -234, -151, 
-102, -122, -19, 112, -41, -70, 268, 14, 14, -248, -229, -146, 
-97, -117, -19, 107, -39, -68, 268, 19, 24, -239, -224, -141, 
-97, -117, -19, 107, -39, -68, 268, 19, 43, -244, -219, -141, 
-92, -112, -19, 102, -36, -65, 268, 24, 58, -239, -209, -136, 
-92, -107, -14, 100, -39, -61, 268, 24, 68, -229, -204, -131, 
-87, -102, -14, 95, -36, -58, 268, 29, 82, -219, -195, -126, 
-92, -112, -19, 102, -36, -65, 268, 39, 92, -200, -185, -117, 
-92, -97, -4, 95, -43, -51, 268, 39, 112, -190, -175, -112, 
-82, -92, -9, 87, -36, -51, 268, 48, 122, -180, -175, -107, 
-92, -78, 14, 85, -53, -31, 268, 48, 141, -170, -161, -102, 
-92, -73, 19, 82, -56, -26, 268, 39, 146, -156, -151, -102, 
-87, -58, 29, 73, -58, -14, 268, 39, 161, -146, -141, -97, 
-78, -53, 24, 65, -51, -14, 263, 43, 175, -136, -126, -87, 
-73, -48, 24, 61, -48, -12, 258, 43, 190, -122, -117, -78, 
-63, -34, 29, 48, -46, -2, 248, 58, 214, -122, -122, -73, 
-58, -29, 29, 43, -43, 0, 248, 58, 229, -112, -112, -63, 
-53, -19, 34, 36, -43, 7, 244, 58, 248, -97, -102, -53, 
-48, -9, 39, 29, -43, 14, 244, 63, 263, -87, -92, -48, 
-53, 0, 53, 26, -53, 26, 248, 73, 278, -73, -73, -43, 
-53, 19, 73, 17, -63, 46, 248, 73, 292, -53, -63, -29, 
-53, 34, 87, 9, -70, 61, 248, 73, 307, -34, -53, -19, 
-53, 39, 92, 7, -73, 65, 239, 78, 322, -19, -43, -14, 
-43, 39, 82, 2, -63, 61, 239, 78, 341, -4, -29, 0, 
-43, 48, 92, -2, -68, 70, 234, 78, 356, 4, -19, 4, 
-39, 53, 92, -7, -65, 73, 234, 87, 370, 14, -9, 14, 
-39, 63, 102, -12, -70, 82, 234, 87, 380, 29, 0, 29, 
-29, 82, 112, -26, -70, 97, 234, 87, 400, 43, 19, 43, 
-24, 102, 126, -39, -75, 114, 224, 87, 409, 58, 29, 48, 
-14, 112, 126, -48, -70, 119, 219, 87, 419, 63, 29, 53, 
-14, 117, 131, -51, -73, 124, 219, 87, 429, 73, 43, 63, 
-29, 117, 146, -43, -87, 131, 219, 97, 434, 82, 63, 73, 
-29, 126, 156, -48, -92, 141, 214, 97, 439, 92, 63, 78, 
-19, 131, 151, -56, -85, 141, 209, 97, 448, 97, 63, 87, 
-19, 141, 161, -61, -90, 151, 209, 97, 458, 102, 73, 87, 
-4, 136, 141, -65, -73, 139, 209, 97, 473, 117, 78, 102, 
0, 146, 146, -73, -73, 146, 204, 97, 478, 117, 82, 107, 
0, 156, 156, -78, -78, 156, 204, 97, 483, 122, 87, 112, 
-4, 156, 161, -75, -82, 158, 200, 97, 483, 126, 87, 112, 
-14, 170, 185, -78, -100, 178, 200, 97, 492, 141, 102, 126, 
-9, 175, 185, -82, -97, 180, 200, 97, 492, 141, 107, 126, 
-9, 180, 190, -85, -100, 185, 195, 97, 492, 146, 107, 126, 
-14, 180, 195, -82, -104, 187, 195, 92, 483, 146, 107, 126, 
-24, 185, 209, -80, -117, 197, 195, 78, 483, 141, 112, 131, 
-24, 180, 204, -78, -114, 192, 195, 73, 473, 141, 112, 131, 
-24, 180, 204, -78, -114, 192, 190, 73, 463, 136, 107, 126, 
-24, 185, 209, -80, -117, 197, 190, 63, 448, 136, 102, 122, 
-14, 175, 190, -80, -102, 183, 175, 58, 424, 126, 92, 112, 
-14, 165, 180, -75, -97, 173, 175, 48, 395, 117, 82, 107, 
-14, 151, 165, -68, -90, 158, 175, 48, 375, 92, 68, 97, 
-24, 146, 170, -61, -97, 158, 180, 39, 356, 82, 53, 97, 
-29, 131, 161, -51, -95, 146, 180, 29, 322, 63, 53, 97, 
-34, 117, 151, -41, -92, 134, 180, 24, 297, 43, 39, 82, 
-34, 107, 141, -36, -87, 124, 185, 19, 278, 24, 29, 68, 
-29, 87, 117, -29, -73, 102, 185, 9, 244, 4, 4, 53, 
-43, 73, 117, -14, -80, 95, 195, 4, 224, -19, 0, 48, 
-53, 58, 112, -2, -82, 85, 195, 0, 200, -34, -9, 43, 
-58, 39, 97, 9, -78, 68, 200, 0, 175, -53, -24, 34, 
-63, 24, 87, 19, -75, 56, 209, -4, 151, -68, -39, 19, 
-63, 0, 63, 31, -63, 31, 209, -9, 122, -82, -58, 4, 
-68, -9, 58, 39, -63, 24, 209, -14, 87, -97, -78, -9, 
-68, -24, 43, 46, -56, 9, 209, -29, 58, -112, -92, -24, 
-68, -39, 29, 53, -48, -4, 209, -29, 34, -131, -112, -48, 
-78, -58, 19, 68, -48, -19, 214, -34, 14, -156, -122, -58, 
-87, -73, 14, 80, -51, -29, 219, -34, -9, -170, -131, -63, 
-97, -87, 9, 92, -53, -39, 219, -34, -24, -185, -146, -73, 
-97, -102, -4, 100, -46, -53, 219, -39, -39, -204, -161, -87, 
-112, -112, 0, 112, -56, -56, 239, -29, -53, -204, -175, -102, 
-126, -126, 0, 126, -63, -63, 244, -29, -63, -219, -180, -107, 
-126, -141, -14, 134, -56, -78, 244, -34, -78, -229, -185, -112, 
-126, -146, -19, 136, -53, -82, 244, -39, -87, -229, -200, -122, 
-117, -161, -43, 139, -36, -102, 244, -43, -107, -258, -209, -131, 
-122, -170, -48, 146, -36, -109, 253, -43, -122, -268, -219, -141, 
-122, -180, -58, 151, -31, -119, 253, -48, -136, -278, -229, -146, 
-122, -180, -58, 151, -31, -119, 253, -48, -141, -283, -239, -146, 
-126, -190, -63, 158, -31, -126, 258, -53, -141, -292, -234, -146, 
-141, -190, -48, 165, -46, -119, 258, -53, -141, -297, -234, -156, 
-146, -204, -58, 175, -43, -131, 258, -58, -146, -297, -234, -156, 
-151, -209, -58, 180, -46, -134, 258, -58, -156, -302, -239, -156, 
-151, -214, -63, 183, -43, -139, 253, -48, -170, -302, -253, -165, 
-156, -214, -58, 185, -48, -136, 253, -48, -175, -302, -258, -170, 
-156, -219, -63, 187, -46, -141, 253, -48, -180, -307, -258, -175, 
-156, -219, -63, 187, -46, -141, 258, -48, -180, -307, -263, -175, 
-146, -229, -82, 187, -31, -156, 258, -58, -180, -317, -263, -185, 
-151, -229, -78, 190, -36, -153, 258, -58, -180, -317, -268, -185, 
-151, -229, -78, 190, -36, -153, 258, -58, -185, -317, -268, -185, 
-151, -234, -82, 192, -34, -158, 258, -58, -185, -317, -273, -190, 
-141, -224, -82, 183, -29, -153, 248, -58, -195, -322, -273, -190, 
-146, -224, -78, 185, -34, -151, 253, -58, -195, -322, -268, -190, 
-146, -224, -78, 185, -34, -151, 253, -58, -200, -322, -268, -190, 
-141, -229, -87, 185, -26, -158, 253, -63, -200, -322, -273, -190, 
-141, -229, -87, 185, -26, -158, 258, -63, -200, -331, -283, -204, 
-141, -229, -87, 185, -26, -158, 258, -63, -204, -336, -287, -204, 
-141, -229, -87, 185, -26, -158, 258, -63, -204, -336, -287, -204, 
-141, -229, -87, 185, -26, -158, 258, -63, -200, -336, -287, -204, 
-156, -244, -87, 200, -34, -165, 263, -48, -190, -326, -283, -200, 
-156, -244, -87, 200, -34, -165, 263, -48, -195, -326, -278, -195, 
-151, -244, -92, 197, -29, -168, 258, -48, -195, -322, -273, -195, 
-151, -244, -92, 197, -29, -168, 258, -48, -195, -322, -263, -190, 
-151, -253, -102, 202, -24, -178, 268, -48, -195, -317, -273, -190, 
-151, -258, -107, 204, -21, -183, 268, -48, -195, -317, -273, -195, 
-151, -258, -107, 204, -21, -183, 268, -48, -195, -317, -273, -200, 
-156, -258, -102, 207, -26, -180, 268, -48, -195, -317, -278, -204, 
-156, -258, -102, 207, -26, -180, 268, -39, -195, -317, -268, -195, 
-161, -258, -97, 209, -31, -178, 268, -39, -195, -317, -268, -195, 
-161, -258, -97, 209, -31, -178, 268, -39, -195, -317, -268, -190, 
-161, -253, -92, 207, -34, -173, 268, -39, -190, -317, -268, -190, 
-156, -253, -97, 204, -29, -175, 263, -39, -200, -317, -263, -200, 
-151, -253, -102, 202, -24, -178, 263, -39, -204, -317, -263, -209, 
-146, -258, -112, 202, -17, -185, 263, -39, -204, -317, -263, -209, 
-141, -258, -117, 200, -12, -187, 268, -39, -200, -317, -263, -209, 
-146, -258, -112, 202, -17, -185, 278, -48, -200, -317, -273, -209, 
-146, -258, -112, 202, -17, -185, 278, -48, -200, -317, -273, -204, 
-141, -258, -117, 200, -12, -187, 278, -48, -200, -317, -273, -204, 
-141, -263, -122, 202, -9, -192, 278, -43, -200, -317, -273, -204, 
-146, -273, -126, 209, -9, -200, 278, -43, -190, -317, -263, -195, 
-151, -273, -122, 212, -14, -197, 278, -43, -190, -317, -263, -200, 
-156, -273, -117, 214, -19, -195, 278, -43, -190, -317, -263, -200, 
-161, -268, -107, 214, -26, -187, 278, -43, -190, -317, -263, -200, 
-161, -273, -112, 217, -24, -192, 287, -39, -190, -317, -278, -195, 
-161, -278, -117, 219, -21, -197, 287, -34, -190, -312, -278, -195, 
-161, -283, -122, 222, -19, -202, 292, -29, -190, -312, -273, -195, 
-161, -287, -126, 224, -17, -207, 292, -19, -180, -312, -273, -195, 
-170, -297, -126, 234, -21, -212, 287, -29, -190, -312, -263, -195, 
-170, -302, -131, 236, -19, -217, 287, -34, -190, -312, -263, -195, 
-170, -302, -131, 236, -19, -217, 287, -34, -190, -312, -263, -195, 
-165, -302, -136, 234, -14, -219, 287, -34, -190, -312, -258, -190, 
-165, -292, -126, 229, -19, -209, 287, -34, -190, -302, -258, -190, 
-170, -292, -122, 231, -24, -207, 287, -34, -190, -297, -258, -190, 
-170, -287, -117, 229, -26, -202, 287, -34, -190, -297, -258, -190, 
-165, -287, -122, 226, -21, -204, 287, -34, -190, -292, -258, -190, 
-151, -297, -146, 224, -2, -222, 287, -34, -190, -297, -263, -190, 
-151, -297, -146, 224, -2, -222, 287, -34, -190, -302, -263, -190, 
-156, -297, -141, 226, -7, -219, 292, -34, -190, -307, -268, -190, 
-156, -297, -141, 226, -7, -219, 292, -34, -190, -307, -268, -190, 
-151, -297, -146, 224, -2, -222, 292, -34, -200, -307, -268, -195, 
-151, -292, -141, 222, -4, -217, 292, -34, -195, -307, -268, -195, 
-156, -292, -136, 224, -9, -214, 292, -34, -195, -307, -263, -200, 
-156, -292, -136, 224, -9, -214, 287, -34, -195, -307, -258, -200, 
-161, -297, -136, 229, -12, -217, 297, -24, -190, -297, -258, -195, 
-165, -297, -131, 231, -17, -214, 297, -24, -190, -297, -258, -190, 
-170, -297, -126, 234, -21, -212, 297, -24, -185, -297, -253, -190, 
-175, -302, -126, 239, -24, -214, 297, -24, -180, -292, -253, -190, 
-165, -292, -126, 229, -19, -209, 297, -34, -180, -283, -253, -190, 
-170, -292, -122, 231, -24, -207, 297, -34, -175, -278, -253, -185, 
-175, -292, -117, 234, -29, -204, 302, -34, -175, -278, -253, -185, 
-175, -292, -117, 234, -29, -204, 302, -34, -175, -278, -253, -190, 
-161, -292, -131, 226, -14, -212, 287, -34, -185, -287, -253, -190, 
-156, -292, -136, 224, -9, -214, 283, -34, -185, -283, -253, -185, 
-156, -287, -131, 222, -12, -209, 283, -34, -185, -283, -253, -185, 
-156, -287, -131, 222, -12, -209, 283, -34, -185, -287, -253, -185, 
-156, -287, -131, 222, -12, -209, 283, -34, -185, -287, -244, -185, 
-156, -287, -131, 222, -12, -209, 283, -34, -185, -287, -244, -185, 
-156, -287, -131, 222, -12, -209, 287, -34, -185, -287, -244, -185, 
-156, -287, -131, 222, -12, -209, 287, -34, -185, -283, -244, -185, 
-156, -278, -122, 217, -17, -200, 283, -34, -185, -283, -248, -185, 
-156, -278, -122, 217, -17, -200, 283, -34, -185, -287, -248, -185, 
-156, -278, -122, 217, -17, -200, 287, -34, -185, -287, -248, -185, 
-156, -278, -122, 217, -17, -200, 287, -34, -190, -287, -253, -185, 
-156, -278, -122, 217, -17, -200, 287, -34, -180, -278, -244, -185, 
-156, -278, -122, 217, -17, -200, 287, -34, -175, -278, -244, -185, 
-161, -283, -122, 222, -19, -202, 287, -34, -175, -278, -244, -185, 
-161, -283, -122, 222, -19, -202, 287, -34, -185, -278, -244, -185, 
-165, -283, -117, 224, -24, -200, 287, -34, -185, -283, -244, -195, 
-165, -283, -117, 224, -24, -200, 287, -34, -185, -283, -244, -200, 
-165, -283, -117, 224, -24, -200, 283, -34, -185, -283, -244, -200, 
-165, -278, -112, 222, -26, -195, 283, -34, -185, -283, -244, -195, 
-165, -287, -122, 226, -21, -204, 283, -43, -185, -278, -244, -195, 
-165, -287, -122, 226, -21, -204, 283, -43, -190, -278, -244, -195, 
-165, -287, -122, 226, -21, -204, 287, -43, -190, -278, -244, -195, 
-165, -287, -122, 226, -21, -204, 287, -43, -190, -278, -244, -195, 
-161, -278, -117, 219, -21, -197, 287, -43, -190, -278, -244, -195, 
-156, -283, -126, 219, -14, -204, 287, -43, -190, -278, -244, -195, 
-161, -283, -122, 222, -19, -202, 287, -43, -190, -278, -244, -195, 
-156, -283, -126, 219, -14, -204, 287, -43, -195, -283, -244, -200, 
-161, -287, -126, 224, -17, -207, 278, -34, -185, -283, -244, -200, 
-156, -287, -131, 222, -12, -209, 278, -34, -185, -278, -244, -200, 
-156, -292, -136, 224, -9, -214, 278, -34, -190, -278, -244, -200, 
-156, -292, -136, 224, -9, -214, 278, -39, -190, -283, -244, -200, 
-146, -297, -151, 222, 2, -224, 287, -39, -190, -287, -253, -200, 
-146, -297, -151, 222, 2, -224, 287, -39, -190, -287, -253, -200, 
-146, -292, -146, 219, 0, -219, 287, -43, -195, -287, -253, -200, 
-146, -292, -146, 219, 0, -219, 287, -43, -195, -287, -258, -204, 
-146, -292, -146, 219, 0, -219, 287, -39, -195, -287, -248, -214, 
-146, -287, -141, 217, -2, -214, 287, -39, -195, -287, -248, -214, 
-146, -287, -141, 217, -2, -214, 287, -39, -195, -287, -253, -214, 
-146, -292, -146, 219, 0, -219, 287, -39, -195, -292, -253, -214, 
-151, -302, -151, 226, 0, -226, 297, -29, -195, -287, -244, -214, 
-156, -302, -146, 229, -4, -224, 297, -29, -200, -283, -244, -209, 
-161, -302, -141, 231, -9, -222, 297, -29, -200, -278, -244, -204, 
-165, -307, -141, 236, -12, -224, 297, -29, -200, -273, -244, -200, 
-161, -297, -136, 229, -12, -217, 287, -34, -200, -283, -253, -209, 
-156, -297, -141, 226, -7, -219, 287, -39, -200, -283, -253, -209, 
-151, -297, -146, 224, -2, -222, 287, -43, -195, -283, -253, -209, 
-146, -297, -151, 222, 2, -224, 287, -48, -195, -283, -258, -209, 
-146, -297, -151, 222, 2, -224, 287, -39, -195, -287, -268, -209, 
-146, -297, -151, 222, 2, -224, 287, -39, -195, -287, -263, -209, 
-146, -297, -151, 222, 2, -224, 287, -43, -200, -283, -263, -209, 
-146, -297, -151, 222, 2, -224, 287, -43, -200, -283, -263, -209, 
-156, -302, -146, 229, -4, -224, 297, -29, -200, -283, -253, -219, 
-156, -307, -151, 231, -2, -229, 297, -29, -200, -283, -253, -219, 
-156, -312, -156, 234, 0, -234, 297, -29, -195, -283, -253, -219, 
-156, -317, -161, 236, 2, -239, 292, -34, -195, -283, -253, -219, 
-156, -317, -161, 236, 2, -239, 292, -43, -204, -283, -253, -219, 
-156, -317, -161, 236, 2, -239, 292, -43, -204, -287, -253, -219, 
-156, -317, -161, 236, 2, -239, 292, -43, -209, -287, -253, -219, 
-156, -312, -156, 234, 0, -234, 292, -43, -209, -287, -253, -214, 
-156, -312, -156, 234, 0, -234, 283, -34, -209, -283, -248, -214, 
-156, -312, -156, 234, 0, -234, 283, -34, -209, -278, -248, -214, 
-156, -312, -156, 234, 0, -234, 283, -34, -204, -278, -248, -214, 
-156, -312, -156, 234, 0, -234, 283, -34, -204, -273, -248, -214, 
-156, -307, -151, 231, -2, -229, 292, -29, -204, -283, -258, -224, 
-156, -307, -151, 231, -2, -229, 292, -29, -200, -278, -253, -214, 
-156, -302, -146, 229, -4, -224, 292, -29, -195, -273, -244, -214, 
-156, -302, -146, 229, -4, -224, 292, -29, -195, -268, -244, -214, 
-156, -307, -151, 231, -2, -229, 297, -29, -204, -273, -253, -219, 
-156, -307, -151, 231, -2, -229, 297, -29, -200, -278, -253, -219, 
-156, -312, -156, 234, 0, -234, 297, -24, -200, -278, -253, -219, 
-156, -317, -161, 236, 2, -239, 297, -24, -200, -278, -253, -219, 
-156, -322, -165, 239, 4, -244, 287, -34, -195, -283, -253, -219, 
-151, -317, -165, 234, 7, -241, 287, -34, -195, -283, -248, -214, 
-151, -312, -161, 231, 4, -236, 292, -39, -195, -283, -248, -214, 
-151, -307, -156, 229, 2, -231, 292, -39, -195, -283, -248, -214, 
-156, -312, -156, 234, 0, -234, 292, -39, -200, -283, -248, -214, 
-161, -312, -151, 236, -4, -231, 292, -39, -200, -283, -244, -209, 
-165, -312, -146, 239, -9, -229, 292, -39, -200, -283, -244, -209, 
-170, -312, -141, 241, -14, -226, 292, -43, -195, -283, -244, -209, 
-175, -307, -131, 241, -21, -219, 297, -34, -185, -273, -229, -204, 
-165, -302, -136, 234, -14, -219, 287, -43, -195, -273, -234, -200, 
-175, -283, -107, 229, -34, -195, 283, -39, -185, -263, -224, -204, 
-170, -273, -102, 222, -34, -187, 283, -48, -175, -263, -224, -195, 
-165, -273, -107, 219, -29, -190, 283, -48, -175, -263, -224, -195, 
-161, -273, -112, 217, -24, -192, 283, -48, -175, -263, -224, -195, 
-156, -273, -117, 214, -19, -195, 283, -48, -175, -263, -224, -195, 
-161, -268, -107, 214, -26, -187, 287, -39, -161, -258, -209, -185, 
-161, -263, -102, 212, -29, -183, 287, -39, -156, -248, -204, -180, 
-161, -258, -97, 209, -31, -178, 287, -39, -151, -244, -200, -175, 
-161, -248, -87, 204, -36, -168, 287, -39, -151, -239, -195, -175, 
-151, -239, -87, 195, -31, -163, 278, -39, -141, -234, -200, -185, 
-141, -234, -92, 187, -24, -163, 278, -39, -141, -234, -200, -185, 
-136, -229, -92, 183, -21, -161, 278, -34, -141, -234, -204, -185, 
-131, -224, -92, 178, -19, -158, 278, -34, -141, -234, -209, -190, 
-136, -229, -92, 183, -21, -161, 283, -34, -151, -224, -204, -180, 
-141, -234, -92, 187, -24, -163, 283, -34, -146, -224, -204, -180, 
-146, -234, -87, 190, -29, -161, 273, -39, -146, -214, -204, -175, 
-151, -229, -78, 190, -36, -153, 278, -48, -146, -214, -204, -165, 
-151, -224, -73, 187, -39, -148, 253, -53, -146, -214, -204, -165, 
-151, -214, -63, 183, -43, -139, 248, -58, -146, -219, -200, -165, 
-141, -209, -68, 175, -36, -139, 239, -58, -146, -224, -200, -161, 
-141, -200, -58, 170, -41, -129, 224, -63, -146, -224, -195, -161, 
-126, -185, -58, 156, -34, -122, 214, -63, -156, -219, -190, -165, 
-117, -175, -58, 146, -29, -117, 209, -68, -156, -219, -185, -165, 
-112, -165, -53, 139, -29, -109, 204, -68, -151, -214, -185, -156, 
-107, -156, -48, 131, -29, -102, 195, -63, -146, -204, -175, -151, 
-117, -151, -34, 134, -41, -92, 185, -73, -146, -204, -180, -141, 
-117, -146, -29, 131, -43, -87, 185, -73, -136, -195, -170, -136, 
-107, -141, -34, 124, -36, -87, 185, -73, -131, -195, -165, -131, 
-97, -136, -39, 117, -29, -87, 185, -68, -131, -195, -161, -131, 
-73, -141, -68, 107, -2, -104, 185, -58, -131, -185, -156, -122, 
-73, -146, -73, 109, 0, -109, 190, -53, -131, -175, -151, -122, 
-73, -141, -68, 107, -2, -104, 190, -53, -136, -170, -146, -117, 
-68, -141, -73, 104, 2, -107, 195, -48, -136, -170, -141, -117, 
-58, -136, -78, 97, 9, -107, 209, -48, -136, -175, -141, -107, 
-68, -146, -78, 107, 4, -112, 214, -48, -136, -175, -141, -112, 
-73, -161, -87, 117, 7, -124, 224, -48, -136, -175, -146, -122, 
-87, -170, -82, 129, -2, -126, 229, -39, -141, -185, -151, -126, 
-102, -180, -78, 141, -12, -129, 224, -48, -131, -190, -161, -136, 
-107, -195, -87, 151, -9, -141, 224, -48, -141, -200, -165, -141, 
-117, -214, -97, 165, -9, -156, 224, -48, -151, -209, -175, -156, 
-122, -229, -107, 175, -7, -168, 229, -43, -156, -209, -190, -161, 
-122, -239, -117, 180, -2, -178, 244, -34, -170, -229, -204, -180, 
-126, -253, -126, 190, 0, -190, 248, -39, -175, -229, -209, -185, 
-131, -268, -136, 200, 2, -202, 253, -39, -180, -239, -219, -195, 
-136, -278, -141, 207, 2, -209, 263, -39, -185, -248, -219, -209, 
-146, -292, -146, 219, 0, -219, 258, -48, -204, -253, -224, -204, 
-151, -297, -146, 224, -2, -222, 263, -48, -209, -258, -229, -209, 
-151, -317, -165, 234, 7, -241, 268, -43, -209, -258, -234, -214, 
-151, -317, -165, 234, 7, -241, 273, -34, -219, -263, -239, -219, 
-151, -341, -190, 246, 19, -265, 287, -24, -209, -268, -234, -224, 
-151, -341, -190, 246, 19, -265, 292, -29, -214, -273, -234, -224, 
-156, -351, -195, 253, 19, -273, 292, -29, -224, -278, -239, -234, 
-156, -361, -204, 258, 24, -283, 297, -24, -224, -283, -244, -234, 
-156, -366, -209, 261, 26, -287, 292, -24, -229, -292, -258, -244, 
-146, -375, -229, 261, 41, -302, 292, -19, -234, -292, -263, -248, 
-146, -380, -234, 263, 43, -307, 292, -19, -239, -297, -263, -253, 
-146, -385, -239, 265, 46, -312, 292, -19, -244, -297, -263, -253, 
-161, -375, -214, 268, 26, -295, 307, -19, -244, -287, -263, -244, 
-161, -375, -214, 268, 26, -295, 307, -19, -244, -287, -263, -244, 
-165, -375, -209, 270, 21, -292, 307, -19, -248, -292, -268, -248, 
-165, -370, -204, 268, 19, -287, 312, -19, -248, -292, -268, -248, 
-170, -380, -209, 275, 19, -295, 322, -19, -239, -292, -273, -248, 
-170, -375, -204, 273, 17, -290, 322, -19, -239, -287, -273, -248, 
-170, -375, -204, 273, 17, -290, 317, -19, -239, -287, -268, -253, 
-170, -385, -214, 278, 21, -300, 317, -19, -239, -297, -268, -253, 
-175, -385, -209, 280, 17, -297, 307, -19, -239, -297, -273, -263, 
-170, -380, -209, 275, 19, -295, 312, -19, -234, -297, -273, -263, 
-170, -380, -209, 275, 19, -295, 312, -19, -234, -297, -273, -263, 
-170, -380, -209, 275, 19, -295, 312, -19, -234, -297, -273, -263, 
-170, -375, -204, 273, 17, -290, 302, -14, -239, -297, -273, -253, 
-170, -375, -204, 273, 17, -290, 302, -14, -244, -297, -273, -258, 
-170, -375, -204, 273, 17, -290, 307, -19, -248, -297, -273, -258, 
-170, -375, -204, 273, 17, -290, 307, -19, -253, -297, -273, -258, 
-170, -385, -214, 278, 21, -300, 302, -19, -244, -297, -273, -258, 
-170, -380, -209, 275, 19, -295, 302, -19, -244, -292, -273, -258, 
-170, -380, -209, 275, 19, -295, 302, -19, -244, -292, -273, -258, 
-170, -380, -209, 275, 19, -295, 302, -19, -244, -297, -273, -258, 
-161, -380, -219, 270, 29, -300, 312, -19, -244, -307, -283, -258, 
-161, -380, -219, 270, 29, -300, 312, -19, -244, -302, -283, -253, 
-161, -380, -219, 270, 29, -300, 312, -19, -244, -302, -283, -253, 
-161, -380, -219, 270, 29, -300, 312, -19, -244, -302, -287, -253, 
-161, -380, -219, 270, 29, -300, 312, -9, -244, -292, -278, -253, 
-165, -380, -214, 273, 24, -297, 312, -9, -244, -292, -273, -253, 
-165, -380, -214, 273, 24, -297, 312, -4, -244, -292, -273, -253, 
-165, -380, -214, 273, 24, -297, 312, -4, -244, -292, -273, -253, 
-165, -370, -204, 268, 19, -287, 312, -9, -244, -292, -273, -253, 
-165, -380, -214, 273, 24, -297, 312, -4, -244, -292, -273, -258, 
-165, -380, -214, 273, 24, -297, 317, -4, -244, -297, -273, -258, 
-165, -380, -214, 273, 24, -297, 312, -4, -244, -307, -283, -263, 
-165, -375, -209, 270, 21, -292, 326, 4, -244, -297, -283, -263, 
-185, -385, -200, 285, 7, -292, 351, 14, -219, -292, -283, -263, 
-175, -370, -195, 273, 9, -283, 351, 34, -200, -273, -263, -239, 
-161, -331, -170, 246, 4, -251, 336, 19, -175, -244, -219, -214, 
-151, -297, -146, 224, -2, -222, 322, 9, -102, -185, -161, -185, 
-146, -248, -102, 197, -21, -175, 307, 9, -19, -102, -102, -122, 
-126, -180, -53, 153, -36, -117, 292, 9, 107, 0, -24, -58, 
-112, -78, 34, 95, -73, -21, 268, 19, 283, 136, 78, 14, 
-87, 48, 136, 19, -112, 92, 234, 39, 497, 312, 209, 117, 
-48, 190, 239, -70, -143, 214, 185, 43, 727, 522, 366, 229, 
-19, 351, 370, -165, -195, 361, 126, 43, 961, 766, 556, 380, 
34, 546, 512, -290, -239, 529, 53, 73, 1239, 1049, 785, 561, 
136, 761, 624, -448, -244, 692, -58, 92, 1532, 1361, 1058, 751, 
244, 976, 732, -610, -244, 854, -200, 82, 1790, 1659, 1332, 951, 
331, 1210, 878, -771, -273, 1044, -361, 48, 2000, 1952, 1586, 1166, 
419, 1439, 1019, -929, -300, 1229, -522, 9, 2181, 2225, 1830, 1371, 
507, 1634, 1127, -1071, -309, 1381, -668, -19, 2318, 2454, 2049, 1546, 
590, 1756, 1166, -1173, -287, 1461, -775, -29, 2391, 2601, 2181, 1673, 
629, 1800, 1171, -1215, -270, 1485, -858, -34, 2361, 2630, 2205, 1717, 
653, 1776, 1122, -1215, -234, 1449, -897, -43, 2244, 2547, 2156, 1708, 
658, 1629, 971, -1144, -156, 1300, -878, -9, 2049, 2361, 2030, 1610, 
619, 1337, 717, -978, -48, 1027, -775, 63, 1766, 2078, 1795, 1410, 
551, 1015, 463, -783, 43, 739, -629, 82, 1415, 1708, 1488, 1166, 
453, 736, 283, -595, 85, 509, -497, 43, 1019, 1268, 1132, 893, 
307, 458, 151, -383, 78, 305, -336, 0, 644, 849, 780, 629, 
175, 229, 53, -202, 61, 141, -180, -29, 375, 531, 507, 424, 
78, 107, 29, -92, 24, 68, -82, -68, 214, 307, 317, 273, 
-4, 29, 34, -12, -19, 31, -9, -102, 43, 107, 136, 146, 
-102, -39, 63, 70, -82, 12, 53, -151, -161, -78, -29, 29, 
-161, -73, 87, 117, -124, 7, 87, -180, -283, -175, -126, -48, 
-161, -97, 63, 129, -112, -17, 107, -146, -253, -185, -141, -73, 
-156, -122, 34, 139, -95, -43, 126, -122, -209, -170, -131, -92, 
-151, -161, -9, 156, -70, -85, 156, -97, -209, -180, -146, -107, 
-126, -185, -58, 156, -34, -122, 200, -43, -190, -170, -161, -131, 
-112, -229, -117, 170, 2, -173, 229, -14, -165, -180, -156, -146, 
-126, -278, -151, 202, 12, -214, 253, -19, -165, -190, -165, -151, 
-136, -312, -175, 224, 19, -244, 273, -4, -156, -180, -170, -165, 
-136, -322, -185, 229, 24, -253, 292, 4, -126, -170, -175, -170, 
-141, -326, -185, 234, 21, -256, 307, 4, -112, -180, -180, -170, 
-156, -331, -175, 244, 9, -253, 307, 4, -112, -190, -190, -185, 
-161, -341, -180, 251, 9, -261, 287, 4, -126, -195, -195, -190, 
-170, -341, -170, 256, 0, -256, 283, 4, -141, -204, -200, -190, 
-170, -341, -170, 256, 0, -256, 292, 14, -151, -209, -214, -190, 
-161, -351, -190, 256, 14, -270, 297, 19, -161, -224, -219, -200, 
-151, -361, -209, 256, 29, -285, 312, 19, -165, -224, -219, -204, 
-161, -366, -204, 263, 21, -285, 322, 19, -180, -224, -224, -200, 
-161, -375, -214, 268, 26, -295, 317, 9, -185, -234, -239, -209, 
-161, -375, -214, 268, 26, -295, 322, 9, -185, -239, -239, -209, 
-165, -375, -209, 270, 21, -292, 322, 9, -180, -239, -239, -214, 
-165, -380, -214, 273, 24, -297, 322, 19, -180, -244, -239, -219, 
-165, -370, -204, 268, 19, -287, 322, 9, -180, -244, -239, -229, 
-165, -370, -204, 268, 19, -287, 322, 14, -180, -244, -239, -229, 
-170, -370, -200, 270, 14, -285, 322, 14, -175, -244, -244, -224, 
-170, -370, -200, 270, 14, -285, 317, 9, -175, -248, -244, -224, 
-161, -361, -200, 261, 19, -280, 317, 9, -180, -258, -244, -229, 
-156, -366, -209, 261, 26, -287, 322, 9, -180, -258, -248, -229, 
-156, -366, -209, 261, 26, -287, 331, 14, -180, -258, -253, -229, 
-156, -361, -204, 258, 24, -283, 331, 14, -180, -258, -253, -224, 
-156, -366, -209, 261, 26, -287, 331, 29, -165, -248, -253, -219, 
-156, -370, -214, 263, 29, -292, 331, 29, -165, -244, -248, -219, 
-156, -375, -219, 265, 31, -297, 331, 24, -165, -244, -248, -219, 
-156, -380, -224, 268, 34, -302, 331, 24, -161, -244, -248, -219, 
-156, -375, -219, 265, 31, -297, 317, 19, -156, -244, -239, -219, 
-156, -375, -219, 265, 31, -297, 317, 19, -156, -244, -239, -219, 
-156, -375, -219, 265, 31, -297, 317, 19, -156, -239, -239, -219, 
-156, -375, -219, 265, 31, -297, 317, 19, -151, -239, -234, -219, 
-156, -366, -209, 261, 26, -287, 326, 19, -146, -239, -234, -209, 
-156, -361, -204, 258, 24, -283, 326, 19, -146, -234, -234, -209, 
-156, -361, -204, 258, 24, -283, 326, 19, -146, -234, -229, -209, 
-156, -361, -204, 258, 24, -283, 326, 19, -136, -234, -229, -209, 
-156, -351, -195, 253, 19, -273, 326, 29, -126, -219, -239, -209, 
-156, -351, -195, 253, 19, -273, 326, 34, -126, -214, -229, -209, 
-151, -351, -200, 251, 24, -275, 326, 34, -122, -214, -224, -209, 
-151, -351, -200, 251, 24, -275, 326, 34, -117, -209, -224, -204, 
-146, -361, -214, 253, 34, -287, 336, 34, -122, -209, -224, -195, 
-146, -361, -214, 253, 34, -287, 336, 34, -122, -204, -219, -195, 
-146, -361, -214, 253, 34, -287, 336, 34, -117, -204, -219, -195, 
-141, -361, -219, 251, 39, -290, 336, 34, -112, -200, -219, -195, 
-151, -346, -195, 248, 21, -270, 336, 34, -102, -200, -219, -190, 
-151, -346, -195, 248, 21, -270, 336, 34, -97, -200, -219, -190, 
-151, -341, -190, 246, 19, -265, 336, 39, -92, -190, -209, -185, 
-151, -341, -190, 246, 19, -265, 341, 39, -87, -185, -209, -185, 
-151, -326, -175, 239, 12, -251, 331, 34, -92, -185, -214, -195, 
-146, -326, -180, 236, 17, -253, 331, 39, -87, -185, -214, -195, 
-136, -326, -190, 231, 26, -258, 326, 39, -82, -185, -214, -190, 
-136, -312, -175, 224, 19, -244, 326, 39, -78, -175, -204, -185, 
-151, -317, -165, 234, 7, -241, 326, 39, -73, -180, -200, -175, 
-151, -312, -161, 231, 4, -236, 326, 39, -63, -175, -200, -175, 
-146, -307, -161, 226, 7, -234, 326, 39, -58, -170, -200, -175, 
-141, -307, -165, 224, 12, -236, 326, 39, -53, -170, -195, -180, 
-131, -307, -175, 219, 21, -241, 322, 43, -39, -156, -190, -180, 
-131, -297, -165, 214, 17, -231, 317, 43, -34, -146, -185, -165, 
-136, -297, -161, 217, 12, -229, 312, 43, -29, -141, -180, -161, 
-136, -297, -161, 217, 12, -229, 307, 43, -24, -141, -180, -161, 
-136, -283, -146, 209, 4, -214, 317, 43, -4, -136, -175, -151, 
-131, -278, -146, 204, 7, -212, 322, 43, 4, -131, -170, -151, 
-131, -278, -146, 204, 7, -212, 322, 53, 9, -126, -156, -141, 
-126, -273, -146, 200, 9, -209, 326, 53, 14, -122, -146, -141, 
-131, -278, -146, 204, 7, -212, 326, 58, 24, -107, -131, -136, 
-131, -268, -136, 200, 2, -202, 326, 63, 34, -97, -126, -131, 
-131, -258, -126, 195, -2, -192, 326, 63, 43, -92, -122, -126, 
-126, -253, -126, 190, 0, -190, 326, 68, 53, -82, -117, -122, 
-117, -253, -136, 185, 9, -195, 317, 68, 63, -87, -117, -122, 
-112, -248, -136, 180, 12, -192, 317, 73, 78, -82, -112, -117, 
-112, -244, -131, 178, 9, -187, 317, 73, 87, -73, -112, -112, 
-107, -239, -131, 173, 12, -185, 317, 78, 102, -63, -107, -107, 
-107, -229, -122, 168, 7, -175, 317, 78, 112, -43, -87, -97, 
-112, -214, -102, 163, -4, -158, 317, 78, 131, -34, -78, -92, 
-107, -209, -102, 158, -2, -156, 317, 87, 141, -24, -78, -87, 
-122, -195, -73, 158, -24, -134, 317, 87, 161, -14, -63, -82, 
-126, -185, -58, 156, -34, -122, 317, 97, 175, 0, -63, -63, 
-126, -175, -48, 151, -39, -112, 317, 97, 190, 9, -53, -58, 
-122, -175, -53, 148, -34, -114, 312, 102, 204, 19, -39, -48, 
-122, -175, -53, 148, -34, -114, 307, 102, 219, 34, -29, -39, 
-102, -151, -48, 126, -26, -100, 297, 107, 234, 43, -24, -34, 
-97, -146, -48, 122, -24, -97, 297, 107, 248, 53, -14, -24, 
-92, -136, -43, 114, -24, -90, 292, 107, 268, 68, -4, -14, 
-87, -126, -39, 107, -24, -82, 292, 112, 283, 78, 4, -9, 
-73, -117, -43, 95, -14, -80, 287, 112, 287, 87, 14, -9, 
-73, -97, -24, 85, -24, -61, 287, 112, 302, 102, 24, 0, 
-73, -82, -9, 78, -31, -46, 287, 112, 317, 117, 34, 4, 
-73, -78, -4, 75, -34, -41, 278, 117, 331, 126, 43, 4, 
-73, -68, 4, 70, -39, -31, 278, 117, 351, 141, 58, 14, 
-73, -58, 14, 65, -43, -21, 273, 117, 366, 151, 68, 24, 
-68, -53, 14, 61, -41, -19, 273, 126, 380, 161, 78, 39, 
-68, -43, 24, 56, -46, -9, 273, 126, 390, 175, 87, 58, 
-63, -24, 39, 43, -51, 7, 273, 126, 409, 170, 107, 63, 
-53, -4, 48, 29, -51, 21, 263, 126, 419, 185, 117, 68, 
-39, 4, 43, 17, -41, 24, 258, 126, 429, 190, 117, 73, 
-34, 9, 43, 12, -39, 26, 258, 126, 439, 200, 131, 82, 
-48, 19, 68, 14, -58, 43, 258, 136, 444, 219, 141, 82, 
-48, 29, 78, 9, -63, 53, 253, 136, 448, 229, 141, 87, 
-39, 34, 73, 2, -56, 53, 248, 136, 458, 234, 141, 97, 
-39, 43, 82, -2, -61, 63, 248, 136, 468, 239, 151, 97, 
-34, 48, 82, -7, -58, 65, 248, 136, 473, 244, 165, 112, 
-29, 58, 87, -14, -58, 73, 244, 136, 478, 244, 170, 117, 
-29, 68, 97, -19, -63, 82, 244, 136, 483, 248, 175, 122, 
-34, 68, 102, -17, -68, 85, 239, 136, 483, 253, 175, 122, 
-24, 73, 97, -24, -61, 85, 229, 126, 483, 258, 170, 126, 
-19, 78, 97, -29, -58, 87, 229, 126, 483, 258, 175, 126, 
-19, 82, 102, -31, -61, 92, 224, 126, 483, 263, 175, 126, 
-24, 82, 107, -29, -65, 95, 224, 122, 473, 263, 175, 126, 
-24, 78, 102, -26, -63, 90, 224, 117, 473, 258, 180, 131, 
-24, 73, 97, -24, -61, 85, 224, 112, 463, 258, 180, 131, 
-24, 73, 97, -24, -61, 85, 219, 112, 453, 253, 175, 126, 
-24, 78, 102, -26, -63, 90, 219, 102, 439, 253, 170, 122, 
-24, 78, 102, -26, -63, 90, 214, 97, 424, 234, 161, 112, 
-24, 68, 92, -21, -58, 80, 214, 87, 395, 224, 151, 107, 
-24, 53, 78, -14, -51, 65, 214, 87, 375, 200, 136, 97, 
-34, 48, 82, -7, -58, 65, 219, 78, 356, 190, 122, 97, 
-34, 43, 78, -4, -56, 61, 219, 68, 331, 180, 122, 87, 
-43, 29, 73, 7, -58, 51, 219, 63, 307, 161, 107, 73, 
-48, 19, 68, 14, -58, 43, 224, 58, 287, 141, 97, 58, 
-48, 0, 48, 24, -48, 24, 224, 48, 253, 122, 73, 43, 
-58, -29, 29, 43, -43, 0, 234, 34, 224, 97, 58, 29, 
-73, -48, 24, 61, -48, -12, 234, 29, 200, 82, 48, 24, 
-82, -73, 9, 78, -46, -31, 239, 29, 175, 63, 34, 14, 
-92, -92, 0, 92, -46, -46, 248, 24, 151, 48, 19, 0, 
-92, -97, -4, 95, -43, -51, 239, 19, 136, 24, -4, -19, 
-97, -107, -9, 102, -43, -58, 239, 14, 107, 9, -19, -29, 
-97, -122, -24, 109, -36, -73, 239, 0, 82, -4, -29, -39, 
-97, -136, -39, 117, -29, -87, 239, 0, 63, -24, -43, -58, 
-97, -156, -58, 126, -19, -107, 253, 4, 34, -53, -63, -68, 
-107, -170, -63, 139, -21, -117, 258, 4, 9, -63, -73, -73, 
-117, -185, -68, 151, -24, -126, 258, 4, -4, -73, -87, -82, 
-117, -200, -82, 158, -17, -141, 258, 0, -19, -87, -102, -97, 
-122, -209, -87, 165, -17, -148, 258, -9, -34, -97, -97, -102, 
-136, -224, -87, 180, -24, -156, 263, -9, -43, -112, -102, -107, 
-136, -239, -102, 187, -17, -170, 263, -14, -58, -122, -107, -112, 
-136, -244, -107, 190, -14, -175, 263, -19, -68, -122, -122, -122, 
-126, -248, -122, 187, -2, -185, 263, -14, -87, -131, -131, -141, 
-131, -258, -126, 195, -2, -192, 273, -14, -102, -141, -141, -151, 
-131, -268, -136, 200, 2, -202, 273, -19, -117, -151, -151, -156, 
-131, -268, -136, 200, 2, -202, 273, -19, -122, -156, -161, -156, 
-141, -278, -136, 209, -2, -207, 287, -24, -131, -165, -175, -156, 
-151, -278, -126, 214, -12, -202, 287, -24, -131, -170, -175, -165, 
-151, -292, -141, 222, -4, -217, 287, -29, -136, -170, -175, -165, 
-151, -297, -146, 224, -2, -222, 287, -29, -146, -175, -180, -165, 
-141, -302, -161, 222, 9, -231, 283, -29, -151, -185, -175, -175, 
-146, -302, -156, 224, 4, -229, 283, -29, -156, -185, -180, -180, 
-146, -307, -161, 226, 7, -234, 283, -29, -161, -190, -180, -185, 
-146, -307, -161, 226, 7, -234, 287, -29, -161, -190, -185, -185, 
-146, -317, -170, 231, 12, -244, 287, -29, -161, -200, -195, -185, 
-151, -317, -165, 234, 7, -241, 287, -29, -161, -200, -200, -185, 
-151, -317, -165, 234, 7, -241, 287, -29, -165, -200, -200, -185, 
-151, -322, -170, 236, 9, -246, 287, -29, -165, -200, -204, -190, 
-151, -322, -170, 236, 9, -246, 297, -19, -165, -195, -195, -180, 
-156, -322, -165, 239, 4, -244, 302, -19, -165, -195, -190, -180, 
-156, -322, -165, 239, 4, -244, 302, -19, -170, -195, -190, -180, 
-151, -326, -175, 239, 12, -251, 302, -24, -170, -195, -195, -180, 
-161, -336, -175, 248, 7, -256, 297, -14, -161, -195, -195, -185, 
-161, -336, -175, 248, 7, -256, 297, -14, -165, -200, -200, -185, 
-161, -336, -175, 248, 7, -256, 297, -14, -165, -200, -200, -185, 
-161, -336, -175, 248, 7, -256, 297, -14, -161, -200, -200, -185, 
-156, -341, -185, 248, 14, -263, 292, -19, -161, -209, -200, -195, 
-156, -341, -185, 248, 14, -263, 292, -19, -165, -209, -200, -195, 
-151, -341, -190, 246, 19, -265, 287, -19, -165, -204, -200, -200, 
-151, -341, -190, 246, 19, -265, 287, -19, -165, -204, -195, -200, 
-151, -341, -190, 246, 19, -265, 287, -19, -175, -209, -195, -195, 
-151, -346, -195, 248, 21, -270, 287, -19, -175, -209, -195, -195, 
-151, -346, -195, 248, 21, -270, 287, -19, -175, -209, -195, -195, 
-156, -346, -190, 251, 17, -268, 287, -19, -175, -209, -200, -195, 
-156, -336, -180, 246, 12, -258, 287, -19, -165, -209, -190, -195, 
-161, -336, -175, 248, 7, -256, 287, -19, -165, -209, -190, -195, 
-161, -336, -175, 248, 7, -256, 287, -19, -165, -209, -190, -190, 
-161, -331, -170, 246, 4, -251, 287, -19, -161, -209, -190, -190, 
-161, -341, -180, 251, 9, -261, 292, -19, -161, -200, -195, -190, 
-161, -341, -180, 251, 9, -261, 292, -19, -165, -200, -195, -200, 
-161, -346, -185, 253, 12, -265, 292, -19, -165, -200, -195, -200, 
-161, -346, -185, 253, 12, -265, 297, -19, -161, -200, -195, -200, 
-165, -346, -180, 256, 7, -263, 307, -19, -161, -200, -195, -200, 
-165, -346, -180, 256, 7, -263, 307, -19, -161, -200, -195, -195, 
-161, -346, -185, 253, 12, -265, 307, -19, -161, -200, -195, -195, 
-161, -351, -190, 256, 14, -270, 307, -14, -161, -200, -195, -195, 
-161, -351, -190, 256, 14, -270, 297, -14, -161, -200, -195, -195, 
-161, -351, -190, 256, 14, -270, 297, -14, -161, -200, -195, -200, 
-161, -351, -190, 256, 14, -270, 297, -14, -161, -200, -195, -200, 
-161, -346, -185, 253, 12, -265, 297, -14, -161, -200, -195, -200, 
-161, -356, -195, 258, 17, -275, 297, -14, -170, -200, -190, -195, 
-161, -356, -195, 258, 17, -275, 297, -14, -170, -195, -190, -195, 
-161, -356, -195, 258, 17, -275, 302, -14, -170, -195, -185, -195, 
-161, -356, -195, 258, 17, -275, 302, -9, -161, -195, -185, -195, 
-161, -356, -195, 258, 17, -275, 307, 0, -151, -195, -195, -195, 
-161, -361, -200, 261, 19, -280, 307, -4, -151, -195, -195, -195, 
-161, -361, -200, 261, 19, -280, 307, -4, -151, -195, -195, -195, 
-156, -361, -204, 258, 24, -283, 307, -4, -151, -195, -190, -190, 
-156, -361, -204, 258, 24, -283, 307, -4, -151, -195, -190, -200, 
-161, -361, -200, 261, 19, -280, 307, -4, -151, -190, -190, -200, 
-161, -356, -195, 258, 17, -275, 307, -4, -151, -190, -190, -200, 
-156, -356, -200, 256, 21, -278, 307, -4, -151, -185, -190, -200, 
-151, -356, -204, 253, 26, -280, 297, -4, -151, -195, -185, -200, 
-151, -356, -204, 253, 26, -280, 297, -4, -151, -195, -185, -200, 
-156, -356, -200, 256, 21, -278, 302, -4, -151, -195, -190, -200, 
-156, -356, -200, 256, 21, -278, 302, -4, -151, -190, -190, -200, 
-161, -366, -204, 263, 21, -285, 302, -4, -151, -190, -180, -195, 
-161, -361, -200, 261, 19, -280, 302, -4, -146, -190, -180, -195, 
-165, -361, -195, 263, 14, -278, 302, -4, -146, -190, -175, -200, 
-165, -361, -195, 263, 14, -278, 297, -4, -146, -190, -170, -200, 
-165, -356, -190, 261, 12, -273, 297, -4, -146, -180, -170, -185, 
-165, -356, -190, 261, 12, -273, 297, -4, -151, -180, -170, -180, 
-165, -356, -190, 261, 12, -273, 297, -4, -151, -180, -165, -180, 
-165, -361, -195, 263, 14, -278, 297, -4, -151, -175, -165, -180, 
-156, -351, -195, 253, 19, -273, 307, -4, -151, -175, -165, -180, 
-161, -351, -190, 256, 14, -270, 307, -4, -146, -170, -165, -175, 
-165, -351, -185, 258, 9, -268, 312, -4, -146, -170, -165, -175, 
-165, -351, -185, 258, 9, -268, 312, -4, -146, -170, -165, -180, 
-151, -351, -200, 251, 24, -275, 297, -4, -136, -170, -156, -180, 
-146, -351, -204, 248, 29, -278, 292, -4, -136, -165, -156, -175, 
-146, -346, -200, 246, 26, -273, 292, -4, -136, -165, -156, -175, 
-146, -346, -200, 246, 26, -273, 292, -4, -136, -170, -156, -175, 
-156, -336, -180, 246, 12, -258, 292, -4, -146, -170, -156, -175, 
-156, -336, -180, 246, 12, -258, 292, -4, -146, -170, -156, -175, 
-156, -336, -180, 246, 12, -258, 297, -4, -146, -170, -156, -175, 
-156, -336, -180, 246, 12, -258, 297, -4, -146, -165, -156, -175, 
-146, -346, -200, 246, 26, -273, 292, -4, -151, -156, -151, -175, 
-146, -346, -200, 246, 26, -273, 292, -4, -156, -161, -151, -175, 
-146, -346, -200, 246, 26, -273, 297, -4, -161, -161, -151, -175, 
-146, -346, -200, 246, 26, -273, 297, -4, -170, -161, -156, -175, 
-156, -346, -190, 251, 17, -268, 287, -4, -156, -161, -146, -185, 
-156, -346, -190, 251, 17, -268, 287, -4, -146, -161, -146, -185, 
-161, -351, -190, 256, 14, -270, 287, -4, -141, -161, -146, -185, 
-161, -351, -190, 256, 14, -270, 287, -4, -146, -161, -146, -185, 
-146, -341, -195, 244, 24, -268, 287, -14, -146, -165, -156, -185, 
-146, -341, -195, 244, 24, -268, 287, -14, -146, -165, -156, -190, 
-146, -341, -195, 244, 24, -268, 283, -14, -146, -165, -156, -190, 
-146, -336, -190, 241, 21, -263, 283, -14, -146, -165, -156, -185, 
-156, -336, -180, 246, 12, -258, 292, -4, -146, -161, -146, -175, 
-156, -336, -180, 246, 12, -258, 292, -4, -151, -161, -146, -175, 
-156, -336, -180, 246, 12, -258, 297, -4, -151, -161, -146, -175, 
-156, -336, -180, 246, 12, -258, 297, -4, -151, -161, -146, -175, 
-156, -346, -190, 251, 17, -268, 297, -4, -151, -161, -136, -175, 
-156, -351, -195, 253, 19, -273, 297, -4, -151, -161, -136, -175, 
-165, -351, -185, 258, 9, -268, 297, -4, -151, -161, -136, -175, 
-165, -351, -185, 258, 9, -268, 297, -4, -156, -165, -136, -180, 
-161, -336, -175, 248, 7, -256, 297, -4, -146, -156, -146, -180, 
-156, -336, -180, 246, 12, -258, 297, -4, -146, -151, -146, -180, 
-156, -341, -185, 248, 14, -263, 297, -4, -151, -151, -146, -180, 
-156, -341, -185, 248, 14, -263, 297, -9, -151, -156, -146, -180, 
-156, -336, -180, 246, 12, -258, 297, -9, -151, -161, -136, -180, 
-156, -336, -180, 246, 12, -258, 297, -9, -151, -161, -136, -180, 
-156, -331, -175, 244, 9, -253, 297, -14, -156, -161, -136, -180, 
-156, -331, -175, 244, 9, -253, 297, -14, -156, -161, -141, -185, 
-146, -331, -185, 239, 19, -258, 287, -9, -156, -161, -131, -185, 
-146, -326, -180, 236, 17, -253, 287, -9, -156, -161, -131, -185, 
-146, -326, -180, 236, 17, -253, 287, -9, -156, -161, -136, -185, 
-146, -331, -185, 239, 19, -258, 287, -9, -156, -165, -136, -185, 
-156, -331, -175, 244, 9, -253, 297, -9, -146, -156, -136, -190, 
-156, -331, -175, 244, 9, -253, 297, -9, -151, -156, -136, -190, 
-156, -331, -175, 244, 9, -253, 297, -9, -151, -156, -136, -190, 
-156, -336, -180, 246, 12, -258, 297, -9, -151, -156, -136, -190, 
-156, -326, -170, 241, 7, -248, 287, -9, -151, -165, -136, -180, 
-156, -326, -170, 241, 7, -248, 287, -9, -151, -165, -136, -180, 
-156, -326, -170, 241, 7, -248, 287, -9, -146, -165, -136, -180, 
-156, -326, -170, 241, 7, -248, 287, -9, -146, -165, -141, -180, 
-146, -317, -170, 231, 12, -244, 297, 0, -146, -151, -131, -170, 
-146, -307, -161, 226, 7, -234, 297, 0, -146, -151, -117, -170, 
-156, -312, -156, 234, 0, -234, 292, 0, -146, -146, -117, -175, 
-156, -297, -141, 226, -7, -219, 283, -9, -141, -136, -107, -165, 
-156, -292, -136, 224, -9, -214, 283, -9, -136, -136, -107, -165, 
-156, -287, -131, 222, -12, -209, 283, -9, -131, -136, -107, -165, 
-156, -283, -126, 219, -14, -204, 283, -9, -126, -136, -107, -165, 
-151, -268, -117, 209, -17, -192, 287, -19, -117, -131, -102, -165, 
-151, -263, -112, 207, -19, -187, 287, -19, -107, -122, -97, -161, 
-151, -258, -107, 204, -21, -183, 287, -19, -97, -117, -92, -156, 
-151, -248, -97, 200, -26, -173, 287, -19, -92, -112, -87, -156, 
-146, -253, -107, 200, -19, -180, 287, -9, -102, -117, -97, -146, 
-141, -253, -112, 197, -14, -183, 287, -9, -102, -117, -92, -146, 
-141, -253, -112, 197, -14, -183, 287, -4, -102, -117, -92, -146, 
-141, -253, -112, 197, -14, -183, 287, -4, -102, -117, -92, -151, 
-131, -253, -122, 192, -4, -187, 287, -14, -102, -117, -78, -151, 
-131, -253, -122, 192, -4, -187, 283, -14, -97, -117, -78, -151, 
-131, -248, -117, 190, -7, -183, 268, -19, -97, -107, -78, -146, 
-131, -239, -107, 185, -12, -173, 268, -29, -97, -107, -78, -136, 
-131, -234, -102, 183, -14, -168, 253, -24, -107, -112, -78, -146, 
-131, -224, -92, 178, -19, -158, 248, -29, -107, -112, -73, -146, 
-122, -219, -97, 170, -12, -158, 239, -29, -107, -112, -73, -141, 
-122, -209, -87, 165, -17, -148, 224, -34, -107, -107, -68, -141, 
-126, -214, -87, 170, -19, -151, 224, -34, -107, -112, -73, -136, 
-117, -204, -87, 161, -14, -146, 219, -39, -107, -112, -68, -136, 
-112, -195, -82, 153, -14, -139, 214, -39, -102, -107, -68, -126, 
-107, -185, -78, 146, -14, -131, 204, -34, -97, -97, -58, -122, 
-97, -175, -78, 136, -9, -126, 200, -34, -97, -97, -63, -102, 
-97, -165, -68, 131, -14, -117, 195, -34, -87, -87, -53, -97, 
-87, -156, -68, 122, -9, -112, 190, -34, -82, -87, -48, -92, 
-78, -146, -68, 112, -4, -107, 185, -29, -82, -87, -43, -92, 
-53, -146, -92, 100, 19, -119, 175, -29, -73, -78, -34, -92, 
-53, -156, -102, 104, 24, -129, 180, -24, -73, -68, -34, -92, 
-53, -156, -102, 104, 24, -129, 180, -24, -78, -63, -34, -87, 
-48, -161, -112, 104, 31, -136, 185, -19, -78, -63, -34, -87, 
-39, -165, -126, 102, 43, -146, 190, -19, -73, -68, -34, -87, 
-48, -175, -126, 112, 39, -151, 195, -19, -78, -68, -34, -92, 
-53, -190, -136, 122, 41, -163, 204, -19, -82, -68, -39, -102, 
-68, -200, -131, 134, 31, -165, 209, -9, -92, -78, -43, -107, 
-63, -209, -146, 136, 41, -178, 219, 0, -92, -73, -53, -107, 
-68, -224, -156, 146, 43, -190, 224, 0, -102, -82, -58, -112, 
-78, -244, -165, 161, 43, -204, 229, 0, -112, -92, -68, -126, 
-82, -258, -175, 170, 46, -217, 239, 4, -117, -92, -82, -131, 
-102, -278, -175, 190, 36, -226, 244, -4, -122, -112, -78, -146, 
-107, -292, -185, 200, 39, -239, 248, -9, -126, -112, -82, -146, 
-112, -307, -195, 209, 41, -251, 253, -9, -131, -122, -92, -151, 
-117, -317, -200, 217, 41, -258, 263, -9, -136, -131, -92, -161, 
-126, -326, -200, 226, 36, -263, 268, 0, -136, -136, -107, -165, 
-131, -326, -195, 229, 31, -261, 273, 0, -141, -141, -112, -170, 
-131, -341, -209, 236, 39, -275, 278, 4, -141, -141, -117, -175, 
-131, -336, -204, 234, 36, -270, 283, 14, -151, -146, -122, -180, 
-141, -351, -209, 246, 34, -280, 287, 4, -151, -151, -126, -175, 
-141, -351, -209, 246, 34, -280, 292, 0, -156, -156, -126, -175, 
-146, -361, -214, 253, 34, -287, 292, 0, -165, -161, -131, -185, 
-146, -370, -224, 258, 39, -297, 297, 4, -165, -165, -136, -185, 
-146, -375, -229, 261, 41, -302, 302, 4, -175, -165, -141, -195, 
-136, -385, -248, 261, 56, -317, 302, 9, -175, -165, -146, -200, 
-136, -390, -253, 263, 58, -322, 302, 9, -175, -170, -146, -204, 
-136, -395, -258, 265, 61, -326, 302, 9, -175, -170, -146, -204, 
-151, -400, -248, 275, 48, -324, 307, 9, -175, -170, -146, -204, 
-151, -405, -253, 278, 51, -329, 307, 9, -175, -170, -146, -204, 
-156, -409, -253, 283, 48, -331, 307, 9, -180, -175, -151, -209, 
-156, -409, -253, 283, 48, -331, 312, 9, -180, -175, -151, -209, 
-156, -409, -253, 283, 48, -331, 312, 9, -180, -185, -156, -209, 
-151, -405, -253, 278, 51, -329, 312, 9, -180, -180, -156, -209, 
-146, -405, -258, 275, 56, -331, 307, 9, -180, -180, -151, -214, 
-141, -414, -273, 278, 65, -344, 307, 9, -180, -190, -151, -214, 
-146, -414, -268, 280, 61, -341, 307, 9, -180, -185, -156, -224, 
-141, -409, -268, 275, 63, -339, 312, 9, -175, -180, -156, -224, 
-141, -409, -268, 275, 63, -339, 312, 9, -175, -175, -156, -224, 
-141, -409, -268, 275, 63, -339, 312, 9, -175, -170, -156, -224, 
-146, -405, -258, 275, 56, -331, 312, 24, -165, -180, -146, -224, 
-151, -405, -253, 278, 51, -329, 312, 24, -165, -180, -146, -229, 
-156, -405, -248, 280, 46, -326, 317, 19, -165, -180, -146, -229, 
-161, -405, -244, 283, 41, -324, 317, 19, -165, -180, -146, -229, 
-146, -405, -258, 275, 56, -331, 302, 19, -175, -180, -151, -229, 
-141, -400, -258, 270, 58, -329, 302, 19, -175, -175, -156, -229, 
-136, -400, -263, 268, 63, -331, 302, 19, -175, -175, -161, -229, 
-131, -400, -268, 265, 68, -334, 302, 19, -175, -180, -165, -229, 
-131, -409, -278, 270, 73, -344, 312, 9, -175, -170, -161, -219, 
-131, -409, -278, 270, 73, -344, 312, 9, -175, -165, -156, -214, 
-131, -409, -278, 270, 73, -344, 312, 9, -175, -165, -151, -214, 
-131, -409, -278, 270, 73, -344, 312, 9, -175, -165, -151, -214, 
-131, -400, -268, 265, 68, -334, 312, 9, -175, -165, -151, -214, 
-136, -400, -263, 268, 63, -331, 312, 9, -175, -165, -146, -214, 
-136, -400, -263, 268, 63, -331, 312, 14, -175, -165, -146, -214, 
-136, -400, -263, 268, 63, -331, 312, 14, -175, -165, -146, -214, 
-146, -400, -253, 273, 53, -326, 317, 29, -165, -165, -146, -214, 
-146, -409, -263, 278, 58, -336, 322, 34, -165, -165, -146, -219, 
-146, -409, -263, 278, 58, -336, 331, 34, -165, -170, -146, -219, 
-146, -409, -263, 278, 58, -336, 331, 34, -165, -180, -156, -224, 
-136, -424, -287, 280, 75, -356, 336, 43, -165, -190, -156, -224, 
-156, -424, -268, 290, 56, -346, 341, 63, -151, -175, -156, -224, 
-156, -409, -253, 283, 48, -331, 361, 53, -122, -165, -146, -219, 
-141, -380, -239, 261, 48, -309, 356, 48, -78, -126, -112, -195, 
-131, -317, -185, 224, 26, -251, 331, 48, -24, -58, -63, -146, 
-117, -258, -141, 187, 12, -200, 307, 48, 58, 14, -4, -102, 
-117, -190, -73, 153, -21, -131, 292, 39, 175, 117, 63, -39, 
-102, -117, -14, 109, -43, -65, 278, 48, 341, 253, 175, 34, 
-78, -19, 58, 48, -68, 19, 253, 78, 536, 429, 317, 136, 
-29, 112, 141, -41, -85, 126, 224, 92, 756, 629, 473, 248, 
19, 263, 244, -141, -112, 253, 175, 112, 1000, 854, 653, 390, 
92, 458, 366, -275, -136, 412, 82, 131, 1268, 1127, 883, 551, 
204, 663, 458, -434, -126, 561, -39, 151, 1551, 1420, 1127, 732, 
292, 888, 595, -590, -151, 741, -170, 151, 1820, 1708, 1371, 941, 
380, 1122, 741, -751, -180, 932, -322, 136, 2039, 1991, 1625, 1156, 
478, 1351, 873, -915, -197, 1112, -483, 97, 2210, 2254, 1869, 1361, 
566, 1517, 951, -1041, -192, 1234, -639, 68, 2327, 2474, 2069, 1517, 
629, 1629, 1000, -1129, -185, 1315, -756, 68, 2381, 2630, 2200, 1634, 
688, 1683, 995, -1185, -153, 1339, -849, 63, 2352, 2669, 2264, 1698, 
741, 1678, 936, -1210, -97, 1307, -907, 53, 2215, 2605, 2244, 1698, 
756, 1551, 795, -1154, -19, 1173, -907, 78, 2010, 2440, 2127, 1629, 
736, 1298, 561, -1017, 87, 929, -805, 141, 1737, 2156, 1903, 1459, 
649, 985, 336, -817, 156, 661, -668, 151, 1385, 1776, 1595, 1215, 
502, 707, 204, -605, 148, 456, -527, 92, 990, 1337, 1229, 941, 
346, 439, 92, -392, 126, 265, -375, 29, 624, 907, 858, 668, 
214, 229, 14, -222, 100, 122, -229, 0, 356, 590, 575, 444, 
117, 97, -19, -107, 68, 39, -122, -29, 185, 375, 375, 283, 
24, 9, -14, -17, 19, -2, -48, -82, 34, 185, 204, 146, 
-63, -58, 4, 61, -34, -26, 4, -141, -170, 9, 68, 39, 
-122, -92, 29, 107, -75, -31, 48, -170, -283, -87, -9, -29, 
-122, -107, 14, 114, -68, -46, 78, -136, -234, -87, -24, -53, 
-107, -122, -14, 114, -46, -68, 107, -92, -170, -63, -14, -53, 
-102, -151, -48, 126, -26, -100, 136, -78, -151, -63, -29, -78, 
-97, -195, -97, 146, 0, -146, 180, -43, -122, -73, -53, -102, 
-102, -239, -136, 170, 17, -187, 209, -14, -97, -73, -58, -117, 
-107, -278, -170, 192, 31, -224, 234, 0, -97, -73, -78, -141, 
-107, -312, -204, 209, 48, -258, 253, 14, -97, -73, -92, -156, 
-97, -331, -234, 214, 68, -283, 273, 34, -87, -73, -87, -151, 
-112, -346, -234, 229, 61, -290, 278, 43, -63, -73, -92, -161, 
-126, -341, -214, 234, 43, -278, 287, 43, -73, -82, -92, -165, 
-122, -341, -219, 231, 48, -280, 278, 43, -78, -87, -87, -161, 
-131, -341, -209, 236, 39, -275, 283, 43, -73, -97, -92, -170, 
-122, -341, -219, 231, 48, -280, 292, 43, -82, -102, -97, -170, 
-112, -341, -229, 226, 58, -285, 287, 48, -92, -117, -112, -180, 
-112, -351, -239, 231, 63, -295, 283, 48, -107, -126, -122, -195, 
-122, -356, -234, 239, 56, -295, 292, 39, -102, -136, -136, -200, 
-131, -375, -244, 253, 56, -309, 297, 39, -117, -141, -141, -200, 
-131, -375, -244, 253, 56, -309, 302, 39, -117, -141, -141, -200, 
-136, -375, -239, 256, 51, -307, 302, 39, -112, -136, -141, -204, 
-136, -380, -244, 258, 53, -312, 302, 48, -112, -136, -141, -209, 
-146, -390, -244, 268, 48, -317, 302, 48, -112, -126, -131, -200, 
-146, -390, -244, 268, 48, -317, 302, 53, -112, -126, -131, -200, 
-151, -390, -239, 270, 43, -314, 302, 53, -107, -126, -136, -195, 
-151, -390, -239, 270, 43, -314, 297, 48, -107, -131, -136, -195, 
-146, -380, -234, 263, 43, -307, 292, 39, -112, -131, -136, -209, 
-136, -385, -248, 261, 56, -317, 292, 39, -112, -131, -141, -209, 
-131, -385, -253, 258, 61, -319, 297, 43, -112, -131, -146, -209, 
-126, -380, -253, 253, 63, -317, 292, 43, -112, -131, -146, -204, 
-136, -380, -244, 258, 53, -312, 292, 58, -107, -141, -136, -200, 
-136, -380, -244, 258, 53, -312, 292, 58, -107, -136, -131, -200, 
-136, -380, -244, 258, 53, -312, 292, 53, -107, -136, -131, -200, 
-136, -380, -244, 258, 53, -312, 292, 53, -102, -136, -131, -200, 
-126, -375, -248, 251, 61, -312, 297, 58, -87, -126, -131, -200, 
-126, -375, -248, 251, 61, -312, 297, 58, -87, -126, -131, -200, 
-126, -375, -248, 251, 61, -312, 297, 58, -87, -122, -131, -200, 
-126, -375, -248, 251, 61, -312, 297, 58, -82, -122, -126, -200, 
-126, -375, -248, 251, 61, -312, 297, 58, -87, -122, -126, -190, 
-126, -370, -244, 248, 58, -307, 297, 58, -87, -117, -126, -190, 
-126, -370, -244, 248, 58, -307, 297, 58, -87, -117, -122, -190, 
-126, -370, -244, 248, 58, -307, 297, 58, -78, -117, -122, -190, 
-126, -370, -244, 248, 58, -307, 287, 58, -78, -112, -122, -190, 
-126, -370, -244, 248, 58, -307, 287, 63, -78, -107, -112, -190, 
-122, -370, -248, 246, 63, -309, 287, 63, -73, -107, -107, -190, 
-122, -370, -248, 246, 63, -309, 287, 63, -68, -102, -107, -185, 
-126, -361, -234, 244, 53, -297, 287, 63, -63, -112, -117, -185, 
-126, -361, -234, 244, 53, -297, 287, 63, -63, -107, -112, -185, 
-126, -361, -234, 244, 53, -297, 287, 63, -58, -107, -112, -185, 
-122, -361, -239, 241, 58, -300, 287, 63, -53, -102, -112, -185, 
-122, -356, -234, 239, 56, -295, 278, 63, -53, -102, -112, -190, 
-122, -356, -234, 239, 56, -295, 278, 63, -48, -102, -112, -190, 
-122, -351, -229, 236, 53, -290, 278, 68, -43, -92, -102, -185, 
-122, -351, -229, 236, 53, -290, 283, 68, -39, -87, -102, -185, 
-131, -346, -214, 239, 41, -280, 283, 73, -24, -82, -97, -175, 
-126, -346, -219, 236, 46, -283, 283, 78, -19, -78, -97, -175, 
-117, -346, -229, 231, 56, -287, 278, 78, -14, -73, -97, -170, 
-117, -331, -214, 224, 48, -273, 278, 78, -9, -58, -87, -165, 
-122, -331, -209, 226, 43, -270, 278, 87, -14, -63, -73, -156, 
-122, -331, -209, 226, 43, -270, 278, 87, -4, -58, -73, -156, 
-117, -331, -214, 224, 48, -273, 278, 87, 0, -53, -73, -156, 
-112, -336, -224, 224, 56, -280, 278, 87, 4, -53, -68, -161, 
-112, -331, -219, 222, 53, -275, 278, 92, 19, -58, -73, -170, 
-112, -317, -204, 214, 46, -261, 278, 92, 24, -48, -68, -156, 
-117, -312, -195, 214, 39, -253, 278, 92, 29, -43, -63, -151, 
-117, -307, -190, 212, 36, -248, 278, 92, 34, -43, -63, -151, 
-107, -292, -185, 200, 39, -239, 273, 102, 43, -39, -63, -151, 
-102, -287, -185, 195, 41, -236, 273, 102, 53, -34, -63, -151, 
-102, -287, -185, 195, 41, -236, 268, 112, 58, -29, -53, -141, 
-97, -283, -185, 190, 43, -234, 268, 112, 63, -24, -48, -141, 
-82, -278, -195, 180, 56, -236, 258, 107, 73, -9, -34, -136, 
-82, -268, -185, 175, 51, -226, 258, 112, 82, 0, -29, -131, 
-82, -258, -175, 170, 46, -217, 258, 112, 92, 4, -24, -126, 
-78, -253, -175, 165, 48, -214, 258, 117, 102, 14, -19, -122, 
-82, -244, -161, 163, 39, -202, 258, 117, 112, 29, -14, -122, 
-82, -239, -156, 161, 36, -197, 258, 122, 126, 34, -4, -117, 
-87, -234, -146, 161, 29, -190, 258, 122, 136, 43, 0, -112, 
-87, -229, -141, 158, 26, -185, 258, 126, 151, 53, 9, -107, 
-92, -229, -136, 161, 21, -183, 248, 126, 161, 63, 19, -87, 
-92, -214, -122, 153, 14, -168, 248, 126, 180, 73, 29, -82, 
-82, -209, -126, 146, 21, -168, 248, 136, 190, 82, 29, -78, 
-92, -195, -102, 143, 4, -148, 248, 136, 209, 92, 43, -73, 
-78, -190, -112, 134, 17, -151, 239, 141, 204, 97, 43, -73, 
-68, -175, -107, 122, 19, -141, 239, 146, 219, 107, 53, -68, 
-53, -170, -117, 112, 31, -143, 234, 156, 234, 117, 68, -58, 
-43, -165, -122, 104, 39, -143, 229, 161, 248, 131, 78, -48, 
-48, -141, -92, 95, 21, -117, 229, 165, 263, 141, 82, -53, 
-48, -136, -87, 92, 19, -112, 229, 165, 278, 151, 92, -43, 
-48, -126, -78, 87, 14, -102, 224, 165, 297, 165, 102, -34, 
-48, -117, -68, 82, 9, -92, 224, 170, 312, 175, 112, -29, 
-34, -117, -82, 75, 24, -100, 219, 180, 336, 185, 131, -14, 
-34, -97, -63, 65, 14, -80, 219, 180, 351, 200, 141, 0, 
-34, -82, -48, 58, 7, -65, 219, 180, 366, 214, 151, 9, 
-34, -78, -43, 56, 4, -61, 209, 185, 380, 224, 161, 14, 
-24, -58, -34, 41, 4, -46, 209, 185, 390, 239, 165, 19, 
-24, -48, -24, 36, 0, -36, 204, 185, 405, 248, 175, 24, 
-19, -43, -24, 31, 2, -34, 204, 195, 419, 258, 185, 34, 
-19, -34, -14, 26, -2, -24, 204, 195, 429, 273, 195, 48, 
-29, -24, 4, 26, -17, -9, 195, 195, 439, 278, 204, 63, 
-24, -4, 19, 14, -21, 7, 185, 195, 448, 292, 214, 68, 
-14, 4, 19, 4, -17, 12, 180, 195, 458, 297, 214, 73, 
-14, 9, 24, 2, -19, 17, 180, 195, 468, 307, 229, 82, 
-9, 9, 19, 0, -14, 14, 180, 195, 463, 312, 229, 73, 
-9, 19, 29, -4, -19, 24, 175, 195, 468, 317, 229, 78, 
0, 24, 24, -12, -12, 24, 170, 195, 478, 317, 229, 87, 
0, 34, 34, -17, -17, 34, 170, 195, 488, 317, 239, 87, 
-4, 48, 53, -21, -29, 51, 161, 204, 492, 322, 234, 82, 
0, 58, 58, -29, -29, 58, 156, 204, 497, 322, 239, 87, 
0, 68, 68, -34, -34, 68, 156, 204, 502, 326, 244, 92, 
-4, 68, 73, -31, -39, 70, 151, 204, 502, 331, 244, 92, 
0, 63, 63, -31, -31, 63, 151, 195, 512, 336, 248, 107, 
9, 68, 58, -39, -24, 63, 151, 195, 512, 336, 253, 107, 
14, 73, 58, -43, -21, 65, 146, 195, 512, 341, 253, 107, 
14, 73, 58, -43, -21, 65, 146, 190, 502, 341, 253, 107, 
9, 63, 53, -36, -21, 58, 146, 195, 502, 346, 268, 122, 
4, 53, 48, -29, -21, 51, 146, 190, 492, 346, 268, 122, 
0, 48, 48, -24, -24, 48, 141, 190, 483, 341, 263, 117, 
-4, 48, 53, -21, -29, 51, 141, 180, 468, 341, 258, 112, 
-14, 58, 73, -21, -43, 65, 136, 165, 444, 331, 268, 102, 
-14, 48, 63, -17, -39, 56, 136, 156, 414, 322, 258, 97, 
-14, 34, 48, -9, -31, 41, 136, 156, 395, 297, 244, 87, 
-24, 29, 53, -2, -39, 41, 141, 146, 375, 287, 229, 87, 
-34, 14, 48, 9, -41, 31, 151, 136, 361, 258, 209, 78, 
-43, 0, 43, 21, -43, 21, 151, 131, 336, 239, 195, 63, 
-48, -9, 39, 29, -43, 14, 156, 126, 317, 219, 185, 48, 
-48, -29, 19, 39, -34, -4, 156, 117, 283, 200, 161, 34, 
-53, -43, 9, 48, -31, -17, 146, 112, 253, 195, 156, 19, 
-63, -58, 4, 61, -34, -26, 146, 107, 229, 180, 146, 14, 
-68, -78, -9, 73, -29, -43, 151, 107, 204, 161, 131, 4, 
-73, -92, -19, 82, -26, -56, 161, 102, 180, 146, 117, -9, 
-63, -117, -53, 90, -4, -85, 161, 87, 161, 122, 92, -29, 
-68, -126, -58, 97, -4, -92, 161, 82, 136, 107, 78, -39, 
-68, -141, -73, 104, 2, -107, 161, 68, 117, 92, 68, -48, 
-68, -156, -87, 112, 9, -122, 161, 68, 102, 73, 53, -68, 
-78, -161, -82, 119, 2, -122, 156, 63, 78, 48, 24, -78, 
-87, -170, -82, 129, -2, -126, 161, 63, 48, 34, 14, -82, 
-97, -180, -82, 139, -7, -131, 161, 63, 29, 19, 0, -92, 
-97, -190, -92, 143, -2, -141, 161, 58, 9, 0, -14, -107, 
-92, -200, -107, 146, 7, -153, 180, 58, 4, -4, -19, -122, 
-107, -214, -107, 161, 0, -161, 185, 58, -4, -14, -24, -126, 
-107, -229, -122, 168, 7, -175, 185, 53, -19, -19, -29, -131, 
-107, -234, -126, 170, 9, -180, 185, 48, -29, -14, -43, -141, 
-107, -239, -131, 173, 12, -185, 175, 43, -39, -39, -63, -151, 
-112, -248, -136, 180, 12, -192, 185, 43, -53, -53, -73, -161, 
-112, -258, -146, 185, 17, -202, 185, 39, -68, -68, -82, -165, 
-112, -258, -146, 185, 17, -202, 185, 39, -73, -78, -92, -165, 
-112, -268, -156, 190, 21, -212, 190, 43, -82, -87, -87, -165, 
-122, -268, -146, 195, 12, -207, 190, 43, -82, -92, -87, -175, 
-122, -283, -161, 202, 19, -222, 190, 39, -87, -92, -87, -175, 
-122, -287, -165, 204, 21, -226, 190, 39, -97, -97, -92, -175, 
-126, -292, -165, 209, 19, -229, 195, 39, -92, -102, -87, -175, 
-136, -292, -156, 214, 9, -224, 195, 39, -97, -97, -92, -180, 
-141, -297, -156, 219, 7, -226, 195, 39, -102, -97, -92, -185, 
-146, -297, -151, 222, 2, -224, 200, 39, -102, -92, -97, -185, 
-141, -287, -146, 214, 2, -217, 190, 39, -112, -102, -87, -185, 
-141, -287, -146, 214, 2, -217, 190, 39, -112, -102, -92, -185, 
-136, -287, -151, 212, 7, -219, 190, 39, -117, -102, -92, -185, 
-131, -292, -161, 212, 14, -226, 190, 39, -117, -102, -97, -190, 
-131, -283, -151, 207, 9, -217, 180, 39, -107, -107, -97, -190, 
-136, -283, -146, 209, 4, -214, 185, 39, -107, -107, -92, -190, 
-136, -283, -146, 209, 4, -214, 185, 39, -112, -107, -92, -190, 
-131, -287, -156, 209, 12, -222, 185, 34, -112, -107, -97, -190, 
-131, -297, -165, 214, 17, -231, 190, 34, -112, -107, -102, -195, 
-131, -297, -165, 214, 17, -231, 190, 34, -117, -112, -112, -195, 
-131, -297, -165, 214, 17, -231, 190, 34, -117, -112, -117, -195, 
-131, -297, -165, 214, 17, -231, 190, 34, -112, -112, -122, -195, 
-126, -302, -175, 214, 24, -239, 195, 29, -112, -122, -112, -195, 
-126, -302, -175, 214, 24, -239, 195, 29, -117, -122, -112, -195, 
-122, -302, -180, 212, 29, -241, 190, 29, -117, -117, -112, -200, 
-122, -302, -180, 212, 29, -241, 190, 29, -117, -117, -107, -200, 
-122, -302, -180, 212, 29, -241, 190, 39, -117, -112, -107, -204, 
-122, -307, -185, 214, 31, -246, 190, 39, -117, -112, -107, -204, 
-122, -307, -185, 214, 31, -246, 190, 39, -117, -112, -107, -204, 
-126, -307, -180, 217, 26, -244, 190, 39, -117, -112, -112, -204, 
-136, -297, -161, 217, 12, -229, 200, 48, -117, -122, -122, -204, 
-141, -297, -156, 219, 7, -226, 200, 48, -117, -122, -122, -204, 
-141, -297, -156, 219, 7, -226, 200, 48, -117, -122, -122, -200, 
-141, -292, -151, 217, 4, -222, 200, 48, -112, -122, -122, -200, 
-131, -302, -170, 217, 19, -236, 200, 48, -112, -112, -117, -190, 
-131, -302, -170, 217, 19, -236, 195, 48, -117, -112, -117, -200, 
-131, -307, -175, 219, 21, -241, 190, 48, -117, -112, -117, -200, 
-131, -307, -175, 219, 21, -241, 190, 48, -112, -112, -117, -200, 
-126, -307, -180, 217, 26, -244, 190, 39, -122, -112, -117, -200, 
-126, -307, -180, 217, 26, -244, 190, 39, -122, -112, -117, -195, 
-122, -307, -185, 214, 31, -246, 190, 39, -122, -112, -117, -195, 
-122, -312, -190, 217, 34, -251, 190, 43, -122, -112, -117, -195, 
-122, -302, -180, 212, 29, -241, 190, 43, -112, -112, -117, -185, 
-122, -302, -180, 212, 29, -241, 190, 43, -112, -112, -117, -190, 
-122, -302, -180, 212, 29, -241, 190, 43, -112, -112, -117, -190, 
-122, -297, -175, 209, 26, -236, 190, 43, -112, -112, -117, -190, 
-131, -297, -165, 214, 17, -231, 190, 43, -112, -122, -122, -190, 
-131, -297, -165, 214, 17, -231, 190, 43, -112, -117, -122, -195, 
-131, -297, -165, 214, 17, -231, 195, 43, -112, -117, -117, -200, 
-131, -297, -165, 214, 17, -231, 195, 48, -102, -117, -117, -204, 
-141, -287, -146, 214, 2, -217, 190, 48, -112, -117, -117, -204, 
-141, -292, -151, 217, 4, -222, 190, 43, -112, -117, -117, -204, 
-141, -292, -151, 217, 4, -222, 190, 43, -112, -117, -117, -204, 
-136, -292, -156, 214, 9, -224, 190, 43, -112, -117, -112, -200, 
-126, -302, -175, 214, 24, -239, 190, 53, -112, -117, -112, -200, 
-131, -302, -170, 217, 19, -236, 190, 53, -112, -112, -112, -200, 
-131, -297, -165, 214, 17, -231, 190, 53, -112, -112, -112, -200, 
-126, -297, -170, 212, 21, -234, 190, 53, -112, -107, -112, -200, 
-122, -297, -175, 209, 26, -236, 190, 53, -102, -97, -97, -200, 
-122, -297, -175, 209, 26, -236, 190, 53, -102, -97, -97, -200, 
-126, -297, -170, 212, 21, -234, 195, 53, -102, -97, -102, -200, 
-126, -297, -170, 212, 21, -234, 195, 53, -102, -92, -102, -200, 
-112, -287, -175, 200, 31, -231, 185, 43, -112, -102, -102, -195, 
-112, -283, -170, 197, 29, -226, 185, 43, -107, -102, -102, -195, 
-117, -283, -165, 200, 24, -224, 185, 43, -107, -102, -97, -200, 
-117, -283, -165, 200, 24, -224, 180, 43, -107, -102, -92, -200, 
-117, -278, -161, 197, 21, -219, 170, 53, -107, -102, -97, -195, 
-117, -278, -161, 197, 21, -219, 170, 53, -112, -102, -102, -190, 
-117, -278, -161, 197, 21, -219, 170, 53, -112, -102, -102, -190, 
-117, -283, -165, 200, 24, -224, 170, 53, -112, -97, -107, -190, 
-117, -283, -165, 200, 24, -224, 170, 53, -102, -87, -97, -190, 
-122, -283, -161, 202, 19, -222, 170, 53, -97, -82, -97, -185, 
-126, -283, -156, 204, 14, -219, 175, 53, -97, -82, -97, -185, 
-126, -283, -156, 204, 14, -219, 175, 53, -97, -82, -97, -190, 
-131, -283, -151, 207, 9, -217, 180, 53, -97, -82, -87, -180, 
-126, -283, -156, 204, 14, -219, 175, 53, -97, -78, -87, -175, 
-126, -278, -151, 202, 12, -214, 175, 53, -97, -78, -87, -175, 
-126, -278, -151, 202, 12, -214, 175, 53, -97, -82, -87, -175, 
-117, -278, -161, 197, 21, -219, 175, 43, -107, -82, -97, -185, 
-117, -278, -161, 197, 21, -219, 175, 43, -107, -82, -97, -185, 
-117, -278, -161, 197, 21, -219, 180, 43, -107, -82, -97, -185, 
-117, -278, -161, 197, 21, -219, 180, 43, -107, -78, -97, -185, 
-126, -268, -141, 197, 7, -204, 165, 43, -107, -78, -92, -175, 
-126, -268, -141, 197, 7, -204, 165, 43, -107, -82, -92, -175, 
-126, -268, -141, 197, 7, -204, 170, 43, -107, -82, -92, -175, 
-126, -268, -141, 197, 7, -204, 170, 43, -112, -82, -97, -175, 
-117, -268, -151, 192, 17, -209, 170, 43, -112, -92, -107, -185, 
-117, -268, -151, 192, 17, -209, 170, 43, -107, -92, -107, -185, 
-122, -273, -151, 197, 14, -212, 170, 43, -107, -92, -107, -185, 
-122, -273, -151, 197, 14, -212, 170, 43, -117, -92, -107, -185, 
-107, -283, -175, 195, 34, -229, 161, 43, -117, -97, -117, -185, 
-107, -283, -175, 195, 34, -229, 161, 43, -117, -97, -117, -190, 
-107, -283, -175, 195, 34, -229, 156, 43, -117, -97, -117, -190, 
-107, -278, -170, 192, 31, -224, 156, 43, -117, -97, -117, -185, 
-117, -287, -170, 202, 26, -229, 156, 43, -117, -92, -112, -175, 
-117, -287, -170, 202, 26, -229, 156, 43, -122, -92, -107, -175, 
-117, -287, -170, 202, 26, -229, 161, 43, -122, -92, -102, -175, 
-117, -287, -170, 202, 26, -229, 161, 43, -122, -92, -97, -175, 
-117, -283, -165, 200, 24, -224, 151, 34, -122, -92, -102, -180, 
-117, -283, -165, 200, 24, -224, 151, 34, -122, -92, -107, -185, 
-126, -278, -151, 202, 12, -214, 151, 34, -122, -92, -112, -190, 
-126, -273, -146, 200, 9, -209, 151, 34, -126, -97, -117, -200, 
-122, -268, -146, 195, 12, -207, 151, 34, -126, -97, -117, -190, 
-117, -268, -151, 192, 17, -209, 151, 34, -126, -92, -117, -190, 
-117, -273, -156, 195, 19, -214, 151, 34, -131, -92, -117, -190, 
-117, -273, -156, 195, 19, -214, 151, 29, -131, -97, -117, -190, 
-126, -287, -161, 207, 17, -224, 161, 34, -131, -92, -107, -190, 
-126, -287, -161, 207, 17, -224, 161, 39, -131, -92, -107, -190, 
-126, -283, -156, 204, 14, -219, 161, 39, -136, -92, -107, -190, 
-126, -283, -156, 204, 14, -219, 161, 43, -136, -92, -112, -195, 
-117, -292, -175, 204, 29, -234, 151, 39, -136, -102, -112, -195, 
-117, -287, -170, 202, 26, -229, 151, 39, -136, -102, -112, -195, 
-117, -287, -170, 202, 26, -229, 151, 39, -136, -102, -117, -195, 
-117, -292, -175, 204, 29, -234, 151, 39, -136, -107, -117, -195, 
-126, -283, -156, 204, 14, -219, 151, 29, -136, -107, -126, -200, 
-126, -283, -156, 204, 14, -219, 151, 29, -141, -107, -126, -200, 
-126, -283, -156, 204, 14, -219, 151, 29, -141, -107, -126, -200, 
-126, -287, -161, 207, 17, -224, 151, 29, -141, -107, -126, -200, 
-117, -278, -161, 197, 21, -219, 141, 29, -141, -107, -126, -200, 
-117, -278, -161, 197, 21, -219, 141, 29, -141, -107, -126, -200, 
-117, -278, -161, 197, 21, -219, 141, 29, -136, -107, -126, -200, 
-117, -278, -161, 197, 21, -219, 141, 29, -136, -107, -131, -200, 
-117, -278, -161, 197, 21, -219, 141, 29, -146, -112, -131, -209, 
-117, -278, -161, 197, 21, -219, 141, 29, -146, -112, -126, -209, 
-117, -278, -161, 197, 21, -219, 141, 24, -151, -107, -126, -209, 
-117, -278, -161, 197, 21, -219, 141, 24, -151, -107, -126, -209, 
-117, -273, -156, 195, 19, -214, 131, 19, -141, -107, -126, -209, 
-117, -268, -151, 192, 17, -209, 131, 19, -141, -107, -126, -209, 
-117, -263, -146, 190, 14, -204, 131, 19, -136, -107, -126, -209, 
-117, -258, -141, 187, 12, -200, 126, 14, -136, -107, -126, -209, 
-117, -229, -112, 173, -2, -170, 136, 14, -117, -97, -126, -200, 
-126, -229, -102, 178, -12, -165, 146, 14, -117, -112, -126, -200, 
-126, -224, -97, 175, -14, -161, 146, 19, -117, -107, -117, -195, 
-117, -214, -97, 165, -9, -156, 136, 9, -112, -97, -102, -180, 
-117, -204, -87, 161, -14, -146, 126, 9, -107, -87, -97, -175, 
-117, -195, -78, 156, -19, -136, 117, 9, -102, -78, -92, -170, 
-117, -185, -68, 151, -24, -126, 107, 9, -97, -68, -87, -165, 
-102, -175, -73, 139, -14, -124, 112, 9, -97, -68, -87, -165, 
-102, -175, -73, 139, -14, -124, 112, 9, -97, -63, -87, -161, 
-102, -175, -73, 139, -14, -124, 112, 9, -97, -63, -87, -156, 
-102, -170, -68, 136, -17, -119, 112, 9, -102, -63, -87, -156, 
-107, -175, -68, 141, -19, -122, 117, 19, -92, -58, -87, -156, 
-102, -175, -73, 139, -14, -124, 122, 19, -92, -58, -82, -156, 
-102, -175, -73, 139, -14, -124, 126, 24, -92, -58, -82, -156, 
-102, -175, -73, 139, -14, -124, 131, 24, -92, -58, -82, -161, 
-92, -165, -73, 129, -9, -119, 126, 14, -92, -58, -78, -161, 
-92, -165, -73, 129, -9, -119, 117, 14, -87, -58, -78, -161, 
-92, -161, -68, 126, -12, -114, 97, 9, -87, -48, -78, -156, 
-92, -151, -58, 122, -17, -104, 92, 0, -87, -48, -78, -146, 
-82, -146, -63, 114, -9, -104, 68, 4, -97, -53, -87, -156, 
-82, -136, -53, 109, -14, -95, 63, 0, -97, -53, -82, -156, 
-73, -131, -58, 102, -7, -95, 53, 0, -97, -53, -82, -151, 
-73, -122, -48, 97, -12, -85, 39, -4, -97, -48, -78, -151, 
-78, -117, -39, 97, -19, -78, 39, -4, -97, -53, -82, -146, 
-68, -107, -39, 87, -14, -73, 34, -9, -97, -53, -78, -146, 
-63, -97, -34, 80, -14, -65, 29, -9, -92, -48, -78, -136, 
-58, -87, -29, 73, -14, -58, 19, -4, -87, -39, -68, -131, 
-53, -68, -14, 61, -19, -41, 9, -14, -87, -48, -73, -122, 
-48, -58, -9, 53, -19, -34, 9, -14, -78, -39, -63, -117, 
-34, -48, -14, 41, -9, -31, 9, -14, -73, -39, -58, -112, 
-19, -39, -19, 29, 0, -29, 9, -9, -73, -39, -53, -112, 
-14, -48, -34, 31, 9, -41, 19, 0, -63, -29, -43, -112, 
-14, -58, -43, 36, 14, -51, 24, 4, -63, -19, -43, -112, 
-14, -58, -43, 36, 14, -51, 24, 4, -68, -14, -43, -107, 
-9, -63, -53, 36, 21, -58, 29, 9, -68, -14, -43, -107, 
-14, -87, -73, 51, 29, -80, 43, 9, -78, -14, -53, -107, 
-29, -107, -78, 68, 24, -92, 48, 9, -87, -19, -53, -112, 
-39, -131, -92, 85, 26, -112, 58, 9, -97, -24, -58, -122, 
-58, -151, -92, 104, 17, -122, 63, 19, -112, -39, -63, -126, 
-63, -156, -92, 109, 14, -124, 63, 9, -112, -53, -73, -146, 
-68, -165, -97, 117, 14, -131, 68, 9, -122, -63, -78, -151, 
-78, -180, -102, 129, 12, -141, 73, 9, -131, -73, -87, -165, 
-82, -190, -107, 136, 12, -148, 82, 14, -136, -73, -102, -170, 
-102, -195, -92, 148, -4, -143, 82, 4, -146, -87, -122, -190, 
-107, -204, -97, 156, -4, -151, 82, 0, -156, -92, -131, -195, 
-112, -214, -102, 163, -4, -158, 82, 0, -165, -107, -146, -204, 
-117, -219, -102, 168, -7, -161, 87, 0, -175, -122, -151, -219, 
-107, -239, -131, 173, 12, -185, 92, 9, -175, -117, -156, -214, 
-112, -248, -136, 180, 12, -192, 97, 9, -180, -122, -161, -219, 
-112, -273, -161, 192, 24, -217, 102, 14, -180, -122, -165, -224, 
-112, -278, -165, 195, 26, -222, 107, 24, -190, -126, -170, -229, 
-112, -283, -170, 197, 29, -226, 117, 24, -180, -131, -170, -224, 
-112, -283, -170, 197, 29, -226, 126, 19, -185, -136, -165, -224, 
-117, -292, -175, 204, 29, -234, 131, 19, -195, -141, -165, -234, 
-117, -302, -185, 209, 34, -244, 141, 24, -195, -146, -165, -234, 
-126, -302, -175, 214, 24, -239, 141, 14, -204, -146, -180, -239, 
-117, -307, -190, 212, 36, -248, 136, 19, -204, -146, -185, -248, 
-117, -307, -190, 212, 36, -248, 131, 19, -204, -151, -185, -258, 
-117, -307, -190, 212, 36, -248, 126, 19, -204, -151, -185, -263, 
-122, -312, -190, 217, 34, -251, 131, 9, -195, -151, -175, -258, 
-122, -317, -195, 219, 36, -256, 131, 9, -195, -151, -175, -253, 
-126, -322, -195, 224, 34, -258, 131, 9, -200, -156, -180, -253, 
-126, -322, -195, 224, 34, -258, 136, 9, -200, -156, -180, -248, 
-131, -312, -180, 222, 24, -246, 146, 19, -190, -156, -195, -258, 
-131, -307, -175, 219, 21, -241, 146, 19, -190, -151, -195, -258, 
-131, -307, -175, 219, 21, -241, 141, 19, -190, -151, -190, -263, 
-131, -317, -185, 224, 26, -251, 141, 19, -190, -161, -190, -263, 
-117, -317, -200, 217, 41, -258, 136, 19, -195, -161, -195, -273, 
-112, -312, -200, 212, 43, -256, 136, 19, -195, -161, -195, -273, 
-112, -312, -200, 212, 43, -256, 131, 19, -200, -161, -195, -273, 
-112, -312, -200, 212, 43, -256, 126, 19, -204, -161, -195, -273, 
-117, -317, -200, 217, 41, -258, 136, 14, -214, -165, -200, -273, 
-122, -317, -195, 219, 36, -256, 136, 14, -214, -170, -204, -278, 
-126, -317, -190, 222, 31, -253, 141, 9, -214, -175, -209, -278, 
-131, -317, -185, 224, 26, -251, 141, 9, -214, -180, -214, -278, 
-131, -307, -175, 219, 21, -241, 126, 9, -209, -180, -219, -283, 
-131, -292, -161, 212, 14, -226, 126, 9, -204, -175, -224, -287, 
-131, -283, -151, 207, 9, -217, 126, 9, -200, -175, -229, -292, 
-131, -273, -141, 202, 4, -207, 126, 9, -195, -180, -234, -297, 
-122, -263, -141, 192, 9, -202, 126, 9, -195, -180, -229, -287, 
-122, -263, -141, 192, 9, -202, 126, 9, -195, -175, -224, -283, 
-122, -263, -141, 192, 9, -202, 126, 9, -195, -175, -219, -283, 
-122, -263, -141, 192, 9, -202, 126, 9, -195, -175, -219, -283, 
-112, -278, -165, 195, 26, -222, 126, 19, -204, -165, -209, -283, 
-117, -283, -165, 200, 24, -224, 126, 19, -204, -165, -204, -283, 
-117, -287, -170, 202, 26, -229, 126, 24, -204, -165, -204, -283, 
-117, -292, -175, 204, 29, -234, 126, 24, -204, -165, -204, -283, 
-131, -297, -165, 214, 17, -231, 141, 19, -204, -165, -214, -292, 
-136, -312, -175, 224, 19, -244, 146, 24, -204, -165, -214, -297, 
-141, -317, -175, 229, 17, -246, 156, 24, -204, -170, -214, -297, 
-146, -322, -175, 234, 14, -248, 156, 24, -204, -180, -224, -302, 
-136, -297, -161, 217, 12, -229, 170, 53, -195, -170, -224, -302, 
-136, -278, -141, 207, 2, -209, 175, 53, -190, -165, -224, -292, 
-126, -244, -117, 185, -4, -180, 165, 53, -151, -156, -204, -287, 
-122, -195, -73, 158, -24, -134, 161, 58, -78, -117, -170, -263, 
-102, -141, -39, 122, -31, -90, 136, 48, -14, -58, -131, -234, 
-78, -73, 4, 75, -41, -34, 112, 29, 78, 24, -73, -180, 
-78, 24, 102, 26, -90, 63, 97, 19, 224, 156, 24, -107, 
-73, 117, 190, -21, -131, 153, 82, 48, 439, 331, 165, -4, 
-19, 214, 234, -97, -126, 224, 58, 107, 683, 546, 336, 126, 
39, 307, 268, -173, -114, 287, 29, 131, 922, 756, 512, 239, 
68, 468, 400, -268, -165, 434, -19, 161, 1176, 1000, 702, 390, 
122, 673, 551, -397, -214, 612, -102, 180, 1454, 1302, 961, 580, 
214, 888, 673, -551, -229, 780, -224, 180, 1737, 1615, 1234, 800, 
312, 1122, 810, -717, -248, 966, -366, 170, 1976, 1903, 1478, 1000, 
400, 1366, 966, -883, -283, 1166, -527, 126, 2186, 2176, 1712, 1205, 
488, 1615, 1127, -1051, -319, 1371, -688, 78, 2347, 2440, 1947, 1400, 
595, 1800, 1205, -1198, -305, 1503, -834, 58, 2474, 2659, 2147, 1566, 
678, 1903, 1224, -1290, -273, 1564, -932, 48, 2537, 2766, 2249, 1664, 
717, 1927, 1210, -1322, -246, 1568, -1015, 24, 2459, 2766, 2283, 1708, 
751, 1893, 1141, -1322, -195, 1517, -1073, 24, 2283, 2693, 2244, 1698, 
756, 1737, 980, -1246, -112, 1359, -1044, 68, 2078, 2527, 2117, 1600, 
697, 1444, 746, -1071, -24, 1095, -932, 102, 1795, 2235, 1873, 1410, 
570, 1132, 561, -851, 4, 846, -785, 73, 1395, 1805, 1507, 1137, 
414, 834, 419, -624, -2, 627, -624, 34, 990, 1327, 1112, 834, 
287, 546, 258, -417, 14, 402, -463, 0, 644, 917, 761, 541, 
195, 356, 161, -275, 17, 258, -346, -29, 395, 610, 497, 336, 
97, 244, 146, -170, -24, 195, -258, -58, 214, 395, 307, 185, 
14, 146, 131, -80, -58, 139, -195, -102, -4, 175, 126, 48, 
-53, 68, 122, -7, -87, 95, -141, -151, -219, -9, -39, -68, 
-82, 24, 107, 29, -95, 65, -97, -141, -292, -97, -117, -126, 
-82, -9, 73, 46, -78, 31, -58, -107, -234, -97, -112, -141, 
-87, -43, 43, 65, -65, 0, -19, -73, -209, -92, -122, -161, 
-92, -82, 9, 87, -51, -36, 9, -48, -209, -92, -146, -185, 
-87, -107, -19, 97, -34, -63, 53, -24, -170, -92, -151, -209, 
-92, -112, -19, 102, -36, -65, 82, -14, -146, -92, -156, -224, 
-97, -131, -34, 114, -31, -82, 97, 0, -136, -92, -156, -229, 
-87, -165, -78, 126, -4, -122, 107, 14, -126, -92, -170, -234, 
-78, -195, -117, 136, 19, -156, 107, 24, -117, -92, -175, -248, 
-92, -200, -107, 146, 7, -153, 122, 34, -102, -82, -170, -248, 
-97, -204, -107, 151, 4, -156, 131, 43, -102, -82, -180, -244, 
-102, -214, -112, 158, 4, -163, 131, 43, -107, -97, -185, -258, 
-102, -214, -112, 158, 4, -163, 126, 34, -122, -107, -200, -268, 
-112, -214, -102, 163, -4, -158, 136, 34, -131, -112, -204, -268, 
-122, -204, -82, 163, -19, -143, 141, 39, -131, -126, -219, -278, 
-112, -204, -92, 158, -9, -148, 136, 39, -136, -136, -229, -283, 
-112, -209, -97, 161, -7, -153, 136, 39, -141, -146, -234, -287, 
-112, -219, -107, 165, -2, -163, 141, 29, -146, -161, -239, -297, 
-112, -219, -107, 165, -2, -163, 146, 29, -146, -161, -239, -297, 
-117, -219, -102, 168, -7, -161, 146, 29, -141, -156, -239, -302, 
-117, -224, -107, 170, -4, -165, 146, 39, -141, -156, -239, -307, 
-117, -214, -97, 165, -9, -156, 146, 39, -146, -156, -239, -307, 
-117, -214, -97, 165, -9, -156, 146, 43, -151, -156, -239, -307, 
-122, -214, -92, 168, -14, -153, 146, 43, -151, -156, -244, -302, 
-122, -214, -92, 168, -14, -153, 141, 39, -156, -161, -244, -302, 
-122, -214, -92, 168, -14, -153, 141, 39, -170, -170, -253, -317, 
-117, -219, -102, 168, -7, -161, 146, 39, -170, -170, -258, -317, 
-117, -219, -102, 168, -7, -161, 156, 43, -170, -170, -263, -317, 
-117, -214, -97, 165, -9, -156, 156, 43, -170, -170, -263, -312, 
-117, -200, -82, 158, -17, -141, 146, 39, -156, -161, -258, -307, 
-117, -195, -78, 156, -19, -136, 146, 39, -156, -156, -248, -307, 
-117, -190, -73, 153, -21, -131, 146, 34, -156, -156, -244, -307, 
-117, -185, -68, 151, -24, -126, 146, 34, -151, -156, -239, -307, 
-117, -180, -63, 148, -26, -122, 141, 39, -156, -156, -239, -307, 
-117, -180, -63, 148, -26, -122, 141, 39, -156, -156, -239, -307, 
-117, -180, -63, 148, -26, -122, 141, 39, -156, -151, -239, -307, 
-117, -180, -63, 148, -26, -122, 141, 39, -151, -151, -234, -307, 
-107, -175, -68, 141, -19, -122, 131, 29, -156, -161, -239, -317, 
-107, -165, -58, 136, -24, -112, 131, 29, -156, -156, -244, -317, 
-107, -161, -53, 134, -26, -107, 131, 29, -156, -156, -244, -317, 
-107, -156, -48, 131, -29, -102, 131, 29, -146, -156, -248, -317, 
-97, -156, -58, 126, -19, -107, 131, 39, -146, -151, -258, -307, 
-97, -156, -58, 126, -19, -107, 131, 43, -146, -146, -248, -307, 
-92, -156, -63, 124, -14, -109, 131, 43, -141, -146, -244, -307, 
-92, -156, -63, 124, -14, -109, 131, 43, -136, -141, -244, -302, 
-102, -151, -48, 126, -26, -100, 141, 43, -122, -131, -234, -292, 
-107, -146, -39, 126, -34, -92, 141, 43, -122, -126, -229, -292, 
-112, -141, -29, 126, -41, -85, 141, 43, -117, -126, -229, -292, 
-112, -136, -24, 124, -43, -80, 141, 43, -112, -122, -229, -292, 
-112, -141, -29, 126, -41, -85, 141, 53, -112, -122, -219, -278, 
-112, -141, -29, 126, -41, -85, 141, 53, -107, -122, -219, -278, 
-112, -136, -24, 124, -43, -80, 141, 58, -102, -112, -209, -273, 
-112, -136, -24, 124, -43, -80, 146, 58, -97, -107, -209, -273, 
-112, -141, -29, 126, -41, -85, 146, 63, -102, -117, -214, -273, 
-107, -141, -34, 124, -36, -87, 146, 68, -97, -117, -214, -273, 
-97, -141, -43, 119, -26, -92, 141, 68, -92, -117, -214, -268, 
-97, -126, -29, 112, -34, -78, 141, 68, -87, -107, -204, -263, 
-92, -131, -39, 112, -26, -85, 151, 68, -82, -102, -209, -253, 
-92, -126, -34, 109, -29, -80, 151, 68, -73, -97, -209, -253, 
-87, -122, -34, 104, -26, -78, 151, 68, -68, -92, -209, -253, 
-82, -122, -39, 102, -21, -80, 151, 68, -63, -92, -204, -258, 
-73, -122, -48, 97, -12, -85, 151, 82, -48, -78, -190, -258, 
-73, -112, -39, 92, -17, -75, 151, 82, -43, -68, -185, -244, 
-78, -112, -34, 95, -21, -73, 151, 82, -39, -63, -180, -239, 
-78, -112, -34, 95, -21, -73, 151, 82, -34, -63, -180, -239, 
-92, -107, -14, 100, -39, -61, 136, 73, -24, -48, -170, -229, 
-92, -102, -9, 97, -41, -56, 136, 73, -14, -43, -170, -229, 
-97, -102, -4, 100, -46, -53, 131, 82, -9, -39, -161, -219, 
-97, -97, 0, 97, -48, -48, 131, 82, -4, -34, -156, -219, 
-82, -102, -19, 92, -31, -61, 141, 78, -4, -19, -161, -214, 
-82, -92, -9, 87, -36, -51, 141, 82, 4, -9, -156, -209, 
-82, -82, 0, 82, -41, -41, 141, 82, 14, -4, -151, -204, 
-78, -78, 0, 78, -39, -39, 141, 87, 24, 4, -146, -200, 
-68, -73, -4, 70, -31, -39, 141, 87, 39, 0, -131, -190, 
-63, -63, 0, 63, -31, -31, 141, 92, 58, 4, -122, -185, 
-63, -53, 9, 58, -36, -21, 141, 92, 73, 14, -117, -180, 
-58, -43, 14, 51, -36, -14, 141, 97, 92, 24, -107, -175, 
-58, -48, 9, 53, -34, -19, 131, 107, 92, 24, -107, -175, 
-63, -39, 24, 51, -43, -7, 131, 107, 112, 34, -97, -170, 
-58, -39, 19, 48, -39, -9, 131, 117, 122, 43, -97, -165, 
-73, -29, 43, 51, -58, 7, 131, 117, 141, 53, -82, -161, 
-73, -14, 58, 43, -65, 21, 122, 107, 146, 68, -82, -151, 
-68, 0, 68, 34, -68, 34, 122, 107, 161, 78, -73, -146, 
-58, 4, 63, 26, -61, 34, 117, 112, 175, 87, -58, -136, 
-53, 9, 63, 21, -58, 36, 112, 112, 190, 102, -48, -126, 
-43, 24, 68, 9, -56, 46, 112, 126, 195, 102, -34, -122, 
-39, 29, 68, 4, -53, 48, 112, 126, 209, 112, -24, -112, 
-34, 39, 73, -2, -53, 56, 107, 126, 229, 126, -14, -102, 
-29, 48, 78, -9, -53, 63, 107, 131, 244, 136, -4, -97, 
-14, 58, 73, -21, -43, 65, 102, 131, 248, 156, -4, -102, 
-14, 78, 92, -31, -53, 85, 102, 131, 263, 170, 4, -87, 
-14, 92, 107, -39, -61, 100, 102, 131, 278, 185, 14, -78, 
-14, 97, 112, -41, -63, 104, 92, 136, 292, 195, 24, -73, 
-14, 117, 131, -51, -73, 124, 102, 136, 302, 190, 29, -58, 
-14, 126, 141, -56, -78, 134, 97, 136, 317, 200, 39, -53, 
-9, 131, 141, -61, -75, 136, 97, 146, 331, 209, 48, -43, 
-9, 141, 151, -65, -80, 146, 97, 146, 341, 224, 58, -29, 
-9, 136, 146, -63, -78, 141, 97, 156, 346, 229, 58, -24, 
-4, 151, 156, -73, -80, 153, 87, 156, 351, 244, 68, -19, 
4, 156, 151, -80, -73, 153, 82, 156, 356, 248, 68, -14, 
4, 156, 151, -80, -73, 153, 82, 156, 361, 258, 82, -4, 
9, 175, 165, -92, -78, 170, 82, 156, 366, 258, 102, -4, 
9, 185, 175, -97, -82, 180, 78, 156, 370, 268, 102, 0, 
19, 190, 170, -104, -75, 180, 73, 156, 380, 273, 102, 9, 
19, 200, 180, -109, -80, 190, 73, 156, 390, 278, 112, 9, 
19, 195, 175, -107, -78, 185, 82, 156, 395, 283, 126, 24, 
19, 204, 185, -112, -82, 195, 78, 156, 400, 283, 131, 29, 
14, 214, 200, -114, -92, 207, 78, 156, 405, 287, 136, 34, 
4, 214, 209, -109, -102, 212, 73, 156, 405, 292, 136, 34, 
14, 229, 214, -122, -100, 222, 63, 151, 400, 307, 131, 39, 
19, 234, 214, -126, -97, 224, 63, 146, 395, 307, 136, 39, 
19, 239, 219, -129, -100, 229, 58, 141, 390, 312, 136, 39, 
14, 239, 224, -126, -104, 231, 58, 131, 375, 312, 136, 39, 
4, 224, 219, -114, -107, 222, 58, 136, 375, 297, 131, 43, 
4, 219, 214, -112, -104, 217, 58, 131, 366, 297, 131, 43, 
4, 219, 214, -112, -104, 217, 53, 131, 356, 292, 126, 39, 
4, 224, 219, -114, -107, 222, 53, 122, 341, 292, 122, 34, 
4, 214, 209, -109, -102, 212, 58, 126, 326, 273, 122, 34, 
4, 204, 200, -104, -97, 202, 58, 117, 297, 263, 112, 29, 
4, 190, 185, -97, -90, 187, 58, 117, 278, 239, 97, 19, 
-4, 185, 190, -90, -97, 187, 63, 107, 258, 229, 82, 19, 
-24, 161, 185, -68, -104, 173, 73, 87, 234, 219, 78, 9, 
-34, 146, 180, -56, -107, 163, 73, 82, 209, 200, 68, -4, 
-39, 136, 175, -48, -107, 156, 78, 78, 190, 180, 63, -19, 
-39, 117, 156, -39, -97, 136, 78, 68, 156, 161, 43, -34, 
-29, 112, 141, -41, -85, 126, 78, 63, 136, 146, 19, -48, 
-34, 97, 131, -31, -82, 114, 78, 58, 112, 131, 9, -53, 
-34, 78, 112, -21, -73, 95, 82, 58, 87, 112, -4, -63, 
-34, 63, 97, -14, -65, 80, 92, 53, 63, 97, -19, -78, 
-34, 48, 82, -7, -58, 65, 102, 48, 39, 63, -43, -92, 
-39, 39, 78, 0, -58, 58, 102, 43, 9, 48, -58, -107, 
-39, 24, 63, 7, -51, 43, 102, 29, -14, 34, -68, -122, 
-39, 9, 48, 14, -43, 29, 102, 29, -34, 14, -82, -146, 
-53, 0, 53, 26, -53, 26, 107, 34, -39, 0, -97, -141, 
-68, -14, 53, 41, -61, 19, 112, 34, -58, -4, -102, -141, 
-82, -29, 53, 56, -68, 12, 112, 34, -68, -9, -112, -146, 
-87, -43, 43, 65, -65, 0, 112, 29, -78, -19, -122, -156, 
-78, -43, 34, 61, -56, -4, 122, 39, -92, -19, -126, -170, 
-87, -58, 29, 73, -58, -14, 126, 39, -102, -34, -131, -175, 
-82, -73, 9, 78, -46, -31, 126, 34, -117, -43, -136, -180, 
-78, -78, 0, 78, -39, -39, 126, 29, -126, -43, -151, -190, 
-87, -87, 0, 87, -43, -43, 131, 24, -126, -63, -156, -195, 
-92, -102, -9, 97, -41, -56, 146, 24, -141, -73, -161, -200, 
-92, -117, -24, 104, -34, -70, 151, 19, -156, -82, -165, -200, 
-92, -122, -29, 107, -31, -75, 156, 19, -161, -87, -170, -195, 
-102, -141, -39, 122, -31, -90, 161, 24, -170, -97, -175, -204, 
-112, -141, -29, 126, -41, -85, 161, 24, -170, -102, -175, -214, 
-112, -156, -43, 134, -34, -100, 161, 19, -175, -102, -175, -214, 
-112, -161, -48, 136, -31, -104, 161, 19, -185, -107, -180, -214, 
-102, -156, -53, 129, -24, -104, 156, 19, -190, -117, -185, -214, 
-107, -156, -48, 131, -29, -102, 156, 19, -195, -117, -190, -219, 
-107, -161, -53, 134, -26, -107, 156, 19, -200, -122, -190, -224, 
-107, -161, -53, 134, -26, -107, 161, 19, -200, -122, -195, -224, 
-97, -161, -63, 129, -17, -112, 170, 19, -190, -112, -190, -214, 
-102, -161, -58, 131, -21, -109, 170, 19, -190, -112, -190, -214, 
-102, -161, -58, 131, -21, -109, 170, 19, -195, -112, -185, -214, 
-102, -165, -63, 134, -19, -114, 170, 19, -195, -112, -185, -219, 
-112, -170, -58, 141, -26, -114, 170, 19, -195, -117, -195, -219, 
-117, -175, -58, 146, -29, -117, 175, 19, -195, -117, -190, -219, 
-117, -180, -63, 148, -26, -122, 175, 19, -200, -117, -190, -219, 
-112, -190, -78, 151, -17, -134, 175, 14, -200, -117, -195, -219, 
-102, -190, -87, 146, -7, -139, 180, 24, -200, -117, -195, -224, 
-102, -190, -87, 146, -7, -139, 180, 24, -204, -122, -200, -224, 
-102, -190, -87, 146, -7, -139, 180, 24, -204, -122, -200, -224, 
-102, -190, -87, 146, -7, -139, 180, 24, -200, -122, -200, -224, 
-107, -195, -87, 151, -9, -141, 195, 29, -200, -122, -200, -214, 
-107, -195, -87, 151, -9, -141, 195, 29, -204, -122, -200, -214, 
-102, -195, -92, 148, -4, -143, 190, 29, -204, -117, -200, -219, 
-102, -195, -92, 148, -4, -143, 190, 29, -204, -117, -195, -219, 
-102, -204, -102, 153, 0, -153, 190, 29, -195, -112, -185, -214, 
-102, -209, -107, 156, 2, -158, 190, 29, -195, -112, -185, -214, 
-102, -209, -107, 156, 2, -158, 190, 29, -195, -112, -185, -214, 
-107, -209, -102, 158, -2, -156, 190, 29, -195, -112, -190, -214, 
-117, -209, -92, 163, -12, -151, 190, 39, -195, -122, -180, -204, 
-122, -209, -87, 165, -17, -148, 190, 39, -195, -122, -180, -204, 
-122, -209, -87, 165, -17, -148, 190, 39, -195, -122, -180, -200, 
-122, -204, -82, 163, -19, -143, 190, 39, -190, -122, -180, -200, 
-112, -204, -92, 158, -9, -148, 195, 29, -190, -122, -185, -200, 
-112, -204, -92, 158, -9, -148, 195, 29, -195, -122, -185, -209, 
-112, -209, -97, 161, -7, -153, 195, 29, -195, -122, -185, -209, 
-112, -209, -97, 161, -7, -153, 200, 29, -190, -122, -185, -209, 
-117, -209, -92, 163, -12, -151, 209, 29, -190, -112, -185, -209, 
-117, -209, -92, 163, -12, -151, 209, 29, -190, -112, -185, -204, 
-112, -209, -97, 161, -7, -153, 209, 29, -190, -112, -185, -204, 
-112, -214, -102, 163, -4, -158, 209, 34, -190, -112, -185, -204, 
-122, -214, -92, 168, -14, -153, 219, 34, -180, -102, -180, -200, 
-122, -214, -92, 168, -14, -153, 219, 34, -180, -102, -175, -200, 
-122, -214, -92, 168, -14, -153, 219, 34, -180, -102, -170, -195, 
-122, -209, -87, 165, -17, -148, 219, 34, -180, -102, -165, -190, 
-117, -219, -102, 168, -7, -161, 209, 34, -180, -112, -170, -195, 
-112, -219, -107, 165, -2, -163, 209, 34, -180, -107, -170, -195, 
-107, -219, -112, 163, 2, -165, 214, 34, -180, -107, -165, -195, 
-102, -219, -117, 161, 7, -168, 214, 39, -170, -107, -165, -195, 
-117, -219, -102, 168, -7, -161, 219, 39, -170, -97, -156, -185, 
-122, -224, -102, 173, -9, -163, 219, 34, -170, -97, -156, -185, 
-126, -224, -97, 175, -14, -161, 219, 34, -170, -97, -156, -185, 
-126, -224, -97, 175, -14, -161, 219, 34, -170, -97, -151, -180, 
-117, -214, -97, 165, -9, -156, 209, 34, -170, -87, -161, -170, 
-122, -214, -92, 168, -14, -153, 209, 34, -170, -82, -161, -170, 
-122, -209, -87, 165, -17, -148, 209, 34, -170, -82, -161, -170, 
-117, -209, -92, 163, -12, -151, 209, 34, -170, -78, -161, -170, 
-122, -209, -87, 165, -17, -148, 219, 43, -161, -68, -146, -161, 
-122, -209, -87, 165, -17, -148, 219, 43, -161, -68, -146, -161, 
-126, -209, -82, 168, -21, -146, 224, 43, -161, -68, -151, -161, 
-126, -209, -82, 168, -21, -146, 224, 43, -161, -63, -151, -161, 
-117, -200, -82, 158, -17, -141, 214, 43, -170, -73, -151, -165, 
-112, -195, -82, 153, -14, -139, 214, 43, -165, -73, -151, -165, 
-112, -195, -82, 153, -14, -139, 214, 43, -165, -73, -146, -170, 
-107, -195, -87, 151, -9, -141, 209, 43, -165, -73, -141, -170, 
-107, -190, -82, 148, -12, -136, 219, 43, -165, -82, -141, -165, 
-107, -190, -82, 148, -12, -136, 219, 43, -170, -82, -141, -161, 
-107, -190, -82, 148, -12, -136, 219, 43, -170, -82, -136, -161, 
-107, -195, -87, 151, -9, -141, 219, 43, -170, -78, -136, -161, 
-107, -195, -87, 151, -9, -141, 219, 43, -161, -68, -146, -170, 
-112, -195, -82, 153, -14, -139, 219, 43, -156, -63, -146, -165, 
-117, -195, -78, 156, -19, -136, 224, 43, -156, -63, -146, -165, 
-117, -195, -78, 156, -19, -136, 224, 43, -156, -63, -146, -170, 
-122, -204, -82, 163, -19, -143, 229, 43, -165, -73, -136, -165, 
-117, -204, -87, 161, -14, -146, 224, 43, -165, -68, -136, -156, 
-117, -200, -82, 158, -17, -141, 224, 43, -165, -68, -136, -151, 
-117, -200, -82, 158, -17, -141, 224, 43, -165, -73, -136, -146, 
-107, -200, -92, 153, -7, -146, 214, 34, -175, -73, -136, -151, 
-107, -200, -92, 153, -7, -146, 214, 34, -175, -73, -136, -156, 
-107, -200, -92, 153, -7, -146, 219, 34, -175, -73, -136, -161, 
-107, -200, -92, 153, -7, -146, 219, 34, -175, -68, -136, -165, 
-97, -200, -102, 148, 2, -151, 214, 34, -175, -68, -141, -165, 
-97, -200, -102, 148, 2, -151, 214, 34, -175, -73, -141, -165, 
-97, -200, -102, 148, 2, -151, 219, 34, -175, -73, -141, -165, 
-97, -200, -102, 148, 2, -151, 219, 34, -180, -73, -146, -165, 
-107, -200, -92, 153, -7, -146, 229, 34, -180, -82, -136, -156, 
-107, -200, -92, 153, -7, -146, 229, 34, -175, -82, -136, -156, 
-112, -204, -92, 158, -9, -148, 229, 34, -175, -82, -136, -156, 
-112, -204, -92, 158, -9, -148, 229, 34, -185, -82, -136, -156, 
-97, -214, -117, 156, 9, -165, 229, 34, -195, -87, -141, -165, 
-97, -214, -117, 156, 9, -165, 229, 34, -195, -87, -146, -170, 
-97, -214, -117, 156, 9, -165, 224, 34, -195, -87, -151, -170, 
-97, -209, -112, 153, 7, -161, 224, 34, -195, -87, -156, -165, 
-102, -219, -117, 161, 7, -168, 229, 34, -185, -82, -151, -165, 
-107, -219, -112, 163, 2, -165, 234, 34, -190, -82, -146, -165, 
-112, -219, -107, 165, -2, -163, 244, 34, -190, -82, -141, -165, 
-117, -219, -102, 168, -7, -161, 248, 34, -190, -82, -136, -165, 
-107, -214, -107, 161, 0, -161, 239, 34, -190, -82, -146, -156, 
-107, -214, -107, 161, 0, -161, 239, 34, -190, -82, -146, -156, 
-117, -209, -92, 163, -12, -151, 239, 34, -190, -82, -146, -156, 
-117, -204, -87, 161, -14, -146, 239, 34, -195, -87, -146, -161, 
-122, -200, -78, 161, -21, -139, 239, 34, -204, -87, -146, -170, 
-117, -200, -82, 158, -17, -141, 239, 34, -204, -82, -146, -170, 
-117, -204, -87, 161, -14, -146, 239, 34, -209, -82, -146, -170, 
-117, -204, -87, 161, -14, -146, 239, 29, -209, -87, -146, -170, 
-117, -219, -102, 168, -7, -161, 248, 39, -200, -92, -156, -170, 
-117, -219, -102, 168, -7, -161, 248, 39, -200, -92, -156, -170, 
-117, -214, -97, 165, -9, -156, 248, 34, -204, -92, -156, -170, 
-117, -214, -97, 165, -9, -156, 248, 34, -204, -92, -161, -175, 
-117, -224, -107, 170, -4, -165, 239, 39, -204, -92, -151, -165, 
-117, -219, -102, 168, -7, -161, 239, 39, -204, -92, -151, -165, 
-117, -219, -102, 168, -7, -161, 239, 39, -204, -92, -156, -165, 
-117, -224, -107, 170, -4, -165, 239, 39, -204, -97, -156, -165, 
-117, -224, -107, 170, -4, -165, 248, 29, -214, -97, -156, -161, 
-117, -224, -107, 170, -4, -165, 248, 29, -219, -97, -156, -161, 
-117, -224, -107, 170, -4, -165, 248, 29, -219, -97, -156, -161, 
-117, -229, -112, 173, -2, -170, 248, 29, -219, -97, -156, -161, 
-126, -239, -112, 183, -7, -175, 258, 34, -219, -97, -146, -161, 
-126, -239, -112, 183, -7, -175, 258, 39, -219, -97, -146, -161, 
-126, -239, -112, 183, -7, -175, 258, 43, -214, -97, -146, -161, 
-126, -239, -112, 183, -7, -175, 258, 48, -214, -97, -151, -161, 
-122, -229, -107, 175, -7, -168, 258, 39, -214, -102, -161, -161, 
-117, -229, -112, 173, -2, -170, 258, 39, -214, -102, -156, -161, 
-112, -229, -117, 170, 2, -173, 258, 34, -219, -97, -156, -161, 
-107, -229, -122, 168, 7, -175, 258, 34, -219, -97, -156, -161, 
-107, -239, -131, 173, 12, -185, 258, 39, -219, -97, -156, -170, 
-107, -239, -131, 173, 12, -185, 258, 39, -219, -97, -156, -170, 
-107, -239, -131, 173, 12, -185, 258, 39, -214, -97, -156, -170, 
-107, -239, -131, 173, 12, -185, 253, 34, -214, -97, -156, -170, 
-107, -239, -131, 173, 12, -185, 253, 34, -224, -97, -156, -170, 
-107, -239, -131, 173, 12, -185, 253, 34, -224, -102, -156, -170, 
-107, -239, -131, 173, 12, -185, 253, 34, -229, -102, -156, -170, 
-107, -234, -126, 170, 9, -180, 253, 34, -229, -102, -156, -165, 
-107, -224, -117, 165, 4, -170, 263, 34, -219, -97, -151, -156, 
-107, -224, -117, 165, 4, -170, 263, 34, -219, -92, -141, -156, 
-97, -214, -117, 156, 9, -165, 253, 24, -214, -73, -131, -146, 
-107, -204, -97, 156, -4, -151, 253, 24, -195, -68, -122, -146, 
-117, -195, -78, 156, -19, -136, 263, 29, -175, -58, -117, -136, 
-117, -180, -63, 148, -26, -122, 263, 39, -165, -58, -112, -131, 
-117, -175, -58, 146, -29, -117, 263, 39, -165, -58, -107, -126, 
-117, -170, -53, 143, -31, -112, 263, 39, -165, -58, -102, -122, 
-117, -165, -48, 141, -34, -107, 263, 39, -165, -58, -97, -117, 
-102, -165, -63, 134, -19, -114, 258, 39, -170, -48, -107, -117, 
-102, -165, -63, 134, -19, -114, 258, 39, -165, -43, -107, -112, 
-102, -165, -63, 134, -19, -114, 258, 39, -161, -43, -107, -107, 
-102, -161, -58, 131, -21, -109, 258, 39, -161, -43, -107, -107, 
-97, -165, -68, 131, -14, -117, 258, 39, -161, -48, -97, -117, 
-92, -165, -73, 129, -9, -119, 258, 39, -161, -48, -92, -117, 
-92, -165, -73, 129, -9, -119, 258, 43, -161, -48, -92, -117, 
-92, -165, -73, 129, -9, -119, 258, 43, -161, -48, -92, -122, 
-102, -156, -53, 129, -24, -104, 248, 34, -161, -48, -87, -112, 
-102, -156, -53, 129, -24, -104, 244, 34, -156, -48, -87, -112, 
-102, -151, -48, 126, -26, -100, 229, 29, -156, -39, -87, -107, 
-102, -141, -39, 122, -31, -90, 229, 19, -156, -39, -87, -97, 
-87, -136, -48, 112, -19, -92, 224, 14, -165, -43, -87, -97, 
-82, -126, -43, 104, -19, -85, 219, 9, -165, -43, -82, -97, 
-68, -122, -53, 95, -7, -87, 209, 9, -165, -43, -82, -92, 
-63, -112, -48, 87, -7, -80, 195, 4, -165, -39, -78, -92, 
-63, -117, -53, 90, -4, -85, 185, 14, -156, -24, -63, -78, 
-58, -107, -48, 82, -4, -78, 180, 9, -156, -24, -58, -78, 
-58, -97, -39, 78, -9, -68, 175, 9, -151, -19, -58, -68, 
-58, -87, -29, 73, -14, -58, 165, 14, -146, -9, -48, -63, 
-48, -78, -29, 63, -9, -53, 175, 4, -151, -19, -53, -53, 
-48, -68, -19, 58, -14, -43, 175, 4, -146, -9, -43, -48, 
-39, -58, -19, 48, -9, -39, 175, 4, -146, -9, -39, -43, 
-29, -48, -19, 39, -4, -34, 175, 9, -151, -9, -34, -43, 
-24, -58, -34, 41, 4, -46, 175, 19, -146, -9, -34, -43, 
-24, -68, -43, 46, 9, -56, 180, 24, -141, 0, -34, -43, 
-24, -68, -43, 46, 9, -56, 180, 24, -141, 4, -34, -39, 
-19, -73, -53, 46, 17, -63, 185, 29, -136, 4, -34, -39, 
-29, -87, -58, 58, 14, -73, 195, 29, -141, -4, -53, -48, 
-39, -107, -68, 73, 14, -87, 204, 29, -146, -9, -53, -53, 
-43, -131, -87, 87, 21, -109, 219, 29, -151, -14, -58, -63, 
-58, -151, -92, 104, 17, -122, 229, 39, -161, -29, -63, -68, 
-63, -151, -87, 107, 12, -119, 239, 29, -170, -34, -82, -87, 
-68, -165, -97, 117, 14, -131, 244, 29, -180, -43, -87, -92, 
-78, -185, -107, 131, 14, -146, 248, 29, -190, -53, -97, -107, 
-82, -200, -117, 141, 17, -158, 258, 34, -195, -53, -112, -112, 
-82, -214, -131, 148, 24, -173, 263, 43, -209, -73, -107, -126, 
-87, -234, -146, 161, 29, -190, 268, 39, -214, -73, -112, -126, 
-92, -253, -161, 173, 34, -207, 273, 39, -219, -82, -122, -131, 
-97, -268, -170, 183, 36, -219, 283, 39, -224, -92, -122, -141, 
-107, -273, -165, 190, 29, -219, 287, 39, -224, -97, -126, -136, 
-112, -278, -165, 195, 26, -222, 292, 39, -229, -102, -131, -141, 
-112, -297, -185, 204, 36, -241, 297, 43, -229, -102, -136, -146, 
-112, -297, -185, 204, 36, -241, 302, 53, -239, -107, -141, -151, 
-107, -302, -195, 204, 43, -248, 297, 53, -239, -112, -146, -156, 
-102, -302, -200, 202, 48, -251, 302, 48, -244, -117, -146, -156, 
-102, -312, -209, 207, 53, -261, 302, 48, -253, -122, -151, -165, 
-97, -322, -224, 209, 63, -273, 307, 53, -253, -126, -156, -165, 
-117, -326, -209, 222, 46, -268, 322, 53, -244, -122, -156, -156, 
-107, -336, -229, 222, 61, -283, 322, 58, -244, -117, -156, -161, 
-107, -341, -234, 224, 63, -287, 322, 58, -244, -117, -151, -165, 
-107, -346, -239, 226, 65, -292, 322, 58, -244, -112, -146, -165, 
-112, -341, -229, 226, 58, -285, 317, 58, -253, -112, -156, -165, 
-112, -346, -234, 229, 61, -290, 317, 58, -253, -112, -156, -165, 
-117, -351, -234, 234, 58, -292, 317, 58, -258, -117, -161, -170, 
-117, -351, -234, 234, 58, -292, 322, 58, -258, -117, -161, -170, 
-112, -341, -229, 226, 58, -285, 322, 58, -258, -126, -165, -180, 
-112, -336, -224, 224, 56, -280, 322, 58, -258, -122, -165, -180, 
-112, -336, -224, 224, 56, -280, 317, 58, -258, -122, -161, -185, 
-112, -346, -234, 229, 61, -290, 317, 58, -258, -131, -161, -185, 
-107, -346, -239, 226, 65, -292, 326, 58, -258, -131, -175, -185, 
-102, -341, -239, 222, 68, -290, 331, 58, -253, -131, -175, -185, 
-102, -341, -239, 222, 68, -290, 331, 58, -253, -131, -175, -185, 
-102, -341, -239, 222, 68, -290, 331, 58, -253, -131, -175, -185, 
-112, -346, -234, 229, 61, -290, 331, 63, -244, -122, -165, -185, 
-112, -346, -234, 229, 61, -290, 331, 63, -244, -122, -165, -190, 
-112, -346, -234, 229, 61, -290, 336, 58, -244, -122, -165, -190, 
-112, -346, -234, 229, 61, -290, 336, 58, -244, -122, -165, -190, 
-102, -356, -253, 229, 75, -305, 331, 58, -244, -131, -165, -180, 
-102, -351, -248, 226, 73, -300, 331, 58, -244, -126, -165, -180, 
-102, -351, -248, 226, 73, -300, 331, 58, -244, -126, -165, -180, 
-102, -351, -248, 226, 73, -300, 331, 58, -244, -131, -165, -180, 
-92, -361, -268, 226, 87, -314, 331, 58, -253, -131, -165, -190, 
-92, -361, -268, 226, 87, -314, 331, 58, -253, -126, -165, -185, 
-92, -361, -268, 226, 87, -314, 331, 58, -253, -126, -165, -185, 
-92, -361, -268, 226, 87, -314, 331, 58, -253, -126, -170, -185, 
-107, -361, -253, 234, 73, -307, 341, 58, -244, -117, -161, -185, 
-117, -361, -244, 239, 63, -302, 341, 58, -244, -117, -156, -185, 
-122, -361, -239, 241, 58, -300, 341, 63, -244, -117, -156, -185, 
-126, -361, -234, 244, 53, -297, 341, 63, -244, -117, -156, -185, 
-126, -351, -224, 239, 48, -287, 336, 68, -244, -117, -156, -175, 
-126, -361, -234, 244, 53, -297, 341, 73, -244, -117, -156, -180, 
-126, -361, -234, 244, 53, -297, 351, 73, -244, -122, -156, -180, 
-126, -361, -234, 244, 53, -297, 351, 73, -244, -131, -165, -185, 
-117, -356, -239, 236, 61, -297, 366, 73, -244, -131, -165, -195, 
-117, -356, -239, 236, 61, -297, 370, 82, -239, -126, -175, -195, 
-107, -341, -234, 224, 63, -287, 370, 92, -209, -107, -165, -190, 
-92, -283, -190, 187, 48, -236, 366, 97, -156, -58, -122, -156, 
-92, -219, -126, 156, 17, -173, 351, 87, -82, -9, -73, -117, 
-78, -170, -92, 124, 7, -131, 336, 78, -9, 53, -4, -63, 
-68, -112, -43, 90, -12, -78, 322, 78, 117, 165, 82, 0, 
-63, -29, 34, 46, -48, 2, 297, 78, 302, 331, 204, 92, 
-39, 87, 126, -24, -82, 107, 273, 97, 517, 536, 356, 204, 
9, 219, 209, -114, -100, 214, 234, 122, 727, 736, 522, 326, 
68, 380, 312, -224, -122, 346, 165, 122, 951, 971, 712, 468, 
122, 566, 444, -344, -161, 505, 82, 131, 1220, 1254, 932, 639, 
204, 780, 575, -492, -185, 678, -19, 151, 1522, 1556, 1195, 849, 
302, 1015, 712, -658, -204, 863, -161, 141, 1790, 1864, 1459, 1068, 
380, 1268, 888, -824, -253, 1078, -312, 107, 2010, 2147, 1722, 1283, 
468, 1498, 1029, -983, -280, 1263, -473, 58, 2171, 2410, 1966, 1488, 
546, 1673, 1127, -1110, -290, 1400, -619, 19, 2288, 2649, 2176, 1664, 
610, 1786, 1176, -1198, -283, 1481, -727, 0, 2361, 2796, 2308, 1771, 
658, 1820, 1161, -1239, -251, 1490, -810, -14, 2322, 2825, 2342, 1815, 
692, 1795, 1102, -1244, -204, 1449, -858, -34, 2196, 2742, 2303, 1805, 
707, 1668, 961, -1188, -126, 1315, -839, 9, 2010, 2576, 2186, 1717, 
678, 1385, 707, -1032, -14, 1046, -727, 82, 1756, 2322, 1952, 1546, 
600, 1073, 473, -836, 63, 773, -590, 92, 1415, 1942, 1644, 1293, 
463, 795, 331, -629, 65, 563, -448, 43, 1019, 1473, 1268, 1010, 
317, 527, 209, -422, 53, 368, -297, 9, 653, 1034, 917, 727, 
185, 307, 122, -246, 31, 214, -151, 0, 395, 707, 624, 512, 
97, 175, 78, -136, 9, 126, -63, -29, 214, 473, 424, 351, 
43, 87, 43, -65, 0, 65, 0, -73, 24, 253, 234, 195, 
-34, 9, 43, 12, -39, 26, 63, -112, -209, 58, 58, 68, 
-92, -34, 58, 63, -75, 12, 107, -122, -322, -39, -39, -9, 
-102, -48, 53, 75, -78, 2, 136, -87, -273, -29, -43, -24, 
-107, -73, 34, 90, -70, -19, 165, -63, -229, -4, -34, -24, 
-102, -112, -9, 107, -46, -61, 204, -29, -219, -4, -39, -39, 
-87, -136, -48, 112, -19, -92, 239, 14, -180, -4, -53, -53, 
-82, -170, -87, 126, 2, -129, 268, 34, -146, -14, -58, -68, 
-87, -209, -122, 148, 17, -165, 292, 39, -156, -34, -68, -92, 
-87, -244, -156, 165, 34, -200, 302, 53, -156, -43, -73, -107, 
-87, -273, -185, 180, 48, -229, 312, 63, -146, -43, -78, -112, 
-82, -278, -195, 180, 56, -236, 317, 63, -141, -43, -73, -122, 
-87, -283, -195, 185, 53, -239, 317, 63, -141, -34, -82, -126, 
-82, -283, -200, 183, 58, -241, 326, 63, -146, -29, -87, -122, 
-92, -283, -190, 187, 48, -236, 322, 63, -151, -39, -92, -122, 
-92, -283, -190, 187, 48, -236, 322, 63, -161, -53, -97, -131, 
-92, -283, -190, 187, 48, -236, 326, 58, -161, -58, -102, -141, 
-92, -292, -200, 192, 53, -246, 331, 68, -175, -78, -122, -146, 
-102, -307, -204, 204, 51, -256, 341, 68, -170, -78, -126, -141, 
-102, -326, -224, 214, 61, -275, 346, 68, -185, -92, -131, -151, 
-102, -326, -224, 214, 61, -275, 351, 68, -185, -92, -131, -151, 
-107, -326, -219, 217, 56, -273, 351, 68, -180, -87, -131, -156, 
-107, -331, -224, 219, 58, -278, 351, 78, -180, -87, -131, -161, 
-107, -331, -224, 219, 58, -278, 341, 68, -190, -87, -141, -170, 
-107, -331, -224, 219, 58, -278, 341, 73, -190, -87, -141, -170, 
-112, -331, -219, 222, 53, -275, 341, 73, -185, -87, -146, -165, 
-112, -331, -219, 222, 53, -275, 336, 68, -185, -92, -146, -165, 
-122, -326, -204, 224, 41, -265, 336, 68, -190, -92, -146, -170, 
-117, -326, -209, 222, 46, -268, 341, 68, -190, -92, -151, -170, 
-117, -322, -204, 219, 43, -263, 351, 73, -190, -92, -156, -170, 
-117, -312, -195, 214, 39, -253, 351, 73, -190, -92, -156, -165, 
-117, -312, -195, 214, 39, -253, 361, 78, -185, -92, -146, -170, 
-117, -312, -195, 214, 39, -253, 361, 78, -185, -87, -141, -170, 
-117, -312, -195, 214, 39, -253, 361, 73, -185, -87, -141, -170, 
-117, -312, -195, 214, 39, -253, 361, 73, -180, -87, -141, -170, 
-107, -317, -209, 212, 51, -263, 356, 78, -175, -78, -141, -161, 
-107, -317, -209, 212, 51, -263, 356, 78, -175, -78, -141, -161, 
-107, -317, -209, 212, 51, -263, 356, 78, -175, -73, -141, -161, 
-107, -317, -209, 212, 51, -263, 356, 78, -170, -73, -136, -161, 
-117, -317, -200, 217, 41, -258, 356, 78, -175, -73, -136, -151, 
-117, -312, -195, 214, 39, -253, 356, 78, -175, -68, -136, -151, 
-117, -312, -195, 214, 39, -253, 356, 78, -175, -68, -131, -151, 
-117, -312, -195, 214, 39, -253, 356, 78, -165, -68, -131, -151, 
-126, -307, -180, 217, 26, -244, 356, 78, -156, -63, -131, -151, 
-126, -302, -175, 214, 24, -239, 356, 82, -156, -58, -122, -151, 
-122, -297, -175, 209, 26, -236, 356, 82, -151, -58, -117, -151, 
-122, -292, -170, 207, 24, -231, 356, 82, -146, -53, -117, -146, 
-117, -302, -185, 209, 34, -244, 356, 92, -131, -63, -126, -146, 
-117, -302, -185, 209, 34, -244, 356, 92, -131, -58, -122, -146, 
-117, -302, -185, 209, 34, -244, 356, 92, -126, -58, -122, -146, 
-112, -302, -190, 207, 39, -246, 356, 92, -122, -53, -122, -146, 
-102, -292, -190, 197, 43, -241, 346, 82, -122, -48, -112, -141, 
-102, -287, -185, 195, 41, -236, 346, 82, -117, -43, -112, -141, 
-102, -278, -175, 190, 36, -226, 346, 87, -112, -29, -102, -136, 
-102, -273, -170, 187, 34, -222, 351, 87, -107, -19, -102, -136, 
-112, -278, -165, 195, 26, -222, 361, 92, -92, -34, -107, -146, 
-107, -278, -170, 192, 31, -224, 361, 97, -87, -39, -107, -146, 
-97, -278, -180, 187, 41, -229, 356, 97, -82, -43, -107, -141, 
-97, -263, -165, 180, 34, -214, 356, 97, -78, -39, -97, -136, 
-92, -273, -180, 183, 43, -226, 356, 97, -73, -19, -87, -122, 
-92, -273, -180, 183, 43, -226, 356, 97, -63, -9, -82, -117, 
-87, -273, -185, 180, 48, -229, 356, 97, -58, 0, -78, -112, 
-82, -278, -195, 180, 56, -236, 356, 97, -53, 4, -68, -112, 
-87, -283, -195, 185, 53, -239, 356, 112, -48, 9, -63, -122, 
-92, -278, -185, 185, 46, -231, 356, 112, -43, 19, -58, -107, 
-102, -283, -180, 192, 39, -231, 356, 112, -39, 24, -53, -102, 
-107, -287, -180, 197, 36, -234, 356, 112, -34, 24, -53, -102, 
-97, -268, -170, 183, 36, -219, 351, 112, -24, 19, -63, -102, 
-92, -258, -165, 175, 36, -212, 351, 112, -14, 24, -63, -102, 
-92, -253, -161, 173, 34, -207, 346, 122, -9, 29, -53, -92, 
-87, -244, -156, 165, 34, -200, 346, 122, -4, 34, -48, -92, 
-87, -229, -141, 158, 26, -185, 346, 117, 14, 48, -43, -87, 
-92, -219, -126, 156, 17, -173, 346, 122, 24, 58, -39, -82, 
-97, -209, -112, 153, 7, -161, 346, 122, 34, 63, -34, -78, 
-97, -204, -107, 151, 4, -156, 346, 126, 43, 73, -29, -73, 
-87, -209, -122, 148, 17, -165, 346, 136, 43, 68, -34, -73, 
-82, -209, -126, 146, 21, -168, 346, 141, 58, 73, -24, -68, 
-82, -209, -126, 146, 21, -168, 346, 141, 68, 82, -19, -63, 
-78, -209, -131, 143, 26, -170, 346, 146, 82, 92, -9, -58, 
-68, -214, -146, 141, 39, -180, 346, 146, 92, 112, 0, -48, 
-63, -204, -141, 134, 39, -173, 346, 146, 112, 122, 9, -43, 
-48, -204, -156, 126, 53, -180, 346, 156, 122, 131, 9, -39, 
-53, -195, -141, 124, 43, -168, 346, 156, 141, 141, 24, -34, 
-68, -190, -122, 129, 26, -156, 356, 165, 156, 146, 34, -14, 
-68, -175, -107, 122, 19, -141, 356, 165, 170, 156, 43, -9, 
-63, -170, -107, 117, 21, -139, 351, 170, 185, 165, 58, 0, 
-63, -165, -102, 114, 19, -134, 346, 170, 200, 180, 68, 9, 
-58, -146, -87, 102, 14, -117, 346, 175, 224, 190, 73, 4, 
-58, -136, -78, 97, 9, -107, 346, 175, 239, 200, 82, 14, 
-58, -122, -63, 90, 2, -92, 341, 175, 258, 214, 92, 24, 
-58, -107, -48, 82, -4, -78, 341, 180, 273, 224, 102, 29, 
-48, -107, -58, 78, 4, -82, 326, 190, 287, 234, 102, 34, 
-43, -87, -43, 65, 0, -65, 326, 190, 302, 248, 112, 48, 
-39, -73, -34, 56, -2, -53, 326, 190, 317, 263, 122, 58, 
-34, -68, -34, 51, 0, -51, 317, 195, 331, 273, 131, 63, 
-24, -48, -24, 36, 0, -36, 326, 195, 331, 278, 136, 78, 
-24, -39, -14, 31, -4, -26, 322, 195, 346, 287, 146, 82, 
-19, -34, -14, 26, -2, -24, 322, 204, 361, 297, 156, 92, 
-19, -24, -4, 21, -7, -14, 322, 204, 370, 312, 165, 107, 
-19, -4, 14, 12, -17, 4, 322, 214, 385, 317, 175, 102, 
-14, 14, 29, 0, -21, 21, 312, 214, 400, 331, 185, 107, 
-4, 24, 29, -9, -17, 26, 307, 214, 414, 336, 185, 112, 
-4, 29, 34, -12, -19, 31, 307, 214, 429, 346, 200, 122, 
-9, 48, 58, -19, -34, 53, 297, 204, 424, 356, 209, 122, 
-9, 58, 68, -24, -39, 63, 292, 204, 429, 366, 209, 126, 
0, 63, 63, -31, -31, 63, 287, 204, 439, 370, 209, 136, 
0, 73, 73, -36, -36, 73, 287, 204, 448, 375, 219, 136, 
4, 87, 82, -46, -39, 85, 278, 195, 453, 380, 214, 131, 
9, 97, 87, -53, -39, 92, 273, 195, 458, 380, 219, 136, 
9, 107, 97, -58, -43, 102, 273, 195, 463, 385, 224, 141, 
4, 107, 102, -56, -48, 104, 268, 195, 463, 390, 224, 141, 
0, 102, 102, -51, -51, 102, 268, 204, 463, 395, 239, 156, 
0, 107, 107, -53, -53, 107, 268, 204, 463, 395, 244, 156, 
-4, 112, 117, -53, -61, 114, 263, 204, 463, 400, 244, 156, 
-14, 112, 126, -48, -70, 119, 263, 200, 453, 400, 244, 156, 
-9, 112, 122, -51, -65, 117, 263, 185, 444, 385, 239, 151, 
-4, 112, 117, -53, -61, 114, 263, 180, 434, 385, 239, 151, 
0, 117, 117, -58, -58, 117, 258, 180, 424, 380, 234, 146, 
4, 126, 122, -65, -58, 124, 258, 170, 409, 380, 229, 141, 
4, 117, 112, -61, -53, 114, 253, 165, 405, 361, 224, 136, 
4, 107, 102, -56, -48, 104, 253, 156, 375, 351, 209, 126, 
4, 92, 87, -48, -41, 90, 253, 156, 356, 326, 190, 112, 
-4, 87, 92, -41, -48, 90, 258, 146, 336, 317, 170, 107, 
-4, 73, 78, -34, -41, 75, 248, 126, 307, 307, 165, 107, 
-14, 58, 73, -21, -43, 65, 248, 122, 278, 287, 156, 92, 
-19, 48, 68, -14, -43, 58, 253, 117, 253, 268, 151, 78, 
-19, 29, 48, -4, -34, 39, 253, 107, 214, 248, 131, 63, 
-34, 14, 48, 9, -41, 31, 244, 102, 195, 219, 102, 39, 
-43, 0, 43, 21, -43, 21, 244, 97, 170, 200, 87, 34, 
-48, -19, 29, 34, -39, 4, 248, 97, 146, 175, 68, 24, 
-53, -34, 19, 43, -36, -7, 258, 92, 122, 156, 48, 9, 
-63, -39, 24, 51, -43, -7, 268, 87, 97, 146, 43, 0, 
-68, -48, 19, 58, -43, -14, 268, 82, 68, 136, 29, -9, 
-68, -63, 4, 65, -36, -29, 268, 68, 43, 126, 19, -19, 
-68, -78, -9, 73, -29, -43, 268, 68, 24, 112, 4, -39, 
-68, -87, -19, 78, -24, -53, 263, 53, -4, 87, -24, -58, 
-78, -102, -24, 90, -26, -63, 268, 53, -29, 73, -34, -63, 
-87, -117, -29, 102, -29, -73, 268, 53, -43, 58, -48, -73, 
-87, -131, -43, 109, -21, -87, 268, 48, -58, 39, -63, -87, 
-92, -131, -39, 112, -26, -85, 278, 58, -63, 29, -58, -82, 
-107, -146, -39, 126, -34, -92, 283, 58, -73, 14, -63, -87, 
-107, -161, -53, 134, -26, -107, 283, 53, -87, 4, -68, -92, 
-107, -165, -58, 136, -24, -112, 283, 48, -97, 4, -82, -102, 
-97, -180, -82, 139, -7, -131, 292, 53, -117, -4, -82, -102, 
-102, -190, -87, 146, -7, -139, 302, 53, -131, -14, -92, -112, 
-102, -200, -97, 151, -2, -148, 302, 48, -146, -24, -102, -117, 
-102, -200, -97, 151, -2, -148, 302, 48, -151, -29, -112, -117, 
-102, -200, -97, 151, -2, -148, 297, 43, -161, -43, -122, -136, 
-112, -200, -87, 156, -12, -143, 297, 43, -161, -53, -126, -146, 
-112, -214, -102, 163, -4, -158, 297, 39, -165, -58, -131, -146, 
-112, -219, -107, 165, -2, -163, 297, 39, -175, -68, -141, -146, 
-102, -214, -112, 158, 4, -163, 302, 29, -180, -68, -136, -156, 
-107, -214, -107, 161, 0, -161, 302, 29, -185, -68, -141, -161, 
-107, -219, -112, 163, 2, -165, 302, 29, -190, -73, -141, -165, 
-107, -219, -112, 163, 2, -165, 307, 29, -190, -73, -146, -165, 
-117, -219, -102, 168, -7, -161, 307, 39, -190, -73, -136, -156, 
-122, -219, -97, 170, -12, -158, 307, 39, -190, -73, -141, -156, 
-122, -219, -97, 170, -12, -158, 307, 39, -195, -73, -141, -156, 
-122, -224, -102, 173, -9, -163, 307, 39, -195, -73, -146, -161, 
-112, -214, -102, 163, -4, -158, 297, 39, -195, -87, -161, -170, 
-117, -214, -97, 165, -9, -156, 302, 39, -195, -87, -161, -170, 
-117, -214, -97, 165, -9, -156, 302, 39, -200, -87, -165, -170, 
-112, -219, -107, 165, -2, -163, 302, 34, -200, -87, -175, -170, 
-122, -209, -87, 165, -17, -148, 297, 34, -209, -97, -175, -175, 
-122, -209, -87, 165, -17, -148, 297, 34, -214, -102, -180, -175, 
-122, -209, -87, 165, -17, -148, 297, 34, -214, -102, -180, -175, 
-122, -209, -87, 165, -17, -148, 297, 34, -209, -102, -180, -175, 
-126, -214, -87, 170, -19, -151, 292, 29, -209, -102, -180, -175, 
-126, -214, -87, 170, -19, -151, 292, 29, -214, -102, -180, -175, 
-122, -214, -92, 168, -14, -153, 287, 29, -214, -97, -180, -180, 
-122, -214, -92, 168, -14, -153, 287, 29, -214, -97, -175, -180, 
-122, -224, -102, 173, -9, -163, 287, 29, -214, -92, -175, -185, 
-122, -229, -107, 175, -7, -168, 287, 29, -214, -92, -175, -185, 
-122, -229, -107, 175, -7, -168, 287, 29, -214, -92, -175, -185, 
-126, -229, -102, 178, -12, -165, 287, 29, -214, -92, -180, -185, 
-117, -219, -102, 168, -7, -161, 297, 29, -214, -102, -180, -185, 
-122, -219, -97, 170, -12, -158, 297, 29, -214, -102, -180, -185, 
-122, -219, -97, 170, -12, -158, 297, 29, -214, -102, -180, -180, 
-122, -214, -92, 168, -14, -153, 297, 29, -209, -102, -180, -180, 
-131, -214, -82, 173, -24, -148, 302, 29, -209, -92, -175, -180, 
-131, -214, -82, 173, -24, -148, 302, 29, -214, -92, -175, -190, 
-131, -219, -87, 175, -21, -153, 302, 29, -214, -92, -175, -190, 
-131, -219, -87, 175, -21, -153, 307, 29, -209, -92, -175, -190, 
-126, -219, -92, 173, -17, -156, 297, 29, -209, -92, -185, -190, 
-126, -219, -92, 173, -17, -156, 297, 29, -209, -92, -185, -185, 
-122, -219, -97, 170, -12, -158, 297, 29, -209, -92, -185, -185, 
-122, -224, -102, 173, -9, -163, 297, 34, -209, -92, -185, -185, 
-122, -224, -102, 173, -9, -163, 287, 34, -209, -92, -185, -185, 
-122, -224, -102, 173, -9, -163, 287, 34, -209, -92, -185, -190, 
-122, -224, -102, 173, -9, -163, 287, 34, -209, -92, -185, -190, 
-122, -219, -97, 170, -12, -158, 287, 34, -209, -92, -185, -190, 
-131, -209, -78, 170, -26, -143, 287, 24, -209, -102, -190, -185, 
-131, -209, -78, 170, -26, -143, 287, 24, -209, -97, -190, -185, 
-131, -209, -78, 170, -26, -143, 292, 24, -209, -97, -185, -185, 
-131, -209, -78, 170, -26, -143, 292, 29, -200, -97, -185, -185, 
-141, -219, -78, 180, -31, -148, 297, 29, -200, -97, -185, -195, 
-141, -224, -82, 183, -29, -153, 297, 24, -200, -97, -185, -195, 
-141, -224, -82, 183, -29, -153, 297, 24, -200, -97, -185, -195, 
-136, -224, -87, 180, -24, -156, 297, 24, -200, -97, -180, -190, 
-126, -214, -87, 170, -19, -151, 287, 24, -200, -97, -190, -190, 
-131, -214, -82, 173, -24, -148, 287, 24, -200, -92, -190, -190, 
-131, -209, -78, 170, -26, -143, 287, 24, -200, -92, -190, -190, 
-126, -209, -82, 168, -21, -146, 287, 24, -200, -87, -190, -190, 
-131, -209, -78, 170, -26, -143, 287, 24, -200, -97, -175, -190, 
-131, -209, -78, 170, -26, -143, 287, 24, -200, -97, -175, -190, 
-136, -209, -73, 173, -31, -141, 292, 24, -200, -97, -180, -190, 
-136, -209, -73, 173, -31, -141, 292, 24, -200, -92, -180, -190, 
-126, -209, -82, 168, -21, -146, 283, 14, -209, -82, -180, -195, 
-122, -204, -82, 163, -19, -143, 283, 14, -204, -82, -180, -195, 
-122, -204, -82, 163, -19, -143, 283, 14, -204, -82, -175, -200, 
-117, -204, -87, 161, -14, -146, 278, 14, -204, -82, -170, -200, 
-126, -190, -63, 158, -31, -126, 287, 14, -204, -92, -180, -195, 
-126, -190, -63, 158, -31, -126, 287, 14, -209, -92, -180, -190, 
-126, -190, -63, 158, -31, -126, 287, 14, -209, -92, -175, -190, 
-126, -195, -68, 161, -29, -131, 287, 14, -209, -87, -175, -190, 
-136, -204, -68, 170, -34, -136, 297, 14, -219, -78, -165, -190, 
-141, -204, -63, 173, -39, -134, 297, 14, -214, -73, -165, -185, 
-146, -204, -58, 175, -43, -131, 302, 14, -214, -73, -165, -185, 
-146, -204, -58, 175, -43, -131, 302, 14, -214, -73, -165, -190, 
-131, -195, -63, 163, -34, -129, 287, 14, -214, -73, -156, -180, 
-126, -195, -68, 161, -29, -131, 283, 14, -214, -68, -156, -175, 
-126, -190, -63, 158, -31, -126, 283, 14, -214, -68, -156, -175, 
-126, -190, -63, 158, -31, -126, 283, 14, -214, -73, -156, -175, 
-126, -180, -53, 153, -36, -117, 283, 4, -214, -63, -156, -175, 
-126, -180, -53, 153, -36, -117, 283, 4, -214, -63, -156, -175, 
-126, -180, -53, 153, -36, -117, 287, 4, -214, -63, -156, -175, 
-126, -180, -53, 153, -36, -117, 287, 4, -214, -58, -156, -175, 
-126, -190, -63, 158, -31, -126, 292, 4, -204, -58, -151, -175, 
-126, -190, -63, 158, -31, -126, 292, 4, -204, -63, -151, -175, 
-126, -190, -63, 158, -31, -126, 297, 4, -204, -63, -151, -175, 
-126, -190, -63, 158, -31, -126, 297, 4, -209, -63, -156, -175, 
-126, -200, -73, 163, -26, -136, 292, 4, -209, -73, -146, -185, 
-126, -200, -73, 163, -26, -136, 287, 4, -204, -73, -146, -185, 
-131, -204, -73, 168, -29, -139, 283, 4, -204, -73, -146, -185, 
-131, -204, -73, 168, -29, -139, 278, 4, -214, -73, -146, -185, 
-122, -204, -82, 163, -19, -143, 287, 4, -214, -78, -146, -185, 
-117, -204, -87, 161, -14, -146, 287, 4, -214, -78, -146, -190, 
-112, -204, -92, 158, -9, -148, 283, 4, -214, -78, -146, -190, 
-107, -200, -92, 153, -7, -146, 283, 4, -214, -78, -146, -185, 
-122, -209, -87, 165, -17, -148, 292, 14, -204, -63, -136, -180, 
-126, -209, -82, 168, -21, -146, 292, 14, -209, -63, -136, -175, 
-131, -209, -78, 170, -26, -143, 297, 14, -209, -63, -136, -170, 
-136, -209, -73, 173, -31, -141, 297, 14, -209, -63, -136, -165, 
-146, -209, -63, 178, -41, -136, 297, 4, -200, -63, -136, -175, 
-146, -214, -68, 180, -39, -141, 297, 4, -200, -63, -136, -175, 
-156, -214, -58, 185, -48, -136, 297, 4, -200, -63, -136, -175, 
-156, -214, -58, 185, -48, -136, 297, 4, -204, -68, -136, -180, 
-146, -209, -63, 178, -41, -136, 292, 4, -214, -78, -136, -180, 
-136, -209, -73, 173, -31, -141, 287, 4, -214, -73, -136, -180, 
-131, -214, -82, 173, -24, -148, 283, 4, -219, -73, -136, -180, 
-126, -214, -87, 170, -19, -151, 278, 0, -219, -78, -136, -180, 
-117, -209, -92, 163, -12, -151, 278, 0, -219, -82, -146, -180, 
-117, -209, -92, 163, -12, -151, 278, 0, -219, -82, -146, -180, 
-117, -204, -87, 161, -14, -146, 278, -4, -224, -82, -146, -180, 
-117, -204, -87, 161, -14, -146, 278, -4, -224, -82, -151, -185, 
-117, -209, -92, 163, -12, -151, 287, 0, -224, -82, -151, -185, 
-117, -209, -92, 163, -12, -151, 287, 0, -224, -82, -151, -185, 
-117, -214, -97, 165, -9, -156, 287, 0, -224, -82, -156, -185, 
-117, -224, -107, 170, -4, -165, 287, 0, -224, -87, -156, -185, 
-126, -214, -87, 170, -19, -151, 297, 0, -214, -78, -146, -180, 
-126, -214, -87, 170, -19, -151, 297, 0, -219, -78, -146, -180, 
-126, -214, -87, 170, -19, -151, 297, 0, -219, -78, -146, -180, 
-126, -219, -92, 173, -17, -156, 297, 0, -219, -78, -146, -180, 
-117, -219, -102, 168, -7, -161, 292, 0, -229, -78, -136, -180, 
-117, -219, -102, 168, -7, -161, 287, 0, -229, -78, -136, -180, 
-117, -219, -102, 168, -7, -161, 283, 0, -224, -78, -136, -180, 
-117, -219, -102, 168, -7, -161, 278, 0, -224, -78, -141, -180, 
-126, -219, -92, 173, -17, -156, 287, 0, -224, -82, -141, -170, 
-126, -219, -92, 173, -17, -156, 287, 0, -224, -82, -136, -170, 
-126, -219, -92, 173, -17, -156, 287, -4, -229, -78, -136, -170, 
-126, -219, -92, 173, -17, -156, 287, -4, -229, -78, -136, -170, 
-126, -219, -92, 173, -17, -156, 297, 0, -239, -87, -146, -180, 
-126, -219, -92, 173, -17, -156, 297, 0, -239, -87, -146, -180, 
-126, -219, -92, 173, -17, -156, 297, 0, -234, -87, -146, -180, 
-126, -219, -92, 173, -17, -156, 292, -4, -234, -87, -146, -180, 
-126, -219, -92, 173, -17, -156, 283, -4, -224, -78, -146, -180, 
-126, -219, -92, 173, -17, -156, 283, -4, -224, -82, -146, -180, 
-126, -219, -92, 173, -17, -156, 283, -4, -229, -82, -146, -180, 
-126, -214, -87, 170, -19, -151, 283, -4, -229, -82, -146, -175, 
-126, -219, -92, 173, -17, -156, 283, -4, -239, -87, -141, -175, 
-126, -224, -97, 175, -14, -161, 283, -4, -239, -82, -141, -175, 
-126, -229, -102, 178, -12, -165, 283, -4, -234, -82, -141, -175, 
-126, -234, -107, 180, -9, -170, 283, -4, -234, -78, -141, -175, 
-126, -229, -102, 178, -12, -165, 283, -9, -234, -87, -141, -185, 
-126, -229, -102, 178, -12, -165, 283, -9, -229, -82, -136, -175, 
-126, -224, -97, 175, -14, -161, 283, -9, -224, -78, -126, -175, 
-126, -224, -97, 175, -14, -161, 283, -9, -224, -73, -126, -175, 
-131, -229, -97, 180, -17, -163, 287, 0, -224, -82, -136, -170, 
-136, -229, -92, 183, -21, -161, 287, 0, -219, -82, -136, -170, 
-141, -234, -92, 187, -24, -163, 287, 4, -219, -78, -136, -170, 
-146, -239, -92, 192, -26, -165, 287, 4, -219, -73, -136, -170, 
-126, -234, -107, 180, -9, -170, 287, -4, -234, -78, -136, -170, 
-112, -219, -107, 165, -2, -163, 287, -4, -234, -87, -141, -165, 
-122, -224, -102, 173, -9, -163, 292, -19, -224, -68, -131, -165, 
-141, -209, -68, 175, -36, -139, 292, -19, -214, -58, -122, -156, 
-146, -204, -58, 175, -43, -131, 292, -9, -214, -58, -117, -156, 
-136, -195, -58, 165, -39, -126, 283, -9, -209, -53, -107, -146, 
-136, -195, -58, 165, -39, -126, 283, -9, -204, -48, -107, -146, 
-136, -195, -58, 165, -39, -126, 283, -9, -200, -43, -107, -146, 
-136, -195, -58, 165, -39, -126, 283, -9, -195, -39, -107, -146, 
-131, -180, -48, 156, -41, -114, 278, -9, -180, -39, -102, -136, 
-131, -175, -43, 153, -43, -109, 278, -9, -175, -34, -97, -131, 
-131, -170, -39, 151, -46, -104, 278, -9, -170, -34, -92, -126, 
-131, -161, -29, 146, -51, -95, 278, -9, -170, -34, -87, -126, 
-126, -156, -29, 141, -48, -92, 287, -9, -180, -39, -97, -126, 
-122, -156, -34, 139, -43, -95, 287, -9, -180, -39, -92, -126, 
-122, -156, -34, 139, -43, -95, 287, -4, -180, -39, -92, -126, 
-122, -156, -34, 139, -43, -95, 287, -4, -180, -39, -92, -131, 
-112, -165, -53, 139, -29, -109, 287, -4, -170, -29, -87, -131, 
-112, -165, -53, 139, -29, -109, 283, -4, -165, -29, -87, -131, 
-112, -161, -48, 136, -31, -104, 268, -9, -165, -19, -87, -126, 
-112, -151, -39, 131, -36, -95, 268, -19, -165, -19, -87, -117, 
-112, -126, -14, 119, -48, -70, 263, -24, -156, -4, -82, -112, 
-112, -117, -4, 114, -53, -61, 258, -29, -156, -4, -73, -107, 
-102, -112, -9, 107, -46, -61, 248, -29, -156, -4, -68, -97, 
-102, -102, 0, 102, -51, -51, 234, -34, -156, 0, -58, -92, 
-107, -97, 9, 102, -58, -43, 214, -34, -156, 4, -53, -87, 
-97, -87, 9, 92, -53, -39, 209, -39, -156, 4, -48, -87, 
-92, -78, 14, 85, -53, -31, 204, -39, -151, 9, -48, -78, 
-87, -68, 19, 78, -53, -24, 195, -34, -146, 19, -39, -73, 
-78, -58, 19, 68, -48, -19, 195, -34, -136, 19, -34, -63, 
-78, -48, 29, 63, -53, -9, 195, -34, -126, 29, -24, -58, 
-68, -39, 29, 53, -48, -4, 195, -34, -122, 29, -19, -53, 
-58, -29, 29, 43, -43, 0, 195, -29, -122, 29, -14, -53, 
-43, -39, 4, 41, -24, -17, 195, -29, -131, 19, -14, -53, 
-43, -48, -4, 46, -19, -26, 200, -24, -131, 29, -14, -53, 
-43, -48, -4, 46, -19, -26, 200, -24, -136, 34, -14, -48, 
-39, -53, -14, 46, -12, -34, 204, -19, -136, 34, -14, -48, 
-39, -73, -34, 56, -2, -53, 200, -9, -131, 24, -34, -58, 
-48, -87, -39, 68, -4, -63, 204, -9, -136, 19, -34, -63, 
-53, -107, -53, 80, 0, -80, 214, -9, -141, 14, -39, -73, 
-68, -122, -53, 95, -7, -87, 219, 0, -151, 0, -43, -78, 
-82, -131, -48, 107, -17, -90, 229, 0, -161, 4, -48, -78, 
-87, -146, -58, 117, -14, -102, 234, 0, -170, -4, -48, -82, 
-97, -165, -68, 131, -14, -117, 239, 0, -180, -14, -53, -97, 
-102, -180, -78, 141, -12, -129, 248, 4, -185, -14, -63, -102, 
-112, -180, -68, 146, -21, -124, 253, 0, -180, -24, -68, -117, 
-117, -195, -78, 156, -19, -136, 258, -9, -185, -24, -73, -117, 
-122, -209, -87, 165, -17, -148, 263, -14, -190, -34, -82, -122, 
-126, -219, -92, 173, -17, -156, 273, -19, -195, -43, -82, -131, 
-126, -244, -117, 185, -4, -180, 287, -14, -204, -48, -87, -146, 
-131, -248, -117, 190, -7, -183, 292, -9, -209, -53, -92, -151, 
-131, -268, -136, 200, 2, -202, 297, 0, -209, -53, -97, -156, 
-131, -268, -136, 200, 2, -202, 302, 14, -219, -58, -102, -161, 
-122, -283, -161, 202, 19, -222, 297, 14, -229, -63, -107, -156, 
-122, -283, -161, 202, 19, -222, 302, 9, -234, -68, -107, -156, 
-126, -292, -165, 209, 19, -229, 302, 9, -244, -73, -112, -165, 
-126, -302, -175, 214, 24, -239, 307, 14, -244, -78, -117, -165, 
-146, -302, -156, 224, 4, -229, 312, 4, -234, -87, -122, -165, 
-136, -307, -170, 222, 17, -239, 312, 9, -234, -87, -126, -170, 
-136, -307, -170, 222, 17, -239, 312, 9, -234, -92, -126, -175, 
-136, -307, -170, 222, 17, -239, 312, 9, -234, -92, -126, -175, 
-131, -312, -180, 222, 24, -246, 317, 19, -234, -92, -126, -175, 
-131, -317, -185, 224, 26, -251, 317, 19, -234, -92, -126, -175, 
-136, -322, -185, 229, 24, -253, 317, 19, -239, -97, -131, -180, 
-136, -322, -185, 229, 24, -253, 322, 19, -239, -97, -131, -180, 
-131, -322, -190, 226, 29, -256, 331, 19, -248, -97, -126, -180, 
-131, -317, -185, 224, 26, -251, 331, 19, -248, -92, -126, -180, 
-131, -317, -185, 224, 26, -251, 326, 19, -248, -92, -122, -185, 
-131, -326, -195, 229, 31, -261, 326, 19, -248, -102, -122, -185, 
-131, -317, -185, 224, 26, -251, 336, 29, -239, -97, -126, -175, 
-131, -312, -180, 222, 24, -246, 341, 29, -234, -92, -126, -175, 
-136, -312, -175, 224, 19, -244, 341, 29, -234, -87, -126, -175, 
-141, -312, -170, 226, 14, -241, 341, 29, -234, -82, -126, -175, 
-131, -317, -185, 224, 26, -251, 341, 34, -234, -82, -117, -165, 
-131, -317, -185, 224, 26, -251, 341, 34, -234, -82, -117, -170, 
-131, -317, -185, 224, 26, -251, 346, 29, -234, -82, -117, -170, 
-131, -317, -185, 224, 26, -251, 346, 29, -234, -82, -117, -170, 
-141, -317, -175, 229, 17, -246, 351, 39, -234, -82, -117, -170, 
-141, -312, -170, 226, 14, -241, 351, 39, -234, -78, -117, -170, 
-141, -312, -170, 226, 14, -241, 351, 39, -234, -78, -117, -170, 
-141, -312, -170, 226, 14, -241, 351, 39, -234, -82, -117, -170, 
-136, -307, -170, 222, 17, -239, 351, 39, -224, -73, -112, -161, 
-131, -302, -170, 217, 19, -236, 351, 39, -224, -68, -107, -156, 
-126, -297, -170, 212, 21, -234, 351, 39, -224, -68, -102, -156, 
-122, -292, -170, 207, 24, -231, 351, 39, -224, -68, -102, -156, 
-107, -283, -175, 195, 34, -229, 351, 48, -214, -68, -102, -165, 
-107, -283, -175, 195, 34, -229, 351, 48, -214, -68, -97, -165, 
-102, -283, -180, 192, 39, -231, 351, 53, -214, -68, -97, -165, 
-97, -283, -185, 190, 43, -234, 351, 53, -214, -68, -97, -165, 
-97, -283, -185, 190, 43, -234, 366, 58, -214, -58, -97, -156, 
-97, -292, -195, 195, 48, -244, 370, 63, -214, -58, -97, -161, 
-97, -292, -195, 195, 48, -244, 380, 63, -214, -63, -97, -161, 
-97, -292, -195, 195, 48, -244, 380, 63, -214, -73, -107, -165, 
-117, -307, -190, 212, 36, -248, 385, 73, -224, -82, -107, -175, 
-126, -317, -190, 222, 31, -253, 390, 82, -219, -97, -117, -175, 
-107, -292, -185, 200, 39, -239, 400, 92, -190, -87, -107, -170, 
-92, -244, -151, 168, 29, -197, 395, 107, -146, -48, -73, -146, 
-92, -200, -107, 146, 7, -153, 390, 97, -82, 9, -34, -107, 
-78, -151, -73, 114, -2, -112, 366, 87, -29, 63, 14, -63, 
-48, -73, -24, 61, -12, -48, 341, 68, 68, 146, 92, -9, 
-24, 0, 24, 12, -24, 12, 326, 78, 214, 283, 195, 63, 
-9, 97, 107, -43, -58, 102, 302, 97, 419, 468, 326, 165, 
9, 209, 200, -109, -95, 204, 263, 122, 649, 668, 492, 287, 
58, 351, 292, -204, -117, 322, 214, 131, 873, 883, 663, 409, 
112, 527, 414, -319, -151, 470, 141, 131, 1122, 1127, 873, 561, 
185, 741, 556, -463, -185, 649, 48, 161, 1424, 1429, 1127, 761, 
273, 956, 683, -614, -204, 819, -73, 180, 1703, 1737, 1381, 971, 
380, 1190, 810, -785, -214, 1000, -224, 156, 1912, 2020, 1615, 1166, 
478, 1420, 941, -949, -231, 1180, -395, 117, 2093, 2274, 1869, 1361, 
556, 1634, 1078, -1095, -261, 1356, -541, 78, 2239, 2522, 2098, 1546, 
639, 1776, 1137, -1207, -248, 1456, -668, 68, 2332, 2718, 2259, 1693, 
717, 1839, 1122, -1278, -202, 1481, -771, 53, 2342, 2786, 2332, 1766, 
751, 1834, 1083, -1293, -165, 1459, -839, 43, 2244, 2742, 2322, 1776, 
756, 1737, 980, -1246, -112, 1359, -849, 58, 2078, 2615, 2244, 1717, 
746, 1522, 775, -1134, -14, 1149, -775, 122, 1854, 2381, 2059, 1576, 
688, 1210, 522, -949, 82, 866, -639, 161, 1542, 2039, 1781, 1351, 
551, 922, 370, -736, 90, 646, -488, 131, 1166, 1629, 1424, 1098, 
405, 644, 239, -524, 82, 441, -336, 78, 780, 1180, 1054, 824, 
283, 405, 122, -344, 80, 263, -209, 39, 463, 814, 741, 570, 
185, 253, 68, -219, 58, 161, -92, 9, 263, 570, 512, 400, 
102, 156, 53, -129, 24, 104, 0, -24, 102, 370, 331, 263, 
4, 78, 73, -41, -34, 75, 63, -82, -112, 175, 175, 136, 
-73, 24, 97, 24, -85, 61, 107, -112, -273, 39, 78, 48, 
-92, 0, 92, 46, -92, 46, 146, -97, -273, 9, 43, 14, 
-78, -14, 63, 46, -70, 24, 175, -53, -209, 34, 43, 4, 
-73, -43, 29, 58, -51, -7, 204, -19, -170, 43, 39, -9, 
-68, -78, -9, 73, -29, -43, 239, 4, -151, 34, 24, -34, 
-63, -102, -39, 82, -12, -70, 268, 43, -117, 43, 19, -48, 
-68, -141, -73, 104, 2, -107, 292, 68, -107, 34, 19, -53, 
-68, -185, -117, 126, 24, -151, 312, 82, -107, 34, 4, -58, 
-48, -204, -156, 126, 53, -180, 331, 92, -97, 24, 0, -63, 
-53, -219, -165, 136, 56, -192, 346, 102, -82, 24, 4, -73, 
-78, -234, -156, 156, 39, -195, 346, 92, -82, 24, 4, -87, 
-82, -244, -161, 163, 39, -202, 356, 92, -87, 19, -9, -92, 
-82, -244, -161, 163, 39, -202, 361, 82, -82, 9, -14, -102, 
-82, -244, -161, 163, 39, -202, 351, 82, -92, 4, -29, -112, 
-82, -244, -161, 163, 39, -202, 356, 87, -102, -9, -34, -122, 
-73, -244, -170, 158, 48, -207, 361, 97, -107, -9, -43, -126, 
-73, -248, -175, 161, 51, -212, 361, 107, -122, -19, -48, -122, 
-78, -268, -190, 173, 56, -229, 366, 97, -126, -34, -43, -112, 
-82, -268, -185, 175, 51, -226, 370, 97, -126, -34, -43, -112, 
-92, -268, -175, 180, 41, -222, 370, 97, -122, -29, -43, -117, 
-97, -273, -175, 185, 39, -224, 370, 107, -122, -29, -43, -122, 
-87, -273, -185, 180, 48, -229, 361, 97, -131, -29, -53, -126, 
-87, -273, -185, 180, 48, -229, 361, 102, -131, -29, -53, -131, 
-92, -273, -180, 183, 43, -226, 361, 102, -126, -29, -58, -131, 
-92, -273, -180, 183, 43, -226, 356, 97, -126, -34, -58, -136, 
-92, -273, -180, 183, 43, -226, 366, 107, -131, -34, -48, -131, 
-87, -278, -190, 183, 51, -234, 370, 107, -131, -34, -53, -131, 
-87, -278, -190, 183, 51, -234, 380, 112, -131, -34, -58, -131, 
-87, -273, -185, 180, 48, -229, 380, 112, -131, -34, -58, -126, 
-97, -273, -175, 185, 39, -224, 370, 117, -126, -34, -58, -131, 
-97, -273, -175, 185, 39, -224, 370, 117, -126, -29, -53, -131, 
-97, -273, -175, 185, 39, -224, 370, 112, -126, -29, -53, -131, 
-97, -273, -175, 185, 39, -224, 370, 112, -122, -29, -53, -131, 
-87, -258, -170, 173, 41, -214, 356, 107, -126, -39, -53, -141, 
-87, -258, -170, 173, 41, -214, 356, 107, -126, -39, -53, -141, 
-87, -258, -170, 173, 41, -214, 356, 107, -126, -34, -53, -141, 
-87, -258, -170, 173, 41, -214, 356, 107, -122, -34, -48, -141, 
-82, -258, -175, 170, 46, -217, 366, 107, -117, -24, -43, -136, 
-78, -253, -175, 165, 48, -214, 366, 107, -117, -19, -39, -131, 
-73, -253, -180, 163, 53, -217, 366, 107, -117, -19, -29, -126, 
-68, -253, -185, 161, 58, -219, 366, 107, -107, -19, -24, -122, 
-73, -253, -180, 163, 53, -217, 366, 117, -107, -14, -34, -122, 
-78, -253, -175, 165, 48, -214, 366, 122, -107, -9, -24, -122, 
-78, -253, -175, 165, 48, -214, 366, 122, -102, -9, -19, -122, 
-82, -253, -170, 168, 43, -212, 366, 122, -97, -4, -19, -117, 
-92, -253, -161, 173, 34, -207, 366, 122, -82, -4, -19, -107, 
-97, -253, -156, 175, 29, -204, 366, 122, -82, 0, -14, -107, 
-102, -253, -151, 178, 24, -202, 366, 122, -78, 0, -14, -107, 
-102, -253, -151, 178, 24, -202, 366, 122, -73, 4, -14, -107, 
-87, -244, -156, 165, 34, -200, 361, 112, -82, 4, -24, -112, 
-82, -239, -156, 161, 36, -197, 356, 112, -78, 4, -24, -112, 
-78, -229, -151, 153, 36, -190, 351, 117, -73, 14, -14, -107, 
-73, -224, -151, 148, 39, -187, 351, 117, -68, 19, -14, -107, 
-82, -234, -151, 158, 34, -192, 361, 112, -63, 9, -9, -117, 
-78, -239, -161, 158, 41, -200, 361, 117, -58, 9, -9, -117, 
-68, -244, -175, 156, 53, -209, 356, 117, -53, 9, -9, -112, 
-68, -234, -165, 151, 48, -200, 356, 117, -48, 19, 0, -107, 
-82, -234, -151, 158, 34, -192, 356, 126, -34, 24, -4, -97, 
-82, -234, -151, 158, 34, -192, 356, 126, -24, 29, -4, -97, 
-78, -234, -156, 156, 39, -195, 356, 126, -19, 34, -4, -97, 
-73, -239, -165, 156, 46, -202, 356, 126, -14, 34, 0, -102, 
-78, -229, -151, 153, 36, -190, 356, 141, -9, 39, 14, -102, 
-82, -219, -136, 151, 26, -178, 356, 141, -4, 48, 19, -87, 
-92, -219, -126, 156, 17, -173, 356, 141, 0, 53, 24, -82, 
-97, -219, -122, 158, 12, -170, 356, 141, 4, 53, 24, -82, 
-92, -209, -117, 151, 12, -163, 351, 131, 14, 48, 14, -73, 
-82, -200, -117, 141, 17, -158, 351, 131, 24, 53, 14, -73, 
-78, -195, -117, 136, 19, -156, 346, 141, 29, 58, 24, -63, 
-68, -185, -117, 126, 24, -151, 346, 141, 34, 63, 29, -63, 
-63, -190, -126, 126, 31, -158, 336, 146, 43, 73, 39, -58, 
-63, -180, -117, 122, 26, -148, 336, 151, 53, 87, 48, -53, 
-63, -170, -107, 117, 21, -139, 336, 151, 63, 97, 58, -48, 
-58, -165, -107, 112, 24, -136, 336, 156, 73, 112, 68, -43, 
-68, -175, -107, 122, 19, -141, 346, 165, 87, 122, 82, -34, 
-63, -170, -107, 117, 21, -139, 346, 170, 107, 131, 92, -29, 
-63, -165, -102, 114, 19, -134, 346, 170, 122, 146, 97, -24, 
-58, -161, -102, 109, 21, -131, 346, 175, 141, 161, 107, -19, 
-43, -146, -102, 95, 29, -124, 336, 165, 136, 170, 107, -9, 
-43, -126, -82, 85, 19, -104, 336, 165, 151, 180, 117, -4, 
-34, -117, -82, 75, 24, -100, 336, 175, 156, 190, 117, 0, 
-43, -97, -53, 70, 4, -75, 336, 175, 170, 200, 131, 4, 
-43, -87, -43, 65, 0, -65, 326, 180, 185, 209, 131, 4, 
-39, -78, -39, 58, 0, -58, 326, 185, 200, 214, 141, 9, 
-29, -78, -48, 53, 9, -63, 322, 195, 214, 219, 156, 19, 
-24, -78, -53, 51, 14, -65, 317, 200, 229, 229, 165, 29, 
-19, -73, -53, 46, 17, -63, 326, 204, 253, 248, 170, 43, 
-19, -68, -48, 43, 14, -58, 326, 204, 268, 258, 180, 53, 
-19, -58, -39, 39, 9, -48, 322, 204, 287, 273, 190, 63, 
-19, -48, -29, 34, 4, -39, 322, 209, 302, 283, 200, 68, 
-4, -43, -39, 24, 17, -41, 307, 219, 307, 287, 209, 63, 
-4, -29, -24, 17, 9, -26, 307, 219, 322, 297, 219, 78, 
-4, -19, -14, 12, 4, -17, 307, 219, 336, 307, 229, 87, 
-4, -19, -14, 12, 4, -17, 297, 224, 351, 312, 239, 92, 
14, 0, -14, -7, 14, -7, 287, 214, 351, 326, 244, 87, 
14, 9, -4, -12, 9, 2, 283, 214, 366, 336, 253, 92, 
19, 14, -4, -17, 12, 4, 283, 224, 380, 346, 263, 102, 
19, 24, 4, -21, 7, 14, 283, 224, 390, 361, 273, 117, 
19, 43, 24, -31, -2, 34, 287, 224, 409, 366, 283, 131, 
24, 63, 39, -43, -7, 51, 283, 224, 419, 380, 292, 136, 
34, 73, 39, -53, -2, 56, 283, 224, 429, 385, 292, 141, 
34, 78, 43, -56, -4, 61, 287, 224, 439, 395, 307, 151, 
19, 78, 58, -48, -19, 68, 287, 229, 434, 400, 307, 151, 
19, 87, 68, -53, -24, 78, 283, 234, 439, 405, 307, 156, 
29, 92, 63, -61, -17, 78, 278, 239, 448, 405, 307, 165, 
29, 102, 73, -65, -21, 87, 278, 244, 458, 405, 317, 165, 
43, 117, 73, -80, -14, 95, 268, 234, 463, 419, 322, 161, 
48, 126, 78, -87, -14, 102, 263, 234, 468, 419, 326, 165, 
48, 136, 87, -92, -19, 112, 263, 234, 473, 424, 331, 170, 
43, 136, 92, -90, -24, 114, 258, 234, 473, 429, 331, 170, 
53, 131, 78, -92, -12, 104, 258, 234, 483, 444, 341, 180, 
58, 136, 78, -97, -9, 107, 258, 234, 483, 444, 351, 185, 
58, 141, 82, -100, -12, 112, 253, 234, 483, 448, 356, 190, 
53, 141, 87, -97, -17, 114, 253, 229, 473, 448, 361, 195, 
43, 136, 92, -90, -24, 114, 263, 234, 483, 453, 366, 209, 
43, 131, 87, -87, -21, 109, 263, 229, 473, 453, 366, 209, 
43, 131, 87, -87, -21, 109, 258, 229, 463, 448, 361, 204, 
43, 136, 92, -90, -24, 114, 258, 219, 448, 448, 356, 200, 
34, 126, 92, -80, -29, 109, 253, 214, 434, 429, 346, 195, 
34, 117, 82, -75, -24, 100, 253, 204, 405, 419, 336, 185, 
34, 102, 68, -68, -17, 85, 253, 204, 385, 395, 322, 170, 
24, 97, 73, -61, -24, 85, 258, 195, 366, 385, 307, 165, 
24, 82, 58, -53, -17, 70, 258, 185, 331, 366, 297, 146, 
14, 68, 53, -41, -19, 61, 258, 180, 307, 346, 283, 131, 
9, 58, 48, -34, -19, 53, 263, 175, 287, 326, 273, 117, 
9, 39, 29, -24, -9, 34, 263, 165, 253, 307, 248, 102, 
14, 29, 14, -21, 0, 21, 253, 161, 239, 297, 244, 97, 
4, 19, 14, -12, -4, 17, 253, 156, 219, 287, 234, 92, 
0, 4, 4, -2, -2, 4, 258, 156, 200, 273, 219, 82, 
-4, -4, 0, 4, -2, -2, 268, 151, 180, 263, 204, 68, 
-9, -24, -14, 17, 2, -19, 268, 146, 146, 229, 190, 68, 
-19, -39, -19, 29, 0, -29, 268, 141, 117, 214, 175, 58, 
-24, -58, -34, 41, 4, -46, 268, 126, 92, 200, 165, 48, 
-29, -78, -48, 53, 9, -63, 268, 126, 73, 180, 151, 29, 
-19, -82, -63, 51, 21, -73, 263, 122, 58, 161, 131, 19, 
-29, -92, -63, 61, 17, -78, 268, 122, 39, 151, 122, 14, 
-39, -102, -63, 70, 12, -82, 268, 122, 29, 141, 107, 4, 
-39, -112, -73, 75, 17, -92, 268, 117, 19, 126, 92, -9, 
-43, -131, -87, 87, 21, -109, 278, 107, -4, 117, 78, -24, 
-58, -146, -87, 102, 14, -117, 283, 107, -14, 102, 73, -29, 
-58, -161, -102, 109, 21, -131, 283, 102, -29, 92, 68, -34, 
-58, -165, -107, 112, 24, -136, 283, 97, -39, 92, 53, -43, 
-58, -170, -112, 114, 26, -141, 283, 92, -53, 63, 53, -53, 
-63, -180, -117, 122, 26, -148, 292, 92, -73, 53, 43, -63, 
-63, -190, -126, 126, 31, -158, 292, 87, -92, 43, 34, -68, 
-63, -190, -126, 126, 31, -158, 292, 87, -102, 39, 24, -68, 
-58, -209, -151, 134, 46, -180, 287, 102, -107, 39, 19, -87, 
-63, -209, -146, 136, 41, -178, 287, 102, -102, 34, 19, -97, 
-58, -224, -165, 141, 53, -195, 287, 97, -102, 34, 19, -97, 
-53, -229, -175, 141, 61, -202, 287, 97, -107, 29, 14, -97, 
-58, -234, -175, 146, 58, -204, 292, 87, -117, 19, 0, -87, 
-68, -234, -165, 151, 48, -200, 292, 87, -126, 19, -4, -92, 
-73, -239, -165, 156, 46, -202, 292, 87, -136, 14, -4, -97, 
-78, -239, -161, 158, 41, -200, 297, 87, -141, 14, -9, -97, 
-78, -234, -156, 156, 39, -195, 287, 87, -141, 14, 0, -97, 
-82, -229, -146, 156, 31, -187, 287, 87, -141, 14, -4, -97, 
-82, -224, -141, 153, 29, -183, 287, 87, -146, 14, -4, -97, 
-82, -224, -141, 153, 29, -183, 287, 87, -146, 14, -9, -102, 
-82, -224, -141, 153, 29, -183, 278, 78, -146, 9, -19, -112, 
-87, -224, -136, 156, 24, -180, 283, 78, -146, 9, -14, -112, 
-87, -224, -136, 156, 24, -180, 283, 78, -151, 9, -14, -112, 
-82, -229, -146, 156, 31, -187, 283, 73, -151, 9, -19, -112, 
-73, -239, -165, 156, 46, -202, 287, 73, -151, 0, -29, -126, 
-73, -239, -165, 156, 46, -202, 287, 73, -156, -4, -34, -126, 
-73, -239, -165, 156, 46, -202, 287, 73, -156, -4, -34, -126, 
-73, -239, -165, 156, 46, -202, 287, 73, -151, -4, -34, -126, 
-78, -253, -175, 165, 48, -214, 292, 87, -141, 4, -29, -122, 
-78, -253, -175, 165, 48, -214, 292, 87, -146, 4, -24, -117, 
-73, -253, -180, 163, 53, -217, 287, 87, -146, 9, -19, -117, 
-73, -253, -180, 163, 53, -217, 287, 87, -146, 9, -9, -112, 
-63, -239, -175, 151, 56, -207, 287, 87, -156, 4, 0, -117, 
-63, -239, -175, 151, 56, -207, 287, 87, -156, 4, 0, -117, 
-63, -234, -170, 148, 53, -202, 287, 87, -156, 4, 0, -117, 
-68, -229, -161, 148, 46, -195, 287, 87, -156, 4, -4, -117, 
-68, -239, -170, 153, 51, -204, 278, 78, -156, -4, -14, -126, 
-73, -239, -165, 156, 46, -202, 278, 78, -156, -4, -14, -126, 
-73, -239, -165, 156, 46, -202, 278, 78, -156, -4, -14, -122, 
-73, -234, -161, 153, 43, -197, 278, 78, -151, -4, -14, -122, 
-82, -234, -151, 158, 34, -192, 283, 78, -161, -4, -9, -112, 
-82, -234, -151, 158, 34, -192, 283, 78, -165, -4, -9, -122, 
-82, -239, -156, 161, 36, -197, 283, 78, -165, -4, -9, -122, 
-82, -239, -156, 161, 36, -197, 287, 78, -161, -4, -9, -122, 
-78, -248, -170, 163, 46, -209, 278, 87, -151, -4, -9, -122, 
-78, -248, -170, 163, 46, -209, 278, 87, -151, -4, -9, -117, 
-73, -248, -175, 161, 51, -212, 278, 87, -151, -4, -9, -117, 
-73, -253, -180, 163, 53, -217, 278, 92, -151, -4, -9, -117, 
-73, -244, -170, 158, 48, -207, 287, 82, -151, -4, -19, -126, 
-73, -244, -170, 158, 48, -207, 287, 82, -151, -4, -19, -131, 
-73, -244, -170, 158, 48, -207, 287, 82, -151, -4, -19, -131, 
-73, -239, -165, 156, 46, -202, 287, 82, -151, -4, -19, -131, 
-73, -239, -165, 156, 46, -202, 287, 82, -161, -14, -24, -136, 
-73, -239, -165, 156, 46, -202, 287, 82, -161, -9, -24, -136, 
-73, -239, -165, 156, 46, -202, 292, 82, -161, -9, -19, -136, 
-73, -239, -165, 156, 46, -202, 292, 87, -151, -9, -19, -136, 
-63, -248, -185, 156, 61, -217, 283, 87, -151, -4, -4, -126, 
-63, -253, -190, 158, 63, -222, 278, 82, -151, 0, 0, -126, 
-63, -253, -190, 158, 63, -222, 273, 82, -151, 4, 4, -126, 
-58, -253, -195, 156, 68, -224, 268, 82, -151, 9, 14, -122, 
-73, -253, -180, 163, 53, -217, 278, 92, -151, 19, 14, -117, 
-82, -253, -170, 168, 43, -212, 278, 92, -151, 24, 14, -112, 
-87, -248, -161, 168, 36, -204, 278, 92, -151, 24, 14, -107, 
-87, -248, -161, 168, 36, -204, 278, 92, -151, 29, 14, -102, 
-73, -244, -170, 158, 48, -207, 278, 82, -151, 24, 4, -107, 
-73, -239, -165, 156, 46, -202, 278, 82, -151, 19, 0, -112, 
-78, -234, -156, 156, 39, -195, 283, 82, -151, 14, -9, -117, 
-78, -229, -151, 153, 36, -190, 283, 82, -151, 14, -14, -122, 
-73, -239, -165, 156, 46, -202, 283, 92, -151, 14, -9, -117, 
-73, -234, -161, 153, 43, -197, 283, 92, -146, 14, -4, -117, 
-78, -234, -156, 156, 39, -195, 283, 92, -146, 14, 4, -122, 
-78, -234, -156, 156, 39, -195, 278, 92, -146, 14, 14, -122, 
-68, -239, -170, 153, 51, -204, 268, 92, -136, 24, 14, -107, 
-68, -239, -170, 153, 51, -204, 268, 92, -141, 24, 14, -102, 
-68, -239, -170, 153, 51, -204, 268, 92, -141, 24, 19, -102, 
-68, -244, -175, 156, 53, -209, 268, 92, -141, 29, 19, -102, 
-78, -234, -156, 156, 39, -195, 268, 82, -151, 19, 14, -112, 
-82, -234, -151, 158, 34, -192, 268, 82, -146, 24, 9, -107, 
-87, -234, -146, 161, 29, -190, 273, 82, -146, 24, 4, -107, 
-87, -234, -146, 161, 29, -190, 273, 82, -146, 24, 0, -112, 
-73, -234, -161, 153, 43, -197, 268, 82, -156, 14, 0, -122, 
-68, -234, -165, 151, 48, -200, 263, 82, -156, 19, 0, -117, 
-68, -229, -161, 148, 46, -195, 263, 82, -156, 19, 0, -117, 
-68, -229, -161, 148, 46, -195, 263, 82, -156, 14, 0, -117, 
-78, -229, -151, 153, 36, -190, 273, 92, -151, 19, 4, -112, 
-78, -229, -151, 153, 36, -190, 273, 92, -146, 24, 9, -107, 
-78, -229, -151, 153, 36, -190, 278, 92, -141, 29, 14, -102, 
-78, -229, -151, 153, 36, -190, 278, 92, -136, 39, 19, -97, 
-68, -234, -165, 151, 48, -200, 268, 92, -136, 48, 24, -97, 
-68, -239, -170, 153, 51, -204, 263, 92, -136, 43, 24, -97, 
-68, -244, -175, 156, 53, -209, 263, 92, -136, 43, 24, -97, 
-68, -248, -180, 158, 56, -214, 258, 92, -141, 43, 19, -97, 
-58, -239, -180, 148, 61, -209, 268, 102, -151, 43, 19, -87, 
-58, -239, -180, 148, 61, -209, 268, 102, -146, 43, 19, -87, 
-63, -244, -180, 153, 58, -212, 268, 102, -146, 43, 19, -87, 
-63, -244, -180, 153, 58, -212, 268, 102, -156, 43, 19, -87, 
-58, -253, -195, 156, 68, -224, 258, 92, -156, 29, 9, -92, 
-58, -253, -195, 156, 68, -224, 258, 92, -156, 29, 9, -102, 
-58, -253, -195, 156, 68, -224, 253, 92, -156, 29, 9, -107, 
-58, -248, -190, 153, 65, -219, 253, 92, -156, 29, 9, -107, 
-68, -248, -180, 158, 56, -214, 253, 82, -156, 29, 4, -117, 
-68, -248, -180, 158, 56, -214, 253, 82, -161, 24, 0, -117, 
-68, -248, -180, 158, 56, -214, 258, 82, -161, 19, -4, -117, 
-68, -248, -180, 158, 56, -214, 258, 82, -161, 14, -9, -117, 
-58, -248, -190, 153, 65, -219, 258, 73, -161, 14, -9, -117, 
-58, -253, -195, 156, 68, -224, 258, 73, -161, 14, -9, -117, 
-68, -253, -185, 161, 58, -219, 258, 73, -161, 14, -9, -117, 
-68, -253, -185, 161, 58, -219, 258, 73, -165, 9, -9, -122, 
-73, -239, -165, 156, 46, -202, 268, 82, -165, 19, 0, -112, 
-68, -239, -170, 153, 51, -204, 268, 82, -165, 24, 0, -112, 
-68, -244, -175, 156, 53, -209, 268, 82, -170, 24, 0, -112, 
-68, -244, -175, 156, 53, -209, 268, 78, -170, 19, 0, -112, 
-68, -239, -170, 153, 51, -204, 258, 78, -170, 24, 9, -112, 
-68, -239, -170, 153, 51, -204, 258, 78, -170, 24, 9, -112, 
-68, -234, -165, 151, 48, -200, 258, 73, -175, 24, 9, -112, 
-68, -234, -165, 151, 48, -200, 258, 73, -175, 24, 4, -117, 
-58, -244, -185, 151, 63, -214, 258, 78, -175, 14, -4, -117, 
-58, -239, -180, 148, 61, -209, 258, 78, -175, 14, -4, -117, 
-58, -239, -180, 148, 61, -209, 258, 78, -175, 14, -9, -117, 
-58, -244, -185, 151, 63, -214, 258, 78, -175, 9, -9, -117, 
-58, -244, -185, 151, 63, -214, 258, 87, -175, 19, 0, -122, 
-58, -244, -185, 151, 63, -214, 258, 87, -180, 19, 0, -122, 
-58, -244, -185, 151, 63, -214, 258, 87, -180, 19, 0, -122, 
-58, -248, -190, 153, 65, -219, 258, 87, -180, 19, 0, -122, 
-58, -258, -200, 158, 70, -229, 258, 78, -180, 14, -9, -131, 
-58, -258, -200, 158, 70, -229, 258, 78, -180, 9, -9, -131, 
-58, -258, -200, 158, 70, -229, 258, 78, -175, 4, -9, -131, 
-58, -258, -200, 158, 70, -229, 258, 78, -175, 0, -14, -131, 
-68, -258, -190, 163, 61, -224, 258, 68, -180, 4, -24, -141, 
-68, -258, -190, 163, 61, -224, 258, 68, -185, 4, -19, -141, 
-68, -258, -190, 163, 61, -224, 258, 63, -195, 9, -19, -141, 
-68, -258, -190, 163, 61, -224, 258, 63, -200, 9, -19, -141, 
-58, -248, -190, 153, 65, -219, 248, 68, -200, 4, -29, -141, 
-58, -248, -190, 153, 65, -219, 248, 68, -200, 0, -29, -141, 
-58, -248, -190, 153, 65, -219, 248, 68, -195, -4, -29, -141, 
-58, -248, -190, 153, 65, -219, 244, 63, -195, -9, -29, -141, 
-58, -248, -190, 153, 65, -219, 234, 73, -204, -9, -29, -141, 
-58, -248, -190, 153, 65, -219, 234, 73, -204, -14, -29, -141, 
-58, -248, -190, 153, 65, -219, 234, 73, -209, -14, -29, -141, 
-58, -244, -185, 151, 63, -214, 234, 73, -209, -14, -29, -136, 
-68, -244, -175, 156, 53, -209, 239, 73, -204, 0, -14, -126, 
-68, -244, -175, 156, 53, -209, 244, 73, -200, 4, -14, -126, 
-68, -244, -175, 156, 53, -209, 248, 73, -190, 4, -14, -126, 
-68, -244, -175, 156, 53, -209, 253, 73, -185, 9, -14, -126, 
-58, -224, -165, 141, 53, -195, 253, 68, -175, 29, 4, -117, 
-48, -185, -136, 117, 43, -161, 234, 68, -175, 29, 0, -117, 
-48, -170, -122, 109, 36, -146, 224, 58, -165, 29, 9, -107, 
-48, -165, -117, 107, 34, -141, 224, 58, -165, 29, 9, -107, 
-48, -161, -112, 104, 31, -136, 224, 58, -165, 29, 9, -107, 
-48, -156, -107, 102, 29, -131, 224, 58, -165, 29, 9, -107, 
-43, -165, -122, 104, 39, -143, 239, 68, -151, 29, 9, -107, 
-43, -165, -122, 104, 39, -143, 239, 68, -146, 34, 9, -102, 
-43, -165, -122, 104, 39, -143, 239, 68, -141, 34, 9, -97, 
-43, -161, -117, 102, 36, -139, 239, 68, -141, 34, 9, -97, 
-43, -146, -102, 95, 29, -124, 239, 68, -141, 39, 0, -97, 
-43, -146, -102, 95, 29, -124, 239, 68, -141, 39, 4, -97, 
-48, -146, -97, 97, 24, -122, 239, 73, -141, 39, 4, -97, 
-53, -146, -92, 100, 19, -119, 239, 73, -141, 39, 4, -102, 
-43, -141, -97, 92, 26, -119, 234, 63, -151, 29, 9, -102, 
-43, -136, -92, 90, 24, -114, 224, 63, -146, 29, 9, -102, 
-43, -126, -82, 85, 19, -104, 204, 58, -146, 39, 9, -97, 
-43, -112, -68, 78, 12, -90, 200, 48, -146, 39, 9, -87, 
-53, -102, -48, 78, -2, -75, 185, 34, -136, 53, 14, -78, 
-53, -97, -43, 75, -4, -70, 180, 29, -136, 53, 24, -78, 
-43, -97, -53, 70, 4, -75, 170, 29, -136, 53, 29, -73, 
-43, -92, -48, 68, 2, -70, 156, 24, -136, 58, 39, -73, 
-24, -87, -63, 56, 19, -75, 156, 34, -141, 58, 34, -78, 
-9, -78, -68, 43, 29, -73, 151, 29, -146, 53, 39, -78, 
0, -68, -68, 34, 34, -68, 146, 29, -146, 53, 39, -68, 
9, -58, -68, 24, 39, -63, 136, 34, -146, 58, 48, -63, 
9, -39, -48, 14, 29, -43, 136, 34, -131, 73, 63, -43, 
9, -29, -39, 9, 24, -34, 136, 34, -117, 87, 73, -39, 
19, -19, -39, 0, 29, -29, 136, 34, -107, 92, 78, -34, 
29, -9, -39, -9, 34, -24, 136, 39, -102, 97, 82, -34, 
34, -29, -63, -2, 48, -46, 136, 39, -107, 92, 78, -43, 
34, -39, -73, 2, 53, -56, 141, 43, -112, 97, 73, -43, 
34, -39, -73, 2, 53, -56, 141, 43, -122, 97, 68, -39, 
39, -43, -82, 2, 61, -63, 146, 48, -126, 92, 63, -39, 
29, -53, -82, 12, 56, -68, 146, 39, -136, 78, 48, -43, 
19, -68, -87, 24, 53, -78, 146, 39, -146, 68, 43, -53, 
14, -87, -102, 36, 58, -95, 151, 39, -156, 58, 34, -68, 
0, -102, -102, 51, 51, -102, 151, 48, -170, 39, 24, -78, 
-4, -122, -117, 63, 56, -119, 161, 48, -170, 34, 4, -97, 
-9, -136, -126, 73, 58, -131, 165, 48, -180, 24, 0, -102, 
-19, -156, -136, 87, 58, -146, 170, 48, -190, 14, -9, -117, 
-24, -170, -146, 97, 61, -158, 180, 53, -195, 14, -24, -122, 
-24, -170, -146, 97, 61, -158, 195, 63, -190, 14, -24, -131, 
-29, -185, -156, 107, 63, -170, 200, 58, -195, 14, -24, -126, 
-34, -200, -165, 117, 65, -183, 204, 58, -200, 4, -29, -126, 
-39, -209, -170, 124, 65, -190, 214, 58, -204, -4, -24, -131, 
-48, -224, -175, 136, 63, -200, 229, 48, -214, 0, -19, -136, 
-53, -229, -175, 141, 61, -202, 234, 48, -219, -4, -24, -141, 
-53, -248, -195, 151, 70, -222, 239, 53, -219, -4, -29, -146, 
-53, -248, -195, 151, 70, -222, 244, 63, -229, -9, -34, -151, 
-43, -258, -214, 151, 85, -236, 244, 53, -229, -24, -48, -165, 
-43, -253, -209, 148, 82, -231, 244, 48, -234, -29, -48, -165, 
-48, -258, -209, 153, 80, -234, 239, 48, -244, -34, -53, -175, 
-48, -263, -214, 156, 82, -239, 239, 53, -244, -39, -58, -175, 
-58, -273, -214, 165, 78, -244, 244, 63, -234, -29, -63, -175, 
-48, -278, -229, 163, 90, -253, 244, 68, -234, -29, -68, -180, 
-48, -278, -229, 163, 90, -253, 244, 68, -234, -34, -68, -185, 
-48, -278, -229, 163, 90, -253, 244, 68, -234, -34, -68, -185, 
-53, -292, -239, 173, 92, -265, 248, 68, -234, -43, -58, -180, 
-53, -297, -244, 175, 95, -270, 248, 68, -234, -43, -58, -175, 
-58, -302, -244, 180, 92, -273, 248, 68, -239, -48, -63, -175, 
-58, -302, -244, 180, 92, -273, 253, 68, -239, -48, -63, -170, 
-68, -312, -244, 190, 87, -278, 263, 73, -239, -39, -68, -180, 
-73, -307, -234, 190, 80, -270, 263, 78, -239, -34, -68, -180, 
-78, -307, -229, 192, 75, -268, 258, 82, -239, -34, -63, -185, 
-82, -317, -234, 200, 75, -275, 258, 87, -239, -43, -63, -185, 
-78, -307, -229, 192, 75, -268, 258, 87, -239, -34, -68, -185, 
-73, -302, -229, 187, 78, -265, 263, 87, -234, -34, -68, -185, 
-73, -302, -229, 187, 78, -265, 263, 87, -234, -34, -68, -185, 
-73, -302, -229, 187, 78, -265, 263, 87, -234, -34, -68, -185, 
-73, -297, -224, 185, 75, -261, 263, 82, -234, -43, -78, -185, 
-73, -297, -224, 185, 75, -261, 263, 82, -234, -43, -78, -190, 
-73, -297, -224, 185, 75, -261, 268, 78, -234, -43, -78, -190, 
-73, -297, -224, 185, 75, -261, 268, 78, -234, -43, -78, -190, 
-63, -297, -234, 180, 85, -265, 253, 78, -234, -43, -78, -190, 
-63, -292, -229, 178, 82, -261, 253, 78, -234, -39, -78, -190, 
-63, -292, -229, 178, 82, -261, 253, 78, -234, -39, -78, -190, 
-63, -292, -229, 178, 82, -261, 253, 78, -234, -43, -78, -190, 
-63, -292, -229, 178, 82, -261, 253, 78, -234, -53, -87, -190, 
-63, -292, -229, 178, 82, -261, 253, 78, -234, -48, -87, -185, 
-63, -292, -229, 178, 82, -261, 253, 78, -234, -48, -87, -185, 
-63, -292, -229, 178, 82, -261, 253, 78, -234, -48, -92, -185, 
-68, -283, -214, 175, 73, -248, 253, 78, -234, -39, -82, -175, 
-78, -283, -204, 180, 63, -244, 253, 78, -234, -39, -78, -175, 
-82, -283, -200, 183, 58, -241, 253, 82, -234, -39, -78, -175, 
-87, -283, -195, 185, 53, -239, 253, 82, -234, -39, -78, -175, 
-87, -287, -200, 187, 56, -244, 258, 87, -234, -43, -82, -185, 
-87, -302, -214, 195, 63, -258, 263, 92, -234, -48, -87, -190, 
-87, -307, -219, 197, 65, -263, 273, 92, -234, -58, -92, -190, 
-87, -312, -224, 200, 68, -268, 273, 92, -234, -73, -107, -195, 
-78, -326, -248, 202, 85, -287, 278, 92, -244, -63, -107, -204, 
-87, -326, -239, 207, 75, -283, 283, 102, -229, -58, -97, -195, 
-97, -312, -214, 204, 58, -263, 302, 112, -190, -39, -78, -180, 
-92, -283, -190, 187, 48, -236, 297, 117, -136, -9, -53, -156, 
-82, -229, -146, 156, 31, -187, 273, 107, -63, 58, 4, -126, 
-68, -170, -102, 119, 17, -136, 248, 107, 29, 131, 73, -82, 
-39, -92, -53, 65, 7, -73, 224, 107, 146, 244, 151, -9, 
-24, 0, 24, 12, -24, 12, 209, 126, 331, 419, 283, 92, 
0, 117, 117, -58, -58, 117, 195, 165, 546, 624, 444, 214, 
39, 258, 219, -148, -90, 239, 165, 190, 775, 834, 610, 336, 
97, 419, 322, -258, -112, 370, 107, 190, 1019, 1078, 800, 478, 
161, 605, 444, -383, -141, 524, 24, 209, 1298, 1361, 1029, 658, 
244, 819, 575, -531, -165, 697, -78, 219, 1581, 1644, 1293, 858, 
341, 1044, 702, -692, -180, 873, -209, 219, 1839, 1922, 1537, 1058, 
439, 1278, 839, -858, -200, 1058, -370, 185, 2078, 2205, 1781, 1263, 
527, 1507, 980, -1017, -226, 1244, -551, 136, 2239, 2469, 2025, 1459, 
605, 1693, 1088, -1149, -241, 1390, -697, 97, 2337, 2708, 2235, 1634, 
658, 1825, 1166, -1241, -253, 1495, -814, 87, 2400, 2874, 2376, 1761, 
707, 1878, 1171, -1293, -231, 1525, -897, 73, 2381, 2923, 2440, 1825, 
751, 1864, 1112, -1307, -180, 1488, -956, 63, 2244, 2859, 2410, 1834, 
775, 1737, 961, -1256, -92, 1349, -946, 87, 2049, 2703, 2303, 1766, 
756, 1473, 717, -1115, 19, 1095, -844, 141, 1795, 2440, 2088, 1595, 
658, 1161, 502, -910, 78, 832, -707, 141, 1434, 2049, 1771, 1332, 
522, 854, 331, -688, 95, 592, -566, 92, 1019, 1571, 1366, 1039, 
366, 575, 209, -470, 78, 392, -414, 48, 653, 1112, 995, 746, 
234, 356, 122, -295, 56, 239, -278, 29, 385, 775, 702, 512, 
146, 224, 78, -185, 34, 151, -190, 0, 195, 541, 483, 341, 
73, 126, 53, -100, 9, 90, -117, -34, -14, 322, 283, 195, 
-4, 48, 53, -21, -29, 51, -53, -82, -229, 126, 117, 68, 
-63, 14, 78, 24, -70, 46, -9, -102, -341, 29, 39, 0, 
-82, 9, 92, 36, -87, 51, 29, -68, -292, 39, 43, 4, 
-68, -4, 63, 36, -65, 29, 78, -24, -239, 63, 43, -4, 
-63, -53, 9, 58, -36, -21, 107, 0, -229, 34, 19, -39, 
-58, -107, -48, 82, -4, -78, 131, 24, -200, 14, -4, -73, 
-53, -151, -97, 102, 21, -124, 170, 63, -165, 14, -9, -87, 
-58, -190, -131, 124, 36, -161, 195, 78, -156, 24, -9, -92, 
-58, -224, -165, 141, 53, -195, 204, 82, -146, 24, -14, -97, 
-58, -244, -185, 151, 63, -214, 214, 92, -136, 34, -9, -102, 
-73, -258, -185, 165, 56, -222, 219, 102, -131, 43, -4, -102, 
-87, -273, -185, 180, 48, -229, 219, 102, -141, 43, -14, -107, 
-92, -283, -190, 187, 48, -236, 219, 102, -136, 19, -48, -112, 
-92, -283, -190, 187, 48, -236, 224, 102, -141, 9, -53, -122, 
-92, -283, -190, 187, 48, -236, 234, 102, -141, 4, -58, -122, 
-92, -283, -190, 187, 48, -236, 239, 97, -151, 0, -63, -131, 
-102, -283, -180, 192, 39, -231, 244, 97, -165, -19, -63, -136, 
-102, -287, -185, 195, 41, -236, 244, 97, -180, -29, -78, -141, 
-92, -287, -195, 190, 51, -241, 248, 97, -185, -34, -82, -151, 
-92, -287, -195, 190, 51, -241, 253, 97, -185, -34, -82, -151, 
-97, -287, -190, 192, 46, -239, 253, 97, -180, -29, -82, -156, 
-97, -292, -195, 195, 48, -244, 253, 107, -180, -29, -82, -161, 
-97, -297, -200, 197, 51, -248, 253, 107, -180, -29, -92, -161, 
-97, -302, -204, 200, 53, -253, 253, 112, -180, -29, -92, -161, 
-102, -307, -204, 204, 51, -256, 253, 112, -175, -29, -97, -156, 
-102, -312, -209, 207, 53, -261, 248, 107, -175, -34, -97, -156, 
-112, -302, -190, 207, 39, -246, 248, 117, -170, -34, -92, -161, 
-107, -307, -200, 207, 46, -253, 253, 117, -170, -34, -92, -161, 
-107, -307, -200, 207, 46, -253, 263, 122, -170, -34, -92, -161, 
-107, -302, -195, 204, 43, -248, 263, 122, -170, -34, -87, -156, 
-97, -302, -204, 200, 53, -253, 258, 117, -165, -24, -87, -151, 
-97, -302, -204, 200, 53, -253, 253, 117, -165, -19, -82, -151, 
-97, -302, -204, 200, 53, -253, 248, 112, -165, -19, -82, -151, 
-97, -302, -204, 200, 53, -253, 244, 112, -161, -19, -82, -151, 
-107, -297, -190, 202, 41, -244, 248, 107, -156, -19, -82, -151, 
-107, -297, -190, 202, 41, -244, 248, 107, -156, -19, -82, -151, 
-107, -297, -190, 202, 41, -244, 248, 107, -156, -14, -82, -151, 
-107, -297, -190, 202, 41, -244, 248, 107, -151, -14, -78, -151, 
-107, -307, -200, 207, 46, -253, 248, 117, -146, -24, -87, -141, 
-107, -302, -195, 204, 43, -248, 248, 117, -146, -19, -87, -141, 
-107, -302, -195, 204, 43, -248, 248, 117, -146, -19, -82, -141, 
-107, -302, -195, 204, 43, -248, 248, 117, -136, -19, -82, -141, 
-97, -297, -200, 197, 51, -248, 239, 117, -146, -9, -82, -141, 
-97, -292, -195, 195, 48, -244, 239, 122, -146, 0, -73, -141, 
-92, -287, -195, 190, 51, -241, 239, 122, -141, 4, -68, -141, 
-92, -283, -190, 187, 48, -236, 239, 122, -136, 14, -68, -136, 
-102, -273, -170, 187, 34, -222, 229, 122, -131, 14, -68, -126, 
-107, -273, -165, 190, 29, -219, 229, 122, -131, 19, -63, -126, 
-112, -273, -161, 192, 24, -217, 229, 122, -126, 19, -63, -126, 
-112, -273, -161, 192, 24, -217, 229, 122, -122, 24, -63, -126, 
-102, -278, -175, 190, 36, -226, 229, 122, -112, 14, -63, -122, 
-102, -278, -175, 190, 36, -226, 229, 122, -107, 14, -63, -122, 
-102, -273, -170, 187, 34, -222, 229, 126, -102, 24, -53, -117, 
-102, -273, -170, 187, 34, -222, 234, 126, -97, 29, -53, -117, 
-112, -268, -156, 190, 21, -212, 234, 122, -102, 29, -58, -117, 
-107, -268, -161, 187, 26, -214, 234, 126, -97, 29, -58, -117, 
-97, -268, -170, 183, 36, -219, 229, 126, -92, 29, -58, -112, 
-97, -253, -156, 175, 29, -204, 229, 126, -87, 39, -48, -107, 
-112, -253, -141, 183, 14, -197, 229, 126, -82, 43, -43, -107, 
-112, -253, -141, 183, 14, -197, 229, 126, -73, 48, -43, -107, 
-107, -253, -146, 180, 19, -200, 229, 126, -68, 53, -43, -107, 
-102, -258, -156, 180, 26, -207, 229, 126, -63, 53, -39, -112, 
-92, -253, -161, 173, 34, -207, 219, 122, -48, 58, -34, -102, 
-92, -239, -146, 165, 26, -192, 219, 122, -43, 68, -29, -87, 
-97, -234, -136, 165, 19, -185, 219, 122, -39, 73, -24, -82, 
-97, -229, -131, 163, 17, -180, 219, 122, -34, 73, -24, -82, 
-97, -214, -117, 156, 9, -165, 224, 112, -34, 68, -24, -92, 
-92, -209, -117, 151, 12, -163, 224, 112, -24, 73, -24, -92, 
-92, -209, -117, 151, 12, -163, 219, 122, -19, 78, -14, -82, 
-87, -204, -117, 146, 14, -161, 219, 122, -14, 82, -9, -82, 
-92, -200, -107, 146, 7, -153, 219, 126, 4, 87, -4, -78, 
-92, -190, -97, 141, 2, -143, 219, 131, 14, 97, 0, -73, 
-92, -180, -87, 136, -2, -134, 219, 131, 24, 102, 4, -68, 
-87, -175, -87, 131, 0, -131, 219, 136, 34, 112, 9, -63, 
-87, -165, -78, 126, -4, -122, 209, 126, 39, 117, 4, -63, 
-82, -161, -78, 122, -2, -119, 209, 131, 48, 122, 14, -58, 
-82, -156, -73, 119, -4, -114, 209, 131, 53, 131, 19, -53, 
-78, -151, -73, 114, -2, -112, 209, 136, 63, 141, 29, -48, 
-63, -141, -78, 102, 7, -109, 200, 136, 82, 151, 29, -39, 
-63, -126, -63, 95, 0, -95, 200, 136, 102, 161, 39, -34, 
-53, -122, -68, 87, 7, -95, 200, 146, 112, 170, 39, -29, 
-63, -107, -43, 85, -9, -75, 200, 146, 131, 180, 53, -24, 
-68, -97, -29, 82, -19, -63, 200, 156, 136, 195, 63, -24, 
-68, -87, -19, 78, -24, -53, 200, 156, 151, 204, 73, -19, 
-63, -87, -24, 75, -19, -56, 195, 161, 165, 214, 87, -9, 
-63, -87, -24, 75, -19, -56, 190, 161, 180, 229, 97, 0, 
-58, -73, -14, 65, -21, -43, 190, 156, 195, 239, 102, 14, 
-58, -68, -9, 63, -24, -39, 190, 156, 209, 248, 112, 24, 
-58, -58, 0, 58, -29, -29, 185, 156, 229, 263, 122, 34, 
-58, -48, 9, 53, -34, -19, 185, 161, 244, 273, 131, 39, 
-43, -39, 4, 41, -24, -17, 180, 170, 268, 283, 141, 43, 
-43, -19, 24, 31, -34, 2, 180, 170, 283, 297, 151, 58, 
-43, -4, 39, 24, -41, 17, 180, 170, 297, 312, 161, 68, 
-43, 0, 43, 21, -43, 21, 170, 175, 312, 322, 170, 73, 
-29, 9, 39, 9, -34, 24, 170, 175, 317, 317, 175, 68, 
-24, 19, 43, 2, -34, 31, 165, 175, 326, 326, 185, 73, 
-14, 24, 39, -4, -26, 31, 165, 185, 336, 336, 195, 82, 
-9, 34, 43, -12, -26, 39, 165, 185, 341, 351, 204, 97, 
-24, 39, 63, -7, -43, 51, 165, 175, 351, 346, 204, 102, 
-24, 53, 78, -14, -51, 65, 156, 175, 361, 361, 214, 107, 
-19, 58, 78, -19, -48, 68, 151, 175, 370, 366, 214, 112, 
-24, 58, 82, -17, -53, 70, 151, 175, 380, 375, 229, 122, 
-19, 68, 87, -24, -53, 78, 151, 175, 375, 385, 229, 112, 
-19, 78, 97, -29, -58, 87, 146, 175, 380, 395, 229, 117, 
-9, 82, 92, -36, -51, 87, 141, 175, 390, 400, 229, 126, 
-9, 92, 102, -41, -56, 97, 141, 175, 400, 405, 239, 126, 
-14, 97, 112, -41, -63, 104, 141, 185, 405, 400, 244, 131, 
-9, 107, 117, -48, -63, 112, 136, 185, 409, 400, 248, 136, 
-9, 117, 126, -53, -68, 122, 136, 185, 414, 405, 253, 141, 
-14, 117, 131, -51, -73, 124, 131, 185, 414, 409, 253, 141, 
-14, 122, 136, -53, -75, 129, 131, 175, 414, 414, 258, 146, 
-9, 126, 136, -58, -73, 131, 131, 175, 414, 414, 263, 146, 
-9, 131, 141, -61, -75, 136, 126, 175, 414, 419, 263, 146, 
-14, 131, 146, -58, -80, 139, 126, 170, 405, 419, 263, 146, 
-9, 117, 126, -53, -68, 122, 126, 165, 395, 414, 258, 151, 
-4, 112, 117, -53, -61, 114, 126, 161, 385, 414, 258, 151, 
0, 112, 112, -56, -56, 112, 122, 161, 375, 409, 253, 146, 
4, 117, 112, -61, -53, 114, 122, 151, 361, 409, 248, 141, 
-9, 107, 117, -48, -63, 112, 126, 146, 346, 390, 248, 131, 
-14, 97, 112, -41, -63, 104, 126, 136, 317, 380, 239, 126, 
-19, 82, 102, -31, -61, 92, 126, 136, 297, 356, 224, 117, 
-34, 78, 112, -21, -73, 95, 131, 126, 278, 346, 209, 117, 
-43, 73, 117, -14, -80, 95, 122, 117, 263, 331, 200, 117, 
-53, 58, 112, -2, -82, 85, 122, 112, 239, 317, 185, 102, 
-58, 48, 107, 4, -82, 78, 126, 107, 219, 302, 175, 87, 
-58, 29, 87, 14, -73, 58, 126, 97, 185, 287, 151, 73, 
-63, 14, 78, 24, -70, 46, 126, 92, 165, 273, 146, 68, 
-73, 0, 73, 36, -73, 36, 126, 87, 141, 258, 136, 63, 
-78, -19, 58, 48, -68, 19, 131, 87, 117, 239, 122, 53, 
-82, -34, 48, 58, -65, 7, 141, 82, 92, 224, 107, 39, 
-82, -48, 34, 65, -58, -7, 151, 87, 78, 190, 82, 29, 
-87, -58, 29, 73, -58, -14, 151, 82, 48, 175, 68, 19, 
-87, -73, 14, 80, -51, -29, 151, 68, 24, 161, 58, 9, 
-87, -87, 0, 87, -43, -43, 151, 68, 4, 141, 43, -9, 
-97, -97, 0, 97, -48, -48, 146, 63, -4, 126, 34, -19, 
-107, -112, -4, 109, -51, -58, 151, 63, -29, 122, 24, -24, 
-117, -126, -9, 122, -53, -68, 151, 63, -43, 117, 9, -34, 
-117, -141, -24, 129, -46, -82, 151, 58, -58, 107, -4, -48, 
-117, -141, -24, 129, -46, -82, 161, 58, -82, 87, -19, -63, 
-126, -156, -29, 141, -48, -92, 165, 58, -92, 73, -24, -68, 
-122, -170, -48, 146, -36, -109, 165, 53, -107, 63, -29, -73, 
-117, -175, -58, 146, -29, -117, 165, 48, -117, 63, -43, -82, 
-117, -190, -73, 153, -21, -131, 165, 53, -117, 53, -43, -82, 
-122, -200, -78, 161, -21, -139, 175, 53, -131, 43, -53, -92, 
-122, -209, -87, 165, -17, -148, 175, 48, -146, 34, -63, -97, 
-122, -209, -87, 165, -17, -148, 175, 48, -151, 29, -73, -97, 
-122, -209, -87, 165, -17, -148, 170, 53, -161, 29, -68, -107, 
-131, -209, -78, 170, -26, -143, 170, 53, -161, 24, -68, -117, 
-131, -224, -92, 178, -19, -158, 170, 48, -165, 24, -68, -117, 
-131, -229, -97, 180, -17, -163, 170, 48, -175, 19, -73, -117, 
-131, -234, -102, 183, -14, -168, 170, 48, -170, 9, -87, -117, 
-136, -234, -97, 185, -19, -165, 175, 48, -175, 9, -92, -122, 
-136, -239, -102, 187, -17, -170, 180, 48, -180, 4, -92, -126, 
-136, -239, -102, 187, -17, -170, 190, 48, -180, 4, -97, -126, 
-146, -248, -102, 197, -21, -175, 180, 48, -170, 4, -97, -126, 
-151, -248, -97, 200, -26, -173, 180, 48, -170, 4, -102, -126, 
-151, -248, -97, 200, -26, -173, 180, 48, -175, 4, -102, -126, 
-151, -253, -102, 202, -24, -178, 180, 48, -175, 4, -107, -131, 
-136, -253, -117, 195, -9, -185, 180, 48, -180, 0, -97, -131, 
-136, -253, -117, 195, -9, -185, 185, 48, -185, 0, -92, -131, 
-131, -253, -122, 192, -4, -187, 185, 48, -195, 0, -92, -131, 
-122, -258, -136, 190, 7, -197, 185, 43, -200, 0, -97, -131, 
-126, -268, -141, 197, 7, -204, 180, 53, -195, 0, -97, -136, 
-131, -268, -136, 200, 2, -202, 180, 53, -195, -4, -102, -136, 
-136, -268, -131, 202, -2, -200, 180, 53, -190, -4, -102, -136, 
-141, -268, -126, 204, -7, -197, 180, 53, -180, -4, -102, -136, 
-156, -273, -117, 214, -19, -195, 195, 58, -180, 4, -102, -136, 
-156, -273, -117, 214, -19, -195, 195, 58, -185, 4, -102, -136, 
-151, -273, -122, 212, -14, -197, 190, 58, -185, 9, -102, -141, 
-151, -273, -122, 212, -14, -197, 190, 58, -185, 9, -97, -141, 
-151, -273, -122, 212, -14, -197, 190, 58, -190, -4, -107, -146, 
-151, -278, -126, 214, -12, -202, 190, 58, -195, -4, -107, -146, 
-151, -278, -126, 214, -12, -202, 190, 58, -200, -4, -107, -146, 
-156, -278, -122, 217, -17, -200, 190, 58, -204, -4, -112, -146, 
-146, -278, -131, 212, -7, -204, 190, 58, -200, -4, -112, -136, 
-151, -278, -126, 214, -12, -202, 190, 58, -195, -4, -112, -136, 
-151, -278, -126, 214, -12, -202, 190, 58, -190, -4, -112, -131, 
-151, -273, -122, 212, -14, -197, 190, 58, -180, -4, -112, -131, 
-161, -263, -102, 212, -29, -183, 195, 58, -190, 4, -97, -131, 
-161, -263, -102, 212, -29, -183, 195, 58, -195, 4, -97, -141, 
-161, -268, -107, 214, -26, -187, 195, 58, -195, 4, -97, -141, 
-161, -268, -107, 214, -26, -187, 200, 58, -190, 4, -97, -141, 
-165, -258, -92, 212, -36, -175, 190, 68, -180, 4, -97, -136, 
-165, -258, -92, 212, -36, -175, 190, 68, -180, 4, -97, -126, 
-161, -258, -97, 209, -31, -178, 190, 68, -180, 4, -97, -122, 
-161, -263, -102, 212, -29, -183, 190, 73, -180, 4, -97, -117, 
-161, -263, -102, 212, -29, -183, 200, 63, -180, 14, -97, -117, 
-161, -263, -102, 212, -29, -183, 200, 63, -180, 14, -97, -122, 
-161, -263, -102, 212, -29, -183, 200, 63, -180, 14, -97, -122, 
-161, -258, -97, 209, -31, -178, 200, 63, -180, 14, -97, -122, 
-151, -268, -117, 209, -17, -192, 200, 63, -180, 14, -92, -117, 
-151, -268, -117, 209, -17, -192, 200, 63, -180, 19, -92, -117, 
-151, -268, -117, 209, -17, -192, 204, 63, -180, 19, -87, -117, 
-151, -268, -117, 209, -17, -192, 204, 68, -170, 19, -87, -117, 
-151, -258, -107, 204, -21, -183, 190, 78, -170, 29, -87, -117, 
-151, -263, -112, 207, -19, -187, 190, 73, -170, 29, -87, -117, 
-151, -263, -112, 207, -19, -187, 190, 73, -170, 29, -87, -117, 
-146, -263, -117, 204, -14, -190, 190, 73, -170, 29, -82, -112, 
-156, -253, -97, 204, -29, -175, 190, 73, -170, 19, -82, -112, 
-161, -253, -92, 207, -34, -173, 190, 73, -170, 24, -82, -112, 
-161, -248, -87, 204, -36, -168, 190, 73, -170, 24, -82, -112, 
-156, -248, -92, 202, -31, -170, 190, 73, -170, 29, -82, -112, 
-151, -248, -97, 200, -26, -173, 190, 73, -170, 39, -78, -112, 
-151, -248, -97, 200, -26, -173, 190, 73, -170, 39, -78, -112, 
-156, -248, -92, 202, -31, -170, 195, 73, -170, 39, -82, -112, 
-156, -248, -92, 202, -31, -170, 195, 73, -170, 43, -82, -112, 
-146, -248, -102, 197, -21, -175, 185, 63, -170, 43, -82, -107, 
-141, -244, -102, 192, -19, -173, 185, 63, -165, 43, -82, -107, 
-141, -244, -102, 192, -19, -173, 185, 63, -165, 43, -78, -112, 
-136, -244, -107, 190, -14, -175, 180, 63, -165, 43, -73, -112, 
-146, -244, -97, 195, -24, -170, 190, 73, -156, 53, -73, -102, 
-146, -248, -102, 197, -21, -175, 190, 73, -161, 53, -73, -92, 
-146, -253, -107, 200, -19, -180, 190, 73, -161, 53, -68, -87, 
-146, -263, -117, 204, -14, -190, 190, 73, -161, 58, -68, -82, 
-146, -253, -107, 200, -19, -180, 190, 73, -170, 48, -68, -92, 
-151, -253, -102, 202, -24, -178, 190, 73, -165, 53, -68, -87, 
-156, -253, -97, 204, -29, -175, 195, 73, -165, 53, -68, -87, 
-156, -253, -97, 204, -29, -175, 195, 73, -165, 53, -68, -92, 
-141, -244, -102, 192, -19, -173, 180, 73, -175, 43, -68, -92, 
-136, -244, -107, 190, -14, -175, 175, 73, -175, 48, -68, -87, 
-136, -239, -102, 187, -17, -170, 175, 73, -175, 48, -68, -87, 
-136, -239, -102, 187, -17, -170, 175, 73, -175, 43, -68, -87, 
-136, -248, -112, 192, -12, -180, 185, 73, -175, 43, -68, -97, 
-136, -248, -112, 192, -12, -180, 185, 73, -175, 43, -68, -97, 
-136, -248, -112, 192, -12, -180, 190, 73, -175, 43, -68, -97, 
-136, -248, -112, 192, -12, -180, 190, 73, -175, 48, -68, -97, 
-146, -239, -92, 192, -26, -165, 185, 73, -175, 58, -63, -97, 
-146, -239, -92, 192, -26, -165, 185, 73, -175, 53, -63, -97, 
-146, -239, -92, 192, -26, -165, 190, 73, -175, 53, -63, -97, 
-146, -239, -92, 192, -26, -165, 190, 73, -180, 53, -68, -97, 
-136, -248, -112, 192, -12, -180, 180, 73, -180, 43, -78, -97, 
-136, -248, -112, 192, -12, -180, 180, 73, -175, 43, -78, -97, 
-141, -253, -112, 197, -14, -183, 180, 73, -175, 43, -78, -97, 
-141, -253, -112, 197, -14, -183, 180, 73, -185, 43, -78, -97, 
-146, -244, -97, 195, -24, -170, 180, 73, -185, 48, -68, -87, 
-146, -244, -97, 195, -24, -170, 180, 73, -185, 48, -68, -92, 
-146, -244, -97, 195, -24, -170, 175, 73, -185, 48, -68, -92, 
-146, -239, -92, 192, -26, -165, 175, 73, -185, 48, -68, -87, 
-146, -248, -102, 197, -21, -175, 185, 82, -185, 43, -78, -97, 
-146, -248, -102, 197, -21, -175, 185, 82, -190, 43, -78, -97, 
-146, -248, -102, 197, -21, -175, 190, 82, -190, 43, -78, -97, 
-146, -248, -102, 197, -21, -175, 190, 82, -190, 43, -78, -97, 
-146, -248, -102, 197, -21, -175, 190, 73, -190, 34, -87, -107, 
-146, -253, -107, 200, -19, -180, 190, 73, -190, 34, -87, -107, 
-156, -253, -97, 204, -29, -175, 190, 73, -190, 34, -87, -107, 
-156, -253, -97, 204, -29, -175, 190, 73, -195, 29, -87, -112, 
-151, -258, -107, 204, -21, -183, 180, 73, -195, 29, -87, -112, 
-146, -258, -112, 202, -17, -185, 180, 73, -195, 34, -87, -112, 
-146, -263, -117, 204, -14, -190, 180, 73, -200, 34, -87, -112, 
-146, -263, -117, 204, -14, -190, 180, 68, -200, 29, -87, -112, 
-146, -258, -112, 202, -17, -185, 190, 68, -200, 24, -97, -112, 
-146, -258, -112, 202, -17, -185, 190, 68, -200, 24, -97, -112, 
-146, -253, -107, 200, -19, -180, 190, 63, -204, 24, -97, -112, 
-146, -253, -107, 200, -19, -180, 190, 63, -204, 24, -102, -117, 
-146, -253, -107, 200, -19, -180, 190, 78, -204, 34, -92, -107, 
-146, -248, -102, 197, -21, -175, 190, 78, -204, 34, -92, -107, 
-146, -248, -102, 197, -21, -175, 190, 78, -204, 34, -97, -107, 
-146, -253, -107, 200, -19, -180, 190, 78, -204, 29, -97, -107, 
-156, -253, -97, 204, -29, -175, 190, 78, -195, 29, -87, -122, 
-156, -253, -97, 204, -29, -175, 190, 78, -200, 29, -87, -122, 
-156, -253, -97, 204, -29, -175, 190, 78, -200, 29, -87, -122, 
-156, -258, -102, 207, -26, -180, 190, 78, -200, 29, -87, -122, 
-156, -258, -102, 207, -26, -180, 200, 78, -209, 29, -97, -131, 
-156, -258, -102, 207, -26, -180, 200, 78, -209, 29, -97, -131, 
-156, -258, -102, 207, -26, -180, 200, 78, -204, 29, -97, -131, 
-156, -258, -102, 207, -26, -180, 200, 78, -204, 29, -102, -131, 
-146, -258, -112, 202, -17, -185, 200, 78, -204, 24, -102, -122, 
-146, -258, -112, 202, -17, -185, 200, 78, -204, 24, -97, -122, 
-146, -258, -112, 202, -17, -185, 200, 73, -209, 29, -97, -122, 
-146, -258, -112, 202, -17, -185, 200, 73, -209, 29, -97, -122, 
-146, -258, -112, 202, -17, -185, 200, 78, -209, 19, -97, -122, 
-146, -258, -112, 202, -17, -185, 200, 78, -209, 19, -97, -122, 
-146, -258, -112, 202, -17, -185, 200, 78, -204, 19, -97, -122, 
-146, -258, -112, 202, -17, -185, 195, 73, -204, 19, -97, -122, 
-156, -268, -112, 212, -21, -190, 204, 82, -204, 29, -97, -122, 
-156, -268, -112, 212, -21, -190, 204, 82, -204, 24, -97, -122, 
-156, -268, -112, 212, -21, -190, 204, 82, -209, 24, -97, -122, 
-156, -263, -107, 209, -24, -185, 204, 82, -209, 24, -97, -117, 
-156, -253, -97, 204, -29, -175, 195, 82, -209, 29, -82, -117, 
-156, -253, -97, 204, -29, -175, 195, 82, -209, 34, -82, -117, 
-156, -253, -97, 204, -29, -175, 195, 82, -204, 34, -82, -117, 
-156, -253, -97, 204, -29, -175, 195, 82, -204, 39, -82, -117, 
-156, -234, -78, 195, -39, -156, 185, 78, -195, 48, -82, -107, 
-156, -219, -63, 187, -46, -141, 195, 68, -190, 53, -78, -107, 
-146, -214, -68, 180, -39, -141, 195, 68, -185, 58, -68, -107, 
-146, -204, -58, 175, -43, -131, 195, 68, -175, 58, -58, -97, 
-146, -204, -58, 175, -43, -131, 195, 68, -175, 58, -58, -97, 
-146, -204, -58, 175, -43, -131, 195, 68, -175, 58, -58, -97, 
-146, -204, -58, 175, -43, -131, 195, 68, -175, 58, -58, -97, 
-141, -190, -48, 165, -46, -119, 190, 78, -165, 63, -53, -87, 
-141, -185, -43, 163, -48, -114, 190, 78, -156, 73, -48, -82, 
-141, -180, -39, 161, -51, -109, 190, 78, -146, 78, -43, -78, 
-141, -170, -29, 156, -56, -100, 190, 78, -141, 82, -39, -78, 
-146, -165, -19, 156, -63, -92, 200, 68, -141, 78, -48, -78, 
-141, -165, -24, 153, -58, -95, 200, 68, -141, 78, -43, -78, 
-141, -165, -24, 153, -58, -95, 200, 73, -141, 78, -43, -78, 
-141, -165, -24, 153, -58, -95, 200, 73, -141, 78, -43, -82, 
-141, -175, -34, 158, -53, -104, 200, 73, -151, 78, -48, -92, 
-141, -175, -34, 158, -53, -104, 195, 73, -146, 78, -48, -92, 
-141, -170, -29, 156, -56, -100, 180, 68, -146, 87, -48, -87, 
-141, -161, -19, 151, -61, -90, 180, 58, -146, 87, -48, -78, 
-136, -146, -9, 141, -63, -78, 156, 63, -146, 92, -39, -78, 
-131, -136, -4, 134, -63, -70, 151, 58, -146, 92, -34, -78, 
-117, -131, -14, 124, -51, -73, 141, 58, -146, 92, -34, -73, 
-112, -122, -9, 117, -51, -65, 126, 53, -146, 97, -29, -73, 
-112, -126, -14, 119, -48, -70, 126, 53, -136, 102, -24, -68, 
-107, -117, -9, 112, -48, -63, 122, 48, -136, 102, -19, -68, 
-107, -107, 0, 107, -53, -53, 117, 48, -131, 107, -19, -58, 
-107, -97, 9, 102, -58, -43, 107, 53, -126, 117, -9, -53, 
-92, -73, 19, 82, -56, -26, 97, 43, -136, 117, 4, -39, 
-87, -58, 29, 73, -58, -14, 97, 43, -126, 126, 14, -29, 
-73, -43, 29, 58, -51, -7, 97, 43, -122, 126, 19, -19, 
-58, -29, 29, 43, -43, 0, 97, 48, -122, 126, 24, -14, 
-53, -48, 4, 51, -29, -21, 97, 48, -122, 126, 14, -24, 
-53, -58, -4, 56, -24, -31, 102, 53, -122, 136, 14, -24, 
-53, -58, -4, 56, -24, -31, 102, 53, -126, 141, 14, -19, 
-48, -63, -14, 56, -17, -39, 107, 58, -126, 141, 14, -19, 
-48, -73, -24, 61, -12, -48, 112, 58, -122, 131, 14, -29, 
-58, -87, -29, 73, -14, -58, 117, 58, -126, 126, 14, -34, 
-63, -107, -43, 85, -9, -75, 126, 58, -131, 122, 9, -43, 
-78, -122, -43, 100, -17, -82, 131, 68, -141, 107, 4, -48, 
-92, -131, -39, 112, -26, -85, 141, 68, -141, 112, -4, -48, 
-97, -146, -48, 122, -24, -97, 146, 68, -151, 102, -9, -53, 
-107, -165, -58, 136, -24, -112, 151, 68, -161, 92, -19, -68, 
-112, -180, -68, 146, -21, -124, 161, 73, -165, 92, -34, -73, 
-122, -190, -68, 156, -26, -129, 165, 73, -170, 73, -39, -87, 
-126, -204, -78, 165, -24, -141, 170, 68, -175, 73, -43, -87, 
-131, -219, -87, 175, -21, -153, 175, 68, -180, 63, -53, -92, 
-136, -229, -92, 183, -21, -161, 185, 68, -185, 53, -53, -102, 
-126, -234, -107, 180, -9, -170, 180, 68, -195, 48, -58, -107, 
-131, -239, -107, 185, -12, -173, 185, 68, -200, 43, -63, -112, 
-131, -258, -126, 195, -2, -192, 190, 73, -200, 43, -68, -117, 
-131, -258, -126, 195, -2, -192, 195, 82, -209, 39, -73, -122, 
-141, -283, -141, 212, 0, -212, 200, 92, -209, 43, -78, -126, 
-141, -283, -141, 212, 0, -212, 204, 87, -214, 39, -78, -126, 
-146, -292, -146, 219, 0, -219, 204, 87, -224, 34, -82, -136, 
-146, -302, -156, 224, 4, -229, 209, 92, -224, 29, -87, -136, 
-156, -302, -146, 229, -4, -224, 224, 92, -224, 19, -92, -146, 
-146, -307, -161, 226, 7, -234, 224, 97, -224, 19, -97, -151, 
-146, -307, -161, 226, 7, -234, 224, 97, -224, 14, -97, -156, 
-146, -307, -161, 226, 7, -234, 224, 97, -224, 14, -97, -156, 
-141, -322, -180, 231, 19, -251, 239, 87, -224, 14, -87, -146, 
-141, -326, -185, 234, 21, -256, 239, 87, -224, 14, -87, -146, 
-146, -331, -185, 239, 19, -258, 239, 87, -229, 9, -92, -151, 
-146, -331, -185, 239, 19, -258, 244, 87, -229, 9, -92, -151, 
-141, -322, -180, 231, 19, -251, 234, 87, -229, 9, -97, -151, 
-141, -317, -175, 229, 17, -246, 234, 87, -229, 14, -97, -151, 
-141, -317, -175, 229, 17, -246, 229, 87, -229, 14, -92, -156, 
-141, -326, -185, 234, 21, -256, 229, 87, -229, 4, -92, -156, 
-141, -336, -195, 239, 26, -265, 239, 97, -219, 4, -97, -165, 
-141, -331, -190, 236, 24, -261, 244, 97, -214, 4, -97, -165, 
-146, -331, -185, 239, 19, -258, 244, 97, -214, 4, -97, -165, 
-151, -331, -180, 241, 14, -256, 244, 97, -214, 4, -97, -165, 
-151, -336, -185, 244, 17, -261, 234, 102, -224, 4, -97, -156, 
-151, -336, -185, 244, 17, -261, 234, 102, -224, 4, -97, -161, 
-151, -336, -185, 244, 17, -261, 239, 97, -224, 4, -97, -161, 
-151, -336, -185, 244, 17, -261, 239, 97, -224, 4, -97, -161, 
-141, -346, -204, 244, 31, -275, 234, 97, -224, -4, -87, -170, 
-141, -341, -200, 241, 29, -270, 234, 97, -224, 0, -87, -170, 
-141, -341, -200, 241, 29, -270, 234, 97, -224, 0, -87, -170, 
-141, -341, -200, 241, 29, -270, 234, 97, -224, -4, -87, -170, 
-136, -351, -214, 244, 39, -283, 234, 97, -214, -4, -87, -161, 
-131, -351, -219, 241, 43, -285, 234, 97, -214, 0, -87, -156, 
-126, -351, -224, 239, 48, -287, 234, 97, -214, 0, -87, -156, 
-122, -351, -229, 236, 53, -290, 234, 97, -214, 0, -92, -156, 
-126, -341, -214, 234, 43, -278, 244, 107, -214, 0, -82, -156, 
-136, -341, -204, 239, 34, -273, 244, 107, -214, 0, -78, -156, 
-141, -341, -200, 241, 29, -270, 244, 112, -214, 0, -78, -156, 
-146, -341, -195, 244, 24, -268, 244, 112, -214, 0, -78, -156, 
-156, -341, -185, 248, 14, -263, 248, 107, -204, 9, -78, -146, 
-156, -351, -195, 253, 19, -273, 253, 112, -204, 9, -78, -151, 
-156, -351, -195, 253, 19, -273, 263, 112, -204, 4, -78, -151, 
-156, -351, -195, 253, 19, -273, 263, 112, -204, -4, -87, -156, 
-146, -346, -200, 246, 26, -273, 258, 122, -204, -14, -87, -156, 
-146, -356, -209, 251, 31, -283, 263, 131, -209, -9, -107, -165, 
-146, -341, -195, 244, 24, -268, 263, 131, -200, -9, -107, -170, 
-141, -292, -151, 217, 4, -222, 248, 126, -165, 29, -63, -146, 
-141, -248, -107, 195, -17, -178, 244, 126, -92, 87, -4, -107, 
-136, -190, -53, 163, -41, -122, 229, 117, -9, 151, 53, -53, 
-117, -122, -4, 119, -56, -63, 214, 117, 97, 253, 131, 9, 
-92, -48, 43, 70, -68, -2, 200, 117, 263, 390, 244, 92, 
-78, 48, 126, 14, -102, 87, 175, 136, 468, 575, 385, 195, 
-48, 170, 219, -61, -134, 195, 146, 161, 697, 775, 531, 317, 
-9, 312, 322, -151, -165, 317, 87, 170, 912, 990, 702, 439, 
63, 507, 444, -285, -190, 475, 4, 190, 1171, 1244, 922, 600, 
156, 722, 566, -439, -204, 644, -107, 209, 1454, 1556, 1166, 780, 
263, 936, 673, -600, -204, 805, -239, 219, 1712, 1844, 1420, 980, 
361, 1171, 810, -766, -224, 990, -390, 195, 1932, 2117, 1673, 1185, 
458, 1420, 961, -939, -251, 1190, -551, 146, 2132, 2400, 1937, 1410, 
536, 1605, 1068, -1071, -265, 1337, -707, 117, 2259, 2640, 2156, 1586, 
600, 1717, 1117, -1159, -258, 1417, -824, 107, 2342, 2806, 2298, 1722, 
658, 1771, 1112, -1215, -226, 1442, -907, 102, 2342, 2854, 2361, 1786, 
692, 1766, 1073, -1229, -190, 1420, -966, 92, 2235, 2801, 2332, 1776, 
707, 1659, 951, -1183, -122, 1305, -966, 117, 2049, 2664, 2235, 1717, 
697, 1424, 727, -1061, -14, 1076, -883, 180, 1805, 2410, 2030, 1556, 
629, 1112, 483, -871, 73, 797, -746, 209, 1483, 2059, 1742, 1312, 
502, 814, 312, -658, 95, 563, -614, 161, 1078, 1620, 1376, 1039, 
366, 536, 170, -451, 97, 353, -463, 107, 692, 1171, 1005, 756, 
234, 317, 82, -275, 75, 200, -326, 68, 405, 824, 712, 522, 
117, 175, 58, -146, 29, 117, -219, 39, 224, 590, 512, 361, 
14, 68, 53, -41, -19, 61, -117, -4, 63, 400, 341, 244, 
-82, -9, 73, 46, -78, 31, -43, -53, -131, 204, 175, 126, 
-131, -53, 78, 92, -104, 12, 0, -73, -273, 97, 68, 48, 
-131, -58, 73, 95, -102, 7, 19, -48, -253, 87, 53, 14, 
-136, -82, 53, 109, -95, -14, 48, -4, -200, 112, 63, 4, 
-131, -112, 19, 122, -75, -46, 87, 19, -190, 92, 48, -29, 
-107, -146, -39, 126, -34, -92, 112, 43, -170, 82, 34, -53, 
-102, -190, -87, 146, -7, -139, 141, 73, -136, 92, 39, -58, 
-107, -219, -112, 163, 2, -165, 165, 87, -117, 92, 39, -63, 
-97, -244, -146, 170, 24, -195, 175, 102, -107, 92, 24, -68, 
-97, -273, -175, 185, 39, -224, 195, 112, -97, 92, 19, -73, 
-112, -297, -185, 204, 36, -241, 209, 131, -82, 92, 24, -73, 
-126, -302, -175, 214, 24, -239, 219, 122, -82, 92, 24, -78, 
-131, -292, -161, 212, 14, -226, 229, 122, -78, 97, 19, -82, 
-131, -283, -151, 207, 9, -217, 224, 131, -82, 97, 14, -102, 
-122, -292, -170, 207, 24, -231, 224, 131, -92, 82, 0, -112, 
-122, -292, -170, 207, 24, -231, 219, 117, -102, 58, -24, -131, 
-131, -302, -170, 217, 19, -236, 224, 117, -107, 39, -34, -136, 
-131, -307, -175, 219, 21, -241, 224, 117, -122, 29, -39, -131, 
-126, -326, -200, 226, 36, -263, 229, 126, -126, 34, -43, -131, 
-122, -326, -204, 224, 41, -265, 234, 126, -126, 34, -43, -131, 
-122, -326, -204, 224, 41, -265, 234, 126, -122, 39, -43, -136, 
-117, -331, -214, 224, 48, -273, 234, 136, -122, 39, -43, -141, 
-117, -331, -214, 224, 48, -273, 234, 136, -122, 39, -34, -141, 
-117, -331, -214, 224, 48, -273, 234, 141, -122, 39, -34, -141, 
-122, -331, -209, 226, 43, -270, 234, 141, -117, 39, -39, -136, 
-122, -331, -209, 226, 43, -270, 229, 136, -117, 34, -39, -136, 
-112, -322, -209, 217, 48, -265, 219, 126, -131, 24, -39, -141, 
-107, -326, -219, 217, 56, -273, 224, 126, -131, 24, -43, -141, 
-107, -326, -219, 217, 56, -273, 234, 131, -131, 24, -48, -141, 
-107, -322, -214, 214, 53, -268, 234, 131, -131, 24, -48, -136, 
-122, -331, -209, 226, 43, -270, 244, 136, -117, 34, -39, -131, 
-126, -331, -204, 229, 39, -268, 244, 136, -117, 39, -34, -131, 
-131, -331, -200, 231, 34, -265, 244, 131, -117, 39, -34, -131, 
-136, -331, -195, 234, 29, -263, 244, 131, -112, 39, -34, -131, 
-136, -317, -180, 226, 21, -248, 239, 136, -107, 39, -34, -131, 
-136, -317, -180, 226, 21, -248, 239, 136, -107, 39, -34, -131, 
-136, -317, -180, 226, 21, -248, 239, 136, -107, 43, -34, -131, 
-136, -317, -180, 226, 21, -248, 239, 136, -102, 43, -29, -131, 
-126, -317, -190, 222, 31, -253, 239, 146, -97, 34, -29, -131, 
-126, -312, -185, 219, 29, -248, 239, 146, -97, 39, -29, -131, 
-126, -312, -185, 219, 29, -248, 239, 146, -97, 39, -24, -131, 
-126, -312, -185, 219, 29, -248, 239, 146, -87, 39, -24, -131, 
-117, -322, -204, 219, 43, -263, 229, 136, -87, 53, -24, -131, 
-117, -322, -204, 219, 43, -263, 229, 141, -87, 58, -14, -131, 
-112, -322, -209, 217, 48, -265, 229, 141, -82, 58, -9, -131, 
-112, -322, -209, 217, 48, -265, 229, 141, -78, 63, -9, -126, 
-107, -317, -209, 212, 51, -263, 229, 151, -73, 53, -9, -126, 
-107, -312, -204, 209, 48, -258, 229, 151, -73, 58, -4, -126, 
-107, -307, -200, 207, 46, -253, 229, 151, -68, 58, -4, -126, 
-102, -302, -200, 202, 48, -251, 229, 151, -63, 63, -4, -126, 
-107, -307, -200, 207, 46, -253, 239, 161, -53, 73, 4, -117, 
-112, -307, -195, 209, 41, -251, 239, 161, -48, 73, 4, -112, 
-117, -302, -185, 209, 34, -244, 239, 165, -43, 82, 14, -102, 
-122, -302, -180, 212, 29, -241, 244, 165, -39, 87, 14, -97, 
-112, -307, -195, 209, 41, -251, 234, 165, -34, 87, 9, -107, 
-107, -307, -200, 207, 46, -253, 234, 165, -29, 87, 9, -107, 
-97, -307, -209, 202, 56, -258, 229, 161, -24, 87, 9, -102, 
-97, -292, -195, 195, 48, -244, 229, 156, -19, 97, 19, -97, 
-112, -287, -175, 200, 31, -231, 239, 165, -14, 92, 24, -87, 
-112, -283, -170, 197, 29, -226, 239, 165, -4, 97, 24, -87, 
-107, -278, -170, 192, 31, -224, 239, 165, 0, 102, 24, -87, 
-102, -278, -175, 190, 36, -226, 239, 165, 4, 102, 29, -92, 
-92, -278, -185, 185, 46, -231, 234, 170, 19, 117, 34, -92, 
-92, -268, -175, 180, 41, -222, 229, 170, 24, 126, 39, -78, 
-97, -268, -170, 183, 36, -219, 224, 170, 29, 131, 43, -73, 
-97, -268, -170, 183, 36, -219, 219, 170, 34, 131, 43, -73, 
-97, -253, -156, 175, 29, -204, 214, 170, 43, 136, 34, -82, 
-92, -248, -156, 170, 31, -202, 214, 170, 53, 141, 34, -82, 
-92, -248, -156, 170, 31, -202, 209, 180, 58, 146, 43, -73, 
-87, -244, -156, 165, 34, -200, 209, 180, 63, 151, 48, -73, 
-92, -239, -146, 165, 26, -192, 209, 175, 82, 146, 63, -68, 
-92, -229, -136, 161, 21, -183, 209, 180, 92, 156, 68, -63, 
-92, -219, -126, 156, 17, -173, 209, 180, 102, 161, 73, -58, 
-87, -214, -126, 151, 19, -170, 209, 185, 112, 170, 78, -53, 
-78, -204, -126, 141, 24, -165, 200, 185, 112, 185, 82, -43, 
-73, -200, -126, 136, 26, -163, 200, 190, 126, 190, 92, -39, 
-73, -195, -122, 134, 24, -158, 200, 190, 136, 200, 97, -34, 
-68, -190, -122, 129, 26, -156, 200, 195, 151, 209, 107, -29, 
-63, -200, -136, 131, 36, -168, 200, 195, 151, 219, 107, -29, 
-63, -185, -122, 124, 29, -153, 200, 195, 170, 229, 117, -24, 
-53, -180, -126, 117, 36, -153, 200, 204, 180, 239, 117, -19, 
-63, -165, -102, 114, 19, -134, 200, 204, 200, 248, 131, -14, 
-78, -161, -82, 119, 2, -122, 200, 214, 209, 263, 136, 4, 
-78, -146, -68, 112, -4, -107, 200, 214, 229, 273, 151, 9, 
-73, -141, -68, 107, -2, -104, 195, 219, 248, 283, 170, 19, 
-73, -136, -63, 104, -4, -100, 190, 219, 268, 297, 185, 29, 
-53, -112, -58, 82, 2, -85, 190, 224, 273, 297, 180, 24, 
-48, -107, -58, 78, 4, -82, 190, 224, 287, 307, 190, 34, 
-43, -97, -53, 70, 4, -75, 185, 224, 307, 322, 200, 43, 
-39, -87, -48, 63, 4, -68, 185, 229, 322, 331, 209, 48, 
-34, -87, -53, 61, 9, -70, 190, 239, 326, 341, 219, 53, 
-34, -68, -34, 51, 0, -51, 190, 239, 341, 356, 229, 68, 
-34, -53, -19, 43, -7, -36, 190, 239, 356, 370, 239, 78, 
-34, -48, -14, 41, -9, -31, 180, 244, 370, 380, 248, 82, 
-34, -48, -14, 41, -9, -31, 170, 253, 390, 385, 263, 87, 
-34, -39, -4, 36, -14, -21, 165, 253, 405, 395, 273, 92, 
-29, -34, -4, 31, -12, -19, 165, 263, 419, 405, 283, 102, 
-29, -24, 4, 26, -17, -9, 165, 263, 429, 419, 292, 117, 
-24, -14, 9, 19, -17, -2, 156, 263, 424, 424, 287, 112, 
-14, 4, 19, 4, -17, 12, 146, 263, 429, 439, 292, 117, 
0, 14, 14, -7, -7, 14, 141, 263, 434, 444, 287, 122, 
4, 19, 14, -12, -4, 17, 141, 263, 439, 453, 297, 131, 
-9, 29, 39, -9, -24, 34, 151, 273, 448, 463, 312, 141, 
-9, 39, 48, -14, -29, 43, 146, 273, 458, 473, 317, 146, 
0, 43, 43, -21, -21, 43, 141, 273, 473, 478, 322, 156, 
0, 53, 53, -26, -26, 53, 141, 273, 488, 483, 336, 156, 
4, 48, 43, -26, -19, 46, 141, 273, 483, 488, 341, 161, 
9, 58, 48, -34, -19, 53, 136, 273, 488, 488, 346, 165, 
9, 68, 58, -39, -24, 63, 136, 273, 492, 492, 351, 170, 
4, 68, 63, -36, -29, 65, 131, 273, 492, 497, 351, 170, 
14, 82, 68, -48, -26, 75, 122, 263, 492, 502, 346, 175, 
19, 87, 68, -53, -24, 78, 122, 263, 492, 502, 351, 175, 
19, 92, 73, -56, -26, 82, 117, 263, 492, 507, 351, 175, 
14, 92, 78, -53, -31, 85, 117, 258, 483, 507, 351, 175, 
4, 87, 82, -46, -39, 85, 117, 263, 492, 502, 356, 180, 
4, 82, 78, -43, -36, 80, 117, 258, 483, 502, 356, 180, 
4, 82, 78, -43, -36, 80, 112, 258, 473, 497, 351, 175, 
4, 87, 82, -46, -39, 85, 112, 248, 458, 497, 346, 170, 
-4, 78, 82, -36, -43, 80, 117, 234, 434, 497, 356, 180, 
-4, 68, 73, -31, -39, 70, 117, 224, 405, 488, 346, 175, 
-4, 53, 58, -24, -31, 56, 117, 224, 385, 463, 331, 165, 
-14, 48, 63, -17, -39, 56, 122, 214, 366, 453, 317, 165, 
-14, 34, 48, -9, -31, 41, 112, 204, 351, 424, 297, 146, 
-24, 19, 43, 2, -34, 31, 112, 200, 326, 405, 283, 131, 
-29, 9, 39, 9, -34, 24, 117, 195, 307, 385, 273, 117, 
-29, -9, 19, 19, -24, 4, 117, 185, 273, 366, 248, 102, 
-34, -14, 19, 24, -26, 2, 126, 190, 253, 351, 244, 87, 
-43, -29, 14, 36, -29, -7, 126, 185, 229, 336, 234, 82, 
-48, -48, 0, 48, -24, -24, 131, 185, 204, 317, 219, 73, 
-53, -63, -9, 58, -21, -36, 141, 180, 180, 302, 204, 58, 
-53, -87, -34, 70, -9, -61, 131, 165, 165, 287, 190, 48, 
-58, -97, -39, 78, -9, -68, 131, 161, 136, 273, 175, 39, 
-58, -112, -53, 85, -2, -82, 131, 146, 112, 258, 165, 29, 
-58, -126, -68, 92, 4, -97, 131, 146, 92, 239, 151, 9, 
-68, -146, -78, 107, 4, -112, 146, 141, 73, 209, 131, -9, 
-78, -161, -82, 119, 2, -122, 151, 141, 48, 200, 122, -14, 
-87, -175, -87, 131, 0, -131, 151, 141, 34, 190, 107, -24, 
-87, -190, -102, 139, 7, -146, 151, 136, 19, 175, 92, -39, 
-92, -195, -102, 143, 4, -148, 161, 146, 4, 170, 97, -39, 
-107, -204, -97, 156, -4, -151, 165, 146, -4, 161, 92, -39, 
-107, -214, -107, 161, 0, -161, 165, 141, -19, 156, 87, -39, 
-107, -214, -107, 161, 0, -161, 165, 136, -29, 161, 73, -43, 
-97, -209, -112, 153, 7, -161, 165, 131, -29, 136, 53, -63, 
-102, -219, -117, 161, 7, -168, 175, 131, -43, 122, 43, -73, 
-102, -229, -126, 165, 12, -178, 175, 126, -58, 107, 34, -78, 
-102, -229, -126, 165, 12, -178, 175, 126, -63, 97, 24, -78, 
-107, -248, -141, 178, 17, -195, 170, 122, -82, 97, 29, -97, 
-122, -248, -126, 185, 2, -187, 170, 122, -82, 92, 29, -107, 
-126, -263, -136, 195, 4, -200, 170, 117, -87, 92, 29, -107, 
-131, -268, -136, 200, 2, -202, 170, 117, -97, 87, 24, -107, 
-126, -283, -156, 204, 14, -219, 170, 122, -92, 78, 19, -97, 
-126, -283, -156, 204, 14, -219, 175, 126, -97, 78, 14, -102, 
-122, -287, -165, 204, 21, -226, 180, 131, -102, 73, 14, -107, 
-117, -287, -170, 202, 26, -229, 190, 136, -102, 73, 9, -107, 
-117, -278, -161, 197, 21, -219, 190, 126, -112, 73, 9, -107, 
-122, -278, -156, 200, 17, -217, 190, 126, -112, 73, 4, -107, 
-122, -278, -156, 200, 17, -217, 190, 126, -117, 73, 4, -107, 
-122, -283, -161, 202, 19, -222, 190, 126, -117, 73, 0, -112, 
-131, -283, -151, 207, 9, -217, 190, 126, -117, 78, 9, -112, 
-136, -283, -146, 209, 4, -214, 195, 126, -117, 78, 14, -112, 
-136, -283, -146, 209, 4, -214, 195, 126, -122, 78, 14, -112, 
-131, -287, -156, 209, 12, -222, 195, 122, -122, 78, 9, -112, 
-122, -287, -165, 204, 21, -226, 180, 131, -112, 68, 9, -117, 
-122, -287, -165, 204, 21, -226, 180, 131, -117, 63, 4, -117, 
-122, -287, -165, 204, 21, -226, 180, 131, -117, 63, 4, -117, 
-122, -287, -165, 204, 21, -226, 180, 131, -112, 63, 4, -117, 
-136, -287, -151, 212, 7, -219, 195, 126, -112, 63, 4, -117, 
-136, -283, -146, 209, 4, -214, 195, 126, -117, 63, 4, -117, 
-131, -278, -146, 204, 7, -212, 190, 126, -117, 68, 4, -122, 
-131, -273, -141, 202, 4, -207, 190, 126, -117, 68, 9, -122, 
-122, -283, -161, 202, 19, -222, 190, 136, -117, 63, 0, -126, 
-122, -287, -165, 204, 21, -226, 190, 136, -117, 63, 0, -126, 
-122, -287, -165, 204, 21, -226, 190, 136, -117, 63, 0, -126, 
-126, -287, -161, 207, 17, -224, 190, 136, -117, 63, -4, -126, 
-126, -287, -161, 207, 17, -224, 190, 126, -126, 63, -14, -126, 
-131, -287, -156, 209, 12, -222, 190, 126, -126, 63, -14, -126, 
-131, -287, -156, 209, 12, -222, 190, 126, -126, 63, -14, -122, 
-131, -283, -151, 207, 9, -217, 190, 126, -122, 63, -14, -122, 
-126, -283, -156, 204, 14, -219, 195, 126, -122, 53, -19, -122, 
-122, -283, -161, 202, 19, -222, 195, 126, -126, 53, -19, -131, 
-117, -287, -170, 202, 26, -229, 195, 126, -126, 53, -19, -131, 
-112, -287, -175, 200, 31, -231, 200, 126, -122, 53, -19, -131, 
-122, -297, -175, 209, 26, -236, 200, 136, -122, 63, -14, -131, 
-126, -297, -170, 212, 21, -234, 200, 136, -122, 63, -9, -126, 
-126, -297, -170, 212, 21, -234, 200, 136, -122, 63, -4, -126, 
-131, -302, -170, 217, 19, -236, 200, 141, -122, 63, 0, -126, 
-131, -292, -161, 212, 14, -226, 200, 131, -112, 73, 9, -117, 
-131, -292, -161, 212, 14, -226, 200, 131, -112, 73, 9, -122, 
-131, -292, -161, 212, 14, -226, 200, 131, -112, 73, 9, -122, 
-131, -287, -156, 209, 12, -222, 200, 131, -112, 73, 9, -122, 
-122, -287, -165, 204, 21, -226, 195, 131, -122, 63, -4, -126, 
-122, -287, -165, 204, 21, -226, 190, 131, -122, 68, -4, -126, 
-122, -287, -165, 204, 21, -226, 190, 131, -122, 68, 0, -126, 
-122, -287, -165, 204, 21, -226, 185, 136, -112, 68, 0, -126, 
-112, -278, -165, 195, 26, -222, 190, 136, -102, 58, -9, -126, 
-112, -283, -170, 197, 29, -226, 190, 131, -102, 58, -9, -126, 
-112, -283, -170, 197, 29, -226, 190, 131, -102, 58, -9, -126, 
-107, -283, -175, 195, 34, -229, 190, 131, -102, 58, -4, -122, 
-117, -292, -175, 204, 29, -234, 200, 131, -102, 68, 4, -122, 
-122, -292, -170, 207, 24, -231, 200, 131, -102, 73, 4, -122, 
-122, -287, -165, 204, 21, -226, 200, 131, -102, 73, 4, -122, 
-117, -287, -170, 202, 26, -229, 200, 131, -102, 78, 4, -122, 
-122, -278, -156, 200, 17, -217, 190, 131, -102, 68, 0, -122, 
-122, -278, -156, 200, 17, -217, 190, 131, -102, 68, 0, -122, 
-126, -278, -151, 202, 12, -214, 195, 131, -102, 68, -4, -122, 
-126, -278, -151, 202, 12, -214, 195, 131, -102, 73, -4, -122, 
-112, -268, -156, 190, 21, -212, 185, 122, -112, 73, -4, -117, 
-112, -263, -151, 187, 19, -207, 185, 122, -107, 73, -4, -117, 
-117, -263, -146, 190, 14, -204, 185, 122, -107, 73, 0, -122, 
-117, -263, -146, 190, 14, -204, 180, 122, -107, 73, 4, -122, 
-126, -248, -122, 187, -2, -185, 190, 131, -97, 82, 4, -117, 
-126, -248, -122, 187, -2, -185, 190, 131, -102, 82, 4, -112, 
-126, -248, -122, 187, -2, -185, 190, 131, -102, 82, 9, -112, 
-126, -253, -126, 190, 0, -190, 190, 131, -102, 87, 9, -112, 
-122, -253, -131, 187, 4, -192, 180, 122, -112, 78, 0, -122, 
-122, -253, -131, 187, 4, -192, 180, 122, -107, 82, 0, -117, 
-122, -253, -131, 187, 4, -192, 185, 122, -107, 82, 0, -117, 
-117, -253, -136, 185, 9, -195, 185, 122, -107, 82, 0, -122, 
-122, -263, -141, 192, 9, -202, 180, 122, -107, 73, 9, -122, 
-117, -263, -146, 190, 14, -204, 175, 122, -107, 78, 9, -117, 
-117, -258, -141, 187, 12, -200, 175, 122, -107, 78, 9, -117, 
-117, -258, -141, 187, 12, -200, 175, 122, -107, 73, 9, -117, 
-117, -248, -131, 183, 7, -190, 165, 122, -117, 73, 0, -117, 
-117, -248, -131, 183, 7, -190, 165, 122, -117, 73, 0, -117, 
-117, -248, -131, 183, 7, -190, 170, 122, -117, 73, 0, -117, 
-117, -248, -131, 183, 7, -190, 170, 122, -117, 78, 0, -117, 
-107, -248, -141, 178, 17, -195, 165, 112, -117, 78, 14, -107, 
-107, -248, -141, 178, 17, -195, 165, 112, -117, 73, 14, -107, 
-107, -248, -141, 178, 17, -195, 170, 112, -117, 73, 14, -107, 
-107, -248, -141, 178, 17, -195, 170, 112, -122, 73, 9, -107, 
-107, -258, -151, 183, 21, -204, 180, 122, -112, 82, 9, -107, 
-107, -258, -151, 183, 21, -204, 180, 122, -107, 82, 9, -107, 
-112, -263, -151, 187, 19, -207, 180, 122, -107, 82, 9, -107, 
-112, -263, -151, 187, 19, -207, 180, 122, -117, 82, 9, -107, 
-112, -263, -151, 187, 19, -207, 180, 112, -117, 68, 0, -117, 
-117, -263, -146, 190, 14, -204, 180, 112, -117, 68, 0, -122, 
-122, -263, -141, 192, 9, -202, 175, 112, -117, 68, 0, -122, 
-126, -258, -131, 192, 2, -195, 175, 112, -117, 68, 0, -117, 
-122, -253, -131, 187, 4, -192, 165, 112, -126, 73, 0, -126, 
-117, -248, -131, 183, 7, -190, 165, 112, -131, 73, 0, -126, 
-112, -244, -131, 178, 9, -187, 170, 112, -131, 73, 0, -126, 
-107, -239, -131, 173, 12, -185, 170, 112, -131, 73, 0, -126, 
-97, -239, -141, 168, 21, -190, 170, 112, -131, 73, 0, -117, 
-97, -244, -146, 170, 24, -195, 170, 112, -131, 73, 0, -117, 
-107, -244, -136, 175, 14, -190, 170, 112, -131, 73, 0, -117, 
-107, -244, -136, 175, 14, -190, 170, 112, -136, 68, 0, -122, 
-112, -239, -126, 175, 7, -183, 180, 112, -126, 58, -9, -122, 
-107, -239, -131, 173, 12, -185, 180, 112, -126, 63, -9, -122, 
-107, -244, -136, 175, 14, -190, 180, 112, -131, 63, -9, -122, 
-107, -244, -136, 175, 14, -190, 180, 107, -131, 58, -9, -122, 
-107, -258, -151, 183, 21, -204, 170, 117, -131, 58, 0, -122, 
-107, -258, -151, 183, 21, -204, 170, 117, -131, 63, 0, -122, 
-107, -253, -146, 180, 19, -200, 170, 112, -136, 68, 0, -122, 
-107, -253, -146, 180, 19, -200, 170, 112, -136, 73, -4, -126, 
-107, -253, -146, 180, 19, -200, 170, 117, -146, 63, -4, -126, 
-107, -248, -141, 178, 17, -195, 170, 117, -146, 63, -4, -126, 
-107, -248, -141, 178, 17, -195, 170, 117, -146, 63, -9, -126, 
-107, -253, -146, 180, 19, -200, 170, 117, -146, 58, -9, -126, 
-117, -253, -136, 185, 9, -195, 170, 117, -146, 58, -19, -131, 
-117, -253, -136, 185, 9, -195, 170, 117, -151, 58, -19, -131, 
-117, -253, -136, 185, 9, -195, 170, 117, -151, 58, -19, -131, 
-117, -258, -141, 187, 12, -200, 170, 117, -151, 58, -19, -131, 
-117, -258, -141, 187, 12, -200, 161, 112, -151, 58, -19, -141, 
-117, -258, -141, 187, 12, -200, 161, 107, -151, 58, -19, -141, 
-117, -258, -141, 187, 12, -200, 161, 102, -146, 58, -19, -141, 
-117, -258, -141, 187, 12, -200, 161, 97, -146, 58, -24, -141, 
-117, -258, -141, 187, 12, -200, 170, 102, -146, 43, -24, -141, 
-117, -258, -141, 187, 12, -200, 170, 107, -146, 43, -19, -141, 
-117, -258, -141, 187, 12, -200, 170, 107, -151, 48, -19, -141, 
-117, -258, -141, 187, 12, -200, 170, 112, -151, 48, -19, -141, 
-117, -268, -151, 192, 17, -209, 180, 107, -151, 48, -19, -141, 
-117, -268, -151, 192, 17, -209, 180, 107, -151, 48, -19, -141, 
-117, -268, -151, 192, 17, -209, 180, 107, -146, 48, -19, -141, 
-117, -268, -151, 192, 17, -209, 175, 102, -146, 48, -19, -141, 
-107, -268, -161, 187, 26, -214, 165, 102, -156, 43, -29, -151, 
-107, -268, -161, 187, 26, -214, 165, 102, -156, 34, -29, -151, 
-107, -268, -161, 187, 26, -214, 165, 102, -161, 29, -29, -151, 
-107, -263, -156, 185, 24, -209, 165, 102, -161, 24, -29, -146, 
-117, -253, -136, 185, 9, -195, 165, 102, -170, 29, -34, -146, 
-117, -253, -136, 185, 9, -195, 165, 102, -170, 34, -34, -146, 
-117, -253, -136, 185, 9, -195, 165, 102, -165, 34, -34, -146, 
-117, -253, -136, 185, 9, -195, 165, 102, -165, 39, -34, -146, 
-117, -258, -141, 187, 12, -200, 165, 97, -175, 34, -43, -156, 
-117, -258, -141, 187, 12, -200, 165, 97, -170, 34, -39, -146, 
-117, -253, -136, 185, 9, -195, 165, 97, -165, 34, -29, -146, 
-117, -253, -136, 185, 9, -195, 165, 97, -165, 34, -29, -146, 
-107, -263, -156, 185, 24, -209, 161, 87, -175, 43, -39, -141, 
-107, -258, -151, 183, 21, -204, 161, 87, -170, 43, -39, -141, 
-107, -258, -151, 183, 21, -204, 161, 92, -170, 48, -39, -141, 
-107, -258, -151, 183, 21, -204, 161, 92, -170, 53, -39, -141, 
-117, -263, -146, 190, 14, -204, 161, 102, -165, 53, -29, -141, 
-112, -258, -146, 185, 17, -202, 161, 102, -165, 48, -24, -136, 
-112, -253, -141, 183, 14, -197, 165, 97, -165, 43, -24, -136, 
-112, -248, -136, 180, 12, -192, 165, 97, -165, 39, -24, -136, 
-112, -253, -141, 183, 14, -197, 165, 107, -170, 39, -29, -146, 
-112, -253, -141, 183, 14, -197, 165, 107, -170, 39, -29, -141, 
-112, -253, -141, 183, 14, -197, 165, 107, -170, 39, -34, -141, 
-112, -253, -141, 183, 14, -197, 165, 102, -165, 39, -39, -141, 
-107, -248, -141, 178, 17, -195, 161, 102, -156, 48, -34, -136, 
-107, -234, -126, 170, 9, -180, 161, 102, -146, 58, -39, -131, 
-92, -224, -131, 158, 19, -178, 156, 102, -151, 58, -39, -141, 
-92, -214, -122, 153, 14, -168, 151, 92, -151, 58, -39, -141, 
-97, -214, -117, 156, 9, -165, 146, 87, -146, 58, -29, -126, 
-107, -209, -102, 158, -2, -156, 156, 97, -136, 58, -24, -117, 
-107, -204, -97, 156, -4, -151, 156, 97, -136, 58, -19, -117, 
-107, -200, -92, 153, -7, -146, 156, 97, -136, 58, -14, -117, 
-107, -195, -87, 151, -9, -141, 156, 97, -136, 58, -9, -117, 
-102, -180, -78, 141, -12, -129, 151, 87, -131, 68, 0, -117, 
-102, -175, -73, 139, -14, -124, 151, 87, -126, 73, 0, -112, 
-102, -170, -68, 136, -17, -119, 151, 87, -122, 73, 0, -107, 
-102, -161, -58, 131, -21, -109, 151, 87, -122, 73, 0, -107, 
-87, -156, -68, 122, -9, -112, 151, 87, -112, 73, 9, -97, 
-82, -156, -73, 119, -4, -114, 151, 87, -112, 78, 14, -97, 
-82, -156, -73, 119, -4, -114, 151, 92, -112, 82, 14, -97, 
-82, -156, -73, 119, -4, -114, 151, 92, -112, 87, 14, -102, 
-73, -165, -92, 119, 9, -129, 161, 102, -112, 87, 14, -112, 
-73, -165, -92, 119, 9, -129, 156, 102, -107, 87, 9, -112, 
-73, -161, -87, 117, 7, -124, 141, 97, -107, 97, 4, -107, 
-73, -151, -78, 112, 2, -114, 141, 87, -107, 97, 0, -97, 
-78, -131, -53, 104, -12, -92, 122, 73, -107, 92, 9, -87, 
-82, -117, -34, 100, -24, -75, 112, 68, -107, 92, 14, -87, 
-78, -107, -29, 92, -24, -68, 97, 68, -107, 92, 14, -82, 
-82, -92, -9, 87, -36, -51, 78, 63, -107, 97, 19, -82, 
-68, -97, -29, 82, -19, -63, 68, 53, -97, 102, 24, -78, 
-58, -87, -29, 73, -14, -58, 63, 48, -97, 102, 29, -78, 
-53, -78, -24, 65, -14, -51, 58, 48, -92, 107, 29, -68, 
-48, -68, -19, 58, -14, -43, 48, 53, -87, 117, 39, -63, 
-39, -58, -19, 48, -9, -39, 48, 53, -97, 126, 43, -53, 
-39, -48, -9, 43, -14, -29, 48, 53, -87, 136, 53, -48, 
-29, -39, -9, 34, -9, -24, 48, 53, -82, 136, 58, -43, 
-19, -29, -9, 24, -4, -19, 48, 58, -82, 136, 63, -43, 
-9, -39, -29, 24, 9, -34, 48, 68, -82, 131, 53, -43, 
-14, -48, -34, 31, 9, -41, 53, 73, -82, 136, 53, -43, 
-19, -48, -29, 34, 4, -39, 53, 73, -87, 136, 53, -39, 
-19, -53, -34, 36, 7, -43, 58, 78, -87, 131, 53, -39, 
-29, -73, -43, 51, 7, -58, 63, 78, -102, 122, 34, -43, 
-39, -87, -48, 63, 4, -68, 68, 78, -107, 117, 34, -53, 
-43, -107, -63, 75, 9, -85, 78, 78, -112, 112, 29, -68, 
-58, -122, -63, 90, 2, -92, 82, 87, -122, 97, 24, -78, 
-53, -131, -78, 92, 12, -104, 92, 87, -112, 102, 24, -78, 
-58, -146, -87, 102, 14, -117, 97, 87, -122, 92, 19, -82, 
-68, -165, -97, 117, 14, -131, 102, 87, -131, 82, 9, -97, 
-73, -180, -107, 126, 17, -143, 112, 92, -136, 82, -4, -102, 
-82, -180, -97, 131, 7, -139, 107, 82, -141, 73, -9, -107, 
-87, -195, -107, 141, 9, -151, 112, 78, -146, 73, -14, -107, 
-92, -209, -117, 151, 12, -163, 117, 78, -151, 63, -24, -112, 
-97, -219, -122, 158, 12, -170, 126, 78, -156, 53, -24, -122, 
-97, -244, -146, 170, 24, -195, 141, 87, -165, 39, -34, -131, 
-102, -248, -146, 175, 21, -197, 146, 87, -170, 34, -43, -141, 
-102, -268, -165, 185, 31, -217, 151, 92, -170, 34, -53, -151, 
-102, -268, -165, 185, 31, -217, 156, 102, -180, 29, -63, -161, 
-102, -292, -190, 197, 43, -241, 151, 92, -180, 14, -78, -165, 
-102, -292, -190, 197, 43, -241, 156, 87, -185, 9, -78, -165, 
-107, -302, -195, 204, 43, -248, 156, 87, -195, 4, -82, -175, 
-107, -312, -204, 209, 48, -258, 161, 92, -195, 0, -87, -175, 
-126, -312, -185, 219, 29, -248, 175, 102, -195, 9, -82, -175, 
-117, -317, -200, 217, 41, -258, 175, 107, -195, 9, -87, -180, 
-117, -317, -200, 217, 41, -258, 175, 107, -195, 4, -87, -185, 
-117, -317, -200, 217, 41, -258, 175, 107, -195, 4, -87, -185, 
-112, -312, -200, 212, 43, -256, 175, 102, -204, -4, -97, -185, 
-112, -307, -195, 209, 41, -251, 170, 97, -204, -4, -97, -185, 
-117, -302, -185, 209, 34, -244, 165, 92, -209, -9, -102, -190, 
-117, -292, -175, 204, 29, -234, 165, 87, -209, -9, -102, -190, 
-122, -302, -180, 212, 29, -241, 165, 97, -200, 0, -97, -180, 
-122, -297, -175, 209, 26, -236, 165, 97, -200, 4, -97, -180, 
-122, -297, -175, 209, 26, -236, 161, 97, -200, 4, -92, -185, 
-122, -307, -185, 214, 31, -246, 161, 97, -200, -4, -92, -185, 
-107, -307, -200, 207, 46, -253, 161, 97, -200, -14, -107, -195, 
-102, -302, -200, 202, 48, -251, 165, 97, -195, -14, -107, -195, 
-102, -302, -200, 202, 48, -251, 165, 97, -195, -14, -107, -195, 
-102, -302, -200, 202, 48, -251, 165, 97, -195, -14, -107, -195, 
-112, -317, -204, 214, 46, -261, 165, 102, -195, -4, -107, -195, 
-112, -317, -204, 214, 46, -261, 165, 102, -195, -4, -107, -200, 
-112, -317, -204, 214, 46, -261, 170, 97, -195, -4, -107, -200, 
-112, -317, -204, 214, 46, -261, 170, 97, -195, -4, -107, -200, 
-122, -317, -195, 219, 36, -256, 165, 107, -195, 4, -92, -185, 
-122, -312, -190, 217, 34, -251, 165, 107, -195, 9, -87, -180, 
-122, -312, -190, 217, 34, -251, 165, 107, -195, 9, -82, -175, 
-122, -312, -190, 217, 34, -251, 165, 107, -195, 4, -78, -170, 
-122, -312, -190, 217, 34, -251, 165, 107, -195, -4, -82, -175, 
-122, -312, -190, 217, 34, -251, 165, 107, -195, 0, -87, -175, 
-122, -312, -190, 217, 34, -251, 165, 107, -195, 0, -92, -180, 
-122, -312, -190, 217, 34, -251, 165, 107, -195, 0, -102, -185, 
-122, -307, -185, 214, 31, -246, 165, 102, -195, 0, -102, -195, 
-126, -302, -175, 214, 24, -239, 165, 97, -195, 0, -97, -195, 
-126, -297, -170, 212, 21, -234, 165, 97, -195, 0, -97, -195, 
-126, -292, -165, 209, 19, -229, 165, 92, -195, 0, -97, -195, 
-117, -292, -175, 204, 29, -234, 161, 107, -204, -9, -102, -204, 
-117, -302, -185, 209, 34, -244, 165, 112, -204, -9, -107, -209, 
-117, -302, -185, 209, 34, -244, 175, 112, -204, -14, -112, -209, 
-117, -302, -185, 209, 34, -244, 175, 112, -204, -24, -126, -214, 
-117, -317, -200, 217, 41, -258, 190, 141, -204, -24, -117, -214, 
-126, -317, -190, 222, 31, -253, 204, 141, -190, -19, -126, -214, 
-136, -302, -165, 219, 14, -234, 204, 141, -161, 0, -97, -200, 
-122, -244, -122, 183, 0, -183, 190, 136, -87, 48, -43, -156, 
-92, -151, -58, 122, -17, -104, 185, 126, 4, 126, 24, -97, 
-87, -82, 4, 85, -46, -39, 170, 126, 97, 219, 82, -43, 
-78, -24, 53, 51, -65, 14, 146, 126, 224, 322, 161, 9, 
-53, 58, 112, -2, -82, 85, 122, 146, 429, 497, 283, 92, 
0, 165, 165, -82, -82, 165, 97, 185, 653, 692, 434, 204, 
39, 307, 268, -173, -114, 287, 48, 209, 873, 912, 610, 336, 
68, 478, 409, -273, -170, 444, -19, 219, 1117, 1156, 819, 497, 
131, 683, 551, -407, -209, 617, -102, 239, 1405, 1449, 1068, 688, 
224, 897, 673, -561, -224, 785, -224, 268, 1688, 1751, 1332, 897, 
331, 1132, 800, -732, -234, 966, -366, 258, 1927, 2030, 1576, 1098, 
429, 1366, 936, -897, -253, 1151, -527, 214, 2137, 2303, 1820, 1293, 
536, 1566, 1029, -1051, -246, 1298, -697, 165, 2288, 2557, 2044, 1468, 
634, 1722, 1088, -1178, -226, 1405, -824, 136, 2386, 2757, 2225, 1615, 
688, 1825, 1137, -1256, -224, 1481, -932, 136, 2440, 2884, 2337, 1722, 
727, 1859, 1132, -1293, -202, 1495, -1015, 122, 2371, 2893, 2361, 1766, 
761, 1825, 1063, -1293, -151, 1444, -1063, 122, 2225, 2830, 2332, 1756, 
756, 1668, 912, -1212, -78, 1290, -1024, 165, 2020, 2664, 2215, 1668, 
707, 1376, 668, -1041, 19, 1022, -902, 219, 1737, 2361, 1981, 1478, 
610, 1073, 463, -841, 73, 768, -775, 200, 1346, 1932, 1644, 1224, 
463, 785, 322, -624, 70, 553, -624, 141, 932, 1464, 1249, 922, 
307, 517, 209, -412, 48, 363, -463, 97, 585, 1044, 878, 639, 
185, 336, 151, -261, 17, 244, -336, 58, 346, 736, 605, 434, 
126, 234, 107, -180, 9, 170, -248, 29, 175, 512, 395, 283, 
43, 136, 92, -90, -24, 114, -175, -14, -24, 302, 195, 126, 
-43, 48, 92, -2, -68, 70, -112, -63, -239, 117, 39, 0, 
-92, 4, 97, 43, -95, 51, -78, -63, -312, 39, -29, -58, 
-92, -9, 82, 51, -87, 36, -39, -9, -253, 68, -4, -53, 
-97, -24, 73, 61, -85, 24, -9, 24, -209, 82, 24, -53, 
-112, -63, 48, 87, -80, -7, 19, 39, -200, 82, 0, -78, 
-97, -97, 0, 97, -48, -48, 53, 63, -161, 82, -4, -92, 
-82, -131, -48, 107, -17, -90, 82, 92, -136, 73, -9, -97, 
-78, -170, -92, 124, 7, -131, 97, 97, -136, 73, -29, -112, 
-78, -195, -117, 136, 19, -156, 117, 112, -117, 73, -34, -117, 
-87, -214, -126, 151, 19, -170, 126, 122, -107, 73, -39, -141, 
-102, -229, -126, 165, 12, -178, 141, 122, -102, 73, -43, -151, 
-97, -214, -117, 156, 9, -165, 141, 131, -92, 73, -43, -146, 
-82, -195, -112, 139, 14, -153, 131, 131, -97, 68, -39, -151, 
-92, -204, -112, 148, 9, -158, 136, 122, -112, 48, -43, -161, 
-102, -214, -112, 158, 4, -163, 136, 131, -122, 43, -58, -161, 
-112, -214, -102, 163, -4, -158, 151, 126, -122, 39, -73, -161, 
-102, -234, -131, 168, 14, -183, 156, 117, -146, 19, -82, -175, 
-102, -248, -146, 175, 21, -197, 156, 117, -161, 9, -87, -180, 
-102, -253, -151, 178, 24, -202, 151, 117, -156, 4, -102, -180, 
-102, -248, -146, 175, 21, -197, 156, 117, -156, 4, -102, -180, 
-107, -244, -136, 175, 14, -190, 156, 117, -151, 9, -102, -185, 
-107, -244, -136, 175, 14, -190, 156, 126, -151, 9, -102, -190, 
-107, -253, -146, 180, 19, -200, 165, 126, -151, 9, -92, -200, 
-107, -253, -146, 180, 19, -200, 165, 131, -151, 9, -92, -200, 
-112, -253, -141, 183, 14, -197, 165, 131, -146, 9, -97, -195, 
-112, -253, -141, 183, 14, -197, 161, 126, -146, 4, -97, -195, 
-122, -244, -122, 183, 0, -183, 161, 126, -141, 9, -92, -190, 
-117, -248, -131, 183, 7, -190, 165, 126, -141, 14, -92, -190, 
-117, -248, -131, 183, 7, -190, 175, 131, -141, 19, -92, -190, 
-117, -244, -126, 180, 4, -185, 175, 131, -141, 24, -87, -185, 
-107, -248, -141, 178, 17, -195, 175, 136, -136, 24, -97, -185, 
-107, -253, -146, 180, 19, -200, 175, 136, -136, 29, -92, -190, 
-107, -258, -151, 183, 21, -204, 175, 131, -136, 29, -92, -195, 
-107, -263, -156, 185, 24, -209, 175, 131, -131, 29, -92, -200, 
-107, -258, -151, 183, 21, -204, 170, 136, -126, 19, -92, -190, 
-107, -258, -151, 183, 21, -204, 170, 136, -126, 19, -92, -190, 
-107, -258, -151, 183, 21, -204, 170, 136, -126, 24, -92, -190, 
-107, -258, -151, 183, 21, -204, 170, 136, -122, 24, -87, -190, 
-117, -248, -131, 183, 7, -190, 170, 136, -117, 24, -97, -190, 
-117, -244, -126, 180, 4, -185, 170, 136, -117, 29, -97, -190, 
-117, -244, -126, 180, 4, -185, 170, 136, -117, 29, -92, -190, 
-117, -244, -126, 180, 4, -185, 170, 136, -107, 29, -92, -190, 
-112, -234, -122, 173, 4, -178, 170, 136, -107, 24, -102, -190, 
-107, -234, -126, 170, 9, -180, 170, 141, -107, 29, -92, -190, 
-97, -234, -136, 165, 19, -185, 170, 141, -102, 29, -87, -190, 
-92, -234, -141, 163, 24, -187, 170, 141, -97, 34, -87, -185, 
-107, -234, -126, 170, 9, -180, 161, 141, -102, 34, -97, -185, 
-107, -234, -126, 170, 9, -180, 161, 141, -102, 39, -92, -185, 
-107, -234, -126, 170, 9, -180, 161, 141, -97, 39, -92, -185, 
-102, -234, -131, 168, 14, -183, 161, 141, -92, 43, -92, -185, 
-102, -224, -122, 163, 9, -173, 161, 141, -92, 53, -87, -170, 
-102, -219, -117, 161, 7, -168, 161, 141, -87, 53, -82, -170, 
-102, -209, -107, 156, 2, -158, 161, 146, -82, 63, -68, -165, 
-102, -204, -102, 153, 0, -153, 165, 146, -78, 68, -63, -165, 
-92, -204, -112, 148, 9, -158, 165, 151, -73, 58, -68, -165, 
-87, -209, -122, 148, 17, -165, 165, 156, -68, 58, -68, -165, 
-78, -214, -136, 146, 29, -175, 161, 156, -63, 58, -68, -161, 
-78, -204, -126, 141, 24, -165, 161, 156, -58, 68, -58, -156, 
-92, -200, -107, 146, 7, -153, 161, 156, -63, 73, -63, -146, 
-92, -195, -102, 143, 4, -148, 161, 156, -53, 78, -63, -146, 
-87, -190, -102, 139, 7, -146, 161, 156, -48, 82, -63, -146, 
-82, -190, -107, 136, 12, -148, 161, 156, -43, 82, -58, -151, 
-82, -190, -107, 136, 12, -148, 170, 161, -29, 97, -53, -156, 
-82, -180, -97, 131, 7, -139, 170, 161, -24, 107, -48, -146, 
-87, -180, -92, 134, 2, -136, 170, 161, -19, 112, -43, -146, 
-87, -180, -92, 134, 2, -136, 170, 161, -14, 112, -43, -151, 
-87, -165, -78, 126, -4, -122, 156, 170, -14, 107, -53, -151, 
-82, -161, -78, 122, -2, -119, 156, 170, -4, 112, -53, -151, 
-82, -161, -78, 122, -2, -119, 151, 180, 0, 117, -43, -141, 
-78, -156, -78, 117, 0, -117, 151, 180, 4, 122, -39, -141, 
-73, -141, -68, 107, -2, -104, 151, 175, 14, 117, -34, -136, 
-73, -131, -58, 102, -7, -95, 151, 180, 24, 126, -29, -131, 
-73, -122, -48, 97, -12, -85, 151, 180, 34, 131, -24, -126, 
-68, -117, -48, 92, -9, -82, 151, 185, 43, 141, -19, -122, 
-68, -117, -48, 92, -9, -82, 151, 185, 43, 146, -4, -112, 
-63, -112, -48, 87, -7, -80, 151, 190, 58, 151, 4, -107, 
-63, -107, -43, 85, -9, -75, 151, 190, 68, 161, 9, -102, 
-58, -102, -43, 80, -7, -73, 151, 195, 82, 170, 19, -97, 
-53, -102, -48, 78, -2, -75, 141, 195, 92, 180, 19, -97, 
-53, -87, -34, 70, -9, -61, 141, 195, 112, 190, 29, -92, 
-43, -82, -39, 63, -2, -61, 141, 204, 122, 200, 29, -87, 
-53, -68, -14, 61, -19, -41, 141, 204, 141, 209, 43, -82, 
-58, -58, 0, 58, -29, -29, 151, 214, 146, 214, 43, -82, 
-58, -48, 9, 53, -34, -19, 151, 214, 161, 224, 53, -78, 
-53, -48, 4, 51, -29, -21, 146, 219, 175, 234, 68, -68, 
-53, -48, 4, 51, -29, -21, 141, 219, 190, 248, 78, -58, 
-34, -34, 0, 34, -17, -17, 141, 234, 204, 268, 92, -43, 
-29, -29, 0, 29, -14, -14, 141, 234, 219, 278, 102, -34, 
-24, -19, 4, 21, -14, -7, 136, 234, 239, 292, 112, -24, 
-19, -9, 9, 14, -14, 0, 136, 239, 253, 302, 122, -19, 
-24, 9, 34, 7, -29, 21, 122, 239, 258, 312, 131, -14, 
-24, 29, 53, -2, -39, 41, 122, 239, 273, 326, 141, 0, 
-24, 43, 68, -9, -46, 56, 122, 239, 287, 341, 151, 9, 
-24, 48, 73, -12, -48, 61, 112, 244, 302, 351, 161, 14, 
-14, 58, 73, -21, -43, 65, 122, 253, 302, 346, 156, 19, 
-14, 68, 82, -26, -48, 75, 117, 253, 317, 356, 165, 24, 
-9, 73, 82, -31, -46, 78, 117, 263, 331, 366, 175, 34, 
-9, 82, 92, -36, -51, 87, 117, 263, 341, 380, 185, 48, 
-9, 87, 97, -39, -53, 92, 126, 253, 341, 380, 190, 48, 
-4, 102, 107, -48, -56, 104, 117, 253, 351, 390, 195, 48, 
4, 107, 102, -56, -48, 104, 112, 253, 361, 390, 190, 48, 
4, 107, 102, -56, -48, 104, 112, 253, 370, 395, 200, 53, 
0, 117, 117, -58, -58, 117, 102, 253, 380, 409, 214, 63, 
0, 126, 126, -63, -63, 126, 97, 253, 390, 424, 219, 68, 
9, 131, 122, -70, -56, 126, 92, 253, 405, 434, 224, 78, 
9, 141, 131, -75, -61, 136, 92, 253, 419, 444, 239, 78, 
4, 146, 141, -75, -68, 143, 102, 263, 414, 439, 244, 82, 
9, 156, 146, -82, -68, 151, 97, 263, 419, 439, 248, 87, 
9, 165, 156, -87, -73, 161, 97, 263, 424, 444, 253, 92, 
4, 165, 161, -85, -78, 163, 92, 263, 424, 448, 253, 92, 
14, 170, 156, -92, -70, 163, 92, 263, 424, 463, 248, 107, 
19, 175, 156, -97, -68, 165, 92, 263, 424, 463, 253, 107, 
19, 180, 161, -100, -70, 170, 87, 263, 424, 468, 253, 107, 
14, 180, 165, -97, -75, 173, 87, 258, 414, 468, 253, 107, 
9, 175, 165, -92, -78, 170, 78, 244, 405, 453, 248, 107, 
4, 170, 165, -87, -80, 168, 78, 239, 395, 453, 248, 102, 
0, 170, 170, -85, -85, 170, 73, 239, 385, 448, 244, 92, 
-4, 175, 180, -85, -92, 178, 73, 229, 370, 448, 239, 82, 
-4, 175, 180, -85, -92, 178, 78, 234, 366, 429, 239, 92, 
-4, 165, 170, -80, -87, 168, 78, 224, 336, 419, 229, 87, 
-4, 151, 156, -73, -80, 153, 78, 224, 317, 395, 214, 78, 
-14, 146, 161, -65, -87, 153, 82, 214, 297, 385, 200, 78, 
-14, 131, 146, -58, -80, 139, 92, 204, 273, 370, 190, 68, 
-24, 117, 141, -46, -82, 129, 92, 200, 248, 356, 175, 53, 
-29, 107, 136, -39, -82, 122, 97, 195, 229, 341, 165, 39, 
-29, 87, 117, -29, -73, 102, 97, 185, 195, 326, 141, 24, 
-24, 82, 107, -29, -65, 95, 87, 170, 185, 302, 126, 9, 
-34, 68, 102, -17, -68, 85, 87, 165, 161, 287, 117, 4, 
-39, 48, 87, -4, -63, 68, 92, 165, 136, 268, 102, -4, 
-43, 34, 78, 4, -61, 56, 102, 161, 112, 253, 87, -19, 
-48, 29, 78, 9, -63, 53, 102, 165, 97, 229, 73, -19, 
-58, 19, 78, 19, -68, 48, 102, 161, 68, 214, 58, -29, 
-63, 4, 68, 29, -65, 36, 102, 146, 43, 200, 48, -39, 
-68, -9, 58, 39, -63, 24, 102, 146, 24, 180, 34, -58, 
-68, -29, 39, 48, -53, 4, 107, 136, -4, 161, 4, -73, 
-78, -43, 34, 61, -56, -4, 112, 131, -29, 151, -4, -82, 
-87, -58, 29, 73, -58, -14, 112, 126, -43, 141, -19, -97, 
-87, -73, 14, 80, -51, -29, 112, 117, -58, 126, -34, -117, 
-82, -78, 4, 80, -43, -36, 122, 117, -63, 107, -29, -122, 
-97, -87, 9, 92, -53, -39, 126, 117, -73, 92, -34, -126, 
-97, -97, 0, 97, -48, -48, 126, 112, -87, 82, -39, -131, 
-97, -97, 0, 97, -48, -48, 126, 107, -97, 82, -53, -141, 
-97, -92, 4, 95, -51, -43, 136, 112, -107, 68, -63, -141, 
-102, -102, 0, 102, -51, -51, 146, 112, -122, 63, -73, -151, 
-102, -112, -9, 107, -46, -61, 146, 107, -136, 58, -82, -156, 
-102, -112, -9, 107, -46, -61, 146, 107, -141, 58, -92, -156, 
-112, -122, -9, 117, -51, -65, 151, 102, -151, 39, -97, -165, 
-122, -122, 0, 122, -61, -61, 151, 102, -151, 34, -97, -175, 
-122, -136, -14, 129, -53, -75, 151, 97, -156, 34, -97, -175, 
-122, -141, -19, 131, -51, -80, 151, 97, -165, 29, -102, -175, 
-112, -136, -24, 124, -43, -80, 136, 97, -170, 19, -107, -185, 
-117, -136, -19, 126, -48, -78, 136, 97, -175, 19, -112, -190, 
-117, -141, -24, 129, -46, -82, 136, 97, -180, 14, -112, -195, 
-117, -141, -24, 129, -46, -82, 141, 97, -180, 14, -117, -195, 
-117, -151, -34, 134, -41, -92, 141, 87, -190, 14, -117, -185, 
-122, -151, -29, 136, -46, -90, 141, 87, -190, 14, -122, -185, 
-122, -151, -29, 136, -46, -90, 141, 87, -195, 14, -122, -185, 
-122, -156, -34, 139, -43, -95, 141, 87, -195, 14, -126, -190, 
-131, -156, -24, 143, -53, -90, 151, 92, -185, 19, -126, -180, 
-136, -156, -19, 146, -58, -87, 156, 97, -185, 19, -122, -180, 
-136, -156, -19, 146, -58, -87, 156, 102, -190, 19, -122, -180, 
-131, -161, -29, 146, -51, -95, 156, 102, -190, 19, -126, -180, 
-122, -170, -48, 146, -36, -109, 151, 92, -180, 9, -126, -195, 
-122, -170, -48, 146, -36, -109, 151, 92, -185, 4, -131, -195, 
-122, -170, -48, 146, -36, -109, 151, 92, -185, 4, -131, -195, 
-122, -170, -48, 146, -36, -109, 151, 92, -180, 4, -131, -195, 
-141, -175, -34, 158, -53, -104, 156, 107, -180, 4, -131, -185, 
-146, -175, -29, 161, -58, -102, 156, 107, -185, 4, -131, -185, 
-146, -175, -29, 161, -58, -102, 151, 107, -185, 9, -131, -190, 
-151, -175, -24, 163, -63, -100, 151, 107, -185, 9, -126, -190, 
-151, -175, -24, 163, -63, -100, 161, 97, -185, 4, -136, -195, 
-151, -180, -29, 165, -61, -104, 161, 97, -185, 4, -136, -195, 
-151, -180, -29, 165, -61, -104, 161, 97, -185, 4, -136, -195, 
-156, -180, -24, 168, -65, -102, 161, 97, -185, 4, -141, -195, 
-141, -170, -29, 156, -56, -100, 151, 87, -185, 4, -141, -204, 
-141, -170, -29, 156, -56, -100, 151, 87, -185, 4, -141, -204, 
-136, -170, -34, 153, -51, -102, 151, 87, -185, 4, -141, -200, 
-131, -165, -34, 148, -48, -100, 151, 87, -180, 4, -141, -200, 
-131, -165, -34, 148, -48, -100, 156, 97, -180, -4, -146, -190, 
-131, -165, -34, 148, -48, -100, 156, 97, -185, -4, -146, -200, 
-131, -170, -39, 151, -46, -104, 156, 97, -185, -4, -146, -200, 
-131, -170, -39, 151, -46, -104, 161, 97, -180, -4, -146, -200, 
-146, -170, -24, 158, -61, -97, 170, 97, -180, -4, -146, -200, 
-146, -170, -24, 158, -61, -97, 170, 97, -180, -4, -146, -195, 
-141, -170, -29, 156, -56, -100, 170, 97, -180, -4, -146, -195, 
-141, -175, -34, 158, -53, -104, 170, 102, -180, -4, -146, -195, 
-131, -165, -34, 148, -48, -100, 161, 92, -180, 4, -146, -195, 
-131, -165, -34, 148, -48, -100, 161, 92, -180, 4, -146, -200, 
-131, -165, -34, 148, -48, -100, 161, 92, -180, 4, -146, -200, 
-131, -161, -29, 146, -51, -95, 161, 92, -180, 4, -146, -200, 
-136, -161, -24, 148, -56, -92, 170, 102, -170, -4, -151, -195, 
-141, -161, -19, 151, -61, -90, 170, 102, -170, 0, -151, -195, 
-146, -161, -14, 153, -65, -87, 175, 102, -170, 0, -146, -195, 
-151, -161, -9, 156, -70, -85, 175, 107, -161, 0, -146, -195, 
-141, -151, -9, 146, -65, -80, 170, 107, -170, 9, -136, -185, 
-141, -156, -14, 148, -63, -85, 170, 102, -170, 9, -136, -185, 
-141, -156, -14, 148, -63, -85, 170, 102, -170, 9, -136, -185, 
-136, -156, -19, 146, -58, -87, 170, 102, -170, 9, -131, -180, 
-146, -156, -9, 151, -68, -82, 161, 102, -161, 9, -141, -180, 
-151, -156, -4, 153, -73, -80, 161, 102, -161, 14, -141, -180, 
-151, -151, 0, 151, -75, -75, 161, 102, -161, 14, -141, -180, 
-146, -151, -4, 148, -70, -78, 161, 102, -161, 19, -141, -180, 
-151, -151, 0, 151, -75, -75, 170, 102, -151, 29, -131, -170, 
-151, -151, 0, 151, -75, -75, 170, 102, -151, 29, -126, -170, 
-156, -151, 4, 153, -80, -73, 175, 102, -151, 29, -126, -170, 
-156, -151, 4, 153, -80, -73, 175, 102, -151, 34, -122, -170, 
-151, -141, 9, 146, -80, -65, 165, 92, -151, 24, -131, -165, 
-151, -136, 14, 143, -82, -61, 165, 92, -146, 24, -131, -165, 
-156, -136, 19, 146, -87, -58, 165, 92, -146, 24, -126, -170, 
-156, -136, 19, 146, -87, -58, 161, 92, -146, 24, -122, -170, 
-151, -131, 19, 141, -85, -56, 151, 92, -146, 24, -131, -170, 
-146, -131, 14, 139, -80, -58, 151, 92, -151, 24, -131, -170, 
-141, -131, 9, 136, -75, -61, 151, 92, -151, 24, -126, -175, 
-136, -136, 0, 136, -68, -68, 151, 92, -151, 29, -126, -180, 
-146, -136, 9, 141, -78, -63, 161, 92, -151, 29, -122, -170, 
-151, -136, 14, 143, -82, -61, 161, 92, -146, 34, -117, -165, 
-156, -136, 19, 146, -87, -58, 165, 92, -146, 34, -112, -165, 
-156, -136, 19, 146, -87, -58, 165, 92, -146, 34, -107, -170, 
-151, -146, 4, 148, -78, -70, 170, 92, -146, 34, -117, -170, 
-146, -146, 0, 146, -73, -73, 165, 92, -146, 39, -117, -165, 
-146, -141, 4, 143, -75, -68, 165, 92, -146, 39, -117, -165, 
-146, -141, 4, 143, -75, -68, 165, 92, -146, 34, -117, -165, 
-146, -141, 4, 143, -75, -68, 156, 92, -156, 24, -117, -165, 
-146, -141, 4, 143, -75, -68, 156, 92, -156, 24, -117, -165, 
-146, -141, 4, 143, -75, -68, 161, 92, -156, 24, -117, -165, 
-146, -141, 4, 143, -75, -68, 161, 92, -156, 29, -117, -165, 
-146, -141, 4, 143, -75, -68, 156, 82, -156, 29, -112, -175, 
-146, -141, 4, 143, -75, -68, 156, 82, -156, 24, -112, -175, 
-146, -141, 4, 143, -75, -68, 161, 82, -156, 24, -112, -175, 
-146, -141, 4, 143, -75, -68, 161, 82, -161, 24, -117, -175, 
-146, -141, 4, 143, -75, -68, 161, 92, -161, 34, -126, -165, 
-146, -141, 4, 143, -75, -68, 161, 92, -156, 34, -126, -165, 
-151, -146, 4, 148, -78, -70, 161, 92, -156, 34, -126, -165, 
-151, -146, 4, 148, -78, -70, 161, 92, -165, 34, -126, -165, 
-156, -146, 9, 151, -82, -68, 170, 92, -165, 39, -117, -156, 
-156, -146, 9, 151, -82, -68, 170, 92, -165, 39, -117, -161, 
-156, -146, 9, 151, -82, -68, 165, 92, -165, 39, -117, -161, 
-156, -141, 14, 148, -85, -63, 165, 92, -165, 39, -117, -156, 
-146, -141, 4, 143, -75, -68, 156, 82, -165, 39, -117, -161, 
-146, -141, 4, 143, -75, -68, 156, 82, -170, 34, -117, -165, 
-146, -141, 4, 143, -75, -68, 161, 82, -170, 29, -117, -170, 
-146, -141, 4, 143, -75, -68, 161, 82, -170, 24, -117, -175, 
-156, -151, 4, 153, -80, -73, 170, 82, -161, 24, -117, -165, 
-156, -156, 0, 156, -78, -78, 170, 82, -161, 24, -117, -165, 
-165, -156, 9, 161, -87, -73, 170, 82, -161, 24, -117, -165, 
-165, -156, 9, 161, -87, -73, 170, 82, -165, 19, -117, -170, 
-161, -161, 0, 161, -80, -80, 180, 92, -165, 19, -117, -170, 
-156, -161, -4, 158, -75, -82, 180, 92, -165, 24, -117, -170, 
-156, -165, -9, 161, -73, -87, 180, 92, -170, 24, -117, -170, 
-156, -165, -9, 161, -73, -87, 180, 87, -170, 19, -117, -170, 
-165, -170, -4, 168, -80, -87, 170, 78, -180, 14, -126, -170, 
-165, -170, -4, 168, -80, -87, 170, 78, -180, 14, -126, -170, 
-165, -165, 0, 165, -82, -82, 170, 73, -185, 14, -126, -170, 
-165, -165, 0, 165, -82, -82, 170, 73, -185, 14, -131, -175, 
-165, -165, 0, 165, -82, -82, 170, 78, -175, 14, -122, -175, 
-165, -161, 4, 163, -85, -78, 170, 78, -175, 14, -122, -175, 
-165, -161, 4, 163, -85, -78, 170, 78, -175, 14, -126, -175, 
-165, -165, 0, 165, -82, -82, 170, 78, -175, 9, -126, -175, 
-165, -165, 0, 165, -82, -82, 170, 68, -185, 9, -136, -180, 
-165, -165, 0, 165, -82, -82, 170, 68, -190, 9, -136, -180, 
-165, -165, 0, 165, -82, -82, 170, 68, -190, 9, -136, -180, 
-165, -170, -4, 168, -80, -87, 170, 68, -190, 9, -136, -180, 
-165, -170, -4, 168, -80, -87, 180, 68, -190, 9, -136, -170, 
-165, -170, -4, 168, -80, -87, 180, 68, -190, 9, -136, -170, 
-165, -170, -4, 168, -80, -87, 180, 68, -185, 9, -136, -170, 
-165, -170, -4, 168, -80, -87, 180, 68, -185, 9, -141, -170, 
-165, -170, -4, 168, -80, -87, 170, 68, -195, 4, -141, -180, 
-165, -170, -4, 168, -80, -87, 170, 68, -195, 4, -136, -180, 
-165, -170, -4, 168, -80, -87, 170, 63, -200, 9, -136, -180, 
-165, -170, -4, 168, -80, -87, 170, 63, -200, 9, -136, -180, 
-165, -180, -14, 173, -75, -97, 170, 68, -200, 0, -146, -180, 
-165, -180, -14, 173, -75, -97, 170, 68, -200, 0, -146, -180, 
-165, -180, -14, 173, -75, -97, 170, 68, -195, 0, -146, -180, 
-165, -180, -14, 173, -75, -97, 165, 63, -195, 0, -146, -180, 
-165, -180, -14, 173, -75, -97, 175, 63, -195, 9, -136, -180, 
-165, -180, -14, 173, -75, -97, 175, 63, -195, 4, -136, -180, 
-165, -180, -14, 173, -75, -97, 175, 63, -200, 4, -136, -180, 
-165, -175, -9, 170, -78, -92, 175, 63, -200, 4, -136, -175, 
-165, -175, -9, 170, -78, -92, 175, 73, -190, 9, -131, -165, 
-165, -175, -9, 170, -78, -92, 175, 73, -190, 14, -131, -165, 
-165, -175, -9, 170, -78, -92, 175, 73, -185, 14, -131, -165, 
-165, -175, -9, 170, -78, -92, 175, 73, -185, 19, -131, -165, 
-165, -165, 0, 165, -82, -82, 175, 68, -185, 19, -122, -156, 
-165, -170, -4, 168, -80, -87, 185, 68, -180, 34, -126, -146, 
-165, -156, 9, 161, -87, -73, 185, 68, -175, 39, -117, -146, 
-156, -146, 9, 151, -82, -68, 175, 58, -161, 39, -112, -146, 
-156, -136, 19, 146, -87, -58, 175, 58, -156, 39, -107, -146, 
-156, -126, 29, 141, -92, -48, 175, 58, -151, 39, -102, -146, 
-156, -117, 39, 136, -97, -39, 175, 58, -146, 39, -97, -146, 
-156, -117, 39, 136, -97, -39, 170, 58, -151, 48, -97, -146, 
-161, -117, 43, 139, -102, -36, 170, 58, -146, 53, -97, -141, 
-165, -117, 48, 141, -107, -34, 170, 58, -141, 53, -97, -136, 
-170, -112, 58, 141, -114, -26, 170, 58, -141, 53, -97, -136, 
-175, -107, 68, 141, -122, -19, 170, 58, -131, 58, -87, -126, 
-170, -107, 63, 139, -117, -21, 170, 58, -131, 58, -82, -126, 
-170, -107, 63, 139, -117, -21, 170, 63, -131, 58, -82, -126, 
-170, -107, 63, 139, -117, -21, 170, 63, -131, 58, -82, -131, 
-170, -107, 63, 139, -117, -21, 170, 63, -131, 48, -78, -122, 
-170, -107, 63, 139, -117, -21, 165, 63, -126, 48, -78, -122, 
-170, -102, 68, 136, -119, -17, 151, 58, -126, 58, -78, -117, 
-170, -92, 78, 131, -124, -7, 151, 48, -126, 58, -78, -107, 
-165, -87, 78, 126, -122, -4, 146, 53, -126, 63, -78, -117, 
-161, -78, 82, 119, -122, 2, 141, 48, -126, 63, -73, -117, 
-146, -73, 73, 109, -109, 0, 131, 48, -126, 63, -73, -112, 
-141, -63, 78, 102, -109, 7, 117, 43, -126, 68, -68, -112, 
-146, -48, 97, 97, -122, 24, 107, 34, -136, 73, -63, -97, 
-136, -39, 97, 87, -117, 29, 102, 29, -136, 73, -58, -97, 
-131, -29, 102, 80, -117, 36, 97, 29, -131, 78, -58, -87, 
-126, -19, 107, 73, -117, 43, 87, 34, -126, 87, -48, -82, 
-126, -9, 117, 68, -122, 53, 78, 34, -126, 87, -53, -82, 
-126, 0, 126, 63, -126, 63, 78, 34, -117, 97, -43, -78, 
-117, 9, 126, 53, -122, 68, 78, 34, -112, 97, -39, -73, 
-107, 19, 126, 43, -117, 73, 78, 39, -112, 97, -34, -73, 
-92, 9, 102, 41, -97, 56, 87, 39, -112, 97, -34, -63, 
-92, 0, 92, 46, -92, 46, 92, 43, -112, 107, -34, -63, 
-92, 0, 92, 46, -92, 46, 92, 43, -117, 112, -34, -58, 
-87, -4, 82, 46, -85, 39, 97, 48, -117, 112, -34, -58, 
-87, -14, 73, 51, -80, 29, 102, 48, -122, 102, -34, -68, 
-97, -29, 68, 63, -82, 19, 107, 48, -126, 97, -34, -73, 
-102, -48, 53, 75, -78, 2, 117, 48, -131, 92, -39, -82, 
-117, -63, 53, 90, -85, -4, 122, 58, -141, 78, -43, -87, 
-112, -73, 39, 92, -75, -17, 122, 58, -141, 73, -53, -107, 
-117, -87, 29, 102, -73, -29, 126, 58, -151, 63, -58, -112, 
-126, -107, 19, 117, -73, -43, 131, 58, -161, 53, -68, -126, 
-131, -122, 9, 126, -70, -56, 141, 63, -165, 53, -82, -131, 
-141, -141, 0, 141, -70, -70, 156, 73, -170, 53, -97, -141, 
-146, -156, -9, 151, -68, -82, 161, 68, -175, 53, -102, -136, 
-151, -170, -19, 161, -65, -95, 165, 68, -180, 43, -112, -136, 
-156, -180, -24, 168, -65, -102, 175, 68, -185, 34, -112, -141, 
-161, -185, -24, 173, -68, -104, 170, 58, -185, 19, -107, -156, 
-170, -190, -19, 180, -75, -104, 175, 58, -190, 14, -112, -161, 
-175, -209, -34, 192, -70, -122, 180, 63, -190, 14, -117, -165, 
-180, -209, -29, 195, -75, -119, 185, 73, -200, 9, -122, -170, 
-170, -234, -63, 202, -53, -148, 200, 73, -200, 4, -136, -175, 
-170, -234, -63, 202, -53, -148, 204, 68, -204, 0, -136, -175, 
-175, -244, -68, 209, -53, -156, 204, 68, -214, -4, -141, -185, 
-175, -253, -78, 214, -48, -165, 209, 73, -214, -9, -146, -185, 
-175, -244, -68, 209, -53, -156, 204, 73, -214, -19, -151, -185, 
-165, -248, -82, 207, -41, -165, 204, 78, -214, -19, -156, -190, 
-165, -248, -82, 207, -41, -165, 204, 78, -214, -24, -156, -195, 
-165, -248, -82, 207, -41, -165, 204, 78, -214, -24, -156, -195, 
-180, -263, -82, 222, -48, -173, 209, 78, -214, -24, -156, -204, 
-180, -268, -87, 224, -46, -178, 209, 78, -214, -24, -156, -204, 
-185, -273, -87, 229, -48, -180, 209, 78, -219, -29, -161, -209, 
-185, -273, -87, 229, -48, -180, 214, 78, -219, -29, -161, -209, 
-190, -273, -82, 231, -53, -178, 224, 78, -219, -29, -156, -200, 
-190, -268, -78, 229, -56, -173, 224, 78, -219, -24, -156, -200, 
-190, -268, -78, 229, -56, -173, 219, 78, -219, -24, -151, -204, 
-190, -278, -87, 234, -51, -183, 219, 78, -219, -34, -151, -204, 
-195, -278, -82, 236, -56, -180, 209, 68, -229, -34, -165, -204, 
-190, -273, -82, 231, -53, -178, 214, 68, -224, -34, -165, -204, 
-190, -273, -82, 231, -53, -178, 214, 68, -224, -34, -165, -204, 
-190, -273, -82, 231, -53, -178, 214, 68, -224, -34, -165, -204, 
-190, -278, -87, 234, -51, -183, 224, 82, -224, -34, -165, -214, 
-190, -278, -87, 234, -51, -183, 224, 82, -224, -34, -165, -219, 
-190, -278, -87, 234, -51, -183, 229, 78, -224, -34, -165, -219, 
-190, -278, -87, 234, -51, -183, 229, 78, -224, -34, -165, -219, 
-180, -278, -97, 229, -41, -187, 224, 78, -224, -34, -165, -209, 
-180, -273, -92, 226, -43, -183, 224, 78, -224, -29, -165, -209, 
-180, -273, -92, 226, -43, -183, 224, 78, -224, -29, -165, -209, 
-180, -273, -92, 226, -43, -183, 224, 78, -224, -34, -165, -209, 
-190, -283, -92, 236, -48, -187, 224, 78, -224, -34, -165, -219, 
-190, -283, -92, 236, -48, -187, 224, 78, -224, -29, -165, -214, 
-190, -283, -92, 236, -48, -187, 224, 78, -224, -29, -165, -214, 
-190, -283, -92, 236, -48, -187, 224, 78, -224, -29, -170, -214, 
-180, -283, -102, 231, -39, -192, 224, 78, -234, -29, -161, -204, 
-185, -283, -97, 234, -43, -190, 224, 78, -234, -29, -156, -204, 
-185, -283, -97, 234, -43, -190, 224, 82, -234, -29, -156, -204, 
-185, -283, -97, 234, -43, -190, 224, 82, -234, -29, -156, -204, 
-185, -283, -97, 234, -43, -190, 229, 87, -224, -29, -165, -214, 
-185, -292, -107, 239, -39, -200, 234, 92, -224, -29, -165, -219, 
-185, -292, -107, 239, -39, -200, 244, 92, -224, -34, -165, -219, 
-185, -292, -107, 239, -39, -200, 244, 92, -224, -43, -175, -224, 
-185, -287, -102, 236, -41, -195, 258, 92, -224, -34, -175, -214, 
-185, -297, -112, 241, -36, -204, 273, 112, -219, -29, -175, -214, 
-175, -283, -107, 229, -34, -195, 283, 112, -200, -29, -165, -209, 
-180, -244, -63, 212, -58, -153, 268, 107, -165, 9, -131, -195, 
-170, -190, -19, 180, -75, -104, 244, 97, -102, 58, -92, -146, 
-165, -151, 14, 158, -90, -68, 229, 87, -19, 122, -43, -112, 
-156, -73, 82, 114, -119, 4, 224, 87, 97, 224, 34, -48, 
-151, 19, 170, 65, -161, 95, 209, 97, 263, 361, 146, 34, 
-136, 107, 244, 14, -190, 175, 185, 126, 478, 556, 287, 136, 
-107, 229, 336, -61, -222, 283, 136, 161, 707, 766, 453, 248, 
-48, 390, 439, -170, -244, 414, 78, 180, 932, 980, 634, 390, 
24, 566, 541, -295, -258, 553, -4, 200, 1180, 1234, 844, 551, 
117, 771, 653, -444, -268, 712, -107, 209, 1464, 1537, 1098, 741, 
224, 995, 771, -610, -273, 883, -229, 209, 1732, 1825, 1332, 932, 
331, 1220, 888, -775, -278, 1054, -370, 195, 1971, 2088, 1566, 1127, 
419, 1439, 1019, -929, -300, 1229, -531, 165, 2181, 2361, 1820, 1351, 
507, 1634, 1127, -1071, -309, 1381, -688, 136, 2337, 2601, 2039, 1527, 
580, 1766, 1185, -1173, -302, 1476, -805, 126, 2420, 2776, 2191, 1654, 
639, 1839, 1200, -1239, -280, 1520, -897, 131, 2430, 2845, 2264, 1717, 
683, 1844, 1161, -1263, -239, 1503, -976, 122, 2332, 2810, 2254, 1737, 
697, 1756, 1058, -1227, -180, 1407, -995, 136, 2147, 2693, 2176, 1678, 
697, 1522, 824, -1110, -63, 1173, -922, 200, 1912, 2449, 2000, 1527, 
619, 1200, 580, -910, 19, 890, -785, 219, 1581, 2098, 1712, 1293, 
483, 893, 409, -688, 36, 651, -634, 170, 1176, 1659, 1346, 1019, 
336, 605, 268, -470, 34, 436, -473, 107, 771, 1210, 966, 727, 
195, 375, 180, -285, 7, 278, -317, 68, 463, 834, 644, 492, 
97, 244, 146, -170, -24, 195, -209, 19, 273, 600, 434, 322, 
-4, 146, 151, -70, -78, 148, -126, -14, 112, 400, 253, 185, 
-92, 68, 161, 12, -126, 114, -53, -63, -112, 195, 87, 68, 
-170, 24, 195, 73, -183, 109, -9, -102, -273, 78, -9, -9, 
-170, 9, 180, 80, -175, 95, 9, -78, -273, 68, -24, -34, 
-156, -14, 141, 85, -148, 63, 39, -34, -219, 82, -14, -43, 
-151, -43, 107, 97, -129, 31, 68, -9, -209, 82, -29, -68, 
-136, -78, 58, 107, -97, -9, 102, 14, -180, 73, -53, -92, 
-131, -131, 0, 131, -65, -65, 141, 43, -146, 73, -68, -117, 
-136, -161, -24, 148, -56, -92, 165, 58, -136, 73, -68, -122, 
-136, -185, -48, 161, -43, -117, 185, 73, -117, 73, -73, -126, 
-146, -204, -58, 175, -43, -131, 204, 92, -97, 73, -78, -131, 
-151, -219, -68, 185, -41, -143, 219, 102, -92, 73, -73, -131, 
-146, -214, -68, 180, -39, -141, 219, 102, -92, 73, -73, -136, 
-161, -214, -53, 187, -53, -134, 219, 102, -87, 68, -78, -141, 
-170, -224, -53, 197, -58, -139, 224, 92, -102, 58, -82, -141, 
-170, -234, -63, 202, -53, -148, 224, 92, -112, 43, -87, -151, 
-170, -234, -63, 202, -53, -148, 229, 97, -122, 29, -92, -161, 
-180, -244, -63, 212, -58, -153, 234, 97, -136, 19, -112, -175, 
-170, -248, -78, 209, -46, -163, 234, 97, -141, 9, -126, -190, 
-161, -258, -97, 209, -31, -178, 239, 97, -146, 14, -131, -190, 
-161, -258, -97, 209, -31, -178, 244, 97, -146, 14, -131, -190, 
-165, -258, -92, 212, -36, -175, 244, 97, -141, 19, -131, -195, 
-165, -263, -97, 214, -34, -180, 244, 107, -141, 19, -131, -200, 
-175, -273, -97, 224, -39, -185, 244, 107, -141, 19, -126, -195, 
-175, -273, -97, 224, -39, -185, 244, 112, -141, 19, -122, -190, 
-180, -273, -92, 226, -43, -183, 244, 112, -136, 19, -122, -180, 
-180, -273, -92, 226, -43, -183, 239, 107, -136, 14, -117, -175, 
-175, -263, -87, 219, -43, -175, 239, 107, -151, 4, -126, -190, 
-165, -268, -102, 217, -31, -185, 244, 107, -151, 4, -131, -190, 
-161, -268, -107, 214, -26, -187, 253, 112, -151, 4, -136, -190, 
-156, -263, -107, 209, -24, -185, 253, 112, -151, 4, -136, -185, 
-161, -268, -107, 214, -26, -187, 253, 117, -136, 14, -126, -180, 
-165, -273, -107, 219, -29, -190, 253, 117, -136, 19, -122, -180, 
-170, -278, -107, 224, -31, -192, 253, 112, -136, 19, -122, -180, 
-175, -283, -107, 229, -34, -195, 253, 112, -131, 19, -122, -180, 
-165, -278, -112, 222, -26, -195, 258, 126, -126, 19, -122, -190, 
-165, -278, -112, 222, -26, -195, 258, 126, -126, 19, -122, -190, 
-165, -278, -112, 222, -26, -195, 258, 126, -126, 24, -122, -190, 
-165, -278, -112, 222, -26, -195, 258, 126, -122, 24, -117, -190, 
-165, -268, -102, 217, -31, -185, 248, 126, -117, 14, -117, -180, 
-165, -263, -97, 214, -34, -180, 248, 126, -117, 19, -117, -180, 
-165, -263, -97, 214, -34, -180, 248, 126, -117, 19, -112, -180, 
-165, -263, -97, 214, -34, -180, 248, 126, -107, 19, -112, -180, 
-156, -263, -107, 209, -24, -185, 258, 126, -107, 24, -122, -180, 
-156, -263, -107, 209, -24, -185, 258, 131, -107, 29, -112, -180, 
-151, -263, -112, 207, -19, -187, 258, 131, -102, 29, -107, -180, 
-151, -263, -112, 207, -19, -187, 258, 131, -97, 34, -107, -175, 
-165, -253, -87, 209, -39, -170, 258, 131, -92, 34, -97, -165, 
-165, -253, -87, 209, -39, -170, 258, 131, -92, 39, -92, -165, 
-165, -253, -87, 209, -39, -170, 258, 131, -87, 39, -92, -165, 
-161, -253, -92, 207, -34, -173, 258, 131, -82, 43, -92, -165, 
-151, -239, -87, 195, -31, -163, 258, 131, -82, 43, -92, -170, 
-151, -239, -87, 195, -31, -163, 258, 131, -78, 43, -92, -170, 
-151, -234, -82, 192, -34, -158, 258, 136, -73, 53, -82, -165, 
-151, -234, -82, 192, -34, -158, 263, 136, -68, 58, -82, -165, 
-151, -234, -82, 192, -34, -158, 253, 141, -63, 68, -78, -156, 
-146, -239, -92, 192, -26, -165, 253, 146, -58, 68, -78, -156, 
-136, -244, -107, 190, -14, -175, 248, 146, -53, 68, -78, -151, 
-136, -234, -97, 185, -19, -165, 248, 146, -48, 78, -68, -146, 
-136, -219, -82, 178, -26, -151, 239, 146, -53, 78, -73, -141, 
-131, -214, -82, 173, -24, -148, 239, 146, -43, 78, -73, -146, 
-122, -209, -87, 165, -17, -148, 239, 146, -39, 78, -73, -151, 
-112, -209, -97, 161, -7, -153, 239, 146, -34, 73, -68, -161, 
-117, -209, -92, 163, -12, -151, 244, 151, -9, 87, -53, -156, 
-122, -200, -78, 161, -21, -139, 248, 151, -4, 97, -48, -136, 
-131, -200, -68, 165, -31, -134, 253, 151, 0, 102, -43, -126, 
-136, -200, -63, 168, -36, -131, 258, 151, 4, 102, -43, -122, 
-136, -195, -58, 165, -39, -126, 244, 151, 14, 107, -53, -131, 
-131, -190, -58, 161, -36, -124, 244, 151, 24, 112, -53, -131, 
-131, -190, -58, 161, -36, -124, 239, 161, 29, 117, -43, -122, 
-126, -185, -58, 156, -34, -122, 239, 161, 34, 122, -39, -122, 
-122, -180, -58, 151, -31, -119, 239, 156, 34, 126, -34, -126, 
-122, -170, -48, 146, -36, -109, 239, 161, 43, 136, -29, -122, 
-122, -161, -39, 141, -41, -100, 239, 161, 53, 141, -24, -117, 
-117, -156, -39, 136, -39, -97, 239, 165, 63, 151, -19, -112, 
-126, -146, -19, 136, -53, -82, 239, 175, 78, 156, -4, -102, 
-122, -141, -19, 131, -51, -80, 239, 180, 97, 161, 4, -97, 
-122, -136, -14, 129, -53, -75, 239, 180, 112, 170, 9, -92, 
-117, -131, -14, 124, -51, -73, 239, 185, 131, 180, 19, -87, 
-102, -131, -29, 117, -36, -80, 239, 185, 131, 180, 29, -87, 
-92, -136, -43, 114, -24, -90, 239, 185, 141, 190, 39, -82, 
-102, -131, -29, 117, -36, -80, 239, 195, 151, 200, 39, -68, 
-92, -107, -14, 100, -39, -61, 229, 195, 161, 219, 53, -53, 
