I, II, III, aVR, aVL, aVF, V1, V2, V3, V4, V5, V6, 
107, -204, -312, 48, 209, -258, 263, 204, 361, 253, 273, -1893, 
107, -204, -312, 48, 209, -258, 263, 204, 361, 253, 273, -1893, 
107, -204, -312, 48, 209, -258, 263, 204, 361, 253, 273, -1893, 
107, -204, -312, 48, 209, -258, 263, 204, 361, 253, 273, -1893, 
107, -214, -322, 53, 214, -268, 248, 195, 351, 244, 263, -1893, 
107, -214, -322, 53, 214, -268, 244, 185, 341, 244, 263, -1893, 
107, -214, -322, 53, 214, -268, 239, 175, 331, 244, 263, -1893, 
107, -214, -322, 53, 214, -268, 234, 165, 322, 244, 263, -1893, 
97, -219, -317, 61, 207, -268, 219, 151, 302, 234, 253, -1903, 
97, -224, -322, 63, 209, -273, 214, 136, 292, 234, 253, -1903, 
97, -229, -326, 65, 212, -278, 209, 122, 283, 234, 253, -1903, 
97, -234, -331, 68, 214, -283, 204, 107, 273, 234, 253, -1903, 
92, -244, -336, 75, 214, -290, 204, 82, 258, 229, 244, -1912, 
87, -244, -331, 78, 209, -287, 204, 68, 253, 224, 244, -1912, 
82, -244, -326, 80, 204, -285, 204, 53, 248, 219, 244, -1912, 
78, -244, -322, 82, 200, -283, 204, 39, 244, 214, 244, -1912, 
68, -248, -317, 90, 192, -283, 204, 29, 229, 209, 239, -1922, 
68, -253, -322, 92, 195, -287, 204, 19, 224, 204, 234, -1922, 
68, -258, -326, 95, 197, -292, 204, 9, 219, 200, 229, -1922, 
68, -263, -331, 97, 200, -297, 204, 0, 214, 195, 224, -1922, 
63, -268, -331, 102, 197, -300, 200, -14, 204, 195, 214, -1932, 
58, -273, -331, 107, 195, -302, 195, -19, 204, 195, 214, -1932, 
53, -278, -331, 112, 192, -305, 190, -24, 204, 195, 214, -1932, 
48, -283, -331, 117, 190, -307, 185, -29, 204, 195, 214, -1932, 
43, -292, -336, 124, 190, -314, 175, -34, 195, 185, 214, -1932, 
39, -292, -331, 126, 185, -312, 175, -39, 195, 185, 214, -1932, 
34, -292, -326, 129, 180, -309, 175, -43, 195, 185, 214, -1932, 
29, -292, -322, 131, 175, -307, 175, -48, 195, 185, 214, -1932, 
19, -297, -317, 139, 168, -307, 185, -63, 185, 185, 204, -1932, 
19, -302, -322, 141, 170, -312, 185, -68, 185, 185, 204, -1932, 
19, -307, -326, 143, 173, -317, 185, -73, 185, 185, 204, -1932, 
19, -312, -331, 146, 175, -322, 185, -78, 185, 185, 204, -1932, 
9, -312, -322, 151, 165, -317, 185, -92, 175, 175, 195, -1937, 
9, -312, -322, 151, 165, -317, 185, -97, 175, 175, 195, -1942, 
9, -312, -322, 151, 165, -317, 185, -102, 175, 175, 195, -1947, 
9, -312, -322, 151, 165, -317, 185, -107, 175, 175, 195, -1952, 
9, -312, -322, 151, 165, -317, 180, -107, 165, 175, 185, -1952, 
9, -312, -322, 151, 165, -317, 175, -107, 165, 175, 185, -1952, 
9, -312, -322, 151, 165, -317, 170, -107, 165, 175, 185, -1952, 
9, -312, -322, 151, 165, -317, 165, -107, 165, 175, 185, -1952, 
9, -326, -336, 158, 173, -331, 175, -107, 175, 175, 185, -1961, 
9, -331, -341, 161, 175, -336, 175, -107, 175, 175, 185, -1961, 
9, -336, -346, 163, 178, -341, 175, -107, 175, 175, 185, -1961, 
9, -341, -351, 165, 180, -346, 175, -107, 175, 175, 185, -1961, 
0, -331, -331, 165, 165, -331, 165, -117, 165, 165, 175, -1961, 
0, -331, -331, 165, 165, -331, 165, -117, 165, 165, 175, -1961, 
0, -331, -331, 165, 165, -331, 165, -117, 165, 165, 175, -1961, 
0, -331, -331, 165, 165, -331, 165, -117, 165, 165, 175, -1961, 
9, -331, -341, 161, 175, -336, 165, -112, 165, 175, 185, -1952, 
9, -331, -341, 161, 175, -336, 165, -107, 165, 175, 185, -1952, 
9, -331, -341, 161, 175, -336, 165, -102, 165, 175, 185, -1952, 
9, -331, -341, 161, 175, -336, 165, -97, 165, 175, 185, -1952, 
0, -341, -341, 170, 170, -341, 175, -107, 175, 175, 185, -1952, 
0, -341, -341, 170, 170, -341, 175, -107, 175, 175, 185, -1952, 
0, -341, -341, 170, 170, -341, 175, -107, 175, 175, 185, -1952, 
0, -341, -341, 170, 170, -341, 175, -107, 175, 175, 185, -1952, 
-9, -351, -341, 180, 165, -346, 185, -117, 175, 185, 185, -1952, 
-9, -351, -341, 180, 165, -346, 185, -117, 175, 185, 185, -1952, 
-9, -351, -341, 180, 165, -346, 185, -117, 175, 185, 185, -1952, 
-9, -351, -341, 180, 165, -346, 185, -117, 175, 185, 185, -1952, 
-9, -351, -341, 180, 165, -346, 175, -117, 175, 175, 185, -1952, 
-9, -351, -341, 180, 165, -346, 175, -117, 175, 175, 185, -1952, 
-9, -351, -341, 180, 165, -346, 175, -117, 175, 175, 185, -1952, 
-9, -351, -341, 180, 165, -346, 175, -117, 175, 175, 185, -1952, 
-9, -351, -341, 180, 165, -346, 165, -117, 175, 185, 185, -1952, 
-9, -351, -341, 180, 165, -346, 165, -117, 175, 185, 185, -1952, 
-9, -351, -341, 180, 165, -346, 165, -117, 175, 185, 185, -1952, 
-9, -351, -341, 180, 165, -346, 165, -117, 175, 185, 185, -1952, 
-19, -361, -341, 190, 161, -351, 175, -117, 185, 185, 185, -1952, 
-19, -361, -341, 190, 161, -351, 175, -117, 185, 185, 185, -1952, 
-19, -361, -341, 190, 161, -351, 175, -117, 185, 185, 185, -1952, 
-19, -361, -341, 190, 161, -351, 175, -117, 185, 185, 185, -1952, 
-9, -351, -341, 180, 165, -346, 175, -117, 175, 185, 185, -1952, 
-9, -351, -341, 180, 165, -346, 175, -117, 175, 185, 185, -1952, 
-9, -351, -341, 180, 165, -346, 175, -117, 175, 185, 185, -1952, 
-9, -351, -341, 180, 165, -346, 175, -117, 175, 185, 185, -1952, 
-9, -351, -341, 180, 165, -346, 175, -107, 180, 195, 195, -1942, 
-9, -351, -341, 180, 165, -346, 175, -107, 185, 195, 195, -1942, 
-9, -351, -341, 180, 165, -346, 175, -107, 190, 195, 195, -1942, 
-9, -351, -341, 180, 165, -346, 175, -107, 195, 195, 195, -1942, 
-9, -351, -341, 180, 165, -346, 175, -107, 195, 195, 195, -1952, 
-9, -351, -341, 180, 165, -346, 175, -107, 195, 195, 195, -1952, 
-9, -351, -341, 180, 165, -346, 175, -107, 195, 195, 195, -1952, 
-9, -351, -341, 180, 165, -346, 175, -107, 195, 195, 195, -1952, 
0, -341, -341, 170, 170, -341, 185, -97, 204, 204, 204, -1942, 
0, -341, -341, 170, 170, -341, 185, -97, 204, 204, 204, -1942, 
0, -341, -341, 170, 170, -341, 185, -97, 204, 204, 204, -1942, 
0, -341, -341, 170, 170, -341, 185, -97, 204, 204, 204, -1942, 
-9, -351, -341, 180, 165, -346, 185, -87, 214, 214, 204, -1932, 
-9, -351, -341, 180, 165, -346, 185, -87, 214, 214, 204, -1932, 
-9, -351, -341, 180, 165, -346, 185, -87, 214, 214, 204, -1932, 
-9, -351, -341, 180, 165, -346, 185, -87, 214, 214, 204, -1932, 
-9, -361, -351, 185, 170, -356, 185, -87, 224, 204, 204, -1942, 
-9, -361, -351, 185, 170, -356, 185, -87, 224, 204, 204, -1942, 
-9, -361, -351, 185, 170, -356, 185, -87, 224, 204, 204, -1942, 
-9, -361, -351, 185, 170, -356, 185, -87, 224, 204, 204, -1942, 
-9, -361, -351, 185, 170, -356, 185, -87, 224, 214, 214, -1932, 
-9, -361, -351, 185, 170, -356, 185, -87, 224, 214, 214, -1932, 
-9, -361, -351, 185, 170, -356, 185, -87, 224, 214, 214, -1932, 
-9, -361, -351, 185, 170, -356, 185, -87, 224, 214, 214, -1932, 
-4, -351, -346, 178, 170, -348, 175, -82, 224, 214, 214, -1932, 
0, -351, -351, 175, 175, -351, 175, -78, 224, 214, 214, -1932, 
4, -351, -356, 173, 180, -353, 175, -73, 224, 214, 214, -1932, 
9, -351, -361, 170, 185, -356, 175, -68, 224, 214, 214, -1932, 
9, -351, -361, 170, 185, -356, 185, -68, 234, 224, 214, -1922, 
9, -351, -361, 170, 185, -356, 185, -68, 234, 224, 214, -1922, 
9, -351, -361, 170, 185, -356, 185, -68, 234, 224, 214, -1922, 
9, -351, -361, 170, 185, -356, 185, -68, 234, 224, 214, -1922, 
9, -351, -361, 170, 185, -356, 195, -78, 234, 214, 224, -1932, 
9, -351, -361, 170, 185, -356, 195, -78, 234, 214, 224, -1932, 
9, -351, -361, 170, 185, -356, 195, -78, 234, 214, 224, -1932, 
9, -351, -361, 170, 185, -356, 195, -78, 234, 214, 224, -1932, 
0, -361, -361, 180, 180, -361, 185, -68, 224, 214, 214, -1932, 
0, -361, -361, 180, 180, -361, 185, -68, 224, 214, 214, -1932, 
0, -361, -361, 180, 180, -361, 185, -68, 224, 214, 214, -1932, 
0, -361, -361, 180, 180, -361, 185, -68, 224, 214, 214, -1932, 
-9, -361, -351, 185, 170, -356, 175, -68, 224, 214, 214, -1932, 
-9, -361, -351, 185, 170, -356, 175, -68, 224, 214, 214, -1932, 
-9, -361, -351, 185, 170, -356, 175, -68, 224, 214, 214, -1932, 
-9, -361, -351, 185, 170, -356, 175, -68, 224, 214, 214, -1932, 
0, -361, -361, 180, 180, -361, 185, -78, 224, 214, 214, -1922, 
0, -361, -361, 180, 180, -361, 185, -78, 224, 214, 214, -1922, 
0, -361, -361, 180, 180, -361, 185, -78, 224, 214, 214, -1922, 
0, -361, -361, 180, 180, -361, 185, -78, 224, 214, 214, -1922, 
-9, -370, -361, 190, 175, -366, 185, -78, 214, 204, 214, -1932, 
-9, -370, -361, 190, 175, -366, 185, -78, 214, 204, 214, -1932, 
-9, -370, -361, 190, 175, -366, 185, -78, 214, 204, 214, -1932, 
-9, -370, -361, 190, 175, -366, 185, -78, 214, 204, 214, -1932, 
-9, -375, -366, 192, 178, -370, 195, -87, 214, 195, 214, -1932, 
-9, -380, -370, 195, 180, -375, 195, -87, 214, 195, 214, -1932, 
-9, -385, -375, 197, 183, -380, 195, -87, 214, 195, 214, -1932, 
-9, -390, -380, 200, 185, -385, 195, -87, 214, 195, 214, -1932, 
-9, -380, -370, 195, 180, -375, 190, -78, 214, 195, 214, -1922, 
-9, -380, -370, 195, 180, -375, 185, -78, 214, 195, 214, -1922, 
-9, -380, -370, 195, 180, -375, 180, -78, 214, 195, 214, -1922, 
-9, -380, -370, 195, 180, -375, 175, -78, 214, 195, 214, -1922, 
-4, -380, -375, 192, 185, -378, 185, -87, 214, 195, 214, -1932, 
0, -380, -380, 190, 190, -380, 185, -87, 214, 195, 214, -1932, 
4, -380, -385, 187, 195, -383, 185, -87, 214, 195, 214, -1932, 
9, -380, -390, 185, 200, -385, 185, -87, 214, 195, 214, -1932, 
4, -385, -390, 190, 197, -387, 185, -87, 214, 204, 214, -1932, 
0, -390, -390, 195, 195, -390, 185, -87, 214, 204, 214, -1932, 
-4, -395, -390, 200, 192, -392, 185, -87, 214, 204, 214, -1932, 
-9, -400, -390, 204, 190, -395, 185, -87, 214, 204, 214, -1932, 
-9, -400, -390, 204, 190, -395, 180, -87, 204, 204, 204, -1942, 
-9, -400, -390, 204, 190, -395, 175, -87, 204, 204, 204, -1942, 
-9, -400, -390, 204, 190, -395, 170, -87, 204, 204, 204, -1942, 
-9, -400, -390, 204, 190, -395, 165, -87, 204, 204, 204, -1942, 
0, -390, -390, 195, 195, -390, 165, -97, 204, 204, 214, -1932, 
0, -390, -390, 195, 195, -390, 165, -97, 204, 204, 214, -1932, 
0, -390, -390, 195, 195, -390, 165, -97, 204, 204, 214, -1932, 
0, -390, -390, 195, 195, -390, 165, -97, 204, 204, 214, -1932, 
-9, -390, -380, 200, 185, -385, 175, -87, 214, 204, 224, -1922, 
-9, -390, -380, 200, 185, -385, 175, -87, 214, 204, 224, -1922, 
-9, -390, -380, 200, 185, -385, 175, -87, 214, 204, 224, -1922, 
-9, -390, -380, 200, 185, -385, 175, -87, 214, 204, 224, -1922, 
-9, -400, -390, 204, 190, -395, 175, -87, 214, 195, 214, -1922, 
-9, -400, -390, 204, 190, -395, 175, -87, 214, 195, 214, -1922, 
-9, -400, -390, 204, 190, -395, 175, -87, 214, 195, 214, -1922, 
-9, -400, -390, 204, 190, -395, 175, -87, 214, 195, 214, -1922, 
-9, -400, -390, 204, 190, -395, 175, -97, 204, 195, 204, -1932, 
-9, -400, -390, 204, 190, -395, 175, -97, 204, 195, 204, -1932, 
-9, -400, -390, 204, 190, -395, 175, -97, 204, 195, 204, -1932, 
-9, -400, -390, 204, 190, -395, 175, -97, 204, 195, 204, -1932, 
-19, -409, -390, 214, 185, -400, 185, -87, 214, 195, 204, -1932, 
-19, -409, -390, 214, 185, -400, 185, -87, 214, 195, 204, -1932, 
-19, -409, -390, 214, 185, -400, 185, -87, 214, 195, 204, -1932, 
-19, -409, -390, 214, 185, -400, 185, -87, 214, 195, 204, -1932, 
-19, -419, -400, 219, 190, -409, 180, -87, 204, 195, 204, -1932, 
-19, -419, -400, 219, 190, -409, 175, -87, 204, 195, 204, -1932, 
-19, -419, -400, 219, 190, -409, 170, -87, 204, 195, 204, -1932, 
-19, -419, -400, 219, 190, -409, 165, -87, 204, 195, 204, -1932, 
-19, -409, -390, 214, 185, -400, 165, -97, 204, 195, 214, -1932, 
-19, -409, -390, 214, 185, -400, 165, -97, 204, 195, 214, -1932, 
-19, -409, -390, 214, 185, -400, 165, -97, 204, 195, 214, -1932, 
-19, -409, -390, 214, 185, -400, 165, -97, 204, 195, 214, -1932, 
-9, -400, -390, 204, 190, -395, 175, -87, 214, 204, 224, -1922, 
-9, -400, -390, 204, 190, -395, 175, -87, 214, 204, 224, -1922, 
-9, -400, -390, 204, 190, -395, 175, -87, 214, 204, 224, -1922, 
-9, -400, -390, 204, 190, -395, 175, -87, 214, 204, 224, -1922, 
-9, -405, -395, 207, 192, -400, 185, -97, 204, 195, 214, -1932, 
-9, -409, -400, 209, 195, -405, 185, -97, 204, 195, 214, -1932, 
-9, -414, -405, 212, 197, -409, 185, -97, 204, 195, 214, -1932, 
-9, -419, -409, 214, 200, -414, 185, -97, 204, 195, 214, -1932, 
0, -409, -409, 204, 204, -409, 185, -107, 204, 195, 214, -1922, 
0, -409, -409, 204, 204, -409, 185, -107, 204, 195, 214, -1922, 
0, -409, -409, 204, 204, -409, 185, -107, 204, 195, 214, -1922, 
0, -409, -409, 204, 204, -409, 185, -107, 204, 195, 214, -1922, 
-9, -409, -400, 209, 195, -405, 175, -97, 204, 195, 214, -1922, 
-9, -409, -400, 209, 195, -405, 175, -97, 204, 195, 214, -1922, 
-9, -409, -400, 209, 195, -405, 175, -97, 204, 195, 214, -1922, 
-9, -409, -400, 209, 195, -405, 175, -97, 204, 195, 214, -1922, 
-9, -419, -409, 214, 200, -414, 175, -97, 204, 204, 224, -1922, 
-9, -419, -409, 214, 200, -414, 175, -97, 204, 204, 224, -1922, 
-9, -419, -409, 214, 200, -414, 175, -97, 204, 204, 224, -1922, 
-9, -419, -409, 214, 200, -414, 175, -97, 204, 204, 224, -1922, 
-9, -409, -400, 209, 195, -405, 165, -87, 204, 204, 214, -1922, 
-9, -409, -400, 209, 195, -405, 165, -87, 204, 204, 214, -1922, 
-9, -409, -400, 209, 195, -405, 165, -87, 204, 204, 214, -1922, 
-9, -409, -400, 209, 195, -405, 165, -87, 204, 204, 214, -1922, 
-19, -414, -395, 217, 187, -405, 175, -87, 214, 204, 224, -1922, 
-19, -419, -400, 219, 190, -409, 175, -87, 214, 204, 224, -1922, 
-19, -424, -405, 222, 192, -414, 175, -87, 214, 204, 224, -1922, 
-19, -429, -409, 224, 195, -419, 175, -87, 214, 204, 224, -1922, 
-9, -429, -419, 219, 204, -424, 175, -87, 214, 204, 224, -1922, 
-9, -429, -419, 219, 204, -424, 175, -87, 214, 204, 224, -1922, 
-9, -429, -419, 219, 204, -424, 175, -87, 214, 204, 224, -1922, 
-9, -429, -419, 219, 204, -424, 175, -87, 214, 204, 224, -1922, 
-9, -424, -414, 217, 202, -419, 170, -87, 204, 204, 224, -1912, 
-9, -419, -409, 214, 200, -414, 165, -87, 204, 204, 224, -1912, 
-9, -414, -405, 212, 197, -409, 161, -87, 204, 204, 224, -1912, 
-9, -409, -400, 209, 195, -405, 156, -87, 204, 204, 224, -1912, 
-19, -414, -395, 217, 187, -405, 170, -97, 214, 204, 229, -1903, 
-19, -419, -400, 219, 190, -409, 175, -97, 214, 204, 234, -1903, 
-19, -424, -405, 222, 192, -414, 180, -97, 214, 204, 239, -1903, 
-19, -429, -409, 224, 195, -419, 185, -97, 214, 204, 244, -1903, 
-9, -429, -419, 219, 204, -424, 175, -97, 214, 204, 234, -1908, 
-9, -429, -419, 219, 204, -424, 175, -97, 214, 204, 234, -1912, 
-9, -429, -419, 219, 204, -424, 175, -97, 214, 204, 234, -1917, 
-9, -429, -419, 219, 204, -424, 175, -97, 214, 204, 234, -1922, 
-9, -419, -409, 214, 200, -414, 175, -87, 214, 204, 234, -1912, 
-9, -419, -409, 214, 200, -414, 175, -87, 214, 204, 234, -1912, 
-9, -419, -409, 214, 200, -414, 175, -87, 214, 204, 234, -1912, 
-9, -419, -409, 214, 200, -414, 175, -87, 214, 204, 234, -1912, 
-19, -429, -409, 224, 195, -419, 185, -78, 214, 204, 234, -1912, 
-19, -429, -409, 224, 195, -419, 185, -78, 214, 204, 234, -1912, 
-19, -429, -409, 224, 195, -419, 185, -78, 214, 204, 234, -1912, 
-19, -429, -409, 224, 195, -419, 185, -78, 214, 204, 234, -1912, 
-9, -439, -429, 224, 209, -434, 185, -92, 214, 204, 234, -1912, 
-9, -439, -429, 224, 209, -434, 185, -97, 214, 204, 234, -1912, 
-9, -439, -429, 224, 209, -434, 185, -102, 214, 204, 234, -1912, 
-9, -439, -429, 224, 209, -434, 185, -107, 214, 204, 234, -1912, 
-9, -439, -429, 224, 209, -434, 180, -107, 214, 204, 224, -1912, 
-9, -439, -429, 224, 209, -434, 175, -107, 214, 204, 224, -1912, 
-9, -439, -429, 224, 209, -434, 170, -107, 214, 204, 224, -1912, 
-9, -439, -429, 224, 209, -434, 165, -107, 214, 204, 224, -1912, 
-9, -429, -419, 219, 204, -424, 175, -97, 214, 204, 234, -1912, 
-9, -429, -419, 219, 204, -424, 175, -97, 214, 204, 234, -1912, 
-9, -429, -419, 219, 204, -424, 175, -97, 214, 204, 234, -1912, 
-9, -429, -419, 219, 204, -424, 175, -97, 214, 204, 234, -1912, 
-9, -429, -419, 219, 204, -424, 175, -97, 224, 204, 234, -1912, 
-9, -429, -419, 219, 204, -424, 175, -97, 224, 204, 234, -1912, 
-9, -429, -419, 219, 204, -424, 175, -97, 224, 204, 234, -1912, 
-9, -429, -419, 219, 204, -424, 175, -97, 224, 204, 234, -1912, 
-19, -429, -409, 224, 195, -419, 175, -97, 224, 214, 244, -1903, 
-19, -429, -409, 224, 195, -419, 175, -97, 224, 214, 244, -1903, 
-19, -429, -409, 224, 195, -419, 175, -97, 224, 214, 244, -1903, 
-19, -429, -409, 224, 195, -419, 175, -97, 224, 214, 244, -1903, 
-9, -429, -419, 219, 204, -424, 165, -97, 224, 204, 234, -1912, 
-9, -429, -419, 219, 204, -424, 165, -97, 224, 204, 234, -1912, 
-9, -429, -419, 219, 204, -424, 165, -97, 224, 204, 234, -1912, 
-9, -429, -419, 219, 204, -424, 165, -97, 224, 204, 234, -1912, 
-9, -429, -419, 219, 204, -424, 175, -97, 234, 214, 234, -1903, 
-9, -429, -419, 219, 204, -424, 175, -97, 234, 214, 234, -1903, 
-9, -429, -419, 219, 204, -424, 175, -97, 234, 214, 234, -1903, 
-9, -429, -419, 219, 204, -424, 175, -97, 234, 214, 234, -1903, 
-9, -424, -414, 217, 202, -419, 185, -107, 244, 224, 244, -1893, 
-9, -419, -409, 214, 200, -414, 185, -107, 244, 224, 244, -1893, 
-9, -414, -405, 212, 197, -409, 185, -107, 244, 224, 244, -1893, 
-9, -409, -400, 209, 195, -405, 185, -107, 244, 224, 244, -1893, 
0, -400, -400, 200, 200, -400, 175, -97, 253, 224, 253, -1893, 
0, -400, -400, 200, 200, -400, 175, -97, 253, 224, 253, -1893, 
0, -400, -400, 200, 200, -400, 175, -97, 253, 224, 253, -1893, 
0, -400, -400, 200, 200, -400, 175, -97, 253, 224, 253, -1893, 
-9, -400, -390, 204, 190, -395, 175, -87, 263, 229, 263, -1883, 
-9, -400, -390, 204, 190, -395, 175, -87, 263, 234, 263, -1883, 
-9, -400, -390, 204, 190, -395, 175, -87, 263, 239, 263, -1883, 
-9, -400, -390, 204, 190, -395, 175, -87, 263, 244, 263, -1883, 
-9, -395, -385, 202, 187, -390, 175, -92, 273, 253, 273, -1873, 
-9, -390, -380, 200, 185, -385, 175, -97, 273, 253, 273, -1873, 
-9, -385, -375, 197, 183, -380, 175, -102, 273, 253, 273, -1873, 
-9, -380, -370, 195, 180, -375, 175, -107, 273, 253, 273, -1873, 
-4, -380, -375, 192, 185, -378, 165, -92, 273, 253, 273, -1873, 
0, -380, -380, 190, 190, -380, 165, -87, 273, 253, 273, -1873, 
4, -380, -385, 187, 195, -383, 165, -82, 273, 253, 273, -1873, 
9, -380, -390, 185, 200, -385, 165, -78, 273, 253, 273, -1873, 
0, -390, -390, 195, 195, -390, 165, -87, 283, 244, 273, -1873, 
0, -390, -390, 195, 195, -390, 165, -87, 283, 244, 273, -1873, 
0, -390, -390, 195, 195, -390, 165, -87, 283, 244, 273, -1873, 
9, -390, -400, 190, 204, -395, 165, -87, 283, 244, 273, -1873, 
0, -395, -395, 197, 197, -395, 161, -97, 273, 234, 263, -1883, 
0, -395, -395, 197, 197, -395, 161, -97, 268, 234, 263, -1883, 
4, -395, -400, 195, 202, -397, 161, -97, 268, 234, 263, -1883, 
4, -390, -395, 192, 200, -392, 161, -102, 268, 234, 263, -1878, 
0, -400, -400, 200, 200, -400, 151, -97, 263, 244, 273, -1869, 
4, -405, -409, 200, 207, -407, 146, -107, 258, 239, 273, -1873, 
9, -405, -414, 197, 212, -409, 141, -107, 258, 239, 273, -1873, 
19, -405, -424, 192, 222, -414, 126, -112, 248, 234, 273, -1873, 
9, -400, -409, 195, 209, -405, 131, -112, 244, 224, 268, -1873, 
4, -405, -409, 200, 207, -407, 131, -117, 239, 224, 263, -1878, 
4, -405, -409, 200, 207, -407, 131, -117, 239, 219, 258, -1878, 
14, -405, -419, 195, 217, -412, 136, -117, 239, 219, 258, -1873, 
9, -409, -419, 200, 214, -414, 126, -122, 248, 214, 263, -1873, 
19, -405, -424, 192, 222, -414, 122, -117, 244, 214, 263, -1873, 
29, -405, -434, 187, 231, -419, 122, -117, 244, 214, 263, -1873, 
29, -414, -444, 192, 236, -429, 126, -112, 248, 214, 263, -1873, 
24, -419, -444, 197, 234, -431, 136, -112, 248, 224, 263, -1873, 
24, -419, -444, 197, 234, -431, 136, -112, 248, 224, 263, -1873, 
24, -414, -439, 195, 231, -427, 136, -107, 253, 224, 268, -1869, 
34, -414, -448, 190, 241, -431, 141, -107, 253, 229, 268, -1869, 
34, -414, -448, 190, 241, -431, 131, -107, 248, 229, 268, -1869, 
29, -414, -444, 192, 236, -429, 131, -112, 248, 224, 268, -1869, 
19, -424, -444, 202, 231, -434, 131, -112, 244, 224, 268, -1869, 
9, -429, -439, 209, 224, -434, 131, -112, 244, 219, 263, -1873, 
4, -439, -444, 217, 224, -441, 141, -102, 248, 219, 268, -1873, 
-9, -448, -439, 229, 214, -444, 151, -97, 253, 219, 268, -1878, 
-14, -448, -434, 231, 209, -441, 156, -97, 253, 219, 268, -1878, 
-14, -453, -439, 234, 212, -446, 156, -97, 248, 214, 263, -1883, 
-14, -463, -448, 239, 217, -456, 146, -92, 248, 224, 248, -1888, 
-14, -468, -453, 241, 219, -461, 146, -97, 239, 214, 244, -1893, 
-19, -468, -448, 244, 214, -458, 146, -97, 239, 214, 239, -1898, 
-24, -473, -448, 248, 212, -461, 146, -102, 234, 209, 239, -1898, 
-34, -473, -439, 253, 202, -456, 156, -107, 244, 200, 244, -1898, 
-39, -473, -434, 256, 197, -453, 156, -107, 239, 200, 244, -1898, 
-39, -473, -434, 256, 197, -453, 161, -97, 239, 200, 248, -1898, 
-29, -473, -444, 251, 207, -458, 161, -97, 239, 200, 248, -1898, 
-29, -463, -434, 246, 202, -448, 161, -107, 229, 200, 248, -1893, 
-34, -458, -424, 246, 195, -441, 165, -107, 229, 204, 248, -1888, 
-34, -458, -424, 246, 195, -441, 170, -102, 229, 204, 248, -1888, 
-34, -458, -424, 246, 195, -441, 180, -102, 229, 204, 248, -1888, 
-34, -463, -429, 248, 197, -446, 175, -92, 229, 204, 248, -1878, 
-34, -468, -434, 251, 200, -451, 175, -97, 234, 204, 244, -1883, 
-29, -473, -444, 251, 207, -458, 175, -97, 234, 204, 244, -1883, 
-29, -478, -448, 253, 209, -463, 170, -97, 234, 200, 248, -1888, 
-29, -478, -448, 253, 209, -463, 170, -107, 234, 209, 239, -1898, 
-29, -473, -444, 251, 207, -458, 170, -107, 234, 214, 239, -1898, 
-29, -473, -444, 251, 207, -458, 170, -107, 234, 214, 239, -1898, 
-29, -473, -444, 251, 207, -458, 170, -107, 234, 209, 239, -1893, 
-19, -473, -453, 246, 217, -463, 161, -97, 224, 200, 239, -1883, 
-19, -473, -453, 246, 217, -463, 161, -97, 229, 204, 244, -1883, 
-19, -473, -453, 246, 217, -463, 170, -92, 229, 204, 244, -1883, 
-19, -473, -453, 246, 217, -463, 170, -92, 229, 204, 244, -1883, 
-34, -473, -439, 253, 202, -456, 161, -92, 239, 214, 253, -1883, 
-34, -473, -439, 253, 202, -456, 161, -97, 234, 214, 253, -1883, 
-34, -473, -439, 253, 202, -456, 165, -97, 234, 214, 253, -1883, 
-34, -473, -439, 253, 202, -456, 165, -97, 239, 214, 253, -1883, 
-34, -478, -444, 256, 204, -461, 165, -97, 239, 214, 244, -1883, 
-39, -478, -439, 258, 200, -458, 161, -97, 239, 214, 244, -1883, 
-39, -473, -434, 256, 197, -453, 161, -92, 239, 214, 244, -1883, 
-39, -473, -434, 256, 197, -453, 161, -92, 239, 214, 244, -1883, 
-34, -478, -444, 256, 204, -461, 165, -97, 229, 200, 244, -1883, 
-29, -478, -448, 253, 209, -463, 170, -102, 229, 200, 244, -1883, 
-29, -478, -448, 253, 209, -463, 175, -107, 224, 200, 244, -1883, 
-24, -478, -453, 251, 214, -466, 180, -112, 224, 200, 244, -1883, 
-34, -478, -444, 256, 204, -461, 180, -102, 229, 214, 253, -1883, 
-29, -478, -448, 253, 209, -463, 180, -97, 234, 214, 253, -1883, 
-24, -478, -453, 251, 214, -466, 180, -97, 244, 214, 253, -1883, 
-24, -478, -453, 251, 214, -466, 180, -102, 248, 214, 253, -1883, 
-29, -483, -453, 256, 212, -468, 175, -92, 239, 214, 253, -1883, 
-34, -483, -448, 258, 207, -466, 170, -92, 239, 209, 253, -1883, 
-39, -483, -444, 261, 202, -463, 165, -92, 239, 209, 253, -1883, 
-43, -483, -439, 263, 197, -461, 165, -92, 239, 214, 253, -1883, 
-34, -483, -448, 258, 207, -466, 165, -92, 239, 214, 253, -1883, 
-34, -483, -448, 258, 207, -466, 161, -92, 239, 214, 253, -1883, 
-39, -483, -444, 261, 202, -463, 161, -92, 239, 214, 253, -1883, 
-39, -483, -444, 261, 202, -463, 165, -92, 239, 214, 253, -1883, 
-29, -473, -444, 251, 207, -458, 170, -102, 239, 214, 253, -1883, 
-29, -468, -439, 248, 204, -453, 170, -97, 244, 214, 253, -1878, 
-24, -468, -444, 246, 209, -456, 175, -97, 244, 219, 253, -1878, 
-24, -468, -444, 246, 209, -456, 185, -102, 244, 224, 253, -1878, 
-24, -458, -434, 241, 204, -446, 175, -92, 244, 224, 258, -1869, 
-24, -458, -434, 241, 204, -446, 175, -92, 244, 224, 258, -1869, 
-29, -458, -429, 244, 200, -444, 175, -92, 244, 224, 253, -1869, 
-29, -463, -434, 246, 202, -448, 175, -92, 239, 219, 253, -1869, 
-34, -488, -453, 261, 209, -470, 180, -92, 239, 214, 253, -1878, 
-53, -507, -453, 280, 200, -480, 195, -92, 239, 200, 244, -1888, 
-78, -527, -448, 302, 185, -488, 200, -97, 229, 185, 224, -1898, 
-78, -517, -439, 297, 180, -478, 200, -112, 234, 185, 224, -1908, 
-58, -512, -453, 285, 197, -483, 200, -112, 253, 200, 234, -1908, 
-63, -512, -448, 287, 192, -480, 200, -102, 297, 224, 248, -1898, 
-48, -522, -473, 285, 212, -497, 195, -102, 341, 268, 258, -1893, 
-34, -522, -488, 278, 226, -505, 185, -87, 390, 302, 283, -1888, 
0, -512, -512, 256, 256, -512, 161, -43, 468, 361, 317, -1864, 
63, -458, -522, 197, 292, -490, 126, 43, 624, 497, 400, -1815, 
136, -385, -522, 124, 329, -453, 87, 131, 810, 653, 517, -1751, 
180, -322, -502, 70, 341, -412, 34, 175, 961, 810, 629, -1678, 
239, -244, -483, 2, 361, -363, -34, 253, 1127, 971, 751, -1610, 
341, -141, -483, -100, 412, -312, -82, 385, 1327, 1171, 907, -1527, 
444, -29, -473, -207, 458, -251, -131, 527, 1493, 1356, 1058, -1429, 
551, 63, -488, -307, 519, -212, -195, 629, 1556, 1493, 1180, -1346, 
644, 131, -512, -387, 578, -190, -278, 683, 1537, 1566, 1263, -1278, 
717, 161, -556, -439, 636, -197, -356, 697, 1483, 1605, 1317, -1234, 
761, 170, -590, -466, 675, -209, -405, 673, 1395, 1586, 1317, -1205, 
771, 165, -605, -468, 688, -219, -458, 595, 1210, 1473, 1278, -1210, 
736, 126, -610, -431, 673, -241, -468, 478, 961, 1278, 1176, -1239, 
663, 24, -639, -344, 651, -307, -448, 331, 697, 1044, 1019, -1312, 
610, -87, -697, -261, 653, -392, -424, 146, 414, 780, 849, -1390, 
541, -209, -751, -165, 646, -480, -419, -58, 122, 531, 688, -1468, 
453, -331, -785, -61, 619, -558, -395, -239, -146, 287, 517, -1561, 
385, -453, -839, 34, 612, -646, -336, -351, -405, 53, 346, -1654, 
336, -536, -873, 100, 605, -705, -268, -395, -566, -112, 214, -1732, 
292, -580, -873, 143, 583, -727, -195, -366, -575, -180, 161, -1781, 
234, -590, -824, 178, 529, -707, -112, -312, -473, -151, 161, -1790, 
180, -575, -756, 197, 468, -666, -34, -258, -346, -82, 185, -1790, 
156, -541, -697, 192, 427, -619, 19, -195, -204, -9, 229, -1781, 
161, -483, -644, 161, 402, -563, 34, -141, -48, 87, 283, -1756, 
151, -429, -580, 139, 366, -505, 24, -102, 63, 165, 322, -1732, 
131, -400, -531, 134, 331, -466, 43, -82, 126, 219, 351, -1732, 
136, -380, -517, 122, 326, -448, 73, -73, 185, 239, 351, -1747, 
122, -380, -502, 129, 312, -441, 107, -63, 214, 244, 341, -1761, 
82, -400, -483, 158, 283, -441, 126, -58, 244, 244, 326, -1781, 
43, -419, -463, 187, 253, -441, 156, -58, 253, 244, 312, -1800, 
29, -429, -458, 200, 244, -444, 165, -78, 258, 234, 297, -1830, 
24, -434, -458, 204, 241, -446, 170, -78, 268, 229, 292, -1834, 
9, -444, -453, 217, 231, -448, 180, -63, 268, 244, 292, -1830, 
4, -463, -468, 229, 236, -466, 180, -48, 273, 244, 292, -1834, 
0, -468, -468, 234, 234, -468, 185, -48, 273, 244, 292, -1834, 
-4, -468, -463, 236, 229, -466, 185, -53, 273, 234, 287, -1834, 
-9, -463, -453, 236, 222, -458, 185, -58, 263, 229, 278, -1834, 
-9, -463, -453, 236, 222, -458, 195, -58, 263, 219, 287, -1830, 
-19, -458, -439, 239, 209, -448, 195, -58, 268, 219, 287, -1830, 
-19, -458, -439, 239, 209, -448, 200, -58, 278, 224, 287, -1830, 
-24, -458, -434, 241, 204, -446, 200, -58, 278, 224, 283, -1830, 
-19, -448, -429, 234, 204, -439, 200, -58, 283, 224, 283, -1849, 
-14, -453, -439, 234, 212, -446, 209, -58, 287, 224, 283, -1849, 
-9, -458, -448, 234, 219, -453, 214, -58, 287, 229, 283, -1844, 
-9, -458, -448, 234, 219, -453, 214, -58, 292, 229, 283, -1844, 
-14, -463, -448, 239, 217, -456, 209, -58, 292, 234, 273, -1849, 
-14, -463, -448, 239, 217, -456, 209, -48, 292, 234, 273, -1849, 
-19, -468, -448, 244, 214, -458, 209, -48, 287, 234, 273, -1844, 
-29, -473, -444, 251, 207, -458, 209, -48, 287, 234, 273, -1844, 
-29, -483, -453, 256, 212, -468, 209, -58, 292, 224, 273, -1844, 
-29, -483, -453, 256, 212, -468, 209, -58, 292, 224, 273, -1844, 
-29, -483, -453, 256, 212, -468, 209, -58, 292, 224, 273, -1844, 
-34, -488, -453, 261, 209, -470, 209, -58, 292, 224, 273, -1849, 
-24, -483, -458, 253, 217, -470, 200, -58, 292, 224, 263, -1849, 
-24, -478, -453, 251, 214, -466, 200, -58, 292, 224, 263, -1854, 
-24, -473, -448, 248, 212, -461, 200, -58, 292, 224, 263, -1854, 
-24, -483, -458, 253, 217, -470, 200, -58, 292, 224, 258, -1854, 
-14, -463, -448, 239, 217, -456, 200, -48, 302, 234, 268, -1854, 
-19, -463, -444, 241, 212, -453, 200, -43, 307, 234, 273, -1849, 
-19, -463, -444, 241, 212, -453, 200, -39, 307, 234, 273, -1849, 
-19, -463, -444, 241, 212, -453, 209, -34, 307, 239, 273, -1849, 
-19, -453, -434, 236, 207, -444, 214, -34, 307, 239, 273, -1839, 
-19, -453, -434, 236, 207, -444, 219, -34, 307, 239, 278, -1839, 
-19, -453, -434, 236, 207, -444, 224, -34, 307, 239, 278, -1834, 
-19, -453, -434, 236, 207, -444, 229, -34, 307, 239, 278, -1834, 
-19, -463, -444, 241, 212, -453, 219, -39, 307, 229, 278, -1844, 
-19, -463, -444, 241, 212, -453, 219, -39, 307, 229, 273, -1849, 
-19, -463, -444, 241, 212, -453, 219, -39, 307, 229, 273, -1849, 
-19, -463, -444, 241, 212, -453, 219, -39, 307, 229, 273, -1844, 
-19, -473, -453, 246, 217, -463, 209, -39, 312, 239, 273, -1844, 
-24, -473, -448, 248, 212, -461, 209, -34, 312, 239, 268, -1849, 
-24, -473, -448, 248, 212, -461, 209, -34, 312, 239, 268, -1849, 
-19, -473, -453, 246, 217, -463, 209, -34, 312, 239, 268, -1844, 
-29, -473, -444, 251, 207, -458, 224, -24, 307, 239, 268, -1844, 
-24, -468, -444, 246, 209, -456, 224, -24, 312, 239, 273, -1844, 
-24, -468, -444, 246, 209, -456, 224, -19, 312, 239, 273, -1844, 
-24, -463, -439, 244, 207, -451, 224, -14, 317, 244, 273, -1844, 
-24, -453, -429, 239, 202, -441, 234, -9, 322, 244, 283, -1830, 
-24, -453, -429, 239, 202, -441, 239, -9, 322, 244, 283, -1830, 
-24, -458, -434, 241, 204, -446, 239, -14, 317, 244, 283, -1834, 
-24, -458, -434, 241, 204, -446, 234, -14, 317, 244, 283, -1834, 
-19, -458, -439, 239, 209, -448, 224, -19, 326, 244, 273, -1834, 
-19, -458, -439, 239, 209, -448, 224, -19, 326, 244, 273, -1834, 
-19, -458, -439, 239, 209, -448, 224, -14, 326, 248, 273, -1834, 
-24, -458, -434, 241, 204, -446, 224, -9, 331, 248, 273, -1834, 
-29, -458, -429, 244, 200, -444, 224, -9, 331, 248, 273, -1834, 
-34, -458, -424, 246, 195, -441, 229, -9, 331, 248, 273, -1834, 
-39, -458, -419, 248, 190, -439, 229, -9, 331, 248, 273, -1834, 
-43, -458, -414, 251, 185, -436, 234, -9, 336, 244, 273, -1834, 
-34, -468, -434, 251, 200, -451, 224, -14, 326, 244, 283, -1844, 
-29, -468, -439, 248, 204, -453, 224, -14, 326, 244, 283, -1844, 
-29, -463, -434, 246, 202, -448, 224, -9, 336, 244, 283, -1844, 
-29, -463, -434, 246, 202, -448, 229, -4, 336, 248, 283, -1844, 
-24, -458, -434, 241, 204, -446, 224, -4, 336, 253, 278, -1844, 
-14, -458, -444, 236, 214, -451, 224, -4, 336, 253, 278, -1844, 
-9, -458, -448, 234, 219, -453, 219, -4, 341, 253, 278, -1844, 
-4, -453, -448, 229, 222, -451, 219, 0, 341, 258, 278, -1844, 
-9, -463, -453, 236, 222, -458, 224, -9, 346, 248, 278, -1844, 
-14, -468, -453, 241, 219, -461, 229, -9, 346, 248, 278, -1844, 
-19, -473, -453, 246, 217, -463, 234, -4, 341, 248, 278, -1844, 
-24, -473, -448, 248, 212, -461, 244, 0, 341, 248, 278, -1844, 
-14, -458, -444, 236, 214, -451, 244, 9, 361, 263, 287, -1834, 
-19, -458, -439, 239, 209, -448, 244, 9, 366, 263, 287, -1830, 
-19, -458, -439, 239, 209, -448, 248, 14, 366, 263, 287, -1830, 
-19, -458, -439, 239, 209, -448, 253, 19, 370, 263, 292, -1825, 
-9, -458, -448, 234, 219, -453, 253, 29, 370, 263, 302, -1834, 
-4, -458, -453, 231, 224, -456, 253, 34, 375, 263, 302, -1839, 
-4, -458, -453, 231, 224, -456, 253, 39, 380, 263, 297, -1839, 
0, -458, -458, 229, 229, -458, 253, 43, 385, 268, 297, -1834, 
0, -448, -448, 224, 224, -448, 244, 39, 385, 268, 287, -1834, 
-4, -448, -444, 226, 219, -446, 248, 43, 390, 273, 292, -1834, 
-9, -444, -434, 226, 212, -439, 253, 43, 395, 273, 292, -1834, 
-14, -444, -429, 229, 207, -436, 263, 48, 400, 278, 297, -1834, 
-14, -448, -434, 231, 209, -441, 263, 63, 414, 278, 307, -1825, 
-14, -448, -434, 231, 209, -441, 263, 68, 419, 278, 307, -1825, 
-14, -448, -434, 231, 209, -441, 263, 73, 424, 283, 307, -1820, 
-14, -448, -434, 231, 209, -441, 268, 78, 429, 283, 312, -1820, 
-14, -439, -424, 226, 204, -431, 283, 73, 429, 287, 312, -1830, 
-9, -439, -429, 224, 209, -434, 283, 78, 439, 287, 302, -1830, 
-4, -429, -424, 217, 209, -427, 283, 82, 444, 287, 302, -1830, 
0, -424, -424, 212, 212, -424, 292, 87, 448, 297, 307, -1825, 
-9, -434, -424, 222, 207, -429, 307, 97, 453, 302, 322, -1810, 
-9, -434, -424, 222, 207, -429, 307, 102, 458, 302, 322, -1810, 
-9, -429, -419, 219, 204, -424, 307, 117, 468, 302, 322, -1810, 
-14, -429, -414, 222, 200, -422, 312, 122, 473, 302, 326, -1810, 
-4, -414, -409, 209, 202, -412, 302, 141, 488, 317, 326, -1810, 
0, -414, -414, 207, 207, -414, 307, 151, 502, 317, 326, -1810, 
0, -409, -409, 204, 204, -409, 312, 156, 507, 326, 331, -1805, 
4, -405, -409, 200, 207, -407, 312, 161, 512, 326, 331, -1805, 
-4, -414, -409, 209, 202, -412, 302, 175, 512, 326, 336, -1815, 
-4, -409, -405, 207, 200, -407, 307, 185, 527, 326, 336, -1805, 
0, -409, -409, 204, 204, -409, 307, 195, 531, 331, 341, -1800, 
0, -405, -405, 202, 202, -405, 312, 204, 536, 331, 341, -1795, 
4, -405, -409, 200, 207, -407, 322, 204, 546, 331, 346, -1795, 
9, -405, -414, 197, 212, -409, 322, 214, 551, 331, 346, -1795, 
19, -400, -419, 190, 219, -409, 326, 219, 561, 336, 351, -1795, 
29, -395, -424, 183, 226, -409, 331, 229, 566, 346, 351, -1795, 
24, -390, -414, 183, 219, -402, 331, 229, 570, 351, 351, -1800, 
24, -385, -409, 180, 217, -397, 331, 239, 575, 351, 351, -1795, 
24, -380, -405, 178, 214, -392, 336, 248, 580, 351, 356, -1790, 
19, -380, -400, 180, 209, -390, 336, 263, 585, 356, 356, -1786, 
39, -380, -419, 170, 229, -400, 346, 283, 590, 366, 366, -1786, 
43, -370, -414, 163, 229, -392, 346, 292, 590, 370, 370, -1781, 
48, -366, -414, 158, 231, -390, 346, 297, 595, 370, 370, -1781, 
48, -361, -409, 156, 229, -385, 346, 307, 600, 370, 370, -1781, 
58, -361, -419, 151, 239, -390, 346, 307, 605, 380, 380, -1771, 
58, -356, -414, 148, 236, -385, 351, 307, 605, 385, 380, -1766, 
58, -351, -409, 146, 234, -380, 351, 312, 610, 385, 385, -1766, 
63, -346, -409, 141, 236, -378, 346, 322, 614, 385, 390, -1761, 
68, -346, -414, 139, 241, -380, 341, 336, 624, 395, 395, -1761, 
68, -346, -414, 139, 241, -380, 341, 336, 624, 395, 400, -1756, 
68, -341, -409, 136, 239, -375, 341, 341, 619, 395, 400, -1751, 
78, -341, -419, 131, 248, -380, 341, 341, 614, 395, 400, -1751, 
87, -336, -424, 124, 256, -380, 336, 341, 614, 390, 409, -1751, 
87, -336, -424, 124, 256, -380, 322, 341, 610, 385, 409, -1751, 
97, -336, -434, 119, 265, -385, 317, 336, 610, 385, 409, -1751, 
97, -331, -429, 117, 263, -380, 307, 331, 605, 385, 409, -1751, 
117, -317, -434, 100, 275, -375, 312, 331, 595, 385, 414, -1747, 
122, -317, -439, 97, 280, -378, 307, 326, 590, 385, 419, -1737, 
122, -312, -434, 95, 278, -373, 297, 326, 580, 385, 419, -1737, 
122, -312, -434, 95, 278, -373, 287, 312, 570, 380, 419, -1737, 
112, -307, -419, 97, 265, -363, 292, 317, 570, 385, 429, -1732, 
117, -312, -429, 97, 273, -370, 292, 302, 561, 385, 429, -1732, 
117, -312, -429, 97, 273, -370, 283, 287, 551, 380, 429, -1732, 
112, -312, -424, 100, 268, -368, 278, 283, 546, 380, 424, -1732, 
112, -317, -429, 102, 270, -373, 268, 268, 536, 375, 424, -1732, 
112, -322, -434, 104, 273, -378, 253, 253, 522, 370, 424, -1732, 
112, -326, -439, 107, 275, -383, 244, 244, 507, 366, 424, -1732, 
112, -331, -444, 109, 278, -387, 239, 229, 497, 361, 419, -1737, 
112, -326, -439, 107, 275, -383, 244, 229, 488, 356, 419, -1727, 
107, -331, -439, 112, 273, -385, 244, 219, 478, 356, 414, -1727, 
102, -336, -439, 117, 270, -387, 234, 200, 463, 351, 409, -1727, 
102, -336, -439, 117, 270, -387, 234, 185, 453, 346, 405, -1727, 
112, -341, -453, 114, 283, -397, 229, 170, 434, 331, 405, -1737, 
102, -341, -444, 119, 273, -392, 229, 156, 424, 326, 405, -1742, 
102, -351, -453, 124, 278, -402, 224, 141, 414, 322, 400, -1742, 
97, -351, -448, 126, 273, -400, 224, 126, 405, 322, 395, -1751, 
82, -366, -448, 141, 265, -407, 219, 112, 390, 312, 380, -1756, 
78, -375, -453, 148, 265, -414, 209, 92, 385, 307, 375, -1756, 
78, -375, -453, 148, 265, -414, 204, 82, 375, 307, 375, -1756, 
78, -375, -453, 148, 265, -414, 200, 63, 375, 297, 370, -1766, 
68, -380, -448, 156, 258, -414, 200, 63, 366, 292, 375, -1766, 
58, -385, -444, 163, 251, -414, 200, 53, 356, 292, 370, -1766, 
53, -390, -444, 168, 248, -417, 195, 39, 351, 283, 366, -1771, 
53, -395, -448, 170, 251, -422, 190, 34, 351, 283, 366, -1776, 
39, -395, -434, 178, 236, -414, 175, 24, 341, 278, 361, -1776, 
39, -400, -439, 180, 239, -419, 175, 9, 336, 278, 356, -1781, 
29, -405, -434, 187, 231, -419, 170, 4, 336, 273, 351, -1786, 
19, -409, -429, 195, 224, -419, 170, -4, 331, 273, 351, -1786, 
24, -414, -439, 195, 231, -427, 170, -9, 317, 258, 346, -1786, 
24, -414, -439, 195, 231, -427, 170, -19, 317, 258, 341, -1790, 
29, -419, -448, 195, 239, -434, 175, -24, 317, 258, 341, -1790, 
24, -424, -448, 200, 236, -436, 175, -34, 312, 258, 341, -1790, 
29, -419, -448, 195, 239, -434, 175, -34, 317, 258, 331, -1800, 
29, -419, -448, 195, 239, -434, 170, -43, 317, 258, 326, -1800, 
29, -419, -448, 195, 239, -434, 161, -48, 317, 253, 326, -1810, 
29, -419, -448, 195, 239, -434, 161, -48, 317, 253, 326, -1800, 
14, -424, -439, 204, 226, -431, 165, -63, 307, 253, 326, -1800, 
14, -429, -444, 207, 229, -436, 165, -63, 307, 253, 326, -1800, 
9, -434, -444, 212, 226, -439, 165, -68, 302, 253, 326, -1805, 
0, -444, -444, 222, 222, -444, 165, -68, 302, 248, 322, -1805, 
14, -439, -453, 212, 234, -446, 151, -63, 307, 258, 331, -1810, 
19, -439, -458, 209, 239, -448, 151, -58, 307, 253, 326, -1815, 
19, -434, -453, 207, 236, -444, 151, -58, 307, 253, 326, -1815, 
24, -424, -448, 200, 236, -436, 151, -58, 307, 253, 326, -1810, 
14, -434, -448, 209, 231, -441, 156, -58, 307, 253, 326, -1810, 
14, -439, -453, 212, 234, -446, 161, -58, 307, 253, 326, -1810, 
4, -444, -448, 219, 226, -446, 165, -68, 307, 253, 326, -1810, 
4, -444, -448, 219, 226, -446, 175, -68, 307, 253, 326, -1810, 
4, -439, -444, 217, 224, -441, 175, -78, 302, 253, 326, -1810, 
9, -439, -448, 214, 229, -444, 175, -78, 302, 253, 326, -1810, 
9, -439, -448, 214, 229, -444, 175, -78, 302, 253, 326, -1815, 
0, -444, -444, 222, 222, -444, 170, -78, 302, 253, 326, -1815, 
9, -434, -444, 212, 226, -439, 170, -73, 312, 253, 331, -1805, 
9, -434, -444, 212, 226, -439, 170, -73, 312, 253, 331, -1810, 
9, -439, -448, 214, 229, -444, 175, -73, 307, 253, 331, -1810, 
9, -439, -448, 214, 229, -444, 175, -82, 307, 253, 331, -1805, 
0, -439, -439, 219, 219, -439, 175, -73, 297, 253, 322, -1815, 
0, -439, -439, 219, 219, -439, 175, -73, 302, 253, 322, -1815, 
0, -439, -439, 219, 219, -439, 175, -68, 307, 253, 322, -1815, 
0, -439, -439, 219, 219, -439, 170, -68, 307, 253, 317, -1815, 
0, -448, -448, 224, 224, -448, 156, -78, 307, 253, 317, -1820, 
0, -448, -448, 224, 224, -448, 156, -78, 307, 253, 317, -1820, 
0, -448, -448, 224, 224, -448, 161, -78, 307, 253, 322, -1820, 
0, -448, -448, 224, 224, -448, 165, -78, 302, 248, 322, -1815, 
0, -448, -448, 224, 224, -448, 156, -68, 312, 248, 331, -1815, 
0, -448, -448, 224, 224, -448, 161, -73, 312, 248, 331, -1815, 
0, -444, -444, 222, 222, -444, 161, -78, 312, 253, 331, -1815, 
0, -444, -444, 222, 222, -444, 161, -78, 312, 253, 331, -1815, 
9, -448, -458, 219, 234, -453, 165, -78, 312, 263, 331, -1805, 
4, -448, -453, 222, 229, -451, 165, -78, 317, 263, 331, -1805, 
4, -448, -453, 222, 229, -451, 165, -78, 317, 263, 331, -1805, 
4, -448, -453, 222, 229, -451, 165, -78, 317, 263, 331, -1805, 
4, -444, -448, 219, 226, -446, 175, -78, 317, 253, 322, -1820, 
4, -444, -448, 219, 226, -446, 175, -78, 317, 253, 326, -1820, 
4, -444, -448, 219, 226, -446, 175, -73, 322, 258, 326, -1815, 
4, -444, -448, 219, 226, -446, 175, -73, 326, 258, 326, -1815, 
-4, -453, -448, 229, 222, -451, 175, -82, 326, 258, 326, -1805, 
-4, -453, -448, 229, 222, -451, 175, -82, 326, 258, 326, -1805, 
-14, -458, -444, 236, 214, -451, 175, -82, 326, 258, 326, -1805, 
-4, -458, -453, 231, 224, -456, 170, -82, 326, 258, 326, -1805, 
4, -448, -453, 222, 229, -451, 161, -73, 326, 258, 326, -1815, 
4, -463, -468, 229, 236, -466, 161, -78, 331, 258, 326, -1815, 
4, -463, -468, 229, 236, -466, 161, -78, 336, 258, 326, -1815, 
4, -453, -458, 224, 231, -456, 161, -78, 336, 258, 326, -1815, 
0, -453, -453, 226, 226, -453, 161, -87, 322, 258, 336, -1805, 
0, -453, -453, 226, 226, -453, 165, -82, 322, 258, 336, -1805, 
0, -453, -453, 226, 226, -453, 165, -82, 326, 268, 336, -1805, 
4, -448, -453, 222, 229, -451, 165, -82, 326, 268, 336, -1805, 
-4, -439, -434, 222, 214, -436, 180, -73, 336, 268, 336, -1805, 
-4, -434, -429, 219, 212, -431, 180, -73, 336, 268, 336, -1805, 
-4, -434, -429, 219, 212, -431, 185, -68, 336, 268, 336, -1805, 
-4, -439, -434, 222, 214, -436, 190, -63, 341, 268, 336, -1805, 
-4, -448, -444, 226, 219, -446, 180, -63, 346, 268, 341, -1810, 
-4, -448, -444, 226, 219, -446, 175, -68, 346, 268, 341, -1805, 
-4, -448, -444, 226, 219, -446, 175, -68, 346, 268, 341, -1805, 
-4, -448, -444, 226, 219, -446, 175, -63, 351, 273, 341, -1805, 
4, -439, -444, 217, 224, -441, 175, -68, 351, 273, 346, -1795, 
4, -439, -444, 217, 224, -441, 170, -68, 351, 273, 346, -1795, 
0, -439, -439, 219, 219, -439, 170, -68, 351, 278, 346, -1800, 
0, -439, -439, 219, 219, -439, 170, -68, 356, 278, 346, -1800, 
4, -434, -439, 214, 222, -436, 170, -68, 356, 278, 346, -1810, 
4, -434, -439, 214, 222, -436, 170, -68, 351, 278, 346, -1810, 
4, -434, -439, 214, 222, -436, 170, -73, 351, 278, 346, -1810, 
4, -434, -439, 214, 222, -436, 175, -73, 351, 278, 346, -1810, 
14, -429, -444, 207, 229, -436, 185, -82, 356, 278, 346, -1810, 
14, -429, -444, 207, 229, -436, 185, -73, 356, 273, 341, -1810, 
9, -434, -444, 212, 226, -439, 185, -73, 356, 273, 341, -1810, 
9, -434, -444, 212, 226, -439, 185, -78, 356, 273, 341, -1805, 
4, -434, -439, 214, 222, -436, 185, -78, 356, 273, 346, -1805, 
4, -434, -439, 214, 222, -436, 185, -73, 356, 273, 346, -1805, 
4, -434, -439, 214, 222, -436, 185, -73, 351, 273, 346, -1805, 
4, -434, -439, 214, 222, -436, 185, -73, 351, 273, 346, -1805, 
4, -434, -439, 214, 222, -436, 175, -63, 366, 283, 356, -1805, 
4, -434, -439, 214, 222, -436, 175, -58, 366, 283, 356, -1805, 
4, -434, -439, 214, 222, -436, 175, -53, 361, 283, 356, -1805, 
4, -434, -439, 214, 222, -436, 175, -48, 361, 287, 356, -1805, 
0, -429, -429, 214, 214, -429, 175, -39, 351, 278, 361, -1800, 
0, -429, -429, 214, 214, -429, 170, -34, 351, 278, 361, -1800, 
0, -429, -429, 214, 214, -429, 170, -34, 351, 278, 361, -1800, 
0, -434, -434, 217, 217, -434, 170, -39, 351, 278, 356, -1800, 
-9, -434, -424, 222, 207, -429, 170, -48, 351, 278, 356, -1800, 
-9, -434, -424, 222, 207, -429, 170, -48, 351, 278, 356, -1805, 
-9, -434, -424, 222, 207, -429, 170, -48, 351, 278, 356, -1805, 
-14, -434, -419, 224, 202, -427, 170, -48, 351, 278, 356, -1805, 
-4, -439, -434, 222, 214, -436, 161, -58, 336, 268, 346, -1815, 
-4, -439, -434, 222, 214, -436, 161, -58, 336, 268, 346, -1815, 
-4, -439, -434, 222, 214, -436, 156, -58, 336, 268, 346, -1815, 
0, -434, -434, 217, 217, -434, 151, -63, 336, 263, 346, -1815, 
0, -444, -444, 222, 222, -444, 165, -63, 336, 263, 346, -1815, 
-4, -444, -439, 224, 217, -441, 165, -68, 336, 268, 346, -1815, 
-4, -444, -439, 224, 217, -441, 170, -68, 336, 268, 346, -1815, 
0, -444, -444, 222, 222, -444, 170, -68, 331, 263, 346, -1815, 
4, -444, -448, 219, 226, -446, 175, -68, 331, 268, 346, -1815, 
4, -444, -448, 219, 226, -446, 175, -68, 331, 268, 346, -1815, 
0, -444, -444, 222, 222, -444, 175, -68, 331, 263, 346, -1815, 
0, -444, -444, 222, 222, -444, 175, -68, 326, 263, 346, -1815, 
4, -444, -448, 219, 226, -446, 175, -78, 336, 263, 341, -1825, 
4, -444, -448, 219, 226, -446, 175, -87, 331, 258, 341, -1825, 
-4, -448, -444, 226, 219, -446, 180, -87, 331, 258, 341, -1825, 
-4, -448, -444, 226, 219, -446, 180, -87, 331, 258, 341, -1825, 
-4, -448, -444, 226, 219, -446, 175, -78, 331, 268, 346, -1825, 
-4, -448, -444, 226, 219, -446, 175, -87, 326, 268, 346, -1825, 
-4, -448, -444, 226, 219, -446, 175, -87, 326, 268, 346, -1825, 
-4, -448, -444, 226, 219, -446, 180, -87, 326, 268, 346, -1825, 
0, -439, -439, 219, 219, -439, 180, -78, 326, 258, 336, -1825, 
0, -439, -439, 219, 219, -439, 180, -78, 326, 258, 336, -1825, 
0, -444, -444, 222, 222, -444, 175, -73, 326, 258, 336, -1825, 
0, -444, -444, 222, 222, -444, 165, -73, 326, 258, 336, -1825, 
-9, -444, -434, 226, 212, -439, 175, -73, 326, 258, 346, -1815, 
-9, -444, -434, 226, 212, -439, 165, -73, 326, 258, 346, -1815, 
-9, -448, -439, 229, 214, -444, 165, -73, 322, 258, 346, -1815, 
-9, -453, -444, 231, 217, -448, 165, -78, 322, 258, 351, -1815, 
0, -444, -444, 222, 222, -444, 156, -87, 322, 258, 341, -1825, 
0, -448, -448, 224, 224, -448, 156, -87, 326, 258, 341, -1825, 
0, -448, -448, 224, 224, -448, 161, -87, 326, 253, 341, -1825, 
0, -453, -453, 226, 226, -453, 161, -87, 326, 253, 341, -1825, 
-14, -453, -439, 234, 212, -446, 151, -78, 336, 258, 336, -1825, 
-14, -453, -439, 234, 212, -446, 151, -78, 331, 258, 331, -1825, 
-14, -453, -439, 234, 212, -446, 151, -78, 331, 258, 331, -1825, 
-14, -453, -439, 234, 212, -446, 151, -82, 331, 258, 331, -1825, 
-24, -463, -439, 244, 207, -451, 151, -73, 326, 253, 341, -1825, 
-14, -463, -448, 239, 217, -456, 151, -73, 326, 253, 341, -1825, 
-14, -463, -448, 239, 217, -456, 156, -73, 331, 253, 346, -1825, 
-14, -468, -453, 241, 219, -461, 165, -68, 331, 253, 346, -1825, 
-9, -458, -448, 234, 219, -453, 165, -73, 322, 253, 346, -1834, 
-14, -458, -444, 236, 214, -451, 170, -78, 322, 253, 346, -1834, 
-14, -458, -444, 236, 214, -451, 170, -82, 322, 253, 346, -1834, 
-14, -453, -439, 234, 212, -446, 170, -87, 322, 253, 346, -1834, 
-4, -453, -448, 229, 222, -451, 170, -87, 317, 253, 346, -1834, 
-4, -453, -448, 229, 222, -451, 170, -87, 317, 253, 346, -1834, 
-4, -453, -448, 229, 222, -451, 165, -87, 317, 248, 341, -1834, 
-4, -458, -453, 231, 224, -456, 156, -87, 317, 248, 341, -1839, 
-4, -458, -453, 231, 224, -456, 156, -78, 322, 248, 341, -1830, 
-4, -458, -453, 231, 224, -456, 156, -78, 322, 248, 341, -1830, 
-4, -463, -458, 234, 226, -461, 151, -82, 322, 248, 341, -1830, 
-4, -463, -458, 234, 226, -461, 151, -82, 322, 248, 341, -1830, 
-9, -463, -453, 236, 222, -458, 161, -73, 326, 258, 341, -1839, 
-14, -458, -444, 236, 214, -451, 161, -73, 326, 258, 341, -1839, 
-14, -458, -444, 236, 214, -451, 161, -73, 322, 258, 341, -1834, 
-14, -463, -448, 239, 217, -456, 161, -73, 322, 258, 346, -1834, 
-14, -463, -448, 239, 217, -456, 161, -87, 322, 248, 356, -1834, 
-9, -463, -453, 236, 222, -458, 161, -87, 322, 253, 356, -1834, 
-9, -463, -453, 236, 222, -458, 161, -87, 322, 253, 356, -1834, 
-9, -463, -453, 236, 222, -458, 170, -87, 322, 253, 351, -1834, 
0, -453, -453, 226, 226, -453, 180, -92, 322, 253, 341, -1834, 
0, -453, -453, 226, 226, -453, 170, -92, 322, 253, 341, -1834, 
0, -453, -453, 226, 226, -453, 170, -92, 322, 248, 341, -1834, 
-4, -453, -448, 229, 222, -451, 170, -92, 322, 248, 341, -1834, 
-9, -453, -444, 231, 217, -448, 161, -92, 312, 248, 346, -1834, 
-14, -458, -444, 236, 214, -451, 161, -97, 312, 248, 346, -1834, 
-14, -463, -448, 239, 217, -456, 161, -102, 312, 248, 346, -1834, 
-19, -468, -448, 244, 214, -458, 161, -102, 312, 253, 341, -1834, 
-19, -468, -448, 244, 214, -458, 161, -97, 317, 253, 351, -1834, 
-19, -468, -448, 244, 214, -458, 161, -92, 317, 253, 351, -1834, 
-19, -468, -448, 244, 214, -458, 161, -92, 317, 253, 351, -1834, 
-19, -468, -448, 244, 214, -458, 161, -87, 317, 248, 351, -1834, 
-9, -468, -458, 239, 224, -463, 156, -92, 307, 253, 341, -1844, 
-9, -468, -458, 239, 224, -463, 151, -92, 307, 253, 341, -1844, 
-9, -468, -458, 239, 224, -463, 146, -97, 307, 253, 341, -1844, 
-4, -468, -463, 236, 229, -466, 141, -97, 307, 253, 341, -1844, 
-4, -473, -468, 239, 231, -470, 151, -92, 317, 253, 341, -1834, 
-9, -473, -463, 241, 226, -468, 151, -87, 317, 253, 341, -1834, 
-9, -468, -458, 239, 224, -463, 156, -82, 317, 253, 341, -1834, 
-9, -468, -458, 239, 224, -463, 156, -82, 322, 258, 341, -1834, 
-19, -478, -458, 248, 219, -468, 146, -82, 312, 258, 351, -1839, 
-14, -478, -463, 246, 224, -470, 161, -87, 317, 248, 351, -1839, 
-14, -478, -463, 246, 224, -470, 156, -87, 322, 258, 351, -1839, 
-9, -468, -458, 239, 224, -463, 165, -78, 312, 253, 351, -1834, 
-19, -468, -448, 244, 214, -458, 156, -87, 312, 253, 341, -1834, 
-19, -468, -448, 244, 214, -458, 156, -87, 312, 253, 341, -1834, 
-19, -468, -448, 244, 214, -458, 156, -87, 312, 253, 341, -1834, 
-19, -468, -448, 244, 214, -458, 156, -87, 312, 253, 341, -1834, 
-29, -468, -439, 248, 204, -453, 165, -87, 322, 253, 351, -1834, 
-29, -468, -439, 248, 204, -453, 165, -87, 322, 253, 351, -1834, 
-29, -468, -439, 248, 204, -453, 165, -87, 322, 253, 351, -1834, 
-29, -468, -439, 248, 204, -453, 165, -87, 322, 253, 351, -1834, 
-19, -468, -448, 244, 214, -458, 161, -87, 322, 253, 351, -1834, 
-19, -468, -448, 244, 214, -458, 156, -87, 322, 253, 351, -1834, 
-19, -468, -448, 244, 214, -458, 151, -87, 322, 253, 351, -1834, 
-19, -468, -448, 244, 214, -458, 146, -87, 322, 253, 351, -1834, 
-9, -468, -458, 239, 224, -463, 156, -87, 322, 253, 351, -1844, 
-9, -468, -458, 239, 224, -463, 156, -87, 322, 253, 351, -1844, 
-9, -468, -458, 239, 224, -463, 156, -87, 322, 253, 351, -1844, 
-9, -468, -458, 239, 224, -463, 156, -87, 322, 253, 351, -1844, 
-9, -468, -458, 239, 224, -463, 165, -97, 312, 253, 351, -1844, 
-9, -468, -458, 239, 224, -463, 165, -97, 312, 253, 351, -1844, 
-9, -468, -458, 239, 224, -463, 165, -97, 312, 253, 351, -1844, 
-9, -468, -458, 239, 224, -463, 165, -97, 312, 253, 351, -1844, 
-19, -468, -448, 244, 214, -458, 156, -92, 322, 263, 351, -1844, 
-19, -468, -448, 244, 214, -458, 156, -87, 322, 263, 351, -1844, 
-19, -468, -448, 244, 214, -458, 156, -82, 322, 263, 351, -1844, 
-19, -468, -448, 244, 214, -458, 156, -78, 322, 263, 351, -1844, 
-19, -468, -448, 244, 214, -458, 156, -87, 322, 253, 361, -1834, 
-19, -468, -448, 244, 214, -458, 156, -87, 322, 253, 361, -1834, 
-19, -468, -448, 244, 214, -458, 156, -87, 322, 253, 361, -1834, 
-19, -468, -448, 244, 214, -458, 156, -87, 322, 253, 361, -1834, 
-9, -478, -468, 244, 229, -473, 156, -92, 312, 253, 361, -1844, 
-9, -478, -468, 244, 229, -473, 156, -97, 312, 253, 361, -1844, 
-9, -478, -468, 244, 229, -473, 156, -102, 312, 253, 361, -1844, 
-9, -478, -468, 244, 229, -473, 156, -107, 312, 253, 361, -1844, 
-19, -478, -458, 248, 219, -468, 165, -102, 312, 244, 351, -1844, 
-19, -478, -458, 248, 219, -468, 165, -97, 312, 244, 351, -1844, 
-19, -478, -458, 248, 219, -468, 165, -92, 312, 244, 351, -1844, 
-19, -478, -458, 248, 219, -468, 165, -87, 312, 244, 351, -1844, 
-9, -468, -458, 239, 224, -463, 165, -78, 322, 253, 361, -1844, 
-9, -468, -458, 239, 224, -463, 165, -78, 322, 253, 361, -1844, 
-9, -468, -458, 239, 224, -463, 165, -78, 322, 253, 361, -1844, 
-9, -468, -458, 239, 224, -463, 165, -78, 322, 253, 361, -1844, 
-9, -468, -458, 239, 224, -463, 156, -87, 312, 253, 361, -1844, 
-9, -468, -458, 239, 224, -463, 156, -87, 312, 253, 361, -1844, 
-9, -468, -458, 239, 224, -463, 156, -87, 312, 253, 361, -1844, 
-9, -468, -458, 239, 224, -463, 156, -87, 312, 253, 361, -1844, 
-9, -468, -458, 239, 224, -463, 146, -87, 312, 253, 351, -1844, 
-9, -468, -458, 239, 224, -463, 146, -87, 312, 253, 351, -1844, 
-9, -468, -458, 239, 224, -463, 146, -87, 312, 253, 351, -1844, 
-9, -468, -458, 239, 224, -463, 146, -87, 312, 253, 351, -1844, 
-19, -478, -458, 248, 219, -468, 156, -78, 322, 253, 361, -1844, 
-19, -478, -458, 248, 219, -468, 156, -78, 322, 253, 361, -1844, 
-19, -478, -458, 248, 219, -468, 156, -78, 322, 253, 361, -1844, 
-19, -478, -458, 248, 219, -468, 156, -78, 322, 253, 361, -1844, 
-14, -478, -463, 246, 224, -470, 156, -87, 312, 253, 351, -1844, 
-9, -478, -468, 244, 229, -473, 156, -87, 312, 253, 351, -1844, 
-4, -478, -473, 241, 234, -475, 156, -87, 312, 253, 351, -1844, 
0, -478, -478, 239, 239, -478, 156, -87, 312, 253, 351, -1844, 
-9, -478, -468, 244, 229, -473, 161, -87, 322, 253, 351, -1844, 
-9, -478, -468, 244, 229, -473, 165, -87, 322, 253, 351, -1844, 
-9, -478, -468, 244, 229, -473, 170, -87, 322, 253, 351, -1844, 
-9, -478, -468, 244, 229, -473, 175, -87, 322, 253, 351, -1844, 
-9, -468, -458, 239, 224, -463, 165, -97, 331, 263, 356, -1834, 
-9, -468, -458, 239, 224, -463, 165, -97, 331, 263, 361, -1834, 
-9, -468, -458, 239, 224, -463, 165, -97, 331, 263, 366, -1834, 
-9, -468, -458, 239, 224, -463, 165, -97, 331, 263, 370, -1834, 
-9, -453, -444, 231, 217, -448, 156, -87, 336, 273, 370, -1825, 
-9, -448, -439, 229, 214, -444, 156, -87, 341, 273, 370, -1825, 
-9, -444, -434, 226, 212, -439, 156, -87, 346, 273, 370, -1825, 
-9, -439, -429, 224, 209, -434, 156, -87, 351, 273, 370, -1825, 
0, -439, -439, 219, 219, -439, 170, -78, 351, 283, 380, -1825, 
0, -439, -439, 219, 219, -439, 175, -78, 351, 283, 380, -1825, 
0, -439, -439, 219, 219, -439, 180, -78, 351, 283, 380, -1825, 
0, -439, -439, 219, 219, -439, 185, -78, 351, 283, 380, -1825, 
0, -429, -429, 214, 214, -429, 175, -68, 356, 292, 390, -1825, 
0, -429, -429, 214, 214, -429, 175, -68, 361, 292, 390, -1825, 
0, -429, -429, 214, 214, -429, 175, -68, 366, 292, 390, -1825, 
0, -429, -429, 214, 214, -429, 175, -68, 370, 292, 390, -1825, 
9, -419, -429, 204, 219, -424, 170, -68, 370, 292, 400, -1815, 
9, -419, -429, 204, 219, -424, 165, -68, 370, 292, 400, -1815, 
9, -419, -429, 204, 219, -424, 161, -68, 370, 292, 400, -1815, 
9, -419, -429, 204, 219, -424, 156, -68, 370, 292, 400, -1815, 
9, -419, -429, 204, 219, -424, 151, -68, 370, 302, 409, -1815, 
9, -419, -429, 204, 219, -424, 146, -68, 370, 302, 409, -1815, 
9, -419, -429, 204, 219, -424, 141, -68, 370, 302, 409, -1815, 
9, -419, -429, 204, 219, -424, 136, -68, 370, 302, 409, -1815, 
29, -419, -448, 195, 239, -434, 136, -68, 370, 292, 400, -1815, 
29, -424, -453, 197, 241, -439, 141, -68, 370, 292, 400, -1815, 
29, -424, -453, 197, 241, -439, 141, -68, 366, 292, 400, -1815, 
34, -424, -458, 195, 246, -441, 141, -68, 366, 292, 400, -1815, 
29, -429, -458, 200, 244, -444, 151, -73, 366, 292, 400, -1810, 
14, -429, -444, 207, 229, -436, 146, -78, 361, 292, 400, -1810, 
9, -434, -444, 212, 226, -439, 146, -87, 356, 287, 400, -1815, 
4, -434, -439, 214, 222, -436, 146, -87, 356, 287, 400, -1815, 
19, -444, -463, 212, 241, -453, 136, -92, 346, 283, 400, -1825, 
19, -448, -468, 214, 244, -458, 131, -92, 341, 273, 395, -1825, 
14, -453, -468, 219, 241, -461, 131, -97, 336, 273, 390, -1830, 
14, -453, -468, 219, 241, -461, 131, -97, 336, 268, 385, -1830, 
24, -444, -468, 209, 246, -456, 131, -97, 336, 268, 375, -1825, 
29, -439, -468, 204, 248, -453, 126, -92, 336, 273, 380, -1825, 
39, -434, -473, 197, 256, -453, 117, -87, 331, 273, 380, -1825, 
48, -434, -483, 192, 265, -458, 112, -87, 331, 273, 380, -1825, 
58, -444, -502, 192, 280, -473, 117, -92, 326, 273, 380, -1825, 
53, -448, -502, 197, 278, -475, 117, -92, 326, 273, 380, -1825, 
53, -448, -502, 197, 278, -475, 117, -92, 326, 273, 380, -1825, 
53, -444, -497, 195, 275, -470, 117, -87, 331, 273, 385, -1820, 
58, -434, -492, 187, 275, -463, 131, -87, 341, 278, 395, -1820, 
43, -434, -478, 195, 261, -456, 131, -87, 336, 278, 395, -1820, 
34, -434, -468, 200, 251, -451, 131, -92, 336, 273, 395, -1820, 
19, -444, -463, 212, 241, -453, 131, -92, 331, 273, 395, -1820, 
19, -458, -478, 219, 248, -468, 131, -82, 322, 268, 380, -1825, 
14, -458, -473, 222, 244, -466, 131, -82, 326, 268, 375, -1825, 
0, -468, -468, 234, 234, -468, 141, -78, 331, 268, 375, -1830, 
-4, -468, -463, 236, 229, -466, 146, -78, 331, 268, 375, -1830, 
4, -473, -478, 234, 241, -475, 146, -78, 326, 253, 370, -1834, 
4, -483, -488, 239, 246, -485, 146, -82, 326, 253, 366, -1839, 
4, -488, -492, 241, 248, -490, 146, -87, 317, 244, 361, -1844, 
0, -488, -488, 244, 244, -488, 146, -87, 317, 244, 356, -1849, 
-14, -492, -478, 253, 231, -485, 146, -92, 322, 248, 366, -1859, 
-14, -502, -488, 258, 236, -495, 146, -97, 322, 248, 361, -1859, 
-19, -502, -483, 261, 231, -492, 146, -97, 317, 248, 361, -1859, 
-19, -502, -483, 261, 231, -492, 151, -87, 317, 248, 366, -1859, 
-9, -492, -483, 251, 236, -488, 151, -78, 317, 248, 366, -1849, 
-9, -492, -483, 251, 236, -488, 146, -78, 317, 248, 366, -1844, 
-14, -488, -473, 251, 229, -480, 146, -78, 317, 253, 366, -1839, 
-14, -488, -473, 251, 229, -480, 146, -73, 317, 253, 366, -1839, 
-4, -488, -483, 246, 239, -485, 151, -82, 317, 244, 366, -1849, 
-4, -488, -483, 246, 239, -485, 156, -82, 317, 244, 366, -1849, 
-4, -488, -483, 246, 239, -485, 156, -87, 322, 244, 361, -1854, 
0, -488, -488, 244, 244, -488, 156, -87, 322, 244, 361, -1854, 
-9, -497, -488, 253, 239, -492, 161, -97, 322, 248, 366, -1849, 
-9, -497, -488, 253, 239, -492, 161, -97, 322, 248, 366, -1849, 
-9, -492, -483, 251, 236, -488, 161, -97, 322, 253, 366, -1849, 
-9, -492, -483, 251, 236, -488, 161, -97, 322, 253, 366, -1849, 
-9, -492, -483, 251, 236, -488, 151, -87, 312, 248, 366, -1854, 
-9, -492, -483, 251, 236, -488, 151, -87, 312, 248, 366, -1854, 
-9, -492, -483, 251, 236, -488, 151, -87, 317, 253, 370, -1854, 
-9, -492, -483, 251, 236, -488, 161, -82, 317, 253, 370, -1854, 
0, -492, -492, 246, 246, -492, 151, -82, 317, 253, 370, -1854, 
-4, -492, -488, 248, 241, -490, 151, -82, 317, 253, 370, -1854, 
-4, -492, -488, 248, 241, -490, 151, -87, 312, 253, 370, -1854, 
-4, -492, -488, 248, 241, -490, 156, -87, 312, 253, 370, -1854, 
-14, -502, -488, 258, 236, -495, 161, -97, 326, 263, 370, -1854, 
-14, -507, -492, 261, 239, -500, 165, -97, 326, 263, 370, -1854, 
-19, -507, -488, 263, 234, -497, 165, -97, 326, 263, 370, -1854, 
-19, -502, -483, 261, 231, -492, 170, -92, 326, 263, 370, -1854, 
-19, -492, -473, 256, 226, -483, 170, -82, 326, 263, 380, -1844, 
-19, -497, -478, 258, 229, -488, 170, -82, 326, 258, 380, -1844, 
-19, -497, -478, 258, 229, -488, 170, -82, 326, 258, 380, -1844, 
-24, -497, -473, 261, 224, -485, 170, -82, 322, 258, 380, -1844, 
-14, -488, -473, 251, 229, -480, 170, -82, 331, 258, 380, -1844, 
-14, -488, -473, 251, 229, -480, 170, -82, 331, 263, 380, -1844, 
-9, -488, -478, 248, 234, -483, 170, -78, 331, 263, 380, -1844, 
-4, -488, -483, 246, 239, -485, 170, -78, 336, 263, 380, -1844, 
-14, -497, -483, 256, 234, -490, 161, -82, 326, 263, 370, -1854, 
-14, -492, -478, 253, 231, -485, 161, -82, 326, 263, 370, -1854, 
-14, -492, -478, 253, 231, -485, 161, -82, 326, 258, 370, -1854, 
-14, -492, -478, 253, 231, -485, 161, -82, 326, 258, 370, -1854, 
-14, -502, -488, 258, 236, -495, 175, -87, 326, 263, 370, -1854, 
-14, -502, -488, 258, 236, -495, 175, -92, 326, 263, 370, -1854, 
-14, -502, -488, 258, 236, -495, 170, -97, 326, 263, 370, -1854, 
-19, -502, -483, 261, 231, -492, 170, -102, 326, 263, 370, -1854, 
-19, -492, -473, 256, 226, -483, 175, -97, 336, 263, 380, -1844, 
-19, -492, -473, 256, 226, -483, 175, -92, 336, 263, 380, -1844, 
-19, -488, -468, 253, 224, -478, 170, -82, 341, 263, 380, -1839, 
-14, -488, -473, 251, 229, -480, 170, -78, 341, 268, 380, -1839, 
-14, -478, -463, 246, 224, -470, 170, -73, 341, 273, 380, -1849, 
-14, -478, -463, 246, 224, -470, 165, -73, 341, 273, 385, -1849, 
-14, -478, -463, 246, 224, -470, 161, -73, 341, 273, 385, -1849, 
-19, -478, -458, 248, 219, -468, 156, -73, 341, 273, 380, -1849, 
-9, -483, -473, 246, 231, -478, 165, -73, 336, 258, 380, -1849, 
-24, -507, -483, 265, 229, -495, 180, -82, 326, 253, 361, -1859, 
-24, -527, -502, 275, 239, -514, 195, -102, 317, 239, 351, -1869, 
-29, -517, -488, 273, 229, -502, 200, -107, 307, 224, 341, -1869, 
-39, -507, -468, 273, 214, -488, 200, -112, 322, 234, 351, -1869, 
-48, -512, -463, 280, 207, -488, 209, -112, 351, 258, 361, -1869, 
-53, -522, -468, 287, 207, -495, 200, -92, 395, 283, 375, -1869, 
-39, -522, -483, 280, 222, -502, 195, -73, 448, 326, 395, -1864, 
-24, -522, -497, 273, 236, -509, 175, -48, 507, 370, 419, -1849, 
19, -512, -531, 246, 275, -522, 151, 14, 605, 448, 473, -1825, 
92, -458, -551, 183, 322, -505, 107, 112, 761, 585, 566, -1776, 
165, -375, -541, 104, 353, -458, 58, 180, 936, 741, 683, -1712, 
229, -302, -531, 36, 380, -417, -4, 234, 1078, 888, 795, -1649, 
307, -234, -541, -36, 424, -387, -53, 322, 1234, 1049, 917, -1571, 
409, -141, -551, -134, 480, -346, -92, 453, 1415, 1229, 1044, -1488, 
512, -39, -551, -236, 531, -295, -151, 585, 1532, 1385, 1176, -1410, 
619, 63, -556, -341, 588, -246, -234, 678, 1546, 1483, 1278, -1327, 
712, 131, -580, -422, 646, -224, -326, 741, 1517, 1546, 1351, -1268, 
775, 151, -624, -463, 700, -236, -395, 775, 1464, 1566, 1395, -1234, 
790, 161, -629, -475, 710, -234, -463, 751, 1356, 1517, 1395, -1205, 
790, 146, -644, -468, 717, -248, -507, 653, 1151, 1376, 1327, -1220, 
766, 78, -688, -422, 727, -305, -497, 517, 902, 1171, 1205, -1268, 
702, -34, -736, -334, 719, -385, -468, 341, 639, 936, 1039, -1351, 
639, -156, -795, -241, 717, -475, -463, 107, 346, 673, 868, -1429, 
561, -278, -839, -141, 700, -558, -439, -117, 63, 424, 697, -1517, 
483, -419, -902, -31, 692, -661, -385, -287, -204, 190, 527, -1620, 
405, -531, -936, 63, 671, -734, -326, -380, -414, -14, 375, -1703, 
336, -595, -932, 129, 634, -763, -258, -395, -507, -141, 283, -1771, 
283, -600, -883, 158, 583, -741, -185, -346, -458, -151, 258, -1790, 
244, -580, -824, 168, 534, -702, -112, -283, -336, -92, 278, -1781, 
209, -556, -766, 173, 488, -661, -43, -209, -190, -14, 331, -1781, 
204, -512, -717, 153, 461, -614, -9, -146, -39, 78, 385, -1771, 
200, -473, -673, 136, 436, -573, -4, -122, 87, 165, 429, -1747, 
190, -429, -619, 119, 405, -524, -4, -112, 170, 224, 458, -1732, 
180, -409, -590, 114, 385, -500, 34, -92, 224, 258, 458, -1732, 
156, -409, -566, 126, 361, -488, 92, -73, 263, 278, 458, -1737, 
112, -409, -522, 148, 317, -466, 126, -53, 292, 283, 458, -1751, 
73, -409, -483, 168, 278, -446, 136, -48, 312, 273, 444, -1781, 
43, -419, -463, 187, 253, -441, 146, -39, 322, 273, 429, -1800, 
9, -448, -458, 219, 234, -453, 146, -39, 336, 273, 414, -1820, 
-4, -463, -458, 234, 226, -461, 161, -39, 356, 278, 419, -1825, 
-9, -473, -463, 241, 226, -468, 170, -24, 366, 283, 419, -1830, 
-4, -483, -478, 244, 236, -480, 170, -29, 361, 283, 419, -1825, 
0, -488, -488, 244, 244, -488, 175, -29, 361, 283, 419, -1825, 
4, -488, -492, 241, 248, -490, 175, -34, 361, 273, 414, -1825, 
9, -483, -492, 236, 251, -488, 175, -39, 351, 268, 405, -1825, 
0, -483, -483, 241, 241, -483, 180, -43, 346, 268, 405, -1830, 
-9, -478, -468, 244, 229, -473, 185, -48, 346, 268, 405, -1830, 
-9, -478, -468, 244, 229, -473, 195, -53, 351, 273, 405, -1830, 
-14, -478, -463, 246, 224, -470, 200, -58, 346, 273, 400, -1830, 
-14, -478, -463, 246, 224, -470, 209, -48, 351, 263, 400, -1839, 
-14, -483, -468, 248, 226, -475, 219, -48, 356, 263, 400, -1839, 
-14, -488, -473, 251, 229, -480, 224, -48, 356, 268, 400, -1834, 
-19, -488, -468, 253, 224, -478, 224, -48, 361, 268, 400, -1834, 
-9, -478, -468, 244, 229, -473, 209, -48, 370, 263, 390, -1849, 
-4, -473, -468, 239, 231, -470, 209, -39, 370, 263, 390, -1849, 
-4, -473, -468, 239, 231, -470, 209, -39, 366, 263, 390, -1844, 
-9, -473, -463, 241, 226, -468, 209, -39, 366, 263, 390, -1844, 
0, -473, -473, 236, 236, -473, 204, -34, 370, 268, 400, -1844, 
0, -473, -473, 236, 236, -473, 200, -29, 370, 273, 400, -1844, 
0, -473, -473, 236, 236, -473, 195, -24, 370, 278, 400, -1844, 
-4, -478, -473, 241, 234, -475, 190, -19, 370, 283, 400, -1849, 
-19, -488, -468, 253, 224, -478, 195, -24, 380, 283, 400, -1839, 
-24, -488, -463, 256, 219, -475, 200, -29, 380, 283, 400, -1844, 
-29, -488, -458, 258, 214, -473, 204, -34, 380, 283, 400, -1844, 
-34, -502, -468, 268, 217, -485, 209, -39, 380, 283, 395, -1844, 
-24, -492, -468, 258, 222, -480, 219, -34, 380, 283, 405, -1854, 
-29, -492, -463, 261, 217, -478, 219, -34, 385, 283, 409, -1849, 
-29, -492, -463, 261, 217, -478, 219, -34, 385, 283, 409, -1849, 
-29, -492, -463, 261, 217, -478, 229, -34, 385, 287, 409, -1849, 
-19, -483, -463, 251, 222, -473, 219, -24, 375, 278, 400, -1849, 
-19, -483, -463, 251, 222, -473, 219, -24, 375, 278, 405, -1849, 
-19, -483, -463, 251, 222, -473, 219, -24, 375, 278, 405, -1844, 
-19, -483, -463, 251, 222, -473, 219, -24, 375, 278, 405, -1844, 
-19, -483, -463, 251, 222, -473, 209, -29, 385, 278, 405, -1844, 
-19, -483, -463, 251, 222, -473, 209, -29, 385, 278, 400, -1849, 
-19, -483, -463, 251, 222, -473, 209, -29, 385, 278, 400, -1849, 
-19, -483, -463, 251, 222, -473, 209, -29, 385, 278, 400, -1844, 
-19, -483, -463, 251, 222, -473, 209, -29, 390, 287, 409, -1844, 
-24, -483, -458, 253, 217, -470, 209, -24, 390, 287, 405, -1849, 
-24, -483, -458, 253, 217, -470, 209, -24, 390, 287, 405, -1849, 
-19, -483, -463, 251, 222, -473, 209, -24, 390, 287, 405, -1844, 
-19, -483, -463, 251, 222, -473, 224, -24, 385, 278, 405, -1844, 
-14, -478, -463, 246, 224, -470, 224, -24, 390, 278, 409, -1844, 
-14, -478, -463, 246, 224, -470, 224, -19, 390, 278, 409, -1844, 
-14, -473, -458, 244, 222, -466, 224, -14, 395, 283, 409, -1844, 
-14, -473, -458, 244, 222, -466, 234, 0, 409, 292, 409, -1839, 
-14, -473, -458, 244, 222, -466, 239, 0, 409, 292, 409, -1839, 
-14, -478, -463, 246, 224, -470, 239, -4, 405, 292, 409, -1844, 
-14, -478, -463, 246, 224, -470, 234, -4, 405, 292, 409, -1844, 
-19, -478, -458, 248, 219, -468, 224, -9, 405, 292, 419, -1844, 
-19, -478, -458, 248, 219, -468, 224, -9, 405, 292, 419, -1844, 
-19, -478, -458, 248, 219, -468, 224, -4, 405, 297, 419, -1844, 
-24, -478, -453, 251, 214, -466, 224, 0, 409, 297, 419, -1844, 
-14, -478, -463, 246, 224, -470, 224, 0, 409, 297, 409, -1844, 
-14, -478, -463, 246, 224, -470, 229, 0, 409, 297, 409, -1844, 
-14, -478, -463, 246, 224, -470, 229, 0, 409, 297, 409, -1844, 
-14, -478, -463, 246, 224, -470, 234, 0, 414, 292, 409, -1844, 
-14, -478, -463, 246, 224, -470, 224, 4, 414, 292, 409, -1844, 
-9, -478, -468, 244, 229, -473, 224, 4, 414, 292, 409, -1844, 
-9, -473, -463, 241, 226, -468, 224, 9, 424, 292, 409, -1844, 
-9, -473, -463, 241, 226, -468, 229, 14, 424, 297, 409, -1844, 
-9, -473, -463, 241, 226, -468, 244, 4, 424, 292, 414, -1854, 
-4, -478, -473, 241, 234, -475, 244, 4, 424, 292, 414, -1854, 
-4, -483, -478, 244, 236, -480, 239, 4, 429, 292, 414, -1854, 
-4, -483, -478, 244, 236, -480, 239, 9, 429, 297, 414, -1854, 
-4, -473, -468, 239, 231, -470, 229, 19, 444, 297, 414, -1844, 
-4, -478, -473, 241, 234, -475, 229, 19, 444, 297, 414, -1844, 
-4, -483, -478, 244, 236, -480, 229, 24, 439, 297, 414, -1844, 
-4, -483, -478, 244, 236, -480, 234, 29, 439, 297, 414, -1844, 
-14, -478, -463, 246, 224, -470, 244, 19, 448, 312, 414, -1844, 
-19, -478, -458, 248, 219, -468, 244, 19, 453, 312, 414, -1839, 
-19, -478, -458, 248, 219, -468, 248, 24, 453, 312, 414, -1839, 
-19, -478, -458, 248, 219, -468, 253, 29, 458, 312, 419, -1834, 
-14, -488, -473, 251, 229, -480, 253, 34, 458, 312, 429, -1834, 
-14, -488, -473, 251, 229, -480, 253, 43, 463, 312, 429, -1839, 
-19, -488, -468, 253, 224, -478, 253, 53, 468, 312, 424, -1839, 
-19, -488, -468, 253, 224, -478, 253, 63, 473, 317, 424, -1834, 
-4, -488, -483, 246, 239, -485, 244, 58, 473, 317, 424, -1834, 
-4, -488, -483, 246, 239, -485, 248, 63, 478, 322, 429, -1834, 
-4, -483, -478, 244, 236, -480, 253, 63, 483, 322, 429, -1834, 
-4, -483, -478, 244, 236, -480, 263, 68, 488, 326, 434, -1834, 
-14, -468, -453, 241, 219, -461, 273, 82, 492, 326, 434, -1834, 
-14, -468, -453, 241, 219, -461, 273, 87, 497, 326, 434, -1834, 
-14, -468, -453, 241, 219, -461, 273, 92, 502, 331, 434, -1830, 
-14, -468, -453, 241, 219, -461, 278, 97, 507, 331, 439, -1830, 
-4, -468, -463, 236, 229, -466, 283, 92, 497, 336, 448, -1830, 
0, -468, -468, 234, 234, -468, 283, 97, 507, 336, 439, -1830, 
4, -458, -463, 226, 234, -461, 283, 102, 512, 336, 439, -1830, 
9, -453, -463, 222, 236, -458, 292, 107, 517, 346, 444, -1825, 
9, -453, -463, 222, 236, -458, 297, 117, 522, 351, 448, -1830, 
9, -453, -463, 222, 236, -458, 297, 122, 527, 351, 448, -1830, 
9, -448, -458, 219, 234, -453, 297, 136, 536, 351, 448, -1830, 
4, -448, -453, 222, 229, -451, 302, 141, 541, 351, 453, -1830, 
4, -444, -448, 219, 226, -446, 312, 151, 556, 356, 453, -1830, 
9, -444, -453, 217, 231, -448, 317, 161, 570, 356, 453, -1830, 
9, -439, -448, 214, 229, -444, 322, 165, 575, 366, 458, -1825, 
14, -434, -448, 209, 231, -441, 322, 170, 580, 366, 458, -1825, 
4, -434, -439, 214, 222, -436, 312, 195, 570, 375, 463, -1834, 
4, -429, -434, 212, 219, -431, 317, 204, 585, 375, 463, -1825, 
9, -429, -439, 209, 224, -434, 317, 214, 590, 380, 468, -1820, 
9, -424, -434, 207, 222, -429, 322, 224, 595, 380, 468, -1815, 
19, -424, -444, 202, 231, -434, 341, 244, 614, 390, 483, -1805, 
19, -424, -444, 202, 231, -434, 341, 253, 619, 390, 483, -1805, 
24, -419, -444, 197, 234, -431, 346, 258, 629, 395, 488, -1805, 
29, -414, -444, 192, 236, -429, 351, 268, 634, 405, 488, -1805, 
39, -419, -458, 190, 248, -439, 341, 273, 639, 400, 497, -1810, 
43, -414, -458, 185, 251, -436, 341, 278, 644, 400, 497, -1805, 
48, -409, -458, 180, 253, -434, 346, 283, 649, 400, 502, -1800, 
48, -409, -458, 180, 253, -434, 346, 292, 653, 405, 502, -1795, 
58, -409, -468, 175, 263, -439, 346, 302, 658, 414, 492, -1786, 
63, -400, -463, 168, 263, -431, 346, 312, 658, 419, 497, -1781, 
68, -395, -463, 163, 265, -429, 346, 317, 663, 419, 497, -1781, 
68, -390, -458, 161, 263, -424, 346, 326, 668, 419, 497, -1781, 
73, -400, -473, 163, 273, -436, 356, 326, 663, 419, 507, -1790, 
68, -395, -463, 163, 265, -429, 361, 326, 663, 424, 507, -1786, 
63, -390, -453, 163, 258, -422, 361, 331, 668, 424, 512, -1786, 
63, -385, -448, 161, 256, -417, 356, 341, 673, 424, 517, -1781, 
78, -375, -453, 148, 265, -414, 351, 356, 673, 434, 522, -1781, 
78, -375, -453, 148, 265, -414, 351, 356, 673, 434, 527, -1776, 
78, -370, -448, 146, 263, -409, 351, 361, 668, 434, 527, -1771, 
87, -370, -458, 141, 273, -414, 351, 361, 663, 434, 527, -1771, 
87, -375, -463, 143, 275, -419, 346, 361, 663, 429, 527, -1761, 
87, -375, -463, 143, 275, -419, 331, 361, 658, 424, 527, -1761, 
97, -375, -473, 139, 285, -424, 326, 356, 658, 424, 527, -1761, 
97, -370, -468, 136, 283, -419, 317, 351, 653, 424, 527, -1761, 
117, -356, -473, 119, 295, -414, 322, 361, 653, 424, 541, -1756, 
122, -356, -478, 117, 300, -417, 317, 356, 649, 424, 546, -1747, 
122, -351, -473, 114, 297, -412, 307, 356, 639, 424, 546, -1747, 
122, -351, -473, 114, 297, -412, 297, 341, 629, 419, 546, -1747, 
131, -351, -483, 109, 307, -417, 292, 331, 614, 414, 536, -1751, 
136, -351, -488, 107, 312, -419, 292, 312, 600, 414, 536, -1751, 
136, -346, -483, 104, 309, -414, 283, 292, 585, 409, 536, -1751, 
131, -341, -473, 104, 302, -407, 278, 283, 575, 409, 531, -1751, 
122, -346, -468, 112, 295, -407, 287, 273, 570, 405, 531, -1742, 
122, -351, -473, 114, 297, -412, 273, 263, 561, 400, 531, -1742, 
122, -356, -478, 117, 300, -417, 263, 258, 551, 395, 531, -1742, 
122, -361, -483, 119, 302, -422, 258, 248, 546, 390, 527, -1747, 
122, -375, -497, 126, 309, -436, 244, 229, 527, 385, 527, -1756, 
117, -380, -497, 131, 307, -439, 244, 219, 517, 385, 522, -1756, 
112, -385, -497, 136, 305, -441, 234, 200, 502, 380, 517, -1756, 
112, -385, -497, 136, 305, -441, 234, 185, 492, 375, 512, -1756, 
112, -380, -492, 134, 302, -436, 229, 170, 492, 370, 512, -1756, 
102, -380, -483, 139, 292, -431, 229, 156, 483, 366, 512, -1761, 
102, -390, -492, 143, 297, -441, 224, 141, 473, 361, 507, -1761, 
97, -390, -488, 146, 292, -439, 224, 126, 463, 361, 502, -1771, 
82, -395, -478, 156, 280, -436, 214, 117, 439, 351, 497, -1766, 
78, -405, -483, 163, 280, -444, 200, 102, 434, 346, 492, -1766, 
78, -405, -483, 163, 280, -444, 190, 97, 424, 346, 492, -1766, 
78, -405, -483, 163, 280, -444, 180, 82, 424, 336, 488, -1776, 
87, -409, -497, 161, 292, -453, 190, 63, 414, 331, 483, -1786, 
78, -414, -492, 168, 285, -453, 190, 53, 405, 331, 478, -1786, 
73, -419, -492, 173, 283, -456, 185, 39, 400, 322, 473, -1790, 
73, -424, -497, 175, 285, -461, 180, 34, 400, 322, 473, -1795, 
58, -424, -483, 183, 270, -453, 185, 34, 400, 317, 468, -1795, 
58, -429, -488, 185, 273, -458, 185, 19, 395, 317, 463, -1800, 
48, -434, -483, 192, 265, -458, 180, 14, 395, 312, 458, -1805, 
39, -439, -478, 200, 258, -458, 180, 4, 390, 312, 458, -1805, 
43, -453, -497, 204, 270, -475, 180, 0, 380, 307, 463, -1805, 
43, -453, -497, 204, 270, -475, 180, -9, 375, 307, 458, -1810, 
48, -458, -507, 204, 278, -483, 185, -14, 370, 307, 458, -1810, 
43, -463, -507, 209, 275, -485, 185, -24, 361, 307, 458, -1810, 
29, -468, -497, 219, 263, -483, 185, -14, 366, 307, 448, -1810, 
29, -468, -497, 219, 263, -483, 180, -24, 366, 307, 444, -1810, 
29, -468, -497, 219, 263, -483, 170, -29, 366, 302, 444, -1820, 
29, -468, -497, 219, 263, -483, 170, -29, 366, 302, 444, -1810, 
29, -468, -497, 219, 263, -483, 175, -39, 366, 302, 453, -1810, 
34, -468, -502, 217, 268, -485, 175, -43, 366, 302, 453, -1810, 
34, -468, -502, 217, 268, -485, 175, -53, 361, 302, 453, -1815, 
29, -473, -502, 222, 265, -488, 175, -58, 361, 297, 448, -1815, 
29, -463, -492, 217, 261, -478, 170, -58, 356, 307, 448, -1820, 
29, -468, -497, 219, 263, -483, 170, -58, 356, 302, 444, -1825, 
24, -468, -492, 222, 258, -480, 170, -63, 356, 302, 444, -1825, 
24, -463, -488, 219, 256, -475, 170, -68, 356, 302, 444, -1820, 
24, -473, -497, 224, 261, -485, 180, -68, 356, 292, 434, -1830, 
24, -478, -502, 226, 263, -490, 180, -68, 356, 292, 434, -1830, 
14, -483, -497, 234, 256, -490, 180, -78, 356, 292, 434, -1830, 
14, -483, -497, 234, 256, -490, 185, -78, 356, 292, 434, -1830, 
4, -478, -483, 236, 244, -480, 175, -68, 351, 292, 444, -1820, 
9, -478, -488, 234, 248, -483, 175, -68, 351, 292, 444, -1820, 
9, -478, -488, 234, 248, -483, 175, -68, 351, 292, 444, -1825, 
0, -483, -483, 241, 241, -483, 170, -68, 351, 292, 444, -1825, 
4, -483, -488, 239, 246, -485, 161, -63, 351, 292, 429, -1825, 
9, -483, -492, 236, 251, -488, 161, -63, 351, 292, 429, -1830, 
14, -488, -502, 236, 258, -495, 165, -63, 346, 292, 429, -1830, 
19, -488, -507, 234, 263, -497, 165, -73, 346, 292, 429, -1825, 
19, -488, -507, 234, 263, -497, 165, -63, 356, 292, 429, -1825, 
19, -488, -507, 234, 263, -497, 165, -63, 361, 292, 429, -1825, 
19, -488, -507, 234, 263, -497, 165, -58, 366, 292, 429, -1825, 
19, -488, -507, 234, 263, -497, 161, -58, 366, 292, 424, -1825, 
9, -497, -507, 244, 258, -502, 165, -63, 356, 292, 434, -1820, 
9, -497, -507, 244, 258, -502, 165, -68, 356, 292, 434, -1820, 
9, -497, -507, 244, 258, -502, 170, -73, 356, 292, 439, -1820, 
9, -497, -507, 244, 258, -502, 175, -78, 351, 287, 439, -1815, 
9, -488, -497, 239, 253, -492, 165, -68, 351, 287, 429, -1820, 
9, -488, -497, 239, 253, -492, 170, -73, 351, 287, 429, -1825, 
9, -483, -492, 236, 251, -488, 170, -78, 351, 292, 429, -1830, 
9, -483, -492, 236, 251, -488, 170, -78, 351, 292, 429, -1834, 
0, -497, -497, 248, 248, -497, 170, -78, 351, 292, 439, -1825, 
-4, -497, -492, 251, 244, -495, 175, -78, 356, 292, 439, -1825, 
-4, -497, -492, 251, 244, -495, 180, -78, 356, 292, 439, -1825, 
-4, -497, -492, 251, 244, -495, 185, -78, 356, 292, 439, -1825, 
4, -483, -488, 239, 246, -485, 175, -68, 356, 292, 439, -1820, 
4, -483, -488, 239, 246, -485, 175, -68, 356, 292, 444, -1820, 
4, -483, -488, 239, 246, -485, 175, -63, 361, 297, 444, -1815, 
4, -483, -488, 239, 246, -485, 175, -63, 366, 297, 444, -1815, 
4, -483, -488, 239, 246, -485, 175, -73, 366, 297, 444, -1815, 
4, -483, -488, 239, 246, -485, 175, -73, 366, 297, 444, -1815, 
-4, -488, -483, 246, 239, -485, 175, -73, 366, 297, 444, -1815, 
4, -488, -492, 241, 248, -490, 170, -73, 366, 297, 444, -1815, 
4, -478, -483, 236, 244, -480, 170, -82, 366, 307, 434, -1825, 
4, -492, -497, 244, 251, -495, 170, -87, 370, 307, 434, -1825, 
4, -492, -497, 244, 251, -495, 170, -87, 375, 307, 434, -1825, 
4, -483, -488, 239, 246, -485, 170, -87, 375, 307, 434, -1825, 
9, -473, -483, 231, 246, -478, 161, -82, 380, 307, 444, -1815, 
9, -473, -483, 231, 246, -478, 165, -73, 380, 307, 444, -1815, 
9, -473, -483, 231, 246, -478, 165, -68, 385, 317, 444, -1815, 
14, -468, -483, 226, 248, -475, 165, -63, 385, 317, 444, -1815, 
14, -473, -488, 229, 251, -480, 170, -53, 385, 317, 453, -1815, 
14, -473, -488, 229, 251, -480, 170, -53, 385, 317, 453, -1815, 
14, -478, -492, 231, 253, -485, 175, -48, 385, 317, 453, -1815, 
14, -488, -502, 236, 258, -495, 180, -43, 390, 317, 453, -1815, 
4, -488, -492, 241, 248, -490, 190, -53, 385, 317, 458, -1820, 
4, -488, -492, 241, 248, -490, 185, -58, 385, 317, 458, -1815, 
4, -488, -492, 241, 248, -490, 185, -58, 385, 317, 458, -1815, 
4, -488, -492, 241, 248, -490, 185, -53, 390, 322, 458, -1815, 
4, -488, -492, 241, 248, -490, 185, -58, 390, 322, 453, -1815, 
4, -488, -492, 241, 248, -490, 180, -58, 390, 322, 453, -1815, 
0, -488, -488, 244, 244, -488, 180, -58, 390, 326, 453, -1820, 
0, -488, -488, 244, 244, -488, 180, -58, 395, 326, 453, -1820, 
-4, -483, -478, 244, 236, -480, 170, -58, 395, 326, 453, -1820, 
-4, -483, -478, 244, 236, -480, 170, -58, 390, 326, 453, -1820, 
-4, -483, -478, 244, 236, -480, 170, -63, 390, 326, 453, -1820, 
-4, -483, -478, 244, 236, -480, 175, -63, 390, 326, 453, -1820, 
9, -468, -478, 229, 244, -473, 180, -63, 385, 326, 453, -1810, 
14, -468, -483, 226, 248, -475, 185, -53, 385, 322, 448, -1810, 
14, -473, -488, 229, 251, -480, 190, -53, 385, 322, 448, -1810, 
19, -473, -492, 226, 256, -483, 195, -58, 385, 322, 448, -1805, 
19, -473, -492, 226, 256, -483, 204, -58, 395, 322, 453, -1815, 
14, -473, -488, 229, 251, -480, 204, -53, 395, 322, 453, -1815, 
9, -473, -483, 231, 246, -478, 204, -53, 390, 322, 453, -1815, 
4, -473, -478, 234, 241, -475, 204, -53, 390, 322, 453, -1815, 
14, -483, -497, 234, 256, -490, 200, -48, 385, 312, 453, -1815, 
14, -483, -497, 234, 256, -490, 195, -48, 385, 312, 453, -1815, 
14, -483, -497, 234, 256, -490, 190, -48, 380, 312, 453, -1815, 
14, -483, -497, 234, 256, -490, 185, -48, 380, 317, 453, -1815, 
19, -488, -507, 234, 263, -497, 185, -39, 390, 326, 458, -1810, 
19, -488, -507, 234, 263, -497, 180, -34, 390, 326, 458, -1810, 
19, -488, -507, 234, 263, -497, 180, -34, 390, 326, 458, -1810, 
19, -492, -512, 236, 265, -502, 180, -39, 390, 326, 453, -1810, 
19, -488, -507, 234, 263, -497, 180, -39, 390, 326, 453, -1810, 
19, -483, -502, 231, 261, -492, 180, -39, 390, 326, 453, -1815, 
19, -478, -497, 229, 258, -488, 180, -39, 390, 326, 453, -1815, 
14, -473, -488, 229, 251, -480, 180, -39, 390, 326, 453, -1815, 
14, -483, -497, 234, 256, -490, 175, -48, 375, 326, 453, -1815, 
14, -488, -502, 236, 258, -495, 180, -48, 375, 326, 453, -1815, 
14, -492, -507, 239, 261, -500, 180, -48, 375, 326, 453, -1815, 
19, -492, -512, 236, 265, -502, 180, -53, 375, 322, 453, -1815, 
19, -492, -512, 236, 265, -502, 180, -48, 375, 322, 453, -1805, 
14, -492, -507, 239, 261, -500, 175, -48, 375, 326, 453, -1805, 
14, -492, -507, 239, 261, -500, 175, -43, 375, 326, 453, -1805, 
19, -492, -512, 236, 265, -502, 170, -39, 370, 322, 453, -1805, 
34, -492, -527, 229, 280, -509, 165, -39, 380, 326, 453, -1805, 
34, -492, -527, 229, 280, -509, 165, -39, 380, 326, 453, -1805, 
29, -492, -522, 231, 275, -507, 165, -39, 380, 322, 453, -1805, 
29, -492, -522, 231, 275, -507, 165, -39, 375, 322, 453, -1805, 
24, -483, -507, 229, 265, -495, 161, -39, 385, 322, 458, -1805, 
24, -483, -507, 229, 265, -495, 165, -48, 380, 317, 458, -1805, 
14, -488, -502, 236, 258, -495, 175, -48, 380, 317, 458, -1805, 
14, -488, -502, 236, 258, -495, 180, -48, 380, 317, 458, -1805, 
4, -497, -502, 246, 253, -500, 185, -39, 370, 317, 444, -1815, 
4, -497, -502, 246, 253, -500, 185, -48, 366, 317, 444, -1815, 
4, -497, -502, 246, 253, -500, 185, -48, 366, 317, 444, -1815, 
4, -497, -502, 246, 253, -500, 190, -48, 366, 317, 444, -1815, 
0, -497, -497, 248, 248, -497, 195, -58, 366, 317, 434, -1815, 
0, -497, -497, 248, 248, -497, 200, -58, 366, 317, 434, -1815, 
0, -502, -502, 251, 251, -502, 200, -53, 366, 317, 434, -1815, 
0, -502, -502, 251, 251, -502, 195, -53, 366, 317, 434, -1815, 
9, -507, -517, 248, 263, -512, 185, -58, 356, 307, 434, -1825, 
9, -502, -512, 246, 261, -507, 175, -63, 356, 307, 434, -1825, 
9, -502, -512, 246, 261, -507, 175, -68, 351, 307, 434, -1825, 
9, -502, -512, 246, 261, -507, 175, -78, 351, 307, 439, -1825, 
9, -512, -522, 251, 265, -517, 185, -68, 351, 317, 439, -1825, 
9, -517, -527, 253, 268, -522, 185, -68, 356, 317, 439, -1825, 
9, -517, -527, 253, 268, -522, 190, -68, 356, 312, 439, -1825, 
9, -522, -531, 256, 270, -527, 190, -68, 356, 312, 439, -1825, 
4, -522, -527, 258, 265, -524, 180, -63, 366, 317, 444, -1815, 
4, -522, -527, 258, 265, -524, 180, -58, 361, 317, 439, -1815, 
4, -522, -527, 258, 265, -524, 180, -53, 361, 317, 439, -1815, 
4, -522, -527, 258, 265, -524, 180, -53, 361, 317, 439, -1815, 
-4, -512, -507, 258, 251, -509, 175, -43, 366, 322, 439, -1805, 
4, -512, -517, 253, 261, -514, 170, -43, 366, 322, 439, -1805, 
4, -512, -517, 253, 261, -514, 170, -43, 370, 322, 444, -1805, 
4, -517, -522, 256, 263, -519, 175, -39, 370, 322, 444, -1805, 
9, -517, -527, 253, 268, -522, 175, -48, 361, 312, 444, -1805, 
4, -517, -522, 256, 263, -519, 180, -48, 361, 312, 444, -1805, 
4, -517, -522, 256, 263, -519, 180, -48, 361, 312, 444, -1805, 
4, -512, -517, 253, 261, -514, 180, -48, 361, 312, 444, -1805, 
14, -512, -527, 248, 270, -519, 180, -58, 356, 312, 434, -1815, 
14, -512, -527, 248, 270, -519, 180, -58, 356, 312, 434, -1815, 
14, -512, -527, 248, 270, -519, 175, -58, 356, 307, 429, -1815, 
14, -517, -531, 251, 273, -524, 165, -58, 356, 307, 429, -1820, 
24, -507, -531, 241, 278, -519, 165, -58, 351, 307, 429, -1820, 
24, -507, -531, 241, 278, -519, 165, -58, 351, 307, 429, -1820, 
24, -512, -536, 244, 280, -524, 161, -63, 351, 307, 429, -1820, 
24, -512, -536, 244, 280, -524, 161, -63, 351, 307, 429, -1820, 
14, -522, -536, 253, 275, -529, 170, -63, 366, 307, 439, -1820, 
4, -517, -522, 256, 263, -519, 170, -63, 366, 307, 439, -1820, 
0, -517, -517, 258, 258, -517, 170, -63, 361, 307, 439, -1815, 
-4, -522, -517, 263, 256, -519, 170, -63, 361, 307, 444, -1815, 
-4, -512, -507, 258, 251, -509, 180, -78, 351, 307, 444, -1805, 
0, -512, -512, 256, 256, -512, 180, -78, 351, 312, 444, -1805, 
0, -512, -512, 256, 256, -512, 180, -78, 351, 312, 444, -1805, 
0, -512, -512, 256, 256, -512, 190, -78, 351, 312, 439, -1805, 
9, -522, -531, 256, 270, -527, 190, -73, 341, 312, 429, -1815, 
9, -522, -531, 256, 270, -527, 180, -73, 341, 312, 429, -1815, 
9, -522, -531, 256, 270, -527, 180, -73, 341, 307, 429, -1815, 
4, -522, -527, 258, 265, -524, 180, -73, 341, 307, 429, -1815, 
4, -527, -531, 261, 268, -529, 170, -68, 341, 307, 424, -1815, 
4, -527, -531, 261, 268, -529, 170, -68, 341, 307, 424, -1815, 
9, -527, -536, 258, 273, -531, 170, -68, 341, 307, 424, -1815, 
9, -527, -536, 258, 273, -531, 170, -63, 341, 312, 419, -1815, 
0, -536, -536, 268, 268, -536, 161, -53, 346, 322, 424, -1815, 
0, -536, -536, 268, 268, -536, 161, -53, 346, 322, 429, -1815, 
0, -536, -536, 268, 268, -536, 161, -58, 346, 322, 434, -1815, 
0, -536, -536, 268, 268, -536, 161, -58, 346, 317, 439, -1815, 
9, -527, -536, 258, 273, -531, 170, -53, 346, 312, 439, -1805, 
9, -527, -536, 258, 273, -531, 170, -53, 346, 312, 439, -1805, 
9, -527, -536, 258, 273, -531, 170, -58, 346, 312, 439, -1805, 
14, -527, -541, 256, 278, -534, 170, -58, 346, 312, 439, -1805, 
14, -531, -546, 258, 280, -539, 170, -63, 336, 302, 429, -1805, 
9, -531, -541, 261, 275, -536, 170, -58, 336, 302, 429, -1805, 
9, -527, -536, 258, 273, -531, 175, -53, 336, 302, 429, -1805, 
9, -527, -536, 258, 273, -531, 175, -53, 341, 307, 429, -1805, 
-9, -527, -517, 268, 253, -522, 185, -63, 351, 307, 429, -1800, 
-4, -517, -512, 261, 253, -514, 180, -68, 356, 307, 429, -1800, 
4, -527, -531, 261, 268, -529, 175, -68, 351, 307, 439, -1800, 
19, -536, -556, 258, 287, -546, 175, -58, 351, 312, 439, -1805, 
14, -536, -551, 261, 283, -544, 175, -68, 341, 322, 439, -1805, 
9, -536, -546, 263, 278, -541, 175, -68, 341, 322, 439, -1805, 
4, -536, -541, 265, 273, -539, 175, -68, 341, 322, 439, -1805, 
0, -536, -536, 268, 268, -536, 175, -68, 341, 322, 439, -1805, 
0, -546, -546, 273, 273, -546, 165, -58, 341, 322, 429, -1805, 
0, -546, -546, 273, 273, -546, 165, -58, 341, 322, 429, -1805, 
0, -546, -546, 273, 273, -546, 165, -58, 341, 322, 429, -1805, 
0, -546, -546, 273, 273, -546, 165, -58, 341, 322, 429, -1805, 
9, -541, -551, 265, 280, -546, 175, -68, 341, 312, 429, -1805, 
9, -536, -546, 263, 278, -541, 175, -68, 341, 312, 429, -1805, 
9, -531, -541, 261, 275, -536, 175, -68, 341, 312, 429, -1805, 
9, -527, -536, 258, 273, -531, 175, -68, 341, 312, 429, -1805, 
9, -536, -546, 263, 278, -541, 175, -68, 351, 322, 429, -1805, 
9, -536, -546, 263, 278, -541, 175, -68, 351, 322, 429, -1805, 
9, -536, -546, 263, 278, -541, 175, -68, 351, 322, 429, -1805, 
9, -536, -546, 263, 278, -541, 175, -68, 351, 322, 429, -1805, 
9, -527, -536, 258, 273, -531, 175, -58, 351, 322, 429, -1805, 
9, -527, -536, 258, 273, -531, 175, -58, 351, 322, 429, -1805, 
9, -527, -536, 258, 273, -531, 175, -58, 351, 322, 429, -1805, 
9, -527, -536, 258, 273, -531, 175, -58, 351, 322, 429, -1805, 
4, -536, -541, 265, 273, -539, 170, -68, 341, 322, 429, -1805, 
0, -536, -536, 268, 268, -536, 165, -68, 341, 322, 429, -1805, 
-4, -536, -531, 270, 263, -534, 161, -68, 341, 322, 429, -1805, 
-9, -536, -527, 273, 258, -531, 156, -68, 341, 322, 429, -1805, 
0, -536, -536, 268, 268, -536, 165, -68, 351, 322, 429, -1795, 
0, -536, -536, 268, 268, -536, 165, -68, 351, 322, 429, -1795, 
0, -536, -536, 268, 268, -536, 165, -68, 351, 322, 429, -1795, 
0, -536, -536, 268, 268, -536, 165, -68, 351, 322, 429, -1795, 
4, -527, -531, 261, 268, -529, 165, -68, 341, 312, 419, -1805, 
9, -527, -536, 258, 273, -531, 165, -68, 341, 312, 419, -1805, 
14, -527, -541, 256, 278, -534, 165, -68, 341, 312, 419, -1805, 
19, -527, -546, 253, 283, -536, 165, -68, 341, 312, 419, -1805, 
14, -536, -551, 261, 283, -544, 175, -58, 341, 322, 429, -1805, 
9, -536, -546, 263, 278, -541, 175, -58, 341, 322, 429, -1805, 
4, -536, -541, 265, 273, -539, 175, -58, 341, 322, 429, -1805, 
0, -536, -536, 268, 268, -536, 175, -58, 341, 322, 429, -1805, 
0, -546, -546, 273, 273, -546, 175, -68, 341, 312, 429, -1815, 
0, -546, -546, 273, 273, -546, 175, -68, 341, 312, 429, -1815, 
0, -546, -546, 273, 273, -546, 175, -68, 341, 312, 429, -1815, 
0, -546, -546, 273, 273, -546, 175, -68, 341, 312, 429, -1815, 
0, -546, -546, 273, 273, -546, 165, -68, 331, 312, 419, -1805, 
0, -546, -546, 273, 273, -546, 165, -68, 331, 312, 419, -1805, 
0, -546, -546, 273, 273, -546, 165, -68, 331, 312, 419, -1805, 
0, -546, -546, 273, 273, -546, 165, -68, 331, 312, 419, -1805, 
0, -546, -546, 273, 273, -546, 170, -68, 331, 302, 419, -1795, 
0, -546, -546, 273, 273, -546, 175, -68, 331, 302, 419, -1795, 
0, -546, -546, 273, 273, -546, 180, -68, 331, 302, 419, -1795, 
0, -546, -546, 273, 273, -546, 185, -68, 331, 302, 419, -1795, 
-9, -556, -546, 283, 268, -551, 195, -63, 336, 312, 419, -1795, 
-9, -556, -546, 283, 268, -551, 195, -58, 341, 312, 419, -1795, 
-9, -556, -546, 283, 268, -551, 195, -53, 346, 312, 419, -1795, 
-9, -556, -546, 283, 268, -551, 195, -48, 351, 312, 419, -1795, 
0, -551, -551, 275, 275, -551, 185, -48, 361, 322, 429, -1786, 
0, -546, -546, 273, 273, -546, 185, -48, 361, 322, 429, -1786, 
0, -541, -541, 270, 270, -541, 185, -48, 361, 322, 429, -1786, 
0, -536, -536, 268, 268, -536, 185, -48, 361, 322, 429, -1786, 
0, -527, -527, 263, 263, -527, 175, -58, 361, 331, 434, -1786, 
0, -527, -527, 263, 263, -527, 175, -58, 361, 331, 439, -1786, 
0, -527, -527, 263, 263, -527, 175, -58, 361, 331, 444, -1786, 
0, -527, -527, 263, 263, -527, 175, -58, 361, 331, 448, -1786, 
9, -517, -527, 253, 268, -522, 185, -58, 361, 341, 448, -1776, 
9, -517, -527, 253, 268, -522, 185, -58, 361, 341, 448, -1776, 
9, -517, -527, 253, 268, -522, 185, -58, 361, 341, 448, -1776, 
9, -517, -527, 253, 268, -522, 185, -58, 361, 341, 448, -1776, 
9, -507, -517, 248, 263, -512, 185, -58, 366, 351, 448, -1776, 
9, -507, -517, 248, 263, -512, 185, -58, 370, 351, 448, -1776, 
9, -507, -517, 248, 263, -512, 185, -58, 375, 351, 448, -1776, 
9, -507, -517, 248, 263, -512, 185, -58, 380, 351, 448, -1776, 
19, -497, -517, 239, 268, -507, 185, -58, 390, 361, 448, -1776, 
19, -497, -517, 239, 268, -507, 185, -58, 390, 361, 448, -1776, 
19, -497, -517, 239, 268, -507, 185, -58, 390, 361, 448, -1776, 
19, -497, -517, 239, 268, -507, 185, -58, 390, 361, 448, -1776, 
9, -497, -507, 244, 258, -502, 180, -48, 390, 361, 448, -1776, 
9, -497, -507, 244, 258, -502, 175, -48, 390, 361, 448, -1776, 
9, -497, -507, 244, 258, -502, 170, -48, 390, 361, 448, -1776, 
9, -497, -507, 244, 258, -502, 165, -48, 390, 361, 448, -1776, 
14, -488, -502, 236, 258, -495, 156, -58, 380, 356, 439, -1786, 
19, -488, -507, 234, 263, -497, 156, -58, 380, 351, 439, -1786, 
34, -488, -522, 226, 278, -505, 156, -58, 380, 346, 439, -1786, 
39, -492, -531, 226, 285, -512, 161, -58, 380, 341, 439, -1786, 
29, -502, -531, 236, 280, -517, 170, -48, 375, 351, 439, -1776, 
34, -502, -536, 234, 285, -519, 170, -48, 375, 351, 439, -1776, 
34, -497, -531, 231, 283, -514, 170, -53, 375, 351, 439, -1771, 
24, -497, -522, 236, 273, -509, 165, -58, 370, 351, 439, -1771, 
14, -502, -517, 244, 265, -509, 156, -68, 366, 346, 439, -1766, 
14, -502, -517, 244, 265, -509, 156, -68, 366, 346, 439, -1766, 
19, -502, -522, 241, 270, -512, 146, -73, 356, 341, 439, -1766, 
19, -507, -527, 244, 273, -517, 141, -73, 351, 331, 434, -1766, 
14, -522, -536, 253, 275, -529, 131, -78, 346, 331, 429, -1771, 
14, -522, -536, 253, 275, -529, 131, -78, 346, 326, 424, -1771, 
24, -522, -546, 248, 285, -534, 136, -78, 346, 326, 424, -1766, 
29, -517, -546, 244, 287, -531, 136, -73, 346, 331, 429, -1766, 
39, -522, -561, 241, 300, -541, 141, -68, 341, 331, 429, -1776, 
48, -522, -570, 236, 309, -546, 141, -68, 341, 331, 429, -1776, 
48, -531, -580, 241, 314, -556, 146, -63, 346, 331, 429, -1776, 
43, -536, -580, 246, 312, -558, 146, -63, 346, 331, 429, -1776, 
43, -527, -570, 241, 307, -549, 136, -53, 336, 331, 429, -1766, 
43, -522, -566, 239, 305, -544, 136, -48, 341, 331, 434, -1761, 
53, -522, -575, 234, 314, -549, 141, -48, 341, 336, 434, -1761, 
43, -522, -566, 239, 305, -544, 141, -48, 336, 336, 434, -1761, 
48, -522, -570, 236, 309, -546, 131, -63, 336, 331, 434, -1771, 
39, -531, -570, 246, 305, -551, 131, -63, 331, 331, 434, -1771, 
29, -536, -566, 253, 297, -551, 131, -63, 331, 326, 429, -1776, 
24, -536, -561, 256, 292, -549, 131, -63, 336, 326, 424, -1776, 
4, -556, -561, 275, 283, -558, 146, -58, 351, 336, 424, -1781, 
-4, -556, -551, 280, 273, -553, 156, -58, 351, 336, 424, -1781, 
-9, -561, -551, 285, 270, -556, 161, -58, 346, 331, 419, -1786, 
-14, -570, -556, 292, 270, -563, 165, -63, 346, 331, 414, -1790, 
-14, -585, -570, 300, 278, -578, 156, -78, 326, 312, 409, -1786, 
-19, -585, -566, 302, 273, -575, 156, -78, 326, 312, 405, -1790, 
-24, -590, -566, 307, 270, -578, 156, -82, 322, 307, 405, -1790, 
-24, -600, -575, 312, 275, -588, 156, -87, 322, 307, 400, -1790, 
-24, -590, -566, 307, 270, -578, 165, -78, 317, 307, 390, -1800, 
-19, -590, -570, 305, 275, -580, 170, -68, 317, 307, 395, -1800, 
-4, -590, -585, 297, 290, -588, 170, -68, 317, 307, 395, -1800, 
0, -590, -590, 295, 295, -590, 165, -68, 317, 307, 395, -1795, 
-4, -585, -580, 295, 287, -583, 175, -78, 317, 312, 395, -1790, 
-4, -585, -580, 295, 287, -583, 175, -73, 317, 312, 395, -1790, 
-4, -585, -580, 295, 287, -583, 180, -73, 317, 312, 395, -1790, 
-4, -585, -580, 295, 287, -583, 185, -73, 317, 312, 395, -1790, 
-9, -585, -575, 297, 283, -580, 175, -78, 331, 322, 390, -1795, 
-9, -585, -575, 297, 283, -580, 175, -78, 331, 322, 390, -1795, 
-14, -585, -570, 300, 278, -578, 170, -78, 331, 317, 395, -1800, 
-19, -585, -566, 302, 273, -575, 170, -78, 331, 317, 395, -1800, 
-19, -570, -551, 295, 265, -561, 161, -73, 322, 322, 395, -1800, 
-19, -570, -551, 295, 265, -561, 161, -68, 322, 322, 395, -1800, 
-19, -570, -551, 295, 265, -561, 161, -63, 322, 317, 395, -1795, 
-19, -570, -551, 295, 265, -561, 161, -58, 322, 317, 395, -1795, 
-19, -580, -561, 300, 270, -570, 170, -68, 326, 322, 390, -1795, 
-19, -580, -561, 300, 270, -570, 180, -63, 326, 322, 390, -1795, 
-19, -580, -561, 300, 270, -570, 180, -63, 326, 322, 390, -1795, 
-24, -580, -556, 302, 265, -568, 180, -63, 326, 322, 390, -1795, 
-34, -580, -546, 307, 256, -563, 170, -68, 322, 312, 400, -1795, 
-34, -580, -546, 307, 256, -563, 175, -68, 322, 312, 400, -1795, 
-34, -580, -546, 307, 256, -563, 175, -68, 326, 312, 400, -1795, 
-34, -585, -551, 309, 258, -568, 175, -68, 326, 312, 400, -1795, 
-24, -585, -561, 305, 268, -573, 161, -68, 326, 322, 400, -1786, 
-19, -580, -561, 300, 270, -570, 161, -63, 326, 322, 400, -1786, 
-14, -580, -566, 297, 275, -573, 161, -63, 326, 322, 400, -1786, 
-9, -585, -575, 297, 283, -580, 161, -63, 326, 317, 400, -1786, 
-9, -585, -575, 297, 283, -580, 165, -63, 336, 326, 400, -1776, 
-14, -585, -570, 300, 278, -578, 170, -63, 331, 326, 400, -1776, 
-14, -585, -570, 300, 278, -578, 175, -63, 331, 326, 400, -1776, 
-14, -585, -570, 300, 278, -578, 180, -63, 331, 331, 400, -1776, 
-14, -595, -580, 305, 283, -588, 190, -68, 322, 322, 390, -1781, 
-14, -595, -580, 305, 283, -588, 190, -68, 326, 322, 390, -1786, 
-19, -595, -575, 307, 278, -585, 190, -73, 326, 322, 390, -1790, 
-24, -590, -566, 307, 270, -578, 190, -73, 326, 322, 390, -1795, 
-24, -590, -566, 307, 270, -578, 180, -73, 326, 317, 400, -1786, 
-24, -590, -566, 307, 270, -578, 180, -73, 326, 317, 400, -1786, 
-24, -590, -566, 307, 270, -578, 185, -73, 326, 322, 400, -1786, 
-24, -590, -566, 307, 270, -578, 185, -73, 326, 322, 400, -1786, 
-24, -595, -570, 309, 273, -583, 180, -63, 336, 322, 400, -1776, 
-29, -600, -570, 314, 270, -585, 180, -63, 336, 322, 400, -1776, 
-29, -605, -575, 317, 273, -590, 185, -63, 336, 322, 400, -1776, 
-29, -610, -580, 319, 275, -595, 185, -63, 336, 322, 400, -1776, 
-19, -600, -580, 309, 280, -590, 180, -48, 331, 322, 400, -1781, 
-14, -595, -580, 305, 283, -588, 180, -48, 331, 326, 400, -1781, 
-14, -590, -575, 302, 280, -583, 185, -53, 331, 331, 400, -1781, 
-14, -585, -570, 300, 278, -578, 185, -53, 331, 331, 405, -1781, 
-14, -575, -561, 295, 273, -568, 185, -63, 341, 331, 395, -1781, 
-9, -575, -566, 292, 278, -570, 185, -63, 341, 331, 400, -1781, 
-9, -590, -580, 300, 285, -585, 185, -63, 336, 326, 390, -1781, 
-24, -595, -570, 309, 273, -583, 200, -53, 336, 322, 390, -1781, 
-34, -605, -570, 319, 268, -588, 214, -63, 326, 317, 380, -1790, 
-39, -605, -566, 322, 263, -585, 219, -78, 317, 302, 370, -1800, 
-39, -605, -566, 322, 263, -585, 209, -92, 331, 312, 370, -1800, 
-39, -610, -570, 324, 265, -590, 209, -82, 361, 336, 380, -1800, 
-43, -610, -566, 326, 261, -588, 209, -63, 405, 361, 395, -1800, 
-48, -619, -570, 334, 261, -595, 204, -43, 448, 405, 414, -1795, 
-34, -619, -585, 326, 275, -602, 185, -29, 507, 448, 429, -1781, 
9, -600, -610, 295, 309, -605, 151, 43, 614, 546, 492, -1747, 
82, -546, -629, 231, 356, -588, 107, 151, 771, 683, 595, -1688, 
156, -483, -639, 163, 397, -561, 58, 219, 917, 819, 702, -1625, 
239, -409, -649, 85, 444, -529, -4, 263, 1049, 946, 805, -1571, 
326, -331, -658, 2, 492, -495, -53, 361, 1215, 1127, 936, -1493, 
409, -239, -649, -85, 529, -444, -102, 492, 1395, 1317, 1083, -1400, 
502, -146, -649, -178, 575, -397, -151, 605, 1493, 1464, 1215, -1312, 
619, -53, -673, -283, 646, -363, -224, 678, 1478, 1551, 1298, -1229, 
712, 4, -707, -358, 710, -351, -297, 712, 1410, 1586, 1361, -1180, 
766, 24, -741, -395, 753, -358, -356, 727, 1337, 1576, 1385, -1146, 
780, 24, -756, -402, 768, -366, -414, 683, 1200, 1507, 1366, -1137, 
771, 9, -761, -390, 766, -375, -448, 575, 976, 1356, 1298, -1151, 
727, -58, -785, -334, 756, -422, -458, 429, 727, 1151, 1166, -1210, 
663, -161, -824, -251, 744, -492, -448, 253, 483, 917, 1000, -1283, 
580, -283, -863, -148, 722, -573, -444, 39, 219, 663, 839, -1371, 
512, -405, -917, -53, 714, -661, -419, -165, -24, 434, 678, -1449, 
434, -517, -951, 41, 692, -734, -366, -317, -263, 209, 517, -1551, 
336, -639, -976, 151, 656, -807, -297, -400, -463, 14, 366, -1634, 
268, -722, -990, 226, 629, -856, -219, -405, -546, -102, 263, -1703, 
214, -727, -941, 256, 578, -834, -136, -356, -497, -112, 239, -1732, 
185, -697, -883, 256, 534, -790, -63, -302, -375, -53, 248, -1722, 
161, -673, -834, 256, 497, -753, -4, -239, -239, 24, 292, -1712, 
156, -639, -795, 241, 475, -717, 39, -165, -87, 117, 336, -1703, 
151, -590, -741, 219, 446, -666, 34, -112, 48, 204, 400, -1678, 
151, -556, -707, 202, 429, -631, 34, -82, 141, 263, 429, -1673, 
151, -536, -688, 192, 419, -612, 53, -53, 204, 307, 448, -1673, 
126, -527, -653, 200, 390, -590, 92, -34, 253, 326, 448, -1678, 
82, -536, -619, 226, 351, -578, 126, -14, 292, 331, 439, -1693, 
34, -546, -580, 256, 307, -563, 156, -9, 312, 341, 424, -1712, 
14, -546, -561, 265, 287, -553, 165, -19, 322, 331, 400, -1722, 
19, -546, -566, 263, 292, -556, 175, -29, 326, 331, 395, -1732, 
14, -551, -566, 268, 290, -558, 190, -19, 336, 336, 400, -1737, 
0, -561, -561, 280, 280, -561, 209, -4, 346, 341, 400, -1742, 
0, -575, -575, 287, 287, -575, 209, -4, 351, 341, 409, -1747, 
0, -585, -585, 292, 292, -585, 214, -9, 351, 341, 409, -1747, 
0, -590, -590, 295, 295, -590, 214, -19, 351, 331, 405, -1747, 
0, -590, -590, 295, 295, -590, 214, -29, 341, 326, 395, -1747, 
0, -600, -600, 300, 300, -600, 204, -19, 341, 336, 405, -1742, 
-9, -595, -585, 302, 287, -590, 204, -19, 346, 336, 405, -1742, 
-9, -595, -585, 302, 287, -590, 209, -19, 356, 341, 405, -1742, 
-14, -595, -580, 305, 283, -588, 209, -19, 356, 341, 400, -1742, 
-24, -595, -570, 309, 273, -583, 209, -14, 361, 351, 400, -1751, 
-24, -600, -575, 312, 275, -588, 219, -9, 366, 351, 400, -1751, 
-24, -605, -580, 314, 278, -592, 224, -4, 366, 356, 400, -1747, 
-29, -605, -575, 317, 273, -590, 224, 0, 370, 356, 400, -1747, 
-39, -605, -566, 322, 263, -585, 234, -4, 361, 341, 400, -1751, 
-34, -600, -566, 317, 265, -583, 239, 0, 361, 341, 400, -1751, 
-34, -600, -566, 317, 265, -583, 244, -4, 356, 341, 400, -1747, 
-39, -600, -561, 319, 261, -580, 248, -9, 356, 341, 400, -1747, 
-29, -600, -570, 314, 270, -585, 239, -9, 370, 351, 390, -1756, 
-29, -600, -570, 314, 270, -585, 239, -9, 370, 351, 390, -1756, 
-29, -600, -570, 314, 270, -585, 239, -9, 370, 351, 390, -1756, 
-34, -605, -570, 319, 268, -588, 239, -9, 370, 351, 390, -1761, 
-24, -595, -570, 309, 273, -583, 229, 0, 370, 341, 390, -1751, 
-24, -595, -570, 309, 273, -583, 229, 0, 370, 341, 390, -1756, 
-24, -595, -570, 309, 273, -583, 229, 0, 370, 341, 390, -1756, 
-24, -610, -585, 317, 280, -597, 229, 0, 370, 341, 385, -1756, 
-24, -590, -566, 307, 270, -578, 229, -4, 370, 341, 395, -1766, 
-29, -590, -561, 309, 265, -575, 229, -4, 375, 341, 400, -1761, 
-29, -590, -561, 309, 265, -575, 229, -4, 375, 341, 400, -1761, 
-29, -590, -561, 309, 265, -575, 239, -4, 375, 346, 400, -1761, 
-19, -580, -561, 300, 270, -570, 229, 4, 366, 346, 390, -1761, 
-19, -580, -561, 300, 270, -570, 229, 4, 366, 346, 395, -1761, 
-19, -580, -561, 300, 270, -570, 229, 4, 366, 346, 395, -1756, 
-19, -580, -561, 300, 270, -570, 229, 4, 366, 346, 395, -1756, 
-19, -570, -551, 295, 265, -561, 219, 9, 366, 336, 385, -1756, 
-19, -570, -551, 295, 265, -561, 219, 9, 366, 336, 380, -1761, 
-19, -570, -551, 295, 265, -561, 219, 9, 366, 336, 380, -1761, 
-19, -570, -551, 295, 265, -561, 219, 9, 366, 336, 380, -1756, 
-29, -575, -546, 302, 258, -561, 224, 0, 380, 346, 390, -1756, 
-34, -580, -546, 307, 256, -563, 229, 4, 380, 346, 385, -1761, 
-34, -585, -551, 309, 258, -568, 234, 4, 380, 346, 385, -1761, 
-29, -590, -561, 309, 265, -575, 239, 4, 380, 346, 385, -1756, 
-39, -595, -556, 317, 258, -575, 234, -4, 375, 346, 375, -1756, 
-34, -595, -561, 314, 263, -578, 234, -4, 380, 346, 380, -1756, 
-34, -600, -566, 317, 265, -583, 234, 0, 380, 346, 380, -1756, 
-34, -600, -566, 317, 265, -583, 234, 4, 385, 351, 380, -1756, 
-34, -600, -566, 317, 265, -583, 234, 19, 390, 351, 390, -1742, 
-34, -600, -566, 317, 265, -583, 239, 19, 390, 351, 390, -1742, 
-34, -605, -570, 319, 268, -588, 239, 14, 385, 351, 390, -1747, 
-34, -605, -570, 319, 268, -588, 234, 14, 385, 351, 390, -1747, 
-29, -605, -575, 317, 273, -590, 239, 19, 385, 351, 380, -1737, 
-29, -605, -575, 317, 273, -590, 244, 19, 385, 351, 380, -1737, 
-29, -605, -575, 317, 273, -590, 248, 24, 385, 356, 380, -1737, 
-34, -605, -570, 319, 268, -588, 253, 29, 390, 356, 380, -1737, 
-34, -595, -561, 314, 263, -578, 244, 29, 390, 356, 390, -1737, 
-34, -595, -561, 314, 263, -578, 248, 29, 390, 356, 390, -1737, 
-34, -595, -561, 314, 263, -578, 248, 29, 390, 356, 390, -1737, 
-34, -595, -561, 314, 263, -578, 253, 29, 395, 351, 390, -1737, 
-34, -605, -570, 319, 268, -588, 253, 43, 395, 361, 390, -1737, 
-29, -605, -575, 317, 273, -590, 253, 43, 395, 361, 390, -1737, 
-29, -600, -570, 314, 270, -585, 253, 48, 405, 361, 390, -1737, 
-29, -600, -570, 314, 270, -585, 258, 53, 405, 366, 390, -1737, 
-34, -595, -561, 314, 263, -578, 263, 43, 405, 370, 395, -1737, 
-34, -595, -561, 314, 263, -578, 263, 43, 405, 370, 395, -1737, 
-39, -595, -556, 317, 258, -575, 258, 43, 409, 370, 395, -1737, 
-43, -590, -546, 317, 251, -568, 258, 48, 409, 375, 395, -1737, 
-34, -600, -566, 317, 265, -583, 258, 48, 414, 366, 385, -1747, 
-34, -605, -570, 319, 268, -588, 258, 48, 414, 366, 385, -1747, 
-34, -610, -575, 322, 270, -592, 258, 53, 409, 366, 385, -1747, 
-34, -610, -575, 322, 270, -592, 263, 58, 409, 366, 385, -1747, 
-24, -595, -570, 309, 273, -583, 253, 68, 419, 375, 395, -1737, 
-29, -595, -566, 312, 268, -580, 253, 68, 424, 380, 395, -1732, 
-29, -595, -566, 312, 268, -580, 258, 73, 424, 385, 395, -1732, 
-29, -595, -566, 312, 268, -580, 263, 78, 429, 390, 400, -1727, 
-34, -585, -551, 309, 258, -568, 263, 68, 419, 380, 390, -1737, 
-34, -585, -551, 309, 258, -568, 263, 73, 424, 380, 390, -1742, 
-39, -585, -546, 312, 253, -566, 263, 78, 429, 380, 385, -1742, 
-39, -585, -546, 312, 253, -566, 263, 82, 434, 385, 385, -1737, 
-24, -585, -561, 305, 268, -573, 263, 78, 434, 375, 385, -1737, 
-24, -585, -561, 305, 268, -573, 268, 82, 439, 380, 390, -1737, 
-24, -580, -556, 302, 265, -568, 273, 82, 444, 380, 390, -1737, 
-24, -580, -556, 302, 265, -568, 283, 87, 448, 385, 395, -1737, 
-24, -585, -561, 305, 268, -573, 283, 102, 444, 385, 395, -1737, 
-24, -585, -561, 305, 268, -573, 283, 107, 448, 385, 395, -1737, 
-24, -585, -561, 305, 268, -573, 283, 112, 453, 390, 395, -1732, 
-24, -585, -561, 305, 268, -573, 287, 117, 458, 390, 400, -1732, 
-24, -575, -551, 300, 263, -563, 302, 131, 463, 405, 409, -1722, 
-19, -575, -556, 297, 268, -566, 302, 136, 478, 405, 400, -1722, 
-14, -566, -551, 290, 268, -558, 302, 141, 488, 405, 400, -1722, 
-9, -561, -551, 285, 270, -556, 312, 146, 497, 414, 405, -1717, 
-14, -570, -556, 292, 270, -563, 326, 146, 492, 409, 400, -1722, 
-19, -570, -551, 295, 265, -561, 326, 151, 497, 409, 400, -1722, 
-24, -566, -541, 295, 258, -553, 326, 165, 507, 409, 400, -1722, 
-34, -566, -531, 300, 248, -549, 331, 170, 512, 409, 405, -1722, 
-24, -561, -536, 292, 256, -549, 322, 190, 527, 419, 405, -1722, 
-19, -561, -541, 290, 261, -551, 326, 200, 541, 424, 405, -1722, 
-19, -556, -536, 287, 258, -546, 331, 204, 546, 439, 409, -1717, 
-14, -551, -536, 283, 261, -544, 331, 209, 551, 444, 409, -1717, 
-4, -541, -536, 273, 265, -539, 341, 234, 551, 444, 424, -1717, 
-4, -536, -531, 270, 263, -534, 346, 244, 566, 444, 424, -1708, 
0, -536, -536, 268, 268, -536, 346, 253, 570, 448, 429, -1703, 
0, -531, -531, 265, 265, -531, 351, 263, 575, 448, 429, -1698, 
0, -541, -541, 270, 270, -541, 356, 263, 580, 439, 424, -1698, 
0, -541, -541, 270, 270, -541, 351, 273, 580, 439, 424, -1698, 
4, -536, -541, 265, 273, -539, 351, 278, 585, 444, 429, -1698, 
9, -531, -541, 261, 275, -536, 351, 287, 585, 453, 429, -1698, 
0, -536, -536, 268, 268, -536, 361, 287, 600, 458, 439, -1693, 
4, -531, -536, 263, 270, -534, 361, 297, 605, 458, 439, -1688, 
9, -527, -536, 258, 273, -531, 366, 307, 610, 458, 444, -1683, 
9, -527, -536, 258, 273, -531, 366, 322, 614, 463, 444, -1678, 
19, -517, -536, 248, 278, -527, 366, 331, 619, 473, 453, -1678, 
24, -507, -531, 241, 278, -519, 366, 341, 619, 478, 458, -1673, 
29, -502, -531, 236, 280, -517, 366, 346, 624, 478, 458, -1673, 
29, -497, -527, 234, 278, -512, 366, 356, 629, 478, 458, -1673, 
39, -502, -541, 231, 290, -522, 356, 356, 624, 478, 463, -1673, 
39, -502, -541, 231, 290, -522, 361, 356, 624, 483, 458, -1668, 
39, -502, -541, 231, 290, -522, 361, 361, 629, 483, 458, -1668, 
43, -502, -546, 229, 295, -524, 356, 370, 634, 483, 458, -1664, 
48, -497, -546, 224, 297, -522, 361, 385, 634, 492, 473, -1664, 
48, -492, -541, 222, 295, -517, 361, 385, 634, 492, 478, -1659, 
48, -483, -531, 217, 290, -507, 361, 390, 629, 492, 478, -1654, 
58, -478, -536, 209, 297, -507, 361, 390, 624, 492, 478, -1654, 
68, -483, -551, 207, 309, -517, 351, 400, 624, 497, 478, -1644, 
68, -483, -551, 207, 309, -517, 341, 400, 619, 492, 478, -1644, 
78, -483, -561, 202, 319, -522, 341, 395, 619, 492, 478, -1644, 
78, -478, -556, 200, 317, -517, 336, 390, 614, 492, 478, -1644, 
82, -473, -556, 195, 319, -514, 341, 390, 605, 483, 483, -1649, 
82, -473, -556, 195, 319, -514, 336, 385, 600, 483, 488, -1639, 
78, -468, -546, 195, 312, -507, 326, 385, 590, 483, 488, -1639, 
73, -468, -541, 197, 307, -505, 317, 370, 580, 478, 488, -1639, 
78, -473, -551, 197, 314, -512, 312, 366, 561, 483, 488, -1634, 
87, -478, -566, 195, 326, -522, 312, 351, 551, 483, 488, -1634, 
92, -478, -570, 192, 331, -524, 302, 336, 541, 478, 488, -1634, 
92, -478, -570, 192, 331, -524, 297, 331, 536, 478, 483, -1634, 
92, -478, -570, 192, 331, -524, 297, 312, 527, 473, 483, -1625, 
92, -478, -570, 192, 331, -524, 283, 292, 512, 468, 483, -1625, 
92, -478, -570, 192, 331, -524, 273, 278, 497, 463, 483, -1625, 
92, -478, -570, 192, 331, -524, 268, 258, 488, 458, 478, -1629, 
78, -492, -570, 207, 324, -531, 253, 258, 478, 448, 468, -1629, 
68, -497, -566, 214, 317, -531, 253, 248, 468, 444, 463, -1629, 
58, -502, -561, 222, 309, -531, 244, 229, 453, 434, 458, -1629, 
53, -502, -556, 224, 305, -529, 244, 214, 444, 424, 453, -1629, 
58, -507, -566, 224, 312, -536, 239, 190, 424, 419, 444, -1639, 
53, -507, -561, 226, 307, -534, 239, 175, 414, 414, 444, -1644, 
58, -517, -575, 229, 317, -546, 234, 161, 405, 409, 439, -1644, 
58, -517, -575, 229, 317, -546, 234, 146, 395, 409, 434, -1654, 
43, -512, -556, 234, 300, -534, 234, 136, 385, 405, 439, -1649, 
39, -522, -561, 241, 300, -541, 229, 122, 385, 405, 434, -1649, 
39, -522, -561, 241, 300, -541, 229, 117, 380, 409, 434, -1649, 
39, -522, -561, 241, 300, -541, 229, 102, 385, 405, 429, -1659, 
39, -517, -556, 239, 297, -536, 219, 92, 366, 390, 424, -1659, 
29, -522, -551, 246, 290, -536, 219, 82, 356, 390, 419, -1659, 
24, -527, -551, 251, 287, -539, 214, 68, 351, 380, 414, -1664, 
24, -531, -556, 253, 290, -544, 209, 63, 351, 380, 414, -1668, 
19, -536, -556, 258, 287, -546, 200, 53, 341, 385, 400, -1668, 
19, -546, -566, 263, 292, -556, 195, 39, 336, 385, 395, -1673, 
9, -556, -566, 273, 287, -561, 185, 34, 336, 380, 390, -1678, 
0, -566, -566, 283, 283, -566, 180, 24, 331, 380, 390, -1678, 
-9, -580, -570, 295, 280, -575, 195, 19, 336, 385, 395, -1678, 
-14, -580, -566, 297, 275, -573, 200, 9, 336, 385, 390, -1683, 
-14, -585, -570, 300, 278, -578, 209, 4, 336, 385, 390, -1683, 
-24, -590, -566, 307, 270, -578, 214, -4, 331, 385, 390, -1683, 
-24, -580, -556, 302, 265, -568, 204, 0, 326, 375, 390, -1673, 
-19, -575, -556, 297, 268, -566, 200, -4, 326, 375, 385, -1673, 
-14, -570, -556, 292, 270, -563, 190, -4, 326, 370, 385, -1683, 
-9, -566, -556, 287, 273, -561, 190, 0, 326, 370, 385, -1673, 
-9, -570, -561, 290, 275, -566, 190, -4, 317, 380, 375, -1678, 
-4, -575, -570, 290, 283, -573, 185, -4, 317, 380, 375, -1683, 
-4, -580, -575, 292, 285, -578, 180, -9, 312, 380, 375, -1693, 
-9, -590, -580, 300, 285, -585, 175, -9, 312, 375, 370, -1698, 
-14, -600, -585, 307, 285, -592, 185, 0, 307, 375, 380, -1698, 
-19, -605, -585, 312, 283, -595, 190, 0, 307, 370, 375, -1698, 
-29, -605, -575, 317, 273, -590, 195, -4, 307, 370, 375, -1693, 
-34, -600, -566, 317, 265, -583, 200, -9, 307, 370, 375, -1683, 
-24, -595, -570, 309, 273, -583, 200, -14, 307, 361, 375, -1683, 
-24, -595, -570, 309, 273, -583, 200, -19, 307, 361, 375, -1683, 
-34, -595, -561, 314, 263, -578, 200, -34, 307, 361, 375, -1683, 
-34, -590, -556, 312, 261, -573, 204, -39, 307, 361, 375, -1683, 
-24, -585, -561, 305, 268, -573, 200, -39, 302, 370, 366, -1683, 
-19, -585, -566, 302, 273, -575, 195, -39, 302, 370, 366, -1683, 
-19, -585, -566, 302, 273, -575, 190, -39, 302, 370, 366, -1688, 
-29, -590, -561, 309, 265, -575, 180, -39, 302, 370, 366, -1688, 
-19, -590, -570, 305, 275, -580, 180, -34, 302, 361, 361, -1688, 
-19, -590, -570, 305, 275, -580, 180, -34, 302, 361, 361, -1693, 
-19, -595, -575, 307, 278, -585, 185, -34, 297, 361, 361, -1693, 
-19, -595, -575, 307, 278, -585, 185, -43, 297, 361, 361, -1688, 
-24, -595, -570, 309, 273, -583, 195, -43, 287, 361, 361, -1688, 
-29, -595, -566, 312, 268, -580, 195, -43, 292, 361, 361, -1688, 
-34, -595, -561, 314, 263, -578, 195, -39, 297, 361, 361, -1688, 
-39, -595, -556, 317, 258, -575, 190, -39, 297, 361, 356, -1688, 
-29, -585, -556, 307, 263, -570, 195, -29, 307, 370, 366, -1693, 
-29, -585, -556, 307, 263, -570, 195, -29, 307, 370, 366, -1693, 
-29, -585, -556, 307, 263, -570, 200, -29, 307, 370, 370, -1693, 
-29, -585, -556, 307, 263, -570, 204, -29, 302, 366, 370, -1688, 
-39, -595, -556, 317, 258, -575, 195, -39, 292, 366, 361, -1688, 
-39, -595, -556, 317, 258, -575, 200, -43, 292, 366, 361, -1688, 
-39, -590, -551, 314, 256, -570, 200, -48, 292, 370, 361, -1688, 
-39, -590, -551, 314, 256, -570, 200, -48, 292, 370, 361, -1688, 
-39, -605, -566, 322, 263, -585, 185, -48, 302, 370, 361, -1688, 
-43, -605, -561, 324, 258, -583, 185, -48, 307, 370, 361, -1688, 
-43, -605, -561, 324, 258, -583, 185, -48, 307, 370, 361, -1688, 
-43, -605, -561, 324, 258, -583, 185, -48, 307, 370, 361, -1688, 
-34, -600, -566, 317, 265, -583, 195, -43, 307, 370, 361, -1683, 
-34, -600, -566, 317, 265, -583, 195, -39, 307, 370, 366, -1683, 
-34, -600, -566, 317, 265, -583, 195, -29, 312, 375, 366, -1678, 
-34, -600, -566, 317, 265, -583, 195, -24, 317, 375, 366, -1678, 
-34, -595, -561, 314, 263, -578, 195, -34, 317, 385, 366, -1668, 
-34, -590, -556, 312, 261, -573, 195, -34, 317, 385, 366, -1668, 
-43, -590, -546, 317, 251, -568, 195, -34, 317, 385, 366, -1668, 
-34, -585, -551, 309, 258, -568, 190, -34, 317, 385, 366, -1668, 
-34, -580, -546, 307, 256, -563, 200, -43, 317, 385, 366, -1678, 
-34, -600, -566, 317, 265, -583, 200, -48, 322, 385, 366, -1678, 
-34, -605, -570, 319, 268, -588, 200, -48, 326, 385, 366, -1678, 
-34, -600, -566, 317, 265, -583, 200, -48, 326, 385, 366, -1678, 
-39, -590, -551, 314, 256, -570, 190, -43, 331, 385, 366, -1678, 
-39, -590, -551, 314, 256, -570, 195, -34, 331, 385, 366, -1678, 
-39, -590, -551, 314, 256, -570, 195, -29, 336, 395, 366, -1678, 
-34, -585, -551, 309, 258, -568, 195, -24, 336, 395, 366, -1678, 
-34, -585, -551, 309, 258, -568, 200, -34, 336, 395, 375, -1668, 
-34, -580, -546, 307, 256, -563, 200, -34, 336, 395, 375, -1668, 
-34, -580, -546, 307, 256, -563, 204, -29, 336, 395, 375, -1668, 
-34, -585, -551, 309, 258, -568, 209, -24, 341, 395, 375, -1668, 
-34, -575, -541, 305, 253, -558, 209, -34, 346, 395, 380, -1664, 
-34, -575, -541, 305, 253, -558, 204, -39, 346, 395, 380, -1659, 
-34, -575, -541, 305, 253, -558, 204, -39, 346, 395, 380, -1659, 
-34, -575, -541, 305, 253, -558, 204, -34, 351, 400, 380, -1659, 
-34, -575, -541, 305, 253, -558, 195, -19, 341, 400, 385, -1659, 
-34, -575, -541, 305, 253, -558, 190, -19, 341, 400, 385, -1659, 
-39, -575, -536, 307, 248, -556, 190, -19, 341, 405, 385, -1664, 
-39, -575, -536, 307, 248, -556, 190, -19, 346, 405, 385, -1664, 
-43, -575, -531, 309, 244, -553, 200, -19, 346, 405, 375, -1673, 
-43, -580, -536, 312, 246, -558, 200, -19, 341, 405, 375, -1673, 
-43, -585, -541, 314, 248, -563, 200, -24, 341, 405, 375, -1673, 
-43, -590, -546, 317, 251, -568, 204, -24, 341, 405, 375, -1673, 
-34, -580, -546, 307, 256, -563, 204, -24, 346, 405, 375, -1664, 
-34, -575, -541, 305, 253, -558, 204, -14, 346, 400, 370, -1664, 
-39, -575, -536, 307, 248, -556, 204, -14, 346, 400, 370, -1664, 
-39, -570, -531, 305, 246, -551, 204, -19, 346, 400, 370, -1659, 
-34, -580, -546, 307, 256, -563, 214, -29, 336, 400, 375, -1668, 
-34, -580, -546, 307, 256, -563, 214, -24, 336, 400, 375, -1668, 
-34, -580, -546, 307, 256, -563, 214, -24, 331, 400, 375, -1668, 
-34, -580, -546, 307, 256, -563, 214, -24, 331, 400, 375, -1668, 
-34, -580, -546, 307, 256, -563, 209, -19, 336, 400, 375, -1668, 
-34, -580, -546, 307, 256, -563, 204, -19, 336, 400, 375, -1668, 
-34, -580, -546, 307, 256, -563, 200, -19, 331, 400, 375, -1668, 
-34, -580, -546, 307, 256, -563, 195, -19, 331, 405, 375, -1668, 
-29, -575, -546, 302, 258, -561, 195, -9, 341, 405, 370, -1654, 
-29, -575, -546, 302, 258, -561, 190, -4, 341, 405, 370, -1654, 
-29, -575, -546, 302, 258, -561, 190, -4, 341, 405, 370, -1654, 
-29, -580, -551, 305, 261, -566, 190, -9, 341, 405, 366, -1654, 
-19, -580, -561, 300, 270, -570, 190, -9, 331, 405, 375, -1654, 
-19, -580, -561, 300, 270, -570, 190, -9, 331, 405, 375, -1659, 
-19, -580, -561, 300, 270, -570, 190, -9, 331, 405, 375, -1659, 
-24, -580, -556, 302, 265, -568, 190, -9, 331, 405, 375, -1659, 
-34, -585, -551, 309, 258, -568, 185, -9, 326, 395, 375, -1659, 
-34, -585, -551, 309, 258, -568, 190, -9, 326, 395, 375, -1659, 
-34, -585, -551, 309, 258, -568, 190, -9, 326, 395, 375, -1659, 
-29, -580, -551, 305, 261, -566, 190, -14, 326, 390, 375, -1659, 
-29, -580, -551, 305, 261, -566, 200, -24, 326, 390, 375, -1659, 
-34, -580, -546, 307, 256, -563, 195, -29, 326, 395, 375, -1659, 
-34, -580, -546, 307, 256, -563, 195, -29, 326, 395, 375, -1659, 
-29, -580, -551, 305, 261, -566, 190, -29, 322, 390, 375, -1659, 
-39, -590, -551, 314, 256, -570, 190, -24, 331, 390, 375, -1649, 
-43, -590, -546, 317, 251, -568, 195, -19, 331, 395, 375, -1649, 
-53, -590, -536, 322, 241, -563, 200, -14, 331, 395, 375, -1649, 
-58, -590, -531, 324, 236, -561, 204, -9, 326, 400, 375, -1649, 
-48, -590, -541, 319, 246, -566, 190, -9, 326, 390, 370, -1649, 
-43, -590, -546, 317, 251, -568, 185, -19, 322, 385, 370, -1649, 
-48, -595, -546, 322, 248, -570, 185, -19, 322, 385, 370, -1649, 
-43, -595, -551, 319, 253, -573, 180, -19, 322, 385, 370, -1649, 
-39, -595, -556, 317, 258, -575, 185, -19, 322, 385, 366, -1659, 
-34, -595, -561, 314, 263, -578, 185, -29, 317, 385, 366, -1659, 
-29, -595, -566, 312, 268, -580, 185, -29, 317, 385, 366, -1659, 
-24, -595, -570, 309, 273, -583, 190, -29, 317, 385, 366, -1659, 
-24, -585, -561, 305, 268, -573, 204, -34, 326, 385, 366, -1649, 
-29, -585, -556, 307, 263, -570, 209, -39, 326, 385, 366, -1649, 
-34, -590, -556, 312, 261, -573, 209, -39, 326, 385, 366, -1649, 
-39, -590, -551, 314, 256, -570, 204, -43, 326, 385, 366, -1649, 
-48, -585, -536, 317, 244, -561, 204, -34, 317, 395, 366, -1639, 
-48, -580, -531, 314, 241, -556, 195, -34, 317, 395, 366, -1639, 
-48, -580, -531, 314, 241, -556, 195, -34, 312, 395, 366, -1639, 
-48, -580, -531, 314, 241, -556, 195, -39, 312, 395, 370, -1639, 
-39, -580, -541, 309, 251, -561, 190, -29, 312, 385, 370, -1649, 
-39, -585, -546, 312, 253, -566, 185, -29, 317, 385, 370, -1649, 
-39, -585, -546, 312, 253, -566, 185, -29, 317, 380, 370, -1649, 
-39, -590, -551, 314, 256, -570, 180, -29, 317, 380, 370, -1649, 
-34, -580, -546, 307, 256, -563, 190, -39, 317, 385, 366, -1649, 
-34, -580, -546, 307, 256, -563, 190, -39, 312, 385, 361, -1649, 
-34, -580, -546, 307, 256, -563, 190, -39, 312, 385, 361, -1649, 
-34, -580, -546, 307, 256, -563, 190, -43, 312, 385, 361, -1649, 
-34, -590, -556, 312, 261, -573, 185, -34, 307, 380, 361, -1649, 
-24, -590, -566, 307, 270, -578, 180, -34, 307, 380, 361, -1649, 
-24, -590, -566, 307, 270, -578, 180, -34, 312, 380, 366, -1649, 
-24, -595, -570, 309, 273, -583, 185, -29, 312, 380, 366, -1649, 
-34, -595, -561, 314, 263, -578, 195, -29, 312, 380, 366, -1649, 
-43, -595, -551, 319, 253, -573, 200, -29, 312, 380, 366, -1649, 
-48, -595, -546, 322, 248, -570, 200, -29, 312, 380, 366, -1649, 
-53, -590, -536, 322, 241, -563, 200, -29, 312, 380, 366, -1649, 
-43, -600, -556, 322, 256, -578, 200, -19, 317, 390, 366, -1639, 
-43, -600, -556, 322, 256, -578, 200, -19, 317, 390, 366, -1639, 
-43, -600, -556, 322, 256, -578, 195, -19, 317, 385, 361, -1639, 
-43, -605, -561, 324, 258, -583, 185, -19, 317, 385, 361, -1644, 
-34, -595, -561, 314, 263, -578, 175, -24, 302, 375, 361, -1644, 
-34, -595, -561, 314, 263, -578, 175, -29, 302, 375, 361, -1644, 
-34, -600, -566, 317, 265, -583, 170, -39, 302, 375, 361, -1644, 
-34, -600, -566, 317, 265, -583, 170, -43, 302, 375, 361, -1644, 
-39, -590, -551, 314, 256, -570, 180, -43, 307, 385, 361, -1654, 
-43, -585, -541, 314, 248, -563, 180, -43, 307, 385, 361, -1654, 
-43, -585, -541, 314, 248, -563, 180, -43, 302, 385, 361, -1649, 
-43, -590, -546, 317, 251, -568, 180, -43, 302, 385, 366, -1649, 
-43, -590, -546, 317, 251, -568, 190, -43, 302, 385, 366, -1649, 
-39, -590, -551, 314, 256, -570, 190, -39, 302, 390, 366, -1649, 
-39, -590, -551, 314, 256, -570, 190, -34, 302, 390, 366, -1649, 
-39, -590, -551, 314, 256, -570, 200, -29, 302, 390, 361, -1649, 
-39, -590, -551, 314, 256, -570, 200, -34, 312, 390, 361, -1639, 
-39, -590, -551, 314, 256, -570, 190, -34, 312, 390, 361, -1639, 
-39, -590, -551, 314, 256, -570, 190, -34, 312, 385, 361, -1639, 
-43, -590, -546, 317, 251, -568, 190, -34, 312, 385, 361, -1639, 
-43, -590, -546, 317, 251, -568, 180, -34, 312, 385, 366, -1649, 
-43, -595, -551, 319, 253, -573, 180, -39, 312, 385, 366, -1649, 
-39, -600, -561, 319, 261, -580, 180, -43, 312, 385, 366, -1649, 
-39, -605, -566, 322, 263, -585, 180, -43, 312, 390, 361, -1649, 
-48, -595, -546, 322, 248, -570, 185, -34, 307, 390, 370, -1644, 
-48, -595, -546, 322, 248, -570, 190, -34, 307, 390, 370, -1639, 
-48, -595, -546, 322, 248, -570, 195, -39, 307, 390, 370, -1634, 
-48, -595, -546, 322, 248, -570, 200, -39, 307, 385, 370, -1629, 
-39, -590, -551, 314, 256, -570, 190, -34, 307, 390, 380, -1639, 
-39, -585, -546, 312, 253, -566, 190, -34, 307, 390, 380, -1639, 
-39, -580, -541, 309, 251, -561, 190, -39, 307, 390, 380, -1639, 
-34, -575, -541, 305, 253, -558, 190, -39, 307, 390, 380, -1639, 
-34, -585, -551, 309, 258, -568, 180, -34, 297, 390, 370, -1639, 
-39, -590, -551, 314, 256, -570, 180, -29, 297, 390, 370, -1639, 
-39, -590, -551, 314, 256, -570, 185, -24, 297, 390, 370, -1639, 
-39, -595, -556, 317, 258, -575, 185, -24, 302, 395, 370, -1639, 
-39, -595, -556, 317, 258, -575, 175, -24, 312, 395, 370, -1634, 
-34, -595, -561, 314, 263, -578, 161, -39, 307, 395, 370, -1634, 
-34, -595, -561, 314, 263, -578, 156, -48, 312, 385, 370, -1634, 
-48, -605, -556, 326, 253, -580, 165, -48, 312, 390, 370, -1639, 
-39, -595, -556, 317, 258, -575, 175, -39, 302, 390, 370, -1629, 
-39, -595, -556, 317, 258, -575, 175, -39, 302, 390, 370, -1629, 
-39, -595, -556, 317, 258, -575, 175, -39, 302, 390, 370, -1629, 
-39, -595, -556, 317, 258, -575, 175, -39, 302, 390, 370, -1629, 
-39, -595, -556, 317, 258, -575, 180, -29, 292, 390, 370, -1639, 
-39, -595, -556, 317, 258, -575, 185, -29, 292, 390, 370, -1639, 
-39, -595, -556, 317, 258, -575, 190, -29, 292, 390, 370, -1639, 
-39, -595, -556, 317, 258, -575, 195, -29, 292, 390, 370, -1639, 
-39, -585, -546, 312, 253, -566, 195, -39, 302, 380, 370, -1629, 
-39, -585, -546, 312, 253, -566, 195, -39, 302, 380, 370, -1629, 
-39, -585, -546, 312, 253, -566, 195, -39, 302, 380, 370, -1629, 
-39, -585, -546, 312, 253, -566, 195, -39, 302, 380, 370, -1629, 
-39, -585, -546, 312, 253, -566, 190, -39, 302, 390, 370, -1629, 
-39, -585, -546, 312, 253, -566, 185, -39, 302, 390, 370, -1629, 
-39, -585, -546, 312, 253, -566, 180, -39, 302, 390, 370, -1629, 
-39, -585, -546, 312, 253, -566, 175, -39, 302, 390, 370, -1629, 
-39, -585, -546, 312, 253, -566, 175, -39, 302, 390, 380, -1629, 
-39, -585, -546, 312, 253, -566, 175, -39, 302, 390, 380, -1629, 
-39, -585, -546, 312, 253, -566, 175, -39, 302, 390, 380, -1629, 
-39, -585, -546, 312, 253, -566, 175, -39, 302, 390, 380, -1629, 
-39, -585, -546, 312, 253, -566, 185, -48, 302, 390, 370, -1629, 
-39, -585, -546, 312, 253, -566, 185, -48, 302, 390, 370, -1629, 
-39, -585, -546, 312, 253, -566, 185, -48, 302, 390, 370, -1629, 
-39, -585, -546, 312, 253, -566, 185, -48, 302, 390, 370, -1629, 
-48, -595, -546, 322, 248, -570, 185, -39, 302, 390, 380, -1629, 
-48, -595, -546, 322, 248, -570, 185, -39, 302, 390, 380, -1629, 
-48, -595, -546, 322, 248, -570, 185, -39, 302, 390, 380, -1629, 
-48, -595, -546, 322, 248, -570, 185, -39, 302, 390, 380, -1629, 
-39, -595, -556, 317, 258, -575, 195, -48, 302, 390, 370, -1629, 
-39, -595, -556, 317, 258, -575, 195, -48, 302, 390, 370, -1629, 
-39, -595, -556, 317, 258, -575, 195, -48, 302, 390, 370, -1629, 
-39, -595, -556, 317, 258, -575, 195, -48, 302, 390, 370, -1629, 
-39, -590, -551, 314, 256, -570, 190, -58, 302, 380, 370, -1629, 
-39, -585, -546, 312, 253, -566, 185, -58, 302, 380, 370, -1629, 
-39, -580, -541, 309, 251, -561, 180, -58, 302, 380, 370, -1629, 
-39, -575, -536, 307, 248, -556, 175, -58, 302, 380, 370, -1629, 
-39, -585, -546, 312, 253, -566, 175, -43, 302, 380, 370, -1620, 
-39, -585, -546, 312, 253, -566, 175, -39, 302, 380, 370, -1620, 
-39, -585, -546, 312, 253, -566, 175, -34, 302, 380, 370, -1620, 
-39, -585, -546, 312, 253, -566, 175, -29, 302, 380, 370, -1620, 
-43, -585, -541, 314, 248, -563, 175, -19, 312, 390, 380, -1610, 
-48, -585, -536, 317, 244, -561, 175, -19, 312, 390, 380, -1610, 
-53, -585, -531, 319, 239, -558, 175, -19, 312, 390, 380, -1610, 
-58, -585, -527, 322, 234, -556, 175, -19, 312, 390, 380, -1610, 
-53, -585, -531, 319, 239, -558, 175, -34, 302, 390, 380, -1610, 
-48, -585, -536, 317, 244, -561, 175, -39, 302, 390, 380, -1610, 
-43, -585, -541, 314, 248, -563, 175, -43, 302, 390, 380, -1610, 
-39, -585, -546, 312, 253, -566, 175, -48, 302, 390, 380, -1610, 
-39, -585, -546, 312, 253, -566, 185, -48, 312, 390, 380, -1620, 
-39, -585, -546, 312, 253, -566, 185, -48, 312, 390, 380, -1620, 
-39, -585, -546, 312, 253, -566, 185, -48, 312, 390, 380, -1620, 
-39, -585, -546, 312, 253, -566, 185, -48, 312, 390, 380, -1620, 
-29, -580, -551, 305, 261, -566, 175, -43, 312, 390, 380, -1620, 
-29, -575, -546, 302, 258, -561, 175, -39, 312, 390, 380, -1620, 
-29, -570, -541, 300, 256, -556, 175, -34, 312, 390, 380, -1620, 
-29, -566, -536, 297, 253, -551, 175, -29, 312, 390, 380, -1620, 
-29, -566, -536, 297, 253, -551, 185, -34, 312, 400, 380, -1610, 
-29, -566, -536, 297, 253, -551, 185, -39, 312, 400, 380, -1610, 
-29, -566, -536, 297, 253, -551, 185, -43, 312, 400, 380, -1610, 
-29, -566, -536, 297, 253, -551, 185, -48, 312, 400, 380, -1610, 
-39, -561, -522, 300, 241, -541, 195, -39, 317, 409, 390, -1600, 
-39, -556, -517, 297, 239, -536, 195, -39, 322, 409, 390, -1600, 
-39, -551, -512, 295, 236, -531, 195, -39, 326, 409, 390, -1600, 
-39, -546, -507, 292, 234, -527, 195, -39, 331, 409, 390, -1600, 
-39, -536, -497, 287, 229, -517, 195, -39, 341, 419, 400, -1590, 
-39, -536, -497, 287, 229, -517, 195, -39, 341, 419, 400, -1590, 
-39, -536, -497, 287, 229, -517, 195, -39, 341, 419, 400, -1590, 
-39, -536, -497, 287, 229, -517, 195, -39, 341, 419, 400, -1590, 
-34, -527, -492, 280, 229, -509, 185, -48, 341, 419, 400, -1590, 
-29, -527, -497, 278, 234, -512, 185, -48, 341, 419, 400, -1590, 
-24, -527, -502, 275, 239, -514, 185, -48, 341, 419, 400, -1590, 
-19, -527, -507, 273, 244, -517, 185, -48, 341, 419, 400, -1590, 
-19, -527, -507, 273, 244, -517, 175, -39, 351, 429, 400, -1590, 
-19, -527, -507, 273, 244, -517, 175, -39, 351, 429, 400, -1590, 
-19, -527, -507, 273, 244, -517, 175, -39, 351, 429, 400, -1590, 
-19, -527, -507, 273, 244, -517, 175, -39, 351, 429, 400, -1590, 
-19, -527, -507, 273, 244, -517, 165, -48, 341, 419, 400, -1590, 
-19, -527, -507, 273, 244, -517, 156, -48, 341, 419, 400, -1590, 
-19, -527, -507, 273, 244, -517, 146, -48, 341, 419, 400, -1590, 
-9, -527, -517, 268, 253, -522, 136, -48, 341, 419, 400, -1590, 
-19, -522, -502, 270, 241, -512, 146, -43, 341, 419, 400, -1581, 
-19, -522, -502, 270, 241, -512, 151, -39, 336, 419, 400, -1581, 
-14, -522, -507, 268, 246, -514, 156, -34, 336, 419, 400, -1581, 
-14, -517, -502, 265, 244, -509, 161, -34, 336, 419, 400, -1576, 
-34, -507, -473, 270, 219, -490, 156, -29, 331, 429, 400, -1576, 
-34, -512, -478, 273, 222, -495, 156, -39, 326, 424, 400, -1581, 
-34, -512, -478, 273, 222, -495, 156, -39, 326, 424, 400, -1581, 
-29, -512, -483, 270, 226, -497, 146, -43, 317, 419, 400, -1581, 
-24, -527, -502, 275, 239, -514, 141, -53, 312, 409, 405, -1581, 
-24, -531, -507, 278, 241, -519, 141, -58, 307, 409, 400, -1586, 
-19, -531, -512, 275, 246, -522, 141, -58, 307, 405, 395, -1586, 
-4, -531, -527, 268, 261, -529, 146, -58, 307, 405, 395, -1581, 
0, -527, -527, 263, 263, -527, 136, -53, 307, 400, 390, -1590, 
9, -522, -531, 256, 270, -527, 131, -48, 302, 400, 390, -1590, 
19, -522, -541, 251, 280, -531, 131, -48, 302, 400, 390, -1590, 
19, -531, -551, 256, 285, -541, 136, -43, 307, 400, 390, -1590, 
24, -546, -570, 261, 297, -558, 146, -43, 297, 390, 390, -1581, 
24, -546, -570, 261, 297, -558, 146, -43, 297, 390, 390, -1581, 
24, -541, -566, 258, 295, -553, 146, -39, 302, 390, 395, -1576, 
34, -541, -575, 253, 305, -558, 151, -39, 302, 395, 395, -1576, 
19, -541, -561, 261, 290, -551, 151, -48, 307, 400, 395, -1586, 
9, -541, -551, 265, 280, -546, 151, -53, 307, 400, 395, -1586, 
-4, -551, -546, 278, 270, -549, 151, -53, 302, 405, 395, -1586, 
-19, -556, -536, 287, 258, -546, 151, -53, 302, 405, 390, -1590, 
-19, -546, -527, 283, 253, -536, 151, -53, 307, 395, 385, -1590, 
-29, -556, -527, 292, 248, -541, 161, -48, 312, 395, 385, -1595, 
-29, -556, -527, 292, 248, -541, 165, -48, 312, 395, 385, -1595, 
-24, -561, -536, 292, 256, -549, 165, -48, 307, 390, 380, -1600, 
-34, -570, -536, 302, 251, -553, 156, -43, 307, 400, 375, -1595, 
-34, -575, -541, 305, 253, -558, 156, -48, 297, 390, 370, -1600, 
-39, -575, -536, 307, 248, -556, 156, -48, 297, 390, 366, -1605, 
-43, -580, -536, 312, 246, -558, 156, -53, 292, 385, 366, -1605, 
-53, -590, -536, 322, 241, -563, 156, -58, 292, 375, 361, -1615, 
-58, -590, -531, 324, 236, -561, 156, -58, 287, 375, 361, -1615, 
-58, -590, -531, 324, 236, -561, 161, -48, 287, 375, 366, -1615, 
-48, -590, -541, 319, 246, -566, 161, -48, 287, 375, 366, -1615, 
-43, -580, -536, 312, 246, -558, 165, -48, 287, 375, 366, -1610, 
-43, -575, -531, 309, 244, -553, 165, -48, 287, 380, 366, -1605, 
-39, -575, -536, 307, 248, -556, 165, -43, 287, 380, 366, -1605, 
-34, -575, -541, 305, 253, -558, 170, -43, 287, 380, 366, -1605, 
-39, -575, -536, 307, 248, -556, 175, -43, 287, 380, 375, -1595, 
-43, -575, -531, 309, 244, -553, 175, -48, 292, 380, 370, -1600, 
-43, -575, -531, 309, 244, -553, 175, -48, 292, 380, 370, -1600, 
-48, -575, -527, 312, 239, -551, 170, -48, 292, 375, 375, -1605, 
-43, -575, -531, 309, 244, -553, 170, -48, 292, 375, 366, -1615, 
-39, -570, -531, 305, 246, -551, 170, -48, 292, 380, 366, -1615, 
-34, -570, -536, 302, 251, -553, 170, -48, 292, 380, 366, -1615, 
-29, -570, -541, 300, 256, -556, 170, -48, 292, 375, 366, -1610, 
-39, -580, -541, 309, 251, -561, 161, -53, 292, 385, 366, -1600, 
-39, -580, -541, 309, 251, -561, 161, -58, 297, 390, 370, -1600, 
-39, -580, -541, 309, 251, -561, 170, -58, 297, 390, 370, -1600, 
-39, -580, -541, 309, 251, -561, 170, -63, 297, 390, 370, -1600, 
-43, -580, -536, 312, 246, -558, 170, -53, 307, 380, 370, -1600, 
-43, -580, -536, 312, 246, -558, 170, -58, 302, 380, 370, -1600, 
-43, -580, -536, 312, 246, -558, 175, -58, 302, 380, 370, -1600, 
-43, -580, -536, 312, 246, -558, 175, -58, 307, 380, 370, -1600, 
-43, -575, -531, 309, 244, -553, 175, -48, 297, 380, 370, -1600, 
-48, -575, -527, 312, 239, -551, 170, -48, 297, 380, 370, -1600, 
-48, -570, -522, 309, 236, -546, 170, -43, 297, 380, 370, -1600, 
-48, -570, -522, 309, 236, -546, 170, -43, 297, 380, 370, -1600, 
-48, -575, -527, 312, 239, -551, 180, -43, 307, 385, 370, -1590, 
-48, -575, -527, 312, 239, -551, 180, -43, 307, 385, 370, -1590, 
-53, -575, -522, 314, 234, -549, 180, -43, 302, 385, 370, -1590, 
-53, -575, -522, 314, 234, -549, 180, -43, 302, 385, 370, -1590, 
-53, -575, -522, 314, 234, -549, 180, -48, 292, 380, 370, -1600, 
-48, -575, -527, 312, 239, -551, 180, -48, 292, 380, 370, -1600, 
-43, -575, -531, 309, 244, -553, 180, -53, 297, 380, 370, -1600, 
-43, -575, -531, 309, 244, -553, 180, -63, 297, 380, 370, -1600, 
-34, -570, -536, 302, 251, -553, 170, -53, 297, 380, 370, -1600, 
-34, -570, -536, 302, 251, -553, 170, -53, 297, 375, 370, -1600, 
-34, -570, -536, 302, 251, -553, 170, -53, 297, 375, 370, -1600, 
-34, -570, -536, 302, 251, -553, 175, -53, 297, 380, 370, -1600, 
-34, -570, -536, 302, 251, -553, 165, -43, 297, 380, 380, -1600, 
-34, -570, -536, 302, 251, -553, 161, -43, 297, 380, 380, -1600, 
-39, -570, -531, 305, 246, -551, 161, -43, 297, 380, 380, -1600, 
-39, -570, -531, 305, 246, -551, 165, -43, 297, 380, 380, -1600, 
-39, -570, -531, 305, 246, -551, 175, -43, 307, 390, 380, -1590, 
-39, -566, -527, 302, 244, -546, 170, -39, 312, 390, 380, -1586, 
-34, -566, -531, 300, 248, -549, 170, -39, 312, 395, 380, -1586, 
-34, -566, -531, 300, 248, -549, 175, -43, 312, 400, 380, -1586, 
-39, -566, -527, 302, 244, -546, 185, -53, 302, 390, 385, -1586, 
-43, -566, -522, 305, 239, -544, 185, -53, 302, 390, 385, -1586, 
-53, -566, -512, 309, 229, -539, 185, -53, 302, 390, 380, -1586, 
-58, -570, -512, 314, 226, -541, 185, -53, 297, 385, 380, -1586, 
-53, -566, -512, 309, 229, -539, 200, -53, 297, 380, 370, -1595, 
-53, -575, -522, 314, 234, -549, 204, -53, 287, 366, 361, -1595, 
-78, -585, -507, 331, 214, -546, 209, -58, 287, 361, 351, -1605, 
-78, -595, -517, 336, 219, -556, 209, -43, 302, 370, 351, -1605, 
-68, -590, -522, 329, 226, -556, 200, -43, 341, 395, 361, -1605, 
-63, -600, -536, 331, 236, -568, 200, -34, 385, 429, 375, -1605, 
-58, -600, -541, 329, 241, -570, 185, -24, 429, 453, 385, -1600, 
-14, -600, -585, 307, 285, -592, 165, 0, 488, 497, 409, -1595, 
29, -570, -600, 270, 314, -585, 151, 43, 595, 585, 473, -1561, 
92, -507, -600, 207, 346, -553, 117, 131, 761, 741, 585, -1503, 
156, -424, -580, 134, 368, -502, 68, 200, 927, 897, 692, -1429, 
209, -361, -570, 75, 390, -466, 4, 263, 1078, 1054, 805, -1366, 
268, -302, -570, 17, 419, -436, -53, 351, 1263, 1224, 927, -1288, 
361, -200, -561, -80, 461, -380, -92, 492, 1444, 1424, 1083, -1205, 
483, -87, -570, -197, 527, -329, -151, 644, 1561, 1581, 1215, -1117, 
590, -4, -595, -292, 592, -300, -234, 746, 1576, 1678, 1317, -1044, 
673, 53, -619, -363, 646, -283, -317, 790, 1537, 1732, 1390, -976, 
736, 82, -653, -409, 695, -285, -375, 814, 1473, 1742, 1424, -941, 
771, 92, -678, -431, 724, -292, -434, 771, 1346, 1673, 1415, -922, 
761, 68, -692, -414, 727, -312, -478, 663, 1122, 1522, 1337, -936, 
707, -9, -717, -348, 712, -363, -478, 507, 854, 1307, 1205, -985, 
624, -112, -736, -256, 680, -424, -439, 312, 570, 1054, 1039, -1068, 
551, -224, -775, -163, 663, -500, -434, 78, 278, 790, 868, -1156, 
483, -346, -829, -68, 656, -588, -419, -136, -4, 541, 688, -1254, 
405, -478, -883, 36, 644, -680, -375, -297, -263, 297, 517, -1356, 
326, -590, -917, 131, 622, -753, -307, -370, -473, 92, 366, -1439, 
278, -653, -932, 187, 605, -793, -248, -366, -556, -24, 283, -1498, 
244, -668, -912, 212, 578, -790, -175, -317, -497, -34, 258, -1517, 
195, -658, -854, 231, 524, -756, -92, -253, -375, 24, 278, -1517, 
161, -634, -795, 236, 478, -714, -24, -190, -239, 92, 302, -1507, 
146, -590, -736, 222, 441, -663, 19, -126, -87, 185, 356, -1488, 
151, -541, -692, 195, 422, -617, 34, -92, 39, 283, 409, -1473, 
141, -497, -639, 178, 390, -568, 34, -73, 131, 341, 448, -1459, 
112, -488, -600, 187, 356, -544, 63, -53, 185, 375, 458, -1468, 
87, -478, -566, 195, 326, -522, 92, -34, 234, 395, 458, -1473, 
73, -478, -551, 202, 312, -514, 117, -24, 263, 400, 448, -1488, 
43, -488, -531, 222, 287, -509, 146, -19, 283, 400, 434, -1517, 
14, -507, -522, 246, 268, -514, 156, -19, 302, 400, 419, -1527, 
-9, -517, -507, 263, 248, -512, 165, -19, 317, 400, 405, -1537, 
-24, -522, -497, 273, 236, -509, 180, -19, 326, 405, 400, -1542, 
-19, -512, -492, 265, 236, -502, 200, -4, 336, 409, 400, -1546, 
-19, -512, -492, 265, 236, -502, 200, -9, 336, 409, 409, -1551, 
-19, -517, -497, 268, 239, -507, 204, -9, 331, 409, 409, -1551, 
-19, -517, -497, 268, 239, -507, 204, -14, 326, 400, 405, -1551, 
-19, -512, -492, 265, 236, -502, 204, -19, 312, 395, 395, -1551, 
-19, -517, -497, 268, 239, -507, 195, -9, 312, 395, 395, -1556, 
-29, -517, -488, 273, 229, -502, 195, -9, 317, 395, 395, -1556, 
-29, -522, -492, 275, 231, -507, 200, -9, 326, 400, 395, -1556, 
-34, -527, -492, 280, 229, -509, 200, -9, 326, 400, 390, -1556, 
-43, -531, -488, 287, 222, -509, 200, -19, 331, 390, 390, -1556, 
-43, -541, -497, 292, 226, -519, 209, -19, 336, 390, 390, -1556, 
-43, -551, -507, 297, 231, -529, 214, -19, 336, 395, 390, -1551, 
-48, -556, -507, 302, 229, -531, 214, -19, 341, 395, 390, -1551, 
-48, -551, -502, 300, 226, -527, 200, -19, 331, 400, 390, -1566, 
-43, -541, -497, 292, 226, -519, 200, -9, 331, 400, 390, -1566, 
-43, -536, -492, 290, 224, -514, 200, -9, 326, 400, 390, -1561, 
-48, -531, -483, 290, 217, -507, 200, -9, 326, 400, 390, -1561, 
-48, -531, -483, 290, 217, -507, 200, -9, 331, 390, 390, -1561, 
-48, -531, -483, 290, 217, -507, 200, -9, 331, 390, 390, -1561, 
-48, -531, -483, 290, 217, -507, 200, -9, 331, 390, 390, -1561, 
-53, -536, -483, 295, 214, -509, 200, -9, 331, 390, 390, -1566, 
-53, -536, -483, 295, 214, -509, 200, -9, 341, 390, 390, -1566, 
-53, -536, -483, 295, 214, -509, 200, -9, 341, 390, 390, -1571, 
-53, -536, -483, 295, 214, -509, 200, -9, 341, 390, 390, -1571, 
-53, -551, -497, 302, 222, -524, 200, -9, 341, 390, 385, -1571, 
-43, -531, -488, 287, 222, -509, 209, -4, 341, 400, 385, -1571, 
-48, -531, -483, 290, 217, -507, 209, -4, 346, 400, 390, -1566, 
-48, -531, -483, 290, 217, -507, 209, -4, 346, 400, 390, -1566, 
-48, -531, -483, 290, 217, -507, 219, -4, 346, 405, 390, -1566, 
-39, -531, -492, 285, 226, -512, 219, -4, 346, 395, 380, -1566, 
-39, -531, -492, 285, 226, -512, 219, -4, 346, 395, 385, -1566, 
-39, -531, -492, 285, 226, -512, 219, -4, 346, 395, 385, -1561, 
-39, -531, -492, 285, 226, -512, 219, -4, 346, 395, 385, -1561, 
-48, -536, -488, 292, 219, -512, 204, 0, 346, 395, 395, -1561, 
-48, -541, -492, 295, 222, -517, 200, 0, 346, 395, 390, -1566, 
-48, -546, -497, 297, 224, -522, 195, 0, 346, 395, 390, -1566, 
-48, -551, -502, 300, 226, -527, 190, 0, 346, 395, 390, -1561, 
-39, -546, -507, 292, 234, -527, 200, -9, 351, 385, 390, -1561, 
-43, -541, -497, 292, 226, -519, 200, -4, 351, 385, 385, -1566, 
-43, -536, -492, 290, 224, -514, 200, -4, 351, 385, 385, -1566, 
-39, -531, -492, 285, 226, -512, 200, -4, 351, 385, 385, -1561, 
-48, -522, -473, 285, 212, -497, 209, -14, 346, 395, 385, -1551, 
-43, -517, -473, 280, 214, -495, 214, -14, 351, 395, 390, -1551, 
-43, -517, -473, 280, 214, -495, 219, -9, 351, 395, 390, -1551, 
-43, -512, -468, 278, 212, -490, 224, -4, 356, 400, 390, -1551, 
-43, -522, -478, 283, 217, -500, 234, -9, 361, 400, 390, -1556, 
-43, -522, -478, 283, 217, -500, 239, -9, 361, 400, 390, -1556, 
-43, -527, -483, 285, 219, -505, 239, -14, 356, 400, 390, -1561, 
-43, -527, -483, 285, 219, -505, 234, -14, 356, 400, 390, -1561, 
-48, -527, -478, 287, 214, -502, 229, -14, 356, 400, 390, -1551, 
-48, -527, -478, 287, 214, -502, 224, -9, 356, 400, 390, -1551, 
-48, -527, -478, 287, 214, -502, 219, 0, 356, 405, 390, -1551, 
-53, -527, -473, 290, 209, -500, 214, 9, 361, 405, 390, -1551, 
-53, -527, -473, 290, 209, -500, 214, 14, 370, 405, 390, -1551, 
-53, -527, -473, 290, 209, -500, 219, 19, 370, 405, 390, -1551, 
-53, -527, -473, 290, 209, -500, 219, 24, 370, 405, 390, -1551, 
-53, -527, -473, 290, 209, -500, 224, 29, 375, 400, 390, -1551, 
-53, -527, -473, 290, 209, -500, 214, 24, 366, 400, 400, -1551, 
-48, -527, -478, 287, 214, -502, 214, 24, 366, 400, 400, -1551, 
-48, -522, -473, 285, 212, -497, 214, 29, 375, 400, 400, -1551, 
-48, -522, -473, 285, 212, -497, 219, 34, 375, 405, 400, -1551, 
-39, -507, -468, 273, 214, -488, 224, 24, 375, 409, 395, -1542, 
-34, -507, -473, 270, 219, -490, 224, 24, 375, 409, 395, -1542, 
-34, -507, -473, 270, 219, -490, 219, 24, 380, 409, 395, -1542, 
-34, -502, -468, 268, 217, -485, 219, 29, 380, 414, 395, -1542, 
-34, -502, -468, 268, 217, -485, 229, 29, 385, 414, 395, -1542, 
-34, -507, -473, 270, 219, -490, 229, 29, 385, 414, 395, -1542, 
-34, -512, -478, 273, 222, -495, 229, 34, 380, 414, 395, -1542, 
-34, -512, -478, 273, 222, -495, 234, 39, 380, 414, 395, -1542, 
-39, -517, -478, 278, 219, -497, 229, 48, 390, 419, 405, -1551, 
-48, -517, -468, 283, 209, -492, 224, 48, 395, 419, 405, -1546, 
-53, -517, -463, 285, 204, -490, 224, 53, 395, 419, 405, -1546, 
-58, -517, -458, 287, 200, -488, 224, 58, 400, 419, 409, -1542, 
-43, -517, -473, 280, 214, -495, 224, 58, 400, 419, 409, -1532, 
-43, -517, -473, 280, 214, -495, 224, 63, 405, 419, 409, -1537, 
-48, -517, -468, 283, 209, -492, 224, 68, 409, 419, 405, -1537, 
-48, -517, -468, 283, 209, -492, 224, 73, 414, 424, 405, -1532, 
-43, -507, -463, 275, 209, -485, 234, 68, 414, 414, 405, -1542, 
-43, -507, -463, 275, 209, -485, 248, 73, 419, 419, 409, -1542, 
-43, -502, -458, 273, 207, -480, 263, 73, 424, 419, 409, -1542, 
-43, -502, -458, 273, 207, -480, 283, 78, 429, 424, 414, -1542, 
-43, -497, -453, 270, 204, -475, 283, 82, 434, 434, 414, -1532, 
-43, -497, -453, 270, 204, -475, 283, 87, 439, 434, 414, -1532, 
-43, -497, -453, 270, 204, -475, 283, 92, 444, 439, 414, -1527, 
-43, -497, -453, 270, 204, -475, 287, 97, 448, 439, 419, -1527, 
-43, -497, -453, 270, 204, -475, 278, 102, 448, 434, 419, -1537, 
-39, -497, -458, 268, 209, -478, 273, 107, 458, 434, 409, -1537, 
-34, -488, -453, 261, 209, -470, 268, 112, 463, 434, 409, -1537, 
-29, -483, -453, 256, 212, -468, 273, 117, 468, 444, 414, -1532, 
-19, -483, -463, 251, 222, -473, 278, 136, 463, 448, 419, -1527, 
-19, -483, -463, 251, 222, -473, 278, 141, 468, 448, 419, -1527, 
-19, -478, -458, 248, 219, -468, 278, 156, 478, 448, 419, -1527, 
-24, -478, -453, 251, 214, -466, 283, 161, 483, 448, 424, -1527, 
-29, -473, -444, 251, 207, -458, 283, 165, 488, 463, 434, -1527, 
-29, -473, -444, 251, 207, -458, 287, 170, 502, 463, 434, -1527, 
-34, -468, -434, 251, 200, -451, 292, 170, 507, 473, 439, -1522, 
-34, -463, -429, 248, 197, -446, 292, 170, 512, 473, 439, -1522, 
-29, -463, -434, 246, 202, -448, 292, 195, 522, 483, 434, -1522, 
-24, -458, -434, 241, 204, -446, 297, 204, 536, 483, 434, -1512, 
-14, -458, -444, 236, 214, -451, 297, 214, 541, 488, 439, -1507, 
-9, -453, -444, 231, 217, -448, 302, 224, 546, 488, 439, -1503, 
-19, -444, -424, 231, 202, -434, 307, 234, 556, 488, 448, -1503, 
-19, -444, -424, 231, 202, -434, 302, 244, 561, 488, 453, -1503, 
-14, -439, -424, 226, 204, -431, 302, 248, 570, 492, 463, -1503, 
-9, -434, -424, 222, 207, -429, 302, 258, 575, 502, 468, -1503, 
-9, -439, -429, 224, 209, -434, 317, 268, 580, 497, 468, -1507, 
-4, -434, -429, 219, 212, -431, 322, 278, 585, 497, 468, -1503, 
0, -429, -429, 214, 214, -429, 331, 287, 590, 497, 473, -1498, 
0, -429, -429, 214, 214, -429, 336, 302, 595, 502, 473, -1493, 
19, -429, -448, 204, 234, -439, 336, 302, 600, 502, 463, -1493, 
24, -419, -444, 197, 234, -431, 336, 312, 600, 507, 468, -1488, 
29, -414, -444, 192, 236, -429, 336, 317, 605, 507, 468, -1488, 
29, -409, -439, 190, 234, -424, 336, 326, 610, 507, 468, -1488, 
34, -400, -434, 183, 234, -417, 336, 346, 614, 517, 483, -1478, 
29, -395, -424, 183, 226, -409, 341, 346, 614, 522, 488, -1473, 
24, -390, -414, 183, 219, -402, 341, 351, 619, 522, 497, -1473, 
24, -385, -409, 180, 217, -397, 336, 361, 624, 522, 507, -1468, 
39, -395, -434, 178, 236, -414, 322, 356, 634, 531, 502, -1459, 
39, -395, -434, 178, 236, -414, 322, 356, 634, 531, 507, -1454, 
39, -390, -429, 175, 234, -409, 322, 361, 629, 531, 507, -1449, 
48, -390, -439, 170, 244, -414, 322, 361, 624, 531, 507, -1449, 
58, -385, -444, 163, 251, -414, 322, 370, 614, 527, 507, -1449, 
58, -385, -444, 163, 251, -414, 312, 370, 610, 522, 507, -1449, 
68, -385, -453, 158, 261, -419, 312, 366, 610, 522, 507, -1449, 
68, -380, -448, 156, 258, -414, 307, 361, 605, 522, 507, -1449, 
68, -375, -444, 153, 256, -409, 292, 356, 605, 522, 512, -1444, 
73, -375, -448, 151, 261, -412, 287, 346, 600, 522, 517, -1434, 
73, -370, -444, 148, 258, -407, 278, 341, 590, 522, 517, -1434, 
73, -370, -444, 148, 258, -407, 268, 322, 580, 517, 517, -1434, 
73, -366, -439, 146, 256, -402, 273, 322, 570, 522, 527, -1429, 
78, -370, -448, 146, 263, -409, 273, 312, 561, 522, 527, -1429, 
78, -370, -448, 146, 263, -409, 263, 302, 551, 517, 527, -1429, 
73, -370, -444, 148, 258, -407, 258, 302, 546, 517, 522, -1429, 
73, -380, -453, 153, 263, -417, 248, 278, 527, 502, 512, -1429, 
73, -380, -453, 153, 263, -417, 234, 263, 512, 497, 512, -1429, 
73, -380, -453, 153, 263, -417, 224, 253, 497, 492, 512, -1429, 
73, -380, -453, 153, 263, -417, 219, 239, 488, 488, 507, -1434, 
82, -385, -468, 151, 275, -427, 214, 219, 478, 473, 507, -1444, 
78, -390, -468, 156, 273, -429, 214, 209, 468, 473, 502, -1444, 
73, -395, -468, 161, 270, -431, 204, 190, 453, 468, 497, -1444, 
73, -395, -468, 161, 270, -431, 204, 175, 444, 463, 492, -1444, 
63, -390, -453, 163, 258, -422, 204, 170, 434, 463, 502, -1434, 
53, -390, -444, 168, 248, -417, 209, 156, 424, 463, 502, -1439, 
53, -400, -453, 173, 253, -427, 209, 141, 414, 463, 497, -1439, 
48, -400, -448, 175, 248, -424, 214, 126, 405, 468, 492, -1449, 
43, -414, -458, 185, 251, -436, 200, 126, 390, 448, 478, -1454, 
39, -424, -463, 192, 251, -444, 190, 112, 385, 444, 473, -1454, 
39, -424, -463, 192, 251, -444, 185, 107, 375, 444, 473, -1454, 
39, -424, -463, 192, 251, -444, 180, 92, 375, 434, 468, -1464, 
39, -429, -468, 195, 253, -448, 180, 78, 366, 429, 463, -1464, 
29, -434, -463, 202, 246, -448, 180, 63, 356, 429, 458, -1464, 
24, -439, -463, 207, 244, -451, 175, 43, 351, 419, 453, -1468, 
24, -444, -468, 209, 246, -456, 170, 34, 351, 419, 453, -1473, 
19, -444, -463, 212, 241, -453, 175, 34, 341, 414, 458, -1464, 
19, -448, -468, 214, 244, -458, 175, 19, 336, 414, 453, -1468, 
9, -453, -463, 222, 236, -458, 170, 14, 336, 409, 448, -1473, 
0, -458, -458, 229, 229, -458, 170, 4, 331, 409, 448, -1473, 
0, -463, -463, 231, 231, -463, 165, 9, 326, 405, 434, -1483, 
-4, -463, -458, 234, 226, -461, 161, 0, 326, 405, 429, -1488, 
-4, -468, -463, 236, 229, -466, 161, -4, 326, 405, 429, -1488, 
-14, -473, -458, 244, 222, -466, 156, -14, 322, 405, 429, -1488, 
-9, -468, -458, 239, 224, -463, 165, -14, 317, 405, 439, -1478, 
-9, -468, -458, 239, 224, -463, 161, -24, 317, 405, 434, -1478, 
-9, -468, -458, 239, 224, -463, 151, -29, 317, 400, 434, -1488, 
-9, -468, -458, 239, 224, -463, 151, -29, 317, 400, 434, -1478, 
-9, -468, -458, 239, 224, -463, 156, -39, 317, 390, 424, -1488, 
-4, -468, -463, 236, 229, -466, 156, -43, 317, 390, 424, -1488, 
-4, -468, -463, 236, 229, -466, 156, -53, 312, 390, 424, -1493, 
-9, -473, -463, 241, 226, -468, 156, -58, 312, 385, 419, -1493, 
-19, -473, -453, 246, 217, -463, 141, -58, 297, 385, 419, -1498, 
-19, -478, -458, 248, 219, -468, 141, -58, 297, 380, 414, -1503, 
-24, -478, -453, 251, 214, -466, 141, -63, 297, 380, 414, -1503, 
-24, -473, -448, 248, 212, -461, 141, -68, 297, 380, 414, -1498, 
-24, -473, -448, 248, 212, -461, 141, -53, 307, 390, 424, -1488, 
-24, -478, -453, 251, 214, -466, 141, -48, 307, 390, 424, -1488, 
-34, -483, -448, 258, 207, -466, 141, -53, 307, 390, 424, -1488, 
-34, -483, -448, 258, 207, -466, 146, -48, 307, 390, 424, -1488, 
-34, -478, -444, 256, 204, -461, 156, -48, 312, 400, 424, -1488, 
-29, -478, -448, 253, 209, -463, 156, -48, 312, 400, 424, -1488, 
-29, -478, -448, 253, 209, -463, 156, -48, 312, 400, 424, -1493, 
-39, -483, -444, 261, 202, -463, 151, -48, 312, 400, 424, -1493, 
-39, -483, -444, 261, 202, -463, 161, -53, 302, 395, 419, -1493, 
-39, -483, -444, 261, 202, -463, 161, -63, 302, 390, 419, -1498, 
-39, -488, -448, 263, 204, -468, 165, -73, 297, 385, 419, -1498, 
-39, -488, -448, 263, 204, -468, 165, -92, 297, 380, 419, -1493, 
-39, -488, -448, 263, 204, -468, 165, -87, 297, 390, 419, -1493, 
-39, -488, -448, 263, 204, -468, 165, -82, 302, 390, 419, -1493, 
-39, -488, -448, 263, 204, -468, 165, -73, 307, 390, 419, -1493, 
-39, -488, -448, 263, 204, -468, 161, -68, 307, 390, 414, -1493, 
-29, -483, -453, 256, 212, -468, 151, -58, 307, 390, 414, -1498, 
-29, -478, -448, 253, 209, -463, 146, -58, 307, 390, 414, -1498, 
-29, -473, -444, 251, 207, -458, 146, -58, 307, 390, 419, -1498, 
-29, -468, -439, 248, 204, -453, 146, -58, 302, 385, 419, -1493, 
-39, -478, -439, 258, 200, -458, 146, -58, 312, 385, 419, -1493, 
-39, -478, -439, 258, 200, -458, 151, -63, 312, 385, 419, -1493, 
-39, -473, -434, 256, 197, -453, 151, -68, 312, 390, 419, -1493, 
-39, -473, -434, 256, 197, -453, 151, -68, 312, 390, 419, -1493, 
-39, -478, -439, 258, 200, -458, 156, -78, 312, 390, 419, -1493, 
-43, -478, -434, 261, 195, -456, 156, -78, 317, 390, 419, -1493, 
-43, -478, -434, 261, 195, -456, 156, -78, 317, 390, 419, -1493, 
-43, -478, -434, 261, 195, -456, 156, -78, 317, 390, 419, -1493, 
-34, -463, -429, 248, 197, -446, 146, -87, 312, 380, 419, -1498, 
-34, -463, -429, 248, 197, -446, 146, -87, 307, 380, 424, -1498, 
-34, -463, -429, 248, 197, -446, 146, -82, 307, 385, 424, -1493, 
-34, -463, -429, 248, 197, -446, 146, -82, 307, 385, 424, -1493, 
-34, -463, -429, 248, 197, -446, 146, -82, 317, 385, 424, -1493, 
-34, -463, -429, 248, 197, -446, 146, -82, 317, 385, 424, -1493, 
-43, -468, -424, 256, 190, -446, 146, -82, 317, 385, 424, -1493, 
-34, -468, -434, 251, 200, -451, 141, -82, 317, 385, 424, -1493, 
-34, -448, -414, 241, 190, -431, 141, -73, 326, 395, 424, -1483, 
-34, -463, -429, 248, 197, -446, 141, -78, 331, 395, 424, -1483, 
-34, -463, -429, 248, 197, -446, 141, -78, 336, 395, 424, -1483, 
-34, -453, -419, 244, 192, -436, 141, -78, 336, 395, 424, -1483, 
-48, -453, -405, 251, 178, -429, 151, -87, 322, 385, 424, -1483, 
-48, -453, -405, 251, 178, -429, 156, -82, 322, 385, 424, -1483, 
-48, -453, -405, 251, 178, -429, 156, -82, 326, 395, 424, -1483, 
-43, -448, -405, 246, 180, -427, 156, -82, 326, 395, 424, -1483, 
-34, -458, -424, 246, 195, -441, 161, -92, 336, 395, 424, -1493, 
-34, -453, -419, 244, 192, -436, 161, -92, 336, 395, 424, -1493, 
-34, -453, -419, 244, 192, -436, 165, -87, 336, 395, 424, -1493, 
-34, -458, -424, 246, 195, -441, 170, -82, 341, 395, 424, -1493, 
-34, -448, -414, 241, 190, -431, 170, -78, 336, 395, 439, -1478, 
-34, -448, -414, 241, 190, -431, 165, -78, 336, 395, 439, -1473, 
-34, -448, -414, 241, 190, -431, 165, -73, 336, 395, 439, -1473, 
-34, -448, -414, 241, 190, -431, 165, -63, 341, 400, 439, -1473, 
-43, -458, -414, 251, 185, -436, 156, -48, 351, 400, 444, -1473, 
-43, -458, -414, 251, 185, -436, 151, -48, 351, 400, 444, -1473, 
-48, -458, -409, 253, 180, -434, 151, -48, 351, 405, 444, -1478, 
-48, -458, -409, 253, 180, -434, 151, -48, 356, 405, 444, -1478, 
-43, -453, -409, 248, 183, -431, 151, -48, 356, 405, 444, -1478, 
-43, -453, -409, 248, 183, -431, 151, -48, 351, 405, 444, -1478, 
-43, -453, -409, 248, 183, -431, 151, -53, 351, 405, 444, -1478, 
-43, -453, -409, 248, 183, -431, 156, -53, 351, 405, 444, -1478, 
-34, -448, -414, 241, 190, -431, 146, -63, 346, 414, 444, -1478, 
-34, -448, -414, 241, 190, -431, 146, -53, 346, 409, 439, -1478, 
-39, -453, -414, 246, 187, -434, 146, -53, 346, 409, 439, -1478, 
-39, -453, -414, 246, 187, -434, 146, -58, 346, 409, 439, -1473, 
-43, -453, -409, 248, 183, -431, 156, -58, 356, 400, 434, -1473, 
-43, -453, -409, 248, 183, -431, 156, -53, 356, 400, 434, -1473, 
-43, -453, -409, 248, 183, -431, 156, -53, 351, 400, 434, -1473, 
-43, -453, -409, 248, 183, -431, 156, -53, 351, 400, 434, -1473, 
-34, -453, -419, 244, 192, -436, 156, -58, 346, 400, 434, -1473, 
-34, -453, -419, 244, 192, -436, 156, -58, 346, 400, 434, -1473, 
-34, -453, -419, 244, 192, -436, 156, -58, 341, 400, 434, -1473, 
-34, -453, -419, 244, 192, -436, 156, -58, 341, 405, 434, -1473, 
-19, -448, -429, 234, 204, -439, 146, -58, 341, 395, 439, -1468, 
-19, -448, -429, 234, 204, -439, 141, -53, 341, 395, 439, -1468, 
-19, -448, -429, 234, 204, -439, 141, -53, 341, 395, 439, -1468, 
-19, -453, -434, 236, 207, -444, 141, -58, 341, 395, 434, -1468, 
-24, -453, -429, 239, 202, -441, 146, -58, 331, 395, 434, -1468, 
-29, -453, -424, 241, 197, -439, 151, -58, 331, 395, 434, -1473, 
-34, -453, -419, 244, 192, -436, 156, -58, 331, 395, 434, -1473, 
-43, -453, -409, 248, 183, -431, 161, -58, 331, 395, 434, -1473, 
-43, -458, -414, 251, 185, -436, 156, -58, 336, 395, 434, -1473, 
-43, -458, -414, 251, 185, -436, 161, -58, 336, 395, 434, -1473, 
-43, -458, -414, 251, 185, -436, 161, -58, 336, 395, 434, -1473, 
-39, -453, -414, 246, 187, -434, 161, -63, 336, 390, 434, -1473, 
-34, -444, -409, 239, 187, -427, 151, -63, 326, 390, 424, -1473, 
-34, -444, -409, 239, 187, -427, 146, -68, 326, 395, 424, -1473, 
-29, -444, -414, 236, 192, -429, 146, -68, 326, 395, 424, -1473, 
-19, -444, -424, 231, 202, -434, 141, -68, 322, 390, 424, -1473, 
-29, -444, -414, 236, 192, -429, 146, -78, 312, 385, 434, -1473, 
-34, -444, -409, 239, 187, -427, 146, -78, 312, 385, 434, -1473, 
-43, -444, -400, 244, 178, -422, 146, -78, 312, 380, 434, -1473, 
-48, -444, -395, 246, 173, -419, 146, -78, 307, 380, 434, -1473, 
-43, -448, -405, 246, 180, -427, 146, -68, 312, 390, 429, -1473, 
-43, -453, -409, 248, 183, -431, 146, -68, 312, 385, 429, -1473, 
-53, -463, -409, 258, 178, -436, 151, -58, 317, 385, 429, -1473, 
-53, -468, -414, 261, 180, -441, 151, -48, 322, 385, 429, -1473, 
-43, -458, -414, 251, 185, -436, 151, -58, 322, 375, 424, -1473, 
-43, -458, -414, 251, 185, -436, 146, -68, 317, 375, 424, -1473, 
-43, -458, -414, 251, 185, -436, 141, -68, 317, 375, 424, -1473, 
-43, -458, -414, 251, 185, -436, 141, -68, 317, 375, 424, -1473, 
-39, -448, -409, 244, 185, -429, 136, -73, 307, 375, 424, -1473, 
-39, -448, -409, 244, 185, -429, 141, -78, 307, 375, 424, -1473, 
-39, -453, -414, 246, 187, -434, 141, -78, 307, 375, 424, -1473, 
-39, -453, -414, 246, 187, -434, 136, -82, 307, 375, 424, -1473, 
-39, -458, -419, 248, 190, -439, 146, -73, 317, 385, 424, -1473, 
-39, -453, -414, 246, 187, -434, 136, -73, 317, 385, 424, -1473, 
-39, -453, -414, 246, 187, -434, 136, -73, 312, 385, 424, -1473, 
-39, -453, -414, 246, 187, -434, 136, -78, 312, 385, 429, -1473, 
-48, -444, -395, 246, 173, -419, 146, -78, 312, 385, 429, -1473, 
-48, -448, -400, 248, 175, -424, 146, -78, 317, 385, 429, -1473, 
-48, -448, -400, 248, 175, -424, 151, -78, 317, 380, 429, -1473, 
-48, -453, -405, 251, 178, -429, 151, -78, 317, 380, 429, -1473, 
-53, -453, -400, 253, 173, -427, 161, -78, 317, 375, 424, -1473, 
-53, -453, -400, 253, 173, -427, 161, -78, 312, 375, 419, -1473, 
-53, -453, -400, 253, 173, -427, 161, -78, 312, 375, 419, -1473, 
-53, -453, -400, 253, 173, -427, 161, -82, 312, 375, 419, -1473, 
-43, -444, -400, 244, 178, -422, 156, -92, 317, 370, 419, -1473, 
-34, -444, -409, 239, 187, -427, 151, -92, 317, 370, 419, -1473, 
-34, -444, -409, 239, 187, -427, 151, -92, 322, 370, 424, -1473, 
-34, -448, -414, 241, 190, -431, 156, -87, 322, 370, 424, -1473, 
-29, -448, -419, 239, 195, -434, 151, -87, 317, 370, 424, -1473, 
-34, -448, -414, 241, 190, -431, 151, -87, 312, 370, 424, -1473, 
-34, -448, -414, 241, 190, -431, 146, -87, 307, 370, 424, -1473, 
-34, -444, -409, 239, 187, -427, 141, -87, 302, 370, 424, -1473, 
-43, -444, -400, 244, 178, -422, 141, -87, 307, 370, 424, -1473, 
-43, -444, -400, 244, 178, -422, 141, -87, 307, 370, 424, -1473, 
-43, -444, -400, 244, 178, -422, 136, -87, 307, 366, 419, -1473, 
-43, -448, -405, 246, 180, -427, 126, -87, 307, 366, 419, -1478, 
-43, -448, -405, 246, 180, -427, 126, -87, 302, 366, 419, -1468, 
-43, -448, -405, 246, 180, -427, 126, -87, 302, 366, 419, -1468, 
-43, -453, -409, 248, 183, -431, 122, -92, 302, 366, 419, -1468, 
-43, -453, -409, 248, 183, -431, 122, -92, 302, 366, 419, -1468, 
-39, -453, -414, 246, 187, -434, 131, -82, 307, 366, 419, -1468, 
-43, -448, -405, 246, 180, -427, 131, -82, 307, 366, 419, -1468, 
-43, -448, -405, 246, 180, -427, 131, -82, 302, 366, 419, -1464, 
-43, -453, -409, 248, 183, -431, 131, -82, 302, 366, 424, -1464, 
-53, -453, -400, 253, 173, -427, 141, -87, 302, 366, 424, -1473, 
-48, -453, -405, 251, 178, -429, 141, -87, 302, 370, 424, -1473, 
-48, -453, -405, 251, 178, -429, 141, -87, 302, 370, 424, -1473, 
-48, -453, -405, 251, 178, -429, 151, -87, 302, 370, 419, -1473, 
-48, -444, -395, 246, 173, -419, 151, -82, 302, 370, 429, -1464, 
-48, -444, -395, 246, 173, -419, 141, -82, 302, 370, 429, -1464, 
-48, -444, -395, 246, 173, -419, 141, -82, 302, 366, 429, -1464, 
-53, -444, -390, 248, 168, -417, 141, -82, 302, 366, 429, -1464, 
-63, -444, -380, 253, 158, -412, 141, -82, 302, 366, 424, -1464, 
-63, -448, -385, 256, 161, -417, 141, -87, 302, 366, 424, -1464, 
-58, -453, -395, 256, 168, -424, 141, -92, 302, 366, 424, -1464, 
-58, -458, -400, 258, 170, -429, 141, -92, 302, 370, 419, -1464, 
-53, -453, -400, 253, 173, -427, 141, -92, 287, 361, 419, -1473, 
-48, -448, -400, 248, 175, -424, 141, -92, 287, 361, 419, -1473, 
-43, -444, -400, 244, 178, -422, 141, -97, 287, 361, 419, -1473, 
-39, -439, -400, 239, 180, -419, 141, -97, 287, 356, 419, -1473, 
-29, -439, -409, 234, 190, -424, 141, -92, 287, 351, 419, -1464, 
-29, -439, -409, 234, 190, -424, 141, -92, 287, 351, 419, -1464, 
-29, -439, -409, 234, 190, -424, 141, -97, 287, 351, 419, -1464, 
-24, -439, -414, 231, 195, -427, 141, -97, 287, 351, 419, -1464, 
-34, -453, -419, 244, 192, -436, 131, -102, 297, 351, 419, -1464, 
-39, -453, -414, 246, 187, -434, 131, -97, 297, 351, 419, -1464, 
-39, -448, -409, 244, 185, -429, 136, -92, 297, 351, 419, -1464, 
-39, -448, -409, 244, 185, -429, 136, -92, 302, 356, 419, -1464, 
-39, -439, -400, 239, 180, -419, 126, -92, 302, 366, 429, -1459, 
-43, -448, -405, 246, 180, -427, 131, -97, 297, 366, 429, -1459, 
-63, -448, -385, 256, 161, -417, 126, -97, 302, 366, 419, -1468, 
-68, -448, -380, 258, 156, -414, 117, -87, 292, 361, 419, -1473, 
-58, -448, -390, 253, 165, -419, 126, -87, 292, 361, 429, -1464, 
-48, -448, -400, 248, 175, -424, 126, -87, 292, 361, 429, -1464, 
-39, -448, -409, 244, 185, -429, 126, -87, 292, 361, 429, -1464, 
-29, -448, -419, 239, 195, -434, 126, -87, 292, 361, 429, -1464, 
-39, -439, -400, 239, 180, -419, 131, -97, 292, 370, 429, -1454, 
-39, -439, -400, 239, 180, -419, 136, -97, 292, 370, 429, -1454, 
-39, -439, -400, 239, 180, -419, 141, -97, 292, 370, 429, -1454, 
-39, -439, -400, 239, 180, -419, 146, -97, 292, 370, 429, -1454, 
-43, -439, -395, 241, 175, -417, 136, -97, 297, 370, 429, -1454, 
-48, -439, -390, 244, 170, -414, 136, -97, 302, 370, 429, -1454, 
-53, -439, -385, 246, 165, -412, 136, -97, 307, 370, 429, -1454, 
-58, -439, -380, 248, 161, -409, 136, -97, 312, 370, 429, -1454, 
-48, -448, -400, 248, 175, -424, 126, -107, 302, 370, 429, -1464, 
-48, -448, -400, 248, 175, -424, 126, -107, 302, 370, 429, -1464, 
-48, -448, -400, 248, 175, -424, 126, -107, 302, 370, 429, -1464, 
-48, -448, -400, 248, 175, -424, 126, -107, 302, 370, 429, -1464, 
-39, -448, -409, 244, 185, -429, 126, -97, 302, 361, 429, -1454, 
-39, -448, -409, 244, 185, -429, 126, -97, 302, 361, 429, -1454, 
-39, -448, -409, 244, 185, -429, 126, -97, 302, 361, 429, -1454, 
-39, -448, -409, 244, 185, -429, 126, -97, 302, 361, 429, -1454, 
-48, -448, -400, 248, 175, -424, 131, -87, 292, 361, 429, -1444, 
-48, -448, -400, 248, 175, -424, 136, -87, 292, 361, 429, -1444, 
-48, -448, -400, 248, 175, -424, 141, -87, 292, 361, 429, -1444, 
-48, -448, -400, 248, 175, -424, 146, -87, 292, 361, 429, -1444, 
-48, -448, -400, 248, 175, -424, 146, -97, 302, 370, 429, -1454, 
-48, -448, -400, 248, 175, -424, 146, -97, 302, 370, 429, -1454, 
-48, -448, -400, 248, 175, -424, 146, -97, 302, 370, 429, -1454, 
-48, -448, -400, 248, 175, -424, 146, -97, 302, 370, 429, -1454, 
-48, -439, -390, 244, 170, -414, 136, -97, 302, 361, 429, -1454, 
-48, -439, -390, 244, 170, -414, 136, -97, 302, 361, 429, -1454, 
-48, -439, -390, 244, 170, -414, 136, -97, 302, 361, 429, -1454, 
-48, -439, -390, 244, 170, -414, 136, -97, 302, 361, 429, -1454, 
-48, -448, -400, 248, 175, -424, 126, -87, 292, 361, 429, -1444, 
-48, -448, -400, 248, 175, -424, 126, -87, 292, 361, 429, -1444, 
-48, -448, -400, 248, 175, -424, 126, -87, 292, 361, 429, -1444, 
-48, -448, -400, 248, 175, -424, 126, -87, 292, 361, 429, -1444, 
-48, -439, -390, 244, 170, -414, 126, -97, 302, 361, 429, -1444, 
-48, -439, -390, 244, 170, -414, 126, -97, 302, 361, 429, -1444, 
-48, -439, -390, 244, 170, -414, 126, -97, 302, 361, 429, -1444, 
-48, -439, -390, 244, 170, -414, 126, -97, 302, 361, 429, -1444, 
-43, -439, -395, 241, 175, -417, 136, -102, 297, 351, 419, -1454, 
-39, -439, -400, 239, 180, -419, 136, -107, 292, 351, 419, -1454, 
-34, -439, -405, 236, 185, -422, 136, -112, 287, 351, 419, -1454, 
-29, -439, -409, 234, 190, -424, 136, -117, 283, 351, 419, -1454, 
-29, -429, -400, 229, 185, -414, 126, -107, 283, 351, 419, -1454, 
-29, -429, -400, 229, 185, -414, 126, -107, 283, 351, 419, -1454, 
-29, -429, -400, 229, 185, -414, 126, -107, 283, 351, 419, -1454, 
-29, -429, -400, 229, 185, -414, 126, -107, 283, 351, 419, -1454, 
-39, -429, -390, 234, 175, -409, 117, -97, 287, 361, 424, -1444, 
-39, -429, -390, 234, 175, -409, 117, -97, 292, 361, 429, -1444, 
-39, -429, -390, 234, 175, -409, 117, -97, 297, 361, 434, -1444, 
-39, -429, -390, 234, 175, -409, 117, -97, 302, 361, 439, -1444, 
-48, -439, -390, 244, 170, -414, 122, -97, 302, 361, 439, -1444, 
-48, -439, -390, 244, 170, -414, 126, -97, 302, 361, 439, -1444, 
-48, -439, -390, 244, 170, -414, 131, -97, 302, 361, 439, -1444, 
-48, -439, -390, 244, 170, -414, 136, -97, 302, 361, 439, -1444, 
-58, -439, -380, 248, 161, -409, 146, -107, 302, 361, 439, -1444, 
-58, -439, -380, 248, 161, -409, 146, -107, 302, 361, 439, -1444, 
-58, -439, -380, 248, 161, -409, 146, -107, 302, 361, 439, -1444, 
-58, -439, -380, 248, 161, -409, 146, -107, 302, 361, 439, -1444, 
-53, -429, -375, 241, 161, -402, 131, -97, 292, 370, 429, -1444, 
-48, -429, -380, 239, 165, -405, 126, -97, 292, 370, 429, -1444, 
-43, -429, -385, 236, 170, -407, 122, -97, 292, 370, 429, -1444, 
-39, -429, -390, 234, 175, -409, 117, -97, 292, 370, 429, -1444, 
-39, -424, -385, 231, 173, -405, 126, -87, 302, 370, 434, -1434, 
-39, -419, -380, 229, 170, -400, 126, -87, 302, 370, 439, -1434, 
-39, -414, -375, 226, 168, -395, 126, -87, 302, 370, 444, -1434, 
-39, -409, -370, 224, 165, -390, 126, -87, 302, 370, 448, -1434, 
-29, -405, -375, 217, 173, -390, 131, -97, 312, 380, 458, -1424, 
-29, -400, -370, 214, 170, -385, 136, -97, 312, 380, 458, -1424, 
-29, -395, -366, 212, 168, -380, 141, -97, 312, 380, 458, -1424, 
-29, -390, -361, 209, 165, -375, 146, -97, 312, 380, 458, -1424, 
-29, -400, -370, 214, 170, -385, 156, -97, 317, 390, 458, -1415, 
-29, -400, -370, 214, 170, -385, 156, -97, 322, 390, 458, -1415, 
-29, -400, -370, 214, 170, -385, 156, -97, 326, 390, 458, -1415, 
-29, -400, -370, 214, 170, -385, 156, -97, 331, 390, 458, -1415, 
-19, -385, -366, 202, 173, -375, 151, -87, 341, 400, 468, -1405, 
-19, -380, -361, 200, 170, -370, 146, -87, 341, 400, 468, -1405, 
-19, -375, -356, 197, 168, -366, 141, -87, 341, 400, 468, -1405, 
-19, -370, -351, 195, 165, -361, 136, -87, 341, 400, 468, -1405, 
-29, -370, -341, 200, 156, -356, 131, -87, 331, 390, 468, -1405, 
-29, -370, -341, 200, 156, -356, 126, -87, 331, 390, 468, -1405, 
-29, -370, -341, 200, 156, -356, 122, -87, 331, 390, 468, -1405, 
-29, -370, -341, 200, 156, -356, 117, -87, 331, 390, 468, -1405, 
-24, -380, -356, 202, 165, -368, 112, -78, 331, 390, 468, -1405, 
-9, -380, -370, 195, 180, -375, 107, -78, 331, 390, 468, -1405, 
-4, -385, -380, 195, 187, -383, 107, -78, 331, 390, 468, -1405, 
0, -385, -385, 192, 192, -385, 102, -78, 326, 390, 468, -1405, 
0, -395, -395, 197, 197, -395, 102, -82, 326, 390, 468, -1405, 
-4, -390, -385, 197, 190, -387, 102, -92, 326, 390, 468, -1400, 
-19, -390, -370, 204, 175, -380, 97, -102, 322, 390, 468, -1400, 
-24, -395, -370, 209, 173, -383, 97, -117, 317, 385, 468, -1405, 
-24, -385, -361, 204, 168, -373, 102, -117, 317, 375, 458, -1415, 
-19, -385, -366, 202, 173, -375, 97, -122, 307, 370, 458, -1415, 
-19, -390, -370, 204, 175, -380, 97, -122, 302, 361, 453, -1415, 
-24, -395, -370, 209, 173, -383, 102, -126, 297, 361, 448, -1420, 
-24, -395, -370, 209, 173, -383, 97, -126, 287, 356, 444, -1420, 
-14, -395, -380, 204, 183, -387, 97, -126, 287, 356, 444, -1415, 
-9, -390, -380, 200, 185, -385, 92, -122, 287, 361, 448, -1415, 
0, -385, -385, 192, 192, -385, 82, -117, 283, 361, 448, -1415, 
9, -385, -395, 187, 202, -390, 92, -102, 292, 366, 458, -1405, 
9, -395, -405, 192, 207, -400, 97, -92, 297, 370, 458, -1405, 
4, -400, -405, 197, 204, -402, 97, -87, 297, 375, 458, -1405, 
4, -400, -405, 197, 204, -402, 97, -82, 297, 380, 458, -1405, 
4, -395, -400, 195, 202, -397, 87, -87, 302, 370, 463, -1400, 
14, -395, -409, 190, 212, -402, 92, -87, 302, 375, 463, -1400, 
4, -395, -400, 195, 202, -397, 92, -87, 297, 375, 463, -1400, 
0, -395, -395, 197, 197, -395, 92, -92, 297, 370, 463, -1400, 
0, -405, -405, 202, 202, -405, 102, -97, 283, 361, 453, -1410, 
-9, -409, -400, 209, 195, -405, 102, -102, 283, 356, 448, -1415, 
-14, -409, -395, 212, 190, -402, 102, -107, 287, 356, 444, -1415, 
-29, -419, -390, 224, 180, -405, 112, -107, 292, 356, 444, -1420, 
-34, -419, -385, 226, 175, -402, 126, -107, 292, 366, 444, -1410, 
-34, -424, -390, 229, 178, -407, 126, -107, 287, 361, 439, -1415, 
-34, -434, -400, 234, 183, -417, 126, -112, 287, 361, 434, -1420, 
-34, -439, -405, 236, 185, -422, 126, -117, 278, 351, 429, -1424, 
-48, -439, -390, 244, 170, -414, 117, -107, 287, 351, 424, -1429, 
-53, -444, -390, 248, 168, -417, 117, -112, 283, 346, 424, -1429, 
-53, -453, -400, 253, 173, -427, 117, -117, 283, 346, 419, -1429, 
-58, -453, -395, 256, 168, -424, 117, -117, 278, 346, 419, -1429, 
-48, -444, -395, 246, 173, -419, 117, -117, 268, 341, 424, -1439, 
-39, -444, -405, 241, 183, -424, 112, -117, 268, 336, 424, -1439, 
-39, -444, -405, 241, 183, -424, 102, -117, 268, 331, 424, -1434, 
-43, -439, -395, 241, 175, -417, 97, -117, 268, 331, 424, -1429, 
-34, -429, -395, 231, 180, -412, 112, -102, 278, 341, 434, -1420, 
-34, -429, -395, 231, 180, -412, 122, -102, 278, 341, 434, -1420, 
-34, -429, -395, 231, 180, -412, 131, -102, 278, 341, 434, -1420, 
-34, -429, -395, 231, 180, -412, 136, -107, 283, 341, 429, -1424, 
-29, -429, -400, 229, 185, -414, 136, -117, 273, 351, 419, -1424, 
-29, -429, -400, 229, 185, -414, 131, -117, 273, 346, 424, -1429, 
-29, -429, -400, 229, 185, -414, 131, -117, 273, 346, 424, -1429, 
-29, -424, -395, 226, 183, -409, 131, -117, 273, 351, 424, -1429, 
-34, -434, -400, 234, 183, -417, 122, -126, 273, 341, 424, -1439, 
-39, -434, -395, 236, 178, -414, 122, -126, 273, 336, 424, -1434, 
-43, -434, -390, 239, 173, -412, 122, -126, 273, 336, 424, -1434, 
-48, -434, -385, 241, 168, -409, 122, -126, 278, 341, 429, -1434, 
-58, -439, -380, 248, 161, -409, 122, -122, 278, 331, 419, -1444, 
-58, -444, -385, 251, 163, -414, 122, -122, 278, 331, 419, -1444, 
-63, -448, -385, 256, 161, -417, 122, -122, 278, 331, 419, -1444, 
-63, -453, -390, 258, 163, -422, 122, -126, 273, 331, 419, -1444, 
-53, -444, -390, 248, 168, -417, 136, -117, 273, 341, 419, -1434, 
-53, -444, -390, 248, 168, -417, 136, -117, 278, 341, 419, -1434, 
-53, -448, -395, 251, 170, -422, 136, -117, 278, 341, 419, -1434, 
-58, -448, -390, 253, 165, -419, 131, -117, 278, 341, 419, -1434, 
-58, -444, -385, 251, 163, -414, 131, -102, 278, 341, 419, -1424, 
-58, -444, -385, 251, 163, -414, 131, -102, 278, 341, 419, -1424, 
-58, -448, -390, 253, 165, -419, 131, -102, 278, 336, 419, -1424, 
-58, -448, -390, 253, 165, -419, 131, -102, 278, 336, 419, -1424, 
-68, -439, -370, 253, 151, -405, 122, -112, 283, 336, 429, -1424, 
-73, -439, -366, 256, 146, -402, 122, -112, 283, 336, 429, -1424, 
-78, -439, -361, 258, 141, -400, 122, -112, 283, 341, 429, -1424, 
-78, -439, -361, 258, 141, -400, 122, -107, 283, 341, 429, -1424, 
-58, -439, -380, 248, 161, -409, 112, -107, 278, 331, 419, -1424, 
-53, -439, -385, 246, 165, -412, 112, -112, 278, 331, 419, -1424, 
-48, -434, -385, 241, 168, -409, 112, -112, 278, 331, 419, -1424, 
-43, -434, -390, 239, 173, -412, 112, -112, 278, 326, 419, -1424, 
-53, -434, -380, 244, 163, -407, 122, -122, 278, 336, 419, -1424, 
-53, -434, -380, 244, 163, -407, 126, -122, 278, 341, 419, -1424, 
-53, -434, -380, 244, 163, -407, 126, -122, 278, 341, 419, -1424, 
-53, -434, -380, 244, 163, -407, 122, -122, 278, 341, 419, -1424, 
-58, -434, -375, 246, 158, -405, 122, -131, 278, 341, 419, -1424, 
-58, -434, -375, 246, 158, -405, 126, -131, 278, 341, 419, -1424, 
-58, -434, -375, 246, 158, -405, 126, -131, 278, 341, 419, -1424, 
-58, -429, -370, 244, 156, -400, 122, -126, 283, 341, 419, -1420, 
-53, -419, -366, 236, 156, -392, 122, -117, 292, 346, 429, -1420, 
-53, -419, -366, 236, 156, -392, 126, -122, 292, 351, 429, -1420, 
-53, -419, -366, 236, 156, -392, 126, -122, 292, 351, 434, -1420, 
-53, -419, -366, 236, 156, -392, 126, -122, 292, 351, 434, -1420, 
-39, -409, -370, 224, 165, -390, 126, -112, 292, 351, 429, -1420, 
-48, -414, -366, 231, 158, -390, 126, -112, 287, 346, 429, -1420, 
-63, -429, -366, 246, 151, -397, 122, -112, 287, 341, 419, -1420, 
-63, -448, -385, 256, 161, -417, 146, -112, 268, 317, 409, -1429, 
-68, -448, -380, 258, 156, -414, 161, -117, 268, 312, 400, -1439, 
-87, -458, -370, 273, 141, -414, 161, -122, 273, 312, 400, -1439, 
-87, -453, -366, 270, 139, -409, 161, -122, 292, 326, 400, -1439, 
-92, -463, -370, 278, 139, -417, 161, -122, 317, 341, 405, -1439, 
-87, -463, -375, 275, 143, -419, 146, -112, 361, 375, 424, -1434, 
-82, -453, -370, 268, 143, -412, 136, -107, 409, 419, 439, -1429, 
-39, -434, -395, 236, 178, -414, 122, -73, 488, 478, 483, -1415, 
34, -390, -424, 178, 229, -407, 78, 4, 634, 605, 566, -1376, 
87, -326, -414, 119, 251, -370, 39, 92, 810, 761, 673, -1302, 
131, -273, -405, 70, 268, -339, -14, 156, 961, 897, 785, -1239, 
209, -204, -414, -2, 312, -309, -73, 244, 1107, 1049, 897, -1171, 
302, -112, -414, -95, 358, -263, -131, 375, 1298, 1229, 1034, -1088, 
405, -9, -414, -197, 409, -212, -180, 517, 1444, 1405, 1176, -1000, 
522, 92, -429, -307, 475, -168, -253, 639, 1498, 1532, 1298, -907, 
624, 180, -444, -402, 534, -131, -346, 702, 1478, 1605, 1381, -849, 
697, 219, -478, -458, 588, -129, -424, 717, 1424, 1634, 1434, -805, 
741, 229, -512, -485, 627, -141, -483, 702, 1356, 1615, 1434, -775, 
761, 224, -536, -492, 649, -156, -527, 634, 1190, 1522, 1405, -771, 
736, 195, -541, -466, 639, -173, -536, 527, 951, 1346, 1312, -810, 
683, 102, -580, -392, 631, -239, -517, 380, 697, 1122, 1166, -873, 
619, -29, -649, -295, 634, -339, -512, 175, 414, 858, 985, -951, 
551, -151, -702, -200, 627, -427, -497, -58, 122, 610, 814, -1039, 
473, -283, -756, -95, 614, -519, -463, -258, -146, 366, 653, -1122, 
385, -414, -800, 14, 592, -607, -405, -400, -405, 131, 483, -1224, 
326, -507, -834, 90, 580, -671, -326, -453, -556, -34, 351, -1302, 
283, -531, -814, 124, 549, -673, -253, -434, -566, -92, 297, -1342, 
224, -522, -746, 148, 485, -634, -180, -370, -463, -53, 297, -1351, 
170, -507, -678, 168, 424, -592, -102, -297, -326, 14, 331, -1351, 
156, -473, -629, 158, 392, -551, -48, -214, -175, 107, 375, -1332, 
151, -405, -556, 126, 353, -480, -43, -151, -19, 204, 439, -1307, 
141, -351, -492, 104, 317, -422, -53, -131, 73, 273, 478, -1293, 
122, -331, -453, 104, 287, -392, -24, -122, 136, 317, 497, -1293, 
97, -331, -429, 117, 263, -380, 24, -102, 175, 336, 507, -1298, 
73, -351, -424, 139, 248, -387, 58, -92, 214, 351, 497, -1312, 
43, -351, -395, 153, 219, -373, 87, -97, 244, 351, 492, -1332, 
14, -351, -366, 168, 190, -358, 107, -97, 253, 341, 468, -1351, 
0, -361, -361, 180, 180, -361, 117, -97, 268, 351, 463, -1371, 
-24, -375, -351, 200, 163, -363, 122, -87, 278, 356, 458, -1376, 
-39, -405, -366, 222, 163, -385, 122, -82, 297, 361, 458, -1371, 
-39, -405, -366, 222, 163, -385, 141, -68, 292, 361, 458, -1376, 
-39, -409, -370, 224, 165, -390, 146, -68, 292, 361, 458, -1376, 
-39, -409, -370, 224, 165, -390, 146, -73, 292, 351, 453, -1376, 
-39, -405, -366, 222, 163, -385, 146, -78, 283, 346, 444, -1376, 
-39, -405, -366, 222, 163, -385, 156, -87, 273, 341, 444, -1390, 
-48, -400, -351, 224, 151, -375, 156, -87, 278, 336, 444, -1390, 
-48, -400, -351, 224, 151, -375, 161, -87, 287, 336, 444, -1390, 
-53, -400, -346, 226, 146, -373, 161, -87, 287, 331, 439, -1390, 
-39, -385, -346, 212, 153, -366, 161, -78, 302, 341, 439, -1390, 
-34, -385, -351, 209, 158, -368, 170, -78, 307, 341, 439, -1390, 
-29, -385, -356, 207, 163, -370, 175, -78, 307, 346, 439, -1385, 
-29, -380, -351, 204, 161, -366, 175, -78, 312, 346, 439, -1385, 
-43, -395, -351, 219, 153, -373, 161, -87, 312, 331, 429, -1400, 
-43, -395, -351, 219, 153, -373, 161, -78, 312, 331, 429, -1400, 
-48, -400, -351, 224, 151, -375, 161, -78, 307, 331, 429, -1395, 
-58, -405, -346, 231, 143, -375, 161, -78, 307, 331, 429, -1395, 
-68, -395, -326, 231, 129, -361, 161, -68, 302, 341, 439, -1395, 
-68, -395, -326, 231, 129, -361, 161, -68, 302, 341, 439, -1395, 
-68, -395, -326, 231, 129, -361, 161, -68, 302, 341, 439, -1395, 
-73, -400, -326, 236, 126, -363, 161, -68, 302, 341, 439, -1400, 
-63, -409, -346, 236, 141, -378, 170, -78, 312, 341, 429, -1400, 
-63, -409, -346, 236, 141, -378, 170, -78, 312, 341, 429, -1405, 
-63, -409, -346, 236, 141, -378, 170, -78, 312, 341, 429, -1405, 
-63, -424, -361, 244, 148, -392, 170, -78, 312, 341, 424, -1405, 
-63, -405, -341, 234, 139, -373, 161, -73, 312, 341, 434, -1395, 
-68, -405, -336, 236, 134, -370, 161, -73, 317, 341, 439, -1390, 
-68, -405, -336, 236, 134, -370, 161, -73, 317, 341, 439, -1390, 
-68, -405, -336, 236, 134, -370, 170, -73, 317, 346, 439, -1390, 
-68, -405, -336, 236, 134, -370, 170, -82, 317, 336, 429, -1400, 
-68, -405, -336, 236, 134, -370, 170, -82, 317, 336, 434, -1400, 
-68, -405, -336, 236, 134, -370, 170, -82, 317, 336, 434, -1395, 
-68, -405, -336, 236, 134, -370, 170, -82, 317, 336, 434, -1395, 
-68, -405, -336, 236, 134, -370, 170, -68, 317, 336, 434, -1395, 
-68, -405, -336, 236, 134, -370, 170, -68, 317, 336, 429, -1400, 
-68, -405, -336, 236, 134, -370, 170, -68, 317, 336, 429, -1400, 
-68, -405, -336, 236, 134, -370, 170, -68, 317, 336, 429, -1395, 
-68, -405, -336, 236, 134, -370, 170, -78, 312, 336, 439, -1395, 
-73, -405, -331, 239, 129, -368, 170, -73, 312, 336, 434, -1400, 
-73, -405, -331, 239, 129, -368, 170, -73, 312, 336, 434, -1400, 
-68, -405, -336, 236, 134, -370, 170, -73, 312, 336, 434, -1395, 
-58, -405, -346, 231, 143, -375, 165, -68, 326, 346, 434, -1395, 
-53, -400, -346, 226, 146, -373, 165, -63, 331, 346, 439, -1395, 
-53, -400, -346, 226, 146, -373, 165, -53, 331, 346, 439, -1395, 
-53, -395, -341, 224, 143, -368, 165, -43, 336, 351, 439, -1395, 
-58, -385, -326, 222, 134, -356, 175, -39, 341, 351, 439, -1381, 
-63, -385, -322, 224, 129, -353, 180, -39, 341, 351, 439, -1381, 
-68, -390, -322, 229, 126, -356, 180, -43, 336, 351, 439, -1385, 
-73, -390, -317, 231, 122, -353, 175, -43, 336, 351, 439, -1385, 
-68, -390, -322, 229, 126, -356, 165, -48, 336, 351, 439, -1385, 
-68, -390, -322, 229, 126, -356, 165, -48, 336, 351, 439, -1385, 
-68, -390, -322, 229, 126, -356, 165, -43, 336, 356, 439, -1385, 
-73, -390, -317, 231, 122, -353, 165, -39, 341, 356, 439, -1385, 
-63, -390, -326, 226, 131, -358, 175, -48, 341, 356, 439, -1385, 
-63, -390, -326, 226, 131, -358, 180, -48, 341, 356, 439, -1385, 
-63, -390, -326, 226, 131, -358, 180, -48, 341, 356, 439, -1385, 
-63, -390, -326, 226, 131, -358, 185, -48, 346, 351, 439, -1385, 
-63, -380, -317, 222, 126, -348, 185, -53, 346, 341, 439, -1385, 
-58, -380, -322, 219, 131, -351, 185, -53, 346, 341, 439, -1385, 
-58, -375, -317, 217, 129, -346, 185, -48, 356, 341, 439, -1385, 
-58, -375, -317, 217, 129, -346, 190, -43, 356, 346, 439, -1385, 
-58, -385, -326, 222, 134, -356, 185, -43, 356, 341, 434, -1395, 
-53, -390, -336, 222, 141, -363, 185, -43, 356, 341, 434, -1395, 
-53, -395, -341, 224, 143, -368, 180, -43, 361, 341, 434, -1395, 
-53, -395, -341, 224, 143, -368, 180, -39, 361, 346, 434, -1395, 
-63, -395, -331, 229, 134, -363, 180, -34, 366, 356, 434, -1385, 
-63, -400, -336, 231, 136, -368, 180, -29, 366, 356, 434, -1385, 
-63, -405, -341, 234, 139, -373, 180, -19, 361, 356, 434, -1385, 
-63, -405, -341, 234, 139, -373, 185, -9, 361, 356, 434, -1385, 
-63, -390, -326, 226, 131, -358, 200, -19, 370, 361, 444, -1385, 
-68, -390, -322, 229, 126, -356, 204, -19, 375, 361, 444, -1381, 
-68, -390, -322, 229, 126, -356, 214, -14, 375, 361, 444, -1381, 
-68, -390, -322, 229, 126, -356, 224, -9, 380, 361, 448, -1376, 
-53, -380, -326, 217, 136, -353, 219, -19, 380, 361, 448, -1376, 
-53, -380, -326, 217, 136, -353, 214, -14, 385, 361, 448, -1381, 
-58, -380, -322, 219, 131, -351, 209, -9, 390, 361, 444, -1381, 
-58, -380, -322, 219, 131, -351, 204, -4, 395, 366, 444, -1376, 
-53, -380, -326, 217, 136, -353, 204, 9, 385, 366, 444, -1376, 
-53, -380, -326, 217, 136, -353, 209, 14, 390, 370, 448, -1376, 
-53, -375, -322, 214, 134, -348, 214, 14, 395, 370, 448, -1376, 
-53, -375, -322, 214, 134, -348, 224, 19, 400, 375, 453, -1376, 
-53, -370, -317, 212, 131, -344, 214, 34, 414, 375, 453, -1376, 
-53, -370, -317, 212, 131, -344, 214, 39, 419, 375, 453, -1376, 
-53, -370, -317, 212, 131, -344, 214, 43, 424, 380, 453, -1371, 
-53, -370, -317, 212, 131, -344, 219, 48, 429, 380, 458, -1371, 
-63, -370, -307, 217, 122, -339, 224, 48, 429, 385, 468, -1371, 
-58, -370, -312, 214, 126, -341, 224, 48, 439, 385, 458, -1371, 
-53, -361, -307, 207, 126, -334, 224, 48, 444, 385, 458, -1371, 
-48, -356, -307, 202, 129, -331, 234, 48, 448, 395, 463, -1366, 
-39, -366, -326, 202, 143, -346, 239, 68, 453, 400, 468, -1371, 
-39, -366, -326, 202, 143, -346, 239, 73, 458, 400, 468, -1371, 
-39, -361, -322, 200, 141, -341, 239, 87, 468, 400, 468, -1371, 
-43, -361, -317, 202, 136, -339, 244, 92, 473, 400, 473, -1371, 
-53, -356, -302, 204, 124, -329, 244, 102, 478, 414, 483, -1361, 
-48, -356, -307, 202, 129, -331, 248, 112, 492, 414, 483, -1361, 
-48, -351, -302, 200, 126, -326, 253, 117, 497, 424, 488, -1356, 
-43, -346, -302, 195, 129, -324, 253, 122, 502, 424, 488, -1356, 
-53, -346, -292, 200, 119, -319, 258, 131, 502, 424, 483, -1366, 
-53, -341, -287, 197, 117, -314, 268, 136, 517, 424, 483, -1356, 
-48, -341, -292, 195, 122, -317, 273, 141, 522, 429, 488, -1351, 
-48, -336, -287, 192, 119, -312, 283, 146, 527, 429, 488, -1346, 
-39, -326, -287, 183, 124, -307, 292, 165, 527, 429, 492, -1346, 
-39, -326, -287, 183, 124, -307, 292, 175, 531, 429, 492, -1346, 
-34, -322, -287, 178, 126, -305, 297, 180, 541, 434, 497, -1346, 
-29, -317, -287, 173, 129, -302, 302, 190, 546, 444, 497, -1346, 
-29, -302, -273, 165, 122, -287, 297, 209, 561, 458, 507, -1342, 
-24, -297, -273, 161, 124, -285, 292, 219, 566, 458, 507, -1337, 
-19, -292, -273, 156, 126, -283, 292, 229, 570, 458, 512, -1332, 
-19, -292, -273, 156, 126, -283, 287, 244, 575, 463, 512, -1327, 
-9, -302, -292, 156, 141, -297, 297, 253, 570, 453, 512, -1327, 
-4, -292, -287, 148, 141, -290, 297, 263, 570, 458, 517, -1322, 
0, -287, -287, 143, 143, -287, 297, 268, 575, 458, 517, -1322, 
0, -283, -283, 141, 141, -283, 297, 278, 580, 458, 517, -1322, 
14, -278, -292, 131, 153, -285, 297, 287, 595, 468, 527, -1322, 
19, -268, -287, 124, 153, -278, 302, 287, 595, 473, 527, -1317, 
24, -258, -283, 117, 153, -270, 302, 292, 600, 473, 531, -1317, 
34, -248, -283, 107, 158, -265, 297, 302, 605, 473, 536, -1312, 
24, -253, -278, 114, 151, -265, 283, 297, 605, 483, 531, -1312, 
19, -258, -278, 119, 148, -268, 283, 297, 605, 483, 536, -1307, 
14, -258, -273, 122, 143, -265, 283, 302, 600, 483, 536, -1302, 
19, -263, -283, 122, 151, -273, 283, 302, 595, 483, 536, -1302, 
19, -258, -278, 119, 148, -268, 292, 312, 585, 478, 546, -1293, 
19, -258, -278, 119, 148, -268, 283, 312, 580, 473, 546, -1293, 
29, -258, -287, 114, 158, -273, 283, 307, 580, 473, 546, -1293, 
29, -253, -283, 112, 156, -268, 278, 302, 575, 473, 546, -1293, 
48, -248, -297, 100, 173, -273, 273, 292, 575, 473, 541, -1298, 
53, -248, -302, 97, 178, -275, 268, 287, 570, 473, 546, -1288, 
53, -244, -297, 95, 175, -270, 258, 287, 561, 473, 546, -1288, 
53, -244, -297, 95, 175, -270, 248, 273, 551, 468, 546, -1288, 
58, -248, -307, 95, 183, -278, 239, 268, 541, 463, 556, -1283, 
68, -253, -322, 92, 195, -287, 234, 253, 531, 463, 556, -1283, 
73, -253, -326, 90, 200, -290, 219, 239, 522, 458, 556, -1283, 
73, -253, -326, 90, 200, -290, 209, 234, 517, 458, 551, -1283, 
68, -253, -322, 92, 195, -287, 219, 229, 497, 453, 551, -1273, 
63, -253, -317, 95, 190, -285, 204, 214, 483, 448, 551, -1273, 
58, -253, -312, 97, 185, -283, 195, 204, 468, 444, 551, -1273, 
53, -253, -307, 100, 180, -280, 190, 190, 458, 439, 546, -1278, 
53, -258, -312, 102, 183, -285, 190, 170, 458, 434, 546, -1288, 
48, -263, -312, 107, 180, -287, 195, 161, 448, 434, 541, -1288, 
43, -268, -312, 112, 178, -290, 190, 141, 434, 429, 536, -1288, 
43, -268, -312, 112, 178, -290, 195, 126, 424, 424, 531, -1288, 
53, -263, -317, 104, 185, -290, 185, 102, 414, 419, 531, -1288, 
43, -263, -307, 109, 175, -285, 180, 87, 405, 414, 531, -1293, 
43, -273, -317, 114, 180, -295, 170, 73, 395, 409, 527, -1293, 
39, -273, -312, 117, 175, -292, 165, 58, 385, 409, 522, -1302, 
24, -278, -302, 126, 163, -290, 161, 53, 370, 400, 517, -1298, 
19, -287, -307, 134, 163, -297, 151, 43, 366, 395, 512, -1298, 
19, -287, -307, 134, 163, -297, 146, 43, 356, 395, 512, -1298, 
19, -287, -307, 134, 163, -297, 141, 34, 356, 385, 507, -1307, 
14, -302, -317, 143, 165, -309, 141, 24, 346, 380, 502, -1307, 
0, -307, -307, 153, 153, -307, 141, 14, 336, 380, 497, -1307, 
-9, -312, -302, 161, 146, -307, 136, 0, 331, 370, 492, -1312, 
-14, -317, -302, 165, 143, -309, 131, -4, 331, 370, 492, -1317, 
-9, -307, -297, 158, 143, -302, 126, -24, 312, 356, 478, -1327, 
0, -312, -312, 156, 156, -312, 126, -39, 307, 356, 473, -1332, 
0, -317, -317, 158, 158, -317, 122, -43, 307, 351, 468, -1337, 
0, -322, -322, 161, 161, -322, 122, -53, 302, 351, 468, -1337, 
-9, -326, -317, 168, 153, -322, 122, -58, 297, 356, 463, -1327, 
-14, -326, -312, 170, 148, -319, 122, -68, 297, 356, 458, -1332, 
-14, -331, -317, 173, 151, -324, 126, -73, 297, 356, 458, -1332, 
-24, -336, -312, 180, 143, -324, 126, -82, 292, 356, 458, -1332, 
-29, -341, -312, 185, 141, -326, 126, -82, 297, 356, 468, -1332, 
-29, -341, -312, 185, 141, -326, 122, -92, 297, 356, 463, -1332, 
-29, -341, -312, 185, 141, -326, 112, -97, 297, 351, 463, -1342, 
-29, -341, -312, 185, 141, -326, 112, -97, 297, 351, 463, -1332, 
-39, -351, -312, 195, 136, -331, 117, -102, 287, 341, 453, -1337, 
-34, -351, -317, 192, 141, -334, 117, -102, 287, 341, 453, -1342, 
-34, -351, -317, 192, 141, -334, 117, -107, 283, 341, 453, -1351, 
-39, -356, -317, 197, 139, -336, 117, -107, 283, 336, 448, -1356, 
-29, -346, -317, 187, 143, -331, 112, -107, 287, 346, 458, -1356, 
-29, -351, -322, 190, 146, -336, 112, -107, 287, 341, 453, -1356, 
-34, -351, -317, 192, 141, -334, 112, -112, 287, 341, 453, -1351, 
-34, -346, -312, 190, 139, -329, 112, -117, 287, 341, 453, -1342, 
-34, -356, -322, 195, 143, -339, 107, -117, 278, 341, 444, -1351, 
-34, -361, -326, 197, 146, -344, 102, -117, 278, 341, 444, -1351, 
-43, -366, -322, 204, 139, -344, 97, -126, 278, 341, 444, -1351, 
-43, -366, -322, 204, 139, -344, 97, -126, 278, 341, 444, -1351, 
-48, -370, -322, 209, 136, -346, 107, -126, 273, 331, 453, -1342, 
-48, -370, -322, 209, 136, -346, 117, -126, 273, 331, 453, -1342, 
-53, -370, -317, 212, 131, -344, 126, -126, 273, 331, 453, -1346, 
-68, -375, -307, 222, 119, -341, 131, -126, 273, 331, 453, -1346, 
-78, -366, -287, 222, 104, -326, 131, -131, 273, 331, 448, -1356, 
-78, -366, -287, 222, 104, -326, 131, -131, 273, 331, 448, -1361, 
-78, -370, -292, 224, 107, -331, 136, -131, 268, 331, 448, -1361, 
-78, -370, -292, 224, 107, -331, 136, -141, 268, 331, 448, -1356, 
-73, -366, -292, 219, 109, -329, 122, -141, 268, 331, 439, -1346, 
-68, -361, -292, 214, 112, -326, 117, -141, 273, 331, 439, -1346, 
-63, -356, -292, 209, 114, -324, 112, -136, 278, 331, 439, -1346, 
-58, -351, -292, 204, 117, -322, 102, -136, 278, 331, 434, -1346, 
-58, -351, -292, 204, 117, -322, 107, -136, 278, 341, 444, -1351, 
-58, -351, -292, 204, 117, -322, 107, -136, 278, 341, 444, -1351, 
-58, -351, -292, 204, 117, -322, 112, -136, 278, 341, 448, -1351, 
-58, -351, -292, 204, 117, -322, 117, -136, 273, 336, 448, -1346, 
-58, -361, -302, 209, 122, -331, 107, -126, 273, 336, 439, -1346, 
-58, -361, -302, 209, 122, -331, 112, -131, 273, 336, 439, -1346, 
-58, -356, -297, 207, 119, -326, 112, -136, 273, 341, 439, -1346, 
-58, -356, -297, 207, 119, -326, 112, -136, 273, 341, 439, -1346, 
-48, -351, -302, 200, 126, -326, 107, -136, 273, 331, 439, -1356, 
-53, -351, -297, 202, 122, -324, 107, -136, 278, 331, 439, -1356, 
-53, -351, -297, 202, 122, -324, 107, -136, 278, 331, 439, -1356, 
-53, -351, -297, 202, 122, -324, 107, -136, 278, 331, 439, -1356, 
-63, -346, -283, 204, 109, -314, 107, -136, 278, 331, 439, -1351, 
-63, -346, -283, 204, 109, -314, 107, -136, 278, 331, 444, -1351, 
-63, -346, -283, 204, 109, -314, 107, -131, 283, 336, 444, -1346, 
-63, -346, -283, 204, 109, -314, 107, -131, 287, 336, 444, -1346, 
-73, -356, -283, 214, 104, -319, 117, -141, 287, 336, 453, -1346, 
-73, -356, -283, 214, 104, -319, 117, -141, 287, 336, 453, -1346, 
-82, -361, -278, 222, 97, -319, 117, -141, 287, 336, 453, -1346, 
-73, -361, -287, 217, 107, -324, 112, -141, 287, 336, 453, -1346, 
-63, -351, -287, 207, 112, -319, 102, -151, 278, 336, 444, -1346, 
-63, -366, -302, 214, 119, -334, 102, -156, 283, 336, 444, -1346, 
-63, -366, -302, 214, 119, -334, 102, -156, 287, 336, 444, -1346, 
-63, -356, -292, 209, 114, -324, 102, -156, 287, 336, 444, -1346, 
-68, -346, -278, 207, 104, -312, 107, -156, 292, 336, 444, -1346, 
-68, -346, -278, 207, 104, -312, 117, -151, 292, 336, 444, -1346, 
-68, -346, -278, 207, 104, -312, 122, -151, 297, 346, 444, -1346, 
-63, -341, -278, 202, 107, -309, 126, -151, 297, 346, 444, -1346, 
-73, -351, -278, 212, 102, -314, 126, -136, 297, 346, 453, -1337, 
-73, -346, -273, 209, 100, -309, 122, -131, 297, 346, 453, -1337, 
-73, -346, -273, 209, 100, -309, 122, -122, 297, 346, 453, -1337, 
-73, -351, -278, 212, 102, -314, 122, -112, 302, 346, 453, -1337, 
-63, -351, -287, 207, 112, -319, 126, -122, 297, 346, 448, -1342, 
-63, -351, -287, 207, 112, -319, 126, -126, 297, 346, 448, -1337, 
-63, -351, -287, 207, 112, -319, 131, -126, 297, 346, 448, -1337, 
-63, -351, -287, 207, 112, -319, 136, -122, 302, 351, 448, -1337, 
-53, -341, -287, 197, 117, -314, 126, -126, 302, 351, 453, -1337, 
-53, -341, -287, 197, 117, -314, 122, -126, 302, 351, 453, -1337, 
-58, -341, -283, 200, 112, -312, 122, -126, 302, 356, 453, -1342, 
-58, -341, -283, 200, 112, -312, 122, -126, 307, 356, 453, -1342, 
-63, -336, -273, 200, 104, -305, 112, -126, 317, 356, 463, -1332, 
-63, -336, -273, 200, 104, -305, 112, -126, 312, 356, 463, -1332, 
-63, -336, -273, 200, 104, -305, 112, -131, 312, 356, 463, -1332, 
-63, -336, -273, 200, 104, -305, 117, -131, 312, 356, 463, -1332, 
-73, -322, -248, 197, 87, -285, 107, -131, 317, 366, 463, -1332, 
-73, -322, -248, 197, 87, -285, 107, -122, 317, 361, 458, -1332, 
-78, -326, -248, 202, 85, -287, 107, -122, 317, 361, 458, -1332, 
-78, -326, -248, 202, 85, -287, 107, -126, 317, 361, 458, -1327, 
-73, -336, -263, 204, 95, -300, 117, -122, 317, 361, 463, -1327, 
-73, -336, -263, 204, 95, -300, 117, -112, 317, 361, 463, -1327, 
-73, -336, -263, 204, 95, -300, 117, -107, 312, 361, 463, -1327, 
-73, -336, -263, 204, 95, -300, 117, -102, 312, 361, 463, -1327, 
-68, -326, -258, 197, 95, -292, 126, -97, 326, 361, 463, -1327, 
-63, -326, -263, 195, 100, -295, 126, -97, 326, 361, 463, -1327, 
-58, -326, -268, 192, 104, -297, 126, -97, 322, 361, 463, -1327, 
-53, -326, -273, 190, 109, -300, 126, -97, 322, 366, 463, -1327, 
-48, -322, -273, 185, 112, -297, 126, -102, 317, 366, 463, -1332, 
-48, -322, -273, 185, 112, -297, 122, -102, 312, 366, 458, -1332, 
-48, -322, -273, 185, 112, -297, 122, -107, 307, 366, 453, -1332, 
-48, -326, -278, 187, 114, -302, 122, -117, 302, 366, 444, -1332, 
-58, -331, -273, 195, 107, -302, 117, -126, 292, 356, 453, -1322, 
-58, -336, -278, 197, 109, -307, 112, -126, 292, 356, 453, -1327, 
-58, -341, -283, 200, 112, -312, 107, -126, 292, 356, 453, -1327, 
-63, -346, -283, 204, 109, -314, 102, -126, 292, 356, 453, -1327, 
-73, -351, -278, 212, 102, -314, 97, -117, 297, 356, 453, -1337, 
-73, -351, -278, 212, 102, -314, 102, -117, 297, 356, 453, -1337, 
-73, -351, -278, 212, 102, -314, 102, -117, 297, 356, 453, -1337, 
-68, -346, -278, 207, 104, -312, 102, -122, 297, 351, 453, -1337, 
-63, -341, -278, 202, 107, -309, 117, -131, 307, 351, 453, -1327, 
-63, -336, -273, 200, 104, -305, 117, -136, 307, 356, 453, -1327, 
-58, -331, -273, 195, 107, -302, 122, -136, 307, 356, 453, -1327, 
-48, -326, -278, 187, 114, -302, 122, -136, 302, 351, 453, -1327, 
-48, -336, -287, 192, 119, -312, 112, -122, 302, 356, 463, -1327, 
-53, -336, -283, 195, 114, -309, 107, -117, 302, 356, 463, -1327, 
-63, -336, -273, 200, 104, -305, 102, -112, 302, 351, 463, -1327, 
-68, -336, -268, 202, 100, -302, 97, -107, 297, 351, 463, -1327, 
-73, -336, -263, 204, 95, -300, 87, -107, 297, 341, 448, -1327, 
-73, -336, -263, 204, 95, -300, 87, -117, 292, 336, 448, -1327, 
-82, -341, -258, 212, 87, -300, 92, -117, 292, 336, 448, -1327, 
-82, -341, -258, 212, 87, -300, 92, -117, 292, 336, 448, -1327, 
-73, -351, -278, 212, 102, -314, 102, -117, 292, 346, 444, -1337, 
-73, -351, -278, 212, 102, -314, 107, -126, 287, 346, 444, -1337, 
-73, -351, -278, 212, 102, -314, 112, -126, 287, 346, 444, -1337, 
-73, -351, -278, 212, 102, -314, 122, -126, 287, 346, 444, -1337, 
-58, -341, -283, 200, 112, -312, 122, -131, 287, 336, 444, -1337, 
-58, -341, -283, 200, 112, -312, 122, -136, 287, 336, 444, -1337, 
-58, -346, -287, 202, 114, -317, 117, -136, 287, 336, 444, -1337, 
-58, -346, -287, 202, 114, -317, 107, -141, 287, 336, 444, -1337, 
-68, -341, -273, 204, 102, -307, 107, -141, 287, 336, 444, -1327, 
-68, -336, -268, 202, 100, -302, 97, -141, 287, 336, 444, -1327, 
-68, -336, -268, 202, 100, -302, 97, -141, 283, 336, 444, -1327, 
-68, -336, -268, 202, 100, -302, 97, -146, 283, 336, 448, -1327, 
-68, -346, -278, 207, 104, -312, 102, -136, 273, 336, 448, -1317, 
-68, -351, -283, 209, 107, -317, 107, -136, 278, 336, 448, -1317, 
-68, -351, -283, 209, 107, -317, 117, -136, 278, 331, 448, -1317, 
-68, -356, -287, 212, 109, -322, 122, -136, 278, 331, 448, -1317, 
-73, -346, -273, 209, 100, -309, 117, -126, 287, 336, 444, -1317, 
-73, -346, -273, 209, 100, -309, 112, -126, 283, 336, 439, -1317, 
-73, -346, -273, 209, 100, -309, 107, -126, 283, 336, 439, -1317, 
-73, -346, -273, 209, 100, -309, 102, -131, 283, 336, 439, -1317, 
-63, -336, -273, 200, 104, -305, 97, -141, 268, 331, 439, -1327, 
-53, -336, -283, 195, 114, -309, 92, -141, 268, 331, 439, -1327, 
-53, -336, -283, 195, 114, -309, 92, -141, 273, 331, 444, -1327, 
-53, -341, -287, 197, 117, -314, 97, -136, 273, 331, 444, -1327, 
-68, -341, -273, 204, 102, -307, 107, -146, 273, 331, 444, -1327, 
-73, -341, -268, 207, 97, -305, 112, -146, 273, 331, 444, -1327, 
-73, -341, -268, 207, 97, -305, 112, -146, 273, 331, 444, -1327, 
-73, -336, -263, 204, 95, -300, 112, -146, 273, 331, 444, -1327, 
-63, -326, -263, 195, 100, -295, 102, -136, 278, 331, 444, -1327, 
-63, -326, -263, 195, 100, -295, 102, -136, 278, 331, 444, -1327, 
-63, -326, -263, 195, 100, -295, 97, -136, 278, 326, 439, -1327, 
-63, -331, -268, 197, 102, -300, 87, -136, 278, 326, 439, -1332, 
-73, -346, -273, 209, 100, -309, 97, -136, 273, 336, 439, -1332, 
-73, -351, -278, 212, 102, -314, 97, -136, 273, 336, 439, -1332, 
-73, -361, -287, 217, 107, -324, 92, -141, 273, 336, 439, -1332, 
-73, -366, -292, 219, 109, -329, 92, -141, 273, 336, 439, -1332, 
-87, -356, -268, 222, 90, -312, 92, -141, 268, 336, 439, -1342, 
-92, -351, -258, 222, 82, -305, 92, -141, 268, 336, 439, -1342, 
-92, -351, -258, 222, 82, -305, 92, -141, 263, 336, 439, -1337, 
-92, -356, -263, 224, 85, -309, 92, -141, 263, 336, 444, -1337, 
-87, -346, -258, 217, 85, -302, 102, -146, 263, 326, 434, -1327, 
-78, -346, -268, 212, 95, -307, 102, -146, 263, 331, 434, -1327, 
-73, -346, -273, 209, 100, -309, 102, -146, 263, 331, 434, -1327, 
-68, -346, -278, 207, 104, -312, 112, -146, 263, 331, 429, -1327, 
-73, -346, -273, 209, 100, -309, 112, -131, 273, 331, 439, -1317, 
-78, -346, -268, 212, 95, -307, 102, -131, 273, 331, 439, -1317, 
-82, -346, -263, 214, 90, -305, 102, -131, 273, 326, 439, -1317, 
-92, -346, -253, 219, 80, -300, 102, -131, 273, 326, 439, -1317, 
-92, -341, -248, 217, 78, -295, 102, -131, 273, 326, 434, -1327, 
-92, -341, -248, 217, 78, -295, 102, -136, 273, 326, 434, -1327, 
-87, -341, -253, 214, 82, -297, 102, -141, 273, 326, 434, -1327, 
-87, -341, -253, 214, 82, -297, 102, -141, 273, 331, 429, -1327, 
-82, -351, -268, 217, 92, -309, 102, -151, 258, 322, 419, -1327, 
-78, -351, -273, 214, 97, -312, 102, -151, 258, 322, 419, -1327, 
-73, -351, -278, 212, 102, -314, 102, -156, 258, 322, 419, -1327, 
-68, -351, -283, 209, 107, -317, 102, -156, 258, 317, 419, -1327, 
-78, -351, -273, 214, 97, -312, 102, -141, 268, 317, 424, -1327, 
-78, -351, -273, 214, 97, -312, 102, -141, 268, 322, 429, -1327, 
-78, -351, -273, 214, 97, -312, 102, -146, 268, 326, 434, -1327, 
-73, -351, -278, 212, 102, -314, 102, -146, 268, 331, 439, -1327, 
-73, -346, -273, 209, 100, -309, 92, -146, 268, 331, 429, -1317, 
-78, -346, -268, 212, 95, -307, 92, -146, 268, 331, 429, -1317, 
-78, -341, -263, 209, 92, -302, 97, -146, 268, 331, 429, -1317, 
-78, -341, -263, 209, 92, -302, 97, -151, 273, 336, 429, -1317, 
-78, -341, -263, 209, 92, -302, 107, -151, 263, 326, 429, -1322, 
-82, -331, -248, 207, 82, -290, 112, -156, 268, 326, 429, -1322, 
-92, -331, -239, 212, 73, -285, 107, -156, 263, 317, 419, -1322, 
-78, -331, -253, 204, 87, -292, 117, -156, 273, 322, 429, -1317, 
-68, -322, -253, 195, 92, -287, 117, -156, 263, 322, 429, -1317, 
-68, -322, -253, 195, 92, -287, 117, -156, 263, 322, 429, -1317, 
-68, -322, -253, 195, 92, -287, 117, -156, 263, 322, 429, -1317, 
-68, -322, -253, 195, 92, -287, 117, -156, 263, 322, 429, -1317, 
-68, -331, -263, 200, 97, -297, 112, -146, 273, 331, 439, -1317, 
-68, -331, -263, 200, 97, -297, 107, -146, 273, 331, 439, -1317, 
-68, -331, -263, 200, 97, -297, 102, -146, 273, 331, 439, -1317, 
-68, -331, -263, 200, 97, -297, 97, -146, 273, 331, 439, -1317, 
-68, -331, -263, 200, 97, -297, 102, -136, 273, 331, 429, -1317, 
-68, -331, -263, 200, 97, -297, 107, -136, 273, 331, 429, -1317, 
-68, -331, -263, 200, 97, -297, 112, -136, 273, 331, 429, -1317, 
-68, -331, -263, 200, 97, -297, 117, -136, 273, 331, 429, -1317, 
-73, -336, -263, 204, 95, -300, 107, -146, 263, 322, 429, -1317, 
-78, -341, -263, 209, 92, -302, 107, -146, 263, 322, 429, -1317, 
-82, -346, -263, 214, 90, -305, 107, -146, 263, 322, 429, -1317, 
-87, -351, -263, 219, 87, -307, 107, -146, 263, 322, 429, -1317, 
-78, -346, -268, 212, 95, -307, 97, -156, 263, 322, 419, -1317, 
-78, -341, -263, 209, 92, -302, 97, -156, 263, 322, 419, -1317, 
-78, -336, -258, 207, 90, -297, 97, -156, 263, 322, 419, -1317, 
-78, -331, -253, 204, 87, -292, 97, -156, 263, 322, 419, -1317, 
-87, -336, -248, 212, 80, -292, 107, -156, 263, 312, 419, -1317, 
-87, -341, -253, 214, 82, -297, 107, -156, 263, 312, 419, -1317, 
-87, -346, -258, 217, 85, -302, 107, -156, 263, 312, 419, -1317, 
-87, -351, -263, 219, 87, -307, 107, -156, 263, 312, 419, -1317, 
-87, -341, -253, 214, 82, -297, 97, -156, 263, 317, 419, -1317, 
-87, -341, -253, 214, 82, -297, 97, -156, 263, 322, 419, -1317, 
-87, -341, -253, 214, 82, -297, 97, -156, 263, 326, 419, -1317, 
-87, -341, -253, 214, 82, -297, 97, -156, 263, 331, 419, -1317, 
-87, -341, -253, 214, 82, -297, 97, -146, 263, 331, 419, -1317, 
-87, -341, -253, 214, 82, -297, 97, -146, 263, 331, 419, -1317, 
-87, -341, -253, 214, 82, -297, 97, -146, 263, 331, 419, -1317, 
-87, -341, -253, 214, 82, -297, 97, -146, 263, 331, 419, -1317, 
-78, -336, -258, 207, 90, -297, 107, -141, 273, 341, 429, -1307, 
-78, -331, -253, 204, 87, -292, 107, -136, 273, 341, 429, -1307, 
-78, -326, -248, 202, 85, -287, 107, -131, 273, 341, 429, -1307, 
-78, -322, -244, 200, 82, -283, 107, -126, 273, 341, 429, -1307, 
-68, -307, -239, 187, 85, -273, 117, -131, 273, 341, 429, -1298, 
-58, -302, -244, 180, 92, -273, 117, -136, 273, 341, 429, -1298, 
-48, -297, -248, 173, 100, -273, 117, -141, 273, 341, 429, -1298, 
-39, -292, -253, 165, 107, -273, 117, -146, 273, 341, 429, -1298, 
-53, -307, -253, 180, 100, -280, 107, -136, 263, 331, 419, -1298, 
-58, -322, -263, 190, 102, -292, 107, -136, 263, 331, 419, -1298, 
-63, -336, -273, 200, 104, -305, 107, -136, 263, 331, 419, -1298, 
-68, -351, -283, 209, 107, -317, 107, -136, 263, 331, 419, -1298, 
-78, -361, -283, 219, 102, -322, 97, -141, 253, 322, 409, -1307, 
-87, -361, -273, 224, 92, -317, 97, -146, 253, 322, 409, -1307, 
-97, -361, -263, 229, 82, -312, 97, -151, 253, 322, 409, -1307, 
-107, -361, -253, 234, 73, -307, 97, -156, 253, 322, 409, -1307, 
-107, -351, -244, 229, 68, -297, 97, -165, 263, 322, 419, -1307, 
-107, -351, -244, 229, 68, -297, 97, -165, 263, 322, 419, -1307, 
-107, -351, -244, 229, 68, -297, 97, -165, 263, 322, 419, -1307, 
-107, -351, -244, 229, 68, -297, 97, -165, 263, 322, 419, -1307, 
-97, -351, -253, 224, 78, -302, 102, -156, 253, 322, 419, -1307, 
-97, -351, -253, 224, 78, -302, 107, -156, 253, 322, 419, -1307, 
-97, -351, -253, 224, 78, -302, 112, -156, 253, 322, 419, -1307, 
-97, -351, -253, 224, 78, -302, 117, -156, 253, 322, 419, -1307, 
-87, -336, -248, 212, 80, -292, 112, -156, 253, 322, 409, -1317, 
-87, -331, -244, 209, 78, -287, 107, -156, 253, 322, 409, -1317, 
-87, -326, -239, 207, 75, -283, 102, -156, 253, 322, 409, -1317, 
-87, -322, -234, 204, 73, -278, 97, -156, 253, 322, 409, -1317, 
-87, -317, -229, 202, 70, -273, 107, -146, 258, 326, 419, -1312, 
-87, -312, -224, 200, 68, -268, 107, -146, 263, 331, 419, -1307, 
-87, -307, -219, 197, 65, -263, 107, -146, 268, 336, 419, -1302, 
-87, -302, -214, 195, 63, -258, 107, -146, 273, 341, 419, -1298, 
-87, -302, -214, 195, 63, -258, 107, -136, 278, 341, 429, -1288, 
-87, -302, -214, 195, 63, -258, 107, -136, 283, 341, 429, -1288, 
-87, -302, -214, 195, 63, -258, 107, -136, 287, 341, 429, -1288, 
-87, -302, -214, 195, 63, -258, 107, -136, 292, 341, 429, -1288, 
-82, -292, -209, 187, 63, -251, 97, -131, 302, 351, 439, -1278, 
-78, -292, -214, 185, 68, -253, 97, -126, 302, 351, 439, -1278, 
-73, -292, -219, 183, 73, -256, 97, -122, 302, 351, 439, -1278, 
-68, -292, -224, 180, 78, -258, 97, -117, 302, 351, 439, -1278, 
-68, -283, -214, 175, 73, -248, 97, -122, 302, 361, 439, -1268, 
-68, -283, -214, 175, 73, -248, 97, -126, 302, 361, 439, -1268, 
-68, -283, -214, 175, 73, -248, 97, -131, 302, 361, 439, -1268, 
-68, -283, -214, 175, 73, -248, 97, -136, 302, 361, 439, -1268, 
-58, -283, -224, 170, 82, -253, 97, -136, 302, 361, 439, -1268, 
-58, -283, -224, 170, 82, -253, 97, -136, 302, 361, 439, -1268, 
-58, -283, -224, 170, 82, -253, 97, -136, 302, 361, 439, -1268, 
-58, -283, -224, 170, 82, -253, 97, -136, 302, 361, 439, -1268, 
-58, -283, -224, 170, 82, -253, 92, -146, 292, 351, 429, -1268, 
-58, -287, -229, 173, 85, -258, 92, -146, 292, 351, 429, -1268, 
-58, -287, -229, 173, 85, -258, 87, -146, 287, 351, 429, -1268, 
-53, -287, -234, 170, 90, -261, 82, -146, 287, 351, 429, -1268, 
-63, -273, -209, 168, 73, -241, 82, -151, 287, 356, 429, -1263, 
-73, -273, -200, 173, 63, -236, 78, -156, 283, 361, 429, -1263, 
-73, -278, -204, 175, 65, -241, 78, -165, 278, 361, 429, -1268, 
-73, -278, -204, 175, 65, -241, 78, -165, 278, 366, 429, -1268, 
-68, -278, -209, 173, 70, -244, 68, -170, 278, 356, 419, -1278, 
-68, -283, -214, 175, 73, -248, 63, -170, 273, 341, 414, -1278, 
-73, -287, -214, 180, 70, -251, 63, -175, 268, 336, 409, -1283, 
-73, -287, -214, 180, 70, -251, 63, -175, 268, 326, 405, -1283, 
-53, -292, -239, 173, 92, -265, 58, -170, 268, 336, 405, -1278, 
-48, -292, -244, 170, 97, -268, 58, -161, 268, 341, 409, -1278, 
-39, -292, -253, 165, 107, -273, 53, -151, 263, 341, 409, -1278, 
-29, -297, -268, 163, 119, -283, 53, -146, 263, 341, 409, -1278, 
-29, -307, -278, 168, 124, -292, 63, -141, 268, 351, 414, -1273, 
-34, -312, -278, 173, 122, -295, 68, -141, 268, 351, 419, -1268, 
-34, -312, -278, 173, 122, -295, 73, -141, 268, 351, 424, -1263, 
-34, -307, -273, 170, 119, -290, 78, -136, 273, 351, 434, -1254, 
-14, -302, -287, 158, 136, -295, 73, -136, 263, 351, 424, -1263, 
-24, -297, -273, 161, 124, -285, 73, -136, 258, 346, 424, -1263, 
-29, -292, -263, 161, 117, -278, 73, -141, 258, 336, 424, -1263, 
-39, -297, -258, 168, 109, -278, 73, -141, 253, 331, 424, -1263, 
-58, -312, -253, 185, 97, -283, 63, -151, 253, 336, 419, -1268, 
-63, -312, -248, 187, 92, -280, 63, -151, 258, 336, 414, -1268, 
-78, -322, -244, 200, 82, -283, 73, -146, 263, 336, 414, -1273, 
-82, -322, -239, 202, 78, -280, 78, -146, 263, 336, 414, -1273, 
-87, -336, -248, 212, 80, -292, 78, -156, 248, 322, 400, -1288, 
-92, -346, -253, 219, 80, -300, 78, -161, 248, 322, 395, -1293, 
-97, -351, -253, 224, 78, -302, 78, -165, 239, 312, 390, -1298, 
-107, -351, -244, 229, 68, -297, 78, -165, 239, 312, 385, -1302, 
-112, -366, -253, 239, 70, -309, 82, -170, 234, 307, 375, -1302, 
-112, -375, -263, 244, 75, -319, 87, -175, 234, 307, 370, -1302, 
-117, -375, -258, 246, 70, -317, 92, -175, 229, 307, 370, -1302, 
-117, -375, -258, 246, 70, -317, 102, -165, 229, 307, 375, -1302, 
-97, -370, -273, 234, 87, -322, 92, -161, 239, 317, 380, -1293, 
-97, -366, -268, 231, 85, -317, 87, -156, 239, 317, 385, -1288, 
-102, -356, -253, 229, 75, -305, 87, -151, 239, 322, 390, -1283, 
-102, -351, -248, 226, 73, -300, 87, -141, 239, 322, 395, -1283, 
-92, -351, -258, 222, 82, -305, 92, -151, 229, 312, 390, -1293, 
-92, -351, -258, 222, 82, -305, 97, -151, 229, 312, 385, -1293, 
-92, -351, -258, 222, 82, -305, 97, -156, 234, 312, 375, -1298, 
-87, -351, -263, 219, 87, -307, 97, -156, 234, 312, 370, -1298, 
-92, -351, -258, 222, 82, -305, 92, -156, 234, 297, 375, -1302, 
-97, -351, -253, 224, 78, -302, 92, -156, 234, 297, 375, -1302, 
-102, -346, -244, 224, 70, -295, 92, -156, 234, 302, 375, -1302, 
-107, -346, -239, 226, 65, -292, 92, -156, 234, 302, 375, -1302, 
-97, -346, -248, 222, 75, -297, 102, -165, 234, 297, 375, -1288, 
-97, -346, -248, 222, 75, -297, 102, -165, 234, 297, 375, -1288, 
-97, -346, -248, 222, 75, -297, 102, -165, 239, 302, 380, -1288, 
-97, -346, -248, 222, 75, -297, 112, -161, 239, 302, 380, -1288, 
-87, -356, -268, 222, 90, -312, 102, -156, 239, 312, 380, -1288, 
-92, -356, -263, 224, 85, -309, 102, -151, 239, 312, 380, -1288, 
-92, -356, -263, 224, 85, -309, 102, -151, 234, 312, 380, -1288, 
-92, -356, -263, 224, 85, -309, 107, -146, 234, 312, 380, -1288, 
-82, -346, -263, 214, 90, -305, 107, -151, 239, 312, 390, -1288, 
-82, -351, -268, 217, 92, -309, 107, -156, 239, 312, 390, -1288, 
-87, -351, -263, 219, 87, -307, 102, -161, 239, 312, 390, -1288, 
-87, -346, -258, 217, 85, -302, 102, -161, 239, 312, 390, -1288, 
-97, -346, -248, 222, 75, -297, 102, -170, 239, 312, 385, -1288, 
-97, -351, -253, 224, 78, -302, 102, -170, 239, 307, 380, -1288, 
-97, -351, -253, 224, 78, -302, 102, -170, 239, 307, 375, -1288, 
-102, -351, -248, 226, 73, -300, 102, -170, 234, 307, 370, -1288, 
-102, -341, -239, 222, 68, -290, 102, -165, 234, 307, 370, -1278, 
-102, -341, -239, 222, 68, -290, 102, -161, 234, 312, 370, -1278, 
-97, -341, -244, 219, 73, -292, 102, -151, 234, 312, 370, -1278, 
-92, -341, -248, 217, 78, -295, 102, -146, 239, 312, 370, -1278, 
-107, -346, -239, 226, 65, -292, 102, -161, 239, 312, 370, -1288, 
-112, -346, -234, 229, 61, -290, 102, -161, 239, 312, 370, -1288, 
-117, -351, -234, 234, 58, -292, 102, -161, 239, 307, 370, -1288, 
-122, -356, -234, 239, 56, -295, 102, -161, 239, 307, 370, -1288, 
-131, -366, -234, 248, 51, -300, 107, -170, 239, 312, 370, -1288, 
-131, -366, -234, 248, 51, -300, 107, -170, 239, 312, 370, -1288, 
-131, -366, -234, 248, 51, -300, 102, -170, 239, 312, 370, -1288, 
-136, -366, -229, 251, 46, -297, 102, -170, 239, 312, 370, -1288, 
-126, -356, -229, 241, 51, -292, 97, -165, 248, 322, 380, -1288, 
-126, -356, -229, 241, 51, -292, 97, -161, 248, 322, 380, -1288, 
-126, -351, -224, 239, 48, -287, 92, -151, 253, 322, 380, -1283, 
-122, -351, -229, 236, 53, -290, 92, -146, 253, 326, 380, -1283, 
-122, -351, -229, 236, 53, -290, 87, -161, 244, 322, 370, -1283, 
-122, -351, -229, 236, 53, -290, 87, -161, 244, 322, 375, -1283, 
-122, -351, -229, 236, 53, -290, 87, -161, 244, 322, 375, -1283, 
-126, -351, -224, 239, 48, -287, 87, -161, 244, 322, 370, -1283, 
-117, -346, -229, 231, 56, -287, 97, -141, 248, 326, 370, -1283, 
-112, -341, -229, 226, 58, -285, 112, -141, 248, 322, 361, -1283, 
-122, -361, -239, 241, 58, -300, 126, -131, 239, 307, 351, -1293, 
-136, -370, -234, 253, 48, -302, 131, -136, 229, 292, 341, -1293, 
-146, -380, -234, 263, 43, -307, 141, -141, 234, 302, 341, -1293, 
-146, -375, -229, 261, 41, -302, 141, -151, 253, 307, 351, -1293, 
-141, -375, -234, 258, 46, -305, 122, -141, 287, 322, 366, -1293, 
-136, -385, -248, 261, 56, -317, 97, -131, 341, 356, 375, -1288, 
-112, -375, -263, 244, 75, -319, 87, -117, 390, 400, 400, -1283, 
-87, -366, -278, 226, 95, -322, 73, -82, 458, 458, 444, -1259, 
-34, -331, -297, 183, 131, -314, 39, -14, 585, 575, 517, -1220, 
39, -278, -317, 119, 178, -297, 0, 63, 751, 722, 614, -1156, 
92, -224, -317, 65, 204, -270, -43, 117, 883, 858, 717, -1102, 
161, -156, -317, -2, 239, -236, -92, 185, 1019, 1000, 819, -1034, 
253, -63, -317, -95, 285, -190, -141, 317, 1200, 1190, 966, -951, 
366, 39, -326, -202, 346, -143, -190, 458, 1356, 1366, 1117, -854, 
483, 151, -331, -317, 407, -90, -253, 580, 1410, 1483, 1229, -771, 
575, 229, -346, -402, 461, -58, -346, 644, 1381, 1556, 1312, -692, 
658, 268, -390, -463, 524, -61, -424, 668, 1307, 1586, 1356, -649, 
712, 278, -434, -495, 573, -78, -483, 634, 1220, 1546, 1356, -629, 
712, 273, -439, -492, 575, -82, -536, 546, 1034, 1434, 1317, -634, 
668, 214, -453, -441, 561, -119, -556, 409, 795, 1249, 1215, -673, 
605, 131, -473, -368, 539, -170, -546, 244, 531, 1024, 1068, -736, 
541, 29, -512, -285, 527, -241, -522, 39, 268, 771, 897, -824, 
463, -82, -546, -190, 505, -314, -507, -175, 4, 531, 727, -912, 
385, -204, -590, -90, 488, -397, -473, -346, -244, 307, 566, -995, 
307, -326, -634, 9, 470, -480, -414, -448, -453, 92, 414, -1088, 
248, -400, -649, 75, 448, -524, -356, -473, -605, -73, 292, -1156, 
214, -424, -639, 104, 427, -531, -283, -453, -605, -122, 229, -1195, 
165, -424, -590, 129, 378, -507, -200, -409, -502, -82, 229, -1205, 
102, -439, -541, 168, 322, -490, -131, -366, -385, -24, 253, -1215, 
58, -424, -483, 183, 270, -453, -78, -322, -253, 48, 287, -1205, 
43, -375, -419, 165, 231, -397, -53, -268, -107, 146, 341, -1190, 
34, -331, -366, 148, 200, -348, -63, -239, -4, 224, 380, -1176, 
34, -312, -346, 139, 190, -329, -43, -200, 68, 268, 409, -1185, 
29, -302, -331, 136, 180, -317, 14, -151, 126, 307, 409, -1190, 
-4, -302, -297, 153, 146, -300, 39, -122, 175, 322, 409, -1195, 
-43, -302, -258, 173, 107, -280, 48, -107, 214, 331, 405, -1205, 
-82, -312, -229, 197, 73, -270, 78, -87, 234, 341, 400, -1215, 
-107, -312, -204, 209, 48, -258, 97, -87, 248, 341, 395, -1224, 
-92, -307, -214, 200, 61, -261, 112, -107, 248, 336, 390, -1229, 
-87, -307, -219, 197, 65, -263, 112, -102, 248, 341, 390, -1244, 
-97, -322, -224, 209, 63, -273, 122, -97, 253, 331, 390, -1249, 
-97, -331, -234, 214, 68, -283, 126, -97, 253, 331, 390, -1249, 
-97, -336, -239, 217, 70, -287, 126, -102, 253, 322, 385, -1249, 
-97, -336, -239, 217, 70, -287, 126, -107, 244, 317, 375, -1249, 
-107, -326, -219, 217, 56, -273, 126, -107, 244, 307, 370, -1244, 
-117, -322, -204, 219, 43, -263, 126, -107, 248, 307, 366, -1244, 
-117, -322, -204, 219, 43, -263, 131, -107, 258, 312, 361, -1244, 
-122, -322, -200, 222, 39, -261, 131, -107, 258, 312, 351, -1244, 
-112, -331, -219, 222, 53, -275, 131, -117, 253, 322, 361, -1254, 
-112, -336, -224, 224, 56, -280, 141, -117, 258, 322, 361, -1254, 
-112, -341, -229, 226, 58, -285, 146, -117, 258, 326, 361, -1249, 
-117, -341, -224, 229, 53, -283, 146, -117, 263, 326, 361, -1249, 
-126, -341, -214, 234, 43, -278, 151, -107, 263, 322, 361, -1254, 
-122, -336, -214, 229, 46, -275, 151, -97, 263, 322, 361, -1254, 
-122, -336, -214, 229, 46, -275, 151, -97, 258, 322, 361, -1249, 
-126, -336, -209, 231, 41, -273, 151, -97, 258, 322, 361, -1249, 
-131, -346, -214, 239, 41, -280, 141, -102, 263, 322, 361, -1249, 
-136, -346, -209, 241, 36, -278, 141, -107, 263, 322, 361, -1249, 
-141, -346, -204, 244, 31, -275, 141, -112, 263, 322, 361, -1249, 
-151, -351, -200, 251, 24, -275, 141, -117, 263, 322, 361, -1254, 
-136, -341, -204, 239, 34, -273, 131, -117, 263, 322, 361, -1254, 
-131, -341, -209, 236, 39, -275, 131, -117, 263, 322, 361, -1259, 
-126, -341, -214, 234, 43, -278, 131, -117, 263, 322, 361, -1259, 
-122, -356, -234, 239, 56, -295, 131, -117, 263, 322, 356, -1259, 
-112, -341, -229, 226, 58, -285, 136, -102, 263, 322, 356, -1259, 
-117, -336, -219, 226, 51, -278, 141, -102, 268, 322, 361, -1254, 
-117, -331, -214, 224, 48, -273, 146, -102, 268, 322, 361, -1254, 
-117, -326, -209, 222, 46, -268, 161, -102, 268, 326, 361, -1254, 
-126, -331, -204, 229, 39, -268, 161, -112, 278, 326, 361, -1254, 
-126, -336, -209, 231, 41, -273, 161, -112, 278, 326, 366, -1254, 
-126, -341, -214, 234, 43, -278, 161, -112, 278, 326, 366, -1249, 
-126, -346, -219, 236, 46, -283, 161, -112, 278, 326, 366, -1249, 
-126, -346, -219, 236, 46, -283, 161, -102, 278, 336, 366, -1239, 
-126, -346, -219, 236, 46, -283, 161, -97, 278, 336, 361, -1244, 
-126, -346, -219, 236, 46, -283, 161, -92, 278, 336, 361, -1244, 
-126, -346, -219, 236, 46, -283, 161, -87, 278, 336, 361, -1239, 
-126, -346, -219, 236, 46, -283, 151, -82, 283, 346, 370, -1239, 
-131, -346, -214, 239, 41, -280, 151, -73, 283, 346, 366, -1244, 
-131, -346, -214, 239, 41, -280, 151, -68, 283, 346, 366, -1244, 
-126, -346, -219, 236, 46, -283, 151, -63, 283, 346, 366, -1239, 
-126, -346, -219, 236, 46, -283, 156, -73, 278, 336, 356, -1239, 
-122, -341, -219, 231, 48, -280, 156, -73, 283, 336, 361, -1239, 
-122, -341, -219, 231, 48, -280, 156, -68, 283, 336, 361, -1239, 
-122, -336, -214, 229, 46, -275, 156, -63, 287, 341, 361, -1239, 
-112, -336, -224, 224, 56, -280, 156, -68, 302, 341, 361, -1244, 
-112, -336, -224, 224, 56, -280, 161, -68, 302, 341, 361, -1244, 
-112, -341, -229, 226, 58, -285, 161, -73, 297, 341, 361, -1249, 
-112, -341, -229, 226, 58, -285, 156, -73, 297, 341, 361, -1249, 
-122, -341, -219, 231, 48, -280, 156, -78, 287, 336, 351, -1249, 
-126, -341, -214, 234, 43, -278, 156, -78, 287, 331, 351, -1249, 
-131, -341, -209, 236, 39, -275, 156, -73, 287, 331, 351, -1249, 
-141, -341, -200, 241, 29, -270, 156, -68, 292, 326, 351, -1249, 
-131, -341, -209, 236, 39, -275, 161, -78, 292, 336, 361, -1239, 
-131, -341, -209, 236, 39, -275, 170, -78, 292, 336, 361, -1239, 
-131, -341, -209, 236, 39, -275, 175, -78, 292, 336, 361, -1239, 
-131, -341, -209, 236, 39, -275, 185, -78, 297, 331, 361, -1239, 
-131, -351, -219, 241, 43, -285, 185, -63, 297, 341, 361, -1229, 
-126, -351, -224, 239, 48, -287, 185, -63, 297, 341, 361, -1229, 
-126, -346, -219, 236, 46, -283, 185, -58, 307, 341, 361, -1229, 
-126, -346, -219, 236, 46, -283, 190, -53, 307, 346, 361, -1229, 
-122, -331, -209, 226, 43, -270, 185, -53, 307, 351, 366, -1229, 
-112, -331, -219, 222, 53, -275, 185, -53, 307, 351, 366, -1229, 
-107, -331, -224, 219, 58, -278, 180, -53, 312, 351, 366, -1229, 
-102, -326, -224, 214, 61, -275, 180, -48, 312, 356, 366, -1229, 
-107, -336, -229, 222, 61, -283, 180, -53, 317, 346, 356, -1239, 
-112, -341, -229, 226, 58, -285, 180, -58, 317, 346, 356, -1239, 
-117, -346, -229, 231, 56, -287, 180, -58, 312, 346, 356, -1239, 
-122, -346, -224, 234, 51, -285, 185, -58, 312, 346, 356, -1239, 
-122, -341, -219, 231, 48, -280, 175, -53, 322, 351, 346, -1239, 
-126, -341, -214, 234, 43, -278, 175, -48, 326, 351, 346, -1234, 
-126, -341, -214, 234, 43, -278, 180, -39, 326, 351, 346, -1234, 
-126, -341, -214, 234, 43, -278, 185, -29, 331, 351, 351, -1229, 
-131, -351, -219, 241, 43, -285, 185, -29, 331, 361, 361, -1229, 
-141, -351, -209, 246, 34, -280, 185, -24, 336, 361, 361, -1234, 
-156, -351, -195, 253, 19, -273, 185, -19, 341, 361, 356, -1234, 
-165, -351, -185, 258, 9, -268, 185, -14, 346, 366, 356, -1229, 
-151, -346, -195, 248, 21, -270, 190, -19, 346, 356, 366, -1220, 
-141, -341, -200, 241, 29, -270, 200, -14, 351, 361, 370, -1220, 
-131, -331, -200, 231, 34, -265, 209, -14, 356, 361, 370, -1220, 
-122, -326, -204, 224, 41, -265, 224, -9, 361, 366, 375, -1220, 
-112, -322, -209, 217, 48, -265, 224, 0, 356, 366, 366, -1229, 
-112, -322, -209, 217, 48, -265, 224, 9, 361, 366, 366, -1229, 
-112, -322, -209, 217, 48, -265, 224, 19, 366, 370, 366, -1224, 
-112, -322, -209, 217, 48, -265, 229, 29, 370, 370, 370, -1224, 
-122, -331, -209, 226, 43, -270, 229, 24, 380, 375, 370, -1224, 
-126, -341, -214, 234, 43, -278, 224, 29, 390, 375, 361, -1224, 
-131, -341, -209, 236, 39, -275, 219, 34, 395, 375, 361, -1224, 
-136, -346, -209, 241, 36, -278, 224, 39, 400, 385, 366, -1220, 
-146, -336, -190, 241, 21, -263, 229, 39, 395, 390, 370, -1215, 
-146, -336, -190, 241, 21, -263, 229, 43, 400, 390, 370, -1215, 
-146, -331, -185, 239, 19, -258, 229, 58, 409, 390, 370, -1215, 
-151, -331, -180, 241, 14, -256, 234, 63, 414, 390, 375, -1215, 
-136, -317, -180, 226, 21, -248, 234, 82, 419, 405, 385, -1215, 
-126, -317, -190, 222, 31, -253, 239, 92, 434, 405, 385, -1215, 
-122, -312, -190, 217, 34, -251, 244, 97, 439, 414, 390, -1210, 
-112, -307, -195, 209, 41, -251, 244, 102, 444, 414, 390, -1210, 
-122, -307, -185, 214, 31, -246, 253, 126, 444, 414, 385, -1210, 
-122, -302, -180, 212, 29, -241, 258, 136, 458, 414, 385, -1200, 
-117, -302, -185, 209, 34, -244, 258, 146, 463, 419, 390, -1195, 
-117, -297, -180, 207, 31, -239, 263, 156, 468, 419, 390, -1190, 
-126, -307, -180, 217, 26, -244, 273, 161, 468, 409, 385, -1200, 
-126, -307, -180, 217, 26, -244, 273, 165, 473, 409, 385, -1200, 
-122, -302, -180, 212, 29, -241, 278, 165, 483, 414, 390, -1200, 
-117, -297, -180, 207, 31, -239, 283, 170, 488, 424, 390, -1200, 
-102, -283, -180, 192, 39, -231, 292, 190, 497, 439, 409, -1185, 
-92, -278, -185, 185, 46, -231, 292, 200, 507, 439, 409, -1180, 
-82, -273, -190, 178, 53, -231, 297, 209, 517, 439, 414, -1176, 
-78, -273, -195, 175, 58, -234, 297, 224, 527, 444, 414, -1171, 
-73, -283, -209, 178, 68, -246, 287, 234, 522, 444, 405, -1171, 
-73, -273, -200, 173, 63, -236, 287, 244, 522, 448, 409, -1166, 
-73, -268, -195, 170, 61, -231, 287, 248, 527, 448, 409, -1166, 
-78, -263, -185, 170, 53, -224, 287, 258, 531, 448, 409, -1166, 
-78, -273, -195, 175, 58, -234, 278, 273, 546, 458, 429, -1166, 
-78, -268, -190, 173, 56, -229, 283, 278, 546, 463, 429, -1161, 
-78, -263, -185, 170, 53, -224, 283, 287, 551, 463, 434, -1161, 
-73, -258, -185, 165, 56, -222, 278, 302, 556, 463, 439, -1156, 
-58, -248, -190, 153, 65, -219, 278, 297, 556, 483, 444, -1146, 
-48, -239, -190, 143, 70, -214, 283, 297, 556, 483, 448, -1141, 
-39, -224, -185, 131, 73, -204, 287, 302, 551, 483, 448, -1137, 
-19, -214, -195, 117, 87, -204, 292, 302, 546, 483, 448, -1137, 
-29, -200, -170, 114, 70, -185, 302, 302, 536, 468, 439, -1137, 
-29, -200, -170, 114, 70, -185, 292, 302, 531, 463, 439, -1137, 
-19, -200, -180, 109, 80, -190, 292, 297, 531, 463, 439, -1137, 
-19, -195, -175, 107, 78, -185, 287, 292, 527, 463, 439, -1137, 
-19, -195, -175, 107, 78, -185, 273, 302, 517, 463, 444, -1132, 
-14, -200, -185, 107, 85, -192, 268, 297, 512, 463, 448, -1122, 
-14, -200, -185, 107, 85, -192, 258, 297, 502, 463, 448, -1122, 
-14, -204, -190, 109, 87, -197, 248, 283, 492, 458, 448, -1122, 
-34, -229, -195, 131, 80, -212, 239, 258, 478, 448, 439, -1122, 
-39, -244, -204, 141, 82, -224, 234, 234, 463, 444, 439, -1127, 
-48, -253, -204, 151, 78, -229, 219, 209, 448, 434, 439, -1132, 
-63, -263, -200, 163, 68, -231, 209, 195, 439, 429, 434, -1137, 
-48, -258, -209, 153, 80, -234, 209, 185, 434, 439, 444, -1127, 
-43, -253, -209, 148, 82, -231, 195, 175, 424, 439, 444, -1127, 
-39, -248, -209, 143, 85, -229, 185, 170, 414, 439, 444, -1127, 
-34, -244, -209, 139, 87, -226, 180, 161, 409, 439, 439, -1132, 
-43, -244, -200, 143, 78, -222, 185, 161, 400, 434, 439, -1132, 
-48, -244, -195, 146, 73, -219, 185, 151, 390, 434, 434, -1132, 
-53, -244, -190, 148, 68, -217, 175, 131, 375, 429, 429, -1132, 
-53, -239, -185, 146, 65, -212, 175, 117, 366, 424, 424, -1132, 
-53, -244, -190, 148, 68, -217, 170, 112, 356, 419, 424, -1132, 
-63, -244, -180, 153, 58, -212, 170, 97, 346, 414, 424, -1137, 
-63, -253, -190, 158, 63, -222, 165, 82, 336, 409, 419, -1137, 
-68, -253, -185, 161, 58, -219, 165, 68, 326, 409, 414, -1146, 
-73, -263, -190, 168, 58, -226, 151, 48, 312, 390, 409, -1141, 
-78, -278, -200, 178, 61, -239, 141, 34, 307, 385, 405, -1141, 
-78, -283, -204, 180, 63, -244, 136, 29, 297, 385, 405, -1141, 
-78, -287, -209, 183, 65, -248, 131, 14, 297, 375, 400, -1151, 
-68, -283, -214, 175, 73, -248, 141, 14, 287, 380, 395, -1151, 
-78, -287, -209, 183, 65, -248, 141, 4, 278, 380, 390, -1151, 
-82, -292, -209, 187, 63, -251, 136, -9, 273, 370, 385, -1156, 
-82, -297, -214, 190, 65, -256, 131, -14, 273, 370, 385, -1161, 
-78, -287, -209, 183, 65, -248, 136, -34, 273, 366, 380, -1161, 
-78, -292, -214, 185, 68, -253, 136, -48, 268, 366, 375, -1166, 
-87, -297, -209, 192, 61, -253, 131, -53, 268, 361, 370, -1171, 
-97, -302, -204, 200, 53, -253, 131, -63, 263, 361, 370, -1171, 
-107, -317, -209, 212, 51, -263, 122, -73, 248, 356, 366, -1171, 
-112, -317, -204, 214, 46, -261, 122, -87, 248, 356, 361, -1176, 
-112, -322, -209, 217, 48, -265, 126, -97, 248, 356, 361, -1176, 
-122, -326, -204, 224, 41, -265, 126, -112, 244, 356, 361, -1176, 
-136, -331, -195, 234, 29, -263, 117, -112, 239, 346, 351, -1185, 
-136, -331, -195, 234, 29, -263, 112, -122, 239, 346, 346, -1185, 
-136, -331, -195, 234, 29, -263, 102, -126, 239, 341, 346, -1195, 
-136, -331, -195, 234, 29, -263, 102, -126, 239, 341, 346, -1185, 
-126, -322, -195, 224, 34, -258, 117, -122, 248, 346, 356, -1176, 
-122, -322, -200, 222, 39, -261, 117, -112, 248, 351, 356, -1176, 
-122, -322, -200, 222, 39, -261, 117, -107, 244, 356, 356, -1180, 
-126, -326, -200, 226, 36, -263, 117, -97, 244, 356, 351, -1180, 
-136, -326, -190, 231, 26, -258, 112, -112, 229, 346, 351, -1176, 
-136, -331, -195, 234, 29, -263, 112, -117, 229, 341, 346, -1180, 
-141, -331, -190, 236, 24, -261, 112, -126, 229, 341, 346, -1180, 
-141, -326, -185, 234, 21, -256, 112, -136, 229, 341, 346, -1176, 
-136, -322, -185, 229, 24, -253, 102, -126, 229, 351, 336, -1176, 
-131, -322, -190, 226, 29, -256, 102, -126, 229, 351, 336, -1176, 
-136, -322, -185, 229, 24, -253, 102, -136, 229, 351, 336, -1176, 
-131, -317, -185, 224, 26, -251, 107, -136, 229, 351, 336, -1176, 
-131, -312, -180, 222, 24, -246, 117, -126, 224, 341, 336, -1176, 
-126, -312, -185, 219, 29, -248, 117, -126, 224, 341, 336, -1176, 
-126, -312, -185, 219, 29, -248, 117, -126, 224, 341, 336, -1180, 
-136, -317, -180, 226, 21, -248, 112, -126, 224, 341, 336, -1180, 
-151, -331, -180, 241, 14, -256, 102, -112, 224, 351, 341, -1190, 
-156, -336, -180, 246, 12, -258, 102, -112, 224, 351, 341, -1195, 
-161, -346, -185, 253, 12, -265, 107, -112, 219, 351, 341, -1195, 
-165, -351, -185, 258, 9, -268, 107, -122, 219, 351, 341, -1190, 
-151, -341, -190, 246, 19, -265, 97, -136, 214, 341, 336, -1190, 
-146, -341, -195, 244, 24, -268, 97, -141, 214, 341, 331, -1190, 
-141, -341, -200, 241, 29, -270, 97, -141, 214, 341, 326, -1190, 
-136, -341, -204, 239, 34, -273, 92, -146, 209, 341, 317, -1190, 
-151, -341, -190, 246, 19, -265, 92, -146, 209, 341, 326, -1185, 
-156, -341, -185, 248, 14, -263, 97, -146, 209, 341, 326, -1185, 
-161, -341, -180, 251, 9, -261, 107, -146, 209, 341, 331, -1185, 
-165, -341, -175, 253, 4, -258, 117, -146, 204, 336, 331, -1180, 
-165, -351, -185, 258, 9, -268, 126, -141, 214, 346, 331, -1180, 
-165, -351, -185, 258, 9, -268, 131, -141, 214, 346, 331, -1180, 
-165, -346, -180, 256, 7, -263, 131, -141, 214, 351, 331, -1180, 
-165, -346, -180, 256, 7, -263, 131, -136, 214, 351, 331, -1180, 
-156, -341, -185, 248, 14, -263, 122, -141, 214, 341, 331, -1190, 
-161, -341, -180, 251, 9, -261, 117, -146, 219, 341, 331, -1190, 
-161, -341, -180, 251, 9, -261, 112, -151, 219, 341, 331, -1190, 
-161, -341, -180, 251, 9, -261, 107, -156, 219, 341, 331, -1190, 
-151, -346, -195, 248, 21, -270, 117, -156, 219, 341, 322, -1185, 
-151, -346, -195, 248, 21, -270, 117, -156, 219, 341, 326, -1185, 
-151, -346, -195, 248, 21, -270, 117, -151, 224, 346, 326, -1180, 
-151, -346, -195, 248, 21, -270, 117, -151, 229, 346, 326, -1180, 
-156, -336, -180, 246, 12, -258, 117, -141, 239, 356, 326, -1171, 
-161, -336, -175, 248, 7, -256, 117, -141, 239, 356, 326, -1171, 
-175, -341, -165, 258, -4, -253, 117, -141, 239, 356, 326, -1171, 
-170, -341, -170, 256, 0, -256, 112, -141, 239, 356, 326, -1171, 
-165, -322, -156, 244, -4, -239, 112, -141, 229, 356, 336, -1171, 
-161, -336, -175, 248, 7, -256, 112, -146, 234, 356, 336, -1171, 
-156, -336, -180, 246, 12, -258, 112, -146, 239, 356, 336, -1171, 
-151, -326, -175, 239, 12, -251, 112, -146, 239, 356, 336, -1171, 
-161, -336, -175, 248, 7, -256, 122, -136, 244, 356, 336, -1171, 
-165, -336, -170, 251, 2, -253, 126, -131, 244, 356, 336, -1171, 
-170, -336, -165, 253, -2, -251, 126, -131, 248, 366, 336, -1171, 
-170, -331, -161, 251, -4, -246, 126, -131, 248, 366, 336, -1171, 
-165, -322, -156, 244, -4, -239, 126, -131, 248, 366, 336, -1171, 
-161, -317, -156, 239, -2, -236, 122, -131, 248, 366, 336, -1171, 
-156, -317, -161, 236, 2, -239, 122, -126, 248, 366, 336, -1171, 
-151, -322, -170, 236, 9, -246, 122, -122, 253, 366, 336, -1171, 
-151, -322, -170, 236, 9, -246, 122, -112, 248, 366, 331, -1166, 
-151, -322, -170, 236, 9, -246, 117, -117, 248, 366, 331, -1161, 
-151, -322, -170, 236, 9, -246, 117, -117, 248, 366, 331, -1161, 
-151, -322, -170, 236, 9, -246, 117, -112, 253, 370, 331, -1161, 
-151, -322, -170, 236, 9, -246, 131, -117, 253, 370, 336, -1161, 
-151, -322, -170, 236, 9, -246, 131, -117, 253, 370, 336, -1161, 
-156, -322, -165, 239, 4, -244, 136, -117, 253, 375, 336, -1166, 
-156, -322, -165, 239, 4, -244, 141, -117, 258, 375, 336, -1166, 
-141, -307, -165, 224, 12, -236, 141, -117, 268, 385, 346, -1156, 
-141, -307, -165, 224, 12, -236, 141, -117, 263, 385, 346, -1156, 
-141, -307, -165, 224, 12, -236, 141, -122, 263, 385, 346, -1156, 
-141, -307, -165, 224, 12, -236, 146, -122, 263, 385, 346, -1156, 
-146, -307, -161, 226, 7, -234, 141, -122, 258, 375, 336, -1166, 
-151, -312, -161, 231, 4, -236, 136, -112, 258, 370, 331, -1166, 
-161, -322, -161, 241, 0, -241, 131, -112, 258, 370, 331, -1166, 
-165, -326, -161, 246, -2, -244, 126, -117, 258, 370, 331, -1161, 
-170, -326, -156, 248, -7, -241, 126, -117, 258, 370, 336, -1161, 
-170, -326, -156, 248, -7, -241, 126, -112, 258, 370, 336, -1161, 
-170, -326, -156, 248, -7, -241, 126, -112, 253, 370, 336, -1161, 
-170, -326, -156, 248, -7, -241, 126, -112, 253, 370, 336, -1161, 
-161, -317, -156, 239, -2, -236, 117, -117, 258, 380, 346, -1161, 
-161, -317, -156, 239, -2, -236, 117, -117, 258, 380, 346, -1161, 
-161, -317, -156, 239, -2, -236, 117, -117, 253, 380, 346, -1161, 
-161, -317, -156, 239, -2, -236, 117, -117, 253, 385, 346, -1161, 
-165, -322, -156, 244, -4, -239, 126, -117, 263, 385, 341, -1166, 
-165, -322, -156, 244, -4, -239, 122, -112, 263, 385, 341, -1166, 
-165, -322, -156, 244, -4, -239, 122, -112, 263, 385, 341, -1166, 
-165, -326, -161, 246, -2, -244, 122, -117, 263, 385, 336, -1166, 
-156, -326, -170, 241, 7, -248, 122, -117, 253, 375, 336, -1156, 
-156, -326, -170, 241, 7, -248, 122, -117, 253, 375, 336, -1161, 
-156, -326, -170, 241, 7, -248, 122, -117, 253, 375, 336, -1161, 
-161, -326, -165, 244, 2, -246, 122, -117, 253, 375, 336, -1161, 
-161, -322, -161, 241, 0, -241, 126, -107, 258, 385, 346, -1161, 
-161, -322, -161, 241, 0, -241, 131, -107, 258, 385, 346, -1161, 
-161, -322, -161, 241, 0, -241, 131, -107, 258, 385, 346, -1161, 
-156, -317, -161, 236, 2, -239, 131, -112, 258, 380, 346, -1161, 
-156, -326, -170, 241, 7, -248, 131, -112, 258, 380, 336, -1161, 
-161, -326, -165, 244, 2, -246, 126, -117, 258, 385, 336, -1161, 
-161, -326, -165, 244, 2, -246, 126, -117, 258, 385, 336, -1161, 
-156, -326, -170, 241, 7, -248, 122, -117, 253, 380, 336, -1161, 
-151, -317, -165, 234, 7, -241, 117, -126, 244, 375, 336, -1161, 
-151, -317, -165, 234, 7, -241, 117, -126, 244, 375, 336, -1161, 
-156, -317, -161, 236, 2, -239, 117, -126, 244, 370, 336, -1161, 
-156, -317, -161, 236, 2, -239, 117, -126, 239, 370, 336, -1161, 
-151, -317, -165, 234, 7, -241, 107, -117, 248, 370, 331, -1161, 
-151, -317, -165, 234, 7, -241, 107, -126, 244, 366, 331, -1161, 
-161, -322, -161, 241, 0, -241, 112, -126, 244, 366, 331, -1161, 
-161, -322, -161, 241, 0, -241, 112, -126, 244, 366, 331, -1161, 
-165, -322, -156, 244, -4, -239, 126, -126, 234, 366, 326, -1161, 
-170, -322, -151, 246, -9, -236, 126, -136, 229, 366, 326, -1161, 
-175, -322, -146, 248, -14, -234, 126, -136, 229, 366, 326, -1161, 
-180, -322, -141, 251, -19, -231, 131, -136, 229, 366, 326, -1161, 
-175, -322, -146, 248, -14, -234, 136, -136, 239, 375, 336, -1151, 
-175, -322, -146, 248, -14, -234, 141, -136, 239, 375, 336, -1151, 
-175, -326, -151, 251, -12, -239, 141, -131, 239, 375, 336, -1151, 
-175, -326, -151, 251, -12, -239, 136, -131, 239, 375, 336, -1151, 
-170, -312, -141, 241, -14, -226, 131, -122, 229, 366, 326, -1161, 
-165, -307, -141, 236, -12, -224, 117, -122, 229, 366, 326, -1161, 
-161, -307, -146, 234, -7, -226, 112, -122, 224, 366, 326, -1161, 
-156, -307, -151, 231, -2, -229, 107, -126, 224, 366, 331, -1161, 
-156, -312, -156, 234, 0, -234, 107, -136, 214, 356, 322, -1161, 
-156, -322, -165, 239, 4, -244, 107, -136, 219, 356, 322, -1161, 
-156, -326, -170, 241, 7, -248, 112, -136, 219, 351, 322, -1161, 
-156, -336, -180, 246, 12, -258, 112, -136, 219, 351, 322, -1161, 
-175, -346, -170, 261, -2, -258, 112, -146, 219, 356, 317, -1161, 
-180, -346, -165, 263, -7, -256, 112, -146, 214, 356, 312, -1161, 
-185, -346, -161, 265, -12, -253, 112, -146, 214, 356, 312, -1161, 
-190, -346, -156, 268, -17, -251, 112, -151, 214, 356, 312, -1161, 
-190, -336, -146, 263, -21, -241, 107, -141, 209, 361, 322, -1161, 
-180, -336, -156, 258, -12, -246, 102, -141, 209, 361, 322, -1161, 
-180, -336, -156, 258, -12, -246, 102, -141, 214, 361, 326, -1161, 
-180, -341, -161, 261, -9, -251, 107, -136, 214, 361, 326, -1161, 
-185, -341, -156, 263, -14, -248, 112, -136, 214, 370, 326, -1151, 
-190, -341, -151, 265, -19, -246, 122, -136, 214, 370, 326, -1151, 
-190, -341, -151, 265, -19, -246, 126, -136, 214, 370, 326, -1151, 
-190, -336, -146, 263, -21, -241, 131, -136, 214, 370, 326, -1151, 
-185, -326, -141, 256, -21, -234, 122, -136, 209, 361, 326, -1151, 
-180, -326, -146, 253, -17, -236, 122, -136, 209, 361, 326, -1151, 
-175, -326, -151, 251, -12, -239, 117, -136, 209, 356, 322, -1151, 
-170, -331, -161, 251, -4, -246, 107, -136, 209, 356, 322, -1156, 
-170, -322, -151, 246, -9, -236, 107, -136, 204, 356, 331, -1166, 
-170, -322, -151, 246, -9, -236, 107, -136, 204, 356, 331, -1166, 
-170, -326, -156, 248, -7, -241, 102, -141, 204, 356, 331, -1166, 
-170, -326, -156, 248, -7, -241, 102, -141, 204, 356, 331, -1166, 
-185, -331, -146, 258, -19, -239, 112, -141, 209, 366, 322, -1166, 
-190, -331, -141, 261, -24, -236, 112, -141, 209, 366, 322, -1166, 
-190, -336, -146, 263, -21, -241, 112, -141, 204, 366, 322, -1161, 
-190, -346, -156, 268, -17, -251, 112, -141, 204, 366, 326, -1161, 
-200, -346, -146, 273, -26, -246, 112, -146, 204, 356, 326, -1161, 
-195, -346, -151, 270, -21, -248, 112, -146, 204, 361, 326, -1161, 
-195, -346, -151, 270, -21, -248, 112, -146, 204, 361, 326, -1161, 
-195, -346, -151, 270, -21, -248, 122, -146, 204, 361, 322, -1161, 
-180, -341, -161, 261, -9, -251, 126, -141, 204, 361, 331, -1151, 
-175, -336, -161, 256, -7, -248, 122, -141, 204, 361, 331, -1151, 
-170, -331, -161, 251, -4, -246, 126, -141, 204, 356, 331, -1151, 
-170, -326, -156, 248, -7, -241, 131, -141, 204, 356, 331, -1151, 
-170, -322, -151, 246, -9, -236, 122, -131, 204, 366, 336, -1151, 
-170, -322, -151, 246, -9, -236, 122, -136, 204, 366, 336, -1151, 
-165, -322, -156, 244, -4, -239, 122, -141, 204, 366, 336, -1151, 
-165, -322, -156, 244, -4, -239, 122, -141, 204, 370, 331, -1151, 
-175, -322, -146, 248, -14, -234, 117, -131, 200, 361, 331, -1151, 
-175, -322, -146, 248, -14, -234, 112, -131, 200, 361, 331, -1151, 
-175, -322, -146, 248, -14, -234, 107, -136, 200, 361, 331, -1151, 
-175, -322, -146, 248, -14, -234, 102, -136, 200, 356, 331, -1151, 
-185, -331, -146, 258, -19, -239, 112, -141, 200, 361, 322, -1151, 
-185, -331, -146, 258, -19, -239, 112, -141, 200, 361, 322, -1151, 
-185, -331, -146, 258, -19, -239, 112, -146, 200, 361, 322, -1151, 
-180, -331, -151, 256, -14, -241, 112, -146, 200, 361, 322, -1151, 
-180, -326, -146, 253, -17, -236, 112, -151, 200, 351, 322, -1151, 
-185, -326, -141, 256, -21, -234, 112, -146, 200, 351, 322, -1151, 
-185, -322, -136, 253, -24, -229, 117, -141, 200, 351, 322, -1151, 
-185, -322, -136, 253, -24, -229, 117, -141, 204, 356, 322, -1151, 
-185, -322, -136, 253, -24, -229, 117, -151, 204, 356, 322, -1156, 
-180, -322, -141, 251, -19, -231, 131, -146, 200, 356, 322, -1156, 
-180, -322, -141, 251, -19, -231, 126, -146, 204, 356, 322, -1156, 
-165, -322, -156, 244, -4, -239, 117, -146, 204, 361, 322, -1151, 
-175, -322, -146, 248, -14, -234, 126, -151, 204, 351, 322, -1151, 
-175, -322, -146, 248, -14, -234, 126, -156, 204, 351, 322, -1151, 
-175, -322, -146, 248, -14, -234, 126, -161, 204, 351, 322, -1151, 
-175, -322, -146, 248, -14, -234, 126, -165, 204, 351, 322, -1151, 
-175, -322, -146, 248, -14, -234, 117, -161, 204, 361, 331, -1151, 
-175, -322, -146, 248, -14, -234, 117, -156, 204, 361, 331, -1151, 
-175, -322, -146, 248, -14, -234, 117, -151, 204, 361, 331, -1151, 
-175, -322, -146, 248, -14, -234, 117, -146, 204, 361, 331, -1151, 
-185, -322, -136, 253, -24, -229, 107, -136, 214, 370, 331, -1141, 
-185, -322, -136, 253, -24, -229, 107, -136, 214, 370, 331, -1141, 
-185, -322, -136, 253, -24, -229, 107, -136, 214, 370, 331, -1141, 
-185, -322, -136, 253, -24, -229, 107, -136, 214, 370, 331, -1141, 
-195, -312, -117, 253, -39, -214, 112, -126, 204, 370, 331, -1141, 
-195, -312, -117, 253, -39, -214, 117, -126, 204, 370, 331, -1141, 
-195, -312, -117, 253, -39, -214, 122, -126, 204, 370, 331, -1141, 
-195, -312, -117, 253, -39, -214, 126, -126, 204, 370, 331, -1141, 
-185, -307, -122, 246, -31, -214, 117, -126, 214, 370, 331, -1141, 
-175, -302, -126, 239, -24, -214, 117, -126, 214, 370, 331, -1141, 
-165, -297, -131, 231, -17, -214, 117, -126, 214, 370, 331, -1141, 
-156, -292, -136, 224, -9, -214, 117, -126, 214, 370, 331, -1141, 
-170, -307, -136, 239, -17, -222, 117, -136, 204, 361, 331, -1151, 
-175, -312, -136, 244, -19, -224, 117, -136, 204, 361, 331, -1151, 
-180, -317, -136, 248, -21, -226, 117, -136, 204, 361, 331, -1151, 
-185, -322, -136, 253, -24, -229, 117, -136, 204, 361, 331, -1151, 
-195, -331, -136, 263, -29, -234, 107, -146, 204, 361, 331, -1151, 
-195, -331, -136, 263, -29, -234, 107, -146, 204, 361, 331, -1151, 
-195, -331, -136, 263, -29, -234, 107, -146, 204, 361, 331, -1151, 
-195, -331, -136, 263, -29, -234, 107, -146, 204, 361, 331, -1151, 
-190, -322, -131, 256, -29, -226, 97, -156, 204, 361, 331, -1141, 
-185, -322, -136, 253, -24, -229, 97, -156, 204, 361, 331, -1141, 
-180, -322, -141, 251, -19, -231, 97, -156, 204, 361, 331, -1141, 
-175, -322, -146, 248, -14, -234, 97, -156, 204, 361, 331, -1141, 
-175, -317, -141, 246, -17, -229, 107, -146, 204, 361, 331, -1141, 
-175, -312, -136, 244, -19, -224, 107, -146, 204, 361, 331, -1141, 
-175, -307, -131, 241, -21, -219, 107, -146, 204, 361, 331, -1141, 
-175, -302, -126, 239, -24, -214, 107, -146, 204, 361, 331, -1141, 
-185, -307, -122, 246, -31, -214, 112, -146, 204, 351, 331, -1141, 
-185, -312, -126, 248, -29, -219, 117, -146, 204, 351, 331, -1141, 
-185, -317, -131, 251, -26, -224, 122, -146, 204, 351, 331, -1141, 
-185, -322, -136, 253, -24, -229, 126, -146, 204, 351, 331, -1141, 
-185, -312, -126, 248, -29, -219, 117, -156, 195, 351, 322, -1141, 
-185, -312, -126, 248, -29, -219, 117, -156, 195, 351, 322, -1141, 
-185, -312, -126, 248, -29, -219, 117, -156, 195, 351, 322, -1141, 
-185, -312, -126, 248, -29, -219, 117, -156, 195, 351, 322, -1141, 
-195, -312, -117, 253, -39, -214, 117, -156, 204, 361, 331, -1141, 
-195, -312, -117, 253, -39, -214, 117, -156, 204, 361, 331, -1141, 
-195, -312, -117, 253, -39, -214, 117, -156, 204, 361, 331, -1141, 
-195, -312, -117, 253, -39, -214, 117, -156, 204, 361, 331, -1141, 
-180, -297, -117, 239, -31, -207, 126, -151, 214, 370, 341, -1137, 
-175, -292, -117, 234, -29, -204, 126, -146, 214, 370, 341, -1132, 
-170, -287, -117, 229, -26, -202, 126, -141, 214, 370, 341, -1127, 
-165, -283, -117, 224, -24, -200, 126, -136, 214, 370, 341, -1122, 
-170, -273, -102, 222, -34, -187, 112, -136, 224, 370, 341, -1132, 
-175, -273, -97, 224, -39, -185, 107, -136, 224, 370, 341, -1132, 
-180, -273, -92, 226, -43, -183, 102, -136, 224, 370, 341, -1132, 
-185, -273, -87, 229, -48, -180, 97, -136, 224, 370, 341, -1132, 
-190, -283, -92, 236, -48, -187, 102, -146, 224, 370, 341, -1132, 
-195, -283, -87, 239, -53, -185, 107, -156, 224, 370, 341, -1132, 
-200, -283, -82, 241, -58, -183, 112, -165, 224, 370, 341, -1132, 
-204, -283, -78, 244, -63, -180, 117, -175, 224, 370, 341, -1132, 
-195, -283, -87, 239, -53, -185, 126, -170, 234, 380, 351, -1122, 
-195, -283, -87, 239, -53, -185, 126, -165, 234, 380, 351, -1122, 
-195, -283, -87, 239, -53, -185, 126, -161, 234, 380, 351, -1122, 
-195, -283, -87, 239, -53, -185, 126, -156, 234, 380, 351, -1122, 
-180, -263, -82, 222, -48, -173, 126, -136, 248, 395, 366, -1117, 
-175, -253, -78, 214, -48, -165, 126, -126, 253, 400, 370, -1112, 
-170, -244, -73, 207, -48, -158, 126, -117, 258, 405, 375, -1107, 
-165, -234, -68, 200, -48, -151, 126, -107, 263, 409, 380, -1102, 
-175, -239, -63, 207, -56, -151, 112, -117, 258, 405, 375, -1112, 
-175, -244, -68, 209, -53, -156, 107, -126, 253, 400, 370, -1112, 
-175, -248, -73, 212, -51, -161, 102, -136, 248, 395, 366, -1112, 
-175, -253, -78, 214, -48, -165, 97, -146, 244, 390, 361, -1112, 
-175, -263, -87, 219, -43, -175, 87, -156, 239, 380, 361, -1122, 
-175, -263, -87, 219, -43, -175, 87, -156, 234, 380, 361, -1122, 
-165, -263, -97, 214, -34, -180, 87, -156, 229, 380, 361, -1122, 
-165, -268, -102, 217, -31, -185, 92, -156, 224, 380, 361, -1122, 
-175, -278, -102, 226, -36, -190, 92, -146, 229, 370, 361, -1122, 
-170, -278, -107, 224, -31, -192, 92, -146, 229, 370, 361, -1122, 
-170, -273, -102, 222, -34, -187, 92, -151, 229, 370, 361, -1117, 
-180, -273, -92, 226, -43, -183, 87, -156, 224, 370, 361, -1117, 
-170, -273, -102, 222, -34, -187, 87, -156, 219, 375, 361, -1112, 
-170, -268, -97, 219, -36, -183, 87, -156, 219, 375, 361, -1112, 
-165, -263, -97, 214, -34, -180, 78, -161, 209, 370, 361, -1112, 
-165, -263, -97, 214, -34, -180, 73, -161, 204, 361, 356, -1112, 
-170, -268, -97, 219, -36, -183, 63, -156, 200, 361, 361, -1117, 
-170, -268, -97, 219, -36, -183, 63, -156, 200, 356, 356, -1117, 
-161, -268, -107, 214, -26, -187, 68, -156, 200, 356, 356, -1112, 
-156, -263, -107, 209, -24, -185, 68, -151, 200, 361, 361, -1112, 
-146, -258, -112, 202, -17, -185, 73, -156, 204, 361, 361, -1112, 
-136, -258, -122, 197, -7, -190, 73, -156, 204, 361, 361, -1112, 
-136, -268, -131, 202, -2, -200, 78, -151, 209, 361, 361, -1112, 
-141, -273, -131, 207, -4, -202, 78, -151, 209, 361, 361, -1112, 
-151, -273, -122, 212, -14, -197, 78, -156, 200, 361, 351, -1122, 
-151, -268, -117, 209, -17, -192, 78, -156, 204, 361, 356, -1117, 
-141, -268, -126, 204, -7, -197, 82, -161, 204, 366, 356, -1117, 
-151, -268, -117, 209, -17, -192, 82, -165, 200, 366, 356, -1117, 
-156, -273, -117, 214, -19, -195, 82, -161, 209, 361, 356, -1117, 
-165, -287, -122, 226, -21, -204, 82, -161, 204, 361, 356, -1117, 
-175, -297, -122, 236, -26, -209, 82, -161, 204, 356, 351, -1122, 
-180, -302, -122, 241, -29, -212, 82, -161, 209, 356, 346, -1122, 
-204, -302, -97, 253, -53, -200, 102, -146, 204, 366, 356, -1117, 
-209, -302, -92, 256, -58, -197, 107, -146, 204, 366, 356, -1117, 
-209, -307, -97, 258, -56, -202, 107, -146, 200, 361, 351, -1122, 
-209, -317, -107, 263, -51, -212, 107, -151, 200, 361, 346, -1127, 
-204, -317, -112, 261, -46, -214, 117, -165, 190, 341, 341, -1141, 
-204, -312, -107, 258, -48, -209, 117, -165, 190, 341, 336, -1146, 
-204, -312, -107, 258, -48, -209, 117, -170, 185, 336, 336, -1146, 
-200, -317, -117, 258, -41, -217, 117, -175, 185, 336, 331, -1146, 
-204, -326, -122, 265, -41, -224, 107, -165, 180, 336, 322, -1146, 
-204, -326, -122, 265, -41, -224, 112, -156, 180, 336, 326, -1146, 
-195, -326, -131, 261, -31, -229, 112, -156, 180, 336, 326, -1146, 
-195, -326, -131, 261, -31, -229, 107, -156, 180, 336, 326, -1141, 
-190, -312, -122, 251, -34, -217, 97, -165, 190, 341, 336, -1137, 
-190, -312, -122, 251, -34, -217, 97, -161, 190, 341, 336, -1137, 
-190, -312, -122, 251, -34, -217, 102, -161, 190, 341, 336, -1137, 
-190, -312, -122, 251, -34, -217, 107, -161, 190, 341, 336, -1137, 
-190, -312, -122, 251, -34, -217, 117, -175, 185, 331, 322, -1141, 
-185, -312, -126, 248, -29, -219, 117, -175, 185, 331, 322, -1141, 
-185, -312, -126, 248, -29, -219, 112, -175, 185, 326, 326, -1146, 
-185, -312, -126, 248, -29, -219, 112, -175, 185, 326, 326, -1146, 
-195, -307, -112, 251, -41, -209, 112, -170, 185, 341, 326, -1137, 
-195, -307, -112, 251, -41, -209, 112, -165, 185, 341, 326, -1137, 
-195, -307, -112, 251, -41, -209, 112, -161, 185, 336, 326, -1132, 
-195, -307, -112, 251, -41, -209, 112, -156, 185, 336, 326, -1132, 
-180, -302, -122, 241, -29, -212, 102, -156, 190, 341, 331, -1132, 
-175, -297, -122, 236, -26, -209, 112, -151, 190, 341, 331, -1132, 
-170, -292, -122, 231, -24, -207, 112, -151, 190, 341, 331, -1132, 
-170, -287, -117, 229, -26, -202, 112, -151, 190, 341, 331, -1132, 
-185, -292, -107, 239, -39, -200, 122, -156, 185, 331, 331, -1132, 
-190, -297, -107, 244, -41, -202, 126, -156, 185, 331, 331, -1132, 
-195, -302, -107, 248, -43, -204, 126, -156, 190, 331, 331, -1132, 
-200, -312, -112, 256, -43, -212, 126, -156, 190, 331, 331, -1132, 
-214, -317, -102, 265, -56, -209, 112, -165, 190, 341, 331, -1132, 
-214, -317, -102, 265, -56, -209, 112, -161, 190, 341, 331, -1132, 
-214, -322, -107, 268, -53, -214, 112, -161, 190, 341, 331, -1132, 
-214, -331, -117, 273, -48, -224, 112, -161, 190, 336, 331, -1132, 
-214, -326, -112, 270, -51, -219, 102, -161, 190, 336, 341, -1132, 
-219, -322, -102, 270, -58, -212, 102, -161, 185, 336, 341, -1132, 
-219, -317, -97, 268, -61, -207, 102, -161, 185, 336, 341, -1132, 
-219, -312, -92, 265, -63, -202, 102, -161, 185, 341, 341, -1132, 
-214, -312, -97, 263, -58, -204, 107, -146, 195, 341, 341, -1132, 
-209, -312, -102, 261, -53, -207, 112, -146, 200, 341, 341, -1132, 
-209, -312, -102, 261, -53, -207, 117, -151, 200, 341, 341, -1132, 
-209, -307, -97, 258, -56, -202, 122, -151, 200, 341, 341, -1132, 
-200, -307, -107, 253, -46, -207, 122, -161, 190, 336, 341, -1132, 
-200, -307, -107, 253, -46, -207, 122, -161, 190, 336, 341, -1132, 
-200, -307, -107, 253, -46, -207, 126, -161, 190, 341, 341, -1132, 
-200, -307, -107, 253, -46, -207, 126, -161, 190, 341, 341, -1132, 
-200, -297, -97, 248, -51, -197, 131, -161, 200, 341, 351, -1122, 
-204, -297, -92, 251, -56, -195, 131, -161, 200, 341, 351, -1122, 
-204, -297, -92, 251, -56, -195, 136, -161, 200, 341, 351, -1122, 
-204, -297, -92, 251, -56, -195, 136, -161, 200, 341, 351, -1122, 
-214, -292, -78, 253, -68, -185, 131, -156, 204, 341, 351, -1117, 
-209, -292, -82, 251, -63, -187, 131, -156, 204, 346, 351, -1117, 
-209, -292, -82, 251, -63, -187, 136, -161, 204, 351, 351, -1117, 
-209, -292, -82, 251, -63, -187, 136, -161, 204, 351, 356, -1117, 
-219, -292, -73, 256, -73, -183, 117, -161, 204, 351, 356, -1117, 
-224, -312, -87, 268, -68, -200, 107, -161, 204, 351, 351, -1117, 
-224, -307, -82, 265, -70, -195, 117, -161, 190, 336, 351, -1127, 
-229, -312, -82, 270, -73, -197, 122, -151, 190, 331, 341, -1137, 
-229, -322, -92, 275, -68, -207, 126, -151, 180, 326, 331, -1137, 
-234, -322, -87, 278, -73, -204, 141, -156, 180, 312, 312, -1146, 
-224, -322, -97, 273, -63, -209, 151, -161, 185, 302, 312, -1156, 
-224, -326, -102, 275, -61, -214, 151, -161, 204, 326, 312, -1156, 
-219, -326, -107, 273, -56, -217, 141, -161, 248, 351, 317, -1156, 
-204, -317, -112, 261, -46, -214, 136, -151, 292, 375, 336, -1151, 
-190, -317, -126, 253, -31, -222, 117, -136, 341, 419, 361, -1146, 
-165, -307, -141, 236, -12, -224, 92, -92, 419, 488, 414, -1122, 
-131, -273, -141, 202, 4, -207, 68, -14, 566, 614, 507, -1073, 
-78, -209, -131, 143, 26, -170, 19, 73, 741, 771, 614, -1010, 
-24, -146, -122, 85, 48, -134, -34, 117, 873, 917, 717, -946, 
43, -78, -122, 17, 82, -100, -82, 185, 1029, 1068, 829, -878, 
156, 14, -141, -85, 148, -63, -122, 326, 1229, 1268, 966, -795, 
287, 126, -161, -207, 224, -17, -161, 488, 1395, 1444, 1117, -697, 
395, 229, -165, -312, 280, 31, -244, 600, 1439, 1571, 1229, -605, 
488, 287, -200, -387, 344, 43, -346, 653, 1410, 1634, 1312, -546, 
551, 336, -214, -444, 383, 61, -424, 668, 1346, 1654, 1356, -512, 
595, 346, -248, -470, 422, 48, -473, 644, 1259, 1625, 1376, -483, 
605, 341, -263, -473, 434, 39, -507, 556, 1073, 1512, 1327, -478, 
561, 292, -268, -427, 414, 12, -517, 429, 824, 1317, 1224, -517, 
497, 209, -287, -353, 392, -39, -488, 273, 551, 1083, 1068, -590, 
444, 107, -336, -275, 390, -114, -473, 68, 268, 819, 897, -668, 
385, -4, -390, -190, 387, -197, -468, -146, -14, 580, 727, -756, 
307, -136, -444, -85, 375, -290, -434, -317, -273, 346, 556, -839, 
229, -278, -507, 24, 368, -392, -385, -439, -512, 112, 385, -941, 
161, -390, -551, 114, 356, -470, -326, -483, -653, -53, 263, -1029, 
107, -424, -531, 158, 319, -478, -263, -453, -644, -102, 219, -1068, 
48, -395, -444, 173, 246, -419, -190, -400, -531, -53, 239, -1068, 
4, -370, -375, 183, 190, -373, -112, -336, -395, 14, 273, -1068, 
-29, -346, -317, 187, 143, -331, -48, -273, -253, 107, 317, -1049, 
-24, -307, -283, 165, 129, -295, -24, -219, -117, 204, 370, -1024, 
-14, -253, -239, 134, 112, -246, -24, -200, -14, 273, 409, -1010, 
-34, -224, -190, 129, 78, -207, -14, -170, 48, 317, 429, -1000, 
-48, -214, -165, 131, 58, -190, 24, -141, 107, 346, 429, -1015, 
-82, -224, -141, 153, 29, -183, 58, -122, 146, 351, 419, -1029, 
-122, -234, -112, 178, -4, -173, 78, -126, 165, 341, 405, -1049, 
-151, -244, -92, 197, -29, -168, 87, -126, 185, 341, 390, -1068, 
-165, -244, -78, 204, -43, -161, 97, -126, 200, 341, 385, -1088, 
-170, -258, -87, 214, -41, -173, 112, -136, 209, 346, 380, -1093, 
-195, -268, -73, 231, -61, -170, 122, -131, 219, 351, 390, -1088, 
-195, -268, -73, 231, -61, -170, 131, -122, 224, 361, 380, -1093, 
-195, -273, -78, 234, -58, -175, 136, -117, 224, 361, 380, -1093, 
-195, -273, -78, 234, -58, -175, 136, -117, 224, 351, 375, -1093, 
-195, -268, -73, 231, -61, -170, 136, -117, 214, 346, 366, -1093, 
-195, -268, -73, 231, -61, -170, 146, -126, 209, 336, 366, -1107, 
-204, -263, -58, 234, -73, -161, 146, -126, 209, 336, 366, -1107, 
-204, -263, -58, 234, -73, -161, 151, -126, 214, 341, 366, -1107, 
-209, -263, -53, 236, -78, -158, 151, -126, 209, 341, 361, -1107, 
-219, -263, -43, 241, -87, -153, 141, -126, 224, 341, 361, -1117, 
-219, -268, -48, 244, -85, -158, 151, -126, 229, 341, 361, -1117, 
-219, -273, -53, 246, -82, -163, 156, -126, 229, 346, 361, -1112, 
-224, -273, -48, 248, -87, -161, 156, -126, 234, 346, 361, -1112, 
-219, -263, -43, 241, -87, -153, 151, -126, 224, 341, 361, -1107, 
-209, -258, -48, 234, -80, -153, 151, -117, 224, 341, 361, -1107, 
-204, -258, -53, 231, -75, -156, 151, -117, 219, 341, 361, -1102, 
-204, -258, -53, 231, -75, -156, 151, -117, 219, 341, 361, -1102, 
-190, -248, -58, 219, -65, -153, 151, -107, 229, 351, 370, -1102, 
-185, -248, -63, 217, -61, -156, 151, -107, 234, 351, 370, -1102, 
-180, -248, -68, 214, -56, -158, 151, -107, 239, 351, 370, -1102, 
-180, -253, -73, 217, -53, -163, 151, -107, 244, 351, 370, -1107, 
-185, -253, -68, 219, -58, -161, 156, -117, 244, 351, 380, -1107, 
-190, -253, -63, 222, -63, -158, 161, -117, 244, 351, 380, -1112, 
-195, -253, -58, 224, -68, -156, 165, -117, 244, 351, 380, -1112, 
-200, -268, -68, 234, -65, -168, 170, -117, 244, 351, 375, -1112, 
-204, -273, -68, 239, -68, -170, 161, -122, 229, 346, 370, -1112, 
-214, -278, -63, 246, -75, -170, 161, -122, 229, 341, 370, -1107, 
-219, -283, -63, 251, -78, -173, 161, -122, 224, 336, 366, -1107, 
-224, -287, -63, 256, -80, -175, 170, -122, 219, 336, 361, -1107, 
-234, -278, -43, 256, -95, -161, 161, -131, 224, 346, 370, -1107, 
-234, -278, -43, 256, -95, -161, 161, -131, 229, 346, 375, -1107, 
-234, -278, -43, 256, -95, -161, 161, -131, 234, 346, 375, -1102, 
-234, -278, -43, 256, -95, -161, 161, -131, 239, 346, 375, -1102, 
-229, -273, -43, 251, -92, -158, 151, -112, 244, 356, 385, -1093, 
-224, -268, -43, 246, -90, -156, 151, -107, 248, 356, 380, -1098, 
-219, -263, -43, 241, -87, -153, 151, -102, 253, 356, 380, -1098, 
-214, -258, -43, 236, -85, -151, 151, -97, 258, 356, 380, -1093, 
-214, -258, -43, 236, -85, -151, 161, -102, 258, 346, 370, -1102, 
-219, -258, -39, 239, -90, -148, 161, -102, 253, 346, 366, -1107, 
-219, -258, -39, 239, -90, -148, 161, -107, 248, 346, 366, -1107, 
-214, -258, -43, 236, -85, -151, 161, -112, 244, 346, 366, -1102, 
-214, -268, -53, 241, -80, -161, 165, -102, 248, 346, 366, -1112, 
-209, -263, -53, 236, -78, -158, 165, -102, 253, 346, 370, -1112, 
-209, -263, -53, 236, -78, -158, 165, -97, 253, 346, 370, -1112, 
-209, -258, -48, 234, -80, -153, 165, -92, 258, 351, 370, -1112, 
-200, -244, -43, 222, -78, -143, 165, -97, 273, 351, 380, -1098, 
-200, -239, -39, 219, -80, -139, 170, -97, 273, 351, 380, -1098, 
-200, -239, -39, 219, -80, -139, 170, -102, 268, 351, 380, -1102, 
-200, -234, -34, 217, -82, -134, 165, -102, 268, 351, 380, -1102, 
-214, -244, -29, 229, -92, -136, 156, -117, 263, 346, 375, -1112, 
-214, -253, -39, 234, -87, -146, 156, -117, 258, 341, 370, -1112, 
-214, -263, -48, 239, -82, -156, 156, -112, 253, 341, 366, -1112, 
-219, -273, -53, 246, -82, -163, 156, -107, 253, 336, 361, -1112, 
-219, -273, -53, 246, -82, -163, 156, -97, 263, 336, 370, -1112, 
-219, -273, -53, 246, -82, -163, 161, -97, 263, 336, 370, -1112, 
-219, -273, -53, 246, -82, -163, 161, -97, 263, 336, 370, -1112, 
-219, -273, -53, 246, -82, -163, 165, -97, 268, 331, 370, -1112, 
-229, -263, -34, 246, -97, -148, 165, -102, 278, 336, 380, -1112, 
-224, -263, -39, 244, -92, -151, 165, -102, 278, 341, 380, -1112, 
-224, -258, -34, 241, -95, -146, 165, -97, 287, 346, 380, -1112, 
-224, -258, -34, 241, -95, -146, 170, -92, 287, 356, 380, -1112, 
-224, -253, -29, 239, -97, -141, 185, -87, 287, 351, 385, -1107, 
-219, -253, -34, 236, -92, -143, 185, -82, 287, 351, 385, -1102, 
-219, -253, -34, 236, -92, -143, 180, -78, 292, 351, 385, -1098, 
-219, -248, -29, 234, -95, -139, 180, -68, 292, 356, 385, -1093, 
-209, -239, -29, 224, -90, -134, 180, -68, 297, 356, 385, -1102, 
-209, -244, -34, 226, -87, -139, 180, -68, 297, 356, 385, -1102, 
-209, -248, -39, 229, -85, -143, 180, -63, 292, 356, 385, -1102, 
-209, -248, -39, 229, -85, -143, 185, -58, 292, 356, 385, -1102, 
-200, -234, -34, 217, -82, -134, 185, -68, 302, 361, 375, -1102, 
-204, -234, -29, 219, -87, -131, 185, -68, 307, 361, 375, -1098, 
-204, -234, -29, 219, -87, -131, 190, -63, 307, 361, 375, -1098, 
-204, -234, -29, 219, -87, -131, 195, -58, 312, 361, 380, -1093, 
-200, -234, -34, 217, -82, -134, 185, -58, 312, 370, 390, -1093, 
-200, -234, -34, 217, -82, -134, 185, -53, 317, 370, 390, -1098, 
-204, -234, -29, 219, -87, -131, 185, -48, 322, 370, 385, -1098, 
-204, -234, -29, 219, -87, -131, 185, -43, 326, 375, 385, -1093, 
-200, -234, -34, 217, -82, -134, 185, -29, 326, 375, 395, -1083, 
-200, -234, -34, 217, -82, -134, 190, -24, 331, 380, 400, -1083, 
-200, -229, -29, 214, -85, -129, 195, -24, 336, 380, 400, -1083, 
-200, -229, -29, 214, -85, -129, 204, -19, 341, 385, 405, -1083, 
-200, -234, -34, 217, -82, -134, 204, -24, 346, 375, 395, -1093, 
-200, -234, -34, 217, -82, -134, 204, -19, 351, 375, 395, -1093, 
-200, -234, -34, 217, -82, -134, 204, -14, 356, 380, 395, -1088, 
-200, -234, -34, 217, -82, -134, 209, -9, 361, 380, 400, -1088, 
-200, -224, -24, 212, -87, -124, 224, -14, 361, 385, 419, -1088, 
-195, -224, -29, 209, -82, -126, 224, -9, 370, 385, 409, -1088, 
-190, -214, -24, 202, -82, -119, 224, -4, 375, 385, 409, -1088, 
-185, -209, -24, 197, -80, -117, 234, 0, 380, 395, 414, -1083, 
-195, -209, -14, 202, -90, -112, 239, 9, 395, 409, 419, -1068, 
-195, -209, -14, 202, -90, -112, 239, 14, 400, 409, 419, -1068, 
-195, -204, -9, 200, -92, -107, 239, 29, 409, 409, 419, -1068, 
-200, -204, -4, 202, -97, -104, 244, 34, 414, 409, 424, -1068, 
-200, -209, -9, 204, -95, -109, 234, 53, 409, 405, 414, -1078, 
-195, -209, -14, 202, -90, -112, 239, 63, 424, 405, 414, -1078, 
-195, -204, -9, 200, -92, -107, 244, 68, 429, 414, 419, -1073, 
-190, -200, -9, 195, -90, -104, 244, 73, 434, 414, 419, -1073, 
-180, -195, -14, 187, -82, -104, 253, 87, 444, 424, 434, -1073, 
-180, -185, -4, 183, -87, -95, 258, 97, 458, 424, 434, -1063, 
-175, -180, -4, 178, -85, -92, 258, 107, 463, 429, 439, -1058, 
-175, -170, 4, 173, -90, -82, 263, 117, 468, 429, 439, -1054, 
-185, -180, 4, 183, -95, -87, 273, 136, 478, 439, 444, -1054, 
-185, -180, 4, 183, -95, -87, 273, 146, 483, 439, 444, -1054, 
-180, -175, 4, 178, -92, -85, 278, 151, 492, 444, 448, -1054, 
-175, -170, 4, 173, -90, -82, 283, 161, 497, 453, 448, -1054, 
-185, -165, 19, 175, -102, -73, 292, 180, 502, 458, 458, -1049, 
-180, -161, 19, 170, -100, -70, 292, 190, 507, 458, 458, -1044, 
-175, -156, 19, 165, -97, -68, 297, 200, 512, 458, 463, -1039, 
-175, -156, 19, 165, -97, -68, 297, 214, 517, 463, 463, -1034, 
-156, -165, -9, 161, -73, -87, 287, 219, 522, 463, 463, -1034, 
-151, -156, -4, 153, -73, -80, 287, 224, 522, 468, 468, -1029, 
-146, -151, -4, 148, -70, -78, 287, 224, 527, 468, 468, -1029, 
-146, -146, 0, 146, -73, -73, 287, 229, 531, 468, 468, -1029, 
-126, -136, -9, 131, -58, -73, 278, 229, 536, 478, 478, -1029, 
-117, -122, -4, 119, -56, -63, 283, 229, 536, 483, 478, -1024, 
-107, -107, 0, 107, -53, -53, 283, 234, 541, 483, 483, -1024, 
-92, -92, 0, 92, -46, -46, 278, 244, 546, 483, 488, -1019, 
-102, -112, -9, 107, -46, -61, 273, 258, 536, 483, 492, -1019, 
-117, -122, -4, 119, -56, -63, 273, 258, 536, 483, 497, -1015, 
-131, -126, 4, 129, -68, -61, 273, 263, 531, 483, 497, -1010, 
-136, -136, 0, 136, -68, -68, 273, 263, 527, 483, 497, -1010, 
-126, -131, -4, 129, -61, -68, 273, 253, 527, 478, 497, -1010, 
-126, -131, -4, 129, -61, -68, 263, 253, 522, 473, 497, -1010, 
-117, -131, -14, 124, -51, -73, 263, 248, 522, 473, 497, -1010, 
-117, -126, -9, 122, -53, -68, 258, 244, 517, 473, 497, -1010, 
-97, -112, -14, 104, -41, -63, 263, 253, 507, 473, 502, -1005, 
-92, -112, -19, 102, -36, -65, 258, 248, 502, 473, 507, -995, 
-92, -107, -14, 100, -39, -61, 248, 248, 492, 473, 507, -995, 
-92, -107, -14, 100, -39, -61, 239, 234, 483, 468, 507, -995, 
-102, -102, 0, 102, -51, -51, 234, 239, 473, 463, 507, -990, 
-97, -107, -9, 102, -43, -58, 234, 224, 463, 463, 507, -990, 
-97, -107, -9, 102, -43, -58, 224, 209, 453, 458, 507, -990, 
-102, -107, -4, 104, -48, -56, 219, 204, 448, 458, 502, -990, 
-97, -107, -9, 102, -43, -58, 219, 185, 429, 453, 502, -1000, 
-92, -107, -14, 100, -39, -61, 204, 165, 414, 448, 502, -1000, 
-87, -107, -19, 97, -34, -63, 195, 151, 400, 444, 502, -1000, 
-82, -107, -24, 95, -29, -65, 190, 131, 390, 439, 497, -1005, 
-92, -112, -19, 102, -36, -65, 175, 131, 390, 434, 497, -995, 
-97, -117, -19, 107, -39, -68, 175, 122, 380, 434, 492, -995, 
-102, -122, -19, 112, -41, -70, 165, 102, 366, 429, 488, -995, 
-102, -122, -19, 112, -41, -70, 165, 87, 356, 424, 483, -995, 
-102, -136, -34, 119, -34, -85, 161, 63, 336, 409, 473, -1005, 
-112, -136, -24, 124, -43, -80, 161, 48, 326, 405, 473, -1010, 
-112, -146, -34, 129, -39, -90, 156, 34, 317, 400, 468, -1010, 
-117, -146, -29, 131, -43, -87, 156, 19, 307, 400, 463, -1019, 
-122, -161, -39, 141, -41, -100, 161, 0, 292, 380, 458, -1015, 
-126, -170, -43, 148, -41, -107, 151, -14, 287, 375, 453, -1015, 
-126, -170, -43, 148, -41, -107, 146, -19, 278, 375, 453, -1015, 
-126, -170, -43, 148, -41, -107, 141, -34, 278, 366, 448, -1024, 
-122, -161, -39, 141, -41, -100, 141, -34, 278, 370, 453, -1024, 
-126, -161, -34, 143, -46, -97, 141, -43, 268, 370, 448, -1024, 
-126, -161, -34, 143, -46, -97, 136, -58, 263, 361, 444, -1029, 
-122, -161, -39, 141, -41, -100, 131, -63, 263, 361, 444, -1034, 
-141, -165, -24, 153, -58, -95, 117, -73, 253, 356, 439, -1034, 
-146, -175, -29, 161, -58, -102, 117, -87, 248, 356, 434, -1039, 
-161, -185, -24, 173, -68, -104, 112, -92, 248, 351, 429, -1044, 
-175, -195, -19, 185, -78, -107, 112, -102, 244, 351, 429, -1044, 
-175, -209, -34, 192, -70, -122, 112, -97, 239, 346, 424, -1044, 
-180, -209, -29, 195, -75, -119, 112, -107, 239, 346, 419, -1049, 
-180, -214, -34, 197, -73, -124, 117, -112, 239, 346, 419, -1049, 
-190, -219, -29, 204, -80, -124, 117, -122, 234, 346, 419, -1049, 
-200, -214, -14, 207, -92, -114, 117, -131, 229, 346, 419, -1049, 
-204, -214, -9, 209, -97, -112, 112, -141, 229, 346, 414, -1049, 
-209, -214, -4, 212, -102, -109, 102, -146, 229, 341, 414, -1058, 
-214, -214, 0, 214, -107, -107, 102, -146, 229, 341, 414, -1049, 
-204, -209, -4, 207, -100, -107, 117, -141, 229, 341, 414, -1049, 
-190, -204, -14, 197, -87, -109, 117, -141, 229, 341, 414, -1049, 
-180, -200, -19, 190, -80, -109, 117, -146, 224, 341, 414, -1054, 
-175, -200, -24, 187, -75, -112, 117, -146, 224, 336, 409, -1054, 
-161, -190, -29, 175, -65, -109, 112, -146, 219, 336, 409, -1058, 
-156, -195, -39, 175, -58, -117, 112, -146, 219, 331, 405, -1063, 
-156, -195, -39, 175, -58, -117, 112, -151, 219, 331, 405, -1063, 
-151, -190, -39, 170, -56, -114, 112, -156, 219, 331, 405, -1058, 
-161, -204, -43, 183, -58, -124, 112, -165, 219, 331, 405, -1058, 
-170, -214, -43, 192, -63, -129, 112, -165, 219, 331, 405, -1058, 
-190, -224, -34, 207, -78, -129, 112, -175, 219, 331, 405, -1058, 
-200, -229, -29, 214, -85, -129, 117, -175, 219, 331, 405, -1058, 
-190, -219, -29, 204, -80, -124, 117, -175, 224, 341, 405, -1068, 
-185, -214, -29, 200, -78, -122, 117, -175, 224, 341, 405, -1068, 
-185, -209, -24, 197, -80, -117, 117, -175, 224, 341, 405, -1073, 
-195, -209, -14, 202, -90, -112, 112, -175, 224, 341, 405, -1073, 
-204, -219, -14, 212, -95, -117, 102, -161, 214, 331, 400, -1063, 
-204, -219, -14, 212, -95, -117, 102, -161, 214, 331, 400, -1068, 
-204, -224, -19, 214, -92, -122, 107, -161, 209, 331, 400, -1068, 
-204, -224, -19, 214, -92, -122, 107, -170, 209, 331, 400, -1063, 
-214, -224, -9, 219, -102, -117, 117, -170, 200, 331, 409, -1063, 
-214, -224, -9, 219, -102, -117, 117, -170, 204, 331, 409, -1063, 
-214, -224, -9, 219, -102, -117, 117, -165, 209, 331, 409, -1063, 
-214, -224, -9, 219, -102, -117, 112, -165, 209, 331, 405, -1063, 
-214, -234, -19, 224, -97, -126, 102, -170, 209, 322, 395, -1078, 
-214, -234, -19, 224, -97, -126, 97, -175, 209, 322, 395, -1078, 
-214, -234, -19, 224, -97, -126, 97, -180, 209, 322, 400, -1078, 
-214, -234, -19, 224, -97, -126, 97, -185, 204, 317, 400, -1073, 
-204, -224, -19, 214, -92, -122, 102, -185, 214, 326, 400, -1073, 
-204, -224, -19, 214, -92, -122, 112, -190, 214, 326, 400, -1073, 
-204, -219, -14, 212, -95, -117, 117, -195, 214, 331, 400, -1073, 
-204, -219, -14, 212, -95, -117, 122, -195, 214, 331, 400, -1073, 
-209, -234, -24, 222, -92, -129, 117, -185, 214, 331, 400, -1063, 
-219, -234, -14, 226, -102, -124, 117, -185, 219, 331, 400, -1063, 
-224, -234, -9, 229, -107, -122, 117, -185, 219, 331, 400, -1063, 
-229, -234, -4, 231, -112, -119, 117, -185, 219, 331, 400, -1063, 
-219, -219, 0, 219, -109, -109, 117, -185, 229, 331, 400, -1068, 
-219, -219, 0, 219, -109, -109, 117, -185, 229, 331, 405, -1068, 
-219, -219, 0, 219, -109, -109, 117, -180, 234, 336, 405, -1063, 
-219, -219, 0, 219, -109, -109, 117, -180, 239, 336, 405, -1063, 
-209, -209, 0, 209, -104, -104, 117, -180, 229, 326, 414, -1063, 
-209, -209, 0, 209, -104, -104, 117, -180, 229, 326, 414, -1063, 
-219, -214, 4, 217, -112, -104, 117, -180, 229, 326, 414, -1063, 
-209, -214, -4, 212, -102, -109, 112, -180, 229, 326, 414, -1063, 
-209, -204, 4, 207, -107, -100, 107, -170, 239, 331, 414, -1054, 
-209, -219, -9, 214, -100, -114, 102, -175, 244, 336, 414, -1054, 
-209, -219, -9, 214, -100, -114, 97, -175, 248, 341, 414, -1054, 
-209, -209, 0, 209, -104, -104, 92, -175, 248, 346, 414, -1054, 
-224, -214, 9, 219, -117, -102, 102, -185, 234, 341, 405, -1058, 
-224, -219, 4, 222, -114, -107, 107, -180, 234, 336, 405, -1063, 
-224, -224, 0, 224, -112, -112, 107, -180, 239, 341, 405, -1068, 
-219, -224, -4, 222, -107, -114, 107, -180, 239, 336, 405, -1073, 
-204, -214, -9, 209, -97, -112, 122, -190, 239, 336, 414, -1063, 
-200, -209, -9, 204, -95, -109, 122, -190, 239, 336, 414, -1063, 
-195, -209, -14, 202, -90, -112, 126, -185, 239, 336, 414, -1063, 
-190, -214, -24, 202, -82, -119, 131, -180, 244, 336, 414, -1063, 
-195, -214, -19, 204, -87, -117, 141, -170, 248, 346, 419, -1058, 
-200, -214, -14, 207, -92, -114, 136, -175, 248, 346, 419, -1054, 
-204, -214, -9, 209, -97, -112, 136, -175, 248, 346, 419, -1054, 
-209, -214, -4, 212, -102, -109, 136, -170, 253, 351, 419, -1054, 
-200, -204, -4, 202, -97, -104, 126, -165, 253, 351, 424, -1054, 
-200, -204, -4, 202, -97, -104, 122, -165, 253, 351, 424, -1054, 
-204, -204, 0, 204, -102, -102, 122, -165, 253, 356, 424, -1058, 
-204, -204, 0, 204, -102, -102, 122, -165, 258, 356, 424, -1058, 
-209, -209, 0, 209, -104, -104, 112, -156, 258, 346, 414, -1058, 
-209, -209, 0, 209, -104, -104, 112, -156, 253, 346, 414, -1058, 
-209, -209, 0, 209, -104, -104, 112, -161, 253, 346, 414, -1058, 
-209, -209, 0, 209, -104, -104, 117, -161, 253, 346, 414, -1058, 
-219, -209, 9, 214, -114, -100, 126, -151, 258, 356, 424, -1058, 
-219, -214, 4, 217, -112, -104, 126, -141, 258, 351, 419, -1058, 
-224, -224, 0, 224, -112, -112, 126, -141, 258, 351, 419, -1058, 
-224, -229, -4, 226, -109, -117, 126, -146, 258, 351, 419, -1054, 
-209, -224, -14, 217, -97, -119, 126, -156, 268, 351, 424, -1044, 
-209, -219, -9, 214, -100, -114, 126, -151, 268, 351, 424, -1044, 
-209, -214, -4, 212, -102, -109, 126, -151, 263, 351, 424, -1044, 
-209, -209, 0, 209, -104, -104, 126, -151, 263, 351, 424, -1044, 
-209, -209, 0, 209, -104, -104, 136, -146, 268, 361, 434, -1044, 
-209, -209, 0, 209, -104, -104, 136, -146, 268, 361, 434, -1044, 
-209, -209, 0, 209, -104, -104, 136, -146, 263, 361, 434, -1044, 
-209, -209, 0, 209, -104, -104, 136, -146, 263, 366, 434, -1044, 
-209, -214, -4, 212, -102, -109, 136, -136, 263, 356, 439, -1049, 
-214, -214, 0, 214, -107, -107, 131, -131, 263, 356, 439, -1049, 
-219, -214, 4, 217, -112, -104, 131, -131, 263, 356, 439, -1049, 
-224, -219, 4, 222, -114, -107, 131, -136, 263, 356, 434, -1049, 
-214, -219, -4, 217, -104, -112, 131, -146, 263, 346, 424, -1049, 
-214, -219, -4, 217, -104, -112, 131, -146, 263, 346, 424, -1054, 
-214, -219, -4, 217, -104, -112, 131, -146, 263, 346, 424, -1054, 
-219, -219, 0, 219, -109, -109, 131, -146, 263, 346, 424, -1054, 
-214, -214, 0, 214, -107, -107, 126, -156, 248, 346, 424, -1054, 
-209, -214, -4, 212, -102, -109, 131, -156, 248, 346, 424, -1054, 
-204, -214, -9, 209, -97, -112, 131, -156, 248, 346, 424, -1054, 
-195, -209, -14, 202, -90, -112, 131, -161, 248, 341, 424, -1054, 
-195, -209, -14, 202, -90, -112, 122, -151, 248, 341, 424, -1063, 
-200, -209, -9, 204, -95, -109, 117, -156, 248, 346, 424, -1063, 
-200, -209, -9, 204, -95, -109, 117, -156, 248, 346, 424, -1063, 
-195, -209, -14, 202, -90, -112, 112, -156, 244, 341, 424, -1063, 
-195, -219, -24, 207, -85, -122, 107, -156, 244, 346, 424, -1054, 
-200, -219, -19, 209, -90, -119, 107, -156, 244, 346, 424, -1054, 
-209, -219, -9, 214, -100, -114, 107, -156, 244, 341, 424, -1054, 
-214, -219, -4, 217, -104, -112, 107, -156, 239, 341, 424, -1054, 
-209, -219, -9, 214, -100, -114, 97, -146, 239, 341, 429, -1054, 
-209, -219, -9, 214, -100, -114, 97, -156, 234, 336, 429, -1054, 
-219, -224, -4, 222, -107, -114, 102, -156, 234, 336, 429, -1054, 
-219, -224, -4, 222, -107, -114, 102, -156, 234, 336, 429, -1054, 
-219, -224, -4, 222, -107, -114, 112, -165, 244, 336, 414, -1054, 
-219, -224, -4, 222, -107, -114, 117, -175, 239, 336, 414, -1054, 
-219, -224, -4, 222, -107, -114, 122, -175, 239, 336, 414, -1054, 
-219, -224, -4, 222, -107, -114, 131, -175, 239, 336, 414, -1054, 
-204, -214, -9, 209, -97, -112, 136, -165, 239, 336, 424, -1054, 
-204, -214, -9, 209, -97, -112, 141, -165, 239, 336, 424, -1054, 
-204, -219, -14, 212, -95, -117, 141, -161, 239, 336, 424, -1054, 
-204, -219, -14, 212, -95, -117, 136, -161, 239, 336, 424, -1054, 
-204, -204, 0, 204, -102, -102, 131, -170, 239, 336, 414, -1054, 
-204, -200, 4, 202, -104, -97, 117, -170, 239, 336, 414, -1054, 
-204, -200, 4, 202, -104, -97, 112, -170, 234, 336, 414, -1054, 
-204, -200, 4, 202, -104, -97, 107, -175, 234, 336, 419, -1054, 
-195, -195, 0, 195, -97, -97, 112, -161, 244, 346, 429, -1044, 
-195, -195, 0, 195, -97, -97, 117, -156, 248, 346, 429, -1044, 
-195, -190, 4, 192, -100, -92, 126, -151, 248, 341, 429, -1044, 
-195, -190, 4, 192, -100, -92, 131, -146, 248, 341, 429, -1044, 
-209, -195, 14, 202, -112, -90, 131, -156, 239, 346, 424, -1054, 
-209, -200, 9, 204, -109, -95, 131, -156, 234, 346, 419, -1054, 
-209, -204, 4, 207, -107, -100, 131, -156, 234, 346, 419, -1054, 
-209, -209, 0, 209, -104, -104, 131, -161, 234, 346, 419, -1054, 
-224, -214, 9, 219, -117, -102, 122, -165, 219, 336, 409, -1063, 
-219, -219, 0, 219, -109, -109, 112, -170, 219, 331, 409, -1063, 
-224, -224, 0, 224, -112, -112, 107, -175, 224, 326, 414, -1063, 
-229, -234, -4, 231, -112, -119, 107, -175, 224, 322, 414, -1063, 
-229, -224, 4, 226, -117, -109, 117, -175, 224, 322, 414, -1054, 
-229, -224, 4, 226, -117, -109, 122, -175, 224, 322, 414, -1054, 
-224, -224, 0, 224, -112, -112, 122, -175, 224, 322, 414, -1054, 
-219, -219, 0, 219, -109, -109, 122, -175, 224, 322, 414, -1054, 
-234, -224, 9, 229, -122, -107, 122, -175, 229, 331, 414, -1054, 
-239, -229, 9, 234, -124, -109, 122, -175, 229, 331, 414, -1054, 
-244, -234, 9, 239, -126, -112, 117, -175, 229, 326, 409, -1054, 
-248, -244, 4, 246, -126, -119, 107, -175, 229, 326, 409, -1058, 
-239, -244, -4, 241, -117, -124, 107, -185, 214, 317, 409, -1068, 
-239, -244, -4, 241, -117, -124, 107, -185, 214, 317, 409, -1068, 
-239, -248, -9, 244, -114, -129, 102, -190, 214, 317, 409, -1068, 
-239, -248, -9, 244, -114, -129, 102, -190, 214, 317, 409, -1068, 
-239, -239, 0, 239, -119, -119, 112, -180, 219, 317, 409, -1058, 
-239, -234, 4, 236, -122, -114, 112, -180, 219, 317, 409, -1058, 
-234, -234, 0, 234, -117, -117, 112, -180, 214, 317, 409, -1054, 
-229, -239, -9, 234, -109, -124, 112, -180, 214, 317, 414, -1054, 
-229, -239, -9, 234, -109, -124, 112, -185, 224, 307, 424, -1054, 
-224, -239, -14, 231, -104, -126, 112, -185, 224, 312, 424, -1054, 
-224, -239, -14, 231, -104, -126, 112, -185, 224, 312, 424, -1054, 
-224, -239, -14, 231, -104, -126, 122, -185, 224, 312, 419, -1054, 
-234, -239, -4, 236, -114, -122, 122, -180, 224, 322, 419, -1063, 
-234, -239, -4, 236, -114, -122, 112, -180, 224, 322, 419, -1063, 
-234, -239, -4, 236, -114, -122, 112, -180, 224, 317, 419, -1063, 
-239, -239, 0, 239, -119, -119, 112, -180, 224, 317, 419, -1063, 
-229, -234, -4, 231, -112, -119, 112, -175, 234, 317, 424, -1063, 
-229, -234, -4, 231, -112, -119, 112, -175, 234, 317, 424, -1063, 
-224, -234, -9, 229, -107, -122, 112, -175, 234, 317, 424, -1063, 
-224, -234, -9, 229, -107, -122, 112, -170, 234, 322, 419, -1063, 
-214, -229, -14, 222, -100, -122, 102, -180, 229, 322, 419, -1054, 
-214, -224, -9, 219, -102, -117, 102, -180, 229, 322, 419, -1054, 
-214, -219, -4, 217, -104, -112, 102, -185, 229, 322, 419, -1054, 
-214, -214, 0, 214, -107, -107, 102, -185, 229, 317, 419, -1054, 
-224, -224, 0, 224, -112, -112, 112, -185, 219, 312, 419, -1063, 
-224, -224, 0, 224, -112, -112, 112, -190, 219, 312, 419, -1063, 
-224, -224, 0, 224, -112, -112, 112, -200, 219, 312, 419, -1063, 
-219, -224, -4, 222, -107, -114, 112, -204, 219, 312, 419, -1063, 
-224, -219, 4, 222, -114, -107, 122, -190, 229, 322, 429, -1054, 
-234, -219, 14, 226, -124, -102, 122, -185, 229, 322, 429, -1054, 
-239, -214, 24, 226, -131, -95, 126, -180, 229, 322, 429, -1054, 
-244, -214, 29, 229, -136, -92, 126, -180, 234, 326, 429, -1054, 
-224, -204, 19, 214, -122, -92, 136, -161, 234, 326, 439, -1039, 
-209, -204, 4, 207, -107, -100, 131, -175, 229, 317, 429, -1039, 
-200, -195, 4, 197, -102, -95, 117, -185, 224, 317, 419, -1049, 
-204, -214, -9, 209, -97, -112, 107, -175, 224, 312, 419, -1054, 
-219, -229, -9, 224, -104, -119, 107, -175, 224, 312, 419, -1054, 
-224, -234, -9, 229, -107, -122, 107, -175, 224, 312, 419, -1054, 
-229, -239, -9, 234, -109, -124, 107, -175, 224, 312, 419, -1054, 
-234, -244, -9, 239, -112, -126, 107, -175, 224, 312, 419, -1054, 
-244, -234, 9, 239, -126, -112, 107, -185, 224, 322, 419, -1054, 
-244, -234, 9, 239, -126, -112, 107, -185, 224, 322, 419, -1054, 
-244, -234, 9, 239, -126, -112, 107, -185, 224, 322, 419, -1054, 
-244, -234, 9, 239, -126, -112, 107, -185, 224, 322, 419, -1054, 
-229, -229, 0, 229, -114, -114, 107, -185, 224, 322, 419, -1054, 
-224, -224, 0, 224, -112, -112, 107, -185, 224, 322, 419, -1054, 
-219, -219, 0, 219, -109, -109, 107, -185, 224, 322, 419, -1054, 
-214, -214, 0, 214, -107, -107, 107, -185, 224, 322, 419, -1054, 
-224, -224, 0, 224, -112, -112, 117, -195, 224, 322, 429, -1044, 
-224, -224, 0, 224, -112, -112, 117, -195, 224, 322, 429, -1044, 
-224, -224, 0, 224, -112, -112, 117, -195, 224, 322, 429, -1044, 
-224, -224, 0, 224, -112, -112, 117, -195, 224, 322, 429, -1044, 
-229, -229, 0, 229, -114, -114, 126, -185, 224, 312, 429, -1044, 
-234, -234, 0, 234, -117, -117, 126, -185, 224, 312, 429, -1044, 
-239, -239, 0, 239, -119, -119, 126, -185, 224, 312, 429, -1044, 
-244, -244, 0, 244, -122, -122, 126, -185, 224, 312, 429, -1044, 
-244, -234, 9, 239, -126, -112, 122, -195, 224, 312, 419, -1054, 
-244, -234, 9, 239, -126, -112, 117, -195, 224, 312, 419, -1054, 
-244, -234, 9, 239, -126, -112, 112, -195, 224, 312, 419, -1054, 
-244, -234, 9, 239, -126, -112, 107, -195, 224, 312, 419, -1054, 
-234, -234, 0, 234, -117, -117, 117, -185, 234, 322, 429, -1054, 
-234, -234, 0, 234, -117, -117, 117, -185, 234, 322, 429, -1054, 
-234, -234, 0, 234, -117, -117, 117, -185, 234, 322, 429, -1054, 
-234, -234, 0, 234, -117, -117, 117, -185, 234, 322, 429, -1054, 
-244, -234, 9, 239, -126, -112, 126, -185, 224, 322, 429, -1054, 
-244, -234, 9, 239, -126, -112, 126, -185, 224, 322, 429, -1054, 
-244, -234, 9, 239, -126, -112, 126, -185, 224, 322, 429, -1054, 
-244, -234, 9, 239, -126, -112, 126, -185, 224, 322, 429, -1054, 
-244, -234, 9, 239, -126, -112, 122, -175, 224, 312, 429, -1054, 
-244, -234, 9, 239, -126, -112, 117, -175, 224, 312, 429, -1054, 
-244, -234, 9, 239, -126, -112, 112, -175, 224, 312, 429, -1054, 
-244, -234, 9, 239, -126, -112, 107, -175, 224, 312, 429, -1054, 
-234, -224, 9, 229, -122, -107, 107, -185, 224, 312, 419, -1054, 
-234, -224, 9, 229, -122, -107, 107, -185, 224, 312, 419, -1054, 
-234, -224, 9, 229, -122, -107, 107, -185, 224, 312, 419, -1054, 
-234, -224, 9, 229, -122, -107, 107, -185, 224, 312, 419, -1054, 
-224, -224, 0, 224, -112, -112, 117, -185, 224, 312, 429, -1044, 
-224, -224, 0, 224, -112, -112, 117, -185, 224, 312, 429, -1044, 
-224, -224, 0, 224, -112, -112, 117, -185, 224, 312, 429, -1044, 
-224, -224, 0, 224, -112, -112, 117, -185, 224, 312, 429, -1044, 
-224, -224, 0, 224, -112, -112, 117, -185, 224, 322, 429, -1044, 
-224, -224, 0, 224, -112, -112, 117, -185, 224, 322, 429, -1044, 
-224, -224, 0, 224, -112, -112, 117, -185, 224, 322, 429, -1044, 
-224, -224, 0, 224, -112, -112, 117, -185, 224, 322, 429, -1044, 
-229, -224, 4, 226, -117, -109, 117, -195, 234, 322, 429, -1054, 
-234, -224, 9, 229, -122, -107, 117, -195, 234, 322, 429, -1054, 
-239, -224, 14, 231, -126, -104, 117, -195, 234, 322, 429, -1054, 
-244, -224, 19, 234, -131, -102, 117, -195, 234, 322, 429, -1054, 
-239, -214, 24, 226, -131, -95, 126, -185, 224, 322, 429, -1044, 
-234, -214, 19, 224, -126, -97, 126, -185, 224, 322, 429, -1044, 
-229, -214, 14, 222, -122, -100, 126, -185, 224, 322, 429, -1044, 
-224, -214, 9, 219, -117, -102, 126, -185, 224, 322, 429, -1044, 
-224, -214, 9, 219, -117, -102, 117, -185, 234, 312, 429, -1044, 
-224, -214, 9, 219, -117, -102, 117, -185, 234, 312, 429, -1044, 
-224, -214, 9, 219, -117, -102, 117, -185, 234, 312, 429, -1044, 
-224, -214, 9, 219, -117, -102, 117, -185, 234, 312, 429, -1044, 
-234, -204, 29, 219, -131, -87, 126, -190, 244, 317, 439, -1044, 
-234, -204, 29, 219, -131, -87, 126, -195, 244, 322, 439, -1044, 
-234, -204, 29, 219, -131, -87, 126, -200, 244, 326, 439, -1044, 
-234, -204, 29, 219, -131, -87, 126, -204, 244, 331, 439, -1044, 
-224, -200, 24, 212, -124, -87, 136, -190, 253, 341, 448, -1034, 
-224, -195, 29, 209, -126, -82, 136, -185, 253, 341, 448, -1034, 
-224, -190, 34, 207, -129, -78, 136, -180, 253, 341, 448, -1034, 
-224, -185, 39, 204, -131, -73, 136, -175, 253, 341, 448, -1034, 
-224, -185, 39, 204, -131, -73, 136, -165, 263, 351, 448, -1024, 
-224, -185, 39, 204, -131, -73, 136, -165, 263, 351, 448, -1024, 
-224, -185, 39, 204, -131, -73, 136, -165, 263, 351, 448, -1024, 
-224, -185, 39, 204, -131, -73, 136, -165, 263, 351, 448, -1024, 
-214, -180, 34, 197, -124, -73, 126, -165, 273, 351, 458, -1024, 
-214, -175, 39, 195, -126, -68, 126, -165, 273, 351, 458, -1024, 
-214, -170, 43, 192, -129, -63, 126, -165, 273, 351, 458, -1024, 
-214, -165, 48, 190, -131, -58, 126, -165, 273, 351, 458, -1024, 
-214, -165, 48, 190, -131, -58, 117, -175, 273, 351, 468, -1015, 
-214, -165, 48, 190, -131, -58, 117, -175, 273, 351, 468, -1015, 
-214, -165, 48, 190, -131, -58, 117, -175, 273, 351, 468, -1015, 
-214, -165, 48, 190, -131, -58, 117, -175, 273, 351, 468, -1015, 
-214, -175, 39, 195, -126, -68, 107, -175, 273, 351, 468, -1015, 
-214, -175, 39, 195, -126, -68, 107, -175, 273, 351, 468, -1015, 
-214, -175, 39, 195, -126, -68, 107, -175, 273, 351, 468, -1015, 
-204, -175, 29, 190, -117, -73, 107, -175, 273, 351, 468, -1015, 
-214, -180, 34, 197, -124, -73, 102, -175, 263, 351, 458, -1024, 
-214, -180, 34, 197, -124, -73, 102, -175, 258, 351, 458, -1024, 
-209, -180, 29, 195, -119, -75, 102, -175, 258, 351, 458, -1024, 
-209, -175, 34, 192, -122, -70, 102, -180, 258, 351, 458, -1019, 
-214, -175, 39, 195, -126, -68, 87, -195, 253, 351, 458, -1019, 
-209, -180, 29, 195, -119, -75, 87, -204, 248, 346, 458, -1024, 
-204, -180, 24, 192, -114, -78, 87, -204, 248, 346, 458, -1024, 
-195, -180, 14, 187, -104, -82, 78, -209, 239, 341, 458, -1024, 
-204, -175, 29, 190, -117, -73, 78, -209, 234, 331, 453, -1015, 
-209, -180, 29, 195, -119, -75, 82, -214, 229, 331, 448, -1019, 
-209, -180, 29, 195, -119, -75, 87, -214, 229, 326, 444, -1019, 
-200, -180, 19, 190, -109, -80, 97, -214, 229, 326, 444, -1015, 
-195, -175, 19, 185, -107, -78, 87, -204, 229, 331, 439, -1015, 
-185, -170, 14, 178, -100, -78, 82, -195, 224, 331, 439, -1015, 
-175, -170, 4, 173, -90, -82, 82, -190, 224, 331, 439, -1015, 
-175, -180, -4, 178, -85, -92, 87, -180, 229, 331, 439, -1015, 
-180, -185, -4, 183, -87, -95, 78, -180, 239, 331, 444, -1015, 
-180, -185, -4, 183, -87, -95, 78, -180, 239, 331, 448, -1015, 
-180, -180, 0, 180, -90, -90, 78, -175, 244, 331, 458, -1010, 
-170, -180, -9, 175, -80, -95, 82, -175, 244, 336, 463, -1010, 
-170, -170, 0, 170, -85, -85, 87, -175, 239, 336, 463, -1019, 
-175, -170, 4, 173, -90, -82, 92, -180, 239, 331, 463, -1019, 
-185, -180, 4, 183, -95, -87, 97, -180, 234, 331, 463, -1019, 
-195, -185, 9, 190, -102, -87, 102, -180, 234, 326, 458, -1024, 
-214, -200, 14, 207, -114, -92, 92, -185, 229, 317, 444, -1024, 
-234, -214, 19, 224, -126, -97, 102, -185, 234, 317, 444, -1029, 
-244, -219, 24, 231, -134, -97, 107, -190, 234, 317, 444, -1029, 
-248, -229, 19, 239, -134, -104, 107, -195, 229, 312, 439, -1034, 
-244, -229, 14, 236, -129, -107, 107, -200, 229, 312, 434, -1039, 
-239, -234, 4, 236, -122, -114, 107, -204, 219, 302, 429, -1044, 
-239, -234, 4, 236, -122, -114, 107, -204, 219, 302, 424, -1049, 
-239, -239, 0, 239, -119, -119, 107, -209, 214, 297, 424, -1049, 
-248, -248, 0, 248, -124, -124, 117, -214, 214, 307, 419, -1049, 
-253, -248, 4, 251, -129, -122, 117, -214, 209, 307, 419, -1049, 
-253, -248, 4, 251, -129, -122, 122, -204, 209, 307, 424, -1049, 
-244, -248, -4, 246, -119, -126, 122, -204, 209, 307, 424, -1049, 
-244, -248, -4, 246, -119, -126, 107, -195, 209, 307, 424, -1054, 
-248, -244, 4, 246, -126, -119, 107, -195, 209, 312, 424, -1049, 
-248, -244, 4, 246, -126, -119, 107, -190, 209, 312, 424, -1049, 
-248, -244, 4, 246, -126, -119, 112, -190, 209, 312, 424, -1049, 
-258, -244, 14, 251, -136, -114, 117, -190, 209, 302, 424, -1049, 
-258, -244, 14, 251, -136, -114, 117, -195, 214, 302, 419, -1054, 
-253, -244, 9, 248, -131, -117, 117, -195, 214, 302, 419, -1054, 
-253, -244, 9, 248, -131, -117, 112, -195, 214, 297, 424, -1058, 
-248, -234, 14, 241, -131, -109, 122, -195, 214, 297, 424, -1049, 
-244, -229, 14, 236, -129, -107, 122, -195, 214, 302, 424, -1049, 
-239, -229, 9, 234, -124, -109, 122, -195, 214, 302, 424, -1049, 
-234, -229, 4, 231, -119, -112, 122, -195, 214, 297, 424, -1044, 
-244, -239, 4, 241, -124, -117, 131, -195, 214, 307, 424, -1044, 
-244, -239, 4, 241, -124, -117, 131, -195, 219, 312, 429, -1044, 
-244, -239, 4, 241, -124, -117, 141, -190, 219, 312, 429, -1044, 
-244, -239, 4, 241, -124, -117, 141, -190, 219, 312, 429, -1044, 
-239, -229, 9, 234, -124, -109, 136, -190, 219, 302, 419, -1044, 
-239, -229, 9, 234, -124, -109, 131, -195, 214, 302, 419, -1044, 
-239, -229, 9, 234, -124, -109, 131, -195, 214, 302, 419, -1044, 
-239, -229, 9, 234, -124, -109, 126, -195, 219, 302, 419, -1044, 
-244, -239, 4, 241, -124, -117, 126, -195, 219, 302, 419, -1054, 
-253, -244, 9, 248, -131, -117, 122, -195, 219, 302, 419, -1054, 
-258, -244, 14, 251, -136, -114, 122, -190, 219, 302, 419, -1054, 
-263, -248, 14, 256, -139, -117, 122, -190, 219, 302, 419, -1054, 
-248, -248, 0, 248, -124, -124, 131, -200, 219, 297, 419, -1054, 
-244, -244, 0, 244, -122, -122, 131, -200, 219, 297, 419, -1054, 
-244, -239, 4, 241, -124, -117, 131, -200, 214, 297, 419, -1054, 
-239, -234, 4, 236, -122, -114, 131, -200, 214, 297, 419, -1054, 
-248, -234, 14, 241, -131, -109, 122, -190, 214, 302, 429, -1054, 
-244, -234, 9, 239, -126, -112, 122, -185, 214, 302, 429, -1054, 
-239, -234, 4, 236, -122, -114, 122, -185, 219, 302, 429, -1054, 
-239, -234, 4, 236, -122, -114, 122, -190, 219, 302, 429, -1054, 
-239, -229, 9, 234, -124, -109, 131, -190, 229, 312, 439, -1044, 
-239, -229, 9, 234, -124, -109, 131, -190, 229, 307, 439, -1044, 
-239, -229, 9, 234, -124, -109, 131, -190, 229, 307, 439, -1044, 
-239, -229, 9, 234, -124, -109, 136, -190, 229, 312, 439, -1044, 
-239, -229, 9, 234, -124, -109, 136, -190, 229, 312, 439, -1044, 
-239, -229, 9, 234, -124, -109, 131, -190, 229, 312, 439, -1044, 
-244, -229, 14, 236, -129, -107, 131, -190, 229, 312, 439, -1044, 
-244, -229, 14, 236, -129, -107, 136, -190, 229, 312, 439, -1044, 
-253, -229, 24, 241, -139, -102, 136, -180, 229, 312, 439, -1044, 
-253, -224, 29, 239, -141, -97, 131, -175, 234, 312, 439, -1039, 
-248, -224, 24, 236, -136, -100, 131, -175, 234, 317, 439, -1039, 
-248, -224, 24, 236, -136, -100, 136, -180, 234, 322, 439, -1039, 
-248, -234, 14, 241, -131, -109, 126, -180, 244, 312, 444, -1039, 
-248, -234, 14, 241, -131, -109, 126, -180, 244, 312, 444, -1039, 
-253, -234, 19, 244, -136, -107, 126, -180, 244, 312, 439, -1039, 
-253, -239, 14, 246, -134, -112, 126, -180, 239, 307, 439, -1039, 
-248, -234, 14, 241, -131, -109, 131, -180, 229, 302, 429, -1049, 
-258, -244, 14, 251, -136, -114, 146, -190, 219, 297, 419, -1058, 
-283, -253, 29, 268, -156, -112, 161, -195, 219, 292, 409, -1068, 
-283, -253, 29, 268, -156, -112, 161, -209, 224, 292, 409, -1068, 
-283, -248, 34, 265, -158, -107, 170, -200, 253, 317, 419, -1068, 
-268, -248, 19, 258, -143, -114, 170, -190, 297, 351, 444, -1058, 
-273, -258, 14, 265, -143, -122, 165, -180, 351, 385, 453, -1054, 
-258, -268, -9, 263, -124, -139, 146, -156, 390, 409, 468, -1039, 
-224, -248, -24, 236, -100, -136, 112, -102, 478, 478, 522, -1015, 
-161, -195, -34, 178, -63, -114, 68, -14, 624, 605, 605, -966, 
-87, -112, -24, 100, -31, -68, 19, 63, 790, 761, 712, -912, 
-24, -58, -34, 41, 4, -46, -53, 117, 932, 897, 814, -858, 
43, 9, -34, -26, 39, -12, -122, 204, 1088, 1049, 927, -800, 
146, 92, -53, -119, 100, 19, -170, 336, 1268, 1239, 1063, -717, 
258, 195, -63, -226, 161, 65, -209, 478, 1395, 1405, 1205, -619, 
366, 297, -68, -331, 217, 114, -273, 580, 1429, 1522, 1317, -527, 
468, 375, -92, -422, 280, 141, -356, 634, 1390, 1586, 1400, -458, 
531, 414, -117, -473, 324, 148, -405, 658, 1327, 1595, 1444, -414, 
566, 424, -141, -495, 353, 141, -453, 624, 1229, 1546, 1434, -395, 
575, 409, -165, -492, 370, 122, -507, 527, 1024, 1405, 1376, -409, 
541, 351, -190, -446, 366, 80, -536, 390, 766, 1200, 1244, -468, 
468, 248, -219, -358, 344, 14, -527, 214, 512, 966, 1088, -541, 
395, 146, -248, -270, 322, -51, -512, 9, 248, 722, 927, -619, 
326, 14, -312, -170, 319, -148, -497, -204, -14, 492, 766, -707, 
248, -126, -375, -61, 312, -251, -453, -356, -273, 268, 595, -810, 
180, -268, -448, 43, 314, -358, -385, -458, -502, 53, 444, -893, 
112, -361, -473, 124, 292, -417, -307, -492, -624, -92, 331, -951, 
48, -366, -414, 158, 231, -390, -214, -463, -595, -112, 297, -980, 
9, -336, -346, 163, 178, -341, -141, -409, -473, -73, 317, -990, 
-14, -302, -287, 158, 136, -295, -73, -356, -336, 4, 351, -980, 
-39, -258, -219, 148, 90, -239, -29, -283, -195, 97, 405, -961, 
-34, -200, -165, 117, 65, -183, -34, -239, -48, 185, 458, -946, 
-34, -165, -131, 100, 48, -148, -53, -219, 43, 253, 497, -932, 
-63, -156, -92, 109, 14, -124, -14, -190, 107, 297, 507, -932, 
-107, -165, -58, 136, -24, -112, 24, -161, 156, 326, 507, -936, 
-131, -175, -43, 153, -43, -109, 58, -151, 175, 331, 507, -941, 
-161, -185, -24, 173, -68, -104, 78, -146, 195, 331, 492, -961, 
-200, -195, 4, 197, -102, -95, 97, -136, 214, 322, 478, -980, 
-214, -195, 19, 204, -117, -87, 117, -136, 229, 322, 473, -990, 
-209, -190, 19, 200, -114, -85, 131, -146, 239, 326, 468, -1005, 
-214, -190, 24, 202, -119, -82, 141, -151, 239, 322, 458, -1010, 
-219, -214, 4, 217, -112, -104, 151, -156, 244, 322, 458, -1024, 
-224, -224, 0, 224, -112, -112, 156, -156, 244, 322, 458, -1024, 
-229, -229, 0, 229, -114, -114, 156, -161, 244, 312, 453, -1024, 
-234, -229, 4, 231, -119, -112, 156, -165, 234, 307, 444, -1024, 
-224, -224, 0, 224, -112, -112, 156, -156, 234, 317, 453, -1019, 
-234, -214, 19, 224, -126, -97, 156, -156, 239, 317, 453, -1019, 
-234, -209, 24, 222, -129, -92, 161, -156, 248, 322, 453, -1019, 
-239, -204, 34, 222, -136, -85, 161, -156, 248, 322, 448, -1019, 
-248, -204, 43, 226, -146, -80, 161, -156, 253, 322, 448, -1029, 
-248, -209, 39, 229, -143, -85, 170, -156, 258, 322, 448, -1029, 
-248, -214, 34, 231, -141, -90, 175, -156, 258, 326, 448, -1024, 
-253, -214, 39, 234, -146, -87, 175, -156, 263, 326, 448, -1024, 
-248, -204, 43, 226, -146, -80, 180, -146, 273, 331, 458, -1029, 
-239, -200, 39, 219, -139, -80, 180, -136, 273, 331, 458, -1029, 
-234, -200, 34, 217, -134, -82, 180, -136, 268, 331, 458, -1024, 
-234, -200, 34, 217, -134, -82, 180, -136, 268, 331, 458, -1024, 
-244, -209, 34, 226, -139, -87, 170, -146, 268, 326, 448, -1034, 
-244, -209, 34, 226, -139, -87, 170, -146, 263, 322, 448, -1034, 
-244, -209, 34, 226, -139, -87, 170, -146, 258, 317, 448, -1034, 
-248, -214, 34, 231, -141, -90, 170, -146, 253, 312, 448, -1039, 
-253, -224, 29, 239, -141, -97, 161, -146, 263, 312, 439, -1039, 
-258, -224, 34, 241, -146, -95, 161, -146, 263, 312, 439, -1044, 
-263, -224, 39, 244, -151, -92, 161, -146, 263, 312, 439, -1044, 
-268, -239, 29, 253, -148, -104, 161, -146, 263, 312, 434, -1044, 
-273, -234, 39, 253, -156, -97, 151, -151, 253, 312, 434, -1044, 
-283, -239, 43, 261, -163, -97, 151, -151, 258, 312, 439, -1039, 
-287, -244, 43, 265, -165, -100, 151, -151, 258, 312, 439, -1039, 
-292, -248, 43, 270, -168, -102, 161, -151, 258, 317, 439, -1039, 
-278, -234, 43, 256, -161, -95, 175, -151, 268, 317, 448, -1029, 
-273, -229, 43, 251, -158, -92, 180, -151, 268, 317, 453, -1029, 
-268, -224, 43, 246, -156, -90, 185, -151, 268, 317, 453, -1024, 
-263, -219, 43, 241, -153, -87, 190, -151, 268, 317, 453, -1024, 
-273, -229, 43, 251, -158, -92, 185, -136, 268, 317, 453, -1034, 
-273, -229, 43, 251, -158, -92, 180, -136, 268, 317, 448, -1039, 
-273, -229, 43, 251, -158, -92, 175, -136, 268, 317, 448, -1039, 
-273, -229, 43, 251, -158, -92, 170, -136, 268, 317, 448, -1034, 
-273, -219, 53, 246, -163, -82, 170, -146, 273, 317, 448, -1034, 
-278, -219, 58, 248, -168, -80, 170, -141, 273, 317, 444, -1039, 
-278, -219, 58, 248, -168, -80, 170, -141, 273, 317, 444, -1039, 
-273, -219, 53, 246, -163, -82, 170, -141, 273, 317, 444, -1034, 
-263, -219, 43, 241, -153, -87, 175, -131, 287, 326, 444, -1034, 
-258, -214, 43, 236, -151, -85, 175, -131, 292, 326, 448, -1034, 
-258, -214, 43, 236, -151, -85, 175, -126, 292, 326, 448, -1034, 
-258, -209, 48, 234, -153, -80, 175, -122, 297, 331, 448, -1034, 
-248, -214, 34, 231, -141, -90, 185, -117, 297, 322, 439, -1029, 
-248, -219, 29, 234, -139, -95, 190, -117, 292, 322, 439, -1029, 
-248, -229, 19, 239, -134, -104, 190, -122, 283, 322, 439, -1034, 
-248, -234, 14, 241, -131, -109, 185, -122, 278, 322, 439, -1034, 
-253, -229, 24, 241, -139, -102, 195, -126, 287, 322, 448, -1034, 
-253, -224, 29, 239, -141, -97, 195, -126, 287, 322, 448, -1034, 
-253, -219, 34, 236, -143, -92, 195, -122, 287, 326, 448, -1034, 
-258, -214, 43, 236, -151, -85, 195, -117, 292, 326, 448, -1034, 
-258, -224, 34, 241, -146, -95, 195, -117, 297, 336, 458, -1024, 
-258, -224, 34, 241, -146, -95, 200, -117, 302, 336, 458, -1024, 
-258, -224, 34, 241, -146, -95, 200, -117, 307, 336, 458, -1024, 
-258, -224, 34, 241, -146, -95, 204, -117, 317, 331, 458, -1024, 
-258, -224, 34, 241, -146, -95, 200, -122, 302, 322, 448, -1034, 
-253, -224, 29, 239, -141, -97, 195, -122, 297, 322, 448, -1034, 
-253, -219, 34, 236, -143, -92, 190, -117, 302, 322, 448, -1034, 
-253, -219, 34, 236, -143, -92, 190, -112, 297, 326, 448, -1034, 
-258, -224, 34, 241, -146, -95, 200, -112, 307, 331, 453, -1034, 
-258, -224, 34, 241, -146, -95, 204, -112, 307, 331, 453, -1034, 
-263, -224, 39, 244, -151, -92, 204, -112, 312, 331, 453, -1034, 
-268, -219, 48, 244, -158, -85, 209, -107, 312, 336, 453, -1034, 
-258, -214, 43, 236, -151, -85, 209, -97, 326, 346, 463, -1024, 
-258, -214, 43, 236, -151, -85, 209, -97, 326, 346, 463, -1024, 
-258, -214, 43, 236, -151, -85, 209, -92, 322, 346, 463, -1024, 
-258, -209, 48, 234, -153, -80, 214, -87, 322, 346, 463, -1024, 
-248, -214, 34, 231, -141, -90, 209, -78, 331, 341, 453, -1024, 
-253, -214, 39, 234, -146, -87, 204, -78, 336, 341, 453, -1019, 
-253, -214, 39, 234, -146, -87, 204, -73, 336, 341, 453, -1019, 
-253, -214, 39, 234, -146, -87, 204, -68, 341, 341, 458, -1015, 
-258, -224, 34, 241, -146, -95, 214, -78, 331, 331, 448, -1024, 
-258, -224, 34, 241, -146, -95, 214, -73, 336, 331, 448, -1029, 
-263, -224, 39, 244, -151, -92, 214, -68, 341, 331, 444, -1029, 
-263, -224, 39, 244, -151, -92, 214, -63, 346, 336, 444, -1024, 
-258, -224, 34, 241, -146, -95, 224, -48, 356, 346, 453, -1015, 
-258, -224, 34, 241, -146, -95, 229, -43, 361, 351, 458, -1015, 
-258, -219, 39, 239, -148, -90, 234, -43, 366, 351, 458, -1015, 
-258, -219, 39, 239, -148, -90, 244, -39, 370, 356, 463, -1015, 
-258, -214, 43, 236, -151, -85, 253, -43, 366, 356, 463, -1024, 
-258, -214, 43, 236, -151, -85, 253, -39, 370, 356, 463, -1024, 
-258, -214, 43, 236, -151, -85, 253, -34, 375, 361, 463, -1019, 
-258, -214, 43, 236, -151, -85, 258, -29, 380, 361, 468, -1019, 
-258, -204, 53, 231, -156, -75, 263, -14, 390, 375, 478, -1019, 
-253, -204, 48, 229, -151, -78, 263, -9, 400, 375, 468, -1019, 
-248, -195, 53, 222, -151, -70, 263, -4, 405, 375, 468, -1019, 
-244, -190, 53, 217, -148, -68, 273, 0, 409, 385, 473, -1015, 
-239, -185, 53, 212, -146, -65, 278, 0, 414, 390, 478, -1010, 
-234, -180, 53, 207, -143, -63, 278, 4, 419, 390, 478, -1010, 
-229, -170, 58, 200, -143, -56, 278, 19, 429, 390, 478, -1010, 
-229, -165, 63, 197, -146, -51, 283, 24, 434, 390, 483, -1010, 
-244, -170, 73, 207, -158, -48, 278, 43, 429, 390, 473, -1019, 
-244, -180, 63, 212, -153, -58, 278, 53, 444, 385, 473, -1019, 
-248, -185, 63, 217, -156, -61, 278, 58, 448, 390, 478, -1015, 
-248, -190, 58, 219, -153, -65, 273, 63, 453, 385, 478, -1015, 
-248, -200, 48, 224, -148, -75, 273, 68, 444, 395, 483, -1024, 
-248, -195, 53, 222, -151, -70, 278, 78, 458, 395, 483, -1015, 
-244, -195, 48, 219, -146, -73, 278, 87, 463, 400, 488, -1010, 
-244, -190, 53, 217, -148, -68, 283, 97, 468, 400, 488, -1005, 
-234, -185, 48, 209, -141, -68, 302, 97, 488, 409, 502, -995, 
-234, -180, 53, 207, -143, -63, 302, 107, 492, 409, 502, -995, 
-229, -170, 58, 200, -143, -56, 307, 112, 502, 414, 507, -995, 
-224, -161, 63, 192, -143, -48, 312, 122, 507, 424, 507, -995, 
-214, -156, 58, 185, -136, -48, 302, 131, 512, 429, 507, -1000, 
-209, -151, 58, 180, -134, -46, 302, 141, 517, 429, 507, -995, 
-204, -146, 58, 175, -131, -43, 307, 151, 522, 429, 512, -990, 
-204, -146, 58, 175, -131, -43, 307, 165, 527, 434, 512, -985, 
-204, -156, 48, 180, -126, -53, 307, 190, 531, 434, 522, -976, 
-200, -146, 53, 173, -126, -46, 307, 204, 531, 439, 527, -971, 
-195, -141, 53, 168, -124, -43, 307, 214, 536, 439, 527, -971, 
-195, -136, 58, 165, -126, -39, 307, 229, 541, 439, 527, -971, 
-185, -136, 48, 161, -117, -43, 317, 239, 546, 439, 527, -971, 
-185, -131, 53, 158, -119, -39, 322, 239, 546, 444, 527, -966, 
-185, -126, 58, 156, -122, -34, 322, 244, 551, 444, 531, -966, 
-180, -122, 58, 151, -119, -31, 317, 253, 556, 444, 536, -961, 
-175, -122, 53, 148, -114, -34, 326, 248, 566, 463, 541, -961, 
-175, -122, 53, 148, -114, -34, 331, 248, 566, 463, 546, -956, 
-175, -117, 58, 146, -117, -29, 336, 253, 561, 463, 546, -951, 
-165, -117, 48, 141, -107, -34, 341, 253, 556, 463, 546, -951, 
-165, -112, 53, 139, -109, -29, 336, 263, 551, 458, 546, -951, 
-165, -112, 53, 139, -109, -29, 322, 263, 541, 453, 546, -951, 
-156, -112, 43, 134, -100, -34, 317, 258, 536, 453, 546, -951, 
-156, -107, 48, 131, -102, -29, 307, 253, 527, 453, 546, -951, 
-146, -92, 53, 119, -100, -19, 292, 253, 517, 453, 551, -946, 
-141, -92, 48, 117, -95, -21, 287, 248, 512, 453, 556, -936, 
-141, -87, 53, 114, -97, -17, 278, 248, 502, 453, 556, -936, 
-141, -87, 53, 114, -97, -17, 268, 234, 492, 448, 556, -936, 
-141, -102, 39, 122, -90, -31, 263, 224, 483, 434, 546, -941, 
-136, -107, 29, 122, -82, -39, 263, 204, 473, 434, 546, -941, 
-136, -107, 29, 122, -82, -39, 253, 185, 463, 429, 546, -941, 
-141, -107, 34, 124, -87, -36, 248, 175, 458, 429, 541, -941, 
-131, -107, 24, 119, -78, -41, 248, 161, 439, 424, 541, -941, 
-131, -107, 24, 119, -78, -41, 234, 146, 424, 419, 541, -941, 
-131, -107, 24, 119, -78, -41, 224, 136, 409, 414, 541, -941, 
-131, -107, 24, 119, -78, -41, 219, 122, 400, 409, 536, -946, 
-131, -102, 29, 117, -80, -36, 224, 117, 395, 405, 546, -936, 
-136, -107, 29, 122, -82, -39, 224, 112, 390, 405, 541, -936, 
-141, -112, 29, 126, -85, -41, 214, 97, 380, 400, 536, -936, 
-141, -112, 29, 126, -85, -41, 214, 87, 375, 395, 531, -936, 
-151, -126, 24, 139, -87, -51, 204, 68, 366, 390, 531, -946, 
-161, -126, 34, 143, -97, -46, 200, 48, 356, 385, 531, -951, 
-161, -136, 24, 148, -92, -56, 190, 29, 346, 380, 527, -951, 
-165, -136, 29, 151, -97, -53, 185, 9, 336, 380, 522, -961, 
-161, -141, 19, 151, -90, -61, 180, 0, 322, 370, 507, -966, 
-165, -151, 14, 158, -90, -68, 170, -14, 317, 366, 502, -966, 
-165, -151, 14, 158, -90, -68, 165, -19, 307, 366, 502, -966, 
-165, -151, 14, 158, -90, -68, 161, -34, 307, 356, 497, -976, 
-165, -156, 9, 161, -87, -73, 170, -34, 297, 351, 492, -976, 
-175, -161, 14, 168, -95, -73, 170, -43, 287, 351, 488, -976, 
-180, -165, 14, 173, -97, -75, 165, -58, 283, 341, 483, -980, 
-180, -170, 9, 175, -95, -80, 161, -63, 283, 341, 483, -985, 
-185, -161, 24, 173, -104, -68, 165, -63, 283, 346, 488, -976, 
-185, -165, 19, 175, -102, -73, 165, -78, 278, 346, 483, -980, 
-195, -170, 24, 183, -109, -73, 161, -82, 278, 341, 478, -985, 
-204, -175, 29, 190, -117, -73, 161, -92, 273, 341, 478, -985, 
-214, -190, 24, 202, -119, -82, 161, -97, 278, 336, 473, -985, 
-219, -190, 29, 204, -124, -80, 161, -107, 278, 336, 468, -990, 
-219, -195, 24, 207, -122, -85, 165, -112, 278, 336, 468, -990, 
-229, -200, 29, 214, -129, -85, 165, -122, 273, 336, 468, -990, 
-234, -214, 19, 224, -126, -97, 156, -126, 263, 326, 458, -1000, 
-234, -214, 19, 224, -126, -97, 151, -141, 258, 326, 453, -1000, 
-234, -214, 19, 224, -126, -97, 141, -151, 253, 322, 453, -1010, 
-234, -214, 19, 224, -126, -97, 141, -156, 248, 322, 453, -1000, 
-234, -204, 29, 219, -131, -87, 146, -151, 248, 331, 453, -990, 
-229, -204, 24, 217, -126, -90, 146, -151, 248, 331, 453, -990, 
-229, -204, 24, 217, -126, -90, 146, -156, 244, 331, 453, -995, 
-234, -209, 24, 222, -129, -92, 146, -156, 244, 326, 448, -995, 
-239, -219, 19, 229, -129, -100, 151, -156, 248, 326, 458, -1000, 
-244, -224, 19, 234, -131, -102, 151, -156, 248, 322, 453, -1005, 
-253, -224, 29, 239, -141, -97, 151, -161, 248, 322, 453, -1005, 
-258, -219, 39, 239, -148, -90, 151, -165, 248, 322, 453, -1000, 
-248, -229, 19, 239, -134, -104, 141, -165, 239, 322, 444, -1010, 
-248, -234, 14, 241, -131, -109, 141, -165, 239, 322, 444, -1010, 
-258, -239, 19, 248, -139, -109, 141, -175, 239, 322, 444, -1010, 
-258, -239, 19, 248, -139, -109, 146, -175, 239, 322, 444, -1010, 
-244, -229, 14, 236, -129, -107, 136, -185, 234, 312, 444, -1019, 
-234, -224, 9, 229, -122, -107, 136, -185, 234, 312, 444, -1019, 
-229, -219, 9, 224, -119, -104, 136, -185, 234, 312, 444, -1024, 
-234, -219, 14, 226, -124, -102, 131, -185, 234, 312, 444, -1024, 
-244, -219, 24, 231, -134, -97, 141, -180, 244, 312, 439, -1019, 
-244, -219, 24, 231, -134, -97, 141, -180, 244, 312, 439, -1019, 
-244, -224, 19, 234, -131, -102, 146, -180, 239, 312, 439, -1015, 
-244, -224, 19, 234, -131, -102, 146, -190, 239, 312, 439, -1005, 
-253, -224, 29, 239, -141, -97, 136, -185, 239, 322, 448, -1015, 
-253, -224, 29, 239, -141, -97, 136, -180, 244, 322, 448, -1015, 
-253, -224, 29, 239, -141, -97, 136, -170, 248, 322, 448, -1015, 
-253, -224, 29, 239, -141, -97, 131, -165, 248, 322, 444, -1015, 
-253, -224, 29, 239, -141, -97, 136, -170, 239, 317, 439, -1019, 
-253, -224, 29, 239, -141, -97, 136, -175, 239, 312, 434, -1019, 
-253, -224, 29, 239, -141, -97, 141, -180, 239, 307, 434, -1019, 
-253, -224, 29, 239, -141, -97, 146, -185, 234, 297, 429, -1015, 
-263, -234, 29, 248, -146, -102, 146, -195, 234, 297, 419, -1024, 
-263, -234, 29, 248, -146, -102, 151, -200, 234, 297, 419, -1024, 
-263, -229, 34, 246, -148, -97, 151, -204, 234, 302, 419, -1024, 
-263, -229, 34, 246, -148, -97, 151, -204, 234, 302, 419, -1024, 
-253, -219, 34, 236, -143, -92, 161, -190, 239, 307, 424, -1019, 
-248, -214, 34, 231, -141, -90, 165, -185, 248, 312, 429, -1015, 
-239, -209, 29, 224, -134, -90, 170, -180, 253, 317, 434, -1010, 
-229, -204, 24, 217, -126, -90, 175, -175, 258, 322, 439, -1005, 
-244, -204, 39, 224, -141, -82, 170, -185, 248, 322, 439, -1010, 
-248, -209, 39, 229, -143, -85, 165, -185, 248, 322, 444, -1010, 
-253, -214, 39, 234, -146, -87, 161, -180, 253, 326, 444, -1005, 
-258, -219, 39, 239, -148, -90, 156, -180, 258, 326, 444, -1005, 
-273, -234, 39, 253, -156, -97, 146, -190, 258, 317, 439, -1015, 
-278, -239, 39, 258, -158, -100, 146, -190, 258, 317, 434, -1015, 
-292, -248, 43, 270, -168, -102, 146, -190, 258, 317, 429, -1015, 
-287, -253, 34, 270, -161, -109, 141, -190, 258, 317, 424, -1015, 
-287, -244, 43, 265, -165, -100, 141, -190, 248, 317, 424, -1015, 
-287, -258, 29, 273, -158, -114, 141, -195, 253, 317, 424, -1015, 
-287, -258, 29, 273, -158, -114, 141, -195, 258, 317, 424, -1015, 
-287, -248, 39, 268, -163, -104, 141, -195, 258, 317, 424, -1015, 
-278, -234, 43, 256, -161, -95, 151, -185, 253, 317, 434, -1005, 
-273, -229, 43, 251, -158, -92, 156, -180, 253, 317, 434, -1005, 
-268, -224, 43, 246, -156, -90, 156, -180, 258, 326, 434, -1005, 
-258, -214, 43, 236, -151, -85, 156, -180, 258, 326, 434, -1005, 
-248, -224, 24, 236, -136, -100, 161, -180, 268, 326, 434, -1015, 
-248, -219, 29, 234, -139, -95, 161, -180, 268, 326, 434, -1015, 
-248, -219, 29, 234, -139, -95, 165, -175, 268, 326, 434, -1015, 
-248, -224, 24, 236, -136, -100, 170, -170, 273, 326, 434, -1015, 
-253, -234, 19, 244, -136, -107, 165, -170, 278, 326, 439, -1010, 
-258, -234, 24, 246, -141, -104, 156, -175, 278, 326, 439, -1005, 
-263, -234, 29, 248, -146, -102, 151, -175, 278, 326, 439, -1005, 
-268, -234, 34, 251, -151, -100, 146, -170, 283, 331, 439, -1005, 
-268, -244, 24, 256, -146, -109, 151, -175, 273, 322, 434, -1015, 
-268, -244, 24, 256, -146, -109, 151, -175, 273, 322, 434, -1015, 
-273, -244, 29, 258, -151, -107, 156, -175, 273, 326, 434, -1019, 
-273, -244, 29, 258, -151, -107, 161, -175, 278, 326, 434, -1019, 
-268, -229, 39, 248, -153, -95, 161, -175, 287, 336, 444, -1015, 
-268, -229, 39, 248, -153, -95, 161, -175, 283, 336, 444, -1010, 
-268, -229, 39, 248, -153, -95, 161, -180, 283, 336, 444, -1005, 
-268, -229, 39, 248, -153, -95, 165, -180, 283, 336, 444, -1000, 
-258, -224, 34, 241, -146, -95, 161, -180, 278, 336, 434, -1010, 
-258, -224, 34, 241, -146, -95, 156, -170, 278, 331, 429, -1010, 
-263, -229, 34, 246, -148, -97, 151, -170, 278, 331, 429, -1010, 
-263, -229, 34, 246, -148, -97, 146, -175, 278, 331, 429, -1005, 
-268, -229, 39, 248, -153, -95, 146, -170, 278, 331, 434, -1015, 
-268, -229, 39, 248, -153, -95, 146, -161, 278, 331, 434, -1015, 
-268, -229, 39, 248, -153, -95, 146, -156, 273, 331, 434, -1015, 
-268, -229, 39, 248, -153, -95, 146, -151, 273, 331, 434, -1015, 
-258, -239, 19, 248, -139, -109, 161, -146, 287, 331, 444, -1015, 
-258, -239, 19, 248, -139, -109, 165, -146, 287, 331, 444, -1015, 
-258, -239, 19, 248, -139, -109, 170, -146, 283, 331, 444, -1015, 
-258, -239, 19, 248, -139, -109, 175, -146, 283, 336, 444, -1015, 
-263, -234, 29, 248, -146, -102, 175, -156, 292, 336, 448, -1000, 
-263, -234, 29, 248, -146, -102, 170, -151, 292, 336, 448, -1000, 
-263, -234, 29, 248, -146, -102, 170, -151, 292, 336, 448, -1000, 
-263, -239, 24, 251, -143, -107, 170, -156, 292, 336, 444, -1000, 
-263, -239, 24, 251, -143, -107, 161, -165, 292, 326, 434, -1000, 
-263, -239, 24, 251, -143, -107, 161, -165, 292, 326, 434, -1005, 
-263, -239, 24, 251, -143, -107, 161, -165, 292, 326, 434, -1005, 
-268, -239, 29, 253, -148, -104, 161, -165, 292, 326, 434, -1005, 
-268, -244, 24, 256, -146, -109, 156, -156, 287, 336, 434, -1015, 
-268, -244, 24, 256, -146, -109, 161, -156, 287, 336, 434, -1015, 
-268, -244, 24, 256, -146, -109, 161, -156, 287, 336, 434, -1015, 
-263, -239, 24, 251, -143, -107, 161, -161, 287, 331, 434, -1015, 
-253, -229, 24, 241, -139, -102, 170, -151, 287, 331, 434, -1005, 
-258, -229, 29, 244, -143, -100, 165, -156, 287, 336, 434, -1005, 
-258, -229, 29, 244, -143, -100, 165, -156, 287, 336, 434, -1005, 
-253, -229, 24, 241, -139, -102, 161, -156, 283, 331, 434, -1005, 
-258, -229, 29, 244, -143, -100, 165, -165, 273, 317, 424, -1015, 
-258, -229, 29, 244, -143, -100, 165, -165, 273, 317, 424, -1015, 
-263, -229, 34, 246, -148, -97, 165, -165, 273, 312, 424, -1015, 
-263, -229, 34, 246, -148, -97, 165, -165, 268, 312, 424, -1015, 
-258, -239, 19, 248, -139, -109, 156, -165, 268, 312, 409, -1024, 
-258, -239, 19, 248, -139, -109, 156, -175, 263, 307, 409, -1024, 
-268, -244, 24, 256, -146, -109, 161, -175, 263, 307, 409, -1024, 
-268, -244, 24, 256, -146, -109, 161, -175, 263, 307, 409, -1024, 
-278, -244, 34, 261, -156, -104, 156, -170, 273, 317, 414, -1015, 
-278, -244, 34, 261, -156, -104, 156, -175, 268, 317, 414, -1015, 
-278, -244, 34, 261, -156, -104, 156, -170, 268, 317, 414, -1015, 
-278, -244, 34, 261, -156, -104, 161, -165, 268, 317, 414, -1015, 
-273, -244, 29, 258, -151, -107, 165, -165, 268, 307, 424, -1015, 
-273, -244, 29, 258, -151, -107, 170, -165, 268, 307, 424, -1015, 
-273, -248, 24, 261, -148, -112, 170, -161, 268, 307, 424, -1015, 
-273, -248, 24, 261, -148, -112, 165, -161, 268, 307, 424, -1015, 
-263, -244, 19, 253, -141, -112, 156, -165, 258, 307, 419, -1019, 
-263, -239, 24, 251, -143, -107, 146, -170, 258, 307, 414, -1024, 
-263, -239, 24, 251, -143, -107, 146, -175, 253, 307, 409, -1029, 
-263, -239, 24, 251, -143, -107, 146, -185, 253, 307, 409, -1034, 
-263, -239, 24, 251, -143, -107, 136, -175, 263, 317, 409, -1029, 
-263, -244, 19, 253, -141, -112, 136, -175, 268, 317, 409, -1024, 
-263, -244, 19, 253, -141, -112, 141, -175, 268, 312, 409, -1019, 
-263, -248, 14, 256, -139, -117, 141, -175, 268, 312, 409, -1015, 
-273, -253, 19, 263, -146, -117, 151, -175, 258, 312, 405, -1019, 
-278, -258, 19, 268, -148, -119, 151, -175, 253, 307, 400, -1024, 
-283, -263, 19, 273, -151, -122, 151, -175, 253, 302, 400, -1029, 
-287, -268, 19, 278, -153, -124, 151, -180, 253, 297, 400, -1034, 
-278, -263, 14, 270, -146, -124, 151, -180, 239, 302, 400, -1029, 
-268, -258, 9, 263, -139, -124, 151, -180, 239, 302, 400, -1024, 
-268, -253, 14, 261, -141, -119, 156, -180, 244, 302, 405, -1019, 
-268, -253, 14, 261, -141, -119, 165, -175, 244, 302, 405, -1015, 
-273, -263, 9, 268, -141, -126, 165, -175, 253, 312, 405, -1015, 
-278, -263, 14, 270, -146, -124, 170, -175, 253, 312, 405, -1015, 
-278, -263, 14, 270, -146, -124, 170, -175, 253, 312, 405, -1015, 
-278, -258, 19, 268, -148, -119, 170, -175, 253, 312, 405, -1015, 
-273, -248, 24, 261, -148, -112, 180, -165, 258, 322, 414, -1024, 
-268, -248, 19, 258, -143, -114, 180, -165, 258, 322, 414, -1024, 
-263, -248, 14, 256, -139, -117, 175, -165, 258, 317, 409, -1024, 
-258, -253, 4, 256, -131, -124, 165, -165, 258, 317, 409, -1029, 
-263, -263, 0, 263, -131, -131, 165, -170, 244, 307, 400, -1019, 
-268, -263, 4, 265, -136, -129, 165, -175, 244, 307, 400, -1019, 
-273, -268, 4, 270, -139, -131, 161, -185, 244, 307, 400, -1019, 
-278, -268, 9, 273, -143, -129, 161, -190, 244, 307, 400, -1019, 
-273, -278, -4, 275, -134, -141, 161, -190, 248, 307, 400, -1019, 
-278, -273, 4, 275, -141, -134, 161, -190, 248, 307, 400, -1019, 
-278, -273, 4, 275, -141, -134, 161, -190, 244, 307, 400, -1015, 
-278, -278, 0, 278, -139, -139, 161, -190, 244, 307, 405, -1015, 
-287, -268, 19, 278, -153, -124, 161, -190, 253, 307, 395, -1015, 
-283, -268, 14, 275, -148, -126, 161, -185, 253, 312, 395, -1015, 
-283, -268, 14, 275, -148, -126, 161, -180, 253, 312, 395, -1015, 
-283, -268, 14, 275, -148, -126, 170, -175, 253, 312, 390, -1015, 
-283, -258, 24, 270, -153, -117, 161, -170, 244, 302, 390, -1015, 
-283, -258, 24, 270, -153, -117, 151, -170, 244, 302, 390, -1015, 
-283, -258, 24, 270, -153, -117, 151, -170, 244, 297, 390, -1015, 
-287, -258, 29, 273, -158, -114, 151, -170, 244, 297, 390, -1015, 
-278, -263, 14, 270, -146, -124, 161, -175, 244, 307, 405, -1024, 
-278, -263, 14, 270, -146, -124, 161, -185, 244, 307, 405, -1024, 
-273, -263, 9, 268, -141, -126, 161, -195, 244, 307, 405, -1024, 
-273, -263, 9, 268, -141, -126, 161, -200, 244, 312, 400, -1024, 
-273, -263, 9, 268, -141, -126, 161, -200, 248, 302, 400, -1024, 
-273, -263, 9, 268, -141, -126, 161, -200, 248, 302, 400, -1024, 
-273, -263, 9, 268, -141, -126, 161, -204, 248, 302, 400, -1024, 
-273, -263, 9, 268, -141, -126, 161, -204, 248, 297, 400, -1024, 
-273, -263, 9, 268, -141, -126, 156, -190, 239, 292, 390, -1024, 
-273, -263, 9, 268, -141, -126, 151, -190, 239, 292, 390, -1024, 
-273, -263, 9, 268, -141, -126, 146, -195, 239, 292, 390, -1024, 
-268, -263, 4, 265, -136, -129, 141, -195, 239, 292, 390, -1024, 
-268, -278, -9, 273, -129, -143, 151, -180, 239, 302, 400, -1024, 
-273, -278, -4, 275, -134, -141, 151, -175, 239, 302, 400, -1024, 
-273, -273, 0, 273, -136, -136, 156, -170, 239, 302, 400, -1024, 
-273, -273, 0, 273, -136, -136, 156, -170, 244, 307, 400, -1024, 
-283, -292, -9, 287, -136, -151, 156, -170, 234, 297, 400, -1019, 
-297, -292, 4, 295, -151, -143, 170, -175, 239, 307, 400, -1019, 
-287, -283, 4, 285, -146, -139, 175, -165, 244, 317, 400, -1010, 
-273, -263, 9, 268, -141, -126, 165, -165, 253, 312, 400, -1015, 
-283, -273, 9, 278, -146, -131, 165, -170, 253, 302, 390, -1015, 
-283, -273, 9, 278, -146, -131, 165, -175, 253, 302, 390, -1015, 
-283, -273, 9, 278, -146, -131, 165, -180, 253, 302, 390, -1015, 
-283, -273, 9, 278, -146, -131, 165, -185, 253, 302, 390, -1015, 
-273, -283, -9, 278, -131, -146, 165, -195, 248, 302, 390, -1024, 
-273, -283, -9, 278, -131, -146, 165, -195, 244, 302, 390, -1024, 
-273, -283, -9, 278, -131, -146, 165, -195, 239, 302, 390, -1024, 
-273, -283, -9, 278, -131, -146, 165, -195, 234, 302, 390, -1024, 
-278, -273, 4, 275, -141, -134, 156, -185, 234, 302, 390, -1015, 
-283, -273, 9, 278, -146, -131, 156, -185, 234, 302, 390, -1015, 
-287, -273, 14, 280, -151, -129, 156, -185, 234, 302, 390, -1015, 
-292, -273, 19, 283, -156, -126, 156, -185, 234, 302, 390, -1015, 
-283, -263, 19, 273, -151, -122, 146, -185, 234, 292, 390, -1024, 
-283, -263, 19, 273, -151, -122, 146, -185, 234, 292, 390, -1024, 
-283, -263, 19, 273, -151, -122, 146, -185, 234, 292, 390, -1024, 
-283, -263, 19, 273, -151, -122, 146, -185, 234, 292, 390, -1024, 
-273, -253, 19, 263, -146, -117, 151, -185, 234, 302, 380, -1024, 
-273, -253, 19, 263, -146, -117, 156, -185, 234, 302, 380, -1024, 
-273, -253, 19, 263, -146, -117, 161, -185, 234, 302, 380, -1024, 
-273, -253, 19, 263, -146, -117, 165, -185, 234, 302, 380, -1024, 
-283, -263, 19, 273, -151, -122, 165, -185, 234, 302, 380, -1015, 
-283, -263, 19, 273, -151, -122, 165, -185, 234, 302, 380, -1015, 
-283, -263, 19, 273, -151, -122, 165, -185, 234, 302, 380, -1015, 
-283, -263, 19, 273, -151, -122, 165, -185, 234, 302, 380, -1015, 
-283, -263, 19, 273, -151, -122, 165, -180, 244, 312, 390, -1015, 
-283, -263, 19, 273, -151, -122, 165, -175, 244, 312, 390, -1015, 
-283, -263, 19, 273, -151, -122, 165, -170, 244, 312, 390, -1015, 
-283, -263, 19, 273, -151, -122, 165, -165, 244, 312, 390, -1015, 
-283, -268, 14, 275, -148, -126, 165, -170, 234, 312, 390, -1015, 
-283, -273, 9, 278, -146, -131, 165, -175, 234, 312, 390, -1015, 
-283, -278, 4, 280, -143, -136, 165, -180, 234, 312, 390, -1015, 
-283, -283, 0, 283, -141, -141, 165, -185, 234, 312, 390, -1015, 
-278, -268, 9, 273, -143, -129, 156, -185, 234, 312, 390, -1015, 
-273, -263, 9, 268, -141, -126, 156, -185, 234, 312, 390, -1015, 
-268, -258, 9, 263, -139, -124, 156, -185, 234, 312, 390, -1015, 
-263, -253, 9, 258, -136, -122, 156, -185, 234, 312, 390, -1015, 
-263, -253, 9, 258, -136, -122, 156, -185, 244, 302, 390, -1015, 
-263, -253, 9, 258, -136, -122, 156, -185, 244, 302, 390, -1015, 
-263, -253, 9, 258, -136, -122, 156, -185, 244, 302, 390, -1015, 
-263, -253, 9, 258, -136, -122, 156, -185, 244, 302, 390, -1015, 
-273, -258, 14, 265, -143, -122, 156, -185, 234, 292, 380, -1024, 
-273, -263, 9, 268, -141, -126, 156, -185, 234, 292, 380, -1024, 
-273, -268, 4, 270, -139, -131, 156, -185, 234, 292, 380, -1024, 
-273, -273, 0, 273, -136, -136, 156, -185, 234, 292, 380, -1024, 
-287, -287, 0, 287, -143, -143, 156, -185, 234, 292, 370, -1024, 
-292, -292, 0, 292, -146, -146, 156, -185, 234, 292, 370, -1024, 
-297, -297, 0, 297, -148, -148, 156, -185, 234, 292, 370, -1024, 
-302, -302, 0, 302, -151, -151, 156, -185, 234, 292, 370, -1024, 
-297, -287, 9, 292, -153, -139, 165, -185, 234, 302, 380, -1015, 
-292, -283, 9, 287, -151, -136, 165, -185, 234, 302, 380, -1015, 
-287, -278, 9, 283, -148, -134, 165, -185, 234, 302, 380, -1015, 
-283, -273, 9, 278, -146, -131, 165, -185, 234, 302, 380, -1015, 
-278, -268, 9, 273, -143, -129, 170, -175, 239, 317, 385, -1005, 
-273, -263, 9, 268, -141, -126, 175, -175, 244, 322, 390, -1005, 
-268, -258, 9, 263, -139, -124, 180, -175, 248, 326, 395, -1005, 
-263, -253, 9, 258, -136, -122, 185, -175, 253, 331, 400, -1005, 
-268, -253, 14, 261, -141, -119, 195, -185, 253, 322, 400, -1005, 
-273, -253, 19, 263, -146, -117, 195, -185, 253, 322, 400, -1005, 
-278, -253, 24, 265, -151, -114, 195, -185, 253, 322, 400, -1005, 
-283, -253, 29, 268, -156, -112, 195, -185, 253, 322, 400, -1005, 
-278, -248, 29, 263, -153, -109, 190, -185, 253, 312, 390, -1005, 
-273, -244, 29, 258, -151, -107, 185, -185, 253, 312, 390, -1005, 
-268, -239, 29, 253, -148, -104, 180, -185, 253, 312, 390, -1005, 
-263, -234, 29, 248, -146, -102, 175, -185, 253, 312, 390, -1005, 
-263, -234, 29, 248, -146, -102, 175, -180, 268, 326, 395, -995, 
-263, -234, 29, 248, -146, -102, 175, -175, 273, 331, 400, -995, 
-263, -234, 29, 248, -146, -102, 175, -170, 278, 336, 405, -995, 
-263, -234, 29, 248, -146, -102, 175, -165, 283, 341, 409, -995, 
-273, -224, 48, 248, -161, -87, 165, -175, 283, 331, 409, -985, 
-273, -224, 48, 248, -161, -87, 165, -175, 283, 331, 409, -985, 
-273, -224, 48, 248, -161, -87, 165, -175, 283, 331, 409, -985, 
-273, -224, 48, 248, -161, -87, 165, -175, 283, 331, 409, -985, 
-273, -234, 39, 253, -156, -97, 156, -175, 283, 331, 409, -985, 
-273, -234, 39, 253, -156, -97, 156, -175, 283, 331, 409, -985, 
-273, -234, 39, 253, -156, -97, 156, -175, 283, 331, 409, -985, 
-273, -234, 39, 253, -156, -97, 156, -175, 283, 331, 409, -985, 
-253, -224, 29, 239, -141, -97, 156, -175, 283, 341, 409, -985, 
-253, -229, 24, 241, -139, -102, 161, -175, 283, 341, 409, -985, 
-253, -229, 24, 241, -139, -102, 161, -175, 278, 341, 409, -985, 
-248, -229, 19, 239, -134, -104, 161, -175, 278, 341, 409, -985, 
-258, -234, 24, 246, -141, -104, 146, -170, 287, 341, 419, -990, 
-268, -234, 34, 251, -151, -100, 136, -175, 283, 341, 419, -990, 
-268, -239, 29, 253, -148, -104, 131, -185, 278, 336, 419, -995, 
-268, -239, 29, 253, -148, -104, 126, -185, 278, 336, 419, -995, 
-273, -229, 43, 251, -158, -92, 122, -200, 258, 331, 414, -1005, 
-273, -234, 39, 253, -156, -97, 122, -200, 253, 322, 405, -1005, 
-278, -239, 39, 258, -158, -100, 126, -204, 248, 322, 395, -1010, 
-278, -239, 39, 258, -158, -100, 131, -204, 248, 317, 385, -1010, 
-258, -229, 29, 244, -143, -100, 136, -204, 239, 307, 385, -1005, 
-253, -224, 29, 239, -141, -97, 136, -200, 239, 312, 390, -1005, 
-244, -219, 24, 231, -134, -97, 131, -195, 234, 312, 390, -1005, 
-234, -219, 14, 226, -124, -102, 131, -195, 234, 312, 390, -1005, 
-234, -239, -4, 236, -114, -122, 141, -190, 248, 312, 390, -995, 
-239, -244, -4, 241, -117, -124, 146, -190, 248, 312, 390, -995, 
-239, -244, -4, 241, -117, -124, 151, -190, 248, 312, 390, -995, 
-239, -239, 0, 239, -119, -119, 156, -185, 253, 312, 395, -990, 
-229, -248, -19, 239, -104, -134, 156, -175, 244, 307, 385, -1000, 
-239, -248, -9, 244, -114, -129, 151, -175, 239, 307, 385, -1000, 
-244, -248, -4, 246, -119, -126, 146, -180, 239, 302, 385, -1000, 
-253, -258, -4, 256, -124, -131, 141, -180, 234, 302, 385, -1000, 
-263, -258, 4, 261, -134, -126, 141, -190, 234, 307, 380, -1005, 
-268, -253, 14, 261, -141, -119, 141, -190, 239, 307, 375, -1005, 
-283, -258, 24, 270, -153, -117, 151, -185, 244, 307, 375, -1010, 
-287, -253, 34, 270, -161, -109, 156, -185, 244, 307, 375, -1010, 
-273, -258, 14, 265, -143, -122, 165, -175, 248, 302, 370, -1015, 
-268, -268, 0, 268, -134, -134, 165, -180, 248, 302, 366, -1019, 
-263, -273, -9, 268, -126, -141, 165, -185, 239, 292, 361, -1024, 
-263, -273, -9, 268, -126, -141, 165, -185, 239, 292, 356, -1029, 
-273, -283, -9, 278, -131, -146, 165, -200, 234, 287, 356, -1019, 
-278, -297, -19, 287, -129, -158, 165, -204, 234, 287, 351, -1019, 
-287, -302, -14, 295, -136, -158, 165, -204, 229, 287, 351, -1019, 
-292, -307, -14, 300, -139, -161, 170, -195, 229, 287, 356, -1019, 
-292, -307, -14, 300, -139, -161, 161, -190, 239, 287, 366, -1019, 
-292, -307, -14, 300, -139, -161, 156, -185, 239, 287, 366, -1015, 
-297, -302, -4, 300, -146, -153, 156, -180, 239, 292, 366, -1010, 
-297, -302, -4, 300, -146, -153, 156, -170, 239, 292, 366, -1010, 
-297, -312, -14, 305, -141, -163, 151, -170, 229, 292, 366, -1015, 
-297, -312, -14, 305, -141, -163, 156, -170, 229, 292, 366, -1019, 
-297, -312, -14, 305, -141, -163, 156, -175, 234, 292, 361, -1029, 
-292, -312, -19, 302, -136, -165, 156, -175, 234, 292, 361, -1034, 
-287, -307, -19, 297, -134, -163, 161, -190, 224, 287, 356, -1029, 
-283, -302, -19, 292, -131, -161, 161, -195, 224, 287, 356, -1029, 
-278, -292, -14, 285, -131, -153, 161, -200, 224, 292, 356, -1029, 
-273, -287, -14, 280, -129, -151, 161, -204, 224, 292, 356, -1029, 
-278, -302, -24, 290, -126, -163, 161, -195, 224, 278, 346, -1034, 
-283, -307, -24, 295, -129, -165, 161, -195, 224, 278, 346, -1034, 
-287, -312, -24, 300, -131, -168, 161, -195, 229, 283, 351, -1034, 
-292, -317, -24, 305, -134, -170, 170, -190, 229, 283, 351, -1034, 
-283, -312, -29, 297, -126, -170, 180, -185, 239, 287, 356, -1029, 
-287, -307, -19, 297, -134, -163, 180, -180, 239, 292, 361, -1024, 
-287, -302, -14, 295, -136, -158, 180, -180, 234, 297, 366, -1019, 
-287, -297, -9, 292, -139, -153, 185, -175, 234, 302, 370, -1015, 
-278, -292, -14, 285, -131, -153, 185, -185, 229, 302, 361, -1015, 
-278, -292, -14, 285, -131, -153, 185, -185, 229, 302, 361, -1015, 
-283, -287, -4, 285, -139, -146, 180, -185, 229, 302, 361, -1015, 
-283, -278, 4, 280, -143, -136, 180, -180, 229, 302, 361, -1015, 
-297, -287, 9, 292, -153, -139, 175, -180, 229, 292, 361, -1019, 
-302, -302, 0, 302, -151, -151, 170, -180, 229, 287, 361, -1024, 
-307, -312, -4, 309, -151, -158, 165, -180, 229, 287, 361, -1029, 
-317, -322, -4, 319, -156, -163, 161, -180, 224, 287, 361, -1034, 
-317, -312, 4, 314, -161, -153, 161, -190, 224, 287, 351, -1034, 
-317, -312, 4, 314, -161, -153, 161, -190, 224, 292, 351, -1034, 
-312, -312, 0, 312, -156, -156, 161, -185, 224, 292, 351, -1034, 
-307, -312, -4, 309, -151, -158, 161, -185, 229, 292, 351, -1034, 
-297, -297, 0, 297, -148, -148, 165, -190, 239, 292, 361, -1024, 
-297, -287, 9, 292, -153, -139, 170, -190, 239, 292, 361, -1024, 
-297, -283, 14, 290, -156, -134, 175, -190, 239, 287, 361, -1024, 
-297, -278, 19, 287, -158, -129, 180, -190, 239, 287, 361, -1024, 
-297, -287, 9, 292, -153, -139, 185, -180, 229, 302, 361, -1024, 
-297, -287, 9, 292, -153, -139, 185, -180, 229, 302, 361, -1024, 
-297, -287, 9, 292, -153, -139, 180, -180, 229, 302, 361, -1024, 
-302, -287, 14, 295, -158, -136, 180, -180, 229, 302, 361, -1024, 
-312, -297, 14, 305, -163, -141, 170, -180, 229, 302, 361, -1024, 
-312, -297, 14, 305, -163, -141, 165, -180, 229, 302, 361, -1024, 
-312, -292, 19, 302, -165, -136, 156, -175, 234, 302, 361, -1019, 
-307, -292, 14, 300, -161, -139, 151, -175, 234, 307, 361, -1019, 
-307, -292, 14, 300, -161, -139, 170, -180, 239, 322, 370, -1019, 
-307, -292, 14, 300, -161, -139, 175, -180, 244, 322, 375, -1019, 
-307, -292, 14, 300, -161, -139, 180, -180, 248, 322, 375, -1019, 
-312, -292, 19, 302, -165, -136, 185, -180, 253, 322, 370, -1019, 
-273, -278, -4, 275, -134, -141, 195, -170, 248, 317, 370, -1019, 
-297, -302, -4, 300, -146, -153, 200, -180, 229, 302, 351, -1029, 
-326, -322, 4, 324, -165, -158, 214, -180, 219, 287, 341, -1039, 
-322, -312, 9, 317, -165, -151, 219, -175, 219, 273, 331, -1039, 
-331, -322, 9, 326, -170, -156, 219, -190, 214, 273, 322, -1049, 
-341, -326, 14, 334, -178, -156, 219, -190, 234, 287, 331, -1049, 
-326, -317, 9, 322, -168, -153, 209, -190, 278, 312, 346, -1039, 
-312, -326, -14, 319, -148, -170, 195, -170, 331, 356, 366, -1034, 
-307, -326, -19, 317, -143, -173, 175, -156, 380, 390, 390, -1029, 
-273, -317, -43, 295, -114, -180, 161, -122, 448, 448, 424, -1015, 
-239, -283, -43, 261, -97, -163, 126, -43, 566, 556, 488, -976, 
-185, -229, -43, 207, -70, -136, 87, 43, 722, 702, 585, -912, 
-131, -165, -34, 148, -48, -100, 43, 97, 863, 839, 688, -849, 
-53, -87, -34, 70, -9, -61, -4, 146, 1000, 980, 800, -790, 
58, 14, -43, -36, 51, -14, -63, 268, 1171, 1171, 936, -707, 
170, 117, -53, -143, 112, 31, -122, 409, 1337, 1356, 1088, -610, 
287, 209, -78, -248, 183, 65, -175, 512, 1410, 1483, 1220, -527, 
390, 278, -112, -334, 251, 82, -248, 575, 1390, 1566, 1312, -448, 
453, 317, -136, -385, 295, 90, -317, 600, 1327, 1586, 1366, -405, 
488, 336, -151, -412, 319, 92, -385, 575, 1229, 1556, 1366, -385, 
497, 331, -165, -414, 331, 82, -429, 497, 1063, 1464, 1327, -390, 
463, 292, -170, -378, 317, 61, -458, 361, 814, 1288, 1224, -409, 
409, 219, -190, -314, 300, 14, -439, 214, 561, 1063, 1088, -473, 
346, 117, -229, -231, 287, -56, -414, 39, 297, 810, 917, -551, 
278, 14, -263, -146, 270, -124, -400, -165, 34, 561, 746, -639, 
200, -107, -307, -46, 253, -207, -395, -356, -204, 336, 585, -732, 
112, -248, -361, 68, 236, -305, -346, -478, -434, 122, 434, -824, 
24, -380, -405, 178, 214, -392, -278, -531, -605, -53, 292, -902, 
-48, -444, -395, 246, 173, -419, -214, -512, -634, -141, 219, -971, 
-97, -453, -356, 275, 129, -405, -131, -468, -551, -122, 209, -990, 
-131, -429, -297, 280, 82, -363, -43, -405, -424, -53, 234, -980, 
-156, -395, -239, 275, 41, -317, 19, -331, -292, 19, 268, -971, 
-161, -356, -195, 258, 17, -275, 53, -258, -156, 117, 322, -956, 
-151, -302, -151, 226, 0, -226, 43, -209, -43, 195, 361, -932, 
-151, -253, -102, 202, -24, -178, 43, -190, 39, 248, 390, -932, 
-165, -224, -58, 195, -53, -141, 73, -170, 107, 287, 409, -936, 
-170, -214, -43, 192, -63, -129, 107, -151, 165, 312, 409, -941, 
-200, -234, -34, 217, -82, -134, 126, -156, 195, 312, 405, -961, 
-239, -253, -14, 246, -112, -134, 156, -146, 214, 312, 390, -980, 
-253, -244, 9, 248, -131, -117, 185, -146, 229, 322, 385, -980, 
-268, -258, 9, 263, -139, -124, 190, -146, 239, 326, 380, -985, 
-283, -278, 4, 280, -143, -136, 190, -141, 229, 322, 380, -990, 
-283, -283, 0, 283, -141, -141, 200, -136, 234, 331, 380, -1005, 
-283, -283, 0, 283, -141, -141, 204, -136, 234, 331, 380, -1005, 
-283, -278, 4, 280, -143, -136, 204, -141, 234, 322, 375, -1005, 
-283, -268, 14, 275, -148, -126, 204, -146, 224, 317, 366, -1005, 
-287, -273, 14, 280, -151, -129, 200, -156, 224, 312, 366, -1010, 
-302, -273, 29, 287, -165, -122, 195, -156, 229, 307, 366, -1010, 
-307, -278, 29, 292, -168, -124, 195, -156, 239, 307, 366, -1010, 
-317, -283, 34, 300, -175, -124, 190, -156, 239, 302, 361, -1010, 
-307, -283, 24, 295, -165, -129, 195, -146, 244, 312, 351, -1019, 
-307, -287, 19, 297, -163, -134, 209, -146, 248, 312, 351, -1019, 
-307, -292, 14, 300, -161, -139, 219, -146, 248, 317, 351, -1015, 
-312, -292, 19, 302, -165, -136, 224, -146, 253, 317, 351, -1015, 
-307, -287, 19, 297, -163, -134, 219, -146, 253, 312, 361, -1019, 
-297, -278, 19, 287, -158, -129, 219, -136, 253, 312, 361, -1019, 
-292, -273, 19, 283, -156, -126, 219, -136, 248, 312, 361, -1015, 
-292, -268, 24, 280, -158, -122, 219, -136, 248, 312, 361, -1015, 
-292, -268, 24, 280, -158, -122, 229, -146, 263, 322, 370, -1015, 
-292, -268, 24, 280, -158, -122, 229, -146, 263, 322, 370, -1015, 
-292, -268, 24, 280, -158, -122, 229, -146, 263, 322, 370, -1015, 
-297, -273, 24, 285, -161, -124, 229, -146, 263, 322, 370, -1019, 
-307, -287, 19, 297, -163, -134, 219, -136, 273, 322, 370, -1019, 
-317, -292, 24, 305, -170, -134, 219, -136, 273, 322, 370, -1024, 
-326, -297, 29, 312, -178, -134, 219, -136, 273, 322, 370, -1024, 
-336, -317, 19, 326, -178, -148, 219, -136, 273, 322, 366, -1024, 
-322, -292, 29, 307, -175, -131, 209, -122, 268, 312, 356, -1024, 
-322, -287, 34, 305, -178, -126, 209, -122, 268, 312, 361, -1019, 
-317, -283, 34, 300, -175, -124, 209, -122, 263, 312, 361, -1019, 
-312, -278, 34, 295, -173, -122, 219, -122, 258, 317, 361, -1019, 
-302, -278, 24, 290, -163, -126, 229, -126, 268, 317, 361, -1029, 
-302, -278, 24, 290, -163, -126, 229, -131, 268, 317, 366, -1029, 
-302, -278, 24, 290, -163, -126, 229, -136, 268, 317, 366, -1024, 
-302, -278, 24, 290, -163, -126, 229, -141, 268, 317, 366, -1024, 
-312, -278, 34, 295, -173, -122, 229, -126, 278, 326, 366, -1015, 
-312, -278, 34, 295, -173, -122, 229, -126, 278, 326, 361, -1019, 
-312, -278, 34, 295, -173, -122, 229, -126, 278, 326, 361, -1019, 
-312, -278, 34, 295, -173, -122, 229, -126, 278, 326, 361, -1015, 
-312, -278, 34, 295, -173, -122, 219, -126, 273, 317, 351, -1024, 
-317, -278, 39, 297, -178, -119, 219, -122, 273, 317, 346, -1029, 
-317, -278, 39, 297, -178, -119, 219, -122, 273, 317, 346, -1029, 
-312, -278, 34, 295, -173, -122, 219, -122, 273, 317, 346, -1024, 
-312, -278, 34, 295, -173, -122, 224, -122, 268, 326, 356, -1024, 
-307, -273, 34, 290, -170, -119, 224, -122, 273, 326, 361, -1024, 
-307, -273, 34, 290, -170, -119, 224, -117, 273, 326, 361, -1024, 
-307, -268, 39, 287, -173, -114, 224, -112, 278, 331, 361, -1024, 
-307, -268, 39, 287, -173, -114, 224, -107, 292, 331, 370, -1010, 
-307, -268, 39, 287, -173, -114, 229, -107, 292, 331, 370, -1010, 
-307, -273, 34, 290, -170, -119, 229, -112, 287, 331, 370, -1015, 
-307, -273, 34, 290, -170, -119, 224, -112, 287, 331, 370, -1015, 
-322, -273, 48, 297, -185, -112, 214, -117, 278, 331, 361, -1024, 
-322, -273, 48, 297, -185, -112, 214, -117, 278, 331, 361, -1024, 
-322, -273, 48, 297, -185, -112, 214, -112, 278, 336, 361, -1024, 
-326, -273, 53, 300, -190, -109, 214, -107, 283, 336, 361, -1024, 
-317, -283, 34, 300, -175, -124, 224, -112, 273, 331, 351, -1024, 
-317, -283, 34, 300, -175, -124, 229, -117, 273, 326, 351, -1024, 
-317, -283, 34, 300, -175, -124, 229, -122, 273, 322, 351, -1024, 
-317, -283, 34, 300, -175, -124, 234, -126, 278, 312, 351, -1024, 
-317, -273, 43, 295, -180, -114, 244, -117, 287, 317, 361, -1024, 
-312, -273, 39, 292, -175, -117, 244, -112, 287, 322, 361, -1024, 
-312, -268, 43, 290, -178, -112, 244, -102, 297, 326, 361, -1024, 
-312, -268, 43, 290, -178, -112, 248, -92, 297, 336, 361, -1024, 
-302, -258, 43, 280, -173, -107, 253, -82, 307, 341, 375, -1015, 
-297, -253, 43, 275, -170, -104, 253, -82, 307, 341, 375, -1015, 
-297, -248, 48, 273, -173, -100, 248, -82, 312, 341, 375, -1015, 
-297, -239, 58, 268, -178, -90, 248, -78, 312, 346, 375, -1015, 
-297, -244, 53, 270, -175, -95, 239, -87, 307, 336, 366, -1024, 
-297, -253, 43, 275, -170, -104, 239, -87, 307, 336, 366, -1024, 
-297, -263, 34, 280, -165, -114, 239, -82, 302, 336, 366, -1024, 
-297, -268, 29, 283, -163, -119, 244, -78, 302, 336, 366, -1024, 
-302, -273, 29, 287, -165, -122, 253, -87, 302, 331, 366, -1024, 
-312, -273, 39, 292, -175, -117, 253, -87, 307, 331, 366, -1019, 
-317, -273, 43, 295, -180, -114, 258, -82, 307, 331, 366, -1019, 
-322, -273, 48, 297, -185, -112, 263, -78, 312, 331, 370, -1015, 
-307, -273, 34, 290, -170, -119, 253, -78, 312, 341, 370, -1024, 
-307, -273, 34, 290, -170, -119, 253, -73, 317, 341, 370, -1029, 
-312, -273, 39, 292, -175, -117, 253, -68, 322, 341, 366, -1029, 
-312, -273, 39, 292, -175, -117, 253, -63, 326, 346, 366, -1024, 
-317, -283, 34, 300, -175, -124, 253, -58, 336, 346, 366, -1024, 
-317, -283, 34, 300, -175, -124, 258, -53, 341, 351, 370, -1024, 
-317, -278, 39, 297, -178, -119, 263, -53, 346, 351, 370, -1024, 
-317, -278, 39, 297, -178, -119, 273, -48, 351, 356, 375, -1024, 
-317, -268, 48, 292, -183, -109, 273, -53, 346, 356, 375, -1024, 
-317, -263, 53, 290, -185, -104, 273, -48, 351, 356, 375, -1024, 
-317, -258, 58, 287, -187, -100, 273, -43, 356, 361, 375, -1019, 
-317, -253, 63, 285, -190, -95, 278, -39, 361, 361, 380, -1019, 
-317, -263, 53, 290, -185, -104, 283, -24, 361, 366, 400, -1019, 
-312, -263, 48, 287, -180, -107, 283, -19, 370, 366, 390, -1019, 
-307, -253, 53, 280, -180, -100, 283, -14, 375, 366, 390, -1019, 
-302, -248, 53, 275, -178, -97, 292, -9, 380, 375, 395, -1015, 
-292, -239, 53, 265, -173, -92, 307, 9, 395, 390, 400, -1010, 
-292, -239, 53, 265, -173, -92, 307, 14, 400, 390, 400, -1010, 
-292, -234, 58, 263, -175, -87, 307, 29, 409, 390, 400, -1010, 
-297, -234, 63, 265, -180, -85, 312, 34, 414, 390, 405, -1010, 
-287, -229, 58, 258, -173, -85, 312, 34, 409, 385, 405, -1010, 
-283, -229, 53, 256, -168, -87, 317, 43, 424, 385, 405, -1010, 
-283, -224, 58, 253, -170, -82, 322, 48, 429, 395, 409, -1005, 
-278, -219, 58, 248, -168, -80, 322, 53, 434, 395, 409, -1005, 
-268, -209, 58, 239, -163, -75, 312, 68, 434, 405, 405, -1005, 
-268, -204, 63, 236, -165, -70, 317, 78, 448, 405, 405, -995, 
-263, -204, 58, 234, -161, -73, 317, 87, 453, 409, 409, -990, 
-263, -200, 63, 231, -163, -68, 322, 97, 458, 409, 409, -985, 
-273, -200, 73, 236, -173, -63, 331, 107, 468, 409, 414, -995, 
-273, -200, 73, 236, -173, -63, 331, 117, 473, 409, 414, -995, 
-268, -195, 73, 231, -170, -61, 336, 122, 483, 414, 419, -995, 
-263, -190, 73, 226, -168, -58, 341, 131, 488, 424, 419, -995, 
-263, -195, 68, 229, -165, -63, 351, 141, 502, 439, 429, -990, 
-258, -190, 68, 224, -163, -61, 351, 151, 507, 439, 429, -985, 
-253, -185, 68, 219, -161, -58, 356, 161, 512, 439, 434, -980, 
-253, -185, 68, 219, -161, -58, 356, 175, 517, 444, 434, -976, 
-253, -185, 68, 219, -161, -58, 346, 185, 512, 444, 434, -985, 
-248, -175, 73, 212, -161, -51, 346, 195, 512, 448, 439, -980, 
-244, -170, 73, 207, -158, -48, 346, 200, 517, 448, 439, -980, 
-244, -165, 78, 204, -161, -43, 346, 209, 522, 448, 439, -980, 
-234, -165, 68, 200, -151, -48, 346, 209, 536, 448, 448, -971, 
-234, -161, 73, 197, -153, -43, 351, 209, 536, 453, 448, -966, 
-234, -156, 78, 195, -156, -39, 351, 214, 541, 453, 453, -966, 
-229, -151, 78, 190, -153, -36, 346, 224, 546, 453, 458, -961, 
-214, -141, 73, 178, -143, -34, 336, 234, 536, 463, 473, -961, 
-214, -141, 73, 178, -143, -34, 331, 239, 536, 463, 478, -956, 
-214, -136, 78, 175, -146, -29, 326, 248, 531, 463, 478, -951, 
-204, -136, 68, 170, -136, -34, 322, 253, 527, 463, 478, -951, 
-204, -131, 73, 168, -139, -29, 326, 244, 536, 468, 488, -951, 
-204, -131, 73, 168, -139, -29, 322, 244, 531, 463, 488, -951, 
-195, -131, 63, 163, -129, -34, 326, 239, 531, 463, 488, -951, 
-195, -126, 68, 161, -131, -29, 326, 234, 527, 463, 488, -951, 
-190, -122, 68, 156, -129, -26, 326, 224, 517, 453, 488, -956, 
-190, -122, 68, 156, -129, -26, 326, 219, 512, 453, 488, -946, 
-195, -117, 78, 156, -136, -19, 322, 219, 502, 453, 483, -946, 
-200, -117, 82, 158, -141, -17, 317, 204, 492, 448, 478, -946, 
-190, -131, 58, 161, -124, -36, 312, 209, 483, 444, 488, -941, 
-185, -136, 48, 161, -117, -43, 312, 195, 473, 444, 488, -941, 
-185, -136, 48, 161, -117, -43, 302, 180, 463, 439, 488, -941, 
-190, -136, 53, 163, -122, -41, 297, 175, 458, 439, 483, -941, 
-190, -136, 53, 163, -122, -41, 287, 170, 448, 434, 483, -932, 
-190, -136, 53, 163, -122, -41, 273, 156, 434, 429, 483, -932, 
-190, -136, 53, 163, -122, -41, 263, 146, 419, 424, 483, -932, 
-190, -136, 53, 163, -122, -41, 258, 131, 409, 419, 478, -936, 
-180, -141, 39, 161, -109, -51, 244, 117, 390, 405, 468, -936, 
-185, -146, 39, 165, -112, -53, 244, 102, 380, 405, 463, -936, 
-190, -151, 39, 170, -114, -56, 234, 78, 366, 400, 458, -936, 
-190, -151, 39, 170, -114, -56, 234, 58, 356, 395, 453, -936, 
-195, -156, 39, 175, -117, -58, 229, 43, 346, 390, 453, -946, 
-209, -156, 53, 183, -131, -51, 229, 29, 336, 385, 453, -951, 
-214, -165, 48, 190, -131, -58, 224, 14, 326, 380, 448, -951, 
-224, -165, 58, 195, -141, -53, 224, 0, 317, 380, 444, -961, 
-219, -170, 48, 195, -134, -61, 229, 0, 312, 380, 439, -956, 
-224, -180, 43, 202, -134, -68, 219, -14, 307, 375, 434, -956, 
-224, -180, 43, 202, -134, -68, 214, -19, 297, 375, 434, -956, 
-224, -180, 43, 202, -134, -68, 209, -34, 297, 366, 429, -966, 
-234, -185, 48, 209, -141, -68, 200, -53, 287, 361, 424, -966, 
-244, -190, 53, 217, -148, -68, 200, -63, 278, 361, 419, -966, 
-248, -195, 53, 222, -151, -70, 195, -78, 273, 351, 414, -971, 
-248, -200, 48, 224, -148, -75, 190, -82, 273, 351, 414, -976, 
-263, -200, 63, 231, -163, -68, 175, -82, 263, 346, 409, -976, 
-263, -204, 58, 234, -161, -73, 175, -97, 258, 346, 405, -980, 
-273, -209, 63, 241, -168, -73, 170, -102, 258, 341, 400, -985, 
-283, -214, 68, 248, -175, -73, 170, -112, 253, 341, 400, -985, 
-268, -209, 58, 239, -163, -75, 175, -107, 248, 336, 405, -985, 
-268, -209, 58, 239, -163, -75, 180, -117, 248, 336, 400, -990, 
-263, -214, 48, 239, -156, -82, 190, -122, 248, 336, 400, -990, 
-268, -219, 48, 244, -158, -85, 195, -131, 244, 336, 400, -990, 
-278, -214, 63, 246, -170, -75, 200, -141, 239, 336, 400, -1000, 
-283, -214, 68, 248, -175, -73, 200, -151, 239, 336, 395, -1000, 
-287, -214, 73, 251, -180, -70, 195, -156, 239, 331, 395, -1010, 
-292, -214, 78, 253, -185, -68, 200, -156, 239, 331, 395, -1000, 
-283, -224, 58, 253, -170, -82, 200, -170, 239, 331, 395, -1000, 
-278, -224, 53, 251, -165, -85, 195, -170, 239, 331, 395, -1000, 
-278, -224, 53, 251, -165, -85, 190, -175, 234, 331, 395, -1005, 
-283, -229, 53, 256, -168, -87, 185, -175, 234, 326, 390, -1005, 
-283, -229, 53, 256, -168, -87, 170, -175, 219, 326, 390, -1019, 
-283, -234, 48, 258, -165, -92, 170, -175, 219, 322, 385, -1024, 
-287, -234, 53, 261, -170, -90, 170, -180, 219, 322, 385, -1024, 
-287, -229, 58, 258, -173, -85, 170, -185, 219, 322, 385, -1019, 
-287, -229, 58, 258, -173, -85, 185, -175, 229, 322, 385, -1019, 
-287, -234, 53, 261, -170, -90, 190, -175, 229, 322, 385, -1019, 
-297, -239, 58, 268, -178, -90, 195, -185, 229, 322, 385, -1019, 
-297, -239, 58, 268, -178, -90, 204, -185, 229, 322, 385, -1019, 
-307, -239, 68, 273, -187, -85, 195, -195, 224, 322, 385, -1010, 
-302, -244, 58, 273, -180, -92, 195, -195, 224, 322, 385, -1010, 
-302, -248, 53, 275, -178, -97, 195, -195, 224, 322, 385, -1015, 
-312, -258, 53, 285, -183, -102, 190, -195, 224, 322, 385, -1015, 
-302, -248, 53, 275, -178, -97, 185, -190, 234, 322, 380, -1015, 
-302, -248, 53, 275, -178, -97, 180, -190, 234, 322, 380, -1019, 
-302, -253, 48, 278, -175, -102, 180, -190, 229, 322, 380, -1019, 
-302, -253, 48, 278, -175, -102, 175, -200, 229, 322, 380, -1015, 
-302, -253, 48, 278, -175, -102, 185, -204, 219, 312, 370, -1019, 
-302, -253, 48, 278, -175, -102, 185, -209, 224, 312, 370, -1024, 
-302, -253, 48, 278, -175, -102, 185, -209, 229, 312, 370, -1029, 
-302, -253, 48, 278, -175, -102, 180, -214, 229, 312, 366, -1034, 
-292, -244, 48, 268, -170, -97, 175, -200, 239, 322, 375, -1034, 
-292, -244, 48, 268, -170, -97, 175, -195, 239, 322, 375, -1029, 
-292, -244, 48, 268, -170, -97, 180, -190, 239, 322, 380, -1024, 
-292, -244, 48, 268, -170, -97, 185, -185, 234, 317, 380, -1015, 
-302, -244, 58, 273, -180, -92, 195, -185, 224, 317, 380, -1015, 
-302, -244, 58, 273, -180, -92, 200, -190, 224, 317, 380, -1015, 
-302, -239, 63, 270, -183, -87, 200, -195, 224, 322, 380, -1015, 
-302, -239, 63, 270, -183, -87, 200, -195, 224, 322, 380, -1015, 
-302, -253, 48, 278, -175, -102, 185, -195, 234, 322, 380, -1024, 
-307, -253, 53, 280, -180, -100, 185, -195, 239, 322, 380, -1024, 
-307, -253, 53, 280, -180, -100, 185, -195, 239, 322, 380, -1024, 
-307, -253, 53, 280, -180, -100, 185, -195, 239, 322, 380, -1024, 
-317, -248, 68, 283, -192, -90, 185, -204, 239, 322, 380, -1029, 
-317, -248, 68, 283, -192, -90, 185, -204, 239, 322, 385, -1029, 
-317, -248, 68, 283, -192, -90, 185, -200, 244, 326, 385, -1024, 
-317, -248, 68, 283, -192, -90, 185, -200, 248, 326, 385, -1024, 
-312, -244, 68, 278, -190, -87, 190, -190, 248, 336, 395, -1015, 
-307, -239, 68, 273, -187, -85, 195, -190, 248, 336, 395, -1015, 
-312, -239, 73, 275, -192, -82, 200, -190, 248, 336, 395, -1015, 
-297, -234, 63, 265, -180, -85, 200, -190, 248, 336, 395, -1015, 
-307, -234, 73, 270, -190, -80, 190, -190, 248, 336, 385, -1024, 
-307, -248, 58, 278, -183, -95, 190, -195, 253, 336, 385, -1024, 
-307, -248, 58, 278, -183, -95, 190, -195, 258, 336, 385, -1024, 
-307, -239, 68, 273, -187, -85, 190, -195, 258, 336, 385, -1024, 
-322, -248, 73, 285, -197, -87, 200, -200, 253, 326, 385, -1015, 
-322, -248, 73, 285, -197, -87, 204, -200, 253, 326, 385, -1015, 
-322, -248, 73, 285, -197, -87, 204, -204, 258, 336, 385, -1015, 
-317, -244, 73, 280, -195, -85, 204, -209, 258, 336, 385, -1015, 
-317, -244, 73, 280, -195, -85, 200, -200, 258, 336, 395, -1024, 
-317, -239, 78, 278, -197, -80, 200, -200, 258, 336, 395, -1024, 
-317, -239, 78, 278, -197, -80, 204, -195, 258, 336, 395, -1024, 
-317, -244, 73, 280, -195, -85, 209, -190, 263, 336, 395, -1024, 
-317, -244, 73, 280, -195, -85, 204, -190, 268, 336, 390, -1029, 
-317, -244, 73, 280, -195, -85, 195, -195, 268, 336, 390, -1024, 
-317, -244, 73, 280, -195, -85, 190, -195, 268, 336, 390, -1024, 
-317, -244, 73, 280, -195, -85, 185, -190, 273, 341, 390, -1024, 
-317, -234, 82, 275, -200, -75, 185, -175, 273, 351, 405, -1015, 
-317, -234, 82, 275, -200, -75, 180, -175, 273, 351, 405, -1015, 
-322, -234, 87, 278, -204, -73, 180, -175, 273, 356, 405, -1019, 
-322, -234, 87, 278, -204, -73, 180, -175, 278, 356, 405, -1019, 
-312, -219, 92, 265, -202, -63, 190, -185, 268, 351, 405, -1019, 
-307, -219, 87, 263, -197, -65, 190, -185, 263, 346, 405, -1019, 
-302, -219, 82, 261, -192, -68, 190, -190, 263, 341, 405, -1019, 
-297, -219, 78, 258, -187, -70, 195, -190, 263, 336, 405, -1019, 
-297, -224, 73, 261, -185, -75, 195, -180, 268, 336, 405, -1019, 
-297, -224, 73, 261, -185, -75, 195, -170, 268, 331, 400, -1019, 
-302, -229, 73, 265, -187, -78, 195, -170, 268, 331, 400, -1019, 
-302, -229, 73, 265, -187, -78, 195, -175, 268, 331, 400, -1015, 
-307, -219, 87, 263, -197, -65, 204, -175, 278, 336, 405, -1015, 
-307, -219, 87, 263, -197, -65, 204, -170, 278, 341, 405, -1015, 
-307, -219, 87, 263, -197, -65, 204, -170, 273, 346, 405, -1015, 
-307, -219, 87, 263, -197, -65, 204, -170, 273, 351, 405, -1015, 
-317, -224, 92, 270, -204, -65, 200, -175, 268, 341, 405, -1024, 
-317, -229, 87, 273, -202, -70, 195, -175, 268, 341, 405, -1024, 
-317, -234, 82, 275, -200, -75, 190, -175, 263, 341, 405, -1024, 
-317, -239, 78, 278, -197, -80, 185, -175, 263, 346, 405, -1024, 
-307, -229, 78, 268, -192, -75, 185, -175, 263, 346, 409, -1019, 
-302, -224, 78, 263, -190, -73, 180, -170, 263, 346, 409, -1019, 
-297, -219, 78, 258, -187, -70, 180, -170, 263, 346, 409, -1019, 
-292, -219, 73, 256, -183, -73, 180, -175, 263, 346, 405, -1019, 
-283, -209, 73, 246, -178, -68, 190, -175, 263, 346, 405, -1010, 
-283, -209, 73, 246, -178, -68, 190, -175, 263, 346, 405, -1015, 
-283, -209, 73, 246, -178, -68, 190, -175, 263, 346, 405, -1015, 
-287, -209, 78, 248, -183, -65, 190, -175, 263, 346, 405, -1015, 
-292, -219, 73, 256, -183, -73, 204, -185, 268, 346, 405, -1015, 
-297, -224, 73, 261, -185, -75, 209, -185, 268, 346, 405, -1015, 
-302, -229, 73, 265, -187, -78, 209, -185, 268, 346, 405, -1015, 
-302, -229, 73, 265, -187, -78, 209, -190, 268, 341, 405, -1015, 
-322, -239, 82, 280, -202, -78, 200, -200, 258, 341, 405, -1024, 
-317, -239, 78, 278, -197, -80, 195, -195, 248, 336, 405, -1024, 
-307, -229, 78, 268, -192, -75, 185, -185, 248, 336, 395, -1024, 
-312, -239, 73, 275, -192, -82, 180, -185, 253, 341, 395, -1024, 
