I, II, III, aVR, aVL, aVF, V1, V2, V3, V4, V5, V6, 
29, -966, -995, 468, 512, -980, 946, 683, 849, 1083, 722, 732, 
29, -966, -995, 468, 512, -980, 946, 683, 849, 1083, 722, 732, 
29, -966, -995, 468, 512, -980, 946, 683, 849, 1083, 722, 732, 
29, -966, -995, 468, 512, -980, 946, 683, 849, 1083, 722, 732, 
4, -985, -990, 490, 497, -988, 961, 678, 839, 1058, 702, 712, 
-19, -995, -976, 507, 478, -985, 966, 673, 829, 1044, 692, 702, 
-43, -1005, -961, 524, 458, -983, 971, 668, 819, 1029, 683, 692, 
-68, -1015, -946, 541, 439, -980, 976, 663, 810, 1015, 673, 683, 
-82, -1039, -956, 561, 436, -997, 980, 658, 800, 995, 649, 668, 
-97, -1054, -956, 575, 429, -1005, 985, 653, 790, 976, 634, 653, 
-112, -1068, -956, 590, 422, -1012, 990, 649, 780, 956, 619, 639, 
-126, -1083, -956, 605, 414, -1019, 995, 644, 771, 936, 605, 624, 
-136, -1093, -956, 614, 409, -1024, 1000, 634, 751, 917, 585, 600, 
-146, -1093, -946, 619, 400, -1019, 1005, 634, 741, 897, 566, 585, 
-156, -1093, -936, 624, 390, -1015, 1010, 634, 732, 878, 546, 570, 
-165, -1093, -927, 629, 380, -1010, 1015, 634, 722, 858, 527, 556, 
-175, -1117, -941, 646, 383, -1029, 1024, 624, 702, 839, 512, 541, 
-185, -1132, -946, 658, 380, -1039, 1034, 624, 692, 819, 497, 527, 
-195, -1146, -951, 671, 378, -1049, 1044, 624, 683, 800, 483, 512, 
-204, -1161, -956, 683, 375, -1058, 1054, 624, 673, 780, 468, 497, 
-229, -1171, -941, 700, 356, -1056, 1058, 624, 668, 761, 458, 483, 
-244, -1180, -936, 712, 346, -1058, 1063, 624, 663, 751, 448, 478, 
-258, -1190, -932, 724, 336, -1061, 1068, 624, 658, 741, 439, 473, 
-273, -1200, -927, 736, 326, -1063, 1073, 624, 653, 732, 429, 468, 
-278, -1190, -912, 734, 317, -1051, 1083, 614, 644, 722, 419, 458, 
-283, -1190, -907, 736, 312, -1049, 1083, 614, 634, 712, 409, 448, 
-287, -1190, -902, 739, 307, -1046, 1083, 614, 624, 702, 400, 439, 
-292, -1190, -897, 741, 302, -1044, 1083, 614, 614, 692, 390, 429, 
-297, -1205, -907, 751, 305, -1056, 1093, 614, 610, 683, 375, 414, 
-302, -1210, -907, 756, 302, -1058, 1093, 614, 605, 673, 370, 409, 
-307, -1215, -907, 761, 300, -1061, 1093, 614, 600, 663, 366, 405, 
-312, -1220, -907, 766, 297, -1063, 1093, 614, 595, 653, 361, 400, 
-322, -1234, -912, 778, 295, -1073, 1102, 614, 595, 653, 361, 409, 
-322, -1239, -917, 780, 297, -1078, 1102, 614, 595, 653, 361, 409, 
-322, -1244, -922, 783, 300, -1083, 1102, 614, 595, 653, 361, 409, 
-322, -1249, -927, 785, 302, -1088, 1102, 614, 595, 653, 361, 409, 
-331, -1259, -927, 795, 297, -1093, 1102, 605, 590, 649, 356, 395, 
-331, -1259, -927, 795, 297, -1093, 1102, 605, 585, 644, 351, 390, 
-331, -1259, -927, 795, 297, -1093, 1102, 605, 580, 639, 346, 385, 
-331, -1259, -927, 795, 297, -1093, 1102, 605, 575, 634, 341, 380, 
-341, -1259, -917, 800, 287, -1088, 1102, 605, 575, 634, 341, 380, 
-341, -1259, -917, 800, 287, -1088, 1102, 605, 575, 634, 341, 380, 
-341, -1259, -917, 800, 287, -1088, 1102, 605, 575, 634, 341, 380, 
-341, -1259, -917, 800, 287, -1088, 1102, 605, 575, 634, 341, 380, 
-356, -1268, -912, 812, 278, -1090, 1102, 614, 575, 644, 341, 390, 
-361, -1268, -907, 814, 273, -1088, 1102, 614, 575, 644, 341, 390, 
-366, -1268, -902, 817, 268, -1085, 1102, 614, 575, 644, 341, 390, 
-370, -1268, -897, 819, 263, -1083, 1102, 614, 575, 644, 341, 390, 
-366, -1263, -897, 814, 265, -1080, 1112, 614, 566, 634, 341, 380, 
-361, -1259, -897, 810, 268, -1078, 1112, 614, 566, 634, 341, 380, 
-356, -1254, -897, 805, 270, -1076, 1112, 614, 566, 634, 341, 380, 
-351, -1249, -897, 800, 273, -1073, 1112, 614, 566, 634, 341, 380, 
-341, -1239, -897, 790, 278, -1068, 1102, 614, 575, 624, 331, 380, 
-341, -1239, -897, 790, 278, -1068, 1102, 614, 575, 624, 331, 380, 
-341, -1239, -897, 790, 278, -1068, 1102, 614, 575, 624, 331, 380, 
-341, -1239, -897, 790, 278, -1068, 1102, 614, 575, 624, 331, 380, 
-341, -1249, -907, 795, 283, -1078, 1112, 614, 575, 634, 341, 385, 
-341, -1249, -907, 795, 283, -1078, 1112, 614, 575, 634, 341, 390, 
-341, -1249, -907, 795, 283, -1078, 1112, 614, 575, 634, 341, 395, 
-341, -1249, -907, 795, 283, -1078, 1112, 614, 575, 634, 341, 400, 
-346, -1259, -912, 802, 283, -1085, 1112, 614, 566, 624, 341, 395, 
-351, -1259, -907, 805, 278, -1083, 1112, 614, 566, 624, 341, 390, 
-356, -1259, -902, 807, 273, -1080, 1112, 614, 566, 624, 341, 385, 
-361, -1259, -897, 810, 268, -1078, 1112, 614, 566, 624, 341, 380, 
-370, -1259, -888, 814, 258, -1073, 1102, 605, 575, 634, 341, 390, 
-370, -1259, -888, 814, 258, -1073, 1102, 605, 575, 634, 341, 390, 
-370, -1259, -888, 814, 258, -1073, 1102, 605, 575, 634, 341, 390, 
-370, -1259, -888, 814, 258, -1073, 1102, 605, 575, 634, 341, 390, 
-361, -1249, -888, 805, 263, -1068, 1102, 614, 585, 634, 341, 380, 
-361, -1249, -888, 805, 263, -1068, 1102, 614, 585, 634, 341, 380, 
-361, -1249, -888, 805, 263, -1068, 1102, 614, 585, 634, 341, 380, 
-361, -1249, -888, 805, 263, -1068, 1102, 614, 585, 634, 341, 380, 
-351, -1249, -897, 800, 273, -1073, 1102, 614, 585, 644, 351, 390, 
-351, -1249, -897, 800, 273, -1073, 1102, 614, 585, 644, 351, 390, 
-351, -1249, -897, 800, 273, -1073, 1102, 614, 585, 644, 351, 390, 
-351, -1249, -897, 800, 273, -1073, 1102, 614, 585, 644, 351, 390, 
-341, -1239, -897, 790, 278, -1068, 1112, 614, 595, 653, 351, 390, 
-341, -1239, -897, 790, 278, -1068, 1112, 614, 595, 653, 351, 390, 
-341, -1239, -897, 790, 278, -1068, 1112, 614, 595, 653, 351, 390, 
-341, -1239, -897, 790, 278, -1068, 1112, 614, 595, 653, 351, 390, 
-336, -1229, -893, 783, 278, -1061, 1102, 614, 595, 644, 351, 390, 
-331, -1229, -897, 780, 283, -1063, 1102, 614, 595, 644, 351, 390, 
-326, -1229, -902, 778, 287, -1066, 1102, 614, 595, 644, 351, 390, 
-322, -1229, -907, 775, 292, -1068, 1102, 614, 595, 644, 351, 390, 
-322, -1229, -907, 775, 292, -1068, 1102, 614, 595, 644, 351, 390, 
-322, -1229, -907, 775, 292, -1068, 1102, 614, 595, 644, 351, 390, 
-322, -1229, -907, 775, 292, -1068, 1102, 614, 595, 644, 351, 390, 
-322, -1229, -907, 775, 292, -1068, 1102, 614, 595, 644, 351, 390, 
-336, -1234, -897, 785, 280, -1066, 1112, 614, 585, 644, 351, 390, 
-341, -1239, -897, 790, 278, -1068, 1112, 614, 585, 644, 351, 390, 
-346, -1244, -897, 795, 275, -1071, 1112, 614, 585, 644, 351, 390, 
-351, -1249, -897, 800, 273, -1073, 1112, 614, 585, 644, 351, 390, 
-341, -1244, -902, 793, 280, -1073, 1107, 610, 585, 644, 341, 380, 
-341, -1239, -897, 790, 278, -1068, 1102, 605, 585, 644, 341, 380, 
-341, -1234, -893, 788, 275, -1063, 1098, 600, 585, 644, 341, 380, 
-341, -1229, -888, 785, 273, -1058, 1093, 595, 585, 644, 341, 380, 
-331, -1224, -893, 778, 280, -1058, 1093, 595, 575, 634, 341, 370, 
-331, -1220, -888, 775, 278, -1054, 1093, 595, 575, 634, 341, 370, 
-331, -1215, -883, 773, 275, -1049, 1093, 595, 575, 634, 341, 370, 
-331, -1210, -878, 771, 273, -1044, 1093, 595, 575, 634, 341, 370, 
-341, -1220, -878, 780, 268, -1049, 1098, 605, 580, 639, 346, 375, 
-341, -1229, -888, 785, 273, -1058, 1102, 605, 585, 644, 351, 380, 
-341, -1239, -897, 790, 278, -1068, 1107, 605, 590, 649, 356, 385, 
-341, -1249, -907, 795, 283, -1078, 1112, 605, 595, 653, 361, 390, 
-336, -1239, -902, 788, 283, -1071, 1107, 595, 585, 644, 351, 390, 
-331, -1239, -907, 785, 287, -1073, 1102, 595, 585, 644, 351, 390, 
-326, -1239, -912, 783, 292, -1076, 1098, 595, 585, 644, 351, 390, 
-322, -1239, -917, 780, 297, -1078, 1093, 595, 585, 644, 351, 390, 
-331, -1229, -897, 780, 283, -1063, 1093, 595, 585, 634, 341, 390, 
-331, -1229, -897, 780, 283, -1063, 1093, 595, 585, 634, 341, 390, 
-331, -1229, -897, 780, 283, -1063, 1093, 595, 585, 634, 341, 390, 
-331, -1229, -897, 780, 283, -1063, 1093, 595, 585, 634, 341, 390, 
-336, -1239, -902, 788, 283, -1071, 1102, 595, 585, 644, 351, 390, 
-341, -1239, -897, 790, 278, -1068, 1102, 595, 585, 644, 351, 390, 
-346, -1239, -893, 793, 273, -1066, 1102, 595, 585, 644, 351, 390, 
-351, -1239, -888, 795, 268, -1063, 1102, 595, 585, 644, 351, 390, 
-341, -1234, -893, 788, 275, -1063, 1093, 595, 575, 634, 351, 390, 
-341, -1229, -888, 785, 273, -1058, 1093, 595, 575, 634, 351, 390, 
-341, -1224, -883, 783, 270, -1054, 1093, 595, 575, 634, 351, 390, 
-341, -1220, -878, 780, 268, -1049, 1093, 595, 575, 634, 351, 390, 
-351, -1229, -878, 790, 263, -1054, 1093, 585, 566, 624, 341, 380, 
-351, -1229, -878, 790, 263, -1054, 1093, 585, 566, 624, 341, 380, 
-351, -1229, -878, 790, 263, -1054, 1093, 585, 566, 624, 341, 380, 
-351, -1229, -878, 790, 263, -1054, 1093, 585, 566, 624, 341, 380, 
-341, -1229, -888, 785, 273, -1058, 1093, 595, 566, 634, 341, 370, 
-341, -1229, -888, 785, 273, -1058, 1093, 595, 566, 634, 341, 370, 
-341, -1229, -888, 785, 273, -1058, 1093, 595, 566, 634, 341, 370, 
-341, -1229, -888, 785, 273, -1058, 1093, 595, 566, 634, 341, 370, 
-346, -1244, -897, 795, 275, -1071, 1102, 595, 575, 634, 351, 380, 
-351, -1249, -897, 800, 273, -1073, 1102, 595, 575, 634, 351, 380, 
-356, -1254, -897, 805, 270, -1076, 1102, 595, 575, 634, 351, 380, 
-361, -1259, -897, 810, 268, -1078, 1102, 595, 575, 634, 351, 380, 
-351, -1254, -902, 802, 275, -1078, 1098, 585, 566, 634, 341, 380, 
-351, -1249, -897, 800, 273, -1073, 1093, 585, 566, 634, 341, 380, 
-351, -1244, -893, 797, 270, -1068, 1088, 585, 566, 634, 341, 380, 
-351, -1239, -888, 795, 268, -1063, 1083, 585, 566, 634, 341, 380, 
-346, -1224, -878, 785, 265, -1051, 1083, 585, 556, 629, 331, 370, 
-341, -1220, -878, 780, 268, -1049, 1083, 585, 556, 624, 331, 370, 
-336, -1215, -878, 775, 270, -1046, 1083, 585, 556, 619, 331, 370, 
-331, -1210, -878, 771, 273, -1044, 1083, 585, 556, 614, 331, 370, 
-336, -1220, -883, 778, 273, -1051, 1093, 585, 561, 624, 331, 370, 
-341, -1229, -888, 785, 273, -1058, 1093, 585, 566, 624, 331, 370, 
-346, -1239, -893, 793, 273, -1066, 1093, 585, 570, 624, 331, 370, 
-351, -1249, -897, 800, 273, -1073, 1093, 585, 575, 624, 331, 370, 
-341, -1244, -902, 793, 280, -1073, 1083, 575, 561, 614, 322, 361, 
-341, -1239, -897, 790, 278, -1068, 1083, 575, 556, 614, 322, 361, 
-341, -1234, -893, 788, 275, -1063, 1083, 575, 551, 614, 322, 361, 
-341, -1229, -888, 785, 273, -1058, 1083, 575, 546, 614, 322, 361, 
-351, -1239, -888, 795, 268, -1063, 1083, 575, 556, 614, 331, 361, 
-351, -1239, -888, 795, 268, -1063, 1083, 575, 556, 614, 331, 361, 
-351, -1239, -888, 795, 268, -1063, 1083, 575, 556, 614, 331, 361, 
-351, -1239, -888, 795, 268, -1063, 1083, 575, 556, 614, 331, 361, 
-361, -1239, -878, 800, 258, -1058, 1083, 575, 556, 624, 331, 361, 
-361, -1239, -878, 800, 258, -1058, 1083, 575, 556, 624, 331, 361, 
-361, -1239, -878, 800, 258, -1058, 1083, 575, 556, 624, 331, 361, 
-361, -1239, -878, 800, 258, -1058, 1083, 575, 556, 624, 331, 361, 
-361, -1239, -878, 800, 258, -1058, 1083, 575, 546, 619, 326, 361, 
-361, -1239, -878, 800, 258, -1058, 1083, 575, 546, 614, 322, 361, 
-361, -1239, -878, 800, 258, -1058, 1083, 575, 546, 610, 317, 361, 
-361, -1239, -878, 800, 258, -1058, 1083, 575, 546, 605, 312, 361, 
-370, -1249, -878, 810, 253, -1063, 1083, 575, 546, 614, 312, 370, 
-370, -1249, -878, 810, 253, -1063, 1083, 575, 546, 614, 312, 370, 
-370, -1249, -878, 810, 253, -1063, 1083, 575, 546, 614, 312, 370, 
-370, -1249, -878, 810, 253, -1063, 1083, 575, 546, 614, 312, 370, 
-366, -1234, -868, 800, 251, -1051, 1073, 575, 546, 614, 312, 361, 
-361, -1229, -868, 795, 253, -1049, 1073, 575, 546, 614, 312, 361, 
-356, -1224, -868, 790, 256, -1046, 1073, 575, 546, 614, 312, 361, 
-351, -1220, -868, 785, 258, -1044, 1073, 575, 546, 614, 312, 361, 
-336, -1220, -883, 778, 273, -1051, 1083, 566, 546, 614, 312, 370, 
-331, -1220, -888, 775, 278, -1054, 1083, 566, 546, 614, 312, 370, 
-326, -1220, -893, 773, 283, -1056, 1083, 566, 546, 614, 312, 370, 
-322, -1220, -897, 771, 287, -1058, 1083, 566, 546, 614, 312, 370, 
-331, -1220, -888, 775, 278, -1054, 1093, 575, 556, 624, 322, 370, 
-331, -1220, -888, 775, 278, -1054, 1093, 575, 556, 624, 322, 370, 
-331, -1220, -888, 775, 278, -1054, 1093, 575, 556, 624, 322, 370, 
-331, -1220, -888, 775, 278, -1054, 1093, 575, 556, 624, 322, 370, 
-336, -1224, -888, 780, 275, -1056, 1083, 575, 556, 614, 322, 361, 
-341, -1229, -888, 785, 273, -1058, 1083, 575, 556, 614, 322, 361, 
-346, -1234, -888, 790, 270, -1061, 1083, 575, 556, 614, 322, 361, 
-351, -1239, -888, 795, 268, -1063, 1083, 575, 556, 614, 322, 361, 
-361, -1234, -873, 797, 256, -1054, 1083, 575, 556, 614, 322, 351, 
-361, -1229, -868, 795, 253, -1049, 1083, 575, 556, 614, 322, 351, 
-361, -1224, -863, 793, 251, -1044, 1083, 575, 556, 614, 322, 351, 
-361, -1220, -858, 790, 248, -1039, 1083, 575, 556, 614, 322, 351, 
-351, -1229, -878, 790, 263, -1054, 1083, 566, 546, 605, 312, 351, 
-351, -1229, -878, 790, 263, -1054, 1083, 566, 546, 605, 312, 351, 
-351, -1229, -878, 790, 263, -1054, 1083, 566, 546, 605, 312, 351, 
-351, -1229, -878, 790, 263, -1054, 1083, 566, 546, 605, 312, 351, 
-351, -1239, -888, 795, 268, -1063, 1083, 575, 546, 605, 312, 361, 
-351, -1239, -888, 795, 268, -1063, 1083, 575, 546, 605, 312, 361, 
-351, -1239, -888, 795, 268, -1063, 1083, 575, 546, 605, 312, 361, 
-351, -1239, -888, 795, 268, -1063, 1083, 575, 546, 605, 312, 361, 
-361, -1234, -873, 797, 256, -1054, 1093, 575, 556, 614, 312, 361, 
-361, -1229, -868, 795, 253, -1049, 1093, 575, 556, 614, 312, 361, 
-361, -1224, -863, 793, 251, -1044, 1093, 575, 556, 614, 312, 361, 
-361, -1220, -858, 790, 248, -1039, 1093, 575, 556, 614, 312, 361, 
-351, -1205, -854, 778, 251, -1029, 1093, 585, 566, 624, 322, 375, 
-341, -1190, -849, 766, 253, -1019, 1093, 585, 575, 634, 331, 380, 
-331, -1176, -844, 753, 256, -1010, 1093, 585, 585, 644, 341, 385, 
-322, -1161, -839, 741, 258, -1000, 1093, 585, 595, 653, 351, 390, 
-312, -1146, -834, 729, 261, -990, 1098, 585, 600, 663, 361, 400, 
-312, -1146, -834, 729, 261, -990, 1102, 590, 605, 668, 366, 400, 
-312, -1141, -829, 727, 258, -985, 1112, 595, 614, 668, 366, 405, 
-307, -1137, -829, 722, 261, -983, 1122, 600, 619, 668, 366, 405, 
-297, -1137, -839, 717, 270, -988, 1122, 600, 610, 668, 366, 405, 
-292, -1137, -844, 714, 275, -990, 1112, 595, 614, 678, 366, 405, 
-292, -1137, -844, 714, 275, -990, 1107, 595, 614, 678, 370, 405, 
-287, -1137, -849, 712, 280, -993, 1093, 595, 619, 678, 370, 414, 
-283, -1127, -844, 705, 280, -985, 1083, 585, 629, 683, 380, 414, 
-278, -1117, -839, 697, 280, -978, 1073, 580, 634, 692, 395, 414, 
-268, -1112, -844, 690, 287, -978, 1058, 580, 634, 697, 395, 419, 
-263, -1107, -844, 685, 290, -976, 1049, 580, 629, 697, 405, 429, 
-258, -1112, -854, 685, 297, -983, 1034, 570, 629, 702, 395, 434, 
-244, -1107, -863, 675, 309, -985, 1024, 566, 629, 702, 395, 439, 
-229, -1102, -873, 666, 322, -988, 1010, 561, 629, 702, 400, 439, 
-224, -1098, -873, 661, 324, -985, 1010, 561, 629, 707, 405, 444, 
-214, -1098, -883, 656, 334, -990, 1010, 561, 634, 707, 419, 458, 
-209, -1098, -888, 653, 339, -993, 1010, 561, 629, 707, 419, 458, 
-209, -1098, -888, 653, 339, -993, 1010, 561, 629, 707, 414, 458, 
-209, -1098, -888, 653, 339, -993, 1015, 561, 619, 697, 405, 448, 
-224, -1102, -878, 663, 326, -990, 1005, 556, 585, 668, 380, 429, 
-239, -1112, -873, 675, 317, -993, 1010, 546, 570, 658, 375, 429, 
-239, -1112, -873, 675, 317, -993, 1010, 541, 570, 658, 375, 429, 
-239, -1112, -873, 675, 317, -993, 1010, 541, 566, 653, 370, 424, 
-244, -1127, -883, 685, 319, -1005, 1019, 536, 561, 658, 366, 419, 
-258, -1141, -883, 700, 312, -1012, 1019, 531, 556, 653, 361, 419, 
-263, -1156, -893, 710, 314, -1024, 1024, 531, 556, 644, 361, 414, 
-263, -1166, -902, 714, 319, -1034, 1024, 531, 556, 639, 356, 409, 
-283, -1156, -873, 719, 295, -1015, 1024, 522, 541, 629, 341, 400, 
-297, -1156, -858, 727, 280, -1007, 1024, 512, 536, 629, 341, 395, 
-307, -1161, -854, 734, 273, -1007, 1029, 522, 531, 629, 336, 395, 
-317, -1166, -849, 741, 265, -1007, 1029, 522, 531, 624, 336, 390, 
-317, -1176, -858, 746, 270, -1017, 1019, 527, 527, 619, 331, 385, 
-322, -1185, -863, 753, 270, -1024, 1029, 527, 527, 614, 326, 380, 
-326, -1190, -863, 758, 268, -1027, 1039, 527, 527, 610, 322, 375, 
-336, -1195, -858, 766, 261, -1027, 1039, 527, 522, 610, 322, 366, 
-336, -1200, -863, 768, 263, -1032, 1049, 517, 517, 605, 322, 356, 
-341, -1215, -873, 778, 265, -1044, 1054, 522, 517, 600, 317, 356, 
-341, -1224, -883, 783, 270, -1054, 1058, 527, 517, 595, 317, 356, 
-341, -1224, -883, 783, 270, -1054, 1063, 527, 512, 595, 312, 351, 
-346, -1215, -868, 780, 261, -1041, 1063, 527, 512, 590, 297, 346, 
-361, -1220, -858, 790, 248, -1039, 1063, 527, 512, 590, 297, 346, 
-351, -1220, -868, 785, 258, -1044, 1063, 527, 502, 585, 292, 341, 
-346, -1224, -878, 785, 265, -1051, 1063, 527, 502, 580, 292, 336, 
-351, -1224, -873, 788, 261, -1049, 1058, 522, 497, 566, 287, 322, 
-351, -1234, -883, 793, 265, -1058, 1054, 522, 492, 561, 278, 322, 
-366, -1234, -868, 800, 251, -1051, 1049, 527, 492, 561, 278, 322, 
-370, -1244, -873, 807, 251, -1058, 1044, 527, 492, 561, 283, 322, 
-366, -1234, -868, 800, 251, -1051, 1063, 536, 488, 561, 283, 331, 
-361, -1234, -873, 797, 256, -1054, 1063, 536, 488, 566, 283, 336, 
-356, -1234, -878, 795, 261, -1056, 1058, 536, 483, 566, 283, 336, 
-351, -1234, -883, 793, 265, -1058, 1054, 536, 483, 556, 273, 326, 
-370, -1239, -868, 805, 248, -1054, 1054, 536, 492, 551, 273, 322, 
-366, -1244, -878, 805, 256, -1061, 1058, 536, 492, 551, 273, 322, 
-366, -1249, -883, 807, 258, -1066, 1063, 541, 492, 551, 278, 322, 
-370, -1259, -888, 814, 258, -1073, 1068, 546, 492, 556, 278, 322, 
-375, -1273, -897, 824, 261, -1085, 1078, 546, 507, 561, 283, 326, 
-385, -1278, -893, 832, 253, -1085, 1083, 551, 507, 561, 283, 326, 
-395, -1283, -888, 839, 246, -1085, 1083, 551, 507, 561, 283, 326, 
-405, -1288, -883, 846, 239, -1085, 1083, 551, 507, 561, 283, 322, 
-400, -1268, -868, 834, 234, -1068, 1083, 541, 502, 561, 273, 317, 
-390, -1263, -873, 827, 241, -1068, 1083, 541, 497, 561, 273, 317, 
-385, -1254, -868, 819, 241, -1061, 1083, 541, 492, 561, 273, 322, 
-380, -1234, -854, 807, 236, -1044, 1083, 541, 488, 561, 268, 322, 
-370, -1244, -873, 807, 251, -1058, 1073, 546, 492, 570, 278, 331, 
-375, -1259, -883, 817, 253, -1071, 1073, 546, 497, 570, 283, 326, 
-375, -1249, -873, 812, 248, -1061, 1078, 551, 502, 570, 283, 326, 
-370, -1249, -878, 810, 253, -1063, 1078, 551, 507, 570, 278, 326, 
-370, -1254, -883, 812, 256, -1068, 1073, 541, 502, 566, 268, 317, 
-375, -1259, -883, 817, 253, -1071, 1073, 541, 502, 561, 273, 317, 
-375, -1263, -888, 819, 256, -1076, 1083, 546, 507, 561, 273, 322, 
-375, -1268, -893, 822, 258, -1080, 1083, 546, 507, 556, 273, 322, 
-390, -1259, -868, 824, 239, -1063, 1083, 541, 507, 566, 273, 317, 
-395, -1259, -863, 827, 234, -1061, 1078, 541, 502, 561, 273, 317, 
-400, -1259, -858, 829, 229, -1058, 1078, 541, 502, 556, 268, 317, 
-405, -1259, -854, 832, 224, -1056, 1078, 541, 502, 556, 268, 317, 
-400, -1249, -849, 824, 224, -1049, 1078, 541, 502, 556, 268, 317, 
-395, -1249, -854, 822, 229, -1051, 1078, 541, 502, 561, 273, 317, 
-400, -1249, -849, 824, 224, -1049, 1078, 541, 507, 561, 273, 317, 
-395, -1249, -854, 822, 229, -1051, 1078, 541, 507, 561, 273, 322, 
-385, -1249, -863, 817, 239, -1056, 1078, 551, 507, 570, 273, 322, 
-366, -1224, -858, 795, 246, -1041, 1083, 556, 507, 570, 283, 322, 
-356, -1205, -849, 780, 246, -1027, 1093, 561, 517, 570, 273, 317, 
-361, -1220, -858, 790, 248, -1039, 1098, 566, 531, 566, 263, 302, 
-370, -1249, -878, 810, 253, -1063, 1132, 605, 566, 566, 263, 287, 
-385, -1263, -878, 824, 246, -1071, 1171, 658, 619, 595, 273, 287, 
-405, -1249, -844, 827, 219, -1046, 1190, 683, 683, 644, 297, 302, 
-395, -1224, -829, 810, 217, -1027, 1220, 727, 746, 697, 326, 326, 
-375, -1220, -844, 797, 234, -1032, 1249, 780, 824, 761, 370, 351, 
-326, -1205, -878, 766, 275, -1041, 1283, 839, 893, 829, 414, 400, 
-258, -1151, -893, 705, 317, -1022, 1302, 897, 956, 907, 483, 453, 
-146, -1039, -893, 592, 373, -966, 1312, 961, 1034, 1005, 570, 531, 
-48, -980, -932, 514, 441, -956, 1307, 1000, 1073, 1122, 673, 639, 
58, -990, -1049, 466, 553, -1019, 1239, 980, 1024, 1185, 766, 736, 
180, -971, -1151, 395, 666, -1061, 1102, 878, 878, 1185, 814, 800, 
302, -878, -1180, 287, 741, -1029, 966, 746, 732, 1180, 854, 868, 
405, -780, -1185, 187, 795, -983, 819, 614, 644, 1254, 941, 976, 
507, -688, -1195, 90, 851, -941, 614, 458, 580, 1366, 1073, 1127, 
619, -585, -1205, -17, 912, -895, 400, 317, 517, 1507, 1224, 1288, 
692, -488, -1180, -102, 936, -834, 214, 180, 488, 1703, 1415, 1478, 
732, -414, -1146, -158, 939, -780, 87, 63, 483, 1849, 1566, 1610, 
692, -424, -1117, -134, 905, -771, 53, 0, 424, 1761, 1478, 1566, 
551, -541, -1093, -4, 822, -817, 126, 0, 297, 1390, 1127, 1273, 
351, -702, -1054, 175, 702, -878, 248, 4, 161, 976, 761, 956, 
185, -800, -985, 307, 585, -893, 346, 4, 92, 736, 570, 780, 
24, -834, -858, 405, 441, -846, 424, 4, 68, 595, 473, 683, 
-122, -897, -775, 509, 326, -836, 517, 39, 68, 492, 380, 590, 
-204, -995, -790, 600, 292, -893, 614, 107, 48, 405, 307, 512, 
-234, -1078, -844, 656, 305, -961, 683, 185, 53, 366, 283, 483, 
-268, -1078, -810, 673, 270, -944, 751, 248, 112, 390, 283, 468, 
-287, -1078, -790, 683, 251, -934, 805, 297, 190, 439, 287, 448, 
-297, -1117, -819, 707, 261, -968, 858, 336, 253, 478, 292, 434, 
-297, -1141, -844, 719, 273, -993, 897, 375, 317, 517, 307, 424, 
-302, -1137, -834, 719, 265, -985, 941, 419, 375, 541, 312, 419, 
-302, -1132, -829, 717, 263, -980, 971, 468, 439, 575, 331, 414, 
-292, -1122, -829, 707, 268, -976, 990, 512, 497, 614, 356, 419, 
-283, -1122, -839, 702, 278, -980, 1010, 531, 527, 634, 346, 395, 
-297, -1137, -839, 717, 270, -988, 1019, 546, 541, 634, 331, 380, 
-312, -1156, -844, 734, 265, -1000, 1039, 566, 551, 644, 322, 375, 
-317, -1171, -854, 744, 268, -1012, 1049, 575, 551, 634, 326, 380, 
-317, -1166, -849, 741, 265, -1007, 1058, 566, 536, 624, 312, 375, 
-326, -1171, -844, 749, 258, -1007, 1068, 561, 527, 614, 317, 366, 
-336, -1176, -839, 756, 251, -1007, 1073, 561, 527, 610, 312, 361, 
-336, -1180, -844, 758, 253, -1012, 1073, 561, 531, 605, 312, 361, 
-331, -1185, -854, 758, 261, -1019, 1073, 566, 541, 605, 317, 366, 
-336, -1176, -839, 756, 251, -1007, 1083, 556, 551, 605, 307, 361, 
-336, -1176, -839, 756, 251, -1007, 1083, 566, 561, 605, 302, 346, 
-346, -1190, -844, 768, 248, -1017, 1083, 566, 566, 605, 302, 341, 
-351, -1200, -849, 775, 248, -1024, 1088, 575, 566, 610, 302, 336, 
-346, -1190, -844, 768, 248, -1017, 1093, 580, 561, 605, 302, 341, 
-346, -1190, -844, 768, 248, -1017, 1088, 580, 556, 605, 302, 341, 
-341, -1190, -849, 766, 253, -1019, 1088, 580, 546, 605, 302, 341, 
-341, -1190, -849, 766, 253, -1019, 1083, 575, 536, 600, 297, 336, 
-336, -1180, -844, 758, 253, -1012, 1088, 585, 541, 605, 307, 346, 
-326, -1176, -849, 751, 261, -1012, 1088, 585, 551, 614, 312, 351, 
-322, -1171, -849, 746, 263, -1010, 1088, 590, 561, 619, 312, 351, 
-317, -1171, -854, 744, 268, -1012, 1098, 590, 570, 624, 317, 351, 
-331, -1176, -844, 753, 256, -1010, 1098, 595, 585, 624, 317, 356, 
-336, -1176, -839, 756, 251, -1007, 1093, 595, 585, 624, 317, 356, 
-341, -1180, -839, 761, 248, -1010, 1093, 600, 580, 634, 317, 356, 
-346, -1190, -844, 768, 248, -1017, 1098, 600, 580, 634, 322, 356, 
-361, -1200, -839, 780, 239, -1019, 1107, 600, 580, 624, 312, 356, 
-361, -1200, -839, 780, 239, -1019, 1102, 595, 575, 629, 312, 356, 
-351, -1190, -839, 771, 244, -1015, 1102, 595, 570, 629, 312, 356, 
-346, -1185, -839, 766, 246, -1012, 1102, 595, 570, 629, 317, 356, 
-336, -1180, -844, 758, 253, -1012, 1102, 585, 580, 629, 317, 351, 
-336, -1180, -844, 758, 253, -1012, 1102, 590, 590, 634, 322, 351, 
-336, -1185, -849, 761, 256, -1017, 1107, 595, 595, 639, 322, 356, 
-336, -1185, -849, 761, 256, -1017, 1107, 595, 595, 639, 322, 356, 
-336, -1190, -854, 763, 258, -1022, 1102, 605, 595, 644, 331, 366, 
-336, -1195, -858, 766, 261, -1027, 1102, 600, 590, 644, 331, 366, 
-336, -1200, -863, 768, 263, -1032, 1102, 600, 590, 649, 331, 366, 
-336, -1200, -863, 768, 263, -1032, 1107, 600, 595, 653, 331, 370, 
-331, -1195, -863, 763, 265, -1029, 1098, 590, 585, 644, 326, 361, 
-326, -1180, -854, 753, 263, -1017, 1098, 590, 585, 644, 326, 356, 
-326, -1176, -849, 751, 261, -1012, 1098, 590, 585, 644, 322, 356, 
-326, -1171, -844, 749, 258, -1007, 1098, 590, 585, 644, 322, 356, 
-322, -1171, -849, 746, 263, -1010, 1098, 595, 585, 658, 331, 361, 
-331, -1171, -839, 751, 253, -1005, 1098, 600, 590, 658, 331, 366, 
-331, -1171, -839, 751, 253, -1005, 1098, 605, 600, 663, 331, 380, 
-331, -1171, -839, 751, 253, -1005, 1093, 614, 605, 663, 336, 385, 
-317, -1166, -849, 741, 265, -1007, 1102, 605, 595, 658, 336, 375, 
-312, -1161, -849, 736, 268, -1005, 1102, 605, 595, 658, 341, 375, 
-307, -1161, -854, 734, 273, -1007, 1102, 605, 600, 658, 341, 375, 
-307, -1161, -854, 734, 273, -1007, 1102, 605, 600, 658, 346, 375, 
-297, -1146, -849, 722, 275, -997, 1093, 605, 600, 663, 341, 370, 
-287, -1146, -858, 717, 285, -1002, 1093, 605, 600, 663, 341, 370, 
-287, -1151, -863, 719, 287, -1007, 1093, 610, 605, 668, 341, 375, 
-287, -1156, -868, 722, 290, -1012, 1093, 610, 605, 668, 341, 375, 
-302, -1161, -858, 732, 278, -1010, 1093, 614, 605, 668, 351, 385, 
-297, -1156, -858, 727, 280, -1007, 1093, 614, 610, 673, 351, 385, 
-302, -1161, -858, 732, 278, -1010, 1093, 614, 610, 678, 356, 385, 
-307, -1166, -858, 736, 275, -1012, 1093, 610, 610, 678, 356, 385, 
-302, -1161, -858, 732, 278, -1010, 1102, 610, 610, 688, 356, 390, 
-297, -1161, -863, 729, 283, -1012, 1098, 610, 610, 688, 356, 390, 
-287, -1161, -873, 724, 292, -1017, 1098, 610, 614, 688, 356, 390, 
-283, -1151, -868, 717, 292, -1010, 1093, 610, 619, 692, 361, 395, 
-297, -1161, -863, 729, 283, -1012, 1083, 614, 619, 683, 351, 395, 
-302, -1161, -858, 732, 278, -1010, 1088, 614, 624, 688, 356, 390, 
-302, -1161, -858, 732, 278, -1010, 1088, 614, 624, 688, 356, 385, 
-302, -1156, -854, 729, 275, -1005, 1088, 614, 624, 692, 356, 385, 
-297, -1132, -834, 714, 268, -983, 1098, 619, 624, 697, 361, 395, 
-287, -1132, -844, 710, 278, -988, 1098, 619, 629, 702, 366, 395, 
-283, -1132, -849, 707, 283, -990, 1098, 619, 639, 702, 370, 395, 
-278, -1132, -854, 705, 287, -993, 1098, 624, 639, 707, 370, 405, 
-268, -1127, -858, 697, 295, -993, 1088, 614, 639, 707, 366, 405, 
-268, -1127, -858, 697, 295, -993, 1088, 614, 644, 712, 370, 405, 
-268, -1127, -858, 697, 295, -993, 1088, 614, 644, 722, 370, 405, 
-268, -1127, -858, 697, 295, -993, 1088, 614, 644, 722, 375, 405, 
-268, -1127, -858, 697, 295, -993, 1093, 624, 663, 732, 380, 424, 
-263, -1127, -863, 695, 300, -995, 1098, 629, 663, 732, 385, 424, 
-263, -1127, -863, 695, 300, -995, 1102, 634, 663, 741, 395, 424, 
-263, -1122, -858, 692, 297, -990, 1107, 649, 673, 746, 405, 434, 
-258, -1122, -863, 690, 302, -993, 1112, 649, 663, 741, 400, 429, 
-258, -1117, -858, 688, 300, -988, 1112, 644, 663, 746, 405, 429, 
-253, -1112, -858, 683, 302, -985, 1102, 644, 663, 751, 405, 429, 
-253, -1107, -854, 680, 300, -980, 1102, 644, 668, 756, 409, 434, 
-244, -1098, -854, 671, 305, -976, 1102, 649, 678, 761, 424, 453, 
-239, -1093, -854, 666, 307, -973, 1102, 649, 688, 766, 429, 453, 
-224, -1088, -863, 656, 319, -976, 1102, 649, 692, 766, 429, 453, 
-214, -1078, -863, 646, 324, -971, 1098, 649, 697, 771, 429, 458, 
-229, -1093, -863, 661, 317, -978, 1098, 653, 692, 775, 429, 468, 
-234, -1102, -868, 668, 317, -985, 1098, 658, 697, 785, 434, 473, 
-234, -1122, -888, 678, 326, -1005, 1098, 658, 702, 785, 434, 473, 
-229, -1112, -883, 671, 326, -997, 1098, 658, 702, 790, 439, 478, 
-214, -1102, -888, 658, 336, -995, 1083, 649, 692, 785, 434, 468, 
-209, -1093, -883, 651, 336, -988, 1083, 649, 697, 790, 439, 468, 
-195, -1078, -883, 636, 344, -980, 1078, 649, 707, 800, 448, 468, 
-185, -1058, -873, 622, 344, -966, 1073, 649, 712, 805, 453, 473, 
-175, -1049, -873, 612, 348, -961, 1073, 649, 717, 810, 463, 483, 
-165, -1049, -883, 607, 358, -966, 1073, 653, 722, 824, 473, 488, 
-165, -1049, -883, 607, 358, -966, 1068, 653, 727, 834, 478, 492, 
-165, -1039, -873, 602, 353, -956, 1063, 653, 727, 834, 483, 497, 
-165, -1049, -883, 607, 358, -966, 1058, 653, 732, 844, 483, 497, 
-161, -1049, -888, 605, 363, -968, 1058, 653, 736, 849, 488, 502, 
-156, -1049, -893, 602, 368, -971, 1054, 653, 741, 858, 497, 507, 
-156, -1044, -888, 600, 366, -966, 1049, 653, 746, 863, 497, 517, 
-146, -1029, -883, 588, 368, -956, 1044, 663, 756, 868, 512, 522, 
-141, -1019, -878, 580, 368, -949, 1039, 668, 766, 878, 517, 536, 
-122, -1015, -893, 568, 385, -954, 1039, 668, 771, 888, 531, 541, 
-117, -1000, -883, 558, 383, -941, 1039, 678, 775, 897, 536, 556, 
-107, -1000, -893, 553, 392, -946, 1034, 668, 780, 907, 546, 556, 
-97, -1000, -902, 549, 402, -951, 1029, 668, 785, 922, 556, 561, 
-92, -1000, -907, 546, 407, -954, 1024, 668, 790, 932, 566, 570, 
-87, -985, -897, 536, 405, -941, 1019, 668, 805, 941, 570, 580, 
-97, -985, -888, 541, 395, -936, 1015, 678, 810, 941, 585, 575, 
-87, -985, -897, 536, 405, -941, 1010, 673, 810, 951, 600, 585, 
-73, -980, -907, 527, 417, -944, 1005, 673, 814, 966, 600, 595, 
-63, -976, -912, 519, 424, -944, 1000, 673, 819, 976, 610, 605, 
-43, -951, -907, 497, 431, -929, 985, 663, 819, 976, 610, 614, 
-43, -936, -893, 490, 424, -915, 976, 663, 824, 985, 610, 624, 
-43, -922, -878, 483, 417, -900, 971, 663, 829, 990, 619, 629, 
-34, -902, -868, 468, 417, -885, 966, 663, 839, 1005, 629, 644, 
-14, -907, -893, 461, 439, -900, 966, 673, 839, 1019, 639, 649, 
-14, -907, -893, 461, 439, -900, 966, 673, 844, 1024, 649, 658, 
-4, -902, -897, 453, 446, -900, 966, 668, 849, 1029, 658, 668, 
9, -888, -897, 439, 453, -893, 971, 668, 854, 1039, 663, 678, 
24, -873, -897, 424, 461, -885, 956, 658, 854, 1044, 668, 678, 
24, -868, -893, 422, 458, -880, 951, 658, 858, 1044, 668, 678, 
24, -863, -888, 419, 456, -875, 951, 658, 863, 1058, 673, 688, 
39, -858, -897, 409, 468, -878, 946, 653, 863, 1063, 683, 692, 
19, -868, -888, 424, 453, -878, 946, 653, 863, 1054, 678, 697, 
9, -873, -883, 431, 446, -878, 946, 658, 868, 1058, 683, 707, 
0, -873, -873, 436, 436, -873, 941, 658, 868, 1063, 688, 712, 
0, -873, -873, 436, 436, -873, 936, 649, 868, 1068, 688, 712, 
-4, -868, -863, 436, 429, -866, 927, 644, 868, 1063, 692, 702, 
0, -863, -863, 431, 431, -863, 927, 644, 863, 1063, 697, 707, 
4, -858, -863, 427, 434, -861, 922, 634, 863, 1063, 697, 712, 
24, -844, -868, 409, 446, -856, 917, 629, 863, 1063, 692, 712, 
34, -854, -888, 409, 461, -871, 917, 629, 854, 1063, 692, 712, 
39, -863, -902, 412, 470, -883, 917, 624, 854, 1063, 697, 712, 
39, -873, -912, 417, 475, -893, 917, 624, 849, 1058, 697, 712, 
48, -873, -922, 412, 485, -897, 917, 614, 839, 1054, 692, 707, 
39, -873, -912, 417, 475, -893, 922, 624, 839, 1054, 683, 712, 
24, -873, -897, 424, 461, -885, 922, 614, 834, 1044, 678, 697, 
0, -893, -893, 446, 446, -893, 927, 610, 819, 1024, 668, 683, 
-9, -907, -897, 458, 444, -902, 932, 610, 805, 1015, 649, 678, 
-14, -907, -893, 461, 439, -900, 932, 595, 810, 1005, 649, 663, 
-24, -917, -893, 470, 434, -905, 941, 590, 805, 985, 634, 649, 
-43, -927, -883, 485, 419, -905, 951, 585, 790, 971, 619, 634, 
-63, -941, -878, 502, 407, -910, 961, 580, 780, 951, 600, 624, 
-87, -936, -849, 512, 380, -893, 956, 575, 756, 927, 580, 614, 
-102, -941, -839, 522, 368, -890, 961, 575, 746, 912, 556, 595, 
-117, -961, -844, 539, 363, -902, 971, 575, 746, 893, 546, 570, 
-136, -980, -844, 558, 353, -912, 976, 570, 741, 863, 527, 556, 
-156, -995, -839, 575, 341, -917, 985, 566, 732, 849, 512, 536, 
-170, -1005, -834, 588, 331, -919, 1000, 566, 722, 824, 492, 517, 
-190, -1019, -829, 605, 319, -924, 1000, 561, 707, 810, 478, 502, 
-209, -1039, -829, 624, 309, -934, 1010, 556, 697, 790, 458, 492, 
-234, -1058, -824, 646, 295, -941, 1024, 556, 673, 780, 448, 473, 
-244, -1073, -829, 658, 292, -951, 1029, 556, 663, 761, 429, 458, 
-258, -1078, -819, 668, 280, -949, 1034, 556, 653, 746, 419, 448, 
-273, -1098, -824, 685, 275, -961, 1039, 551, 649, 732, 409, 439, 
-283, -1107, -824, 695, 270, -966, 1034, 551, 649, 732, 400, 434, 
-292, -1107, -814, 700, 261, -961, 1039, 551, 634, 707, 380, 419, 
-292, -1112, -819, 702, 263, -966, 1044, 551, 624, 697, 375, 414, 
-297, -1112, -814, 705, 258, -963, 1049, 546, 619, 683, 361, 400, 
-287, -1122, -834, 705, 273, -978, 1058, 546, 619, 673, 356, 390, 
-283, -1122, -839, 702, 278, -980, 1063, 551, 614, 658, 351, 390, 
-283, -1127, -844, 705, 280, -985, 1073, 551, 610, 653, 346, 385, 
-292, -1127, -834, 710, 270, -980, 1083, 551, 605, 653, 336, 380, 
-307, -1117, -810, 712, 251, -963, 1083, 551, 600, 639, 322, 375, 
-317, -1127, -810, 722, 246, -968, 1078, 546, 595, 634, 317, 370, 
-326, -1132, -805, 729, 239, -968, 1078, 546, 585, 634, 317, 370, 
-326, -1132, -805, 729, 239, -968, 1073, 546, 585, 634, 312, 366, 
-336, -1137, -800, 736, 231, -968, 1073, 551, 580, 634, 312, 370, 
-346, -1141, -795, 744, 224, -968, 1078, 556, 580, 629, 312, 361, 
-346, -1156, -810, 751, 231, -983, 1088, 561, 580, 624, 317, 361, 
-346, -1161, -814, 753, 234, -988, 1093, 561, 575, 619, 317, 361, 
-346, -1166, -819, 756, 236, -993, 1088, 546, 561, 605, 307, 356, 
-351, -1166, -814, 758, 231, -990, 1083, 541, 556, 605, 302, 351, 
-351, -1171, -819, 761, 234, -995, 1078, 536, 556, 600, 302, 341, 
-346, -1171, -824, 758, 239, -997, 1078, 531, 556, 600, 302, 336, 
-341, -1166, -824, 753, 241, -995, 1078, 541, 551, 605, 302, 346, 
-341, -1166, -824, 753, 241, -995, 1078, 541, 551, 605, 302, 346, 
-356, -1171, -814, 763, 229, -993, 1078, 541, 551, 600, 302, 341, 
-356, -1171, -814, 763, 229, -993, 1078, 541, 551, 600, 297, 341, 
-366, -1171, -805, 768, 219, -988, 1078, 541, 551, 600, 287, 331, 
-366, -1171, -805, 768, 219, -988, 1078, 541, 551, 595, 287, 331, 
-370, -1171, -800, 771, 214, -985, 1078, 536, 546, 595, 283, 331, 
-375, -1180, -805, 778, 214, -993, 1078, 536, 546, 595, 283, 331, 
-370, -1176, -805, 773, 217, -990, 1078, 541, 551, 595, 292, 331, 
-366, -1161, -795, 763, 214, -978, 1078, 541, 551, 595, 292, 331, 
-361, -1156, -795, 758, 217, -976, 1078, 541, 556, 595, 297, 331, 
-356, -1156, -800, 756, 222, -978, 1078, 541, 556, 595, 297, 331, 
-361, -1161, -800, 761, 219, -980, 1078, 531, 556, 605, 297, 331, 
-361, -1161, -800, 761, 219, -980, 1083, 531, 556, 610, 302, 336, 
-366, -1161, -795, 763, 214, -978, 1083, 531, 556, 610, 302, 336, 
-366, -1156, -790, 761, 212, -973, 1083, 531, 556, 610, 302, 336, 
-356, -1151, -795, 753, 219, -973, 1073, 541, 556, 610, 297, 341, 
-356, -1151, -795, 753, 219, -973, 1073, 541, 556, 610, 297, 341, 
-356, -1156, -800, 756, 222, -978, 1073, 541, 556, 610, 292, 341, 
-356, -1156, -800, 756, 222, -978, 1073, 536, 556, 610, 292, 341, 
-366, -1156, -790, 761, 212, -973, 1083, 536, 566, 605, 297, 336, 
-361, -1156, -795, 758, 217, -976, 1083, 536, 566, 605, 297, 336, 
-356, -1151, -795, 753, 219, -973, 1083, 536, 566, 605, 297, 341, 
-356, -1151, -795, 753, 219, -973, 1083, 536, 566, 605, 297, 341, 
-361, -1146, -785, 753, 212, -966, 1073, 536, 566, 610, 307, 351, 
-361, -1141, -780, 751, 209, -961, 1073, 536, 566, 614, 307, 351, 
-356, -1141, -785, 749, 214, -963, 1073, 536, 570, 619, 307, 351, 
-356, -1141, -785, 749, 214, -963, 1073, 541, 575, 624, 307, 351, 
-366, -1141, -775, 753, 204, -958, 1073, 541, 566, 614, 307, 351, 
-370, -1141, -771, 756, 200, -956, 1073, 541, 566, 619, 312, 351, 
-370, -1146, -775, 758, 202, -961, 1073, 541, 566, 624, 312, 356, 
-370, -1146, -775, 758, 202, -961, 1073, 541, 566, 624, 312, 356, 
-366, -1137, -771, 751, 202, -954, 1063, 541, 556, 619, 307, 346, 
-361, -1137, -775, 749, 207, -956, 1063, 541, 556, 619, 307, 346, 
-356, -1127, -771, 741, 207, -949, 1063, 541, 556, 619, 307, 346, 
-351, -1122, -771, 736, 209, -946, 1063, 541, 556, 619, 307, 346, 
-341, -1132, -790, 736, 224, -961, 1063, 541, 556, 610, 297, 336, 
-336, -1141, -805, 739, 234, -973, 1063, 541, 556, 610, 302, 336, 
-331, -1146, -814, 739, 241, -980, 1063, 541, 556, 610, 302, 336, 
-331, -1151, -819, 741, 244, -985, 1058, 541, 556, 610, 307, 336, 
-331, -1137, -805, 734, 236, -971, 1058, 531, 566, 619, 307, 346, 
-336, -1137, -800, 736, 231, -968, 1058, 531, 566, 624, 307, 346, 
-346, -1137, -790, 741, 222, -963, 1058, 531, 566, 624, 307, 346, 
-351, -1137, -785, 744, 217, -961, 1058, 531, 566, 624, 307, 346, 
-336, -1112, -775, 724, 219, -944, 1058, 531, 566, 634, 307, 346, 
-331, -1107, -775, 719, 222, -941, 1058, 531, 566, 634, 312, 346, 
-326, -1107, -780, 717, 226, -944, 1058, 531, 566, 634, 317, 356, 
-322, -1102, -780, 712, 229, -941, 1058, 531, 566, 639, 326, 356, 
-331, -1107, -775, 719, 222, -941, 1068, 541, 580, 639, 322, 356, 
-346, -1112, -766, 729, 209, -939, 1068, 541, 580, 639, 326, 356, 
-346, -1117, -771, 732, 212, -944, 1068, 541, 580, 639, 326, 356, 
-336, -1122, -785, 729, 224, -954, 1058, 541, 580, 634, 322, 351, 
-336, -1122, -785, 729, 224, -954, 1058, 531, 575, 629, 312, 341, 
-336, -1127, -790, 732, 226, -958, 1058, 531, 570, 624, 312, 346, 
-336, -1127, -790, 732, 226, -958, 1058, 531, 566, 629, 312, 346, 
-346, -1122, -775, 734, 214, -949, 1063, 531, 551, 624, 317, 346, 
-346, -1127, -780, 736, 217, -954, 1063, 531, 551, 614, 307, 346, 
-346, -1132, -785, 739, 219, -958, 1058, 531, 546, 614, 307, 346, 
-341, -1137, -795, 739, 226, -966, 1058, 531, 546, 614, 297, 346, 
-341, -1141, -800, 741, 229, -971, 1058, 527, 551, 614, 307, 341, 
-346, -1132, -785, 739, 219, -958, 1063, 527, 551, 614, 307, 341, 
-351, -1137, -785, 744, 217, -961, 1063, 531, 551, 614, 307, 341, 
-356, -1137, -780, 746, 212, -958, 1063, 531, 551, 614, 307, 346, 
-361, -1127, -766, 744, 202, -946, 1063, 531, 551, 614, 312, 346, 
-341, -1112, -771, 727, 214, -941, 1054, 531, 546, 619, 312, 346, 
-336, -1112, -775, 724, 219, -944, 1054, 531, 546, 619, 312, 346, 
-336, -1117, -780, 727, 222, -949, 1054, 527, 546, 614, 307, 346, 
-331, -1117, -785, 724, 226, -951, 1054, 527, 536, 614, 307, 346, 
-331, -1107, -775, 719, 222, -941, 1063, 536, 541, 624, 317, 346, 
-326, -1112, -785, 719, 229, -949, 1063, 531, 536, 624, 312, 346, 
-326, -1112, -785, 719, 229, -949, 1063, 531, 541, 624, 312, 346, 
-331, -1112, -780, 722, 224, -946, 1063, 536, 551, 624, 312, 346, 
-326, -1122, -795, 724, 234, -958, 1063, 527, 541, 614, 302, 346, 
-326, -1122, -795, 724, 234, -958, 1063, 527, 541, 614, 302, 341, 
-322, -1122, -800, 722, 239, -961, 1063, 522, 541, 610, 302, 341, 
-322, -1122, -800, 722, 239, -961, 1063, 522, 541, 610, 302, 341, 
-331, -1127, -795, 729, 231, -961, 1054, 522, 541, 610, 302, 331, 
-336, -1132, -795, 734, 229, -963, 1054, 522, 541, 605, 302, 331, 
-336, -1137, -800, 736, 231, -968, 1054, 522, 541, 605, 302, 331, 
-341, -1151, -810, 746, 234, -980, 1054, 517, 531, 605, 297, 326, 
-341, -1137, -795, 739, 226, -966, 1058, 512, 531, 605, 297, 336, 
-341, -1127, -785, 734, 222, -956, 1054, 512, 536, 605, 297, 331, 
-341, -1117, -775, 729, 217, -946, 1054, 517, 536, 605, 292, 322, 
-346, -1112, -766, 729, 209, -939, 1058, 517, 536, 610, 292, 331, 
-351, -1127, -775, 739, 212, -951, 1049, 517, 527, 600, 287, 331, 
-356, -1132, -775, 744, 209, -954, 1049, 512, 527, 600, 287, 336, 
-361, -1137, -775, 749, 207, -956, 1054, 507, 527, 600, 287, 336, 
-366, -1141, -775, 753, 204, -958, 1054, 502, 527, 595, 287, 326, 
-356, -1137, -780, 746, 212, -958, 1044, 497, 517, 585, 283, 317, 
-356, -1132, -775, 744, 209, -954, 1044, 497, 517, 585, 283, 322, 
-356, -1127, -771, 741, 207, -949, 1044, 497, 522, 585, 283, 322, 
-346, -1122, -775, 734, 214, -949, 1044, 497, 522, 585, 287, 322, 
-331, -1117, -785, 724, 226, -951, 1044, 497, 527, 590, 297, 331, 
-331, -1112, -780, 722, 224, -946, 1049, 502, 522, 595, 297, 331, 
-326, -1112, -785, 719, 229, -949, 1054, 512, 527, 600, 297, 331, 
-326, -1107, -780, 717, 226, -944, 1058, 517, 531, 605, 297, 331, 
-341, -1117, -775, 729, 217, -946, 1058, 507, 531, 595, 297, 331, 
-346, -1127, -780, 736, 217, -954, 1058, 507, 531, 600, 297, 331, 
-341, -1132, -790, 736, 224, -961, 1058, 507, 531, 600, 297, 331, 
-341, -1137, -795, 739, 226, -966, 1058, 507, 531, 595, 287, 331, 
-341, -1141, -800, 741, 229, -971, 1058, 507, 527, 595, 287, 331, 
-346, -1141, -795, 744, 224, -968, 1054, 507, 527, 595, 283, 326, 
-346, -1141, -795, 744, 224, -968, 1054, 507, 522, 595, 283, 326, 
-341, -1141, -800, 741, 229, -971, 1058, 507, 522, 595, 283, 326, 
-351, -1132, -780, 741, 214, -956, 1049, 517, 531, 590, 287, 326, 
-351, -1132, -780, 741, 214, -956, 1049, 512, 531, 590, 287, 326, 
-351, -1137, -785, 744, 217, -961, 1049, 512, 531, 590, 287, 326, 
-351, -1137, -785, 744, 217, -961, 1054, 512, 531, 590, 287, 326, 
-356, -1127, -771, 741, 207, -949, 1054, 512, 522, 600, 297, 331, 
-361, -1127, -766, 744, 202, -946, 1049, 507, 517, 600, 297, 331, 
-361, -1127, -766, 744, 202, -946, 1049, 507, 517, 595, 292, 326, 
-361, -1127, -766, 744, 202, -946, 1049, 507, 517, 595, 292, 326, 
-346, -1132, -785, 739, 219, -958, 1039, 502, 522, 585, 287, 322, 
-341, -1132, -790, 736, 224, -961, 1039, 502, 522, 585, 287, 322, 
-336, -1132, -795, 734, 229, -963, 1044, 502, 512, 590, 283, 322, 
-336, -1132, -795, 734, 229, -963, 1044, 502, 522, 590, 283, 322, 
-346, -1122, -775, 734, 214, -949, 1044, 502, 522, 580, 287, 322, 
-346, -1117, -771, 732, 212, -944, 1044, 502, 522, 580, 287, 322, 
-346, -1117, -771, 732, 212, -944, 1044, 502, 522, 580, 287, 322, 
-341, -1107, -766, 724, 212, -936, 1044, 502, 522, 580, 287, 322, 
-346, -1112, -766, 729, 209, -939, 1049, 502, 522, 590, 287, 322, 
-341, -1122, -780, 732, 219, -951, 1049, 502, 522, 590, 287, 322, 
-341, -1127, -785, 734, 222, -956, 1044, 502, 517, 590, 287, 317, 
-341, -1127, -785, 734, 222, -956, 1044, 502, 517, 575, 283, 317, 
-341, -1127, -785, 734, 222, -956, 1044, 502, 527, 585, 292, 317, 
-341, -1132, -790, 736, 224, -961, 1044, 502, 527, 585, 292, 317, 
-341, -1137, -795, 739, 226, -966, 1044, 497, 527, 585, 292, 317, 
-341, -1137, -795, 739, 226, -966, 1044, 497, 527, 585, 292, 317, 
-351, -1137, -785, 744, 217, -961, 1044, 497, 527, 580, 283, 326, 
-356, -1137, -780, 746, 212, -958, 1044, 497, 522, 580, 283, 326, 
-356, -1137, -780, 746, 212, -958, 1034, 497, 517, 580, 283, 322, 
-351, -1137, -785, 744, 217, -961, 1034, 502, 517, 580, 283, 322, 
-361, -1151, -790, 756, 214, -971, 1034, 502, 507, 580, 278, 312, 
-361, -1151, -790, 756, 214, -971, 1034, 497, 507, 580, 278, 312, 
-361, -1146, -785, 753, 212, -966, 1034, 497, 507, 580, 273, 312, 
-366, -1141, -775, 753, 204, -958, 1029, 497, 507, 580, 273, 312, 
-351, -1132, -780, 741, 214, -956, 1039, 497, 517, 580, 283, 322, 
-331, -1132, -800, 732, 234, -966, 1039, 497, 517, 580, 283, 322, 
-336, -1127, -790, 732, 226, -958, 1039, 497, 517, 580, 283, 322, 
-331, -1127, -795, 729, 231, -961, 1039, 497, 517, 580, 287, 322, 
-322, -1117, -795, 719, 236, -956, 1039, 488, 507, 590, 287, 312, 
-317, -1117, -800, 717, 241, -958, 1039, 488, 507, 595, 287, 317, 
-317, -1117, -800, 717, 241, -958, 1039, 492, 507, 595, 287, 317, 
-317, -1107, -790, 712, 236, -949, 1039, 492, 517, 595, 297, 322, 
-322, -1117, -795, 719, 236, -956, 1029, 492, 507, 585, 292, 322, 
-322, -1117, -795, 719, 236, -956, 1029, 492, 512, 585, 287, 317, 
-322, -1117, -795, 719, 236, -956, 1029, 492, 512, 585, 283, 317, 
-322, -1112, -790, 717, 234, -951, 1029, 492, 512, 585, 278, 322, 
-336, -1112, -775, 724, 219, -944, 1039, 492, 522, 580, 287, 322, 
-336, -1107, -771, 722, 217, -939, 1039, 492, 522, 580, 287, 326, 
-336, -1122, -785, 729, 224, -954, 1044, 492, 527, 580, 287, 326, 
-341, -1127, -785, 734, 222, -956, 1044, 492, 527, 585, 292, 326, 
-312, -1122, -810, 717, 248, -966, 1054, 512, 541, 600, 307, 326, 
-302, -1102, -800, 702, 248, -951, 1054, 512, 536, 605, 302, 336, 
-307, -1098, -790, 702, 241, -944, 1044, 517, 546, 614, 312, 336, 
-317, -1068, -751, 692, 217, -910, 1044, 507, 546, 614, 312, 336, 
-302, -1034, -732, 668, 214, -883, 1044, 497, 546, 614, 312, 331, 
-297, -1034, -736, 666, 219, -885, 1054, 507, 561, 624, 322, 336, 
-292, -1034, -741, 663, 224, -888, 1054, 507, 566, 624, 322, 341, 
-287, -1034, -746, 661, 229, -890, 1054, 507, 570, 624, 322, 346, 
-283, -1034, -751, 658, 234, -893, 1054, 507, 575, 624, 322, 351, 
-292, -1044, -751, 668, 229, -897, 1044, 512, 585, 634, 336, 361, 
-292, -1049, -756, 671, 231, -902, 1049, 517, 590, 639, 336, 366, 
-287, -1054, -766, 671, 239, -910, 1054, 522, 590, 644, 336, 366, 
-283, -1058, -775, 671, 246, -917, 1054, 522, 590, 639, 336, 366, 
-283, -1049, -766, 666, 241, -907, 1054, 517, 585, 649, 336, 366, 
-287, -1049, -761, 668, 236, -905, 1049, 517, 585, 649, 341, 366, 
-287, -1049, -761, 668, 236, -905, 1034, 517, 590, 649, 341, 375, 
-273, -1039, -766, 656, 246, -902, 1024, 502, 590, 653, 341, 375, 
-268, -1019, -751, 644, 241, -885, 1005, 492, 595, 663, 356, 375, 
-258, -1015, -756, 636, 248, -885, 990, 488, 595, 668, 356, 380, 
-253, -1010, -756, 631, 251, -883, 980, 483, 590, 668, 366, 390, 
-248, -1005, -756, 627, 253, -880, 976, 483, 590, 673, 366, 395, 
-224, -995, -771, 610, 273, -883, 966, 468, 590, 683, 366, 390, 
-209, -985, -775, 597, 283, -880, 951, 463, 590, 683, 370, 390, 
-204, -976, -771, 590, 283, -873, 951, 463, 590, 688, 375, 395, 
-195, -971, -775, 583, 290, -873, 951, 463, 585, 688, 380, 400, 
-190, -980, -790, 585, 300, -885, 951, 473, 585, 678, 390, 405, 
-190, -980, -790, 585, 300, -885, 951, 473, 590, 678, 385, 409, 
-190, -980, -790, 585, 300, -885, 956, 473, 585, 668, 375, 405, 
-195, -995, -800, 595, 302, -897, 956, 468, 566, 649, 361, 400, 
-219, -1010, -790, 614, 285, -900, 961, 468, 546, 639, 346, 395, 
-219, -1015, -795, 617, 287, -905, 961, 463, 541, 639, 346, 390, 
-219, -1019, -800, 619, 290, -910, 961, 463, 531, 634, 341, 380, 
-234, -1024, -790, 629, 278, -907, 961, 458, 522, 629, 336, 370, 
-239, -1024, -785, 631, 273, -905, 961, 444, 517, 624, 331, 370, 
-244, -1034, -790, 639, 273, -912, 966, 444, 517, 614, 331, 366, 
-244, -1039, -795, 641, 275, -917, 966, 444, 517, 610, 326, 361, 
-258, -1039, -780, 649, 261, -910, 966, 444, 512, 610, 322, 361, 
-258, -1029, -771, 644, 256, -900, 956, 424, 507, 595, 312, 351, 
-263, -1034, -771, 649, 253, -902, 961, 434, 502, 590, 307, 346, 
-268, -1039, -771, 653, 251, -905, 961, 434, 502, 580, 307, 336, 
-278, -1058, -780, 668, 251, -919, 961, 439, 497, 570, 302, 326, 
-273, -1078, -805, 675, 265, -941, 971, 448, 497, 570, 297, 326, 
-278, -1083, -805, 680, 263, -944, 980, 448, 497, 570, 292, 326, 
-287, -1088, -800, 688, 256, -944, 980, 448, 492, 575, 292, 322, 
-297, -1093, -795, 695, 248, -944, 980, 448, 488, 575, 283, 317, 
-312, -1117, -805, 714, 246, -961, 995, 463, 497, 575, 287, 326, 
-312, -1127, -814, 719, 251, -971, 1000, 468, 497, 575, 287, 326, 
-312, -1127, -814, 719, 251, -971, 1005, 468, 492, 580, 283, 322, 
-317, -1127, -810, 722, 246, -968, 1005, 468, 492, 580, 278, 317, 
-341, -1127, -785, 734, 222, -956, 990, 463, 483, 575, 268, 317, 
-331, -1122, -790, 727, 229, -956, 985, 458, 473, 566, 263, 312, 
-326, -1122, -795, 724, 234, -958, 980, 453, 473, 556, 263, 307, 
-322, -1117, -795, 719, 236, -956, 976, 444, 468, 546, 258, 302, 
-326, -1137, -810, 732, 241, -973, 985, 444, 453, 541, 248, 292, 
-346, -1137, -790, 741, 222, -963, 985, 448, 453, 541, 248, 292, 
-356, -1146, -790, 751, 217, -968, 985, 448, 453, 541, 253, 292, 
-361, -1146, -785, 753, 212, -966, 995, 448, 458, 541, 253, 292, 
-346, -1137, -790, 741, 222, -963, 1005, 458, 468, 556, 258, 307, 
-341, -1137, -795, 739, 226, -966, 1000, 458, 463, 556, 263, 307, 
-336, -1137, -800, 736, 231, -968, 995, 458, 463, 546, 258, 297, 
-346, -1137, -790, 741, 222, -963, 995, 458, 463, 541, 263, 292, 
-341, -1151, -810, 746, 234, -980, 990, 448, 463, 551, 253, 292, 
-341, -1156, -814, 749, 236, -985, 995, 453, 463, 551, 258, 292, 
-346, -1166, -819, 756, 236, -993, 1000, 458, 463, 556, 258, 292, 
-351, -1171, -819, 761, 234, -995, 1000, 458, 468, 561, 253, 297, 
-356, -1166, -810, 761, 226, -988, 1015, 473, 468, 551, 263, 287, 
-361, -1161, -800, 761, 219, -980, 1015, 473, 468, 551, 263, 287, 
-366, -1156, -790, 761, 212, -973, 1015, 473, 468, 551, 263, 283, 
-366, -1151, -785, 758, 209, -968, 1015, 473, 468, 551, 263, 278, 
-370, -1156, -785, 763, 207, -971, 1005, 463, 468, 551, 263, 278, 
-370, -1156, -785, 763, 207, -971, 1005, 463, 468, 551, 263, 283, 
-370, -1146, -775, 758, 202, -961, 1005, 463, 468, 551, 258, 283, 
-370, -1146, -775, 758, 202, -961, 1005, 458, 468, 551, 258, 283, 
-366, -1151, -785, 758, 209, -968, 995, 458, 458, 541, 253, 278, 
-366, -1141, -775, 753, 204, -958, 1000, 463, 458, 541, 253, 278, 
-361, -1141, -780, 751, 209, -961, 1000, 463, 458, 541, 248, 278, 
-361, -1141, -780, 751, 209, -961, 995, 463, 463, 541, 248, 278, 
-351, -1132, -780, 741, 214, -956, 1005, 463, 473, 546, 263, 287, 
-346, -1132, -785, 739, 219, -958, 1015, 468, 478, 556, 263, 292, 
-341, -1132, -790, 736, 224, -961, 1015, 468, 478, 561, 263, 292, 
-336, -1132, -795, 734, 229, -963, 1015, 463, 478, 566, 263, 287, 
-326, -1141, -814, 734, 244, -978, 1010, 473, 483, 561, 263, 287, 
-326, -1141, -814, 734, 244, -978, 1010, 473, 483, 556, 258, 287, 
-326, -1141, -814, 734, 244, -978, 1010, 473, 483, 556, 258, 287, 
-326, -1141, -814, 734, 244, -978, 1010, 473, 483, 556, 258, 287, 
-331, -1132, -800, 732, 234, -966, 1000, 463, 478, 551, 258, 278, 
-346, -1132, -785, 739, 219, -958, 1000, 463, 478, 551, 253, 278, 
-351, -1132, -780, 741, 214, -956, 1000, 463, 473, 551, 248, 283, 
-346, -1132, -785, 739, 219, -958, 1000, 463, 468, 551, 244, 283, 
-356, -1127, -771, 741, 207, -949, 1005, 468, 468, 551, 253, 273, 
-346, -1146, -800, 746, 226, -973, 1024, 483, 488, 561, 263, 278, 
-341, -1161, -819, 751, 239, -990, 1039, 507, 512, 556, 253, 273, 
-312, -1151, -839, 732, 263, -995, 1054, 546, 536, 556, 234, 258, 
-307, -1117, -810, 712, 251, -963, 1073, 570, 570, 566, 234, 258, 
-336, -1102, -766, 719, 214, -934, 1102, 595, 624, 595, 248, 253, 
-366, -1127, -761, 746, 197, -944, 1141, 649, 688, 658, 278, 278, 
-346, -1112, -766, 729, 209, -939, 1190, 712, 775, 741, 351, 322, 
-297, -1078, -780, 688, 241, -929, 1234, 771, 863, 819, 414, 370, 
-258, -1054, -795, 656, 268, -924, 1234, 819, 917, 888, 463, 414, 
-156, -1010, -854, 583, 348, -932, 1244, 873, 985, 985, 541, 483, 
-19, -941, -922, 480, 451, -932, 1220, 922, 1034, 1093, 644, 580, 
97, -883, -980, 392, 539, -932, 1151, 893, 995, 1156, 727, 678, 
200, -863, -1063, 331, 631, -963, 1054, 829, 888, 1185, 795, 771, 
302, -810, -1112, 253, 707, -961, 946, 736, 780, 1210, 863, 868, 
385, -692, -1078, 153, 732, -885, 800, 605, 692, 1273, 951, 985, 
478, -580, -1058, 51, 768, -819, 624, 439, 629, 1385, 1083, 1127, 
590, -478, -1068, -56, 829, -773, 419, 268, 585, 1546, 1254, 1298, 
692, -361, -1054, -165, 873, -707, 195, 92, 536, 1732, 1444, 1478, 
712, -229, -941, -241, 827, -585, 48, -53, 502, 1859, 1566, 1590, 
653, -239, -893, -207, 773, -566, 24, -97, 434, 1761, 1468, 1517, 
522, -414, -936, -53, 729, -675, 87, -87, 297, 1390, 1117, 1224, 
331, -566, -897, 117, 614, -732, 180, -82, 151, 985, 761, 927, 
136, -644, -780, 253, 458, -712, 278, -82, 82, 736, 561, 761, 
-53, -746, -692, 400, 319, -719, 375, -73, 48, 585, 453, 653, 
-200, -849, -649, 524, 224, -749, 468, -39, 19, 444, 351, 541, 
-244, -907, -663, 575, 209, -785, 556, 29, -9, 346, 268, 463, 
-244, -932, -688, 588, 222, -810, 634, 107, 4, 326, 253, 434, 
-248, -941, -692, 595, 222, -817, 692, 170, 73, 361, 253, 419, 
-258, -961, -702, 610, 222, -832, 736, 219, 151, 409, 268, 400, 
-268, -990, -722, 629, 226, -856, 771, 258, 214, 448, 273, 385, 
-287, -1005, -717, 646, 214, -861, 810, 307, 287, 497, 287, 375, 
-283, -1010, -727, 646, 222, -868, 844, 351, 346, 531, 292, 370, 
-253, -1015, -761, 634, 253, -888, 883, 390, 400, 556, 302, 375, 
-253, -1024, -771, 639, 258, -897, 912, 434, 458, 595, 317, 380, 
-283, -1034, -751, 658, 234, -893, 941, 463, 497, 614, 326, 366, 
-287, -1049, -761, 668, 236, -905, 961, 488, 512, 624, 322, 351, 
-263, -1049, -785, 656, 261, -917, 971, 497, 522, 614, 322, 346, 
-278, -1063, -785, 671, 253, -924, 980, 488, 512, 614, 307, 331, 
-307, -1078, -771, 692, 231, -924, 990, 488, 497, 614, 312, 317, 
-317, -1083, -766, 700, 224, -924, 980, 473, 488, 600, 307, 317, 
-326, -1088, -761, 707, 217, -924, 985, 473, 488, 600, 302, 312, 
-326, -1093, -766, 710, 219, -929, 985, 473, 492, 600, 302, 312, 
-322, -1098, -775, 710, 226, -936, 985, 478, 502, 605, 307, 317, 
-326, -1078, -751, 702, 212, -915, 985, 488, 522, 595, 297, 326, 
-326, -1078, -751, 702, 212, -915, 985, 497, 531, 595, 292, 317, 
-336, -1093, -756, 714, 209, -924, 985, 497, 536, 595, 292, 317, 
-341, -1102, -761, 722, 209, -932, 990, 507, 536, 600, 292, 317, 
-336, -1112, -775, 724, 219, -944, 1005, 512, 527, 614, 292, 322, 
-336, -1112, -775, 724, 219, -944, 1010, 512, 527, 614, 292, 322, 
-331, -1112, -780, 722, 224, -946, 1019, 512, 522, 614, 292, 322, 
-331, -1112, -780, 722, 224, -946, 1024, 507, 517, 610, 287, 317, 
-326, -1102, -775, 714, 224, -939, 1019, 507, 522, 619, 297, 326, 
-317, -1088, -771, 702, 226, -929, 1019, 507, 531, 624, 302, 331, 
-312, -1073, -761, 692, 224, -917, 1019, 512, 541, 624, 302, 331, 
-307, -1063, -756, 685, 224, -910, 1029, 512, 551, 624, 307, 331, 
-322, -1068, -746, 695, 212, -907, 1019, 527, 546, 614, 307, 326, 
-326, -1078, -751, 702, 212, -915, 1015, 527, 546, 614, 307, 326, 
-331, -1093, -761, 712, 214, -927, 1015, 531, 541, 624, 307, 326, 
-336, -1112, -775, 724, 219, -944, 1019, 531, 541, 624, 312, 326, 
-336, -1107, -771, 722, 217, -939, 1019, 522, 536, 634, 312, 326, 
-331, -1102, -771, 717, 219, -936, 1015, 517, 536, 639, 312, 326, 
-317, -1088, -771, 702, 226, -929, 1015, 517, 536, 639, 312, 326, 
-307, -1078, -771, 692, 231, -924, 1015, 517, 541, 639, 317, 326, 
-307, -1078, -771, 692, 231, -924, 1015, 517, 551, 629, 317, 331, 
-307, -1083, -775, 695, 234, -929, 1015, 522, 561, 634, 322, 331, 
-307, -1093, -785, 700, 239, -939, 1019, 527, 566, 639, 322, 336, 
-307, -1098, -790, 702, 241, -944, 1019, 527, 566, 639, 322, 336, 
-307, -1093, -785, 700, 239, -939, 1015, 527, 556, 634, 312, 326, 
-307, -1088, -780, 697, 236, -934, 1015, 522, 551, 634, 312, 326, 
-307, -1083, -775, 695, 234, -929, 1015, 522, 551, 639, 312, 326, 
-307, -1073, -766, 690, 229, -919, 1019, 522, 556, 644, 312, 331, 
-302, -1083, -780, 692, 239, -932, 1015, 512, 556, 644, 326, 341, 
-297, -1073, -775, 685, 239, -924, 1010, 512, 556, 644, 326, 336, 
-297, -1073, -775, 685, 239, -924, 1005, 512, 556, 644, 322, 336, 
-297, -1073, -775, 685, 239, -924, 1000, 512, 556, 644, 322, 336, 
-273, -1063, -790, 668, 258, -927, 1000, 522, 561, 649, 331, 336, 
-283, -1063, -780, 673, 248, -922, 1000, 522, 561, 649, 331, 336, 
-283, -1063, -780, 673, 248, -922, 1000, 522, 566, 653, 331, 346, 
-283, -1063, -780, 673, 248, -922, 995, 527, 566, 653, 336, 346, 
-273, -1068, -795, 671, 261, -932, 1005, 517, 556, 658, 326, 336, 
-273, -1063, -790, 668, 258, -927, 1005, 517, 556, 658, 331, 336, 
-273, -1063, -790, 668, 258, -927, 1005, 517, 561, 658, 331, 336, 
-278, -1063, -785, 671, 253, -924, 1005, 517, 561, 658, 336, 336, 
-287, -1068, -780, 678, 246, -924, 995, 517, 561, 663, 341, 341, 
-278, -1068, -790, 673, 256, -929, 995, 517, 561, 663, 341, 341, 
-278, -1073, -795, 675, 258, -934, 995, 522, 566, 668, 341, 346, 
-278, -1078, -800, 678, 261, -939, 995, 522, 566, 668, 341, 346, 
-268, -1073, -805, 671, 268, -939, 995, 527, 566, 668, 341, 346, 
-258, -1058, -800, 658, 270, -929, 995, 527, 570, 673, 341, 346, 
-258, -1054, -795, 656, 268, -924, 995, 527, 570, 678, 346, 346, 
-258, -1049, -790, 653, 265, -919, 995, 522, 570, 678, 346, 346, 
-248, -1044, -795, 646, 273, -919, 995, 522, 570, 678, 356, 351, 
-248, -1044, -795, 646, 273, -919, 990, 522, 570, 678, 356, 351, 
-244, -1044, -800, 644, 278, -922, 990, 522, 575, 678, 356, 351, 
-244, -1034, -790, 639, 273, -912, 985, 522, 580, 683, 361, 356, 
-253, -1039, -785, 646, 265, -912, 995, 536, 580, 683, 351, 370, 
-253, -1044, -790, 649, 268, -917, 1000, 536, 585, 688, 356, 370, 
-248, -1049, -800, 649, 275, -924, 1000, 536, 585, 688, 356, 370, 
-244, -1049, -805, 646, 280, -927, 1000, 536, 585, 692, 356, 375, 
-239, -1024, -785, 631, 273, -905, 990, 536, 585, 707, 370, 375, 
-229, -1024, -795, 627, 283, -910, 990, 531, 590, 712, 375, 375, 
-224, -1024, -800, 624, 287, -912, 990, 527, 600, 712, 380, 375, 
-219, -1024, -805, 622, 292, -915, 990, 527, 600, 717, 380, 385, 
-209, -1010, -800, 610, 295, -905, 980, 527, 590, 712, 375, 375, 
-209, -1010, -800, 610, 295, -905, 980, 527, 595, 712, 380, 375, 
-209, -1010, -800, 610, 295, -905, 980, 527, 595, 717, 380, 375, 
-209, -1010, -800, 610, 295, -905, 980, 527, 595, 712, 385, 375, 
-209, -1019, -810, 614, 300, -915, 971, 531, 605, 712, 375, 385, 
-204, -1019, -814, 612, 305, -917, 971, 531, 605, 712, 375, 385, 
-204, -1019, -814, 612, 305, -917, 971, 531, 605, 722, 380, 385, 
-204, -1015, -810, 610, 302, -912, 971, 541, 614, 727, 385, 395, 
-204, -1019, -814, 612, 305, -917, 985, 551, 614, 732, 400, 400, 
-209, -1019, -810, 614, 300, -915, 985, 546, 614, 736, 405, 400, 
-209, -1019, -810, 614, 300, -915, 976, 546, 614, 741, 405, 400, 
-214, -1019, -805, 617, 295, -912, 976, 546, 619, 746, 409, 405, 
-209, -1019, -810, 614, 300, -915, 976, 551, 614, 751, 414, 405, 
-209, -1015, -805, 612, 297, -910, 976, 551, 619, 756, 419, 405, 
-200, -1010, -810, 605, 305, -910, 976, 551, 619, 756, 419, 405, 
-195, -1000, -805, 597, 305, -902, 971, 551, 619, 761, 419, 409, 
-185, -990, -805, 588, 309, -897, 961, 546, 624, 756, 419, 419, 
-185, -985, -800, 585, 307, -893, 961, 551, 629, 766, 424, 424, 
-180, -990, -810, 585, 314, -900, 961, 551, 634, 766, 424, 424, 
-170, -966, -795, 568, 312, -880, 961, 551, 634, 771, 429, 429, 
-161, -966, -805, 563, 322, -885, 956, 551, 644, 785, 444, 434, 
-161, -966, -805, 563, 322, -885, 956, 551, 649, 790, 448, 439, 
-151, -961, -810, 556, 329, -885, 951, 551, 658, 800, 458, 444, 
-146, -951, -805, 549, 329, -878, 946, 551, 663, 805, 463, 453, 
-156, -941, -785, 549, 314, -863, 946, 561, 658, 810, 463, 453, 
-146, -941, -795, 544, 324, -868, 946, 566, 663, 824, 473, 458, 
-146, -941, -795, 544, 324, -868, 941, 566, 668, 834, 478, 463, 
-146, -932, -785, 539, 319, -858, 936, 566, 668, 834, 483, 468, 
-136, -917, -780, 527, 322, -849, 922, 561, 673, 844, 492, 468, 
-122, -912, -790, 517, 334, -851, 922, 556, 678, 849, 497, 473, 
-107, -907, -800, 507, 346, -854, 917, 551, 683, 858, 507, 478, 
-97, -897, -800, 497, 351, -849, 912, 546, 688, 863, 507, 488, 
-92, -897, -805, 495, 356, -851, 907, 546, 697, 868, 522, 502, 
-92, -893, -800, 492, 353, -846, 902, 551, 707, 878, 527, 517, 
-78, -893, -814, 485, 368, -854, 902, 551, 712, 888, 541, 522, 
-78, -883, -805, 480, 363, -844, 902, 561, 717, 897, 546, 536, 
-58, -883, -824, 470, 383, -854, 907, 561, 712, 917, 546, 536, 
-48, -883, -834, 466, 392, -858, 902, 561, 717, 932, 556, 541, 
-43, -883, -839, 463, 397, -861, 897, 561, 722, 941, 566, 551, 
-39, -868, -829, 453, 395, -849, 893, 561, 736, 951, 570, 561, 
-43, -873, -829, 458, 392, -851, 888, 570, 741, 951, 595, 566, 
-39, -868, -829, 453, 395, -849, 883, 566, 741, 961, 610, 575, 
-29, -858, -829, 444, 400, -844, 878, 566, 746, 976, 610, 585, 
-24, -849, -824, 436, 400, -836, 873, 566, 751, 985, 619, 595, 
-9, -824, -814, 417, 402, -819, 868, 566, 751, 976, 619, 595, 
-4, -819, -814, 412, 405, -817, 858, 566, 756, 985, 619, 605, 
0, -814, -814, 407, 407, -814, 854, 566, 761, 990, 629, 610, 
14, -805, -819, 395, 417, -812, 849, 566, 771, 1005, 639, 624, 
34, -785, -819, 375, 427, -802, 844, 566, 771, 1024, 658, 639, 
34, -780, -814, 373, 424, -797, 839, 566, 775, 1034, 668, 649, 
43, -771, -814, 363, 429, -793, 834, 561, 780, 1044, 678, 658, 
58, -751, -810, 346, 434, -780, 834, 561, 785, 1058, 683, 668, 
53, -746, -800, 346, 427, -773, 819, 551, 775, 1058, 683, 658, 
53, -751, -805, 348, 429, -778, 814, 551, 780, 1054, 678, 658, 
53, -756, -810, 351, 431, -783, 814, 551, 785, 1063, 678, 668, 
68, -761, -829, 346, 448, -795, 810, 546, 785, 1063, 683, 673, 
58, -761, -819, 351, 439, -790, 810, 556, 790, 1068, 692, 678, 
58, -756, -814, 348, 436, -785, 810, 561, 800, 1078, 702, 688, 
58, -746, -805, 344, 431, -775, 805, 561, 805, 1088, 712, 692, 
68, -736, -805, 334, 436, -771, 800, 551, 810, 1098, 717, 692, 
68, -746, -814, 339, 441, -780, 790, 541, 805, 1098, 712, 683, 
68, -746, -814, 339, 441, -780, 790, 536, 795, 1093, 717, 688, 
68, -746, -814, 339, 441, -780, 785, 522, 790, 1088, 717, 692, 
82, -736, -819, 326, 451, -778, 780, 512, 785, 1083, 712, 692, 
73, -732, -805, 329, 439, -768, 780, 512, 785, 1083, 712, 702, 
68, -736, -805, 334, 436, -771, 780, 507, 785, 1083, 717, 702, 
58, -741, -800, 341, 429, -771, 780, 507, 780, 1078, 717, 702, 
58, -736, -795, 339, 427, -766, 780, 497, 771, 1073, 712, 697, 
58, -736, -795, 339, 427, -766, 785, 507, 780, 1078, 712, 702, 
43, -736, -780, 346, 412, -758, 785, 497, 775, 1073, 707, 688, 
19, -756, -775, 368, 397, -766, 790, 492, 761, 1058, 697, 673, 
9, -771, -780, 380, 395, -775, 795, 492, 746, 1054, 678, 668, 
14, -780, -795, 383, 405, -788, 795, 488, 751, 1024, 668, 644, 
4, -790, -795, 392, 400, -793, 805, 483, 746, 1005, 653, 629, 
-14, -800, -785, 407, 385, -793, 814, 478, 732, 990, 639, 614, 
-34, -814, -780, 424, 373, -797, 824, 473, 722, 971, 619, 605, 
-43, -810, -766, 427, 361, -788, 829, 478, 707, 946, 600, 595, 
-53, -814, -761, 434, 353, -788, 834, 478, 697, 932, 575, 575, 
-63, -834, -771, 448, 353, -802, 844, 478, 697, 912, 566, 551, 
-78, -854, -775, 466, 348, -814, 849, 473, 692, 883, 546, 536, 
-107, -878, -771, 492, 331, -824, 849, 468, 673, 868, 522, 517, 
-122, -888, -766, 505, 322, -827, 863, 468, 663, 844, 502, 497, 
-141, -902, -761, 522, 309, -832, 863, 463, 649, 829, 488, 483, 
-161, -922, -761, 541, 300, -841, 873, 458, 639, 810, 468, 473, 
-190, -922, -732, 556, 270, -827, 888, 458, 624, 800, 458, 453, 
-195, -936, -741, 566, 273, -839, 893, 458, 614, 780, 439, 439, 
-204, -941, -736, 573, 265, -839, 897, 458, 605, 766, 429, 429, 
-214, -961, -746, 588, 265, -854, 902, 453, 600, 751, 419, 419, 
-224, -961, -736, 592, 256, -849, 897, 444, 590, 741, 400, 395, 
-234, -961, -727, 597, 246, -844, 902, 444, 575, 717, 380, 380, 
-234, -966, -732, 600, 248, -849, 907, 444, 566, 707, 375, 375, 
-239, -966, -727, 602, 244, -846, 912, 439, 561, 692, 361, 361, 
-248, -985, -736, 617, 244, -861, 917, 448, 561, 683, 356, 351, 
-253, -995, -741, 624, 244, -868, 917, 453, 556, 668, 351, 351, 
-263, -1010, -746, 636, 241, -878, 922, 453, 551, 663, 346, 346, 
-283, -1019, -736, 651, 226, -878, 927, 453, 546, 663, 336, 341, 
-283, -1005, -722, 644, 219, -863, 941, 444, 541, 649, 341, 336, 
-287, -1010, -722, 649, 217, -866, 941, 439, 536, 644, 336, 331, 
-292, -1010, -717, 651, 212, -863, 946, 439, 527, 644, 336, 331, 
-287, -1005, -717, 646, 214, -861, 946, 439, 527, 644, 331, 326, 
-297, -1010, -712, 653, 207, -861, 932, 439, 512, 634, 322, 312, 
-307, -1015, -707, 661, 200, -861, 932, 439, 512, 629, 312, 302, 
-307, -1029, -722, 668, 207, -875, 936, 439, 512, 624, 307, 302, 
-307, -1034, -727, 671, 209, -880, 936, 434, 507, 619, 297, 302, 
-307, -1029, -722, 668, 207, -875, 946, 439, 507, 619, 302, 312, 
-312, -1029, -717, 671, 202, -873, 946, 444, 507, 624, 302, 312, 
-312, -1034, -722, 673, 204, -878, 946, 448, 512, 624, 307, 307, 
-307, -1034, -727, 671, 209, -880, 951, 453, 517, 629, 312, 307, 
-307, -1024, -717, 666, 204, -871, 941, 448, 502, 624, 302, 307, 
-312, -1019, -707, 666, 197, -863, 941, 444, 502, 624, 302, 307, 
-331, -1019, -688, 675, 178, -854, 941, 439, 502, 619, 302, 302, 
-336, -1015, -678, 675, 170, -846, 941, 434, 502, 619, 297, 302, 
-331, -1015, -683, 673, 175, -849, 941, 439, 502, 610, 292, 292, 
-326, -1015, -688, 671, 180, -851, 941, 444, 502, 605, 287, 292, 
-326, -1015, -688, 671, 180, -851, 941, 444, 497, 605, 278, 292, 
-326, -1024, -697, 675, 185, -861, 941, 448, 497, 605, 273, 292, 
-317, -1024, -707, 671, 195, -866, 941, 444, 502, 614, 278, 302, 
-317, -1015, -697, 666, 190, -856, 941, 444, 502, 614, 283, 302, 
-317, -1015, -697, 666, 190, -856, 941, 444, 507, 614, 292, 302, 
-317, -1019, -702, 668, 192, -861, 941, 444, 507, 614, 297, 302, 
-307, -1024, -717, 666, 204, -871, 951, 444, 507, 614, 297, 292, 
-302, -1024, -722, 663, 209, -873, 956, 444, 507, 619, 302, 297, 
-302, -1024, -722, 663, 209, -873, 956, 444, 507, 619, 302, 297, 
-297, -1019, -722, 658, 212, -871, 956, 444, 507, 619, 302, 297, 
-297, -1015, -717, 656, 209, -866, 956, 453, 507, 619, 297, 302, 
-297, -1015, -717, 656, 209, -866, 956, 453, 507, 619, 297, 302, 
-297, -1019, -722, 658, 212, -871, 956, 453, 507, 619, 292, 302, 
-297, -1019, -722, 658, 212, -871, 956, 448, 507, 619, 292, 302, 
-302, -1024, -722, 663, 209, -873, 946, 439, 497, 614, 297, 287, 
-302, -1029, -727, 666, 212, -878, 946, 439, 497, 614, 297, 287, 
-302, -1029, -727, 666, 212, -878, 946, 439, 497, 614, 297, 292, 
-307, -1034, -727, 671, 209, -880, 946, 439, 497, 614, 297, 292, 
-322, -1029, -707, 675, 192, -868, 946, 439, 497, 624, 297, 292, 
-322, -1024, -702, 673, 190, -863, 946, 439, 497, 624, 297, 292, 
-317, -1024, -707, 671, 195, -866, 946, 439, 502, 624, 297, 292, 
-317, -1024, -707, 671, 195, -866, 946, 444, 507, 624, 297, 292, 
-307, -1015, -707, 661, 200, -861, 946, 444, 507, 624, 307, 302, 
-312, -1015, -702, 663, 195, -858, 946, 444, 507, 629, 312, 302, 
-312, -1019, -707, 666, 197, -863, 946, 444, 507, 634, 312, 307, 
-312, -1019, -707, 666, 197, -863, 946, 444, 507, 634, 312, 307, 
-322, -1029, -707, 675, 192, -868, 946, 444, 507, 629, 297, 317, 
-322, -1029, -707, 675, 192, -868, 946, 444, 507, 629, 297, 317, 
-322, -1019, -697, 671, 187, -858, 946, 444, 507, 629, 297, 317, 
-322, -1015, -692, 668, 185, -854, 946, 444, 507, 629, 297, 317, 
-312, -1015, -702, 663, 195, -858, 936, 444, 507, 629, 297, 307, 
-307, -1015, -707, 661, 200, -861, 936, 444, 507, 629, 302, 307, 
-302, -1010, -707, 656, 202, -858, 936, 444, 507, 629, 302, 307, 
-302, -1005, -702, 653, 200, -854, 932, 444, 507, 629, 307, 307, 
-292, -990, -697, 641, 202, -844, 941, 444, 507, 639, 307, 317, 
-287, -990, -702, 639, 207, -846, 941, 444, 507, 644, 307, 317, 
-287, -990, -702, 639, 207, -846, 941, 444, 507, 644, 307, 317, 
-283, -990, -707, 636, 212, -849, 941, 444, 507, 644, 307, 317, 
-283, -990, -707, 636, 212, -849, 941, 434, 507, 644, 302, 307, 
-283, -990, -707, 636, 212, -849, 941, 434, 507, 644, 302, 307, 
-283, -995, -712, 639, 214, -854, 941, 434, 507, 644, 302, 317, 
-283, -995, -712, 639, 214, -854, 941, 434, 507, 649, 307, 317, 
-292, -995, -702, 644, 204, -849, 941, 444, 512, 649, 312, 317, 
-307, -995, -688, 651, 190, -841, 941, 444, 512, 649, 317, 317, 
-307, -995, -688, 651, 190, -841, 941, 444, 512, 649, 317, 317, 
-297, -995, -697, 646, 200, -846, 932, 444, 512, 644, 312, 312, 
-287, -1005, -717, 646, 214, -861, 932, 434, 512, 644, 312, 302, 
-287, -1010, -722, 649, 217, -866, 932, 434, 512, 644, 312, 307, 
-287, -1010, -722, 649, 217, -866, 932, 434, 512, 653, 312, 307, 
-297, -1005, -707, 651, 204, -856, 936, 434, 502, 653, 317, 307, 
-287, -995, -707, 641, 209, -851, 936, 424, 502, 649, 317, 297, 
-287, -995, -707, 641, 209, -851, 932, 424, 497, 644, 317, 297, 
-283, -995, -712, 639, 214, -854, 932, 424, 497, 639, 307, 297, 
-283, -995, -712, 639, 214, -854, 932, 419, 502, 634, 317, 292, 
-297, -1005, -707, 651, 204, -856, 927, 429, 502, 644, 307, 302, 
-302, -1010, -707, 656, 202, -858, 927, 434, 502, 644, 307, 302, 
-307, -1010, -702, 658, 197, -856, 927, 434, 502, 644, 307, 307, 
-312, -1000, -688, 656, 187, -844, 927, 434, 502, 644, 312, 307, 
-302, -995, -692, 649, 195, -844, 932, 439, 517, 649, 322, 317, 
-297, -995, -697, 646, 200, -846, 936, 444, 517, 649, 322, 317, 
-297, -1000, -702, 649, 202, -851, 941, 444, 517, 644, 317, 317, 
-292, -1000, -707, 646, 207, -854, 946, 448, 507, 644, 317, 317, 
-292, -1010, -717, 651, 212, -863, 936, 444, 497, 634, 317, 307, 
-287, -1015, -727, 651, 219, -871, 936, 434, 488, 634, 312, 307, 
-287, -1015, -727, 651, 219, -871, 936, 429, 488, 634, 312, 307, 
-292, -1015, -722, 653, 214, -868, 936, 429, 492, 634, 312, 307, 
-297, -1005, -707, 651, 204, -856, 936, 429, 492, 644, 312, 307, 
-297, -1005, -707, 651, 204, -856, 936, 429, 492, 644, 312, 302, 
-292, -1005, -712, 649, 209, -858, 936, 424, 492, 639, 312, 302, 
-292, -1005, -712, 649, 209, -858, 936, 424, 492, 639, 312, 302, 
-287, -995, -707, 641, 209, -851, 936, 434, 502, 649, 312, 312, 
-287, -995, -707, 641, 209, -851, 936, 434, 502, 644, 312, 312, 
-283, -995, -712, 639, 214, -854, 936, 434, 502, 644, 312, 312, 
-283, -1005, -722, 644, 219, -863, 936, 429, 492, 644, 307, 307, 
-273, -1015, -741, 644, 234, -878, 941, 424, 492, 624, 307, 297, 
-273, -1010, -736, 641, 231, -873, 936, 424, 497, 624, 307, 292, 
-273, -1005, -732, 639, 229, -868, 936, 429, 497, 624, 302, 283, 
-278, -1005, -727, 641, 224, -866, 941, 429, 497, 629, 302, 292, 
-283, -995, -712, 639, 214, -854, 936, 429, 492, 619, 302, 283, 
-287, -995, -707, 641, 209, -851, 932, 424, 488, 619, 297, 287, 
-292, -995, -702, 644, 204, -849, 932, 419, 483, 619, 292, 287, 
-297, -995, -697, 646, 200, -846, 927, 414, 478, 614, 287, 278, 
-297, -985, -688, 641, 195, -836, 936, 419, 483, 624, 287, 287, 
-297, -985, -688, 641, 195, -836, 936, 419, 488, 624, 292, 292, 
-297, -985, -688, 641, 195, -836, 936, 419, 497, 624, 297, 292, 
-287, -985, -697, 636, 204, -841, 936, 419, 502, 624, 307, 292, 
-287, -995, -707, 641, 209, -851, 932, 424, 512, 624, 307, 292, 
-292, -995, -702, 644, 204, -849, 932, 424, 502, 624, 307, 292, 
-292, -1000, -707, 646, 207, -854, 932, 429, 502, 624, 307, 292, 
-297, -1000, -702, 649, 202, -851, 932, 429, 502, 624, 307, 292, 
-302, -995, -692, 649, 195, -844, 932, 419, 492, 614, 297, 292, 
-297, -1000, -702, 649, 202, -851, 932, 419, 492, 619, 297, 292, 
-283, -1000, -717, 641, 217, -858, 932, 419, 492, 619, 297, 292, 
-273, -1000, -727, 636, 226, -863, 932, 419, 492, 614, 287, 292, 
-283, -985, -702, 634, 209, -844, 922, 409, 478, 614, 278, 283, 
-287, -985, -697, 636, 204, -841, 917, 409, 478, 614, 273, 278, 
-287, -985, -697, 636, 204, -841, 917, 409, 473, 614, 273, 278, 
-283, -985, -702, 634, 209, -844, 922, 409, 473, 614, 273, 278, 
-287, -980, -692, 634, 202, -836, 927, 424, 488, 624, 287, 292, 
-292, -985, -692, 639, 200, -839, 932, 424, 492, 629, 297, 297, 
-297, -995, -697, 646, 200, -846, 936, 429, 497, 634, 307, 302, 
-302, -1000, -697, 651, 197, -849, 946, 434, 502, 639, 317, 307, 
-307, -995, -688, 651, 190, -841, 941, 429, 492, 629, 312, 307, 
-312, -990, -678, 651, 183, -834, 932, 419, 488, 629, 307, 302, 
-312, -985, -673, 649, 180, -829, 927, 414, 488, 624, 297, 292, 
-312, -980, -668, 646, 178, -824, 922, 409, 488, 624, 292, 287, 
-302, -985, -683, 644, 190, -834, 922, 424, 492, 624, 297, 292, 
-302, -985, -683, 644, 190, -834, 922, 424, 492, 624, 297, 292, 
-302, -985, -683, 644, 190, -834, 927, 424, 483, 629, 292, 292, 
-307, -985, -678, 646, 185, -832, 927, 424, 492, 629, 292, 292, 
-317, -995, -678, 656, 180, -836, 927, 424, 492, 629, 297, 292, 
-317, -990, -673, 653, 178, -832, 927, 424, 492, 629, 297, 292, 
-317, -990, -673, 653, 178, -832, 927, 424, 492, 629, 297, 292, 
-312, -980, -668, 646, 178, -824, 927, 424, 492, 629, 297, 292, 
-307, -980, -673, 644, 183, -827, 922, 414, 483, 619, 287, 283, 
-302, -985, -683, 644, 190, -834, 922, 414, 483, 619, 287, 283, 
-302, -985, -683, 644, 190, -834, 917, 414, 478, 619, 287, 278, 
-302, -980, -678, 641, 187, -829, 917, 414, 478, 605, 283, 278, 
-292, -990, -697, 641, 202, -844, 917, 414, 478, 614, 283, 278, 
-292, -995, -702, 644, 204, -849, 917, 414, 478, 614, 283, 278, 
-292, -1000, -707, 646, 207, -854, 917, 409, 478, 614, 283, 278, 
-292, -1000, -707, 646, 207, -854, 917, 409, 478, 614, 283, 278, 
-292, -985, -692, 639, 200, -839, 917, 409, 483, 619, 292, 278, 
-297, -980, -683, 639, 192, -832, 917, 409, 483, 619, 292, 278, 
-297, -976, -678, 636, 190, -827, 907, 409, 483, 619, 292, 273, 
-292, -971, -678, 631, 192, -824, 907, 414, 488, 619, 292, 273, 
-302, -980, -678, 641, 187, -829, 917, 414, 488, 619, 287, 273, 
-302, -985, -683, 644, 190, -834, 917, 409, 488, 619, 287, 273, 
-302, -985, -683, 644, 190, -834, 917, 409, 488, 619, 283, 273, 
-307, -985, -678, 646, 185, -832, 912, 409, 488, 619, 283, 273, 
-307, -985, -678, 646, 185, -832, 912, 419, 497, 629, 283, 283, 
-292, -985, -692, 639, 200, -839, 912, 419, 497, 629, 283, 283, 
-302, -980, -678, 641, 187, -829, 912, 419, 497, 629, 283, 283, 
-302, -980, -678, 641, 187, -829, 912, 419, 497, 629, 287, 283, 
-283, -941, -658, 612, 187, -800, 922, 419, 517, 658, 317, 292, 
-268, -932, -663, 600, 197, -797, 932, 419, 527, 663, 326, 307, 
-263, -927, -663, 595, 200, -795, 927, 419, 527, 663, 331, 302, 
-258, -922, -663, 590, 202, -793, 936, 429, 531, 673, 331, 312, 
-253, -917, -663, 585, 204, -790, 936, 429, 536, 673, 331, 312, 
-248, -912, -663, 580, 207, -788, 936, 429, 541, 673, 331, 312, 
-244, -907, -663, 575, 209, -785, 936, 429, 546, 673, 331, 312, 
-234, -907, -673, 570, 219, -790, 927, 434, 546, 688, 346, 322, 
-234, -902, -668, 568, 217, -785, 932, 439, 551, 688, 346, 326, 
-229, -897, -668, 563, 219, -783, 936, 444, 551, 688, 346, 326, 
-224, -893, -668, 558, 222, -780, 936, 444, 551, 678, 346, 326, 
-234, -883, -649, 558, 207, -766, 927, 429, 556, 688, 346, 326, 
-239, -883, -644, 561, 202, -763, 922, 429, 556, 688, 351, 326, 
-239, -883, -644, 561, 202, -763, 907, 429, 561, 688, 351, 336, 
-224, -873, -649, 549, 212, -761, 897, 414, 561, 692, 351, 336, 
-229, -873, -644, 551, 207, -758, 878, 405, 566, 702, 356, 346, 
-219, -868, -649, 544, 214, -758, 863, 400, 566, 707, 356, 351, 
-214, -863, -649, 539, 217, -756, 854, 395, 561, 707, 366, 361, 
-209, -858, -649, 534, 219, -753, 849, 395, 561, 712, 366, 366, 
-209, -858, -649, 534, 219, -753, 844, 400, 561, 722, 375, 370, 
-200, -858, -658, 529, 229, -758, 834, 395, 561, 722, 380, 370, 
-200, -858, -658, 529, 229, -758, 839, 395, 561, 727, 385, 375, 
-195, -863, -668, 529, 236, -766, 844, 395, 556, 727, 390, 380, 
-185, -854, -668, 519, 241, -761, 834, 385, 541, 722, 385, 370, 
-180, -854, -673, 517, 246, -763, 834, 385, 541, 717, 375, 370, 
-175, -854, -678, 514, 251, -766, 839, 385, 531, 702, 361, 361, 
-175, -868, -692, 522, 258, -780, 839, 380, 507, 678, 341, 351, 
-200, -868, -668, 534, 234, -768, 844, 370, 502, 678, 346, 341, 
-200, -868, -668, 534, 234, -768, 844, 366, 502, 678, 346, 341, 
-200, -868, -668, 534, 234, -768, 844, 366, 497, 673, 341, 336, 
-214, -868, -653, 541, 219, -761, 844, 361, 492, 668, 336, 331, 
-219, -888, -668, 553, 224, -778, 844, 366, 478, 663, 322, 331, 
-224, -897, -673, 561, 224, -785, 849, 366, 478, 653, 322, 326, 
-224, -902, -678, 563, 226, -790, 849, 366, 478, 649, 317, 322, 
-239, -902, -663, 570, 212, -783, 849, 366, 473, 649, 312, 322, 
-239, -907, -668, 573, 214, -788, 858, 366, 473, 658, 322, 326, 
-244, -917, -673, 580, 214, -795, 863, 375, 473, 658, 317, 326, 
-248, -927, -678, 588, 214, -802, 863, 375, 478, 653, 317, 322, 
-258, -951, -692, 605, 217, -822, 863, 380, 478, 649, 312, 317, 
-253, -946, -692, 600, 219, -819, 868, 370, 473, 639, 297, 307, 
-258, -946, -688, 602, 214, -817, 873, 370, 468, 629, 292, 297, 
-268, -946, -678, 607, 204, -812, 868, 370, 458, 624, 292, 283, 
-278, -946, -668, 612, 195, -807, 863, 370, 448, 614, 283, 268, 
-292, -966, -673, 629, 190, -819, 878, 385, 448, 610, 287, 278, 
-292, -980, -688, 636, 197, -834, 883, 390, 448, 605, 287, 278, 
-292, -985, -692, 639, 200, -839, 888, 390, 444, 605, 283, 273, 
-297, -990, -692, 644, 197, -841, 888, 390, 444, 600, 278, 268, 
-312, -990, -678, 651, 183, -834, 888, 380, 453, 600, 278, 268, 
-302, -985, -683, 644, 190, -834, 888, 380, 444, 595, 273, 263, 
-297, -985, -688, 641, 195, -836, 888, 380, 444, 590, 273, 258, 
-292, -980, -688, 636, 197, -834, 888, 375, 439, 585, 268, 253, 
-302, -990, -688, 646, 192, -839, 888, 375, 434, 590, 258, 253, 
-317, -990, -673, 653, 178, -832, 888, 380, 434, 590, 258, 253, 
-322, -1000, -678, 661, 178, -839, 888, 380, 434, 590, 263, 253, 
-322, -1000, -678, 661, 178, -839, 897, 380, 439, 590, 263, 253, 
-307, -1000, -692, 653, 192, -846, 897, 390, 439, 595, 263, 258, 
-302, -1000, -697, 651, 197, -849, 893, 390, 434, 595, 263, 258, 
-297, -1000, -702, 649, 202, -851, 888, 390, 434, 585, 253, 248, 
-307, -1000, -692, 653, 192, -846, 888, 390, 434, 580, 253, 244, 
-287, -1010, -722, 649, 217, -866, 902, 390, 434, 580, 253, 253, 
-283, -1010, -727, 646, 222, -868, 907, 395, 434, 580, 258, 253, 
-283, -1015, -732, 649, 224, -873, 912, 400, 434, 585, 258, 253, 
-283, -1015, -732, 649, 224, -873, 912, 400, 439, 590, 253, 258, 
-278, -1005, -727, 641, 224, -866, 907, 395, 439, 600, 253, 248, 
-283, -995, -712, 639, 214, -854, 907, 395, 439, 600, 253, 248, 
-287, -985, -697, 636, 204, -841, 907, 395, 439, 600, 253, 244, 
-287, -976, -688, 631, 200, -832, 907, 395, 439, 600, 253, 239, 
-297, -985, -688, 641, 195, -836, 897, 395, 439, 595, 253, 239, 
-302, -990, -688, 646, 192, -839, 897, 395, 439, 590, 253, 244, 
-307, -985, -678, 646, 185, -832, 897, 395, 439, 585, 248, 244, 
-312, -990, -678, 651, 183, -834, 897, 390, 439, 580, 248, 244, 
-326, -1015, -688, 671, 180, -851, 907, 390, 448, 590, 253, 239, 
-326, -1005, -678, 666, 175, -841, 912, 395, 448, 590, 253, 239, 
-322, -1005, -683, 663, 180, -844, 912, 395, 448, 590, 248, 239, 
-322, -1005, -683, 663, 180, -844, 907, 395, 453, 590, 248, 239, 
-326, -995, -668, 661, 170, -832, 907, 395, 444, 590, 253, 239, 
-326, -995, -668, 661, 170, -832, 917, 400, 448, 595, 253, 244, 
-326, -995, -668, 661, 170, -832, 917, 400, 448, 595, 253, 244, 
-326, -995, -668, 661, 170, -832, 917, 395, 448, 595, 253, 239, 
-326, -1010, -683, 668, 178, -846, 912, 395, 444, 580, 244, 239, 
-326, -1015, -688, 671, 180, -851, 912, 395, 444, 575, 239, 239, 
-326, -1019, -692, 673, 183, -856, 912, 395, 444, 575, 239, 239, 
-326, -1024, -697, 675, 185, -861, 912, 395, 444, 575, 239, 239, 
-317, -1015, -697, 666, 190, -856, 912, 395, 453, 590, 253, 248, 
-326, -1015, -688, 671, 180, -851, 912, 395, 458, 590, 253, 248, 
-326, -1015, -688, 671, 180, -851, 912, 395, 458, 590, 253, 253, 
-317, -1015, -697, 666, 190, -856, 912, 395, 458, 590, 253, 253, 
-307, -990, -683, 649, 187, -836, 917, 409, 458, 590, 253, 244, 
-297, -1000, -702, 649, 202, -851, 936, 444, 478, 600, 253, 239, 
-283, -1005, -722, 644, 219, -863, 971, 478, 522, 614, 244, 234, 
-292, -1005, -712, 649, 209, -858, 995, 507, 575, 634, 244, 229, 
-307, -980, -673, 644, 183, -827, 1015, 531, 629, 653, 253, 229, 
-307, -966, -658, 636, 175, -812, 1044, 566, 702, 702, 287, 244, 
-278, -961, -683, 619, 202, -822, 1083, 610, 785, 785, 336, 268, 
-239, -927, -688, 583, 224, -807, 1102, 663, 873, 878, 400, 312, 
-190, -863, -673, 527, 241, -768, 1127, 722, 941, 966, 473, 380, 
-112, -810, -697, 461, 292, -753, 1146, 790, 1024, 1073, 570, 453, 
0, -775, -775, 387, 387, -775, 1146, 844, 1073, 1190, 678, 551, 
107, -746, -854, 319, 480, -800, 1093, 844, 1044, 1268, 780, 678, 
185, -717, -902, 265, 544, -810, 1005, 795, 936, 1312, 883, 805, 
278, -668, -946, 195, 612, -807, 907, 702, 810, 1342, 951, 907, 
361, -585, -946, 112, 653, -766, 761, 570, 702, 1405, 1039, 1005, 
453, -458, -912, 2, 683, -685, 566, 409, 624, 1517, 1166, 1141, 
556, -326, -883, -114, 719, -605, 361, 244, 561, 1678, 1337, 1302, 
639, -185, -824, -226, 732, -505, 156, 82, 517, 1898, 1546, 1503, 
673, -68, -741, -302, 707, -405, 9, -53, 478, 2064, 1698, 1654, 
634, -82, -717, -275, 675, -400, -19, -92, 405, 1995, 1615, 1600, 
507, -248, -756, -129, 631, -502, 53, -78, 278, 1625, 1263, 1312, 
317, -444, -761, 63, 539, -602, 165, -58, 131, 1146, 854, 971, 
117, -575, -692, 229, 405, -634, 278, -63, 34, 819, 585, 751, 
-48, -653, -605, 351, 278, -629, 366, -53, -14, 619, 444, 634, 
-151, -717, -566, 434, 207, -641, 434, -24, -29, 468, 326, 517, 
-180, -761, -580, 470, 200, -671, 507, 19, -48, 356, 234, 414, 
-185, -790, -605, 488, 209, -697, 575, 78, -29, 336, 209, 385, 
-224, -824, -600, 524, 187, -712, 614, 126, 34, 375, 224, 366, 
-258, -854, -595, 556, 168, -724, 653, 170, 92, 419, 234, 341, 
-268, -863, -595, 566, 163, -729, 697, 209, 161, 468, 248, 322, 
-258, -863, -605, 561, 173, -734, 751, 268, 253, 536, 283, 336, 
-229, -868, -639, 549, 204, -753, 800, 317, 336, 585, 307, 346, 
-204, -883, -678, 544, 236, -780, 834, 361, 385, 610, 312, 341, 
-214, -888, -673, 551, 229, -780, 854, 390, 448, 634, 322, 336, 
-224, -907, -683, 566, 229, -795, 863, 405, 488, 653, 326, 341, 
-224, -907, -683, 566, 229, -795, 873, 414, 497, 644, 317, 326, 
-229, -912, -683, 570, 226, -797, 873, 429, 492, 644, 302, 312, 
-244, -932, -688, 588, 222, -810, 893, 439, 502, 653, 302, 317, 
-268, -956, -688, 612, 209, -822, 902, 439, 492, 644, 297, 302, 
-268, -941, -673, 605, 202, -807, 912, 429, 488, 634, 292, 278, 
-258, -941, -683, 600, 212, -812, 922, 429, 488, 639, 287, 278, 
-268, -941, -673, 605, 202, -807, 927, 434, 488, 639, 283, 273, 
-268, -941, -673, 605, 202, -807, 927, 439, 492, 639, 283, 273, 
-263, -941, -678, 602, 207, -810, 927, 448, 502, 644, 287, 278, 
-268, -936, -668, 602, 200, -802, 936, 448, 517, 653, 292, 287, 
-268, -941, -673, 605, 202, -807, 936, 458, 531, 653, 292, 278, 
-278, -961, -683, 619, 202, -822, 936, 458, 541, 653, 297, 278, 
-283, -976, -692, 629, 204, -834, 941, 468, 546, 658, 302, 278, 
-302, -976, -673, 639, 185, -824, 941, 463, 536, 673, 292, 273, 
-307, -976, -668, 641, 180, -822, 941, 463, 536, 673, 292, 273, 
-307, -976, -668, 641, 180, -822, 946, 463, 531, 673, 292, 273, 
-312, -976, -663, 644, 175, -819, 946, 458, 527, 668, 287, 268, 
-302, -961, -658, 631, 178, -810, 932, 458, 536, 658, 297, 278, 
-287, -951, -663, 619, 187, -807, 932, 458, 541, 663, 302, 283, 
-278, -941, -663, 610, 192, -802, 932, 463, 546, 663, 302, 283, 
-268, -936, -668, 602, 200, -802, 941, 463, 551, 663, 307, 283, 
-268, -922, -653, 595, 192, -788, 951, 468, 556, 663, 307, 278, 
-268, -922, -653, 595, 192, -788, 946, 468, 556, 663, 307, 278, 
-268, -927, -658, 597, 195, -793, 946, 473, 551, 673, 307, 278, 
-268, -936, -668, 602, 200, -802, 951, 473, 551, 673, 312, 278, 
-283, -951, -668, 617, 192, -810, 951, 473, 551, 663, 302, 278, 
-283, -956, -673, 619, 195, -814, 946, 468, 546, 668, 302, 278, 
-273, -951, -678, 612, 202, -814, 946, 468, 541, 668, 302, 278, 
-268, -951, -683, 610, 207, -817, 946, 468, 541, 668, 307, 278, 
-268, -946, -678, 607, 204, -812, 946, 458, 541, 658, 307, 283, 
-268, -946, -678, 607, 204, -812, 946, 463, 551, 663, 312, 283, 
-268, -951, -683, 610, 207, -817, 951, 468, 556, 668, 312, 287, 
-268, -951, -683, 610, 207, -817, 951, 468, 556, 668, 312, 287, 
-268, -941, -673, 605, 202, -807, 946, 478, 556, 673, 312, 297, 
-268, -941, -673, 605, 202, -807, 946, 473, 551, 673, 312, 297, 
-268, -941, -673, 605, 202, -807, 946, 473, 551, 678, 312, 297, 
-268, -936, -668, 602, 200, -802, 951, 473, 556, 683, 312, 302, 
-258, -927, -668, 592, 204, -797, 951, 473, 566, 692, 322, 312, 
-248, -917, -668, 583, 209, -793, 951, 473, 566, 692, 326, 307, 
-244, -917, -673, 580, 214, -795, 951, 473, 566, 692, 326, 307, 
-239, -917, -678, 578, 219, -797, 951, 473, 566, 692, 331, 307, 
-229, -927, -697, 578, 234, -812, 951, 473, 551, 688, 322, 297, 
-244, -927, -683, 585, 219, -805, 951, 473, 551, 688, 322, 297, 
-248, -927, -678, 588, 214, -802, 951, 473, 556, 692, 322, 307, 
-253, -927, -673, 590, 209, -800, 946, 478, 556, 692, 326, 307, 
-248, -932, -683, 590, 217, -807, 956, 478, 566, 712, 336, 317, 
-253, -927, -673, 590, 209, -800, 956, 478, 566, 717, 341, 317, 
-258, -927, -668, 592, 204, -797, 956, 478, 570, 722, 341, 317, 
-268, -927, -658, 597, 195, -793, 956, 478, 570, 727, 346, 317, 
-263, -912, -649, 588, 192, -780, 956, 478, 570, 722, 351, 312, 
-248, -912, -663, 580, 207, -788, 956, 478, 570, 722, 351, 312, 
-244, -917, -673, 580, 214, -795, 956, 483, 575, 727, 351, 317, 
-239, -922, -683, 580, 222, -802, 956, 483, 575, 727, 351, 317, 
-234, -917, -683, 575, 224, -800, 956, 488, 566, 717, 346, 317, 
-219, -902, -683, 561, 231, -793, 956, 488, 570, 722, 341, 317, 
-214, -897, -683, 556, 234, -790, 956, 488, 570, 727, 341, 317, 
-209, -893, -683, 551, 236, -788, 956, 483, 570, 727, 336, 317, 
-214, -902, -688, 558, 236, -795, 956, 473, 570, 717, 336, 322, 
-219, -907, -688, 563, 234, -797, 951, 473, 570, 717, 336, 322, 
-219, -912, -692, 566, 236, -802, 951, 473, 575, 717, 336, 322, 
-224, -907, -683, 566, 229, -795, 946, 473, 580, 722, 341, 326, 
-214, -907, -692, 561, 239, -800, 946, 488, 570, 732, 351, 322, 
-214, -907, -692, 561, 239, -800, 951, 488, 575, 736, 356, 322, 
-209, -907, -697, 558, 244, -802, 951, 488, 575, 736, 356, 322, 
-204, -902, -697, 553, 246, -800, 951, 488, 575, 741, 356, 326, 
-214, -878, -663, 546, 224, -771, 951, 492, 585, 746, 351, 336, 
-209, -878, -668, 544, 229, -773, 951, 492, 590, 751, 356, 336, 
-209, -878, -668, 544, 229, -773, 951, 492, 600, 751, 361, 336, 
-209, -878, -668, 544, 229, -773, 951, 497, 600, 756, 361, 346, 
-200, -883, -683, 541, 241, -783, 951, 497, 600, 756, 375, 346, 
-200, -883, -683, 541, 241, -783, 951, 497, 605, 761, 380, 346, 
-200, -883, -683, 541, 241, -783, 951, 497, 605, 771, 380, 346, 
-200, -883, -683, 541, 241, -783, 951, 497, 605, 771, 385, 346, 
-190, -873, -683, 531, 246, -778, 941, 492, 610, 780, 395, 356, 
-185, -873, -688, 529, 251, -780, 941, 492, 605, 780, 395, 356, 
-185, -873, -688, 529, 251, -780, 941, 492, 600, 790, 400, 356, 
-185, -868, -683, 527, 248, -775, 941, 502, 605, 795, 405, 366, 
-180, -858, -678, 519, 248, -768, 936, 502, 614, 800, 400, 380, 
-180, -854, -673, 517, 246, -763, 936, 497, 614, 805, 405, 380, 
-175, -849, -673, 512, 248, -761, 927, 497, 614, 810, 405, 380, 
-175, -844, -668, 509, 246, -756, 927, 497, 619, 814, 409, 385, 
-180, -854, -673, 517, 246, -763, 936, 502, 624, 819, 419, 385, 
-180, -849, -668, 514, 244, -758, 936, 502, 629, 824, 429, 385, 
-170, -844, -673, 507, 251, -758, 936, 502, 629, 824, 434, 385, 
-165, -834, -668, 500, 251, -751, 932, 502, 629, 829, 439, 390, 
-156, -819, -663, 488, 253, -741, 922, 507, 624, 834, 444, 400, 
-156, -819, -663, 488, 253, -741, 922, 512, 629, 844, 444, 405, 
-151, -829, -678, 490, 263, -753, 922, 512, 634, 844, 439, 405, 
-141, -810, -668, 475, 263, -739, 922, 512, 634, 849, 439, 409, 
-126, -819, -692, 473, 283, -756, 927, 512, 634, 844, 444, 414, 
-122, -819, -697, 470, 287, -758, 927, 512, 639, 849, 448, 419, 
-107, -814, -707, 461, 300, -761, 922, 512, 649, 858, 458, 424, 
-97, -805, -707, 451, 305, -756, 917, 512, 653, 863, 463, 434, 
-102, -805, -702, 453, 300, -753, 917, 512, 658, 878, 473, 434, 
-97, -805, -707, 451, 305, -756, 917, 517, 663, 893, 483, 439, 
-102, -805, -702, 453, 300, -753, 912, 517, 668, 902, 488, 444, 
-107, -795, -688, 451, 290, -741, 907, 517, 668, 902, 492, 448, 
-112, -780, -668, 446, 278, -724, 902, 517, 683, 917, 502, 468, 
-102, -775, -673, 439, 285, -724, 902, 517, 688, 927, 507, 473, 
-92, -771, -678, 431, 292, -724, 897, 517, 692, 941, 517, 478, 
-87, -761, -673, 424, 292, -717, 893, 517, 697, 951, 517, 488, 
-68, -751, -683, 409, 307, -717, 888, 507, 697, 956, 541, 483, 
-63, -736, -673, 400, 305, -705, 883, 512, 707, 966, 546, 497, 
-43, -727, -683, 385, 319, -705, 883, 512, 712, 976, 561, 502, 
-39, -707, -668, 373, 314, -688, 883, 522, 717, 985, 566, 517, 
-29, -702, -673, 366, 322, -688, 888, 522, 722, 1005, 566, 527, 
-19, -707, -688, 363, 334, -697, 883, 522, 727, 1019, 575, 531, 
-14, -712, -697, 363, 341, -705, 878, 522, 732, 1029, 585, 541, 
-9, -702, -692, 356, 341, -697, 873, 522, 746, 1039, 590, 551, 
-9, -692, -683, 351, 336, -688, 878, 522, 751, 1058, 610, 561, 
0, -683, -683, 341, 341, -683, 873, 517, 751, 1068, 629, 575, 
14, -668, -683, 326, 348, -675, 868, 517, 756, 1083, 634, 590, 
24, -653, -678, 314, 351, -666, 863, 517, 761, 1093, 649, 605, 
34, -649, -683, 307, 358, -666, 858, 517, 771, 1093, 668, 605, 
34, -644, -678, 305, 356, -661, 849, 517, 775, 1102, 668, 614, 
34, -639, -673, 302, 353, -656, 844, 517, 780, 1107, 678, 619, 
43, -629, -673, 292, 358, -651, 839, 517, 790, 1122, 688, 634, 
53, -624, -678, 285, 366, -651, 834, 517, 785, 1127, 683, 634, 
53, -624, -678, 285, 366, -651, 829, 517, 785, 1132, 688, 639, 
63, -619, -683, 278, 373, -651, 824, 512, 785, 1137, 692, 644, 
78, -605, -683, 263, 380, -644, 824, 512, 785, 1146, 692, 649, 
73, -605, -678, 265, 375, -641, 810, 512, 785, 1141, 702, 658, 
73, -605, -678, 265, 375, -641, 805, 512, 790, 1141, 707, 658, 
73, -605, -678, 265, 375, -641, 805, 512, 795, 1156, 717, 668, 
87, -605, -692, 258, 390, -649, 800, 507, 795, 1161, 732, 673, 
78, -605, -683, 263, 380, -644, 800, 507, 795, 1166, 736, 688, 
78, -600, -678, 261, 378, -639, 800, 512, 800, 1176, 741, 697, 
78, -590, -668, 256, 373, -629, 795, 512, 800, 1185, 746, 702, 
87, -580, -668, 246, 378, -624, 790, 502, 800, 1195, 746, 702, 
68, -590, -658, 261, 363, -624, 800, 497, 790, 1190, 751, 692, 
68, -590, -658, 261, 363, -624, 800, 497, 785, 1190, 756, 697, 
68, -590, -658, 261, 363, -624, 795, 488, 785, 1190, 756, 702, 
82, -580, -663, 248, 373, -622, 790, 483, 785, 1190, 751, 702, 
92, -566, -658, 236, 375, -612, 800, 483, 795, 1190, 751, 702, 
87, -570, -658, 241, 373, -614, 800, 478, 795, 1190, 756, 702, 
78, -575, -653, 248, 366, -614, 800, 478, 790, 1185, 756, 702, 
78, -570, -649, 246, 363, -610, 800, 468, 780, 1180, 751, 697, 
73, -575, -649, 251, 361, -612, 805, 468, 771, 1166, 727, 683, 
53, -580, -634, 263, 344, -607, 805, 458, 766, 1151, 717, 668, 
24, -605, -629, 290, 326, -617, 810, 453, 751, 1127, 702, 653, 
9, -624, -634, 307, 322, -629, 814, 453, 736, 1112, 678, 649, 
4, -649, -653, 322, 329, -651, 814, 448, 722, 1083, 668, 624, 
-4, -663, -658, 334, 326, -661, 824, 444, 717, 1063, 653, 610, 
-24, -678, -653, 351, 314, -666, 834, 439, 702, 1049, 639, 595, 
-43, -697, -653, 370, 305, -675, 844, 434, 692, 1029, 619, 585, 
-48, -688, -639, 368, 295, -663, 839, 439, 678, 995, 595, 556, 
-63, -688, -624, 375, 280, -656, 844, 439, 668, 980, 566, 536, 
-78, -702, -624, 390, 273, -663, 854, 439, 668, 961, 551, 512, 
-97, -717, -619, 407, 261, -668, 858, 434, 663, 932, 527, 497, 
-112, -722, -610, 417, 248, -666, 878, 439, 653, 907, 512, 488, 
-122, -732, -610, 427, 244, -671, 893, 439, 644, 883, 492, 468, 
-136, -746, -610, 441, 236, -678, 893, 434, 629, 868, 478, 453, 
-151, -766, -614, 458, 231, -690, 902, 429, 619, 849, 458, 444, 
-175, -780, -605, 478, 214, -692, 907, 424, 600, 829, 439, 419, 
-185, -800, -614, 492, 214, -707, 912, 419, 585, 810, 419, 400, 
-200, -810, -610, 505, 204, -710, 917, 414, 570, 795, 409, 385, 
-214, -834, -619, 524, 202, -727, 922, 405, 561, 780, 400, 370, 
-224, -844, -619, 534, 197, -732, 927, 409, 556, 780, 390, 366, 
-234, -844, -610, 539, 187, -727, 932, 414, 546, 756, 370, 351, 
-234, -849, -614, 541, 190, -732, 936, 419, 541, 746, 366, 346, 
-239, -849, -610, 544, 185, -729, 941, 419, 541, 732, 351, 331, 
-244, -873, -629, 558, 192, -751, 956, 409, 531, 712, 336, 322, 
-244, -878, -634, 561, 195, -756, 956, 414, 527, 697, 331, 322, 
-248, -888, -639, 568, 195, -763, 961, 414, 522, 692, 326, 317, 
-263, -893, -629, 578, 183, -761, 966, 414, 517, 692, 317, 312, 
-273, -883, -610, 578, 168, -746, 971, 419, 522, 692, 322, 317, 
-278, -893, -614, 585, 168, -753, 971, 419, 517, 692, 317, 312, 
-283, -897, -614, 590, 165, -756, 976, 424, 507, 697, 317, 312, 
-278, -897, -619, 588, 170, -758, 976, 429, 507, 702, 312, 307, 
-268, -888, -619, 578, 175, -753, 961, 419, 492, 683, 317, 292, 
-278, -888, -610, 583, 165, -749, 961, 419, 492, 678, 312, 283, 
-278, -897, -619, 588, 170, -758, 966, 419, 492, 673, 312, 283, 
-278, -897, -619, 588, 170, -758, 966, 414, 488, 668, 307, 283, 
-287, -902, -614, 595, 163, -758, 976, 414, 483, 663, 297, 273, 
-292, -902, -610, 597, 158, -756, 976, 414, 478, 663, 292, 273, 
-292, -907, -614, 600, 161, -761, 976, 414, 478, 658, 292, 268, 
-287, -907, -619, 597, 165, -763, 980, 414, 478, 658, 292, 268, 
-273, -902, -629, 588, 178, -766, 980, 424, 483, 673, 292, 273, 
-273, -902, -629, 588, 178, -766, 980, 424, 483, 673, 292, 278, 
-287, -907, -619, 597, 165, -763, 980, 424, 483, 668, 292, 278, 
-287, -907, -619, 597, 165, -763, 980, 424, 483, 668, 287, 283, 
-287, -907, -619, 597, 165, -763, 980, 414, 473, 658, 287, 278, 
-287, -907, -619, 597, 165, -763, 980, 414, 473, 653, 287, 273, 
-292, -907, -614, 600, 161, -761, 980, 409, 468, 653, 283, 268, 
-297, -917, -619, 607, 161, -768, 980, 409, 468, 653, 283, 263, 
-297, -917, -619, 607, 161, -768, 990, 414, 473, 663, 283, 268, 
-297, -907, -610, 602, 156, -758, 990, 414, 473, 663, 283, 273, 
-297, -907, -610, 602, 156, -758, 990, 414, 478, 663, 287, 278, 
-297, -912, -614, 605, 158, -763, 990, 414, 478, 663, 287, 283, 
-297, -927, -629, 612, 165, -778, 980, 424, 478, 663, 278, 283, 
-302, -927, -624, 614, 161, -775, 985, 424, 478, 668, 283, 287, 
-312, -927, -614, 619, 151, -771, 985, 424, 478, 668, 283, 287, 
-317, -922, -605, 619, 143, -763, 985, 424, 478, 668, 283, 287, 
-312, -907, -595, 610, 141, -751, 985, 424, 478, 658, 287, 283, 
-307, -907, -600, 607, 146, -753, 985, 424, 478, 658, 287, 283, 
-302, -912, -610, 607, 153, -761, 985, 424, 478, 658, 283, 283, 
-297, -912, -614, 605, 158, -763, 985, 419, 478, 658, 283, 283, 
-292, -907, -614, 600, 161, -761, 985, 409, 468, 644, 278, 268, 
-283, -902, -619, 592, 168, -761, 985, 409, 468, 644, 278, 268, 
-273, -893, -619, 583, 173, -756, 985, 409, 468, 644, 278, 273, 
-268, -888, -619, 578, 175, -753, 985, 409, 468, 644, 278, 273, 
-278, -893, -614, 585, 168, -753, 995, 409, 468, 653, 287, 283, 
-283, -897, -614, 590, 165, -756, 995, 409, 468, 653, 287, 283, 
-283, -907, -624, 595, 170, -766, 995, 409, 473, 653, 287, 283, 
-287, -917, -629, 602, 170, -773, 995, 414, 478, 653, 287, 283, 
-297, -917, -619, 607, 161, -768, 985, 405, 468, 653, 287, 283, 
-302, -917, -614, 610, 156, -766, 985, 405, 468, 658, 292, 283, 
-302, -922, -619, 612, 158, -771, 985, 405, 468, 663, 292, 287, 
-302, -922, -619, 612, 158, -771, 985, 405, 468, 663, 292, 287, 
-297, -907, -610, 602, 156, -758, 995, 414, 478, 678, 292, 297, 
-292, -902, -610, 597, 158, -756, 995, 414, 478, 678, 297, 297, 
-287, -888, -600, 588, 156, -744, 995, 414, 478, 678, 302, 297, 
-283, -878, -595, 580, 156, -736, 995, 414, 478, 678, 307, 297, 
-287, -883, -595, 585, 153, -739, 985, 414, 488, 678, 297, 297, 
-287, -888, -600, 588, 156, -744, 985, 414, 488, 678, 302, 297, 
-287, -888, -600, 588, 156, -744, 985, 414, 488, 678, 302, 297, 
-292, -888, -595, 590, 151, -741, 980, 414, 488, 678, 307, 297, 
-278, -893, -614, 585, 168, -753, 990, 414, 478, 678, 307, 297, 
-278, -893, -614, 585, 168, -753, 990, 414, 478, 683, 307, 297, 
-283, -893, -610, 588, 163, -751, 990, 414, 478, 683, 307, 297, 
-283, -893, -610, 588, 163, -751, 990, 414, 478, 683, 307, 297, 
-283, -893, -610, 588, 163, -751, 1000, 414, 478, 683, 302, 297, 
-283, -893, -610, 588, 163, -751, 1000, 414, 478, 683, 302, 297, 
-283, -897, -614, 590, 165, -756, 1000, 414, 478, 683, 302, 307, 
-283, -897, -614, 590, 165, -756, 1000, 414, 478, 688, 307, 307, 
-283, -897, -614, 590, 165, -756, 990, 414, 483, 688, 312, 307, 
-297, -897, -600, 597, 151, -749, 990, 414, 483, 688, 317, 307, 
-297, -897, -600, 597, 151, -749, 990, 414, 483, 688, 317, 307, 
-287, -897, -610, 592, 161, -753, 980, 414, 483, 683, 312, 302, 
-278, -893, -614, 585, 168, -753, 990, 414, 492, 683, 312, 312, 
-278, -893, -614, 585, 168, -753, 990, 414, 492, 683, 312, 317, 
-278, -888, -610, 583, 165, -749, 990, 414, 492, 692, 312, 317, 
-287, -878, -590, 583, 151, -734, 995, 414, 483, 692, 317, 317, 
-302, -888, -585, 595, 141, -736, 995, 414, 483, 692, 317, 307, 
-307, -888, -580, 597, 136, -734, 990, 414, 478, 692, 317, 307, 
-307, -888, -580, 597, 136, -734, 990, 414, 478, 692, 307, 307, 
-312, -888, -575, 600, 131, -732, 990, 409, 483, 692, 317, 302, 
-307, -888, -580, 597, 136, -734, 995, 409, 492, 702, 317, 312, 
-302, -893, -590, 597, 143, -741, 995, 414, 492, 702, 317, 312, 
-297, -893, -595, 595, 148, -744, 995, 414, 492, 702, 317, 317, 
-292, -883, -590, 588, 148, -736, 995, 414, 492, 702, 322, 317, 
-297, -883, -585, 590, 143, -734, 1000, 424, 497, 707, 331, 326, 
-297, -888, -590, 592, 146, -739, 1005, 424, 497, 707, 331, 326, 
-302, -897, -595, 600, 146, -746, 1010, 419, 497, 702, 326, 326, 
-302, -902, -600, 602, 148, -751, 1015, 419, 488, 702, 326, 326, 
-302, -902, -600, 602, 148, -751, 1005, 409, 478, 697, 322, 322, 
-297, -907, -610, 602, 156, -758, 1005, 405, 468, 692, 312, 317, 
-297, -907, -610, 602, 156, -758, 1005, 405, 468, 688, 307, 312, 
-302, -907, -605, 605, 151, -756, 1005, 409, 473, 683, 302, 307, 
-317, -917, -600, 617, 141, -758, 1000, 400, 473, 673, 302, 307, 
-317, -917, -600, 617, 141, -758, 995, 400, 473, 673, 302, 302, 
-312, -917, -605, 614, 146, -761, 990, 395, 473, 668, 302, 302, 
-312, -917, -605, 614, 146, -761, 985, 395, 473, 668, 302, 302, 
-317, -917, -600, 617, 141, -758, 995, 405, 473, 673, 302, 302, 
-317, -917, -600, 617, 141, -758, 995, 405, 473, 673, 302, 302, 
-312, -917, -605, 614, 146, -761, 995, 405, 473, 678, 302, 302, 
-312, -927, -614, 619, 151, -771, 995, 400, 463, 683, 297, 297, 
-302, -912, -610, 607, 153, -761, 1000, 395, 453, 663, 287, 297, 
-302, -902, -600, 602, 148, -751, 995, 395, 458, 663, 287, 292, 
-302, -893, -590, 597, 143, -741, 995, 400, 458, 663, 283, 283, 
-307, -888, -580, 597, 136, -734, 1000, 400, 458, 668, 283, 292, 
-297, -888, -590, 592, 146, -739, 1000, 405, 468, 658, 297, 292, 
-297, -888, -590, 592, 146, -739, 1000, 405, 468, 658, 297, 297, 
-297, -888, -590, 592, 146, -739, 1005, 405, 468, 658, 297, 297, 
-297, -888, -590, 592, 146, -739, 1005, 405, 468, 653, 297, 287, 
-307, -902, -595, 605, 143, -749, 1015, 405, 458, 658, 302, 297, 
-307, -907, -600, 607, 146, -753, 1015, 409, 458, 663, 302, 302, 
-307, -912, -605, 610, 148, -758, 1015, 414, 463, 668, 302, 302, 
-297, -917, -619, 607, 161, -768, 1015, 419, 463, 673, 307, 302, 
-297, -907, -610, 602, 156, -758, 1000, 405, 463, 663, 302, 292, 
-302, -907, -605, 605, 151, -756, 1000, 405, 453, 663, 297, 292, 
-302, -912, -610, 607, 153, -761, 1000, 409, 453, 663, 292, 292, 
-307, -912, -605, 610, 148, -758, 1000, 409, 453, 663, 287, 292, 
-326, -917, -590, 622, 131, -753, 1005, 409, 463, 663, 287, 292, 
-326, -922, -595, 624, 134, -758, 1010, 409, 463, 668, 287, 292, 
-317, -922, -605, 619, 143, -763, 1015, 409, 463, 668, 287, 292, 
-312, -922, -610, 617, 148, -766, 1019, 409, 463, 663, 278, 292, 
-302, -912, -610, 607, 153, -761, 1010, 409, 448, 663, 292, 292, 
-307, -907, -600, 607, 146, -753, 1005, 409, 448, 663, 292, 287, 
-307, -902, -595, 605, 143, -749, 1005, 409, 444, 663, 297, 287, 
-302, -897, -595, 600, 146, -746, 1010, 409, 444, 663, 302, 287, 
-312, -902, -590, 607, 139, -746, 1010, 400, 453, 658, 297, 287, 
-312, -907, -595, 610, 141, -751, 1010, 395, 453, 658, 297, 287, 
-312, -917, -605, 614, 146, -761, 1010, 395, 453, 658, 297, 287, 
-312, -922, -610, 617, 148, -766, 1015, 395, 453, 658, 297, 287, 
-307, -912, -605, 610, 148, -758, 1015, 405, 463, 658, 287, 292, 
-312, -912, -600, 612, 143, -756, 1010, 400, 458, 658, 287, 292, 
-312, -912, -600, 612, 143, -756, 1010, 400, 458, 653, 283, 287, 
-312, -912, -600, 612, 143, -756, 1010, 400, 458, 653, 283, 287, 
-322, -917, -595, 619, 136, -756, 1010, 405, 453, 663, 297, 302, 
-322, -917, -595, 619, 136, -756, 1010, 405, 453, 663, 297, 302, 
-322, -917, -595, 619, 136, -756, 1015, 405, 444, 668, 292, 302, 
-326, -917, -590, 622, 131, -753, 1015, 405, 453, 668, 292, 302, 
-336, -927, -590, 631, 126, -758, 1024, 405, 463, 668, 297, 302, 
-336, -922, -585, 629, 124, -753, 1024, 405, 463, 668, 297, 302, 
-336, -922, -585, 629, 124, -753, 1024, 405, 463, 668, 297, 302, 
-331, -912, -580, 622, 124, -746, 1024, 405, 463, 668, 297, 302, 
-326, -902, -575, 614, 124, -739, 1019, 395, 453, 658, 292, 297, 
-322, -907, -585, 614, 131, -746, 1019, 395, 453, 658, 287, 292, 
-322, -907, -585, 614, 131, -746, 1015, 395, 448, 658, 283, 283, 
-322, -902, -580, 612, 129, -741, 1015, 395, 448, 644, 273, 278, 
-312, -902, -590, 607, 139, -746, 1015, 405, 439, 653, 283, 287, 
-312, -907, -595, 610, 141, -751, 1015, 405, 439, 653, 283, 287, 
-312, -912, -600, 612, 143, -756, 1015, 400, 439, 653, 283, 287, 
-312, -912, -600, 612, 143, -756, 1015, 400, 439, 653, 283, 287, 
-322, -917, -595, 619, 136, -756, 1024, 390, 444, 658, 283, 287, 
-326, -922, -595, 624, 134, -758, 1024, 390, 444, 658, 283, 287, 
-326, -927, -600, 627, 136, -763, 1015, 390, 444, 658, 283, 283, 
-322, -932, -610, 627, 143, -771, 1015, 395, 448, 658, 283, 283, 
-331, -907, -575, 619, 122, -741, 1024, 395, 458, 668, 287, 292, 
-322, -897, -575, 610, 126, -736, 1015, 400, 458, 658, 287, 283, 
-302, -873, -570, 588, 134, -722, 1015, 390, 448, 658, 292, 292, 
-278, -858, -580, 568, 151, -719, 1019, 400, 458, 668, 292, 302, 
-273, -849, -575, 561, 151, -712, 1024, 409, 478, 683, 312, 312, 
-273, -839, -566, 556, 146, -702, 1034, 409, 483, 688, 322, 322, 
-273, -839, -566, 556, 146, -702, 1034, 409, 488, 692, 322, 322, 
-273, -839, -566, 556, 146, -702, 1034, 409, 492, 697, 322, 322, 
-273, -839, -566, 556, 146, -702, 1034, 409, 497, 702, 322, 322, 
-278, -834, -556, 556, 139, -695, 1034, 405, 497, 707, 326, 322, 
-283, -834, -551, 558, 134, -692, 1039, 409, 502, 707, 326, 326, 
-283, -834, -551, 558, 134, -692, 1044, 414, 502, 707, 326, 326, 
-283, -834, -551, 558, 134, -692, 1044, 414, 502, 697, 326, 326, 
-283, -824, -541, 553, 129, -683, 1034, 409, 507, 707, 326, 326, 
-287, -824, -536, 556, 124, -680, 1029, 409, 507, 707, 331, 326, 
-287, -824, -536, 556, 124, -680, 1015, 409, 512, 707, 331, 336, 
-273, -814, -541, 544, 134, -678, 1005, 395, 512, 712, 331, 336, 
-268, -805, -536, 536, 134, -671, 1000, 395, 522, 732, 356, 341, 
-258, -800, -541, 529, 141, -671, 990, 390, 527, 736, 356, 351, 
-253, -795, -541, 524, 143, -668, 985, 385, 527, 736, 366, 366, 
-248, -790, -541, 519, 146, -666, 985, 385, 531, 741, 366, 375, 
-244, -790, -546, 517, 151, -668, 971, 370, 522, 741, 366, 375, 
-239, -790, -551, 514, 156, -671, 951, 366, 522, 741, 370, 370, 
-244, -790, -546, 517, 151, -668, 946, 366, 522, 746, 375, 370, 
-244, -795, -551, 519, 153, -673, 941, 366, 517, 746, 380, 370, 
-229, -790, -561, 509, 165, -675, 946, 375, 512, 746, 370, 380, 
-219, -785, -566, 502, 173, -675, 951, 375, 512, 746, 366, 380, 
-209, -780, -570, 495, 180, -675, 961, 375, 502, 736, 356, 370, 
-204, -790, -585, 497, 190, -688, 966, 370, 478, 717, 341, 361, 
-229, -800, -570, 514, 170, -685, 956, 356, 463, 707, 346, 361, 
-229, -800, -570, 514, 170, -685, 951, 346, 463, 707, 346, 361, 
-229, -800, -570, 514, 170, -685, 946, 341, 458, 702, 341, 356, 
-244, -800, -556, 522, 156, -678, 941, 331, 453, 697, 336, 351, 
-253, -805, -551, 529, 148, -678, 951, 336, 439, 692, 331, 351, 
-253, -810, -556, 531, 151, -683, 956, 336, 439, 683, 331, 346, 
-248, -810, -561, 529, 156, -685, 956, 336, 439, 678, 326, 341, 
-258, -805, -546, 531, 143, -675, 956, 336, 434, 678, 322, 341, 
-278, -810, -531, 544, 126, -671, 966, 331, 434, 688, 331, 346, 
-283, -819, -536, 551, 126, -678, 971, 346, 434, 688, 326, 346, 
-287, -829, -541, 558, 126, -685, 971, 351, 439, 683, 326, 341, 
-297, -854, -556, 575, 129, -705, 971, 361, 439, 678, 322, 336, 
-297, -858, -561, 578, 131, -710, 980, 361, 439, 663, 317, 322, 
-297, -858, -561, 578, 131, -710, 990, 361, 439, 658, 312, 317, 
-302, -858, -556, 580, 126, -707, 990, 361, 434, 658, 312, 307, 
-307, -858, -551, 583, 122, -705, 990, 361, 429, 653, 302, 297, 
-302, -883, -580, 592, 139, -732, 985, 356, 424, 639, 283, 287, 
-302, -893, -590, 597, 143, -741, 990, 361, 419, 634, 278, 287, 
-302, -893, -590, 597, 143, -741, 995, 361, 409, 634, 268, 283, 
-307, -893, -585, 600, 139, -739, 995, 361, 405, 629, 258, 278, 
-326, -912, -585, 619, 129, -749, 1000, 370, 414, 639, 268, 287, 
-322, -917, -595, 619, 136, -756, 1005, 370, 405, 634, 263, 283, 
-322, -927, -605, 624, 141, -766, 1010, 370, 405, 629, 263, 278, 
-322, -932, -610, 627, 143, -771, 1015, 366, 400, 624, 258, 273, 
-322, -932, -610, 627, 143, -771, 1015, 366, 395, 619, 258, 273, 
-336, -932, -595, 634, 129, -763, 1015, 370, 395, 619, 258, 273, 
-341, -941, -600, 641, 129, -771, 1015, 370, 395, 619, 263, 273, 
-341, -941, -600, 641, 129, -771, 1024, 370, 400, 619, 263, 273, 
-331, -932, -600, 631, 134, -766, 1015, 370, 400, 614, 253, 268, 
-322, -932, -610, 627, 143, -771, 1010, 370, 395, 614, 253, 268, 
-312, -932, -619, 622, 153, -775, 1005, 370, 395, 605, 244, 258, 
-317, -932, -614, 624, 148, -773, 1005, 370, 395, 600, 244, 253, 
-322, -922, -600, 622, 139, -761, 1019, 370, 405, 610, 253, 263, 
-322, -922, -600, 622, 139, -761, 1024, 375, 405, 610, 258, 263, 
-326, -927, -600, 627, 136, -763, 1029, 380, 405, 614, 258, 263, 
-331, -927, -595, 629, 131, -761, 1029, 380, 409, 619, 253, 268, 
-326, -917, -590, 622, 131, -753, 1034, 385, 409, 619, 244, 258, 
-331, -917, -585, 624, 126, -751, 1034, 385, 409, 619, 244, 258, 
-336, -917, -580, 627, 122, -749, 1034, 385, 409, 619, 244, 253, 
-336, -917, -580, 627, 122, -749, 1034, 385, 409, 619, 244, 248, 
-341, -932, -590, 636, 124, -761, 1034, 385, 400, 610, 244, 248, 
-341, -941, -600, 641, 129, -771, 1034, 385, 400, 610, 244, 253, 
-341, -941, -600, 641, 129, -771, 1034, 385, 400, 610, 239, 253, 
-341, -951, -610, 646, 134, -780, 1034, 380, 400, 610, 239, 253, 
-351, -956, -605, 653, 126, -780, 1034, 370, 400, 610, 234, 248, 
-356, -946, -590, 651, 117, -768, 1039, 375, 400, 610, 234, 248, 
-356, -946, -590, 651, 117, -768, 1039, 375, 400, 610, 229, 248, 
-361, -946, -585, 653, 112, -766, 1034, 375, 405, 610, 229, 248, 
-361, -936, -575, 649, 107, -756, 1024, 375, 395, 619, 234, 248, 
-356, -936, -580, 646, 112, -758, 1034, 380, 400, 624, 234, 253, 
-351, -936, -585, 644, 117, -761, 1034, 380, 400, 624, 234, 253, 
-346, -936, -590, 641, 122, -763, 1034, 375, 400, 624, 234, 248, 
-351, -941, -590, 646, 119, -766, 1039, 375, 405, 610, 244, 248, 
-356, -946, -590, 651, 117, -768, 1039, 375, 405, 605, 239, 248, 
-361, -951, -590, 656, 114, -771, 1039, 375, 405, 605, 239, 248, 
-366, -956, -590, 661, 112, -773, 1039, 375, 405, 605, 239, 248, 
-361, -946, -585, 653, 112, -766, 1049, 375, 405, 619, 234, 248, 
-366, -946, -580, 656, 107, -763, 1049, 375, 409, 619, 234, 248, 
-361, -946, -585, 653, 112, -766, 1049, 375, 409, 619, 234, 253, 
-346, -946, -600, 646, 126, -773, 1049, 375, 409, 619, 234, 253, 
-336, -932, -595, 634, 129, -763, 1054, 380, 419, 619, 244, 253, 
-336, -932, -595, 634, 129, -763, 1054, 395, 439, 619, 244, 248, 
-331, -927, -595, 629, 131, -761, 1068, 429, 473, 634, 234, 244, 
-331, -936, -605, 634, 136, -771, 1102, 478, 527, 653, 244, 239, 
-336, -922, -585, 629, 124, -753, 1122, 512, 590, 683, 253, 239, 
-336, -907, -570, 622, 117, -739, 1151, 536, 663, 732, 278, 244, 
-297, -883, -585, 590, 143, -734, 1190, 580, 736, 785, 307, 268, 
-268, -868, -600, 568, 165, -734, 1220, 624, 814, 858, 361, 302, 
-239, -834, -595, 536, 178, -714, 1244, 663, 883, 936, 434, 361, 
-190, -790, -600, 490, 204, -695, 1263, 712, 946, 1044, 531, 453, 
-107, -736, -629, 422, 261, -683, 1263, 775, 1024, 1180, 658, 570, 
9, -707, -717, 348, 363, -712, 1210, 814, 1024, 1288, 780, 697, 
126, -678, -805, 275, 466, -741, 1112, 766, 917, 1342, 863, 805, 
229, -658, -888, 214, 558, -773, 995, 663, 751, 1361, 922, 888, 
331, -595, -927, 131, 629, -761, 858, 541, 605, 1395, 1000, 976, 
463, -448, -912, -7, 688, -680, 673, 370, 497, 1478, 1098, 1093, 
585, -297, -883, -143, 734, -590, 448, 204, 385, 1590, 1239, 1234, 
678, -175, -854, -251, 766, -514, 263, 63, 312, 1771, 1410, 1415, 
741, -58, -800, -341, 771, -429, 107, -73, 292, 1976, 1610, 1595, 
741, 4, -736, -373, 739, -366, 48, -131, 307, 2074, 1693, 1678, 
634, -102, -736, -265, 685, -419, 82, -126, 248, 1849, 1459, 1507, 
463, -297, -761, -82, 612, -529, 185, -97, 92, 1351, 1000, 1137, 
283, -458, -741, 87, 512, -600, 307, -63, -4, 946, 653, 849, 
97, -536, -634, 219, 366, -585, 405, -53, -14, 756, 512, 722, 
-53, -580, -527, 317, 236, -553, 483, -53, -9, 634, 414, 624, 
-161, -653, -492, 407, 165, -573, 566, -29, -29, 502, 312, 502, 
-195, -722, -527, 458, 165, -624, 634, 19, -48, 414, 248, 434, 
-204, -736, -531, 470, 163, -634, 692, 68, -14, 414, 244, 414, 
-229, -746, -517, 488, 143, -631, 761, 122, 53, 448, 253, 400, 
-268, -775, -507, 522, 119, -641, 814, 161, 131, 497, 258, 380, 
-268, -775, -507, 522, 119, -641, 858, 209, 204, 556, 283, 375, 
-248, -771, -522, 509, 136, -646, 907, 268, 287, 614, 317, 385, 
-253, -795, -541, 524, 143, -668, 941, 312, 346, 639, 322, 380, 
-273, -800, -527, 536, 126, -663, 951, 341, 380, 653, 331, 375, 
-263, -800, -536, 531, 136, -668, 961, 366, 419, 673, 326, 361, 
-263, -810, -546, 536, 141, -678, 971, 385, 448, 673, 317, 346, 
-258, -834, -575, 546, 158, -705, 990, 390, 463, 673, 302, 322, 
-273, -863, -590, 568, 158, -727, 1010, 400, 473, 673, 302, 317, 
-287, -878, -590, 583, 151, -734, 1029, 400, 473, 673, 297, 312, 
-287, -893, -605, 590, 158, -749, 1029, 409, 468, 663, 292, 307, 
-292, -893, -600, 592, 153, -746, 1034, 405, 458, 663, 292, 312, 
-307, -893, -585, 600, 139, -739, 1044, 405, 458, 668, 292, 312, 
-312, -893, -580, 602, 134, -736, 1049, 405, 463, 673, 297, 317, 
-312, -893, -580, 602, 134, -736, 1054, 409, 473, 683, 307, 326, 
-297, -868, -570, 583, 136, -719, 1054, 400, 473, 673, 297, 322, 
-297, -863, -566, 580, 134, -714, 1054, 409, 483, 673, 292, 307, 
-307, -873, -566, 590, 129, -719, 1054, 409, 488, 673, 292, 302, 
-312, -878, -566, 595, 126, -722, 1058, 419, 488, 678, 292, 297, 
-307, -888, -580, 597, 136, -734, 1058, 424, 488, 678, 283, 283, 
-307, -888, -580, 597, 136, -734, 1058, 424, 488, 673, 283, 283, 
-302, -888, -585, 595, 141, -736, 1063, 424, 483, 668, 283, 283, 
-302, -888, -585, 595, 141, -736, 1063, 419, 478, 658, 278, 278, 
-302, -897, -595, 600, 146, -746, 1058, 429, 478, 663, 278, 287, 
-297, -893, -595, 595, 148, -744, 1058, 429, 483, 673, 283, 292, 
-297, -888, -590, 592, 146, -739, 1058, 434, 488, 678, 283, 292, 
-297, -888, -590, 592, 146, -739, 1068, 434, 492, 683, 287, 292, 
-287, -873, -585, 580, 148, -729, 1068, 429, 497, 673, 287, 287, 
-287, -873, -585, 580, 148, -729, 1063, 429, 497, 673, 287, 287, 
-287, -878, -590, 583, 151, -734, 1063, 434, 492, 683, 287, 287, 
-287, -888, -600, 588, 156, -744, 1068, 434, 492, 683, 292, 287, 
-302, -893, -590, 597, 143, -741, 1078, 434, 497, 683, 292, 292, 
-302, -897, -595, 600, 146, -746, 1073, 429, 497, 688, 292, 297, 
-292, -893, -600, 592, 153, -746, 1073, 429, 497, 688, 292, 302, 
-287, -893, -605, 590, 158, -749, 1073, 429, 502, 688, 297, 307, 
-278, -883, -605, 580, 163, -744, 1073, 439, 502, 697, 297, 302, 
-278, -878, -600, 578, 161, -739, 1073, 444, 512, 702, 302, 302, 
-278, -878, -600, 578, 161, -739, 1078, 448, 517, 707, 302, 307, 
-278, -873, -595, 575, 158, -734, 1078, 448, 517, 707, 302, 307, 
-287, -878, -590, 583, 151, -734, 1073, 439, 507, 697, 292, 297, 
-287, -883, -595, 585, 153, -739, 1073, 434, 502, 692, 292, 297, 
-287, -888, -600, 588, 156, -744, 1073, 434, 502, 692, 292, 297, 
-287, -888, -600, 588, 156, -744, 1078, 434, 507, 692, 292, 302, 
-283, -873, -590, 578, 153, -732, 1068, 434, 517, 697, 307, 307, 
-278, -858, -580, 568, 151, -719, 1068, 434, 517, 702, 307, 307, 
-278, -854, -575, 566, 148, -714, 1068, 434, 517, 707, 302, 312, 
-278, -849, -570, 563, 146, -710, 1068, 434, 517, 712, 302, 317, 
-273, -854, -580, 563, 153, -717, 1068, 444, 512, 707, 312, 307, 
-283, -858, -575, 570, 146, -717, 1068, 444, 512, 707, 312, 307, 
-283, -863, -580, 573, 148, -722, 1068, 444, 517, 712, 312, 317, 
-283, -868, -585, 575, 151, -727, 1063, 448, 517, 712, 317, 317, 
-273, -854, -580, 563, 153, -717, 1063, 439, 507, 707, 312, 307, 
-273, -849, -575, 561, 151, -712, 1063, 439, 507, 707, 312, 307, 
-273, -849, -575, 561, 151, -712, 1063, 439, 512, 707, 307, 307, 
-278, -849, -570, 563, 146, -710, 1063, 439, 512, 707, 307, 307, 
-268, -854, -585, 561, 158, -719, 1073, 448, 517, 717, 317, 326, 
-258, -854, -595, 556, 168, -724, 1073, 448, 522, 722, 322, 331, 
-258, -858, -600, 558, 170, -729, 1073, 453, 531, 732, 326, 341, 
-258, -863, -605, 561, 173, -734, 1073, 453, 536, 736, 331, 346, 
-248, -858, -610, 553, 180, -734, 1073, 448, 527, 727, 322, 341, 
-239, -844, -605, 541, 183, -724, 1073, 448, 531, 732, 322, 336, 
-239, -839, -600, 539, 180, -719, 1073, 448, 531, 736, 326, 331, 
-239, -834, -595, 536, 178, -714, 1073, 444, 531, 736, 326, 326, 
-248, -829, -580, 539, 165, -705, 1063, 444, 531, 736, 317, 322, 
-248, -829, -580, 539, 165, -705, 1058, 444, 531, 736, 317, 322, 
-244, -829, -585, 536, 170, -707, 1058, 444, 536, 736, 317, 322, 
-244, -819, -575, 531, 165, -697, 1054, 444, 541, 741, 322, 326, 
-234, -829, -595, 531, 180, -712, 1054, 448, 551, 741, 331, 341, 
-234, -829, -595, 531, 180, -712, 1058, 448, 556, 746, 336, 341, 
-229, -829, -600, 529, 185, -714, 1058, 448, 556, 746, 336, 341, 
-224, -824, -600, 524, 187, -712, 1058, 448, 556, 751, 336, 346, 
-224, -814, -590, 519, 183, -702, 1058, 453, 546, 746, 331, 336, 
-219, -819, -600, 519, 190, -710, 1058, 453, 551, 751, 336, 336, 
-219, -824, -605, 522, 192, -714, 1058, 453, 561, 751, 341, 336, 
-219, -829, -610, 524, 195, -719, 1058, 458, 561, 756, 341, 346, 
-224, -814, -590, 519, 183, -702, 1068, 458, 561, 766, 356, 351, 
-229, -814, -585, 522, 178, -700, 1068, 458, 566, 771, 361, 356, 
-234, -814, -580, 524, 173, -697, 1068, 458, 566, 780, 361, 361, 
-239, -814, -575, 527, 168, -695, 1068, 458, 566, 780, 366, 366, 
-224, -814, -590, 519, 183, -702, 1068, 463, 575, 780, 366, 366, 
-214, -814, -600, 514, 192, -707, 1068, 463, 575, 780, 366, 366, 
-209, -814, -605, 512, 197, -710, 1068, 463, 575, 790, 370, 366, 
-204, -810, -605, 507, 200, -707, 1068, 473, 585, 795, 375, 375, 
-204, -819, -614, 512, 204, -717, 1073, 473, 585, 800, 380, 370, 
-209, -814, -605, 512, 197, -710, 1073, 468, 585, 805, 385, 370, 
-209, -810, -600, 509, 195, -705, 1063, 468, 585, 810, 385, 370, 
-214, -805, -590, 509, 187, -697, 1063, 468, 590, 814, 390, 375, 
-209, -800, -590, 505, 190, -695, 1054, 473, 595, 819, 385, 385, 
-209, -790, -580, 500, 185, -685, 1054, 473, 600, 824, 390, 385, 
-200, -780, -580, 490, 190, -680, 1054, 473, 600, 824, 390, 385, 
-195, -766, -570, 480, 187, -668, 1049, 473, 600, 829, 390, 390, 
-185, -756, -570, 470, 192, -663, 1058, 478, 614, 834, 409, 400, 
-185, -751, -566, 468, 190, -658, 1058, 483, 619, 844, 414, 405, 
-180, -756, -575, 468, 197, -666, 1058, 483, 624, 844, 414, 405, 
-170, -732, -561, 451, 195, -646, 1058, 483, 624, 849, 419, 409, 
-170, -746, -575, 458, 202, -661, 1054, 492, 629, 858, 429, 424, 
-170, -751, -580, 461, 204, -666, 1054, 492, 639, 868, 439, 429, 
-161, -751, -590, 456, 214, -671, 1049, 492, 653, 883, 453, 434, 
-156, -746, -590, 451, 217, -668, 1044, 492, 663, 893, 463, 444, 
-156, -746, -590, 451, 217, -668, 1054, 502, 668, 907, 453, 453, 
-146, -746, -600, 446, 226, -673, 1054, 507, 673, 922, 463, 458, 
-146, -746, -600, 446, 226, -673, 1049, 507, 678, 932, 468, 463, 
-146, -736, -590, 441, 222, -663, 1044, 507, 678, 932, 473, 468, 
-141, -722, -580, 431, 219, -651, 1029, 497, 673, 936, 473, 468, 
-131, -717, -585, 424, 226, -651, 1029, 497, 678, 936, 478, 473, 
-122, -712, -590, 417, 234, -651, 1024, 497, 683, 941, 488, 478, 
-117, -702, -585, 409, 234, -644, 1019, 497, 688, 941, 488, 488, 
-97, -688, -590, 392, 246, -639, 1024, 497, 707, 961, 512, 502, 
-92, -678, -585, 385, 246, -631, 1019, 502, 717, 976, 517, 517, 
-73, -673, -600, 373, 263, -636, 1019, 502, 722, 990, 531, 522, 
-68, -658, -590, 363, 261, -624, 1019, 512, 727, 1005, 536, 536, 
-63, -658, -595, 361, 265, -627, 1015, 512, 732, 1015, 556, 546, 
-58, -658, -600, 358, 270, -629, 1010, 512, 736, 1029, 566, 551, 
-58, -658, -600, 358, 270, -629, 1005, 512, 741, 1039, 575, 561, 
-58, -644, -585, 351, 263, -614, 1000, 512, 756, 1049, 580, 570, 
-58, -639, -580, 348, 261, -610, 995, 502, 761, 1049, 585, 575, 
-48, -634, -585, 341, 268, -610, 990, 497, 761, 1058, 600, 585, 
-34, -624, -590, 329, 278, -607, 985, 497, 766, 1073, 600, 595, 
-24, -614, -590, 319, 283, -602, 980, 497, 771, 1083, 610, 605, 
-14, -600, -585, 307, 285, -592, 966, 497, 771, 1093, 629, 605, 
-14, -595, -580, 305, 283, -588, 956, 497, 775, 1102, 629, 614, 
-14, -590, -575, 302, 280, -583, 951, 497, 780, 1107, 639, 619, 
-4, -580, -575, 292, 285, -578, 946, 497, 790, 1122, 649, 634, 
14, -575, -590, 280, 302, -583, 941, 497, 780, 1127, 649, 629, 
14, -575, -590, 280, 302, -583, 936, 497, 785, 1132, 658, 639, 
24, -570, -595, 273, 309, -583, 932, 492, 790, 1137, 668, 649, 
39, -556, -595, 258, 317, -575, 932, 492, 795, 1146, 673, 658, 
34, -561, -595, 263, 314, -578, 936, 492, 800, 1156, 683, 663, 
34, -566, -600, 265, 317, -583, 932, 492, 810, 1161, 688, 668, 
34, -570, -605, 268, 319, -588, 932, 492, 819, 1180, 697, 683, 
48, -575, -624, 263, 336, -600, 927, 488, 824, 1190, 712, 692, 
58, -561, -619, 251, 339, -590, 917, 488, 814, 1180, 707, 692, 
58, -551, -610, 246, 334, -580, 917, 492, 819, 1185, 712, 697, 
58, -536, -595, 239, 326, -566, 912, 492, 819, 1190, 717, 697, 
68, -522, -590, 226, 329, -556, 907, 483, 819, 1195, 717, 692, 
68, -512, -580, 222, 324, -546, 907, 488, 819, 1200, 722, 702, 
68, -512, -580, 222, 324, -546, 907, 488, 814, 1200, 727, 707, 
68, -512, -580, 222, 324, -546, 902, 478, 814, 1200, 727, 712, 
82, -502, -585, 209, 334, -544, 897, 473, 814, 1200, 722, 712, 
82, -502, -585, 209, 334, -544, 897, 463, 805, 1190, 712, 702, 
78, -512, -590, 217, 334, -551, 897, 458, 805, 1190, 717, 702, 
68, -522, -590, 226, 329, -556, 897, 458, 800, 1185, 717, 702, 
68, -522, -590, 226, 329, -556, 897, 448, 790, 1180, 712, 697, 
53, -527, -580, 236, 317, -553, 902, 448, 780, 1161, 702, 692, 
34, -531, -566, 248, 300, -549, 902, 439, 775, 1151, 697, 678, 
4, -556, -561, 275, 283, -558, 907, 434, 761, 1132, 688, 663, 
-9, -575, -566, 292, 278, -570, 912, 434, 746, 1122, 668, 658, 
-19, -585, -566, 302, 273, -575, 912, 419, 741, 1093, 649, 634, 
-34, -595, -561, 314, 263, -578, 922, 414, 736, 1073, 634, 619, 
-58, -605, -546, 331, 244, -575, 932, 409, 722, 1058, 619, 605, 
-82, -619, -536, 351, 226, -578, 941, 405, 712, 1039, 600, 595, 
-82, -634, -551, 358, 234, -592, 956, 405, 697, 1005, 580, 575, 
-92, -639, -546, 366, 226, -592, 961, 409, 688, 990, 556, 556, 
-102, -658, -556, 380, 226, -607, 971, 414, 688, 971, 546, 531, 
-117, -678, -561, 397, 222, -619, 976, 414, 683, 941, 527, 517, 
-146, -692, -546, 419, 200, -619, 985, 400, 658, 907, 497, 488, 
-161, -702, -541, 431, 190, -622, 1000, 400, 644, 883, 473, 468, 
-180, -717, -536, 448, 178, -627, 1000, 395, 624, 868, 453, 453, 
-200, -736, -536, 468, 168, -636, 1010, 390, 610, 849, 429, 444, 
-209, -741, -531, 475, 161, -636, 1005, 380, 585, 834, 409, 414, 
-214, -751, -536, 483, 161, -644, 1010, 380, 575, 810, 390, 400, 
-224, -751, -527, 488, 151, -639, 1015, 380, 566, 790, 380, 390, 
-234, -766, -531, 500, 148, -649, 1019, 375, 561, 771, 370, 380, 
-268, -780, -512, 524, 122, -646, 1024, 385, 551, 771, 361, 375, 
-283, -785, -502, 534, 109, -644, 1029, 385, 536, 746, 341, 361, 
-287, -795, -507, 541, 109, -651, 1034, 385, 527, 736, 336, 356, 
-297, -800, -502, 549, 102, -651, 1039, 380, 522, 722, 322, 341, 
-292, -805, -512, 549, 109, -658, 1044, 370, 522, 717, 326, 341, 
-283, -810, -527, 546, 122, -668, 1044, 375, 517, 707, 322, 341, 
-278, -819, -541, 549, 131, -680, 1049, 375, 512, 707, 317, 336, 
-283, -824, -541, 553, 129, -683, 1054, 375, 507, 712, 307, 331, 
-292, -824, -531, 558, 119, -678, 1058, 380, 502, 697, 302, 326, 
-297, -834, -536, 566, 119, -685, 1058, 380, 497, 692, 297, 322, 
-302, -839, -536, 570, 117, -688, 1063, 385, 488, 692, 297, 322, 
-297, -839, -541, 568, 122, -690, 1063, 390, 488, 692, 292, 317, 
-287, -849, -561, 568, 136, -705, 1049, 385, 473, 673, 278, 307, 
-297, -849, -551, 573, 126, -700, 1049, 380, 473, 668, 273, 292, 
-297, -858, -561, 578, 131, -710, 1054, 375, 473, 663, 273, 287, 
-297, -858, -561, 578, 131, -710, 1054, 366, 468, 658, 268, 283, 
-307, -854, -546, 580, 119, -700, 1063, 375, 473, 663, 278, 287, 
-312, -854, -541, 583, 114, -697, 1063, 375, 468, 663, 273, 292, 
-312, -858, -546, 585, 117, -702, 1063, 375, 468, 658, 273, 292, 
-307, -858, -551, 583, 122, -705, 1068, 375, 468, 658, 273, 297, 
-302, -844, -541, 573, 119, -692, 1068, 375, 463, 663, 273, 297, 
-302, -844, -541, 573, 119, -692, 1068, 375, 463, 663, 273, 297, 
-317, -849, -531, 583, 107, -690, 1068, 375, 463, 658, 273, 292, 
-317, -849, -531, 583, 107, -690, 1068, 375, 463, 658, 268, 292, 
-307, -858, -551, 583, 122, -705, 1068, 375, 463, 658, 258, 292, 
-307, -858, -551, 583, 122, -705, 1068, 375, 463, 653, 258, 292, 
-312, -858, -546, 585, 117, -702, 1068, 370, 458, 653, 253, 292, 
-317, -868, -551, 592, 117, -710, 1068, 370, 458, 653, 253, 292, 
-326, -858, -531, 592, 102, -695, 1068, 366, 453, 653, 253, 292, 
-326, -849, -522, 588, 97, -685, 1068, 366, 453, 653, 253, 292, 
-326, -849, -522, 588, 97, -685, 1068, 366, 458, 653, 258, 292, 
-326, -854, -527, 590, 100, -690, 1068, 366, 458, 653, 258, 292, 
-331, -858, -527, 595, 97, -692, 1068, 375, 468, 653, 258, 283, 
-331, -858, -527, 595, 97, -692, 1073, 375, 468, 658, 263, 287, 
-336, -858, -522, 597, 92, -690, 1073, 375, 468, 658, 263, 287, 
-336, -854, -517, 595, 90, -685, 1073, 375, 468, 658, 263, 287, 
-336, -849, -512, 592, 87, -680, 1083, 375, 458, 658, 268, 292, 
-336, -849, -512, 592, 87, -680, 1083, 375, 458, 658, 268, 292, 
-336, -854, -517, 595, 90, -685, 1083, 375, 458, 658, 263, 292, 
-336, -854, -517, 595, 90, -685, 1083, 370, 458, 658, 263, 292, 
-336, -854, -517, 595, 90, -685, 1073, 370, 468, 653, 268, 287, 
-331, -854, -522, 592, 95, -688, 1073, 370, 468, 653, 268, 287, 
-326, -849, -522, 588, 97, -685, 1073, 370, 468, 653, 268, 292, 
-326, -849, -522, 588, 97, -685, 1073, 370, 468, 653, 268, 292, 
-331, -844, -512, 588, 90, -678, 1073, 370, 458, 653, 258, 283, 
-331, -839, -507, 585, 87, -673, 1073, 370, 458, 653, 258, 283, 
-326, -839, -512, 583, 92, -675, 1073, 370, 463, 653, 258, 283, 
-326, -839, -512, 583, 92, -675, 1073, 375, 468, 653, 258, 283, 
-322, -839, -517, 580, 97, -678, 1083, 375, 468, 653, 268, 292, 
-322, -839, -517, 580, 97, -678, 1083, 375, 468, 658, 273, 292, 
-317, -844, -527, 580, 104, -685, 1083, 375, 468, 663, 273, 297, 
-312, -844, -531, 578, 109, -688, 1083, 375, 468, 663, 273, 297, 
-312, -844, -531, 578, 109, -688, 1078, 366, 468, 658, 268, 297, 
-312, -844, -531, 578, 109, -688, 1073, 366, 468, 658, 268, 297, 
-312, -834, -522, 573, 104, -678, 1068, 366, 468, 658, 268, 297, 
-312, -829, -517, 570, 102, -673, 1063, 366, 468, 658, 268, 297, 
-322, -839, -517, 580, 97, -678, 1073, 375, 478, 668, 268, 297, 
-326, -849, -522, 588, 97, -685, 1073, 375, 478, 668, 273, 297, 
-331, -854, -522, 592, 95, -688, 1073, 375, 478, 668, 273, 297, 
-341, -858, -517, 600, 87, -688, 1068, 375, 478, 668, 278, 297, 
-331, -854, -522, 592, 95, -688, 1073, 375, 488, 668, 278, 307, 
-326, -854, -527, 590, 100, -690, 1078, 375, 488, 673, 278, 307, 
-326, -854, -527, 590, 100, -690, 1083, 375, 488, 673, 278, 307, 
-322, -854, -531, 588, 104, -692, 1088, 375, 488, 673, 278, 307, 
-307, -834, -527, 570, 109, -680, 1083, 366, 478, 673, 273, 302, 
-302, -834, -531, 568, 114, -683, 1078, 366, 478, 673, 273, 297, 
-297, -839, -541, 568, 122, -690, 1073, 366, 478, 673, 273, 302, 
-292, -839, -546, 566, 126, -692, 1068, 366, 478, 678, 278, 297, 
-302, -839, -536, 570, 117, -688, 1068, 375, 483, 688, 283, 307, 
-317, -839, -522, 578, 102, -680, 1068, 375, 483, 688, 287, 307, 
-317, -839, -522, 578, 102, -680, 1068, 375, 483, 688, 287, 307, 
-307, -839, -531, 573, 112, -685, 1058, 375, 483, 683, 283, 302, 
-322, -829, -507, 575, 92, -668, 1058, 370, 473, 673, 283, 292, 
-326, -834, -507, 580, 90, -671, 1058, 366, 473, 673, 283, 297, 
-331, -834, -502, 583, 85, -668, 1058, 361, 473, 683, 283, 297, 
-346, -829, -483, 588, 68, -656, 1063, 356, 463, 683, 287, 297, 
-326, -829, -502, 578, 87, -666, 1063, 366, 463, 673, 278, 297, 
-317, -829, -512, 573, 97, -671, 1058, 366, 458, 673, 278, 297, 
-302, -829, -527, 566, 112, -678, 1058, 366, 458, 673, 268, 297, 
-292, -829, -536, 561, 122, -683, 1058, 361, 463, 673, 278, 292, 
-302, -839, -536, 570, 117, -688, 1073, 370, 468, 683, 278, 297, 
-302, -844, -541, 573, 119, -692, 1073, 375, 473, 683, 278, 302, 
-302, -844, -541, 573, 119, -692, 1073, 375, 478, 683, 278, 312, 
-302, -834, -531, 568, 114, -683, 1073, 375, 483, 683, 283, 317, 
-302, -829, -527, 566, 112, -678, 1073, 375, 478, 688, 283, 307, 
-307, -829, -522, 568, 107, -675, 1073, 375, 478, 688, 283, 307, 
-317, -834, -517, 575, 100, -675, 1073, 370, 478, 683, 278, 307, 
-322, -834, -512, 578, 95, -673, 1073, 370, 468, 683, 278, 307, 
-312, -829, -517, 570, 102, -673, 1073, 370, 468, 683, 278, 307, 
-307, -829, -522, 568, 107, -675, 1073, 366, 458, 683, 273, 307, 
-307, -824, -517, 566, 104, -671, 1073, 366, 458, 683, 273, 307, 
-312, -819, -507, 566, 97, -663, 1073, 370, 463, 683, 273, 307, 
-326, -810, -483, 568, 78, -646, 1068, 366, 463, 673, 273, 307, 
-326, -810, -483, 568, 78, -646, 1063, 361, 463, 673, 273, 302, 
-322, -810, -488, 566, 82, -649, 1058, 351, 463, 668, 273, 302, 
-322, -810, -488, 566, 82, -649, 1054, 346, 463, 668, 273, 302, 
-317, -819, -502, 568, 92, -661, 1063, 351, 463, 678, 273, 302, 
-317, -819, -502, 568, 92, -661, 1063, 356, 463, 673, 273, 302, 
-312, -819, -507, 566, 97, -663, 1063, 361, 463, 673, 273, 302, 
-312, -829, -517, 570, 102, -673, 1063, 361, 453, 673, 268, 297, 
-302, -839, -536, 570, 117, -688, 1068, 346, 453, 673, 268, 307, 
-302, -834, -531, 568, 114, -683, 1063, 346, 458, 673, 268, 302, 
-302, -829, -527, 566, 112, -678, 1063, 351, 458, 673, 263, 292, 
-307, -829, -522, 568, 107, -675, 1068, 351, 458, 678, 263, 302, 
-317, -844, -527, 580, 104, -685, 1068, 356, 458, 668, 268, 292, 
-317, -849, -531, 583, 107, -690, 1068, 356, 458, 668, 268, 297, 
-317, -854, -536, 585, 109, -695, 1073, 356, 458, 668, 268, 297, 
-317, -858, -541, 588, 112, -700, 1073, 356, 458, 663, 268, 287, 
-326, -854, -527, 590, 100, -690, 1073, 351, 458, 673, 273, 297, 
-326, -849, -522, 588, 97, -685, 1073, 351, 458, 673, 273, 302, 
-326, -844, -517, 585, 95, -680, 1073, 351, 463, 673, 273, 302, 
-317, -839, -522, 578, 102, -680, 1073, 351, 463, 673, 278, 302, 
-317, -829, -512, 573, 97, -671, 1058, 346, 463, 663, 268, 302, 
-322, -829, -507, 575, 92, -668, 1058, 346, 453, 663, 268, 302, 
-322, -834, -512, 578, 95, -673, 1058, 351, 453, 663, 268, 302, 
-326, -834, -507, 580, 90, -671, 1058, 351, 453, 663, 268, 302, 
-326, -824, -497, 575, 85, -661, 1068, 351, 444, 663, 268, 292, 
-326, -824, -497, 575, 85, -661, 1068, 351, 444, 668, 268, 292, 
-317, -819, -502, 568, 92, -661, 1068, 351, 444, 668, 268, 292, 
-312, -814, -502, 563, 95, -658, 1068, 351, 444, 663, 258, 292, 
-322, -824, -502, 573, 90, -663, 1068, 351, 448, 663, 258, 292, 
-326, -829, -502, 578, 87, -666, 1063, 351, 448, 663, 253, 287, 
-326, -834, -507, 580, 90, -671, 1063, 351, 444, 663, 253, 287, 
-322, -839, -517, 580, 97, -678, 1068, 351, 444, 663, 253, 287, 
-326, -834, -507, 580, 90, -671, 1078, 361, 453, 678, 263, 297, 
-331, -839, -507, 585, 87, -673, 1078, 356, 453, 678, 268, 297, 
-336, -849, -512, 592, 87, -680, 1078, 356, 453, 678, 273, 297, 
-341, -854, -512, 597, 85, -683, 1083, 356, 453, 678, 278, 297, 
-346, -844, -497, 595, 75, -671, 1078, 356, 453, 678, 268, 292, 
-351, -844, -492, 597, 70, -668, 1068, 351, 448, 678, 268, 292, 
-351, -844, -492, 597, 70, -668, 1063, 351, 448, 673, 263, 287, 
-351, -844, -492, 597, 70, -668, 1058, 351, 448, 673, 263, 287, 
-341, -854, -512, 597, 85, -683, 1049, 346, 444, 668, 263, 283, 
-341, -858, -517, 600, 87, -688, 1049, 346, 444, 663, 258, 283, 
-341, -863, -522, 602, 90, -692, 1054, 346, 434, 663, 248, 283, 
-346, -868, -522, 607, 87, -695, 1054, 346, 444, 658, 244, 283, 
-336, -849, -512, 592, 87, -680, 1058, 356, 453, 663, 253, 292, 
-326, -834, -507, 580, 90, -671, 1063, 356, 453, 668, 258, 292, 
-317, -824, -507, 570, 95, -666, 1068, 356, 453, 673, 263, 292, 
-302, -805, -502, 553, 100, -653, 1073, 356, 453, 678, 268, 292, 
-307, -805, -497, 556, 95, -651, 1078, 356, 453, 678, 268, 302, 
-302, -810, -507, 556, 102, -658, 1078, 356, 453, 678, 268, 302, 
-302, -810, -507, 556, 102, -658, 1073, 356, 448, 678, 268, 297, 
-302, -805, -502, 553, 100, -653, 1073, 356, 448, 663, 263, 297, 
-312, -814, -502, 563, 95, -658, 1063, 356, 439, 663, 253, 292, 
-312, -819, -507, 566, 97, -663, 1063, 356, 439, 663, 253, 287, 
-312, -824, -512, 568, 100, -668, 1063, 351, 439, 663, 253, 283, 
-312, -824, -512, 568, 100, -668, 1063, 351, 439, 663, 253, 278, 
-322, -829, -507, 575, 92, -668, 1063, 341, 444, 658, 253, 287, 
-326, -834, -507, 580, 90, -671, 1063, 341, 444, 658, 253, 287, 
-326, -839, -512, 583, 92, -675, 1054, 341, 444, 658, 253, 283, 
-322, -844, -522, 583, 100, -683, 1054, 346, 448, 658, 253, 283, 
-322, -844, -522, 583, 100, -683, 1063, 346, 448, 668, 258, 292, 
-322, -839, -517, 580, 97, -678, 1063, 341, 448, 668, 258, 292, 
-322, -829, -507, 575, 92, -668, 1063, 341, 448, 668, 253, 292, 
-326, -819, -492, 573, 82, -656, 1058, 341, 448, 668, 253, 292, 
-336, -824, -488, 580, 75, -656, 1068, 341, 448, 668, 253, 292, 
-322, -829, -507, 575, 92, -668, 1068, 341, 448, 668, 253, 292, 
-331, -829, -497, 580, 82, -663, 1068, 341, 448, 668, 253, 292, 
-331, -834, -502, 583, 85, -668, 1068, 341, 448, 668, 258, 292, 
-331, -834, -502, 583, 85, -668, 1058, 331, 444, 673, 248, 283, 
-326, -834, -507, 580, 90, -671, 1058, 331, 439, 673, 248, 287, 
-326, -834, -507, 580, 90, -671, 1058, 336, 434, 668, 248, 287, 
-326, -824, -497, 575, 85, -661, 1058, 336, 439, 663, 258, 292, 
-331, -829, -497, 580, 82, -663, 1058, 336, 439, 663, 248, 292, 
-331, -834, -502, 583, 85, -668, 1058, 336, 444, 663, 248, 287, 
-331, -839, -507, 585, 87, -673, 1058, 336, 444, 663, 248, 287, 
-331, -839, -507, 585, 87, -673, 1058, 336, 444, 663, 248, 292, 
-326, -824, -497, 575, 85, -661, 1068, 346, 444, 658, 248, 283, 
-317, -814, -497, 566, 90, -656, 1068, 346, 444, 658, 248, 287, 
-307, -824, -517, 566, 104, -671, 1073, 346, 448, 658, 248, 287, 
-302, -824, -522, 563, 109, -673, 1073, 346, 448, 663, 253, 287, 
-307, -810, -502, 558, 97, -656, 1073, 346, 444, 658, 258, 278, 
-302, -800, -497, 551, 97, -649, 1073, 346, 448, 663, 263, 287, 
-302, -795, -492, 549, 95, -644, 1073, 351, 458, 673, 273, 297, 
-307, -785, -478, 546, 85, -631, 1073, 351, 458, 673, 273, 297, 
-297, -800, -502, 549, 102, -651, 1083, 356, 468, 683, 273, 297, 
-283, -780, -497, 531, 107, -639, 1088, 366, 492, 702, 278, 312, 
-273, -771, -497, 522, 112, -634, 1102, 370, 507, 722, 292, 331, 
-283, -771, -488, 527, 102, -629, 1088, 361, 497, 712, 292, 322, 
-292, -771, -478, 531, 92, -624, 1083, 361, 497, 712, 292, 322, 
-302, -771, -468, 536, 82, -619, 1078, 361, 497, 712, 292, 322, 
-312, -771, -458, 541, 73, -614, 1073, 361, 497, 712, 292, 322, 
-297, -761, -463, 529, 82, -612, 1083, 366, 502, 722, 312, 331, 
-292, -756, -463, 524, 85, -610, 1088, 370, 512, 727, 317, 336, 
-283, -751, -468, 517, 92, -610, 1093, 375, 517, 732, 322, 336, 
-273, -746, -473, 509, 100, -610, 1093, 375, 522, 727, 326, 336, 
-287, -751, -463, 519, 87, -607, 1073, 361, 517, 736, 322, 336, 
-297, -756, -458, 527, 80, -607, 1068, 361, 517, 736, 322, 336, 
-302, -761, -458, 531, 78, -610, 1054, 361, 522, 736, 317, 346, 
-292, -756, -463, 524, 85, -610, 1044, 346, 522, 741, 312, 346, 
-278, -761, -483, 519, 102, -622, 1024, 336, 517, 741, 326, 336, 
-258, -761, -502, 509, 122, -631, 1010, 331, 517, 746, 326, 341, 
-244, -761, -517, 502, 136, -639, 1000, 326, 512, 746, 336, 351, 
-229, -761, -531, 495, 151, -646, 995, 326, 512, 751, 336, 356, 
-204, -732, -527, 468, 161, -629, 990, 331, 517, 756, 346, 366, 
-190, -712, -522, 451, 165, -617, 980, 326, 522, 761, 351, 370, 
-185, -692, -507, 439, 161, -600, 985, 326, 527, 771, 356, 380, 
-175, -678, -502, 427, 163, -590, 990, 326, 527, 775, 361, 390, 
-170, -678, -507, 424, 168, -592, 980, 326, 512, 766, 351, 380, 
-170, -678, -507, 424, 168, -592, 980, 326, 512, 766, 346, 380, 
-170, -678, -507, 424, 168, -592, 985, 326, 502, 756, 336, 370, 
-175, -692, -517, 434, 170, -605, 985, 322, 478, 736, 322, 361, 
-200, -712, -512, 456, 156, -612, 990, 312, 463, 717, 317, 351, 
-200, -712, -512, 456, 156, -612, 990, 307, 463, 717, 317, 351, 
-200, -712, -512, 456, 156, -612, 990, 307, 458, 712, 312, 346, 
-214, -712, -497, 463, 141, -605, 990, 302, 453, 707, 307, 341, 
-239, -736, -497, 488, 129, -617, 990, 287, 439, 702, 292, 341, 
-244, -751, -507, 497, 131, -629, 995, 287, 439, 692, 292, 336, 
-244, -761, -517, 502, 136, -639, 995, 287, 439, 688, 287, 331, 
-258, -766, -507, 512, 124, -636, 995, 287, 434, 688, 283, 331, 
-268, -751, -483, 509, 107, -617, 1005, 287, 429, 688, 292, 326, 
-273, -751, -478, 512, 102, -614, 1010, 297, 424, 688, 287, 326, 
-278, -751, -473, 514, 97, -612, 1010, 297, 424, 683, 287, 322, 
-287, -766, -478, 527, 95, -622, 1010, 302, 419, 678, 283, 317, 
-307, -790, -483, 549, 87, -636, 1019, 302, 429, 673, 278, 322, 
-317, -800, -483, 558, 82, -641, 1029, 302, 429, 668, 273, 317, 
-331, -810, -478, 570, 73, -644, 1029, 302, 424, 668, 273, 307, 
-346, -819, -473, 583, 63, -646, 1029, 302, 419, 663, 263, 297, 
-341, -824, -483, 583, 70, -653, 1034, 307, 419, 668, 248, 297, 
-341, -834, -492, 588, 75, -663, 1039, 312, 419, 663, 248, 297, 
-341, -834, -492, 588, 75, -663, 1044, 312, 414, 663, 244, 292, 
-346, -834, -488, 590, 70, -661, 1044, 312, 414, 658, 239, 287, 
-346, -834, -488, 590, 70, -661, 1034, 312, 405, 653, 229, 278, 
-331, -829, -497, 580, 82, -663, 1034, 312, 395, 644, 224, 273, 
-322, -829, -507, 575, 92, -668, 1034, 312, 395, 634, 224, 268, 
-312, -824, -512, 568, 100, -668, 1034, 307, 390, 624, 219, 263, 
-322, -849, -527, 585, 102, -688, 1044, 307, 385, 629, 219, 273, 
-336, -854, -517, 595, 90, -685, 1044, 312, 385, 629, 219, 273, 
-341, -868, -527, 605, 92, -697, 1044, 312, 385, 629, 224, 273, 
-341, -873, -531, 607, 95, -702, 1054, 312, 390, 629, 224, 273, 
-346, -873, -527, 610, 90, -700, 1054, 302, 390, 634, 224, 278, 
-351, -873, -522, 612, 85, -697, 1049, 302, 385, 634, 224, 278, 
-356, -873, -517, 614, 80, -695, 1044, 302, 385, 624, 214, 268, 
-375, -873, -497, 624, 61, -685, 1044, 302, 385, 619, 214, 263, 
-366, -873, -507, 619, 70, -690, 1039, 302, 385, 619, 214, 253, 
-361, -873, -512, 617, 75, -692, 1044, 307, 385, 619, 219, 253, 
-361, -878, -517, 619, 78, -697, 1049, 312, 385, 624, 219, 253, 
-361, -878, -517, 619, 78, -697, 1049, 312, 390, 629, 214, 258, 
-361, -868, -507, 614, 73, -688, 1054, 317, 390, 629, 214, 258, 
-361, -868, -507, 614, 73, -688, 1054, 317, 390, 629, 214, 258, 
-361, -868, -507, 614, 73, -688, 1054, 317, 390, 629, 214, 253, 
-356, -868, -512, 612, 78, -690, 1054, 317, 390, 629, 214, 248, 
-361, -873, -512, 617, 75, -692, 1063, 317, 400, 629, 214, 248, 
-361, -873, -512, 617, 75, -692, 1063, 317, 400, 629, 214, 253, 
-361, -863, -502, 612, 70, -683, 1063, 317, 400, 629, 209, 253, 
-361, -863, -502, 612, 70, -683, 1063, 312, 400, 629, 209, 253, 
-351, -863, -512, 607, 80, -688, 1063, 312, 390, 629, 214, 258, 
-346, -849, -502, 597, 78, -675, 1068, 317, 390, 629, 214, 258, 
-336, -844, -507, 590, 85, -675, 1068, 317, 390, 629, 209, 258, 
-331, -839, -507, 585, 87, -673, 1063, 317, 395, 629, 209, 258, 
-341, -844, -502, 592, 80, -673, 1063, 317, 395, 629, 224, 258, 
-346, -849, -502, 597, 78, -675, 1073, 322, 400, 634, 224, 263, 
-351, -854, -502, 602, 75, -678, 1073, 322, 400, 634, 224, 263, 
-356, -858, -502, 607, 73, -680, 1073, 317, 400, 634, 224, 258, 
-346, -858, -512, 602, 82, -685, 1068, 326, 395, 639, 224, 258, 
-346, -858, -512, 602, 82, -685, 1068, 326, 395, 634, 219, 258, 
-346, -858, -512, 602, 82, -685, 1068, 326, 395, 634, 219, 258, 
-346, -858, -512, 602, 82, -685, 1068, 326, 395, 634, 219, 258, 
-351, -863, -512, 607, 80, -688, 1068, 326, 395, 639, 224, 258, 
-366, -868, -502, 617, 68, -685, 1068, 326, 400, 639, 224, 258, 
-370, -873, -502, 622, 65, -688, 1068, 326, 400, 639, 224, 263, 
-366, -878, -512, 622, 73, -695, 1068, 326, 400, 639, 224, 263, 
-356, -863, -507, 610, 75, -685, 1073, 331, 409, 639, 224, 253, 
-356, -854, -497, 605, 70, -675, 1083, 336, 419, 639, 214, 248, 
-341, -858, -517, 600, 87, -688, 1107, 370, 453, 644, 214, 244, 
-331, -858, -527, 595, 97, -692, 1122, 409, 497, 653, 214, 229, 
-336, -844, -507, 590, 85, -675, 1151, 434, 541, 673, 214, 229, 
-356, -829, -473, 592, 58, -651, 1180, 468, 614, 732, 248, 253, 
-366, -824, -458, 595, 46, -641, 1229, 531, 697, 805, 297, 287, 
-336, -800, -463, 568, 63, -631, 1278, 575, 785, 888, 361, 331, 
-278, -756, -478, 517, 100, -617, 1293, 614, 854, 956, 405, 370, 
-209, -722, -512, 466, 151, -617, 1312, 673, 907, 1034, 473, 434, 
-126, -678, -551, 402, 212, -614, 1312, 746, 976, 1151, 570, 522, 
-9, -619, -610, 314, 300, -614, 1259, 756, 985, 1249, 683, 619, 
136, -580, -717, 222, 427, -649, 1161, 707, 888, 1283, 756, 717, 
248, -561, -810, 156, 529, -685, 1044, 624, 732, 1283, 805, 810, 
331, -527, -858, 97, 595, -692, 907, 502, 585, 1288, 854, 878, 
424, -429, -854, 2, 639, -641, 722, 331, 468, 1351, 941, 985, 
556, -297, -854, -129, 705, -575, 507, 175, 395, 1473, 1073, 1137, 
688, -185, -873, -251, 780, -529, 312, 34, 312, 1625, 1234, 1298, 
771, -87, -858, -341, 814, -473, 136, -102, 283, 1810, 1415, 1468, 
800, -4, -805, -397, 802, -405, 29, -209, 287, 1937, 1537, 1581, 
732, -63, -795, -334, 763, -429, 34, -234, 239, 1790, 1390, 1468, 
580, -239, -819, -170, 700, -529, 136, -204, 102, 1361, 990, 1137, 
390, -400, -790, 4, 590, -595, 268, -170, -14, 946, 624, 839, 
204, -478, -683, 136, 444, -580, 366, -170, -43, 746, 463, 702, 
4, -531, -536, 263, 270, -534, 453, -161, -39, 644, 395, 624, 
-141, -595, -453, 368, 156, -524, 546, -126, -29, 531, 302, 522, 
-175, -634, -458, 405, 141, -546, 624, -78, -58, 434, 219, 434, 
-175, -649, -473, 412, 148, -561, 683, -29, -53, 414, 195, 414, 
-209, -658, -448, 434, 119, -553, 741, 24, 14, 468, 214, 400, 
-248, -697, -448, 473, 100, -573, 814, 73, 112, 517, 229, 380, 
-268, -717, -448, 492, 90, -583, 868, 131, 185, 556, 253, 375, 
-258, -732, -473, 495, 107, -602, 907, 180, 258, 605, 268, 366, 
-244, -736, -492, 490, 124, -614, 941, 224, 307, 629, 273, 361, 
-234, -741, -507, 488, 136, -624, 951, 253, 341, 644, 273, 346, 
-224, -741, -517, 483, 146, -629, 971, 278, 380, 653, 278, 341, 
-234, -741, -507, 488, 136, -624, 990, 307, 429, 673, 278, 346, 
-258, -756, -497, 507, 119, -627, 1029, 341, 463, 692, 283, 341, 
-273, -805, -531, 539, 129, -668, 1049, 351, 463, 702, 273, 326, 
-297, -829, -531, 563, 117, -680, 1058, 351, 453, 692, 278, 312, 
-307, -814, -507, 561, 100, -661, 1068, 341, 448, 692, 263, 307, 
-307, -814, -507, 561, 100, -661, 1058, 336, 434, 683, 258, 302, 
-317, -814, -497, 566, 90, -656, 1063, 336, 429, 678, 253, 292, 
-317, -814, -497, 566, 90, -656, 1063, 336, 429, 673, 253, 287, 
-312, -814, -502, 563, 95, -658, 1063, 341, 434, 673, 258, 287, 
-307, -814, -507, 561, 100, -661, 1073, 351, 453, 673, 258, 292, 
-307, -814, -507, 561, 100, -661, 1073, 361, 463, 673, 253, 287, 
-317, -829, -512, 573, 97, -671, 1073, 361, 468, 673, 253, 292, 
-322, -839, -517, 580, 97, -678, 1078, 370, 468, 678, 253, 297, 
-322, -834, -512, 578, 95, -673, 1098, 375, 468, 692, 263, 302, 
-317, -829, -512, 573, 97, -671, 1098, 375, 468, 692, 263, 302, 
-307, -824, -517, 566, 104, -671, 1102, 375, 463, 692, 263, 302, 
-302, -819, -517, 561, 107, -668, 1102, 370, 458, 688, 258, 297, 
-312, -819, -507, 566, 97, -663, 1088, 370, 458, 688, 248, 287, 
-307, -814, -507, 561, 100, -661, 1088, 370, 463, 692, 253, 292, 
-307, -810, -502, 558, 97, -656, 1088, 375, 468, 692, 253, 292, 
-307, -810, -502, 558, 97, -656, 1098, 375, 473, 692, 258, 292, 
-317, -814, -497, 566, 90, -656, 1098, 370, 478, 692, 258, 297, 
-326, -824, -497, 575, 85, -661, 1093, 370, 478, 692, 258, 297, 
-336, -839, -502, 588, 82, -671, 1093, 375, 473, 702, 258, 297, 
-346, -858, -512, 602, 82, -685, 1098, 375, 473, 702, 263, 297, 
-341, -844, -502, 592, 80, -673, 1098, 385, 468, 702, 263, 297, 
-331, -839, -507, 585, 87, -673, 1093, 380, 468, 707, 263, 297, 
-312, -824, -512, 568, 100, -668, 1093, 380, 468, 707, 263, 297, 
-297, -814, -517, 556, 109, -666, 1093, 380, 473, 707, 268, 297, 
-297, -819, -522, 558, 112, -671, 1102, 390, 483, 717, 278, 312, 
-297, -819, -522, 558, 112, -671, 1102, 395, 492, 722, 283, 312, 
-297, -824, -527, 561, 114, -675, 1107, 400, 497, 727, 283, 317, 
-297, -824, -527, 561, 114, -675, 1107, 400, 497, 727, 283, 317, 
-307, -819, -512, 563, 102, -666, 1093, 395, 488, 717, 273, 312, 
-307, -814, -507, 561, 100, -661, 1093, 385, 483, 712, 273, 307, 
-307, -810, -502, 558, 97, -656, 1093, 380, 483, 712, 273, 302, 
-307, -800, -492, 553, 92, -646, 1098, 375, 488, 712, 273, 302, 
-312, -810, -497, 561, 92, -653, 1088, 375, 478, 712, 268, 302, 
-307, -800, -492, 553, 92, -646, 1088, 375, 478, 712, 268, 297, 
-307, -800, -492, 553, 92, -646, 1088, 375, 478, 712, 263, 297, 
-307, -800, -492, 553, 92, -646, 1088, 375, 478, 712, 263, 297, 
-292, -810, -517, 551, 112, -663, 1098, 385, 483, 727, 273, 307, 
-302, -810, -507, 556, 102, -658, 1098, 385, 483, 727, 273, 307, 
-302, -810, -507, 556, 102, -658, 1098, 385, 488, 732, 273, 317, 
-302, -810, -507, 556, 102, -658, 1093, 390, 488, 732, 278, 317, 
-287, -795, -507, 541, 109, -651, 1093, 390, 488, 727, 278, 307, 
-283, -790, -507, 536, 112, -649, 1093, 390, 488, 727, 283, 307, 
-278, -790, -512, 534, 117, -651, 1093, 390, 492, 727, 283, 307, 
-278, -790, -512, 534, 117, -651, 1093, 390, 492, 727, 287, 307, 
-278, -785, -507, 531, 114, -646, 1093, 390, 502, 741, 292, 322, 
-268, -785, -517, 527, 124, -651, 1093, 390, 502, 741, 292, 322, 
-268, -790, -522, 529, 126, -656, 1093, 395, 507, 746, 292, 326, 
-268, -795, -527, 531, 129, -661, 1093, 395, 507, 746, 292, 326, 
-268, -805, -536, 536, 134, -671, 1102, 400, 517, 756, 302, 336, 
-258, -795, -536, 527, 139, -666, 1102, 400, 522, 761, 302, 336, 
-258, -795, -536, 527, 139, -666, 1102, 400, 522, 766, 307, 336, 
-258, -795, -536, 527, 139, -666, 1102, 395, 522, 766, 307, 336, 
-258, -795, -536, 527, 139, -666, 1093, 395, 517, 756, 297, 336, 
-258, -790, -531, 524, 136, -661, 1088, 395, 512, 756, 297, 331, 
-253, -785, -531, 519, 139, -658, 1088, 395, 512, 756, 297, 326, 
-253, -771, -517, 512, 131, -644, 1083, 395, 512, 761, 302, 326, 
-253, -780, -527, 517, 136, -653, 1083, 390, 512, 751, 292, 331, 
-253, -780, -527, 517, 136, -653, 1088, 390, 517, 756, 297, 331, 
-248, -780, -531, 514, 141, -656, 1088, 390, 517, 756, 297, 331, 
-244, -775, -531, 509, 143, -653, 1088, 390, 517, 761, 297, 336, 
-253, -761, -507, 507, 126, -634, 1088, 405, 527, 775, 302, 336, 
-248, -761, -512, 505, 131, -636, 1088, 405, 531, 780, 307, 336, 
-248, -761, -512, 505, 131, -636, 1088, 405, 541, 780, 312, 336, 
-248, -761, -512, 505, 131, -636, 1088, 409, 541, 785, 312, 346, 
-239, -756, -517, 497, 139, -636, 1088, 409, 531, 785, 326, 346, 
-239, -756, -517, 497, 139, -636, 1088, 409, 536, 790, 331, 346, 
-239, -756, -517, 497, 139, -636, 1088, 409, 536, 800, 331, 346, 
-239, -756, -517, 497, 139, -636, 1088, 409, 536, 800, 336, 346, 
-239, -756, -517, 497, 139, -636, 1088, 414, 556, 800, 336, 366, 
-234, -756, -522, 495, 143, -639, 1088, 414, 556, 800, 336, 366, 
-234, -756, -522, 495, 143, -639, 1088, 414, 556, 810, 341, 366, 
-234, -751, -517, 492, 141, -634, 1088, 424, 566, 814, 346, 375, 
-229, -751, -522, 490, 146, -636, 1093, 424, 566, 810, 351, 370, 
-229, -746, -517, 488, 143, -631, 1093, 419, 566, 814, 356, 370, 
-224, -741, -517, 483, 146, -629, 1083, 419, 566, 819, 356, 370, 
-224, -736, -512, 480, 143, -624, 1083, 419, 570, 824, 361, 375, 
-219, -741, -522, 480, 151, -631, 1093, 434, 585, 839, 366, 395, 
-219, -741, -522, 480, 151, -631, 1093, 434, 590, 844, 370, 395, 
-209, -741, -531, 475, 161, -636, 1093, 434, 590, 844, 370, 395, 
-204, -736, -531, 470, 163, -634, 1088, 434, 590, 849, 370, 400, 
-204, -722, -517, 463, 156, -619, 1078, 429, 595, 854, 370, 390, 
-204, -722, -517, 463, 156, -619, 1078, 434, 600, 863, 375, 395, 
-200, -732, -531, 466, 165, -631, 1078, 434, 605, 863, 375, 395, 
-190, -712, -522, 451, 165, -617, 1078, 434, 605, 868, 380, 400, 
-170, -702, -531, 436, 180, -617, 1068, 424, 595, 868, 375, 395, 
-170, -702, -531, 436, 180, -617, 1063, 424, 600, 868, 380, 400, 
-161, -697, -536, 429, 187, -617, 1054, 424, 610, 873, 390, 405, 
-156, -688, -531, 422, 187, -610, 1044, 424, 614, 873, 395, 414, 
-165, -688, -522, 427, 178, -605, 1049, 434, 629, 888, 405, 424, 
-156, -688, -531, 422, 187, -610, 1054, 439, 634, 902, 414, 429, 
-156, -688, -531, 422, 187, -610, 1054, 439, 639, 912, 419, 434, 
-156, -678, -522, 417, 183, -600, 1054, 439, 639, 912, 424, 439, 
-151, -683, -531, 417, 190, -607, 1049, 439, 653, 932, 444, 458, 
-141, -678, -536, 409, 197, -607, 1049, 439, 658, 936, 448, 463, 
-131, -673, -541, 402, 204, -607, 1044, 439, 663, 946, 458, 468, 
-126, -663, -536, 395, 204, -600, 1039, 439, 668, 951, 458, 478, 
-122, -668, -546, 395, 212, -607, 1024, 439, 673, 956, 463, 483, 
-122, -658, -536, 390, 207, -597, 1019, 444, 678, 966, 468, 497, 
-107, -653, -546, 380, 219, -600, 1019, 444, 678, 976, 483, 502, 
-107, -639, -531, 373, 212, -585, 1019, 453, 678, 985, 488, 517, 
-87, -629, -541, 358, 226, -585, 1024, 453, 692, 985, 497, 522, 
-78, -629, -551, 353, 236, -590, 1019, 453, 697, 1000, 507, 522, 
-73, -629, -556, 351, 241, -592, 1015, 453, 702, 1010, 517, 527, 
-68, -614, -546, 341, 239, -580, 1010, 453, 717, 1019, 522, 531, 
-58, -590, -531, 324, 236, -561, 1005, 463, 732, 1034, 546, 546, 
-39, -575, -536, 307, 248, -556, 1000, 458, 732, 1049, 561, 556, 
-14, -556, -541, 285, 263, -549, 995, 458, 736, 1068, 561, 566, 
4, -536, -541, 265, 273, -539, 990, 458, 741, 1083, 570, 575, 
9, -536, -546, 263, 278, -541, 995, 458, 732, 1083, 580, 575, 
4, -536, -541, 265, 273, -539, 985, 458, 736, 1093, 580, 585, 
0, -536, -536, 268, 268, -536, 980, 458, 741, 1098, 590, 590, 
4, -531, -536, 263, 270, -534, 976, 458, 751, 1112, 600, 605, 
9, -536, -546, 263, 278, -541, 971, 448, 761, 1117, 610, 610, 
4, -536, -541, 265, 273, -539, 966, 448, 766, 1122, 619, 619, 
9, -531, -541, 261, 275, -536, 961, 444, 771, 1127, 629, 629, 
19, -517, -536, 248, 278, -527, 961, 444, 775, 1137, 634, 639, 
24, -507, -531, 241, 278, -519, 946, 444, 766, 1141, 629, 639, 
24, -507, -531, 241, 278, -519, 941, 444, 771, 1141, 629, 639, 
24, -507, -531, 241, 278, -519, 941, 444, 775, 1156, 634, 649, 
39, -507, -546, 234, 292, -527, 936, 439, 775, 1161, 644, 653, 
48, -497, -546, 224, 297, -522, 946, 439, 775, 1161, 649, 668, 
48, -492, -541, 222, 295, -517, 946, 444, 780, 1166, 653, 678, 
48, -483, -531, 217, 290, -507, 941, 444, 780, 1171, 658, 683, 
58, -473, -531, 207, 295, -502, 936, 434, 780, 1176, 658, 683, 
53, -463, -517, 204, 285, -490, 927, 429, 790, 1190, 668, 673, 
58, -463, -522, 202, 290, -492, 927, 429, 785, 1190, 678, 678, 
63, -463, -527, 200, 295, -495, 922, 419, 785, 1190, 683, 683, 
82, -453, -536, 185, 309, -495, 917, 414, 785, 1190, 683, 683, 
78, -453, -531, 187, 305, -492, 927, 424, 775, 1185, 678, 673, 
68, -463, -531, 197, 300, -497, 927, 419, 775, 1180, 678, 673, 
53, -473, -527, 209, 290, -500, 927, 419, 771, 1171, 673, 673, 
48, -473, -522, 212, 285, -497, 927, 409, 761, 1161, 663, 668, 
58, -483, -541, 212, 300, -512, 912, 400, 761, 1161, 653, 663, 
43, -483, -527, 219, 285, -505, 912, 390, 756, 1151, 649, 649, 
19, -502, -522, 241, 270, -512, 917, 385, 741, 1132, 639, 634, 
9, -517, -527, 253, 268, -522, 922, 385, 727, 1122, 619, 629, 
-9, -536, -527, 273, 258, -531, 922, 380, 732, 1102, 610, 624, 
-24, -546, -522, 285, 248, -534, 932, 375, 727, 1083, 595, 610, 
-48, -556, -507, 302, 229, -531, 941, 370, 712, 1068, 580, 595, 
-73, -570, -497, 322, 212, -534, 951, 366, 702, 1049, 561, 585, 
-82, -575, -492, 329, 204, -534, 966, 370, 688, 1034, 551, 566, 
-92, -580, -488, 336, 197, -534, 971, 370, 678, 1019, 527, 546, 
-102, -600, -497, 351, 197, -549, 980, 370, 678, 1000, 517, 522, 
-117, -619, -502, 368, 192, -561, 985, 366, 673, 971, 497, 507, 
-126, -624, -497, 375, 185, -561, 990, 356, 639, 936, 463, 478, 
-141, -634, -492, 387, 175, -563, 1000, 351, 624, 912, 444, 458, 
-161, -649, -488, 405, 163, -568, 995, 341, 605, 897, 429, 444, 
-180, -668, -488, 424, 153, -578, 1000, 331, 590, 878, 409, 434, 
-200, -678, -478, 439, 139, -578, 1010, 341, 585, 858, 390, 424, 
-204, -692, -488, 448, 141, -590, 1019, 341, 575, 839, 370, 409, 
-214, -697, -483, 456, 134, -590, 1029, 341, 566, 824, 361, 400, 
-224, -717, -492, 470, 134, -605, 1039, 336, 561, 810, 351, 390, 
-253, -736, -483, 495, 114, -610, 1044, 336, 551, 810, 351, 375, 
-263, -736, -473, 500, 104, -605, 1049, 336, 536, 785, 331, 361, 
-263, -741, -478, 502, 107, -610, 1054, 336, 527, 775, 326, 356, 
-268, -741, -473, 505, 102, -607, 1058, 331, 522, 761, 312, 341, 
-268, -751, -483, 509, 107, -617, 1054, 322, 522, 751, 297, 331, 
-263, -751, -488, 507, 112, -619, 1054, 326, 517, 736, 292, 331, 
-263, -756, -492, 509, 114, -624, 1058, 326, 512, 732, 287, 326, 
-273, -756, -483, 514, 104, -619, 1063, 326, 507, 732, 278, 322, 
-278, -756, -478, 517, 100, -617, 1068, 336, 502, 722, 273, 317, 
-287, -766, -478, 527, 95, -622, 1068, 331, 497, 712, 268, 312, 
-297, -771, -473, 534, 87, -622, 1073, 331, 488, 707, 268, 312, 
-297, -771, -473, 534, 87, -622, 1073, 331, 488, 702, 263, 307, 
-297, -785, -488, 541, 95, -636, 1068, 331, 473, 697, 268, 312, 
-307, -790, -483, 549, 87, -636, 1068, 331, 473, 697, 263, 302, 
-307, -805, -497, 556, 95, -651, 1073, 331, 473, 697, 263, 302, 
-307, -810, -502, 558, 97, -656, 1073, 326, 468, 697, 258, 302, 
-307, -800, -492, 553, 92, -646, 1073, 326, 473, 692, 258, 302, 
-312, -795, -483, 553, 85, -639, 1073, 326, 468, 692, 253, 302, 
-312, -795, -483, 553, 85, -639, 1073, 326, 468, 688, 253, 297, 
-307, -790, -483, 549, 87, -636, 1078, 326, 468, 688, 253, 297, 
-302, -785, -483, 544, 90, -634, 1078, 326, 463, 692, 253, 287, 
-302, -785, -483, 544, 90, -634, 1078, 326, 463, 692, 253, 287, 
-317, -790, -473, 553, 78, -631, 1078, 326, 463, 688, 253, 283, 
-317, -790, -473, 553, 78, -631, 1078, 326, 463, 688, 248, 283, 
-307, -800, -492, 553, 92, -646, 1078, 326, 453, 678, 239, 283, 
-307, -800, -492, 553, 92, -646, 1078, 326, 453, 673, 239, 283, 
-312, -800, -488, 556, 87, -644, 1078, 322, 448, 673, 234, 283, 
-317, -810, -492, 563, 87, -651, 1078, 322, 448, 673, 234, 283, 
-317, -819, -502, 568, 92, -661, 1068, 326, 463, 683, 244, 283, 
-317, -810, -492, 563, 87, -651, 1068, 326, 463, 683, 244, 283, 
-317, -810, -492, 563, 87, -651, 1068, 326, 468, 683, 248, 283, 
-317, -814, -497, 566, 90, -656, 1068, 326, 468, 683, 248, 283, 
-317, -810, -492, 563, 87, -651, 1078, 336, 458, 683, 248, 283, 
-322, -810, -488, 566, 82, -649, 1083, 336, 458, 688, 253, 287, 
-331, -810, -478, 570, 73, -644, 1083, 336, 458, 688, 253, 287, 
-336, -805, -468, 570, 65, -636, 1083, 336, 458, 688, 253, 287, 
-322, -790, -468, 556, 73, -629, 1073, 331, 448, 678, 244, 273, 
-317, -790, -473, 553, 78, -631, 1073, 326, 448, 678, 239, 273, 
-312, -795, -483, 553, 85, -639, 1073, 322, 448, 678, 229, 273, 
-307, -795, -488, 551, 90, -641, 1073, 312, 448, 678, 224, 273, 
-322, -805, -483, 563, 80, -644, 1083, 312, 448, 683, 239, 278, 
-322, -805, -483, 563, 80, -644, 1083, 312, 448, 683, 239, 278, 
-322, -800, -478, 561, 78, -639, 1083, 312, 448, 683, 239, 283, 
-326, -800, -473, 563, 73, -636, 1083, 312, 448, 683, 239, 283, 
-322, -795, -473, 558, 75, -634, 1073, 322, 444, 683, 239, 283, 
-322, -790, -468, 556, 73, -629, 1073, 322, 448, 683, 239, 283, 
-317, -790, -473, 553, 78, -631, 1073, 322, 458, 683, 239, 283, 
-317, -790, -473, 553, 78, -631, 1073, 326, 468, 683, 239, 283, 
-317, -780, -463, 549, 73, -622, 1073, 326, 468, 692, 248, 292, 
-322, -780, -458, 551, 68, -619, 1073, 326, 468, 697, 253, 292, 
-322, -785, -463, 553, 70, -624, 1073, 326, 468, 702, 253, 297, 
-322, -785, -463, 553, 70, -624, 1073, 326, 468, 702, 253, 297, 
-322, -795, -473, 558, 75, -634, 1073, 326, 478, 707, 248, 297, 
-322, -795, -473, 558, 75, -634, 1073, 326, 478, 707, 248, 297, 
-322, -785, -463, 553, 70, -624, 1073, 326, 478, 707, 248, 297, 
-322, -780, -458, 551, 68, -619, 1073, 326, 478, 707, 248, 297, 
-317, -790, -473, 553, 78, -631, 1083, 326, 478, 707, 248, 297, 
-307, -790, -483, 549, 87, -636, 1083, 326, 478, 707, 253, 297, 
-297, -785, -488, 541, 95, -636, 1083, 326, 478, 707, 253, 297, 
-292, -780, -488, 536, 97, -634, 1078, 326, 478, 707, 258, 297, 
-292, -761, -468, 527, 87, -614, 1073, 326, 468, 697, 248, 297, 
-297, -756, -458, 527, 80, -607, 1068, 326, 468, 702, 248, 297, 
-307, -751, -444, 529, 68, -597, 1063, 326, 468, 702, 248, 297, 
-312, -746, -434, 529, 61, -590, 1058, 326, 468, 702, 248, 297, 
-302, -751, -448, 527, 73, -600, 1068, 326, 478, 702, 248, 297, 
-302, -756, -453, 529, 75, -605, 1068, 326, 478, 702, 253, 297, 
-302, -766, -463, 534, 80, -614, 1068, 326, 478, 702, 258, 307, 
-302, -771, -468, 536, 82, -619, 1068, 326, 478, 707, 268, 307, 
-302, -775, -473, 539, 85, -624, 1068, 326, 478, 707, 268, 297, 
-317, -780, -463, 549, 73, -622, 1068, 326, 473, 707, 268, 297, 
-317, -785, -468, 551, 75, -627, 1068, 326, 468, 707, 263, 297, 
-307, -790, -483, 549, 87, -636, 1058, 326, 463, 702, 253, 292, 
-317, -780, -463, 549, 73, -622, 1068, 326, 468, 712, 263, 302, 
-317, -785, -468, 551, 75, -627, 1068, 326, 473, 712, 263, 307, 
-317, -785, -468, 551, 75, -627, 1068, 326, 478, 722, 263, 307, 
-326, -780, -453, 553, 63, -617, 1073, 326, 473, 722, 268, 307, 
-326, -780, -453, 553, 63, -617, 1073, 326, 483, 722, 268, 307, 
-326, -780, -453, 553, 63, -617, 1068, 326, 478, 722, 268, 307, 
-322, -780, -458, 551, 68, -619, 1068, 326, 478, 722, 258, 307, 
-322, -780, -458, 551, 68, -619, 1068, 322, 483, 722, 268, 302, 
-317, -775, -458, 546, 70, -617, 1063, 322, 473, 712, 258, 292, 
-312, -775, -463, 544, 75, -619, 1063, 326, 473, 712, 258, 292, 
-307, -771, -463, 539, 78, -617, 1063, 326, 473, 712, 258, 297, 
-302, -756, -453, 529, 75, -605, 1063, 326, 473, 712, 263, 297, 
-307, -761, -453, 534, 73, -607, 1054, 317, 468, 717, 263, 307, 
-307, -761, -453, 534, 73, -607, 1054, 317, 468, 717, 263, 307, 
-312, -766, -453, 539, 70, -610, 1054, 312, 468, 712, 258, 307, 
-312, -766, -453, 539, 70, -610, 1054, 312, 458, 712, 258, 307, 
-322, -775, -453, 549, 65, -614, 1063, 312, 468, 702, 258, 297, 
-317, -780, -463, 549, 73, -622, 1063, 307, 458, 702, 253, 297, 
-317, -780, -463, 549, 73, -622, 1063, 307, 458, 702, 253, 297, 
-322, -780, -458, 551, 68, -619, 1063, 312, 463, 702, 253, 297, 
-317, -771, -453, 544, 68, -612, 1063, 312, 463, 702, 253, 297, 
-317, -771, -453, 544, 68, -612, 1063, 312, 463, 702, 253, 292, 
-312, -771, -458, 541, 73, -614, 1063, 307, 463, 697, 253, 292, 
-312, -771, -458, 541, 73, -614, 1063, 307, 463, 697, 253, 292, 
-312, -771, -458, 541, 73, -614, 1054, 307, 463, 707, 253, 292, 
-307, -771, -463, 539, 78, -617, 1054, 307, 463, 702, 253, 292, 
-297, -771, -473, 534, 87, -622, 1054, 307, 463, 702, 253, 292, 
-292, -780, -488, 536, 97, -634, 1054, 302, 453, 702, 248, 287, 
-307, -785, -478, 546, 85, -631, 1058, 297, 453, 683, 239, 287, 
-312, -785, -473, 549, 80, -629, 1054, 297, 458, 683, 239, 283, 
-317, -785, -468, 551, 75, -627, 1054, 302, 458, 683, 234, 273, 
-326, -790, -463, 558, 68, -627, 1058, 302, 458, 688, 234, 283, 
-317, -785, -468, 551, 75, -627, 1058, 297, 448, 692, 248, 292, 
-307, -780, -473, 544, 82, -627, 1058, 297, 448, 697, 248, 297, 
-297, -775, -478, 536, 90, -627, 1063, 297, 448, 702, 248, 297, 
-287, -771, -483, 529, 97, -627, 1063, 297, 448, 702, 248, 287, 
-297, -761, -463, 529, 82, -612, 1063, 297, 458, 702, 253, 287, 
-297, -761, -463, 529, 82, -612, 1063, 302, 458, 702, 253, 292, 
-297, -761, -463, 529, 82, -612, 1063, 307, 463, 702, 253, 292, 
-287, -761, -473, 524, 92, -617, 1063, 312, 463, 702, 258, 292, 
-297, -771, -473, 534, 87, -622, 1058, 297, 463, 692, 253, 283, 
-302, -771, -468, 536, 82, -619, 1058, 297, 453, 692, 248, 283, 
-302, -775, -473, 539, 85, -624, 1058, 302, 453, 692, 244, 283, 
-307, -775, -468, 541, 80, -622, 1058, 302, 453, 692, 239, 283, 
-322, -785, -463, 553, 70, -624, 1058, 302, 463, 692, 248, 292, 
-326, -795, -468, 561, 70, -631, 1058, 302, 463, 697, 248, 292, 
-322, -800, -478, 561, 78, -639, 1058, 302, 463, 697, 248, 292, 
-322, -805, -483, 563, 80, -644, 1058, 302, 463, 692, 239, 292, 
-312, -795, -483, 553, 85, -639, 1058, 302, 448, 683, 239, 292, 
-317, -790, -473, 553, 78, -631, 1054, 302, 448, 683, 234, 287, 
-317, -785, -468, 551, 75, -627, 1054, 302, 444, 683, 234, 287, 
-312, -780, -468, 546, 78, -624, 1058, 302, 444, 683, 234, 287, 
-302, -761, -458, 531, 78, -610, 1058, 312, 444, 697, 239, 287, 
-302, -761, -458, 531, 78, -610, 1058, 307, 444, 697, 239, 287, 
-302, -766, -463, 534, 80, -614, 1058, 307, 444, 697, 239, 287, 
-302, -766, -463, 534, 80, -614, 1063, 307, 444, 697, 239, 287, 
-317, -756, -439, 536, 61, -597, 1073, 307, 453, 697, 248, 292, 
-322, -756, -434, 539, 56, -595, 1068, 302, 448, 697, 248, 292, 
-322, -756, -434, 539, 56, -595, 1068, 302, 448, 692, 244, 287, 
-322, -756, -434, 539, 56, -595, 1068, 302, 448, 692, 244, 287, 
-336, -775, -439, 556, 51, -607, 1068, 297, 453, 692, 248, 292, 
-341, -780, -439, 561, 48, -610, 1068, 297, 453, 692, 248, 292, 
-346, -785, -439, 566, 46, -612, 1073, 297, 444, 697, 244, 292, 
-356, -790, -434, 573, 39, -612, 1073, 297, 453, 697, 244, 292, 
-341, -800, -458, 570, 58, -629, 1063, 297, 453, 688, 248, 283, 
-336, -795, -458, 566, 61, -627, 1063, 297, 453, 688, 248, 283, 
-331, -795, -463, 563, 65, -629, 1063, 297, 453, 688, 248, 283, 
-322, -785, -463, 553, 70, -624, 1063, 297, 453, 688, 248, 283, 
-317, -780, -463, 549, 73, -622, 1058, 297, 453, 697, 248, 292, 
-312, -780, -468, 546, 78, -624, 1058, 297, 453, 697, 248, 292, 
-312, -775, -463, 544, 75, -619, 1054, 297, 448, 697, 248, 287, 
-312, -766, -453, 539, 70, -610, 1054, 297, 448, 683, 244, 287, 
-322, -775, -453, 549, 65, -614, 1063, 307, 448, 692, 244, 287, 
-322, -780, -458, 551, 68, -619, 1063, 307, 448, 692, 244, 287, 
-322, -785, -463, 553, 70, -624, 1063, 302, 448, 692, 244, 287, 
-322, -785, -463, 553, 70, -624, 1063, 302, 448, 692, 244, 287, 
-326, -780, -453, 553, 63, -617, 1054, 297, 444, 688, 234, 287, 
-326, -775, -448, 551, 61, -612, 1054, 292, 444, 688, 234, 287, 
-322, -771, -448, 546, 63, -610, 1044, 287, 444, 688, 234, 283, 
-312, -766, -453, 539, 70, -610, 1044, 287, 448, 688, 234, 283, 
-312, -780, -468, 546, 78, -624, 1054, 297, 448, 688, 239, 273, 
-312, -780, -468, 546, 78, -624, 1054, 292, 448, 688, 239, 273, 
-312, -775, -463, 544, 75, -619, 1054, 292, 448, 688, 234, 273, 
-317, -771, -453, 544, 68, -612, 1049, 292, 448, 688, 234, 273, 
-326, -771, -444, 549, 58, -607, 1049, 283, 439, 683, 224, 273, 
-312, -771, -458, 541, 73, -614, 1049, 283, 439, 678, 224, 273, 
-322, -766, -444, 544, 61, -605, 1049, 283, 439, 673, 224, 273, 
-322, -766, -444, 544, 61, -605, 1049, 283, 439, 668, 229, 273, 
-312, -766, -453, 539, 70, -610, 1049, 292, 429, 678, 229, 273, 
-307, -766, -458, 536, 75, -612, 1049, 292, 429, 683, 229, 278, 
-307, -766, -458, 536, 75, -612, 1049, 297, 429, 683, 229, 278, 
-307, -756, -448, 531, 70, -602, 1049, 297, 439, 683, 239, 283, 
-307, -766, -458, 536, 75, -612, 1058, 287, 439, 692, 239, 292, 
-312, -766, -453, 539, 70, -610, 1058, 287, 444, 692, 239, 287, 
-317, -766, -448, 541, 65, -607, 1058, 287, 444, 692, 239, 287, 
-322, -761, -439, 541, 58, -600, 1058, 287, 444, 692, 239, 292, 
-326, -761, -434, 544, 53, -597, 1049, 287, 444, 688, 239, 287, 
-326, -756, -429, 541, 51, -592, 1049, 287, 444, 688, 239, 287, 
-326, -771, -444, 549, 58, -607, 1054, 287, 448, 688, 239, 283, 
-331, -775, -444, 553, 56, -610, 1054, 287, 448, 692, 244, 278, 
-283, -761, -478, 522, 97, -619, 1044, 278, 434, 688, 229, 268, 
-273, -741, -468, 507, 97, -605, 1054, 287, 439, 683, 234, 278, 
-268, -736, -468, 502, 100, -602, 1063, 292, 458, 692, 244, 287, 
-268, -736, -468, 502, 100, -602, 1073, 302, 468, 702, 253, 297, 
-273, -732, -458, 502, 92, -595, 1063, 302, 478, 702, 253, 292, 
-263, -712, -448, 488, 92, -580, 1063, 302, 483, 717, 258, 297, 
-263, -702, -439, 483, 87, -570, 1063, 302, 488, 722, 263, 302, 
-263, -692, -429, 478, 82, -561, 1063, 302, 492, 727, 268, 307, 
-263, -683, -419, 473, 78, -551, 1063, 302, 497, 732, 273, 312, 
-273, -688, -414, 480, 70, -551, 1073, 317, 502, 741, 287, 322, 
-273, -688, -414, 480, 70, -551, 1078, 322, 512, 746, 287, 326, 
-268, -688, -419, 478, 75, -553, 1083, 326, 517, 751, 287, 326, 
-263, -688, -424, 475, 80, -556, 1083, 326, 522, 746, 287, 326, 
-258, -688, -429, 473, 85, -558, 1083, 322, 517, 746, 287, 326, 
-258, -688, -429, 473, 85, -558, 1078, 322, 517, 746, 292, 326, 
-253, -688, -434, 470, 90, -561, 1063, 322, 522, 746, 292, 336, 
-234, -678, -444, 456, 104, -561, 1054, 307, 522, 751, 292, 336, 
-229, -668, -439, 448, 104, -553, 1044, 307, 527, 771, 297, 336, 
-219, -663, -444, 441, 112, -553, 1029, 302, 527, 775, 297, 341, 
-214, -658, -444, 436, 114, -551, 1019, 297, 522, 775, 307, 351, 
-209, -653, -444, 431, 117, -549, 1015, 297, 522, 780, 307, 356, 
-209, -649, -439, 429, 114, -544, 1000, 287, 522, 771, 307, 351, 
-200, -644, -444, 422, 122, -544, 980, 278, 522, 771, 312, 351, 
-200, -639, -439, 419, 119, -539, 976, 273, 522, 775, 317, 356, 
-195, -639, -444, 417, 124, -541, 971, 268, 517, 775, 322, 361, 
-190, -639, -448, 414, 129, -544, 980, 278, 522, 780, 331, 366, 
-190, -639, -448, 414, 129, -544, 980, 278, 522, 785, 326, 370, 
-190, -639, -448, 414, 129, -544, 985, 278, 512, 780, 317, 366, 
-195, -653, -458, 424, 131, -556, 985, 273, 488, 766, 302, 361, 
-209, -673, -463, 441, 126, -568, 990, 263, 468, 746, 287, 356, 
-209, -673, -463, 441, 126, -568, 990, 258, 463, 746, 287, 351, 
-209, -673, -463, 441, 126, -568, 990, 258, 453, 741, 283, 341, 
-224, -673, -448, 448, 112, -561, 990, 253, 444, 736, 278, 331, 
-239, -683, -444, 461, 102, -563, 1000, 258, 444, 732, 283, 336, 
-244, -692, -448, 468, 102, -570, 1005, 258, 448, 722, 283, 336, 
-244, -697, -453, 470, 104, -575, 1005, 258, 453, 717, 278, 336, 
-258, -697, -439, 478, 90, -568, 1005, 258, 453, 717, 273, 341, 
-258, -697, -439, 478, 90, -568, 995, 239, 444, 707, 273, 326, 
-263, -702, -439, 483, 87, -570, 1000, 248, 434, 707, 268, 326, 
-268, -707, -439, 488, 85, -573, 1000, 248, 429, 702, 268, 322, 
-278, -727, -448, 502, 85, -588, 1000, 253, 419, 697, 263, 317, 
-273, -732, -458, 502, 92, -595, 1000, 244, 419, 692, 258, 302, 
-278, -732, -453, 505, 87, -592, 1010, 244, 419, 688, 253, 297, 
-287, -732, -444, 509, 78, -588, 1010, 244, 414, 688, 253, 287, 
-297, -732, -434, 514, 68, -583, 1010, 244, 409, 683, 244, 278, 
-312, -751, -439, 531, 63, -595, 1024, 258, 419, 688, 248, 287, 
-322, -766, -444, 544, 61, -605, 1029, 263, 419, 683, 248, 287, 
-331, -771, -439, 551, 53, -605, 1034, 263, 414, 683, 244, 283, 
-346, -775, -429, 561, 41, -602, 1034, 263, 414, 678, 239, 278, 
-351, -771, -419, 561, 34, -595, 1044, 263, 414, 678, 229, 278, 
-341, -771, -429, 556, 43, -600, 1044, 263, 405, 673, 224, 273, 
-336, -775, -439, 556, 51, -607, 1044, 263, 405, 668, 224, 268, 
-331, -775, -444, 553, 56, -610, 1044, 258, 400, 663, 219, 263, 
-322, -775, -453, 549, 65, -614, 1034, 258, 395, 649, 209, 263, 
-336, -775, -439, 556, 51, -607, 1034, 263, 395, 649, 209, 263, 
-341, -785, -444, 563, 51, -614, 1034, 263, 395, 649, 214, 263, 
-341, -785, -444, 563, 51, -614, 1044, 263, 400, 649, 214, 263, 
-331, -785, -453, 558, 61, -619, 1044, 253, 390, 653, 204, 258, 
-331, -785, -453, 558, 61, -619, 1039, 253, 385, 653, 204, 258, 
-331, -785, -453, 558, 61, -619, 1034, 253, 385, 644, 195, 248, 
-346, -785, -439, 566, 46, -612, 1034, 253, 385, 639, 195, 244, 
-341, -790, -448, 566, 53, -619, 1029, 244, 385, 629, 185, 244, 
-341, -795, -453, 568, 56, -624, 1034, 248, 385, 629, 190, 244, 
-346, -805, -458, 575, 56, -631, 1039, 253, 385, 634, 190, 244, 
-351, -810, -458, 580, 53, -634, 1039, 253, 390, 639, 185, 248, 
-351, -800, -448, 575, 48, -624, 1054, 268, 400, 649, 200, 258, 
-351, -800, -448, 575, 48, -624, 1054, 268, 400, 649, 204, 258, 
-351, -800, -448, 575, 48, -624, 1054, 268, 400, 649, 209, 253, 
-346, -800, -453, 573, 53, -627, 1054, 268, 400, 649, 214, 248, 
-341, -805, -463, 573, 61, -634, 1054, 268, 400, 649, 214, 248, 
-341, -805, -463, 573, 61, -634, 1054, 268, 400, 649, 214, 253, 
-341, -795, -453, 568, 56, -624, 1054, 268, 400, 649, 209, 253, 
-341, -795, -453, 568, 56, -624, 1054, 263, 400, 649, 209, 253, 
-351, -814, -463, 583, 56, -639, 1054, 263, 400, 649, 204, 248, 
-356, -810, -453, 583, 48, -631, 1058, 268, 400, 649, 204, 248, 
-356, -814, -458, 585, 51, -636, 1058, 268, 400, 649, 200, 248, 
-361, -819, -458, 590, 48, -639, 1054, 268, 405, 649, 200, 248, 
-366, -805, -439, 585, 36, -622, 1044, 268, 395, 639, 195, 239, 
-366, -800, -434, 583, 34, -617, 1054, 273, 400, 644, 195, 244, 
-366, -795, -429, 580, 31, -612, 1054, 273, 400, 644, 195, 244, 
-366, -790, -424, 578, 29, -607, 1054, 268, 400, 644, 195, 239, 
-361, -800, -439, 580, 39, -619, 1039, 258, 395, 639, 195, 239, 
-356, -800, -444, 578, 43, -622, 1039, 258, 395, 634, 190, 239, 
-351, -800, -448, 575, 48, -624, 1039, 258, 395, 634, 190, 239, 
-346, -800, -453, 573, 53, -627, 1039, 258, 395, 634, 190, 239, 
-361, -810, -448, 585, 43, -629, 1044, 263, 400, 644, 200, 248, 
-375, -810, -434, 592, 29, -622, 1049, 268, 409, 649, 204, 248, 
-380, -810, -429, 595, 24, -619, 1054, 273, 414, 653, 209, 253, 
-375, -810, -434, 592, 29, -622, 1058, 278, 419, 658, 214, 253, 
-356, -814, -458, 585, 51, -636, 1063, 273, 409, 658, 195, 253, 
-356, -805, -448, 580, 46, -627, 1063, 287, 429, 658, 204, 258, 
-361, -819, -458, 590, 48, -639, 1078, 302, 444, 663, 195, 253, 
-361, -819, -458, 590, 48, -639, 1093, 331, 458, 663, 185, 239, 
-366, -795, -429, 580, 31, -612, 1122, 366, 492, 673, 185, 229, 
-375, -790, -414, 583, 19, -602, 1151, 400, 556, 712, 219, 244, 
-375, -805, -429, 590, 26, -617, 1190, 444, 629, 766, 258, 268, 
-366, -790, -424, 578, 29, -607, 1229, 497, 707, 829, 292, 283, 
-336, -756, -419, 546, 41, -588, 1254, 546, 775, 888, 326, 302, 
-297, -722, -424, 509, 63, -573, 1273, 595, 829, 956, 375, 336, 
-214, -668, -453, 441, 119, -561, 1283, 639, 897, 1044, 444, 414, 
-107, -610, -502, 358, 197, -556, 1288, 707, 976, 1161, 546, 512, 
29, -551, -580, 261, 305, -566, 1239, 727, 966, 1254, 649, 629, 
170, -502, -673, 165, 422, -588, 1141, 673, 868, 1293, 727, 732, 
292, -468, -761, 87, 527, -614, 1015, 570, 722, 1288, 766, 800, 
366, -429, -795, 31, 580, -612, 868, 429, 585, 1302, 824, 868, 
448, -356, -805, -46, 627, -580, 683, 253, 492, 1366, 917, 971, 
590, -234, -824, -178, 707, -529, 478, 92, 429, 1488, 1058, 1112, 
732, -107, -839, -312, 785, -473, 283, -34, 380, 1664, 1229, 1283, 
810, 24, -785, -417, 797, -380, 117, -170, 366, 1849, 1410, 1464, 
790, 73, -717, -431, 753, -322, 24, -263, 346, 1908, 1468, 1527, 
697, -14, -712, -341, 705, -363, 48, -283, 258, 1683, 1244, 1361, 
527, -165, -692, -180, 610, -429, 141, -278, 102, 1249, 849, 1034, 
312, -331, -644, 9, 478, -488, 258, -268, -4, 912, 561, 780, 
92, -434, -527, 170, 309, -480, 375, -248, -19, 751, 444, 673, 
-73, -468, -395, 270, 161, -431, 468, -234, -19, 629, 361, 580, 
-136, -507, -370, 322, 117, -439, 556, -195, -29, 512, 268, 473, 
-165, -590, -424, 378, 129, -507, 634, -136, -43, 444, 214, 405, 
-190, -629, -439, 409, 124, -534, 692, -73, -14, 448, 195, 380, 
-229, -629, -400, 429, 85, -514, 736, -14, 63, 497, 200, 370, 
-268, -639, -370, 453, 51, -505, 800, 34, 136, 536, 214, 366, 
-287, -653, -366, 470, 39, -509, 849, 92, 209, 595, 239, 366, 
-253, -658, -405, 456, 75, -531, 893, 146, 258, 629, 244, 361, 
-253, -692, -439, 473, 92, -566, 922, 175, 302, 644, 234, 336, 
-273, -712, -439, 492, 82, -575, 941, 209, 351, 673, 248, 331, 
-273, -692, -419, 483, 73, -556, 971, 248, 400, 702, 268, 336, 
-268, -697, -429, 483, 80, -563, 1000, 283, 453, 722, 273, 331, 
-292, -717, -424, 505, 65, -570, 1029, 302, 473, 732, 273, 307, 
-317, -751, -434, 534, 58, -592, 1039, 302, 473, 722, 268, 292, 
-317, -766, -448, 541, 65, -607, 1039, 292, 458, 712, 253, 287, 
-326, -761, -434, 544, 53, -597, 1039, 278, 444, 697, 239, 297, 
-336, -756, -419, 546, 41, -588, 1044, 278, 439, 697, 234, 292, 
-336, -751, -414, 544, 39, -583, 1044, 278, 439, 697, 234, 292, 
-331, -746, -414, 539, 41, -580, 1044, 283, 444, 702, 239, 297, 
-317, -727, -409, 522, 46, -568, 1058, 292, 463, 712, 244, 297, 
-317, -727, -409, 522, 46, -568, 1063, 302, 473, 712, 244, 287, 
-326, -741, -414, 534, 43, -578, 1068, 302, 478, 712, 248, 287, 
-331, -751, -419, 541, 43, -585, 1078, 312, 478, 717, 253, 287, 
-326, -756, -429, 541, 51, -592, 1078, 326, 488, 712, 244, 273, 
-326, -761, -434, 544, 53, -597, 1078, 326, 488, 712, 244, 273, 
-322, -766, -444, 544, 61, -605, 1083, 326, 483, 712, 244, 273, 
-322, -771, -448, 546, 63, -610, 1083, 322, 478, 707, 239, 268, 
-326, -761, -434, 544, 53, -597, 1068, 317, 473, 697, 229, 278, 
-326, -756, -429, 541, 51, -592, 1068, 312, 473, 702, 234, 283, 
-331, -751, -419, 541, 43, -585, 1068, 312, 473, 702, 234, 283, 
-336, -751, -414, 544, 39, -583, 1078, 307, 473, 702, 239, 283, 
-326, -746, -419, 536, 46, -583, 1088, 322, 483, 712, 248, 287, 
-326, -746, -419, 536, 46, -583, 1083, 322, 488, 712, 248, 287, 
-326, -751, -424, 539, 48, -588, 1083, 326, 488, 722, 248, 287, 
-326, -761, -434, 544, 53, -597, 1088, 326, 492, 722, 253, 287, 
-341, -761, -419, 551, 39, -590, 1088, 326, 488, 722, 244, 287, 
-341, -761, -419, 551, 39, -590, 1083, 322, 488, 727, 244, 287, 
-331, -751, -419, 541, 43, -585, 1083, 322, 488, 727, 244, 287, 
-326, -746, -419, 536, 46, -583, 1083, 322, 492, 727, 248, 287, 
-326, -741, -414, 534, 43, -578, 1083, 312, 492, 727, 248, 283, 
-326, -741, -414, 534, 43, -578, 1083, 317, 502, 732, 253, 283, 
-326, -746, -419, 536, 46, -583, 1088, 322, 507, 736, 253, 287, 
-326, -746, -419, 536, 46, -583, 1088, 322, 507, 736, 253, 287, 
-326, -756, -429, 541, 51, -592, 1083, 331, 507, 741, 263, 297, 
-326, -756, -429, 541, 51, -592, 1083, 326, 502, 741, 263, 297, 
-326, -756, -429, 541, 51, -592, 1083, 326, 502, 746, 263, 297, 
-326, -751, -424, 539, 48, -588, 1088, 326, 507, 751, 263, 302, 
-317, -746, -429, 531, 56, -588, 1078, 326, 497, 741, 268, 302, 
-307, -732, -424, 519, 58, -578, 1078, 326, 497, 741, 268, 297, 
-302, -727, -424, 514, 61, -575, 1078, 326, 497, 741, 263, 297, 
-297, -722, -424, 509, 63, -573, 1078, 326, 497, 741, 263, 297, 
-292, -727, -434, 509, 70, -580, 1088, 326, 502, 746, 263, 287, 
-302, -732, -429, 517, 63, -580, 1088, 326, 502, 746, 263, 287, 
-302, -736, -434, 519, 65, -585, 1088, 326, 507, 751, 263, 297, 
-302, -741, -439, 522, 68, -590, 1083, 331, 507, 751, 268, 297, 
-292, -722, -429, 507, 68, -575, 1083, 331, 517, 746, 268, 307, 
-292, -712, -419, 502, 63, -566, 1083, 331, 517, 746, 273, 307, 
-292, -707, -414, 500, 61, -561, 1083, 331, 522, 746, 273, 307, 
-297, -702, -405, 500, 53, -553, 1083, 331, 522, 746, 278, 307, 
-307, -702, -395, 505, 43, -549, 1083, 322, 517, 761, 273, 302, 
-297, -707, -409, 502, 56, -558, 1083, 322, 512, 761, 273, 302, 
-297, -717, -419, 507, 61, -568, 1083, 326, 512, 766, 273, 307, 
-297, -727, -429, 512, 65, -578, 1083, 326, 507, 766, 273, 307, 
-312, -732, -419, 522, 53, -575, 1078, 322, 507, 761, 263, 297, 
-307, -727, -419, 517, 56, -573, 1073, 322, 512, 761, 263, 297, 
-312, -732, -419, 522, 53, -575, 1068, 322, 512, 761, 268, 297, 
-317, -736, -419, 527, 51, -578, 1063, 317, 512, 756, 268, 297, 
-307, -741, -434, 524, 63, -588, 1068, 322, 517, 761, 283, 307, 
-307, -741, -434, 524, 63, -588, 1068, 326, 522, 766, 287, 312, 
-302, -741, -439, 522, 68, -590, 1073, 331, 531, 771, 292, 317, 
-302, -732, -429, 517, 63, -580, 1073, 336, 541, 780, 302, 326, 
-292, -717, -424, 505, 65, -570, 1083, 346, 541, 785, 302, 341, 
-292, -712, -419, 502, 63, -566, 1088, 351, 546, 795, 307, 341, 
-287, -707, -419, 497, 65, -563, 1088, 356, 546, 800, 307, 341, 
-283, -697, -414, 490, 65, -556, 1088, 361, 546, 810, 307, 346, 
-292, -683, -390, 488, 48, -536, 1088, 361, 536, 810, 302, 336, 
-287, -683, -395, 485, 53, -539, 1088, 356, 541, 810, 307, 336, 
-287, -683, -395, 485, 53, -539, 1088, 351, 551, 805, 312, 336, 
-287, -683, -395, 485, 53, -539, 1088, 351, 551, 805, 312, 346, 
-273, -678, -405, 475, 65, -541, 1078, 351, 551, 805, 307, 346, 
-268, -678, -409, 473, 70, -544, 1078, 351, 556, 810, 312, 346, 
-263, -678, -414, 470, 75, -546, 1078, 351, 556, 819, 312, 346, 
-258, -678, -419, 468, 80, -549, 1078, 351, 556, 819, 317, 346, 
-258, -683, -424, 470, 82, -553, 1068, 346, 556, 819, 317, 346, 
-253, -688, -434, 470, 90, -561, 1068, 346, 556, 819, 317, 346, 
-253, -692, -439, 473, 92, -566, 1068, 346, 556, 829, 322, 346, 
-253, -692, -439, 473, 92, -566, 1068, 356, 566, 834, 326, 356, 
-248, -683, -434, 466, 92, -558, 1073, 356, 566, 839, 331, 370, 
-248, -678, -429, 463, 90, -553, 1073, 351, 566, 844, 336, 370, 
-244, -673, -429, 458, 92, -551, 1063, 351, 566, 849, 336, 370, 
-244, -668, -424, 456, 90, -546, 1063, 351, 570, 854, 341, 375, 
-248, -658, -409, 453, 80, -534, 1063, 356, 566, 854, 336, 380, 
-248, -653, -405, 451, 78, -529, 1063, 356, 570, 854, 341, 375, 
-239, -649, -409, 444, 85, -529, 1063, 356, 570, 849, 341, 370, 
-234, -639, -405, 436, 85, -522, 1058, 356, 570, 849, 341, 370, 
-224, -644, -419, 434, 97, -531, 1068, 370, 585, 858, 361, 375, 
-224, -644, -419, 434, 97, -531, 1068, 375, 590, 873, 366, 385, 
-219, -653, -434, 436, 107, -544, 1068, 375, 595, 878, 366, 390, 
-209, -634, -424, 422, 107, -529, 1068, 375, 595, 888, 370, 400, 
-190, -634, -444, 412, 126, -539, 1073, 385, 600, 893, 385, 405, 
-190, -634, -444, 412, 126, -539, 1073, 385, 610, 897, 390, 409, 
-180, -629, -448, 405, 134, -539, 1068, 385, 624, 907, 400, 414, 
-175, -619, -444, 397, 134, -531, 1063, 385, 634, 912, 405, 424, 
-175, -610, -434, 392, 129, -522, 1058, 380, 634, 912, 390, 419, 
-165, -610, -444, 387, 139, -527, 1054, 380, 634, 922, 395, 419, 
-165, -610, -444, 387, 139, -527, 1044, 375, 634, 927, 395, 419, 
-165, -600, -434, 383, 134, -517, 1034, 370, 629, 922, 395, 419, 
-170, -600, -429, 385, 129, -514, 1029, 375, 644, 941, 414, 439, 
-170, -600, -429, 385, 129, -514, 1029, 380, 649, 946, 419, 444, 
-170, -600, -429, 385, 129, -514, 1024, 385, 653, 956, 429, 448, 
-175, -595, -419, 385, 122, -507, 1019, 390, 658, 961, 429, 458, 
-156, -580, -424, 368, 134, -502, 1015, 380, 658, 971, 434, 453, 
-151, -570, -419, 361, 134, -495, 1010, 385, 668, 976, 439, 468, 
-131, -566, -434, 348, 151, -500, 1010, 385, 673, 980, 453, 473, 
-126, -551, -424, 339, 148, -488, 1010, 395, 678, 985, 458, 488, 
-102, -536, -434, 319, 165, -485, 1015, 395, 692, 1005, 473, 497, 
-87, -531, -444, 309, 178, -488, 1010, 395, 697, 1019, 488, 502, 
-78, -527, -448, 302, 185, -488, 1005, 395, 702, 1029, 502, 512, 
-68, -507, -439, 287, 185, -473, 1000, 395, 717, 1039, 512, 522, 
-73, -517, -444, 295, 185, -480, 995, 395, 712, 1049, 517, 527, 
-68, -517, -448, 292, 190, -483, 990, 390, 712, 1058, 531, 536, 
-58, -512, -453, 285, 197, -483, 985, 390, 717, 1073, 531, 546, 
-53, -507, -453, 280, 200, -480, 980, 390, 722, 1083, 541, 556, 
-43, -483, -439, 263, 197, -461, 976, 390, 722, 1078, 541, 556, 
-43, -478, -434, 261, 195, -456, 966, 390, 727, 1083, 541, 566, 
-43, -473, -429, 258, 192, -451, 961, 390, 732, 1083, 551, 570, 
-34, -463, -429, 248, 197, -446, 956, 390, 741, 1093, 561, 585, 
-24, -473, -448, 248, 212, -461, 951, 390, 751, 1117, 570, 590, 
-24, -478, -453, 251, 214, -466, 946, 390, 756, 1122, 580, 600, 
-14, -478, -463, 246, 224, -470, 941, 385, 761, 1127, 590, 610, 
0, -468, -468, 234, 234, -468, 941, 385, 766, 1137, 595, 619, 
0, -458, -458, 229, 229, -458, 927, 385, 766, 1141, 600, 619, 
-4, -458, -453, 231, 224, -456, 922, 385, 771, 1141, 600, 619, 
-9, -458, -448, 234, 219, -453, 922, 385, 775, 1156, 605, 629, 
0, -458, -458, 229, 229, -458, 917, 380, 775, 1161, 614, 634, 
14, -439, -453, 212, 234, -446, 917, 380, 775, 1171, 629, 639, 
19, -424, -444, 202, 231, -434, 917, 385, 780, 1176, 634, 649, 
24, -405, -429, 190, 226, -417, 912, 385, 780, 1180, 639, 653, 
39, -385, -424, 173, 231, -405, 907, 375, 780, 1185, 639, 653, 
29, -400, -429, 185, 229, -414, 917, 375, 785, 1200, 653, 663, 
29, -405, -434, 187, 231, -419, 917, 380, 785, 1200, 658, 668, 
29, -409, -439, 190, 234, -424, 912, 375, 790, 1200, 658, 673, 
43, -405, -448, 180, 246, -427, 907, 375, 795, 1200, 653, 673, 
43, -395, -439, 175, 241, -417, 897, 366, 780, 1195, 644, 668, 
39, -405, -444, 183, 241, -424, 897, 361, 775, 1190, 649, 663, 
29, -414, -444, 192, 236, -429, 897, 361, 766, 1180, 649, 658, 
29, -414, -444, 192, 236, -429, 897, 351, 751, 1171, 644, 649, 
39, -414, -453, 187, 246, -434, 893, 341, 756, 1171, 634, 653, 
24, -414, -439, 195, 231, -427, 893, 331, 756, 1161, 629, 639, 
0, -434, -434, 217, 217, -434, 897, 326, 746, 1141, 619, 624, 
-9, -448, -439, 229, 214, -444, 902, 326, 736, 1132, 600, 619, 
-24, -458, -434, 241, 204, -446, 902, 322, 741, 1117, 595, 610, 
-34, -468, -434, 251, 200, -451, 912, 317, 736, 1102, 585, 600, 
-53, -478, -424, 265, 185, -451, 922, 312, 722, 1093, 575, 590, 
-73, -492, -419, 283, 173, -456, 932, 307, 712, 1078, 561, 585, 
-82, -497, -414, 290, 165, -456, 936, 302, 688, 1044, 531, 556, 
-92, -502, -409, 297, 158, -456, 941, 302, 678, 1029, 507, 536, 
-102, -522, -419, 312, 158, -470, 951, 302, 678, 1010, 497, 512, 
-117, -541, -424, 329, 153, -483, 956, 297, 673, 980, 478, 497, 
-146, -551, -405, 348, 129, -478, 961, 283, 644, 966, 463, 483, 
-161, -556, -395, 358, 117, -475, 971, 283, 634, 941, 444, 468, 
-180, -566, -385, 373, 102, -475, 966, 278, 619, 927, 429, 458, 
-200, -580, -380, 390, 90, -480, 971, 273, 610, 907, 409, 453, 
-214, -590, -375, 402, 80, -483, 985, 283, 605, 907, 400, 424, 
-214, -605, -390, 409, 87, -497, 990, 283, 595, 888, 380, 409, 
-219, -610, -390, 414, 85, -500, 995, 283, 585, 873, 370, 400, 
-224, -629, -405, 427, 90, -517, 1000, 278, 580, 858, 361, 390, 
-258, -649, -390, 453, 65, -519, 1015, 278, 580, 849, 351, 385, 
-273, -649, -375, 461, 51, -512, 1019, 278, 566, 824, 331, 370, 
-278, -653, -375, 466, 48, -514, 1024, 278, 556, 814, 326, 366, 
-287, -653, -366, 470, 39, -509, 1029, 273, 551, 800, 312, 351, 
-292, -668, -375, 480, 41, -522, 1034, 273, 541, 790, 307, 341, 
-292, -673, -380, 483, 43, -527, 1034, 278, 536, 775, 302, 341, 
-297, -683, -385, 490, 43, -534, 1039, 278, 531, 771, 297, 336, 
-312, -688, -375, 500, 31, -531, 1044, 278, 527, 771, 287, 331, 
-326, -697, -370, 512, 21, -534, 1049, 278, 512, 761, 273, 317, 
-336, -707, -370, 522, 17, -539, 1049, 273, 507, 751, 268, 312, 
-346, -712, -366, 529, 9, -539, 1054, 273, 497, 746, 268, 312, 
-346, -712, -366, 529, 9, -539, 1054, 273, 497, 741, 263, 307, 
-336, -702, -366, 519, 14, -534, 1058, 273, 492, 741, 258, 302, 
-346, -702, -356, 524, 4, -529, 1058, 273, 492, 736, 253, 292, 
-346, -712, -366, 529, 9, -539, 1063, 273, 492, 732, 253, 292, 
-346, -712, -366, 529, 9, -539, 1063, 268, 488, 727, 248, 292, 
-356, -717, -361, 536, 2, -539, 1054, 258, 483, 722, 248, 292, 
-361, -717, -356, 539, -2, -536, 1054, 258, 478, 722, 244, 292, 
-361, -722, -361, 541, 0, -541, 1054, 258, 478, 717, 244, 287, 
-356, -722, -366, 539, 4, -544, 1058, 258, 478, 717, 244, 287, 
-341, -707, -366, 524, 12, -536, 1058, 258, 463, 712, 234, 278, 
-341, -707, -366, 524, 12, -536, 1058, 258, 463, 712, 234, 278, 
-356, -712, -356, 534, 0, -534, 1058, 258, 463, 707, 234, 273, 
-356, -712, -356, 534, 0, -534, 1058, 258, 463, 707, 229, 273, 
-356, -717, -361, 536, 2, -539, 1068, 268, 468, 717, 234, 283, 
-356, -722, -366, 539, 4, -544, 1068, 268, 473, 712, 239, 283, 
-361, -727, -366, 544, 2, -546, 1068, 263, 473, 712, 239, 283, 
-366, -741, -375, 553, 4, -558, 1068, 263, 478, 712, 244, 283, 
-366, -736, -370, 551, 2, -553, 1058, 258, 478, 712, 239, 273, 
-366, -722, -356, 544, -4, -539, 1058, 258, 473, 712, 234, 273, 
-366, -717, -351, 541, -7, -534, 1058, 258, 473, 712, 234, 273, 
-366, -717, -351, 541, -7, -534, 1058, 258, 468, 712, 229, 273, 
-370, -732, -361, 551, -4, -546, 1058, 258, 468, 702, 219, 273, 
-370, -732, -361, 551, -4, -546, 1063, 258, 468, 707, 224, 278, 
-375, -732, -356, 553, -9, -544, 1063, 258, 468, 707, 224, 278, 
-375, -727, -351, 551, -12, -539, 1063, 258, 468, 707, 224, 278, 
-380, -732, -351, 556, -14, -541, 1063, 268, 468, 717, 224, 273, 
-385, -732, -346, 558, -19, -539, 1063, 268, 468, 717, 229, 273, 
-390, -736, -346, 563, -21, -541, 1063, 268, 468, 717, 229, 273, 
-395, -736, -341, 566, -26, -539, 1063, 263, 468, 717, 234, 273, 
-385, -736, -351, 561, -17, -544, 1063, 253, 468, 712, 229, 278, 
-380, -736, -356, 558, -12, -546, 1063, 253, 468, 712, 229, 278, 
-375, -732, -356, 553, -9, -544, 1063, 253, 468, 712, 229, 283, 
-375, -732, -356, 553, -9, -544, 1063, 253, 468, 712, 229, 283, 
-370, -722, -351, 546, -9, -536, 1063, 253, 468, 712, 239, 283, 
-361, -712, -351, 536, -4, -531, 1063, 253, 468, 712, 239, 283, 
-346, -707, -361, 527, 7, -534, 1063, 253, 473, 712, 239, 283, 
-336, -702, -366, 519, 14, -534, 1063, 258, 478, 712, 239, 283, 
-351, -702, -351, 527, 0, -527, 1063, 268, 478, 722, 239, 283, 
-361, -702, -341, 531, -9, -522, 1063, 268, 478, 727, 244, 283, 
-366, -707, -341, 536, -12, -524, 1063, 268, 478, 732, 244, 287, 
-370, -707, -336, 539, -17, -522, 1063, 268, 478, 732, 244, 287, 
-370, -707, -336, 539, -17, -522, 1073, 268, 488, 736, 248, 297, 
-370, -707, -336, 539, -17, -522, 1073, 268, 488, 736, 248, 297, 
-370, -697, -326, 534, -21, -512, 1073, 268, 488, 736, 248, 297, 
-370, -692, -322, 531, -24, -507, 1073, 268, 488, 736, 248, 297, 
-361, -697, -336, 529, -12, -517, 1063, 268, 492, 727, 248, 297, 
-356, -702, -346, 529, -4, -524, 1063, 268, 488, 727, 253, 297, 
-351, -702, -351, 527, 0, -527, 1063, 268, 483, 727, 253, 297, 
-351, -702, -351, 527, 0, -527, 1058, 268, 478, 727, 258, 297, 
-346, -688, -341, 517, -2, -514, 1058, 268, 478, 727, 248, 287, 
-346, -688, -341, 517, -2, -514, 1058, 268, 478, 732, 248, 287, 
-351, -688, -336, 519, -7, -512, 1058, 268, 478, 732, 248, 287, 
-351, -688, -336, 519, -7, -512, 1058, 268, 478, 732, 248, 287, 
-341, -688, -346, 514, 2, -517, 1068, 258, 478, 732, 253, 287, 
-341, -688, -346, 514, 2, -517, 1068, 258, 478, 732, 253, 287, 
-341, -692, -351, 517, 4, -522, 1068, 258, 478, 732, 253, 297, 
-341, -692, -351, 517, 4, -522, 1068, 258, 478, 736, 258, 297, 
-331, -692, -361, 512, 14, -527, 1058, 268, 483, 736, 253, 297, 
-346, -692, -346, 519, 0, -519, 1058, 268, 483, 736, 258, 297, 
-346, -692, -346, 519, 0, -519, 1058, 268, 483, 736, 258, 297, 
-336, -692, -356, 514, 9, -524, 1049, 268, 483, 732, 253, 292, 
-346, -692, -346, 519, 0, -519, 1049, 268, 483, 722, 244, 292, 
-346, -697, -351, 522, 2, -524, 1049, 268, 483, 722, 244, 297, 
-346, -697, -351, 522, 2, -524, 1049, 268, 483, 732, 244, 297, 
-356, -692, -336, 524, -9, -514, 1054, 268, 473, 732, 248, 297, 
-356, -692, -336, 524, -9, -514, 1063, 268, 478, 736, 258, 297, 
-356, -692, -336, 524, -9, -514, 1058, 268, 478, 741, 258, 297, 
-351, -692, -341, 522, -4, -517, 1058, 268, 483, 746, 248, 297, 
-351, -692, -341, 522, -4, -517, 1058, 263, 492, 751, 258, 292, 
-361, -683, -322, 522, -19, -502, 1054, 253, 483, 741, 258, 292, 
-361, -688, -326, 524, -17, -507, 1054, 258, 483, 741, 258, 292, 
-361, -688, -326, 524, -17, -507, 1054, 258, 483, 741, 258, 297, 
-361, -678, -317, 519, -21, -497, 1054, 258, 483, 741, 263, 297, 
-346, -678, -331, 512, -7, -505, 1054, 258, 478, 736, 253, 287, 
-346, -683, -336, 514, -4, -509, 1054, 258, 478, 736, 253, 287, 
-351, -692, -341, 522, -4, -517, 1054, 253, 478, 732, 248, 287, 
-351, -697, -346, 524, -2, -522, 1054, 253, 468, 732, 248, 287, 
-351, -692, -341, 522, -4, -517, 1054, 253, 478, 732, 248, 287, 
-346, -692, -346, 519, 0, -519, 1054, 248, 468, 732, 244, 287, 
-346, -688, -341, 517, -2, -514, 1054, 248, 468, 732, 244, 287, 
-351, -683, -331, 517, -9, -507, 1054, 253, 473, 732, 244, 287, 
-366, -692, -326, 529, -19, -509, 1054, 263, 473, 741, 253, 297, 
-366, -692, -326, 529, -19, -509, 1054, 263, 473, 741, 253, 292, 
-361, -692, -331, 527, -14, -512, 1054, 258, 473, 736, 253, 292, 
-361, -692, -331, 527, -14, -512, 1054, 258, 473, 736, 253, 292, 
-370, -692, -322, 531, -24, -507, 1054, 253, 463, 727, 248, 287, 
-375, -692, -317, 534, -29, -505, 1054, 248, 463, 722, 244, 283, 
-375, -692, -317, 534, -29, -505, 1054, 244, 463, 722, 239, 278, 
-380, -702, -322, 541, -29, -512, 1054, 234, 453, 722, 229, 268, 
-366, -692, -326, 529, -19, -509, 1049, 239, 453, 722, 234, 273, 
-351, -688, -336, 519, -7, -512, 1044, 239, 458, 722, 239, 273, 
-336, -683, -346, 509, 4, -514, 1044, 244, 458, 722, 239, 268, 
-326, -683, -356, 505, 14, -519, 1049, 244, 458, 727, 244, 283, 
-341, -683, -341, 512, 0, -512, 1058, 258, 468, 736, 248, 283, 
-346, -683, -336, 514, -4, -509, 1058, 258, 468, 736, 248, 287, 
-351, -683, -331, 517, -9, -507, 1063, 258, 468, 736, 248, 287, 
-356, -683, -326, 519, -14, -505, 1063, 258, 468, 732, 248, 278, 
-370, -697, -326, 534, -21, -512, 1054, 244, 458, 722, 234, 278, 
-375, -702, -326, 539, -24, -514, 1054, 244, 458, 722, 234, 283, 
-380, -707, -326, 544, -26, -517, 1054, 244, 463, 722, 234, 283, 
-375, -712, -336, 544, -19, -524, 1054, 244, 463, 722, 239, 283, 
-361, -702, -341, 531, -9, -522, 1049, 239, 473, 722, 239, 283, 
-361, -702, -341, 531, -9, -522, 1049, 239, 463, 722, 239, 283, 
-356, -707, -351, 531, -2, -529, 1049, 244, 463, 722, 239, 283, 
-356, -707, -351, 531, -2, -529, 1049, 244, 463, 722, 239, 283, 
-375, -712, -336, 544, -19, -524, 1058, 253, 463, 722, 248, 283, 
-375, -717, -341, 546, -17, -529, 1058, 253, 463, 727, 248, 283, 
-366, -717, -351, 541, -7, -534, 1058, 253, 463, 727, 248, 283, 
-361, -717, -356, 539, -2, -536, 1058, 253, 463, 722, 239, 283, 
-361, -707, -346, 534, -7, -527, 1058, 253, 468, 732, 248, 292, 
-366, -702, -336, 534, -14, -519, 1054, 253, 468, 732, 244, 287, 
-366, -697, -331, 531, -17, -514, 1054, 253, 463, 732, 244, 287, 
-361, -692, -331, 527, -14, -512, 1058, 253, 463, 732, 244, 287, 
-356, -678, -322, 517, -17, -500, 1058, 244, 468, 732, 248, 283, 
-351, -673, -322, 512, -14, -497, 1058, 239, 463, 727, 248, 278, 
-346, -673, -326, 509, -9, -500, 1058, 239, 458, 722, 248, 273, 
-341, -668, -326, 505, -7, -497, 1063, 239, 453, 717, 248, 268, 
-346, -673, -326, 509, -9, -500, 1054, 239, 453, 717, 248, 273, 
-351, -678, -326, 514, -12, -502, 1049, 234, 448, 717, 248, 273, 
-351, -683, -331, 517, -9, -507, 1049, 234, 448, 712, 244, 268, 
-351, -688, -336, 519, -7, -512, 1049, 234, 448, 712, 244, 268, 
-356, -692, -336, 524, -9, -514, 1049, 239, 453, 712, 244, 273, 
-361, -692, -331, 527, -14, -512, 1049, 239, 453, 712, 239, 273, 
-366, -692, -326, 529, -19, -509, 1054, 239, 444, 717, 229, 273, 
-375, -692, -317, 534, -29, -505, 1054, 239, 453, 717, 224, 273, 
-375, -683, -307, 529, -34, -495, 1054, 239, 453, 727, 239, 283, 
-375, -678, -302, 527, -36, -490, 1054, 239, 453, 727, 239, 283, 
-375, -678, -302, 527, -36, -490, 1054, 239, 453, 727, 239, 283, 
-370, -668, -297, 519, -36, -483, 1054, 239, 453, 727, 239, 283, 
-370, -683, -312, 527, -29, -497, 1049, 239, 453, 727, 239, 273, 
-370, -692, -322, 531, -24, -507, 1049, 239, 453, 727, 239, 273, 
-375, -697, -322, 536, -26, -509, 1044, 239, 448, 727, 239, 268, 
-380, -697, -317, 539, -31, -507, 1044, 239, 448, 712, 234, 268, 
-375, -688, -312, 531, -31, -500, 1044, 239, 448, 712, 234, 268, 
-370, -692, -322, 531, -24, -507, 1044, 239, 448, 712, 234, 268, 
-366, -697, -331, 531, -17, -514, 1044, 234, 448, 712, 234, 268, 
-361, -697, -336, 529, -12, -517, 1044, 234, 448, 712, 234, 268, 
-370, -697, -326, 534, -21, -512, 1054, 234, 444, 707, 224, 268, 
-375, -697, -322, 536, -26, -509, 1054, 234, 444, 707, 224, 268, 
-375, -697, -322, 536, -26, -509, 1044, 234, 444, 707, 224, 263, 
-370, -697, -326, 534, -21, -512, 1044, 239, 448, 707, 224, 263, 
-370, -697, -326, 534, -21, -512, 1044, 239, 448, 717, 239, 273, 
-370, -692, -322, 531, -24, -507, 1044, 234, 448, 717, 239, 273, 
-370, -683, -312, 527, -29, -497, 1044, 234, 448, 717, 234, 273, 
-375, -673, -297, 524, -39, -485, 1039, 234, 448, 717, 234, 273, 
-370, -678, -307, 524, -31, -492, 1039, 234, 448, 717, 234, 273, 
-351, -683, -331, 517, -9, -507, 1039, 234, 448, 717, 234, 273, 
-356, -683, -326, 519, -14, -505, 1039, 234, 448, 717, 234, 273, 
-351, -688, -336, 519, -7, -512, 1039, 234, 448, 717, 239, 273, 
-361, -692, -331, 527, -14, -512, 1049, 234, 458, 717, 229, 263, 
-366, -697, -331, 531, -17, -514, 1049, 234, 458, 722, 229, 268, 
-375, -702, -326, 539, -24, -514, 1049, 239, 458, 722, 229, 268, 
-385, -697, -312, 541, -36, -505, 1049, 239, 468, 722, 239, 273, 
-366, -688, -322, 527, -21, -505, 1039, 229, 453, 712, 229, 263, 
-361, -688, -326, 524, -17, -507, 1039, 229, 453, 712, 229, 258, 
-356, -688, -331, 522, -12, -509, 1039, 229, 448, 712, 229, 258, 
-351, -683, -331, 517, -9, -507, 1039, 229, 444, 712, 229, 263, 
-361, -678, -317, 519, -21, -497, 1044, 234, 444, 727, 239, 273, 
-366, -678, -312, 522, -26, -495, 1049, 239, 444, 727, 239, 278, 
-370, -697, -326, 534, -21, -512, 1058, 244, 448, 727, 239, 278, 
-380, -707, -326, 544, -26, -517, 1063, 248, 448, 732, 244, 278, 
-380, -702, -322, 541, -29, -512, 1054, 239, 453, 727, 239, 273, 
-370, -692, -322, 531, -24, -507, 1054, 239, 458, 732, 244, 278, 
-366, -688, -322, 527, -21, -505, 1054, 244, 468, 741, 253, 283, 
-366, -678, -312, 522, -26, -495, 1054, 244, 468, 741, 253, 278, 
-346, -653, -307, 500, -19, -480, 1054, 258, 478, 741, 263, 287, 
-312, -634, -322, 473, 4, -478, 1073, 263, 497, 771, 283, 302, 
-312, -619, -307, 466, -2, -463, 1083, 273, 502, 780, 292, 307, 
-312, -614, -302, 463, -4, -458, 1083, 273, 507, 780, 292, 312, 
-312, -610, -297, 461, -7, -453, 1083, 273, 512, 780, 292, 317, 
-312, -605, -292, 458, -9, -448, 1083, 273, 517, 780, 292, 322, 
-322, -600, -278, 461, -21, -439, 1068, 273, 507, 775, 287, 312, 
-322, -600, -278, 461, -21, -439, 1068, 273, 512, 775, 287, 317, 
-317, -600, -283, 458, -17, -441, 1068, 273, 512, 775, 287, 317, 
-312, -600, -287, 456, -12, -444, 1063, 268, 512, 766, 287, 317, 
-312, -605, -292, 458, -9, -448, 1063, 263, 517, 785, 287, 326, 
-317, -610, -292, 463, -12, -451, 1058, 263, 517, 785, 292, 326, 
-317, -614, -297, 466, -9, -456, 1044, 263, 522, 785, 292, 336, 
-302, -610, -307, 456, 2, -458, 1034, 248, 522, 790, 292, 336, 
-287, -590, -302, 439, 7, -446, 1024, 248, 536, 810, 307, 336, 
-278, -585, -307, 431, 14, -446, 1010, 244, 536, 814, 307, 341, 
-273, -580, -307, 427, 17, -444, 1000, 239, 531, 814, 317, 351, 
-268, -575, -307, 422, 19, -441, 995, 239, 531, 819, 317, 356, 
-258, -570, -312, 414, 26, -441, 976, 224, 522, 810, 317, 351, 
-248, -566, -317, 407, 34, -441, 961, 219, 522, 810, 322, 351, 
-248, -561, -312, 405, 31, -436, 961, 219, 522, 814, 326, 356, 
-244, -561, -317, 402, 36, -439, 961, 219, 517, 814, 331, 361, 
-229, -561, -331, 395, 51, -446, 961, 209, 522, 814, 341, 361, 
-229, -561, -331, 395, 51, -446, 961, 209, 522, 814, 336, 361, 
-229, -561, -331, 395, 51, -446, 966, 209, 512, 805, 326, 351, 
-234, -575, -341, 405, 53, -458, 966, 204, 488, 785, 312, 341, 
-258, -590, -331, 424, 36, -461, 980, 200, 463, 775, 307, 341, 
-258, -595, -336, 427, 39, -466, 980, 200, 463, 775, 307, 341, 
-258, -600, -341, 429, 41, -470, 980, 204, 458, 771, 302, 336, 
-273, -605, -331, 439, 29, -468, 980, 204, 453, 766, 297, 331, 
-283, -610, -326, 446, 21, -468, 971, 195, 448, 751, 283, 331, 
-283, -614, -331, 448, 24, -473, 976, 190, 448, 741, 283, 326, 
-278, -614, -336, 446, 29, -475, 976, 185, 448, 736, 278, 322, 
-287, -610, -322, 448, 17, -466, 976, 180, 444, 736, 273, 322, 
-297, -614, -317, 456, 9, -466, 976, 170, 439, 746, 273, 307, 
-302, -624, -322, 463, 9, -473, 980, 180, 434, 746, 268, 307, 
-307, -634, -326, 470, 9, -480, 980, 180, 434, 741, 268, 302, 
-317, -658, -341, 488, 12, -500, 980, 185, 429, 736, 263, 297, 
-326, -653, -326, 490, 0, -490, 990, 195, 429, 732, 268, 302, 
-336, -653, -317, 495, -9, -485, 1000, 195, 429, 727, 263, 297, 
-351, -653, -302, 502, -24, -478, 1000, 195, 424, 727, 263, 287, 
-366, -653, -287, 509, -39, -470, 1000, 195, 419, 722, 253, 278, 
-366, -678, -312, 522, -26, -495, 1015, 200, 429, 717, 248, 278, 
-361, -688, -326, 524, -17, -507, 1019, 204, 429, 712, 248, 278, 
-356, -688, -331, 522, -12, -509, 1024, 204, 424, 712, 244, 273, 
-356, -688, -331, 522, -12, -509, 1024, 204, 424, 707, 239, 268, 
-380, -697, -317, 539, -31, -507, 1015, 204, 414, 707, 234, 258, 
-370, -702, -331, 536, -19, -517, 1015, 204, 405, 702, 224, 253, 
-366, -712, -346, 539, -9, -529, 1015, 204, 405, 697, 219, 248, 
-361, -717, -356, 539, -2, -536, 1015, 200, 400, 692, 209, 244, 
-370, -717, -346, 544, -12, -531, 1024, 200, 395, 688, 204, 253, 
-385, -717, -331, 551, -26, -524, 1024, 204, 395, 688, 209, 253, 
-390, -727, -336, 558, -26, -531, 1024, 204, 395, 688, 219, 253, 
-390, -727, -336, 558, -26, -531, 1034, 204, 400, 688, 224, 253, 
-400, -736, -336, 568, -31, -536, 1024, 204, 400, 702, 224, 258, 
-400, -736, -336, 568, -31, -536, 1019, 204, 395, 702, 224, 258, 
-400, -736, -336, 568, -31, -536, 1015, 204, 395, 692, 214, 248, 
-414, -736, -322, 575, -46, -529, 1015, 204, 395, 688, 214, 244, 
-390, -732, -341, 561, -24, -536, 1010, 195, 385, 678, 204, 244, 
-380, -727, -346, 553, -17, -536, 1015, 200, 385, 678, 209, 244, 
-375, -727, -351, 551, -12, -539, 1019, 204, 385, 683, 209, 244, 
-370, -722, -351, 546, -9, -536, 1019, 204, 390, 688, 204, 248, 
-385, -722, -336, 553, -24, -529, 1034, 219, 400, 688, 214, 258, 
-390, -722, -331, 556, -29, -527, 1034, 219, 400, 688, 214, 258, 
-395, -722, -326, 558, -34, -524, 1034, 219, 400, 688, 214, 253, 
-395, -722, -326, 558, -34, -524, 1034, 219, 400, 688, 214, 248, 
-380, -736, -356, 558, -12, -546, 1034, 219, 400, 688, 204, 239, 
-380, -736, -356, 558, -12, -546, 1034, 219, 400, 688, 204, 244, 
-380, -727, -346, 553, -17, -536, 1034, 219, 400, 688, 200, 244, 
-380, -727, -346, 553, -17, -536, 1034, 214, 400, 688, 200, 244, 
-395, -741, -346, 568, -24, -544, 1024, 204, 400, 678, 204, 239, 
-395, -732, -336, 563, -29, -534, 1029, 209, 400, 678, 204, 239, 
-390, -732, -341, 561, -24, -536, 1029, 209, 400, 678, 200, 239, 
-390, -732, -341, 561, -24, -536, 1024, 209, 405, 678, 200, 239, 
-395, -732, -336, 563, -29, -534, 1024, 209, 414, 692, 214, 239, 
-395, -732, -336, 563, -29, -534, 1034, 214, 419, 702, 214, 244, 
-395, -732, -336, 563, -29, -534, 1034, 214, 419, 707, 214, 244, 
-395, -732, -336, 563, -29, -534, 1034, 209, 419, 712, 214, 239, 
-400, -736, -336, 568, -31, -536, 1029, 209, 405, 702, 204, 229, 
-405, -741, -336, 573, -34, -539, 1029, 209, 405, 692, 200, 229, 
-409, -746, -336, 578, -36, -541, 1029, 209, 405, 688, 200, 229, 
-414, -751, -336, 583, -39, -544, 1029, 209, 405, 683, 200, 229, 
-409, -741, -331, 575, -39, -536, 1029, 219, 405, 688, 214, 239, 
-414, -732, -317, 573, -48, -524, 1029, 219, 409, 688, 214, 239, 
-409, -722, -312, 566, -48, -517, 1029, 219, 409, 688, 214, 244, 
-395, -712, -317, 553, -39, -514, 1029, 219, 409, 688, 214, 244, 
-375, -717, -341, 546, -17, -529, 1044, 224, 419, 697, 214, 253, 
-346, -697, -351, 522, 2, -524, 1044, 229, 419, 688, 204, 239, 
-351, -712, -361, 531, 4, -536, 1058, 253, 434, 692, 185, 224, 
-370, -741, -370, 556, 0, -556, 1083, 292, 478, 712, 195, 219, 
-385, -746, -361, 566, -12, -553, 1112, 336, 531, 741, 214, 229, 
-385, -741, -356, 563, -14, -549, 1141, 361, 585, 771, 229, 224, 
-385, -727, -341, 556, -21, -534, 1171, 395, 639, 805, 248, 239, 
-385, -712, -326, 549, -29, -519, 1200, 458, 717, 878, 302, 273, 
-346, -668, -322, 507, -12, -495, 1224, 507, 785, 956, 356, 312, 
-268, -624, -356, 446, 43, -490, 1244, 566, 849, 1024, 424, 366, 
-175, -590, -414, 383, 119, -502, 1263, 639, 936, 1132, 512, 444, 
-48, -561, -512, 305, 231, -536, 1259, 688, 976, 1249, 614, 551, 
87, -492, -580, 202, 334, -536, 1190, 668, 927, 1302, 688, 658, 
209, -424, -634, 107, 422, -529, 1073, 575, 800, 1322, 746, 741, 
283, -370, -653, 43, 468, -512, 956, 473, 683, 1346, 814, 829, 
346, -302, -649, -21, 497, -475, 819, 331, 614, 1429, 922, 956, 
448, -161, -610, -143, 529, -385, 634, 165, 561, 1551, 1063, 1107, 
561, -29, -590, -265, 575, -309, 409, -4, 507, 1693, 1224, 1259, 
614, 58, -556, -336, 585, -248, 195, -190, 439, 1849, 1395, 1429, 
634, 131, -502, -383, 568, -185, 58, -317, 405, 1956, 1507, 1542, 
634, 112, -522, -373, 578, -204, 43, -351, 346, 1859, 1390, 1459, 
502, -43, -546, -229, 524, -295, 107, -341, 209, 1488, 1039, 1156, 
283, -195, -478, -43, 380, -336, 209, -336, 53, 1083, 673, 858, 
78, -283, -361, 102, 219, -322, 307, -346, -24, 834, 483, 692, 
-82, -356, -273, 219, 95, -314, 405, -326, -48, 692, 375, 595, 
-219, -439, -219, 329, 0, -329, 497, -283, -58, 580, 283, 492, 
-283, -497, -214, 390, -34, -356, 595, -214, -68, 492, 229, 424, 
-283, -551, -268, 417, -7, -409, 673, -146, -53, 473, 204, 395, 
-297, -580, -283, 439, -7, -431, 722, -73, 24, 507, 214, 390, 
-317, -570, -253, 444, -31, -412, 775, -24, 102, 556, 229, 370, 
-307, -570, -263, 439, -21, -417, 829, 24, 175, 614, 244, 366, 
-287, -595, -307, 441, 9, -451, 858, 73, 258, 663, 248, 366, 
-292, -629, -336, 461, 21, -483, 883, 107, 297, 688, 253, 341, 
-292, -605, -312, 448, 9, -458, 902, 126, 331, 702, 244, 317, 
-283, -595, -312, 439, 14, -453, 932, 170, 390, 741, 268, 322, 
-292, -624, -331, 458, 19, -478, 961, 209, 429, 761, 287, 326, 
-317, -649, -331, 483, 7, -490, 980, 234, 444, 751, 273, 312, 
-331, -658, -326, 495, -2, -492, 990, 244, 453, 751, 263, 297, 
-336, -663, -326, 500, -4, -495, 1000, 244, 453, 741, 268, 292, 
-346, -658, -312, 502, -17, -485, 1000, 244, 448, 741, 263, 297, 
-356, -663, -307, 509, -24, -485, 1005, 239, 448, 741, 258, 297, 
-366, -668, -302, 517, -31, -485, 1015, 239, 448, 746, 253, 292, 
-366, -673, -307, 519, -29, -490, 1019, 239, 453, 751, 253, 292, 
-361, -678, -317, 519, -21, -497, 1024, 244, 463, 761, 258, 297, 
-346, -678, -331, 512, -7, -505, 1034, 244, 468, 756, 248, 292, 
-346, -678, -331, 512, -7, -505, 1034, 253, 473, 751, 244, 278, 
-356, -692, -336, 524, -9, -514, 1034, 253, 473, 746, 244, 273, 
-361, -702, -341, 531, -9, -522, 1039, 263, 468, 746, 244, 268, 
-366, -702, -336, 534, -14, -519, 1039, 268, 468, 751, 244, 263, 
-366, -702, -336, 534, -14, -519, 1039, 268, 468, 751, 244, 263, 
-361, -702, -341, 531, -9, -522, 1044, 268, 463, 751, 244, 263, 
-361, -702, -341, 531, -9, -522, 1044, 263, 458, 746, 239, 258, 
-351, -702, -351, 527, 0, -527, 1049, 263, 463, 746, 248, 268, 
-346, -697, -351, 522, 2, -524, 1049, 263, 473, 751, 253, 273, 
-346, -692, -346, 519, 0, -519, 1049, 268, 483, 751, 253, 273, 
-346, -692, -346, 519, 0, -519, 1058, 268, 492, 751, 258, 273, 
-356, -678, -322, 517, -17, -500, 1058, 273, 488, 761, 268, 287, 
-356, -678, -322, 517, -17, -500, 1054, 273, 488, 761, 268, 287, 
-356, -683, -326, 519, -14, -505, 1054, 278, 483, 771, 268, 287, 
-356, -692, -336, 524, -9, -514, 1058, 278, 483, 771, 273, 287, 
-361, -692, -331, 527, -14, -512, 1058, 278, 488, 780, 263, 278, 
-361, -692, -331, 527, -14, -512, 1054, 273, 488, 785, 263, 278, 
-351, -683, -331, 517, -9, -507, 1054, 273, 488, 785, 263, 278, 
-346, -678, -331, 512, -7, -505, 1054, 273, 492, 785, 268, 278, 
-336, -663, -326, 500, -4, -495, 1054, 263, 483, 775, 278, 283, 
-336, -663, -326, 500, -4, -495, 1054, 268, 492, 780, 283, 283, 
-336, -668, -331, 502, -2, -500, 1058, 273, 497, 785, 283, 287, 
-336, -668, -331, 502, -2, -500, 1058, 273, 497, 785, 283, 287, 
-336, -668, -331, 502, -2, -500, 1044, 283, 497, 771, 273, 287, 
-336, -668, -331, 502, -2, -500, 1044, 278, 492, 771, 273, 287, 
-336, -668, -331, 502, -2, -500, 1044, 278, 492, 775, 273, 287, 
-336, -663, -326, 500, -4, -495, 1049, 278, 497, 780, 273, 292, 
-341, -678, -336, 509, -2, -507, 1049, 278, 507, 790, 287, 292, 
-336, -673, -336, 505, 0, -505, 1049, 278, 507, 790, 287, 287, 
-336, -678, -341, 507, 2, -509, 1049, 278, 507, 790, 283, 287, 
-336, -683, -346, 509, 4, -514, 1049, 278, 507, 790, 283, 287, 
-322, -683, -361, 502, 19, -522, 1039, 268, 492, 790, 273, 278, 
-331, -683, -351, 507, 9, -517, 1039, 268, 492, 785, 273, 278, 
-331, -683, -351, 507, 9, -517, 1039, 268, 497, 785, 273, 287, 
-331, -683, -351, 507, 9, -517, 1034, 273, 497, 780, 278, 287, 
-312, -668, -356, 490, 21, -512, 1039, 273, 497, 790, 278, 297, 
-312, -663, -351, 488, 19, -507, 1044, 273, 497, 795, 283, 297, 
-312, -663, -351, 488, 19, -507, 1049, 273, 502, 800, 283, 297, 
-317, -663, -346, 490, 14, -505, 1054, 273, 502, 805, 287, 297, 
-307, -649, -341, 478, 17, -495, 1044, 273, 502, 810, 292, 302, 
-297, -649, -351, 473, 26, -500, 1044, 273, 502, 810, 292, 302, 
-297, -653, -356, 475, 29, -505, 1044, 278, 507, 814, 292, 307, 
-297, -658, -361, 478, 31, -509, 1044, 278, 507, 814, 292, 307, 
-297, -658, -361, 478, 31, -509, 1034, 273, 507, 805, 292, 307, 
-287, -649, -361, 468, 36, -505, 1034, 273, 512, 810, 292, 307, 
-287, -649, -361, 468, 36, -505, 1034, 273, 512, 814, 297, 307, 
-287, -649, -361, 468, 36, -505, 1034, 268, 512, 814, 297, 307, 
-292, -658, -366, 475, 36, -512, 1044, 278, 512, 805, 297, 312, 
-297, -663, -366, 480, 34, -514, 1039, 278, 512, 805, 297, 312, 
-297, -668, -370, 483, 36, -519, 1039, 278, 517, 805, 297, 312, 
-302, -663, -361, 483, 29, -512, 1034, 278, 522, 810, 302, 317, 
-312, -653, -341, 483, 14, -497, 1034, 283, 522, 819, 312, 331, 
-312, -653, -341, 483, 14, -497, 1039, 283, 527, 824, 317, 331, 
-307, -653, -346, 480, 19, -500, 1039, 283, 527, 824, 317, 331, 
-302, -649, -346, 475, 21, -497, 1039, 283, 527, 829, 317, 336, 
-297, -634, -336, 466, 19, -485, 1029, 283, 517, 824, 317, 331, 
-287, -634, -346, 461, 29, -490, 1029, 278, 522, 829, 317, 326, 
-283, -634, -351, 458, 34, -492, 1029, 273, 531, 829, 317, 322, 
-278, -634, -356, 456, 39, -495, 1029, 273, 531, 834, 312, 326, 
-258, -629, -370, 444, 56, -500, 1039, 287, 541, 839, 326, 336, 
-248, -629, -380, 439, 65, -505, 1039, 292, 546, 849, 331, 336, 
-239, -629, -390, 434, 75, -509, 1039, 297, 546, 863, 331, 336, 
-229, -629, -400, 429, 85, -514, 1039, 302, 546, 868, 336, 336, 
-239, -629, -390, 434, 75, -509, 1029, 302, 546, 858, 336, 346, 
-234, -629, -395, 431, 80, -512, 1029, 297, 546, 858, 336, 346, 
-234, -629, -395, 431, 80, -512, 1029, 292, 546, 868, 341, 346, 
-234, -624, -390, 429, 78, -507, 1029, 297, 556, 873, 346, 356, 
-244, -634, -390, 439, 73, -512, 1034, 297, 556, 868, 341, 351, 
-248, -629, -380, 439, 65, -505, 1034, 292, 556, 873, 346, 351, 
-248, -624, -375, 436, 63, -500, 1024, 292, 556, 878, 346, 351, 
-253, -619, -366, 436, 56, -492, 1024, 292, 561, 883, 351, 356, 
-239, -619, -380, 429, 70, -500, 1015, 297, 556, 888, 366, 366, 
-239, -614, -375, 427, 68, -495, 1015, 297, 561, 893, 370, 366, 
-229, -610, -380, 419, 75, -495, 1015, 297, 561, 893, 370, 366, 
-224, -600, -375, 412, 75, -488, 1010, 297, 561, 897, 370, 370, 
-214, -585, -370, 400, 78, -478, 1019, 302, 570, 907, 390, 380, 
-214, -585, -370, 400, 78, -478, 1019, 307, 580, 922, 395, 385, 
-209, -595, -385, 402, 87, -490, 1019, 307, 590, 927, 395, 385, 
-200, -575, -375, 387, 87, -475, 1019, 307, 595, 936, 400, 390, 
-204, -566, -361, 385, 78, -463, 1005, 307, 585, 932, 405, 395, 
-209, -566, -356, 387, 73, -461, 1005, 307, 590, 936, 409, 400, 
-204, -561, -356, 383, 75, -458, 1000, 307, 600, 946, 419, 405, 
-204, -551, -346, 378, 70, -448, 995, 307, 605, 951, 424, 414, 
-190, -556, -366, 373, 87, -461, 1005, 317, 610, 946, 424, 414, 
-175, -561, -385, 368, 104, -473, 1005, 322, 614, 961, 434, 419, 
-170, -566, -395, 368, 112, -480, 1000, 322, 619, 971, 439, 424, 
-165, -561, -395, 363, 114, -478, 995, 322, 619, 971, 444, 429, 
-170, -546, -375, 358, 102, -461, 990, 322, 624, 980, 444, 439, 
-161, -541, -380, 351, 109, -461, 990, 322, 629, 985, 448, 444, 
-151, -536, -385, 344, 117, -461, 985, 322, 634, 995, 458, 448, 
-146, -527, -380, 336, 117, -453, 980, 322, 639, 1000, 458, 458, 
-146, -522, -375, 334, 114, -448, 966, 312, 644, 1015, 473, 453, 
-141, -512, -370, 326, 114, -441, 961, 317, 649, 1024, 478, 468, 
-122, -507, -385, 314, 131, -446, 961, 317, 649, 1034, 492, 473, 
-117, -492, -375, 305, 129, -434, 961, 326, 649, 1044, 497, 488, 
-117, -488, -370, 302, 126, -429, 956, 326, 653, 1044, 497, 488, 
-107, -492, -385, 300, 139, -439, 951, 326, 658, 1058, 507, 492, 
-102, -497, -395, 300, 146, -446, 946, 326, 663, 1068, 517, 502, 
-97, -488, -390, 292, 146, -439, 941, 326, 678, 1078, 522, 512, 
-92, -483, -390, 287, 148, -436, 936, 326, 688, 1098, 546, 527, 
-78, -478, -400, 278, 161, -439, 932, 322, 692, 1107, 561, 536, 
-58, -468, -409, 263, 175, -439, 927, 322, 702, 1122, 561, 546, 
-43, -458, -414, 251, 185, -436, 922, 322, 712, 1132, 570, 556, 
-29, -444, -414, 236, 192, -429, 917, 322, 702, 1132, 580, 566, 
-24, -439, -414, 231, 195, -427, 907, 322, 707, 1141, 580, 575, 
-19, -434, -414, 226, 197, -424, 902, 322, 712, 1146, 590, 580, 
-4, -424, -419, 214, 207, -422, 897, 322, 722, 1161, 600, 595, 
-4, -409, -405, 207, 200, -407, 902, 322, 722, 1171, 605, 595, 
-4, -409, -405, 207, 200, -407, 897, 322, 727, 1171, 610, 600, 
4, -405, -409, 200, 207, -407, 893, 317, 732, 1171, 614, 605, 
19, -390, -409, 185, 214, -400, 893, 317, 736, 1176, 614, 610, 
34, -375, -409, 170, 222, -392, 888, 317, 736, 1185, 624, 619, 
34, -370, -405, 168, 219, -387, 883, 317, 741, 1190, 629, 619, 
34, -366, -400, 165, 217, -383, 883, 317, 746, 1210, 639, 629, 
48, -361, -409, 156, 229, -385, 878, 312, 746, 1220, 653, 634, 
48, -366, -414, 158, 231, -390, 868, 302, 746, 1220, 658, 639, 
48, -366, -414, 158, 231, -390, 868, 307, 751, 1224, 663, 649, 
48, -361, -409, 156, 229, -385, 863, 307, 751, 1229, 668, 653, 
58, -356, -414, 148, 236, -385, 858, 297, 751, 1234, 668, 653, 
39, -346, -385, 153, 212, -366, 849, 302, 741, 1229, 673, 653, 
39, -346, -385, 153, 212, -366, 849, 302, 736, 1229, 678, 658, 
39, -346, -385, 153, 212, -366, 844, 292, 736, 1229, 678, 663, 
53, -336, -390, 141, 222, -363, 839, 287, 736, 1229, 673, 663, 
53, -336, -390, 141, 222, -363, 849, 287, 746, 1239, 683, 673, 
48, -346, -395, 148, 222, -370, 849, 283, 746, 1239, 688, 673, 
39, -356, -395, 158, 217, -375, 849, 283, 741, 1234, 688, 673, 
39, -356, -395, 158, 217, -375, 849, 273, 732, 1229, 683, 668, 
48, -366, -414, 158, 231, -390, 854, 263, 732, 1229, 663, 663, 
34, -366, -400, 165, 217, -383, 854, 253, 727, 1220, 658, 649, 
9, -385, -395, 187, 202, -390, 858, 248, 712, 1200, 649, 634, 
0, -400, -400, 200, 200, -400, 863, 248, 697, 1190, 629, 629, 
4, -405, -409, 200, 207, -407, 854, 253, 697, 1176, 624, 624, 
-4, -409, -405, 207, 200, -407, 863, 248, 697, 1161, 614, 610, 
-24, -414, -390, 219, 183, -402, 873, 244, 688, 1151, 605, 595, 
-43, -424, -380, 234, 168, -402, 883, 239, 683, 1137, 590, 585, 
-63, -439, -375, 251, 156, -407, 888, 224, 668, 1102, 561, 556, 
-82, -444, -361, 263, 139, -402, 893, 224, 658, 1088, 536, 536, 
-102, -463, -361, 283, 129, -412, 902, 224, 658, 1068, 527, 512, 
-126, -483, -356, 305, 114, -419, 907, 219, 653, 1039, 507, 497, 
-136, -497, -361, 317, 112, -429, 917, 214, 624, 1015, 473, 468, 
-151, -507, -356, 329, 102, -431, 932, 214, 614, 990, 453, 448, 
-170, -522, -351, 346, 90, -436, 932, 209, 600, 976, 439, 434, 
-190, -541, -351, 366, 80, -446, 941, 204, 590, 956, 419, 424, 
-209, -551, -341, 380, 65, -446, 956, 209, 580, 956, 405, 409, 
-214, -566, -351, 390, 68, -458, 961, 214, 575, 936, 390, 400, 
-224, -570, -346, 397, 61, -458, 966, 219, 570, 922, 385, 395, 
-234, -590, -356, 412, 61, -473, 971, 219, 570, 907, 380, 390, 
-263, -600, -336, 431, 36, -468, 966, 209, 556, 893, 366, 370, 
-273, -600, -326, 436, 26, -463, 971, 209, 536, 863, 341, 351, 
-273, -605, -331, 439, 29, -468, 976, 209, 522, 849, 331, 341, 
-278, -605, -326, 441, 24, -466, 980, 204, 512, 829, 312, 322, 
-287, -629, -341, 458, 26, -485, 995, 195, 502, 829, 307, 302, 
-283, -634, -351, 458, 34, -492, 995, 200, 497, 814, 302, 302, 
-283, -644, -361, 463, 39, -502, 1000, 200, 492, 810, 297, 297, 
-292, -649, -356, 470, 31, -502, 1005, 200, 488, 810, 287, 292, 
-302, -639, -336, 470, 17, -488, 1000, 209, 497, 805, 287, 292, 
-307, -649, -341, 478, 17, -495, 1000, 204, 497, 800, 287, 292, 
-312, -653, -341, 483, 14, -497, 1005, 204, 492, 800, 292, 297, 
-307, -653, -346, 480, 19, -500, 1005, 204, 497, 800, 292, 297, 
-317, -653, -336, 485, 9, -495, 1010, 195, 488, 780, 283, 283, 
-326, -653, -326, 490, 0, -490, 1010, 195, 483, 775, 273, 273, 
-326, -663, -336, 495, 4, -500, 1015, 195, 478, 771, 268, 273, 
-326, -663, -336, 495, 4, -500, 1015, 190, 468, 766, 258, 273, 
-312, -653, -341, 483, 14, -497, 1015, 200, 463, 771, 268, 263, 
-312, -649, -336, 480, 12, -492, 1015, 200, 458, 771, 263, 263, 
-307, -649, -341, 478, 17, -495, 1015, 200, 458, 766, 263, 258, 
-297, -644, -346, 470, 24, -495, 1019, 200, 458, 766, 263, 258, 
-302, -649, -346, 475, 21, -497, 1029, 204, 458, 761, 253, 268, 
-302, -649, -346, 475, 21, -497, 1029, 209, 463, 761, 253, 268, 
-317, -653, -336, 485, 9, -495, 1029, 214, 468, 756, 253, 263, 
-317, -653, -336, 485, 9, -495, 1029, 219, 473, 756, 248, 263, 
-322, -663, -341, 492, 9, -502, 1019, 209, 463, 766, 258, 263, 
-326, -663, -336, 495, 4, -500, 1019, 209, 463, 761, 258, 263, 
-336, -663, -326, 500, -4, -495, 1019, 204, 458, 761, 253, 263, 
-346, -673, -326, 509, -9, -500, 1019, 204, 458, 761, 253, 263, 
-346, -683, -336, 514, -4, -509, 1019, 209, 463, 771, 253, 263, 
-346, -673, -326, 509, -9, -500, 1019, 209, 463, 771, 253, 263, 
-346, -673, -326, 509, -9, -500, 1019, 209, 468, 771, 258, 263, 
-346, -678, -331, 512, -7, -505, 1019, 209, 468, 771, 258, 263, 
-351, -668, -317, 509, -17, -492, 1019, 209, 468, 761, 248, 263, 
-351, -663, -312, 507, -19, -488, 1024, 209, 468, 766, 253, 268, 
-356, -658, -302, 507, -26, -480, 1024, 209, 468, 766, 253, 268, 
-356, -649, -292, 502, -31, -470, 1024, 209, 468, 766, 253, 268, 
-366, -649, -283, 507, -41, -466, 1024, 219, 478, 775, 253, 273, 
-366, -653, -287, 509, -39, -470, 1024, 219, 478, 775, 258, 273, 
-366, -663, -297, 514, -34, -480, 1024, 219, 478, 775, 258, 273, 
-366, -668, -302, 517, -31, -485, 1024, 214, 478, 775, 263, 273, 
-361, -668, -307, 514, -26, -488, 1024, 204, 473, 771, 263, 258, 
-351, -668, -317, 509, -17, -492, 1024, 204, 468, 771, 258, 258, 
-341, -663, -322, 502, -9, -492, 1024, 204, 463, 771, 253, 263, 
-336, -663, -326, 500, -4, -495, 1024, 204, 458, 771, 248, 263, 
-331, -649, -317, 490, -7, -483, 1015, 204, 458, 761, 248, 253, 
-331, -644, -312, 488, -9, -478, 1015, 204, 458, 761, 248, 253, 
-326, -644, -317, 485, -4, -480, 1015, 204, 463, 761, 248, 253, 
-326, -644, -317, 485, -4, -480, 1015, 209, 468, 761, 248, 253, 
-331, -653, -322, 492, -4, -488, 1015, 209, 458, 751, 248, 253, 
-341, -653, -312, 497, -14, -483, 1015, 209, 458, 756, 253, 253, 
-346, -658, -312, 502, -17, -485, 1015, 209, 458, 761, 253, 258, 
-351, -658, -307, 505, -21, -483, 1015, 209, 458, 761, 253, 258, 
-341, -653, -312, 497, -14, -483, 1015, 200, 468, 775, 258, 268, 
-331, -649, -317, 490, -7, -483, 1015, 200, 468, 775, 258, 268, 
-322, -634, -312, 478, -4, -473, 1015, 200, 468, 775, 258, 268, 
-312, -624, -312, 468, 0, -468, 1015, 200, 468, 775, 258, 268, 
-317, -639, -322, 478, 2, -480, 1024, 209, 478, 785, 268, 268, 
-317, -644, -326, 480, 4, -485, 1024, 209, 478, 785, 273, 268, 
-317, -644, -326, 480, 4, -485, 1024, 209, 478, 785, 273, 268, 
-322, -644, -322, 483, 0, -483, 1019, 209, 478, 785, 278, 268, 
-326, -629, -302, 478, -12, -466, 1019, 219, 478, 785, 268, 278, 
-326, -629, -302, 478, -12, -466, 1019, 219, 478, 790, 268, 278, 
-331, -629, -297, 480, -17, -463, 1019, 219, 478, 790, 268, 278, 
-331, -629, -297, 480, -17, -463, 1019, 219, 478, 790, 268, 278, 
-317, -629, -312, 473, -2, -470, 1019, 209, 468, 780, 273, 268, 
-312, -629, -317, 470, 2, -473, 1019, 209, 468, 780, 273, 268, 
-307, -634, -326, 470, 9, -480, 1019, 209, 468, 780, 273, 278, 
-302, -634, -331, 468, 14, -483, 1019, 209, 468, 785, 278, 278, 
-312, -644, -331, 478, 9, -488, 1019, 219, 483, 790, 273, 287, 
-336, -644, -307, 490, -14, -475, 1019, 219, 483, 795, 278, 287, 
-346, -644, -297, 495, -24, -470, 1019, 219, 483, 800, 278, 287, 
-346, -644, -297, 495, -24, -470, 1010, 219, 483, 800, 273, 283, 
-346, -644, -297, 495, -24, -470, 1010, 214, 478, 795, 263, 278, 
-346, -649, -302, 497, -21, -475, 1010, 209, 473, 790, 263, 278, 
-346, -649, -302, 497, -21, -475, 1010, 204, 468, 795, 263, 273, 
-356, -644, -287, 500, -34, -466, 1015, 200, 453, 790, 268, 268, 
-341, -644, -302, 492, -19, -473, 1015, 200, 458, 780, 278, 268, 
-336, -644, -307, 490, -14, -475, 1010, 200, 458, 780, 278, 268, 
-326, -644, -317, 485, -4, -480, 1010, 200, 463, 780, 268, 268, 
-322, -644, -322, 483, 0, -483, 1010, 195, 473, 780, 278, 263, 
-317, -634, -317, 475, 0, -475, 1024, 204, 473, 785, 278, 273, 
-312, -629, -317, 470, 2, -473, 1024, 209, 473, 790, 278, 273, 
-307, -619, -312, 463, 2, -466, 1024, 209, 473, 795, 278, 278, 
-302, -600, -297, 451, -2, -448, 1024, 209, 473, 800, 283, 278, 
-302, -605, -302, 453, 0, -453, 1015, 209, 478, 795, 283, 278, 
-307, -614, -307, 461, 0, -461, 1015, 209, 478, 795, 283, 278, 
-317, -629, -312, 473, -2, -470, 1015, 204, 478, 790, 278, 278, 
-322, -639, -317, 480, -2, -478, 1015, 204, 468, 790, 278, 278, 
-312, -634, -322, 473, 4, -478, 1005, 195, 458, 780, 268, 268, 
-307, -634, -326, 470, 9, -480, 1005, 190, 448, 780, 263, 268, 
-307, -629, -322, 468, 7, -475, 1005, 190, 448, 780, 263, 268, 
-312, -624, -312, 468, 0, -468, 1005, 195, 453, 780, 263, 268, 
-317, -629, -312, 473, -2, -470, 1015, 204, 453, 771, 263, 268, 
-317, -634, -317, 475, 0, -475, 1015, 204, 453, 771, 263, 263, 
-312, -639, -326, 475, 7, -483, 1015, 200, 453, 766, 263, 263, 
-312, -644, -331, 478, 9, -488, 1015, 200, 453, 766, 263, 263, 
-326, -634, -307, 480, -9, -470, 1024, 200, 458, 771, 273, 263, 
-326, -634, -307, 480, -9, -470, 1024, 200, 463, 771, 273, 263, 
-322, -634, -312, 478, -4, -473, 1024, 200, 468, 775, 273, 263, 
-322, -644, -322, 483, 0, -483, 1024, 195, 463, 780, 268, 258, 
-322, -634, -312, 478, -4, -473, 1019, 200, 453, 780, 268, 268, 
-322, -629, -307, 475, -7, -468, 1015, 200, 458, 780, 268, 263, 
-322, -624, -302, 473, -9, -463, 1015, 204, 458, 780, 263, 253, 
-326, -624, -297, 475, -14, -461, 1019, 204, 458, 785, 263, 263, 
-317, -634, -317, 475, 0, -475, 1010, 209, 458, 785, 268, 253, 
-317, -634, -317, 475, 0, -475, 1010, 209, 458, 785, 268, 258, 
-317, -634, -317, 475, 0, -475, 1015, 209, 458, 785, 268, 258, 
-317, -634, -317, 475, 0, -475, 1015, 209, 458, 780, 268, 248, 
-326, -634, -307, 480, -9, -470, 1024, 195, 448, 780, 253, 258, 
-326, -634, -307, 480, -9, -470, 1024, 195, 448, 780, 253, 263, 
-326, -634, -307, 480, -9, -470, 1024, 195, 453, 780, 253, 263, 
-317, -634, -317, 475, 0, -475, 1024, 195, 453, 780, 258, 263, 
-307, -644, -336, 475, 14, -490, 1019, 190, 453, 771, 248, 253, 
-312, -644, -331, 478, 9, -488, 1019, 190, 444, 771, 248, 253, 
-312, -649, -336, 480, 12, -492, 1019, 195, 444, 771, 248, 253, 
-317, -649, -331, 483, 7, -490, 1019, 195, 444, 771, 248, 253, 
-326, -653, -326, 490, 0, -490, 1019, 195, 444, 771, 258, 253, 
-326, -658, -331, 492, 2, -495, 1019, 195, 444, 775, 258, 253, 
-317, -658, -341, 488, 12, -500, 1019, 195, 444, 775, 258, 253, 
-312, -658, -346, 485, 17, -502, 1019, 195, 444, 771, 248, 253, 
-307, -644, -336, 475, 14, -490, 1010, 185, 439, 761, 248, 253, 
-307, -644, -336, 475, 14, -490, 1005, 185, 439, 761, 244, 248, 
-302, -644, -341, 473, 19, -492, 1005, 185, 434, 761, 244, 248, 
-292, -644, -351, 468, 29, -497, 1010, 185, 434, 761, 244, 248, 
-302, -644, -341, 473, 19, -492, 1010, 195, 434, 766, 239, 239, 
-302, -644, -341, 473, 19, -492, 1010, 190, 434, 766, 239, 239, 
-302, -649, -346, 475, 21, -497, 1010, 190, 434, 766, 239, 239, 
-302, -649, -346, 475, 21, -497, 1015, 190, 434, 766, 239, 239, 
-307, -653, -346, 480, 19, -500, 1015, 190, 444, 766, 248, 244, 
-312, -658, -346, 485, 17, -502, 1010, 185, 439, 766, 248, 244, 
-312, -663, -351, 488, 19, -507, 1010, 185, 439, 761, 244, 239, 
-312, -668, -356, 490, 21, -512, 1010, 185, 439, 761, 244, 239, 
-312, -658, -346, 485, 17, -502, 1000, 190, 444, 771, 258, 253, 
-312, -653, -341, 483, 14, -497, 1000, 190, 444, 771, 258, 253, 
-312, -649, -336, 480, 12, -492, 1005, 190, 434, 775, 253, 253, 
-317, -644, -326, 480, 4, -485, 1005, 190, 444, 775, 253, 253, 
-317, -634, -317, 475, 0, -475, 1005, 190, 444, 775, 248, 244, 
-317, -629, -312, 473, -2, -470, 1005, 190, 444, 775, 248, 244, 
-317, -629, -312, 473, -2, -470, 1005, 190, 444, 775, 248, 244, 
-312, -619, -307, 466, -2, -463, 1005, 190, 444, 775, 248, 244, 
-322, -624, -302, 473, -9, -463, 1019, 200, 453, 775, 248, 253, 
-322, -634, -312, 478, -4, -473, 1019, 200, 453, 775, 248, 253, 
-326, -639, -312, 483, -7, -475, 1015, 200, 448, 775, 248, 248, 
-331, -639, -307, 485, -12, -473, 1015, 200, 448, 761, 244, 248, 
-341, -639, -297, 490, -21, -468, 1005, 200, 448, 771, 244, 258, 
-341, -644, -302, 492, -19, -473, 1005, 200, 448, 771, 244, 258, 
-341, -649, -307, 495, -17, -478, 1005, 195, 448, 771, 244, 258, 
-341, -649, -307, 495, -17, -478, 1005, 195, 448, 771, 244, 258, 
-341, -649, -307, 495, -17, -478, 1019, 204, 453, 785, 248, 258, 
-346, -649, -302, 497, -21, -475, 1024, 204, 453, 785, 253, 258, 
-346, -649, -302, 497, -21, -475, 1019, 204, 453, 785, 258, 253, 
-341, -649, -307, 495, -17, -478, 1024, 209, 458, 785, 263, 253, 
-351, -653, -302, 502, -24, -478, 1024, 200, 448, 775, 258, 244, 
-351, -653, -302, 502, -24, -478, 1024, 195, 448, 775, 258, 244, 
-351, -649, -297, 500, -26, -473, 1024, 195, 448, 775, 253, 244, 
-356, -644, -287, 500, -34, -466, 1019, 195, 448, 775, 253, 244, 
-356, -653, -297, 505, -29, -475, 1019, 195, 458, 785, 263, 253, 
-341, -653, -312, 497, -14, -483, 1019, 195, 458, 785, 263, 253, 
-351, -649, -297, 500, -26, -473, 1019, 195, 458, 785, 263, 253, 
-351, -649, -297, 500, -26, -473, 1019, 195, 458, 785, 268, 253, 
-361, -649, -287, 505, -36, -468, 1029, 204, 458, 785, 258, 263, 
-356, -649, -292, 502, -31, -470, 1029, 204, 458, 790, 258, 268, 
-356, -649, -292, 502, -31, -470, 1029, 209, 458, 790, 258, 268, 
-356, -639, -283, 497, -36, -461, 1029, 209, 468, 790, 268, 273, 
-361, -610, -248, 485, -56, -429, 1019, 200, 468, 790, 268, 263, 
-361, -610, -248, 485, -56, -429, 1029, 200, 483, 800, 268, 268, 
-331, -600, -268, 466, -31, -434, 1019, 200, 483, 800, 278, 268, 
-331, -575, -244, 453, -43, -409, 1024, 204, 488, 800, 283, 273, 
-331, -570, -239, 451, -46, -405, 1034, 214, 492, 814, 287, 283, 
-331, -566, -234, 448, -48, -400, 1034, 214, 497, 819, 292, 283, 
-331, -561, -229, 446, -51, -395, 1034, 214, 502, 824, 297, 283, 
-331, -556, -224, 444, -53, -390, 1034, 214, 507, 829, 302, 283, 
-326, -570, -244, 448, -41, -407, 1024, 219, 517, 839, 307, 292, 
-322, -570, -248, 446, -36, -409, 1029, 224, 522, 844, 307, 297, 
-312, -570, -258, 441, -26, -414, 1034, 229, 522, 849, 307, 297, 
-302, -570, -268, 436, -17, -419, 1034, 229, 522, 844, 307, 297, 
-292, -570, -278, 431, -7, -424, 1034, 214, 522, 839, 297, 287, 
-297, -570, -273, 434, -12, -422, 1029, 214, 517, 834, 302, 287, 
-297, -570, -273, 434, -12, -422, 1015, 214, 517, 829, 302, 297, 
-283, -561, -278, 422, -2, -419, 1005, 200, 512, 829, 302, 297, 
-292, -561, -268, 427, -12, -414, 985, 180, 517, 839, 307, 297, 
-287, -556, -268, 422, -9, -412, 971, 175, 517, 844, 307, 302, 
-287, -551, -263, 419, -12, -407, 961, 170, 512, 844, 317, 312, 
-287, -546, -258, 417, -14, -402, 956, 170, 512, 849, 317, 317, 
-263, -527, -263, 395, 0, -395, 946, 170, 517, 858, 322, 336, 
-239, -517, -278, 378, 19, -397, 932, 170, 522, 868, 331, 341, 
-224, -507, -283, 366, 29, -395, 932, 175, 527, 883, 341, 351, 
-204, -502, -297, 353, 46, -400, 932, 180, 527, 893, 351, 361, 
-200, -507, -307, 353, 53, -407, 936, 170, 517, 878, 341, 346, 
-200, -512, -312, 356, 56, -412, 941, 170, 512, 873, 336, 341, 
-200, -517, -317, 358, 58, -417, 951, 170, 497, 858, 326, 326, 
-204, -536, -331, 370, 63, -434, 956, 165, 468, 834, 312, 312, 
-229, -546, -317, 387, 43, -431, 951, 156, 453, 834, 317, 312, 
-229, -546, -317, 387, 43, -431, 951, 151, 453, 834, 317, 312, 
-229, -546, -317, 387, 43, -431, 951, 151, 448, 829, 312, 307, 
-244, -546, -302, 395, 29, -424, 951, 146, 444, 824, 307, 302, 
-268, -566, -297, 417, 14, -431, 951, 141, 439, 814, 287, 292, 
-273, -575, -302, 424, 14, -439, 956, 141, 439, 800, 283, 287, 
-273, -580, -307, 427, 17, -444, 956, 141, 439, 790, 273, 283, 
-287, -580, -292, 434, 2, -436, 956, 141, 434, 785, 263, 283, 
-297, -590, -292, 444, -2, -441, 956, 141, 439, 795, 278, 287, 
-302, -595, -292, 448, -4, -444, 961, 151, 434, 795, 278, 287, 
-307, -600, -292, 453, -7, -446, 961, 151, 434, 790, 283, 283, 
-317, -619, -302, 468, -7, -461, 961, 156, 429, 785, 283, 278, 
-312, -619, -307, 466, -2, -463, 971, 156, 429, 790, 268, 273, 
-317, -624, -307, 470, -4, -466, 980, 156, 429, 785, 263, 268, 
-326, -629, -302, 478, -12, -466, 980, 156, 424, 785, 263, 258, 
-336, -634, -297, 485, -19, -466, 980, 156, 419, 780, 253, 248, 
-331, -644, -312, 488, -9, -478, 990, 161, 429, 775, 248, 258, 
-331, -649, -317, 490, -7, -483, 1000, 165, 429, 771, 248, 258, 
-331, -644, -312, 488, -9, -478, 1010, 165, 424, 771, 244, 253, 
-336, -639, -302, 488, -17, -470, 1015, 165, 424, 766, 239, 248, 
-361, -644, -283, 502, -39, -463, 1005, 175, 414, 756, 239, 248, 
-351, -644, -292, 497, -29, -468, 1005, 175, 405, 751, 234, 244, 
-346, -649, -302, 497, -21, -475, 1005, 175, 405, 746, 234, 239, 
-341, -649, -307, 495, -17, -478, 1005, 170, 400, 741, 229, 234, 
-351, -673, -322, 512, -14, -497, 1005, 161, 405, 741, 229, 234, 
-366, -678, -312, 522, -26, -495, 1005, 165, 405, 746, 229, 234, 
-370, -692, -322, 531, -24, -507, 1005, 165, 405, 751, 234, 234, 
-370, -697, -326, 534, -21, -512, 1015, 165, 409, 756, 234, 234, 
-356, -683, -326, 519, -14, -505, 1005, 165, 400, 751, 234, 229, 
-351, -678, -326, 514, -12, -502, 1000, 165, 395, 751, 234, 229, 
-346, -673, -326, 509, -9, -500, 995, 165, 395, 741, 224, 219, 
-356, -668, -312, 512, -21, -490, 995, 165, 395, 736, 224, 214, 
-351, -678, -326, 514, -12, -502, 1000, 165, 395, 727, 214, 214, 
-351, -678, -326, 514, -12, -502, 1005, 170, 395, 727, 219, 214, 
-356, -683, -326, 519, -14, -505, 1010, 175, 395, 732, 219, 214, 
-361, -683, -322, 522, -19, -502, 1010, 175, 400, 736, 214, 219, 
-370, -692, -322, 531, -24, -507, 1019, 180, 409, 746, 214, 219, 
-380, -692, -312, 536, -34, -502, 1024, 180, 409, 746, 214, 219, 
-390, -692, -302, 541, -43, -497, 1029, 180, 409, 746, 214, 214, 
-395, -692, -297, 544, -48, -495, 1034, 180, 409, 746, 214, 209, 
-380, -688, -307, 534, -36, -497, 1034, 190, 409, 746, 224, 209, 
-380, -688, -307, 534, -36, -497, 1034, 190, 409, 746, 224, 214, 
-380, -678, -297, 529, -41, -488, 1034, 190, 409, 746, 219, 214, 
-380, -678, -297, 529, -41, -488, 1034, 185, 409, 746, 219, 214, 
-380, -692, -312, 536, -34, -502, 1024, 175, 409, 746, 224, 219, 
-375, -683, -307, 529, -34, -495, 1029, 180, 409, 746, 224, 219, 
-366, -683, -317, 524, -24, -500, 1029, 180, 409, 746, 219, 219, 
-361, -683, -322, 522, -19, -502, 1024, 180, 414, 746, 219, 219, 
-375, -673, -297, 524, -39, -485, 1015, 180, 405, 746, 224, 209, 
-375, -673, -297, 524, -39, -485, 1024, 185, 409, 751, 224, 214, 
-375, -673, -297, 524, -39, -485, 1024, 185, 409, 751, 224, 214, 
-375, -673, -297, 524, -39, -485, 1024, 180, 409, 751, 224, 209, 
-375, -683, -307, 529, -34, -495, 1029, 180, 414, 756, 224, 219, 
-375, -683, -307, 529, -34, -495, 1029, 180, 414, 751, 219, 219, 
-375, -683, -307, 529, -34, -495, 1029, 180, 414, 751, 219, 219, 
-375, -683, -307, 529, -34, -495, 1029, 180, 414, 751, 219, 219, 
-375, -673, -297, 524, -39, -485, 1039, 190, 424, 746, 224, 219, 
-385, -673, -287, 529, -48, -480, 1039, 190, 429, 746, 224, 219, 
-385, -673, -287, 529, -48, -480, 1039, 190, 429, 746, 224, 224, 
-375, -673, -297, 524, -39, -485, 1039, 190, 429, 746, 224, 224, 
-366, -678, -312, 522, -26, -495, 1063, 214, 439, 746, 224, 214, 
-366, -707, -341, 536, -12, -524, 1083, 248, 458, 746, 204, 209, 
-351, -702, -351, 527, 0, -527, 1098, 283, 492, 751, 195, 195, 
-361, -683, -322, 522, -19, -502, 1122, 302, 546, 780, 204, 190, 
-375, -668, -292, 522, -41, -480, 1141, 317, 610, 829, 224, 190, 
-385, -673, -287, 529, -48, -480, 1171, 351, 683, 897, 268, 214, 
-356, -649, -292, 502, -31, -470, 1190, 405, 766, 971, 317, 248, 
-297, -614, -317, 456, 9, -466, 1220, 448, 854, 1063, 390, 292, 
-219, -561, -341, 390, 61, -451, 1254, 517, 941, 1161, 473, 370, 
-151, -507, -356, 329, 102, -431, 1273, 595, 1024, 1288, 590, 473, 
-48, -444, -395, 246, 173, -419, 1244, 639, 1054, 1395, 697, 600, 
68, -395, -463, 163, 265, -429, 1161, 600, 985, 1454, 790, 707, 
185, -366, -551, 90, 368, -458, 1054, 512, 839, 1468, 854, 805, 
258, -326, -585, 34, 422, -456, 936, 409, 692, 1488, 912, 888, 
322, -234, -556, -43, 439, -395, 800, 287, 614, 1581, 1029, 1024, 
424, -68, -492, -178, 458, -280, 614, 136, 566, 1742, 1195, 1200, 
556, 82, -473, -319, 514, -195, 400, -29, 492, 1922, 1376, 1371, 
658, 195, -463, -427, 561, -134, 204, -200, 429, 2103, 1566, 1532, 
683, 253, -429, -468, 556, -87, 87, -317, 400, 2220, 1668, 1625, 
595, 180, -414, -387, 505, -117, 87, -326, 326, 2044, 1507, 1503, 
419, 4, -414, -212, 417, -204, 180, -302, 180, 1595, 1088, 1176, 
239, -161, -400, -39, 319, -280, 302, -292, 43, 1146, 697, 863, 
48, -273, -322, 112, 185, -297, 395, -287, -24, 888, 497, 692, 
-107, -351, -244, 229, 68, -297, 473, -278, -43, 736, 385, 575, 
-200, -385, -185, 292, -7, -285, 551, -268, -68, 605, 278, 468, 
-229, -429, -200, 329, -14, -314, 624, -214, -87, 512, 195, 385, 
-244, -468, -224, 356, -9, -346, 692, -146, -58, 522, 200, 356, 
-263, -502, -239, 383, -12, -370, 751, -97, 24, 561, 214, 346, 
-287, -522, -234, 405, -26, -378, 790, -53, 92, 595, 214, 312, 
-287, -502, -214, 395, -36, -358, 824, -14, 170, 644, 229, 302, 
-278, -502, -224, 390, -26, -363, 878, 43, 263, 712, 263, 317, 
-278, -536, -258, 407, -9, -397, 917, 92, 326, 761, 287, 317, 
-302, -580, -278, 441, -12, -429, 941, 126, 366, 775, 283, 312, 
-312, -595, -283, 453, -14, -439, 961, 156, 409, 800, 283, 307, 
-292, -585, -292, 439, 0, -439, 980, 180, 448, 819, 287, 302, 
-283, -605, -322, 444, 19, -463, 1000, 200, 468, 819, 278, 287, 
-297, -629, -331, 463, 17, -480, 1010, 204, 463, 810, 273, 273, 
-312, -619, -307, 466, -2, -463, 1010, 195, 463, 800, 263, 268, 
-326, -614, -287, 470, -19, -451, 1019, 195, 453, 800, 258, 263, 
-346, -639, -292, 492, -26, -466, 1019, 195, 458, 800, 273, 268, 
-336, -629, -292, 483, -21, -461, 1029, 190, 458, 795, 258, 258, 
-346, -629, -283, 488, -31, -456, 1034, 190, 458, 795, 253, 253, 
-346, -629, -283, 488, -31, -456, 1034, 190, 463, 795, 253, 253, 
-341, -629, -287, 485, -26, -458, 1034, 195, 473, 800, 258, 258, 
-326, -614, -287, 470, -19, -451, 1044, 204, 473, 810, 248, 258, 
-326, -610, -283, 468, -21, -446, 1044, 214, 483, 810, 244, 248, 
-336, -619, -283, 478, -26, -451, 1044, 214, 488, 810, 244, 248, 
-341, -624, -283, 483, -29, -453, 1049, 224, 488, 814, 244, 248, 
-356, -634, -278, 495, -39, -456, 1058, 239, 492, 819, 258, 248, 
-356, -634, -278, 495, -39, -456, 1058, 239, 497, 819, 263, 253, 
-351, -634, -283, 492, -34, -458, 1063, 239, 497, 819, 268, 258, 
-351, -634, -283, 492, -34, -458, 1063, 234, 497, 814, 268, 258, 
-351, -644, -292, 497, -29, -468, 1058, 224, 488, 814, 258, 248, 
-346, -639, -292, 492, -26, -466, 1058, 224, 492, 819, 263, 253, 
-346, -634, -287, 490, -29, -461, 1058, 229, 497, 819, 263, 253, 
-346, -634, -287, 490, -29, -461, 1068, 229, 502, 819, 268, 253, 
-336, -639, -302, 488, -17, -470, 1058, 234, 497, 810, 258, 248, 
-336, -639, -302, 488, -17, -470, 1054, 234, 497, 810, 258, 248, 
-336, -644, -307, 490, -14, -475, 1054, 239, 492, 819, 258, 248, 
-336, -653, -317, 495, -9, -485, 1058, 239, 492, 819, 263, 248, 
-351, -653, -302, 502, -24, -478, 1058, 229, 507, 829, 273, 258, 
-351, -653, -302, 502, -24, -478, 1054, 224, 507, 834, 273, 258, 
-341, -644, -302, 492, -19, -473, 1054, 224, 507, 834, 273, 258, 
-336, -639, -302, 488, -17, -470, 1054, 224, 512, 834, 278, 258, 
-331, -634, -302, 483, -14, -468, 1054, 234, 512, 844, 278, 263, 
-326, -634, -307, 480, -9, -470, 1054, 239, 522, 849, 283, 263, 
-322, -639, -317, 480, -2, -478, 1058, 244, 527, 854, 283, 268, 
-317, -639, -322, 478, 2, -480, 1058, 244, 527, 854, 283, 268, 
-307, -634, -326, 470, 9, -480, 1054, 234, 517, 839, 273, 268, 
-307, -629, -322, 468, 7, -475, 1054, 229, 512, 839, 273, 268, 
-307, -624, -317, 466, 4, -470, 1054, 229, 512, 844, 273, 268, 
-307, -614, -307, 461, 0, -461, 1058, 229, 517, 849, 273, 273, 
-302, -605, -302, 453, 0, -453, 1058, 239, 527, 849, 283, 273, 
-297, -595, -297, 446, 0, -446, 1058, 239, 527, 849, 287, 268, 
-297, -595, -297, 446, 0, -446, 1058, 239, 527, 849, 287, 268, 
-297, -595, -297, 446, 0, -446, 1058, 239, 527, 849, 292, 268, 
-292, -600, -307, 446, 7, -453, 1058, 239, 522, 854, 292, 268, 
-302, -605, -302, 453, 0, -453, 1058, 239, 522, 854, 292, 268, 
-302, -610, -307, 456, 2, -458, 1058, 239, 527, 858, 292, 278, 
-302, -614, -312, 458, 4, -463, 1054, 244, 527, 858, 297, 278, 
-307, -619, -312, 463, 2, -466, 1054, 234, 527, 863, 287, 268, 
-312, -614, -302, 463, -4, -458, 1054, 234, 527, 863, 292, 268, 
-317, -614, -297, 466, -9, -456, 1054, 234, 531, 863, 292, 268, 
-326, -614, -287, 470, -19, -451, 1054, 234, 531, 863, 297, 268, 
-317, -619, -302, 468, -7, -461, 1063, 244, 541, 878, 312, 283, 
-307, -619, -312, 463, 2, -466, 1063, 244, 541, 878, 312, 283, 
-307, -624, -317, 466, 4, -470, 1063, 248, 546, 883, 312, 287, 
-307, -629, -322, 468, 7, -475, 1063, 248, 546, 883, 312, 287, 
-292, -614, -322, 453, 14, -468, 1063, 253, 546, 883, 312, 297, 
-278, -600, -322, 439, 21, -461, 1063, 253, 551, 888, 312, 297, 
-273, -595, -322, 434, 24, -458, 1063, 253, 551, 893, 317, 297, 
-268, -590, -322, 429, 26, -456, 1063, 248, 551, 893, 317, 297, 
-278, -585, -307, 431, 14, -446, 1063, 248, 541, 893, 307, 292, 
-278, -585, -307, 431, 14, -446, 1058, 248, 541, 893, 307, 292, 
-273, -585, -312, 429, 19, -448, 1058, 248, 546, 893, 307, 292, 
-273, -575, -302, 424, 14, -439, 1054, 248, 551, 897, 312, 297, 
-263, -575, -312, 419, 24, -444, 1054, 244, 551, 888, 322, 302, 
-263, -575, -312, 419, 24, -444, 1058, 244, 556, 893, 326, 302, 
-258, -575, -317, 417, 29, -446, 1058, 244, 556, 893, 326, 302, 
-253, -570, -317, 412, 31, -444, 1058, 244, 556, 897, 326, 307, 
-258, -566, -307, 412, 24, -436, 1058, 248, 546, 912, 331, 307, 
-258, -566, -307, 412, 24, -436, 1058, 248, 551, 917, 336, 307, 
-263, -566, -302, 414, 19, -434, 1058, 248, 561, 917, 341, 307, 
-268, -566, -297, 417, 14, -431, 1058, 253, 561, 922, 341, 317, 
-268, -575, -307, 422, 19, -441, 1068, 263, 566, 912, 336, 317, 
-268, -580, -312, 424, 21, -446, 1068, 263, 575, 917, 341, 317, 
-268, -585, -317, 427, 24, -451, 1068, 263, 580, 927, 341, 317, 
-268, -590, -322, 429, 26, -456, 1068, 263, 585, 927, 346, 317, 
-268, -580, -312, 424, 21, -446, 1058, 268, 595, 936, 356, 336, 
-263, -580, -317, 422, 26, -448, 1058, 268, 595, 936, 356, 336, 
-263, -580, -317, 422, 26, -448, 1058, 268, 595, 946, 361, 336, 
-263, -575, -312, 419, 24, -444, 1058, 278, 605, 951, 366, 346, 
-248, -566, -317, 407, 34, -441, 1054, 278, 595, 966, 370, 351, 
-248, -561, -312, 405, 31, -436, 1054, 273, 595, 971, 375, 351, 
-244, -556, -312, 400, 34, -434, 1044, 273, 595, 976, 375, 351, 
-244, -551, -307, 397, 31, -429, 1044, 273, 600, 980, 380, 356, 
-248, -541, -292, 395, 21, -417, 1054, 278, 605, 985, 395, 366, 
-248, -536, -287, 392, 19, -412, 1054, 278, 610, 990, 400, 366, 
-239, -531, -292, 385, 26, -412, 1054, 278, 610, 990, 400, 366, 
-234, -522, -287, 378, 26, -405, 1049, 278, 610, 995, 400, 370, 
-224, -531, -307, 378, 41, -419, 1049, 283, 629, 1010, 419, 375, 
-224, -536, -312, 380, 43, -424, 1049, 287, 639, 1019, 424, 385, 
-219, -551, -331, 385, 56, -441, 1049, 287, 649, 1019, 424, 390, 
-209, -536, -326, 373, 58, -431, 1049, 287, 653, 1024, 429, 400, 
-209, -522, -312, 366, 51, -417, 1039, 283, 649, 1024, 429, 390, 
-209, -517, -307, 363, 48, -412, 1034, 278, 649, 1024, 429, 390, 
-200, -507, -307, 353, 53, -407, 1024, 273, 653, 1029, 434, 390, 
-195, -492, -297, 344, 51, -395, 1015, 268, 653, 1029, 434, 395, 
-195, -492, -297, 344, 51, -395, 1024, 278, 658, 1039, 444, 409, 
-185, -492, -307, 339, 61, -400, 1024, 283, 663, 1058, 453, 419, 
-185, -492, -307, 339, 61, -400, 1019, 283, 668, 1073, 458, 429, 
-185, -483, -297, 334, 56, -390, 1015, 283, 668, 1078, 463, 439, 
-175, -488, -312, 331, 68, -400, 1010, 283, 683, 1088, 473, 439, 
-161, -483, -322, 322, 80, -402, 1010, 283, 688, 1093, 478, 444, 
-146, -478, -331, 312, 92, -405, 1005, 283, 692, 1102, 488, 448, 
-136, -468, -331, 302, 97, -400, 1000, 283, 697, 1107, 488, 458, 
-136, -463, -326, 300, 95, -395, 995, 273, 697, 1112, 502, 453, 
-131, -453, -322, 292, 95, -387, 990, 278, 707, 1122, 507, 468, 
-112, -448, -336, 280, 112, -392, 990, 278, 712, 1132, 522, 473, 
-107, -434, -326, 270, 109, -380, 990, 287, 717, 1141, 527, 488, 
-87, -419, -331, 253, 122, -375, 985, 287, 732, 1156, 541, 502, 
-78, -414, -336, 246, 129, -375, 980, 287, 736, 1176, 556, 512, 
-73, -409, -336, 241, 131, -373, 976, 287, 741, 1190, 570, 527, 
-68, -390, -322, 229, 126, -356, 971, 287, 756, 1205, 580, 541, 
-68, -375, -307, 222, 119, -341, 971, 297, 761, 1215, 595, 546, 
-58, -370, -312, 214, 126, -341, 971, 292, 761, 1224, 610, 556, 
-43, -361, -317, 202, 136, -339, 971, 292, 766, 1239, 610, 566, 
-34, -351, -317, 192, 141, -334, 971, 292, 771, 1249, 619, 575, 
-34, -341, -307, 187, 136, -324, 956, 283, 771, 1254, 629, 575, 
-34, -341, -307, 187, 136, -324, 946, 283, 775, 1268, 629, 585, 
-34, -341, -307, 187, 136, -324, 941, 283, 780, 1278, 639, 590, 
-24, -336, -312, 180, 143, -324, 936, 283, 790, 1298, 649, 605, 
-14, -322, -307, 168, 146, -314, 941, 283, 790, 1307, 658, 610, 
-14, -322, -307, 168, 146, -314, 936, 283, 795, 1307, 668, 619, 
-4, -317, -312, 161, 153, -314, 932, 278, 800, 1307, 678, 629, 
9, -302, -312, 146, 161, -307, 932, 278, 805, 1312, 683, 639, 
14, -292, -307, 139, 161, -300, 927, 268, 800, 1307, 678, 629, 
14, -292, -307, 139, 161, -300, 922, 268, 800, 1307, 678, 629, 
14, -292, -307, 139, 161, -300, 922, 268, 800, 1322, 683, 639, 
29, -292, -322, 131, 175, -307, 917, 263, 795, 1327, 692, 644, 
29, -307, -336, 139, 183, -322, 907, 263, 805, 1332, 697, 658, 
29, -307, -336, 139, 183, -322, 907, 268, 810, 1342, 702, 668, 
29, -302, -331, 136, 180, -317, 902, 268, 810, 1351, 707, 673, 
39, -297, -336, 129, 187, -317, 897, 258, 810, 1361, 707, 673, 
29, -292, -322, 131, 175, -307, 902, 258, 819, 1366, 717, 683, 
29, -287, -317, 129, 173, -302, 907, 263, 814, 1366, 727, 688, 
29, -283, -312, 126, 170, -297, 907, 258, 814, 1366, 732, 692, 
43, -268, -312, 112, 178, -290, 907, 258, 814, 1366, 732, 692, 
39, -268, -307, 114, 173, -287, 897, 248, 805, 1366, 722, 683, 
29, -278, -307, 124, 168, -292, 897, 244, 805, 1366, 727, 683, 
14, -287, -302, 136, 158, -295, 897, 244, 800, 1361, 727, 683, 
9, -287, -297, 139, 153, -292, 897, 234, 790, 1356, 722, 678, 
19, -287, -307, 134, 163, -297, 902, 234, 780, 1342, 707, 663, 
4, -287, -292, 141, 148, -290, 902, 224, 775, 1327, 697, 649, 
-19, -307, -287, 163, 134, -297, 907, 219, 761, 1302, 683, 634, 
-29, -322, -292, 175, 131, -307, 912, 219, 746, 1288, 658, 629, 
-43, -336, -292, 190, 124, -314, 922, 224, 751, 1259, 639, 605, 
-53, -351, -297, 202, 122, -324, 932, 219, 746, 1239, 624, 590, 
-73, -366, -292, 219, 109, -329, 941, 214, 732, 1224, 610, 575, 
-92, -385, -292, 239, 100, -339, 951, 209, 722, 1205, 590, 566, 
-112, -390, -278, 251, 82, -334, 956, 195, 702, 1166, 566, 541, 
-131, -395, -263, 263, 65, -329, 961, 195, 688, 1146, 536, 517, 
-151, -414, -263, 283, 56, -339, 971, 195, 683, 1122, 522, 488, 
-175, -434, -258, 305, 41, -346, 976, 190, 673, 1088, 497, 468, 
-190, -458, -268, 324, 39, -363, 976, 185, 653, 1073, 473, 448, 
-200, -468, -268, 334, 34, -368, 990, 185, 644, 1049, 453, 429, 
-214, -483, -268, 348, 26, -375, 990, 180, 629, 1034, 439, 414, 
-229, -502, -273, 366, 21, -387, 1000, 175, 619, 1015, 419, 405, 
-244, -502, -258, 373, 7, -380, 1015, 180, 614, 1005, 409, 390, 
-244, -517, -273, 380, 14, -395, 1019, 185, 605, 985, 390, 380, 
-248, -522, -273, 385, 12, -397, 1024, 190, 595, 971, 380, 375, 
-253, -541, -287, 397, 17, -414, 1029, 190, 590, 956, 370, 370, 
-263, -541, -278, 402, 7, -409, 1024, 185, 570, 932, 356, 351, 
-273, -541, -268, 407, -2, -405, 1029, 180, 556, 902, 331, 331, 
-273, -546, -273, 409, 0, -409, 1034, 175, 546, 888, 322, 322, 
-278, -546, -268, 412, -4, -407, 1039, 165, 541, 868, 302, 302, 
-287, -561, -273, 424, -7, -417, 1054, 175, 536, 873, 307, 302, 
-283, -566, -283, 424, 0, -424, 1054, 180, 536, 863, 302, 302, 
-283, -575, -292, 429, 4, -434, 1058, 180, 536, 863, 297, 297, 
-292, -580, -287, 436, -2, -434, 1063, 180, 536, 868, 287, 292, 
-322, -590, -268, 456, -26, -429, 1058, 180, 522, 863, 273, 278, 
-336, -600, -263, 468, -36, -431, 1058, 175, 517, 858, 268, 273, 
-351, -605, -253, 478, -48, -429, 1063, 175, 507, 858, 268, 273, 
-356, -605, -248, 480, -53, -427, 1063, 175, 507, 858, 263, 268, 
-336, -595, -258, 466, -39, -427, 1049, 170, 492, 839, 258, 253, 
-336, -595, -258, 466, -39, -427, 1049, 165, 492, 834, 253, 244, 
-326, -605, -278, 466, -24, -441, 1054, 161, 492, 829, 253, 244, 
-317, -605, -287, 461, -14, -446, 1054, 151, 488, 824, 248, 244, 
-326, -610, -283, 468, -21, -446, 1058, 165, 497, 834, 253, 248, 
-331, -610, -278, 470, -26, -444, 1063, 170, 497, 839, 253, 253, 
-331, -614, -283, 473, -24, -448, 1068, 175, 502, 839, 258, 253, 
-326, -614, -287, 470, -19, -451, 1078, 180, 507, 844, 263, 258, 
-322, -614, -292, 468, -14, -453, 1068, 180, 492, 844, 253, 258, 
-322, -619, -297, 470, -12, -458, 1068, 180, 492, 839, 253, 258, 
-336, -629, -292, 483, -21, -461, 1068, 180, 492, 829, 253, 253, 
-336, -634, -297, 485, -19, -466, 1068, 180, 492, 824, 248, 253, 
-336, -624, -287, 480, -24, -456, 1078, 170, 492, 824, 258, 253, 
-336, -614, -278, 475, -29, -446, 1078, 170, 492, 819, 258, 253, 
-341, -605, -263, 473, -39, -434, 1078, 165, 488, 819, 253, 253, 
-346, -605, -258, 475, -43, -431, 1078, 165, 488, 819, 253, 253, 
-341, -605, -263, 473, -39, -434, 1078, 170, 492, 829, 253, 253, 
-336, -595, -258, 466, -39, -427, 1078, 170, 492, 829, 253, 253, 
-331, -595, -263, 463, -34, -429, 1078, 170, 497, 829, 258, 253, 
-326, -600, -273, 463, -26, -436, 1078, 170, 497, 829, 258, 253, 
-326, -614, -287, 470, -19, -451, 1078, 180, 507, 819, 248, 253, 
-331, -614, -283, 473, -24, -448, 1083, 180, 507, 824, 253, 258, 
-341, -614, -273, 478, -34, -444, 1083, 180, 507, 824, 253, 258, 
-346, -610, -263, 478, -41, -436, 1083, 180, 507, 824, 253, 258, 
-346, -605, -258, 475, -43, -431, 1083, 170, 502, 814, 248, 244, 
-346, -605, -258, 475, -43, -431, 1083, 170, 497, 814, 248, 244, 
-346, -610, -263, 478, -41, -436, 1083, 170, 492, 814, 244, 244, 
-346, -610, -263, 478, -41, -436, 1083, 165, 488, 814, 244, 244, 
-361, -610, -248, 485, -56, -429, 1083, 175, 497, 819, 248, 248, 
-361, -610, -248, 485, -56, -429, 1083, 175, 497, 819, 248, 248, 
-361, -605, -244, 483, -58, -424, 1083, 175, 497, 819, 248, 253, 
-366, -605, -239, 485, -63, -422, 1083, 175, 497, 819, 248, 253, 
-361, -610, -248, 485, -56, -429, 1083, 175, 497, 819, 248, 253, 
-361, -605, -244, 483, -58, -424, 1083, 175, 497, 819, 248, 253, 
-356, -605, -248, 480, -53, -427, 1083, 175, 502, 819, 248, 253, 
-356, -605, -248, 480, -53, -427, 1083, 180, 507, 819, 248, 253, 
-346, -595, -248, 470, -48, -422, 1093, 170, 502, 819, 248, 253, 
-351, -595, -244, 473, -53, -419, 1093, 170, 497, 824, 253, 253, 
-351, -600, -248, 475, -51, -424, 1093, 170, 492, 829, 253, 258, 
-351, -600, -248, 475, -51, -424, 1093, 170, 488, 829, 253, 258, 
-351, -605, -253, 478, -48, -429, 1083, 170, 497, 824, 248, 258, 
-351, -610, -258, 480, -46, -434, 1083, 170, 497, 824, 248, 258, 
-351, -605, -253, 478, -48, -429, 1083, 170, 497, 824, 248, 258, 
-351, -605, -253, 478, -48, -429, 1083, 170, 497, 824, 248, 258, 
-341, -614, -273, 478, -34, -444, 1093, 180, 507, 829, 258, 268, 
-336, -614, -278, 475, -29, -446, 1093, 180, 507, 834, 263, 268, 
-331, -610, -278, 470, -26, -444, 1093, 180, 507, 839, 263, 268, 
-331, -605, -273, 468, -29, -439, 1088, 180, 507, 844, 268, 268, 
-317, -590, -273, 453, -21, -431, 1098, 180, 507, 844, 268, 268, 
-317, -590, -273, 453, -21, -431, 1098, 180, 507, 849, 268, 268, 
-322, -590, -268, 456, -26, -429, 1098, 180, 507, 849, 268, 268, 
-322, -590, -268, 456, -26, -429, 1098, 180, 507, 849, 268, 268, 
-322, -570, -248, 446, -36, -409, 1088, 180, 497, 849, 263, 258, 
-322, -570, -248, 446, -36, -409, 1088, 180, 497, 849, 263, 258, 
-322, -575, -253, 448, -34, -414, 1088, 180, 497, 849, 263, 268, 
-322, -575, -253, 448, -34, -414, 1088, 180, 497, 854, 268, 268, 
-331, -585, -253, 458, -39, -419, 1093, 180, 512, 854, 273, 273, 
-346, -585, -239, 466, -53, -412, 1098, 180, 512, 854, 278, 278, 
-346, -585, -239, 466, -53, -412, 1102, 180, 512, 854, 278, 283, 
-336, -585, -248, 461, -43, -417, 1098, 180, 512, 849, 273, 283, 
-326, -595, -268, 461, -29, -431, 1088, 180, 512, 849, 273, 273, 
-326, -600, -273, 463, -26, -436, 1088, 180, 512, 849, 273, 278, 
-326, -600, -273, 463, -26, -436, 1088, 180, 512, 858, 273, 278, 
-336, -595, -258, 466, -39, -427, 1093, 180, 502, 858, 278, 278, 
-346, -585, -239, 466, -53, -412, 1102, 170, 502, 868, 287, 278, 
-346, -585, -239, 466, -53, -412, 1098, 170, 497, 868, 287, 278, 
-341, -585, -244, 463, -48, -414, 1098, 170, 497, 868, 278, 278, 
-341, -585, -244, 463, -48, -414, 1098, 165, 502, 868, 287, 273, 
-356, -595, -239, 475, -58, -417, 1102, 170, 507, 868, 278, 283, 
-361, -600, -239, 480, -61, -419, 1102, 180, 512, 868, 278, 283, 
-366, -600, -234, 483, -65, -417, 1102, 185, 517, 868, 278, 287, 
-370, -590, -219, 480, -75, -405, 1102, 190, 522, 868, 283, 287, 
-351, -580, -229, 466, -61, -405, 1098, 175, 517, 858, 268, 273, 
-346, -575, -229, 461, -58, -402, 1093, 170, 507, 854, 263, 268, 
-346, -575, -229, 461, -58, -402, 1088, 161, 497, 844, 253, 263, 
-341, -570, -229, 456, -56, -400, 1083, 156, 478, 839, 248, 258, 
-331, -575, -244, 453, -43, -409, 1088, 165, 483, 849, 253, 263, 
-326, -585, -258, 456, -34, -422, 1093, 161, 478, 849, 253, 268, 
-326, -590, -263, 458, -31, -427, 1098, 161, 483, 849, 258, 273, 
-331, -595, -263, 463, -34, -429, 1102, 165, 492, 849, 263, 278, 
-341, -590, -248, 466, -46, -419, 1102, 175, 492, 858, 273, 287, 
-346, -585, -239, 466, -53, -412, 1102, 175, 492, 858, 273, 283, 
-346, -580, -234, 463, -56, -407, 1102, 170, 492, 854, 273, 283, 
-351, -575, -224, 463, -63, -400, 1102, 170, 492, 854, 273, 283, 
-351, -566, -214, 458, -68, -390, 1102, 170, 492, 844, 273, 273, 
-346, -566, -219, 456, -63, -392, 1102, 170, 492, 839, 273, 273, 
-336, -566, -229, 451, -53, -397, 1102, 170, 492, 839, 273, 273, 
-331, -575, -244, 453, -43, -409, 1102, 165, 483, 839, 268, 268, 
-336, -590, -253, 463, -41, -422, 1098, 161, 473, 839, 258, 268, 
-341, -590, -248, 466, -46, -419, 1093, 161, 478, 839, 258, 263, 
-346, -590, -244, 468, -51, -417, 1093, 165, 478, 839, 253, 253, 
-356, -595, -239, 475, -58, -417, 1098, 165, 478, 844, 253, 263, 
-356, -580, -224, 468, -65, -402, 1112, 180, 483, 849, 273, 273, 
-356, -575, -219, 466, -68, -397, 1117, 180, 488, 854, 278, 278, 
-356, -570, -214, 463, -70, -392, 1127, 180, 492, 858, 283, 278, 
-356, -566, -209, 461, -73, -387, 1132, 180, 497, 858, 287, 268, 
-346, -570, -224, 458, -61, -397, 1127, 175, 488, 849, 278, 268, 
-346, -575, -229, 461, -58, -402, 1122, 175, 488, 849, 273, 273, 
-346, -580, -234, 463, -56, -407, 1117, 175, 492, 849, 268, 273, 
-336, -585, -248, 461, -43, -417, 1112, 175, 492, 849, 268, 273, 
-336, -580, -244, 458, -46, -412, 1098, 165, 483, 839, 258, 263, 
-341, -575, -234, 458, -53, -405, 1098, 161, 473, 839, 258, 263, 
-341, -575, -234, 458, -53, -405, 1098, 161, 473, 839, 258, 263, 
-346, -570, -224, 458, -61, -397, 1098, 156, 473, 839, 258, 263, 
-366, -575, -209, 470, -78, -392, 1102, 156, 483, 829, 258, 253, 
-366, -580, -214, 473, -75, -397, 1107, 156, 483, 834, 258, 253, 
-356, -580, -224, 468, -65, -402, 1112, 156, 483, 834, 258, 253, 
-351, -580, -229, 466, -61, -405, 1117, 156, 483, 829, 248, 253, 
-346, -580, -234, 463, -56, -407, 1117, 146, 468, 819, 248, 263, 
-346, -585, -239, 466, -53, -412, 1112, 146, 468, 819, 244, 258, 
-341, -590, -248, 466, -46, -419, 1112, 146, 463, 819, 244, 258, 
-331, -595, -263, 463, -34, -429, 1117, 146, 463, 819, 244, 258, 
-336, -575, -239, 456, -48, -407, 1117, 151, 473, 834, 258, 258, 
-341, -575, -234, 458, -53, -405, 1117, 151, 473, 834, 258, 258, 
-346, -580, -234, 463, -56, -407, 1117, 156, 473, 834, 258, 258, 
-351, -580, -229, 466, -61, -405, 1122, 161, 473, 834, 258, 258, 
-346, -580, -234, 463, -56, -407, 1112, 151, 473, 824, 258, 253, 
-351, -580, -229, 466, -61, -405, 1107, 146, 468, 824, 258, 253, 
-351, -580, -229, 466, -61, -405, 1107, 146, 468, 819, 253, 248, 
-351, -580, -229, 466, -61, -405, 1107, 146, 468, 819, 253, 248, 
-351, -585, -234, 468, -58, -409, 1117, 151, 473, 829, 248, 253, 
-351, -585, -234, 468, -58, -409, 1117, 151, 473, 829, 248, 253, 
-351, -585, -234, 468, -58, -409, 1122, 151, 463, 834, 244, 253, 
-356, -585, -229, 470, -63, -407, 1122, 151, 473, 834, 244, 253, 
-346, -585, -239, 466, -53, -412, 1112, 151, 468, 824, 248, 253, 
-346, -580, -234, 463, -56, -407, 1112, 151, 463, 824, 248, 253, 
-346, -580, -234, 463, -56, -407, 1112, 151, 458, 824, 248, 253, 
-341, -570, -229, 456, -56, -400, 1112, 151, 453, 824, 248, 253, 
-341, -580, -239, 461, -51, -409, 1127, 161, 458, 834, 248, 263, 
-341, -585, -244, 463, -48, -414, 1127, 161, 463, 834, 248, 263, 
-346, -585, -239, 466, -53, -412, 1122, 161, 463, 834, 248, 258, 
-351, -580, -229, 466, -61, -405, 1122, 161, 468, 819, 244, 258, 
-341, -570, -229, 456, -56, -400, 1112, 151, 458, 819, 244, 248, 
-341, -575, -234, 458, -53, -405, 1112, 151, 458, 819, 244, 248, 
-341, -580, -239, 461, -51, -409, 1112, 146, 458, 819, 244, 248, 
-341, -580, -239, 461, -51, -409, 1112, 146, 458, 819, 244, 248, 
-351, -585, -234, 468, -58, -409, 1117, 156, 473, 824, 244, 258, 
-356, -590, -234, 473, -61, -412, 1122, 156, 473, 824, 244, 258, 
-356, -595, -239, 475, -58, -417, 1117, 156, 473, 824, 244, 253, 
-351, -600, -248, 475, -51, -424, 1122, 161, 478, 824, 244, 253, 
-361, -605, -244, 483, -58, -424, 1122, 161, 468, 824, 248, 253, 
-361, -605, -244, 483, -58, -424, 1122, 156, 468, 824, 248, 253, 
-361, -600, -239, 480, -61, -419, 1122, 156, 468, 824, 244, 253, 
-366, -595, -229, 480, -68, -412, 1117, 156, 468, 824, 244, 253, 
-356, -590, -234, 473, -61, -412, 1117, 146, 468, 824, 244, 253, 
-341, -585, -244, 463, -48, -414, 1117, 146, 468, 824, 244, 253, 
-351, -575, -224, 463, -63, -400, 1117, 146, 468, 824, 244, 253, 
-351, -570, -219, 461, -65, -395, 1117, 146, 468, 824, 248, 253, 
-351, -541, -190, 446, -80, -366, 1107, 136, 478, 834, 248, 253, 
-341, -527, -185, 434, -78, -356, 1122, 156, 497, 849, 263, 273, 
-341, -517, -175, 429, -82, -346, 1132, 165, 502, 854, 268, 278, 
-341, -517, -175, 429, -82, -346, 1132, 165, 507, 858, 273, 283, 
-341, -517, -175, 429, -82, -346, 1132, 165, 512, 863, 278, 287, 
-341, -517, -175, 429, -82, -346, 1132, 165, 517, 868, 283, 292, 
-336, -512, -175, 424, -80, -344, 1132, 161, 517, 883, 297, 302, 
-331, -512, -180, 422, -75, -346, 1137, 165, 522, 883, 297, 307, 
-322, -512, -190, 417, -65, -351, 1141, 170, 522, 883, 297, 307, 
-312, -512, -200, 412, -56, -356, 1141, 170, 522, 873, 297, 307, 
-302, -502, -200, 402, -51, -351, 1132, 156, 527, 883, 297, 297, 
-307, -502, -195, 405, -56, -348, 1127, 156, 527, 883, 302, 297, 
-307, -502, -195, 405, -56, -348, 1112, 156, 531, 883, 302, 307, 
-292, -492, -200, 392, -46, -346, 1102, 141, 531, 888, 302, 307, 
-297, -492, -195, 395, -51, -344, 1102, 141, 527, 888, 312, 297, 
-297, -488, -190, 392, -53, -339, 1088, 136, 527, 893, 307, 302, 
-302, -483, -180, 392, -61, -331, 1078, 131, 522, 893, 312, 312, 
-307, -478, -170, 392, -68, -324, 1073, 131, 522, 897, 307, 317, 
-287, -473, -185, 380, -51, -329, 1058, 122, 522, 897, 317, 322, 
-268, -468, -200, 368, -34, -334, 1039, 112, 522, 897, 322, 322, 
-258, -463, -204, 361, -26, -334, 1034, 107, 522, 902, 326, 326, 
-244, -463, -219, 353, -12, -341, 1029, 102, 517, 902, 331, 331, 
-229, -458, -229, 344, 0, -344, 1039, 107, 522, 912, 331, 331, 
-229, -453, -224, 341, -2, -339, 1039, 112, 522, 912, 326, 331, 
-229, -448, -219, 339, -4, -334, 1044, 117, 512, 902, 317, 322, 
-234, -458, -224, 346, -4, -341, 1044, 117, 488, 883, 302, 312, 
-239, -468, -229, 353, -4, -348, 1049, 117, 483, 873, 307, 317, 
-239, -468, -229, 353, -4, -348, 1049, 112, 483, 873, 307, 322, 
-239, -468, -229, 353, -4, -348, 1049, 112, 478, 868, 302, 322, 
-253, -468, -214, 361, -19, -341, 1049, 107, 473, 863, 297, 322, 
-273, -488, -214, 380, -29, -351, 1049, 112, 468, 868, 297, 322, 
-283, -497, -214, 390, -34, -356, 1054, 112, 468, 858, 302, 317, 
-287, -502, -214, 395, -36, -358, 1054, 112, 468, 854, 302, 312, 
-307, -502, -195, 405, -56, -348, 1054, 112, 463, 854, 302, 312, 
-312, -497, -185, 405, -63, -341, 1063, 92, 458, 854, 292, 307, 
-312, -497, -185, 405, -63, -341, 1068, 102, 453, 854, 287, 307, 
-312, -497, -185, 405, -63, -341, 1068, 102, 453, 849, 287, 302, 
-317, -512, -195, 414, -61, -353, 1068, 107, 448, 844, 283, 297, 
-336, -531, -195, 434, -70, -363, 1088, 117, 448, 829, 273, 283, 
-346, -536, -190, 441, -78, -363, 1098, 117, 448, 824, 263, 278, 
-361, -541, -180, 451, -90, -361, 1098, 117, 444, 824, 258, 268, 
-375, -546, -170, 461, -102, -358, 1098, 117, 439, 819, 244, 258, 
-361, -561, -200, 461, -80, -380, 1098, 112, 434, 805, 229, 248, 
-351, -570, -219, 461, -65, -395, 1098, 117, 429, 800, 229, 248, 
-341, -570, -229, 456, -56, -400, 1098, 117, 419, 800, 224, 244, 
-336, -570, -234, 453, -51, -402, 1093, 117, 414, 795, 219, 239, 
-351, -585, -234, 468, -58, -409, 1098, 126, 424, 805, 229, 248, 
-341, -585, -244, 463, -48, -414, 1102, 126, 414, 800, 224, 244, 
-336, -590, -253, 463, -41, -422, 1107, 126, 414, 795, 224, 239, 
-331, -590, -258, 461, -36, -424, 1112, 122, 409, 790, 219, 234, 
-336, -610, -273, 473, -31, -441, 1112, 122, 414, 785, 209, 224, 
-356, -610, -253, 483, -51, -431, 1112, 126, 414, 785, 209, 224, 
-366, -619, -253, 492, -56, -436, 1112, 126, 414, 785, 214, 224, 
-370, -619, -248, 495, -61, -434, 1122, 126, 419, 785, 214, 224, 
-375, -624, -248, 500, -63, -436, 1132, 136, 419, 790, 224, 234, 
-380, -629, -248, 505, -65, -439, 1127, 136, 414, 790, 224, 239, 
-385, -634, -248, 509, -68, -441, 1122, 136, 414, 780, 214, 234, 
-405, -639, -234, 522, -85, -436, 1122, 136, 414, 775, 214, 234, 
-380, -624, -244, 502, -68, -434, 1117, 126, 405, 775, 209, 229, 
-370, -619, -248, 495, -61, -434, 1122, 131, 405, 775, 209, 224, 
-366, -619, -253, 492, -56, -436, 1127, 136, 405, 780, 204, 219, 
-361, -614, -253, 488, -53, -434, 1127, 136, 409, 785, 195, 219, 
-370, -605, -234, 488, -68, -419, 1132, 131, 409, 780, 195, 219, 
-380, -605, -224, 492, -78, -414, 1132, 131, 409, 775, 195, 219, 
-390, -605, -214, 497, -87, -409, 1132, 131, 409, 771, 195, 214, 
-395, -605, -209, 500, -92, -407, 1132, 131, 409, 766, 195, 209, 
-380, -614, -234, 497, -73, -424, 1137, 141, 409, 775, 195, 219, 
-380, -619, -239, 500, -70, -429, 1141, 141, 409, 775, 195, 224, 
-380, -614, -234, 497, -73, -424, 1146, 141, 409, 775, 190, 224, 
-380, -619, -239, 500, -70, -429, 1151, 136, 409, 775, 190, 224, 
-385, -644, -258, 514, -63, -451, 1151, 146, 409, 785, 195, 219, 
-385, -634, -248, 509, -68, -441, 1156, 151, 409, 785, 195, 219, 
-380, -634, -253, 507, -63, -444, 1156, 151, 409, 785, 190, 219, 
-380, -634, -253, 507, -63, -444, 1151, 151, 414, 785, 190, 219, 
-385, -624, -239, 505, -73, -431, 1151, 151, 424, 785, 200, 229, 
-385, -624, -239, 505, -73, -431, 1161, 156, 429, 790, 204, 234, 
-385, -624, -239, 505, -73, -431, 1161, 156, 429, 790, 209, 234, 
-385, -624, -239, 505, -73, -431, 1161, 151, 429, 790, 214, 229, 
-375, -624, -248, 500, -63, -436, 1156, 141, 424, 775, 209, 219, 
-375, -624, -248, 500, -63, -436, 1156, 141, 424, 771, 200, 219, 
-375, -624, -248, 500, -63, -436, 1156, 141, 424, 771, 195, 219, 
-375, -624, -248, 500, -63, -436, 1156, 141, 424, 771, 190, 219, 
-375, -610, -234, 492, -70, -422, 1156, 141, 414, 785, 204, 209, 
-385, -605, -219, 495, -82, -412, 1156, 141, 419, 785, 204, 209, 
-385, -600, -214, 492, -85, -407, 1156, 141, 419, 785, 204, 214, 
-375, -595, -219, 485, -78, -407, 1156, 141, 419, 785, 204, 214, 
-395, -610, -214, 502, -90, -412, 1161, 156, 439, 785, 204, 204, 
-414, -619, -204, 517, -104, -412, 1180, 170, 458, 795, 204, 209, 
-390, -605, -214, 497, -87, -409, 1195, 195, 492, 800, 195, 204, 
-351, -595, -244, 473, -53, -419, 1220, 234, 527, 810, 185, 190, 
-356, -600, -244, 478, -56, -422, 1249, 268, 590, 839, 195, 200, 
-375, -595, -219, 485, -78, -407, 1278, 302, 673, 897, 229, 224, 
-356, -580, -224, 468, -65, -402, 1317, 346, 766, 980, 278, 258, 
-326, -556, -229, 441, -48, -392, 1346, 400, 844, 1054, 351, 292, 
-307, -522, -214, 414, -46, -368, 1361, 439, 912, 1132, 424, 351, 
-219, -468, -248, 344, 14, -358, 1381, 497, 985, 1239, 522, 434, 
-97, -405, -307, 251, 104, -356, 1371, 551, 1044, 1366, 629, 541, 
29, -346, -375, 158, 202, -361, 1298, 541, 1015, 1454, 732, 639, 
146, -307, -453, 80, 300, -380, 1200, 483, 878, 1488, 795, 746, 
239, -278, -517, 19, 378, -397, 1093, 390, 712, 1498, 854, 839, 
322, -214, -536, -53, 429, -375, 946, 258, 585, 1551, 932, 946, 
424, -97, -522, -163, 473, -309, 771, 97, 488, 1664, 1078, 1083, 
527, 4, -522, -265, 524, -258, 575, -39, 395, 1815, 1239, 1254, 
619, 107, -512, -363, 566, -202, 380, -170, 331, 1995, 1439, 1434, 
673, 214, -458, -444, 566, -122, 234, -297, 322, 2200, 1629, 1615, 
663, 258, -405, -461, 534, -73, 165, -366, 307, 2259, 1673, 1659, 
575, 151, -424, -363, 500, -136, 209, -361, 229, 1966, 1390, 1439, 
395, -63, -458, -165, 427, -261, 322, -322, 82, 1459, 922, 1058, 
204, -214, -419, 4, 312, -317, 453, -287, 4, 1083, 585, 790, 
58, -234, -292, 87, 175, -263, 551, -287, -14, 912, 444, 683, 
-102, -239, -136, 170, 17, -187, 619, -297, -9, 790, 346, 575, 
-229, -331, -102, 280, -63, -217, 712, -253, -29, 668, 244, 463, 
-244, -419, -175, 331, -34, -297, 780, -204, -39, 580, 200, 405, 
-253, -434, -180, 344, -36, -307, 829, -165, -4, 580, 204, 385, 
-297, -453, -156, 375, -70, -305, 868, -122, 73, 624, 214, 361, 
-326, -453, -126, 390, -100, -290, 922, -73, 161, 673, 239, 341, 
-317, -453, -136, 385, -90, -295, 976, -14, 234, 732, 253, 346, 
-307, -468, -161, 387, -73, -314, 1024, 24, 297, 771, 268, 346, 
-302, -502, -200, 402, -51, -351, 1049, 68, 356, 795, 263, 341, 
-292, -517, -224, 405, -34, -370, 1068, 97, 390, 819, 263, 326, 
-302, -517, -214, 409, -43, -366, 1088, 122, 419, 829, 258, 322, 
-312, -536, -224, 424, -43, -380, 1107, 141, 458, 849, 258, 317, 
-307, -570, -263, 439, -21, -417, 1127, 156, 473, 849, 263, 302, 
-322, -570, -248, 446, -36, -409, 1137, 165, 483, 858, 263, 297, 
-336, -556, -219, 446, -58, -387, 1146, 165, 483, 849, 268, 283, 
-326, -570, -244, 448, -41, -407, 1156, 165, 468, 849, 263, 278, 
-317, -570, -253, 444, -31, -412, 1156, 161, 468, 834, 258, 268, 
-326, -570, -244, 448, -41, -407, 1161, 161, 468, 834, 253, 263, 
-326, -570, -244, 448, -41, -407, 1161, 161, 473, 834, 253, 263, 
-322, -570, -248, 446, -36, -409, 1161, 165, 483, 839, 258, 268, 
-322, -566, -244, 444, -39, -405, 1180, 170, 483, 849, 248, 268, 
-326, -570, -244, 448, -41, -407, 1180, 185, 492, 849, 244, 258, 
-341, -590, -248, 466, -46, -419, 1180, 190, 497, 849, 244, 258, 
-351, -605, -253, 478, -48, -429, 1185, 204, 497, 854, 244, 258, 
-366, -595, -229, 480, -68, -412, 1185, 204, 497, 854, 244, 244, 
-366, -595, -229, 480, -68, -412, 1185, 200, 497, 849, 244, 244, 
-361, -595, -234, 478, -63, -414, 1190, 195, 492, 844, 244, 244, 
-361, -595, -234, 478, -63, -414, 1190, 185, 488, 834, 239, 239, 
-370, -590, -219, 480, -75, -405, 1176, 185, 478, 834, 229, 239, 
-366, -580, -214, 473, -75, -397, 1176, 185, 483, 839, 234, 244, 
-366, -570, -204, 468, -80, -387, 1176, 190, 488, 839, 234, 244, 
-366, -566, -200, 466, -82, -383, 1185, 190, 492, 839, 239, 244, 
-361, -570, -209, 466, -75, -390, 1195, 185, 507, 849, 239, 248, 
-356, -570, -214, 463, -70, -392, 1190, 185, 507, 849, 239, 248, 
-351, -575, -224, 463, -63, -400, 1190, 190, 502, 858, 239, 248, 
-346, -585, -239, 466, -53, -412, 1195, 190, 502, 858, 244, 248, 
-351, -580, -229, 466, -61, -405, 1205, 195, 517, 858, 253, 253, 
-351, -575, -224, 463, -63, -400, 1200, 195, 517, 863, 253, 258, 
-341, -561, -219, 451, -61, -390, 1200, 200, 517, 863, 253, 263, 
-336, -551, -214, 444, -61, -383, 1200, 204, 522, 863, 258, 268, 
-346, -551, -204, 448, -70, -378, 1200, 195, 512, 863, 268, 273, 
-346, -556, -209, 451, -68, -383, 1200, 200, 522, 868, 273, 273, 
-346, -566, -219, 456, -63, -392, 1205, 204, 527, 873, 273, 278, 
-346, -570, -224, 458, -61, -397, 1205, 204, 527, 873, 273, 278, 
-356, -570, -214, 463, -70, -392, 1200, 204, 527, 868, 263, 273, 
-356, -570, -214, 463, -70, -392, 1200, 200, 522, 868, 263, 268, 
-356, -570, -214, 463, -70, -392, 1200, 200, 522, 873, 263, 263, 
-356, -566, -209, 461, -73, -387, 1205, 200, 527, 878, 263, 263, 
-351, -575, -224, 463, -63, -400, 1205, 200, 517, 878, 268, 268, 
-346, -566, -219, 456, -63, -392, 1205, 200, 517, 878, 268, 268, 
-346, -566, -219, 456, -63, -392, 1205, 200, 517, 878, 263, 273, 
-346, -566, -219, 456, -63, -392, 1205, 200, 517, 878, 263, 278, 
-331, -556, -224, 444, -53, -390, 1205, 209, 517, 883, 273, 278, 
-341, -556, -214, 448, -63, -385, 1205, 209, 522, 883, 273, 278, 
-341, -556, -214, 448, -63, -385, 1205, 209, 531, 888, 273, 287, 
-341, -556, -214, 448, -63, -385, 1200, 214, 536, 888, 278, 287, 
-326, -551, -224, 439, -51, -387, 1190, 204, 527, 883, 273, 278, 
-322, -546, -224, 434, -48, -385, 1190, 204, 527, 883, 273, 278, 
-317, -546, -229, 431, -43, -387, 1190, 204, 531, 883, 268, 278, 
-317, -546, -229, 431, -43, -387, 1190, 204, 531, 883, 268, 278, 
-322, -551, -229, 436, -46, -390, 1180, 204, 531, 897, 263, 273, 
-317, -551, -234, 434, -41, -392, 1180, 204, 531, 897, 263, 273, 
-322, -556, -234, 439, -43, -395, 1180, 209, 536, 902, 263, 278, 
-326, -561, -234, 444, -46, -397, 1180, 209, 536, 902, 263, 278, 
-336, -561, -224, 448, -56, -392, 1195, 219, 541, 912, 278, 283, 
-326, -551, -224, 439, -51, -387, 1200, 224, 551, 917, 283, 287, 
-326, -551, -224, 439, -51, -387, 1205, 229, 556, 922, 292, 292, 
-326, -551, -224, 439, -51, -387, 1210, 229, 561, 922, 297, 297, 
-322, -546, -224, 434, -48, -385, 1200, 219, 556, 912, 287, 292, 
-317, -546, -229, 431, -43, -387, 1195, 219, 551, 912, 287, 292, 
-307, -546, -239, 427, -34, -392, 1195, 219, 551, 912, 287, 292, 
-302, -536, -234, 419, -34, -385, 1190, 219, 551, 917, 292, 297, 
-312, -536, -224, 424, -43, -380, 1200, 224, 556, 917, 302, 302, 
-312, -536, -224, 424, -43, -380, 1205, 224, 566, 922, 307, 302, 
-307, -536, -229, 422, -39, -383, 1205, 224, 570, 922, 307, 302, 
-302, -531, -229, 417, -36, -380, 1205, 224, 575, 927, 307, 307, 
-302, -527, -224, 414, -39, -375, 1215, 239, 575, 936, 312, 312, 
-297, -527, -229, 412, -34, -378, 1215, 239, 580, 946, 317, 317, 
-297, -527, -229, 412, -34, -378, 1215, 239, 590, 951, 322, 322, 
-297, -527, -229, 412, -34, -378, 1215, 244, 590, 961, 322, 336, 
-297, -522, -224, 409, -36, -373, 1205, 234, 580, 956, 322, 326, 
-297, -522, -224, 409, -36, -373, 1205, 234, 585, 956, 322, 326, 
-297, -522, -224, 409, -36, -373, 1205, 234, 585, 961, 317, 326, 
-297, -522, -224, 409, -36, -373, 1205, 234, 585, 956, 317, 326, 
-297, -512, -214, 405, -41, -363, 1195, 234, 585, 956, 326, 331, 
-292, -512, -219, 402, -36, -366, 1195, 229, 585, 956, 326, 326, 
-292, -512, -219, 402, -36, -366, 1195, 224, 585, 966, 331, 322, 
-292, -507, -214, 400, -39, -361, 1195, 229, 595, 971, 336, 326, 
-297, -507, -209, 402, -43, -358, 1210, 234, 600, 985, 341, 336, 
-297, -502, -204, 400, -46, -353, 1210, 234, 605, 990, 346, 341, 
-292, -497, -204, 395, -43, -351, 1200, 239, 610, 995, 346, 346, 
-292, -492, -200, 392, -46, -346, 1200, 244, 619, 1000, 351, 356, 
-278, -492, -214, 385, -31, -353, 1200, 248, 624, 1005, 366, 366, 
-278, -488, -209, 383, -34, -348, 1200, 248, 629, 1010, 370, 366, 
-268, -483, -214, 375, -26, -348, 1200, 248, 629, 1010, 370, 366, 
-263, -473, -209, 368, -26, -341, 1195, 248, 629, 1015, 370, 370, 
-258, -463, -204, 361, -26, -334, 1195, 253, 644, 1029, 380, 380, 
-253, -458, -204, 356, -24, -331, 1195, 258, 649, 1039, 385, 385, 
-244, -463, -219, 353, -12, -341, 1195, 258, 653, 1039, 385, 385, 
-229, -439, -209, 334, -9, -324, 1195, 258, 653, 1044, 390, 390, 
-229, -444, -214, 336, -7, -329, 1200, 268, 663, 1058, 405, 395, 
-239, -448, -209, 344, -14, -329, 1200, 268, 668, 1063, 409, 400, 
-239, -448, -209, 344, -14, -329, 1195, 268, 678, 1073, 419, 405, 
-244, -444, -200, 344, -21, -322, 1190, 268, 683, 1078, 424, 414, 
-234, -444, -209, 339, -12, -326, 1190, 258, 678, 1083, 414, 405, 
-224, -444, -219, 334, -2, -331, 1190, 263, 683, 1098, 424, 409, 
-224, -444, -219, 334, -2, -331, 1185, 263, 688, 1107, 429, 414, 
-224, -434, -209, 329, -7, -322, 1180, 263, 688, 1107, 434, 419, 
-209, -439, -229, 324, 9, -334, 1176, 273, 692, 1117, 444, 439, 
-200, -434, -234, 317, 17, -334, 1176, 273, 697, 1122, 448, 444, 
-190, -429, -239, 309, 24, -334, 1171, 273, 702, 1132, 458, 448, 
-185, -419, -234, 302, 24, -326, 1166, 273, 707, 1137, 458, 458, 
-185, -409, -224, 297, 19, -317, 1151, 263, 717, 1141, 473, 463, 
-180, -395, -214, 287, 17, -305, 1146, 268, 727, 1151, 478, 478, 
-161, -385, -224, 273, 31, -305, 1146, 268, 732, 1161, 492, 483, 
-156, -366, -209, 261, 26, -287, 1146, 278, 736, 1171, 497, 497, 
-141, -351, -209, 246, 34, -280, 1132, 268, 741, 1190, 507, 507, 
-126, -346, -219, 236, 46, -283, 1127, 268, 746, 1205, 517, 512, 
-117, -341, -224, 229, 53, -283, 1122, 268, 751, 1215, 527, 522, 
-107, -322, -214, 214, 53, -268, 1117, 268, 766, 1224, 531, 531, 
-107, -326, -219, 217, 56, -273, 1122, 268, 771, 1224, 546, 527, 
-97, -322, -224, 209, 63, -273, 1117, 263, 771, 1234, 561, 536, 
-82, -312, -229, 197, 73, -270, 1112, 263, 775, 1249, 561, 546, 
-73, -302, -229, 187, 78, -265, 1107, 263, 780, 1259, 570, 556, 
-78, -302, -224, 190, 73, -263, 1112, 273, 790, 1263, 590, 561, 
-82, -302, -219, 192, 68, -261, 1102, 273, 795, 1278, 590, 575, 
-87, -302, -214, 195, 63, -258, 1098, 273, 800, 1288, 600, 585, 
-82, -297, -214, 190, 65, -256, 1093, 273, 810, 1307, 610, 605, 
-68, -292, -224, 180, 78, -258, 1088, 273, 819, 1322, 629, 610, 
-63, -292, -229, 178, 82, -261, 1083, 273, 824, 1327, 639, 619, 
-48, -287, -239, 168, 95, -263, 1078, 268, 829, 1332, 649, 629, 
-29, -273, -244, 151, 107, -258, 1078, 268, 834, 1342, 653, 639, 
-14, -244, -229, 129, 107, -236, 1083, 268, 834, 1351, 663, 649, 
-14, -234, -219, 124, 102, -226, 1078, 268, 839, 1356, 668, 649, 
-14, -224, -209, 119, 97, -217, 1078, 268, 844, 1376, 678, 658, 
0, -214, -214, 107, 107, -214, 1073, 263, 844, 1385, 692, 663, 
-14, -219, -204, 117, 95, -212, 1068, 253, 834, 1376, 688, 668, 
-19, -219, -200, 119, 90, -209, 1063, 258, 839, 1381, 692, 678, 
-24, -214, -190, 119, 82, -202, 1054, 258, 839, 1385, 697, 683, 
-19, -209, -190, 114, 85, -200, 1044, 248, 839, 1390, 697, 683, 
-19, -214, -195, 117, 87, -204, 1044, 253, 839, 1385, 692, 673, 
-19, -219, -200, 119, 90, -209, 1044, 253, 834, 1385, 697, 678, 
-19, -224, -204, 122, 92, -214, 1039, 244, 834, 1385, 697, 683, 
-4, -219, -214, 112, 104, -217, 1034, 239, 834, 1385, 692, 683, 
-4, -209, -204, 107, 100, -207, 1034, 239, 834, 1385, 692, 683, 
-9, -219, -209, 114, 100, -214, 1034, 234, 834, 1385, 697, 683, 
-19, -229, -209, 124, 95, -219, 1034, 234, 829, 1381, 697, 683, 
-19, -229, -209, 124, 95, -219, 1034, 224, 819, 1376, 692, 678, 
-29, -234, -204, 131, 87, -219, 1039, 234, 810, 1356, 673, 673, 
-43, -239, -195, 141, 75, -217, 1039, 224, 805, 1346, 668, 658, 
-68, -263, -195, 165, 63, -229, 1044, 219, 790, 1327, 658, 644, 
-78, -283, -204, 180, 63, -244, 1049, 219, 775, 1317, 639, 639, 
-78, -292, -214, 185, 68, -253, 1049, 209, 761, 1288, 624, 619, 
-82, -302, -219, 192, 68, -261, 1058, 200, 756, 1268, 605, 600, 
-97, -312, -214, 204, 58, -263, 1068, 190, 741, 1254, 585, 580, 
-112, -326, -214, 219, 51, -270, 1078, 180, 732, 1234, 561, 566, 
-136, -322, -185, 229, 24, -253, 1083, 185, 717, 1200, 541, 546, 
-151, -326, -175, 239, 12, -251, 1088, 185, 707, 1185, 517, 527, 
-165, -346, -180, 256, 7, -263, 1098, 185, 707, 1166, 507, 502, 
-185, -366, -180, 275, -2, -273, 1102, 180, 702, 1137, 488, 488, 
-214, -390, -175, 302, -19, -283, 1112, 185, 678, 1102, 463, 458, 
-229, -400, -170, 314, -29, -285, 1127, 185, 663, 1078, 444, 439, 
-248, -414, -165, 331, -41, -290, 1127, 180, 644, 1063, 429, 424, 
-268, -434, -165, 351, -51, -300, 1137, 175, 629, 1044, 409, 414, 
-287, -453, -165, 370, -61, -309, 1132, 170, 614, 1024, 380, 395, 
-292, -468, -175, 380, -58, -322, 1137, 165, 605, 1005, 361, 380, 
-302, -473, -170, 387, -65, -322, 1141, 161, 595, 990, 351, 370, 
-312, -492, -180, 402, -65, -336, 1146, 151, 590, 976, 341, 361, 
-317, -497, -180, 407, -68, -339, 1161, 161, 590, 971, 341, 356, 
-322, -492, -170, 407, -75, -331, 1166, 161, 575, 951, 322, 341, 
-317, -492, -175, 405, -70, -334, 1171, 161, 566, 946, 317, 336, 
-317, -488, -170, 402, -73, -329, 1176, 156, 561, 936, 302, 322, 
-322, -512, -190, 417, -65, -351, 1180, 156, 541, 922, 287, 302, 
-322, -517, -195, 419, -63, -356, 1180, 161, 536, 902, 283, 302, 
-326, -527, -200, 427, -63, -363, 1185, 161, 531, 893, 278, 297, 
-341, -531, -190, 436, -75, -361, 1190, 161, 527, 888, 268, 292, 
-351, -531, -180, 441, -85, -356, 1185, 170, 527, 893, 273, 287, 
-356, -541, -185, 448, -85, -363, 1185, 165, 527, 888, 268, 283, 
-361, -546, -185, 453, -87, -366, 1190, 165, 522, 888, 268, 283, 
-356, -546, -190, 451, -82, -368, 1190, 165, 527, 888, 263, 278, 
-361, -546, -185, 453, -87, -366, 1185, 156, 517, 868, 248, 273, 
-375, -546, -170, 461, -102, -358, 1185, 156, 512, 863, 244, 263, 
-380, -556, -175, 468, -102, -366, 1190, 156, 507, 858, 244, 263, 
-385, -556, -170, 470, -107, -363, 1190, 151, 497, 854, 239, 263, 
-375, -541, -165, 458, -104, -353, 1200, 161, 502, 849, 248, 263, 
-380, -541, -161, 461, -109, -351, 1200, 161, 497, 849, 244, 263, 
-380, -546, -165, 463, -107, -356, 1200, 161, 497, 844, 244, 258, 
-375, -546, -170, 461, -102, -358, 1205, 161, 497, 844, 244, 258, 
-370, -546, -175, 458, -97, -361, 1195, 151, 492, 858, 244, 268, 
-370, -551, -180, 461, -95, -366, 1195, 151, 492, 858, 244, 268, 
-385, -561, -175, 473, -104, -368, 1195, 151, 492, 854, 244, 263, 
-385, -566, -180, 475, -102, -373, 1195, 151, 492, 854, 239, 263, 
-385, -551, -165, 468, -109, -358, 1195, 161, 492, 854, 239, 263, 
-385, -546, -161, 466, -112, -353, 1195, 161, 492, 849, 239, 263, 
-390, -541, -151, 466, -119, -346, 1195, 156, 488, 849, 234, 263, 
-395, -546, -151, 470, -122, -348, 1195, 156, 488, 849, 234, 263, 
-409, -556, -146, 483, -131, -351, 1205, 151, 483, 839, 224, 253, 
-414, -556, -141, 485, -136, -348, 1205, 151, 483, 839, 224, 253, 
-419, -566, -146, 492, -136, -356, 1205, 151, 488, 839, 229, 253, 
-424, -580, -156, 502, -134, -368, 1205, 151, 488, 839, 229, 253, 
-409, -575, -165, 492, -122, -370, 1205, 161, 488, 849, 239, 263, 
-400, -566, -165, 483, -117, -366, 1210, 161, 488, 854, 244, 268, 
-395, -556, -161, 475, -117, -358, 1210, 161, 488, 854, 244, 268, 
-385, -541, -156, 463, -114, -348, 1210, 161, 488, 854, 244, 268, 
-390, -541, -151, 466, -119, -346, 1210, 161, 497, 854, 239, 263, 
-395, -546, -151, 470, -122, -348, 1210, 161, 497, 854, 239, 263, 
-400, -556, -156, 478, -122, -356, 1210, 161, 497, 854, 234, 263, 
-405, -561, -156, 483, -124, -358, 1210, 156, 497, 854, 234, 263, 
-405, -561, -156, 483, -124, -358, 1210, 165, 497, 858, 239, 268, 
-400, -561, -161, 480, -119, -361, 1210, 165, 497, 858, 239, 268, 
-395, -556, -161, 475, -117, -358, 1210, 165, 497, 858, 239, 273, 
-395, -556, -161, 475, -117, -358, 1210, 165, 497, 858, 239, 273, 
-395, -541, -146, 468, -124, -344, 1200, 161, 478, 854, 229, 268, 
-390, -536, -146, 463, -122, -341, 1200, 156, 478, 849, 229, 263, 
-380, -536, -156, 458, -112, -346, 1200, 151, 483, 844, 229, 258, 
-375, -536, -161, 456, -107, -348, 1200, 151, 488, 839, 229, 253, 
-375, -546, -170, 461, -102, -358, 1200, 151, 497, 839, 229, 253, 
-380, -546, -165, 463, -107, -356, 1200, 151, 497, 844, 234, 253, 
-380, -551, -170, 466, -104, -361, 1200, 151, 497, 849, 234, 258, 
-380, -551, -170, 466, -104, -361, 1200, 151, 497, 849, 234, 258, 
-385, -551, -165, 468, -109, -358, 1210, 161, 497, 854, 239, 258, 
-390, -551, -161, 470, -114, -356, 1210, 161, 497, 854, 239, 258, 
-395, -541, -146, 468, -124, -344, 1210, 161, 497, 854, 239, 258, 
-400, -536, -136, 468, -131, -336, 1210, 161, 497, 854, 239, 258, 
-409, -551, -141, 480, -134, -346, 1200, 161, 497, 863, 239, 268, 
-405, -556, -151, 480, -126, -353, 1200, 161, 497, 863, 244, 268, 
-400, -556, -156, 478, -122, -356, 1200, 161, 497, 863, 244, 268, 
-400, -556, -156, 478, -122, -356, 1195, 161, 497, 863, 248, 268, 
-400, -556, -156, 478, -122, -356, 1195, 151, 507, 863, 248, 258, 
-405, -561, -156, 483, -124, -358, 1195, 151, 507, 868, 248, 258, 
-414, -566, -151, 490, -131, -358, 1195, 151, 507, 868, 248, 258, 
-419, -570, -151, 495, -134, -361, 1195, 151, 507, 868, 248, 258, 
-395, -551, -156, 473, -119, -353, 1205, 151, 497, 868, 244, 268, 
-390, -541, -151, 466, -119, -346, 1205, 151, 497, 868, 244, 268, 
-385, -536, -151, 461, -117, -344, 1205, 151, 497, 868, 244, 278, 
-380, -527, -146, 453, -117, -336, 1205, 151, 497, 873, 248, 278, 
-375, -517, -141, 446, -117, -329, 1215, 161, 507, 883, 263, 287, 
-385, -517, -131, 451, -126, -324, 1215, 161, 512, 883, 268, 287, 
-380, -517, -136, 448, -122, -326, 1215, 161, 517, 883, 268, 287, 
-366, -517, -151, 441, -107, -334, 1205, 161, 522, 878, 263, 283, 
-366, -522, -156, 444, -104, -339, 1205, 170, 522, 878, 273, 283, 
-366, -531, -165, 448, -100, -348, 1205, 170, 522, 878, 273, 287, 
-366, -536, -170, 451, -97, -353, 1205, 170, 522, 888, 273, 287, 
-375, -536, -161, 456, -107, -348, 1210, 170, 512, 888, 278, 287, 
-390, -531, -141, 461, -124, -336, 1200, 156, 502, 883, 263, 283, 
-395, -527, -131, 461, -131, -329, 1195, 151, 497, 878, 258, 278, 
-395, -522, -126, 458, -134, -324, 1195, 146, 497, 873, 244, 273, 
-400, -517, -117, 458, -141, -317, 1195, 136, 502, 868, 248, 263, 
-390, -531, -141, 461, -124, -336, 1210, 141, 512, 878, 258, 268, 
-390, -541, -151, 466, -119, -346, 1210, 151, 512, 878, 258, 273, 
-390, -546, -156, 468, -117, -351, 1210, 156, 512, 878, 258, 283, 
-390, -541, -151, 466, -119, -346, 1210, 161, 512, 878, 263, 287, 
-390, -536, -146, 463, -122, -341, 1210, 170, 517, 883, 263, 287, 
-395, -536, -141, 466, -126, -339, 1210, 170, 517, 883, 263, 287, 
-405, -541, -136, 473, -134, -339, 1210, 165, 517, 878, 258, 287, 
-409, -541, -131, 475, -139, -336, 1210, 165, 507, 878, 258, 287, 
-395, -531, -136, 463, -129, -334, 1200, 156, 507, 878, 258, 278, 
-385, -536, -151, 461, -117, -344, 1200, 151, 497, 878, 253, 278, 
-380, -536, -156, 458, -112, -346, 1200, 151, 497, 878, 253, 278, 
-380, -536, -156, 458, -112, -346, 1200, 156, 502, 878, 253, 278, 
-390, -541, -151, 466, -119, -346, 1205, 165, 512, 888, 263, 283, 
-395, -546, -151, 470, -122, -348, 1210, 165, 512, 888, 263, 283, 
-395, -551, -156, 473, -119, -353, 1215, 161, 512, 883, 263, 287, 
-400, -556, -156, 478, -122, -356, 1220, 161, 512, 883, 263, 292, 
-395, -556, -161, 475, -117, -358, 1210, 151, 507, 873, 253, 283, 
-395, -556, -161, 475, -117, -358, 1210, 151, 502, 868, 253, 283, 
-390, -556, -165, 473, -112, -361, 1210, 151, 497, 868, 253, 283, 
-390, -566, -175, 478, -107, -370, 1210, 146, 483, 868, 248, 278, 
-400, -556, -156, 478, -122, -356, 1205, 151, 492, 858, 248, 278, 
-400, -551, -151, 475, -124, -351, 1200, 151, 497, 858, 248, 273, 
-400, -546, -146, 473, -126, -346, 1200, 156, 497, 858, 244, 263, 
-405, -546, -141, 475, -131, -344, 1205, 156, 497, 863, 244, 273, 
-395, -536, -141, 466, -126, -339, 1205, 151, 497, 873, 248, 273, 
-395, -536, -141, 466, -126, -339, 1205, 151, 497, 873, 248, 278, 
-395, -536, -141, 466, -126, -339, 1210, 151, 497, 873, 248, 278, 
-395, -536, -141, 466, -126, -339, 1210, 151, 497, 868, 248, 268, 
-390, -536, -146, 463, -122, -341, 1200, 146, 488, 858, 244, 268, 
-385, -536, -151, 461, -117, -344, 1200, 146, 488, 858, 244, 273, 
-380, -536, -156, 458, -112, -346, 1200, 146, 492, 858, 244, 273, 
-366, -536, -170, 451, -97, -353, 1200, 146, 492, 858, 248, 273, 
-370, -536, -165, 453, -102, -351, 1200, 151, 492, 868, 248, 273, 
-380, -536, -156, 458, -112, -346, 1205, 151, 483, 868, 248, 273, 
-385, -541, -156, 463, -114, -348, 1210, 156, 483, 868, 248, 273, 
-395, -541, -146, 468, -124, -344, 1215, 156, 483, 868, 248, 273, 
-409, -546, -136, 478, -136, -341, 1215, 156, 492, 858, 248, 273, 
-414, -551, -136, 483, -139, -344, 1215, 156, 492, 863, 248, 273, 
-409, -551, -141, 480, -134, -346, 1215, 156, 492, 863, 248, 273, 
-409, -551, -141, 480, -134, -346, 1215, 156, 492, 858, 239, 273, 
-400, -551, -151, 475, -124, -351, 1215, 146, 497, 858, 248, 273, 
-405, -556, -151, 480, -126, -353, 1210, 146, 497, 858, 244, 268, 
-405, -561, -156, 483, -124, -358, 1210, 146, 492, 858, 244, 268, 
-400, -566, -165, 483, -117, -366, 1215, 146, 492, 858, 244, 268, 
-405, -541, -136, 473, -134, -339, 1205, 136, 488, 854, 244, 258, 
-409, -536, -126, 473, -141, -331, 1205, 131, 483, 854, 239, 258, 
-414, -536, -122, 475, -146, -329, 1205, 131, 478, 854, 234, 258, 
-419, -531, -112, 475, -153, -322, 1210, 131, 473, 854, 229, 258, 
-414, -536, -122, 475, -146, -329, 1210, 136, 483, 854, 239, 273, 
-419, -541, -122, 480, -148, -331, 1205, 136, 478, 854, 239, 273, 
-419, -546, -126, 483, -146, -336, 1205, 141, 478, 849, 234, 268, 
-419, -551, -131, 485, -143, -341, 1205, 146, 478, 849, 234, 268, 
-409, -556, -146, 483, -131, -351, 1215, 141, 483, 858, 239, 273, 
-409, -556, -146, 483, -131, -351, 1215, 141, 483, 858, 239, 273, 
-409, -556, -146, 483, -131, -351, 1220, 141, 473, 863, 234, 273, 
-414, -556, -141, 485, -136, -348, 1220, 141, 483, 863, 234, 273, 
-405, -546, -141, 475, -131, -344, 1220, 151, 483, 863, 239, 273, 
-405, -541, -136, 473, -134, -339, 1220, 151, 483, 863, 239, 273, 
-405, -541, -136, 473, -134, -339, 1220, 151, 483, 863, 239, 273, 
-400, -531, -131, 466, -134, -331, 1220, 151, 483, 863, 239, 273, 
-405, -527, -122, 466, -141, -324, 1215, 151, 492, 873, 248, 273, 
-400, -527, -126, 463, -136, -326, 1215, 151, 492, 873, 248, 273, 
-400, -522, -122, 461, -139, -322, 1210, 151, 488, 873, 248, 268, 
-400, -512, -112, 456, -143, -312, 1210, 151, 488, 858, 244, 268, 
-409, -527, -117, 468, -146, -322, 1210, 141, 483, 849, 234, 258, 
-409, -536, -126, 473, -141, -331, 1210, 141, 478, 849, 234, 258, 
-409, -546, -136, 478, -136, -341, 1210, 136, 473, 849, 234, 258, 
-409, -551, -141, 480, -134, -346, 1210, 136, 468, 849, 234, 258, 
-419, -551, -131, 485, -143, -341, 1220, 136, 473, 854, 234, 268, 
-424, -551, -126, 488, -148, -339, 1220, 136, 473, 854, 234, 268, 
-424, -551, -126, 488, -148, -339, 1210, 136, 473, 854, 234, 263, 
-419, -551, -131, 485, -143, -341, 1210, 141, 478, 854, 234, 263, 
-414, -546, -131, 480, -141, -339, 1220, 141, 478, 854, 239, 263, 
-409, -546, -136, 478, -136, -341, 1220, 136, 478, 854, 239, 263, 
-405, -541, -136, 473, -134, -339, 1220, 136, 478, 854, 234, 263, 
-405, -536, -131, 470, -136, -334, 1215, 136, 478, 854, 234, 263, 
-409, -536, -126, 473, -141, -331, 1205, 136, 468, 854, 234, 253, 
-400, -536, -136, 468, -131, -336, 1205, 136, 468, 854, 234, 253, 
-414, -531, -117, 473, -148, -324, 1205, 136, 468, 854, 234, 253, 
-419, -531, -112, 475, -153, -322, 1205, 136, 468, 854, 239, 253, 
-409, -531, -122, 470, -143, -326, 1205, 136, 468, 854, 229, 253, 
-405, -531, -126, 468, -139, -329, 1205, 136, 468, 858, 229, 258, 
-405, -531, -126, 468, -139, -329, 1205, 141, 468, 858, 229, 258, 
-405, -522, -117, 463, -143, -319, 1205, 141, 478, 858, 239, 263, 
-405, -531, -126, 468, -139, -329, 1205, 141, 478, 858, 239, 263, 
-409, -531, -122, 470, -143, -326, 1205, 141, 483, 858, 239, 258, 
-414, -531, -117, 473, -148, -324, 1205, 141, 483, 858, 239, 258, 
-419, -527, -107, 473, -156, -317, 1205, 141, 483, 858, 239, 263, 
-409, -527, -117, 468, -146, -322, 1215, 151, 483, 863, 239, 273, 
-405, -522, -117, 463, -143, -319, 1215, 151, 483, 863, 239, 278, 
-400, -536, -136, 468, -131, -336, 1220, 151, 488, 863, 239, 278, 
-400, -541, -141, 470, -129, -341, 1220, 151, 488, 868, 244, 278, 
-409, -527, -117, 468, -146, -322, 1210, 161, 502, 873, 248, 278, 
-409, -507, -97, 458, -156, -302, 1229, 165, 527, 897, 263, 302, 
-400, -497, -97, 448, -151, -297, 1220, 156, 536, 902, 268, 312, 
-400, -488, -87, 444, -156, -287, 1220, 156, 536, 907, 273, 312, 
-400, -478, -78, 439, -161, -278, 1220, 156, 536, 912, 278, 312, 
-400, -468, -68, 434, -165, -268, 1220, 156, 536, 917, 283, 312, 
-380, -458, -78, 419, -151, -268, 1210, 161, 546, 922, 287, 302, 
-370, -453, -82, 412, -143, -268, 1215, 165, 551, 922, 287, 307, 
-356, -448, -92, 402, -131, -270, 1220, 170, 551, 922, 287, 307, 
-341, -444, -102, 392, -119, -273, 1220, 170, 551, 912, 287, 307, 
-351, -444, -92, 397, -129, -268, 1215, 165, 556, 932, 297, 317, 
-356, -444, -87, 400, -134, -265, 1215, 165, 556, 932, 302, 317, 
-356, -444, -87, 400, -134, -265, 1205, 165, 561, 932, 302, 326, 
-341, -434, -92, 387, -124, -263, 1200, 151, 561, 936, 302, 326, 
-326, -434, -107, 380, -109, -270, 1180, 151, 566, 946, 307, 326, 
-317, -429, -112, 373, -102, -270, 1166, 146, 566, 951, 307, 331, 
-312, -424, -112, 368, -100, -268, 1156, 141, 561, 951, 317, 341, 
-307, -419, -112, 363, -97, -265, 1151, 141, 561, 956, 317, 346, 
-297, -424, -126, 361, -85, -275, 1141, 126, 561, 956, 317, 341, 
-287, -419, -131, 353, -78, -275, 1127, 122, 561, 956, 322, 341, 
-287, -414, -126, 351, -80, -270, 1127, 122, 561, 961, 326, 346, 
-283, -414, -131, 348, -75, -273, 1127, 122, 556, 961, 331, 351, 
-278, -419, -141, 348, -68, -280, 1127, 122, 541, 951, 331, 361, 
-278, -424, -146, 351, -65, -285, 1127, 122, 541, 951, 326, 361, 
-278, -429, -151, 353, -63, -290, 1132, 122, 531, 941, 317, 351, 
-283, -448, -165, 366, -58, -307, 1132, 117, 507, 922, 302, 341, 
-297, -448, -151, 373, -73, -300, 1127, 107, 492, 902, 287, 336, 
-297, -448, -151, 373, -73, -300, 1127, 102, 492, 902, 287, 331, 
-297, -448, -151, 373, -73, -300, 1127, 102, 488, 897, 283, 322, 
-312, -448, -136, 380, -87, -292, 1127, 97, 483, 893, 278, 312, 
-326, -453, -126, 390, -100, -290, 1137, 92, 478, 897, 283, 322, 
-331, -458, -126, 395, -102, -292, 1141, 92, 478, 888, 283, 317, 
-331, -458, -126, 395, -102, -292, 1141, 92, 478, 883, 278, 312, 
-346, -453, -107, 400, -119, -280, 1141, 92, 473, 883, 273, 312, 
-356, -453, -97, 405, -129, -275, 1151, 92, 478, 883, 273, 317, 
-361, -458, -97, 409, -131, -278, 1156, 102, 473, 883, 268, 317, 
-366, -463, -97, 414, -134, -280, 1156, 102, 473, 878, 268, 312, 
-375, -483, -107, 429, -134, -295, 1156, 107, 468, 873, 263, 307, 
-390, -497, -107, 444, -141, -302, 1156, 97, 458, 868, 248, 292, 
-395, -507, -112, 451, -141, -309, 1166, 97, 458, 863, 244, 287, 
-405, -517, -112, 461, -146, -314, 1166, 97, 453, 863, 244, 278, 
-414, -527, -112, 470, -151, -319, 1166, 97, 448, 858, 234, 268, 
-429, -531, -102, 480, -163, -317, 1171, 102, 448, 844, 229, 258, 
-429, -541, -112, 485, -158, -326, 1176, 107, 448, 839, 229, 258, 
-429, -541, -112, 485, -158, -326, 1180, 107, 444, 839, 224, 253, 
-434, -541, -107, 488, -163, -324, 1180, 107, 444, 834, 219, 248, 
-448, -546, -97, 497, -175, -322, 1190, 117, 453, 844, 219, 258, 
-439, -546, -107, 492, -165, -326, 1190, 117, 444, 839, 214, 253, 
-434, -551, -117, 492, -158, -334, 1190, 117, 444, 834, 214, 248, 
-429, -551, -122, 490, -153, -336, 1190, 112, 439, 829, 209, 244, 
-414, -561, -146, 488, -134, -353, 1180, 112, 424, 824, 200, 234, 
-424, -561, -136, 492, -143, -348, 1180, 117, 424, 824, 200, 234, 
-424, -570, -146, 497, -139, -358, 1180, 117, 424, 824, 204, 234, 
-419, -570, -151, 495, -134, -361, 1190, 117, 429, 824, 204, 234, 
-429, -570, -141, 500, -143, -356, 1200, 117, 429, 829, 204, 248, 
-429, -570, -141, 500, -143, -356, 1195, 117, 424, 829, 204, 248, 
-429, -570, -141, 500, -143, -356, 1190, 117, 424, 819, 195, 239, 
-444, -570, -126, 507, -158, -348, 1190, 117, 424, 814, 195, 234, 
-424, -580, -156, 502, -134, -368, 1205, 126, 434, 824, 200, 244, 
-419, -580, -161, 500, -129, -370, 1210, 131, 434, 824, 209, 244, 
-419, -585, -165, 502, -126, -375, 1215, 136, 434, 829, 214, 244, 
-419, -585, -165, 502, -126, -375, 1215, 136, 439, 834, 214, 248, 
-434, -575, -141, 505, -146, -358, 1220, 141, 439, 824, 204, 239, 
-439, -575, -136, 507, -151, -356, 1220, 141, 439, 824, 204, 239, 
-444, -575, -131, 509, -156, -353, 1220, 141, 439, 824, 204, 234, 
-444, -575, -131, 509, -156, -353, 1220, 141, 439, 824, 204, 229, 
-448, -580, -131, 514, -158, -356, 1210, 141, 429, 814, 204, 229, 
-448, -580, -131, 514, -158, -356, 1210, 141, 429, 814, 204, 234, 
-448, -570, -122, 509, -163, -346, 1210, 141, 429, 814, 200, 234, 
-448, -570, -122, 509, -163, -346, 1210, 136, 429, 814, 200, 234, 
-453, -585, -131, 519, -161, -358, 1210, 136, 439, 824, 204, 239, 
-453, -575, -122, 514, -165, -348, 1215, 141, 439, 824, 204, 239, 
-448, -575, -126, 512, -161, -351, 1215, 141, 439, 824, 200, 239, 
-448, -575, -126, 512, -161, -351, 1210, 141, 444, 824, 200, 239, 
-453, -580, -126, 517, -163, -353, 1210, 141, 444, 834, 204, 248, 
-453, -585, -131, 519, -161, -358, 1220, 146, 448, 839, 204, 253, 
-453, -590, -136, 522, -158, -363, 1220, 146, 448, 839, 204, 253, 
-453, -595, -141, 524, -156, -368, 1220, 141, 448, 839, 204, 248, 
-439, -580, -141, 509, -148, -361, 1205, 131, 444, 834, 214, 239, 
-434, -575, -141, 505, -146, -358, 1205, 131, 444, 829, 209, 239, 
-429, -570, -141, 500, -143, -356, 1205, 131, 444, 829, 209, 239, 
-424, -566, -141, 495, -141, -353, 1205, 131, 444, 829, 209, 239, 
-424, -575, -151, 500, -136, -363, 1215, 131, 444, 844, 204, 239, 
-434, -575, -141, 505, -146, -358, 1215, 131, 448, 844, 204, 239, 
-434, -575, -141, 505, -146, -358, 1215, 131, 448, 844, 204, 244, 
-424, -575, -151, 500, -136, -363, 1215, 131, 448, 844, 204, 244, 
-434, -561, -126, 497, -153, -344, 1220, 156, 458, 844, 224, 253, 
-473, -590, -117, 531, -178, -353, 1220, 161, 468, 844, 214, 239, 
-458, -595, -136, 527, -161, -366, 1234, 175, 483, 839, 195, 224, 
-439, -585, -146, 512, -146, -366, 1259, 214, 517, 839, 185, 209, 
-444, -580, -136, 512, -153, -358, 1298, 258, 580, 868, 204, 209, 
-434, -556, -122, 495, -156, -339, 1327, 292, 653, 917, 229, 234, 
-414, -522, -107, 468, -153, -314, 1356, 326, 736, 980, 268, 258, 
-414, -507, -92, 461, -161, -300, 1405, 390, 824, 1073, 322, 302, 
-385, -473, -87, 429, -148, -280, 1420, 439, 893, 1141, 385, 351, 
-307, -439, -131, 373, -87, -285, 1439, 478, 946, 1220, 453, 405, 
-214, -405, -190, 309, -12, -297, 1439, 541, 995, 1317, 551, 483, 
-107, -366, -258, 236, 75, -312, 1405, 570, 1015, 1405, 644, 580, 
9, -317, -326, 153, 168, -322, 1307, 531, 927, 1459, 727, 678, 
122, -278, -400, 78, 261, -339, 1200, 458, 780, 1459, 775, 771, 
224, -234, -458, 4, 341, -346, 1083, 346, 624, 1473, 824, 839, 
346, -146, -492, -100, 419, -319, 907, 175, 517, 1537, 902, 946, 
468, -24, -492, -222, 480, -258, 702, 9, 434, 1659, 1034, 1098, 
570, 87, -483, -329, 527, -197, 507, -131, 361, 1810, 1205, 1268, 
653, 214, -439, -434, 546, -112, 331, -258, 322, 1995, 1395, 1449, 
683, 307, -375, -495, 529, -34, 204, -375, 326, 2132, 1527, 1571, 
644, 278, -366, -461, 505, -43, 180, -409, 278, 2015, 1410, 1488, 
512, 82, -429, -297, 470, -173, 263, -390, 141, 1605, 1019, 1166, 
302, -117, -419, -92, 361, -268, 395, -366, 24, 1180, 644, 839, 
107, -185, -292, 39, 200, -239, 512, -346, -4, 961, 453, 683, 
-73, -209, -136, 141, 31, -173, 600, -346, 9, 849, 375, 605, 
-219, -283, -63, 251, -78, -173, 692, -312, 19, 746, 292, 512, 
-283, -390, -107, 336, -87, -248, 790, -244, 9, 658, 229, 444, 
-312, -434, -122, 373, -95, -278, 849, -195, 14, 639, 204, 414, 
-326, -414, -87, 370, -119, -251, 897, -141, 73, 683, 224, 400, 
-326, -405, -78, 366, -124, -241, 961, -92, 161, 722, 229, 380, 
-336, -414, -78, 375, -129, -246, 1005, -43, 224, 761, 244, 356, 
-336, -429, -92, 383, -122, -261, 1044, 4, 287, 790, 248, 356, 
-331, -434, -102, 383, -114, -268, 1078, 39, 346, 814, 253, 341, 
-361, -458, -97, 409, -131, -278, 1098, 78, 390, 829, 253, 336, 
-380, -497, -117, 439, -131, -307, 1127, 112, 439, 858, 258, 331, 
-380, -497, -117, 439, -131, -307, 1146, 141, 478, 888, 278, 326, 
-385, -483, -97, 434, -143, -290, 1166, 165, 502, 907, 273, 312, 
-400, -512, -112, 456, -143, -312, 1185, 175, 512, 907, 263, 307, 
-385, -536, -151, 461, -117, -344, 1205, 175, 512, 907, 258, 302, 
-385, -531, -146, 458, -119, -339, 1205, 165, 497, 888, 253, 287, 
-390, -527, -136, 458, -126, -331, 1195, 151, 483, 878, 239, 278, 
-405, -522, -117, 463, -143, -319, 1200, 151, 478, 873, 234, 273, 
-409, -517, -107, 463, -151, -312, 1200, 151, 478, 868, 234, 273, 
-409, -512, -102, 461, -153, -307, 1200, 156, 483, 868, 239, 278, 
-414, -507, -92, 461, -161, -300, 1220, 165, 502, 873, 248, 287, 
-414, -512, -97, 463, -158, -305, 1220, 175, 512, 878, 244, 278, 
-424, -531, -107, 478, -158, -319, 1220, 175, 517, 883, 244, 278, 
-429, -546, -117, 488, -156, -331, 1224, 185, 517, 893, 244, 278, 
-424, -556, -131, 490, -146, -344, 1234, 190, 517, 897, 244, 273, 
-424, -556, -131, 490, -146, -344, 1234, 190, 517, 897, 244, 273, 
-419, -556, -136, 488, -141, -346, 1239, 190, 512, 897, 244, 273, 
-419, -556, -136, 488, -141, -346, 1239, 185, 507, 893, 239, 268, 
-409, -546, -136, 478, -136, -341, 1234, 185, 517, 893, 239, 268, 
-405, -541, -136, 473, -134, -339, 1234, 185, 522, 897, 244, 273, 
-405, -536, -131, 470, -136, -334, 1234, 190, 527, 897, 244, 273, 
-405, -536, -131, 470, -136, -334, 1244, 190, 531, 897, 248, 273, 
-405, -531, -126, 468, -139, -329, 1244, 204, 536, 907, 258, 278, 
-405, -531, -126, 468, -139, -329, 1239, 204, 536, 907, 258, 278, 
-405, -536, -131, 470, -136, -334, 1239, 209, 531, 917, 258, 278, 
-405, -546, -141, 475, -131, -344, 1244, 209, 531, 917, 263, 278, 
-419, -546, -126, 483, -146, -336, 1244, 209, 531, 912, 253, 278, 
-419, -546, -126, 483, -146, -336, 1239, 204, 527, 912, 253, 278, 
-409, -536, -126, 473, -141, -331, 1239, 204, 522, 907, 253, 278, 
-405, -531, -126, 468, -139, -329, 1239, 204, 522, 902, 258, 278, 
-400, -517, -117, 458, -141, -317, 1239, 195, 531, 912, 258, 283, 
-395, -517, -122, 456, -136, -319, 1239, 200, 541, 917, 263, 283, 
-390, -522, -131, 456, -129, -326, 1244, 204, 546, 922, 263, 287, 
-385, -522, -136, 453, -124, -329, 1244, 204, 546, 922, 263, 287, 
-390, -531, -141, 461, -124, -336, 1249, 214, 556, 927, 263, 287, 
-395, -531, -136, 463, -129, -334, 1249, 209, 551, 927, 263, 287, 
-400, -531, -131, 466, -134, -331, 1249, 209, 551, 932, 263, 287, 
-405, -527, -122, 466, -141, -324, 1254, 209, 556, 936, 263, 292, 
-409, -531, -122, 470, -143, -326, 1244, 209, 546, 927, 268, 292, 
-405, -527, -122, 466, -141, -324, 1244, 209, 546, 927, 268, 287, 
-405, -531, -126, 468, -139, -329, 1244, 209, 546, 927, 263, 287, 
-405, -536, -131, 470, -136, -334, 1244, 209, 546, 927, 263, 287, 
-385, -527, -141, 456, -122, -334, 1234, 200, 541, 922, 273, 278, 
-390, -527, -136, 458, -126, -331, 1234, 200, 541, 922, 273, 278, 
-385, -527, -141, 456, -122, -334, 1234, 200, 546, 927, 273, 287, 
-380, -527, -146, 453, -117, -336, 1229, 204, 546, 927, 278, 287, 
-361, -512, -151, 436, -104, -331, 1229, 204, 546, 941, 268, 297, 
-361, -507, -146, 434, -107, -326, 1229, 204, 546, 941, 273, 297, 
-361, -507, -146, 434, -107, -326, 1229, 204, 551, 941, 273, 297, 
-366, -507, -141, 436, -112, -324, 1229, 204, 551, 941, 278, 297, 
-366, -492, -126, 429, -119, -309, 1239, 214, 561, 946, 292, 302, 
-356, -492, -136, 424, -109, -314, 1239, 214, 561, 946, 292, 302, 
-356, -497, -141, 427, -107, -319, 1239, 219, 566, 951, 292, 307, 
-356, -502, -146, 429, -104, -324, 1239, 219, 566, 951, 292, 307, 
-366, -502, -136, 434, -114, -319, 1229, 214, 556, 951, 283, 317, 
-356, -492, -136, 424, -109, -314, 1229, 214, 561, 956, 283, 317, 
-356, -492, -136, 424, -109, -314, 1229, 214, 561, 961, 287, 317, 
-356, -492, -136, 424, -109, -314, 1229, 209, 561, 961, 287, 317, 
-361, -512, -151, 436, -104, -331, 1229, 219, 570, 971, 297, 322, 
-366, -517, -151, 441, -107, -334, 1224, 219, 570, 971, 297, 322, 
-366, -522, -156, 444, -104, -339, 1224, 219, 575, 971, 297, 322, 
-370, -517, -146, 444, -112, -331, 1220, 219, 580, 976, 302, 326, 
-361, -517, -156, 439, -102, -336, 1220, 224, 570, 971, 292, 326, 
-361, -517, -156, 439, -102, -336, 1224, 224, 575, 971, 297, 322, 
-356, -517, -161, 436, -97, -339, 1224, 224, 575, 966, 297, 317, 
-351, -512, -161, 431, -95, -336, 1224, 224, 575, 966, 297, 317, 
-351, -492, -141, 422, -104, -317, 1234, 229, 575, 980, 302, 326, 
-346, -488, -141, 417, -102, -314, 1234, 229, 580, 985, 307, 326, 
-346, -483, -136, 414, -104, -309, 1234, 229, 590, 985, 312, 326, 
-346, -478, -131, 412, -107, -305, 1234, 234, 590, 990, 312, 336, 
-341, -473, -131, 407, -104, -302, 1234, 234, 590, 980, 317, 336, 
-346, -473, -126, 409, -109, -300, 1234, 234, 595, 985, 322, 336, 
-351, -473, -122, 412, -114, -297, 1234, 234, 595, 995, 322, 336, 
-356, -473, -117, 414, -119, -295, 1234, 234, 595, 995, 326, 336, 
-351, -483, -131, 417, -109, -307, 1224, 248, 605, 1000, 336, 346, 
-341, -483, -141, 412, -100, -312, 1224, 248, 605, 1005, 336, 346, 
-336, -483, -146, 409, -95, -314, 1224, 248, 605, 1019, 341, 346, 
-331, -478, -146, 405, -92, -312, 1224, 258, 614, 1029, 346, 356, 
-317, -473, -156, 395, -80, -314, 1229, 258, 614, 1024, 341, 361, 
-317, -463, -146, 390, -85, -305, 1229, 253, 614, 1029, 346, 361, 
-312, -453, -141, 383, -85, -297, 1220, 253, 614, 1034, 346, 361, 
-312, -444, -131, 378, -90, -287, 1220, 253, 619, 1039, 351, 366, 
-307, -453, -146, 380, -80, -300, 1220, 248, 624, 1044, 356, 375, 
-307, -458, -151, 383, -78, -305, 1220, 248, 629, 1049, 361, 375, 
-297, -463, -165, 380, -65, -314, 1220, 248, 629, 1049, 361, 375, 
-292, -463, -170, 378, -61, -317, 1215, 248, 629, 1054, 361, 380, 
-297, -453, -156, 375, -70, -305, 1205, 253, 644, 1049, 370, 380, 
-302, -448, -146, 375, -78, -297, 1205, 258, 649, 1058, 375, 385, 
-302, -453, -151, 378, -75, -302, 1205, 258, 653, 1058, 375, 385, 
-297, -429, -131, 363, -82, -280, 1205, 258, 653, 1063, 380, 390, 
-278, -439, -161, 358, -58, -300, 1210, 258, 644, 1078, 385, 395, 
-278, -439, -161, 358, -58, -300, 1210, 258, 649, 1083, 390, 400, 
-268, -434, -165, 351, -51, -300, 1205, 258, 658, 1093, 400, 405, 
-263, -424, -161, 344, -51, -292, 1200, 258, 663, 1098, 405, 414, 
-258, -419, -161, 339, -48, -290, 1200, 268, 678, 1093, 405, 424, 
-244, -414, -170, 329, -36, -292, 1200, 273, 683, 1107, 414, 429, 
-239, -409, -170, 324, -34, -290, 1195, 273, 688, 1117, 419, 434, 
-234, -395, -161, 314, -36, -278, 1190, 273, 688, 1117, 424, 439, 
-234, -390, -156, 312, -39, -273, 1176, 263, 683, 1127, 424, 439, 
-229, -385, -156, 307, -36, -270, 1176, 263, 688, 1132, 429, 444, 
-224, -380, -156, 302, -34, -268, 1171, 263, 692, 1141, 439, 448, 
-224, -370, -146, 297, -39, -258, 1166, 263, 697, 1146, 439, 458, 
-204, -356, -151, 280, -26, -253, 1166, 273, 712, 1171, 458, 468, 
-200, -346, -146, 273, -26, -246, 1166, 278, 727, 1180, 468, 488, 
-180, -341, -161, 261, -9, -251, 1171, 278, 736, 1190, 488, 497, 
-175, -326, -151, 251, -12, -239, 1176, 287, 746, 1200, 497, 517, 
-175, -326, -151, 251, -12, -239, 1161, 278, 741, 1210, 497, 522, 
-165, -326, -161, 246, -2, -244, 1156, 278, 746, 1224, 507, 522, 
-161, -326, -165, 244, 2, -246, 1151, 278, 751, 1234, 517, 527, 
-156, -312, -156, 234, 0, -234, 1146, 278, 766, 1244, 522, 531, 
-146, -317, -170, 231, 12, -244, 1141, 287, 771, 1254, 536, 536, 
-136, -322, -185, 229, 24, -253, 1137, 283, 771, 1263, 551, 546, 
-122, -322, -200, 222, 39, -261, 1132, 283, 775, 1278, 551, 556, 
-112, -322, -209, 217, 48, -265, 1127, 283, 780, 1288, 561, 566, 
-102, -287, -185, 195, 41, -236, 1112, 273, 771, 1283, 561, 556, 
-102, -273, -170, 187, 34, -222, 1102, 273, 775, 1288, 561, 566, 
-102, -258, -156, 180, 26, -207, 1098, 273, 780, 1288, 570, 570, 
-92, -239, -146, 165, 26, -192, 1093, 273, 790, 1298, 580, 585, 
-92, -239, -146, 165, 26, -192, 1088, 273, 800, 1317, 600, 600, 
-92, -244, -151, 168, 29, -197, 1083, 273, 805, 1327, 610, 610, 
-82, -244, -161, 163, 39, -202, 1078, 268, 810, 1337, 619, 619, 
-68, -234, -165, 151, 48, -200, 1078, 268, 814, 1351, 624, 629, 
-53, -214, -161, 134, 53, -187, 1073, 268, 814, 1346, 629, 619, 
-53, -214, -161, 134, 53, -187, 1068, 268, 819, 1346, 629, 619, 
-53, -214, -161, 134, 53, -187, 1068, 268, 824, 1361, 634, 629, 
-39, -214, -175, 126, 68, -195, 1063, 263, 824, 1366, 644, 634, 
-34, -214, -180, 124, 73, -197, 1063, 263, 824, 1376, 639, 639, 
-29, -209, -180, 119, 75, -195, 1063, 268, 829, 1381, 644, 649, 
-24, -200, -175, 112, 75, -187, 1058, 268, 829, 1385, 649, 653, 
-9, -190, -180, 100, 85, -185, 1054, 258, 829, 1390, 649, 653, 
-29, -195, -165, 112, 68, -180, 1054, 253, 839, 1385, 658, 663, 
-29, -200, -170, 114, 70, -185, 1054, 253, 834, 1385, 668, 668, 
-29, -204, -175, 117, 73, -190, 1049, 244, 834, 1385, 673, 673, 
-14, -200, -185, 107, 85, -192, 1044, 239, 834, 1385, 673, 673, 
-4, -204, -200, 104, 97, -202, 1054, 248, 824, 1385, 668, 673, 
-9, -219, -209, 114, 100, -214, 1054, 244, 824, 1385, 668, 673, 
-19, -234, -214, 126, 97, -224, 1054, 244, 819, 1381, 663, 673, 
-19, -239, -219, 129, 100, -229, 1054, 234, 810, 1376, 653, 668, 
-24, -219, -195, 122, 85, -207, 1039, 224, 800, 1376, 653, 663, 
-43, -209, -165, 126, 61, -187, 1039, 214, 795, 1366, 649, 649, 
-73, -219, -146, 146, 36, -183, 1044, 209, 780, 1346, 639, 634, 
-87, -224, -136, 156, 24, -180, 1049, 209, 766, 1337, 619, 629, 
-92, -239, -146, 165, 26, -192, 1049, 204, 771, 1327, 610, 624, 
-102, -253, -151, 178, 24, -202, 1058, 200, 766, 1307, 595, 610, 
-122, -268, -146, 195, 12, -207, 1068, 195, 751, 1293, 580, 595, 
-141, -287, -146, 214, 2, -217, 1078, 190, 741, 1273, 561, 585, 
-156, -292, -136, 224, -9, -214, 1083, 185, 717, 1239, 541, 556, 
-170, -297, -126, 234, -21, -212, 1088, 185, 707, 1224, 517, 536, 
-185, -317, -131, 251, -26, -224, 1098, 185, 707, 1205, 507, 512, 
-204, -336, -131, 270, -36, -234, 1102, 180, 702, 1176, 488, 497, 
-214, -361, -146, 287, -34, -253, 1117, 180, 692, 1156, 468, 488, 
-229, -370, -141, 300, -43, -256, 1137, 185, 683, 1137, 453, 468, 
-248, -385, -136, 317, -56, -261, 1141, 185, 668, 1127, 444, 453, 
-268, -405, -136, 336, -65, -270, 1156, 185, 658, 1112, 429, 444, 
-278, -405, -126, 341, -75, -265, 1151, 180, 634, 1088, 400, 424, 
-283, -419, -136, 351, -73, -278, 1156, 175, 624, 1063, 380, 409, 
-292, -424, -131, 358, -80, -278, 1161, 170, 614, 1044, 370, 400, 
-302, -444, -141, 373, -80, -292, 1166, 161, 610, 1024, 361, 390, 
-322, -463, -141, 392, -90, -302, 1171, 161, 610, 1019, 351, 375, 
-331, -463, -131, 397, -100, -297, 1176, 161, 595, 1000, 331, 361, 
-331, -468, -136, 400, -97, -302, 1180, 161, 585, 995, 326, 356, 
-336, -468, -131, 402, -102, -300, 1185, 156, 580, 985, 312, 341, 
-341, -478, -136, 409, -102, -307, 1190, 156, 570, 966, 297, 331, 
-341, -478, -136, 409, -102, -307, 1190, 161, 566, 951, 292, 331, 
-346, -483, -136, 414, -104, -309, 1195, 161, 561, 946, 287, 326, 
-361, -483, -122, 422, -119, -302, 1200, 161, 556, 946, 278, 322, 
-390, -488, -97, 439, -146, -292, 1195, 151, 546, 932, 263, 307, 
-405, -502, -97, 453, -153, -300, 1195, 146, 536, 927, 258, 302, 
-419, -512, -92, 466, -163, -302, 1200, 146, 522, 927, 258, 302, 
-424, -517, -92, 470, -165, -305, 1200, 146, 517, 927, 253, 297, 
-414, -527, -112, 470, -151, -319, 1200, 151, 517, 922, 263, 297, 
-424, -527, -102, 475, -161, -314, 1205, 156, 522, 922, 263, 292, 
-424, -536, -112, 480, -156, -324, 1215, 161, 527, 922, 268, 297, 
-424, -536, -112, 480, -156, -324, 1220, 161, 527, 922, 268, 302, 
-419, -531, -112, 475, -153, -322, 1210, 151, 522, 907, 258, 297, 
-419, -531, -112, 475, -153, -322, 1210, 151, 517, 907, 253, 292, 
-414, -536, -122, 475, -146, -329, 1210, 151, 517, 902, 253, 283, 
-405, -536, -131, 470, -136, -334, 1215, 151, 517, 902, 253, 278, 
-405, -531, -126, 468, -139, -329, 1215, 151, 512, 907, 244, 287, 
-409, -531, -122, 470, -143, -326, 1215, 151, 512, 907, 244, 287, 
-429, -536, -107, 483, -161, -322, 1215, 151, 512, 902, 244, 283, 
-434, -536, -102, 485, -165, -319, 1215, 151, 512, 902, 239, 283, 
-419, -527, -107, 473, -156, -317, 1215, 151, 512, 902, 248, 283, 
-414, -527, -112, 470, -151, -319, 1215, 151, 512, 897, 248, 283, 
-414, -527, -112, 470, -151, -319, 1215, 146, 507, 897, 244, 283, 
-414, -536, -122, 475, -146, -329, 1215, 146, 507, 897, 244, 283, 
-424, -536, -112, 480, -156, -324, 1215, 151, 502, 907, 244, 283, 
-424, -527, -102, 475, -161, -314, 1215, 151, 502, 907, 244, 283, 
-424, -527, -102, 475, -161, -314, 1215, 151, 507, 907, 248, 283, 
-424, -531, -107, 478, -158, -319, 1215, 151, 507, 907, 248, 283, 
-409, -546, -136, 478, -136, -341, 1215, 151, 507, 902, 239, 273, 
-409, -546, -136, 478, -136, -341, 1220, 151, 507, 902, 244, 278, 
-414, -546, -131, 480, -141, -339, 1220, 151, 507, 897, 244, 278, 
-414, -541, -126, 478, -143, -334, 1220, 151, 507, 893, 244, 278, 
-419, -541, -122, 480, -148, -331, 1220, 161, 507, 902, 244, 283, 
-424, -546, -122, 485, -151, -334, 1220, 161, 507, 902, 248, 283, 
-429, -556, -126, 492, -151, -341, 1220, 161, 507, 902, 248, 283, 
-434, -561, -126, 497, -153, -344, 1220, 156, 507, 902, 253, 283, 
-419, -546, -126, 483, -146, -336, 1210, 146, 497, 907, 248, 278, 
-409, -541, -131, 475, -139, -336, 1210, 146, 497, 907, 248, 278, 
-400, -531, -131, 466, -134, -331, 1210, 146, 497, 907, 248, 283, 
-395, -527, -131, 461, -131, -329, 1210, 146, 497, 907, 248, 283, 
-405, -517, -112, 461, -146, -314, 1220, 156, 492, 907, 248, 292, 
-409, -507, -97, 458, -156, -302, 1220, 156, 497, 907, 248, 292, 
-409, -502, -92, 456, -158, -297, 1220, 156, 507, 907, 248, 292, 
-414, -497, -82, 456, -165, -290, 1220, 161, 517, 907, 248, 292, 
-414, -512, -97, 463, -158, -305, 1210, 151, 517, 907, 258, 283, 
-419, -517, -97, 468, -161, -307, 1210, 151, 517, 912, 263, 283, 
-419, -527, -107, 473, -156, -317, 1210, 151, 517, 917, 263, 287, 
-419, -531, -112, 475, -153, -322, 1210, 151, 517, 917, 263, 287, 
-434, -541, -107, 488, -163, -324, 1220, 151, 517, 912, 258, 287, 
-439, -541, -102, 490, -168, -322, 1220, 151, 517, 912, 258, 287, 
-444, -531, -87, 488, -178, -309, 1220, 151, 517, 912, 258, 287, 
-448, -527, -78, 488, -185, -302, 1220, 151, 517, 912, 258, 287, 
-434, -517, -82, 475, -175, -300, 1220, 161, 527, 922, 248, 287, 
-424, -517, -92, 470, -165, -305, 1220, 161, 527, 922, 253, 287, 
-414, -512, -97, 463, -158, -305, 1220, 161, 527, 922, 253, 287, 
-409, -507, -97, 458, -156, -302, 1215, 161, 527, 922, 258, 287, 
-405, -512, -107, 458, -148, -309, 1215, 151, 517, 912, 258, 287, 
-405, -512, -107, 458, -148, -309, 1215, 151, 517, 917, 258, 287, 
-409, -512, -102, 461, -153, -307, 1215, 151, 517, 917, 258, 287, 
-409, -512, -102, 461, -153, -307, 1215, 151, 517, 917, 258, 287, 
-405, -517, -112, 461, -146, -314, 1205, 161, 517, 927, 263, 287, 
-409, -522, -112, 466, -148, -317, 1205, 161, 517, 927, 263, 287, 
-414, -531, -117, 473, -148, -324, 1205, 161, 517, 927, 263, 297, 
-419, -536, -117, 478, -151, -326, 1205, 161, 517, 932, 268, 297, 
-409, -531, -122, 470, -143, -326, 1205, 151, 522, 922, 263, 297, 
-424, -527, -102, 475, -161, -314, 1205, 151, 522, 922, 268, 297, 
-424, -522, -97, 473, -163, -309, 1205, 151, 522, 922, 268, 297, 
-414, -517, -102, 466, -156, -309, 1195, 151, 522, 917, 263, 292, 
-424, -517, -92, 470, -165, -305, 1205, 151, 531, 927, 273, 292, 
-424, -522, -97, 473, -163, -309, 1205, 151, 531, 927, 273, 297, 
-424, -522, -97, 473, -163, -309, 1205, 151, 531, 936, 273, 297, 
-434, -517, -82, 475, -175, -300, 1210, 151, 522, 936, 278, 297, 
-424, -512, -87, 468, -168, -300, 1210, 151, 512, 927, 268, 297, 
-424, -507, -82, 466, -170, -295, 1205, 151, 507, 927, 268, 297, 
-419, -502, -82, 461, -168, -292, 1205, 151, 507, 927, 258, 297, 
-419, -497, -78, 458, -170, -287, 1205, 146, 512, 927, 268, 292, 
-419, -497, -78, 458, -170, -287, 1200, 146, 522, 927, 268, 302, 
-419, -502, -82, 461, -168, -292, 1200, 151, 522, 927, 268, 302, 
-419, -502, -82, 461, -168, -292, 1200, 151, 522, 927, 268, 307, 
-419, -492, -73, 456, -173, -283, 1200, 151, 522, 927, 273, 307, 
-409, -497, -87, 453, -161, -292, 1200, 151, 517, 941, 273, 297, 
-405, -497, -92, 451, -156, -295, 1200, 151, 517, 941, 273, 297, 
-405, -502, -97, 453, -153, -300, 1200, 146, 517, 936, 268, 297, 
-400, -502, -102, 451, -148, -302, 1200, 146, 507, 936, 268, 297, 
-414, -512, -97, 463, -158, -305, 1205, 156, 512, 946, 268, 307, 
-414, -517, -102, 466, -156, -309, 1210, 151, 507, 946, 263, 307, 
-419, -517, -97, 468, -161, -307, 1215, 151, 512, 946, 263, 307, 
-429, -517, -87, 473, -170, -302, 1220, 156, 522, 946, 263, 307, 
-429, -512, -82, 470, -173, -297, 1210, 146, 512, 936, 263, 307, 
-424, -507, -82, 466, -170, -295, 1210, 146, 512, 936, 263, 302, 
-414, -502, -87, 458, -163, -295, 1210, 141, 512, 932, 263, 302, 
-409, -497, -87, 453, -161, -292, 1210, 141, 512, 932, 263, 302, 
-424, -507, -82, 466, -170, -295, 1210, 141, 512, 932, 263, 302, 
-424, -507, -82, 466, -170, -295, 1210, 141, 512, 927, 263, 302, 
-419, -507, -87, 463, -165, -297, 1210, 141, 512, 927, 263, 302, 
-419, -517, -97, 468, -161, -307, 1210, 136, 502, 927, 258, 297, 
-419, -517, -97, 468, -161, -307, 1205, 141, 502, 927, 258, 307, 
-419, -512, -92, 466, -163, -302, 1200, 141, 507, 927, 258, 302, 
-419, -507, -87, 463, -165, -297, 1200, 146, 507, 927, 253, 292, 
-424, -507, -82, 466, -170, -295, 1205, 146, 507, 932, 253, 302, 
-434, -507, -73, 470, -180, -290, 1205, 161, 517, 941, 263, 302, 
-434, -507, -73, 470, -180, -290, 1205, 161, 517, 941, 268, 307, 
-434, -507, -73, 470, -180, -290, 1210, 161, 517, 941, 273, 307, 
-434, -507, -73, 470, -180, -290, 1210, 161, 517, 936, 278, 297, 
-429, -507, -78, 468, -175, -292, 1200, 151, 512, 927, 268, 287, 
-424, -507, -82, 466, -170, -295, 1200, 146, 507, 927, 263, 292, 
-419, -507, -87, 463, -165, -297, 1200, 141, 507, 927, 258, 292, 
-405, -507, -102, 456, -151, -305, 1200, 136, 502, 927, 258, 292, 
-409, -507, -97, 458, -156, -302, 1205, 141, 512, 917, 258, 292, 
-419, -507, -87, 463, -165, -297, 1205, 141, 502, 917, 258, 292, 
-424, -512, -87, 468, -168, -300, 1205, 146, 502, 917, 258, 292, 
-434, -512, -78, 473, -178, -295, 1205, 146, 502, 917, 258, 292, 
-429, -507, -78, 468, -175, -292, 1205, 146, 512, 917, 258, 292, 
-424, -512, -87, 468, -168, -300, 1205, 146, 512, 922, 258, 292, 
-409, -512, -102, 461, -153, -307, 1205, 146, 512, 922, 258, 292, 
-400, -512, -112, 456, -143, -312, 1205, 146, 512, 917, 248, 292, 
-409, -512, -102, 461, -153, -307, 1195, 136, 502, 907, 258, 283, 
-414, -517, -102, 466, -156, -309, 1190, 136, 497, 907, 253, 278, 
-414, -522, -107, 468, -153, -314, 1190, 136, 488, 907, 253, 278, 
-409, -527, -117, 468, -146, -322, 1195, 136, 483, 907, 253, 278, 
-400, -507, -107, 453, -146, -307, 1205, 146, 492, 922, 258, 287, 
-400, -507, -107, 453, -146, -307, 1205, 141, 492, 922, 258, 287, 
-400, -512, -112, 456, -143, -312, 1205, 141, 492, 922, 258, 287, 
-400, -512, -112, 456, -143, -312, 1210, 141, 492, 922, 258, 287, 
-409, -512, -102, 461, -153, -307, 1200, 141, 502, 922, 258, 292, 
-419, -512, -92, 466, -163, -302, 1195, 136, 497, 922, 258, 292, 
-424, -512, -87, 468, -168, -300, 1195, 136, 497, 917, 253, 287, 
-429, -512, -82, 470, -173, -297, 1195, 136, 497, 917, 253, 287, 
-429, -517, -87, 473, -170, -302, 1185, 131, 483, 907, 248, 283, 
-429, -517, -87, 473, -170, -302, 1185, 131, 483, 907, 248, 283, 
-429, -517, -87, 473, -170, -302, 1190, 131, 473, 912, 244, 283, 
-434, -517, -82, 475, -175, -300, 1190, 131, 483, 912, 244, 283, 
-444, -522, -78, 483, -183, -300, 1200, 131, 483, 912, 239, 283, 
-444, -522, -78, 483, -183, -300, 1200, 131, 483, 912, 239, 283, 
-444, -527, -82, 485, -180, -305, 1200, 131, 483, 912, 239, 283, 
-439, -522, -82, 480, -178, -302, 1200, 131, 483, 912, 239, 283, 
-444, -512, -68, 478, -187, -290, 1205, 141, 483, 912, 248, 292, 
-439, -517, -78, 478, -180, -297, 1205, 141, 483, 912, 248, 292, 
-439, -517, -78, 478, -180, -297, 1200, 141, 478, 912, 248, 287, 
-439, -512, -73, 475, -183, -292, 1200, 141, 478, 897, 244, 287, 
-439, -512, -73, 475, -183, -292, 1200, 141, 478, 907, 244, 278, 
-439, -517, -78, 478, -180, -297, 1200, 141, 478, 907, 244, 278, 
-439, -522, -82, 480, -178, -302, 1200, 136, 478, 907, 244, 278, 
-439, -522, -82, 480, -178, -302, 1200, 136, 478, 907, 244, 278, 
-439, -522, -82, 480, -178, -302, 1200, 136, 492, 912, 253, 287, 
-444, -522, -78, 483, -183, -300, 1200, 136, 492, 912, 253, 287, 
-444, -522, -78, 483, -183, -300, 1190, 136, 492, 912, 253, 283, 
-439, -522, -82, 480, -178, -302, 1190, 141, 497, 912, 253, 283, 
-448, -527, -78, 488, -185, -302, 1190, 131, 488, 912, 248, 283, 
-448, -527, -78, 488, -185, -302, 1190, 126, 488, 912, 248, 283, 
-448, -522, -73, 485, -187, -297, 1190, 126, 488, 912, 244, 283, 
-453, -517, -63, 485, -195, -290, 1185, 126, 488, 912, 244, 283, 
-448, -507, -58, 478, -195, -283, 1185, 126, 488, 912, 244, 283, 
-429, -507, -78, 468, -175, -292, 1185, 126, 488, 912, 244, 283, 
-434, -502, -68, 468, -183, -285, 1185, 126, 488, 912, 244, 283, 
-429, -502, -73, 466, -178, -287, 1185, 126, 488, 912, 248, 283, 
-439, -507, -68, 473, -185, -287, 1195, 136, 488, 912, 248, 292, 
-434, -512, -78, 473, -178, -295, 1195, 136, 488, 917, 248, 297, 
-434, -517, -82, 475, -175, -300, 1195, 141, 488, 917, 248, 297, 
-434, -512, -78, 473, -178, -295, 1195, 141, 497, 917, 258, 302, 
-429, -512, -82, 470, -173, -297, 1195, 131, 492, 907, 248, 292, 
-429, -512, -82, 470, -173, -297, 1195, 131, 492, 907, 248, 287, 
-429, -512, -82, 470, -173, -297, 1195, 131, 488, 907, 248, 287, 
-429, -507, -78, 468, -175, -292, 1195, 131, 483, 907, 248, 292, 
-434, -502, -68, 468, -183, -285, 1185, 131, 483, 912, 248, 283, 
-434, -492, -58, 463, -187, -275, 1185, 131, 483, 912, 248, 287, 
-434, -502, -68, 468, -183, -285, 1190, 131, 488, 912, 248, 287, 
-439, -502, -63, 470, -187, -283, 1190, 131, 488, 917, 253, 287, 
-429, -488, -58, 458, -185, -273, 1200, 151, 502, 941, 258, 307, 
-429, -488, -58, 458, -185, -273, 1220, 161, 517, 946, 273, 317, 
-424, -473, -48, 448, -187, -261, 1229, 156, 517, 946, 283, 317, 
-405, -453, -48, 429, -178, -251, 1220, 156, 527, 956, 283, 317, 
-419, -458, -39, 439, -190, -248, 1210, 156, 527, 956, 283, 322, 
-409, -453, -43, 431, -183, -248, 1210, 146, 536, 966, 292, 331, 
-409, -448, -39, 429, -185, -244, 1210, 146, 536, 966, 292, 331, 
-409, -444, -34, 427, -187, -239, 1210, 146, 536, 966, 292, 331, 
-409, -439, -29, 424, -190, -234, 1210, 146, 536, 966, 292, 331, 
-400, -434, -34, 417, -183, -234, 1210, 161, 546, 980, 297, 331, 
-400, -434, -34, 417, -183, -234, 1215, 165, 551, 980, 297, 336, 
-395, -434, -39, 414, -178, -236, 1220, 170, 551, 980, 297, 336, 
-390, -434, -43, 412, -173, -239, 1220, 170, 551, 971, 297, 336, 
-390, -434, -43, 412, -173, -239, 1210, 165, 556, 980, 307, 346, 
-395, -434, -39, 414, -178, -236, 1205, 165, 556, 980, 312, 346, 
-395, -434, -39, 414, -178, -236, 1190, 165, 561, 980, 312, 356, 
-380, -424, -43, 402, -168, -234, 1180, 151, 561, 985, 312, 356, 
-366, -409, -43, 387, -161, -226, 1161, 136, 556, 995, 317, 346, 
-356, -400, -43, 378, -156, -222, 1146, 126, 556, 1000, 317, 351, 
-351, -390, -39, 370, -156, -214, 1137, 117, 551, 1000, 326, 361, 
-346, -380, -34, 363, -156, -207, 1132, 112, 551, 1005, 326, 366, 
-341, -380, -39, 361, -151, -209, 1132, 117, 556, 1015, 336, 370, 
-326, -380, -53, 353, -136, -217, 1117, 112, 561, 1015, 341, 370, 
-322, -380, -58, 351, -131, -219, 1117, 112, 566, 1019, 346, 375, 
-312, -385, -73, 348, -119, -229, 1117, 112, 566, 1019, 351, 380, 
-317, -395, -78, 356, -119, -236, 1117, 122, 561, 1029, 361, 380, 
-317, -395, -78, 356, -119, -236, 1117, 122, 561, 1029, 356, 380, 
-317, -395, -78, 356, -119, -236, 1122, 122, 551, 1019, 346, 370, 
-322, -409, -87, 366, -117, -248, 1122, 117, 527, 1000, 331, 361, 
-322, -409, -87, 366, -117, -248, 1127, 97, 502, 985, 322, 351, 
-317, -400, -82, 358, -117, -241, 1127, 92, 502, 980, 317, 351, 
-312, -390, -78, 351, -117, -234, 1127, 92, 497, 971, 307, 346, 
-322, -380, -58, 351, -131, -219, 1127, 87, 492, 961, 297, 341, 
-346, -405, -58, 375, -143, -231, 1117, 82, 488, 956, 292, 341, 
-351, -419, -68, 385, -141, -244, 1122, 82, 488, 946, 292, 336, 
-351, -429, -78, 390, -136, -253, 1122, 82, 488, 941, 287, 331, 
-366, -434, -68, 400, -148, -251, 1122, 82, 483, 941, 283, 331, 
-380, -444, -63, 412, -158, -253, 1122, 63, 468, 932, 273, 317, 
-390, -448, -58, 419, -165, -253, 1127, 73, 463, 932, 268, 317, 
-400, -453, -53, 427, -173, -253, 1127, 73, 463, 927, 268, 312, 
-414, -473, -58, 444, -178, -265, 1127, 78, 458, 922, 263, 307, 
-419, -473, -53, 446, -183, -263, 1146, 82, 468, 922, 263, 307, 
-424, -478, -53, 451, -185, -265, 1156, 87, 468, 922, 263, 307, 
-434, -483, -48, 458, -192, -265, 1156, 92, 463, 927, 268, 302, 
-444, -488, -43, 466, -200, -265, 1156, 97, 458, 927, 263, 297, 
-448, -492, -43, 470, -202, -268, 1161, 102, 458, 922, 258, 297, 
-448, -502, -53, 475, -197, -278, 1166, 107, 458, 917, 258, 297, 
-448, -502, -53, 475, -197, -278, 1171, 107, 453, 917, 253, 292, 
-453, -502, -48, 478, -202, -275, 1171, 107, 453, 912, 248, 287, 
-458, -512, -53, 485, -202, -283, 1161, 107, 453, 912, 248, 297, 
-448, -517, -68, 483, -190, -292, 1161, 107, 444, 907, 244, 292, 
-444, -527, -82, 485, -180, -305, 1161, 107, 444, 902, 244, 287, 
-439, -531, -92, 485, -173, -312, 1161, 102, 439, 897, 239, 283, 
-439, -531, -92, 485, -173, -312, 1161, 92, 434, 883, 229, 273, 
-453, -531, -78, 492, -187, -305, 1161, 97, 434, 883, 229, 273, 
-458, -541, -82, 500, -187, -312, 1161, 97, 434, 883, 234, 273, 
-458, -541, -82, 500, -187, -312, 1171, 97, 439, 883, 234, 273, 
-468, -531, -63, 500, -202, -297, 1180, 97, 439, 897, 234, 278, 
-468, -531, -63, 500, -202, -297, 1176, 97, 434, 897, 234, 278, 
-468, -531, -63, 500, -202, -297, 1171, 97, 434, 888, 224, 268, 
-483, -531, -48, 507, -217, -290, 1171, 97, 434, 883, 224, 263, 
-463, -536, -73, 500, -195, -305, 1166, 97, 434, 883, 224, 263, 
-458, -541, -82, 500, -187, -312, 1171, 102, 434, 883, 229, 263, 
-458, -551, -92, 505, -183, -322, 1176, 107, 434, 888, 229, 263, 
-458, -556, -97, 507, -180, -326, 1176, 107, 439, 893, 224, 268, 
-463, -556, -92, 509, -185, -324, 1180, 112, 439, 893, 234, 268, 
-468, -556, -87, 512, -190, -322, 1180, 112, 439, 893, 234, 268, 
-473, -556, -82, 514, -195, -319, 1180, 112, 439, 893, 234, 263, 
-473, -556, -82, 514, -195, -319, 1180, 112, 439, 893, 234, 258, 
-468, -561, -92, 514, -187, -326, 1190, 112, 439, 893, 224, 258, 
-468, -561, -92, 514, -187, -326, 1190, 112, 439, 893, 224, 263, 
-468, -551, -82, 509, -192, -317, 1190, 112, 439, 893, 219, 263, 
-468, -551, -82, 509, -192, -317, 1190, 107, 439, 893, 219, 263, 
-473, -556, -82, 514, -195, -319, 1190, 107, 448, 893, 234, 268, 
-473, -546, -73, 509, -200, -309, 1195, 112, 448, 893, 234, 268, 
-468, -546, -78, 507, -195, -312, 1195, 112, 448, 893, 229, 268, 
-468, -546, -78, 507, -195, -312, 1190, 112, 453, 893, 229, 268, 
-473, -556, -82, 514, -195, -319, 1180, 112, 444, 893, 224, 258, 
-473, -556, -82, 514, -195, -319, 1190, 117, 448, 897, 224, 263, 
-473, -556, -82, 514, -195, -319, 1190, 117, 448, 897, 224, 263, 
-473, -556, -82, 514, -195, -319, 1190, 112, 448, 897, 224, 258, 
-483, -541, -58, 512, -212, -300, 1185, 112, 444, 893, 224, 258, 
-483, -536, -53, 509, -214, -295, 1185, 112, 444, 888, 219, 258, 
-483, -531, -48, 507, -217, -290, 1185, 112, 444, 888, 219, 258, 
-483, -527, -43, 505, -219, -285, 1185, 112, 444, 888, 219, 258, 
-492, -531, -39, 512, -226, -285, 1185, 112, 444, 902, 224, 258, 
-502, -536, -34, 519, -234, -285, 1185, 112, 448, 902, 224, 258, 
-502, -541, -39, 522, -231, -290, 1185, 112, 448, 902, 224, 263, 
-492, -546, -53, 519, -219, -300, 1185, 112, 448, 902, 224, 263, 
-492, -551, -58, 522, -217, -305, 1190, 126, 458, 902, 224, 273, 
-473, -551, -78, 512, -197, -314, 1190, 122, 468, 902, 214, 258, 
-448, -556, -107, 502, -170, -331, 1205, 146, 483, 897, 204, 244, 
-458, -566, -107, 512, -175, -336, 1229, 185, 507, 907, 214, 229, 
-502, -541, -39, 522, -231, -290, 1268, 229, 561, 927, 224, 239, 
-522, -527, -4, 524, -258, -265, 1307, 273, 634, 985, 258, 263, 
-492, -522, -29, 507, -231, -275, 1346, 326, 717, 1049, 297, 297, 
-444, -507, -63, 475, -190, -285, 1376, 370, 795, 1112, 341, 322, 
-405, -453, -48, 429, -178, -251, 1400, 419, 873, 1180, 385, 361, 
-356, -409, -53, 383, -151, -231, 1420, 478, 936, 1259, 453, 424, 
-263, -395, -131, 329, -65, -263, 1429, 541, 1005, 1366, 541, 502, 
-126, -346, -219, 236, 46, -283, 1385, 561, 1015, 1464, 644, 600, 
19, -278, -297, 129, 158, -287, 1298, 512, 936, 1517, 736, 707, 
151, -219, -370, 34, 261, -295, 1190, 439, 790, 1527, 795, 790, 
253, -165, -419, -43, 336, -292, 1063, 326, 653, 1542, 844, 858, 
346, -87, -434, -129, 390, -261, 878, 156, 546, 1586, 912, 956, 
458, 14, -444, -236, 451, -214, 663, -19, 473, 1688, 1034, 1088, 
580, 126, -453, -353, 517, -163, 468, -161, 419, 1839, 1195, 1259, 
673, 253, -419, -463, 546, -82, 283, -297, 390, 2025, 1376, 1439, 
692, 326, -366, -509, 529, -19, 165, -405, 385, 2142, 1488, 1551, 
624, 258, -366, -441, 495, -53, 161, -439, 326, 2015, 1351, 1449, 
453, 102, -351, -278, 402, -124, 244, -439, 170, 1605, 971, 1127, 
253, -48, -302, -102, 278, -175, 356, -434, 43, 1210, 634, 839, 
68, -136, -204, 34, 136, -170, 473, -414, 4, 1010, 483, 702, 
-141, -180, -39, 161, -51, -109, 561, -405, 0, 897, 405, 614, 
-268, -234, 34, 251, -151, -100, 653, -370, 9, 785, 312, 522, 
-312, -322, -9, 317, -151, -165, 741, -302, -9, 697, 239, 453, 
-331, -385, -53, 358, -139, -219, 810, -234, 14, 688, 224, 414, 
-375, -395, -19, 385, -178, -207, 858, -180, 82, 741, 234, 400, 
-395, -395, 0, 395, -197, -197, 922, -131, 161, 780, 239, 380, 
-385, -414, -29, 400, -178, -222, 966, -82, 224, 819, 244, 366, 
-385, -429, -43, 407, -170, -236, 1015, -24, 287, 868, 268, 375, 
-380, -424, -43, 402, -168, -234, 1049, 19, 346, 893, 283, 370, 
-380, -419, -39, 400, -170, -229, 1058, 48, 380, 907, 273, 356, 
-380, -429, -48, 405, -165, -239, 1088, 73, 429, 927, 287, 351, 
-370, -448, -78, 409, -146, -263, 1107, 102, 468, 936, 278, 336, 
-385, -463, -78, 424, -153, -270, 1127, 117, 483, 946, 283, 331, 
-409, -483, -73, 446, -168, -278, 1146, 146, 502, 966, 292, 336, 
-424, -507, -82, 466, -170, -295, 1176, 156, 512, 966, 287, 331, 
-434, -502, -68, 468, -183, -285, 1176, 146, 488, 956, 273, 317, 
-424, -502, -78, 463, -173, -290, 1176, 141, 468, 941, 268, 307, 
-434, -502, -68, 468, -183, -285, 1180, 141, 468, 941, 263, 302, 
-434, -502, -68, 468, -183, -285, 1180, 141, 473, 941, 263, 302, 
-429, -502, -73, 466, -178, -287, 1180, 146, 483, 946, 268, 307, 
-424, -483, -58, 453, -183, -270, 1180, 136, 492, 936, 268, 307, 
-424, -483, -58, 453, -183, -270, 1180, 146, 502, 936, 263, 297, 
-434, -497, -63, 466, -185, -280, 1180, 146, 507, 936, 263, 297, 
-439, -507, -68, 473, -185, -287, 1185, 156, 507, 941, 263, 297, 
-444, -512, -68, 478, -187, -290, 1195, 161, 507, 946, 263, 302, 
-444, -517, -73, 480, -185, -295, 1195, 161, 507, 946, 263, 302, 
-439, -522, -82, 480, -178, -302, 1200, 161, 502, 946, 263, 302, 
-439, -527, -87, 483, -175, -307, 1200, 156, 497, 941, 258, 297, 
-444, -527, -82, 485, -180, -305, 1195, 146, 488, 941, 248, 292, 
-444, -522, -78, 483, -183, -300, 1195, 146, 492, 946, 253, 292, 
-448, -517, -68, 483, -190, -292, 1195, 151, 497, 946, 253, 287, 
-453, -517, -63, 485, -195, -290, 1205, 151, 502, 946, 258, 283, 
-453, -512, -58, 483, -197, -285, 1205, 165, 512, 946, 258, 297, 
-453, -512, -58, 483, -197, -285, 1200, 165, 517, 946, 258, 297, 
-453, -517, -63, 485, -195, -290, 1200, 170, 517, 956, 258, 297, 
-453, -527, -73, 490, -190, -300, 1205, 170, 522, 956, 263, 297, 
-444, -517, -73, 480, -185, -295, 1210, 175, 536, 971, 278, 312, 
-439, -507, -68, 473, -185, -287, 1210, 175, 536, 980, 283, 317, 
-424, -488, -63, 456, -180, -275, 1215, 180, 536, 985, 287, 322, 
-414, -473, -58, 444, -178, -265, 1220, 185, 541, 990, 297, 326, 
-419, -473, -53, 446, -183, -263, 1210, 175, 531, 985, 292, 326, 
-424, -478, -53, 451, -185, -265, 1210, 180, 541, 985, 292, 322, 
-429, -488, -58, 458, -185, -273, 1215, 185, 546, 985, 287, 322, 
-434, -492, -58, 463, -187, -275, 1215, 185, 546, 980, 283, 317, 
-424, -497, -73, 461, -175, -285, 1210, 195, 546, 985, 292, 326, 
-424, -502, -78, 463, -173, -290, 1210, 190, 541, 985, 292, 326, 
-424, -507, -82, 466, -170, -295, 1210, 190, 541, 990, 292, 326, 
-424, -507, -82, 466, -170, -295, 1215, 190, 546, 995, 292, 331, 
-429, -507, -78, 468, -175, -292, 1205, 180, 536, 995, 297, 322, 
-424, -497, -73, 461, -175, -285, 1205, 180, 536, 995, 297, 317, 
-424, -497, -73, 461, -175, -285, 1205, 180, 536, 995, 292, 317, 
-424, -497, -73, 461, -175, -285, 1205, 180, 536, 995, 292, 317, 
-400, -488, -87, 444, -156, -287, 1195, 180, 531, 995, 283, 307, 
-409, -488, -78, 448, -165, -283, 1195, 180, 531, 990, 283, 307, 
-409, -488, -78, 448, -165, -283, 1195, 180, 536, 990, 283, 317, 
-409, -488, -78, 448, -165, -283, 1190, 185, 536, 985, 287, 317, 
-409, -492, -82, 451, -163, -287, 1200, 185, 546, 995, 297, 326, 
-409, -488, -78, 448, -165, -283, 1200, 185, 546, 1000, 302, 326, 
-409, -488, -78, 448, -165, -283, 1200, 185, 551, 1005, 302, 326, 
-414, -488, -73, 451, -170, -280, 1200, 185, 551, 1010, 307, 326, 
-405, -483, -78, 444, -163, -280, 1200, 195, 551, 1005, 312, 331, 
-395, -483, -87, 439, -153, -285, 1200, 195, 551, 1005, 312, 331, 
-395, -488, -92, 441, -151, -290, 1200, 200, 556, 1010, 312, 336, 
-395, -492, -97, 444, -148, -295, 1200, 200, 556, 1010, 312, 336, 
-405, -483, -78, 444, -163, -280, 1190, 200, 556, 1010, 302, 336, 
-395, -473, -78, 434, -158, -275, 1190, 195, 561, 1015, 302, 336, 
-395, -473, -78, 434, -158, -275, 1190, 190, 561, 1019, 307, 336, 
-395, -473, -78, 434, -158, -275, 1190, 180, 561, 1019, 307, 336, 
-395, -478, -82, 436, -156, -280, 1190, 180, 561, 1019, 307, 331, 
-395, -478, -82, 436, -156, -280, 1185, 180, 561, 1019, 307, 331, 
-390, -478, -87, 434, -151, -283, 1185, 180, 566, 1019, 307, 331, 
-390, -468, -78, 429, -156, -273, 1180, 180, 570, 1024, 312, 336, 
-390, -468, -78, 429, -156, -273, 1180, 195, 570, 1024, 312, 341, 
-390, -468, -78, 429, -156, -273, 1185, 195, 575, 1029, 317, 341, 
-385, -468, -82, 427, -151, -275, 1185, 195, 575, 1029, 317, 341, 
-380, -463, -82, 422, -148, -273, 1185, 195, 575, 1034, 317, 346, 
-370, -458, -87, 414, -141, -273, 1195, 200, 575, 1049, 322, 356, 
-366, -458, -92, 412, -136, -275, 1195, 200, 580, 1054, 326, 356, 
-366, -458, -92, 412, -136, -275, 1195, 200, 590, 1054, 331, 356, 
-366, -458, -92, 412, -136, -275, 1195, 204, 590, 1058, 331, 366, 
-361, -453, -92, 407, -134, -273, 1195, 214, 590, 1049, 336, 366, 
-366, -453, -87, 409, -139, -270, 1195, 214, 595, 1054, 341, 366, 
-370, -453, -82, 412, -143, -268, 1195, 214, 595, 1063, 341, 366, 
-375, -453, -78, 414, -148, -265, 1195, 214, 595, 1063, 346, 366, 
-370, -453, -82, 412, -143, -268, 1190, 209, 605, 1063, 356, 366, 
-361, -453, -92, 407, -134, -273, 1185, 209, 605, 1063, 356, 366, 
-356, -453, -97, 405, -129, -275, 1180, 209, 605, 1073, 361, 366, 
-351, -448, -97, 400, -126, -273, 1176, 219, 614, 1078, 366, 375, 
-336, -444, -107, 390, -114, -275, 1190, 229, 614, 1093, 370, 390, 
-336, -434, -97, 385, -119, -265, 1190, 224, 614, 1098, 375, 390, 
-331, -424, -92, 378, -119, -258, 1180, 224, 614, 1102, 375, 390, 
-331, -414, -82, 373, -124, -248, 1180, 224, 619, 1107, 380, 395, 
-336, -405, -68, 370, -134, -236, 1171, 219, 624, 1102, 375, 405, 
-336, -400, -63, 368, -136, -231, 1171, 219, 629, 1107, 380, 405, 
-326, -395, -68, 361, -129, -231, 1171, 219, 629, 1107, 380, 405, 
-322, -385, -63, 353, -129, -224, 1166, 219, 629, 1112, 380, 409, 
-331, -390, -58, 361, -136, -224, 1156, 219, 629, 1107, 380, 405, 
-331, -400, -68, 366, -131, -234, 1156, 219, 629, 1117, 385, 405, 
-326, -419, -92, 373, -117, -256, 1156, 214, 629, 1117, 385, 400, 
-317, -409, -92, 363, -112, -251, 1156, 209, 624, 1122, 390, 400, 
-307, -400, -92, 353, -107, -246, 1161, 214, 629, 1132, 405, 409, 
-307, -400, -92, 353, -107, -246, 1161, 219, 639, 1141, 409, 419, 
-297, -395, -97, 346, -100, -246, 1156, 224, 653, 1156, 419, 429, 
-292, -385, -92, 339, -100, -239, 1151, 229, 663, 1166, 424, 444, 
-283, -380, -97, 331, -92, -239, 1151, 229, 668, 1161, 424, 444, 
-273, -375, -102, 324, -85, -239, 1151, 234, 673, 1176, 434, 448, 
-273, -370, -97, 322, -87, -234, 1146, 234, 678, 1185, 439, 453, 
-273, -356, -82, 314, -95, -219, 1141, 234, 678, 1185, 444, 458, 
-258, -351, -92, 305, -82, -222, 1137, 244, 683, 1195, 453, 468, 
-248, -346, -97, 297, -75, -222, 1137, 244, 688, 1200, 458, 473, 
-239, -341, -102, 290, -68, -222, 1132, 244, 692, 1210, 468, 478, 
-234, -331, -97, 283, -68, -214, 1127, 244, 697, 1215, 468, 488, 
-224, -331, -107, 278, -58, -219, 1112, 244, 697, 1220, 478, 483, 
-219, -326, -107, 273, -56, -217, 1107, 248, 707, 1229, 478, 497, 
-200, -326, -126, 263, -36, -226, 1107, 248, 712, 1239, 488, 502, 
-195, -317, -122, 256, -36, -219, 1107, 258, 717, 1249, 488, 517, 
-190, -317, -126, 253, -31, -222, 1102, 248, 732, 1259, 507, 527, 
-185, -317, -131, 251, -26, -224, 1098, 248, 736, 1273, 517, 531, 
-185, -317, -131, 251, -26, -224, 1093, 248, 741, 1283, 527, 541, 
-185, -302, -117, 244, -34, -209, 1088, 248, 756, 1293, 531, 551, 
-175, -287, -112, 231, -31, -200, 1093, 258, 751, 1293, 546, 556, 
-165, -283, -117, 224, -24, -200, 1088, 253, 751, 1302, 561, 566, 
-151, -273, -122, 212, -14, -197, 1083, 253, 756, 1317, 561, 575, 
-141, -263, -122, 202, -9, -192, 1078, 253, 761, 1327, 570, 585, 
-122, -258, -136, 190, 7, -197, 1073, 244, 771, 1337, 580, 585, 
-122, -253, -131, 187, 4, -192, 1063, 244, 775, 1346, 580, 595, 
-122, -248, -126, 185, 2, -187, 1058, 244, 780, 1351, 590, 600, 
-112, -239, -126, 175, 7, -183, 1054, 244, 790, 1366, 600, 614, 
-97, -224, -126, 161, 14, -175, 1049, 244, 790, 1381, 610, 619, 
-92, -224, -131, 158, 19, -178, 1044, 244, 795, 1385, 619, 629, 
-78, -219, -141, 148, 31, -180, 1039, 239, 800, 1390, 629, 639, 
-58, -204, -146, 131, 43, -175, 1039, 239, 805, 1400, 634, 649, 
-68, -195, -126, 131, 29, -161, 1044, 239, 805, 1395, 639, 649, 
-73, -195, -122, 134, 24, -158, 1039, 239, 810, 1395, 639, 649, 
-78, -195, -117, 136, 19, -156, 1039, 239, 814, 1410, 644, 658, 
-68, -195, -126, 131, 29, -161, 1034, 234, 814, 1415, 653, 663, 
-63, -204, -141, 134, 39, -173, 1024, 234, 814, 1424, 668, 668, 
-58, -200, -141, 129, 41, -170, 1024, 239, 819, 1429, 673, 678, 
-53, -190, -136, 122, 41, -163, 1019, 239, 819, 1434, 678, 683, 
-39, -180, -141, 109, 51, -161, 1015, 229, 819, 1439, 678, 683, 
-58, -170, -112, 114, 26, -141, 1015, 234, 810, 1434, 673, 683, 
-58, -170, -112, 114, 26, -141, 1015, 234, 805, 1434, 678, 688, 
-58, -170, -112, 114, 26, -141, 1010, 224, 805, 1434, 678, 692, 
-43, -161, -117, 102, 36, -139, 1005, 219, 805, 1434, 673, 692, 
-53, -170, -117, 112, 31, -143, 1010, 229, 810, 1439, 683, 702, 
-58, -190, -131, 124, 36, -161, 1015, 224, 814, 1444, 688, 702, 
-68, -209, -141, 139, 36, -175, 1019, 224, 814, 1444, 688, 702, 
-68, -219, -151, 143, 41, -185, 1024, 214, 810, 1444, 683, 697, 
-58, -204, -146, 131, 43, -175, 1015, 209, 805, 1424, 663, 683, 
-73, -190, -117, 131, 21, -153, 1010, 195, 795, 1415, 658, 668, 
-97, -195, -97, 146, 0, -146, 1010, 185, 775, 1395, 649, 653, 
-107, -195, -87, 151, -9, -141, 1010, 180, 756, 1385, 629, 649, 
-102, -214, -112, 158, 4, -163, 1010, 175, 761, 1376, 619, 634, 
-112, -224, -112, 168, 0, -168, 1019, 170, 756, 1356, 605, 619, 
-131, -234, -102, 183, -14, -168, 1029, 165, 741, 1342, 590, 605, 
-151, -248, -97, 200, -26, -173, 1039, 161, 732, 1322, 570, 595, 
-170, -253, -82, 212, -43, -168, 1044, 165, 727, 1298, 561, 585, 
-190, -258, -68, 224, -61, -163, 1049, 165, 717, 1283, 536, 566, 
-209, -278, -68, 244, -70, -173, 1058, 165, 717, 1263, 527, 541, 
-234, -297, -63, 265, -85, -180, 1063, 161, 712, 1234, 507, 527, 
-244, -317, -73, 280, -85, -195, 1083, 146, 683, 1215, 492, 507, 
-258, -331, -73, 295, -92, -202, 1098, 146, 673, 1195, 473, 488, 
-278, -351, -73, 314, -102, -212, 1098, 141, 658, 1185, 458, 473, 
-297, -375, -78, 336, -109, -226, 1107, 136, 649, 1171, 439, 463, 
-322, -375, -53, 348, -134, -214, 1112, 136, 634, 1151, 429, 453, 
-331, -390, -58, 361, -136, -224, 1117, 136, 624, 1132, 409, 439, 
-346, -395, -48, 370, -148, -222, 1122, 136, 614, 1117, 400, 429, 
-361, -414, -53, 387, -153, -234, 1127, 131, 610, 1102, 390, 419, 
-366, -424, -58, 395, -153, -241, 1132, 131, 600, 1083, 370, 405, 
-370, -424, -53, 397, -158, -239, 1137, 131, 585, 1058, 351, 390, 
-366, -429, -63, 397, -151, -246, 1141, 131, 575, 1049, 346, 385, 
-366, -429, -63, 397, -151, -246, 1146, 126, 570, 1034, 331, 370, 
-370, -444, -73, 407, -148, -258, 1151, 126, 570, 1029, 336, 361, 
-370, -448, -78, 409, -146, -263, 1151, 131, 566, 1019, 331, 361, 
-375, -458, -82, 417, -146, -270, 1156, 131, 561, 1019, 326, 356, 
-390, -463, -73, 427, -158, -268, 1161, 131, 556, 1024, 317, 351, 
-414, -468, -53, 441, -180, -261, 1176, 131, 551, 1010, 302, 346, 
-424, -483, -58, 453, -183, -270, 1176, 126, 546, 1005, 297, 341, 
-434, -492, -58, 463, -187, -275, 1180, 126, 536, 1005, 297, 341, 
-434, -497, -63, 466, -185, -280, 1180, 126, 536, 1005, 292, 336, 
-429, -488, -58, 458, -185, -273, 1166, 126, 531, 1005, 287, 331, 
-434, -488, -53, 461, -190, -270, 1166, 126, 531, 1000, 283, 322, 
-429, -497, -68, 463, -180, -283, 1171, 126, 531, 995, 283, 322, 
-424, -497, -73, 461, -175, -285, 1171, 122, 527, 990, 278, 322, 
-429, -488, -58, 458, -185, -273, 1166, 122, 512, 976, 278, 317, 
-439, -483, -43, 461, -197, -263, 1161, 122, 507, 976, 273, 312, 
-444, -483, -39, 463, -202, -261, 1156, 122, 507, 971, 273, 302, 
-444, -478, -34, 461, -204, -256, 1156, 122, 507, 971, 273, 297, 
-439, -488, -48, 463, -195, -268, 1161, 122, 512, 976, 273, 307, 
-439, -492, -53, 466, -192, -273, 1166, 122, 512, 976, 273, 307, 
-453, -502, -48, 478, -202, -275, 1171, 122, 512, 971, 273, 302, 
-453, -507, -53, 480, -200, -280, 1176, 122, 512, 971, 268, 302, 
-458, -497, -39, 478, -209, -268, 1176, 112, 512, 980, 268, 302, 
-463, -497, -34, 480, -214, -265, 1176, 112, 512, 976, 268, 302, 
-473, -497, -24, 485, -224, -261, 1176, 107, 507, 976, 263, 302, 
-483, -507, -24, 495, -229, -265, 1176, 107, 507, 976, 263, 302, 
-478, -507, -29, 492, -224, -268, 1185, 117, 512, 985, 268, 307, 
-473, -497, -24, 485, -224, -261, 1185, 122, 512, 985, 273, 312, 
-468, -497, -29, 483, -219, -263, 1185, 126, 517, 985, 283, 317, 
-463, -502, -39, 483, -212, -270, 1185, 131, 517, 985, 287, 322, 
-458, -507, -48, 483, -204, -278, 1176, 122, 507, 985, 283, 312, 
-458, -507, -48, 483, -204, -278, 1180, 122, 507, 990, 283, 317, 
-463, -507, -43, 485, -209, -275, 1180, 122, 507, 990, 278, 317, 
-463, -502, -39, 483, -212, -270, 1180, 122, 507, 990, 273, 317, 
-448, -492, -43, 470, -202, -268, 1171, 112, 507, 985, 268, 312, 
-444, -488, -43, 466, -200, -265, 1171, 112, 507, 980, 268, 312, 
-439, -488, -48, 463, -195, -268, 1171, 112, 507, 976, 263, 312, 
-434, -483, -48, 458, -192, -265, 1171, 107, 507, 971, 263, 312, 
-448, -492, -43, 470, -202, -268, 1171, 117, 507, 971, 268, 307, 
-448, -492, -43, 470, -202, -268, 1171, 117, 507, 976, 268, 307, 
-448, -488, -39, 468, -204, -263, 1171, 117, 507, 980, 268, 312, 
-453, -488, -34, 470, -209, -261, 1171, 117, 507, 985, 268, 312, 
-458, -488, -29, 473, -214, -258, 1180, 126, 507, 985, 278, 312, 
-458, -488, -29, 473, -214, -258, 1180, 126, 507, 985, 278, 312, 
-453, -492, -39, 473, -207, -265, 1180, 126, 512, 985, 278, 312, 
-453, -497, -43, 475, -204, -270, 1180, 131, 517, 985, 278, 312, 
-444, -492, -48, 468, -197, -270, 1171, 126, 507, 976, 268, 302, 
-448, -488, -39, 468, -204, -263, 1171, 122, 507, 980, 273, 302, 
-448, -488, -39, 468, -204, -263, 1171, 117, 507, 985, 273, 307, 
-448, -483, -34, 466, -207, -258, 1171, 112, 507, 985, 273, 307, 
-448, -502, -53, 475, -197, -278, 1180, 122, 517, 990, 268, 317, 
-468, -512, -43, 490, -212, -278, 1180, 131, 517, 1000, 287, 326, 
-468, -512, -43, 490, -212, -278, 1180, 122, 517, 990, 278, 307, 
