I, II, III, aVR, aVL, aVF, V1, V2, V3, V4, V5, V6, 
-9, -234, -224, 122, 107, -229, 58, -107, -185, -292, -165, -224, 
-9, -234, -224, 122, 107, -229, 58, -107, -185, -292, -165, -224, 
-9, -234, -224, 122, 107, -229, 58, -107, -185, -292, -165, -224, 
-9, -234, -224, 122, 107, -229, 58, -107, -185, -292, -165, -224, 
-19, -224, -204, 122, 92, -214, 48, -107, -175, -283, -165, -224, 
-19, -224, -204, 122, 92, -214, 48, -107, -175, -283, -165, -224, 
-19, -224, -204, 122, 92, -214, 48, -107, -175, -283, -165, -224, 
-19, -224, -204, 122, 92, -214, 48, -107, -175, -283, -165, -224, 
-9, -234, -224, 122, 107, -229, 58, -107, -175, -283, -165, -234, 
-9, -234, -224, 122, 107, -229, 58, -107, -175, -283, -165, -234, 
-9, -234, -224, 122, 107, -229, 58, -107, -175, -283, -165, -234, 
-9, -234, -224, 122, 107, -229, 58, -107, -175, -283, -165, -234, 
-19, -244, -224, 131, 102, -234, 68, -97, -185, -283, -165, -224, 
-19, -244, -224, 131, 102, -234, 68, -97, -185, -283, -165, -224, 
-19, -244, -224, 131, 102, -234, 68, -97, -185, -283, -165, -224, 
-19, -244, -224, 131, 102, -234, 68, -97, -185, -283, -165, -224, 
-19, -244, -224, 131, 102, -234, 68, -97, -175, -283, -165, -214, 
-19, -244, -224, 131, 102, -234, 68, -97, -175, -283, -165, -214, 
-19, -244, -224, 131, 102, -234, 68, -97, -175, -283, -165, -214, 
-19, -244, -224, 131, 102, -234, 68, -97, -175, -283, -165, -214, 
-19, -234, -214, 126, 97, -224, 58, -107, -175, -283, -156, -214, 
-19, -234, -214, 126, 97, -224, 58, -107, -175, -283, -156, -214, 
-19, -234, -214, 126, 97, -224, 58, -107, -175, -283, -156, -214, 
-19, -234, -214, 126, 97, -224, 58, -107, -175, -283, -156, -214, 
-29, -244, -214, 136, 92, -229, 68, -97, -185, -283, -165, -214, 
-29, -244, -214, 136, 92, -229, 68, -97, -185, -283, -165, -214, 
-29, -244, -214, 136, 92, -229, 68, -97, -185, -283, -165, -214, 
-29, -244, -214, 136, 92, -229, 68, -97, -185, -283, -165, -214, 
-19, -244, -224, 131, 102, -234, 68, -97, -175, -292, -175, -224, 
-19, -244, -224, 131, 102, -234, 68, -97, -175, -292, -175, -224, 
-19, -244, -224, 131, 102, -234, 68, -97, -175, -292, -175, -224, 
-19, -244, -224, 131, 102, -234, 68, -97, -175, -292, -175, -224, 
-29, -244, -214, 136, 92, -229, 68, -97, -175, -292, -175, -224, 
-29, -244, -214, 136, 92, -229, 68, -97, -175, -292, -175, -224, 
-29, -244, -214, 136, 92, -229, 68, -97, -175, -292, -175, -224, 
-29, -244, -214, 136, 92, -229, 68, -97, -175, -292, -175, -224, 
-29, -244, -214, 136, 92, -229, 68, -107, -175, -292, -185, -224, 
-29, -244, -214, 136, 92, -229, 68, -107, -175, -292, -185, -224, 
-29, -244, -214, 136, 92, -229, 68, -107, -175, -292, -185, -224, 
-29, -244, -214, 136, 92, -229, 68, -107, -175, -292, -185, -224, 
-29, -253, -224, 141, 97, -239, 68, -107, -175, -302, -175, -234, 
-29, -253, -224, 141, 97, -239, 68, -107, -175, -302, -175, -234, 
-29, -253, -224, 141, 97, -239, 68, -107, -175, -302, -175, -234, 
-29, -253, -224, 141, 97, -239, 68, -107, -175, -302, -175, -234, 
-29, -253, -224, 141, 97, -239, 68, -107, -175, -312, -185, -224, 
-29, -253, -224, 141, 97, -239, 68, -107, -175, -312, -185, -224, 
-29, -253, -224, 141, 97, -239, 68, -107, -175, -312, -185, -224, 
-29, -253, -224, 141, 97, -239, 68, -107, -175, -312, -185, -224, 
-29, -244, -214, 136, 92, -229, 68, -117, -175, -322, -195, -214, 
-29, -244, -214, 136, 92, -229, 68, -117, -175, -322, -195, -214, 
-29, -244, -214, 136, 92, -229, 68, -117, -175, -322, -195, -214, 
-29, -244, -214, 136, 92, -229, 68, -117, -175, -322, -195, -214, 
-29, -244, -214, 136, 92, -229, 78, -107, -175, -331, -204, -219, 
-29, -244, -214, 136, 92, -229, 73, -112, -185, -331, -209, -224, 
-24, -248, -224, 136, 100, -236, 73, -112, -185, -336, -209, -234, 
-24, -248, -224, 136, 100, -236, 73, -112, -185, -336, -209, -239, 
-24, -239, -214, 131, 95, -226, 78, -112, -185, -331, -204, -229, 
-29, -239, -209, 134, 90, -224, 78, -112, -185, -336, -204, -229, 
-29, -239, -209, 134, 90, -224, 73, -117, -185, -336, -204, -229, 
-24, -239, -214, 131, 95, -226, 73, -117, -185, -336, -204, -234, 
-24, -239, -214, 131, 95, -226, 82, -117, -180, -336, -204, -234, 
-24, -239, -214, 131, 95, -226, 78, -117, -185, -341, -204, -234, 
-24, -244, -219, 134, 97, -231, 78, -117, -185, -341, -204, -234, 
-29, -244, -214, 136, 92, -229, 82, -122, -185, -341, -204, -234, 
-34, -239, -204, 136, 85, -222, 78, -122, -185, -341, -214, -244, 
-34, -239, -204, 136, 85, -222, 78, -122, -185, -341, -214, -244, 
-39, -234, -195, 136, 78, -214, 73, -122, -180, -341, -214, -239, 
-39, -234, -195, 136, 78, -214, 68, -122, -175, -346, -214, -234, 
-29, -244, -214, 136, 92, -229, 73, -112, -175, -336, -214, -234, 
-24, -244, -219, 134, 97, -231, 73, -112, -175, -336, -214, -234, 
-19, -239, -219, 129, 100, -229, 68, -117, -175, -336, -214, -239, 
-19, -239, -219, 129, 100, -229, 68, -117, -175, -336, -214, -239, 
-19, -248, -229, 134, 104, -239, 68, -117, -175, -346, -204, -229, 
-19, -244, -224, 131, 102, -234, 73, -117, -175, -341, -204, -229, 
-14, -239, -224, 126, 104, -231, 78, -112, -175, -341, -204, -229, 
-14, -234, -219, 124, 102, -226, 78, -112, -165, -341, -204, -229, 
-19, -214, -195, 117, 87, -204, 68, -112, -151, -322, -195, -214, 
-19, -195, -175, 107, 78, -185, 63, -112, -131, -312, -185, -209, 
-19, -180, -161, 100, 70, -170, 63, -112, -117, -297, -165, -195, 
-19, -170, -151, 95, 65, -161, 58, -117, -107, -287, -161, -190, 
-24, -161, -136, 92, 56, -148, 53, -131, -97, -287, -165, -190, 
-34, -156, -122, 95, 43, -139, 53, -131, -87, -287, -156, -185, 
-34, -146, -112, 90, 39, -129, 53, -131, -78, -287, -151, -175, 
-34, -136, -102, 85, 34, -119, 43, -131, -68, -283, -146, -165, 
-39, -117, -78, 78, 19, -97, 39, -117, -68, -273, -146, -165, 
-34, -112, -78, 73, 21, -95, 39, -117, -68, -273, -146, -165, 
-34, -112, -78, 73, 21, -95, 39, -117, -58, -268, -146, -165, 
-34, -112, -78, 73, 21, -95, 39, -122, -53, -268, -141, -165, 
-43, -102, -58, 73, 7, -80, 24, -117, -43, -263, -131, -156, 
-34, -97, -63, 65, 14, -80, 24, -122, -43, -263, -131, -151, 
-34, -92, -58, 63, 12, -75, 24, -122, -39, -258, -126, -141, 
-34, -92, -58, 63, 12, -75, 14, -122, -34, -258, -117, -131, 
-34, -63, -29, 48, -2, -46, 4, -141, -19, -248, -117, -126, 
-29, -53, -24, 41, -2, -39, -4, -161, -19, -244, -112, -122, 
-29, -34, -4, 31, -12, -19, -19, -165, -19, -239, -102, -112, 
-34, -19, 14, 26, -24, -2, -24, -170, -19, -234, -97, -102, 
-29, -14, 14, 21, -21, 0, -24, -180, -24, -239, -87, -97, 
-34, -4, 29, 19, -31, 12, -29, -185, -24, -239, -82, -92, 
-34, -4, 29, 19, -31, 12, -29, -190, -29, -239, -82, -87, 
-14, -4, 9, 9, -12, 2, -29, -190, -39, -239, -82, -87, 
-19, -4, 14, 12, -17, 4, -19, -170, -48, -234, -73, -87, 
-9, -14, -4, 12, -2, -9, -9, -156, -73, -239, -82, -97, 
-4, -29, -24, 17, 9, -26, -4, -141, -92, -244, -87, -112, 
0, -48, -48, 24, 24, -48, 4, -136, -112, -244, -97, -122, 
0, -78, -78, 39, 39, -78, 14, -126, -126, -258, -107, -112, 
0, -102, -102, 51, 51, -102, 24, -122, -141, -263, -117, -131, 
4, -117, -122, 56, 63, -119, 34, -117, -141, -273, -126, -146, 
4, -136, -141, 65, 73, -139, 39, -117, -146, -278, -141, -161, 
4, -165, -170, 80, 87, -168, 39, -117, -146, -297, -161, -180, 
4, -195, -200, 95, 102, -197, 53, -112, -156, -322, -180, -195, 
-4, -209, -204, 107, 100, -207, 63, -112, -161, -331, -185, -209, 
-4, -224, -219, 114, 107, -222, 63, -112, -161, -341, -195, -214, 
-14, -214, -200, 114, 92, -207, 73, -117, -165, -341, -195, -209, 
-29, -229, -200, 129, 85, -214, 82, -117, -170, -351, -204, -209, 
-29, -229, -200, 129, 85, -214, 87, -122, -175, -351, -204, -219, 
-29, -239, -209, 134, 90, -224, 87, -122, -180, -356, -214, -224, 
-19, -239, -219, 129, 100, -229, 87, -122, -190, -370, -229, -239, 
-19, -244, -224, 131, 102, -234, 92, -122, -195, -380, -234, -248, 
-29, -258, -229, 143, 100, -244, 97, -122, -195, -390, -244, -248, 
-29, -263, -234, 146, 102, -248, 97, -122, -200, -395, -248, -253, 
-19, -258, -239, 139, 109, -248, 87, -131, -204, -405, -253, -268, 
-19, -258, -239, 139, 109, -248, 87, -126, -209, -409, -258, -273, 
-24, -268, -244, 146, 109, -256, 97, -126, -209, -409, -258, -273, 
-24, -268, -244, 146, 109, -256, 102, -122, -214, -409, -258, -273, 
-24, -273, -248, 148, 112, -261, 102, -122, -209, -405, -263, -268, 
-19, -278, -258, 148, 119, -268, 102, -122, -214, -405, -263, -278, 
-19, -278, -258, 148, 119, -268, 102, -122, -214, -405, -263, -283, 
-19, -283, -263, 151, 122, -273, 107, -122, -214, -405, -268, -283, 
-24, -287, -263, 156, 119, -275, 107, -122, -224, -409, -268, -283, 
-24, -287, -263, 156, 119, -275, 107, -117, -219, -409, -273, -283, 
-24, -287, -263, 156, 119, -275, 107, -117, -219, -414, -273, -283, 
-29, -287, -258, 158, 114, -273, 107, -117, -219, -414, -278, -287, 
-29, -297, -268, 163, 119, -283, 107, -117, -219, -414, -268, -287, 
-29, -297, -268, 163, 119, -283, 107, -122, -219, -414, -263, -283, 
-29, -302, -273, 165, 122, -287, 117, -122, -219, -409, -263, -278, 
-29, -302, -273, 165, 122, -287, 117, -112, -224, -405, -263, -278, 
-19, -302, -283, 161, 131, -292, 117, -112, -224, -405, -273, -278, 
-19, -302, -283, 161, 131, -292, 117, -117, -224, -405, -273, -278, 
-14, -302, -287, 158, 136, -295, 112, -117, -224, -405, -273, -283, 
-14, -302, -287, 158, 136, -295, 112, -117, -224, -400, -273, -283, 
-19, -297, -278, 158, 129, -287, 122, -117, -214, -390, -273, -273, 
-24, -297, -273, 161, 124, -285, 122, -117, -209, -390, -273, -273, 
-29, -297, -268, 163, 119, -283, 122, -107, -209, -390, -278, -278, 
-34, -297, -263, 165, 114, -280, 122, -107, -209, -390, -278, -278, 
-29, -287, -258, 158, 114, -273, 126, -102, -209, -370, -273, -268, 
-29, -278, -248, 153, 109, -263, 126, -107, -209, -341, -253, -253, 
-39, -253, -214, 146, 87, -234, 117, -117, -204, -302, -229, -234, 
-24, -229, -204, 126, 90, -217, 112, -107, -195, -248, -200, -224, 
-4, -209, -204, 107, 100, -207, 102, -92, -190, -170, -165, -204, 
-4, -185, -180, 95, 87, -183, 92, -63, -190, -58, -112, -190, 
4, -151, -156, 73, 80, -153, 82, -34, -170, 58, -43, -175, 
29, -107, -136, 39, 82, -122, 82, 4, -175, 185, 14, -146, 
58, -68, -126, 4, 92, -97, 78, 43, -185, 331, 97, -97, 
82, 19, -63, -51, 73, -21, 39, 34, -214, 527, 219, -14, 
107, 156, 48, -131, 29, 102, -24, -9, -239, 746, 370, 92, 
136, 302, 165, -219, -14, 234, -92, -82, -268, 941, 531, 204, 
165, 444, 278, -305, -56, 361, -170, -180, -322, 1102, 683, 322, 
190, 512, 322, -351, -65, 417, -239, -287, -380, 1176, 771, 395, 
214, 478, 263, -346, -24, 370, -258, -366, -429, 1132, 741, 375, 
219, 370, 151, -295, 34, 261, -248, -414, -492, 1024, 649, 322, 
239, 253, 14, -246, 112, 134, -224, -439, -634, 863, 531, 239, 
268, 29, -239, -148, 253, -104, -156, -409, -814, 595, 297, 68, 
302, -283, -585, -9, 444, -434, -34, -346, -1000, 214, -19, -180, 
283, -546, -829, 131, 556, -688, 63, -297, -1112, -151, -307, -390, 
248, -746, -995, 248, 622, -871, 146, -263, -1176, -517, -536, -541, 
224, -907, -1132, 341, 678, -1019, 224, -204, -1234, -834, -741, -678, 
209, -995, -1205, 392, 707, -1100, 273, -190, -1273, -1083, -878, -741, 
185, -1010, -1195, 412, 690, -1102, 258, -248, -1259, -1312, -941, -751, 
156, -990, -1146, 417, 651, -1068, 229, -322, -1205, -1512, -995, -751, 
136, -956, -1093, 409, 614, -1024, 195, -356, -1137, -1522, -995, -746, 
141, -907, -1049, 383, 595, -978, 156, -356, -1093, -1400, -932, -712, 
151, -824, -976, 336, 563, -900, 107, -370, -1029, -1268, -858, -663, 
146, -707, -854, 280, 500, -780, 48, -390, -936, -1141, -766, -570, 
112, -585, -697, 236, 405, -641, -4, -390, -829, -990, -644, -473, 
73, -473, -546, 200, 309, -509, -34, -370, -712, -883, -570, -409, 
53, -395, -448, 170, 251, -422, -29, -346, -600, -805, -512, -375, 
39, -346, -385, 153, 212, -366, -29, -312, -512, -707, -463, -331, 
34, -322, -356, 143, 195, -339, -4, -278, -453, -629, -414, -307, 
34, -312, -346, 139, 190, -329, 24, -229, -409, -590, -395, -307, 
19, -307, -326, 143, 173, -317, 68, -185, -366, -546, -370, -292, 
9, -292, -302, 141, 156, -297, 92, -156, -336, -502, -341, -278, 
4, -287, -292, 141, 148, -290, 102, -136, -312, -473, -331, -268, 
4, -287, -292, 141, 148, -290, 102, -136, -292, -463, -317, -273, 
-9, -287, -278, 148, 134, -283, 112, -126, -287, -463, -312, -273, 
-29, -287, -258, 158, 114, -273, 112, -117, -273, -448, -312, -263, 
-24, -278, -253, 151, 114, -265, 102, -112, -263, -453, -317, -273, 
-19, -283, -263, 151, 122, -273, 102, -92, -258, -448, -317, -273, 
-9, -287, -278, 148, 134, -283, 117, -78, -234, -434, -317, -273, 
-4, -287, -283, 146, 139, -285, 122, -78, -229, -429, -312, -273, 
-9, -273, -263, 141, 126, -268, 112, -73, -219, -409, -297, -258, 
-19, -263, -244, 141, 112, -253, 112, -73, -209, -395, -297, -253, 
-24, -263, -239, 143, 107, -251, 112, -78, -204, -390, -292, -253, 
-24, -263, -239, 143, 107, -251, 107, -82, -195, -385, -283, -253, 
-14, -268, -253, 141, 119, -261, 117, -92, -195, -385, -283, -258, 
-14, -263, -248, 139, 117, -256, 117, -92, -190, -380, -278, -258, 
-14, -258, -244, 136, 114, -251, 112, -82, -185, -375, -273, -253, 
-4, -253, -248, 129, 122, -251, 112, -73, -185, -370, -268, -253, 
-14, -253, -239, 134, 112, -246, 102, -78, -175, -366, -268, -258, 
-14, -253, -239, 134, 112, -246, 107, -73, -170, -361, -268, -258, 
-19, -253, -234, 136, 107, -244, 107, -68, -161, -356, -268, -253, 
-24, -244, -219, 134, 97, -231, 107, -68, -151, -351, -258, -253, 
-24, -229, -204, 126, 90, -217, 107, -68, -156, -331, -253, -239, 
-24, -229, -204, 126, 90, -217, 107, -73, -156, -331, -248, -239, 
-24, -224, -200, 124, 87, -212, 107, -73, -151, -322, -244, -234, 
-14, -224, -209, 119, 97, -217, 107, -73, -151, -317, -244, -234, 
-29, -209, -180, 119, 75, -195, 92, -73, -151, -317, -234, -234, 
-14, -204, -190, 109, 87, -197, 92, -73, -136, -317, -234, -234, 
-14, -200, -185, 107, 85, -192, 87, -73, -136, -312, -234, -229, 
-14, -200, -185, 107, 85, -192, 87, -73, -131, -307, -229, -229, 
-19, -185, -165, 102, 73, -175, 87, -73, -136, -302, -224, -224, 
-19, -185, -165, 102, 73, -175, 87, -68, -131, -297, -219, -219, 
-19, -180, -161, 100, 70, -170, 87, -68, -131, -292, -214, -214, 
-19, -175, -156, 97, 68, -165, 92, -63, -126, -283, -209, -204, 
-19, -180, -161, 100, 70, -170, 92, -53, -117, -278, -204, -214, 
-19, -180, -161, 100, 70, -170, 92, -53, -112, -273, -200, -209, 
-19, -175, -156, 97, 68, -165, 87, -53, -112, -273, -195, -209, 
-19, -170, -151, 95, 65, -161, 82, -53, -112, -268, -195, -204, 
-14, -161, -146, 87, 65, -153, 82, -58, -107, -248, -185, -200, 
-14, -161, -146, 87, 65, -153, 87, -58, -97, -244, -185, -195, 
-14, -156, -141, 85, 63, -148, 87, -53, -97, -234, -185, -190, 
-14, -151, -136, 82, 61, -143, 82, -53, -92, -224, -185, -185, 
-14, -136, -122, 75, 53, -129, 68, -53, -92, -219, -170, -185, 
-14, -131, -117, 73, 51, -124, 63, -53, -87, -214, -165, -175, 
-9, -122, -112, 65, 51, -117, 63, -48, -82, -209, -161, -170, 
-9, -122, -112, 65, 51, -117, 58, -48, -78, -200, -156, -170, 
-9, -117, -107, 63, 48, -112, 58, -48, -78, -195, -151, -165, 
-19, -112, -92, 65, 36, -102, 58, -43, -73, -195, -146, -161, 
-19, -102, -82, 61, 31, -92, 58, -43, -68, -180, -141, -156, 
-14, -92, -78, 53, 31, -85, 63, -43, -63, -170, -131, -156, 
-19, -87, -68, 53, 24, -78, 63, -43, -58, -161, -131, -141, 
-19, -82, -63, 51, 21, -73, 58, -39, -53, -146, -126, -136, 
-19, -68, -48, 43, 14, -58, 53, -34, -43, -126, -112, -136, 
-19, -63, -43, 41, 12, -53, 53, -29, -43, -107, -107, -131, 
-9, -63, -53, 36, 21, -58, 53, -19, -39, -107, -87, -136, 
-9, -58, -48, 34, 19, -53, 48, -19, -29, -92, -87, -131, 
-9, -53, -43, 31, 17, -48, 48, -14, -19, -78, -78, -126, 
-9, -43, -34, 26, 12, -39, 48, -9, -4, -58, -68, -112, 
0, -34, -34, 17, 17, -34, 34, -9, 0, -48, -68, -92, 
0, -19, -19, 9, 9, -19, 34, 4, 4, -34, -58, -92, 
-4, -9, -4, 7, 0, -7, 34, 4, 9, -14, -53, -92, 
-4, 4, 9, 0, -7, 7, 34, 4, 24, 0, -39, -82, 
-9, 24, 34, -7, -21, 29, 24, 0, 34, 24, -19, -78, 
-4, 34, 39, -14, -21, 36, 24, 9, 43, 39, -14, -73, 
0, 48, 48, -24, -24, 48, 24, 29, 58, 58, -4, -68, 
0, 63, 63, -31, -31, 63, 24, 34, 73, 78, 14, -58, 
4, 82, 78, -43, -36, 80, 14, 43, 78, 97, 39, -53, 
4, 92, 87, -48, -41, 90, 14, 53, 87, 122, 48, -39, 
4, 112, 107, -58, -51, 109, 9, 58, 107, 141, 63, -24, 
4, 126, 122, -65, -58, 124, 4, 68, 122, 161, 82, -9, 
4, 151, 146, -78, -70, 148, 14, 73, 131, 200, 87, 0, 
4, 165, 161, -85, -78, 163, 9, 82, 141, 219, 92, 4, 
4, 175, 170, -90, -82, 173, 4, 92, 151, 234, 107, 9, 
4, 190, 185, -97, -90, 187, 0, 92, 165, 258, 122, 19, 
14, 214, 200, -114, -92, 207, -4, 102, 185, 287, 136, 39, 
9, 224, 214, -117, -102, 219, -4, 107, 195, 307, 151, 48, 
9, 229, 219, -119, -104, 224, -4, 122, 204, 322, 161, 58, 
9, 244, 234, -126, -112, 239, -9, 126, 214, 336, 170, 68, 
9, 258, 248, -134, -119, 253, -9, 136, 219, 351, 190, 78, 
9, 268, 258, -139, -124, 263, -9, 136, 229, 366, 195, 87, 
9, 273, 263, -141, -126, 268, -14, 136, 234, 385, 209, 92, 
9, 278, 268, -143, -129, 273, -14, 136, 239, 390, 219, 92, 
9, 292, 283, -151, -136, 287, -14, 151, 248, 405, 229, 102, 
9, 302, 292, -156, -141, 297, -14, 151, 253, 409, 229, 107, 
9, 302, 292, -156, -141, 297, -19, 156, 258, 419, 234, 112, 
0, 302, 302, -151, -151, 302, -19, 156, 258, 419, 239, 117, 
9, 322, 312, -165, -151, 317, -19, 146, 253, 419, 248, 126, 
9, 326, 317, -168, -153, 322, -24, 141, 253, 414, 248, 126, 
9, 326, 317, -168, -153, 322, -24, 141, 248, 409, 248, 131, 
9, 326, 317, -168, -153, 322, -29, 131, 244, 400, 248, 131, 
0, 326, 326, -163, -163, 326, -24, 122, 248, 395, 248, 126, 
0, 326, 326, -163, -163, 326, -24, 117, 239, 385, 248, 126, 
14, 322, 307, -168, -146, 314, -29, 112, 229, 385, 244, 122, 
19, 322, 302, -170, -141, 312, -29, 92, 214, 366, 234, 122, 
14, 317, 302, -165, -143, 309, -29, 82, 204, 346, 234, 117, 
4, 302, 297, -153, -146, 300, -29, 78, 200, 317, 224, 117, 
-4, 292, 297, -143, -151, 295, -39, 68, 185, 297, 214, 107, 
-9, 283, 292, -136, -151, 287, -39, 48, 170, 268, 200, 97, 
0, 273, 273, -136, -136, 273, -24, 39, 161, 244, 175, 92, 
0, 258, 258, -129, -129, 258, -24, 24, 141, 209, 156, 73, 
-4, 234, 239, -114, -122, 236, -24, 14, 122, 185, 141, 63, 
-4, 214, 219, -104, -112, 217, -24, -4, 107, 156, 122, 53, 
-9, 195, 204, -92, -107, 200, -14, -4, 97, 126, 102, 48, 
-9, 170, 180, -80, -95, 175, -9, -19, 78, 97, 82, 34, 
-9, 156, 165, -73, -87, 161, -9, -24, 68, 68, 58, 19, 
-14, 141, 156, -63, -85, 148, -4, -39, 53, 48, 43, 4, 
-19, 117, 136, -48, -78, 126, -4, -48, 34, 14, 24, -9, 
-19, 97, 117, -39, -68, 107, 0, -53, 19, -9, 9, -24, 
-9, 78, 87, -34, -48, 82, 0, -68, 9, -34, -4, -34, 
-9, 68, 78, -29, -43, 73, 0, -73, -4, -53, -9, -48, 
-4, 48, 53, -21, -29, 51, -9, -78, -24, -73, -24, -58, 
-4, 29, 34, -12, -19, 31, 4, -82, -39, -87, -39, -63, 
-4, 19, 24, -7, -14, 21, 9, -82, -43, -112, -58, -73, 
0, 9, 9, -4, -4, 9, 9, -92, -53, -131, -78, -87, 
-9, 0, 9, 4, -9, 4, 19, -97, -73, -156, -92, -102, 
-9, -14, -4, 12, -2, -9, 19, -97, -82, -170, -102, -107, 
-9, -19, -9, 14, 0, -14, 24, -102, -82, -175, -112, -112, 
-14, -34, -19, 24, 2, -26, 24, -102, -92, -185, -117, -112, 
-14, -58, -43, 36, 14, -51, 24, -107, -107, -195, -131, -122, 
-14, -68, -53, 41, 19, -61, 29, -112, -112, -214, -146, -141, 
-14, -68, -53, 41, 19, -61, 29, -112, -112, -224, -151, -146, 
-14, -78, -63, 46, 24, -70, 29, -112, -112, -229, -156, -151, 
-4, -87, -82, 46, 39, -85, 29, -112, -117, -234, -165, -146, 
-4, -102, -97, 53, 46, -100, 29, -112, -122, -248, -170, -151, 
-4, -107, -102, 56, 48, -104, 29, -117, -122, -248, -175, -161, 
-14, -107, -92, 61, 39, -100, 29, -117, -126, -248, -180, -161, 
-24, -97, -73, 61, 24, -85, 34, -112, -136, -253, -190, -170, 
-19, -107, -87, 63, 34, -97, 34, -112, -136, -258, -190, -170, 
-19, -112, -92, 65, 36, -102, 34, -112, -136, -263, -190, -170, 
-24, -112, -87, 68, 31, -100, 34, -112, -146, -273, -200, -170, 
-24, -117, -92, 70, 34, -104, 29, -112, -146, -268, -190, -165, 
-24, -112, -87, 68, 31, -100, 29, -112, -146, -273, -190, -165, 
-24, -112, -87, 68, 31, -100, 29, -117, -141, -273, -190, -165, 
-24, -112, -87, 68, 31, -100, 29, -117, -136, -278, -190, -170, 
-14, -117, -102, 65, 43, -109, 29, -117, -136, -278, -200, -170, 
-14, -117, -102, 65, 43, -109, 29, -117, -141, -278, -200, -170, 
-9, -112, -102, 61, 46, -107, 29, -117, -141, -278, -200, -170, 
-4, -102, -97, 53, 46, -100, 24, -117, -141, -278, -195, -170, 
-4, -112, -107, 58, 51, -109, 34, -117, -141, -278, -195, -170, 
-9, -117, -107, 63, 48, -112, 34, -112, -146, -278, -195, -170, 
-9, -117, -107, 63, 48, -112, 34, -112, -146, -278, -195, -170, 
-4, -117, -112, 61, 53, -114, 34, -117, -146, -278, -195, -170, 
-9, -107, -97, 58, 43, -102, 34, -112, -146, -278, -195, -170, 
-14, -107, -92, 61, 39, -100, 34, -112, -146, -283, -200, -170, 
-19, -107, -87, 63, 34, -97, 34, -107, -141, -283, -200, -170, 
-24, -107, -82, 65, 29, -95, 34, -102, -141, -278, -200, -170, 
-14, -92, -78, 53, 31, -85, 34, -102, -141, -278, -195, -170, 
-14, -92, -78, 53, 31, -85, 34, -102, -141, -283, -195, -165, 
-14, -102, -87, 58, 36, -95, 34, -112, -146, -283, -195, -165, 
-19, -102, -82, 61, 31, -92, 34, -112, -146, -283, -200, -165, 
-19, -102, -82, 61, 31, -92, 34, -112, -146, -283, -209, -175, 
-9, -102, -92, 56, 41, -97, 34, -107, -146, -278, -200, -175, 
-9, -97, -87, 53, 39, -92, 34, -107, -141, -278, -200, -170, 
-14, -97, -82, 56, 34, -90, 34, -107, -141, -283, -204, -170, 
-24, -82, -58, 53, 17, -70, 34, -107, -141, -283, -195, -175, 
-9, -87, -78, 48, 34, -82, 29, -107, -141, -283, -195, -180, 
-9, -92, -82, 51, 36, -87, 29, -107, -141, -283, -204, -185, 
-4, -102, -97, 53, 46, -100, 29, -112, -141, -283, -204, -185, 
-14, -97, -82, 56, 34, -90, 29, -102, -141, -278, -195, -180, 
-14, -107, -92, 61, 39, -100, 29, -102, -141, -278, -195, -175, 
-14, -107, -92, 61, 39, -100, 29, -102, -141, -287, -195, -170, 
-24, -102, -78, 63, 26, -90, 29, -102, -141, -287, -195, -165, 
-14, -97, -82, 56, 34, -90, 29, -112, -141, -283, -195, -170, 
-14, -97, -82, 56, 34, -90, 29, -112, -141, -283, -200, -175, 
-9, -97, -87, 53, 39, -92, 29, -112, -141, -287, -200, -180, 
-9, -97, -87, 53, 39, -92, 29, -112, -146, -287, -204, -185, 
-9, -97, -87, 53, 39, -92, 29, -112, -136, -297, -204, -185, 
-9, -92, -82, 51, 36, -87, 29, -112, -136, -292, -204, -190, 
-9, -97, -87, 53, 39, -92, 34, -112, -136, -292, -204, -190, 
-14, -102, -87, 58, 36, -95, 34, -112, -136, -292, -200, -190, 
-4, -102, -97, 53, 46, -100, 24, -112, -136, -292, -204, -180, 
-14, -107, -92, 61, 39, -100, 29, -117, -136, -292, -204, -180, 
-14, -107, -92, 61, 39, -100, 29, -117, -136, -292, -204, -180, 
-14, -102, -87, 58, 36, -95, 29, -107, -136, -292, -209, -180, 
-19, -102, -82, 61, 31, -92, 39, -107, -136, -292, -200, -175, 
-19, -102, -82, 61, 31, -92, 39, -107, -141, -297, -200, -175, 
-19, -107, -87, 63, 34, -97, 34, -107, -141, -297, -204, -180, 
-14, -107, -92, 61, 39, -100, 34, -117, -141, -297, -204, -190, 
-14, -107, -92, 61, 39, -100, 34, -117, -141, -302, -204, -190, 
-14, -107, -92, 61, 39, -100, 34, -117, -131, -297, -204, -175, 
-24, -102, -78, 63, 26, -90, 34, -117, -131, -297, -195, -175, 
-14, -102, -87, 58, 36, -95, 34, -117, -131, -307, -200, -185, 
-9, -97, -87, 53, 39, -92, 29, -117, -146, -312, -214, -195, 
-19, -97, -78, 58, 29, -87, 29, -117, -146, -322, -214, -195, 
-19, -97, -78, 58, 29, -87, 29, -117, -146, -322, -214, -195, 
-19, -97, -78, 58, 29, -87, 29, -117, -146, -322, -214, -195, 
-19, -97, -78, 58, 29, -87, 29, -117, -146, -322, -214, -195, 
-19, -107, -87, 63, 34, -97, 34, -122, -151, -312, -209, -185, 
-14, -112, -97, 63, 41, -104, 34, -122, -146, -317, -209, -190, 
-14, -112, -97, 63, 41, -104, 34, -122, -141, -317, -209, -190, 
-14, -112, -97, 63, 41, -104, 39, -122, -136, -322, -214, -190, 
-9, -112, -102, 61, 46, -107, 39, -112, -146, -326, -224, -190, 
-9, -112, -102, 61, 46, -107, 34, -117, -146, -326, -224, -190, 
-4, -112, -107, 58, 51, -109, 34, -117, -146, -326, -224, -195, 
-4, -112, -107, 58, 51, -109, 34, -117, -151, -326, -224, -195, 
-14, -102, -87, 58, 36, -95, 29, -117, -146, -331, -224, -185, 
-14, -107, -92, 61, 39, -100, 29, -117, -146, -331, -224, -185, 
-19, -107, -87, 63, 34, -97, 34, -122, -146, -331, -224, -185, 
-24, -112, -87, 68, 31, -100, 34, -122, -146, -331, -224, -185, 
-24, -112, -87, 68, 31, -100, 29, -131, -146, -341, -224, -185, 
-29, -107, -78, 68, 24, -92, 29, -131, -141, -341, -224, -180, 
-29, -107, -78, 68, 24, -92, 29, -131, -136, -346, -224, -175, 
-29, -107, -78, 68, 24, -92, 34, -131, -136, -346, -224, -175, 
-34, -107, -73, 70, 19, -90, 34, -131, -136, -336, -224, -185, 
-29, -102, -73, 65, 21, -87, 29, -136, -136, -336, -224, -190, 
-29, -102, -73, 65, 21, -87, 29, -136, -136, -336, -224, -190, 
-29, -102, -73, 65, 21, -87, 24, -136, -136, -336, -224, -190, 
-39, -82, -43, 61, 2, -63, 24, -146, -126, -322, -214, -185, 
-34, -73, -39, 53, 2, -56, 24, -141, -126, -322, -214, -180, 
-34, -63, -29, 48, -2, -46, 19, -141, -117, -322, -214, -175, 
-39, -39, 0, 39, -19, -19, 9, -141, -102, -312, -204, -156, 
-39, -29, 9, 34, -24, -9, -4, -151, -73, -302, -185, -151, 
-39, -14, 24, 26, -31, 4, -4, -151, -58, -287, -165, -136, 
-39, -4, 34, 21, -36, 14, -9, -156, -48, -278, -161, -131, 
-53, 4, 58, 24, -56, 31, -14, -161, -39, -273, -156, -122, 
-53, 14, 68, 19, -61, 41, -14, -161, -29, -258, -146, -117, 
-53, 29, 82, 12, -68, 56, -14, -161, -19, -253, -141, -107, 
-53, 43, 97, 4, -75, 70, -24, -161, -9, -244, -136, -97, 
-48, 58, 107, -4, -78, 82, -29, -156, -9, -244, -136, -97, 
-53, 58, 112, -2, -82, 85, -19, -146, -19, -253, -146, -97, 
-53, 53, 107, 0, -80, 80, -19, -146, -9, -248, -146, -97, 
-53, 48, 102, 2, -78, 75, -19, -151, -4, -248, -141, -97, 
-53, 43, 97, 4, -75, 70, -24, -156, -4, -244, -141, -92, 
-34, 58, 92, -12, -63, 75, -34, -161, -14, -253, -151, -102, 
-34, 63, 97, -14, -65, 80, -34, -161, -9, -248, -146, -97, 
-34, 63, 97, -14, -65, 80, -43, -161, -4, -248, -136, -92, 
-34, 82, 117, -24, -75, 100, -53, -170, 0, -248, -136, -87, 
-29, 82, 112, -26, -70, 97, -53, -180, 0, -244, -122, -92, 
-29, 102, 131, -36, -80, 117, -68, -185, 0, -239, -112, -82, 
-34, 117, 151, -41, -92, 134, -73, -190, 0, -234, -107, -73, 
-39, 122, 161, -41, -100, 141, -73, -190, -4, -229, -97, -68, 
-34, 126, 161, -46, -97, 143, -78, -185, -14, -219, -102, -63, 
-34, 122, 156, -43, -95, 139, -78, -190, -19, -219, -102, -58, 
-14, 117, 131, -51, -73, 124, -78, -190, -29, -219, -102, -58, 
-9, 112, 122, -51, -65, 117, -78, -180, -39, -224, -102, -58, 
0, 92, 92, -46, -46, 92, -58, -156, -63, -229, -102, -68, 
4, 78, 73, -41, -34, 75, -53, -141, -82, -234, -107, -82, 
9, 58, 48, -34, -19, 53, -43, -136, -102, -234, -117, -92, 
9, 39, 29, -24, -9, 34, -34, -126, -107, -248, -126, -92, 
9, 14, 4, -12, 2, 9, -24, -131, -122, -258, -141, -112, 
14, 0, -14, -7, 14, -7, -14, -126, -122, -273, -156, -126, 
14, -19, -34, 2, 24, -26, -9, -126, -126, -283, -175, -141, 
4, -39, -43, 17, 24, -41, 0, -126, -136, -307, -200, -151, 
4, -58, -63, 26, 34, -61, 14, -122, -146, -331, -219, -175, 
-4, -73, -68, 39, 31, -70, 24, -122, -151, -341, -224, -190, 
-4, -87, -82, 46, 39, -85, 24, -122, -151, -351, -234, -195, 
-4, -87, -82, 46, 39, -85, 24, -126, -156, -351, -234, -200, 
-19, -102, -82, 61, 31, -92, 34, -136, -161, -361, -234, -195, 
-19, -102, -82, 61, 31, -92, 39, -141, -165, -361, -234, -200, 
-19, -112, -92, 65, 36, -102, 39, -141, -170, -366, -244, -200, 
-19, -122, -102, 70, 41, -112, 39, -141, -170, -380, -248, -200, 
-19, -126, -107, 73, 43, -117, 43, -141, -165, -380, -253, -219, 
-29, -141, -112, 85, 41, -126, 48, -141, -165, -390, -263, -219, 
-29, -146, -117, 87, 43, -131, 48, -141, -170, -395, -268, -224, 
-19, -151, -131, 85, 56, -141, 48, -141, -175, -395, -273, -229, 
-19, -151, -131, 85, 56, -141, 39, -136, -190, -400, -278, -224, 
-24, -161, -136, 92, 56, -148, 48, -136, -190, -400, -278, -224, 
-24, -161, -136, 92, 56, -148, 53, -131, -195, -400, -278, -224, 
-24, -165, -141, 95, 58, -153, 53, -131, -200, -405, -283, -229, 
-9, -170, -161, 90, 75, -165, 53, -122, -195, -395, -273, -229, 
-9, -170, -161, 90, 75, -165, 53, -122, -195, -395, -273, -234, 
-9, -175, -165, 92, 78, -170, 58, -122, -195, -395, -278, -234, 
-14, -180, -165, 97, 75, -173, 58, -122, -195, -400, -278, -234, 
-24, -170, -146, 97, 61, -158, 68, -117, -190, -400, -292, -234, 
-24, -170, -146, 97, 61, -158, 68, -117, -190, -405, -292, -234, 
-29, -170, -141, 100, 56, -156, 68, -117, -190, -405, -297, -239, 
-29, -170, -141, 100, 56, -156, 68, -117, -190, -405, -297, -239, 
-29, -165, -136, 97, 53, -151, 58, -131, -200, -414, -292, -244, 
-29, -165, -136, 97, 53, -151, 68, -131, -200, -409, -292, -239, 
-29, -161, -131, 95, 51, -146, 68, -122, -204, -405, -292, -239, 
-29, -156, -126, 92, 48, -141, 68, -122, -204, -405, -292, -239, 
-39, -165, -126, 102, 43, -146, 78, -126, -195, -395, -292, -239, 
-34, -165, -131, 100, 48, -148, 73, -126, -195, -395, -292, -244, 
-34, -165, -131, 100, 48, -148, 73, -126, -195, -390, -292, -244, 
-34, -170, -136, 102, 51, -153, 73, -126, -195, -390, -292, -244, 
-24, -180, -156, 102, 65, -168, 73, -126, -200, -390, -292, -253, 
-24, -180, -156, 102, 65, -168, 73, -117, -200, -390, -297, -258, 
-24, -180, -156, 102, 65, -168, 73, -117, -200, -390, -297, -258, 
-29, -180, -151, 104, 61, -165, 68, -122, -200, -380, -292, -258, 
-19, -151, -131, 85, 56, -141, 58, -126, -200, -341, -263, -234, 
-19, -117, -97, 68, 39, -107, 58, -126, -185, -302, -239, -214, 
-24, -102, -78, 63, 26, -90, 43, -117, -185, -248, -209, -204, 
-14, -82, -68, 48, 26, -75, 53, -92, -170, -161, -175, -195, 
-4, -58, -53, 31, 24, -56, 53, -43, -161, -39, -122, -170, 
-4, -24, -19, 14, 7, -21, 53, 14, -151, 87, -53, -136, 
19, 19, 0, -19, 9, 9, 34, 43, -165, 244, 24, -107, 
68, 117, 48, -92, 9, 82, -9, 34, -195, 439, 136, -39, 
122, 253, 131, -187, -4, 192, -78, -4, -234, 683, 297, 73, 
156, 409, 253, -283, -48, 331, -161, -87, -287, 893, 468, 200, 
175, 566, 390, -370, -107, 478, -248, -229, -346, 1049, 619, 341, 
195, 678, 483, -436, -143, 580, -336, -385, -409, 1151, 732, 439, 
219, 697, 478, -458, -129, 588, -375, -483, -517, 1166, 761, 453, 
263, 624, 361, -444, -48, 492, -385, -512, -673, 1112, 712, 424, 
317, 517, 200, -417, 58, 358, -385, -541, -883, 985, 629, 361, 
356, 322, -34, -339, 195, 143, -331, -527, -1073, 766, 453, 229, 
366, 29, -336, -197, 351, -153, -214, -468, -1215, 429, 180, 19, 
370, -253, -624, -58, 497, -439, -102, -414, -1312, 48, -107, -180, 
370, -458, -829, 43, 600, -644, -14, -375, -1395, -326, -356, -361, 
356, -619, -976, 131, 666, -797, 39, -361, -1449, -673, -575, -502, 
341, -702, -1044, 180, 692, -873, 58, -390, -1429, -932, -722, -580, 
287, -751, -1039, 231, 663, -895, 58, -453, -1381, -1161, -819, -624, 
244, -795, -1039, 275, 641, -917, 73, -492, -1327, -1410, -912, -663, 
214, -805, -1019, 295, 617, -912, 73, -488, -1244, -1493, -946, -692, 
185, -722, -907, 268, 546, -814, 29, -483, -1117, -1356, -888, -649, 
161, -614, -775, 226, 468, -695, -29, -483, -985, -1176, -785, -566, 
151, -512, -663, 180, 407, -588, -68, -468, -893, -1054, -692, -488, 
146, -414, -561, 134, 353, -488, -87, -439, -800, -927, -610, -424, 
122, -341, -463, 109, 292, -402, -102, -419, -692, -814, -536, -366, 
92, -297, -390, 102, 241, -344, -82, -390, -595, -736, -492, -331, 
63, -258, -322, 97, 192, -290, -48, -336, -522, -678, -453, -307, 
58, -229, -287, 85, 173, -258, -9, -273, -453, -619, -414, -292, 
43, -204, -248, 80, 146, -226, 14, -229, -405, -580, -395, -278, 
34, -185, -219, 75, 126, -202, 34, -200, -361, -541, -375, -268, 
9, -180, -190, 85, 100, -185, 48, -175, -326, -507, -351, -263, 
0, -165, -165, 82, 82, -165, 63, -156, -287, -473, -322, -258, 
-4, -170, -165, 87, 80, -168, 63, -146, -263, -453, -312, -248, 
-4, -170, -165, 87, 80, -168, 53, -146, -244, -444, -307, -244, 
-9, -170, -161, 90, 75, -165, 43, -136, -229, -434, -302, -244, 
0, -170, -170, 85, 85, -170, 53, -126, -234, -439, -312, -244, 
0, -161, -161, 80, 80, -161, 63, -117, -229, -434, -317, -253, 
0, -165, -165, 82, 82, -165, 63, -92, -229, -429, -317, -253, 
4, -170, -175, 82, 90, -173, 78, -73, -209, -414, -317, -253, 
4, -170, -175, 82, 90, -173, 82, -68, -209, -409, -312, -253, 
0, -156, -156, 78, 78, -156, 73, -68, -190, -409, -297, -239, 
-9, -146, -136, 78, 63, -141, 73, -73, -180, -395, -297, -234, 
-14, -146, -131, 80, 58, -139, 73, -82, -175, -390, -292, -234, 
-14, -146, -131, 80, 58, -139, 68, -92, -165, -385, -283, -234, 
-14, -141, -126, 78, 56, -134, 68, -92, -156, -375, -283, -229, 
-14, -136, -122, 75, 53, -129, 68, -92, -151, -370, -278, -229, 
-14, -131, -117, 73, 51, -124, 63, -82, -146, -366, -273, -224, 
-4, -126, -122, 65, 58, -124, 63, -73, -146, -361, -268, -224, 
4, -136, -141, 65, 73, -139, 63, -68, -141, -356, -278, -229, 
4, -136, -141, 65, 73, -139, 68, -63, -141, -351, -278, -229, 
0, -136, -136, 68, 68, -136, 68, -58, -136, -346, -278, -224, 
-4, -126, -122, 65, 58, -124, 68, -58, -131, -341, -268, -224, 
-4, -122, -117, 63, 56, -119, 68, -58, -136, -341, -273, -229, 
-4, -122, -117, 63, 56, -119, 68, -63, -136, -341, -268, -229, 
-4, -117, -112, 61, 53, -114, 68, -63, -131, -331, -263, -224, 
4, -117, -122, 56, 63, -119, 68, -63, -131, -326, -263, -224, 
-9, -102, -92, 56, 41, -97, 63, -53, -131, -326, -253, -219, 
4, -97, -102, 46, 53, -100, 63, -53, -117, -326, -253, -214, 
4, -92, -97, 43, 51, -95, 58, -53, -117, -322, -253, -204, 
4, -92, -97, 43, 51, -95, 58, -53, -112, -317, -248, -200, 
0, -87, -87, 43, 43, -87, 48, -63, -107, -312, -253, -204, 
0, -87, -87, 43, 43, -87, 48, -58, -102, -307, -248, -200, 
0, -82, -82, 41, 41, -82, 48, -58, -102, -302, -244, -195, 
0, -78, -78, 39, 39, -78, 53, -53, -97, -292, -239, -185, 
0, -82, -82, 41, 41, -82, 53, -43, -97, -287, -244, -190, 
0, -82, -82, 41, 41, -82, 53, -43, -92, -283, -239, -190, 
0, -78, -78, 39, 39, -78, 48, -43, -92, -283, -234, -195, 
0, -73, -73, 36, 36, -73, 43, -43, -92, -278, -234, -195, 
0, -53, -53, 26, 26, -53, 43, -39, -78, -268, -219, -180, 
-4, -53, -48, 29, 21, -51, 48, -39, -68, -263, -214, -175, 
-9, -48, -39, 29, 14, -43, 48, -34, -68, -253, -209, -170, 
-14, -43, -29, 29, 7, -36, 43, -34, -63, -244, -204, -165, 
-4, -39, -34, 21, 14, -36, 39, -43, -73, -229, -200, -180, 
-4, -34, -29, 19, 12, -31, 34, -43, -68, -224, -195, -175, 
0, -24, -24, 12, 12, -24, 34, -39, -63, -219, -190, -175, 
0, -24, -24, 12, 12, -24, 29, -39, -58, -209, -185, -180, 
-9, -9, 0, 9, -4, -4, 29, -29, -39, -195, -180, -170, 
-19, -4, 14, 12, -17, 4, 29, -24, -34, -195, -175, -161, 
-19, 4, 24, 7, -21, 14, 29, -24, -29, -180, -170, -151, 
-14, 14, 29, 0, -21, 21, 34, -24, -24, -170, -161, -146, 
-9, 9, 19, 0, -14, 14, 43, -14, -9, -156, -151, -131, 
-9, 14, 24, -2, -17, 19, 39, -9, -4, -146, -146, -126, 
-9, 29, 39, -9, -24, 34, 34, -4, 4, -131, -131, -126, 
-9, 34, 43, -12, -26, 39, 34, 0, 4, -117, -126, -122, 
-9, 43, 53, -17, -31, 48, 34, 9, 9, -107, -117, -117, 
-9, 48, 58, -19, -34, 53, 29, 9, 19, -92, -117, -112, 
-9, 53, 63, -21, -36, 58, 29, 14, 29, -78, -107, -107, 
-9, 63, 73, -26, -41, 68, 29, 19, 43, -58, -97, -92, 
-9, 82, 92, -36, -51, 87, 24, 29, 63, -48, -78, -82, 
-9, 97, 107, -43, -58, 102, 24, 43, 73, -34, -68, -82, 
-14, 107, 122, -46, -68, 114, 24, 43, 82, -14, -63, -82, 
-14, 122, 136, -53, -75, 129, 24, 43, 102, 0, -48, -73, 
-19, 122, 141, -51, -80, 131, 24, 58, 102, 24, -39, -63, 
-14, 131, 146, -58, -80, 139, 24, 68, 112, 39, -34, -53, 
-9, 146, 156, -68, -82, 151, 24, 87, 126, 58, -24, -43, 
-9, 161, 170, -75, -90, 165, 24, 92, 141, 78, -4, -29, 
-4, 185, 190, -90, -97, 187, 19, 92, 156, 97, 9, -29, 
-4, 200, 204, -97, -104, 202, 14, 102, 165, 122, 19, -19, 
-4, 224, 229, -109, -117, 226, 4, 107, 185, 141, 34, -9, 
-4, 244, 248, -119, -126, 246, -4, 117, 200, 161, 53, 0, 
-14, 268, 283, -126, -148, 275, 4, 131, 209, 190, 68, 19, 
-14, 283, 297, -134, -156, 290, 0, 141, 219, 209, 73, 24, 
-14, 292, 307, -139, -161, 300, -4, 151, 229, 224, 87, 29, 
-14, 307, 322, -146, -168, 314, -9, 151, 244, 248, 102, 39, 
-4, 312, 317, -153, -161, 314, -4, 151, 263, 278, 117, 39, 
-9, 322, 331, -156, -170, 326, -4, 156, 273, 297, 131, 48, 
-9, 326, 336, -158, -173, 331, -4, 170, 283, 312, 141, 58, 
-9, 341, 351, -165, -180, 346, -9, 175, 292, 326, 151, 68, 
-9, 356, 366, -173, -187, 361, -9, 180, 297, 326, 175, 87, 
-9, 366, 375, -178, -192, 370, -9, 185, 307, 336, 175, 97, 
-9, 370, 380, -180, -195, 375, -14, 190, 312, 351, 185, 102, 
-9, 375, 385, -183, -197, 380, -14, 195, 317, 351, 190, 102, 
-9, 380, 390, -185, -200, 385, -24, 190, 307, 366, 190, 102, 
-9, 390, 400, -190, -204, 395, -24, 190, 312, 370, 190, 107, 
-9, 390, 400, -190, -204, 395, -29, 195, 317, 380, 195, 112, 
-19, 390, 409, -185, -214, 400, -29, 195, 317, 380, 200, 117, 
-9, 400, 409, -195, -209, 405, -29, 195, 322, 380, 209, 126, 
-9, 405, 414, -197, -212, 409, -34, 190, 322, 375, 209, 126, 
-9, 405, 414, -197, -212, 409, -34, 190, 317, 370, 209, 131, 
-9, 405, 414, -197, -212, 409, -39, 180, 312, 361, 209, 131, 
-9, 405, 414, -197, -212, 409, -43, 180, 297, 346, 200, 126, 
-9, 405, 414, -197, -212, 409, -43, 175, 287, 336, 200, 126, 
4, 400, 395, -202, -195, 397, -48, 170, 278, 336, 195, 122, 
9, 400, 390, -204, -190, 395, -48, 151, 263, 317, 185, 122, 
9, 390, 380, -200, -185, 385, -39, 126, 239, 287, 180, 112, 
4, 370, 366, -187, -180, 368, -39, 117, 229, 258, 165, 107, 
0, 356, 356, -178, -178, 356, -48, 102, 209, 239, 151, 92, 
0, 341, 341, -170, -170, 341, -48, 78, 190, 209, 131, 78, 
9, 322, 312, -165, -151, 317, -43, 58, 170, 185, 117, 73, 
9, 307, 297, -158, -143, 302, -43, 43, 151, 151, 97, 53, 
4, 283, 278, -143, -136, 280, -43, 34, 131, 126, 82, 43, 
4, 263, 258, -134, -126, 261, -43, 14, 117, 97, 63, 34, 
9, 244, 234, -126, -112, 239, -43, 14, 87, 58, 43, 19, 
9, 219, 209, -114, -100, 214, -39, 0, 68, 29, 24, 4, 
9, 204, 195, -107, -92, 200, -39, -4, 58, 0, 0, -9, 
4, 190, 185, -97, -90, 187, -34, -19, 43, -19, -14, -24, 
0, 156, 156, -78, -78, 156, -24, -29, 34, -43, -34, -29, 
0, 136, 136, -68, -68, 136, -19, -34, 19, -68, -48, -43, 
9, 117, 107, -63, -48, 112, -19, -48, 9, -92, -63, -53, 
9, 107, 97, -58, -43, 102, -19, -53, -4, -112, -68, -68, 
-4, 97, 102, -46, -53, 100, -29, -68, -24, -136, -87, -78, 
-4, 78, 82, -36, -43, 80, -14, -73, -39, -146, -97, -82, 
-4, 68, 73, -31, -39, 70, -9, -73, -43, -165, -112, -92, 
0, 58, 58, -29, -29, 58, -9, -82, -53, -180, -126, -107, 
0, 43, 43, -21, -21, 43, -9, -87, -53, -185, -131, -122, 
0, 34, 34, -17, -17, 34, -9, -87, -63, -200, -141, -126, 
0, 34, 34, -17, -17, 34, -4, -92, -63, -204, -151, -131, 
-4, 24, 29, -9, -17, 26, -4, -92, -73, -214, -156, -131, 
-4, 9, 14, -2, -9, 12, -4, -97, -87, -214, -151, -136, 
-4, 0, 4, 2, -4, 2, 0, -102, -92, -234, -165, -151, 
-4, 0, 4, 2, -4, 2, 0, -102, -92, -244, -170, -151, 
-4, -9, -4, 7, 0, -7, 0, -102, -92, -248, -175, -151, 
-4, -9, -4, 7, 0, -7, 0, -102, -97, -244, -185, -146, 
-4, -24, -19, 14, 7, -21, 0, -102, -102, -258, -190, -151, 
-4, -29, -24, 17, 9, -26, 0, -107, -102, -258, -195, -161, 
-14, -29, -14, 21, 0, -21, 0, -107, -107, -258, -200, -161, 
-4, -29, -24, 17, 9, -26, 4, -112, -117, -263, -200, -165, 
0, -39, -39, 19, 19, -39, 4, -112, -117, -268, -200, -170, 
0, -43, -43, 21, 21, -43, 4, -112, -117, -273, -200, -175, 
-4, -43, -39, 24, 17, -41, 4, -112, -126, -283, -209, -180, 
0, -39, -39, 19, 19, -39, 0, -112, -126, -278, -209, -175, 
-4, -34, -29, 19, 12, -31, 0, -112, -126, -283, -209, -175, 
-9, -34, -24, 21, 7, -29, 0, -117, -122, -283, -209, -175, 
-14, -34, -19, 24, 2, -26, 0, -117, -117, -287, -209, -180, 
-14, -48, -34, 31, 9, -41, 0, -117, -107, -287, -209, -180, 
-14, -48, -34, 31, 9, -41, 0, -117, -112, -287, -209, -180, 
-9, -43, -34, 26, 12, -39, 0, -117, -112, -287, -209, -180, 
-4, -34, -29, 19, 12, -31, -4, -117, -112, -287, -204, -180, 
-4, -43, -39, 24, 17, -41, 4, -117, -112, -287, -204, -170, 
-9, -48, -39, 29, 14, -43, 4, -112, -117, -287, -204, -170, 
-9, -48, -39, 29, 14, -43, 4, -112, -117, -287, -204, -170, 
-4, -48, -43, 26, 19, -46, 4, -117, -117, -287, -204, -170, 
-4, -39, -34, 21, 14, -36, -4, -122, -126, -287, -214, -180, 
-4, -39, -34, 21, 14, -36, -4, -122, -126, -292, -219, -180, 
-4, -39, -34, 21, 14, -36, -4, -117, -122, -292, -219, -180, 
-4, -39, -34, 21, 14, -36, -4, -112, -122, -287, -219, -180, 
-14, -29, -14, 21, 0, -21, -4, -102, -122, -287, -214, -190, 
-14, -24, -9, 19, -2, -17, -4, -102, -122, -292, -214, -185, 
-14, -29, -14, 21, 0, -21, -4, -112, -126, -292, -214, -185, 
-19, -24, -4, 21, -7, -14, -4, -112, -126, -292, -219, -185, 
-24, -14, 9, 19, -17, -2, -4, -122, -126, -292, -219, -185, 
-9, -14, -4, 12, -2, -9, -4, -117, -126, -287, -209, -185, 
-4, -9, -4, 7, 0, -7, -4, -117, -122, -287, -209, -180, 
-4, -9, -4, 7, 0, -7, -4, -117, -122, -292, -214, -180, 
-14, 0, 14, 7, -14, 7, -4, -117, -122, -292, -204, -190, 
0, 0, 0, 0, 0, 0, -9, -117, -122, -292, -204, -190, 
0, 0, 0, 0, 0, 0, -9, -117, -122, -292, -214, -190, 
4, -4, -9, 0, 7, -7, -9, -122, -122, -292, -214, -185, 
0, -14, -14, 7, 7, -14, 0, -112, -117, -287, -204, -175, 
-4, -29, -24, 17, 9, -26, 0, -112, -112, -287, -204, -175, 
-9, -34, -24, 21, 7, -29, 0, -112, -107, -297, -204, -175, 
-24, -34, -9, 29, -7, -21, 0, -112, -102, -297, -204, -175, 
-14, -29, -14, 21, 0, -21, 0, -112, -112, -292, -204, -175, 
-14, -29, -14, 21, 0, -21, 0, -112, -112, -292, -209, -175, 
-9, -29, -19, 19, 4, -24, 0, -112, -112, -297, -209, -175, 
-9, -29, -19, 19, 4, -24, 0, -112, -117, -297, -214, -175, 
-9, -24, -14, 17, 2, -19, -9, -122, -107, -307, -214, -175, 
-9, -14, -4, 12, -2, -9, -9, -122, -107, -302, -214, -180, 
-9, -14, -4, 12, -2, -9, -4, -122, -107, -302, -214, -180, 
-14, -14, 0, 14, -7, -7, -4, -122, -107, -302, -209, -180, 
-4, -14, -9, 9, 2, -12, -14, -122, -107, -302, -214, -180, 
-14, -19, -4, 17, -4, -12, -9, -126, -107, -302, -214, -180, 
-14, -19, -4, 17, -4, -12, -9, -126, -107, -302, -214, -180, 
-14, -14, 0, 14, -7, -7, -9, -117, -107, -302, -219, -180, 
-19, -24, -4, 21, -7, -14, 0, -126, -107, -302, -219, -175, 
-19, -24, -4, 21, -7, -14, 0, -126, -112, -307, -219, -175, 
-19, -29, -9, 24, -4, -19, -4, -126, -112, -307, -224, -180, 
-14, -29, -14, 21, 0, -21, -4, -136, -112, -307, -224, -190, 
-14, -39, -24, 26, 4, -31, -4, -131, -112, -312, -214, -180, 
-14, -39, -24, 26, 4, -31, -4, -126, -112, -317, -214, -175, 
-14, -34, -19, 24, 2, -26, -4, -131, -112, -317, -214, -175, 
-14, -34, -19, 24, 2, -26, -4, -126, -112, -317, -209, -175, 
-29, -43, -14, 36, -7, -29, 4, -126, -112, -312, -209, -175, 
-19, -34, -14, 26, -2, -24, 4, -122, -112, -312, -209, -161, 
-19, -43, -24, 31, 2, -34, -4, -122, -102, -312, -209, -161, 
-39, -43, -4, 41, -17, -24, 4, -126, -112, -322, -209, -161, 
-29, -39, -9, 34, -9, -24, 0, -126, -117, -322, -214, -165, 
-19, -39, -19, 29, 0, -29, 0, -126, -117, -322, -224, -170, 
-19, -39, -19, 29, 0, -29, 0, -126, -117, -322, -224, -175, 
-19, -39, -19, 29, 0, -29, 0, -126, -117, -322, -224, -180, 
-19, -39, -19, 29, 0, -29, 0, -126, -117, -322, -224, -185, 
-29, -39, -9, 34, -9, -24, -4, -131, -117, -322, -229, -195, 
-24, -43, -19, 34, -2, -31, -4, -131, -117, -326, -229, -200, 
-24, -43, -19, 34, -2, -31, -4, -131, -117, -326, -229, -200, 
-24, -43, -19, 34, -2, -31, 0, -131, -117, -331, -234, -200, 
-29, -43, -14, 36, -7, -29, 0, -131, -126, -336, -234, -195, 
-29, -43, -14, 36, -7, -29, -4, -136, -126, -336, -234, -190, 
-24, -43, -19, 34, -2, -31, -4, -136, -126, -336, -234, -190, 
-24, -43, -19, 34, -2, -31, -4, -136, -131, -336, -234, -185, 
-24, -43, -19, 34, -2, -31, -9, -136, -126, -341, -234, -185, 
-24, -48, -24, 36, 0, -36, -9, -136, -126, -341, -234, -185, 
-29, -48, -19, 39, -4, -34, -4, -141, -126, -341, -234, -185, 
-34, -53, -19, 43, -7, -36, -4, -141, -126, -341, -234, -185, 
-24, -63, -39, 43, 7, -51, -9, -141, -136, -331, -244, -195, 
-29, -58, -29, 43, 0, -43, -9, -141, -131, -331, -244, -190, 
-29, -58, -29, 43, 0, -43, -9, -141, -126, -336, -244, -185, 
-29, -58, -29, 43, 0, -43, -4, -141, -126, -336, -244, -185, 
-34, -48, -14, 41, -9, -31, -4, -131, -117, -336, -244, -175, 
-29, -43, -14, 36, -7, -29, -9, -136, -117, -336, -244, -180, 
-29, -43, -14, 36, -7, -29, -9, -136, -117, -336, -244, -180, 
-29, -43, -14, 36, -7, -29, -14, -136, -117, -336, -244, -180, 
-29, -29, 0, 29, -14, -14, -14, -136, -107, -331, -239, -190, 
-24, -24, 0, 24, -12, -12, -14, -131, -107, -331, -234, -190, 
-24, -19, 4, 21, -14, -7, -19, -131, -97, -331, -229, -190, 
-29, 0, 29, 14, -29, 14, -29, -131, -82, -322, -214, -175, 
-39, 19, 58, 9, -48, 39, -34, -141, -73, -322, -214, -161, 
-39, 34, 73, 2, -56, 53, -34, -141, -58, -307, -195, -146, 
-39, 43, 82, -2, -61, 63, -39, -146, -48, -297, -190, -141, 
-53, 53, 107, 0, -80, 80, -43, -151, -39, -292, -185, -131, 
-53, 68, 122, -7, -87, 95, -43, -151, -19, -287, -175, -136, 
-53, 78, 131, -12, -92, 104, -43, -151, -9, -283, -170, -126, 
-53, 87, 141, -17, -97, 114, -53, -151, 0, -273, -165, -117, 
-48, 97, 146, -24, -97, 122, -58, -146, 0, -273, -165, -117, 
-43, 92, 136, -24, -90, 114, -58, -136, 0, -273, -156, -107, 
-43, 92, 136, -24, -90, 114, -58, -136, 9, -268, -156, -107, 
-43, 92, 136, -24, -90, 114, -58, -141, 14, -268, -151, -107, 
-43, 92, 136, -24, -90, 114, -63, -146, 14, -263, -151, -102, 
-24, 97, 122, -36, -73, 109, -63, -141, 4, -273, -151, -112, 
-24, 102, 126, -39, -75, 114, -63, -141, 9, -268, -146, -107, 
-24, 102, 126, -39, -75, 114, -73, -141, 14, -268, -136, -102, 
-24, 122, 146, -48, -85, 134, -82, -151, 19, -268, -136, -97, 
-19, 131, 151, -56, -85, 141, -92, -180, 19, -263, -141, -82, 
-19, 151, 170, -65, -95, 161, -107, -185, 19, -258, -131, -73, 
-24, 165, 190, -70, -107, 178, -112, -190, 19, -253, -126, -63, 
-29, 170, 200, -70, -114, 185, -112, -190, 14, -248, -117, -58, 
-24, 180, 204, -78, -114, 192, -117, -195, 14, -239, -112, -63, 
-24, 180, 204, -78, -114, 192, -117, -200, 9, -239, -112, -58, 
-4, 180, 185, -87, -95, 183, -117, -200, 0, -239, -112, -58, 
0, 180, 180, -90, -90, 180, -117, -190, -9, -244, -112, -58, 
19, 161, 141, -90, -61, 151, -97, -165, -34, -248, -122, -78, 
24, 146, 122, -85, -48, 134, -92, -151, -53, -253, -126, -92, 
29, 126, 97, -78, -34, 112, -82, -146, -73, -253, -136, -102, 
29, 107, 78, -68, -24, 92, -73, -136, -78, -268, -146, -102, 
24, 92, 68, -58, -21, 80, -63, -122, -92, -263, -146, -117, 
24, 78, 53, -51, -14, 65, -53, -117, -92, -273, -156, -126, 
19, 58, 39, -39, -9, 48, -48, -117, -97, -278, -170, -136, 
4, 39, 34, -21, -14, 36, -39, -117, -107, -297, -190, -141, 
4, 0, -4, -2, 4, -2, -24, -122, -117, -331, -209, -165, 
-4, -14, -9, 9, 2, -12, -14, -122, -122, -341, -214, -180, 
-4, -29, -24, 17, 9, -26, -14, -122, -122, -351, -224, -185, 
-4, -29, -24, 17, 9, -26, -14, -126, -126, -351, -224, -190, 
-19, -43, -24, 31, 2, -34, -4, -126, -131, -351, -244, -190, 
-19, -43, -24, 31, 2, -34, 0, -131, -136, -351, -244, -200, 
-19, -53, -34, 36, 7, -43, 0, -131, -141, -356, -253, -204, 
-19, -63, -43, 41, 12, -53, 0, -131, -141, -370, -258, -209, 
-19, -68, -48, 43, 14, -58, 4, -131, -146, -390, -263, -219, 
-29, -82, -53, 56, 12, -68, 9, -131, -146, -400, -273, -219, 
-29, -87, -58, 58, 14, -73, 9, -131, -151, -405, -278, -224, 
-19, -92, -73, 56, 26, -82, 9, -131, -156, -405, -283, -229, 
-9, -92, -82, 51, 36, -87, 9, -136, -161, -400, -278, -234, 
-14, -102, -87, 58, 36, -95, 19, -136, -161, -400, -278, -234, 
-14, -102, -87, 58, 36, -95, 24, -131, -165, -400, -278, -234, 
-14, -107, -92, 61, 39, -100, 24, -131, -170, -405, -283, -239, 
-19, -122, -102, 70, 41, -112, 24, -122, -165, -405, -283, -248, 
-19, -122, -102, 70, 41, -112, 24, -122, -165, -405, -283, -253, 
-19, -126, -107, 73, 43, -117, 29, -122, -165, -405, -287, -253, 
-24, -131, -107, 78, 41, -119, 29, -122, -165, -409, -287, -253, 
-34, -131, -97, 82, 31, -114, 39, -117, -170, -409, -283, -253, 
-34, -131, -97, 82, 31, -114, 39, -117, -170, -414, -283, -253, 
-39, -131, -92, 85, 26, -112, 39, -117, -170, -414, -287, -258, 
-39, -131, -92, 85, 26, -112, 39, -117, -170, -414, -287, -258, 
-39, -122, -82, 80, 21, -102, 29, -122, -170, -414, -292, -253, 
-39, -126, -87, 82, 24, -107, 39, -122, -170, -409, -292, -248, 
-39, -126, -87, 82, 24, -107, 39, -112, -175, -405, -292, -248, 
-39, -126, -87, 82, 24, -107, 39, -112, -175, -405, -292, -248, 
-39, -126, -87, 82, 24, -107, 29, -117, -175, -414, -302, -248, 
-34, -126, -92, 80, 29, -109, 24, -117, -175, -414, -302, -253, 
-34, -126, -92, 80, 29, -109, 24, -117, -175, -409, -302, -253, 
-34, -131, -97, 82, 31, -114, 24, -117, -175, -409, -302, -253, 
-34, -131, -97, 82, 31, -114, 34, -117, -180, -409, -302, -253, 
-34, -131, -97, 82, 31, -114, 34, -107, -180, -409, -307, -258, 
-34, -131, -97, 82, 31, -114, 34, -107, -180, -409, -307, -258, 
-39, -131, -92, 85, 26, -112, 29, -112, -180, -400, -302, -258, 
-9, -102, -92, 56, 41, -97, 19, -117, -170, -370, -283, -244, 
-19, -97, -78, 58, 29, -87, 19, -107, -156, -331, -258, -234, 
-24, -92, -68, 58, 21, -80, 24, -107, -156, -287, -239, -224, 
-14, -73, -58, 43, 21, -65, 24, -82, -151, -229, -214, -214, 
-4, -58, -53, 31, 24, -56, 24, -43, -141, -136, -170, -209, 
4, -24, -29, 9, 17, -26, 24, 4, -141, -19, -122, -185, 
9, 9, 0, -9, 4, 4, 24, 63, -146, 107, -63, -165, 
29, 68, 39, -48, -4, 53, 9, 82, -156, 273, 29, -117, 
73, 175, 102, -124, -14, 139, -39, 43, -175, 488, 170, -34, 
126, 341, 214, -234, -43, 278, -122, -19, -219, 727, 331, 82, 
165, 497, 331, -331, -82, 414, -209, -122, -268, 922, 502, 224, 
195, 649, 453, -422, -129, 551, -307, -268, -322, 1063, 644, 351, 
200, 717, 517, -458, -158, 617, -375, -405, -390, 1137, 722, 424, 
224, 673, 448, -448, -112, 561, -405, -473, -507, 1102, 702, 424, 
268, 585, 317, -427, -24, 451, -414, -512, -668, 1015, 629, 361, 
317, 468, 151, -392, 82, 309, -400, -517, -868, 854, 512, 278, 
346, 234, -112, -290, 229, 61, -322, -497, -1049, 575, 297, 117, 
341, -58, -400, -141, 370, -229, -200, -444, -1176, 224, 19, -92, 
341, -302, -644, -19, 492, -473, -102, -414, -1259, -151, -239, -283, 
336, -492, -829, 78, 583, -661, -39, -390, -1332, -507, -468, -434, 
322, -624, -946, 151, 634, -785, 9, -400, -1351, -814, -653, -551, 
297, -683, -980, 192, 639, -832, 29, -444, -1322, -1044, -761, -605, 
253, -717, -971, 231, 612, -844, 34, -492, -1278, -1283, -854, -634, 
195, -756, -951, 280, 573, -854, 43, -497, -1215, -1473, -936, -673, 
165, -741, -907, 287, 536, -824, 39, -483, -1117, -1464, -946, -668, 
151, -634, -785, 241, 468, -710, -19, -473, -1005, -1293, -863, -614, 
151, -512, -663, 180, 407, -588, -87, -478, -902, -1132, -761, -527, 
136, -405, -541, 134, 339, -473, -126, -468, -810, -1015, -668, -453, 
102, -312, -414, 104, 258, -363, -141, -448, -702, -883, -585, -395, 
73, -248, -322, 87, 197, -285, -141, -419, -595, -785, -512, -341, 
53, -209, -263, 78, 158, -236, -117, -385, -502, -717, -463, -317, 
48, -190, -239, 70, 143, -214, -87, -322, -444, -649, -424, -302, 
43, -175, -219, 65, 131, -197, -43, -258, -395, -590, -405, -287, 
24, -156, -180, 65, 102, -168, -14, -200, -341, -551, -385, -268, 
0, -141, -141, 70, 70, -141, 0, -165, -307, -517, -351, -253, 
-19, -117, -97, 68, 39, -107, 14, -146, -268, -473, -331, -239, 
-34, -112, -78, 73, 21, -95, 14, -136, -234, -444, -312, -239, 
-34, -112, -78, 73, 21, -95, 14, -136, -214, -434, -317, -234, 
-39, -112, -73, 75, 17, -92, 14, -126, -209, -434, -312, -234, 
-29, -122, -92, 75, 31, -107, 14, -117, -195, -429, -312, -234, 
-19, -122, -102, 70, 41, -112, 14, -117, -200, -429, -317, -244, 
-19, -126, -107, 73, 43, -117, 14, -92, -200, -429, -317, -244, 
-14, -131, -117, 73, 51, -124, 29, -73, -180, -419, -317, -244, 
-14, -131, -117, 73, 51, -124, 34, -68, -180, -419, -312, -244, 
-19, -126, -107, 73, 43, -117, 34, -53, -161, -400, -297, -239, 
-29, -117, -87, 73, 29, -102, 34, -53, -151, -385, -297, -234, 
-34, -117, -82, 75, 24, -100, 34, -58, -146, -380, -292, -234, 
-34, -117, -82, 75, 24, -100, 29, -63, -136, -375, -283, -234, 
-34, -107, -73, 70, 19, -90, 29, -73, -136, -375, -283, -239, 
-34, -97, -63, 65, 14, -80, 29, -73, -131, -370, -278, -239, 
-34, -87, -53, 61, 9, -70, 24, -63, -126, -366, -273, -234, 
-24, -78, -53, 51, 14, -65, 24, -53, -126, -361, -268, -234, 
-24, -87, -63, 56, 19, -75, 24, -48, -122, -366, -268, -229, 
-24, -87, -63, 56, 19, -75, 29, -43, -122, -361, -268, -229, 
-29, -87, -58, 58, 14, -73, 29, -39, -117, -356, -268, -224, 
-34, -78, -43, 56, 4, -61, 29, -39, -112, -351, -258, -224, 
-34, -73, -39, 53, 2, -56, 29, -39, -107, -341, -258, -229, 
-34, -73, -39, 53, 2, -56, 29, -43, -107, -341, -258, -229, 
-34, -68, -34, 51, 0, -51, 29, -43, -102, -331, -258, -224, 
-24, -68, -43, 46, 9, -56, 29, -43, -102, -326, -263, -224, 
-39, -53, -14, 46, -12, -34, 24, -43, -102, -317, -253, -214, 
-24, -48, -24, 36, 0, -36, 24, -43, -87, -317, -253, -214, 
-24, -43, -19, 34, -2, -31, 19, -43, -87, -312, -253, -209, 
-24, -43, -19, 34, -2, -31, 19, -43, -82, -307, -248, -209, 
-29, -48, -19, 39, -4, -34, 19, -43, -78, -302, -234, -204, 
-29, -48, -19, 39, -4, -34, 19, -39, -73, -297, -229, -200, 
-29, -43, -14, 36, -7, -29, 19, -39, -73, -292, -224, -195, 
-29, -39, -9, 34, -9, -24, 24, -34, -68, -283, -219, -185, 
-19, -24, -4, 21, -7, -14, 14, -24, -68, -287, -224, -195, 
-19, -24, -4, 21, -7, -14, 14, -24, -63, -283, -219, -190, 
-19, -19, 0, 19, -9, -9, 9, -24, -63, -283, -214, -190, 
-19, -14, 4, 17, -12, -4, 4, -24, -63, -278, -214, -185, 
-24, -4, 19, 14, -21, 7, 14, -29, -68, -268, -204, -185, 
-24, -4, 19, 14, -21, 7, 19, -29, -58, -263, -204, -185, 
-24, 0, 24, 12, -24, 12, 19, -24, -58, -253, -204, -185, 
-24, 4, 29, 9, -26, 17, 14, -24, -53, -244, -204, -185, 
-24, 19, 43, 2, -34, 31, 19, -34, -43, -229, -190, -185, 
-24, 24, 48, 0, -36, 36, 14, -34, -39, -224, -185, -175, 
-19, 34, 53, -7, -36, 43, 14, -29, -34, -219, -180, -170, 
-19, 34, 53, -7, -36, 43, 9, -29, -29, -209, -175, -170, 
-29, 29, 58, 0, -43, 43, 9, -29, -19, -204, -170, -165, 
-39, 34, 73, 2, -56, 53, 9, -24, -14, -204, -165, -161, 
-39, 43, 82, -2, -61, 63, 9, -24, -9, -190, -161, -156, 
-34, 53, 87, -9, -61, 70, 14, -24, -4, -180, -151, -156, 
-29, 58, 87, -14, -58, 73, 4, -14, -9, -175, -151, -151, 
-29, 63, 92, -17, -61, 78, 0, -9, -4, -165, -146, -146, 
-29, 78, 107, -24, -68, 92, -4, -4, 4, -151, -131, -146, 
-29, 82, 112, -26, -70, 97, -4, 0, 4, -136, -126, -141, 
-29, 92, 122, -31, -75, 107, -4, 9, 19, -136, -117, -136, 
-29, 97, 126, -34, -78, 112, -9, 9, 29, -122, -117, -131, 
-29, 102, 131, -36, -80, 117, -9, 14, 39, -107, -107, -126, 
-29, 112, 141, -41, -85, 126, -9, 19, 53, -87, -97, -112, 
-29, 122, 151, -46, -90, 136, -4, 29, 63, -68, -78, -102, 
-29, 136, 165, -53, -97, 151, -4, 43, 73, -53, -68, -102, 
-34, 146, 180, -56, -107, 163, -4, 43, 82, -34, -63, -102, 
-34, 161, 195, -63, -114, 178, -4, 43, 102, -19, -48, -92, 
-39, 170, 209, -65, -124, 190, -14, 58, 112, 4, -39, -73, 
-34, 180, 214, -73, -124, 197, -14, 68, 122, 19, -34, -63, 
-29, 195, 224, -82, -126, 209, -14, 87, 136, 39, -24, -53, 
-29, 209, 239, -90, -134, 224, -14, 92, 151, 58, -4, -39, 
-34, 219, 253, -92, -143, 236, -4, 112, 165, 87, 9, -48, 
-34, 229, 263, -97, -148, 246, -4, 122, 175, 112, 19, -39, 
-34, 248, 283, -107, -158, 265, -9, 126, 195, 131, 34, -29, 
-34, 263, 297, -114, -165, 280, -14, 136, 209, 151, 53, -19, 
-24, 287, 312, -131, -168, 300, -14, 141, 219, 180, 58, -9, 
-24, 302, 326, -139, -175, 314, -19, 151, 229, 200, 63, -4, 
-24, 312, 336, -143, -180, 324, -24, 161, 239, 214, 78, 0, 
-24, 326, 351, -151, -187, 339, -29, 161, 253, 239, 92, 9, 
-24, 351, 375, -163, -200, 363, -34, 170, 263, 248, 107, 19, 
-29, 361, 390, -165, -209, 375, -34, 175, 273, 268, 122, 29, 
-29, 366, 395, -168, -212, 380, -34, 190, 283, 283, 131, 39, 
-29, 380, 409, -175, -219, 395, -39, 195, 292, 297, 141, 48, 
-29, 385, 414, -178, -222, 400, -39, 204, 297, 317, 165, 58, 
-29, 395, 424, -183, -226, 409, -39, 204, 307, 326, 165, 68, 
-29, 400, 429, -185, -229, 414, -43, 204, 312, 341, 175, 73, 
-29, 405, 434, -187, -231, 419, -43, 204, 317, 341, 180, 73, 
-29, 414, 444, -192, -236, 429, -53, 209, 317, 356, 190, 82, 
-29, 429, 458, -200, -244, 444, -53, 209, 322, 361, 190, 87, 
-29, 434, 463, -202, -246, 448, -58, 214, 326, 370, 195, 92, 
-39, 439, 478, -200, -258, 458, -58, 214, 326, 370, 200, 97, 
-39, 444, 483, -202, -261, 463, -58, 214, 341, 380, 209, 107, 
-39, 444, 483, -202, -261, 463, -63, 209, 341, 375, 209, 107, 
-39, 439, 478, -200, -258, 458, -63, 209, 336, 370, 209, 112, 
-39, 434, 473, -197, -256, 453, -68, 200, 331, 361, 209, 112, 
-48, 444, 492, -197, -270, 468, -63, 190, 326, 356, 200, 97, 
-48, 444, 492, -197, -270, 468, -63, 185, 317, 346, 200, 97, 
-34, 439, 473, -202, -253, 456, -68, 180, 307, 346, 195, 92, 
-29, 439, 468, -204, -248, 453, -68, 161, 292, 326, 185, 92, 
-19, 434, 453, -207, -236, 444, -78, 156, 268, 307, 185, 87, 
-24, 419, 444, -197, -234, 431, -78, 146, 258, 278, 175, 87, 
-29, 409, 439, -190, -234, 424, -87, 131, 239, 258, 165, 78, 
-29, 400, 429, -185, -229, 414, -87, 107, 219, 229, 151, 68, 
-29, 380, 409, -175, -219, 395, -73, 87, 209, 195, 136, 63, 
-29, 366, 395, -168, -212, 380, -73, 73, 190, 161, 117, 43, 
-34, 341, 375, -153, -204, 358, -73, 63, 170, 136, 102, 34, 
-34, 322, 356, -143, -195, 339, -73, 43, 156, 107, 82, 24, 
-19, 302, 322, -141, -170, 312, -73, 24, 136, 78, 53, 9, 
-19, 278, 297, -129, -158, 287, -68, 9, 117, 48, 34, -4, 
-19, 263, 283, -122, -151, 273, -68, 4, 107, 19, 9, -19, 
-24, 248, 273, -112, -148, 261, -63, -9, 92, 0, -4, -34, 
-29, 229, 258, -100, -143, 244, -63, -19, 63, -34, -24, -29, 
-29, 214, 244, -92, -136, 229, -58, -24, 48, -58, -39, -43, 
-19, 200, 219, -90, -119, 209, -58, -39, 39, -82, -53, -53, 
-19, 195, 214, -87, -117, 204, -58, -43, 24, -102, -58, -68, 
-24, 175, 200, -75, -112, 187, -68, -53, 14, -126, -78, -87, 
-24, 156, 180, -65, -102, 168, -53, -63, 0, -136, -87, -92, 
-24, 146, 170, -61, -97, 158, -48, -68, -4, -156, -102, -102, 
-19, 136, 156, -58, -87, 146, -48, -82, -14, -170, -117, -117, 
-9, 122, 131, -56, -70, 126, -48, -78, -14, -175, -131, -131, 
-9, 112, 122, -51, -65, 117, -48, -78, -24, -190, -141, -136, 
-9, 112, 122, -51, -65, 117, -43, -82, -24, -195, -151, -141, 
-14, 102, 117, -43, -65, 109, -43, -82, -34, -204, -156, -141, 
-24, 87, 112, -31, -68, 100, -34, -97, -48, -214, -161, -136, 
-24, 78, 102, -26, -63, 90, -29, -102, -53, -234, -175, -151, 
-24, 78, 102, -26, -63, 90, -29, -102, -53, -244, -180, -151, 
-24, 68, 92, -21, -58, 80, -29, -102, -53, -248, -185, -151, 
-14, 68, 82, -26, -48, 75, -39, -102, -58, -253, -195, -165, 
-14, 53, 68, -19, -41, 61, -39, -102, -63, -268, -200, -170, 
-14, 48, 63, -17, -39, 56, -39, -107, -63, -268, -204, -180, 
-24, 48, 73, -12, -48, 61, -39, -107, -68, -268, -209, -180, 
-24, 39, 63, -7, -43, 51, -34, -112, -68, -278, -200, -180, 
-19, 29, 48, -4, -34, 39, -34, -112, -68, -278, -200, -180, 
-19, 24, 43, -2, -31, 34, -34, -112, -68, -278, -200, -180, 
-24, 24, 48, 0, -36, 36, -34, -112, -78, -283, -209, -180, 
-24, 29, 53, -2, -39, 41, -29, -102, -87, -287, -209, -175, 
-24, 34, 58, -4, -41, 46, -29, -102, -87, -292, -209, -175, 
-24, 34, 58, -4, -41, 46, -29, -107, -82, -292, -209, -175, 
-24, 34, 58, -4, -41, 46, -29, -107, -78, -297, -209, -180, 
-24, 39, 63, -7, -43, 51, -29, -107, -78, -297, -209, -180, 
-24, 39, 63, -7, -43, 51, -29, -107, -82, -297, -209, -180, 
-19, 43, 63, -12, -41, 53, -29, -107, -82, -297, -209, -180, 
-14, 53, 68, -19, -41, 61, -34, -107, -82, -297, -204, -180, 
-14, 43, 58, -14, -36, 51, -24, -107, -82, -297, -214, -180, 
-19, 39, 58, -9, -39, 48, -24, -102, -87, -297, -214, -180, 
-19, 39, 58, -9, -39, 48, -24, -102, -87, -297, -214, -180, 
-14, 39, 53, -12, -34, 46, -24, -107, -87, -297, -214, -180, 
-14, 39, 53, -12, -34, 46, -24, -112, -87, -297, -204, -180, 
-14, 39, 53, -12, -34, 46, -24, -112, -87, -302, -209, -180, 
-14, 39, 53, -12, -34, 46, -24, -107, -82, -302, -209, -180, 
-14, 39, 53, -12, -34, 46, -24, -102, -82, -297, -209, -180, 
-14, 43, 58, -14, -36, 51, -24, -92, -82, -297, -214, -180, 
-14, 43, 58, -14, -36, 51, -24, -92, -82, -302, -214, -175, 
-14, 34, 48, -9, -31, 41, -24, -102, -87, -302, -214, -175, 
-19, 34, 53, -7, -36, 43, -24, -102, -87, -302, -219, -175, 
-19, 43, 63, -12, -41, 53, -34, -112, -87, -302, -219, -175, 
-9, 43, 53, -17, -31, 48, -34, -107, -87, -297, -209, -175, 
-9, 48, 58, -19, -34, 53, -34, -107, -82, -297, -209, -170, 
-14, 48, 63, -17, -39, 56, -34, -107, -82, -302, -214, -170, 
-34, 63, 97, -14, -65, 80, -24, -107, -82, -302, -214, -170, 
-19, 58, 78, -19, -48, 68, -29, -107, -82, -302, -214, -170, 
-19, 53, 73, -17, -46, 63, -29, -107, -82, -302, -224, -170, 
-14, 43, 58, -14, -36, 51, -29, -112, -82, -302, -224, -165, 
-14, 48, 63, -17, -39, 56, -39, -112, -82, -307, -224, -170, 
-14, 39, 53, -12, -34, 46, -39, -112, -82, -307, -224, -175, 
-14, 39, 53, -12, -34, 46, -39, -112, -82, -317, -224, -180, 
-24, 43, 68, -9, -46, 56, -39, -112, -82, -317, -224, -185, 
-24, 48, 73, -12, -48, 61, -29, -112, -82, -312, -224, -175, 
-24, 48, 73, -12, -48, 61, -29, -112, -82, -312, -229, -175, 
-19, 48, 68, -14, -43, 58, -29, -112, -82, -317, -229, -175, 
-19, 48, 68, -14, -43, 58, -29, -112, -87, -317, -234, -175, 
-19, 48, 68, -14, -43, 58, -39, -112, -87, -326, -224, -175, 
-19, 53, 73, -17, -46, 63, -39, -112, -87, -322, -224, -180, 
-19, 48, 68, -14, -43, 58, -34, -112, -87, -322, -224, -180, 
-24, 43, 68, -9, -46, 56, -34, -112, -87, -322, -219, -180, 
-14, 43, 58, -14, -36, 51, -34, -122, -78, -322, -224, -180, 
-24, 39, 63, -7, -43, 51, -29, -126, -78, -322, -224, -180, 
-24, 39, 63, -7, -43, 51, -29, -126, -78, -322, -224, -180, 
-24, 43, 68, -9, -46, 56, -29, -117, -78, -322, -229, -180, 
-19, 34, 53, -7, -36, 43, -29, -117, -87, -322, -229, -175, 
-19, 34, 53, -7, -36, 43, -29, -117, -92, -326, -229, -175, 
-19, 29, 48, -4, -34, 39, -34, -117, -92, -326, -234, -180, 
-14, 29, 43, -7, -29, 36, -34, -126, -92, -326, -234, -190, 
-24, 29, 53, -2, -39, 41, -24, -117, -92, -331, -244, -190, 
-24, 29, 53, -2, -39, 41, -24, -117, -92, -336, -244, -185, 
-24, 34, 58, -4, -41, 46, -24, -126, -92, -336, -244, -185, 
-24, 34, 58, -4, -41, 46, -24, -126, -92, -336, -239, -185, 
-19, 34, 53, -7, -36, 43, -24, -126, -92, -331, -239, -185, 
-19, 34, 53, -7, -36, 43, -24, -131, -92, -331, -239, -190, 
-19, 34, 53, -7, -36, 43, -24, -131, -92, -341, -239, -190, 
-19, 24, 43, -2, -31, 34, -24, -126, -92, -341, -239, -190, 
-9, 34, 43, -12, -26, 39, -24, -122, -92, -341, -244, -190, 
-19, 29, 48, -4, -34, 39, -29, -126, -87, -341, -253, -185, 
-19, 29, 48, -4, -34, 39, -29, -126, -87, -341, -244, -185, 
-19, 29, 48, -4, -34, 39, -29, -126, -87, -341, -244, -185, 
-19, 29, 48, -4, -34, 39, -29, -126, -87, -341, -244, -185, 
-19, 29, 48, -4, -34, 39, -29, -126, -87, -341, -244, -185, 
-19, 19, 39, 0, -29, 29, -24, -131, -87, -341, -248, -195, 
-14, 14, 29, 0, -21, 21, -24, -131, -87, -346, -248, -200, 
-14, 14, 29, 0, -21, 21, -24, -131, -87, -346, -248, -200, 
-14, 14, 29, 0, -21, 21, -19, -131, -87, -351, -253, -200, 
-29, 14, 43, 7, -36, 29, -19, -131, -87, -366, -263, -190, 
-29, 14, 43, 7, -36, 29, -24, -136, -87, -366, -263, -190, 
-24, 14, 39, 4, -31, 26, -24, -136, -87, -366, -263, -195, 
-24, 14, 39, 4, -31, 26, -24, -136, -92, -366, -263, -195, 
-24, 14, 39, 4, -31, 26, -29, -136, -97, -361, -263, -195, 
-24, 9, 34, 7, -29, 21, -29, -136, -97, -361, -263, -195, 
-29, 9, 39, 9, -34, 24, -24, -141, -97, -361, -263, -195, 
-34, 4, 39, 14, -36, 21, -24, -141, -97, -361, -263, -195, 
-24, 4, 29, 9, -26, 17, -19, -141, -97, -370, -263, -204, 
-29, 9, 39, 9, -34, 24, -19, -141, -92, -370, -263, -200, 
-29, 9, 39, 9, -34, 24, -19, -141, -87, -375, -263, -195, 
-29, 9, 39, 9, -34, 24, -14, -141, -87, -375, -263, -195, 
-29, 9, 39, 9, -34, 24, -14, -141, -87, -366, -253, -185, 
-29, 14, 43, 7, -36, 29, -19, -146, -87, -366, -253, -190, 
-34, 14, 48, 9, -41, 31, -19, -146, -87, -366, -253, -190, 
-39, 14, 53, 12, -46, 34, -24, -146, -87, -366, -253, -190, 
-39, 19, 58, 9, -48, 39, -24, -136, -78, -351, -244, -180, 
-34, 24, 58, 4, -46, 41, -24, -131, -78, -351, -244, -180, 
-34, 29, 63, 2, -48, 46, -29, -131, -68, -351, -244, -180, 
-39, 48, 87, -4, -63, 68, -39, -131, -53, -341, -234, -165, 
-39, 68, 107, -14, -73, 87, -43, -141, -43, -341, -224, -161, 
-39, 82, 122, -21, -80, 102, -43, -141, -29, -326, -204, -146, 
-39, 92, 131, -26, -85, 112, -48, -146, -19, -317, -200, -141, 
-53, 102, 156, -24, -104, 129, -53, -151, -9, -312, -195, -131, 
-73, 117, 190, -21, -131, 153, -53, -151, 9, -307, -185, -136, 
-73, 126, 200, -26, -136, 163, -53, -151, 19, -302, -180, -126, 
-73, 136, 209, -31, -141, 173, -63, -151, 29, -292, -175, -117, 
-68, 146, 214, -39, -141, 180, -68, -146, 29, -292, -175, -117, 
-58, 141, 200, -41, -129, 170, -58, -136, 29, -292, -185, -117, 
-53, 141, 195, -43, -124, 168, -58, -136, 39, -287, -185, -117, 
-48, 141, 190, -46, -119, 165, -58, -141, 43, -287, -180, -117, 
-43, 141, 185, -48, -114, 163, -63, -146, 43, -283, -180, -112, 
-34, 136, 170, -51, -102, 153, -63, -141, 34, -292, -180, -122, 
-34, 141, 175, -53, -104, 158, -63, -141, 39, -287, -175, -117, 
-34, 141, 175, -53, -104, 158, -73, -141, 43, -287, -165, -112, 
-34, 161, 195, -63, -114, 178, -82, -151, 48, -287, -165, -107, 
-39, 170, 209, -65, -124, 190, -92, -180, 58, -273, -151, -92, 
-39, 190, 229, -75, -134, 209, -107, -185, 58, -268, -141, -82, 
-43, 204, 248, -80, -146, 226, -112, -190, 58, -263, -136, -73, 
-48, 209, 258, -80, -153, 234, -112, -190, 53, -258, -126, -68, 
-53, 219, 273, -82, -163, 246, -122, -204, 53, -248, -122, -53, 
-53, 219, 273, -82, -163, 246, -126, -209, 48, -248, -122, -48, 
-34, 219, 253, -92, -143, 236, -131, -209, 39, -248, -122, -48, 
-29, 219, 248, -95, -139, 234, -136, -200, 29, -253, -122, -48, 
-9, 209, 219, -100, -114, 214, -117, -175, 14, -248, -131, -68, 
-4, 195, 200, -95, -102, 197, -112, -161, -4, -253, -136, -82, 
0, 175, 175, -87, -87, 175, -102, -156, -24, -253, -146, -92, 
0, 156, 156, -78, -78, 156, -92, -146, -29, -268, -156, -92, 
-9, 122, 131, -56, -70, 126, -82, -151, -48, -283, -175, -122, 
-4, 107, 112, -51, -58, 109, -73, -146, -53, -292, -185, -136, 
-4, 87, 92, -41, -48, 90, -68, -146, -63, -297, -200, -151, 
-14, 68, 82, -26, -48, 75, -58, -146, -78, -317, -219, -161, 
-14, 39, 53, -12, -34, 46, -43, -141, -87, -341, -239, -165, 
-24, 24, 48, 0, -36, 36, -34, -141, -92, -351, -244, -180, 
-24, 9, 34, 7, -29, 21, -34, -141, -92, -361, -253, -185, 
-24, 9, 34, 7, -29, 21, -34, -146, -97, -361, -253, -190, 
-39, -4, 34, 21, -36, 14, -24, -146, -102, -370, -263, -195, 
-39, -4, 34, 21, -36, 14, -19, -151, -107, -370, -263, -209, 
-39, -14, 24, 26, -31, 4, -19, -151, -112, -375, -273, -219, 
-39, -24, 14, 31, -26, -4, -19, -151, -112, -390, -278, -229, 
-39, -29, 9, 34, -24, -9, -14, -151, -126, -400, -283, -229, 
-48, -43, 4, 46, -26, -19, -9, -151, -126, -409, -292, -229, 
-48, -48, 0, 48, -24, -24, -9, -151, -131, -414, -297, -234, 
-39, -53, -14, 46, -12, -34, -9, -151, -136, -414, -302, -239, 
-48, -53, -4, 51, -21, -29, -19, -146, -131, -419, -307, -234, 
-53, -63, -9, 58, -21, -36, -9, -146, -131, -419, -307, -234, 
-53, -63, -9, 58, -21, -36, -4, -141, -136, -419, -307, -234, 
-53, -68, -14, 61, -19, -41, -4, -141, -141, -424, -312, -239, 
-48, -73, -24, 61, -12, -48, -4, -141, -146, -424, -312, -258, 
-48, -73, -24, 61, -12, -48, -4, -141, -146, -424, -312, -263, 
-48, -78, -29, 63, -9, -53, 0, -141, -146, -424, -317, -263, 
-53, -82, -29, 68, -12, -56, 0, -141, -146, -429, -317, -263, 
-53, -82, -29, 68, -12, -56, 0, -146, -151, -429, -312, -263, 
-53, -82, -29, 68, -12, -56, 0, -146, -151, -434, -312, -263, 
-58, -82, -24, 70, -17, -53, 0, -146, -151, -434, -317, -268, 
-58, -82, -24, 70, -17, -53, 0, -146, -151, -434, -317, -268, 
-58, -82, -24, 70, -17, -53, 0, -151, -141, -434, -322, -263, 
-58, -87, -29, 73, -14, -58, 9, -151, -141, -429, -322, -258, 
-58, -87, -29, 73, -14, -58, 9, -141, -146, -424, -322, -258, 
-58, -87, -29, 73, -14, -58, 9, -141, -146, -424, -322, -258, 
-58, -87, -29, 73, -14, -58, 9, -136, -146, -414, -322, -268, 
-53, -87, -34, 70, -9, -61, 4, -136, -146, -414, -322, -273, 
-53, -87, -34, 70, -9, -61, 4, -136, -146, -409, -322, -273, 
-53, -92, -39, 73, -7, -65, 4, -136, -146, -409, -322, -273, 
-43, -102, -58, 73, 7, -80, 14, -146, -151, -409, -322, -263, 
-43, -102, -58, 73, 7, -80, 14, -136, -151, -409, -326, -268, 
-43, -102, -58, 73, 7, -80, 14, -136, -151, -409, -326, -268, 
-48, -102, -53, 75, 2, -78, 9, -141, -151, -400, -322, -268, 
-58, -92, -34, 75, -12, -63, 9, -136, -141, -370, -292, -253, 
-48, -68, -19, 58, -14, -43, 0, -136, -136, -331, -268, -244, 
-43, -53, -9, 48, -17, -31, -4, -117, -136, -287, -239, -234, 
-43, -43, 0, 43, -21, -21, -4, -102, -131, -219, -214, -234, 
-34, -29, 4, 31, -19, -12, 4, -82, -122, -136, -180, -229, 
-14, 14, 29, 0, -21, 21, -4, -43, -112, -29, -131, -204, 
0, 48, 48, -24, -24, 48, -4, 4, -117, 97, -82, -185, 
19, 87, 68, -53, -24, 78, -9, 43, -126, 253, -9, -146, 
63, 185, 122, -124, -29, 153, -58, 34, -146, 458, 112, -63, 
107, 331, 224, -219, -58, 278, -131, 0, -170, 697, 283, 53, 
146, 478, 331, -312, -92, 405, -209, -82, -200, 912, 463, 195, 
175, 629, 453, -402, -139, 541, -297, -209, -253, 1063, 614, 312, 
200, 707, 507, -453, -153, 607, -375, -336, -322, 1137, 702, 385, 
224, 663, 439, -444, -107, 551, -395, -434, -409, 1083, 663, 366, 
268, 566, 297, -417, -14, 431, -395, -483, -541, 966, 570, 302, 
317, 458, 141, -387, 87, 300, -390, -507, -732, 805, 444, 219, 
346, 234, -112, -290, 229, 61, -331, -497, -932, 527, 229, 68, 
351, -68, -419, -141, 385, -244, -219, -463, -1088, 165, -48, -151, 
331, -312, -644, -9, 488, -478, -122, -434, -1180, -190, -307, -341, 
307, -483, -790, 87, 549, -636, -48, -409, -1244, -536, -527, -492, 
302, -614, -917, 156, 610, -766, 0, -390, -1293, -844, -702, -610, 
278, -683, -961, 202, 619, -822, 9, -414, -1283, -1063, -810, -673, 
214, -707, -922, 246, 568, -814, 4, -483, -1239, -1293, -893, -692, 
165, -717, -883, 275, 524, -800, 14, -536, -1166, -1493, -966, -712, 
146, -712, -858, 283, 502, -785, 9, -531, -1088, -1493, -985, -707, 
141, -634, -775, 246, 458, -705, -29, -522, -995, -1342, -912, -653, 
131, -531, -663, 200, 397, -597, -87, -517, -902, -1190, -819, -585, 
136, -414, -551, 139, 344, -483, -126, -507, -800, -1063, -717, -502, 
122, -312, -434, 95, 278, -373, -151, -468, -702, -932, -624, -434, 
82, -239, -322, 78, 202, -280, -161, -439, -585, -824, -551, -380, 
53, -190, -244, 68, 148, -217, -156, -395, -483, -736, -483, -336, 
39, -141, -180, 51, 109, -161, -126, -331, -414, -658, -424, -312, 
24, -136, -161, 56, 92, -148, -82, -258, -366, -600, -395, -297, 
14, -136, -151, 61, 82, -143, -34, -209, -322, -570, -395, -297, 
0, -112, -112, 56, 56, -112, 0, -185, -278, -536, -370, -283, 
0, -87, -87, 43, 43, -87, 4, -165, -248, -502, -351, -268, 
-14, -92, -78, 53, 31, -85, 4, -165, -224, -483, -351, -268, 
-24, -92, -68, 58, 21, -80, 14, -156, -204, -463, -346, -263, 
-29, -92, -63, 61, 17, -78, 14, -146, -190, -453, -341, -263, 
-39, -102, -63, 70, 12, -82, 14, -126, -185, -448, -341, -273, 
-39, -102, -63, 70, 12, -82, 4, -117, -170, -444, -336, -283, 
-39, -107, -68, 73, 14, -87, 4, -92, -170, -439, -336, -283, 
-34, -112, -78, 73, 21, -95, 19, -73, -151, -424, -336, -283, 
-34, -112, -78, 73, 21, -95, 24, -68, -151, -419, -331, -283, 
-39, -107, -68, 73, 14, -87, 24, -63, -141, -409, -317, -278, 
-48, -97, -48, 73, 0, -73, 24, -63, -131, -395, -317, -273, 
-53, -97, -43, 75, -4, -70, 24, -68, -126, -390, -312, -273, 
-53, -97, -43, 75, -4, -70, 19, -73, -117, -385, -302, -273, 
-53, -92, -39, 73, -7, -65, 29, -73, -117, -375, -302, -278, 
-53, -87, -34, 70, -9, -61, 29, -73, -112, -370, -297, -278, 
-53, -82, -29, 68, -12, -56, 24, -63, -107, -366, -292, -273, 
-43, -78, -34, 61, -4, -56, 24, -53, -107, -361, -287, -273, 
-34, -68, -34, 51, 0, -51, 14, -58, -102, -366, -287, -268, 
-34, -68, -34, 51, 0, -51, 19, -53, -102, -361, -287, -268, 
-39, -68, -29, 53, -4, -48, 19, -48, -97, -356, -287, -263, 
-43, -58, -14, 51, -14, -36, 19, -48, -92, -351, -278, -263, 
-34, -63, -29, 48, -2, -46, 9, -48, -87, -341, -273, -248, 
-34, -63, -29, 48, -2, -46, 9, -53, -87, -341, -268, -248, 
-34, -58, -24, 46, -4, -41, 9, -53, -82, -331, -263, -244, 
-24, -58, -34, 41, 4, -46, 9, -53, -82, -326, -263, -244, 
-48, -43, 4, 46, -26, -19, 14, -43, -82, -317, -273, -248, 
-34, -39, -4, 36, -14, -21, 14, -43, -68, -317, -273, -253, 
-34, -34, 0, 34, -17, -17, 9, -43, -68, -312, -273, -253, 
-34, -34, 0, 34, -17, -17, 9, -43, -63, -307, -268, -258, 
-39, -39, 0, 39, -19, -19, 0, -43, -68, -312, -263, -253, 
-39, -39, 0, 39, -19, -19, 0, -39, -63, -307, -258, -248, 
-39, -34, 4, 36, -21, -14, 0, -39, -63, -302, -253, -244, 
-39, -29, 9, 34, -24, -9, 4, -34, -58, -292, -248, -234, 
-39, -24, 14, 31, -26, -4, 4, -34, -58, -278, -234, -234, 
-39, -24, 14, 31, -26, -4, 4, -34, -53, -273, -229, -229, 
-39, -19, 19, 29, -29, 0, 0, -34, -53, -273, -224, -229, 
-39, -14, 24, 26, -31, 4, -4, -34, -53, -268, -224, -224, 
-24, -4, 19, 14, -21, 7, -4, -34, -39, -248, -204, -214, 
-24, -4, 19, 14, -21, 7, 0, -29, -29, -244, -204, -214, 
-24, 0, 24, 12, -24, 12, 0, -19, -29, -234, -204, -214, 
-24, 4, 29, 9, -26, 17, -4, -14, -24, -224, -204, -214, 
-24, 19, 43, 2, -34, 31, -9, -24, -24, -229, -200, -214, 
-24, 24, 48, 0, -36, 36, -14, -24, -19, -224, -195, -204, 
-19, 34, 53, -7, -36, 43, -14, -19, -14, -219, -190, -200, 
-19, 34, 53, -7, -36, 43, -19, -19, -9, -209, -185, -200, 
-29, 39, 68, -4, -48, 53, -19, -9, 0, -195, -180, -204, 
-39, 43, 82, -2, -61, 63, -19, -4, 4, -195, -175, -200, 
-39, 53, 92, -7, -65, 73, -19, -4, 9, -180, -170, -195, 
-34, 63, 97, -14, -65, 80, -14, -4, 14, -170, -161, -195, 
-29, 63, 92, -17, -61, 78, -14, 4, 19, -156, -151, -180, 
-29, 63, 92, -17, -61, 78, -19, 9, 24, -146, -146, -175, 
-29, 73, 102, -21, -65, 87, -24, 14, 34, -131, -131, -175, 
-29, 73, 102, -21, -65, 87, -24, 19, 34, -117, -126, -170, 
-19, 92, 112, -36, -65, 102, -24, 19, 29, -112, -117, -165, 
-19, 97, 117, -39, -68, 107, -29, 19, 39, -102, -117, -161, 
-19, 102, 122, -41, -70, 112, -29, 24, 48, -92, -107, -156, 
-19, 112, 131, -46, -75, 122, -29, 29, 63, -78, -97, -141, 
-19, 122, 141, -51, -80, 131, -24, 48, 73, -68, -87, -141, 
-19, 136, 156, -58, -87, 146, -24, 63, 82, -53, -78, -141, 
-24, 146, 170, -61, -97, 158, -24, 63, 92, -34, -73, -141, 
-24, 161, 185, -68, -104, 173, -24, 63, 112, -19, -58, -131, 
-19, 165, 185, -73, -102, 175, -24, 78, 117, 4, -39, -131, 
-14, 170, 185, -78, -100, 178, -24, 87, 122, 19, -34, -122, 
-9, 180, 190, -85, -100, 185, -24, 107, 131, 39, -24, -112, 
-9, 190, 200, -90, -104, 195, -24, 112, 141, 58, -4, -97, 
-4, 190, 195, -92, -100, 192, -24, 122, 156, 87, 9, -87, 
-4, 200, 204, -97, -104, 202, -24, 131, 165, 112, 19, -78, 
-4, 219, 224, -107, -114, 222, -29, 136, 185, 131, 34, -68, 
-4, 234, 239, -114, -122, 236, -34, 146, 200, 151, 53, -58, 
-4, 253, 258, -124, -131, 256, -34, 161, 209, 170, 58, -39, 
-4, 273, 278, -134, -141, 275, -39, 170, 219, 190, 63, -34, 
-4, 287, 292, -141, -148, 290, -43, 180, 229, 204, 78, -29, 
-4, 307, 312, -151, -158, 309, -48, 180, 244, 229, 92, -19, 
-4, 331, 336, -163, -170, 334, -63, 190, 244, 239, 107, -14, 
-9, 341, 351, -165, -180, 346, -63, 195, 253, 258, 122, -9, 
-9, 346, 356, -168, -183, 351, -63, 209, 263, 273, 131, -4, 
-9, 361, 370, -175, -190, 366, -68, 214, 273, 287, 141, 0, 
0, 375, 375, -187, -187, 375, -78, 224, 287, 307, 156, 9, 
0, 385, 385, -192, -192, 385, -78, 224, 297, 317, 156, 19, 
0, 390, 390, -195, -195, 390, -82, 224, 302, 331, 165, 24, 
0, 395, 395, -197, -197, 395, -82, 224, 307, 331, 170, 24, 
-9, 390, 400, -190, -204, 395, -73, 219, 297, 326, 170, 34, 
-9, 400, 409, -195, -209, 405, -73, 219, 302, 331, 170, 39, 
-9, 400, 409, -195, -209, 405, -78, 224, 307, 341, 175, 43, 
-19, 400, 419, -190, -219, 409, -78, 224, 307, 341, 180, 48, 
-9, 400, 409, -195, -209, 405, -78, 224, 322, 341, 190, 53, 
-9, 405, 414, -197, -212, 409, -82, 219, 322, 336, 190, 48, 
-9, 405, 414, -197, -212, 409, -82, 219, 317, 331, 190, 48, 
-9, 405, 414, -197, -212, 409, -87, 209, 312, 322, 190, 43, 
-19, 414, 434, -197, -226, 424, -92, 200, 317, 322, 190, 48, 
-19, 414, 434, -197, -226, 424, -92, 195, 307, 317, 190, 48, 
-4, 409, 414, -202, -209, 412, -97, 190, 297, 322, 185, 43, 
0, 409, 409, -204, -204, 409, -97, 170, 283, 307, 175, 43, 
-9, 405, 414, -197, -212, 409, -97, 146, 278, 297, 185, 43, 
-14, 390, 405, -187, -209, 397, -97, 136, 268, 268, 175, 48, 
-19, 380, 400, -180, -209, 390, -107, 122, 248, 248, 165, 43, 
-19, 370, 390, -175, -204, 380, -107, 97, 229, 219, 151, 39, 
-9, 361, 370, -175, -190, 366, -102, 78, 219, 204, 136, 24, 
-9, 346, 356, -168, -183, 351, -102, 63, 200, 170, 117, 4, 
-14, 322, 336, -153, -175, 329, -102, 53, 180, 146, 102, -4, 
-14, 302, 317, -143, -165, 309, -102, 34, 165, 117, 82, -14, 
-9, 283, 292, -136, -151, 287, -102, 14, 156, 78, 73, -29, 
-9, 258, 268, -124, -139, 263, -97, 0, 136, 48, 53, -43, 
-9, 244, 253, -117, -131, 248, -97, -4, 126, 19, 29, -58, 
-14, 229, 244, -107, -129, 236, -92, -19, 112, 0, 14, -73, 
-19, 204, 224, -92, -122, 214, -82, -39, 87, -34, -14, -78, 
-19, 185, 204, -82, -112, 195, -78, -43, 68, -58, -29, -92, 
-9, 165, 175, -78, -92, 170, -78, -58, 53, -82, -43, -102, 
-9, 156, 165, -73, -87, 161, -78, -63, 34, -102, -48, -117, 
-14, 136, 151, -61, -82, 143, -78, -58, 34, -117, -68, -136, 
-14, 117, 131, -51, -73, 124, -63, -63, 19, -126, -78, -141, 
-14, 107, 122, -46, -68, 114, -58, -63, 14, -146, -92, -151, 
-9, 97, 107, -43, -58, 102, -58, -73, 4, -161, -107, -165, 
-14, 87, 102, -36, -58, 95, -58, -82, -14, -180, -122, -170, 
-19, 73, 92, -26, -56, 82, -58, -87, -24, -200, -131, -175, 
-24, 68, 92, -21, -58, 80, -53, -97, -24, -209, -141, -180, 
-34, 53, 87, -9, -61, 70, -53, -102, -34, -224, -146, -180, 
-43, 29, 73, 7, -58, 51, -53, -107, -39, -224, -161, -195, 
-43, 19, 63, 12, -53, 41, -48, -112, -43, -244, -175, -209, 
-43, 19, 63, 12, -53, 41, -48, -112, -43, -253, -180, -209, 
-43, 9, 53, 17, -48, 31, -48, -112, -43, -258, -185, -209, 
-34, 9, 43, 12, -39, 26, -48, -112, -48, -273, -185, -224, 
-34, -4, 29, 19, -31, 12, -48, -112, -53, -287, -190, -229, 
-34, -9, 24, 21, -29, 7, -48, -117, -53, -287, -195, -239, 
-43, -9, 34, 26, -39, 12, -48, -117, -58, -287, -200, -239, 
-43, -9, 34, 26, -39, 12, -43, -112, -58, -297, -209, -239, 
-39, -19, 19, 29, -29, 0, -43, -112, -58, -297, -209, -239, 
-39, -24, 14, 31, -26, -4, -43, -112, -58, -297, -209, -239, 
-43, -24, 19, 34, -31, -2, -43, -112, -68, -302, -219, -239, 
-48, -29, 19, 39, -34, -4, -39, -102, -68, -297, -209, -244, 
-53, -24, 29, 39, -41, 2, -39, -102, -68, -302, -209, -244, 
-58, -24, 34, 41, -46, 4, -39, -107, -63, -302, -209, -244, 
-63, -24, 39, 43, -51, 7, -39, -107, -58, -307, -209, -248, 
-58, -19, 39, 39, -48, 9, -39, -117, -68, -307, -209, -248, 
-53, -19, 34, 36, -43, 7, -39, -117, -73, -307, -209, -248, 
-43, -14, 29, 29, -36, 7, -39, -117, -73, -307, -209, -248, 
-34, -4, 29, 19, -31, 12, -43, -117, -73, -307, -204, -248, 
-43, -4, 39, 24, -41, 17, -43, -117, -63, -307, -214, -248, 
-48, -9, 39, 29, -43, 14, -43, -112, -68, -307, -214, -248, 
-48, -9, 39, 29, -43, 14, -43, -112, -68, -307, -214, -248, 
-43, -9, 34, 26, -39, 12, -43, -117, -68, -307, -214, -248, 
-53, -14, 39, 34, -46, 12, -34, -112, -68, -297, -204, -258, 
-53, -19, 34, 36, -43, 7, -34, -112, -68, -302, -209, -258, 
-53, -24, 29, 39, -41, 2, -34, -107, -63, -302, -209, -258, 
-53, -29, 24, 41, -39, -2, -34, -102, -63, -297, -209, -258, 
-53, -24, 29, 39, -41, 2, -34, -102, -63, -297, -214, -248, 
-53, -24, 29, 39, -41, 2, -34, -102, -63, -302, -214, -244, 
-53, -34, 19, 43, -36, -7, -34, -112, -68, -302, -214, -244, 
-58, -34, 24, 46, -41, -4, -34, -112, -68, -302, -219, -244, 
-58, -24, 34, 41, -46, 4, -34, -112, -68, -312, -219, -253, 
-48, -24, 24, 36, -36, 0, -34, -107, -68, -307, -209, -253, 
-48, -19, 29, 34, -39, 4, -34, -107, -63, -307, -209, -248, 
-53, -19, 34, 36, -43, 7, -34, -107, -63, -312, -214, -248, 
-73, -14, 58, 43, -65, 21, -24, -107, -63, -312, -214, -258, 
-58, -19, 39, 39, -48, 9, -29, -107, -63, -312, -214, -258, 
-58, -24, 34, 41, -46, 4, -29, -107, -63, -312, -224, -258, 
-53, -34, 19, 43, -36, -7, -29, -112, -63, -312, -224, -253, 
-63, -29, 34, 46, -48, 2, -29, -112, -63, -307, -214, -253, 
-63, -39, 24, 51, -43, -7, -29, -112, -63, -307, -214, -253, 
-63, -39, 24, 51, -43, -7, -29, -112, -63, -317, -214, -253, 
-73, -34, 39, 53, -56, 2, -29, -112, -63, -317, -214, -253, 
-63, -29, 34, 46, -48, 2, -39, -112, -53, -302, -204, -253, 
-63, -29, 34, 46, -48, 2, -39, -112, -53, -302, -209, -253, 
-58, -29, 29, 43, -43, 0, -39, -112, -53, -307, -209, -253, 
-58, -29, 29, 43, -43, 0, -39, -112, -58, -307, -214, -253, 
-58, -34, 24, 46, -41, -4, -39, -112, -68, -317, -214, -253, 
-58, -24, 34, 41, -46, 4, -39, -112, -68, -312, -214, -258, 
-58, -24, 34, 41, -46, 4, -34, -112, -68, -312, -214, -258, 
-63, -24, 39, 43, -51, 7, -34, -112, -68, -312, -209, -258, 
-53, -24, 29, 39, -41, 2, -34, -112, -68, -322, -209, -248, 
-63, -29, 34, 46, -48, 2, -29, -117, -68, -322, -214, -248, 
-63, -29, 34, 46, -48, 2, -29, -117, -68, -322, -219, -248, 
-63, -24, 39, 43, -51, 7, -29, -107, -68, -322, -229, -248, 
-58, -14, 43, 36, -51, 14, -29, -117, -68, -331, -219, -253, 
-58, -14, 43, 36, -51, 14, -29, -117, -73, -336, -219, -253, 
-58, -19, 39, 39, -48, 9, -34, -117, -73, -336, -224, -258, 
-53, -19, 34, 36, -43, 7, -34, -126, -73, -336, -224, -268, 
-53, -39, 14, 46, -34, -12, -34, -117, -73, -336, -234, -268, 
-53, -39, 14, 46, -34, -12, -34, -117, -73, -336, -234, -263, 
-53, -34, 19, 43, -36, -7, -34, -126, -73, -331, -234, -263, 
-53, -34, 19, 43, -36, -7, -34, -126, -73, -326, -229, -263, 
-68, -43, 24, 56, -46, -9, -34, -126, -63, -331, -229, -253, 
-58, -34, 24, 46, -41, -4, -34, -131, -63, -331, -229, -248, 
-48, -24, 24, 36, -36, 0, -34, -131, -63, -322, -219, -239, 
-68, -39, 29, 53, -48, -4, -29, -126, -68, -331, -224, -244, 
-68, -48, 19, 58, -43, -14, -29, -126, -58, -341, -234, -248, 
-68, -48, 19, 58, -43, -14, -29, -126, -58, -341, -234, -253, 
-68, -48, 19, 58, -43, -14, -29, -126, -58, -341, -234, -258, 
-68, -48, 19, 58, -43, -14, -29, -126, -58, -341, -234, -263, 
-68, -48, 19, 58, -43, -14, -34, -122, -68, -331, -229, -253, 
-63, -53, 9, 58, -36, -21, -34, -122, -68, -336, -229, -258, 
-63, -53, 9, 58, -36, -21, -34, -122, -68, -336, -229, -258, 
-63, -53, 9, 58, -36, -21, -29, -122, -68, -341, -234, -258, 
-58, -53, 4, 56, -31, -24, -19, -122, -58, -346, -234, -268, 
-58, -53, 4, 56, -31, -24, -24, -126, -58, -346, -234, -268, 
-53, -53, 0, 53, -26, -26, -24, -126, -58, -346, -234, -273, 
-53, -53, 0, 53, -26, -26, -24, -126, -63, -346, -234, -273, 
-53, -48, 4, 51, -29, -21, -39, -136, -78, -361, -244, -263, 
-53, -48, 4, 51, -29, -21, -39, -136, -78, -361, -244, -263, 
-58, -43, 14, 51, -36, -14, -34, -141, -78, -361, -244, -263, 
-63, -43, 19, 53, -41, -12, -34, -141, -78, -361, -244, -263, 
-63, -48, 14, 56, -39, -17, -29, -131, -78, -361, -244, -263, 
-68, -48, 19, 58, -43, -14, -29, -131, -73, -361, -244, -258, 
-68, -53, 14, 61, -41, -19, -29, -131, -68, -366, -244, -253, 
-68, -58, 9, 63, -39, -24, -24, -131, -68, -366, -244, -253, 
-73, -58, 14, 65, -43, -21, -24, -131, -58, -356, -244, -263, 
-68, -53, 14, 61, -41, -19, -29, -136, -58, -356, -244, -268, 
-68, -53, 14, 61, -41, -19, -29, -136, -58, -356, -244, -268, 
-68, -53, 14, 61, -41, -19, -34, -136, -58, -356, -244, -268, 
-58, -48, 9, 53, -34, -19, -24, -126, -58, -351, -244, -268, 
-53, -43, 9, 48, -31, -17, -24, -122, -58, -351, -244, -268, 
-53, -39, 14, 46, -34, -12, -29, -122, -48, -351, -244, -268, 
-58, -19, 39, 39, -48, 9, -39, -122, -34, -341, -234, -253, 
-58, -9, 48, 34, -53, 19, -39, -122, -14, -341, -219, -248, 
-58, 4, 63, 26, -61, 34, -34, -122, 0, -326, -195, -234, 
-58, 14, 73, 21, -65, 43, -34, -126, 9, -317, -185, -229, 
-73, 24, 97, 24, -85, 61, -34, -131, 19, -312, -175, -219, 
-73, 19, 92, 26, -82, 56, -43, -131, 19, -317, -175, -224, 
-73, 29, 102, 21, -87, 65, -43, -131, 29, -312, -170, -214, 
-73, 39, 112, 17, -92, 75, -53, -131, 39, -302, -165, -204, 
-68, 48, 117, 9, -92, 82, -58, -126, 39, -302, -165, -204, 
-68, 53, 122, 7, -95, 87, -58, -117, 39, -292, -165, -204, 
-73, 53, 126, 9, -100, 90, -58, -117, 48, -287, -165, -204, 
-78, 53, 131, 12, -104, 92, -58, -122, 53, -287, -161, -204, 
-82, 53, 136, 14, -109, 95, -63, -126, 53, -283, -161, -200, 
-63, 63, 126, 0, -95, 95, -73, -131, 53, -283, -151, -190, 
-63, 73, 136, -4, -100, 104, -73, -131, 58, -278, -146, -185, 
-63, 78, 141, -7, -102, 109, -82, -131, 63, -278, -136, -180, 
-63, 102, 165, -19, -114, 134, -92, -141, 68, -278, -136, -175, 
-58, 122, 180, -31, -119, 151, -102, -161, 73, -273, -141, -170, 
-58, 141, 200, -41, -129, 170, -117, -165, 78, -268, -131, -161, 
-63, 156, 219, -46, -141, 187, -122, -170, 82, -263, -126, -151, 
-68, 161, 229, -46, -148, 195, -122, -170, 82, -258, -117, -146, 
-63, 180, 244, -58, -153, 212, -136, -185, 73, -248, -102, -141, 
-63, 180, 244, -58, -153, 212, -136, -190, 68, -248, -102, -136, 
-43, 180, 224, -68, -134, 202, -136, -190, 58, -248, -102, -136, 
-39, 180, 219, -70, -129, 200, -136, -180, 48, -253, -102, -136, 
-34, 161, 195, -63, -114, 178, -117, -175, 29, -253, -97, -141, 
-34, 146, 180, -56, -107, 163, -112, -161, 14, -253, -97, -151, 
-34, 126, 161, -46, -97, 143, -102, -156, 0, -248, -102, -156, 
-39, 107, 146, -34, -92, 126, -92, -146, 0, -258, -107, -151, 
-39, 73, 112, -17, -75, 92, -82, -131, -24, -268, -122, -185, 
-34, 58, 92, -12, -63, 75, -73, -126, -24, -283, -136, -204, 
-34, 39, 73, -2, -53, 56, -68, -126, -29, -292, -156, -224, 
-43, 19, 63, 12, -53, 41, -58, -126, -39, -317, -180, -239, 
-43, -9, 34, 26, -39, 12, -53, -112, -48, -341, -200, -248, 
-53, -24, 29, 39, -41, 2, -43, -112, -53, -351, -204, -258, 
-53, -39, 14, 46, -34, -12, -43, -112, -53, -361, -214, -258, 
-53, -39, 14, 46, -34, -12, -43, -117, -58, -361, -214, -258, 
-68, -53, 14, 61, -41, -19, -24, -126, -63, -370, -214, -258, 
-68, -53, 14, 61, -41, -19, -19, -131, -68, -370, -214, -268, 
-68, -63, 4, 65, -36, -29, -19, -131, -73, -375, -224, -273, 
-68, -73, -4, 70, -31, -39, -19, -131, -73, -390, -229, -278, 
-58, -78, -19, 68, -19, -48, -24, -131, -78, -390, -244, -297, 
-68, -92, -24, 80, -21, -58, -19, -131, -78, -400, -253, -297, 
-68, -97, -29, 82, -19, -63, -19, -131, -82, -405, -258, -302, 
-58, -102, -43, 80, -7, -73, -19, -131, -87, -405, -263, -307, 
-58, -102, -43, 80, -7, -73, -9, -126, -92, -400, -268, -302, 
-63, -112, -48, 87, -7, -80, 0, -126, -92, -400, -268, -302, 
-63, -112, -48, 87, -7, -80, 4, -122, -97, -400, -268, -302, 
-63, -117, -53, 90, -4, -85, 4, -122, -102, -405, -273, -307, 
-58, -112, -53, 85, -2, -82, -4, -122, -107, -414, -273, -317, 
-58, -112, -53, 85, -2, -82, -4, -122, -107, -414, -273, -322, 
-58, -117, -58, 87, 0, -87, 0, -122, -107, -414, -278, -322, 
-63, -122, -58, 92, -2, -90, 0, -122, -107, -419, -278, -322, 
-73, -122, -48, 97, -12, -85, 0, -126, -112, -409, -283, -322, 
-73, -122, -48, 97, -12, -85, 0, -126, -112, -414, -283, -322, 
-78, -122, -43, 100, -17, -82, 0, -126, -112, -414, -287, -326, 
-78, -122, -43, 100, -17, -82, 0, -126, -112, -414, -287, -326, 
-68, -122, -53, 95, -7, -87, 0, -122, -102, -414, -273, -322, 
-68, -126, -58, 97, -4, -92, 9, -122, -102, -409, -273, -317, 
-68, -126, -58, 97, -4, -92, 9, -112, -107, -405, -273, -317, 
-68, -126, -58, 97, -4, -92, 9, -112, -107, -405, -273, -317, 
-68, -117, -48, 92, -9, -82, 0, -126, -117, -414, -273, -317, 
-63, -117, -53, 90, -4, -85, -4, -126, -117, -414, -273, -322, 
-63, -117, -53, 90, -4, -85, -4, -126, -117, -409, -273, -322, 
-63, -122, -58, 92, -2, -90, -4, -126, -117, -409, -273, -322, 
-63, -122, -58, 92, -2, -90, 0, -126, -112, -409, -283, -331, 
-63, -122, -58, 92, -2, -90, 4, -117, -112, -409, -287, -336, 
-63, -122, -58, 92, -2, -90, 9, -117, -112, -409, -287, -336, 
-68, -122, -53, 95, -7, -87, 9, -122, -112, -400, -283, -336, 
-58, -112, -53, 85, -2, -82, 19, -107, -92, -361, -253, -331, 
-58, -97, -39, 78, -9, -68, 19, -107, -97, -331, -229, -322, 
-43, -82, -39, 63, -2, -61, 4, -97, -97, -268, -200, -302, 
-24, -73, -48, 48, 12, -61, 4, -73, -102, -190, -165, -283, 
-24, -58, -34, 41, 4, -46, 4, -43, -102, -87, -112, -268, 
-14, -24, -9, 19, -2, -17, -4, -14, -92, 19, -53, -244, 
29, 29, 0, -29, 14, 14, -14, 24, -87, 156, 4, -214, 
48, 78, 29, -63, 9, 53, -29, 53, -97, 312, 78, -185, 
63, 156, 92, -109, -14, 124, -48, 53, -107, 497, 209, -112, 
78, 283, 204, -180, -63, 244, -102, 19, -112, 717, 370, 4, 
97, 448, 351, -273, -126, 400, -180, -53, -122, 932, 541, 136, 
117, 590, 473, -353, -178, 531, -258, -141, -156, 1122, 702, 263, 
151, 658, 507, -405, -178, 583, -307, -219, -214, 1215, 780, 336, 
165, 605, 439, -385, -136, 522, -317, -297, -263, 1171, 751, 307, 
170, 507, 336, -339, -82, 422, -317, -385, -297, 1034, 649, 234, 
190, 419, 229, -305, -19, 324, -312, -439, -380, 834, 531, 161, 
209, 204, -4, -207, 107, 100, -244, -429, -541, 556, 317, 0, 
224, -126, -351, -48, 287, -239, -122, -366, -717, 195, -9, -239, 
224, -400, -624, 87, 424, -512, -34, -307, -849, -170, -307, -458, 
209, -570, -780, 180, 495, -675, 39, -283, -912, -507, -536, -610, 
165, -702, -868, 268, 517, -785, 117, -244, -951, -824, -732, -736, 
131, -790, -922, 329, 527, -856, 165, -219, -1000, -1083, -858, -810, 
107, -795, -902, 344, 505, -849, 170, -258, -1015, -1312, -922, -819, 
87, -775, -863, 344, 475, -819, 131, -331, -980, -1473, -946, -810, 
78, -732, -810, 326, 444, -771, 97, -366, -922, -1464, -927, -785, 
82, -673, -756, 295, 419, -714, 58, -375, -888, -1342, -873, -732, 
92, -610, -702, 258, 397, -656, 9, -380, -854, -1259, -810, -692, 
107, -512, -619, 202, 363, -566, -68, -409, -790, -1161, -736, -629, 
82, -380, -463, 148, 273, -422, -122, -409, -692, -1019, -634, -551, 
43, -278, -322, 117, 183, -300, -122, -380, -575, -902, -551, -468, 
-4, -209, -204, 107, 100, -207, -126, -336, -463, -805, -483, -405, 
-19, -151, -131, 85, 56, -141, -117, -302, -375, -697, -405, -370, 
4, -117, -122, 56, 63, -119, -102, -268, -326, -619, -366, -356, 
14, -107, -122, 46, 68, -114, -73, -229, -283, -570, -336, -346, 
-9, -112, -102, 61, 46, -107, -39, -185, -239, -527, -312, -331, 
-29, -107, -78, 68, 24, -92, -4, -156, -200, -492, -302, -317, 
-34, -92, -58, 63, 12, -75, 4, -146, -175, -473, -283, -317, 
-43, -92, -48, 68, 2, -70, 4, -146, -165, -463, -278, -322, 
-48, -92, -43, 70, -2, -68, 4, -136, -161, -453, -283, -312, 
-48, -102, -53, 75, 2, -78, 4, -126, -146, -439, -283, -312, 
-48, -112, -63, 80, 7, -87, 4, -117, -141, -434, -278, -322, 
-48, -117, -68, 82, 9, -92, 4, -92, -141, -429, -278, -322, 
-43, -122, -78, 82, 17, -100, 19, -73, -122, -414, -278, -322, 
-43, -122, -78, 82, 17, -100, 24, -68, -122, -409, -273, -322, 
-58, -112, -53, 85, -2, -82, 34, -63, -107, -409, -258, -317, 
-68, -107, -39, 87, -14, -73, 34, -63, -92, -395, -258, -312, 
-73, -112, -39, 92, -17, -75, 34, -68, -82, -390, -253, -312, 
-73, -117, -43, 95, -14, -80, 29, -73, -68, -385, -244, -312, 
-63, -102, -39, 82, -12, -70, 19, -82, -78, -385, -253, -297, 
-63, -97, -34, 80, -14, -65, 19, -82, -73, -380, -248, -297, 
-63, -92, -29, 78, -17, -61, 14, -73, -68, -375, -244, -292, 
-53, -87, -34, 70, -9, -61, 14, -63, -68, -370, -239, -292, 
-53, -87, -34, 70, -9, -61, 14, -68, -63, -356, -229, -297, 
-53, -87, -34, 70, -9, -61, 19, -63, -63, -351, -229, -297, 
-58, -87, -29, 73, -14, -58, 19, -58, -58, -346, -229, -292, 
-63, -78, -14, 70, -24, -46, 19, -58, -53, -341, -219, -292, 
-63, -73, -9, 68, -26, -41, 19, -58, -48, -331, -214, -297, 
-63, -73, -9, 68, -26, -41, 19, -63, -48, -331, -209, -297, 
-63, -68, -4, 65, -29, -36, 19, -63, -43, -322, -204, -292, 
-53, -68, -14, 61, -19, -41, 19, -63, -43, -317, -204, -292, 
-68, -53, 14, 61, -41, -19, 14, -53, -43, -317, -204, -283, 
-53, -48, 4, 51, -29, -21, 14, -53, -29, -317, -204, -283, 
-53, -43, 9, 48, -31, -17, 9, -53, -29, -312, -204, -278, 
-53, -43, 9, 48, -31, -17, 9, -53, -24, -307, -200, -278, 
-48, -43, 4, 46, -26, -19, 9, -53, -19, -292, -185, -273, 
-48, -48, 0, 48, -24, -24, 9, -48, -14, -287, -180, -268, 
-48, -48, 0, 48, -24, -24, 9, -48, -14, -283, -175, -263, 
-48, -48, 0, 48, -24, -24, 14, -43, -9, -273, -170, -253, 
-48, -34, 14, 41, -31, -9, 14, -43, -9, -278, -175, -253, 
-48, -34, 14, 41, -31, -9, 14, -43, -4, -273, -170, -248, 
-48, -29, 19, 39, -34, -4, 9, -43, -4, -273, -165, -248, 
-48, -24, 24, 36, -36, 0, 4, -43, -4, -268, -165, -244, 
-48, -14, 34, 31, -41, 9, -4, -39, 0, -248, -146, -234, 
-53, -14, 39, 34, -46, 12, 0, -39, 9, -244, -146, -234, 
-58, -9, 48, 34, -53, 19, 0, -34, 9, -234, -146, -234, 
-63, -4, 58, 34, -61, 26, -4, -34, 14, -224, -146, -234, 
-53, 0, 53, 26, -53, 26, -9, -43, 14, -209, -131, -224, 
-53, 4, 58, 24, -56, 31, -14, -43, 19, -204, -126, -214, 
-48, 14, 63, 17, -56, 39, -14, -39, 24, -200, -122, -209, 
-48, 14, 63, 17, -56, 39, -19, -39, 29, -190, -117, -209, 
-39, 29, 68, 4, -53, 48, -29, -39, 29, -185, -122, -204, 
-48, 34, 82, 7, -65, 58, -29, -34, 34, -185, -117, -200, 
-48, 43, 92, 2, -70, 68, -29, -34, 39, -170, -112, -195, 
-43, 53, 97, -4, -70, 75, -24, -34, 43, -161, -102, -195, 
-39, 48, 87, -4, -63, 68, -14, -14, 48, -146, -92, -180, 
-39, 53, 92, -7, -65, 73, -19, -9, 53, -136, -87, -175, 
-39, 68, 107, -14, -73, 87, -24, -4, 63, -122, -73, -175, 
-39, 73, 112, -17, -75, 92, -24, 0, 63, -107, -68, -170, 
-39, 87, 126, -24, -82, 107, -29, -9, 58, -107, -58, -170, 
-39, 97, 136, -29, -87, 117, -39, -9, 68, -92, -58, -170, 
-39, 107, 146, -34, -92, 126, -43, -4, 78, -78, -48, -170, 
-39, 122, 161, -41, -100, 141, -48, 0, 92, -58, -39, -161, 
-29, 131, 161, -51, -95, 146, -53, 9, 97, -39, -19, -146, 
-29, 146, 175, -58, -102, 161, -53, 24, 102, -24, -9, -141, 
-34, 156, 190, -61, -112, 173, -53, 24, 107, -4, -4, -136, 
-34, 170, 204, -68, -119, 187, -53, 24, 122, 9, 9, -122, 
-29, 170, 200, -70, -114, 185, -63, 19, 122, 34, 19, -122, 
-24, 180, 204, -78, -114, 192, -63, 29, 131, 48, 24, -112, 
-19, 195, 214, -87, -117, 204, -63, 48, 146, 68, 34, -102, 
-19, 209, 229, -95, -124, 219, -63, 53, 161, 87, 53, -87, 
-24, 219, 244, -97, -134, 231, -63, 73, 170, 117, 68, -78, 
-24, 229, 253, -102, -139, 241, -63, 82, 175, 141, 78, -68, 
-24, 248, 273, -112, -148, 261, -68, 87, 190, 161, 92, -58, 
-24, 263, 287, -119, -156, 275, -73, 97, 200, 180, 112, -48, 
-14, 278, 292, -131, -153, 285, -73, 92, 209, 209, 126, -29, 
-14, 292, 307, -139, -161, 300, -78, 102, 219, 229, 131, -24, 
-14, 302, 317, -143, -165, 309, -82, 112, 229, 244, 146, -19, 
-14, 317, 331, -151, -173, 324, -87, 112, 244, 268, 161, -9, 
-4, 336, 341, -165, -173, 339, -92, 122, 253, 287, 175, -9, 
-9, 351, 361, -170, -185, 356, -92, 126, 263, 307, 190, 0, 
-9, 361, 370, -175, -190, 366, -92, 141, 273, 322, 200, 9, 
-9, 380, 390, -185, -200, 385, -97, 146, 283, 336, 209, 19, 
-9, 405, 414, -197, -212, 409, -97, 156, 287, 356, 234, 34, 
-9, 414, 424, -202, -217, 419, -97, 156, 297, 366, 234, 48, 
-9, 419, 429, -204, -219, 424, -102, 156, 302, 380, 244, 58, 
-9, 424, 434, -207, -222, 429, -102, 156, 307, 380, 248, 63, 
-9, 439, 448, -214, -229, 444, -112, 161, 317, 395, 268, 63, 
-9, 448, 458, -219, -234, 453, -112, 161, 322, 400, 268, 68, 
-9, 448, 458, -219, -234, 453, -117, 165, 326, 409, 273, 73, 
-19, 448, 468, -214, -244, 458, -117, 165, 326, 409, 278, 78, 
-9, 458, 468, -224, -239, 463, -117, 156, 331, 419, 287, 78, 
-9, 463, 473, -226, -241, 468, -122, 151, 331, 414, 287, 78, 
-9, 463, 473, -226, -241, 468, -122, 151, 326, 409, 287, 82, 
-9, 463, 473, -226, -241, 468, -126, 141, 322, 400, 287, 82, 
-19, 473, 492, -226, -256, 483, -131, 131, 326, 395, 278, 87, 
-19, 473, 492, -226, -256, 483, -131, 126, 317, 385, 278, 87, 
-4, 468, 473, -231, -239, 470, -136, 122, 307, 385, 273, 82, 
0, 468, 468, -234, -234, 468, -136, 102, 292, 366, 263, 82, 
-9, 463, 473, -226, -241, 468, -126, 97, 283, 346, 273, 78, 
-14, 448, 463, -217, -239, 456, -126, 87, 278, 317, 263, 78, 
-19, 439, 458, -209, -239, 448, -136, 73, 263, 297, 253, 68, 
-19, 429, 448, -204, -234, 439, -136, 48, 248, 268, 239, 58, 
-19, 419, 439, -200, -229, 429, -131, 39, 239, 244, 224, 58, 
-19, 405, 424, -192, -222, 414, -131, 24, 229, 209, 204, 43, 
-24, 380, 405, -178, -214, 392, -131, 14, 219, 185, 190, 39, 
-24, 361, 385, -168, -204, 373, -131, -4, 214, 156, 170, 34, 
-29, 341, 370, -156, -200, 356, -131, -14, 204, 136, 141, 14, 
-29, 317, 346, -143, -187, 331, -126, -29, 185, 107, 122, -4, 
-29, 302, 331, -136, -180, 317, -126, -34, 175, 78, 97, -24, 
-34, 287, 322, -126, -178, 305, -122, -48, 161, 58, 82, -43, 
-39, 263, 302, -112, -170, 283, -112, -48, 141, 29, 53, -58, 
-39, 244, 283, -102, -161, 263, -107, -53, 126, 0, 39, -73, 
-29, 224, 253, -97, -141, 239, -107, -68, 117, -29, 24, -82, 
-29, 214, 244, -92, -136, 229, -107, -73, 102, -53, 19, -97, 
-34, 190, 224, -78, -129, 207, -97, -78, 92, -73, 4, -107, 
-34, 165, 200, -65, -117, 183, -82, -82, 78, -87, -9, -112, 
-34, 151, 185, -58, -109, 168, -78, -82, 73, -112, -29, -122, 
-29, 136, 165, -53, -97, 151, -78, -92, 63, -131, -48, -136, 
-39, 126, 165, -43, -102, 146, -78, -97, 53, -156, -73, -161, 
-39, 112, 151, -36, -95, 131, -78, -97, 43, -170, -82, -165, 
-39, 107, 146, -34, -92, 126, -73, -102, 43, -175, -92, -170, 
-43, 92, 136, -24, -90, 114, -73, -102, 34, -185, -97, -170, 
-34, 78, 112, -21, -73, 95, -73, -107, 29, -204, -102, -185, 
-34, 68, 102, -17, -68, 85, -68, -112, 24, -224, -117, -200, 
-34, 68, 102, -17, -68, 85, -68, -112, 24, -234, -122, -200, 
-34, 58, 92, -12, -63, 75, -68, -112, 24, -239, -126, -200, 
-43, 58, 102, -7, -73, 80, -68, -112, 19, -244, -136, -204, 
-43, 43, 87, 0, -65, 65, -68, -112, 14, -258, -141, -209, 
-43, 39, 82, 2, -63, 61, -68, -117, 14, -258, -146, -219, 
-53, 39, 92, 7, -73, 65, -68, -117, 9, -258, -151, -219, 
-43, 39, 82, 2, -63, 61, -53, -122, 0, -258, -151, -219, 
-39, 29, 68, 4, -53, 48, -53, -122, 0, -258, -151, -219, 
-39, 24, 63, 7, -51, 43, -53, -122, 0, -258, -151, -219, 
-43, 24, 68, 9, -56, 46, -53, -122, -9, -263, -161, -219, 
-43, 19, 63, 12, -53, 41, -48, -112, -9, -268, -161, -214, 
-43, 24, 68, 9, -56, 46, -48, -112, -9, -273, -161, -214, 
-43, 24, 68, 9, -56, 46, -48, -117, -4, -273, -161, -214, 
-43, 24, 68, 9, -56, 46, -48, -117, 0, -278, -161, -219, 
-53, 19, 73, 17, -63, 46, -48, -117, 0, -278, -170, -209, 
-53, 19, 73, 17, -63, 46, -48, -117, -4, -278, -170, -209, 
-48, 24, 73, 12, -61, 48, -48, -117, -4, -278, -170, -209, 
-43, 34, 78, 4, -61, 56, -53, -117, -4, -278, -165, -209, 
-48, 34, 82, 7, -65, 58, -43, -117, 4, -268, -156, -214, 
-48, 29, 78, 9, -63, 53, -43, -112, 0, -268, -156, -219, 
-43, 29, 73, 7, -58, 51, -43, -112, 0, -268, -156, -224, 
-34, 29, 63, 2, -48, 46, -43, -117, 0, -268, -156, -229, 
-39, 34, 73, 2, -56, 53, -43, -122, 9, -268, -156, -224, 
-43, 39, 82, 2, -63, 61, -43, -122, 9, -273, -161, -219, 
-48, 43, 92, 2, -70, 68, -43, -117, 14, -273, -161, -214, 
-53, 48, 102, 2, -78, 75, -43, -112, 14, -268, -161, -209, 
-48, 43, 92, 2, -70, 68, -43, -122, 4, -278, -165, -219, 
-43, 43, 87, 0, -65, 65, -43, -122, 4, -283, -165, -214, 
-39, 34, 73, 2, -56, 53, -43, -131, 0, -283, -165, -214, 
-39, 34, 73, 2, -56, 53, -43, -131, 0, -283, -170, -214, 
-43, 43, 87, 0, -65, 65, -53, -122, -9, -283, -180, -214, 
-29, 43, 73, -7, -51, 58, -53, -117, -9, -278, -170, -214, 
-24, 48, 73, -12, -48, 61, -53, -117, -4, -278, -170, -209, 
-24, 48, 73, -12, -48, 61, -53, -117, -4, -283, -175, -209, 
-34, 53, 87, -9, -61, 70, -43, -117, -4, -283, -165, -209, 
-19, 48, 68, -14, -43, 58, -48, -117, -4, -283, -165, -209, 
-19, 43, 63, -12, -41, 53, -48, -117, -4, -283, -175, -209, 
-14, 34, 48, -9, -31, 41, -48, -122, -4, -283, -175, -204, 
-24, 39, 63, -7, -43, 51, -39, -112, 4, -278, -165, -204, 
-24, 29, 53, -2, -39, 41, -39, -112, 4, -278, -165, -204, 
-24, 29, 53, -2, -39, 41, -39, -112, 4, -287, -165, -204, 
-34, 34, 68, 0, -51, 51, -39, -112, 4, -287, -165, -204, 
-24, 48, 73, -12, -48, 61, -48, -122, 4, -283, -175, -204, 
-24, 48, 73, -12, -48, 61, -48, -122, 4, -283, -180, -204, 
-19, 48, 68, -14, -43, 58, -48, -122, 4, -287, -180, -204, 
-19, 48, 68, -14, -43, 58, -48, -122, 0, -287, -185, -204, 
-29, 48, 78, -9, -53, 63, -48, -122, 0, -297, -185, -204, 
-29, 53, 82, -12, -56, 68, -48, -122, 0, -292, -185, -209, 
-29, 48, 78, -9, -53, 63, -43, -122, 0, -292, -185, -209, 
-34, 43, 78, -4, -56, 61, -43, -122, 0, -292, -180, -209, 
-34, 34, 68, 0, -51, 51, -43, -122, 0, -292, -185, -209, 
-43, 29, 73, 7, -58, 51, -39, -126, 0, -292, -185, -209, 
-43, 29, 73, 7, -58, 51, -39, -126, 0, -292, -185, -209, 
-43, 34, 78, 4, -61, 56, -39, -117, 0, -292, -190, -209, 
-39, 43, 82, -2, -61, 63, -48, -126, 0, -292, -180, -204, 
-39, 43, 82, -2, -61, 63, -48, -126, -4, -297, -180, -204, 
-39, 39, 78, 0, -58, 58, -53, -126, -4, -297, -185, -209, 
-34, 39, 73, -2, -53, 56, -53, -136, -4, -297, -185, -219, 
-34, 39, 73, -2, -53, 56, -43, -136, -4, -292, -185, -200, 
-34, 39, 73, -2, -53, 56, -43, -126, -4, -297, -185, -204, 
-34, 43, 78, -4, -56, 61, -43, -126, -4, -297, -185, -204, 
-34, 53, 87, -9, -61, 70, -43, -136, -4, -287, -180, -204, 
-29, 48, 78, -9, -53, 63, -39, -136, 0, -292, -185, -204, 
-29, 39, 68, -4, -48, 53, -39, -136, 0, -302, -195, -209, 
-29, 39, 68, -4, -48, 53, -39, -136, 0, -302, -195, -214, 
-29, 39, 68, -4, -48, 53, -39, -136, 0, -302, -195, -219, 
-29, 39, 68, -4, -48, 53, -39, -136, 0, -302, -195, -224, 
-29, 39, 68, -4, -48, 53, -43, -141, 0, -302, -200, -214, 
-24, 34, 58, -4, -41, 46, -43, -141, 0, -307, -200, -219, 
-24, 34, 58, -4, -41, 46, -43, -141, 0, -307, -200, -219, 
-24, 34, 58, -4, -41, 46, -39, -141, 0, -312, -204, -219, 
-29, 34, 63, -2, -46, 48, -39, -131, 9, -307, -195, -209, 
-29, 34, 63, -2, -46, 48, -43, -136, 9, -307, -195, -209, 
-24, 34, 58, -4, -41, 46, -43, -136, 9, -307, -195, -214, 
-24, 34, 58, -4, -41, 46, -43, -136, 4, -307, -195, -214, 
-34, 43, 78, -4, -56, 61, -48, -136, 0, -312, -204, -214, 
-34, 39, 73, -2, -53, 56, -48, -136, 0, -312, -204, -214, 
-39, 39, 78, 0, -58, 58, -43, -141, 0, -312, -204, -214, 
-43, 34, 78, 4, -61, 56, -43, -141, 0, -312, -204, -214, 
-34, 34, 68, 0, -51, 51, -39, -141, 0, -312, -204, -224, 
-39, 39, 78, 0, -58, 58, -39, -141, 4, -312, -204, -219, 
-39, 39, 78, 0, -58, 58, -39, -141, 9, -317, -204, -214, 
-39, 39, 78, 0, -58, 58, -34, -141, 9, -317, -204, -214, 
-43, 29, 73, 7, -58, 51, -34, -141, 9, -326, -204, -224, 
-39, 34, 73, 2, -56, 53, -39, -146, 9, -326, -204, -229, 
-39, 34, 73, 2, -56, 53, -39, -146, 9, -326, -204, -229, 
-39, 34, 73, 2, -56, 53, -43, -146, 9, -326, -204, -229, 
-48, 48, 97, 0, -73, 73, -34, -146, 19, -312, -204, -224, 
-43, 53, 97, -4, -70, 75, -34, -141, 19, -312, -204, -219, 
-43, 58, 102, -7, -73, 80, -39, -141, 29, -312, -204, -214, 
-48, 78, 126, -14, -87, 102, -48, -141, 43, -302, -195, -195, 
-58, 97, 156, -19, -107, 126, -53, -141, 63, -302, -175, -180, 
-58, 112, 170, -26, -114, 141, -53, -141, 78, -287, -156, -165, 
-58, 122, 180, -31, -119, 151, -58, -146, 87, -278, -151, -161, 
-73, 131, 204, -29, -139, 168, -63, -151, 97, -273, -146, -151, 
-73, 136, 209, -31, -141, 173, -73, -151, 107, -268, -146, -146, 
-73, 146, 219, -36, -146, 183, -73, -151, 117, -263, -141, -136, 
-73, 156, 229, -41, -151, 192, -82, -151, 126, -253, -136, -126, 
-68, 165, 234, -48, -151, 200, -87, -146, 126, -253, -136, -126, 
-63, 175, 239, -56, -151, 207, -87, -146, 136, -244, -126, -126, 
-63, 180, 244, -58, -153, 212, -87, -146, 146, -239, -126, -126, 
-63, 185, 248, -61, -156, 217, -87, -151, 151, -239, -122, -126, 
-63, 190, 253, -63, -158, 222, -92, -156, 151, -234, -122, -122, 
-53, 195, 248, -70, -151, 222, -102, -170, 141, -244, -131, -122, 
-53, 200, 253, -73, -153, 226, -102, -170, 146, -239, -126, -117, 
-53, 200, 253, -73, -153, 226, -112, -170, 151, -239, -117, -112, 
-53, 219, 273, -82, -163, 246, -122, -180, 156, -239, -117, -107, 
-58, 219, 278, -80, -168, 248, -131, -209, 146, -234, -102, -102, 
-58, 239, 297, -90, -178, 268, -146, -214, 146, -229, -92, -92, 
-63, 253, 317, -95, -190, 285, -151, -219, 146, -224, -87, -82, 
-68, 258, 326, -95, -197, 292, -151, -219, 141, -219, -78, -78, 
-63, 278, 341, -107, -202, 309, -156, -214, 151, -219, -73, -73, 
-63, 278, 341, -107, -202, 309, -156, -219, 146, -219, -73, -68, 
-43, 278, 322, -117, -183, 300, -156, -219, 136, -219, -73, -68, 
-39, 278, 317, -119, -178, 297, -156, -209, 126, -224, -73, -68, 
-29, 263, 292, -117, -161, 278, -136, -190, 97, -229, -92, -82, 
-24, 244, 268, -109, -146, 256, -131, -170, 73, -234, -97, -102, 
-19, 219, 239, -100, -129, 229, -122, -161, 48, -234, -107, -117, 
-19, 195, 214, -87, -117, 204, -112, -146, 39, -248, -117, -122, 
-29, 165, 195, -68, -112, 180, -102, -146, 34, -253, -126, -136, 
-24, 146, 170, -61, -97, 158, -92, -146, 34, -263, -136, -146, 
-24, 122, 146, -48, -85, 134, -87, -151, 29, -268, -151, -156, 
-34, 97, 131, -31, -82, 114, -78, -156, 19, -287, -170, -161, 
-24, 73, 97, -24, -61, 85, -63, -151, 9, -312, -190, -185, 
-34, 63, 97, -14, -65, 80, -53, -151, 4, -322, -195, -200, 
-34, 53, 87, -9, -61, 70, -53, -151, 4, -331, -204, -204, 
-34, 58, 92, -12, -63, 75, -53, -156, 0, -331, -204, -209, 
-58, 34, 92, 12, -75, 63, -43, -146, -4, -341, -214, -209, 
-58, 34, 92, 12, -75, 63, -39, -151, -9, -341, -214, -219, 
-58, 24, 82, 17, -70, 53, -39, -151, -14, -346, -224, -224, 
-58, 14, 73, 21, -65, 43, -39, -151, -14, -361, -229, -229, 
-53, 19, 73, 17, -63, 46, -43, -161, -29, -370, -244, -239, 
-58, 4, 63, 26, -61, 34, -39, -161, -29, -380, -253, -239, 
-53, 0, 53, 26, -53, 26, -39, -161, -34, -385, -258, -244, 
-39, -4, 34, 21, -36, 14, -39, -161, -39, -385, -263, -248, 
-39, 4, 43, 17, -41, 24, -39, -156, -34, -400, -268, -253, 
-43, -4, 39, 24, -41, 17, -29, -156, -34, -400, -268, -253, 
-43, -4, 39, 24, -41, 17, -24, -151, -39, -400, -268, -253, 
-43, -9, 34, 26, -39, 12, -24, -151, -43, -405, -273, -258, 
-48, -14, 34, 31, -41, 9, -24, -151, -48, -395, -263, -268, 
-48, -14, 34, 31, -41, 9, -24, -151, -48, -395, -263, -273, 
-48, -19, 29, 34, -39, 4, -19, -151, -48, -395, -268, -273, 
-53, -24, 29, 39, -41, 2, -19, -151, -48, -400, -268, -273, 
-43, -34, 9, 39, -26, -12, -19, -156, -53, -400, -273, -263, 
-43, -34, 9, 39, -26, -12, -19, -156, -53, -405, -273, -263, 
-48, -34, 14, 41, -31, -9, -19, -156, -53, -405, -278, -268, 
-48, -34, 14, 41, -31, -9, -19, -156, -53, -405, -278, -268, 
-58, -34, 24, 46, -41, -4, -19, -151, -53, -414, -283, -263, 
-58, -39, 19, 48, -39, -9, -9, -151, -53, -409, -283, -258, 
-58, -39, 19, 48, -39, -9, -9, -141, -58, -405, -283, -258, 
-58, -39, 19, 48, -39, -9, -9, -141, -58, -405, -283, -258, 
-68, -48, 19, 58, -43, -14, 0, -136, -48, -395, -273, -258, 
-63, -48, 14, 56, -39, -17, -4, -136, -48, -395, -273, -263, 
-63, -48, 14, 56, -39, -17, -4, -136, -48, -390, -273, -263, 
-63, -53, 9, 58, -36, -21, -4, -136, -48, -390, -273, -263, 
-53, -43, 9, 48, -31, -17, -4, -146, -53, -400, -283, -263, 
-53, -43, 9, 48, -31, -17, -4, -136, -53, -400, -287, -268, 
-53, -43, 9, 48, -31, -17, -4, -136, -53, -400, -287, -268, 
-58, -43, 14, 51, -36, -14, -9, -141, -53, -390, -283, -268, 
-58, -14, 43, 36, -51, 14, -19, -146, -34, -351, -263, -263, 
-58, 0, 58, 29, -58, 29, -19, -146, -39, -312, -239, -244, 
-43, 14, 58, 14, -51, 36, -24, -126, -39, -258, -209, -224, 
-34, 24, 58, 4, -46, 41, -14, -92, -34, -170, -175, -214, 
-24, 48, 73, -12, -48, 61, -14, -53, -14, -68, -112, -190, 
-14, 92, 107, -39, -61, 100, -24, -4, -14, 48, -63, -165, 
-9, 126, 136, -58, -73, 131, -24, 24, -19, 185, 4, -136, 
9, 204, 195, -107, -92, 200, -48, 24, -39, 361, 107, -78, 
53, 331, 278, -192, -112, 305, -117, -14, -68, 585, 258, 4, 
117, 488, 370, -302, -126, 429, -190, -78, -102, 805, 419, 112, 
136, 634, 497, -385, -180, 566, -278, -190, -161, 971, 570, 244, 
156, 775, 619, -466, -231, 697, -356, -326, -214, 1093, 702, 380, 
180, 824, 644, -502, -231, 734, -414, -434, -292, 1137, 751, 434, 
204, 751, 546, -478, -170, 649, -424, -483, -400, 1083, 702, 395, 
239, 644, 405, -441, -82, 524, -414, -492, -570, 976, 619, 331, 
278, 488, 209, -383, 34, 348, -380, -497, -780, 785, 483, 239, 
307, 224, -82, -265, 195, 70, -292, -458, -951, 468, 248, 48, 
312, -78, -390, -117, 351, -234, -170, -395, -1068, 97, -39, -170, 
312, -312, -624, 0, 468, -468, -73, -356, -1151, -278, -307, -361, 
307, -492, -800, 92, 553, -646, 9, -322, -1215, -624, -536, -531, 
273, -624, -897, 175, 585, -761, 58, -312, -1234, -902, -702, -629, 
239, -663, -902, 212, 570, -783, 48, -366, -1195, -1122, -800, -653, 
204, -668, -873, 231, 539, -771, 43, -434, -1141, -1361, -883, -673, 
175, -688, -863, 256, 519, -775, 43, -448, -1068, -1503, -946, -692, 
146, -644, -790, 248, 468, -717, 9, -444, -980, -1415, -917, -668, 
151, -527, -678, 187, 414, -602, -58, -453, -878, -1244, -824, -605, 
141, -405, -546, 131, 344, -475, -117, -458, -785, -1102, -722, -527, 
126, -297, -424, 85, 275, -361, -156, -448, -683, -976, -619, -453, 
82, -204, -287, 61, 185, -246, -170, -439, -556, -854, -536, -385, 
53, -141, -195, 43, 124, -168, -161, -409, -439, -766, -483, -341, 
43, -102, -146, 29, 95, -124, -146, -366, -366, -697, -444, -317, 
39, -92, -131, 26, 85, -112, -107, -302, -297, -629, -405, -302, 
24, -78, -102, 26, 63, -90, -63, -229, -239, -580, -375, -287, 
4, -68, -73, 31, 39, -70, -34, -180, -195, -541, -356, -278, 
-9, -53, -43, 31, 17, -48, -19, -156, -161, -497, -331, -273, 
-19, -29, -9, 24, -4, -19, -24, -156, -131, -463, -312, -268, 
-24, -14, 9, 19, -17, -2, -24, -156, -117, -444, -302, -268, 
-34, -14, 19, 24, -26, 2, -24, -156, -97, -434, -297, -263, 
-39, -14, 24, 26, -31, 4, -24, -146, -82, -424, -292, -253, 
-39, -24, 14, 31, -26, -4, -24, -146, -68, -419, -292, -253, 
-39, -24, 14, 31, -26, -4, -24, -136, -63, -424, -297, -258, 
-39, -29, 9, 34, -24, -9, -24, -112, -63, -419, -297, -263, 
-34, -34, 0, 34, -17, -17, -9, -92, -43, -405, -297, -268, 
-34, -34, 0, 34, -17, -17, -4, -87, -43, -400, -292, -273, 
-29, -19, 9, 24, -19, -4, -4, -82, -34, -390, -287, -258, 
-39, -9, 29, 24, -34, 9, -4, -82, -24, -375, -287, -253, 
-43, -9, 34, 26, -39, 12, -4, -87, -19, -370, -283, -253, 
-43, -9, 34, 26, -39, 12, -9, -92, -9, -366, -273, -253, 
-43, -4, 39, 24, -41, 17, 0, -102, 0, -366, -273, -248, 
-43, 0, 43, 21, -43, 21, 0, -102, 4, -361, -268, -248, 
-43, 4, 48, 19, -46, 26, -4, -92, 9, -356, -263, -244, 
-34, 9, 43, 12, -39, 26, -4, -82, 9, -351, -258, -244, 
-43, 9, 53, 17, -48, 31, -14, -87, 14, -346, -258, -239, 
-43, 9, 53, 17, -48, 31, -9, -82, 14, -341, -258, -239, 
-48, 9, 58, 19, -53, 34, -9, -78, 19, -336, -258, -234, 
-53, 19, 73, 17, -63, 46, -9, -78, 24, -331, -248, -234, 
-53, 14, 68, 19, -61, 41, -19, -68, 29, -322, -244, -229, 
-53, 14, 68, 19, -61, 41, -19, -73, 29, -322, -239, -229, 
-53, 19, 73, 17, -63, 46, -19, -73, 34, -312, -234, -224, 
-43, 19, 63, 12, -53, 41, -19, -73, 34, -307, -234, -224, 
-58, 34, 92, 12, -75, 63, -24, -73, 24, -317, -234, -224, 
-43, 39, 82, 2, -63, 61, -24, -73, 39, -317, -234, -224, 
-43, 43, 87, 0, -65, 65, -29, -73, 39, -312, -234, -219, 
-43, 43, 87, 0, -65, 65, -29, -73, 43, -307, -229, -219, 
-43, 58, 102, -7, -73, 80, -29, -73, 39, -302, -224, -219, 
-39, 58, 97, -9, -68, 78, -29, -68, 43, -297, -219, -219, 
-34, 63, 97, -14, -65, 80, -29, -68, 43, -292, -214, -219, 
-29, 68, 97, -19, -63, 82, -24, -63, 48, -283, -209, -214, 
-19, 82, 102, -31, -61, 92, -34, -73, 58, -278, -214, -214, 
-19, 82, 102, -31, -61, 92, -34, -73, 63, -273, -209, -209, 
-19, 87, 107, -34, -63, 97, -39, -73, 63, -273, -204, -209, 
-19, 92, 112, -36, -65, 102, -43, -73, 63, -268, -204, -204, 
-14, 97, 112, -41, -63, 104, -34, -73, 78, -258, -185, -200, 
-14, 92, 107, -39, -61, 100, -29, -68, 87, -253, -185, -195, 
-14, 92, 107, -39, -61, 100, -29, -58, 87, -244, -185, -190, 
-14, 92, 107, -39, -61, 100, -34, -53, 92, -234, -185, -185, 
-19, 97, 117, -39, -68, 107, -29, -53, 92, -229, -170, -185, 
-24, 102, 126, -39, -75, 114, -34, -53, 97, -224, -165, -175, 
-24, 112, 136, -43, -80, 124, -34, -48, 102, -219, -161, -170, 
-29, 112, 141, -41, -85, 126, -39, -48, 107, -209, -156, -170, 
-29, 126, 156, -48, -92, 141, -39, -58, 117, -195, -161, -165, 
-39, 131, 170, -46, -104, 151, -39, -53, 122, -195, -156, -161, 
-39, 141, 180, -51, -109, 161, -39, -53, 126, -180, -151, -156, 
-34, 151, 185, -58, -109, 168, -34, -53, 131, -170, -141, -156, 
-19, 156, 175, -68, -97, 165, -34, -43, 136, -156, -141, -151, 
-19, 161, 180, -70, -100, 170, -39, -39, 141, -146, -136, -146, 
-19, 175, 195, -78, -107, 185, -43, -34, 151, -131, -122, -146, 
-19, 180, 200, -80, -109, 190, -43, -29, 151, -117, -117, -141, 
-24, 180, 204, -78, -114, 192, -34, -24, 165, -107, -102, -126, 
-29, 185, 214, -78, -122, 200, -39, -19, 175, -92, -97, -122, 
-34, 190, 224, -78, -129, 207, -39, -9, 185, -78, -82, -117, 
-39, 200, 239, -80, -139, 219, -39, 0, 200, -58, -68, -102, 
-48, 209, 258, -80, -153, 234, -43, 0, 209, -39, -58, -102, 
-48, 224, 273, -87, -161, 248, -43, 14, 219, -24, -48, -102, 
-53, 234, 287, -90, -170, 261, -43, 14, 229, -4, -43, -102, 
-53, 248, 302, -97, -178, 275, -43, 14, 248, 9, -29, -92, 
-34, 258, 292, -112, -163, 275, -48, 29, 248, 24, -19, -92, 
-24, 268, 292, -122, -158, 280, -53, 39, 258, 39, -14, -82, 
-14, 283, 297, -134, -156, 290, -58, 58, 273, 58, -4, -73, 
-9, 297, 307, -143, -158, 302, -63, 63, 287, 78, 14, -58, 
-19, 297, 317, -139, -168, 307, -58, 82, 302, 97, 19, -58, 
-24, 307, 331, -141, -178, 319, -53, 92, 312, 122, 29, -48, 
-29, 326, 356, -148, -192, 341, -53, 97, 331, 141, 43, -39, 
-34, 341, 375, -153, -204, 358, -53, 107, 346, 161, 63, -29, 
-43, 366, 409, -161, -226, 387, -53, 102, 366, 200, 87, -9, 
-43, 380, 424, -168, -234, 402, -58, 112, 375, 219, 92, -4, 
-43, 390, 434, -173, -239, 412, -63, 122, 385, 234, 107, 0, 
-43, 405, 448, -180, -246, 427, -68, 122, 400, 258, 122, 9, 
-34, 429, 463, -197, -248, 446, -73, 122, 419, 278, 136, 29, 
-39, 439, 478, -200, -258, 458, -73, 126, 429, 297, 151, 39, 
-39, 444, 483, -202, -261, 463, -73, 141, 439, 312, 161, 48, 
-39, 458, 497, -209, -268, 478, -78, 146, 448, 326, 170, 58, 
-29, 473, 502, -222, -265, 488, -87, 156, 453, 326, 185, 58, 
-29, 483, 512, -226, -270, 497, -87, 156, 463, 336, 185, 68, 
-29, 488, 517, -229, -273, 502, -92, 156, 468, 351, 195, 73, 
-29, 492, 522, -231, -275, 507, -92, 156, 473, 351, 200, 73, 
-19, 507, 527, -244, -273, 517, -92, 170, 463, 356, 200, 73, 
-19, 517, 536, -248, -278, 527, -92, 170, 468, 361, 200, 78, 
-19, 517, 536, -248, -278, 527, -97, 175, 473, 370, 204, 82, 
-29, 517, 546, -244, -287, 531, -97, 175, 473, 370, 209, 87, 
-19, 517, 536, -248, -278, 527, -97, 165, 478, 370, 219, 97, 
-19, 522, 541, -251, -280, 531, -102, 161, 478, 366, 219, 97, 
-19, 522, 541, -251, -280, 531, -102, 161, 473, 361, 219, 102, 
-19, 522, 541, -251, -280, 531, -107, 151, 468, 351, 219, 102, 
-24, 522, 546, -248, -285, 534, -102, 141, 473, 356, 219, 107, 
-29, 522, 551, -246, -290, 536, -102, 136, 463, 346, 219, 107, 
-19, 517, 536, -248, -278, 527, -107, 131, 453, 346, 214, 102, 
-19, 517, 536, -248, -278, 527, -107, 112, 439, 326, 204, 102, 
-19, 512, 531, -246, -275, 522, -107, 97, 419, 307, 195, 97, 
-24, 497, 522, -236, -273, 509, -107, 87, 405, 278, 185, 97, 
-29, 488, 517, -229, -273, 502, -117, 73, 380, 258, 175, 87, 
-29, 478, 507, -224, -268, 492, -117, 48, 356, 229, 161, 78, 
-24, 468, 492, -222, -258, 480, -122, 29, 346, 204, 146, 73, 
-19, 453, 473, -217, -246, 463, -122, 14, 326, 170, 126, 53, 
-19, 429, 448, -204, -234, 439, -122, 4, 307, 146, 112, 43, 
-14, 409, 424, -197, -219, 417, -122, -14, 292, 117, 92, 34, 
0, 390, 390, -195, -195, 390, -122, -24, 263, 78, 63, 9, 
0, 366, 366, -183, -183, 366, -117, -39, 244, 48, 43, -4, 
0, 351, 351, -175, -175, 351, -117, -43, 234, 19, 19, -19, 
-4, 336, 341, -165, -173, 339, -112, -58, 219, 0, 4, -34, 
-29, 322, 351, -146, -190, 336, -102, -68, 209, -19, -9, -24, 
-39, 302, 341, -131, -190, 322, -97, -73, 195, -39, -19, -34, 
-39, 283, 322, -122, -180, 302, -97, -87, 185, -58, -29, -39, 
-48, 273, 322, -112, -185, 297, -97, -92, 170, -73, -29, -48, 
-39, 263, 302, -112, -170, 283, -102, -107, 161, -97, -48, -68, 
-34, 244, 278, -104, -156, 261, -92, -112, 146, -107, -58, -73, 
-29, 234, 263, -102, -146, 248, -92, -112, 141, -126, -73, -82, 
-19, 224, 244, -102, -131, 234, -97, -122, 131, -141, -87, -97, 
-9, 209, 219, -100, -114, 214, -107, -136, 112, -165, -92, -102, 
-9, 200, 209, -95, -109, 204, -107, -136, 102, -180, -102, -107, 
-9, 200, 209, -95, -109, 204, -102, -141, 102, -185, -112, -112, 
-14, 190, 204, -87, -109, 197, -102, -141, 92, -195, -117, -112, 
-24, 185, 209, -80, -117, 197, -102, -136, 87, -200, -122, -117, 
-24, 175, 200, -75, -112, 187, -97, -141, 82, -214, -136, -131, 
-24, 175, 200, -75, -112, 187, -97, -141, 82, -219, -141, -131, 
-24, 165, 190, -70, -107, 178, -97, -141, 82, -219, -146, -131, 
-14, 156, 170, -70, -92, 163, -87, -131, 78, -224, -156, -146, 
-14, 141, 156, -63, -85, 148, -87, -131, 73, -239, -161, -151, 
-14, 136, 151, -61, -82, 143, -87, -136, 73, -239, -165, -161, 
-24, 136, 161, -56, -92, 148, -87, -136, 68, -239, -170, -161, 
-19, 146, 165, -63, -92, 156, -92, -136, 63, -253, -170, -161, 
-9, 136, 146, -63, -78, 141, -92, -141, 58, -258, -170, -161, 
-4, 131, 136, -63, -70, 134, -92, -146, 53, -263, -170, -161, 
-4, 131, 136, -63, -70, 134, -92, -151, 39, -273, -180, -161, 
-4, 126, 131, -61, -68, 129, -97, -151, 39, -268, -180, -156, 
-4, 131, 136, -63, -70, 134, -97, -151, 39, -273, -180, -156, 
-4, 131, 136, -63, -70, 134, -97, -156, 43, -273, -180, -156, 
-4, 131, 136, -63, -70, 134, -97, -156, 48, -278, -180, -161, 
-14, 136, 151, -61, -82, 143, -87, -146, 58, -273, -170, -151, 
-14, 136, 151, -61, -82, 143, -87, -146, 53, -268, -170, -151, 
-9, 141, 151, -65, -80, 146, -87, -146, 53, -263, -170, -151, 
-4, 151, 156, -73, -80, 153, -92, -146, 53, -258, -165, -151, 
-9, 141, 151, -65, -80, 146, -92, -146, 63, -258, -165, -151, 
-9, 136, 146, -63, -78, 141, -92, -141, 58, -258, -165, -151, 
-4, 136, 141, -65, -73, 139, -92, -141, 58, -258, -165, -151, 
4, 136, 131, -70, -63, 134, -92, -146, 58, -258, -165, -151, 
-4, 136, 141, -65, -73, 139, -82, -141, 58, -258, -165, -151, 
-4, 136, 141, -65, -73, 139, -82, -141, 58, -263, -170, -151, 
-4, 136, 141, -65, -73, 139, -82, -136, 63, -263, -170, -151, 
-4, 136, 141, -65, -73, 139, -82, -131, 63, -258, -170, -151, 
4, 141, 136, -73, -65, 139, -92, -141, 63, -258, -175, -151, 
4, 141, 136, -73, -65, 139, -92, -141, 63, -263, -175, -146, 
4, 131, 126, -68, -61, 129, -92, -151, 58, -263, -175, -146, 
0, 131, 131, -65, -65, 131, -92, -151, 58, -263, -180, -146, 
0, 136, 136, -68, -68, 136, -102, -151, 48, -273, -180, -165, 
9, 141, 131, -75, -61, 136, -102, -146, 48, -268, -170, -165, 
9, 151, 141, -80, -65, 146, -102, -146, 53, -268, -170, -161, 
4, 156, 151, -80, -73, 153, -102, -146, 53, -273, -175, -161, 
-4, 170, 175, -82, -90, 173, -92, -146, 53, -273, -175, -170, 
9, 165, 156, -87, -73, 161, -97, -146, 53, -273, -175, -170, 
9, 161, 151, -85, -70, 156, -97, -146, 53, -273, -185, -170, 
14, 151, 136, -82, -61, 143, -97, -151, 53, -273, -185, -165, 
9, 161, 151, -85, -70, 156, -87, -151, 63, -268, -175, -165, 
4, 146, 141, -75, -68, 143, -87, -151, 63, -268, -175, -165, 
0, 141, 141, -70, -70, 141, -87, -151, 63, -278, -175, -165, 
-14, 141, 156, -63, -85, 148, -87, -151, 63, -278, -175, -165, 
-4, 156, 161, -75, -82, 158, -97, -161, 63, -283, -185, -165, 
-4, 156, 161, -75, -82, 158, -97, -161, 63, -283, -190, -165, 
0, 156, 156, -78, -78, 156, -97, -161, 63, -287, -190, -165, 
0, 156, 156, -78, -78, 156, -97, -161, 58, -287, -195, -165, 
4, 151, 146, -78, -70, 148, -107, -170, 48, -297, -195, -175, 
9, 161, 151, -85, -70, 156, -107, -170, 48, -292, -195, -180, 
14, 161, 146, -87, -65, 153, -102, -170, 48, -292, -195, -180, 
14, 161, 146, -87, -65, 153, -102, -170, 48, -292, -190, -180, 
14, 156, 141, -85, -63, 148, -92, -161, 58, -292, -185, -180, 
4, 146, 141, -75, -68, 143, -87, -165, 58, -292, -185, -180, 
4, 141, 136, -73, -65, 139, -87, -165, 58, -292, -185, -180, 
4, 141, 136, -73, -65, 139, -87, -156, 58, -292, -190, -180, 
9, 141, 131, -75, -61, 136, -87, -165, 58, -292, -190, -175, 
9, 141, 131, -75, -61, 136, -87, -165, 53, -297, -190, -175, 
9, 136, 126, -73, -58, 131, -92, -165, 53, -297, -195, -180, 
14, 136, 122, -75, -53, 129, -92, -175, 53, -297, -195, -190, 
24, 146, 122, -85, -48, 134, -102, -175, 53, -302, -195, -190, 
24, 146, 122, -85, -48, 134, -102, -175, 53, -307, -195, -195, 
19, 146, 126, -82, -53, 136, -107, -175, 48, -302, -195, -185, 
19, 146, 126, -82, -53, 136, -107, -175, 48, -312, -195, -185, 
19, 146, 126, -82, -53, 136, -107, -175, 48, -312, -195, -185, 
19, 146, 126, -82, -53, 136, -107, -175, 48, -312, -195, -185, 
19, 146, 126, -82, -53, 136, -107, -175, 48, -312, -195, -185, 
9, 136, 126, -73, -58, 131, -107, -170, 39, -322, -209, -195, 
14, 131, 117, -73, -51, 124, -102, -170, 39, -326, -209, -200, 
14, 131, 117, -73, -51, 124, -97, -170, 39, -326, -209, -200, 
14, 131, 117, -73, -51, 124, -87, -170, 39, -331, -214, -200, 
19, 131, 112, -75, -46, 122, -97, -180, 39, -336, -214, -209, 
19, 131, 112, -75, -46, 122, -102, -185, 39, -336, -214, -209, 
24, 131, 107, -78, -41, 119, -102, -185, 39, -336, -214, -214, 
24, 131, 107, -78, -41, 119, -102, -185, 34, -336, -214, -214, 
14, 131, 117, -73, -51, 124, -107, -185, 39, -331, -204, -204, 
14, 126, 112, -70, -48, 119, -107, -185, 39, -331, -204, -204, 
9, 126, 117, -68, -53, 122, -102, -190, 39, -331, -204, -204, 
4, 122, 117, -63, -56, 119, -102, -190, 39, -331, -204, -204, 
9, 122, 112, -65, -51, 117, -107, -190, 29, -341, -214, -214, 
9, 126, 117, -68, -53, 122, -107, -190, 34, -341, -214, -209, 
14, 126, 112, -70, -48, 119, -107, -190, 39, -346, -214, -204, 
19, 126, 107, -73, -43, 117, -102, -190, 39, -346, -214, -204, 
14, 136, 122, -75, -53, 129, -102, -180, 39, -336, -214, -204, 
19, 141, 122, -80, -51, 131, -107, -185, 39, -336, -214, -209, 
19, 141, 122, -80, -51, 131, -107, -185, 39, -336, -214, -209, 
19, 141, 122, -80, -51, 131, -112, -185, 39, -336, -214, -209, 
9, 156, 146, -82, -68, 151, -112, -185, 48, -322, -209, -204, 
14, 161, 146, -87, -65, 153, -112, -180, 58, -322, -204, -200, 
14, 165, 151, -90, -68, 158, -117, -180, 78, -322, -200, -195, 
9, 185, 175, -97, -82, 180, -126, -180, 102, -312, -185, -175, 
9, 204, 195, -107, -92, 200, -131, -190, 122, -302, -165, -161, 
9, 219, 209, -114, -100, 214, -131, -190, 136, -287, -146, -146, 
9, 229, 219, -119, -104, 224, -136, -195, 146, -278, -141, -141, 
-4, 239, 244, -117, -124, 241, -141, -200, 156, -273, -136, -131, 
-24, 244, 268, -109, -146, 256, -131, -190, 165, -258, -126, -126, 
-24, 253, 278, -114, -151, 265, -131, -190, 175, -253, -122, -117, 
-24, 263, 287, -119, -156, 275, -141, -190, 185, -244, -117, -107, 
-19, 273, 292, -126, -156, 283, -146, -185, 185, -244, -117, -107, 
-9, 268, 278, -129, -143, 273, -146, -185, 175, -248, -126, -117, 
-4, 268, 273, -131, -139, 270, -146, -185, 185, -248, -126, -117, 
0, 268, 268, -134, -134, 268, -146, -190, 190, -253, -122, -117, 
4, 268, 263, -136, -129, 265, -151, -195, 190, -253, -122, -112, 
4, 273, 268, -139, -131, 270, -161, -209, 185, -253, -122, -112, 
4, 278, 273, -141, -134, 275, -161, -209, 185, -248, -117, -107, 
4, 278, 273, -141, -134, 275, -170, -209, 185, -248, -107, -102, 
4, 297, 292, -151, -143, 295, -180, -219, 185, -248, -107, -97, 
9, 307, 297, -158, -143, 302, -190, -239, 175, -244, -102, -92, 
9, 326, 317, -168, -153, 322, -204, -244, 175, -239, -92, -82, 
4, 341, 336, -173, -165, 339, -209, -248, 175, -234, -87, -73, 
0, 346, 346, -173, -173, 346, -209, -248, 170, -229, -78, -68, 
0, 351, 351, -175, -175, 351, -204, -248, 170, -239, -82, -73, 
4, 346, 341, -175, -168, 344, -204, -248, 165, -239, -82, -68, 
29, 341, 312, -185, -141, 326, -204, -244, 156, -239, -82, -68, 
39, 336, 297, -187, -129, 317, -204, -229, 146, -244, -82, -68, 
48, 317, 268, -183, -109, 292, -185, -204, 122, -248, -92, -87, 
53, 302, 248, -178, -97, 275, -180, -190, 102, -253, -97, -102, 
58, 283, 224, -170, -82, 253, -170, -185, 82, -253, -107, -112, 
58, 263, 204, -161, -73, 234, -161, -175, 78, -268, -117, -112, 
43, 229, 185, -136, -70, 207, -141, -170, 63, -273, -126, -131, 
43, 214, 170, -129, -63, 192, -131, -165, 63, -283, -136, -146, 
39, 195, 156, -117, -58, 175, -126, -165, 58, -287, -151, -161, 
24, 175, 151, -100, -63, 163, -117, -165, 48, -307, -170, -170, 
29, 151, 122, -90, -46, 136, -107, -170, 39, -331, -200, -175, 
24, 141, 117, -82, -46, 129, -102, -170, 34, -341, -204, -190, 
29, 131, 102, -80, -36, 117, -107, -170, 34, -351, -214, -195, 
34, 136, 102, -85, -34, 119, -112, -175, 29, -351, -214, -200, 
19, 122, 102, -70, -41, 112, -92, -185, 24, -361, -214, -200, 
19, 122, 102, -70, -41, 112, -87, -190, 19, -361, -214, -209, 
19, 112, 92, -65, -36, 102, -87, -190, 14, -366, -224, -214, 
19, 102, 82, -61, -31, 92, -87, -190, 14, -380, -229, -219, 
14, 87, 73, -51, -29, 80, -73, -180, 14, -385, -234, -229, 
0, 73, 73, -36, -36, 73, -68, -180, 19, -390, -244, -229, 
-4, 68, 73, -31, -39, 70, -68, -180, 19, -390, -248, -234, 
0, 63, 63, -31, -31, 63, -68, -180, 19, -385, -253, -239, 
4, 73, 68, -39, -31, 70, -78, -185, 4, -400, -248, -244, 
4, 63, 58, -34, -26, 61, -68, -185, 4, -400, -248, -244, 
9, 63, 53, -36, -21, 58, -63, -180, 0, -400, -248, -244, 
14, 58, 43, -36, -14, 51, -63, -180, -4, -405, -253, -248, 
14, 53, 39, -34, -12, 46, -53, -170, -9, -405, -263, -253, 
9, 53, 43, -31, -17, 48, -53, -170, -9, -405, -263, -253, 
4, 48, 43, -26, -19, 46, -48, -170, -9, -405, -268, -248, 
-4, 43, 48, -19, -26, 46, -48, -170, -9, -409, -268, -244, 
4, 53, 48, -29, -21, 51, -48, -175, -4, -409, -263, -253, 
4, 53, 48, -29, -21, 51, -48, -175, -4, -414, -263, -253, 
0, 53, 53, -26, -26, 53, -48, -175, -4, -414, -268, -258, 
0, 53, 53, -26, -26, 53, -48, -175, -4, -414, -268, -258, 
0, 53, 53, -26, -26, 53, -58, -170, 4, -414, -263, -253, 
0, 48, 48, -24, -24, 48, -48, -170, 4, -409, -263, -248, 
0, 48, 48, -24, -24, 48, -48, -161, 0, -405, -263, -248, 
0, 48, 48, -24, -24, 48, -48, -161, 0, -405, -263, -248, 
-9, 48, 58, -19, -34, 53, -39, -165, 0, -405, -263, -248, 
-4, 48, 53, -21, -29, 51, -43, -165, 0, -405, -263, -253, 
-4, 48, 53, -21, -29, 51, -43, -165, 0, -400, -263, -253, 
-4, 43, 48, -19, -26, 46, -43, -165, 0, -400, -263, -253, 
-4, 43, 48, -19, -26, 46, -34, -165, 4, -400, -263, -253, 
-4, 43, 48, -19, -26, 46, -34, -156, 4, -400, -268, -258, 
-4, 43, 48, -19, -26, 46, -34, -156, 4, -400, -268, -258, 
-9, 43, 53, -17, -31, 48, -39, -161, 4, -390, -263, -258, 
9, 63, 53, -36, -21, 58, -48, -165, 14, -341, -234, -234, 
9, 78, 68, -43, -29, 73, -48, -165, 19, -302, -219, -234, 
24, 92, 68, -58, -21, 80, -53, -146, 19, -239, -200, -224, 
24, 102, 78, -63, -26, 90, -43, -112, 34, -151, -156, -214, 
43, 126, 82, -85, -19, 104, -43, -63, 34, -48, -102, -200, 
63, 170, 107, -117, -21, 139, -53, -14, 14, 78, -43, -175, 
78, 224, 146, -151, -34, 185, -73, 4, 0, 244, 43, -126, 
126, 341, 214, -234, -43, 278, -126, -4, -19, 468, 185, -39, 
170, 497, 326, -334, -78, 412, -204, -63, -58, 712, 346, 82, 
195, 653, 458, -424, -131, 556, -297, -185, -92, 912, 517, 219, 
204, 819, 614, -512, -204, 717, -395, -346, -151, 1049, 668, 361, 
234, 932, 697, -583, -231, 814, -483, -483, -234, 1132, 761, 439, 
268, 912, 644, -590, -187, 778, -522, -561, -370, 1107, 751, 434, 
322, 819, 497, -570, -87, 658, -531, -600, -556, 1024, 692, 385, 
356, 702, 346, -529, 4, 524, -512, -610, -756, 878, 590, 312, 
375, 468, 92, -422, 141, 280, -429, -585, -927, 610, 385, 151, 
385, 175, -209, -280, 297, -17, -312, -536, -1058, 253, 112, -48, 
390, -78, -468, -156, 429, -273, -209, -483, -1156, -117, -156, -239, 
390, -263, -653, -63, 522, -458, -141, -453, -1210, -473, -395, -390, 
366, -395, -761, 14, 563, -578, -97, -439, -1224, -771, -575, -512, 
322, -468, -790, 73, 556, -629, -78, -488, -1176, -1000, -692, -570, 
258, -497, -756, 119, 507, -627, -68, -531, -1127, -1239, -771, -595, 
214, -531, -746, 158, 480, -639, -53, -551, -1073, -1420, -863, -644, 
204, -512, -717, 153, 461, -614, -63, -536, -980, -1415, -868, -653, 
195, -429, -624, 117, 409, -527, -117, -531, -854, -1249, -800, -600, 
190, -312, -502, 61, 346, -407, -175, -522, -751, -1107, -697, -507, 
200, -209, -409, 4, 305, -309, -224, -507, -658, -985, -614, -439, 
195, -122, -317, -36, 256, -219, -244, -478, -556, -868, -531, -385, 
161, -68, -229, -46, 195, -148, -229, -448, -439, -775, -478, -346, 
112, -34, -146, -39, 129, -90, -209, -409, -341, -697, -434, -322, 
73, -14, -87, -29, 80, -51, -165, -356, -258, -619, -395, -297, 
39, 4, -34, -21, 36, -14, -117, -292, -200, -570, -366, -292, 
43, 19, -24, -31, 34, -2, -92, -258, -161, -541, -356, -287, 
43, 48, 4, -46, 19, 26, -82, -229, -126, -512, -326, -268, 
39, 63, 24, -51, 7, 43, -78, -214, -102, -478, -302, -263, 
39, 68, 29, -53, 4, 48, -82, -195, -73, -453, -292, -268, 
34, 73, 39, -53, -2, 56, -82, -185, -48, -444, -292, -268, 
24, 63, 39, -43, -7, 51, -73, -175, -29, -434, -287, -263, 
39, 63, 24, -51, 7, 43, -73, -165, -24, -434, -292, -263, 
39, 53, 14, -46, 12, 34, -63, -146, -19, -429, -292, -263, 
29, 63, 34, -46, -2, 48, -63, -141, -4, -414, -278, -253, 
29, 58, 29, -43, 0, 43, -63, -122, -4, -409, -278, -253, 
34, 53, 19, -43, 7, 36, -48, -107, 14, -395, -278, -253, 
34, 53, 19, -43, 7, 36, -43, -107, 14, -390, -273, -253, 
29, 68, 39, -48, -4, 53, -43, -112, 24, -390, -268, -248, 
19, 78, 58, -48, -19, 68, -43, -112, 34, -375, -268, -244, 
14, 78, 63, -46, -24, 70, -43, -117, 39, -370, -263, -244, 
14, 78, 63, -46, -24, 70, -48, -122, 48, -366, -253, -244, 
4, 82, 78, -43, -36, 80, -48, -126, 48, -356, -253, -248, 
4, 87, 82, -46, -39, 85, -48, -122, 53, -351, -248, -248, 
4, 92, 87, -48, -41, 90, -53, -107, 58, -346, -244, -244, 
14, 97, 82, -56, -34, 90, -53, -92, 58, -341, -239, -244, 
24, 87, 63, -56, -19, 75, -43, -97, 63, -346, -239, -244, 
24, 87, 63, -56, -19, 75, -39, -92, 63, -341, -239, -239, 
19, 87, 68, -53, -24, 78, -39, -87, 68, -336, -239, -229, 
14, 97, 82, -56, -34, 90, -39, -87, 73, -331, -229, -224, 
14, 112, 97, -63, -41, 104, -48, -87, 78, -322, -234, -209, 
14, 112, 97, -63, -41, 104, -48, -92, 78, -322, -229, -209, 
14, 117, 102, -65, -43, 109, -48, -92, 82, -312, -224, -204, 
24, 117, 92, -70, -34, 104, -48, -92, 82, -307, -224, -204, 
0, 122, 122, -61, -61, 122, -53, -92, 73, -297, -214, -214, 
14, 126, 112, -70, -48, 119, -53, -92, 87, -297, -214, -214, 
14, 131, 117, -73, -51, 124, -58, -92, 87, -292, -214, -209, 
14, 131, 117, -73, -51, 124, -58, -92, 92, -287, -209, -209, 
19, 131, 112, -75, -46, 122, -58, -92, 97, -292, -204, -214, 
19, 126, 107, -73, -43, 117, -58, -87, 102, -287, -200, -209, 
19, 126, 107, -73, -43, 117, -58, -87, 102, -283, -195, -204, 
19, 126, 107, -73, -43, 117, -53, -82, 107, -273, -190, -195, 
19, 141, 122, -80, -51, 131, -53, -73, 117, -258, -195, -195, 
19, 141, 122, -80, -51, 131, -53, -73, 122, -253, -190, -190, 
19, 146, 126, -82, -53, 136, -58, -73, 122, -253, -185, -190, 
19, 151, 131, -85, -56, 141, -63, -73, 122, -248, -185, -185, 
14, 170, 156, -92, -70, 163, -63, -78, 126, -248, -165, -175, 
14, 170, 156, -92, -70, 163, -58, -78, 136, -244, -165, -175, 
14, 175, 161, -95, -73, 168, -58, -73, 136, -234, -165, -175, 
14, 180, 165, -97, -75, 173, -63, -73, 141, -224, -165, -175, 
4, 185, 180, -95, -87, 183, -58, -73, 151, -219, -170, -175, 
4, 190, 185, -97, -90, 187, -63, -73, 156, -214, -165, -165, 
9, 200, 190, -104, -90, 195, -63, -68, 161, -209, -161, -161, 
9, 200, 190, -104, -90, 195, -68, -68, 165, -200, -156, -161, 
19, 195, 175, -107, -78, 185, -78, -63, 175, -175, -146, -146, 
9, 200, 190, -104, -90, 195, -78, -53, 180, -175, -136, -141, 
9, 209, 200, -109, -95, 204, -78, -48, 185, -161, -126, -136, 
14, 219, 204, -117, -95, 212, -73, -43, 190, -151, -112, -136, 
19, 234, 214, -126, -97, 224, -82, -43, 195, -146, -107, -131, 
19, 239, 219, -129, -100, 229, -87, -39, 200, -136, -107, -126, 
19, 253, 234, -136, -107, 244, -92, -34, 209, -122, -97, -126, 
19, 258, 239, -139, -109, 248, -92, -29, 209, -107, -97, -122, 
9, 258, 248, -134, -119, 253, -82, -19, 224, -97, -78, -117, 
9, 263, 253, -136, -122, 258, -87, -19, 234, -82, -78, -112, 
9, 268, 258, -139, -124, 263, -87, -14, 244, -68, -68, -107, 
9, 278, 268, -143, -129, 273, -87, -9, 258, -48, -58, -92, 
9, 297, 287, -153, -139, 292, -92, 0, 268, -29, -48, -92, 
9, 312, 302, -161, -146, 307, -92, 14, 278, -14, -39, -92, 
4, 322, 317, -163, -156, 319, -92, 14, 287, 4, -34, -92, 
4, 336, 331, -170, -163, 334, -92, 14, 307, 19, -19, -82, 
0, 336, 336, -168, -168, 336, -92, 29, 317, 43, -9, -73, 
4, 346, 341, -175, -168, 344, -92, 39, 326, 58, -4, -63, 
9, 361, 351, -185, -170, 356, -92, 58, 341, 78, 4, -53, 
9, 375, 366, -192, -178, 370, -92, 63, 356, 97, 24, -39, 
9, 395, 385, -202, -187, 390, -92, 73, 370, 117, 39, -48, 
14, 405, 390, -209, -187, 397, -92, 82, 380, 141, 48, -39, 
19, 424, 405, -222, -192, 414, -97, 87, 400, 161, 63, -29, 
24, 439, 414, -231, -195, 427, -102, 97, 414, 180, 82, -19, 
19, 453, 434, -236, -207, 444, -102, 102, 424, 200, 87, 0, 
14, 468, 453, -241, -219, 461, -107, 112, 434, 219, 92, 4, 
9, 478, 468, -244, -229, 473, -112, 122, 444, 234, 107, 9, 
4, 492, 488, -248, -241, 490, -117, 122, 458, 258, 122, 19, 
4, 502, 497, -253, -246, 500, -112, 122, 478, 278, 146, 29, 
0, 507, 507, -253, -253, 507, -112, 126, 488, 297, 161, 39, 
0, 507, 507, -253, -253, 507, -112, 141, 497, 312, 170, 48, 
0, 517, 517, -258, -258, 517, -117, 146, 507, 326, 180, 58, 
9, 541, 531, -275, -261, 536, -117, 156, 502, 326, 195, 68, 
9, 551, 541, -280, -265, 546, -117, 156, 512, 336, 195, 78, 
9, 556, 546, -283, -268, 551, -122, 156, 517, 351, 204, 82, 
9, 561, 551, -285, -270, 556, -122, 156, 522, 351, 209, 82, 
9, 566, 556, -287, -273, 561, -122, 161, 512, 346, 209, 82, 
9, 575, 566, -292, -278, 570, -122, 161, 517, 351, 209, 87, 
9, 575, 566, -292, -278, 570, -126, 165, 522, 361, 214, 92, 
0, 575, 575, -287, -287, 575, -126, 165, 522, 361, 219, 97, 
9, 575, 566, -292, -278, 570, -126, 156, 517, 361, 209, 102, 
9, 580, 570, -295, -280, 575, -131, 151, 517, 356, 209, 97, 
9, 580, 570, -295, -280, 575, -131, 151, 512, 351, 209, 97, 
9, 580, 570, -295, -280, 575, -136, 141, 507, 341, 209, 92, 
0, 570, 570, -285, -285, 570, -131, 131, 502, 326, 209, 97, 
0, 570, 570, -285, -285, 570, -131, 126, 492, 317, 209, 97, 
14, 566, 551, -290, -268, 558, -136, 122, 483, 317, 204, 92, 
19, 566, 546, -292, -263, 556, -136, 102, 468, 297, 195, 92, 
29, 551, 522, -290, -246, 536, -146, 78, 448, 268, 190, 82, 
24, 536, 512, -280, -244, 524, -146, 68, 434, 239, 175, 78, 
19, 527, 507, -273, -244, 517, -156, 53, 409, 219, 161, 63, 
19, 517, 497, -268, -239, 507, -156, 29, 385, 190, 141, 48, 
29, 497, 468, -263, -219, 483, -151, 19, 366, 165, 126, 53, 
29, 483, 453, -256, -212, 468, -151, 4, 346, 131, 107, 34, 
24, 458, 434, -241, -204, 446, -151, -4, 326, 107, 92, 24, 
24, 439, 414, -231, -195, 427, -151, -24, 312, 78, 73, 14, 
29, 409, 380, -219, -175, 395, -141, -34, 292, 58, 63, 9, 
29, 385, 356, -207, -163, 370, -136, -48, 273, 29, 43, -4, 
29, 370, 341, -200, -156, 356, -136, -53, 263, 0, 19, -19, 
24, 356, 331, -190, -153, 344, -131, -68, 248, -19, 4, -34, 
14, 346, 331, -180, -158, 339, -141, -87, 219, -43, -14, -43, 
9, 331, 322, -170, -156, 326, -136, -92, 204, -68, -29, -63, 
14, 317, 302, -165, -143, 309, -136, -107, 195, -92, -43, -78, 
9, 312, 302, -161, -146, 307, -136, -112, 180, -112, -48, -97, 
14, 302, 287, -158, -136, 295, -146, -126, 180, -126, -68, -97, 
14, 283, 268, -148, -126, 275, -131, -131, 165, -136, -78, -102, 
14, 273, 258, -143, -122, 265, -126, -131, 161, -156, -92, -112, 
19, 263, 244, -141, -112, 253, -126, -141, 151, -170, -107, -126, 
19, 258, 239, -139, -109, 248, -117, -136, 141, -185, -117, -131, 
19, 248, 229, -134, -104, 239, -117, -136, 131, -200, -122, -136, 
19, 248, 229, -134, -104, 239, -112, -141, 131, -204, -126, -141, 
14, 239, 224, -126, -104, 231, -112, -141, 122, -214, -126, -141, 
14, 214, 200, -114, -92, 207, -102, -146, 126, -214, -131, -136, 
14, 204, 190, -109, -87, 197, -97, -151, 122, -234, -146, -151, 
14, 204, 190, -109, -87, 197, -97, -151, 122, -244, -151, -151, 
14, 195, 180, -104, -82, 187, -97, -151, 122, -248, -156, -151, 
14, 195, 180, -104, -82, 187, -97, -141, 117, -248, -146, -151, 
14, 180, 165, -97, -75, 173, -97, -141, 112, -258, -151, -151, 
14, 175, 161, -95, -73, 168, -97, -146, 112, -253, -156, -156, 
4, 175, 170, -90, -82, 173, -97, -146, 107, -248, -161, -151, 
14, 180, 165, -97, -75, 173, -92, -141, 107, -258, -161, -161, 
19, 175, 156, -97, -68, 165, -92, -141, 107, -258, -161, -161, 
19, 175, 156, -97, -68, 165, -92, -141, 107, -258, -161, -161, 
14, 180, 165, -97, -75, 173, -92, -141, 97, -263, -170, -161, 
19, 185, 165, -102, -73, 175, -97, -151, 97, -258, -170, -161, 
14, 190, 175, -102, -80, 183, -97, -151, 97, -263, -170, -165, 
9, 190, 180, -100, -85, 185, -97, -156, 102, -263, -170, -170, 
4, 190, 185, -97, -90, 187, -97, -156, 107, -268, -170, -180, 
14, 195, 180, -104, -82, 187, -97, -146, 107, -263, -170, -175, 
14, 195, 180, -104, -82, 187, -97, -146, 102, -258, -170, -170, 
19, 200, 180, -109, -80, 190, -97, -146, 102, -253, -170, -165, 
24, 209, 185, -117, -80, 197, -102, -146, 102, -248, -165, -161, 
19, 200, 180, -109, -80, 190, -102, -146, 102, -253, -175, -170, 
19, 195, 175, -107, -78, 185, -102, -141, 97, -258, -175, -170, 
24, 195, 170, -109, -73, 183, -102, -141, 97, -263, -175, -170, 
34, 195, 161, -114, -63, 178, -102, -146, 97, -268, -175, -170, 
19, 195, 175, -107, -78, 185, -92, -151, 97, -268, -165, -161, 
14, 195, 180, -104, -82, 187, -92, -151, 97, -273, -170, -161, 
9, 195, 185, -102, -87, 190, -92, -146, 102, -273, -170, -161, 
4, 195, 190, -100, -92, 192, -92, -141, 102, -268, -170, -161, 
14, 200, 185, -107, -85, 192, -102, -141, 102, -258, -165, -161, 
14, 200, 185, -107, -85, 192, -102, -141, 102, -263, -165, -156, 
14, 190, 175, -102, -80, 183, -102, -151, 97, -263, -165, -156, 
9, 190, 180, -100, -85, 185, -102, -151, 97, -263, -170, -156, 
4, 190, 185, -97, -90, 187, -102, -151, 97, -273, -180, -156, 
19, 190, 170, -104, -75, 180, -102, -146, 97, -268, -170, -156, 
24, 195, 170, -109, -73, 183, -102, -146, 102, -268, -170, -151, 
24, 195, 170, -109, -73, 183, -102, -146, 102, -273, -175, -151, 
9, 209, 200, -109, -95, 204, -92, -146, 112, -263, -165, -161, 
19, 204, 185, -112, -82, 195, -97, -146, 112, -263, -165, -161, 
14, 200, 185, -107, -85, 192, -97, -146, 112, -263, -175, -161, 
14, 190, 175, -102, -80, 183, -97, -151, 112, -263, -175, -156, 
14, 195, 180, -104, -82, 187, -97, -151, 112, -268, -165, -156, 
14, 185, 170, -100, -78, 178, -97, -151, 112, -268, -165, -156, 
14, 185, 170, -100, -78, 178, -97, -151, 112, -278, -165, -156, 
4, 190, 185, -97, -90, 187, -97, -151, 112, -278, -165, -156, 
4, 195, 190, -100, -92, 192, -97, -151, 112, -273, -165, -165, 
4, 195, 190, -100, -92, 192, -97, -151, 112, -273, -170, -165, 
9, 195, 185, -102, -87, 190, -97, -151, 112, -278, -170, -165, 
9, 195, 185, -102, -87, 190, -97, -151, 107, -278, -175, -165, 
19, 190, 170, -104, -75, 180, -97, -151, 97, -287, -175, -165, 
19, 200, 180, -109, -80, 190, -97, -151, 97, -283, -175, -170, 
19, 200, 180, -109, -80, 190, -92, -151, 97, -283, -175, -170, 
14, 200, 185, -107, -85, 192, -92, -151, 97, -283, -170, -170, 
14, 190, 175, -102, -80, 183, -92, -151, 107, -283, -165, -161, 
4, 185, 180, -95, -87, 183, -87, -156, 107, -283, -165, -161, 
4, 185, 180, -95, -87, 183, -87, -156, 107, -283, -165, -161, 
4, 190, 185, -97, -90, 187, -87, -146, 107, -283, -170, -161, 
9, 190, 180, -100, -85, 185, -97, -146, 107, -292, -180, -156, 
9, 190, 180, -100, -85, 185, -97, -146, 102, -297, -180, -156, 
9, 185, 175, -97, -82, 180, -102, -146, 102, -297, -185, -161, 
14, 185, 170, -100, -78, 178, -102, -156, 102, -297, -185, -170, 
14, 185, 170, -100, -78, 178, -92, -146, 102, -292, -185, -170, 
-4, 175, 180, -85, -92, 178, -92, -156, 102, -297, -175, -165, 
4, 180, 175, -92, -85, 178, -92, -156, 102, -297, -175, -165, 
14, 180, 165, -97, -75, 173, -92, -156, 102, -307, -190, -165, 
19, 175, 156, -97, -68, 165, -97, -156, 107, -302, -185, -175, 
9, 185, 175, -97, -82, 180, -97, -165, 97, -302, -185, -185, 
9, 185, 175, -97, -82, 180, -97, -165, 97, -302, -185, -185, 
9, 185, 175, -97, -82, 180, -97, -165, 97, -302, -185, -185, 
9, 185, 175, -97, -82, 180, -97, -165, 97, -302, -185, -185, 
0, 175, 175, -87, -87, 175, -102, -170, 97, -312, -190, -185, 
4, 170, 165, -87, -80, 168, -102, -170, 97, -317, -190, -190, 
4, 170, 165, -87, -80, 168, -102, -170, 97, -317, -190, -190, 
4, 170, 165, -87, -80, 168, -97, -170, 97, -322, -195, -190, 
0, 170, 170, -85, -85, 170, -97, -161, 97, -326, -195, -190, 
0, 170, 170, -85, -85, 170, -102, -165, 97, -326, -195, -190, 
4, 170, 165, -87, -80, 168, -102, -165, 97, -326, -195, -195, 
4, 170, 165, -87, -80, 168, -102, -165, 92, -326, -195, -195, 
-4, 161, 165, -78, -85, 163, -97, -156, 97, -322, -185, -185, 
-4, 156, 161, -75, -82, 158, -97, -156, 97, -322, -185, -185, 
-9, 156, 165, -73, -87, 161, -92, -161, 97, -322, -185, -185, 
-14, 151, 165, -68, -90, 158, -92, -161, 97, -322, -185, -185, 
-9, 161, 170, -75, -90, 165, -92, -161, 87, -322, -195, -195, 
-9, 165, 175, -78, -92, 170, -97, -161, 92, -322, -195, -190, 
-4, 165, 170, -80, -87, 168, -102, -161, 97, -326, -195, -185, 
0, 165, 165, -82, -82, 165, -102, -161, 97, -326, -195, -185, 
4, 165, 161, -85, -78, 163, -92, -161, 97, -326, -204, -185, 
9, 170, 161, -90, -75, 165, -97, -165, 97, -326, -204, -190, 
9, 170, 161, -90, -75, 165, -97, -165, 97, -326, -204, -190, 
9, 170, 161, -90, -75, 165, -102, -165, 97, -326, -204, -190, 
4, 175, 170, -90, -82, 173, -92, -165, 102, -312, -200, -190, 
4, 180, 175, -92, -85, 178, -92, -161, 107, -312, -195, -190, 
0, 185, 185, -92, -92, 185, -97, -161, 122, -312, -190, -190, 
-9, 204, 214, -97, -112, 209, -107, -161, 141, -302, -175, -175, 
-9, 224, 234, -107, -122, 229, -112, -170, 170, -292, -156, -156, 
-9, 239, 248, -114, -129, 244, -112, -170, 185, -278, -136, -136, 
-9, 248, 258, -119, -134, 253, -117, -175, 195, -268, -131, -126, 
-24, 258, 283, -117, -153, 270, -122, -180, 204, -263, -126, -112, 
-34, 268, 302, -117, -168, 285, -131, -180, 204, -268, -126, -112, 
-34, 283, 317, -124, -175, 300, -131, -180, 214, -263, -122, -107, 
-34, 297, 331, -131, -183, 314, -141, -180, 224, -253, -117, -102, 
-29, 312, 341, -141, -185, 326, -146, -175, 224, -253, -117, -107, 
-24, 307, 331, -141, -178, 319, -146, -175, 224, -253, -117, -107, 
-24, 307, 331, -141, -178, 319, -146, -175, 234, -248, -117, -107, 
-24, 307, 331, -141, -178, 319, -146, -180, 239, -248, -112, -107, 
-24, 307, 331, -141, -178, 319, -151, -185, 239, -244, -112, -102, 
-14, 322, 336, -153, -175, 329, -151, -190, 239, -244, -122, -107, 
-14, 326, 341, -156, -178, 334, -151, -190, 244, -239, -117, -107, 
-14, 326, 341, -156, -178, 334, -161, -190, 248, -239, -107, -107, 
-14, 346, 361, -165, -187, 353, -170, -200, 253, -239, -107, -107, 
0, 346, 346, -173, -173, 346, -190, -209, 244, -234, -97, -92, 
0, 366, 366, -183, -183, 366, -204, -214, 244, -229, -82, -82, 
-4, 380, 385, -187, -195, 383, -209, -219, 244, -224, -73, -73, 
-9, 385, 395, -187, -202, 390, -209, -219, 239, -219, -58, -68, 
-14, 395, 409, -190, -212, 402, -204, -224, 239, -219, -63, -73, 
-14, 395, 409, -190, -212, 402, -204, -229, 234, -219, -63, -68, 
4, 395, 390, -200, -192, 392, -204, -229, 224, -219, -63, -68, 
9, 395, 385, -202, -187, 390, -204, -219, 214, -224, -63, -68, 
9, 385, 375, -197, -183, 380, -195, -204, 190, -219, -73, -73, 
14, 370, 356, -192, -170, 363, -190, -190, 170, -224, -78, -82, 
19, 351, 331, -185, -156, 341, -180, -185, 151, -224, -87, -87, 
19, 331, 312, -175, -146, 322, -170, -175, 146, -239, -97, -82, 
19, 307, 287, -163, -134, 297, -151, -161, 141, -234, -97, -102, 
24, 292, 268, -158, -122, 280, -141, -156, 141, -244, -107, -117, 
24, 273, 248, -148, -112, 261, -136, -156, 136, -248, -122, -131, 
14, 253, 239, -134, -112, 246, -126, -156, 126, -268, -141, -141, 
14, 234, 219, -124, -102, 226, -122, -161, 117, -302, -161, -146, 
4, 219, 214, -112, -104, 217, -112, -161, 112, -312, -165, -161, 
4, 204, 200, -104, -97, 202, -112, -161, 112, -322, -175, -165, 
4, 204, 200, -104, -97, 202, -112, -165, 107, -322, -175, -170, 
0, 180, 180, -90, -90, 180, -92, -156, 92, -331, -195, -180, 
0, 180, 180, -90, -90, 180, -87, -161, 87, -331, -195, -190, 
0, 170, 170, -85, -85, 170, -87, -161, 82, -336, -204, -195, 
0, 161, 161, -80, -80, 161, -87, -161, 82, -351, -209, -200, 
-9, 146, 156, -68, -82, 151, -82, -161, 78, -361, -214, -209, 
-19, 131, 151, -56, -85, 141, -78, -161, 78, -370, -224, -209, 
-19, 126, 146, -53, -82, 136, -78, -161, 73, -375, -229, -214, 
-9, 122, 131, -56, -70, 126, -78, -161, 68, -375, -234, -219, 
-4, 131, 136, -63, -70, 134, -87, -165, 63, -380, -239, -234, 
-4, 122, 126, -58, -65, 124, -78, -165, 63, -380, -239, -234, 
0, 122, 122, -61, -61, 122, -73, -161, 58, -380, -239, -234, 
4, 117, 112, -61, -53, 114, -73, -161, 53, -385, -244, -239, 
4, 112, 107, -58, -51, 109, -63, -161, 58, -395, -234, -258, 
0, 112, 112, -56, -56, 112, -63, -161, 58, -395, -234, -263, 
-4, 107, 112, -51, -58, 109, -58, -161, 58, -395, -239, -263, 
-14, 102, 117, -43, -65, 109, -58, -161, 58, -400, -239, -263, 
-4, 92, 97, -43, -51, 95, -58, -156, 53, -400, -253, -253, 
-4, 92, 97, -43, -51, 95, -58, -156, 53, -405, -253, -253, 
-9, 92, 102, -41, -56, 97, -58, -156, 53, -405, -258, -258, 
-9, 92, 102, -41, -56, 97, -58, -156, 53, -405, -258, -258, 
0, 102, 102, -51, -51, 102, -68, -170, 53, -405, -263, -244, 
0, 97, 97, -48, -48, 97, -58, -170, 53, -400, -263, -239, 
0, 97, 97, -48, -48, 97, -58, -161, 48, -395, -263, -239, 
0, 97, 97, -48, -48, 97, -58, -161, 48, -395, -263, -239, 
0, 97, 97, -48, -48, 97, -58, -156, 48, -395, -253, -248, 
4, 97, 92, -51, -43, 95, -63, -156, 48, -395, -253, -253, 
4, 97, 92, -51, -43, 95, -63, -156, 48, -390, -253, -253, 
4, 92, 87, -48, -41, 90, -63, -156, 48, -390, -253, -253, 
-9, 82, 92, -36, -51, 87, -58, -156, 53, -380, -253, -248, 
-14, 82, 97, -34, -56, 90, -53, -146, 53, -380, -258, -248, 
-19, 82, 102, -31, -61, 92, -48, -146, 53, -380, -258, -244, 
-29, 82, 112, -26, -70, 97, -48, -151, 53, -370, -253, -239, 
-29, 82, 112, -26, -70, 97, -48, -156, 63, -351, -234, -224, 
-29, 97, 126, -34, -78, 112, -48, -165, 68, -322, -229, -224, 
-14, 122, 136, -53, -75, 129, -63, -156, 68, -287, -209, -234, 
-4, 131, 136, -63, -70, 134, -73, -141, 63, -219, -195, -224, 
4, 146, 141, -75, -68, 143, -63, -92, 73, -126, -151, -219, 
14, 170, 156, -92, -70, 163, -53, -34, 82, -29, -102, -204, 
29, 185, 156, -107, -63, 170, -43, 14, 68, 87, -53, -175, 
58, 244, 185, -151, -63, 214, -58, 34, 58, 244, 29, -126, 
102, 361, 258, -231, -78, 309, -117, 4, 29, 458, 170, -34, 
146, 517, 370, -331, -112, 444, -200, -48, -4, 688, 341, 82, 
185, 692, 507, -439, -161, 600, -297, -161, -53, 883, 502, 204, 
214, 854, 639, -534, -212, 746, -405, -317, -117, 1024, 634, 331, 
248, 932, 683, -590, -217, 807, -483, -463, -195, 1068, 712, 414, 
273, 878, 605, -575, -165, 741, -502, -522, -322, 1034, 683, 405, 
317, 780, 463, -549, -73, 622, -502, -561, -492, 946, 619, 351, 
366, 653, 287, -509, 39, 470, -488, -585, -692, 775, 502, 268, 
366, 409, 43, -387, 161, 226, -409, -566, -863, 497, 297, 97, 
351, 117, -234, -234, 292, -58, -287, -531, -980, 146, 19, -102, 
351, -117, -468, -117, 409, -292, -190, -502, -1063, -209, -239, -283, 
326, -297, -624, -14, 475, -461, -117, -478, -1117, -556, -468, -434, 
292, -419, -712, 63, 502, -566, -68, -478, -1127, -834, -634, -541, 
268, -468, -736, 100, 502, -602, -68, -522, -1098, -1044, -722, -585, 
244, -492, -736, 124, 490, -614, -73, -570, -1054, -1283, -814, -614, 
204, -512, -717, 153, 461, -614, -73, -575, -990, -1444, -888, -644, 
185, -468, -653, 141, 419, -561, -87, -551, -893, -1385, -868, -629, 
180, -380, -561, 100, 370, -470, -136, -541, -761, -1215, -785, -566, 
180, -258, -439, 39, 309, -348, -185, -536, -658, -1083, -692, -497, 
165, -151, -317, -7, 241, -234, -224, -507, -556, -946, -590, -414, 
131, -58, -190, -36, 161, -124, -229, -478, -439, -824, -497, -346, 
102, 4, -97, -53, 100, -46, -229, -448, -331, -736, -444, -302, 
82, 43, -39, -63, 61, 2, -214, -405, -248, -658, -405, -287, 
78, 73, -4, -75, 41, 34, -175, -341, -200, -600, -375, -273, 
63, 78, 14, -70, 24, 46, -131, -278, -151, -561, -356, -268, 
53, 87, 34, -70, 9, 61, -102, -229, -117, -531, -336, -258, 
48, 102, 53, -75, -2, 78, -78, -195, -73, -478, -302, -234, 
39, 117, 78, -78, -19, 97, -73, -175, -34, -444, -283, -219, 
24, 122, 97, -73, -36, 109, -63, -175, 0, -424, -273, -219, 
4, 112, 107, -58, -51, 109, -63, -165, 19, -414, -268, -224, 
0, 112, 112, -56, -56, 112, -53, -156, 43, -395, -263, -224, 
9, 112, 102, -61, -46, 107, -63, -146, 48, -400, -273, -224, 
9, 112, 102, -61, -46, 107, -63, -136, 43, -405, -278, -234, 
9, 107, 97, -58, -43, 102, -63, -112, 43, -400, -278, -234, 
14, 102, 87, -58, -36, 95, -48, -92, 63, -385, -278, -234, 
14, 102, 87, -58, -36, 95, -43, -87, 63, -380, -273, -234, 
9, 117, 107, -63, -48, 112, -34, -82, 73, -380, -258, -219, 
0, 126, 126, -63, -63, 126, -34, -82, 82, -366, -258, -214, 
-4, 126, 131, -61, -68, 129, -34, -87, 87, -361, -253, -214, 
-4, 126, 131, -61, -68, 129, -39, -92, 97, -356, -244, -214, 
-4, 122, 126, -58, -65, 124, -39, -102, 107, -356, -253, -209, 
-4, 126, 131, -61, -68, 129, -39, -102, 112, -351, -248, -209, 
-4, 131, 136, -63, -70, 134, -43, -92, 117, -346, -244, -204, 
4, 136, 131, -70, -63, 134, -43, -82, 117, -341, -239, -204, 
4, 146, 141, -75, -68, 143, -53, -78, 122, -336, -229, -200, 
4, 146, 141, -75, -68, 143, -48, -73, 122, -331, -229, -200, 
0, 146, 146, -73, -73, 146, -48, -68, 126, -326, -229, -195, 
-4, 156, 161, -75, -82, 158, -48, -68, 131, -322, -219, -195, 
-14, 161, 175, -73, -95, 168, -48, -68, 136, -302, -214, -190, 
-14, 161, 175, -73, -95, 168, -48, -73, 136, -302, -209, -190, 
-14, 165, 180, -75, -97, 173, -48, -73, 141, -292, -204, -185, 
-4, 165, 170, -80, -87, 168, -48, -73, 141, -287, -204, -185, 
-9, 161, 170, -75, -90, 165, -43, -63, 141, -287, -195, -195, 
4, 165, 161, -85, -78, 163, -43, -63, 156, -287, -195, -195, 
4, 170, 165, -87, -80, 168, -48, -63, 156, -283, -195, -190, 
4, 170, 165, -87, -80, 168, -48, -63, 161, -278, -190, -190, 
-9, 175, 185, -82, -97, 180, -48, -53, 156, -283, -190, -175, 
-9, 175, 185, -82, -97, 180, -48, -48, 161, -278, -190, -170, 
-9, 180, 190, -85, -100, 185, -48, -48, 161, -273, -190, -165, 
-9, 185, 195, -87, -102, 190, -43, -43, 165, -263, -190, -156, 
0, 190, 190, -95, -95, 190, -53, -53, 165, -258, -185, -165, 
0, 190, 190, -95, -95, 190, -53, -53, 170, -253, -180, -161, 
0, 195, 195, -97, -97, 195, -58, -53, 170, -253, -175, -161, 
0, 200, 200, -100, -100, 200, -63, -53, 170, -248, -175, -156, 
4, 219, 214, -112, -104, 217, -73, -48, 185, -239, -165, -151, 
4, 219, 214, -112, -104, 217, -68, -48, 195, -234, -165, -146, 
4, 224, 219, -114, -107, 222, -68, -43, 195, -224, -165, -141, 
4, 229, 224, -117, -109, 226, -73, -43, 200, -214, -165, -136, 
-4, 224, 229, -109, -117, 226, -68, -43, 200, -219, -161, -146, 
-4, 229, 234, -112, -119, 231, -73, -43, 204, -214, -156, -136, 
0, 239, 239, -119, -119, 239, -73, -39, 209, -209, -151, -131, 
0, 239, 239, -119, -119, 239, -78, -39, 214, -200, -146, -131, 
0, 253, 253, -126, -126, 253, -68, -39, 214, -175, -141, -136, 
-9, 258, 268, -124, -139, 263, -68, -34, 219, -175, -136, -131, 
-9, 268, 278, -129, -143, 273, -68, -34, 224, -161, -131, -126, 
-4, 278, 283, -136, -143, 280, -63, -34, 229, -151, -122, -126, 
0, 283, 283, -141, -141, 283, -73, -14, 244, -146, -112, -117, 
0, 287, 287, -143, -143, 287, -78, -9, 248, -136, -107, -107, 
0, 302, 302, -151, -151, 302, -82, -4, 258, -122, -92, -102, 
0, 307, 307, -153, -153, 307, -82, 0, 258, -107, -87, -92, 
-9, 312, 322, -151, -165, 317, -73, 0, 273, -97, -78, -92, 
-9, 312, 322, -151, -165, 317, -78, 0, 283, -82, -78, -92, 
-9, 312, 322, -151, -165, 317, -78, 4, 292, -68, -68, -92, 
-9, 317, 326, -153, -168, 322, -78, 9, 307, -48, -58, -82, 
0, 341, 341, -170, -170, 341, -92, 19, 312, -39, -48, -82, 
0, 361, 361, -180, -180, 361, -92, 34, 317, -24, -39, -82, 
-4, 375, 380, -185, -192, 378, -92, 34, 322, -4, -34, -82, 
-4, 395, 400, -195, -202, 397, -92, 34, 336, 9, -19, -73, 
9, 395, 385, -202, -187, 390, -92, 39, 346, 29, -19, -53, 
14, 405, 390, -209, -187, 397, -92, 48, 356, 39, -14, -43, 
19, 419, 400, -219, -190, 409, -92, 68, 370, 53, -4, -34, 
19, 434, 414, -226, -197, 424, -92, 73, 385, 68, 14, -19, 
14, 434, 419, -224, -202, 427, -82, 92, 390, 87, 29, -29, 
14, 444, 429, -229, -207, 436, -82, 102, 400, 112, 39, -19, 
14, 463, 448, -239, -217, 456, -87, 107, 419, 131, 53, -9, 
14, 478, 463, -246, -224, 470, -92, 117, 434, 151, 73, 0, 
14, 502, 488, -258, -236, 495, -102, 131, 453, 170, 87, 9, 
14, 517, 502, -265, -244, 509, -107, 141, 463, 190, 92, 14, 
14, 527, 512, -270, -248, 519, -112, 151, 473, 204, 107, 19, 
14, 541, 527, -278, -256, 534, -117, 151, 488, 229, 122, 29, 
14, 546, 531, -280, -258, 539, -112, 161, 497, 239, 136, 43, 
9, 556, 546, -283, -268, 551, -112, 165, 507, 258, 151, 58, 
9, 561, 551, -285, -270, 556, -112, 180, 517, 273, 161, 73, 
9, 575, 566, -292, -278, 570, -117, 185, 527, 287, 170, 87, 
9, 590, 580, -300, -285, 585, -117, 195, 531, 307, 185, 92, 
9, 600, 590, -305, -290, 595, -117, 195, 541, 317, 185, 97, 
9, 605, 595, -307, -292, 600, -122, 195, 546, 331, 195, 97, 
9, 610, 600, -309, -295, 605, -122, 195, 551, 331, 200, 92, 
19, 614, 595, -317, -287, 605, -112, 200, 551, 326, 209, 102, 
19, 624, 605, -322, -292, 614, -112, 200, 556, 331, 209, 107, 
19, 624, 605, -322, -292, 614, -117, 204, 561, 341, 214, 112, 
9, 624, 614, -317, -302, 619, -117, 204, 561, 341, 219, 117, 
9, 634, 624, -322, -307, 629, -117, 195, 566, 341, 209, 122, 
9, 639, 629, -324, -309, 634, -122, 190, 566, 336, 209, 117, 
9, 639, 629, -324, -309, 634, -122, 190, 561, 331, 209, 117, 
9, 639, 629, -324, -309, 634, -126, 180, 556, 322, 209, 112, 
9, 639, 629, -324, -309, 634, -141, 170, 541, 317, 204, 112, 
9, 639, 629, -324, -309, 634, -141, 165, 531, 307, 209, 117, 
24, 634, 610, -329, -292, 622, -146, 161, 522, 307, 209, 117, 
29, 634, 605, -331, -287, 619, -146, 141, 507, 287, 204, 122, 
29, 629, 600, -329, -285, 614, -146, 126, 492, 278, 204, 117, 
24, 614, 590, -319, -283, 602, -146, 117, 483, 248, 195, 117, 
19, 605, 585, -312, -283, 595, -156, 102, 463, 229, 185, 107, 
19, 595, 575, -307, -278, 585, -156, 78, 444, 200, 170, 97, 
19, 575, 556, -297, -268, 566, -151, 58, 424, 185, 146, 92, 
19, 561, 541, -290, -261, 551, -151, 43, 405, 151, 126, 73, 
14, 536, 522, -275, -253, 529, -151, 34, 385, 126, 112, 63, 
14, 517, 502, -265, -244, 509, -151, 14, 370, 97, 92, 53, 
29, 497, 468, -263, -219, 483, -151, -4, 351, 68, 82, 48, 
29, 473, 444, -251, -207, 458, -146, -19, 331, 39, 63, 34, 
29, 458, 429, -244, -200, 444, -146, -24, 322, 9, 39, 19, 
24, 444, 419, -234, -197, 431, -141, -39, 307, -9, 24, 4, 
19, 419, 400, -219, -190, 409, -151, -53, 287, -43, 4, -9, 
19, 400, 380, -209, -180, 390, -146, -63, 273, -68, -9, -24, 
29, 380, 351, -204, -161, 366, -146, -82, 263, -92, -24, -34, 
29, 370, 341, -200, -156, 356, -146, -92, 248, -112, -29, -48, 
19, 361, 341, -190, -161, 351, -156, -97, 239, -117, -48, -48, 
14, 341, 326, -178, -156, 334, -141, -102, 224, -126, -58, -53, 
9, 331, 322, -170, -156, 326, -136, -102, 219, -146, -73, -63, 
9, 322, 312, -165, -151, 317, -136, -112, 209, -161, -87, -78, 
0, 312, 312, -156, -156, 312, -136, -117, 209, -165, -92, -92, 
0, 297, 297, -148, -148, 297, -136, -117, 200, -180, -102, -97, 
0, 292, 292, -146, -146, 292, -131, -122, 200, -185, -112, -102, 
-4, 278, 283, -136, -143, 280, -131, -122, 190, -195, -117, -102, 
4, 263, 258, -134, -126, 261, -131, -136, 175, -214, -122, -117, 
4, 253, 248, -129, -122, 251, -126, -141, 170, -234, -136, -131, 
4, 253, 248, -129, -122, 251, -126, -141, 170, -244, -141, -131, 
4, 244, 239, -124, -117, 241, -126, -141, 170, -248, -146, -131, 
4, 244, 239, -124, -117, 241, -117, -141, 175, -244, -136, -131, 
4, 229, 224, -117, -109, 226, -117, -141, 170, -258, -141, -131, 
4, 224, 219, -114, -107, 222, -117, -146, 170, -258, -146, -136, 
-4, 224, 229, -109, -117, 226, -117, -146, 165, -258, -151, -131, 
0, 229, 229, -114, -114, 229, -112, -141, 156, -268, -151, -131, 
9, 224, 214, -117, -102, 219, -112, -141, 156, -268, -151, -131, 
14, 224, 209, -119, -97, 217, -112, -141, 156, -268, -151, -131, 
14, 229, 214, -122, -100, 222, -112, -141, 146, -273, -161, -131, 
19, 234, 214, -126, -97, 224, -117, -151, 146, -278, -161, -131, 
14, 239, 224, -126, -104, 231, -117, -151, 146, -283, -161, -136, 
9, 239, 229, -124, -109, 234, -117, -156, 151, -283, -161, -141, 
4, 239, 234, -122, -114, 236, -117, -156, 156, -287, -161, -151, 
14, 244, 229, -129, -107, 236, -117, -146, 156, -278, -161, -151, 
14, 244, 229, -129, -107, 236, -117, -146, 151, -278, -161, -151, 
19, 248, 229, -134, -104, 239, -117, -146, 151, -278, -161, -151, 
24, 258, 234, -141, -104, 246, -122, -146, 151, -278, -156, -151, 
24, 248, 224, -136, -100, 236, -122, -156, 151, -278, -156, -151, 
19, 244, 224, -131, -102, 234, -122, -151, 146, -278, -156, -151, 
19, 244, 224, -131, -102, 234, -122, -151, 146, -278, -156, -151, 
24, 244, 219, -134, -97, 231, -122, -156, 146, -278, -156, -151, 
14, 234, 219, -124, -102, 226, -112, -151, 156, -268, -146, -141, 
14, 234, 219, -124, -102, 226, -112, -151, 156, -273, -151, -141, 
14, 234, 219, -124, -102, 226, -112, -146, 161, -273, -151, -141, 
14, 234, 219, -124, -102, 226, -112, -141, 161, -268, -151, -141, 
14, 239, 224, -126, -104, 231, -112, -151, 151, -278, -156, -141, 
14, 239, 224, -126, -104, 231, -112, -151, 151, -283, -156, -136, 
14, 229, 214, -122, -100, 222, -112, -161, 146, -283, -156, -136, 
9, 229, 219, -119, -104, 224, -112, -161, 146, -283, -161, -136, 
0, 234, 234, -117, -117, 234, -122, -151, 156, -283, -170, -156, 
9, 239, 229, -124, -109, 234, -122, -146, 156, -278, -161, -156, 
9, 248, 239, -129, -114, 244, -122, -146, 161, -278, -161, -151, 
4, 253, 248, -129, -122, 251, -122, -146, 161, -283, -165, -151, 
4, 268, 263, -136, -129, 265, -122, -156, 156, -292, -165, -151, 
19, 263, 244, -141, -112, 253, -126, -156, 151, -292, -165, -151, 
19, 258, 239, -139, -109, 248, -126, -156, 146, -292, -175, -151, 
24, 248, 224, -136, -100, 236, -126, -161, 141, -292, -175, -146, 
19, 258, 239, -139, -109, 248, -117, -151, 141, -287, -165, -156, 
14, 244, 229, -129, -107, 236, -117, -151, 141, -287, -165, -156, 
9, 239, 229, -124, -109, 234, -117, -151, 141, -297, -165, -156, 
-4, 239, 244, -117, -124, 241, -117, -151, 141, -297, -165, -156, 
-14, 234, 248, -109, -131, 241, -117, -151, 151, -292, -165, -156, 
-14, 234, 248, -109, -131, 241, -117, -151, 151, -292, -170, -156, 
-9, 234, 244, -112, -126, 239, -117, -151, 151, -297, -170, -156, 
-9, 234, 244, -112, -126, 239, -117, -151, 146, -297, -175, -156, 
0, 234, 234, -117, -117, 234, -117, -161, 146, -297, -165, -156, 
0, 239, 239, -119, -119, 239, -117, -161, 146, -292, -165, -161, 
0, 234, 234, -117, -117, 234, -112, -161, 146, -292, -165, -161, 
-4, 229, 234, -112, -119, 231, -112, -161, 146, -292, -161, -161, 
0, 229, 229, -114, -114, 229, -112, -151, 146, -302, -161, -161, 
-4, 224, 229, -109, -117, 226, -107, -156, 146, -302, -165, -161, 
0, 224, 224, -112, -112, 224, -107, -156, 146, -302, -170, -161, 
4, 229, 224, -117, -109, 226, -107, -146, 146, -302, -180, -161, 
0, 229, 229, -114, -114, 229, -117, -151, 146, -312, -180, -156, 
0, 229, 229, -114, -114, 229, -117, -156, 141, -317, -180, -156, 
0, 224, 224, -112, -112, 224, -122, -161, 141, -317, -185, -161, 
4, 224, 219, -114, -107, 222, -122, -175, 141, -317, -185, -170, 
-4, 224, 229, -109, -117, 226, -117, -165, 141, -312, -195, -180, 
-4, 224, 229, -109, -117, 226, -112, -165, 141, -317, -195, -175, 
-4, 229, 234, -112, -119, 231, -107, -175, 141, -317, -195, -175, 
-4, 229, 234, -112, -119, 231, -102, -175, 141, -317, -190, -175, 
0, 229, 229, -114, -114, 229, -102, -165, 141, -322, -190, -165, 
0, 224, 224, -112, -112, 224, -107, -165, 146, -322, -195, -175, 
0, 224, 224, -112, -112, 224, -117, -175, 146, -331, -195, -175, 
0, 224, 224, -112, -112, 224, -117, -175, 146, -331, -195, -175, 
0, 224, 224, -112, -112, 224, -117, -175, 146, -331, -195, -175, 
0, 224, 224, -112, -112, 224, -117, -175, 146, -331, -195, -175, 
9, 234, 224, -122, -107, 229, -122, -190, 136, -331, -209, -185, 
14, 229, 214, -122, -100, 222, -122, -190, 136, -336, -209, -190, 
14, 229, 214, -122, -100, 222, -122, -190, 136, -336, -209, -190, 
14, 229, 214, -122, -100, 222, -117, -190, 136, -341, -214, -190, 
9, 229, 219, -119, -104, 224, -117, -185, 136, -346, -204, -180, 
9, 229, 219, -119, -104, 224, -122, -185, 136, -346, -204, -180, 
14, 229, 214, -122, -100, 222, -122, -180, 136, -346, -204, -185, 
14, 229, 214, -122, -100, 222, -122, -175, 131, -346, -204, -185, 
4, 219, 214, -112, -104, 217, -117, -175, 126, -341, -204, -185, 
4, 214, 209, -109, -102, 212, -117, -175, 126, -341, -204, -185, 
0, 214, 214, -107, -107, 214, -112, -180, 126, -341, -204, -185, 
-4, 209, 214, -102, -109, 212, -112, -180, 126, -341, -204, -185, 
0, 209, 209, -104, -104, 209, -117, -180, 136, -341, -204, -195, 
0, 214, 214, -107, -107, 214, -117, -180, 141, -341, -204, -190, 
4, 214, 209, -109, -102, 212, -117, -180, 146, -346, -204, -185, 
9, 214, 204, -112, -97, 209, -112, -180, 146, -346, -204, -185, 
4, 214, 209, -109, -102, 212, -112, -170, 146, -336, -204, -185, 
9, 219, 209, -114, -100, 214, -117, -175, 146, -336, -204, -190, 
9, 219, 209, -114, -100, 214, -117, -175, 146, -336, -204, -190, 
9, 219, 209, -114, -100, 214, -122, -175, 146, -336, -204, -190, 
0, 234, 234, -117, -117, 234, -122, -175, 156, -322, -195, -180, 
4, 239, 234, -122, -114, 236, -122, -170, 156, -322, -195, -180, 
4, 244, 239, -124, -117, 241, -126, -170, 165, -322, -195, -180, 
0, 263, 263, -131, -131, 263, -136, -170, 180, -312, -185, -165, 
0, 273, 273, -136, -136, 273, -131, -170, 209, -302, -175, -151, 
0, 287, 287, -143, -143, 287, -131, -170, 224, -287, -156, -136, 
0, 297, 297, -148, -148, 297, -136, -175, 234, -278, -151, -131, 
-14, 307, 322, -146, -168, 314, -141, -180, 244, -273, -146, -122, 
-14, 312, 326, -148, -170, 319, -141, -180, 248, -273, -146, -126, 
-14, 322, 336, -153, -175, 329, -141, -180, 253, -273, -141, -117, 
-14, 331, 346, -158, -180, 339, -151, -180, 258, -268, -136, -107, 
-9, 341, 351, -165, -180, 346, -156, -175, 253, -273, -136, -107, 
4, 346, 341, -175, -168, 344, -156, -165, 253, -273, -136, -107, 
4, 346, 341, -175, -168, 344, -156, -165, 263, -268, -136, -107, 
4, 346, 341, -175, -168, 344, -156, -170, 268, -268, -131, -107, 
4, 346, 341, -175, -168, 344, -161, -175, 268, -263, -131, -102, 
4, 341, 336, -173, -165, 339, -161, -180, 268, -253, -131, -112, 
4, 346, 341, -175, -168, 344, -161, -180, 273, -248, -126, -107, 
4, 346, 341, -175, -168, 344, -170, -180, 278, -248, -117, -102, 
4, 366, 361, -185, -178, 363, -180, -190, 283, -248, -117, -97, 
9, 385, 375, -197, -183, 380, -200, -209, 283, -234, -102, -82, 
9, 405, 395, -207, -192, 400, -214, -214, 283, -229, -92, -73, 
4, 419, 414, -212, -204, 417, -219, -219, 283, -224, -87, -63, 
0, 424, 424, -212, -212, 424, -219, -219, 278, -219, -78, -58, 
4, 424, 419, -214, -207, 422, -224, -214, 287, -229, -78, -53, 
4, 424, 419, -214, -207, 422, -224, -219, 283, -229, -82, -48, 
24, 424, 400, -224, -187, 412, -224, -219, 273, -229, -87, -48, 
29, 424, 395, -226, -183, 409, -224, -209, 263, -234, -92, -48, 
39, 414, 375, -226, -168, 395, -214, -185, 229, -239, -102, -63, 
43, 400, 356, -222, -156, 378, -209, -170, 209, -244, -107, -82, 
48, 380, 331, -214, -141, 356, -200, -165, 190, -244, -117, -97, 
48, 361, 312, -204, -131, 336, -190, -156, 185, -258, -126, -102, 
39, 326, 287, -183, -124, 307, -180, -161, 180, -253, -136, -122, 
43, 312, 268, -178, -112, 290, -170, -156, 180, -263, -146, -136, 
43, 292, 248, -168, -102, 270, -165, -156, 175, -268, -161, -151, 
34, 273, 239, -153, -102, 256, -156, -156, 165, -287, -180, -161, 
34, 253, 219, -143, -92, 236, -141, -156, 146, -322, -200, -165, 
24, 239, 214, -131, -95, 226, -131, -161, 141, -331, -204, -180, 
24, 224, 200, -124, -87, 212, -131, -165, 141, -341, -214, -185, 
24, 224, 200, -124, -87, 212, -131, -175, 136, -341, -214, -190, 
0, 209, 209, -104, -104, 209, -112, -170, 131, -351, -214, -180, 
0, 209, 209, -104, -104, 209, -107, -170, 126, -351, -214, -190, 
0, 200, 200, -100, -100, 200, -107, -165, 122, -356, -224, -195, 
0, 190, 190, -95, -95, 190, -107, -161, 122, -370, -229, -200, 
9, 195, 185, -102, -87, 190, -112, -170, 126, -370, -234, -209, 
0, 180, 180, -90, -90, 180, -107, -170, 126, -380, -244, -209, 
0, 175, 175, -87, -87, 175, -107, -170, 122, -385, -248, -214, 
9, 170, 161, -90, -75, 165, -107, -170, 117, -385, -253, -219, 
19, 170, 151, -95, -65, 161, -117, -165, 122, -390, -258, -234, 
14, 161, 146, -87, -65, 153, -107, -165, 122, -390, -258, -234, 
14, 161, 146, -87, -65, 153, -102, -161, 117, -390, -258, -234, 
14, 156, 141, -85, -63, 148, -102, -161, 112, -395, -263, -239, 
9, 141, 131, -75, -61, 136, -92, -151, 107, -385, -253, -244, 
9, 141, 131, -75, -61, 136, -92, -151, 107, -385, -253, -244, 
9, 136, 126, -73, -58, 131, -87, -151, 107, -385, -258, -239, 
4, 131, 126, -68, -61, 129, -87, -151, 107, -390, -258, -234, 
4, 122, 117, -63, -56, 119, -87, -146, 102, -380, -253, -224, 
4, 122, 117, -63, -56, 119, -87, -146, 102, -385, -253, -224, 
0, 122, 122, -61, -61, 122, -87, -146, 102, -385, -258, -229, 
0, 122, 122, -61, -61, 122, -87, -146, 102, -385, -258, -229, 
9, 131, 122, -70, -56, 126, -87, -151, 102, -395, -253, -229, 
9, 126, 117, -68, -53, 122, -78, -151, 102, -390, -253, -229, 
9, 126, 117, -68, -53, 122, -78, -141, 97, -385, -253, -234, 
9, 126, 117, -68, -53, 122, -78, -141, 97, -385, -253, -239, 
0, 136, 136, -68, -68, 136, -78, -156, 97, -385, -253, -239, 
4, 136, 131, -70, -63, 134, -82, -156, 97, -385, -253, -244, 
4, 136, 131, -70, -63, 134, -82, -156, 97, -380, -253, -244, 
4, 131, 126, -68, -61, 129, -82, -156, 97, -380, -253, -244, 
4, 131, 126, -68, -61, 129, -73, -146, 102, -390, -263, -244, 
4, 131, 126, -68, -61, 129, -73, -136, 102, -390, -268, -248, 
4, 131, 126, -68, -61, 129, -73, -136, 102, -390, -268, -248, 
0, 131, 131, -65, -65, 131, -78, -141, 102, -380, -263, -248, 
9, 141, 131, -75, -61, 136, -87, -146, 102, -341, -244, -234, 
9, 156, 146, -82, -68, 151, -87, -146, 107, -292, -219, -224, 
-4, 170, 175, -82, -90, 173, -82, -126, 107, -239, -200, -224, 
14, 180, 165, -97, -75, 173, -92, -92, 112, -161, -165, -214, 
43, 204, 161, -124, -58, 183, -92, -43, 112, -58, -122, -200, 
73, 219, 146, -146, -36, 183, -82, 4, 112, 48, -73, -185, 
78, 244, 165, -161, -43, 204, -73, 63, 107, 204, -4, -165, 
97, 322, 224, -209, -63, 273, -107, 73, 97, 400, 107, -87, 
141, 468, 326, -305, -92, 397, -165, 24, 87, 624, 268, 14, 
185, 634, 448, -409, -131, 541, -258, -48, 53, 844, 429, 151, 
214, 800, 585, -507, -185, 692, -356, -170, 4, 1019, 590, 292, 
244, 883, 639, -563, -197, 761, -434, -297, -58, 1102, 683, 370, 
258, 863, 605, -561, -173, 734, -463, -395, -126, 1068, 653, 356, 
273, 771, 497, -522, -112, 634, -473, -463, -224, 946, 575, 297, 
307, 653, 346, -480, -19, 500, -473, -512, -385, 790, 473, 224, 
346, 448, 102, -397, 122, 275, -419, -527, -575, 522, 268, 82, 
375, 165, -209, -270, 292, -21, -312, -497, -736, 175, -14, -126, 
351, -87, -439, -131, 395, -263, -219, -492, -844, -185, -283, -326, 
322, -273, -595, -24, 458, -434, -141, -492, -897, -512, -502, -478, 
297, -405, -702, 53, 500, -553, -87, -478, -941, -810, -673, -590, 
273, -478, -751, 102, 512, -614, -58, -488, -951, -1029, -790, -658, 
229, -488, -717, 129, 473, -602, -68, -551, -912, -1239, -858, -673, 
185, -483, -668, 148, 427, -575, -92, -610, -849, -1420, -902, -673, 
146, -473, -619, 163, 383, -546, -92, -595, -795, -1444, -917, -663, 
136, -419, -556, 141, 346, -488, -117, -551, -727, -1307, -868, -629, 
141, -322, -463, 90, 302, -392, -175, -541, -634, -1166, -785, -566, 
141, -190, -331, 24, 236, -261, -234, -546, -531, -1044, -683, -488, 
136, -63, -200, -36, 168, -131, -273, -507, -439, -907, -580, -414, 
92, 9, -82, -51, 87, -36, -268, -468, -322, -805, -507, -366, 
63, 53, -9, -58, 36, 21, -239, -439, -214, -717, -453, -322, 
63, 92, 29, -78, 17, 61, -224, -395, -151, -639, -405, -287, 
68, 102, 34, -85, 17, 68, -185, -322, -112, -590, -375, -273, 
53, 107, 53, -80, 0, 80, -131, -248, -82, -551, -356, -258, 
34, 107, 73, -70, -19, 90, -102, -200, -39, -522, -336, -258, 
39, 122, 82, -80, -21, 102, -87, -185, -4, -478, -322, -244, 
39, 136, 97, -87, -29, 117, -92, -175, 24, -453, -302, -239, 
24, 131, 107, -78, -41, 119, -82, -165, 39, -434, -292, -248, 
14, 122, 107, -68, -46, 114, -73, -156, 58, -414, -287, -253, 
19, 131, 112, -75, -46, 122, -82, -146, 73, -414, -292, -263, 
19, 122, 102, -70, -41, 112, -82, -146, 78, -419, -292, -263, 
9, 131, 122, -70, -56, 126, -73, -136, 73, -424, -287, -263, 
9, 126, 117, -68, -53, 122, -73, -112, 73, -419, -287, -263, 
14, 122, 107, -68, -46, 114, -58, -92, 92, -405, -287, -263, 
14, 122, 107, -68, -46, 114, -53, -87, 92, -400, -283, -263, 
9, 146, 136, -78, -63, 141, -63, -82, 102, -390, -268, -248, 
0, 156, 156, -78, -78, 156, -63, -82, 112, -375, -268, -244, 
-4, 156, 161, -75, -82, 158, -63, -87, 117, -370, -263, -244, 
-4, 156, 161, -75, -82, 158, -68, -92, 126, -366, -253, -244, 
4, 151, 146, -78, -70, 148, -78, -102, 136, -356, -263, -244, 
4, 156, 151, -80, -73, 153, -78, -102, 141, -351, -258, -248, 
4, 161, 156, -82, -75, 158, -82, -92, 146, -346, -253, -248, 
14, 165, 151, -90, -68, 158, -82, -82, 146, -341, -248, -253, 
14, 165, 151, -90, -68, 158, -73, -78, 151, -341, -258, -258, 
14, 165, 151, -90, -68, 158, -68, -73, 151, -341, -258, -258, 
9, 165, 156, -87, -73, 161, -68, -68, 156, -341, -258, -253, 
4, 175, 170, -90, -82, 173, -68, -68, 161, -341, -248, -253, 
4, 170, 165, -87, -80, 168, -68, -58, 156, -322, -234, -239, 
4, 170, 165, -87, -80, 168, -68, -63, 156, -322, -229, -239, 
4, 175, 170, -90, -82, 173, -68, -63, 161, -312, -224, -234, 
14, 175, 161, -95, -73, 168, -68, -63, 161, -307, -224, -234, 
9, 180, 170, -95, -80, 175, -73, -53, 161, -307, -224, -234, 
24, 185, 161, -104, -68, 173, -73, -53, 175, -307, -224, -234, 
24, 190, 165, -107, -70, 178, -78, -53, 175, -302, -224, -229, 
24, 190, 165, -107, -70, 178, -78, -53, 180, -297, -219, -229, 
19, 204, 185, -112, -82, 195, -78, -53, 195, -283, -224, -234, 
19, 204, 185, -112, -82, 195, -78, -48, 200, -278, -219, -229, 
19, 209, 190, -114, -85, 200, -78, -48, 200, -273, -214, -224, 
19, 214, 195, -117, -87, 204, -73, -43, 204, -263, -209, -214, 
9, 209, 200, -109, -95, 204, -73, -43, 195, -258, -204, -224, 
9, 209, 200, -109, -95, 204, -73, -43, 200, -253, -200, -219, 
9, 214, 204, -112, -97, 209, -78, -43, 200, -253, -195, -219, 
9, 219, 209, -114, -100, 214, -82, -43, 200, -248, -195, -214, 
14, 229, 214, -122, -100, 222, -73, -39, 204, -248, -175, -204, 
14, 229, 214, -122, -100, 222, -68, -39, 214, -244, -175, -204, 
14, 234, 219, -124, -102, 226, -68, -34, 214, -234, -175, -204, 
14, 239, 224, -126, -104, 231, -73, -34, 219, -224, -175, -204, 
14, 244, 229, -129, -107, 236, -68, -34, 229, -209, -170, -195, 
14, 248, 234, -131, -109, 241, -73, -34, 234, -204, -165, -185, 
19, 258, 239, -139, -109, 248, -73, -29, 239, -200, -161, -180, 
19, 258, 239, -139, -109, 248, -78, -29, 244, -190, -156, -180, 
29, 263, 234, -146, -102, 248, -87, -19, 244, -185, -151, -185, 
19, 268, 248, -143, -114, 258, -87, -14, 248, -185, -146, -180, 
19, 278, 258, -148, -119, 268, -87, -14, 253, -170, -141, -175, 
24, 287, 263, -156, -119, 275, -82, -14, 258, -161, -131, -175, 
29, 302, 273, -165, -122, 287, -82, -4, 263, -146, -122, -170, 
29, 307, 278, -168, -124, 292, -87, 0, 268, -136, -117, -165, 
29, 322, 292, -175, -131, 307, -92, 4, 278, -122, -102, -165, 
29, 326, 297, -178, -134, 312, -92, 9, 278, -107, -97, -161, 
29, 336, 307, -183, -139, 322, -82, 19, 283, -107, -87, -146, 
29, 341, 312, -185, -141, 326, -87, 19, 292, -92, -87, -141, 
29, 346, 317, -187, -143, 331, -87, 24, 302, -78, -78, -136, 
29, 356, 326, -192, -148, 341, -87, 29, 317, -58, -68, -122, 
39, 366, 326, -202, -143, 346, -102, 43, 322, -48, -68, -122, 
39, 380, 341, -209, -151, 361, -102, 63, 326, -34, -58, -122, 
34, 390, 356, -212, -161, 373, -102, 68, 331, -14, -53, -122, 
34, 405, 370, -219, -168, 387, -102, 73, 346, 0, -39, -112, 
29, 405, 375, -217, -173, 390, -102, 87, 346, 24, -19, -112, 
34, 414, 380, -224, -173, 397, -102, 97, 356, 39, -14, -102, 
39, 429, 390, -234, -175, 409, -102, 117, 370, 58, -4, -92, 
39, 444, 405, -241, -183, 424, -102, 122, 385, 78, 14, -78, 
43, 448, 405, -246, -180, 427, -102, 141, 409, 97, 29, -78, 
43, 453, 409, -248, -183, 431, -102, 151, 419, 122, 39, -68, 
43, 468, 424, -256, -190, 446, -107, 156, 439, 141, 53, -58, 
43, 478, 434, -261, -195, 456, -112, 165, 453, 161, 73, -48, 
43, 492, 448, -268, -202, 470, -102, 180, 458, 180, 87, -29, 
43, 507, 463, -275, -209, 485, -107, 190, 463, 200, 92, -24, 
43, 517, 473, -280, -214, 495, -112, 200, 468, 214, 107, -19, 
43, 531, 488, -287, -222, 509, -117, 200, 478, 239, 122, -9, 
53, 551, 497, -302, -222, 524, -122, 200, 478, 253, 131, -9, 
48, 566, 517, -307, -234, 541, -122, 204, 488, 268, 141, 0, 
48, 575, 527, -312, -239, 551, -122, 219, 497, 278, 146, 9, 
48, 595, 546, -322, -248, 570, -126, 224, 507, 287, 151, 19, 
58, 610, 551, -334, -246, 580, -126, 224, 522, 297, 165, 19, 
58, 619, 561, -339, -251, 590, -126, 224, 531, 307, 165, 29, 
58, 624, 566, -341, -253, 595, -131, 224, 536, 322, 175, 34, 
58, 629, 570, -344, -256, 600, -131, 224, 541, 322, 180, 34, 
48, 624, 575, -336, -263, 600, -131, 229, 541, 336, 190, 34, 
48, 634, 585, -341, -268, 610, -131, 229, 546, 341, 190, 39, 
48, 634, 585, -341, -268, 610, -136, 234, 551, 351, 195, 43, 
39, 634, 595, -336, -278, 614, -136, 234, 551, 351, 200, 48, 
43, 634, 590, -339, -273, 612, -146, 224, 556, 351, 209, 58, 
48, 639, 590, -344, -270, 614, -151, 219, 556, 346, 209, 58, 
53, 639, 585, -346, -265, 612, -151, 219, 551, 341, 209, 63, 
58, 639, 580, -348, -261, 610, -156, 209, 546, 331, 209, 63, 
53, 639, 585, -346, -265, 612, -161, 204, 551, 317, 209, 58, 
48, 639, 590, -344, -270, 614, -161, 195, 541, 307, 209, 58, 
58, 634, 575, -346, -258, 605, -165, 185, 531, 307, 204, 53, 
58, 634, 575, -346, -258, 605, -165, 161, 517, 287, 195, 53, 
58, 639, 580, -348, -261, 610, -175, 136, 502, 278, 190, 48, 
53, 624, 570, -339, -258, 597, -175, 126, 492, 248, 175, 48, 
48, 614, 566, -331, -258, 590, -185, 112, 473, 229, 161, 39, 
48, 605, 556, -326, -253, 580, -185, 87, 453, 200, 141, 29, 
58, 585, 527, -322, -234, 556, -180, 68, 444, 185, 136, 34, 
58, 570, 512, -314, -226, 541, -180, 53, 424, 151, 117, 14, 
53, 546, 492, -300, -219, 519, -180, 43, 405, 126, 102, 4, 
53, 527, 473, -290, -209, 500, -180, 24, 390, 97, 82, -4, 
48, 497, 448, -273, -200, 473, -170, 14, 380, 78, 73, -29, 
48, 473, 424, -261, -187, 448, -165, 0, 361, 48, 53, -43, 
48, 458, 409, -253, -180, 434, -165, -4, 351, 19, 29, -58, 
43, 444, 400, -244, -178, 422, -161, -19, 336, 0, 14, -73, 
39, 419, 380, -229, -170, 400, -151, -29, 326, -24, -14, -68, 
39, 400, 361, -219, -161, 380, -146, -34, 312, -48, -29, -82, 
48, 380, 331, -214, -141, 356, -146, -48, 302, -73, -43, -92, 
48, 370, 322, -209, -136, 346, -146, -53, 287, -92, -48, -107, 
34, 366, 331, -200, -148, 348, -151, -68, 278, -117, -58, -126, 
34, 351, 317, -192, -141, 334, -141, -73, 263, -126, -68, -131, 
34, 346, 312, -190, -139, 329, -141, -73, 258, -146, -82, -141, 
39, 341, 302, -190, -131, 322, -146, -82, 248, -161, -97, -156, 
48, 326, 278, -187, -114, 302, -146, -97, 229, -185, -117, -170, 
48, 317, 268, -183, -109, 292, -146, -97, 219, -200, -131, -175, 
48, 317, 268, -183, -109, 292, -141, -102, 219, -204, -146, -180, 
43, 307, 263, -175, -109, 285, -141, -102, 209, -214, -156, -180, 
39, 283, 244, -161, -102, 263, -131, -107, 209, -214, -161, -195, 
34, 273, 239, -153, -102, 256, -126, -112, 209, -234, -175, -209, 
29, 273, 244, -151, -107, 258, -126, -112, 214, -244, -180, -209, 
24, 263, 239, -143, -107, 251, -126, -112, 219, -248, -185, -209, 
24, 253, 229, -139, -102, 241, -126, -102, 214, -253, -175, -214, 
24, 239, 214, -131, -95, 226, -126, -102, 209, -268, -180, -219, 
24, 234, 209, -129, -92, 222, -126, -107, 209, -268, -185, -229, 
14, 234, 219, -124, -102, 226, -126, -107, 204, -268, -190, -229, 
24, 234, 209, -129, -92, 222, -122, -112, 204, -258, -190, -219, 
29, 224, 195, -126, -82, 209, -122, -112, 204, -258, -190, -219, 
29, 219, 190, -124, -80, 204, -122, -112, 204, -258, -190, -219, 
24, 219, 195, -122, -85, 207, -122, -112, 195, -263, -200, -219, 
24, 224, 200, -124, -87, 212, -126, -102, 195, -258, -195, -224, 
24, 229, 204, -126, -90, 217, -126, -102, 195, -263, -190, -224, 
24, 229, 204, -126, -90, 217, -126, -107, 200, -263, -185, -224, 
24, 229, 204, -126, -90, 217, -126, -107, 204, -268, -180, -229, 
24, 214, 190, -119, -82, 202, -117, -107, 204, -258, -180, -229, 
24, 214, 190, -119, -82, 202, -117, -107, 200, -258, -180, -229, 
29, 219, 190, -124, -80, 204, -117, -107, 200, -258, -180, -229, 
34, 229, 195, -131, -80, 212, -122, -107, 200, -258, -175, -229, 
34, 224, 190, -129, -78, 207, -122, -117, 200, -268, -190, -229, 
29, 214, 185, -122, -78, 200, -122, -112, 195, -268, -195, -229, 
29, 209, 180, -119, -75, 195, -122, -112, 195, -268, -200, -229, 
34, 204, 170, -119, -68, 187, -122, -117, 195, -268, -204, -229, 
34, 209, 175, -122, -70, 192, -126, -112, 185, -278, -195, -229, 
34, 214, 180, -124, -73, 197, -131, -112, 185, -283, -200, -229, 
34, 219, 185, -126, -75, 202, -136, -107, 190, -283, -200, -229, 
34, 224, 190, -129, -78, 207, -141, -102, 190, -278, -200, -229, 
34, 239, 204, -136, -85, 222, -141, -102, 200, -268, -195, -239, 
34, 239, 204, -136, -85, 222, -141, -102, 200, -273, -195, -234, 
34, 229, 195, -131, -80, 212, -141, -112, 195, -273, -195, -234, 
29, 229, 200, -129, -85, 214, -141, -112, 195, -273, -200, -234, 
19, 224, 204, -122, -92, 214, -131, -112, 195, -273, -200, -244, 
29, 219, 190, -124, -80, 204, -131, -107, 195, -268, -190, -244, 
29, 219, 190, -124, -80, 204, -131, -107, 200, -268, -190, -239, 
24, 214, 190, -119, -82, 202, -131, -107, 200, -273, -195, -239, 
24, 229, 204, -126, -90, 217, -131, -107, 200, -273, -195, -239, 
39, 224, 185, -131, -73, 204, -136, -107, 200, -273, -195, -239, 
39, 219, 180, -129, -70, 200, -136, -107, 200, -273, -204, -239, 
43, 209, 165, -126, -61, 187, -136, -112, 200, -273, -204, -234, 
34, 214, 180, -124, -73, 197, -136, -112, 209, -268, -195, -234, 
34, 204, 170, -119, -68, 187, -136, -112, 209, -268, -195, -234, 
34, 204, 170, -119, -68, 187, -136, -112, 209, -278, -195, -234, 
24, 209, 185, -117, -80, 197, -136, -112, 209, -278, -195, -234, 
24, 214, 190, -119, -82, 202, -146, -112, 209, -273, -195, -244, 
24, 214, 190, -119, -82, 202, -146, -112, 209, -273, -200, -244, 
29, 214, 185, -122, -78, 200, -146, -112, 209, -278, -200, -244, 
29, 214, 185, -122, -78, 200, -146, -112, 204, -278, -204, -244, 
19, 214, 195, -117, -87, 204, -136, -112, 195, -283, -214, -244, 
19, 219, 200, -119, -90, 209, -136, -112, 195, -283, -214, -248, 
19, 214, 195, -117, -87, 204, -131, -112, 195, -287, -214, -248, 
14, 209, 195, -112, -90, 202, -131, -112, 195, -292, -209, -248, 
19, 209, 190, -114, -85, 200, -131, -122, 195, -292, -204, -248, 
14, 204, 190, -109, -87, 197, -126, -126, 195, -292, -204, -248, 
19, 204, 185, -112, -82, 195, -126, -126, 195, -292, -204, -248, 
24, 209, 185, -117, -80, 197, -126, -117, 195, -292, -209, -248, 
29, 209, 180, -119, -75, 195, -126, -107, 214, -292, -200, -253, 
29, 200, 170, -114, -70, 185, -126, -107, 209, -287, -200, -253, 
29, 195, 165, -112, -68, 180, -141, -117, 200, -297, -204, -258, 
34, 195, 161, -114, -63, 178, -141, -126, 200, -297, -204, -268, 
29, 185, 156, -107, -63, 170, -136, -126, 195, -302, -214, -273, 
19, 180, 161, -100, -70, 170, -126, -117, 204, -302, -209, -263, 
19, 175, 156, -97, -68, 165, -126, -117, 204, -302, -204, -263, 
19, 170, 151, -95, -65, 161, -126, -117, 204, -302, -200, -263, 
19, 165, 146, -92, -63, 156, -126, -117, 204, -302, -195, -263, 
9, 170, 161, -90, -75, 165, -131, -131, 195, -312, -209, -263, 
14, 170, 156, -92, -70, 163, -131, -131, 195, -317, -209, -268, 
14, 175, 161, -95, -73, 168, -131, -131, 195, -317, -209, -268, 
14, 180, 165, -97, -75, 173, -126, -131, 195, -322, -214, -268, 
14, 190, 175, -102, -80, 183, -136, -131, 185, -326, -224, -268, 
19, 190, 170, -104, -75, 180, -141, -136, 185, -326, -224, -268, 
29, 190, 161, -109, -65, 175, -141, -136, 185, -326, -224, -273, 
34, 190, 156, -112, -61, 173, -141, -136, 180, -326, -224, -273, 
24, 180, 156, -102, -65, 168, -136, -126, 185, -331, -224, -283, 
24, 175, 151, -100, -63, 163, -136, -126, 185, -331, -224, -283, 
19, 175, 156, -97, -68, 165, -131, -131, 185, -331, -224, -283, 
14, 170, 156, -92, -70, 163, -131, -131, 185, -331, -224, -283, 
24, 165, 141, -95, -58, 153, -126, -131, 185, -331, -224, -292, 
19, 165, 146, -92, -63, 156, -126, -131, 190, -331, -224, -287, 
19, 161, 141, -90, -61, 151, -126, -131, 195, -336, -224, -283, 
19, 156, 136, -87, -58, 146, -122, -131, 195, -336, -224, -283, 
19, 165, 146, -92, -63, 156, -122, -122, 204, -326, -214, -283, 
19, 170, 151, -95, -65, 161, -126, -126, 204, -326, -214, -287, 
14, 170, 156, -92, -70, 163, -126, -126, 204, -326, -214, -287, 
9, 170, 161, -90, -75, 165, -131, -126, 204, -326, -214, -287, 
19, 165, 146, -92, -63, 156, -131, -126, 200, -326, -224, -292, 
24, 170, 146, -97, -61, 158, -131, -122, 195, -331, -224, -297, 
24, 175, 151, -100, -63, 163, -136, -122, 200, -336, -224, -302, 
19, 195, 175, -107, -78, 185, -146, -122, 209, -331, -214, -292, 
19, 204, 185, -112, -82, 195, -141, -122, 229, -312, -204, -278, 
19, 219, 200, -119, -90, 209, -141, -122, 244, -297, -185, -263, 
19, 229, 209, -124, -95, 219, -146, -126, 253, -287, -180, -258, 
4, 239, 234, -122, -114, 236, -151, -131, 263, -283, -175, -248, 
-4, 244, 248, -119, -126, 246, -151, -122, 263, -283, -175, -248, 
-4, 253, 258, -124, -131, 256, -151, -122, 273, -283, -170, -244, 
-4, 263, 268, -129, -136, 265, -161, -122, 283, -278, -165, -239, 
0, 273, 273, -136, -136, 273, -165, -117, 283, -283, -165, -244, 
4, 278, 273, -141, -134, 275, -165, -126, 283, -292, -165, -244, 
4, 278, 273, -141, -134, 275, -165, -126, 292, -287, -165, -244, 
4, 278, 273, -141, -134, 275, -165, -131, 297, -287, -161, -244, 
4, 278, 273, -141, -134, 275, -170, -136, 297, -283, -161, -239, 
24, 283, 258, -153, -117, 270, -170, -131, 297, -283, -170, -239, 
24, 287, 263, -156, -119, 275, -170, -131, 302, -278, -165, -234, 
24, 287, 263, -156, -119, 275, -180, -131, 307, -278, -156, -229, 
24, 307, 283, -165, -129, 295, -190, -141, 312, -278, -156, -224, 
14, 326, 312, -170, -148, 319, -200, -151, 322, -268, -136, -204, 
9, 346, 336, -178, -163, 341, -214, -156, 331, -258, -122, -190, 
0, 361, 361, -180, -180, 361, -219, -161, 341, -248, -112, -175, 
-9, 366, 375, -178, -192, 370, -219, -161, 346, -239, -97, -165, 
-4, 385, 390, -190, -197, 387, -229, -180, 336, -248, -102, -165, 
4, 385, 380, -195, -187, 383, -234, -190, 322, -248, -102, -165, 
34, 385, 351, -209, -158, 368, -239, -195, 302, -248, -102, -170, 
48, 385, 336, -217, -143, 361, -244, -190, 283, -253, -102, -175, 
63, 375, 312, -219, -124, 344, -244, -175, 263, -248, -112, -175, 
73, 361, 287, -217, -107, 324, -239, -161, 248, -253, -117, -190, 
82, 341, 258, -212, -87, 300, -229, -156, 234, -253, -126, -200, 
87, 322, 234, -204, -73, 278, -219, -146, 234, -268, -136, -200, 
82, 307, 224, -195, -70, 265, -209, -151, 219, -283, -146, -219, 
82, 292, 209, -187, -63, 251, -200, -146, 219, -292, -156, -234, 
78, 273, 195, -175, -58, 234, -195, -146, 214, -297, -170, -248, 
63, 253, 190, -158, -63, 222, -185, -146, 204, -317, -190, -258, 
68, 219, 151, -143, -41, 185, -170, -136, 185, -331, -209, -283, 
63, 200, 136, -131, -36, 168, -161, -131, 180, -341, -214, -297, 
68, 180, 112, -124, -21, 146, -161, -126, 180, -351, -224, -302, 
73, 175, 102, -124, -14, 139, -161, -126, 175, -351, -224, -307, 
43, 151, 107, -97, -31, 129, -146, -126, 185, -356, -229, -297, 
29, 151, 122, -90, -46, 136, -136, -131, 185, -351, -224, -307, 
14, 141, 126, -78, -56, 134, -131, -131, 185, -351, -229, -312, 
0, 131, 131, -65, -65, 131, -126, -131, 190, -361, -229, -317, 
0, 136, 136, -68, -68, 136, -112, -131, 195, -361, -224, -326, 
-9, 122, 131, -56, -70, 126, -107, -131, 195, -370, -234, -326, 
-9, 117, 126, -53, -68, 122, -107, -131, 190, -375, -239, -331, 
0, 112, 112, -56, -56, 112, -107, -131, 185, -375, -244, -336, 
4, 102, 97, -53, -46, 100, -117, -126, 180, -370, -258, -341, 
4, 92, 87, -48, -41, 90, -107, -126, 180, -370, -258, -341, 
9, 92, 82, -51, -36, 87, -102, -122, 175, -370, -258, -341, 
14, 87, 73, -51, -29, 80, -102, -122, 170, -375, -263, -346, 
34, 82, 48, -58, -7, 65, -112, -126, 161, -385, -268, -361, 
39, 82, 43, -61, -2, 63, -112, -131, 156, -395, -273, -370, 
43, 78, 34, -61, 4, 56, -107, -136, 151, -405, -283, -375, 
43, 73, 29, -58, 7, 51, -107, -141, 146, -419, -287, -380, 
43, 78, 34, -61, 4, 56, -107, -126, 161, -409, -292, -370, 
43, 82, 39, -63, 2, 61, -107, -126, 161, -414, -292, -370, 
39, 87, 48, -63, -4, 68, -107, -126, 161, -414, -297, -375, 
39, 92, 53, -65, -7, 73, -107, -126, 161, -414, -297, -375, 
19, 92, 73, -56, -26, 82, -97, -126, 170, -409, -278, -361, 
9, 87, 78, -48, -34, 82, -87, -122, 170, -400, -273, -356, 
0, 87, 87, -43, -43, 87, -87, -107, 165, -390, -268, -356, 
-9, 87, 97, -39, -53, 92, -87, -102, 165, -385, -263, -356, 
-4, 87, 92, -41, -48, 90, -87, -117, 156, -380, -258, -356, 
4, 87, 82, -46, -39, 85, -92, -117, 156, -375, -253, -361, 
9, 87, 78, -48, -34, 82, -92, -117, 156, -366, -248, -361, 
14, 82, 68, -48, -26, 75, -92, -117, 156, -361, -244, -361, 
24, 92, 68, -58, -21, 80, -102, -107, 156, -375, -253, -366, 
34, 92, 58, -63, -12, 75, -102, -97, 151, -380, -268, -375, 
43, 92, 48, -68, -2, 70, -102, -97, 146, -385, -278, -380, 
48, 92, 43, -70, 2, 68, -107, -102, 141, -380, -283, -385, 
68, 112, 43, -90, 12, 78, -107, -107, 151, -380, -302, -380, 
97, 117, 19, -107, 39, 68, -117, -117, 146, -351, -287, -380, 
92, 122, 29, -107, 31, 75, -122, -107, 156, -307, -248, -361, 
82, 141, 58, -112, 12, 100, -122, -82, 161, -229, -204, -341, 
92, 156, 63, -124, 14, 109, -122, -63, 161, -117, -151, -326, 
92, 180, 87, -136, 2, 134, -122, -24, 170, 9, -73, -292, 
78, 204, 126, -141, -24, 165, -122, 14, 185, 136, -14, -263, 
78, 224, 146, -151, -34, 185, -117, 53, 185, 273, 48, -253, 
122, 283, 161, -202, -19, 222, -136, 63, 156, 448, 141, -200, 
195, 409, 214, -302, -9, 312, -190, 68, 131, 658, 292, -102, 
234, 575, 341, -405, -53, 458, -268, 14, 112, 883, 463, 29, 
263, 746, 483, -505, -109, 614, -346, -73, 97, 1083, 644, 165, 
287, 854, 566, -570, -139, 710, -414, -151, 48, 1205, 761, 258, 
263, 819, 556, -541, -146, 688, -434, -239, 9, 1190, 751, 258, 
239, 712, 473, -475, -117, 592, -424, -336, 4, 1054, 658, 204, 
239, 624, 385, -431, -73, 505, -409, -409, -9, 854, 531, 122, 
229, 448, 219, -339, 4, 334, -361, -409, -92, 595, 336, -19, 
253, 165, -87, -209, 170, 39, -258, -356, -248, 234, 29, -248, 
273, -117, -390, -78, 331, -253, -180, -326, -409, -141, -287, -478, 
248, -297, -546, 24, 397, -422, -117, -322, -512, -478, -527, -619, 
204, -429, -634, 112, 419, -531, -39, -302, -551, -775, -692, -736, 
180, -527, -707, 173, 444, -617, 19, -287, -590, -1024, -819, -810, 
146, -551, -697, 202, 422, -624, 34, -307, -634, -1215, -863, -829, 
126, -531, -658, 202, 392, -595, 24, -331, -619, -1366, -878, -819, 
136, -478, -614, 170, 375, -546, -19, -366, -580, -1385, -868, -805, 
141, -419, -561, 139, 351, -490, -78, -385, -546, -1273, -824, -771, 
131, -395, -527, 131, 329, -461, -107, -390, -522, -1210, -800, -732, 
146, -346, -492, 100, 319, -419, -156, -390, -488, -1161, -766, -688, 
161, -224, -385, 31, 273, -305, -200, -400, -409, -1049, -673, -610, 
131, -112, -244, -9, 187, -178, -219, -380, -302, -922, -580, -536, 
92, -43, -136, -24, 114, -90, -224, -346, -209, -824, -512, -483, 
68, 4, -63, -36, 65, -29, -224, -302, -131, -736, -453, -439, 
82, 68, -14, -75, 48, 26, -209, -258, -53, -649, -385, -405, 
92, 87, -4, -90, 48, 41, -200, -219, 0, -590, -346, -385, 
58, 92, 34, -75, 12, 63, -175, -185, 34, -517, -302, -370, 
39, 97, 58, -68, -9, 78, -131, -165, 63, -473, -283, -366, 
43, 92, 48, -68, -2, 70, -102, -146, 97, -463, -292, -375, 
53, 82, 29, -68, 12, 56, -102, -146, 117, -463, -307, -390, 
58, 82, 24, -70, 17, 53, -92, -126, 122, -453, -302, -390, 
58, 82, 24, -70, 17, 53, -102, -107, 117, -439, -292, -390, 
58, 68, 9, -63, 24, 39, -102, -107, 126, -434, -287, -400, 
58, 58, 0, -58, 29, 29, -102, -82, 131, -429, -287, -400, 
63, 48, -14, -56, 39, 17, -87, -63, 156, -414, -287, -400, 
63, 43, -19, -53, 41, 12, -82, -58, 161, -409, -283, -400, 
43, 48, 4, -46, 19, 26, -78, -43, 170, -390, -287, -385, 
29, 58, 29, -43, 0, 43, -73, -43, 180, -375, -287, -380, 
19, 58, 39, -39, -9, 48, -68, -48, 185, -370, -283, -380, 
14, 58, 43, -36, -14, 51, -68, -53, 195, -366, -273, -380, 
19, 73, 53, -46, -17, 63, -78, -73, 204, -375, -278, -375, 
24, 78, 53, -51, -14, 65, -78, -73, 209, -370, -278, -375, 
29, 82, 53, -56, -12, 68, -82, -63, 214, -366, -278, -370, 
43, 87, 43, -65, 0, 65, -82, -53, 214, -361, -278, -370, 
48, 87, 39, -68, 4, 63, -82, -48, 214, -356, -273, -385, 
53, 87, 34, -70, 9, 61, -78, -43, 209, -351, -268, -385, 
53, 87, 34, -70, 9, 61, -78, -39, 209, -346, -263, -380, 
53, 97, 43, -75, 4, 70, -78, -39, 209, -341, -248, -380, 
39, 112, 73, -75, -17, 92, -78, -39, 224, -326, -234, -361, 
34, 112, 78, -73, -21, 95, -78, -43, 224, -322, -229, -356, 
29, 117, 87, -73, -29, 102, -78, -43, 229, -307, -224, -346, 
34, 117, 82, -75, -24, 100, -78, -43, 229, -297, -224, -341, 
24, 112, 87, -68, -31, 100, -82, -34, 219, -312, -239, -346, 
43, 117, 73, -80, -14, 95, -82, -34, 234, -317, -244, -351, 
48, 122, 73, -85, -12, 97, -87, -34, 234, -317, -248, -351, 
53, 122, 68, -87, -7, 95, -87, -34, 239, -317, -248, -356, 
39, 126, 87, -82, -24, 107, -87, -43, 244, -307, -239, -351, 
39, 126, 87, -82, -24, 107, -87, -39, 248, -297, -229, -346, 
39, 131, 92, -85, -26, 112, -87, -39, 248, -287, -219, -341, 
39, 136, 97, -87, -29, 117, -82, -34, 253, -273, -209, -331, 
39, 151, 112, -95, -36, 131, -92, -43, 258, -263, -195, -322, 
39, 151, 112, -95, -36, 131, -92, -43, 268, -253, -180, -317, 
39, 156, 117, -97, -39, 136, -97, -43, 273, -248, -165, -317, 
39, 161, 122, -100, -41, 141, -102, -43, 278, -239, -156, -312, 
58, 161, 102, -109, -21, 131, -102, -34, 278, -239, -151, -312, 
63, 161, 97, -112, -17, 129, -97, -29, 283, -234, -156, -312, 
68, 165, 97, -117, -14, 131, -97, -19, 278, -224, -161, -312, 
73, 170, 97, -122, -12, 134, -102, -14, 278, -214, -165, -312, 
63, 185, 122, -124, -29, 153, -97, -19, 287, -200, -151, -302, 
53, 190, 136, -122, -41, 163, -102, -24, 292, -195, -146, -292, 
48, 200, 151, -124, -51, 175, -102, -24, 297, -190, -141, -287, 
39, 200, 161, -119, -61, 180, -107, -29, 302, -180, -136, -287, 
48, 195, 146, -122, -48, 170, -117, -19, 307, -175, -141, -287, 
48, 200, 151, -124, -51, 175, -117, -14, 307, -185, -146, -287, 
58, 209, 151, -134, -46, 180, -117, -14, 307, -180, -151, -287, 
73, 219, 146, -146, -36, 183, -112, -14, 307, -180, -151, -292, 
68, 219, 151, -143, -41, 185, -112, -14, 302, -165, -136, -278, 
68, 219, 151, -143, -41, 185, -117, -9, 307, -146, -126, -273, 
68, 229, 161, -148, -46, 195, -122, -4, 317, -122, -107, -273, 
68, 229, 161, -148, -46, 195, -122, 0, 317, -97, -97, -268, 
68, 248, 180, -158, -56, 214, -131, 0, 331, -97, -78, -253, 
68, 253, 185, -161, -58, 219, -136, 0, 341, -82, -78, -248, 
68, 258, 190, -163, -61, 224, -136, 4, 351, -68, -68, -244, 
68, 268, 200, -168, -65, 234, -136, 9, 366, -48, -58, -229, 
68, 268, 200, -168, -65, 234, -141, 29, 356, -43, -58, -229, 
68, 283, 214, -175, -73, 248, -141, 43, 356, -34, -48, -229, 
63, 292, 229, -178, -82, 261, -141, 43, 356, -19, -43, -229, 
63, 307, 244, -185, -90, 275, -141, 43, 366, -9, -29, -219, 
78, 326, 248, -202, -85, 287, -146, 43, 366, 24, -29, -219, 
82, 336, 253, -209, -85, 295, -151, 48, 375, 39, -24, -209, 
87, 351, 263, -219, -87, 307, -156, 63, 390, 58, -14, -200, 
87, 366, 278, -226, -95, 322, -161, 63, 405, 78, 4, -185, 
92, 385, 292, -239, -100, 339, -161, 73, 414, 102, 24, -175, 
92, 395, 302, -244, -104, 348, -161, 82, 419, 131, 39, -165, 
92, 414, 322, -253, -114, 368, -165, 87, 434, 156, 58, -156, 
92, 429, 336, -261, -122, 383, -170, 97, 444, 180, 82, -146, 
82, 429, 346, -256, -131, 387, -161, 92, 444, 209, 107, -136, 
82, 439, 356, -261, -136, 397, -165, 102, 453, 229, 112, -131, 
82, 444, 361, -263, -139, 402, -170, 112, 463, 244, 126, -126, 
82, 453, 370, -268, -143, 412, -175, 112, 478, 268, 141, -117, 
82, 478, 395, -280, -156, 436, -190, 122, 488, 302, 156, -107, 
78, 488, 409, -283, -165, 448, -190, 126, 497, 326, 170, -97, 
78, 492, 414, -285, -168, 453, -190, 141, 507, 346, 180, -87, 
78, 507, 429, -292, -175, 468, -195, 146, 517, 366, 190, -78, 
87, 531, 444, -309, -178, 488, -204, 136, 531, 366, 214, -63, 
87, 541, 453, -314, -183, 497, -204, 136, 541, 375, 214, -48, 
87, 546, 458, -317, -185, 502, -209, 136, 546, 390, 224, -39, 
87, 551, 463, -319, -187, 507, -209, 136, 551, 390, 229, -34, 
102, 566, 463, -334, -180, 514, -214, 136, 541, 395, 248, -43, 
107, 575, 468, -341, -180, 522, -219, 131, 546, 400, 248, -39, 
112, 575, 463, -344, -175, 519, -229, 131, 551, 409, 253, -34, 
107, 575, 468, -341, -180, 522, -234, 126, 551, 409, 258, -29, 
97, 595, 497, -346, -200, 546, -224, 126, 566, 424, 263, -14, 
97, 600, 502, -348, -202, 551, -229, 122, 566, 424, 268, -9, 
97, 600, 502, -348, -202, 551, -229, 122, 561, 424, 273, 0, 
97, 600, 502, -348, -202, 551, -234, 112, 556, 419, 278, 4, 
92, 610, 517, -351, -212, 563, -239, 112, 566, 405, 278, 9, 
87, 610, 522, -348, -217, 566, -239, 107, 561, 395, 278, 9, 
97, 605, 507, -351, -204, 556, -244, 102, 556, 395, 273, 4, 
97, 605, 507, -351, -204, 556, -244, 82, 546, 375, 263, 4, 
107, 600, 492, -353, -192, 546, -253, 63, 546, 351, 258, 0, 
102, 585, 483, -344, -190, 534, -253, 48, 541, 317, 244, 0, 
97, 575, 478, -336, -190, 527, -263, 29, 527, 292, 229, -9, 
97, 566, 468, -331, -185, 517, -263, 0, 512, 258, 209, -19, 
92, 546, 453, -319, -180, 500, -253, 4, 497, 244, 195, -29, 
87, 531, 444, -309, -178, 488, -248, -4, 483, 209, 175, -53, 
78, 507, 429, -292, -175, 468, -244, -9, 468, 185, 161, -68, 
73, 488, 414, -280, -170, 451, -239, -24, 458, 156, 141, -82, 
68, 453, 385, -261, -158, 419, -234, -29, 448, 117, 117, -97, 
58, 424, 366, -241, -153, 395, -224, -39, 429, 87, 92, -112, 
48, 405, 356, -226, -153, 380, -219, -39, 419, 58, 63, -126, 
34, 385, 351, -209, -158, 368, -209, -48, 405, 39, 43, -141, 
43, 370, 326, -207, -141, 348, -209, -48, 390, 0, 14, -156, 
48, 351, 302, -200, -126, 326, -204, -53, 380, -29, 0, -170, 
63, 331, 268, -197, -102, 300, -204, -68, 375, -58, -14, -180, 
68, 322, 253, -195, -92, 287, -204, -73, 366, -82, -19, -195, 
53, 297, 244, -175, -95, 270, -195, -68, 356, -107, -39, -214, 
43, 273, 229, -158, -92, 251, -180, -73, 341, -117, -48, -219, 
34, 258, 224, -146, -95, 241, -175, -73, 336, -136, -63, -229, 
29, 244, 214, -136, -92, 229, -175, -82, 326, -151, -78, -244, 
19, 229, 209, -124, -95, 219, -170, -78, 331, -170, -97, -258, 
19, 209, 190, -114, -85, 200, -165, -78, 326, -190, -112, -263, 
19, 200, 180, -109, -80, 190, -156, -82, 331, -200, -126, -268, 
14, 180, 165, -97, -75, 173, -151, -82, 326, -214, -136, -268, 
39, 175, 136, -107, -48, 156, -165, -92, 307, -234, -151, -287, 
53, 165, 112, -109, -29, 139, -165, -102, 297, -263, -175, -307, 
68, 165, 97, -117, -14, 131, -170, -107, 292, -283, -190, -312, 
82, 156, 73, -119, 4, 114, -175, -112, 287, -297, -204, -317, 
78, 146, 68, -112, 4, 107, -165, -112, 273, -302, -200, -322, 
73, 131, 58, -102, 7, 95, -165, -112, 268, -317, -200, -326, 
68, 126, 58, -97, 4, 92, -165, -117, 268, -317, -200, -336, 
53, 126, 73, -90, -9, 100, -165, -117, 263, -317, -200, -336, 
19, 122, 102, -70, -41, 112, -141, -102, 283, -302, -195, -322, 
0, 107, 107, -53, -53, 107, -131, -92, 292, -297, -190, -317, 
-24, 97, 122, -36, -73, 109, -122, -82, 302, -292, -185, -312, 
-53, 92, 146, -19, -100, 119, -112, -73, 302, -292, -190, -307, 
-29, 107, 136, -39, -82, 122, -117, -82, 292, -312, -204, -312, 
-4, 112, 117, -53, -61, 114, -126, -92, 283, -322, -209, -322, 
19, 112, 92, -65, -36, 102, -136, -107, 278, -326, -214, -331, 
43, 112, 68, -78, -12, 90, -146, -117, 273, -336, -219, -346, 
24, 97, 73, -61, -24, 85, -141, -102, 278, -331, -214, -341, 
14, 97, 82, -56, -34, 90, -136, -97, 278, -326, -209, -336, 
9, 102, 92, -56, -41, 97, -131, -92, 283, -322, -204, -331, 
4, 112, 107, -58, -51, 109, -131, -87, 287, -317, -195, -326, 
29, 122, 92, -75, -31, 107, -141, -97, 283, -317, -185, -336, 
48, 117, 68, -82, -9, 92, -151, -92, 273, -317, -185, -336, 
73, 117, 43, -95, 14, 80, -161, -92, 268, -317, -185, -336, 
102, 117, 14, -109, 43, 65, -170, -97, 263, -317, -185, -336, 
102, 117, 14, -109, 43, 65, -170, -107, 253, -322, -195, -341, 
102, 117, 14, -109, 43, 65, -170, -112, 253, -331, -209, -346, 
102, 117, 14, -109, 43, 65, -170, -112, 258, -336, -219, -351, 
102, 117, 14, -109, 43, 65, -170, -112, 258, -336, -229, -356, 
82, 122, 39, -102, 21, 80, -165, -107, 268, -331, -214, -346, 
73, 122, 48, -97, 12, 85, -161, -102, 268, -331, -214, -341, 
63, 112, 48, -87, 7, 80, -156, -107, 263, -326, -214, -341, 
48, 112, 63, -80, -7, 87, -151, -102, 263, -322, -219, -341, 
24, 112, 87, -68, -31, 100, -146, -97, 278, -307, -204, -341, 
19, 112, 92, -65, -36, 102, -141, -87, 283, -297, -180, -331, 
4, 117, 112, -61, -53, 114, -136, -82, 292, -292, -165, -317, 
-14, 117, 131, -51, -73, 124, -131, -78, 297, -292, -156, -307, 
14, 126, 112, -70, -48, 119, -141, -97, 278, -312, -180, -326, 
58, 126, 68, -92, -4, 97, -156, -107, 268, -322, -195, -336, 
87, 126, 39, -107, 24, 82, -165, -117, 258, -331, -219, -346, 
122, 122, 0, -122, 61, 61, -175, -131, 248, -341, -234, -351, 
92, 112, 19, -102, 36, 65, -161, -117, 263, -336, -224, -341, 
73, 97, 24, -85, 24, 61, -156, -112, 268, -336, -224, -341, 
53, 92, 39, -73, 7, 65, -151, -107, 273, -346, -224, -341, 
24, 92, 68, -58, -21, 80, -146, -102, 278, -346, -224, -341, 
9, 87, 78, -48, -34, 82, -131, -102, 283, -336, -209, -331, 
-4, 87, 92, -41, -48, 90, -126, -102, 287, -331, -209, -331, 
-14, 87, 102, -36, -58, 95, -122, -102, 292, -331, -204, -331, 
-29, 87, 117, -29, -73, 102, -117, -102, 292, -326, -204, -331, 
48, 102, 53, -75, -2, 78, -146, -131, 273, -326, -214, -341, 
126, 92, -34, -109, 80, 29, -165, -170, 244, -361, -253, -375, 
195, 73, -122, -134, 158, -24, -190, -190, 204, -400, -292, -424, 
136, 87, -48, -112, 92, 19, -165, -146, 234, -370, -253, -400, 
53, 97, 43, -75, 4, 70, -131, -107, 263, -341, -214, -361, 
-29, 97, 126, -34, -78, 112, -107, -78, 292, -312, -185, -331, 
-112, 97, 209, 7, -161, 153, -82, -48, 322, -283, -156, -302, 
-195, 97, 292, 48, -244, 195, -58, -19, 351, -253, -126, -273, 
-161, 102, 263, 29, -212, 183, -78, -53, 326, -263, -141, -287, 
-131, 102, 234, 14, -183, 168, -82, -73, 322, -278, -151, -297, 
-107, 107, 214, 0, -161, 161, -87, -92, 317, -287, -161, -302, 
-82, 112, 195, -14, -139, 153, -87, -112, 312, -302, -175, -307, 
-19, 122, 141, -51, -80, 131, -122, -122, 283, -331, -190, -326, 
48, 122, 73, -85, -12, 97, -151, -136, 263, -346, -204, -346, 
122, 122, 0, -122, 61, 61, -175, -146, 244, -361, -219, -370, 
190, 122, -68, -156, 129, 26, -200, -156, 219, -375, -234, -390, 
175, 112, -63, -143, 119, 24, -200, -141, 224, -370, -219, -375, 
161, 107, -53, -134, 107, 26, -195, -136, 234, -361, -204, -370, 
141, 107, -34, -124, 87, 36, -185, -136, 244, -351, -190, -366, 
122, 102, -19, -112, 70, 41, -180, -131, 253, -341, -175, -361, 
68, 92, 24, -80, 21, 58, -151, -112, 268, -331, -165, -341, 
19, 97, 78, -58, -29, 87, -136, -102, 287, -322, -165, -326, 
-24, 97, 122, -36, -73, 109, -122, -92, 307, -317, -165, -312, 
-68, 97, 165, -14, -117, 131, -102, -82, 322, -307, -165, -302, 
-29, 107, 136, -39, -82, 122, -112, -102, 307, -331, -190, -317, 
9, 112, 102, -61, -46, 107, -126, -117, 292, -346, -204, -336, 
43, 112, 68, -78, -12, 90, -136, -126, 278, -361, -219, -351, 
78, 112, 34, -95, 21, 73, -151, -136, 263, -375, -234, -366, 
82, 112, 29, -97, 26, 70, -151, -136, 263, -370, -229, -366, 
92, 112, 19, -102, 36, 65, -151, -131, 263, -370, -224, -366, 
97, 112, 14, -104, 41, 63, -156, -131, 273, -370, -219, -366, 
97, 126, 29, -112, 34, 78, -165, -131, 287, -361, -204, -351, 
82, 141, 58, -112, 12, 100, -156, -126, 307, -341, -204, -346, 
68, 151, 82, -109, -7, 117, -151, -122, 322, -326, -185, -331, 
53, 156, 102, -104, -24, 129, -151, -122, 331, -317, -180, -326, 
24, 161, 136, -92, -56, 148, -151, -122, 341, -312, -175, -317, 
19, 165, 146, -92, -63, 156, -151, -122, 341, -317, -165, -322, 
24, 175, 151, -100, -63, 163, -151, -122, 351, -312, -161, -312, 
29, 185, 156, -107, -63, 170, -161, -122, 361, -302, -156, -302, 
39, 195, 156, -117, -58, 175, -165, -117, 361, -302, -156, -302, 
48, 190, 141, -119, -46, 165, -165, -131, 351, -312, -156, -312, 
53, 190, 136, -122, -41, 163, -165, -136, 361, -307, -156, -312, 
58, 190, 131, -124, -36, 161, -165, -146, 366, -307, -151, -312, 
63, 190, 126, -126, -31, 158, -170, -156, 366, -302, -151, -307, 
43, 195, 151, -119, -53, 173, -156, -146, 385, -287, -141, -297, 
24, 200, 175, -112, -75, 187, -151, -141, 400, -278, -136, -292, 
4, 200, 195, -102, -95, 197, -156, -136, 414, -273, -126, -287, 
-14, 219, 234, -102, -124, 226, -161, -141, 429, -268, -126, -283, 
4, 229, 224, -117, -109, 226, -180, -151, 429, -273, -141, -268, 
9, 248, 239, -129, -114, 244, -195, -156, 429, -278, -141, -258, 
9, 263, 253, -136, -122, 258, -200, -161, 429, -283, -146, -248, 
9, 268, 258, -139, -124, 263, -200, -161, 424, -287, -146, -244, 
24, 283, 258, -153, -117, 270, -209, -170, 419, -287, -126, -248, 
34, 287, 253, -161, -109, 270, -214, -180, 409, -287, -122, -244, 
63, 292, 229, -178, -82, 261, -219, -185, 395, -287, -117, -244, 
78, 297, 219, -187, -70, 258, -224, -180, 380, -292, -112, -244, 
68, 302, 234, -185, -82, 268, -219, -180, 366, -287, -117, -239, 
63, 292, 229, -178, -82, 261, -219, -170, 346, -292, -117, -248, 
58, 278, 219, -168, -80, 248, -214, -170, 326, -292, -122, -253, 
48, 263, 214, -156, -82, 239, -209, -165, 322, -307, -126, -248, 
63, 248, 185, -156, -61, 217, -200, -151, 302, -302, -126, -258, 
73, 234, 161, -153, -43, 197, -190, -146, 297, -312, -136, -273, 
78, 214, 136, -146, -29, 175, -185, -146, 287, -317, -151, -287, 
73, 195, 122, -134, -24, 158, -175, -146, 273, -336, -170, -297, 
87, 161, 73, -124, 7, 117, -161, -136, 268, -356, -195, -326, 
82, 141, 58, -112, 12, 100, -151, -131, 268, -361, -204, -346, 
87, 122, 34, -104, 26, 78, -151, -126, 273, -366, -219, -356, 
92, 117, 24, -104, 34, 70, -151, -126, 273, -361, -224, -366, 
63, 112, 48, -87, 7, 80, -141, -141, 278, -380, -229, -356, 
58, 112, 53, -85, 2, 82, -136, -151, 273, -380, -224, -366, 
53, 102, 48, -78, 2, 75, -136, -156, 268, -385, -229, -370, 
48, 92, 43, -70, 2, 68, -136, -161, 268, -400, -229, -375, 
43, 87, 43, -65, 0, 65, -122, -156, 263, -405, -224, -375, 
29, 73, 43, -51, -7, 58, -117, -151, 263, -409, -234, -375, 
24, 68, 43, -46, -9, 56, -117, -146, 258, -409, -239, -380, 
29, 63, 34, -46, -2, 48, -117, -141, 253, -405, -244, -385, 
14, 63, 48, -39, -17, 56, -117, -126, 258, -419, -253, -400, 
4, 53, 48, -29, -21, 51, -107, -126, 258, -419, -258, -400, 
0, 53, 53, -26, -26, 53, -102, -122, 253, -419, -263, -400, 
-4, 48, 53, -21, -29, 51, -102, -122, 248, -424, -273, -405, 
19, 53, 34, -36, -7, 43, -112, -131, 234, -439, -283, -409, 
29, 53, 24, -41, 2, 39, -112, -131, 234, -444, -283, -409, 
39, 48, 9, -43, 14, 29, -107, -131, 234, -448, -287, -405, 
43, 43, 0, -43, 21, 21, -107, -131, 234, -458, -287, -400, 
58, 34, -24, -46, 41, 4, -112, -136, 234, -458, -292, -414, 
73, 34, -39, -53, 56, -2, -117, -136, 229, -463, -292, -419, 
82, 34, -48, -58, 65, -7, -122, -136, 224, -463, -297, -429, 
97, 34, -63, -65, 80, -14, -126, -136, 219, -463, -297, -434, 
48, 43, -4, -46, 26, 19, -107, -126, 234, -448, -273, -414, 
0, 39, 39, -19, -19, 39, -87, -112, 248, -429, -263, -395, 
-48, 39, 87, 4, -68, 63, -78, -87, 258, -409, -253, -380, 
-97, 39, 136, 29, -117, 87, -68, -73, 273, -395, -244, -366, 
-53, 39, 92, 7, -73, 65, -78, -87, 263, -414, -263, -385, 
-14, 39, 53, -12, -34, 46, -92, -97, 253, -424, -273, -400, 
19, 39, 19, -29, 0, 29, -102, -107, 244, -429, -283, -409, 
53, 34, -19, -43, 36, 7, -112, -117, 234, -439, -292, -419, 
78, 43, -34, -61, 56, 4, -117, -131, 224, -453, -302, -429, 
92, 43, -48, -68, 70, -2, -122, -126, 219, -458, -307, -434, 
107, 43, -63, -75, 85, -9, -126, -131, 214, -463, -307, -434, 
117, 43, -73, -80, 95, -14, -136, -141, 209, -458, -302, -434, 
97, 24, -73, -61, 85, -24, -126, -126, 219, -468, -312, -439, 
48, 48, 0, -48, 24, 24, -117, -126, 234, -439, -287, -419, 
-24, 73, 97, -24, -61, 85, -102, -117, 263, -385, -239, -380, 
-102, 82, 185, 9, -143, 134, -73, -102, 287, -317, -195, -341, 
-92, 97, 190, -2, -141, 143, -82, -92, 287, -273, -161, -326, 
-53, 131, 185, -39, -119, 158, -102, -82, 268, -195, -122, -302, 
-48, 156, 204, -53, -126, 180, -112, -53, 263, -87, -53, -273, 
9, 195, 185, -102, -87, 190, -136, -43, 273, 29, 9, -253, 
151, 253, 102, -202, 24, 178, -185, -34, 244, 136, 63, -248, 
224, 322, 97, -273, 63, 209, -219, -29, 209, 297, 156, -219, 
165, 429, 263, -297, -48, 346, -239, -34, 219, 522, 307, -117, 
136, 570, 434, -353, -148, 502, -278, -63, 224, 732, 478, 29, 
200, 727, 527, -463, -163, 627, -356, -141, 195, 902, 624, 141, 
224, 868, 644, -546, -209, 756, -434, -239, 136, 1024, 771, 258, 
200, 927, 727, -563, -263, 827, -483, -326, 92, 1054, 834, 331, 
239, 858, 619, -549, -190, 739, -497, -400, 58, 951, 785, 287, 
287, 741, 453, -514, -82, 597, -497, -468, 24, 800, 668, 195, 
283, 585, 302, -434, -9, 444, -463, -483, -53, 605, 507, 73, 
273, 312, 39, -292, 117, 175, -366, -434, -175, 307, 239, -126, 
287, -14, -302, -136, 295, -158, -253, -341, -336, -39, -97, -366, 
292, -253, -546, -19, 419, -400, -165, -283, -463, -366, -380, -561, 
209, -409, -619, 100, 414, -514, -78, -239, -492, -663, -585, -712, 
107, -531, -639, 212, 373, -585, 14, -190, -517, -922, -736, -800, 
68, -600, -668, 265, 368, -634, 53, -146, -570, -1151, -849, -839, 
58, -634, -692, 287, 375, -663, 68, -151, -610, -1385, -946, -863, 
53, -624, -678, 285, 366, -651, 48, -200, -575, -1537, -990, -868, 
82, -580, -663, 248, 373, -622, 0, -263, -531, -1503, -956, -849, 
146, -512, -658, 183, 402, -585, -68, -302, -517, -1385, -893, -814, 
200, -439, -639, 119, 419, -539, -122, -331, -497, -1302, -829, -766, 
209, -346, -556, 68, 383, -451, -170, -351, -429, -1185, -746, -712, 
219, -229, -448, 4, 334, -339, -224, -366, -336, -1049, -658, -639, 
204, -131, -336, -36, 270, -234, -253, -351, -229, -941, -590, -585, 
131, -48, -180, -41, 156, -114, -239, -297, -112, -834, -512, -512, 
43, 0, -43, -21, 43, -21, -219, -248, -9, -736, -444, -453, 
39, 34, -4, -36, 21, 14, -204, -224, 43, -663, -400, -429, 
48, 48, 0, -48, 24, 24, -190, -195, 82, -619, -361, -414, 
43, 63, 19, -53, 12, 41, -170, -165, 126, -570, -331, -395, 
82, 53, -29, -68, 56, 12, -161, -165, 146, -551, -326, -409, 
156, 63, -92, -109, 124, -14, -170, -175, 141, -551, -331, -429, 
146, 63, -82, -104, 114, -9, -161, -185, 156, -527, -331, -429, 
82, 63, -19, -73, 51, 21, -146, -161, 180, -502, -302, -405, 
29, 58, 29, -43, 0, 43, -131, -122, 200, -478, -287, -390, 
-19, 53, 73, -17, -46, 63, -102, -87, 239, -444, -273, -375, 
-73, 53, 126, 9, -100, 90, -82, -68, 258, -419, -253, -361, 
-48, 53, 102, -2, -75, 78, -87, -63, 258, -419, -263, -370, 
-39, 58, 97, -9, -68, 78, -92, -63, 268, -414, -268, -370, 
-24, 53, 78, -14, -51, 65, -97, -68, 273, -419, -268, -375, 
-4, 48, 53, -21, -29, 51, -107, -73, 283, -424, -263, -380, 
14, 68, 53, -41, -19, 61, -112, -102, 268, -414, -253, -375, 
34, 78, 43, -56, -4, 61, -117, -112, 268, -409, -248, -375, 
53, 87, 34, -70, 9, 61, -126, -112, 268, -405, -244, -370, 
82, 97, 14, -90, 34, 56, -131, -112, 263, -400, -239, -370, 
68, 87, 19, -78, 24, 53, -131, -102, 278, -395, -248, -375, 
63, 87, 24, -75, 19, 56, -126, -92, 278, -390, -248, -375, 
53, 87, 34, -70, 9, 61, -126, -82, 283, -385, -248, -370, 
43, 97, 53, -70, -4, 75, -126, -78, 287, -380, -239, -370, 
0, 97, 97, -48, -48, 97, -107, -73, 317, -356, -219, -346, 
-43, 92, 136, -24, -90, 114, -87, -73, 331, -351, -209, -336, 
-87, 92, 180, -2, -134, 136, -68, -68, 351, -336, -200, -322, 
-122, 87, 209, 17, -165, 148, -48, -63, 366, -326, -195, -312, 
-97, 107, 204, -4, -151, 156, -68, -73, 346, -331, -200, -317, 
-43, 117, 161, -36, -102, 139, -82, -82, 351, -336, -204, -322, 
-4, 126, 131, -61, -68, 129, -102, -92, 341, -336, -209, -322, 
34, 131, 97, -82, -31, 114, -117, -102, 336, -336, -209, -326, 
73, 146, 73, -109, 0, 109, -141, -107, 326, -341, -214, -346, 
107, 146, 39, -126, 34, 92, -156, -107, 317, -346, -219, -356, 
141, 151, 9, -146, 65, 80, -170, -112, 302, -351, -224, -366, 
175, 156, -19, -165, 97, 68, -180, -112, 292, -351, -229, -370, 
146, 161, 14, -153, 65, 87, -170, -102, 302, -336, -214, -361, 
126, 161, 34, -143, 46, 97, -170, -92, 317, -322, -200, -346, 
107, 165, 58, -136, 24, 112, -175, -82, 326, -312, -185, -336, 
87, 170, 82, -129, 2, 126, -180, -73, 336, -297, -175, -322, 
87, 180, 92, -134, -2, 136, -170, -87, 331, -297, -175, -312, 
82, 180, 97, -131, -7, 139, -165, -87, 341, -292, -175, -312, 
78, 185, 107, -131, -14, 146, -165, -82, 341, -283, -175, -312, 
73, 190, 117, -131, -21, 153, -170, -82, 346, -273, -175, -312, 
73, 195, 122, -134, -24, 158, -170, -92, 346, -268, -161, -302, 
73, 200, 126, -136, -26, 163, -170, -92, 351, -263, -156, -292, 
78, 209, 131, -143, -26, 170, -165, -87, 356, -258, -151, -287, 
78, 209, 131, -143, -26, 170, -165, -87, 361, -248, -146, -287, 
73, 224, 151, -148, -39, 187, -165, -97, 370, -234, -131, -273, 
58, 229, 170, -143, -56, 200, -165, -92, 375, -234, -126, -268, 
53, 239, 185, -146, -65, 212, -165, -92, 380, -219, -122, -263, 
53, 248, 195, -151, -70, 222, -161, -92, 385, -209, -112, -263, 
63, 263, 200, -163, -68, 231, -170, -87, 380, -204, -112, -268, 
68, 268, 200, -168, -65, 234, -175, -87, 385, -195, -107, -263, 
73, 283, 209, -178, -68, 246, -180, -87, 395, -180, -92, -263, 
78, 287, 209, -183, -65, 248, -180, -87, 395, -165, -87, -258, 
73, 287, 214, -180, -70, 251, -170, -97, 409, -146, -68, -244, 
68, 292, 224, -180, -78, 258, -175, -97, 419, -131, -68, -239, 
63, 297, 234, -180, -85, 265, -175, -92, 429, -117, -58, -234, 
58, 307, 248, -183, -95, 278, -175, -87, 444, -97, -48, -219, 
68, 326, 258, -197, -95, 292, -180, -87, 448, -87, -39, -209, 
68, 341, 273, -204, -102, 307, -180, -73, 453, -73, -29, -209, 
63, 351, 287, -207, -112, 319, -180, -73, 458, -53, -24, -209, 
63, 366, 302, -214, -119, 334, -180, -73, 473, -39, -9, -200, 
73, 375, 302, -224, -114, 339, -190, -73, 478, -19, 9, -200, 
82, 385, 302, -234, -109, 344, -190, -68, 483, -9, 14, -190, 
92, 400, 307, -246, -107, 353, -190, -53, 492, 4, 24, -180, 
97, 414, 317, -256, -109, 366, -190, -53, 502, 19, 43, -165, 
82, 434, 351, -258, -134, 392, -195, -58, 517, 48, 48, -165, 
82, 444, 361, -263, -139, 402, -200, -53, 527, 73, 58, -156, 
82, 463, 380, -273, -148, 422, -209, -53, 546, 92, 73, -146, 
82, 478, 395, -280, -156, 436, -219, -48, 561, 112, 92, -136, 
73, 483, 409, -278, -168, 446, -209, -43, 570, 151, 117, -122, 
73, 497, 424, -285, -175, 461, -214, -34, 580, 170, 122, -112, 
73, 507, 434, -290, -180, 470, -219, -24, 590, 185, 136, -102, 
73, 522, 448, -297, -187, 485, -224, -24, 605, 209, 151, -87, 
78, 541, 463, -309, -192, 502, -239, -19, 614, 229, 165, -78, 
78, 556, 478, -317, -200, 517, -239, -19, 624, 248, 180, -68, 
82, 566, 483, -324, -200, 524, -239, -9, 634, 263, 190, -58, 
87, 585, 497, -336, -204, 541, -244, -9, 644, 278, 200, -48, 
82, 605, 522, -344, -219, 563, -244, -9, 653, 297, 229, -29, 
78, 619, 541, -348, -231, 580, -244, -9, 668, 317, 234, -19, 
73, 629, 556, -351, -241, 592, -248, -9, 678, 341, 248, -14, 
68, 639, 570, -353, -251, 605, -248, -9, 688, 351, 258, -14, 
68, 644, 575, -356, -253, 610, -248, -4, 697, 356, 258, -4, 
68, 653, 585, -361, -258, 619, -248, -4, 702, 361, 258, 0, 
68, 653, 585, -361, -258, 619, -253, 0, 707, 370, 263, 4, 
58, 653, 595, -356, -268, 624, -253, 0, 707, 370, 268, 9, 
39, 673, 634, -356, -297, 653, -248, 4, 717, 390, 283, 24, 
19, 678, 658, -348, -319, 668, -248, 4, 722, 395, 297, 29, 
0, 678, 678, -339, -339, 678, -244, 9, 722, 400, 312, 39, 
-19, 678, 697, -329, -358, 688, -244, 4, 722, 400, 326, 43, 
19, 688, 668, -353, -324, 678, -263, -9, 712, 385, 297, 29, 
48, 688, 639, -368, -295, 663, -268, -19, 697, 366, 287, 19, 
92, 683, 590, -387, -248, 636, -278, -29, 683, 356, 273, 4, 
126, 683, 556, -405, -214, 619, -283, -53, 663, 326, 253, -4, 
122, 683, 561, -402, -219, 622, -292, -58, 663, 307, 244, -4, 
112, 673, 561, -392, -224, 617, -292, -58, 658, 278, 234, 0, 
102, 668, 566, -385, -231, 617, -302, -63, 644, 258, 224, -4, 
97, 663, 566, -380, -234, 614, -302, -78, 629, 229, 209, -9, 
107, 649, 541, -378, -217, 595, -287, -73, 610, 204, 204, -14, 
107, 639, 531, -373, -212, 585, -287, -82, 590, 170, 185, -34, 
102, 619, 517, -361, -207, 568, -287, -87, 570, 146, 170, -43, 
102, 605, 502, -353, -200, 553, -287, -102, 556, 117, 151, -53, 
102, 585, 483, -344, -190, 534, -278, -107, 536, 87, 146, -78, 
97, 561, 463, -329, -183, 512, -273, -117, 517, 58, 131, -92, 
92, 546, 453, -319, -180, 500, -273, -117, 507, 29, 112, -107, 
82, 531, 448, -307, -183, 490, -268, -126, 492, 9, 102, -122, 
87, 497, 409, -292, -161, 453, -268, -131, 463, -29, 73, -126, 
87, 478, 390, -283, -151, 434, -263, -131, 448, -58, 48, -141, 
97, 458, 361, -278, -131, 409, -263, -141, 439, -87, 24, -151, 
97, 448, 351, -273, -126, 400, -263, -141, 424, -112, 9, -165, 
78, 434, 356, -256, -139, 395, -253, -136, 405, -136, 0, -185, 
73, 409, 336, -241, -131, 373, -239, -141, 390, -146, -9, -190, 
68, 395, 326, -231, -129, 361, -234, -141, 385, -165, -24, -200, 
68, 380, 312, -224, -122, 346, -234, -151, 375, -180, -39, -214, 
73, 366, 292, -219, -109, 329, -234, -156, 356, -200, -53, -229, 
78, 356, 278, -217, -100, 317, -234, -156, 346, -219, -63, -234, 
82, 356, 273, -219, -95, 314, -229, -161, 346, -229, -73, -239, 
82, 346, 263, -214, -90, 305, -229, -161, 336, -244, -78, -239, 
58, 326, 268, -192, -104, 297, -214, -156, 341, -253, -92, -234, 
43, 312, 268, -178, -112, 290, -204, -161, 336, -273, -107, -248, 
29, 307, 278, -168, -124, 292, -200, -161, 336, -283, -112, -248, 
14, 292, 278, -153, -131, 285, -195, -161, 336, -287, -117, -248, 
34, 283, 248, -158, -107, 265, -204, -170, 322, -302, -126, -268, 
43, 268, 224, -156, -90, 246, -204, -170, 307, -317, -131, -278, 
53, 263, 209, -158, -78, 236, -204, -175, 297, -317, -136, -292, 
53, 263, 209, -158, -78, 236, -204, -175, 283, -317, -141, -297, 
29, 263, 234, -146, -102, 248, -190, -165, 297, -312, -126, -287, 
9, 253, 244, -131, -117, 248, -180, -161, 302, -307, -122, -278, 
-14, 248, 263, -117, -139, 256, -170, -156, 307, -302, -117, -268, 
-43, 248, 292, -102, -168, 270, -161, -151, 302, -302, -122, -258, 
-9, 253, 263, -122, -136, 258, -175, -156, 283, -322, -131, -273, 
24, 258, 234, -141, -104, 246, -185, -161, 273, -331, -141, -283, 
58, 258, 200, -158, -70, 229, -195, -170, 268, -336, -151, -292, 
92, 258, 165, -175, -36, 212, -204, -175, 263, -346, -161, -307, 
117, 263, 146, -190, -14, 204, -214, -165, 258, -356, -165, -317, 
131, 263, 131, -197, 0, 197, -224, -165, 248, -356, -170, -317, 
151, 268, 117, -209, 17, 192, -234, -165, 244, -356, -175, -317, 
170, 278, 107, -224, 31, 192, -248, -165, 239, -356, -175, -317, 
156, 273, 117, -214, 19, 195, -244, -161, 244, -346, -175, -307, 
146, 263, 117, -204, 14, 190, -239, -151, 244, -346, -175, -307, 
141, 258, 117, -200, 12, 187, -234, -146, 248, -346, -175, -307, 
141, 253, 112, -197, 14, 183, -229, -146, 253, -346, -175, -307, 
112, 253, 141, -183, -14, 197, -214, -141, 258, -341, -161, -292, 
92, 253, 161, -173, -34, 207, -209, -141, 263, -341, -161, -287, 
73, 253, 180, -163, -53, 217, -204, -136, 273, -336, -156, -283, 
53, 253, 200, -153, -73, 226, -200, -131, 278, -326, -151, -278, 
68, 248, 180, -158, -56, 214, -209, -136, 268, -331, -161, -287, 
82, 248, 165, -165, -41, 207, -209, -141, 268, -341, -165, -292, 
97, 239, 141, -168, -21, 190, -209, -156, 263, -346, -170, -302, 
107, 239, 131, -173, -12, 185, -209, -161, 263, -351, -180, -312, 
78, 239, 161, -158, -41, 200, -204, -156, 273, -341, -170, -317, 
68, 239, 170, -153, -51, 204, -200, -146, 273, -336, -161, -312, 
48, 244, 195, -146, -73, 219, -195, -141, 278, -336, -161, -302, 
24, 244, 219, -134, -97, 231, -190, -136, 278, -341, -165, -297, 
34, 253, 219, -143, -92, 236, -190, -141, 268, -341, -156, -307, 
58, 253, 195, -156, -68, 224, -195, -146, 268, -341, -156, -307, 
68, 253, 185, -161, -58, 219, -195, -151, 268, -341, -165, -307, 
82, 248, 165, -165, -41, 207, -195, -161, 268, -341, -165, -302, 
92, 263, 170, -178, -39, 217, -204, -151, 268, -336, -165, -312, 
102, 253, 151, -178, -24, 202, -204, -151, 268, -336, -165, -312, 
112, 253, 141, -183, -14, 197, -204, -151, 268, -346, -165, -312, 
112, 258, 146, -185, -17, 202, -204, -151, 268, -346, -165, -312, 
102, 263, 161, -183, -29, 212, -204, -141, 268, -331, -165, -302, 
82, 263, 180, -173, -48, 222, -195, -141, 268, -331, -170, -292, 
87, 263, 175, -175, -43, 219, -195, -151, 268, -336, -170, -292, 
97, 273, 175, -185, -39, 224, -204, -151, 263, -336, -165, -302, 
107, 263, 156, -185, -24, 209, -204, -156, 263, -331, -165, -302, 
97, 263, 165, -180, -34, 214, -204, -165, 263, -331, -175, -302, 
97, 263, 165, -180, -34, 214, -204, -165, 263, -331, -175, -302, 
97, 263, 165, -180, -34, 214, -204, -165, 263, -331, -175, -302, 
97, 263, 165, -180, -34, 214, -204, -165, 263, -331, -175, -302, 
82, 263, 180, -173, -48, 222, -200, -161, 258, -331, -170, -292, 
82, 258, 175, -170, -46, 217, -200, -161, 263, -336, -170, -297, 
78, 258, 180, -168, -51, 219, -200, -161, 268, -336, -170, -297, 
73, 258, 185, -165, -56, 222, -195, -161, 273, -341, -175, -297, 
53, 248, 195, -151, -70, 222, -185, -156, 283, -336, -165, -297, 
48, 248, 200, -148, -75, 224, -190, -156, 283, -336, -165, -297, 
48, 248, 200, -148, -75, 224, -190, -151, 283, -336, -165, -302, 
43, 248, 204, -146, -80, 226, -190, -146, 278, -336, -165, -302, 
39, 248, 209, -143, -85, 229, -180, -141, 283, -341, -156, -297, 
34, 244, 209, -139, -87, 226, -175, -136, 283, -341, -156, -292, 
24, 244, 219, -134, -97, 231, -165, -136, 283, -341, -156, -287, 
14, 239, 224, -126, -104, 231, -161, -131, 283, -341, -156, -283, 
14, 239, 224, -126, -104, 231, -165, -141, 273, -346, -161, -292, 
9, 244, 234, -126, -112, 239, -165, -151, 278, -351, -165, -287, 
9, 244, 234, -126, -112, 239, -165, -161, 283, -361, -170, -283, 
9, 244, 234, -126, -112, 239, -161, -170, 283, -366, -175, -283, 
29, 244, 214, -136, -92, 229, -165, -170, 268, -370, -190, -297, 
48, 248, 200, -148, -75, 224, -175, -175, 263, -375, -195, -307, 
63, 248, 185, -156, -61, 217, -180, -175, 258, -380, -200, -312, 
78, 248, 170, -163, -46, 209, -190, -175, 253, -385, -204, -317, 
97, 253, 156, -175, -29, 204, -204, -170, 263, -380, -195, -307, 
112, 258, 146, -185, -17, 202, -209, -161, 263, -380, -195, -307, 
122, 263, 141, -192, -9, 202, -219, -156, 273, -380, -195, -307, 
126, 283, 156, -204, -14, 219, -234, -151, 287, -370, -185, -292, 
117, 312, 195, -214, -39, 253, -229, -161, 312, -361, -175, -283, 
107, 326, 219, -217, -56, 273, -229, -161, 331, -346, -156, -263, 
97, 336, 239, -217, -70, 287, -234, -165, 346, -336, -151, -253, 
73, 346, 273, -209, -100, 309, -239, -170, 361, -331, -146, -239, 
48, 361, 312, -204, -131, 336, -239, -175, 375, -317, -126, -234, 
43, 370, 326, -207, -141, 348, -239, -180, 390, -312, -122, -224, 
39, 380, 341, -209, -151, 361, -248, -185, 405, -302, -117, -214, 
39, 390, 351, -214, -156, 370, -253, -185, 409, -302, -117, -214, 
48, 400, 351, -224, -151, 375, -263, -195, 409, -312, -107, -214, 
53, 405, 351, -229, -148, 378, -263, -195, 419, -307, -107, -214, 
58, 409, 351, -234, -146, 380, -263, -200, 424, -307, -102, -214, 
63, 414, 351, -239, -143, 383, -268, -204, 424, -302, -102, -209, 
78, 419, 341, -248, -131, 380, -268, -209, 414, -307, -112, -219, 
82, 424, 341, -253, -129, 383, -268, -209, 419, -307, -107, -214, 
87, 424, 336, -256, -124, 380, -278, -209, 424, -312, -97, -209, 
92, 444, 351, -268, -129, 397, -287, -219, 429, -317, -97, -204, 
73, 439, 366, -256, -146, 402, -283, -229, 439, -312, -92, -190, 
58, 453, 395, -256, -168, 424, -292, -234, 439, -307, -82, -180, 
39, 463, 424, -251, -192, 444, -292, -239, 439, -302, -78, -170, 
19, 463, 444, -241, -212, 453, -287, -239, 434, -297, -68, -165, 
19, 463, 444, -241, -212, 453, -302, -253, 429, -302, -68, -165, 
24, 463, 439, -244, -207, 451, -302, -258, 419, -307, -73, -165, 
48, 463, 414, -256, -183, 439, -302, -258, 405, -312, -78, -170, 
58, 463, 405, -261, -173, 434, -302, -248, 390, -322, -82, -175, 
53, 444, 390, -248, -168, 417, -283, -234, 356, -326, -82, -185, 
53, 429, 375, -241, -161, 402, -278, -219, 336, -331, -87, -200, 
53, 409, 356, -231, -151, 383, -268, -214, 317, -331, -97, -209, 
48, 390, 341, -219, -146, 366, -258, -204, 312, -346, -107, -209, 
58, 366, 307, -212, -124, 336, -258, -190, 287, -361, -126, -239, 
73, 351, 278, -212, -102, 314, -248, -185, 287, -370, -136, -253, 
82, 331, 248, -207, -82, 290, -244, -185, 283, -375, -151, -268, 
82, 312, 229, -197, -73, 270, -234, -185, 273, -395, -170, -278, 
87, 292, 204, -190, -58, 248, -219, -185, 263, -409, -190, -292, 
82, 278, 195, -180, -56, 236, -209, -190, 258, -419, -195, -307, 
87, 263, 175, -175, -43, 219, -209, -195, 258, -429, -204, -312, 
92, 263, 170, -178, -39, 217, -209, -204, 253, -429, -204, -317, 
87, 239, 151, -163, -31, 195, -204, -190, 244, -444, -219, -322, 
97, 239, 141, -168, -21, 190, -204, -190, 234, -448, -224, -336, 
107, 229, 122, -168, -7, 175, -209, -185, 224, -458, -239, -346, 
117, 219, 102, -168, 7, 161, -214, -180, 219, -478, -248, -356, 
82, 214, 131, -148, -24, 173, -200, -175, 224, -473, -239, -356, 
48, 200, 151, -124, -51, 175, -185, -170, 234, -478, -244, -346, 
24, 195, 170, -109, -73, 183, -175, -165, 239, -478, -244, -341, 
9, 190, 180, -100, -85, 185, -165, -161, 244, -473, -244, -336, 
29, 180, 151, -104, -61, 165, -170, -165, 234, -488, -253, -346, 
34, 170, 136, -102, -51, 153, -165, -175, 229, -488, -258, -351, 
43, 170, 126, -107, -41, 148, -165, -180, 219, -488, -263, -356, 
53, 165, 112, -109, -29, 139, -170, -190, 209, -492, -273, -366, 
82, 170, 87, -126, -2, 129, -185, -185, 200, -497, -278, -385, 
97, 170, 73, -134, 12, 122, -190, -180, 195, -502, -283, -390, 
112, 165, 53, -139, 29, 109, -190, -175, 190, -507, -292, -390, 
122, 161, 39, -141, 41, 100, -195, -170, 185, -517, -297, -390, 
107, 161, 53, -134, 26, 107, -185, -165, 190, -507, -297, -390, 
102, 161, 58, -131, 21, 109, -185, -165, 190, -512, -292, -390, 
92, 161, 68, -126, 12, 114, -185, -165, 190, -512, -292, -395, 
87, 161, 73, -124, 7, 117, -185, -165, 190, -512, -287, -395, 
73, 151, 78, -112, -2, 114, -175, -170, 200, -512, -283, -390, 
68, 146, 78, -107, -4, 112, -165, -170, 200, -507, -283, -385, 
63, 146, 82, -104, -9, 114, -165, -161, 195, -502, -283, -385, 
58, 146, 87, -102, -14, 117, -165, -161, 195, -502, -283, -385, 
48, 146, 97, -97, -24, 122, -156, -165, 204, -497, -273, -380, 
43, 146, 102, -95, -29, 124, -161, -165, 204, -492, -273, -380, 
34, 146, 112, -90, -39, 129, -161, -165, 204, -483, -273, -375, 
24, 141, 117, -82, -46, 129, -161, -165, 204, -478, -273, -370, 
39, 131, 92, -85, -26, 112, -170, -165, 200, -488, -273, -380, 
43, 131, 87, -87, -21, 109, -170, -156, 200, -488, -278, -385, 
48, 131, 82, -90, -17, 107, -170, -156, 200, -488, -278, -385, 
48, 131, 82, -90, -17, 107, -175, -161, 200, -478, -273, -385, 
39, 122, 82, -80, -21, 102, -156, -156, 190, -497, -283, -390, 
48, 146, 97, -97, -24, 122, -165, -156, 204, -488, -268, -390, 
53, 190, 136, -122, -41, 163, -170, -156, 224, -453, -239, -361, 
24, 209, 185, -117, -80, 197, -180, -151, 248, -405, -204, -331, 
4, 224, 219, -114, -107, 222, -170, -141, 258, -351, -180, -317, 
43, 248, 204, -146, -80, 226, -170, -131, 258, -283, -141, -312, 
68, 283, 214, -175, -73, 248, -170, -102, 244, -175, -82, -292, 
29, 322, 292, -175, -131, 307, -175, -63, 244, -39, 9, -234, 
24, 419, 395, -222, -185, 407, -204, -63, 234, 136, 131, -151, 
48, 575, 527, -312, -239, 551, -268, -117, 209, 346, 292, -34, 
68, 751, 683, -409, -307, 717, -356, -219, 170, 522, 463, 87, 
87, 932, 844, -509, -378, 888, -463, -385, 126, 634, 614, 224, 
151, 1127, 976, -639, -412, 1051, -580, -561, 29, 717, 761, 366, 
224, 1268, 1044, -746, -409, 1156, -688, -658, -126, 800, 868, 463, 
297, 1278, 980, -788, -341, 1129, -736, -707, -346, 829, 902, 488, 
375, 1210, 834, -793, -229, 1022, -751, -692, -575, 795, 873, 444, 
414, 1063, 649, -739, -117, 856, -722, -644, -766, 673, 775, 370, 
429, 810, 380, -619, 24, 595, -629, -570, -902, 419, 556, 200, 
448, 468, 19, -458, 214, 244, -502, -483, -1015, 73, 268, -29, 
444, 180, -263, -312, 353, -41, -390, -419, -1098, -273, -9, -229, 
419, -39, -458, -190, 439, -248, -312, -380, -1127, -590, -253, -395, 
405, -204, -610, -100, 507, -407, -253, -375, -1107, -888, -458, -536, 
370, -307, -678, -31, 524, -492, -209, -385, -1063, -1098, -610, -624, 
312, -366, -678, 26, 495, -522, -180, -380, -990, -1278, -702, -663, 
292, -400, -692, 53, 492, -546, -165, -375, -883, -1395, -780, -697, 
278, -361, -639, 41, 458, -500, -185, -385, -751, -1351, -775, -692, 
258, -268, -527, 4, 392, -397, -224, -400, -619, -1200, -683, -644, 
234, -190, -424, -21, 329, -307, -253, -390, -517, -1083, -600, -570, 
239, -117, -356, -61, 297, -236, -278, -380, -429, -980, -536, -522, 
248, -53, -302, -97, 275, -178, -297, -361, -331, -873, -483, -488, 
219, -4, -224, -107, 222, -114, -302, -326, -229, -805, -444, -473, 
165, 34, -131, -100, 148, -48, -273, -263, -131, -746, -414, -448, 
122, 68, -53, -95, 87, 7, -239, -209, -63, -688, -375, -424, 
102, 87, -14, -95, 58, 36, -209, -180, 0, -649, -346, -414, 
97, 102, 4, -100, 46, 53, -185, -175, 34, -634, -341, -400, 
97, 126, 29, -112, 34, 78, -170, -185, 73, -610, -331, -395, 
92, 131, 39, -112, 26, 85, -170, -204, 97, -570, -302, -385, 
82, 141, 58, -112, 12, 100, -170, -195, 126, -541, -287, -390, 
68, 141, 73, -104, -2, 107, -170, -165, 161, -512, -273, -380, 
48, 141, 92, -95, -21, 117, -170, -156, 175, -497, -273, -370, 
53, 146, 92, -100, -19, 119, -180, -146, 180, -502, -258, -380, 
58, 146, 87, -102, -14, 117, -180, -122, 180, -497, -258, -380, 
68, 146, 78, -107, -4, 112, -165, -102, 200, -483, -258, -380, 
73, 151, 78, -112, -2, 114, -161, -97, 200, -478, -253, -380, 
68, 151, 82, -109, -7, 117, -156, -82, 209, -473, -253, -380, 
58, 156, 97, -107, -19, 126, -151, -82, 219, -463, -258, -380, 
53, 151, 97, -102, -21, 124, -146, -87, 224, -463, -258, -385, 
53, 146, 92, -100, -19, 119, -146, -92, 234, -463, -253, -390, 
29, 151, 122, -90, -46, 136, -131, -112, 244, -448, -239, -375, 
4, 156, 151, -80, -73, 153, -126, -112, 258, -439, -229, -366, 
-19, 161, 180, -70, -100, 170, -126, -102, 273, -429, -219, -351, 
-34, 165, 200, -65, -117, 183, -122, -92, 283, -419, -209, -341, 
-14, 175, 190, -80, -102, 183, -136, -102, 283, -419, -214, -351, 
4, 175, 170, -90, -82, 173, -136, -102, 278, -419, -219, -356, 
19, 175, 156, -97, -68, 165, -141, -102, 278, -419, -224, -356, 
34, 185, 151, -109, -58, 168, -146, -107, 278, -419, -219, -361, 
48, 180, 131, -114, -41, 156, -151, -117, 278, -414, -229, -366, 
63, 180, 117, -122, -26, 148, -156, -122, 273, -419, -229, -366, 
78, 185, 107, -131, -14, 146, -161, -122, 273, -414, -229, -361, 
102, 185, 82, -143, 9, 134, -165, -122, 268, -414, -234, -361, 
97, 190, 92, -143, 2, 141, -175, -102, 258, -424, -234, -370, 
122, 195, 73, -158, 24, 134, -180, -102, 273, -424, -234, -370, 
131, 200, 68, -165, 31, 134, -190, -102, 273, -419, -234, -366, 
141, 200, 58, -170, 41, 129, -195, -102, 278, -414, -229, -366, 
122, 214, 92, -168, 14, 153, -190, -87, 292, -400, -219, -351, 
107, 214, 107, -161, 0, 161, -185, -78, 297, -395, -209, -346, 
92, 219, 126, -156, -17, 173, -180, -73, 297, -390, -200, -341, 
78, 224, 146, -151, -34, 185, -170, -63, 302, -380, -190, -331, 
63, 229, 165, -146, -51, 197, -170, -68, 307, -385, -195, -341, 
58, 229, 170, -143, -56, 200, -170, -73, 317, -380, -190, -336, 
53, 234, 180, -143, -63, 207, -175, -78, 322, -380, -185, -336, 
48, 239, 190, -143, -70, 214, -180, -82, 326, -375, -185, -331, 
43, 239, 195, -141, -75, 217, -170, -87, 341, -366, -175, -322, 
43, 239, 195, -141, -75, 217, -165, -87, 351, -361, -175, -322, 
43, 244, 200, -143, -78, 222, -165, -82, 351, -351, -175, -322, 
43, 248, 204, -146, -80, 226, -170, -82, 356, -341, -175, -322, 
63, 253, 190, -158, -63, 222, -175, -92, 351, -341, -180, -326, 
73, 258, 185, -165, -56, 222, -180, -92, 351, -341, -175, -322, 
87, 268, 180, -178, -46, 224, -180, -87, 351, -341, -170, -322, 
97, 268, 170, -183, -36, 219, -185, -87, 351, -336, -165, -326, 
82, 263, 180, -173, -48, 222, -175, -73, 375, -312, -146, -317, 
58, 268, 209, -163, -75, 239, -175, -63, 385, -312, -136, -307, 
43, 278, 234, -161, -95, 256, -175, -58, 395, -297, -126, -297, 
34, 287, 253, -161, -109, 270, -170, -53, 405, -287, -112, -292, 
19, 287, 268, -153, -124, 278, -156, -58, 419, -278, -92, -278, 
0, 287, 287, -143, -143, 287, -156, -58, 434, -263, -87, -273, 
-19, 297, 317, -139, -168, 307, -156, -58, 453, -244, -73, -273, 
-39, 297, 336, -129, -187, 317, -151, -58, 463, -224, -68, -268, 
-4, 297, 302, -146, -153, 300, -165, -68, 453, -239, -78, -283, 
19, 302, 283, -161, -131, 292, -175, -68, 458, -239, -97, -287, 
43, 307, 263, -175, -109, 285, -180, -63, 463, -239, -107, -292, 
68, 317, 248, -192, -90, 283, -185, -58, 473, -234, -117, -287, 
53, 317, 263, -185, -104, 290, -185, -53, 492, -219, -92, -268, 
39, 331, 292, -185, -126, 312, -180, -43, 512, -200, -78, -268, 
19, 341, 322, -180, -151, 331, -175, -48, 531, -175, -68, -268, 
4, 356, 351, -180, -173, 353, -170, -53, 561, -156, -48, -258, 
-14, 356, 370, -170, -192, 363, -165, -43, 585, -126, -34, -244, 
-24, 366, 390, -170, -207, 378, -161, -29, 600, -107, -24, -229, 
-34, 380, 414, -173, -224, 397, -156, -4, 619, -82, -9, -214, 
-48, 395, 444, -173, -246, 419, -151, 4, 639, -58, 14, -195, 
-19, 409, 429, -195, -224, 419, -165, 4, 644, -58, 14, -204, 
4, 424, 419, -214, -207, 422, -170, 4, 653, -43, 9, -204, 
29, 448, 419, -239, -195, 434, -180, 0, 673, -34, 9, -204, 
53, 468, 414, -261, -180, 441, -190, 0, 688, -24, 14, -204, 
68, 483, 414, -275, -173, 448, -195, 9, 697, -4, 19, -200, 
73, 497, 424, -285, -175, 461, -204, 24, 707, 14, 24, -200, 
78, 507, 429, -292, -175, 468, -214, 39, 717, 29, 39, -200, 
82, 522, 439, -302, -178, 480, -224, 43, 732, 53, 53, -195, 
63, 536, 473, -300, -204, 505, -224, 48, 746, 82, 78, -170, 
48, 546, 497, -297, -224, 522, -219, 48, 761, 102, 102, -156, 
39, 551, 512, -295, -236, 531, -214, 58, 775, 117, 122, -141, 
29, 566, 536, -297, -253, 551, -214, 58, 790, 131, 141, -126, 
39, 580, 541, -309, -251, 561, -214, 48, 805, 151, 146, -126, 
39, 590, 551, -314, -256, 570, -214, 48, 814, 161, 146, -117, 
39, 595, 556, -317, -258, 575, -219, 48, 819, 175, 156, -112, 
39, 600, 561, -319, -261, 580, -219, 48, 824, 175, 161, -112, 
24, 605, 580, -314, -278, 592, -209, 63, 834, 185, 175, -102, 
19, 614, 595, -317, -287, 605, -209, 63, 839, 195, 180, -97, 
14, 614, 600, -314, -292, 607, -214, 68, 844, 209, 190, -92, 
0, 614, 614, -307, -307, 614, -214, 68, 844, 214, 200, -87, 
9, 614, 605, -312, -297, 610, -224, 48, 844, 204, 190, -82, 
19, 619, 600, -319, -290, 610, -229, 43, 839, 200, 190, -87, 
29, 619, 590, -324, -280, 605, -229, 43, 829, 195, 190, -87, 
39, 619, 580, -329, -270, 600, -234, 34, 819, 185, 190, -92, 
29, 610, 580, -319, -275, 595, -229, 34, 800, 180, 190, -87, 
19, 610, 590, -314, -285, 600, -229, 29, 785, 170, 190, -87, 
24, 605, 580, -314, -278, 592, -234, 24, 771, 170, 185, -92, 
19, 605, 585, -312, -283, 595, -234, 4, 751, 151, 175, -92, 
4, 610, 605, -307, -300, 607, -224, 0, 727, 146, 180, -92, 
-4, 595, 600, -295, -302, 597, -224, 0, 717, 122, 175, -87, 
-14, 585, 600, -285, -307, 592, -234, -4, 697, 107, 170, -92, 
-19, 575, 595, -278, -307, 585, -234, -19, 678, 82, 161, -97, 
-9, 566, 575, -278, -292, 570, -229, -39, 644, 58, 151, -112, 
0, 551, 551, -275, -275, 551, -229, -53, 619, 24, 136, -131, 
4, 527, 522, -265, -258, 524, -229, -63, 595, 0, 126, -141, 
14, 507, 492, -261, -239, 500, -229, -82, 575, -29, 112, -151, 
39, 497, 458, -268, -209, 478, -234, -82, 536, -73, 82, -175, 
48, 473, 424, -261, -187, 448, -234, -97, 507, -107, 53, -190, 
58, 458, 400, -258, -170, 429, -239, -102, 488, -141, 19, -204, 
63, 444, 380, -253, -158, 412, -239, -117, 463, -165, -4, -219, 
73, 424, 351, -248, -139, 387, -248, -126, 434, -180, -9, -214, 
78, 409, 331, -244, -126, 370, -244, -131, 419, -204, -19, -229, 
92, 395, 302, -244, -104, 348, -244, -146, 409, -229, -29, -239, 
97, 390, 292, -244, -97, 341, -244, -151, 395, -248, -29, -253, 
82, 380, 297, -231, -107, 339, -253, -141, 375, -263, -29, -263, 
82, 361, 278, -222, -97, 319, -239, -141, 361, -273, -39, -268, 
82, 351, 268, -217, -92, 309, -234, -136, 356, -292, -53, -278, 
87, 341, 253, -214, -82, 297, -234, -141, 346, -307, -68, -292, 
102, 336, 234, -219, -65, 285, -248, -146, 331, -326, -87, -307, 
107, 326, 219, -217, -56, 273, -253, -146, 317, -346, -102, -312, 
112, 326, 214, -219, -51, 270, -253, -151, 312, -356, -117, -317, 
112, 317, 204, -214, -46, 261, -258, -151, 297, -370, -126, -317, 
112, 302, 190, -207, -39, 246, -248, -146, 302, -370, -131, -322, 
112, 292, 180, -202, -34, 236, -244, -151, 297, -390, -146, -336, 
112, 292, 180, -202, -34, 236, -244, -151, 297, -400, -151, -336, 
112, 283, 170, -197, -29, 226, -244, -151, 297, -405, -156, -336, 
102, 292, 190, -197, -43, 241, -234, -161, 283, -405, -151, -326, 
102, 278, 175, -190, -36, 226, -234, -161, 278, -414, -151, -326, 
102, 273, 170, -187, -34, 222, -234, -165, 278, -409, -151, -331, 
92, 273, 180, -183, -43, 226, -234, -165, 273, -405, -151, -326, 
87, 273, 185, -180, -48, 229, -219, -161, 283, -395, -136, -317, 
87, 263, 175, -175, -43, 219, -219, -161, 283, -395, -131, -317, 
82, 258, 175, -170, -46, 217, -219, -161, 283, -395, -126, -317, 
73, 258, 185, -165, -56, 222, -219, -161, 273, -400, -131, -317, 
48, 258, 209, -153, -80, 234, -200, -151, 278, -400, -126, -312, 
24, 258, 234, -141, -104, 246, -195, -151, 283, -400, -122, -312, 
0, 253, 253, -126, -126, 253, -190, -156, 292, -395, -117, -312, 
-24, 248, 273, -112, -148, 261, -185, -156, 302, -395, -112, -317, 
-14, 244, 258, -114, -136, 251, -175, -146, 292, -405, -117, -317, 
-14, 244, 258, -114, -136, 251, -175, -146, 287, -405, -122, -317, 
-9, 248, 258, -119, -134, 253, -175, -146, 287, -405, -126, -317, 
-4, 258, 263, -126, -134, 261, -180, -146, 287, -405, -126, -317, 
29, 258, 229, -143, -100, 244, -200, -161, 273, -409, -136, -326, 
58, 253, 195, -156, -68, 224, -209, -161, 263, -414, -146, -336, 
92, 253, 161, -173, -34, 207, -219, -165, 258, -419, -156, -346, 
131, 253, 122, -192, 4, 187, -229, -175, 253, -424, -165, -356, 
165, 258, 92, -212, 36, 175, -244, -190, 244, -434, -170, -366, 
200, 263, 63, -231, 68, 163, -258, -190, 234, -448, -180, -375, 
234, 268, 34, -251, 100, 151, -273, -185, 229, -458, -185, -385, 
268, 273, 4, -270, 131, 139, -287, -180, 219, -463, -190, -395, 
214, 268, 53, -241, 80, 161, -263, -161, 244, -448, -165, -380, 
161, 268, 107, -214, 26, 187, -248, -151, 258, -439, -156, -361, 
107, 258, 151, -183, -21, 204, -234, -151, 268, -424, -146, -346, 
48, 258, 209, -153, -80, 234, -219, -141, 283, -409, -141, -331, 
9, 258, 248, -134, -119, 253, -209, -131, 287, -405, -126, -331, 
0, 258, 258, -129, -129, 258, -200, -126, 292, -395, -112, -322, 
-19, 263, 283, -122, -151, 273, -190, -126, 302, -390, -107, -307, 
-43, 263, 307, -109, -175, 285, -180, -126, 307, -390, -107, -297, 
14, 283, 268, -148, -126, 275, -200, -136, 283, -405, -122, -322, 
87, 283, 195, -185, -53, 239, -224, -146, 268, -419, -136, -336, 
146, 283, 136, -214, 4, 209, -244, -156, 253, -434, -161, -351, 
209, 278, 68, -244, 70, 173, -263, -170, 239, -448, -175, -361, 
190, 278, 87, -234, 51, 183, -253, -161, 248, -448, -175, -361, 
180, 263, 82, -222, 48, 173, -253, -161, 248, -444, -175, -361, 
170, 258, 87, -214, 41, 173, -253, -161, 248, -448, -175, -361, 
151, 258, 107, -204, 21, 183, -253, -161, 248, -444, -175, -361, 
112, 253, 141, -183, -14, 197, -244, -161, 268, -429, -156, -341, 
92, 263, 170, -178, -39, 217, -234, -161, 278, -429, -151, -331, 
107, 263, 156, -185, -24, 209, -234, -161, 278, -444, -161, -331, 
48, 253, 204, -151, -78, 229, -214, -151, 283, -434, -146, -322, 
-29, 253, 283, -112, -156, 268, -185, -126, 302, -409, -117, -302, 
-9, 263, 273, -126, -141, 268, -190, -141, 297, -414, -131, -307, 
9, 263, 253, -136, -122, 258, -195, -146, 292, -419, -136, -312, 
29, 263, 234, -146, -102, 248, -200, -151, 287, -424, -141, -317, 
48, 263, 214, -156, -82, 239, -204, -156, 283, -429, -146, -322, 
73, 263, 190, -168, -58, 226, -214, -170, 268, -444, -165, -331, 
92, 258, 165, -175, -36, 212, -219, -170, 263, -453, -170, -346, 
107, 258, 151, -183, -21, 204, -224, -170, 258, -458, -175, -356, 
122, 258, 136, -190, -7, 197, -224, -170, 253, -468, -185, -366, 
102, 248, 146, -175, -21, 197, -224, -165, 263, -468, -180, -361, 
97, 248, 151, -173, -26, 200, -229, -165, 263, -463, -175, -356, 
97, 248, 151, -173, -26, 200, -229, -161, 263, -458, -170, -356, 
92, 248, 156, -170, -31, 202, -229, -156, 258, -453, -165, -351, 
102, 253, 151, -178, -24, 202, -234, -165, 263, -468, -170, -351, 
102, 253, 151, -178, -24, 202, -234, -165, 263, -468, -175, -351, 
97, 258, 161, -178, -31, 209, -229, -170, 263, -468, -180, -351, 
92, 258, 165, -175, -36, 212, -229, -170, 263, -468, -185, -351, 
78, 248, 170, -163, -46, 209, -219, -165, 273, -458, -185, -341, 
58, 253, 195, -156, -68, 224, -214, -161, 278, -458, -185, -336, 
43, 253, 209, -148, -82, 231, -209, -156, 283, -463, -185, -331, 
29, 253, 224, -141, -97, 239, -200, -151, 283, -463, -185, -331, 
68, 253, 185, -161, -58, 219, -219, -156, 273, -468, -204, -341, 
97, 258, 161, -178, -31, 209, -234, -165, 263, -473, -214, -356, 
122, 258, 136, -190, -7, 197, -244, -170, 253, -478, -224, -366, 
146, 258, 112, -202, 17, 185, -258, -175, 244, -483, -234, -375, 
161, 273, 112, -217, 24, 192, -263, -185, 244, -483, -234, -375, 
170, 278, 107, -224, 31, 192, -268, -180, 244, -488, -234, -375, 
175, 283, 107, -229, 34, 195, -278, -180, 253, -492, -234, -375, 
175, 302, 126, -239, 24, 214, -292, -180, 268, -488, -224, -361, 
161, 312, 151, -236, 4, 231, -283, -180, 297, -478, -204, -351, 
146, 326, 180, -236, -17, 253, -278, -180, 312, -463, -175, -331, 
131, 336, 204, -234, -36, 270, -278, -185, 322, -453, -161, -322, 
102, 346, 244, -224, -70, 295, -278, -190, 331, -448, -146, -307, 
68, 356, 287, -212, -109, 322, -273, -200, 356, -424, -126, -287, 
53, 370, 317, -212, -131, 344, -268, -200, 370, -409, -122, -273, 
39, 385, 346, -212, -153, 366, -273, -200, 385, -390, -117, -258, 
29, 400, 370, -214, -170, 385, -273, -195, 390, -380, -117, -253, 
53, 405, 351, -229, -148, 378, -283, -204, 380, -380, -107, -263, 
63, 405, 341, -234, -139, 373, -283, -204, 390, -375, -107, -263, 
73, 405, 331, -239, -129, 368, -283, -209, 395, -375, -102, -263, 
82, 405, 322, -244, -119, 363, -287, -214, 395, -370, -102, -258, 
102, 409, 307, -256, -102, 358, -297, -209, 385, -380, -107, -268, 
102, 414, 312, -258, -104, 363, -297, -209, 390, -375, -107, -263, 
102, 414, 312, -258, -104, 363, -307, -209, 395, -375, -102, -258, 
102, 434, 331, -268, -114, 383, -317, -219, 400, -375, -107, -253, 
117, 453, 336, -285, -109, 395, -336, -244, 390, -385, -107, -258, 
126, 473, 346, -300, -109, 409, -351, -253, 390, -385, -102, -248, 
131, 488, 356, -309, -112, 422, -356, -263, 390, -385, -102, -239, 
136, 492, 356, -314, -109, 424, -356, -268, 385, -385, -97, -234, 
97, 497, 400, -297, -151, 448, -351, -258, 390, -370, -82, -214, 
73, 492, 419, -283, -173, 456, -341, -258, 390, -366, -82, -204, 
68, 488, 419, -278, -175, 453, -331, -253, 385, -361, -82, -200, 
48, 483, 434, -265, -192, 458, -322, -239, 380, -361, -82, -195, 
78, 463, 385, -270, -153, 424, -326, -229, 351, -380, -97, -219, 
102, 448, 346, -275, -122, 397, -326, -219, 326, -390, -107, -239, 
126, 429, 302, -278, -87, 366, -322, -219, 302, -395, -122, -253, 
146, 409, 263, -278, -58, 336, -317, -214, 292, -414, -136, -258, 
136, 375, 239, -256, -51, 307, -292, -209, 287, -409, -141, -268, 
131, 361, 229, -246, -48, 295, -278, -204, 287, -419, -146, -283, 
122, 341, 219, -231, -48, 280, -268, -204, 283, -424, -156, -297, 
102, 322, 219, -212, -58, 270, -253, -204, 273, -444, -170, -307, 
102, 283, 180, -192, -39, 231, -239, -195, 273, -458, -190, -312, 
92, 268, 175, -180, -41, 222, -229, -190, 268, -468, -195, -326, 
92, 253, 161, -173, -34, 207, -229, -185, 268, -478, -204, -331, 
92, 253, 161, -173, -34, 207, -229, -185, 263, -478, -204, -336, 
102, 239, 136, -170, -17, 187, -234, -185, 253, -502, -229, -351, 
117, 239, 122, -178, -2, 180, -234, -190, 244, -507, -234, -366, 
131, 229, 97, -180, 17, 163, -239, -190, 234, -517, -248, -375, 
146, 219, 73, -183, 36, 146, -244, -190, 229, -536, -258, -385, 
161, 224, 63, -192, 48, 143, -239, -200, 214, -546, -263, -395, 
156, 209, 53, -183, 51, 131, -234, -200, 214, -556, -273, -395, 
161, 204, 43, -183, 58, 124, -234, -200, 209, -561, -278, -400, 
175, 200, 24, -187, 75, 112, -234, -200, 204, -561, -283, -405, 
151, 190, 39, -170, 56, 114, -219, -180, 214, -551, -273, -405, 
122, 180, 58, -151, 31, 119, -204, -175, 219, -546, -268, -400, 
97, 180, 82, -139, 7, 131, -195, -165, 219, -541, -263, -395, 
73, 175, 102, -124, -14, 139, -190, -161, 219, -541, -263, -395, 
92, 161, 68, -126, 12, 114, -195, -175, 209, -556, -273, -409, 
107, 161, 53, -134, 26, 107, -200, -180, 204, -561, -283, -419, 
122, 156, 34, -139, 43, 95, -200, -185, 200, -566, -297, -424, 
131, 151, 19, -141, 56, 85, -204, -190, 195, -575, -307, -429, 
117, 141, 24, -129, 46, 82, -204, -175, 200, -566, -307, -419, 
112, 141, 29, -126, 41, 85, -204, -175, 200, -570, -302, -419, 
102, 141, 39, -122, 31, 90, -204, -175, 200, -570, -302, -424, 
97, 141, 43, -119, 26, 92, -204, -175, 200, -570, -297, -424, 
92, 151, 58, -122, 17, 104, -195, -170, 204, -566, -283, -409, 
87, 146, 58, -117, 14, 102, -185, -170, 209, -556, -283, -405, 
82, 146, 63, -114, 9, 104, -185, -161, 209, -546, -283, -405, 
78, 146, 68, -112, 4, 107, -185, -161, 214, -541, -283, -405, 
82, 146, 63, -114, 9, 104, -185, -170, 224, -546, -287, -409, 
92, 146, 53, -119, 19, 100, -190, -175, 224, -551, -292, -419, 
97, 146, 48, -122, 24, 97, -190, -180, 224, -551, -297, -424, 
102, 141, 39, -122, 31, 90, -190, -185, 224, -556, -302, -429, 
78, 141, 63, -109, 7, 102, -175, -180, 253, -551, -292, -424, 
63, 141, 78, -102, -7, 109, -170, -165, 268, -546, -297, -424, 
48, 141, 92, -95, -21, 117, -165, -161, 283, -541, -297, -419, 
29, 141, 112, -85, -41, 126, -165, -161, 297, -527, -292, -414, 
78, 151, 73, -114, 2, 112, -185, -146, 297, -527, -292, -419, 
97, 165, 68, -131, 14, 117, -195, -156, 302, -517, -278, -409, 
131, 190, 58, -161, 36, 124, -209, -165, 302, -502, -278, -419, 
151, 190, 39, -170, 56, 114, -219, -161, 297, -483, -273, -419, 
141, 214, 73, -178, 34, 143, -209, -122, 317, -409, -239, -395, 
141, 248, 107, -195, 17, 178, -209, -73, 317, -312, -190, -370, 
165, 283, 117, -224, 24, 200, -219, -43, 302, -214, -141, -351, 
175, 331, 156, -253, 9, 244, -234, -43, 283, -97, -68, -312, 
180, 439, 258, -309, -39, 348, -273, -63, 292, 87, 63, -229, 
175, 585, 409, -380, -117, 497, -326, -117, 297, 297, 253, -92, 
136, 761, 624, -448, -244, 692, -395, -209, 287, 483, 434, 48, 
87, 941, 854, -514, -383, 897, -483, -346, 263, 605, 605, 214, 
102, 1107, 1005, -605, -451, 1056, -580, -512, 175, 688, 751, 346, 
195, 1180, 985, -688, -395, 1083, -658, -619, 19, 722, 800, 395, 
336, 1151, 814, -744, -239, 983, -707, -668, -209, 702, 775, 370, 
434, 1054, 619, -744, -92, 836, -722, -683, -429, 629, 707, 297, 
492, 858, 366, -675, 63, 612, -683, -644, -610, 439, 551, 165, 
517, 575, 58, -546, 229, 317, -580, -561, -727, 136, 302, -34, 
488, 273, -214, -380, 351, 29, -473, -463, -800, -190, 43, -224, 
444, 34, -409, -239, 427, -187, -380, -400, -854, -517, -195, -385, 
419, -156, -575, -131, 497, -366, -302, -380, -863, -824, -429, -541, 
375, -292, -668, -41, 522, -480, -244, -375, -824, -1063, -595, -644, 
283, -366, -649, 41, 466, -507, -200, -366, -751, -1244, -688, -683, 
204, -405, -610, 100, 407, -507, -170, -351, -658, -1395, -771, -702, 
165, -400, -566, 117, 366, -483, -165, -356, -531, -1434, -810, -727, 
190, -322, -512, 65, 351, -417, -204, -385, -400, -1342, -766, -692, 
268, -209, -478, -29, 373, -344, -273, -409, -317, -1200, -683, -644, 
331, -112, -444, -109, 387, -278, -322, -429, -253, -1102, -629, -600, 
326, -39, -366, -143, 346, -202, -346, -419, -156, -1019, -575, -561, 
287, 14, -273, -151, 280, -129, -346, -380, -58, -922, -512, -517, 
268, 43, -224, -156, 246, -90, -341, -336, 43, -854, -473, -492, 
244, 82, -161, -163, 202, -39, -322, -292, 122, -805, -453, -478, 
209, 97, -112, -153, 161, -7, -278, -268, 190, -756, -424, -463, 
180, 107, -73, -143, 126, 17, -248, -239, 234, -727, -395, -453, 
156, 131, -24, -143, 90, 53, -234, -204, 278, -683, -370, -429, 
117, 156, 39, -136, 39, 97, -219, -195, 326, -629, -331, -405, 
92, 170, 78, -131, 7, 124, -200, -185, 361, -590, -302, -395, 
73, 161, 87, -117, -7, 124, -190, -165, 390, -561, -297, -390, 
68, 161, 92, -114, -12, 126, -180, -146, 405, -551, -292, -390, 
78, 151, 73, -114, 2, 112, -190, -146, 409, -556, -302, -400, 
97, 161, 63, -129, 17, 112, -200, -151, 405, -561, -302, -405, 
107, 156, 48, -131, 29, 102, -200, -131, 405, -556, -307, -409, 
122, 151, 29, -136, 46, 90, -185, -117, 424, -541, -312, -414, 
131, 151, 19, -141, 56, 85, -180, -117, 424, -536, -312, -419, 
136, 161, 24, -148, 56, 92, -190, -107, 434, -531, -317, -424, 
126, 165, 39, -146, 43, 102, -190, -102, 444, -522, -317, -419, 
122, 161, 39, -141, 41, 100, -190, -102, 448, -522, -312, -419, 
122, 156, 34, -139, 43, 95, -195, -102, 458, -522, -302, -419, 
112, 170, 58, -141, 26, 114, -185, -122, 473, -512, -297, -409, 
102, 175, 73, -139, 14, 124, -185, -122, 483, -507, -287, -405, 
92, 180, 87, -136, 2, 134, -190, -112, 492, -502, -278, -395, 
92, 185, 92, -139, 0, 139, -190, -102, 497, -497, -268, -390, 
73, 175, 102, -124, -14, 139, -180, -87, 502, -483, -258, -385, 
63, 175, 112, -119, -24, 143, -175, -82, 502, -478, -258, -385, 
48, 175, 126, -112, -39, 151, -175, -78, 507, -473, -258, -380, 
34, 185, 151, -109, -58, 168, -175, -78, 512, -468, -248, -380, 
58, 190, 131, -124, -36, 161, -180, -87, 512, -473, -258, -380, 
73, 190, 117, -131, -21, 153, -185, -102, 507, -478, -258, -385, 
87, 195, 107, -141, -9, 151, -190, -112, 507, -473, -258, -385, 
112, 195, 82, -153, 14, 139, -195, -122, 502, -473, -263, -390, 
112, 200, 87, -156, 12, 143, -200, -102, 492, -473, -263, -400, 
131, 204, 73, -168, 29, 139, -200, -102, 507, -473, -263, -400, 
136, 209, 73, -173, 31, 141, -204, -102, 507, -468, -263, -395, 
141, 209, 68, -175, 36, 139, -204, -102, 512, -463, -258, -395, 
126, 214, 87, -170, 19, 151, -195, -102, 527, -448, -244, -380, 
117, 214, 97, -165, 9, 156, -195, -97, 531, -444, -239, -375, 
107, 219, 112, -163, -2, 165, -195, -97, 531, -439, -234, -370, 
97, 224, 126, -161, -14, 175, -190, -92, 536, -429, -229, -361, 
73, 229, 156, -151, -41, 192, -185, -92, 546, -409, -219, -356, 
58, 229, 170, -143, -56, 200, -180, -92, 561, -400, -209, -346, 
43, 234, 190, -139, -73, 212, -180, -92, 570, -395, -200, -341, 
29, 239, 209, -134, -90, 224, -180, -92, 580, -385, -195, -331, 
53, 248, 195, -151, -70, 222, -195, -107, 570, -385, -195, -336, 
73, 248, 175, -161, -51, 212, -195, -107, 575, -390, -195, -341, 
92, 253, 161, -173, -34, 207, -200, -102, 570, -390, -195, -346, 
112, 258, 146, -185, -17, 202, -209, -102, 570, -390, -195, -351, 
87, 253, 165, -170, -39, 209, -200, -97, 585, -370, -185, -346, 
73, 258, 185, -165, -56, 222, -200, -92, 595, -361, -175, -331, 
63, 268, 204, -165, -70, 236, -195, -82, 605, -351, -165, -322, 
48, 268, 219, -158, -85, 244, -195, -78, 614, -336, -156, -317, 
43, 273, 229, -158, -92, 251, -190, -87, 624, -326, -165, -322, 
29, 278, 248, -153, -109, 263, -185, -82, 629, -331, -165, -317, 
24, 287, 263, -156, -119, 275, -180, -82, 634, -322, -165, -312, 
24, 297, 273, -161, -124, 285, -170, -82, 639, -317, -161, -312, 
58, 302, 244, -180, -92, 273, -180, -73, 639, -317, -161, -312, 
78, 307, 229, -192, -75, 268, -195, -68, 639, -312, -165, -312, 
97, 322, 224, -209, -63, 273, -209, -63, 644, -302, -161, -317, 
117, 326, 209, -222, -46, 268, -219, -58, 639, -292, -165, -317, 
131, 346, 214, -239, -41, 280, -229, -63, 634, -283, -151, -322, 
136, 351, 214, -244, -39, 283, -234, -68, 644, -268, -146, -317, 
141, 356, 214, -248, -36, 285, -234, -68, 653, -253, -131, -312, 
146, 366, 219, -256, -36, 292, -234, -68, 668, -234, -117, -297, 
131, 375, 244, -253, -56, 309, -229, -58, 688, -214, -107, -297, 
126, 390, 263, -258, -68, 326, -229, -43, 697, -200, -97, -297, 
117, 400, 283, -258, -82, 341, -229, -43, 707, -180, -92, -297, 
112, 414, 302, -263, -95, 358, -229, -43, 727, -165, -78, -287, 
102, 409, 307, -256, -102, 358, -224, -48, 741, -131, -78, -278, 
92, 414, 322, -253, -114, 368, -219, -39, 756, -117, -73, -268, 
82, 424, 341, -253, -129, 383, -214, -19, 775, -97, -63, -258, 
68, 434, 366, -251, -148, 400, -209, -14, 795, -78, -43, -244, 
53, 453, 400, -253, -173, 427, -209, -14, 810, -58, -39, -244, 
53, 463, 409, -258, -178, 436, -209, -4, 819, -34, -29, -234, 
53, 483, 429, -268, -187, 456, -214, 0, 839, -14, -14, -224, 
53, 497, 444, -275, -195, 470, -219, 9, 854, 4, 4, -214, 
43, 502, 458, -273, -207, 480, -209, 14, 878, 34, 19, -204, 
43, 517, 473, -280, -214, 495, -214, 24, 893, 53, 24, -200, 
43, 527, 483, -285, -219, 505, -219, 34, 907, 68, 39, -195, 
43, 541, 497, -292, -226, 519, -224, 34, 927, 92, 53, -185, 
34, 556, 522, -295, -244, 539, -224, 43, 936, 112, 68, -165, 
29, 566, 536, -297, -253, 551, -219, 48, 946, 131, 82, -156, 
29, 570, 541, -300, -256, 556, -214, 63, 956, 146, 92, -146, 
29, 585, 556, -307, -263, 570, -214, 68, 966, 161, 102, -136, 
48, 610, 561, -329, -256, 585, -214, 58, 971, 170, 107, -136, 
48, 619, 570, -334, -261, 595, -214, 58, 980, 180, 107, -126, 
48, 624, 575, -336, -263, 600, -219, 58, 985, 195, 117, -122, 
48, 629, 580, -339, -265, 605, -219, 58, 990, 195, 122, -122, 
53, 634, 580, -344, -263, 607, -219, 73, 990, 190, 122, -122, 
58, 644, 585, -351, -263, 614, -219, 73, 995, 195, 122, -117, 
63, 644, 580, -353, -258, 612, -224, 78, 1000, 204, 126, -112, 
58, 644, 585, -351, -263, 614, -224, 78, 1000, 204, 131, -107, 
63, 653, 590, -358, -263, 622, -234, 58, 995, 214, 131, -107, 
68, 658, 590, -363, -261, 624, -239, 53, 995, 209, 131, -107, 
73, 658, 585, -366, -256, 622, -239, 53, 990, 204, 131, -102, 
78, 658, 580, -368, -251, 619, -244, 43, 985, 195, 131, -102, 
68, 649, 580, -358, -256, 614, -239, 43, 971, 190, 131, -107, 
68, 649, 580, -358, -256, 614, -239, 39, 961, 180, 131, -107, 
82, 644, 561, -363, -239, 602, -244, 34, 951, 180, 126, -112, 
87, 644, 556, -366, -234, 600, -244, 14, 936, 161, 117, -112, 
97, 639, 541, -368, -222, 590, -253, 9, 907, 131, 107, -117, 
92, 624, 531, -358, -219, 578, -253, 0, 893, 102, 97, -117, 
87, 614, 527, -351, -219, 570, -263, -14, 868, 82, 87, -126, 
87, 605, 517, -346, -214, 561, -263, -39, 844, 53, 73, -136, 
78, 595, 517, -336, -219, 556, -248, -48, 814, 29, 48, -141, 
78, 580, 502, -329, -212, 541, -248, -63, 795, -4, 29, -161, 
73, 556, 483, -314, -204, 519, -248, -73, 775, -29, 14, -170, 
73, 536, 463, -305, -195, 500, -248, -92, 761, -58, -4, -180, 
68, 527, 458, -297, -195, 492, -248, -87, 741, -73, -9, -180, 
68, 502, 434, -285, -183, 468, -244, -97, 722, -97, -24, -190, 
68, 488, 419, -278, -175, 453, -244, -97, 712, -122, -43, -200, 
63, 473, 409, -268, -173, 441, -239, -107, 697, -136, -53, -209, 
73, 453, 380, -263, -153, 417, -244, -122, 663, -170, -78, -219, 
87, 439, 351, -263, -131, 395, -244, -131, 644, -195, -97, -239, 
112, 424, 312, -268, -100, 368, -248, -151, 629, -219, -117, -253, 
126, 419, 292, -273, -82, 356, -253, -161, 610, -239, -126, -273, 
122, 419, 297, -270, -87, 358, -258, -161, 610, -244, -136, -273, 
122, 400, 278, -261, -78, 339, -248, -161, 595, -253, -146, -278, 
122, 390, 268, -256, -73, 329, -248, -156, 590, -273, -161, -287, 
126, 380, 253, -253, -63, 317, -253, -161, 580, -287, -175, -302, 
117, 370, 253, -244, -68, 312, -244, -165, 570, -297, -185, -307, 
117, 356, 239, -236, -61, 297, -244, -165, 561, -307, -190, -312, 
117, 351, 234, -234, -58, 292, -239, -170, 561, -307, -195, -317, 
112, 336, 224, -224, -56, 280, -239, -170, 551, -312, -195, -317, 
102, 331, 229, -217, -63, 280, -239, -165, 546, -312, -200, -317, 
102, 322, 219, -212, -58, 270, -234, -170, 541, -331, -214, -326, 
102, 322, 219, -212, -58, 270, -234, -170, 541, -341, -219, -322, 
102, 312, 209, -207, -53, 261, -234, -170, 541, -346, -224, -317, 
112, 322, 209, -217, -48, 265, -234, -180, 546, -346, -224, -322, 
112, 307, 195, -209, -41, 251, -234, -180, 541, -356, -229, -326, 
112, 302, 190, -207, -39, 246, -234, -185, 541, -351, -234, -336, 
102, 302, 200, -202, -48, 251, -234, -185, 536, -346, -239, -336, 
97, 312, 214, -204, -58, 263, -229, -170, 546, -336, -239, -336, 
97, 302, 204, -200, -53, 253, -229, -170, 546, -336, -239, -336, 
92, 297, 204, -195, -56, 251, -229, -170, 546, -336, -239, -336, 
82, 297, 214, -190, -65, 256, -229, -170, 536, -341, -248, -336, 
73, 292, 219, -183, -73, 256, -214, -170, 541, -341, -239, -331, 
63, 297, 234, -180, -85, 265, -214, -170, 546, -341, -239, -331, 
53, 297, 244, -175, -95, 270, -214, -175, 556, -336, -239, -331, 
43, 297, 253, -170, -104, 275, -214, -175, 566, -336, -239, -336, 
48, 292, 244, -170, -97, 268, -224, -165, 575, -336, -239, -326, 
53, 292, 239, -173, -92, 265, -224, -165, 570, -336, -239, -326, 
63, 297, 234, -180, -85, 265, -224, -165, 570, -336, -239, -326, 
73, 307, 234, -190, -80, 270, -229, -165, 570, -336, -234, -326, 
82, 307, 224, -195, -70, 265, -239, -170, 570, -346, -239, -331, 
87, 302, 214, -195, -63, 258, -239, -170, 566, -346, -244, -336, 
97, 302, 204, -200, -53, 253, -239, -175, 566, -346, -248, -341, 
112, 302, 190, -207, -39, 246, -239, -185, 566, -346, -253, -346, 
92, 312, 219, -202, -63, 265, -234, -175, 580, -326, -239, -331, 
73, 312, 239, -192, -82, 275, -229, -170, 585, -322, -239, -326, 
53, 312, 258, -183, -102, 285, -224, -161, 595, -312, -234, -322, 
34, 312, 278, -173, -122, 295, -219, -151, 600, -297, -229, -317, 
63, 326, 263, -195, -100, 295, -229, -161, 585, -312, -234, -331, 
92, 326, 234, -209, -70, 280, -239, -170, 580, -322, -244, -331, 
122, 317, 195, -219, -36, 256, -248, -190, 570, -326, -253, -336, 
146, 317, 170, -231, -12, 244, -258, -200, 566, -331, -268, -341, 
126, 317, 190, -222, -31, 253, -258, -195, 570, -326, -268, -341, 
136, 317, 180, -226, -21, 248, -258, -185, 575, -317, -258, -341, 
136, 322, 185, -229, -24, 253, -258, -180, 585, -312, -258, -336, 
131, 322, 190, -226, -29, 256, -258, -175, 590, -312, -263, -336, 
117, 336, 219, -226, -51, 278, -258, -175, 600, -297, -253, -336, 
126, 331, 204, -229, -39, 268, -263, -175, 600, -292, -253, -336, 
122, 326, 204, -224, -41, 265, -263, -175, 600, -287, -263, -336, 
122, 317, 195, -219, -36, 256, -263, -180, 600, -283, -263, -331, 
107, 326, 219, -217, -56, 273, -253, -180, 614, -278, -258, -322, 
102, 312, 209, -207, -53, 261, -253, -180, 619, -268, -253, -322, 
97, 307, 209, -202, -56, 258, -253, -180, 624, -268, -248, -322, 
82, 307, 224, -195, -70, 265, -253, -180, 629, -258, -244, -322, 
92, 312, 219, -202, -63, 265, -253, -190, 634, -248, -234, -322, 
92, 312, 219, -202, -63, 265, -253, -190, 639, -244, -239, -322, 
97, 312, 214, -204, -58, 263, -253, -190, 644, -244, -239, -322, 
97, 312, 214, -204, -58, 263, -253, -190, 644, -239, -244, -322, 
78, 307, 229, -192, -75, 268, -253, -180, 663, -219, -244, -312, 
58, 307, 248, -183, -95, 278, -244, -170, 673, -214, -234, -307, 
39, 307, 268, -173, -114, 287, -229, -170, 673, -204, -234, -307, 
48, 302, 253, -175, -102, 278, -234, -195, 673, -204, -244, -322, 
39, 302, 263, -170, -112, 283, -234, -190, 663, -200, -234, -312, 
39, 302, 263, -170, -112, 283, -234, -185, 663, -195, -234, -312, 
39, 302, 263, -170, -112, 283, -234, -180, 663, -190, -234, -312, 
39, 302, 263, -170, -112, 283, -234, -175, 663, -185, -234, -312, 
29, 312, 283, -170, -126, 297, -234, -180, 658, -175, -229, -307, 
24, 307, 283, -165, -129, 295, -229, -180, 663, -170, -229, -307, 
14, 307, 292, -161, -139, 300, -224, -180, 668, -161, -229, -302, 
4, 307, 302, -156, -148, 305, -214, -180, 673, -156, -234, -297, 
48, 317, 268, -183, -109, 292, -229, -195, 658, -151, -253, -317, 
87, 317, 229, -202, -70, 273, -248, -214, 644, -151, -263, -326, 
131, 317, 185, -224, -26, 251, -263, -229, 629, -151, -273, -341, 
170, 317, 146, -244, 12, 231, -278, -244, 610, -151, -283, -351, 
175, 326, 151, -251, 12, 239, -287, -229, 605, -136, -283, -351, 
180, 322, 141, -251, 19, 231, -292, -224, 605, -126, -283, -351, 
180, 322, 141, -251, 19, 231, -292, -224, 605, -117, -283, -351, 
180, 317, 136, -248, 21, 226, -297, -219, 605, -107, -283, -351, 
165, 317, 151, -241, 7, 234, -287, -209, 605, -87, -278, -346, 
146, 322, 175, -234, -14, 248, -283, -200, 610, -68, -273, -336, 
131, 322, 190, -226, -29, 256, -278, -190, 614, -53, -268, -326, 
117, 322, 204, -219, -43, 263, -268, -180, 614, -34, -263, -322, 
117, 322, 204, -219, -43, 263, -258, -190, 614, -19, -273, -322, 
117, 326, 209, -222, -46, 268, -263, -195, 614, -4, -273, -326, 
112, 326, 214, -219, -51, 270, -263, -195, 614, 9, -273, -326, 
107, 326, 219, -217, -56, 273, -268, -195, 614, 24, -273, -326, 
107, 331, 224, -219, -58, 278, -268, -200, 605, 43, -263, -317, 
112, 336, 224, -224, -56, 280, -268, -200, 605, 58, -263, -317, 
112, 341, 229, -226, -58, 285, -273, -204, 614, 73, -263, -317, 
107, 361, 253, -234, -73, 307, -283, -209, 629, 97, -253, -302, 
87, 375, 287, -231, -100, 331, -273, -200, 639, 122, -253, -287, 
78, 385, 307, -231, -114, 346, -268, -200, 653, 151, -234, -273, 
68, 390, 322, -229, -126, 356, -268, -204, 663, 175, -229, -268, 
43, 395, 351, -219, -153, 373, -268, -209, 673, 195, -224, -258, 
43, 400, 356, -222, -156, 378, -268, -214, 683, 204, -214, -253, 
43, 409, 366, -226, -161, 387, -268, -219, 692, 214, -209, -244, 
43, 419, 375, -231, -165, 397, -278, -224, 702, 229, -204, -234, 
48, 429, 380, -239, -165, 405, -283, -224, 702, 234, -204, -234, 
58, 444, 385, -251, -163, 414, -287, -234, 692, 234, -204, -244, 
63, 444, 380, -253, -158, 412, -292, -234, 702, 239, -204, -244, 
68, 444, 375, -256, -153, 409, -297, -239, 707, 239, -200, -244, 
73, 444, 370, -258, -148, 407, -307, -244, 707, 244, -200, -239, 
48, 448, 400, -248, -175, 424, -297, -239, 712, 248, -185, -224, 
24, 453, 429, -239, -202, 441, -287, -229, 722, 258, -175, -214, 
0, 453, 453, -226, -226, 453, -287, -219, 732, 263, -161, -204, 
-24, 473, 497, -224, -261, 485, -287, -219, 741, 268, -156, -195, 
-14, 468, 483, -226, -248, 475, -297, -248, 732, 263, -156, -200, 
-9, 483, 492, -236, -251, 488, -312, -253, 732, 258, -151, -190, 
-9, 492, 502, -241, -256, 497, -317, -258, 732, 253, -151, -180, 
-9, 492, 502, -241, -256, 497, -317, -258, 727, 248, -146, -175, 
-24, 502, 527, -239, -275, 514, -312, -273, 727, 239, -141, -180, 
-24, 502, 527, -239, -275, 514, -312, -287, 722, 239, -141, -175, 
-4, 502, 507, -248, -256, 505, -312, -297, 712, 239, -141, -175, 
0, 502, 502, -251, -251, 502, -312, -297, 702, 234, -141, -175, 
14, 497, 483, -256, -234, 490, -312, -273, 688, 219, -151, -185, 
24, 488, 463, -256, -219, 475, -307, -258, 668, 214, -156, -200, 
34, 473, 439, -253, -202, 456, -297, -253, 649, 214, -165, -209, 
39, 458, 419, -248, -190, 439, -287, -244, 644, 200, -175, -209, 
92, 439, 346, -265, -126, 392, -302, -248, 614, 180, -195, -239, 
151, 429, 278, -290, -63, 353, -317, -253, 600, 156, -214, -263, 
204, 414, 209, -309, -2, 312, -336, -263, 580, 136, -239, -287, 
248, 400, 151, -324, 48, 275, -351, -273, 556, 102, -268, -307, 
244, 380, 136, -312, 53, 258, -341, -253, 546, 82, -283, -312, 
229, 366, 136, -297, 46, 251, -336, -239, 541, 78, -283, -326, 
224, 351, 126, -287, 48, 239, -341, -224, 541, 73, -287, -331, 
219, 351, 131, -285, 43, 241, -346, -214, 536, 78, -283, -336, 
180, 331, 151, -256, 14, 241, -326, -214, 536, 58, -292, -336, 
165, 326, 161, -246, 2, 244, -312, -219, 536, 58, -292, -346, 
151, 312, 161, -231, -4, 236, -302, -219, 536, 53, -302, -351, 
136, 297, 161, -217, -12, 229, -292, -219, 541, 39, -307, -356, 
131, 302, 170, -217, -19, 236, -278, -229, 536, 39, -302, -356, 
117, 287, 170, -202, -26, 229, -273, -229, 536, 29, -312, -356, 
112, 283, 170, -197, -29, 226, -273, -229, 531, 24, -317, -361, 
117, 278, 161, -197, -21, 219, -273, -229, 527, 24, -322, -366, 
102, 278, 175, -190, -36, 226, -268, -234, 527, 9, -317, -370, 
92, 268, 175, -180, -41, 222, -253, -234, 531, 9, -317, -370, 
87, 268, 180, -178, -46, 224, -244, -229, 531, 9, -317, -370, 
82, 263, 180, -173, -48, 222, -239, -229, 531, 4, -322, -375, 
82, 258, 175, -170, -46, 217, -239, -219, 527, 14, -322, -375, 
78, 258, 180, -168, -51, 219, -239, -219, 527, 14, -322, -380, 
73, 253, 180, -163, -53, 217, -234, -219, 527, 14, -326, -380, 
63, 248, 185, -156, -61, 217, -234, -219, 527, 9, -326, -380, 
53, 248, 195, -151, -70, 222, -224, -214, 531, 0, -322, -370, 
53, 248, 195, -151, -70, 222, -224, -214, 531, -4, -322, -370, 
48, 248, 200, -148, -75, 224, -224, -214, 531, -4, -326, -375, 
48, 248, 200, -148, -75, 224, -224, -214, 531, -4, -326, -375, 
68, 258, 190, -163, -61, 224, -234, -209, 522, -9, -331, -380, 
78, 253, 175, -165, -48, 214, -224, -209, 522, -9, -331, -375, 
87, 253, 165, -170, -39, 209, -224, -200, 517, -9, -331, -375, 
97, 253, 156, -175, -29, 204, -224, -200, 517, -14, -331, -375, 
97, 253, 156, -175, -29, 204, -224, -204, 517, -14, -331, -385, 
102, 253, 151, -178, -24, 202, -229, -204, 517, -14, -331, -390, 
102, 253, 151, -178, -24, 202, -229, -204, 517, -9, -331, -390, 
102, 248, 146, -175, -21, 197, -229, -204, 517, -9, -331, -390, 
87, 258, 170, -173, -41, 214, -224, -214, 522, -19, -331, -380, 
82, 258, 175, -170, -46, 217, -219, -204, 522, -19, -336, -385, 
78, 258, 180, -168, -51, 219, -214, -204, 522, -19, -336, -385, 
68, 258, 190, -163, -61, 224, -214, -209, 522, -9, -331, -385, 
136, 258, 122, -197, 7, 190, -224, -263, 502, -29, -341, -390, 
146, 273, 126, -209, 9, 200, -234, -263, 507, -19, -336, -390, 
141, 278, 136, -209, 2, 207, -239, -244, 517, -4, -317, -380, 
122, 278, 156, -200, -17, 217, -229, -190, 522, 34, -302, -380, 
131, 283, 151, -207, -9, 217, -229, -151, 531, 87, -278, -366, 
131, 287, 156, -209, -12, 222, -219, -122, 531, 165, -239, -351, 
117, 302, 185, -209, -34, 244, -190, -82, 536, 263, -200, -331, 
107, 341, 234, -224, -63, 287, -185, -53, 527, 390, -126, -302, 
141, 429, 287, -285, -73, 358, -224, -82, 497, 566, -4, -239, 
204, 566, 361, -385, -78, 463, -297, -156, 463, 756, 136, -131, 
253, 732, 478, -492, -112, 605, -395, -268, 414, 912, 287, -19, 
292, 893, 600, -592, -153, 746, -502, -414, 351, 1034, 439, 107, 
336, 1019, 683, -678, -173, 851, -600, -551, 273, 1078, 527, 209, 
400, 1034, 634, -717, -117, 834, -668, -639, 175, 1054, 527, 209, 
444, 956, 512, -700, -34, 734, -688, -649, 24, 976, 453, 156, 
444, 839, 395, -641, 24, 617, -663, -653, -146, 863, 375, 102, 
434, 634, 200, -534, 117, 417, -595, -644, -317, 644, 209, -29, 
429, 331, -97, -380, 263, 117, -473, -610, -453, 322, -48, -239, 
351, 48, -302, -200, 326, -126, -346, -551, -527, -14, -307, -429, 
258, -151, -409, -53, 334, -280, -234, -478, -561, -302, -517, -570, 
214, -292, -507, 39, 361, -400, -165, -448, -570, -561, -683, -688, 
219, -341, -561, 61, 390, -451, -165, -473, -561, -741, -790, -751, 
224, -346, -570, 61, 397, -458, -190, -522, -536, -912, -873, -771, 
234, -366, -600, 65, 417, -483, -190, -546, -492, -1063, -946, -800, 
273, -351, -624, 39, 448, -488, -214, -531, -434, -1073, -966, -805, 
346, -244, -590, -51, 468, -417, -292, -541, -341, -941, -902, -771, 
385, -102, -488, -141, 436, -295, -370, -566, -248, -810, -810, -692, 
370, 14, -356, -192, 363, -170, -409, -575, -146, -692, -707, -610, 
317, 107, -209, -212, 263, -51, -414, -536, -29, -570, -624, -551, 
248, 151, -97, -200, 173, 26, -395, -497, 87, -473, -551, -507, 
151, 200, 48, -175, 51, 124, -361, -434, 200, -366, -473, -444, 
39, 239, 200, -139, -80, 219, -302, -341, 307, -258, -385, -370, 
-34, 244, 278, -104, -156, 261, -248, -287, 375, -200, -346, -356, 
-14, 244, 258, -114, -136, 251, -219, -278, 400, -180, -346, -366, 
39, 268, 229, -153, -95, 248, -204, -283, 414, -156, -341, -361, 
58, 283, 224, -170, -82, 253, -209, -273, 444, -131, -331, -356, 
112, 287, 175, -200, -31, 231, -219, -273, 458, -122, -341, -375, 
190, 287, 97, -239, 46, 192, -248, -263, 448, -131, -356, -400, 
204, 287, 82, -246, 61, 185, -268, -244, 463, -131, -361, -409, 
165, 278, 112, -222, 26, 195, -258, -224, 488, -117, -341, -400, 
136, 278, 141, -207, -2, 209, -244, -200, 497, -107, -331, -385, 
117, 273, 156, -195, -19, 214, -229, -170, 502, -97, -326, -380, 
102, 268, 165, -185, -31, 217, -200, -146, 527, -78, -322, -375, 
82, 268, 185, -175, -51, 226, -180, -136, 531, -68, -312, -370, 
92, 292, 200, -192, -53, 246, -185, -151, 536, -68, -317, -375, 
97, 302, 204, -200, -53, 253, -190, -161, 541, -63, -317, -370, 
107, 302, 195, -204, -43, 248, -195, -175, 541, -68, -312, -370, 
122, 302, 180, -212, -29, 241, -204, -190, 546, -73, -302, -370, 
131, 307, 175, -219, -21, 241, -209, -190, 536, -78, -307, -370, 
141, 312, 170, -226, -14, 241, -214, -190, 541, -78, -307, -375, 
151, 317, 165, -234, -7, 241, -224, -180, 546, -78, -307, -375, 
170, 322, 151, -246, 9, 236, -229, -170, 546, -78, -307, -380, 
180, 322, 141, -251, 19, 231, -229, -156, 551, -73, -307, -385, 
180, 322, 141, -251, 19, 231, -224, -151, 551, -68, -307, -385, 
175, 322, 146, -248, 14, 234, -224, -146, 556, -63, -307, -380, 
170, 331, 161, -251, 4, 246, -224, -146, 561, -58, -297, -380, 
161, 336, 175, -248, -7, 256, -219, -156, 575, -58, -292, -366, 
151, 336, 185, -244, -17, 261, -214, -161, 575, -58, -287, -366, 
141, 341, 200, -241, -29, 270, -209, -161, 580, -48, -283, -361, 
141, 341, 200, -241, -29, 270, -204, -161, 580, -43, -283, -361, 
97, 336, 239, -217, -70, 287, -195, -146, 595, -39, -273, -346, 
82, 341, 258, -212, -87, 300, -180, -141, 614, -34, -263, -341, 
53, 346, 292, -200, -119, 319, -170, -136, 619, -24, -253, -331, 
24, 346, 322, -185, -148, 334, -156, -131, 629, -14, -239, -326, 
-43, 336, 380, -146, -212, 358, -126, -102, 649, 9, -224, -302, 
-97, 331, 429, -117, -263, 380, -97, -78, 668, 24, -209, -287, 
-151, 331, 483, -90, -317, 407, -68, -58, 683, 39, -195, -273, 
-204, 331, 536, -63, -370, 434, -34, -34, 702, 58, -180, -253, 
-219, 336, 556, -58, -387, 446, -29, -92, 702, 53, -165, -244, 
-224, 336, 561, -56, -392, 448, -24, -151, 707, 58, -161, -239, 
-229, 341, 570, -56, -400, 456, -24, -209, 707, 58, -156, -239, 
-234, 346, 580, -56, -407, 463, -24, -268, 707, 63, -156, -234, 
-29, 380, 409, -175, -219, 395, -112, -263, 653, 19, -200, -287, 
161, 405, 244, -283, -41, 324, -185, -253, 614, -19, -244, -331, 
351, 434, 82, -392, 134, 258, -263, -239, 566, -53, -287, -375, 
541, 463, -78, -502, 309, 192, -346, -229, 522, -87, -331, -419, 
468, 463, -4, -466, 236, 229, -326, -195, 541, -63, -297, -390, 
405, 463, 58, -434, 173, 261, -317, -161, 566, -39, -273, -361, 
346, 468, 122, -407, 112, 295, -302, -122, 590, -14, -248, -336, 
283, 463, 180, -373, 51, 322, -292, -87, 614, 14, -224, -317, 
253, 458, 204, -356, 24, 331, -278, -117, 639, 29, -214, -307, 
214, 463, 248, -339, -17, 356, -263, -131, 649, 29, -204, -297, 
185, 473, 287, -329, -51, 380, -248, -151, 658, 43, -195, -287, 
161, 483, 322, -322, -80, 402, -229, -170, 668, 53, -180, -283, 
170, 478, 307, -324, -68, 392, -224, -146, 663, 53, -175, -283, 
175, 483, 307, -329, -65, 395, -224, -136, 668, 58, -175, -283, 
180, 497, 317, -339, -68, 407, -224, -126, 678, 68, -165, -287, 
185, 502, 317, -344, -65, 409, -219, -117, 678, 78, -165, -287, 
161, 502, 341, -331, -90, 422, -204, -107, 697, 92, -141, -268, 
136, 507, 370, -322, -117, 439, -204, -107, 712, 112, -136, -258, 
112, 512, 400, -312, -143, 456, -200, -102, 727, 131, -122, -248, 
87, 522, 434, -305, -173, 478, -195, -97, 746, 156, -107, -229, 
107, 536, 429, -322, -161, 483, -190, -97, 761, 161, -107, -224, 
117, 556, 439, -336, -161, 497, -190, -82, 775, 170, -97, -229, 
122, 570, 448, -346, -163, 509, -190, -82, 790, 185, -92, -234, 
131, 590, 458, -361, -163, 524, -190, -82, 814, 195, -78, -229, 
146, 605, 458, -375, -156, 531, -170, -63, 834, 229, -58, -214, 
151, 619, 468, -385, -158, 544, -161, -48, 844, 244, -53, -200, 
156, 639, 483, -397, -163, 561, -151, -24, 858, 263, -43, -185, 
156, 658, 502, -407, -173, 580, -141, -14, 873, 283, -24, -165, 
131, 658, 527, -395, -197, 592, -131, -19, 888, 302, 0, -156, 
112, 658, 546, -385, -217, 602, -131, -24, 897, 326, 9, -146, 
92, 668, 575, -380, -241, 622, -136, -34, 917, 346, 24, -136, 
73, 673, 600, -373, -263, 636, -141, -39, 932, 366, 43, -126, 
117, 697, 580, -407, -231, 639, -165, -43, 922, 375, 39, -136, 
161, 712, 551, -436, -195, 631, -185, -34, 922, 375, 34, -141, 
204, 722, 517, -463, -156, 619, -204, -24, 922, 370, 39, -146, 
248, 736, 488, -492, -119, 612, -224, -24, 927, 375, 43, -146, 
146, 727, 580, -436, -217, 653, -200, 24, 961, 414, 78, -112, 
48, 722, 673, -385, -312, 697, -180, 58, 985, 453, 112, -87, 
-43, 712, 756, -334, -400, 734, -161, 102, 1010, 488, 141, -63, 
-136, 712, 849, -287, -492, 780, -146, 136, 1034, 522, 170, -39, 
-97, 722, 819, -312, -458, 771, -151, 82, 1024, 507, 156, -43, 
-68, 727, 795, -329, -431, 761, -156, 39, 1019, 492, 136, -48, 
-39, 727, 766, -344, -402, 746, -165, -4, 1010, 483, 126, -58, 
-9, 727, 736, -358, -373, 732, -170, -48, 1000, 458, 112, -73, 
29, 756, 727, -392, -348, 741, -156, -4, 1005, 448, 112, -68, 
68, 790, 722, -429, -326, 756, -151, 24, 1015, 448, 112, -58, 
107, 814, 707, -461, -300, 761, -151, 58, 1024, 453, 117, -48, 
136, 839, 702, -488, -283, 771, -146, 87, 1029, 448, 122, -39, 
151, 849, 697, -500, -273, 773, -156, 14, 1039, 458, 136, -29, 
156, 854, 697, -505, -270, 775, -170, -43, 1044, 453, 141, -29, 
161, 854, 692, -507, -265, 773, -180, -97, 1044, 448, 146, -24, 
165, 854, 688, -509, -261, 771, -195, -161, 1044, 439, 151, -24, 
204, 849, 644, -527, -219, 746, -224, -107, 1005, 414, 126, -48, 
244, 844, 600, -544, -178, 722, -248, -68, 961, 395, 112, -68, 
297, 834, 536, -566, -119, 685, -278, -29, 917, 385, 92, -92, 
341, 829, 488, -585, -73, 658, -302, -4, 868, 356, 68, -112, 
356, 844, 488, -600, -65, 666, -278, -4, 878, 356, 78, -97, 
366, 849, 483, -607, -58, 666, -263, -9, 883, 336, 78, -87, 
375, 858, 483, -617, -53, 671, -258, -19, 878, 326, 78, -87, 
390, 868, 478, -629, -43, 673, -244, -39, 873, 307, 73, -87, 
326, 824, 497, -575, -85, 661, -253, -39, 844, 292, 63, -82, 
263, 785, 522, -524, -129, 653, -258, -53, 824, 258, 48, -102, 
195, 736, 541, -466, -173, 639, -263, -63, 805, 234, 39, -112, 
131, 692, 561, -412, -214, 627, -268, -82, 790, 204, 24, -122, 
87, 634, 546, -361, -229, 590, -253, -122, 751, 165, -9, -151, 
39, 580, 541, -309, -251, 561, -244, -165, 712, 136, -34, -170, 
-9, 536, 546, -263, -278, 541, -239, -200, 683, 107, -63, -190, 
-63, 492, 556, -214, -309, 524, -229, -244, 649, 87, -82, -209, 
-9, 488, 497, -239, -253, 492, -234, -224, 629, 53, -102, -224, 
39, 488, 448, -263, -204, 468, -234, -209, 614, 19, -117, -239, 
97, 488, 390, -292, -146, 439, -239, -204, 605, -14, -131, -248, 
146, 497, 351, -322, -102, 424, -244, -190, 590, -43, -136, -263, 
73, 488, 414, -280, -170, 451, -219, -204, 595, -34, -122, -253, 
4, 468, 463, -236, -229, 466, -180, -219, 595, -29, -117, -239, 
-63, 458, 522, -197, -292, 490, -151, -229, 605, -34, -117, -229, 
-126, 448, 575, -161, -351, 512, -126, -248, 610, -34, -117, -224, 
-87, 458, 546, -185, -317, 502, -107, -248, 600, -48, -131, -248, 
-48, 463, 512, -207, -280, 488, -97, -244, 590, -63, -141, -253, 
-9, 478, 488, -234, -248, 483, -82, -244, 590, -68, -151, -258, 
24, 483, 458, -253, -217, 470, -73, -239, 580, -78, -156, -258, 
63, 497, 434, -280, -185, 466, -97, -248, 580, -78, -156, -258, 
92, 507, 414, -300, -161, 461, -107, -258, 580, -97, -165, -268, 
122, 527, 405, -324, -141, 466, -122, -263, 585, -107, -165, -263, 
151, 536, 385, -344, -117, 461, -136, -268, 590, -112, -165, -258, 
185, 502, 317, -344, -65, 409, -195, -278, 546, -146, -195, -297, 
219, 463, 244, -341, -12, 353, -244, -278, 512, -180, -229, -326, 
253, 434, 180, -344, 36, 307, -292, -283, 483, -200, -263, -361, 
278, 409, 131, -344, 73, 270, -341, -283, 448, -219, -297, -385, 
229, 380, 151, -305, 39, 265, -307, -253, 444, -219, -287, -375, 
185, 351, 165, -268, 9, 258, -287, -239, 439, -219, -287, -375, 
136, 326, 190, -231, -26, 258, -268, -224, 434, -219, -287, -375, 
82, 307, 224, -195, -70, 265, -248, -209, 419, -224, -297, -375, 
43, 331, 287, -187, -122, 309, -219, -224, 453, -200, -268, -346, 
14, 346, 331, -180, -158, 339, -195, -229, 478, -185, -248, -331, 
-14, 356, 370, -170, -192, 363, -170, -239, 507, -165, -229, -317, 
-43, 366, 409, -161, -226, 387, -146, -244, 536, -151, -209, -307, 
0, 370, 370, -185, -185, 370, -156, -253, 527, -165, -224, -317, 
34, 380, 346, -207, -156, 363, -156, -263, 522, -170, -229, -317, 
73, 395, 322, -234, -124, 358, -156, -273, 522, -175, -234, -317, 
112, 414, 302, -263, -95, 358, -161, -283, 522, -180, -234, -317, 
87, 409, 322, -248, -117, 366, -170, -253, 531, -165, -219, -312, 
58, 400, 341, -229, -141, 370, -170, -229, 536, -161, -214, -307, 
34, 395, 361, -214, -163, 378, -170, -209, 546, -156, -209, -302, 
14, 390, 375, -202, -180, 383, -170, -195, 556, -151, -204, -297, 
24, 400, 375, -212, -175, 387, -146, -214, 556, -151, -195, -307, 
24, 400, 375, -212, -175, 387, -131, -219, 556, -156, -200, -307, 
24, 400, 375, -212, -175, 387, -117, -219, 561, -156, -200, -307, 
24, 400, 375, -212, -175, 387, -102, -219, 561, -151, -200, -307, 
0, 385, 385, -192, -192, 385, -107, -224, 570, -161, -200, -312, 
-24, 375, 400, -175, -212, 387, -112, -229, 570, -165, -204, -312, 
-48, 356, 405, -153, -226, 380, -117, -244, 566, -165, -209, -317, 
-78, 346, 424, -134, -251, 385, -122, -248, 566, -165, -219, -322, 
-48, 366, 414, -158, -231, 390, -141, -253, 556, -175, -224, -336, 
0, 375, 375, -187, -187, 375, -151, -253, 556, -180, -219, -341, 
39, 390, 351, -214, -156, 370, -161, -258, 561, -190, -224, -341, 
73, 400, 326, -236, -126, 363, -170, -263, 561, -204, -234, -346, 
39, 439, 400, -239, -180, 419, -136, -248, 595, -180, -204, -317, 
29, 448, 419, -239, -195, 434, -117, -234, 629, -165, -185, -297, 
4, 458, 453, -231, -224, 456, -92, -219, 663, -151, -175, -278, 
-14, 463, 478, -224, -246, 470, -68, -209, 697, -136, -156, -253, 
-53, 424, 478, -185, -265, 451, -92, -234, 673, -161, -175, -278, 
-82, 380, 463, -148, -273, 422, -107, -258, 658, -170, -185, -292, 
-112, 346, 458, -117, -285, 402, -122, -283, 644, -190, -195, -307, 
-151, 317, 468, -82, -309, 392, -136, -307, 629, -200, -204, -322, 
-58, 336, 395, -139, -226, 366, -165, -302, 605, -224, -229, -341, 
24, 351, 326, -187, -151, 339, -195, -297, 580, -244, -258, -361, 
112, 366, 253, -239, -70, 309, -224, -292, 556, -268, -283, -380, 
195, 380, 185, -287, 4, 283, -253, -287, 527, -287, -312, -400, 
209, 409, 200, -309, 4, 305, -244, -229, 541, -278, -292, -385, 
214, 434, 219, -324, -2, 326, -234, -180, 546, -263, -283, -375, 
219, 448, 229, -334, -4, 339, -219, -131, 551, -253, -273, -361, 
219, 463, 244, -341, -12, 353, -209, -82, 556, -244, -258, -346, 
-14, 424, 439, -204, -226, 431, -209, -131, 595, -204, -204, -307, 
-87, 370, 458, -141, -273, 414, -204, -224, 575, -224, -214, -331, 
-53, 380, 434, -163, -244, 407, -190, -214, 570, -229, -229, -336, 
-19, 390, 409, -185, -214, 400, -185, -214, 566, -234, -234, -341, 
14, 400, 385, -207, -185, 392, -180, -214, 561, -239, -239, -346, 
48, 409, 361, -229, -156, 385, -175, -214, 556, -244, -244, -351, 
48, 390, 341, -219, -146, 366, -200, -185, 536, -258, -263, -361, 
53, 375, 322, -214, -134, 348, -209, -161, 536, -268, -268, -366, 
53, 366, 312, -209, -129, 339, -219, -136, 536, -273, -273, -366, 
53, 356, 302, -204, -124, 329, -224, -112, 536, -283, -283, -366, 
29, 375, 346, -202, -158, 361, -190, -117, 566, -263, -263, -341, 
9, 395, 385, -202, -187, 390, -170, -126, 585, -248, -244, -326, 
-4, 414, 419, -204, -212, 417, -146, -131, 605, -234, -224, -317, 
-24, 434, 458, -204, -241, 446, -122, -136, 619, -219, -204, -302, 
-39, 390, 429, -175, -234, 409, -161, -165, 575, -244, -234, -322, 
-43, 351, 395, -153, -219, 373, -195, -195, 536, -263, -253, -341, 
-53, 317, 370, -131, -212, 344, -224, -229, 497, -283, -273, -361, 
-63, 278, 341, -107, -202, 309, -258, -258, 458, -302, -292, -380, 
-48, 297, 346, -124, -197, 322, -229, -224, 463, -312, -292, -370, 
-39, 312, 351, -136, -195, 331, -214, -200, 473, -312, -292, -366, 
-24, 322, 346, -148, -185, 334, -200, -175, 483, -317, -292, -361, 
-9, 331, 341, -161, -175, 336, -180, -151, 488, -317, -292, -361, 
-63, 351, 414, -143, -239, 383, -136, -161, 531, -283, -253, -326, 
-107, 375, 483, -134, -295, 429, -107, -165, 566, -258, -224, -307, 
-156, 395, 551, -119, -353, 473, -73, -165, 600, -234, -195, -283, 
-204, 414, 619, -104, -412, 517, -43, -165, 634, -209, -165, -258, 
-151, 380, 531, -114, -341, 456, -87, -224, 590, -239, -200, -292, 
-92, 356, 448, -131, -270, 402, -122, -278, 546, -273, -234, -326, 
-39, 331, 370, -146, -204, 351, -161, -336, 512, -307, -268, -361, 
9, 322, 312, -165, -151, 317, -204, -395, 483, -331, -292, -380, 
58, 361, 302, -209, -122, 331, -239, -341, 502, -331, -292, -385, 
97, 395, 297, -246, -100, 346, -258, -297, 517, -317, -273, -370, 
136, 424, 287, -280, -75, 356, -283, -258, 527, -307, -268, -366, 
161, 453, 292, -307, -65, 373, -307, -219, 536, -302, -263, -356, 
107, 448, 341, -278, -117, 395, -292, -219, 561, -283, -244, -341, 
73, 458, 385, -265, -156, 422, -278, -219, 585, -273, -229, -322, 
39, 468, 429, -253, -195, 448, -273, -219, 610, -258, -214, -302, 
9, 478, 468, -244, -229, 473, -263, -214, 624, -253, -204, -292, 
-4, 483, 488, -239, -246, 485, -234, -239, 634, -253, -195, -283, 
-14, 483, 497, -234, -256, 490, -214, -253, 653, -248, -195, -283, 
-24, 483, 507, -229, -265, 495, -195, -273, 668, -248, -190, -283, 
-34, 483, 517, -224, -275, 500, -180, -292, 678, -244, -190, -278, 
-43, 478, 522, -217, -283, 500, -185, -307, 668, -234, -200, -292, 
-53, 473, 527, -209, -290, 500, -190, -317, 663, -229, -195, -292, 
-63, 463, 527, -200, -295, 495, -204, -326, 658, -229, -185, -292, 
-73, 473, 546, -200, -309, 509, -219, -346, 653, -229, -185, -292, 
-24, 502, 527, -239, -275, 514, -239, -331, 658, -234, -175, -278, 
19, 541, 522, -280, -251, 531, -253, -302, 663, -229, -161, -268, 
58, 575, 517, -317, -229, 546, -258, -273, 668, -224, -151, -258, 
97, 600, 502, -348, -202, 551, -258, -239, 668, -219, -136, -253, 
82, 595, 512, -339, -214, 553, -263, -278, 658, -229, -141, -263, 
82, 590, 507, -336, -212, 549, -263, -307, 644, -239, -151, -263, 
102, 585, 483, -344, -190, 534, -263, -331, 624, -248, -161, -268, 
107, 580, 473, -344, -183, 527, -263, -346, 605, -263, -170, -273, 
97, 561, 463, -329, -183, 512, -273, -312, 590, -268, -165, -278, 
92, 546, 453, -319, -180, 500, -287, -287, 570, -273, -165, -287, 
87, 527, 439, -307, -175, 483, -297, -273, 551, -273, -170, -292, 
78, 507, 429, -292, -175, 468, -307, -253, 546, -287, -175, -287, 
63, 507, 444, -285, -190, 475, -258, -224, 561, -268, -165, -287, 
63, 507, 444, -285, -190, 475, -219, -195, 580, -263, -165, -292, 
58, 502, 444, -280, -192, 473, -185, -170, 595, -253, -170, -297, 
43, 497, 453, -270, -204, 475, -146, -146, 605, -258, -180, -297, 
19, 434, 414, -226, -197, 424, -126, -156, 580, -302, -219, -322, 
-14, 395, 409, -190, -212, 402, -112, -170, 561, -322, -234, -346, 
-39, 356, 395, -158, -217, 375, -107, -185, 546, -341, -253, -361, 
-63, 331, 395, -134, -229, 363, -102, -204, 527, -351, -263, -375, 
-102, 317, 419, -107, -261, 368, -63, -214, 531, -351, -258, -366, 
-126, 317, 444, -95, -285, 380, -39, -229, 536, -351, -253, -366, 
-151, 307, 458, -78, -305, 383, -19, -239, 541, -356, -258, -361, 
-175, 297, 473, -61, -324, 385, 0, -248, 551, -370, -258, -356, 
-126, 287, 414, -80, -270, 351, -24, -253, 527, -390, -287, -385, 
-97, 268, 366, -85, -231, 317, -39, -258, 507, -409, -312, -405, 
-58, 258, 317, -100, -187, 287, -58, -263, 483, -424, -331, -429, 
-9, 248, 258, -119, -134, 253, -78, -268, 458, -434, -351, -453, 
14, 239, 224, -126, -104, 231, -92, -229, 439, -453, -366, -463, 
24, 229, 204, -126, -90, 217, -97, -204, 434, -458, -366, -468, 
39, 229, 190, -134, -75, 209, -107, -175, 424, -463, -366, -473, 
53, 224, 170, -139, -58, 197, -122, -151, 414, -473, -370, -483, 
9, 224, 214, -117, -102, 219, -92, -161, 429, -448, -351, -468, 
-29, 229, 258, -100, -143, 244, -73, -170, 448, -434, -341, -458, 
-68, 229, 297, -80, -183, 263, -48, -180, 468, -419, -336, -444, 
-112, 229, 341, -58, -226, 285, -29, -190, 488, -409, -326, -429, 
-68, 253, 322, -92, -195, 287, -48, -175, 502, -414, -331, -439, 
-24, 268, 292, -122, -158, 280, -58, -175, 502, -424, -331, -439, 
14, 283, 268, -148, -126, 275, -68, -175, 502, -429, -336, -444, 
58, 297, 239, -178, -90, 268, -78, -175, 502, -434, -336, -444, 
87, 292, 204, -190, -58, 248, -102, -190, 488, -444, -341, -448, 
107, 283, 175, -195, -34, 229, -107, -190, 473, -448, -351, -453, 
126, 278, 151, -202, -12, 214, -122, -180, 453, -453, -361, -463, 
146, 273, 126, -209, 9, 200, -136, -180, 439, -463, -370, -473, 
117, 263, 146, -190, -14, 204, -122, -161, 429, -458, -366, -463, 
92, 253, 161, -173, -34, 207, -122, -146, 429, -453, -361, -468, 
63, 244, 180, -153, -58, 212, -117, -131, 429, -444, -356, -468, 
34, 229, 195, -131, -80, 212, -112, -117, 429, -439, -351, -468, 
43, 229, 185, -136, -70, 207, -117, -131, 439, -444, -361, -478, 
43, 229, 185, -136, -70, 207, -122, -136, 444, -448, -366, -483, 
43, 229, 185, -136, -70, 207, -126, -151, 448, -453, -366, -483, 
39, 229, 190, -134, -75, 209, -136, -170, 453, -448, -361, -483, 
-9, 151, 161, -70, -85, 156, -117, -156, 405, -488, -409, -507, 
19, 214, 195, -117, -87, 204, -97, -126, 439, -448, -375, -468, 
24, 268, 244, -146, -109, 256, -73, -97, 478, -395, -326, -439, 
4, 248, 244, -126, -119, 246, -63, -82, 483, -366, -312, -439, 
-43, 214, 258, -85, -151, 236, -73, -82, 473, -322, -297, -453, 
-73, 190, 263, -58, -168, 226, -92, -102, 463, -263, -268, -458, 
-78, 175, 253, -48, -165, 214, -92, -112, 439, -195, -258, -468, 
-29, 185, 214, -78, -122, 200, -78, -92, 409, -107, -234, -468, 
53, 253, 200, -153, -73, 226, -87, -63, 370, 29, -170, -434, 
156, 419, 263, -287, -53, 341, -170, -39, 346, 248, -9, -317, 
224, 605, 380, -414, -78, 492, -278, -43, 317, 483, 190, -185, 
214, 766, 551, -490, -168, 658, -366, -122, 273, 653, 341, -48, 
200, 883, 683, -541, -241, 783, -444, -278, 195, 736, 458, 73, 
224, 946, 722, -585, -248, 834, -502, -424, 97, 751, 507, 131, 
278, 907, 629, -592, -175, 768, -492, -502, -34, 692, 483, 107, 
297, 810, 512, -553, -107, 661, -468, -527, -214, 590, 405, 43, 
248, 634, 385, -441, -68, 509, -439, -517, -405, 400, 278, -48, 
185, 361, 175, -273, 4, 268, -346, -463, -561, 117, 48, -219, 
195, 107, -87, -151, 141, 9, -200, -395, -634, -219, -219, -419, 
229, -82, -312, -73, 270, -197, -78, -370, -658, -536, -448, -590, 
214, -234, -448, 9, 331, -341, -19, -380, -668, -824, -653, -727, 
190, -341, -531, 75, 361, -436, -48, -385, -668, -1054, -800, -819, 
263, -346, -610, 41, 436, -478, -112, -385, -653, -1273, -893, -878, 
370, -307, -678, -31, 524, -492, -122, -361, -600, -1473, -976, -907, 
370, -273, -644, -48, 507, -458, -117, -326, -502, -1532, -1005, -912, 
258, -234, -492, -12, 375, -363, -165, -297, -370, -1410, -941, -858, 
190, -141, -331, -24, 261, -236, -224, -322, -268, -1249, -849, -771, 
185, 4, -180, -95, 183, -87, -253, -370, -165, -1112, -736, -678, 
141, 97, -43, -119, 92, 26, -278, -439, -58, -971, -644, -600, 
24, 82, 58, -53, -17, 70, -317, -478, 9, -883, -610, -585, 
-43, 63, 107, -9, -75, 85, -283, -444, 43, -834, -580, -580, 
-29, 122, 151, -46, -90, 136, -224, -341, 131, -736, -522, -546, 
14, 185, 170, -100, -78, 178, -239, -209, 229, -639, -463, -512, 
53, 195, 141, -124, -43, 168, -268, -112, 273, -590, -444, -512, 
0, 190, 190, -95, -95, 190, -224, -68, 317, -556, -419, -507, 
-117, 185, 302, -34, -209, 244, -131, -19, 385, -512, -361, -463, 
-200, 190, 390, 4, -295, 290, -82, 9, 439, -483, -322, -434, 
-170, 190, 361, -9, -265, 275, -73, -48, 458, -473, -326, -448, 
-97, 200, 297, -51, -197, 248, -102, -165, 463, -483, -351, -468, 
-78, 180, 258, -51, -168, 219, -122, -244, 458, -497, -380, -488, 
-68, 190, 258, -61, -163, 224, -122, -195, 468, -483, -375, -483, 
-68, 195, 263, -63, -165, 229, -122, -141, 473, -478, -375, -478, 
-63, 200, 263, -68, -163, 231, -107, -92, 497, -463, -375, -473, 
-63, 209, 273, -73, -168, 241, -102, -58, 502, -458, -370, -468, 
-43, 234, 278, -95, -161, 256, -117, -48, 507, -463, -370, -478, 
-29, 244, 273, -107, -151, 258, -131, -43, 512, -453, -375, -478, 
-9, 244, 253, -117, -131, 248, -146, -43, 512, -453, -375, -483, 
14, 244, 229, -129, -107, 236, -165, -43, 517, -453, -370, -488, 
24, 234, 209, -129, -92, 222, -180, -53, 507, -458, -375, -497, 
24, 234, 209, -129, -92, 222, -185, -53, 502, -458, -375, -502, 
24, 234, 209, -129, -92, 222, -195, -43, 497, -458, -375, -502, 
34, 234, 200, -134, -82, 217, -200, -34, 488, -458, -375, -507, 
19, 224, 204, -122, -92, 214, -190, -24, 492, -444, -366, -502, 
14, 224, 209, -119, -97, 217, -185, -14, 492, -439, -366, -502, 
4, 224, 219, -114, -107, 222, -185, -4, 497, -434, -366, -497, 
-4, 234, 239, -114, -122, 236, -185, 0, 502, -429, -356, -497, 
-19, 239, 258, -109, -139, 248, -185, 0, 517, -429, -361, -483, 
-24, 239, 263, -107, -143, 251, -185, -4, 517, -429, -356, -483, 
-29, 244, 273, -107, -151, 258, -185, -4, 522, -419, -351, -478, 
-24, 244, 268, -109, -146, 256, -185, -4, 522, -414, -351, -478, 
-29, 263, 292, -117, -161, 278, -175, 4, 536, -395, -336, -458, 
-14, 283, 297, -134, -156, 290, -161, 4, 566, -385, -322, -448, 
-14, 302, 317, -143, -165, 309, -151, 4, 580, -370, -307, -434, 
-14, 317, 331, -151, -173, 324, -136, 4, 600, -356, -287, -424, 
-29, 312, 341, -141, -185, 326, -146, -4, 595, -361, -302, -429, 
-29, 302, 331, -136, -180, 317, -156, 0, 590, -366, -307, -434, 
-29, 297, 326, -134, -178, 312, -165, 0, 580, -370, -312, -439, 
-29, 292, 322, -131, -175, 307, -170, 4, 575, -370, -317, -439, 
-48, 283, 331, -117, -190, 307, -180, 14, 561, -375, -322, -448, 
-58, 268, 326, -104, -192, 297, -190, 14, 561, -370, -317, -444, 
-68, 258, 326, -95, -197, 292, -204, 14, 556, -370, -312, -444, 
-78, 248, 326, -85, -202, 287, -219, 14, 551, -366, -312, -439, 
-68, 273, 341, -102, -204, 307, -204, 0, 575, -351, -292, -424, 
-63, 287, 351, -112, -207, 319, -185, 0, 595, -341, -283, -419, 
-58, 307, 366, -124, -212, 336, -170, 4, 605, -326, -273, -414, 
-53, 326, 380, -136, -217, 353, -161, 4, 619, -312, -263, -409, 
-68, 331, 400, -131, -234, 366, -170, 9, 629, -307, -258, -405, 
-73, 336, 409, -131, -241, 373, -180, 14, 634, -302, -253, -390, 
-73, 346, 419, -136, -246, 383, -185, 24, 639, -297, -248, -380, 
-78, 346, 424, -134, -251, 385, -195, 29, 644, -287, -244, -375, 
-68, 351, 419, -141, -244, 385, -195, 29, 653, -283, -239, -370, 
-78, 356, 434, -139, -256, 395, -195, 34, 658, -283, -234, -366, 
-78, 366, 444, -143, -261, 405, -195, 34, 663, -268, -229, -361, 
-73, 375, 448, -151, -261, 412, -190, 34, 668, -258, -219, -361, 
-87, 366, 453, -139, -270, 409, -195, 29, 658, -268, -224, -366, 
-97, 356, 453, -129, -275, 405, -204, 29, 658, -263, -224, -370, 
-107, 356, 463, -124, -285, 409, -214, 29, 663, -253, -214, -380, 
-117, 346, 463, -114, -290, 405, -219, 29, 658, -244, -214, -385, 
-92, 366, 458, -136, -275, 412, -219, 34, 673, -234, -204, -370, 
-78, 380, 458, -151, -268, 419, -224, 39, 683, -219, -204, -366, 
-63, 395, 458, -165, -261, 427, -224, 48, 692, -204, -195, -361, 
-48, 414, 463, -183, -256, 439, -224, 58, 707, -185, -185, -346, 
-68, 414, 483, -173, -275, 448, -219, 78, 727, -165, -165, -326, 
-78, 429, 507, -175, -292, 468, -219, 92, 736, -151, -156, -326, 
-92, 439, 531, -173, -312, 485, -219, 92, 746, -131, -151, -326, 
-102, 453, 556, -175, -329, 505, -219, 92, 766, -117, -136, -317, 
-102, 463, 566, -180, -334, 514, -209, 97, 785, -102, -117, -307, 
-102, 473, 575, -185, -339, 524, -209, 107, 795, -87, -112, -297, 
-102, 488, 590, -192, -346, 539, -209, 126, 810, -68, -102, -287, 
-107, 502, 610, -197, -358, 556, -209, 131, 824, -48, -82, -273, 
-87, 522, 610, -217, -348, 566, -200, 131, 829, -39, -73, -283, 
-73, 531, 605, -229, -339, 568, -200, 131, 839, -14, -68, -273, 
-58, 551, 610, -246, -334, 580, -204, 126, 858, 4, -58, -263, 
-43, 566, 610, -261, -326, 588, -209, 126, 873, 24, -43, -253, 
-39, 580, 619, -270, -329, 600, -229, 136, 873, 43, -34, -253, 
-34, 595, 629, -280, -331, 612, -244, 151, 883, 53, -34, -248, 
-29, 605, 634, -287, -331, 619, -258, 165, 893, 58, -24, -244, 
-24, 619, 644, -297, -334, 631, -273, 170, 907, 73, -14, -234, 
-34, 624, 658, -295, -346, 641, -273, 180, 917, 92, -9, -234, 
-48, 624, 673, -287, -361, 649, -268, 185, 927, 112, 4, -224, 
-58, 619, 678, -280, -368, 649, -263, 200, 936, 126, 14, -214, 
-68, 624, 692, -278, -380, 658, -263, 204, 946, 141, 24, -204, 
-73, 649, 722, -287, -397, 685, -248, 195, 961, 151, 48, -185, 
-78, 658, 736, -290, -407, 697, -244, 195, 971, 161, 48, -175, 
-82, 663, 746, -290, -414, 705, -244, 195, 976, 175, 58, -170, 
-87, 668, 756, -290, -422, 712, -239, 195, 980, 175, 63, -170, 
-78, 688, 766, -305, -422, 727, -248, 195, 990, 175, 63, -161, 
-68, 702, 771, -317, -419, 736, -248, 190, 995, 175, 63, -156, 
-58, 707, 766, -324, -412, 736, -253, 190, 1000, 180, 68, -151, 
-58, 712, 771, -326, -414, 741, -253, 185, 1000, 175, 73, -146, 
-68, 707, 775, -319, -422, 741, -244, 180, 1000, 175, 63, -141, 
-68, 707, 775, -319, -422, 741, -248, 180, 995, 170, 63, -146, 
-68, 702, 771, -317, -419, 736, -248, 185, 985, 165, 63, -146, 
-68, 697, 766, -314, -417, 732, -253, 180, 976, 156, 63, -151, 
-82, 697, 780, -307, -431, 739, -248, 165, 971, 141, 53, -156, 
-87, 697, 785, -305, -436, 741, -248, 156, 961, 131, 53, -156, 
-78, 692, 771, -307, -424, 732, -253, 146, 951, 131, 48, -161, 
-78, 692, 771, -307, -424, 732, -253, 122, 936, 112, 39, -161, 
-68, 692, 761, -312, -414, 727, -258, 122, 932, 107, 48, -156, 
-63, 683, 746, -309, -405, 714, -263, 117, 922, 82, 39, -156, 
-58, 678, 736, -309, -397, 707, -278, 107, 902, 68, 29, -165, 
-48, 673, 722, -312, -385, 697, -283, 87, 883, 43, 14, -175, 
-48, 663, 712, -307, -380, 688, -273, 78, 854, 19, 0, -180, 
-48, 649, 697, -300, -373, 673, -268, 63, 834, -14, -19, -200, 
-53, 624, 678, -285, -366, 651, -263, 53, 814, -39, -34, -209, 
-53, 605, 658, -275, -356, 631, -258, 34, 800, -68, -53, -219, 
-39, 605, 644, -283, -341, 624, -268, 24, 795, -87, -68, -229, 
-29, 590, 619, -280, -324, 605, -263, 9, 780, -107, -82, -239, 
-19, 585, 605, -283, -312, 595, -263, 4, 775, -126, -102, -248, 
-14, 580, 595, -283, -305, 588, -258, -9, 766, -136, -112, -258, 
-39, 546, 585, -253, -312, 566, -244, -14, 751, -151, -122, -263, 
-58, 517, 575, -229, -317, 546, -234, -14, 741, -175, -136, -278, 
-68, 488, 556, -209, -312, 522, -229, -24, 736, -200, -151, -287, 
-87, 468, 556, -190, -322, 512, -224, -24, 727, -219, -156, -302, 
-82, 458, 541, -187, -312, 500, -244, -48, 712, -244, -170, -322, 
-73, 439, 512, -183, -292, 475, -239, -63, 692, -253, -185, -326, 
-63, 429, 492, -183, -278, 461, -244, -73, 683, -273, -204, -336, 
-48, 419, 468, -185, -258, 444, -253, -92, 668, -287, -224, -351, 
-58, 405, 463, -173, -261, 434, -244, -92, 673, -297, -239, -366, 
-58, 395, 453, -168, -256, 424, -244, -87, 668, -307, -248, -370, 
-58, 395, 453, -168, -256, 424, -239, -87, 673, -307, -258, -375, 
-63, 385, 448, -161, -256, 417, -239, -82, 668, -312, -263, -375, 
-63, 375, 439, -156, -251, 407, -239, -92, 683, -312, -263, -370, 
-63, 370, 434, -153, -248, 402, -234, -102, 688, -331, -273, -385, 
-63, 375, 439, -156, -251, 407, -234, -107, 697, -341, -273, -385, 
-63, 370, 434, -153, -248, 402, -234, -112, 707, -346, -273, -385, 
-58, 370, 429, -156, -244, 400, -224, -112, 717, -341, -283, -390, 
-53, 356, 409, -151, -231, 383, -224, -112, 727, -356, -287, -395, 
-48, 351, 400, -151, -224, 375, -224, -117, 741, -356, -292, -405, 
-53, 351, 405, -148, -229, 378, -224, -117, 751, -356, -297, -405, 
-39, 366, 405, -163, -222, 385, -219, -107, 785, -356, -287, -405, 
-29, 361, 390, -165, -209, 375, -219, -102, 810, -356, -287, -405, 
-24, 361, 385, -168, -204, 373, -219, -97, 834, -356, -287, -405, 
-24, 366, 390, -170, -207, 378, -219, -92, 849, -361, -297, -405, 
-39, 375, 414, -168, -226, 395, -219, -82, 878, -351, -292, -395, 
-43, 385, 429, -170, -236, 407, -224, -82, 907, -351, -287, -390, 
-48, 390, 439, -170, -244, 414, -229, -87, 941, -346, -283, -385, 
-53, 395, 448, -170, -251, 422, -234, -87, 976, -346, -278, -385, 
-78, 366, 444, -143, -261, 405, -229, -102, 995, -351, -283, -390, 
-92, 351, 444, -129, -268, 397, -224, -107, 1010, -356, -287, -395, 
-102, 341, 444, -119, -273, 392, -219, -112, 1029, -361, -292, -400, 
-112, 336, 448, -112, -280, 392, -219, -117, 1049, -366, -292, -405, 
-92, 346, 439, -126, -265, 392, -219, -107, 1073, -356, -292, -400, 
-78, 351, 429, -136, -253, 390, -219, -102, 1083, -356, -292, -395, 
-58, 361, 419, -151, -239, 390, -219, -102, 1098, -356, -292, -390, 
-34, 370, 405, -168, -219, 387, -219, -107, 1112, -356, -292, -385, 
-24, 385, 409, -180, -217, 397, -214, -112, 1102, -346, -283, -375, 
-24, 390, 414, -183, -219, 402, -209, -112, 1093, -351, -287, -375, 
-24, 395, 419, -185, -222, 407, -204, -107, 1088, -351, -287, -375, 
-24, 400, 424, -187, -224, 412, -200, -102, 1078, -346, -287, -375, 
-19, 405, 424, -192, -222, 414, -190, -102, 1049, -356, -283, -385, 
-14, 405, 419, -195, -217, 412, -190, -102, 1019, -361, -283, -380, 
-9, 395, 405, -192, -207, 400, -190, -112, 985, -361, -283, -380, 
-9, 395, 405, -192, -207, 400, -190, -112, 956, -361, -287, -380, 
-53, 370, 424, -158, -239, 397, -200, -122, 932, -366, -297, -405, 
-68, 346, 414, -139, -241, 380, -209, -126, 907, -366, -297, -409, 
-92, 326, 419, -117, -256, 373, -219, -136, 888, -370, -307, -409, 
-122, 302, 424, -90, -273, 363, -229, -146, 863, -380, -322, -414, 
-131, 326, 458, -97, -295, 392, -219, -141, 873, -375, -307, -409, 
-117, 331, 448, -107, -283, 390, -214, -136, 873, -370, -302, -405, 
-117, 336, 453, -109, -285, 395, -204, -131, 873, -366, -307, -400, 
-112, 336, 448, -112, -280, 392, -195, -131, 873, -361, -302, -390, 
-92, 351, 444, -129, -268, 397, -209, -131, 858, -375, -302, -395, 
-73, 341, 414, -134, -244, 378, -214, -131, 854, -375, -302, -400, 
-53, 341, 395, -143, -224, 368, -219, -131, 849, -385, -302, -405, 
-43, 346, 390, -151, -217, 368, -224, -131, 844, -385, -302, -409, 
-48, 351, 400, -151, -224, 375, -224, -131, 854, -380, -302, -400, 
-53, 351, 405, -148, -229, 378, -224, -131, 854, -380, -307, -400, 
-53, 351, 405, -148, -229, 378, -224, -131, 854, -385, -307, -400, 
-58, 351, 409, -146, -234, 380, -224, -131, 849, -385, -312, -400, 
-48, 346, 395, -148, -222, 370, -234, -141, 844, -385, -312, -400, 
-48, 356, 405, -153, -226, 380, -234, -141, 839, -380, -312, -405, 
-48, 356, 405, -153, -226, 380, -229, -141, 834, -380, -312, -405, 
-53, 356, 409, -151, -231, 383, -229, -141, 829, -380, -307, -405, 
-43, 356, 400, -156, -222, 378, -239, -151, 814, -380, -302, -395, 
-53, 351, 405, -148, -229, 378, -234, -156, 810, -380, -302, -395, 
-53, 351, 405, -148, -229, 378, -234, -156, 805, -380, -302, -395, 
-53, 356, 409, -151, -231, 383, -234, -146, 800, -380, -307, -395, 
-39, 356, 395, -158, -217, 375, -234, -156, 780, -380, -317, -400, 
-48, 356, 405, -153, -226, 380, -234, -156, 775, -375, -317, -400, 
-48, 361, 409, -156, -229, 385, -229, -156, 766, -375, -312, -405, 
-39, 370, 409, -165, -224, 390, -224, -156, 771, -370, -302, -400, 
-34, 375, 409, -170, -222, 392, -224, -146, 775, -361, -292, -400, 
-29, 380, 409, -175, -219, 395, -224, -146, 780, -361, -292, -400, 
-24, 385, 409, -180, -217, 397, -224, -146, 785, -361, -292, -400, 
-19, 390, 409, -185, -214, 400, -224, -146, 790, -361, -292, -400, 
-34, 370, 405, -168, -219, 387, -239, -156, 771, -361, -312, -405, 
-43, 356, 400, -156, -222, 378, -239, -161, 761, -366, -317, -414, 
-58, 346, 405, -143, -231, 375, -239, -165, 751, -366, -322, -419, 
-73, 336, 409, -131, -241, 373, -234, -170, 741, -370, -331, -424, 
-78, 346, 424, -134, -251, 385, -224, -161, 746, -366, -326, -419, 
-78, 346, 424, -134, -251, 385, -229, -165, 751, -356, -322, -414, 
-73, 346, 419, -136, -246, 383, -229, -165, 756, -346, -317, -414, 
-73, 346, 419, -136, -246, 383, -229, -165, 756, -336, -312, -409, 
-82, 346, 429, -131, -256, 387, -224, -156, 756, -331, -302, -400, 
-82, 341, 424, -129, -253, 383, -214, -156, 761, -322, -302, -400, 
-87, 341, 429, -126, -258, 385, -200, -161, 766, -312, -302, -400, 
-92, 336, 429, -122, -261, 383, -190, -161, 771, -302, -302, -400, 
-131, 331, 463, -100, -297, 397, -175, -151, 780, -278, -287, -385, 
-175, 331, 507, -78, -341, 419, -165, -141, 785, -263, -283, -375, 
-214, 326, 541, -56, -378, 434, -156, -131, 790, -253, -278, -366, 
-253, 322, 575, -34, -414, 448, -141, -122, 790, -239, -273, -361, 
-244, 341, 585, -48, -414, 463, -126, -141, 805, -224, -258, -346, 
-234, 356, 590, -61, -412, 473, -126, -156, 819, -209, -253, -346, 
-229, 366, 595, -68, -412, 480, -122, -165, 834, -195, -248, -341, 
-224, 375, 600, -75, -412, 488, -122, -175, 849, -180, -244, -336, 
-141, 361, 502, -109, -322, 431, -165, -200, 805, -204, -278, -375, 
-63, 356, 419, -146, -241, 387, -209, -219, 761, -234, -312, -405, 
9, 351, 341, -180, -165, 346, -258, -244, 727, -263, -346, -434, 
78, 361, 283, -219, -102, 322, -312, -268, 697, -283, -370, -448, 
87, 385, 297, -236, -104, 341, -331, -253, 717, -263, -356, -439, 
87, 405, 317, -246, -114, 361, -336, -239, 732, -239, -331, -419, 
87, 419, 331, -253, -122, 375, -346, -229, 741, -219, -322, -409, 
73, 434, 361, -253, -143, 397, -356, -219, 751, -204, -312, -395, 
29, 444, 414, -236, -192, 429, -341, -204, 785, -180, -292, -380, 
4, 458, 453, -231, -224, 456, -326, -200, 810, -165, -278, -361, 
-19, 473, 492, -226, -256, 483, -322, -195, 834, -146, -263, -341, 
-39, 488, 527, -224, -283, 507, -312, -185, 849, -136, -253, -331, 
-43, 502, 546, -229, -295, 524, -292, -190, 854, -122, -239, -326, 
-53, 502, 556, -224, -305, 529, -283, -195, 868, -112, -234, -322, 
-63, 502, 566, -219, -314, 534, -273, -204, 878, -107, -224, -317, 
-73, 502, 575, -214, -324, 539, -268, -214, 883, -97, -219, -307, 
-63, 492, 556, -214, -309, 524, -273, -229, 878, -102, -229, -312, 
-63, 492, 556, -214, -309, 524, -278, -229, 878, -102, -234, -312, 
-63, 488, 551, -212, -307, 519, -292, -229, 878, -107, -234, -312, 
-63, 502, 566, -219, -314, 534, -307, -239, 878, -112, -244, -312, 
-68, 512, 580, -222, -324, 546, -302, -253, 883, -102, -234, -302, 
-78, 531, 610, -226, -344, 570, -312, -253, 888, -92, -219, -287, 
-92, 546, 639, -226, -366, 592, -312, -253, 893, -82, -209, -273, 
-107, 551, 658, -222, -383, 605, -307, -248, 893, -73, -195, -263, 
-136, 561, 697, -212, -417, 629, -307, -244, 897, -58, -175, -253, 
-151, 561, 712, -204, -431, 636, -302, -248, 897, -53, -170, -244, 
-146, 561, 707, -207, -427, 634, -297, -248, 893, -48, -165, -239, 
-156, 561, 717, -202, -436, 639, -292, -239, 888, -48, -161, -234, 
-107, 570, 678, -231, -392, 624, -297, -234, 863, -63, -175, -253, 
-73, 566, 639, -246, -356, 602, -297, -219, 844, -68, -185, -268, 
-39, 556, 595, -258, -317, 575, -292, -214, 824, -68, -200, -278, 
-9, 546, 556, -268, -283, 551, -287, -204, 819, -82, -214, -278, 
-24, 517, 541, -246, -283, 529, -287, -200, 790, -97, -224, -307, 
-24, 497, 522, -236, -273, 509, -287, -195, 785, -107, -234, -322, 
-29, 473, 502, -222, -265, 488, -292, -195, 775, -112, -248, -336, 
-43, 448, 492, -202, -268, 470, -292, -195, 761, -131, -268, -346, 
-34, 409, 444, -187, -239, 427, -273, -190, 741, -156, -287, -361, 
-43, 395, 439, -175, -241, 417, -258, -190, 736, -165, -292, -375, 
-43, 380, 424, -168, -234, 402, -253, -190, 736, -175, -302, -380, 
-43, 380, 424, -168, -234, 402, -248, -195, 732, -175, -302, -385, 
-48, 380, 429, -165, -239, 405, -224, -175, 736, -175, -302, -375, 
-48, 385, 434, -168, -241, 409, -214, -170, 741, -175, -302, -385, 
-48, 380, 429, -165, -239, 405, -209, -161, 746, -180, -312, -390, 
-48, 375, 424, -163, -236, 400, -204, -151, 756, -195, -317, -395, 
-43, 346, 390, -151, -217, 368, -214, -170, 727, -214, -331, -414, 
-48, 317, 366, -134, -207, 341, -224, -180, 712, -234, -351, -424, 
-43, 297, 341, -126, -192, 319, -239, -190, 692, -248, -366, -439, 
-29, 278, 307, -124, -168, 292, -253, -200, 673, -258, -380, -453, 
-48, 268, 317, -109, -183, 292, -248, -195, 658, -273, -385, -468, 
-73, 248, 322, -87, -197, 285, -234, -195, 658, -273, -385, -468, 
-92, 239, 331, -73, -212, 285, -224, -190, 653, -273, -385, -468, 
-112, 224, 336, -56, -224, 280, -219, -190, 649, -278, -390, -473, 
-117, 234, 351, -58, -234, 292, -200, -185, 658, -273, -385, -468, 
-117, 239, 356, -61, -236, 297, -190, -180, 663, -268, -380, -468, 
-117, 239, 356, -61, -236, 297, -175, -175, 668, -263, -380, -463, 
-122, 239, 361, -58, -241, 300, -165, -170, 673, -263, -375, -458, 
-122, 239, 361, -58, -241, 300, -165, -170, 678, -253, -375, -448, 
-122, 239, 361, -58, -241, 300, -165, -175, 678, -258, -370, -448, 
-126, 239, 366, -56, -246, 302, -165, -180, 678, -258, -370, -453, 
-126, 239, 366, -56, -246, 302, -165, -185, 678, -258, -366, -453, 
-102, 229, 331, -63, -217, 280, -185, -190, 668, -263, -375, -458, 
-87, 224, 312, -68, -200, 268, -185, -190, 658, -263, -380, -463, 
-73, 224, 297, -75, -185, 261, -195, -180, 644, -263, -385, -473, 
-58, 224, 283, -82, -170, 253, -204, -180, 634, -268, -390, -483, 
-58, 229, 287, -85, -173, 258, -195, -175, 644, -268, -380, -473, 
-53, 234, 287, -90, -170, 261, -200, -175, 644, -268, -380, -478, 
-53, 239, 292, -92, -173, 265, -200, -175, 644, -263, -380, -478, 
-53, 239, 292, -92, -173, 265, -200, -175, 644, -263, -380, -478, 
-73, 234, 307, -80, -190, 270, -190, -165, 649, -253, -370, -468, 
-82, 229, 312, -73, -197, 270, -180, -156, 649, -253, -375, -473, 
-92, 224, 317, -65, -204, 270, -170, -156, 649, -253, -375, -473, 
-107, 219, 326, -56, -217, 273, -165, -161, 649, -244, -370, -473, 
-136, 219, 356, -41, -246, 287, -156, -165, 668, -244, -370, -468, 
-146, 234, 380, -43, -263, 307, -156, -165, 673, -214, -346, -458, 
-141, 239, 380, -48, -261, 309, -151, -165, 663, -200, -346, -458, 
-102, 229, 331, -63, -217, 280, -151, -161, 649, -170, -341, -468, 
-53, 234, 287, -90, -170, 261, -161, -141, 639, -126, -336, -483, 
-24, 248, 273, -112, -148, 261, -161, -82, 639, -58, -307, -478, 
-9, 253, 263, -122, -136, 258, -151, -24, 624, 29, -268, -478, 
-9, 273, 283, -131, -146, 278, -146, 14, 614, 146, -204, -439, 
14, 361, 346, -187, -165, 353, -185, 14, 595, 331, -82, -356, 
48, 507, 458, -278, -204, 483, -258, -29, 561, 531, 68, -239, 
97, 673, 575, -385, -239, 624, -346, -122, 502, 707, 219, -126, 
136, 834, 697, -485, -280, 766, -434, -258, 429, 829, 351, 0, 
151, 961, 810, -556, -329, 885, -522, -385, 361, 893, 458, 102, 
165, 976, 810, -570, -322, 893, -561, -483, 263, 878, 478, 122, 
180, 888, 707, -534, -263, 797, -551, -522, 102, 800, 414, 78, 
200, 771, 570, -485, -185, 671, -546, -546, -87, 678, 326, 14, 
209, 575, 366, -392, -78, 470, -488, -566, -287, 458, 161, -117, 
224, 283, 58, -253, 82, 170, -375, -551, -444, 136, -107, -317, 
224, 0, -224, -112, 224, -112, -278, -531, -536, -209, -385, -527, 
229, -200, -429, -14, 329, -314, -204, -497, -590, -536, -614, -707, 
214, -341, -556, 63, 385, -448, -156, -468, -629, -805, -790, -834, 
200, -380, -580, 90, 390, -480, -156, -492, -610, -985, -897, -897, 
175, -375, -551, 100, 363, -463, -170, -541, -556, -1156, -961, -907, 
156, -375, -531, 109, 344, -453, -170, -566, -483, -1288, -1015, -927, 
136, -351, -488, 107, 312, -419, -165, -541, -385, -1268, -1015, -912, 
102, -263, -366, 80, 234, -314, -224, -522, -273, -1117, -941, -849, 
63, -151, -214, 43, 139, -183, -292, -527, -161, -966, -829, -751, 
19, -14, -34, -2, 26, -24, -331, -517, -39, -819, -717, -649, 
-14, 107, 122, -46, -68, 114, -326, -488, 107, -688, -614, -570, 
-43, 180, 224, -68, -134, 202, -317, -448, 244, -580, -541, -517, 
-53, 239, 292, -92, -173, 265, -322, -414, 336, -502, -492, -492, 
-39, 258, 297, -109, -168, 278, -302, -370, 395, -444, -453, -478, 
-34, 244, 278, -104, -156, 261, -258, -317, 424, -414, -444, -492, 
-34, 234, 268, -100, -151, 251, -219, -278, 448, -395, -444, -492, 
-19, 258, 278, -119, -148, 268, -204, -244, 473, -361, -429, -488, 
-9, 273, 283, -131, -146, 278, -200, -224, 502, -336, -409, -473, 
-34, 268, 302, -117, -168, 285, -180, -204, 527, -317, -400, -473, 
-63, 268, 331, -102, -197, 300, -170, -195, 556, -297, -385, -468, 
-68, 268, 336, -100, -202, 302, -170, -185, 570, -287, -390, -468, 
-78, 268, 346, -95, -212, 307, -170, -175, 585, -283, -380, -468, 
-73, 268, 341, -97, -207, 305, -170, -170, 600, -287, -385, -478, 
-68, 263, 331, -97, -200, 297, -170, -151, 600, -283, -385, -478, 
-58, 258, 317, -100, -187, 287, -156, -136, 619, -268, -385, -478, 
-53, 258, 312, -102, -183, 285, -151, -136, 619, -263, -380, -478, 
-68, 273, 341, -102, -204, 307, -151, -131, 629, -253, -370, -463, 
-78, 283, 361, -102, -219, 322, -151, -131, 639, -239, -366, -458, 
-82, 283, 366, -100, -224, 324, -151, -136, 644, -234, -356, -458, 
-82, 283, 366, -100, -224, 324, -156, -141, 653, -229, -341, -458, 
-82, 297, 380, -107, -231, 339, -146, -141, 653, -239, -346, -463, 
-82, 302, 385, -109, -234, 344, -146, -141, 658, -234, -346, -463, 
-82, 307, 390, -112, -236, 348, -151, -131, 663, -229, -346, -458, 
-73, 312, 385, -119, -229, 348, -151, -122, 663, -224, -346, -458, 
-73, 312, 385, -119, -229, 348, -151, -126, 658, -219, -336, -463, 
-73, 312, 385, -119, -229, 348, -146, -122, 658, -214, -336, -463, 
-78, 312, 390, -117, -234, 351, -146, -117, 663, -209, -336, -458, 
-82, 322, 405, -119, -244, 363, -146, -117, 668, -204, -326, -458, 
-92, 326, 419, -117, -256, 373, -146, -117, 673, -195, -331, -444, 
-92, 326, 419, -117, -256, 373, -146, -122, 673, -195, -326, -444, 
-92, 331, 424, -119, -258, 378, -146, -122, 678, -185, -322, -439, 
-82, 331, 414, -124, -248, 373, -146, -122, 678, -180, -322, -439, 
-87, 346, 434, -129, -261, 390, -141, -112, 668, -190, -312, -439, 
-73, 351, 424, -139, -248, 387, -141, -112, 683, -190, -312, -439, 
-73, 356, 429, -141, -251, 392, -146, -112, 683, -185, -312, -434, 
-73, 356, 429, -141, -251, 392, -146, -112, 688, -180, -307, -434, 
-68, 366, 434, -148, -251, 400, -136, -102, 697, -170, -302, -429, 
-68, 370, 439, -151, -253, 405, -136, -97, 707, -161, -297, -424, 
-68, 380, 448, -156, -258, 414, -136, -97, 712, -151, -292, -419, 
-68, 390, 458, -161, -263, 424, -131, -92, 722, -136, -287, -409, 
-73, 385, 458, -156, -265, 422, -141, -102, 732, -131, -273, -409, 
-78, 385, 463, -153, -270, 424, -141, -102, 736, -126, -268, -405, 
-82, 390, 473, -153, -278, 431, -146, -102, 736, -126, -263, -405, 
-87, 395, 483, -153, -285, 439, -151, -102, 736, -122, -263, -400, 
-97, 400, 497, -151, -297, 448, -151, -107, 727, -126, -263, -409, 
-102, 395, 497, -146, -300, 446, -146, -107, 732, -126, -263, -409, 
-107, 395, 502, -143, -305, 448, -146, -102, 727, -122, -263, -409, 
-112, 395, 507, -141, -309, 451, -151, -102, 727, -117, -263, -409, 
-97, 400, 497, -151, -297, 448, -161, -112, 717, -102, -268, -409, 
-92, 405, 497, -156, -295, 451, -170, -112, 722, -97, -263, -400, 
-82, 414, 497, -165, -290, 456, -175, -107, 727, -92, -258, -395, 
-78, 414, 492, -168, -285, 453, -185, -107, 732, -82, -253, -395, 
-63, 434, 497, -185, -280, 466, -175, -102, 751, -68, -244, -385, 
-68, 444, 512, -187, -290, 478, -175, -92, 756, -68, -234, -375, 
-63, 458, 522, -197, -292, 490, -175, -87, 761, -53, -224, -366, 
-53, 473, 527, -209, -290, 500, -170, -82, 766, -43, -209, -361, 
-58, 478, 536, -209, -297, 507, -161, -82, 780, -39, -209, -356, 
-68, 483, 551, -207, -309, 517, -165, -78, 785, -29, -204, -351, 
-78, 497, 575, -209, -326, 536, -170, -73, 795, -14, -190, -351, 
-87, 502, 590, -207, -339, 546, -170, -68, 795, 0, -185, -346, 
-122, 507, 629, -192, -375, 568, -151, -53, 810, 14, -161, -326, 
-146, 507, 653, -180, -400, 580, -146, -48, 829, 34, -156, -317, 
-170, 507, 678, -168, -424, 592, -136, -39, 849, 53, -141, -307, 
-195, 512, 707, -158, -451, 610, -126, -29, 873, 78, -126, -287, 
-175, 522, 697, -173, -436, 610, -146, -24, 868, 82, -122, -292, 
-156, 536, 692, -190, -424, 614, -151, -14, 873, 92, -117, -297, 
-141, 546, 688, -202, -414, 617, -156, -19, 878, 107, -117, -302, 
-122, 561, 683, -219, -402, 622, -161, -24, 893, 117, -107, -297, 
-82, 561, 644, -239, -363, 602, -180, -29, 883, 126, -117, -297, 
-53, 570, 624, -258, -339, 597, -190, -19, 883, 126, -122, -297, 
-24, 585, 610, -280, -317, 597, -200, 0, 888, 131, -122, -297, 
0, 600, 600, -300, -300, 600, -209, 4, 893, 136, -112, -292, 
-34, 610, 644, -287, -339, 627, -195, 24, 922, 161, -92, -287, 
-53, 619, 673, -283, -363, 646, -190, 34, 936, 190, -78, -273, 
-73, 639, 712, -283, -392, 675, -190, 39, 961, 214, -58, -258, 
-92, 653, 746, -280, -419, 700, -190, 48, 980, 239, -34, -244, 
-102, 668, 771, -283, -436, 719, -185, 43, 1000, 258, -14, -224, 
-112, 683, 795, -285, -453, 739, -185, 53, 1010, 278, -4, -219, 
-122, 692, 814, -285, -468, 753, -185, 63, 1019, 292, 14, -214, 
-131, 707, 839, -287, -485, 773, -185, 63, 1034, 317, 34, -204, 
-97, 722, 819, -312, -458, 771, -204, 68, 1034, 326, 29, -209, 
-78, 732, 810, -326, -444, 771, -209, 68, 1034, 336, 34, -204, 
-53, 736, 790, -341, -422, 763, -214, 78, 1034, 341, 34, -200, 
-29, 751, 780, -361, -405, 766, -224, 78, 1034, 346, 34, -195, 
-9, 775, 785, -383, -397, 780, -234, 87, 1049, 366, 58, -185, 
-9, 785, 795, -387, -402, 790, -234, 97, 1058, 375, 58, -175, 
-9, 790, 800, -390, -405, 795, -239, 107, 1063, 390, 68, -170, 
-9, 795, 805, -392, -407, 800, -239, 117, 1068, 390, 73, -170, 
-19, 810, 829, -395, -424, 819, -234, 122, 1078, 385, 82, -165, 
-29, 819, 849, -395, -439, 834, -229, 122, 1083, 390, 82, -156, 
-39, 819, 858, -390, -448, 839, -229, 126, 1088, 400, 87, -146, 
-58, 819, 878, -380, -468, 849, -224, 126, 1088, 400, 92, -136, 
-63, 814, 878, -375, -470, 846, -214, 107, 1083, 400, 92, -131, 
-68, 814, 883, -373, -475, 849, -219, 102, 1083, 395, 92, -136, 
-73, 810, 883, -368, -478, 846, -219, 102, 1078, 390, 92, -136, 
-78, 805, 883, -363, -480, 844, -224, 92, 1073, 380, 92, -141, 
-92, 814, 907, -361, -500, 861, -219, 102, 1068, 385, 87, -141, 
-97, 814, 912, -358, -505, 863, -219, 97, 1058, 375, 92, -136, 
-87, 810, 897, -361, -492, 854, -224, 92, 1049, 375, 92, -136, 
-87, 810, 897, -361, -492, 854, -224, 73, 1034, 356, 87, -131, 
-82, 814, 897, -366, -490, 856, -239, 48, 1015, 341, 78, -146, 
-82, 800, 883, -358, -483, 841, -244, 39, 1000, 317, 68, -146, 
-82, 790, 873, -353, -478, 832, -258, 24, 976, 302, 58, -156, 
-78, 780, 858, -351, -468, 819, -263, 0, 951, 278, 43, -165, 
-87, 761, 849, -336, -468, 805, -253, 0, 932, 258, 39, -170, 
-87, 746, 834, -329, -461, 790, -248, -14, 912, 229, 19, -190, 
-92, 722, 814, -314, -453, 768, -244, -24, 893, 209, 4, -200, 
-92, 702, 795, -305, -444, 749, -239, -43, 878, 185, -14, -209, 
-78, 688, 766, -305, -422, 727, -239, -53, 858, 165, -24, -224, 
-78, 668, 746, -295, -412, 707, -234, -68, 839, 136, -43, -239, 
-78, 658, 736, -290, -407, 697, -234, -73, 829, 107, -68, -253, 
-82, 649, 732, -283, -407, 690, -229, -87, 814, 87, -82, -268, 
-82, 639, 722, -278, -402, 680, -239, -97, 805, 73, -97, -268, 
-78, 624, 702, -273, -390, 663, -234, -102, 790, 58, -107, -278, 
-63, 610, 673, -273, -368, 641, -234, -117, 780, 43, -117, -283, 
-58, 605, 663, -273, -361, 634, -234, -122, 766, 34, -117, -292, 
-78, 590, 668, -256, -373, 629, -224, -126, 746, 14, -136, -312, 
-82, 566, 649, -241, -366, 607, -209, -131, 732, 0, -146, -317, 
-87, 551, 639, -231, -363, 595, -204, -131, 727, -24, -161, -326, 
-87, 536, 624, -224, -356, 580, -204, -141, 717, -43, -175, -341, 
-73, 541, 614, -234, -344, 578, -214, -156, 697, -58, -190, -346, 
-58, 531, 590, -236, -324, 561, -224, -156, 688, -73, -200, -351, 
-43, 531, 575, -244, -309, 553, -229, -161, 688, -78, -209, -356, 
-34, 522, 556, -244, -295, 539, -239, -161, 678, -87, -214, -356, 
-34, 497, 531, -231, -283, 514, -239, -165, 663, -97, -219, -366, 
-34, 488, 522, -226, -278, 505, -234, -170, 658, -117, -234, -385, 
-34, 488, 522, -226, -278, 505, -234, -170, 658, -126, -239, -390, 
-34, 478, 512, -222, -273, 495, -234, -170, 658, -131, -244, -395, 
-48, 488, 536, -219, -292, 512, -219, -161, 658, -131, -239, -385, 
-63, 473, 536, -204, -300, 505, -214, -161, 658, -141, -239, -385, 
-78, 468, 546, -195, -312, 507, -209, -165, 663, -136, -239, -390, 
-102, 468, 570, -183, -336, 519, -204, -165, 663, -131, -239, -385, 
-102, 478, 580, -187, -341, 529, -195, -161, 673, -131, -239, -375, 
-97, 468, 566, -185, -331, 517, -190, -161, 673, -131, -239, -375, 
-97, 463, 561, -183, -329, 512, -185, -161, 673, -131, -239, -375, 
-102, 463, 566, -180, -334, 514, -180, -161, 663, -136, -248, -375, 
-97, 463, 561, -183, -329, 512, -185, -165, 663, -141, -239, -380, 
-102, 463, 566, -180, -334, 514, -185, -170, 663, -146, -239, -380, 
-107, 458, 566, -175, -336, 512, -185, -180, 668, -146, -239, -380, 
-112, 453, 566, -170, -339, 509, -185, -185, 673, -151, -239, -385, 
-107, 448, 556, -170, -331, 502, -185, -175, 673, -141, -239, -375, 
-102, 448, 551, -173, -326, 500, -185, -175, 668, -141, -239, -375, 
-92, 453, 546, -180, -319, 500, -185, -175, 668, -141, -239, -375, 
-82, 463, 546, -190, -314, 505, -190, -175, 668, -141, -234, -375, 
-68, 463, 531, -197, -300, 497, -200, -185, 658, -151, -234, -385, 
-68, 458, 527, -195, -297, 492, -200, -180, 653, -151, -234, -385, 
-63, 458, 522, -197, -292, 490, -200, -180, 653, -151, -234, -385, 
-53, 458, 512, -202, -283, 485, -200, -185, 653, -151, -234, -385, 
-53, 468, 522, -207, -287, 495, -200, -185, 653, -151, -244, -395, 
-53, 468, 522, -207, -287, 495, -200, -180, 653, -156, -248, -395, 
-53, 468, 522, -207, -287, 495, -200, -170, 658, -156, -248, -395, 
-53, 468, 522, -207, -287, 495, -200, -161, 658, -151, -248, -395, 
-63, 463, 527, -200, -295, 495, -195, -175, 668, -146, -234, -385, 
-73, 463, 536, -195, -305, 500, -190, -180, 668, -146, -234, -380, 
-82, 453, 536, -185, -309, 495, -185, -195, 663, -141, -234, -380, 
-97, 453, 551, -178, -324, 502, -180, -200, 663, -136, -239, -380, 
-87, 458, 546, -185, -317, 502, -185, -195, 658, -146, -239, -390, 
-68, 463, 531, -197, -300, 497, -190, -185, 653, -141, -229, -390, 
-58, 473, 531, -207, -295, 502, -195, -180, 653, -141, -229, -385, 
-53, 478, 531, -212, -292, 505, -200, -175, 649, -146, -234, -385, 
-87, 488, 575, -200, -331, 531, -185, -175, 653, -136, -224, -375, 
-87, 478, 566, -195, -326, 522, -185, -175, 658, -136, -224, -375, 
-102, 468, 570, -183, -336, 519, -180, -175, 663, -136, -234, -375, 
-112, 453, 566, -170, -339, 509, -175, -180, 668, -136, -234, -370, 
-102, 458, 561, -178, -331, 509, -175, -180, 658, -141, -234, -375, 
-102, 448, 551, -173, -326, 500, -175, -180, 658, -141, -234, -380, 
-102, 448, 551, -173, -326, 500, -175, -180, 658, -151, -234, -385, 
-112, 453, 566, -170, -339, 509, -175, -180, 658, -151, -234, -390, 
-97, 458, 556, -180, -326, 507, -185, -190, 658, -156, -234, -390, 
-92, 458, 551, -183, -322, 505, -185, -190, 658, -156, -239, -390, 
-82, 458, 541, -187, -312, 500, -185, -190, 658, -161, -239, -390, 
-78, 458, 536, -190, -307, 497, -185, -190, 653, -161, -244, -390, 
-87, 458, 546, -185, -317, 502, -175, -175, 663, -156, -239, -385, 
-97, 463, 561, -183, -329, 512, -175, -170, 663, -146, -234, -385, 
-107, 458, 566, -175, -336, 512, -170, -165, 663, -141, -229, -380, 
-122, 453, 575, -165, -348, 514, -170, -161, 663, -136, -219, -375, 
-112, 444, 556, -165, -334, 500, -180, -165, 653, -141, -224, -385, 
-112, 439, 551, -163, -331, 495, -175, -175, 653, -146, -224, -385, 
-102, 439, 541, -168, -322, 490, -175, -180, 653, -151, -224, -385, 
-92, 444, 536, -175, -314, 490, -175, -175, 653, -156, -229, -385, 
-78, 453, 531, -187, -305, 492, -185, -190, 644, -165, -239, -385, 
-68, 453, 522, -192, -295, 488, -185, -195, 639, -170, -239, -390, 
-58, 448, 507, -195, -283, 478, -190, -200, 639, -170, -244, -400, 
-43, 448, 492, -202, -268, 470, -190, -214, 639, -170, -244, -414, 
-43, 448, 492, -202, -268, 470, -190, -209, 629, -175, -244, -405, 
-43, 448, 492, -202, -268, 470, -190, -204, 629, -180, -244, -400, 
-43, 453, 497, -204, -270, 475, -190, -209, 629, -180, -244, -400, 
-43, 453, 497, -204, -270, 475, -190, -204, 629, -180, -239, -400, 
-58, 444, 502, -192, -280, 473, -180, -200, 629, -175, -239, -400, 
-58, 444, 502, -192, -280, 473, -180, -200, 629, -175, -239, -405, 
-58, 444, 502, -192, -280, 473, -180, -195, 629, -185, -239, -405, 
-58, 434, 492, -187, -275, 463, -180, -185, 629, -185, -239, -405, 
-73, 444, 517, -185, -295, 480, -165, -185, 629, -180, -239, -395, 
-78, 444, 522, -183, -300, 483, -161, -190, 629, -180, -244, -395, 
-82, 444, 527, -180, -305, 485, -156, -195, 629, -180, -248, -400, 
-87, 444, 531, -178, -309, 488, -151, -200, 629, -175, -244, -400, 
-87, 444, 531, -178, -309, 488, -161, -209, 634, -156, -234, -395, 
-107, 439, 546, -165, -326, 492, -151, -200, 644, -146, -229, -390, 
-170, 439, 610, -134, -390, 524, -131, -185, 649, -146, -219, -380, 
