I, II, III, aVR, aVL, aVF, V1, V2, V3, V4, V5, V6, 
185, -97, -283, -43, 234, -190, 253, 312, 126, -58, -78, -468, 
185, -97, -283, -43, 234, -190, 253, 312, 126, -58, -78, -468, 
185, -97, -283, -43, 234, -190, 253, 312, 126, -58, -78, -468, 
185, -97, -283, -43, 234, -190, 253, 312, 126, -58, -78, -468, 
185, -107, -292, -39, 239, -200, 253, 312, 126, -58, -78, -468, 
185, -107, -292, -39, 239, -200, 253, 312, 126, -58, -78, -468, 
185, -107, -292, -39, 239, -200, 253, 312, 126, -58, -78, -468, 
185, -107, -292, -39, 239, -200, 253, 312, 126, -58, -78, -468, 
185, -107, -292, -39, 239, -200, 253, 312, 126, -58, -78, -468, 
185, -107, -292, -39, 239, -200, 253, 312, 126, -58, -78, -468, 
185, -107, -292, -39, 239, -200, 253, 312, 126, -58, -78, -468, 
185, -107, -292, -39, 239, -200, 253, 312, 126, -58, -78, -468, 
185, -107, -292, -39, 239, -200, 253, 312, 136, -58, -87, -468, 
185, -107, -292, -39, 239, -200, 253, 312, 136, -58, -87, -468, 
185, -107, -292, -39, 239, -200, 253, 312, 136, -58, -87, -468, 
185, -107, -292, -39, 239, -200, 253, 312, 136, -58, -87, -468, 
185, -107, -292, -39, 239, -200, 253, 312, 136, -68, -78, -478, 
185, -107, -292, -39, 239, -200, 253, 312, 136, -68, -78, -478, 
185, -107, -292, -39, 239, -200, 253, 312, 136, -68, -78, -478, 
185, -107, -292, -39, 239, -200, 253, 312, 136, -68, -78, -478, 
185, -107, -292, -39, 239, -200, 253, 312, 136, -68, -78, -478, 
185, -107, -292, -39, 239, -200, 253, 312, 136, -68, -78, -478, 
185, -107, -292, -39, 239, -200, 253, 312, 136, -68, -78, -478, 
185, -107, -292, -39, 239, -200, 253, 312, 136, -68, -78, -478, 
185, -107, -292, -39, 239, -200, 253, 312, 136, -68, -78, -468, 
185, -107, -292, -39, 239, -200, 253, 312, 136, -68, -78, -468, 
185, -107, -292, -39, 239, -200, 253, 312, 136, -68, -78, -468, 
185, -107, -292, -39, 239, -200, 253, 312, 136, -68, -78, -468, 
185, -107, -292, -39, 239, -200, 253, 312, 136, -68, -78, -478, 
185, -107, -292, -39, 239, -200, 253, 312, 136, -68, -78, -478, 
185, -107, -292, -39, 239, -200, 253, 312, 136, -68, -78, -478, 
185, -107, -292, -39, 239, -200, 253, 312, 136, -68, -78, -478, 
185, -107, -292, -39, 239, -200, 263, 312, 136, -68, -87, -478, 
185, -107, -292, -39, 239, -200, 263, 312, 136, -68, -87, -478, 
185, -107, -292, -39, 239, -200, 263, 312, 136, -68, -87, -478, 
185, -107, -292, -39, 239, -200, 263, 312, 136, -68, -87, -478, 
195, -97, -292, -48, 244, -195, 253, 302, 126, -78, -87, -478, 
195, -97, -292, -48, 244, -195, 253, 302, 126, -78, -87, -478, 
195, -97, -292, -48, 244, -195, 253, 302, 126, -78, -87, -478, 
195, -97, -292, -48, 244, -195, 253, 302, 126, -78, -87, -478, 
185, -97, -283, -43, 234, -190, 253, 302, 126, -78, -87, -478, 
185, -97, -283, -43, 234, -190, 253, 302, 126, -78, -87, -478, 
185, -97, -283, -43, 234, -190, 253, 302, 126, -78, -87, -478, 
185, -97, -283, -43, 234, -190, 253, 302, 126, -78, -87, -478, 
195, -97, -292, -48, 244, -195, 253, 302, 126, -78, -87, -488, 
195, -97, -292, -48, 244, -195, 253, 302, 126, -78, -87, -488, 
195, -97, -292, -48, 244, -195, 253, 302, 126, -78, -87, -488, 
195, -97, -292, -48, 244, -195, 253, 302, 126, -78, -87, -488, 
204, -107, -312, -48, 258, -209, 253, 312, 136, -78, -87, -478, 
204, -107, -312, -48, 258, -209, 253, 312, 136, -78, -87, -478, 
204, -107, -312, -48, 258, -209, 253, 312, 136, -78, -87, -478, 
204, -107, -312, -48, 258, -209, 253, 312, 136, -78, -87, -478, 
214, -97, -312, -58, 263, -204, 253, 302, 126, -78, -87, -478, 
214, -97, -312, -58, 263, -204, 253, 302, 126, -78, -87, -478, 
214, -97, -312, -58, 263, -204, 253, 302, 126, -78, -87, -478, 
214, -97, -312, -58, 263, -204, 253, 302, 126, -78, -87, -478, 
204, -97, -302, -53, 253, -200, 244, 292, 117, -87, -97, -483, 
204, -97, -302, -53, 253, -200, 244, 292, 117, -87, -97, -488, 
204, -97, -302, -53, 253, -200, 244, 292, 117, -87, -97, -492, 
204, -97, -302, -53, 253, -200, 244, 292, 117, -87, -97, -497, 
214, -97, -312, -58, 263, -204, 244, 302, 126, -87, -97, -497, 
214, -97, -312, -58, 263, -204, 244, 302, 126, -87, -97, -497, 
214, -97, -312, -58, 263, -204, 244, 302, 126, -87, -97, -497, 
214, -97, -312, -58, 263, -204, 244, 302, 126, -87, -97, -497, 
214, -102, -317, -56, 265, -209, 253, 302, 126, -87, -97, -497, 
214, -107, -322, -53, 268, -214, 253, 302, 126, -87, -97, -497, 
214, -112, -326, -51, 270, -219, 253, 302, 126, -87, -97, -497, 
214, -117, -331, -48, 273, -224, 253, 302, 126, -87, -97, -497, 
214, -126, -341, -43, 278, -234, 263, 302, 126, -87, -97, -488, 
214, -126, -341, -43, 278, -234, 263, 302, 126, -87, -97, -488, 
214, -126, -341, -43, 278, -234, 263, 302, 126, -87, -97, -488, 
214, -126, -341, -43, 278, -234, 263, 302, 126, -87, -97, -488, 
214, -126, -341, -43, 278, -234, 253, 302, 117, -78, -107, -497, 
214, -126, -341, -43, 278, -234, 253, 302, 117, -78, -107, -497, 
214, -126, -341, -43, 278, -234, 253, 302, 117, -78, -107, -497, 
214, -126, -341, -43, 278, -234, 253, 302, 117, -78, -107, -497, 
224, -126, -351, -48, 287, -239, 253, 312, 126, -87, -97, -497, 
224, -126, -351, -48, 287, -239, 253, 312, 126, -87, -97, -497, 
224, -126, -351, -48, 287, -239, 253, 312, 126, -87, -97, -497, 
224, -126, -351, -48, 287, -239, 253, 312, 126, -87, -97, -497, 
224, -136, -361, -43, 292, -248, 263, 312, 126, -78, -97, -488, 
224, -136, -361, -43, 292, -248, 263, 312, 126, -78, -97, -488, 
224, -136, -361, -43, 292, -248, 263, 312, 126, -78, -97, -488, 
224, -136, -361, -43, 292, -248, 263, 312, 126, -78, -97, -488, 
224, -126, -351, -48, 287, -239, 263, 312, 126, -87, -107, -488, 
224, -126, -351, -48, 287, -239, 263, 312, 126, -87, -107, -488, 
224, -126, -351, -48, 287, -239, 263, 312, 126, -87, -107, -488, 
224, -126, -351, -48, 287, -239, 263, 312, 126, -87, -107, -488, 
229, -112, -341, -58, 285, -226, 253, 322, 131, -82, -97, -488, 
234, -107, -341, -63, 287, -224, 253, 322, 136, -78, -97, -488, 
239, -102, -341, -68, 290, -222, 253, 322, 141, -73, -97, -488, 
244, -97, -341, -73, 292, -219, 253, 322, 146, -68, -97, -488, 
244, -82, -326, -80, 285, -204, 253, 331, 161, -63, -82, -483, 
244, -78, -322, -82, 283, -200, 253, 331, 165, -58, -78, -478, 
244, -73, -317, -85, 280, -195, 253, 331, 170, -53, -73, -473, 
244, -68, -312, -87, 278, -190, 253, 331, 175, -48, -68, -468, 
244, -58, -302, -92, 273, -180, 253, 336, 180, -39, -58, -458, 
244, -58, -302, -92, 273, -180, 253, 341, 185, -39, -58, -458, 
244, -58, -302, -92, 273, -180, 253, 346, 190, -39, -58, -458, 
244, -58, -302, -92, 273, -180, 253, 351, 195, -39, -58, -458, 
253, -43, -297, -104, 275, -170, 253, 351, 200, -34, -58, -458, 
253, -39, -292, -107, 273, -165, 253, 351, 204, -29, -58, -458, 
253, -34, -287, -109, 270, -161, 253, 351, 209, -24, -58, -458, 
253, -29, -283, -112, 268, -156, 253, 351, 214, -19, -58, -458, 
263, -24, -287, -119, 275, -156, 239, 341, 224, -19, -48, -448, 
263, -19, -283, -122, 273, -151, 234, 341, 224, -19, -48, -448, 
263, -14, -278, -124, 270, -146, 229, 341, 224, -19, -48, -448, 
263, -9, -273, -126, 268, -141, 224, 341, 224, -19, -48, -448, 
263, -19, -283, -122, 273, -151, 214, 322, 209, -29, -48, -439, 
263, -19, -283, -122, 273, -151, 204, 312, 204, -29, -48, -439, 
263, -19, -283, -122, 273, -151, 195, 302, 200, -29, -48, -439, 
263, -19, -283, -122, 273, -151, 185, 292, 195, -29, -48, -439, 
263, -14, -278, -124, 270, -146, 185, 287, 185, -39, -58, -439, 
263, -9, -273, -126, 268, -141, 185, 283, 185, -39, -58, -439, 
263, -4, -268, -129, 265, -136, 185, 278, 185, -39, -58, -439, 
263, 0, -263, -131, 263, -131, 185, 273, 185, -39, -58, -439, 
273, -4, -278, -134, 275, -141, 195, 287, 185, -39, -58, -439, 
273, -9, -283, -131, 278, -146, 195, 292, 185, -39, -58, -439, 
273, -14, -287, -129, 280, -151, 195, 297, 185, -39, -58, -439, 
273, -19, -292, -126, 283, -156, 195, 302, 185, -39, -58, -439, 
273, -29, -302, -122, 287, -165, 204, 312, 180, -39, -58, -439, 
273, -39, -312, -117, 292, -175, 204, 312, 175, -39, -58, -439, 
273, -48, -322, -112, 297, -185, 204, 312, 170, -39, -58, -439, 
273, -58, -331, -107, 302, -195, 204, 312, 165, -39, -58, -439, 
273, -58, -331, -107, 302, -195, 214, 302, 165, -43, -68, -448, 
273, -58, -331, -107, 302, -195, 214, 302, 165, -48, -68, -448, 
273, -63, -336, -104, 305, -200, 219, 297, 161, -58, -73, -453, 
268, -73, -341, -97, 305, -207, 219, 297, 156, -63, -82, -463, 
248, -73, -322, -87, 285, -197, 239, 307, 146, -68, -82, -463, 
244, -78, -322, -82, 283, -200, 244, 307, 146, -73, -82, -463, 
234, -92, -326, -70, 280, -209, 248, 312, 146, -73, -87, -473, 
229, -97, -326, -65, 278, -212, 253, 312, 146, -78, -92, -478, 
234, -102, -336, -65, 285, -219, 244, 302, 136, -87, -107, -492, 
224, -112, -336, -56, 280, -224, 248, 302, 136, -92, -112, -497, 
224, -117, -341, -53, 283, -229, 248, 297, 131, -97, -112, -502, 
224, -117, -341, -53, 283, -229, 248, 297, 126, -97, -117, -507, 
234, -112, -346, -61, 290, -229, 248, 297, 126, -102, -117, -502, 
229, -112, -341, -58, 285, -226, 248, 297, 126, -102, -117, -497, 
229, -112, -341, -58, 285, -226, 244, 292, 126, -102, -117, -492, 
229, -112, -341, -58, 285, -226, 244, 292, 126, -102, -112, -488, 
229, -112, -341, -58, 285, -226, 244, 307, 136, -102, -112, -492, 
234, -112, -346, -61, 290, -229, 244, 307, 136, -107, -117, -492, 
234, -117, -351, -58, 292, -234, 244, 302, 136, -107, -122, -502, 
234, -117, -351, -58, 292, -234, 244, 302, 136, -107, -122, -502, 
219, -126, -346, -46, 283, -236, 253, 302, 136, -97, -107, -497, 
219, -126, -346, -46, 283, -236, 253, 307, 136, -97, -107, -497, 
219, -126, -346, -46, 283, -236, 253, 307, 136, -97, -112, -497, 
219, -126, -346, -46, 283, -236, 253, 307, 136, -97, -112, -497, 
224, -136, -361, -43, 292, -248, 248, 307, 136, -107, -112, -497, 
224, -136, -361, -43, 292, -248, 248, 307, 136, -107, -112, -497, 
229, -136, -366, -46, 297, -251, 248, 307, 136, -102, -112, -497, 
229, -136, -366, -46, 297, -251, 253, 307, 136, -102, -112, -497, 
229, -136, -366, -46, 297, -251, 253, 307, 131, -107, -122, -492, 
229, -141, -370, -43, 300, -256, 253, 307, 131, -107, -122, -492, 
224, -141, -366, -41, 295, -253, 248, 307, 131, -107, -122, -488, 
224, -141, -366, -41, 295, -253, 248, 307, 131, -107, -122, -488, 
224, -136, -361, -43, 292, -248, 248, 307, 131, -107, -112, -497, 
224, -136, -361, -43, 292, -248, 253, 302, 131, -107, -112, -497, 
224, -136, -361, -43, 292, -248, 253, 302, 131, -107, -112, -497, 
224, -136, -361, -43, 292, -248, 258, 307, 131, -107, -112, -497, 
224, -122, -346, -51, 285, -234, 258, 307, 131, -112, -122, -497, 
224, -122, -346, -51, 285, -234, 253, 307, 131, -112, -122, -497, 
224, -126, -351, -48, 287, -239, 253, 307, 131, -107, -122, -502, 
219, -126, -346, -46, 283, -236, 253, 307, 126, -107, -122, -502, 
219, -136, -356, -41, 287, -246, 253, 317, 136, -107, -122, -492, 
219, -136, -356, -41, 287, -246, 258, 317, 136, -107, -122, -492, 
219, -136, -356, -41, 287, -246, 258, 317, 136, -107, -122, -492, 
224, -131, -356, -46, 290, -244, 258, 317, 136, -107, -122, -492, 
224, -131, -356, -46, 290, -244, 258, 317, 136, -107, -122, -492, 
219, -131, -351, -43, 285, -241, 258, 317, 136, -107, -122, -492, 
219, -136, -356, -41, 287, -246, 258, 317, 136, -107, -122, -492, 
219, -136, -356, -41, 287, -246, 258, 317, 136, -107, -122, -488, 
219, -136, -356, -41, 287, -246, 258, 317, 136, -107, -122, -488, 
219, -136, -356, -41, 287, -246, 263, 317, 136, -107, -117, -492, 
219, -136, -356, -41, 287, -246, 263, 317, 136, -107, -117, -492, 
219, -136, -356, -41, 287, -246, 258, 317, 136, -107, -122, -492, 
219, -136, -356, -41, 287, -246, 258, 317, 136, -107, -122, -492, 
219, -136, -356, -41, 287, -246, 258, 317, 136, -107, -122, -492, 
219, -136, -356, -41, 287, -246, 258, 317, 136, -107, -122, -492, 
219, -136, -356, -41, 287, -246, 258, 317, 136, -107, -122, -492, 
219, -126, -346, -46, 283, -236, 258, 317, 141, -107, -122, -492, 
219, -126, -346, -46, 283, -236, 258, 317, 141, -107, -122, -492, 
219, -126, -346, -46, 283, -236, 258, 317, 141, -107, -122, -492, 
219, -126, -346, -46, 283, -236, 258, 317, 136, -107, -122, -492, 
219, -126, -346, -46, 283, -236, 258, 317, 136, -107, -122, -492, 
219, -126, -346, -46, 283, -236, 258, 317, 141, -107, -122, -492, 
219, -126, -346, -46, 283, -236, 258, 317, 141, -107, -122, -492, 
219, -126, -346, -46, 283, -236, 258, 317, 141, -107, -126, -492, 
229, -126, -356, -51, 292, -241, 258, 307, 141, -107, -117, -497, 
229, -126, -356, -51, 292, -241, 263, 307, 141, -107, -117, -497, 
229, -126, -356, -51, 292, -241, 263, 307, 141, -107, -117, -497, 
224, -126, -351, -48, 287, -239, 263, 307, 141, -107, -117, -497, 
224, -126, -351, -48, 287, -239, 253, 307, 131, -107, -117, -497, 
229, -126, -356, -51, 292, -241, 253, 307, 131, -107, -117, -497, 
229, -122, -351, -53, 290, -236, 253, 307, 131, -107, -117, -497, 
229, -122, -351, -53, 290, -236, 253, 307, 131, -107, -117, -497, 
229, -122, -351, -53, 290, -236, 263, 307, 141, -117, -126, -497, 
229, -126, -356, -51, 292, -241, 263, 307, 141, -117, -126, -497, 
229, -126, -356, -51, 292, -241, 263, 307, 141, -117, -122, -497, 
224, -126, -351, -48, 287, -239, 263, 307, 141, -117, -122, -497, 
224, -126, -351, -48, 287, -239, 263, 307, 141, -112, -122, -497, 
229, -126, -356, -51, 292, -241, 263, 312, 141, -112, -122, -497, 
229, -126, -356, -51, 292, -241, 263, 312, 141, -117, -126, -497, 
224, -126, -351, -48, 287, -239, 268, 312, 141, -117, -126, -497, 
224, -131, -356, -46, 290, -244, 287, 331, 141, -107, -122, -507, 
224, -141, -366, -41, 295, -253, 292, 346, 151, -107, -136, -512, 
224, -146, -370, -39, 297, -258, 302, 356, 170, -112, -141, -527, 
224, -151, -375, -36, 300, -263, 322, 375, 195, -112, -146, -541, 
219, -175, -395, -21, 307, -285, 336, 414, 224, -97, -151, -556, 
224, -200, -424, -12, 324, -312, 361, 468, 258, -82, -165, -580, 
234, -224, -458, -4, 346, -341, 375, 512, 307, -68, -170, -600, 
248, -219, -468, -14, 358, -344, 380, 527, 356, -39, -161, -605, 
283, -200, -483, -41, 383, -341, 370, 551, 414, 14, -136, -590, 
322, -170, -492, -75, 407, -331, 356, 585, 497, 87, -87, -556, 
370, -92, -463, -139, 417, -278, 331, 614, 619, 204, 0, -488, 
405, 43, -361, -224, 383, -158, 263, 546, 732, 326, 112, -395, 
414, 195, -219, -305, 317, -12, 170, 424, 780, 400, 204, -307, 
414, 331, -82, -373, 248, 124, 82, 268, 746, 395, 268, -209, 
434, 458, 24, -446, 204, 241, -24, 92, 649, 380, 356, -102, 
458, 600, 141, -529, 158, 370, -170, -97, 522, 409, 478, 63, 
473, 771, 297, -622, 87, 534, -322, -322, 385, 453, 644, 263, 
473, 956, 483, -714, -4, 719, -473, -536, 244, 522, 819, 468, 
488, 1107, 619, -797, -65, 863, -619, -722, 73, 575, 990, 678, 
502, 1220, 717, -861, -107, 968, -727, -873, -126, 580, 1122, 854, 
492, 1346, 854, -919, -180, 1100, -824, -1034, -322, 590, 1249, 1019, 
458, 1537, 1078, -997, -309, 1307, -927, -1220, -429, 649, 1424, 1220, 
390, 1756, 1366, -1073, -488, 1561, -1024, -1390, -502, 702, 1615, 1420, 
331, 1898, 1566, -1115, -617, 1732, -1073, -1473, -556, 717, 1742, 1571, 
312, 1893, 1581, -1102, -634, 1737, -1073, -1459, -575, 741, 1815, 1644, 
283, 1761, 1478, -1022, -597, 1620, -1005, -1366, -575, 756, 1839, 1659, 
234, 1586, 1351, -910, -558, 1468, -878, -1234, -551, 736, 1830, 1615, 
195, 1390, 1195, -793, -500, 1293, -756, -1112, -522, 692, 1766, 1527, 
165, 1195, 1029, -680, -431, 1112, -653, -985, -522, 610, 1629, 1395, 
156, 956, 800, -556, -322, 878, -531, -844, -502, 468, 1415, 1185, 
151, 732, 580, -441, -214, 656, -400, -673, -444, 351, 1180, 971, 
170, 561, 390, -366, -109, 475, -287, -512, -370, 297, 1005, 775, 
195, 448, 253, -322, -29, 351, -214, -380, -317, 234, 839, 595, 
214, 356, 141, -285, 36, 248, -141, -248, -258, 141, 634, 405, 
229, 258, 29, -244, 100, 143, -58, -97, -214, -34, 326, 126, 
219, 165, -53, -192, 136, 56, 14, 9, -170, -180, 39, -146, 
219, 117, -102, -168, 161, 7, 48, 68, -73, -161, 9, -234, 
219, 78, -141, -148, 180, -31, 82, 112, 24, -68, 68, -248, 
229, 48, -180, -139, 204, -65, 102, 151, 82, -39, 58, -292, 
248, 34, -214, -141, 231, -90, 122, 180, 126, -14, 73, -292, 
273, 24, -248, -148, 261, -112, 141, 214, 165, 43, 112, -253, 
278, 24, -253, -151, 265, -114, 175, 244, 190, 68, 117, -258, 
273, 19, -253, -146, 263, -117, 200, 268, 190, 63, 107, -268, 
283, 19, -263, -151, 273, -122, 204, 292, 195, 63, 107, -283, 
283, 14, -268, -148, 275, -126, 219, 307, 209, 63, 102, -283, 
273, 14, -258, -143, 265, -122, 219, 317, 219, 43, 87, -297, 
263, 14, -248, -139, 256, -117, 219, 307, 219, 34, 82, -307, 
263, 4, -258, -134, 261, -126, 219, 307, 229, 29, 73, -317, 
263, -4, -268, -129, 265, -136, 219, 317, 244, 19, 53, -326, 
258, -14, -273, -122, 265, -143, 219, 317, 248, 14, 29, -351, 
258, -29, -287, -114, 273, -158, 224, 317, 248, 14, 14, -370, 
258, -34, -292, -112, 275, -163, 239, 322, 244, 9, 9, -380, 
258, -39, -297, -109, 278, -168, 234, 331, 244, 14, 4, -390, 
258, -39, -297, -109, 278, -168, 244, 331, 244, 4, 0, -395, 
258, -43, -302, -107, 280, -173, 244, 341, 244, 4, 0, -395, 
258, -43, -302, -107, 280, -173, 248, 341, 244, 0, 0, -395, 
258, -43, -302, -107, 280, -173, 248, 341, 244, 0, 0, -395, 
268, -43, -312, -112, 290, -178, 248, 341, 248, 0, -4, -395, 
268, -48, -317, -109, 292, -183, 248, 346, 253, 0, -4, -395, 
268, -48, -317, -109, 292, -183, 248, 346, 253, 0, -4, -400, 
268, -48, -317, -109, 292, -183, 248, 346, 258, 0, -4, -405, 
258, -48, -307, -104, 283, -178, 253, 336, 258, 0, -9, -405, 
258, -48, -307, -104, 283, -178, 253, 346, 258, 0, -14, -405, 
258, -48, -307, -104, 283, -178, 258, 351, 263, 0, -14, -405, 
268, -48, -317, -109, 292, -183, 258, 351, 263, 0, -14, -405, 
268, -48, -317, -109, 292, -183, 258, 351, 263, 9, -9, -405, 
268, -48, -317, -109, 292, -183, 258, 351, 263, 9, -9, -405, 
268, -43, -312, -112, 290, -178, 258, 351, 263, 14, -9, -405, 
268, -43, -312, -112, 290, -178, 258, 346, 263, 19, -9, -405, 
268, -43, -312, -112, 290, -178, 248, 346, 263, 19, -9, -405, 
268, -43, -312, -112, 290, -178, 248, 346, 268, 19, -9, -405, 
268, -43, -312, -112, 290, -178, 248, 346, 268, 19, -9, -405, 
268, -39, -307, -114, 287, -173, 248, 346, 268, 19, -9, -405, 
263, -39, -302, -112, 283, -170, 248, 346, 283, 19, 0, -405, 
263, -39, -302, -112, 283, -170, 244, 351, 283, 19, 0, -400, 
263, -39, -302, -112, 283, -170, 244, 351, 283, 19, 4, -400, 
263, -39, -302, -112, 283, -170, 244, 351, 283, 19, 4, -400, 
278, -29, -307, -124, 292, -168, 244, 351, 287, 24, 4, -390, 
278, -24, -302, -126, 290, -163, 244, 351, 287, 24, 4, -390, 
278, -24, -302, -126, 290, -163, 244, 351, 287, 24, 4, -390, 
278, -24, -302, -126, 290, -163, 244, 351, 287, 24, 9, -390, 
278, -24, -302, -126, 290, -163, 229, 351, 292, 29, 19, -385, 
278, -24, -302, -126, 290, -163, 229, 351, 292, 34, 19, -385, 
278, -24, -302, -126, 290, -163, 229, 351, 292, 34, 19, -375, 
278, -24, -302, -126, 290, -163, 229, 351, 297, 39, 24, -375, 
278, -14, -292, -131, 285, -153, 229, 351, 297, 34, 14, -370, 
283, -14, -297, -134, 290, -156, 229, 351, 297, 34, 19, -370, 
283, -9, -292, -136, 287, -151, 229, 351, 297, 39, 24, -366, 
283, -9, -292, -136, 287, -151, 229, 351, 302, 39, 24, -361, 
283, -9, -292, -136, 287, -151, 239, 351, 307, 48, 24, -361, 
283, -4, -287, -139, 285, -146, 234, 351, 307, 53, 29, -361, 
287, 0, -287, -143, 287, -143, 234, 351, 307, 53, 29, -361, 
287, 0, -287, -143, 287, -143, 229, 351, 312, 53, 29, -361, 
287, -4, -292, -141, 290, -148, 229, 356, 322, 63, 43, -341, 
287, 0, -287, -143, 287, -143, 224, 356, 322, 68, 48, -341, 
292, 0, -292, -146, 292, -146, 224, 356, 322, 68, 53, -341, 
292, 0, -292, -146, 292, -146, 224, 356, 326, 68, 58, -336, 
292, 4, -287, -148, 290, -141, 224, 356, 326, 78, 68, -341, 
292, 4, -287, -148, 290, -141, 219, 351, 326, 78, 68, -341, 
292, 4, -287, -148, 290, -141, 219, 351, 326, 78, 68, -341, 
292, 9, -283, -151, 287, -136, 219, 351, 326, 78, 68, -336, 
297, 14, -283, -156, 290, -134, 219, 346, 331, 78, 73, -331, 
297, 14, -283, -156, 290, -134, 219, 346, 331, 87, 73, -322, 
297, 14, -283, -156, 290, -134, 219, 346, 331, 87, 73, -322, 
297, 14, -283, -156, 290, -134, 214, 346, 336, 87, 78, -322, 
302, 19, -283, -161, 292, -131, 214, 346, 336, 87, 97, -312, 
302, 19, -283, -161, 292, -131, 209, 346, 336, 97, 97, -312, 
302, 19, -283, -161, 292, -131, 209, 346, 341, 97, 102, -307, 
302, 19, -283, -161, 292, -131, 209, 346, 341, 102, 107, -302, 
297, 29, -268, -163, 283, -119, 214, 346, 346, 102, 97, -302, 
297, 34, -263, -165, 280, -114, 209, 346, 351, 107, 97, -302, 
297, 43, -253, -170, 275, -104, 209, 346, 351, 112, 107, -302, 
297, 48, -248, -173, 273, -100, 209, 346, 351, 112, 112, -297, 
297, 48, -248, -173, 273, -100, 209, 346, 351, 122, 117, -287, 
302, 48, -253, -175, 278, -102, 204, 346, 351, 122, 117, -287, 
302, 58, -244, -180, 273, -92, 204, 346, 361, 131, 122, -283, 
307, 58, -248, -183, 278, -95, 204, 346, 361, 131, 126, -283, 
307, 58, -248, -183, 278, -95, 204, 346, 370, 131, 136, -273, 
307, 58, -248, -183, 278, -95, 200, 346, 370, 141, 141, -268, 
307, 68, -239, -187, 273, -85, 200, 346, 375, 146, 146, -258, 
307, 68, -239, -187, 273, -85, 200, 346, 375, 151, 151, -258, 
307, 68, -239, -187, 273, -85, 190, 346, 390, 151, 165, -253, 
312, 73, -239, -192, 275, -82, 190, 346, 390, 156, 165, -248, 
312, 78, -234, -195, 273, -78, 190, 346, 390, 161, 175, -244, 
312, 78, -234, -195, 273, -78, 190, 346, 395, 165, 180, -239, 
322, 82, -239, -202, 280, -78, 190, 346, 400, 180, 180, -224, 
322, 87, -234, -204, 278, -73, 185, 346, 400, 180, 185, -219, 
326, 92, -234, -209, 280, -70, 185, 346, 405, 185, 190, -219, 
326, 97, -229, -212, 278, -65, 185, 346, 405, 190, 195, -214, 
322, 112, -209, -217, 265, -48, 185, 356, 405, 195, 200, -209, 
322, 112, -209, -217, 265, -48, 185, 356, 414, 200, 209, -204, 
326, 117, -209, -222, 268, -46, 180, 356, 419, 209, 219, -195, 
331, 122, -209, -226, 270, -43, 170, 356, 419, 209, 224, -190, 
331, 122, -209, -226, 270, -43, 180, 356, 429, 229, 229, -190, 
336, 126, -209, -231, 273, -41, 175, 356, 439, 234, 239, -180, 
336, 131, -204, -234, 270, -36, 170, 356, 444, 239, 244, -175, 
341, 146, -195, -244, 268, -24, 170, 356, 448, 244, 248, -170, 
346, 146, -200, -246, 273, -26, 170, 361, 453, 263, 263, -151, 
346, 156, -190, -251, 268, -17, 170, 361, 458, 273, 273, -146, 
346, 161, -185, -253, 265, -12, 161, 356, 463, 278, 287, -136, 
346, 165, -180, -256, 263, -7, 156, 356, 468, 283, 297, -122, 
351, 170, -180, -261, 265, -4, 156, 346, 483, 297, 302, -117, 
356, 175, -180, -265, 268, -2, 151, 351, 492, 307, 312, -107, 
356, 180, -175, -268, 265, 2, 146, 351, 497, 317, 322, -97, 
361, 200, -161, -280, 261, 19, 146, 351, 497, 322, 331, -87, 
366, 209, -156, -287, 261, 26, 141, 356, 507, 341, 351, -68, 
370, 219, -151, -295, 261, 34, 136, 356, 512, 351, 366, -58, 
375, 234, -141, -305, 258, 46, 131, 356, 522, 361, 380, -48, 
380, 239, -141, -309, 261, 48, 126, 356, 531, 375, 385, -29, 
380, 248, -131, -314, 256, 58, 122, 356, 546, 395, 409, -14, 
385, 258, -126, -322, 256, 65, 117, 356, 561, 405, 429, -4, 
390, 268, -122, -329, 256, 73, 107, 351, 561, 414, 434, 9, 
400, 278, -122, -339, 261, 78, 102, 351, 566, 424, 444, 24, 
395, 302, -92, -348, 244, 104, 97, 346, 580, 448, 463, 39, 
400, 312, -87, -356, 244, 112, 92, 346, 590, 468, 488, 53, 
405, 317, -87, -361, 246, 114, 87, 346, 600, 483, 512, 73, 
409, 331, -78, -370, 244, 126, 82, 346, 610, 492, 531, 87, 
419, 346, -73, -383, 246, 136, 82, 346, 619, 507, 546, 112, 
419, 351, -68, -385, 244, 141, 73, 346, 624, 522, 566, 131, 
424, 361, -63, -392, 244, 148, 58, 346, 634, 536, 580, 151, 
434, 380, -53, -407, 244, 163, 58, 346, 644, 551, 590, 165, 
434, 395, -39, -414, 236, 178, 53, 346, 663, 570, 614, 190, 
439, 409, -29, -424, 234, 190, 43, 346, 668, 590, 634, 209, 
448, 414, -34, -431, 241, 190, 34, 336, 673, 610, 653, 224, 
463, 434, -29, -448, 246, 202, 24, 336, 678, 629, 678, 244, 
463, 448, -14, -456, 239, 217, 19, 336, 692, 653, 702, 268, 
473, 458, -14, -466, 244, 222, 14, 336, 707, 668, 722, 287, 
478, 473, -4, -475, 241, 234, 9, 331, 707, 683, 741, 307, 
492, 488, -4, -490, 248, 241, 4, 326, 722, 697, 761, 326, 
483, 497, 14, -490, 234, 256, 4, 322, 741, 702, 790, 351, 
488, 512, 24, -500, 231, 268, 0, 317, 746, 717, 810, 370, 
497, 527, 29, -512, 234, 278, -9, 312, 746, 732, 829, 390, 
502, 541, 39, -522, 231, 290, -19, 312, 746, 741, 839, 409, 
492, 556, 63, -524, 214, 309, -14, 307, 751, 761, 858, 419, 
497, 566, 68, -531, 214, 317, -29, 302, 756, 771, 873, 439, 
507, 575, 68, -541, 219, 322, -34, 297, 761, 775, 888, 448, 
512, 585, 73, -549, 219, 329, -48, 292, 761, 780, 902, 463, 
502, 605, 102, -553, 200, 353, -58, 283, 756, 780, 902, 473, 
507, 605, 97, -556, 204, 351, -63, 278, 756, 780, 907, 473, 
507, 610, 102, -558, 202, 356, -73, 268, 751, 780, 902, 473, 
507, 619, 112, -563, 197, 366, -73, 253, 746, 780, 897, 478, 
502, 614, 112, -558, 195, 363, -73, 239, 727, 771, 893, 473, 
502, 610, 107, -556, 197, 358, -78, 234, 722, 756, 883, 463, 
497, 605, 107, -551, 195, 356, -78, 224, 707, 751, 878, 448, 
492, 595, 102, -544, 195, 348, -78, 214, 692, 732, 854, 434, 
497, 580, 82, -539, 207, 331, -82, 214, 673, 707, 824, 405, 
483, 561, 78, -522, 202, 319, -78, 214, 658, 673, 790, 375, 
468, 551, 82, -509, 192, 317, -73, 204, 629, 629, 751, 346, 
458, 527, 68, -492, 195, 297, -58, 204, 605, 595, 712, 317, 
453, 502, 48, -478, 202, 275, -58, 204, 575, 556, 668, 278, 
439, 478, 39, -458, 200, 258, -43, 204, 561, 522, 634, 248, 
424, 453, 29, -439, 197, 241, -29, 204, 541, 492, 610, 214, 
409, 424, 14, -417, 197, 219, -14, 204, 527, 463, 575, 185, 
405, 400, -4, -402, 204, 197, -9, 209, 497, 429, 536, 151, 
395, 380, -14, -387, 204, 183, 0, 204, 478, 395, 497, 112, 
385, 351, -34, -368, 209, 158, 14, 204, 458, 356, 458, 78, 
370, 331, -39, -351, 204, 146, 34, 209, 444, 322, 419, 29, 
366, 292, -73, -329, 219, 109, 48, 214, 419, 283, 380, 4, 
356, 263, -92, -309, 224, 85, 63, 214, 405, 253, 341, -29, 
341, 234, -107, -287, 224, 63, 78, 224, 395, 224, 307, -63, 
336, 204, -131, -270, 234, 36, 92, 229, 385, 200, 273, -87, 
322, 185, -136, -253, 229, 24, 102, 234, 361, 175, 248, -117, 
317, 165, -151, -241, 234, 7, 117, 234, 346, 156, 219, -146, 
307, 146, -161, -226, 234, -7, 131, 229, 336, 136, 195, -175, 
302, 126, -175, -214, 239, -24, 141, 229, 322, 112, 165, -200, 
302, 107, -195, -204, 248, -43, 141, 234, 307, 78, 131, -219, 
297, 87, -209, -192, 253, -61, 151, 244, 297, 58, 112, -239, 
287, 63, -224, -175, 256, -80, 156, 248, 287, 39, 87, -258, 
278, 43, -234, -161, 256, -95, 170, 253, 278, 24, 63, -283, 
273, 14, -258, -143, 265, -122, 190, 263, 273, 9, 43, -307, 
268, -4, -273, -131, 270, -139, 200, 263, 268, 0, 29, -326, 
268, -14, -283, -126, 275, -148, 204, 263, 263, -9, 19, -336, 
268, -24, -292, -122, 280, -158, 204, 263, 253, -9, 19, -341, 
258, -39, -297, -109, 278, -168, 214, 273, 253, -14, 0, -351, 
258, -48, -307, -104, 283, -178, 214, 273, 239, -24, -4, -356, 
258, -48, -307, -104, 283, -178, 219, 278, 234, -34, -14, -366, 
253, -58, -312, -97, 283, -185, 224, 278, 229, -43, -24, -380, 
258, -63, -322, -97, 290, -192, 229, 278, 219, -63, -29, -380, 
253, -73, -326, -90, 290, -200, 229, 283, 209, -73, -39, -385, 
248, -82, -331, -82, 290, -207, 229, 283, 209, -78, -43, -395, 
248, -87, -336, -80, 292, -212, 234, 283, 214, -78, -53, -400, 
248, -92, -341, -78, 295, -217, 234, 283, 204, -78, -63, -400, 
248, -92, -341, -78, 295, -217, 234, 283, 200, -78, -63, -400, 
248, -97, -346, -75, 297, -222, 234, 283, 200, -78, -63, -405, 
248, -97, -346, -75, 297, -222, 229, 283, 200, -78, -63, -405, 
253, -102, -356, -75, 305, -229, 234, 283, 195, -82, -68, -405, 
253, -102, -356, -75, 305, -229, 234, 283, 185, -82, -73, -409, 
253, -107, -361, -73, 307, -234, 239, 283, 185, -82, -73, -414, 
253, -112, -366, -70, 309, -239, 239, 292, 190, -82, -73, -419, 
253, -112, -366, -70, 309, -239, 239, 287, 200, -92, -82, -424, 
253, -112, -366, -70, 309, -239, 239, 283, 200, -92, -82, -424, 
253, -112, -366, -70, 309, -239, 239, 278, 200, -92, -82, -419, 
253, -112, -366, -70, 309, -239, 239, 278, 200, -92, -82, -419, 
263, -112, -375, -75, 319, -244, 229, 278, 190, -102, -82, -429, 
263, -112, -375, -75, 319, -244, 234, 278, 190, -102, -82, -429, 
258, -112, -370, -73, 314, -241, 234, 273, 190, -102, -82, -429, 
258, -112, -370, -73, 314, -241, 234, 273, 190, -102, -82, -429, 
258, -122, -380, -68, 319, -251, 234, 283, 200, -97, -92, -429, 
258, -122, -380, -68, 319, -251, 234, 283, 195, -97, -92, -434, 
258, -122, -380, -68, 319, -251, 234, 283, 195, -97, -87, -434, 
258, -122, -380, -68, 319, -251, 234, 283, 195, -97, -87, -434, 
268, -122, -390, -73, 329, -256, 234, 273, 185, -97, -87, -439, 
268, -122, -390, -73, 329, -256, 229, 273, 185, -97, -92, -439, 
268, -122, -390, -73, 329, -256, 229, 273, 185, -97, -92, -439, 
268, -122, -390, -73, 329, -256, 229, 273, 185, -97, -87, -439, 
268, -122, -390, -73, 329, -256, 229, 263, 195, -97, -87, -429, 
273, -122, -395, -75, 334, -258, 229, 268, 195, -102, -87, -434, 
273, -122, -395, -75, 334, -258, 229, 268, 195, -102, -87, -434, 
268, -122, -390, -73, 329, -256, 229, 268, 195, -102, -87, -434, 
278, -122, -400, -78, 339, -261, 229, 278, 190, -102, -97, -439, 
278, -126, -405, -75, 341, -265, 229, 278, 190, -102, -92, -439, 
278, -126, -405, -75, 341, -265, 229, 278, 190, -102, -92, -439, 
278, -126, -405, -75, 341, -265, 229, 278, 190, -102, -92, -439, 
287, -117, -405, -85, 346, -261, 219, 268, 190, -97, -92, -444, 
287, -117, -405, -85, 346, -261, 219, 268, 190, -97, -92, -444, 
287, -117, -405, -85, 346, -261, 219, 268, 190, -97, -92, -444, 
287, -117, -405, -85, 346, -261, 219, 268, 190, -97, -92, -439, 
278, -117, -395, -80, 336, -256, 229, 268, 200, -107, -92, -439, 
278, -117, -395, -80, 336, -256, 229, 273, 200, -102, -92, -439, 
278, -117, -395, -80, 336, -256, 224, 273, 200, -102, -92, -444, 
278, -117, -395, -80, 336, -256, 224, 273, 200, -102, -92, -444, 
278, -117, -395, -80, 336, -256, 224, 273, 190, -102, -102, -444, 
283, -112, -395, -85, 339, -253, 224, 273, 190, -102, -102, -444, 
283, -112, -395, -85, 339, -253, 224, 273, 190, -102, -102, -444, 
283, -112, -395, -85, 339, -253, 229, 273, 190, -102, -102, -439, 
292, -112, -405, -90, 348, -258, 219, 263, 190, -102, -102, -448, 
292, -112, -405, -90, 348, -258, 219, 263, 190, -102, -102, -448, 
292, -112, -405, -90, 348, -258, 214, 263, 190, -102, -102, -448, 
292, -112, -405, -90, 348, -258, 214, 263, 190, -102, -102, -448, 
292, -122, -414, -85, 353, -268, 214, 273, 190, -112, -102, -444, 
292, -122, -414, -85, 353, -268, 214, 268, 190, -112, -102, -444, 
292, -122, -414, -85, 353, -268, 214, 268, 190, -112, -102, -444, 
292, -122, -414, -85, 353, -268, 214, 268, 195, -112, -102, -444, 
292, -122, -414, -85, 353, -268, 224, 268, 185, -102, -102, -444, 
292, -122, -414, -85, 353, -268, 224, 268, 185, -102, -102, -444, 
292, -122, -414, -85, 353, -268, 224, 268, 185, -107, -102, -444, 
292, -122, -414, -85, 353, -268, 224, 268, 185, -107, -102, -444, 
292, -112, -405, -90, 348, -258, 214, 268, 185, -107, -102, -444, 
292, -112, -405, -90, 348, -258, 219, 268, 185, -107, -102, -444, 
292, -112, -405, -90, 348, -258, 219, 268, 185, -107, -102, -444, 
292, -112, -405, -90, 348, -258, 219, 268, 185, -107, -102, -439, 
292, -112, -405, -90, 348, -258, 219, 278, 195, -107, -97, -439, 
292, -112, -405, -90, 348, -258, 219, 278, 195, -112, -97, -444, 
292, -112, -405, -90, 348, -258, 219, 278, 195, -112, -97, -444, 
292, -112, -405, -90, 348, -258, 219, 278, 190, -112, -97, -444, 
292, -112, -405, -90, 348, -258, 219, 268, 190, -112, -107, -444, 
292, -112, -405, -90, 348, -258, 219, 268, 190, -112, -107, -444, 
292, -112, -405, -90, 348, -258, 219, 268, 190, -112, -107, -444, 
292, -112, -405, -90, 348, -258, 219, 268, 185, -117, -107, -444, 
292, -112, -405, -90, 348, -258, 219, 268, 185, -117, -107, -444, 
292, -112, -405, -90, 348, -258, 219, 268, 180, -117, -112, -444, 
292, -112, -405, -90, 348, -258, 219, 268, 180, -117, -112, -444, 
292, -117, -409, -87, 351, -263, 219, 268, 180, -117, -112, -444, 
292, -117, -409, -87, 351, -263, 219, 268, 175, -117, -122, -444, 
292, -112, -405, -90, 348, -258, 219, 268, 175, -122, -122, -444, 
292, -112, -405, -90, 348, -258, 219, 268, 180, -122, -122, -448, 
292, -112, -405, -90, 348, -258, 219, 268, 180, -122, -122, -453, 
283, -117, -400, -82, 341, -258, 219, 268, 180, -122, -131, -453, 
283, -117, -400, -82, 341, -258, 219, 268, 180, -122, -131, -453, 
283, -117, -400, -82, 341, -258, 219, 268, 180, -122, -131, -453, 
283, -117, -400, -82, 341, -258, 219, 268, 175, -122, -131, -453, 
278, -117, -395, -80, 336, -256, 219, 268, 165, -131, -131, -463, 
278, -117, -395, -80, 336, -256, 219, 268, 170, -136, -131, -463, 
283, -122, -405, -80, 344, -263, 219, 268, 170, -136, -131, -458, 
283, -122, -405, -80, 344, -263, 219, 268, 161, -136, -131, -458, 
278, -122, -400, -78, 339, -261, 219, 268, 170, -136, -136, -458, 
278, -122, -400, -78, 339, -261, 219, 268, 170, -136, -136, -463, 
283, -117, -400, -82, 341, -258, 219, 268, 170, -136, -136, -463, 
283, -117, -400, -82, 341, -258, 219, 263, 165, -141, -141, -468, 
273, -122, -395, -75, 334, -258, 219, 273, 165, -131, -141, -468, 
273, -122, -395, -75, 334, -258, 219, 273, 165, -131, -141, -468, 
273, -117, -390, -78, 331, -253, 219, 273, 165, -131, -141, -468, 
273, -117, -390, -78, 331, -253, 219, 273, 165, -136, -146, -468, 
278, -117, -395, -80, 336, -256, 229, 263, 170, -136, -136, -458, 
278, -117, -395, -80, 336, -256, 229, 263, 170, -136, -136, -458, 
278, -122, -400, -78, 339, -261, 229, 263, 165, -136, -136, -458, 
278, -126, -405, -75, 341, -265, 229, 263, 165, -136, -136, -458, 
268, -117, -385, -75, 326, -251, 229, 273, 165, -126, -136, -458, 
268, -117, -385, -75, 326, -251, 229, 273, 165, -131, -136, -458, 
268, -122, -390, -73, 329, -256, 229, 273, 165, -136, -136, -458, 
268, -122, -390, -73, 329, -256, 229, 273, 170, -136, -136, -458, 
268, -122, -390, -73, 329, -256, 229, 273, 170, -146, -136, -458, 
268, -122, -390, -73, 329, -256, 229, 268, 165, -146, -136, -458, 
268, -122, -390, -73, 329, -256, 229, 268, 165, -146, -136, -458, 
268, -122, -390, -73, 329, -256, 229, 273, 165, -141, -136, -458, 
258, -126, -385, -65, 322, -256, 234, 273, 175, -141, -136, -458, 
258, -126, -385, -65, 322, -256, 234, 273, 175, -146, -136, -458, 
258, -126, -385, -65, 322, -256, 229, 273, 175, -156, -136, -458, 
258, -126, -385, -65, 322, -256, 229, 273, 175, -146, -136, -458, 
268, -122, -390, -73, 329, -256, 229, 273, 185, -136, -136, -458, 
273, -117, -390, -78, 331, -253, 229, 273, 175, -141, -141, -463, 
278, -112, -390, -82, 334, -251, 229, 268, 170, -141, -146, -463, 
283, -107, -390, -87, 336, -248, 229, 268, 170, -146, -146, -463, 
278, -107, -385, -85, 331, -246, 229, 278, 170, -146, -141, -458, 
278, -107, -385, -85, 331, -246, 229, 278, 170, -146, -141, -458, 
278, -107, -385, -85, 331, -246, 229, 283, 170, -146, -141, -458, 
278, -107, -385, -85, 331, -246, 229, 283, 170, -146, -141, -458, 
273, -112, -385, -80, 329, -248, 229, 283, 161, -151, -141, -458, 
268, -117, -385, -75, 326, -251, 229, 278, 161, -151, -141, -458, 
263, -122, -385, -70, 324, -253, 229, 278, 161, -151, -146, -458, 
258, -126, -385, -65, 322, -256, 229, 278, 165, -151, -146, -458, 
268, -117, -385, -75, 326, -251, 229, 287, 165, -151, -151, -468, 
268, -122, -390, -73, 329, -256, 229, 287, 165, -161, -151, -468, 
268, -122, -390, -73, 329, -256, 229, 283, 165, -161, -156, -468, 
268, -122, -390, -73, 329, -256, 229, 283, 165, -161, -156, -473, 
263, -122, -385, -70, 324, -253, 219, 273, 165, -156, -156, -463, 
263, -122, -385, -70, 324, -253, 219, 273, 165, -156, -156, -463, 
258, -117, -375, -70, 317, -246, 219, 273, 165, -156, -151, -463, 
258, -117, -375, -70, 317, -246, 219, 273, 165, -156, -151, -463, 
258, -107, -366, -75, 312, -236, 229, 273, 165, -156, -151, -463, 
263, -112, -375, -75, 319, -244, 229, 273, 165, -156, -151, -463, 
263, -112, -375, -75, 319, -244, 229, 273, 165, -156, -151, -468, 
263, -112, -375, -75, 319, -244, 229, 273, 165, -156, -151, -468, 
263, -112, -375, -75, 319, -244, 229, 273, 165, -161, -161, -463, 
258, -112, -370, -73, 314, -241, 229, 273, 165, -161, -161, -463, 
258, -112, -370, -73, 314, -241, 229, 273, 165, -161, -161, -473, 
258, -112, -370, -73, 314, -241, 229, 273, 161, -161, -161, -473, 
258, -112, -370, -73, 314, -241, 229, 273, 151, -161, -151, -468, 
258, -112, -370, -73, 314, -241, 229, 273, 151, -161, -151, -468, 
258, -112, -370, -73, 314, -241, 229, 278, 156, -161, -151, -468, 
258, -112, -370, -73, 314, -241, 229, 278, 156, -161, -151, -468, 
258, -112, -370, -73, 314, -241, 224, 273, 156, -161, -161, -468, 
258, -112, -370, -73, 314, -241, 224, 268, 156, -161, -161, -468, 
258, -112, -370, -73, 314, -241, 224, 268, 156, -165, -165, -468, 
258, -112, -370, -73, 314, -241, 224, 268, 156, -165, -165, -468, 
258, -102, -361, -78, 309, -231, 224, 268, 156, -165, -165, -478, 
258, -102, -361, -78, 309, -231, 224, 273, 151, -165, -165, -478, 
258, -102, -361, -78, 309, -231, 224, 273, 151, -165, -161, -478, 
258, -102, -361, -78, 309, -231, 224, 268, 151, -165, -161, -478, 
258, -112, -370, -73, 314, -241, 224, 268, 161, -165, -161, -468, 
258, -112, -370, -73, 314, -241, 224, 273, 161, -161, -161, -468, 
258, -112, -370, -73, 314, -241, 224, 273, 161, -161, -161, -473, 
258, -112, -370, -73, 314, -241, 224, 273, 161, -161, -156, -473, 
258, -112, -370, -73, 314, -241, 229, 273, 161, -161, -156, -473, 
258, -112, -370, -73, 314, -241, 229, 273, 161, -161, -161, -473, 
258, -112, -370, -73, 314, -241, 234, 273, 161, -165, -161, -473, 
258, -112, -370, -73, 314, -241, 234, 273, 161, -165, -161, -473, 
268, -112, -380, -78, 324, -246, 224, 283, 151, -170, -170, -473, 
268, -117, -385, -75, 326, -251, 224, 278, 156, -170, -170, -473, 
268, -117, -385, -75, 326, -251, 224, 278, 156, -170, -170, -473, 
273, -117, -390, -78, 331, -253, 224, 283, 156, -170, -170, -473, 
273, -112, -385, -80, 329, -248, 229, 283, 151, -170, -165, -478, 
273, -107, -380, -82, 326, -244, 229, 283, 156, -170, -170, -473, 
273, -107, -380, -82, 326, -244, 234, 273, 156, -175, -175, -468, 
263, -107, -370, -78, 317, -239, 224, 273, 156, -175, -165, -478, 
263, -107, -370, -78, 317, -239, 224, 273, 156, -175, -165, -478, 
263, -107, -370, -78, 317, -239, 224, 273, 156, -175, -165, -478, 
263, -107, -370, -78, 317, -239, 224, 273, 156, -175, -165, -478, 
253, -107, -361, -73, 307, -234, 224, 273, 156, -175, -165, -478, 
253, -107, -361, -73, 307, -234, 224, 273, 156, -175, -165, -478, 
253, -107, -361, -73, 307, -234, 224, 273, 156, -175, -165, -478, 
253, -107, -361, -73, 307, -234, 224, 273, 156, -175, -165, -478, 
263, -117, -380, -73, 322, -248, 224, 273, 146, -175, -175, -478, 
263, -117, -380, -73, 322, -248, 224, 273, 146, -175, -175, -478, 
263, -117, -380, -73, 322, -248, 224, 273, 146, -175, -175, -478, 
263, -117, -380, -73, 322, -248, 224, 273, 146, -175, -175, -478, 
258, -107, -366, -75, 312, -236, 224, 273, 146, -175, -175, -468, 
253, -107, -361, -73, 307, -234, 224, 273, 146, -175, -175, -468, 
248, -107, -356, -70, 302, -231, 224, 273, 146, -175, -175, -468, 
244, -107, -351, -68, 297, -229, 224, 273, 146, -175, -175, -468, 
253, -117, -370, -68, 312, -244, 224, 273, 146, -175, -175, -478, 
253, -117, -370, -68, 312, -244, 224, 273, 146, -175, -175, -478, 
253, -117, -370, -68, 312, -244, 224, 273, 146, -175, -175, -478, 
253, -117, -370, -68, 312, -244, 224, 273, 146, -175, -175, -478, 
244, -117, -361, -63, 302, -239, 224, 273, 146, -175, -175, -478, 
244, -117, -361, -63, 302, -239, 224, 273, 146, -175, -175, -478, 
244, -117, -361, -63, 302, -239, 224, 273, 146, -175, -175, -478, 
244, -117, -361, -63, 302, -239, 224, 273, 146, -175, -175, -478, 
234, -117, -351, -58, 292, -234, 234, 283, 146, -175, -175, -478, 
234, -117, -351, -58, 292, -234, 234, 283, 146, -175, -175, -478, 
234, -117, -351, -58, 292, -234, 234, 283, 146, -175, -175, -478, 
234, -117, -351, -58, 292, -234, 234, 283, 146, -175, -175, -478, 
234, -117, -351, -58, 292, -234, 234, 292, 146, -175, -175, -468, 
234, -117, -351, -58, 292, -234, 234, 292, 146, -175, -175, -468, 
234, -117, -351, -58, 292, -234, 234, 292, 146, -175, -175, -468, 
234, -117, -351, -58, 292, -234, 234, 292, 146, -175, -175, -468, 
234, -126, -361, -53, 297, -244, 244, 292, 156, -175, -175, -468, 
234, -126, -361, -53, 297, -244, 244, 292, 156, -175, -175, -468, 
234, -126, -361, -53, 297, -244, 244, 292, 156, -175, -175, -468, 
234, -126, -361, -53, 297, -244, 244, 292, 156, -175, -175, -468, 
224, -126, -351, -48, 287, -239, 234, 292, 165, -175, -165, -458, 
224, -126, -351, -48, 287, -239, 234, 292, 165, -175, -165, -458, 
224, -126, -351, -48, 287, -239, 234, 292, 165, -175, -165, -458, 
224, -126, -351, -48, 287, -239, 234, 292, 165, -175, -165, -458, 
224, -136, -361, -43, 292, -248, 244, 292, 156, -175, -175, -468, 
224, -136, -361, -43, 292, -248, 244, 292, 156, -175, -175, -468, 
224, -136, -361, -43, 292, -248, 244, 292, 156, -175, -175, -468, 
224, -136, -361, -43, 292, -248, 244, 292, 156, -175, -175, -468, 
214, -136, -351, -39, 283, -244, 253, 292, 165, -175, -175, -468, 
214, -136, -351, -39, 283, -244, 253, 292, 165, -175, -175, -468, 
214, -136, -351, -39, 283, -244, 253, 292, 165, -175, -175, -468, 
214, -136, -351, -39, 283, -244, 253, 292, 165, -175, -175, -468, 
214, -126, -341, -43, 278, -234, 253, 292, 156, -175, -175, -458, 
214, -126, -341, -43, 278, -234, 253, 292, 156, -175, -175, -458, 
214, -126, -341, -43, 278, -234, 253, 292, 156, -175, -175, -458, 
214, -126, -341, -43, 278, -234, 253, 292, 156, -175, -175, -458, 
204, -126, -331, -39, 268, -229, 253, 302, 165, -175, -175, -458, 
204, -126, -331, -39, 268, -229, 253, 302, 165, -175, -175, -458, 
204, -126, -331, -39, 268, -229, 253, 302, 165, -175, -175, -458, 
204, -126, -331, -39, 268, -229, 253, 302, 165, -175, -175, -458, 
204, -126, -331, -39, 268, -229, 253, 302, 165, -165, -175, -458, 
204, -126, -331, -39, 268, -229, 253, 302, 165, -165, -175, -458, 
204, -126, -331, -39, 268, -229, 253, 302, 165, -165, -175, -458, 
204, -126, -331, -39, 268, -229, 253, 302, 165, -165, -175, -458, 
195, -117, -312, -39, 253, -214, 253, 302, 165, -165, -175, -458, 
195, -117, -312, -39, 253, -214, 253, 302, 165, -165, -175, -458, 
195, -117, -312, -39, 253, -214, 253, 302, 165, -165, -175, -458, 
195, -117, -312, -39, 253, -214, 253, 302, 165, -165, -175, -458, 
185, -117, -302, -34, 244, -209, 253, 302, 165, -175, -175, -458, 
185, -117, -302, -34, 244, -209, 253, 302, 165, -175, -175, -458, 
185, -117, -302, -34, 244, -209, 253, 302, 165, -175, -175, -458, 
185, -117, -302, -34, 244, -209, 253, 302, 165, -175, -175, -458, 
185, -107, -292, -39, 239, -200, 253, 292, 165, -175, -165, -458, 
185, -107, -292, -39, 239, -200, 253, 292, 165, -175, -165, -458, 
185, -107, -292, -39, 239, -200, 253, 292, 165, -175, -165, -458, 
185, -107, -292, -39, 239, -200, 253, 292, 165, -175, -165, -458, 
185, -107, -292, -39, 239, -200, 253, 302, 156, -185, -175, -448, 
185, -107, -292, -39, 239, -200, 253, 302, 156, -185, -175, -448, 
185, -107, -292, -39, 239, -200, 253, 302, 156, -185, -175, -448, 
185, -107, -292, -39, 239, -200, 253, 302, 156, -185, -175, -448, 
185, -107, -292, -39, 239, -200, 253, 302, 165, -185, -185, -458, 
185, -107, -292, -39, 239, -200, 253, 302, 165, -185, -185, -458, 
185, -107, -292, -39, 239, -200, 253, 302, 165, -185, -185, -458, 
185, -107, -292, -39, 239, -200, 253, 302, 165, -185, -185, -458, 
175, -117, -292, -29, 234, -204, 253, 302, 165, -175, -175, -458, 
175, -117, -292, -29, 234, -204, 253, 302, 165, -175, -175, -458, 
175, -117, -292, -29, 234, -204, 253, 302, 165, -175, -175, -458, 
175, -117, -292, -29, 234, -204, 253, 302, 165, -175, -175, -458, 
175, -117, -292, -29, 234, -204, 253, 292, 156, -175, -175, -458, 
175, -117, -292, -29, 234, -204, 253, 292, 156, -175, -175, -458, 
175, -117, -292, -29, 234, -204, 253, 292, 156, -175, -175, -458, 
175, -117, -292, -29, 234, -204, 253, 292, 156, -175, -175, -458, 
185, -107, -292, -39, 239, -200, 253, 302, 156, -175, -175, -448, 
185, -107, -292, -39, 239, -200, 253, 302, 156, -175, -175, -448, 
185, -107, -292, -39, 239, -200, 253, 302, 156, -175, -175, -448, 
185, -107, -292, -39, 239, -200, 253, 302, 156, -175, -175, -448, 
175, -117, -292, -29, 234, -204, 263, 312, 165, -175, -175, -458, 
175, -117, -292, -29, 234, -204, 263, 312, 165, -175, -175, -458, 
175, -117, -292, -29, 234, -204, 263, 312, 165, -175, -175, -458, 
175, -117, -292, -29, 234, -204, 263, 312, 165, -175, -175, -458, 
185, -117, -302, -34, 244, -209, 253, 312, 156, -185, -185, -468, 
185, -117, -302, -34, 244, -209, 253, 312, 156, -185, -185, -468, 
185, -117, -302, -34, 244, -209, 253, 312, 156, -185, -185, -468, 
185, -117, -302, -34, 244, -209, 253, 312, 156, -185, -185, -468, 
185, -126, -312, -29, 248, -219, 263, 312, 165, -185, -175, -458, 
185, -126, -312, -29, 248, -219, 263, 312, 165, -185, -175, -458, 
185, -126, -312, -29, 248, -219, 263, 312, 165, -185, -175, -458, 
185, -126, -312, -29, 248, -219, 263, 312, 165, -185, -175, -458, 
185, -126, -312, -29, 248, -219, 263, 312, 156, -175, -185, -448, 
185, -126, -312, -29, 248, -219, 263, 312, 156, -175, -185, -448, 
185, -126, -312, -29, 248, -219, 263, 312, 156, -175, -185, -448, 
185, -126, -312, -29, 248, -219, 263, 312, 156, -175, -185, -448, 
185, -117, -302, -34, 244, -209, 263, 312, 165, -175, -185, -458, 
185, -117, -302, -34, 244, -209, 263, 312, 165, -175, -185, -458, 
185, -117, -302, -34, 244, -209, 263, 312, 165, -175, -185, -458, 
185, -117, -302, -34, 244, -209, 263, 312, 165, -175, -185, -458, 
175, -126, -302, -24, 239, -214, 263, 312, 156, -175, -185, -458, 
175, -126, -302, -24, 239, -214, 263, 312, 156, -175, -185, -458, 
175, -126, -302, -24, 239, -214, 263, 312, 156, -175, -185, -458, 
175, -126, -302, -24, 239, -214, 263, 312, 156, -175, -185, -458, 
175, -126, -302, -24, 239, -214, 263, 312, 156, -185, -195, -458, 
175, -126, -302, -24, 239, -214, 263, 312, 156, -185, -195, -458, 
175, -126, -302, -24, 239, -214, 263, 312, 156, -185, -195, -458, 
175, -126, -302, -24, 239, -214, 263, 312, 156, -185, -195, -458, 
185, -117, -302, -34, 244, -209, 263, 312, 156, -185, -195, -468, 
185, -117, -302, -34, 244, -209, 263, 312, 156, -185, -195, -468, 
185, -117, -302, -34, 244, -209, 263, 312, 156, -185, -195, -468, 
185, -117, -302, -34, 244, -209, 263, 312, 156, -185, -195, -468, 
185, -126, -312, -29, 248, -219, 263, 312, 156, -185, -195, -458, 
185, -126, -312, -29, 248, -219, 263, 312, 156, -185, -195, -458, 
185, -126, -312, -29, 248, -219, 263, 312, 156, -185, -195, -458, 
185, -126, -312, -29, 248, -219, 263, 312, 156, -185, -195, -458, 
185, -126, -312, -29, 248, -219, 253, 302, 156, -195, -204, -458, 
185, -126, -312, -29, 248, -219, 253, 302, 156, -195, -204, -458, 
185, -126, -312, -29, 248, -219, 253, 302, 156, -195, -204, -458, 
185, -126, -312, -29, 248, -219, 253, 302, 156, -195, -204, -458, 
195, -126, -322, -34, 258, -224, 253, 302, 156, -195, -204, -468, 
195, -126, -322, -34, 258, -224, 253, 302, 156, -195, -204, -468, 
195, -126, -322, -34, 258, -224, 253, 302, 156, -195, -204, -468, 
195, -126, -322, -34, 258, -224, 253, 302, 156, -195, -204, -468, 
185, -126, -312, -29, 248, -219, 253, 302, 156, -185, -204, -468, 
185, -126, -312, -29, 248, -219, 253, 302, 156, -185, -204, -468, 
185, -126, -312, -29, 248, -219, 253, 302, 156, -185, -204, -468, 
185, -126, -312, -29, 248, -219, 253, 302, 156, -185, -204, -468, 
195, -126, -322, -34, 258, -224, 253, 302, 156, -195, -195, -458, 
195, -126, -322, -34, 258, -224, 253, 302, 156, -195, -195, -458, 
195, -126, -322, -34, 258, -224, 253, 302, 156, -195, -195, -458, 
195, -126, -322, -34, 258, -224, 253, 302, 156, -195, -195, -458, 
195, -126, -322, -34, 258, -224, 253, 302, 146, -195, -204, -458, 
195, -126, -322, -34, 258, -224, 253, 302, 146, -195, -204, -458, 
195, -126, -322, -34, 258, -224, 253, 302, 146, -195, -204, -458, 
195, -126, -322, -34, 258, -224, 253, 302, 146, -195, -204, -458, 
195, -126, -322, -34, 258, -224, 253, 292, 146, -195, -204, -458, 
195, -126, -322, -34, 258, -224, 253, 292, 146, -195, -204, -458, 
195, -126, -322, -34, 258, -224, 253, 292, 146, -195, -204, -458, 
195, -126, -322, -34, 258, -224, 253, 292, 146, -195, -204, -458, 
195, -126, -322, -34, 258, -224, 253, 292, 146, -195, -204, -458, 
195, -126, -322, -34, 258, -224, 253, 292, 146, -195, -204, -458, 
195, -126, -322, -34, 258, -224, 253, 292, 146, -195, -204, -458, 
195, -126, -322, -34, 258, -224, 253, 292, 146, -195, -204, -458, 
185, -126, -312, -29, 248, -219, 253, 302, 146, -195, -214, -468, 
185, -126, -312, -29, 248, -219, 253, 302, 146, -195, -214, -468, 
185, -126, -312, -29, 248, -219, 253, 302, 146, -195, -214, -468, 
185, -126, -312, -29, 248, -219, 253, 302, 146, -195, -214, -468, 
185, -126, -312, -29, 248, -219, 253, 292, 146, -195, -214, -458, 
185, -126, -312, -29, 248, -219, 253, 292, 146, -195, -214, -458, 
185, -126, -312, -29, 248, -219, 253, 292, 146, -195, -214, -458, 
185, -126, -312, -29, 248, -219, 253, 292, 146, -195, -214, -458, 
185, -126, -312, -29, 248, -219, 244, 292, 146, -195, -214, -458, 
185, -126, -312, -29, 248, -219, 244, 292, 146, -195, -214, -458, 
185, -126, -312, -29, 248, -219, 244, 292, 146, -195, -214, -458, 
185, -126, -312, -29, 248, -219, 244, 292, 146, -195, -214, -458, 
185, -126, -312, -29, 248, -219, 244, 292, 146, -195, -214, -458, 
185, -126, -312, -29, 248, -219, 244, 292, 146, -195, -214, -458, 
185, -126, -312, -29, 248, -219, 244, 292, 146, -195, -214, -458, 
185, -126, -312, -29, 248, -219, 244, 292, 146, -195, -214, -458, 
185, -126, -312, -29, 248, -219, 244, 292, 146, -195, -224, -458, 
185, -126, -312, -29, 248, -219, 244, 292, 146, -195, -224, -458, 
185, -126, -312, -29, 248, -219, 244, 292, 146, -195, -224, -458, 
185, -126, -312, -29, 248, -219, 244, 292, 146, -195, -224, -458, 
195, -122, -317, -36, 256, -219, 244, 302, 156, -195, -214, -458, 
195, -117, -312, -39, 253, -214, 244, 302, 156, -195, -214, -458, 
195, -112, -307, -41, 251, -209, 244, 302, 156, -195, -214, -458, 
195, -107, -302, -43, 248, -204, 244, 302, 156, -195, -214, -458, 
195, -102, -297, -46, 246, -200, 253, 302, 161, -190, -209, -453, 
195, -97, -292, -48, 244, -195, 253, 302, 165, -185, -204, -448, 
195, -92, -287, -51, 241, -190, 253, 302, 170, -180, -200, -444, 
195, -87, -283, -53, 239, -185, 253, 302, 175, -175, -195, -439, 
204, -73, -278, -65, 241, -175, 244, 312, 190, -170, -185, -429, 
204, -68, -273, -68, 239, -170, 244, 312, 195, -165, -185, -429, 
204, -63, -268, -70, 236, -165, 244, 312, 200, -161, -185, -429, 
204, -58, -263, -73, 234, -161, 244, 312, 204, -156, -185, -429, 
204, -53, -258, -75, 231, -156, 244, 317, 209, -151, -175, -424, 
204, -48, -253, -78, 229, -151, 244, 322, 214, -146, -175, -419, 
204, -43, -248, -80, 226, -146, 244, 326, 219, -141, -175, -414, 
204, -39, -244, -82, 224, -141, 244, 331, 224, -136, -175, -409, 
214, -29, -244, -92, 229, -136, 244, 341, 229, -126, -170, -400, 
214, -29, -244, -92, 229, -136, 244, 341, 234, -126, -165, -400, 
214, -29, -244, -92, 229, -136, 244, 341, 239, -126, -161, -400, 
214, -29, -244, -92, 229, -136, 244, 341, 244, -126, -156, -400, 
224, -19, -244, -102, 234, -131, 234, 326, 234, -136, -156, -400, 
224, -19, -244, -102, 234, -131, 224, 322, 234, -136, -156, -400, 
224, -19, -244, -102, 234, -131, 214, 317, 234, -136, -156, -400, 
224, -19, -244, -102, 234, -131, 204, 312, 234, -136, -156, -400, 
224, -9, -234, -107, 229, -122, 195, 302, 234, -136, -156, -390, 
224, -9, -234, -107, 229, -122, 185, 292, 234, -136, -156, -390, 
224, -9, -234, -107, 229, -122, 175, 283, 234, -136, -156, -390, 
224, -9, -234, -107, 229, -122, 165, 273, 234, -136, -156, -390, 
224, -9, -234, -107, 229, -122, 165, 263, 219, -146, -165, -400, 
224, -9, -234, -107, 229, -122, 165, 263, 214, -146, -165, -400, 
224, -9, -234, -107, 229, -122, 165, 263, 209, -146, -165, -400, 
224, -9, -234, -107, 229, -122, 165, 263, 204, -146, -165, -400, 
234, -24, -258, -104, 246, -141, 170, 278, 204, -146, -175, -400, 
234, -29, -263, -102, 248, -146, 175, 283, 204, -146, -175, -400, 
234, -34, -268, -100, 251, -151, 180, 287, 204, -146, -175, -400, 
234, -39, -273, -97, 253, -156, 185, 292, 204, -146, -175, -400, 
244, -48, -292, -97, 268, -170, 195, 283, 200, -156, -175, -400, 
244, -48, -292, -97, 268, -170, 195, 283, 195, -156, -175, -400, 
244, -48, -292, -97, 268, -170, 195, 283, 190, -156, -175, -400, 
244, -53, -297, -95, 270, -175, 200, 278, 180, -161, -180, -405, 
229, -63, -292, -82, 261, -178, 200, 278, 175, -170, -180, -414, 
219, -63, -283, -78, 251, -173, 209, 278, 175, -175, -180, -414, 
214, -68, -283, -73, 248, -175, 214, 278, 175, -180, -180, -414, 
204, -82, -287, -61, 246, -185, 219, 283, 175, -180, -185, -424, 
200, -87, -287, -56, 244, -187, 224, 292, 175, -195, -195, -429, 
195, -92, -287, -51, 241, -190, 224, 292, 165, -195, -204, -434, 
185, -102, -287, -41, 236, -195, 229, 292, 165, -200, -214, -439, 
185, -107, -292, -39, 239, -200, 229, 287, 161, -204, -219, -444, 
185, -97, -283, -43, 234, -190, 229, 278, 146, -204, -224, -458, 
185, -102, -287, -41, 236, -195, 229, 278, 146, -209, -224, -458, 
180, -102, -283, -39, 231, -192, 229, 278, 146, -209, -224, -458, 
180, -102, -283, -39, 231, -192, 224, 273, 146, -209, -224, -458, 
190, -112, -302, -39, 246, -207, 224, 273, 146, -200, -219, -458, 
190, -112, -302, -39, 246, -207, 224, 278, 146, -200, -219, -453, 
195, -112, -307, -41, 251, -209, 224, 278, 146, -204, -224, -453, 
195, -117, -312, -39, 253, -214, 224, 273, 146, -204, -229, -463, 
185, -117, -302, -34, 244, -209, 224, 283, 146, -214, -229, -453, 
180, -117, -297, -31, 239, -207, 224, 283, 146, -214, -224, -448, 
180, -117, -297, -31, 239, -207, 224, 287, 146, -214, -224, -448, 
180, -117, -297, -31, 239, -207, 224, 287, 146, -214, -229, -448, 
190, -117, -307, -36, 248, -212, 224, 287, 146, -214, -229, -458, 
185, -117, -302, -34, 244, -209, 229, 287, 146, -214, -229, -458, 
185, -117, -302, -34, 244, -209, 229, 287, 146, -214, -229, -458, 
190, -117, -307, -36, 248, -212, 229, 287, 146, -209, -229, -458, 
180, -126, -307, -26, 244, -217, 234, 278, 146, -209, -239, -458, 
180, -126, -307, -26, 244, -217, 234, 278, 151, -214, -239, -463, 
180, -131, -312, -24, 246, -222, 234, 278, 151, -214, -239, -463, 
175, -131, -307, -21, 241, -219, 229, 278, 151, -214, -239, -458, 
175, -122, -297, -26, 236, -209, 229, 278, 151, -204, -239, -458, 
175, -126, -302, -24, 239, -214, 229, 278, 151, -204, -239, -458, 
175, -126, -302, -24, 239, -214, 234, 273, 151, -204, -239, -458, 
175, -126, -302, -24, 239, -214, 234, 273, 151, -204, -239, -458, 
175, -136, -312, -19, 244, -224, 239, 287, 151, -204, -239, -458, 
175, -131, -307, -21, 241, -219, 239, 287, 151, -209, -239, -458, 
175, -131, -307, -21, 241, -219, 234, 287, 151, -209, -239, -458, 
175, -136, -312, -19, 244, -224, 234, 287, 151, -204, -239, -463, 
170, -136, -307, -17, 239, -222, 244, 287, 156, -214, -239, -463, 
170, -136, -307, -17, 239, -222, 244, 287, 156, -214, -239, -463, 
170, -136, -307, -17, 239, -222, 248, 287, 156, -214, -239, -463, 
170, -136, -307, -17, 239, -222, 248, 287, 156, -214, -239, -463, 
185, -131, -317, -26, 251, -224, 239, 287, 156, -204, -239, -463, 
185, -131, -317, -26, 251, -224, 239, 287, 156, -204, -239, -463, 
180, -131, -312, -24, 246, -222, 239, 287, 156, -204, -239, -463, 
180, -136, -317, -21, 248, -226, 239, 287, 156, -204, -239, -463, 
170, -136, -307, -17, 239, -222, 239, 287, 156, -204, -248, -458, 
170, -136, -307, -17, 239, -222, 239, 287, 156, -204, -248, -458, 
170, -136, -307, -17, 239, -222, 244, 287, 156, -204, -244, -463, 
170, -136, -307, -17, 239, -222, 244, 287, 156, -204, -244, -463, 
180, -136, -317, -21, 248, -226, 239, 287, 156, -204, -239, -453, 
180, -136, -317, -21, 248, -226, 239, 287, 156, -204, -239, -453, 
180, -136, -317, -21, 248, -226, 239, 287, 156, -204, -239, -453, 
180, -136, -317, -21, 248, -226, 239, 287, 156, -204, -239, -453, 
170, -136, -307, -17, 239, -222, 248, 287, 156, -204, -239, -453, 
170, -136, -307, -17, 239, -222, 248, 287, 161, -204, -239, -453, 
170, -136, -307, -17, 239, -222, 248, 287, 161, -204, -239, -453, 
170, -136, -307, -17, 239, -222, 248, 287, 161, -204, -239, -453, 
170, -136, -307, -17, 239, -222, 239, 287, 156, -204, -248, -453, 
170, -136, -307, -17, 239, -222, 239, 287, 156, -204, -248, -453, 
170, -136, -307, -17, 239, -222, 239, 287, 161, -204, -248, -453, 
170, -136, -307, -17, 239, -222, 239, 287, 161, -204, -248, -453, 
170, -136, -307, -17, 239, -222, 239, 287, 161, -214, -253, -463, 
170, -136, -307, -17, 239, -222, 239, 287, 161, -214, -253, -458, 
170, -136, -307, -17, 239, -222, 244, 287, 161, -214, -253, -458, 
170, -136, -307, -17, 239, -222, 244, 287, 161, -214, -253, -458, 
165, -136, -302, -14, 234, -219, 244, 287, 161, -214, -244, -448, 
165, -136, -302, -14, 234, -219, 244, 287, 161, -214, -244, -448, 
170, -136, -307, -17, 239, -222, 244, 287, 161, -214, -244, -448, 
170, -131, -302, -19, 236, -217, 244, 287, 161, -214, -244, -448, 
170, -131, -302, -19, 236, -217, 244, 287, 161, -204, -244, -448, 
170, -131, -302, -19, 236, -217, 244, 287, 161, -204, -244, -448, 
170, -136, -307, -17, 239, -222, 244, 287, 161, -204, -244, -448, 
170, -136, -307, -17, 239, -222, 244, 287, 161, -204, -239, -448, 
156, -136, -292, -9, 224, -214, 244, 287, 161, -204, -239, -448, 
156, -136, -292, -9, 224, -214, 244, 287, 161, -200, -239, -448, 
161, -136, -297, -12, 229, -217, 244, 292, 161, -200, -239, -448, 
161, -136, -297, -12, 229, -217, 244, 292, 161, -204, -244, -448, 
156, -136, -292, -9, 224, -214, 248, 292, 161, -214, -244, -448, 
156, -141, -297, -7, 226, -219, 258, 302, 161, -214, -248, -448, 
156, -151, -307, -2, 231, -229, 263, 317, 170, -214, -253, -463, 
156, -156, -312, 0, 234, -234, 273, 326, 180, -209, -268, -478, 
156, -161, -317, 2, 236, -239, 283, 346, 195, -209, -273, -492, 
161, -175, -336, 7, 248, -256, 297, 375, 214, -204, -278, -497, 
165, -200, -366, 17, 265, -283, 312, 409, 239, -200, -292, -522, 
156, -224, -380, 34, 268, -302, 346, 463, 278, -195, -297, -551, 
161, -239, -400, 39, 280, -319, 370, 497, 317, -175, -307, -566, 
185, -229, -414, 21, 300, -322, 370, 512, 356, -141, -292, -570, 
214, -209, -424, -2, 319, -317, 356, 546, 409, -97, -263, -546, 
263, -161, -424, -51, 344, -292, 341, 585, 492, -19, -214, -507, 
307, -63, -370, -122, 339, -217, 302, 595, 614, 92, -122, -434, 
346, 68, -278, -207, 312, -104, 219, 522, 732, 204, -9, -336, 
356, 214, -141, -285, 248, 36, 122, 375, 785, 278, 82, -239, 
356, 331, -24, -344, 190, 153, 24, 219, 756, 283, 151, -161, 
390, 473, 82, -431, 153, 278, -92, 29, 668, 283, 234, -34, 
424, 624, 200, -524, 112, 412, -244, -175, 570, 326, 361, 136, 
444, 790, 346, -617, 48, 568, -395, -419, 448, 375, 517, 331, 
458, 971, 512, -714, -26, 741, -551, -644, 317, 439, 697, 541, 
473, 1112, 639, -793, -82, 875, -688, -844, 156, 483, 858, 746, 
473, 1210, 736, -841, -131, 973, -785, -1005, -29, 502, 985, 922, 
448, 1351, 902, -900, -226, 1127, -878, -1161, -165, 531, 1132, 1112, 
390, 1561, 1171, -976, -390, 1366, -995, -1351, -219, 614, 1332, 1342, 
312, 1771, 1459, -1041, -573, 1615, -1083, -1503, -273, 688, 1517, 1542, 
263, 1864, 1600, -1063, -668, 1732, -1132, -1566, -312, 741, 1639, 1673, 
244, 1820, 1576, -1032, -666, 1698, -1102, -1522, -331, 766, 1712, 1737, 
214, 1673, 1459, -944, -622, 1566, -1005, -1410, -326, 766, 1722, 1732, 
175, 1488, 1312, -832, -568, 1400, -883, -1278, -317, 732, 1678, 1664, 
126, 1302, 1176, -714, -524, 1239, -751, -1151, -307, 678, 1590, 1571, 
87, 1083, 995, -585, -453, 1039, -619, -1019, -317, 566, 1434, 1429, 
73, 858, 785, -466, -356, 822, -497, -868, -317, 409, 1200, 1205, 
73, 658, 585, -366, -256, 622, -375, -697, -283, 287, 966, 971, 
87, 497, 409, -292, -161, 453, -273, -546, -239, 204, 780, 761, 
117, 385, 268, -251, -75, 326, -209, -405, -219, 112, 595, 580, 
141, 297, 156, -219, -7, 226, -136, -253, -185, -14, 366, 361, 
151, 195, 43, -173, 53, 119, -63, -107, -161, -190, 78, 78, 
151, 117, -34, -134, 92, 41, 0, 0, -102, -278, -117, -136, 
151, 78, -73, -114, 112, 2, 34, 53, -14, -224, -107, -190, 
161, 48, -112, -104, 136, -31, 73, 92, 63, -156, -87, -214, 
161, 24, -136, -92, 148, -56, 112, 122, 107, -141, -102, -253, 
175, 14, -161, -95, 168, -73, 131, 165, 156, -102, -73, -234, 
200, 14, -185, -107, 192, -85, 146, 204, 190, -68, -39, -209, 
204, 9, -195, -107, 200, -92, 170, 229, 200, -53, -48, -219, 
204, 0, -204, -102, 204, -102, 185, 253, 214, -53, -48, -224, 
204, 4, -200, -104, 202, -97, 190, 278, 219, -53, -53, -234, 
214, 4, -209, -109, 212, -102, 200, 287, 219, -53, -68, -239, 
214, 4, -209, -109, 212, -102, 200, 287, 229, -63, -82, -258, 
204, 4, -200, -104, 202, -97, 200, 287, 239, -68, -92, -268, 
204, -4, -209, -100, 207, -107, 200, 287, 244, -78, -92, -278, 
200, -4, -204, -97, 202, -104, 209, 287, 248, -82, -97, -292, 
200, -19, -219, -90, 209, -119, 214, 297, 248, -82, -112, -312, 
190, -34, -224, -78, 207, -129, 219, 302, 244, -87, -126, -322, 
190, -48, -239, -70, 214, -143, 224, 312, 244, -102, -141, -341, 
190, -58, -248, -65, 219, -153, 224, 312, 244, -112, -156, -356, 
190, -63, -253, -63, 222, -158, 224, 322, 244, -112, -156, -356, 
190, -63, -253, -63, 222, -158, 229, 322, 244, -117, -156, -356, 
190, -63, -253, -63, 222, -158, 229, 322, 244, -117, -156, -356, 
190, -58, -248, -65, 219, -153, 229, 322, 248, -107, -151, -356, 
190, -58, -248, -65, 219, -153, 229, 326, 253, -107, -151, -356, 
190, -53, -244, -68, 217, -148, 229, 326, 253, -107, -151, -361, 
190, -48, -239, -70, 214, -143, 229, 326, 258, -107, -151, -366, 
190, -58, -248, -65, 219, -153, 234, 326, 258, -107, -156, -366, 
190, -58, -248, -65, 219, -153, 234, 336, 258, -107, -161, -366, 
190, -58, -248, -65, 219, -153, 239, 341, 263, -107, -161, -366, 
200, -58, -258, -70, 229, -158, 239, 341, 263, -107, -161, -366, 
200, -58, -258, -70, 229, -158, 229, 341, 263, -117, -165, -356, 
200, -58, -258, -70, 229, -158, 229, 341, 263, -117, -165, -356, 
200, -53, -253, -73, 226, -153, 229, 341, 263, -112, -165, -356, 
200, -53, -253, -73, 226, -153, 229, 336, 263, -107, -165, -356, 
200, -53, -253, -73, 226, -153, 229, 346, 263, -97, -165, -356, 
200, -53, -253, -73, 226, -153, 229, 346, 268, -97, -165, -356, 
200, -53, -253, -73, 226, -153, 229, 346, 268, -97, -165, -356, 
200, -48, -248, -75, 224, -148, 229, 346, 268, -97, -165, -356, 
204, -48, -253, -78, 229, -151, 239, 346, 273, -97, -156, -356, 
204, -48, -253, -78, 229, -151, 234, 351, 273, -97, -156, -351, 
204, -48, -253, -78, 229, -151, 234, 351, 273, -97, -151, -351, 
204, -48, -253, -78, 229, -151, 234, 351, 273, -97, -151, -351, 
200, -48, -248, -75, 224, -148, 224, 341, 278, -82, -151, -341, 
200, -43, -244, -78, 222, -143, 224, 341, 278, -82, -151, -341, 
200, -43, -244, -78, 222, -143, 224, 341, 278, -82, -151, -341, 
200, -43, -244, -78, 222, -143, 224, 341, 278, -82, -146, -341, 
200, -43, -244, -78, 222, -143, 219, 341, 283, -87, -136, -336, 
200, -43, -244, -78, 222, -143, 219, 341, 283, -82, -136, -336, 
200, -43, -244, -78, 222, -143, 219, 341, 283, -82, -136, -326, 
200, -43, -244, -78, 222, -143, 219, 341, 287, -78, -131, -326, 
200, -34, -234, -82, 217, -134, 209, 341, 287, -73, -141, -322, 
204, -34, -239, -85, 222, -136, 209, 341, 287, -73, -136, -322, 
204, -29, -234, -87, 219, -131, 209, 341, 287, -68, -131, -317, 
204, -29, -234, -87, 219, -131, 209, 341, 292, -68, -131, -312, 
204, -29, -234, -87, 219, -131, 209, 341, 297, -68, -131, -312, 
204, -24, -229, -90, 217, -126, 204, 341, 297, -63, -126, -312, 
209, -19, -229, -95, 219, -124, 204, 341, 297, -63, -126, -312, 
209, -19, -229, -95, 219, -124, 200, 341, 302, -63, -126, -312, 
200, -24, -224, -87, 212, -124, 209, 336, 302, -53, -117, -302, 
200, -19, -219, -90, 209, -119, 204, 336, 302, -48, -117, -302, 
204, -19, -224, -92, 214, -122, 204, 336, 302, -48, -117, -302, 
204, -19, -224, -92, 214, -122, 204, 336, 307, -48, -117, -297, 
204, -4, -209, -100, 207, -107, 195, 336, 307, -48, -107, -292, 
204, -4, -209, -100, 207, -107, 190, 331, 307, -48, -107, -292, 
204, -4, -209, -100, 207, -107, 190, 331, 307, -48, -107, -292, 
204, 0, -204, -102, 204, -102, 190, 331, 307, -48, -107, -287, 
209, -4, -214, -102, 212, -109, 190, 336, 312, -48, -92, -292, 
209, -4, -214, -102, 212, -109, 190, 336, 312, -39, -92, -283, 
209, -4, -214, -102, 212, -109, 190, 336, 312, -39, -92, -283, 
209, -4, -214, -102, 212, -109, 185, 336, 317, -39, -87, -283, 
214, 0, -214, -107, 214, -107, 185, 336, 317, -29, -87, -273, 
214, 0, -214, -107, 214, -107, 180, 336, 317, -19, -87, -273, 
214, 0, -214, -107, 214, -107, 180, 336, 322, -19, -82, -268, 
214, 0, -214, -107, 214, -107, 180, 336, 322, -14, -78, -263, 
219, 9, -209, -114, 214, -100, 185, 326, 326, -14, -78, -253, 
219, 14, -204, -117, 212, -95, 180, 326, 331, -9, -78, -253, 
219, 24, -195, -122, 207, -85, 180, 326, 331, -4, -68, -253, 
219, 29, -190, -124, 204, -80, 180, 326, 331, -4, -63, -248, 
209, 19, -190, -114, 200, -85, 180, 326, 331, -4, -68, -239, 
214, 19, -195, -117, 204, -87, 175, 326, 331, -4, -68, -239, 
214, 29, -185, -122, 200, -78, 175, 326, 341, 4, -63, -234, 
219, 29, -190, -124, 204, -80, 175, 326, 341, 4, -58, -234, 
229, 39, -190, -134, 209, -75, 165, 326, 341, -4, -58, -244, 
229, 39, -190, -134, 209, -75, 161, 326, 341, 4, -53, -239, 
229, 48, -180, -139, 204, -65, 161, 326, 346, 9, -48, -229, 
229, 48, -180, -139, 204, -65, 161, 326, 346, 14, -43, -229, 
229, 58, -170, -143, 200, -56, 161, 326, 351, 14, -39, -224, 
234, 63, -170, -148, 202, -53, 161, 326, 351, 19, -39, -219, 
234, 68, -165, -151, 200, -48, 161, 326, 351, 24, -29, -214, 
234, 68, -165, -151, 200, -48, 161, 326, 356, 29, -24, -209, 
244, 73, -170, -158, 207, -48, 151, 317, 361, 43, -24, -204, 
244, 78, -165, -161, 204, -43, 146, 317, 361, 43, -19, -200, 
248, 82, -165, -165, 207, -41, 146, 317, 366, 48, -14, -200, 
248, 87, -161, -168, 204, -36, 146, 317, 366, 53, -9, -195, 
263, 92, -170, -178, 217, -39, 146, 317, 356, 48, -4, -180, 
263, 92, -170, -178, 217, -39, 146, 317, 366, 53, 4, -175, 
268, 97, -170, -183, 219, -36, 141, 317, 370, 63, 14, -165, 
273, 102, -170, -187, 222, -34, 131, 317, 370, 63, 19, -161, 
273, 102, -170, -187, 222, -34, 131, 326, 380, 73, 24, -161, 
278, 107, -170, -192, 224, -31, 126, 326, 390, 78, 34, -151, 
278, 112, -165, -195, 222, -26, 122, 326, 395, 82, 39, -146, 
283, 126, -156, -204, 219, -14, 122, 326, 400, 87, 43, -141, 
292, 126, -165, -209, 229, -19, 122, 331, 395, 97, 48, -131, 
297, 136, -161, -217, 229, -12, 122, 331, 400, 107, 58, -126, 
302, 141, -161, -222, 231, -9, 112, 326, 405, 112, 73, -117, 
307, 146, -161, -226, 234, -7, 107, 326, 409, 117, 82, -102, 
312, 161, -151, -236, 231, 4, 107, 317, 414, 131, 87, -97, 
317, 165, -151, -241, 234, 7, 102, 322, 424, 141, 97, -87, 
317, 170, -146, -244, 231, 12, 97, 322, 429, 151, 107, -78, 
322, 190, -131, -256, 226, 29, 97, 322, 429, 156, 117, -68, 
326, 180, -146, -253, 236, 17, 92, 326, 448, 165, 126, -58, 
331, 190, -141, -261, 236, 24, 87, 326, 453, 175, 141, -48, 
336, 204, -131, -270, 234, 36, 82, 326, 463, 185, 156, -39, 
341, 209, -131, -275, 236, 39, 78, 326, 473, 200, 161, -19, 
346, 219, -126, -283, 236, 46, 73, 326, 468, 209, 185, -14, 
356, 229, -126, -292, 241, 51, 68, 326, 483, 219, 204, -4, 
366, 239, -126, -302, 246, 56, 58, 322, 483, 229, 209, 9, 
380, 248, -131, -314, 256, 58, 53, 322, 488, 239, 219, 24, 
375, 253, -122, -314, 248, 65, 48, 317, 502, 253, 224, 39, 
380, 263, -117, -322, 248, 73, 43, 317, 512, 273, 244, 53, 
385, 268, -117, -326, 251, 75, 39, 317, 522, 287, 263, 73, 
390, 283, -107, -336, 248, 87, 34, 317, 531, 297, 278, 87, 
409, 297, -112, -353, 261, 92, 34, 307, 531, 312, 302, 102, 
409, 302, -107, -356, 258, 97, 24, 307, 536, 326, 322, 122, 
414, 312, -102, -363, 258, 104, 9, 307, 546, 341, 336, 141, 
424, 331, -92, -378, 258, 119, 9, 307, 556, 356, 346, 156, 
434, 356, -78, -395, 256, 139, -4, 307, 566, 370, 366, 170, 
439, 370, -68, -405, 253, 151, -14, 307, 570, 385, 380, 190, 
448, 375, -73, -412, 261, 151, -24, 297, 575, 400, 395, 204, 
463, 395, -68, -429, 265, 163, -34, 297, 580, 414, 414, 224, 
453, 409, -43, -431, 248, 183, -34, 307, 595, 429, 439, 248, 
463, 419, -43, -441, 253, 187, -43, 307, 610, 444, 458, 268, 
468, 434, -34, -451, 251, 200, -53, 302, 610, 458, 478, 287, 
483, 448, -34, -466, 258, 207, -63, 297, 624, 473, 497, 307, 
483, 468, -14, -475, 248, 226, -73, 292, 624, 488, 517, 322, 
488, 483, -4, -485, 246, 239, -78, 287, 629, 502, 536, 341, 
497, 497, 0, -497, 248, 248, -87, 283, 629, 517, 556, 361, 
502, 512, 9, -507, 246, 261, -97, 283, 629, 527, 566, 380, 
512, 527, 14, -519, 248, 270, -102, 268, 644, 536, 575, 400, 
517, 536, 19, -527, 248, 278, -117, 263, 649, 546, 590, 419, 
527, 546, 19, -536, 253, 283, -122, 258, 653, 551, 605, 429, 
531, 556, 24, -544, 253, 290, -136, 253, 653, 556, 619, 444, 
531, 575, 43, -553, 244, 309, -136, 244, 658, 561, 624, 463, 
536, 575, 39, -556, 248, 307, -141, 239, 658, 566, 634, 463, 
536, 580, 43, -558, 246, 312, -151, 229, 653, 570, 634, 463, 
536, 590, 53, -563, 241, 322, -151, 214, 649, 575, 634, 468, 
531, 590, 58, -561, 236, 324, -161, 200, 644, 570, 634, 478, 
531, 590, 58, -561, 236, 324, -165, 195, 644, 561, 629, 473, 
527, 590, 63, -558, 231, 326, -165, 185, 634, 561, 629, 463, 
522, 585, 63, -553, 229, 324, -165, 175, 624, 546, 610, 453, 
531, 580, 48, -556, 241, 314, -170, 165, 600, 522, 590, 444, 
522, 561, 39, -541, 241, 300, -165, 165, 590, 497, 566, 414, 
512, 551, 39, -531, 236, 295, -161, 156, 566, 463, 536, 385, 
507, 527, 19, -517, 244, 273, -146, 156, 546, 439, 507, 356, 
502, 512, 9, -507, 246, 261, -141, 146, 522, 405, 473, 317, 
488, 488, 0, -488, 244, 244, -131, 146, 512, 375, 439, 287, 
473, 463, -9, -468, 241, 226, -122, 146, 497, 351, 414, 253, 
458, 434, -24, -446, 241, 204, -112, 146, 488, 326, 380, 224, 
458, 419, -39, -439, 248, 190, -107, 141, 458, 297, 346, 195, 
444, 400, -43, -422, 244, 178, -97, 136, 439, 268, 312, 161, 
429, 370, -58, -400, 244, 156, -82, 136, 419, 234, 278, 131, 
409, 351, -58, -380, 234, 146, -63, 141, 405, 204, 244, 87, 
409, 322, -87, -366, 248, 117, -58, 146, 385, 170, 204, 43, 
395, 292, -102, -344, 248, 95, -43, 146, 366, 136, 165, 9, 
375, 263, -112, -319, 244, 75, -29, 156, 351, 102, 131, -24, 
366, 234, -131, -300, 248, 51, -14, 161, 336, 73, 97, -48, 
351, 204, -146, -278, 248, 29, 4, 165, 322, 48, 73, -78, 
346, 185, -161, -265, 253, 12, 19, 165, 307, 29, 43, -107, 
336, 165, -170, -251, 253, -2, 34, 161, 297, 9, 19, -136, 
331, 146, -185, -239, 258, -19, 43, 161, 283, -14, -9, -161, 
322, 122, -200, -222, 261, -39, 53, 175, 258, -39, -43, -190, 
317, 107, -209, -212, 263, -51, 63, 185, 248, -58, -63, -209, 
307, 87, -219, -197, 263, -65, 68, 190, 239, -78, -87, -229, 
297, 73, -224, -185, 261, -75, 82, 195, 229, -92, -112, -253, 
297, 43, -253, -170, 275, -104, 82, 195, 214, -117, -141, -278, 
287, 24, -263, -156, 275, -119, 92, 195, 209, -126, -156, -297, 
283, 14, -268, -148, 275, -126, 97, 195, 204, -136, -165, -307, 
278, 4, -273, -141, 275, -134, 97, 195, 195, -136, -165, -312, 
268, -19, -287, -124, 278, -153, 117, 204, 204, -151, -185, -322, 
268, -29, -297, -119, 283, -163, 117, 204, 190, -161, -190, -326, 
268, -29, -297, -119, 283, -163, 122, 209, 185, -170, -200, -336, 
263, -39, -302, -112, 283, -170, 126, 209, 180, -180, -209, -351, 
268, -34, -302, -117, 285, -168, 131, 209, 175, -200, -219, -370, 
263, -43, -307, -109, 285, -175, 131, 214, 161, -209, -234, -375, 
258, -53, -312, -102, 285, -183, 131, 214, 156, -214, -244, -385, 
258, -58, -317, -100, 287, -187, 136, 214, 156, -214, -258, -390, 
258, -63, -322, -97, 290, -192, 141, 214, 156, -214, -268, -400, 
258, -63, -322, -97, 290, -192, 146, 214, 151, -214, -268, -400, 
258, -68, -326, -95, 292, -197, 151, 214, 151, -214, -268, -405, 
258, -68, -326, -95, 292, -197, 151, 214, 151, -214, -268, -405, 
253, -82, -336, -85, 295, -209, 156, 204, 146, -229, -273, -395, 
253, -82, -336, -85, 295, -209, 156, 204, 136, -229, -278, -400, 
253, -87, -341, -82, 297, -214, 161, 204, 136, -229, -278, -405, 
253, -92, -346, -80, 300, -219, 161, 214, 141, -229, -278, -409, 
244, -82, -326, -80, 285, -204, 161, 214, 131, -239, -287, -414, 
244, -82, -326, -80, 285, -204, 161, 214, 131, -239, -287, -414, 
244, -82, -326, -80, 285, -204, 161, 214, 131, -239, -287, -409, 
244, -82, -326, -80, 285, -204, 161, 219, 131, -239, -287, -409, 
253, -92, -346, -80, 300, -219, 151, 219, 131, -239, -287, -419, 
253, -92, -346, -80, 300, -219, 156, 219, 131, -239, -287, -419, 
248, -92, -341, -78, 295, -217, 156, 214, 131, -239, -287, -419, 
248, -92, -341, -78, 295, -217, 156, 214, 131, -239, -287, -419, 
248, -82, -331, -82, 290, -207, 156, 214, 141, -234, -287, -409, 
248, -82, -331, -82, 290, -207, 156, 214, 136, -234, -287, -414, 
248, -82, -331, -82, 290, -207, 156, 214, 136, -234, -283, -414, 
248, -82, -331, -82, 290, -207, 156, 214, 136, -234, -283, -414, 
248, -82, -331, -82, 290, -207, 156, 214, 136, -244, -292, -419, 
248, -82, -331, -82, 290, -207, 151, 214, 136, -244, -297, -419, 
248, -82, -331, -82, 290, -207, 151, 214, 136, -244, -297, -419, 
248, -82, -331, -82, 290, -207, 151, 214, 136, -244, -292, -419, 
239, -82, -322, -78, 280, -202, 151, 214, 146, -234, -292, -409, 
244, -82, -326, -80, 285, -204, 151, 219, 146, -239, -292, -414, 
244, -82, -326, -80, 285, -204, 151, 219, 146, -239, -292, -414, 
239, -82, -322, -78, 280, -202, 151, 219, 146, -239, -292, -414, 
248, -82, -331, -82, 290, -207, 161, 229, 151, -239, -283, -409, 
248, -87, -336, -80, 292, -212, 161, 229, 151, -239, -278, -409, 
248, -87, -336, -80, 292, -212, 161, 229, 151, -239, -278, -409, 
248, -87, -336, -80, 292, -212, 161, 229, 151, -239, -278, -409, 
239, -87, -326, -75, 283, -207, 151, 219, 161, -234, -278, -414, 
239, -87, -326, -75, 283, -207, 151, 219, 161, -234, -278, -414, 
239, -87, -326, -75, 283, -207, 151, 219, 161, -234, -278, -414, 
239, -87, -326, -75, 283, -207, 151, 219, 161, -234, -278, -409, 
239, -78, -317, -80, 278, -197, 161, 219, 161, -234, -278, -409, 
239, -78, -317, -80, 278, -197, 161, 224, 161, -229, -278, -409, 
239, -78, -317, -80, 278, -197, 156, 224, 161, -229, -278, -414, 
239, -78, -317, -80, 278, -197, 156, 224, 161, -229, -278, -414, 
229, -87, -317, -70, 273, -202, 156, 224, 161, -229, -278, -405, 
234, -82, -317, -75, 275, -200, 156, 224, 161, -229, -278, -405, 
234, -82, -317, -75, 275, -200, 156, 224, 161, -229, -278, -405, 
234, -82, -317, -75, 275, -200, 161, 224, 161, -229, -278, -400, 
234, -82, -317, -75, 275, -200, 161, 224, 161, -229, -278, -400, 
234, -82, -317, -75, 275, -200, 161, 224, 161, -229, -278, -400, 
234, -82, -317, -75, 275, -200, 156, 224, 161, -229, -278, -400, 
234, -82, -317, -75, 275, -200, 156, 224, 161, -229, -278, -400, 
234, -82, -317, -75, 275, -200, 156, 224, 161, -229, -278, -405, 
234, -82, -317, -75, 275, -200, 156, 219, 161, -229, -278, -405, 
234, -82, -317, -75, 275, -200, 156, 219, 161, -229, -278, -405, 
234, -82, -317, -75, 275, -200, 156, 219, 165, -229, -278, -405, 
234, -82, -317, -75, 275, -200, 156, 219, 156, -229, -278, -405, 
234, -82, -317, -75, 275, -200, 156, 219, 156, -229, -278, -405, 
234, -82, -317, -75, 275, -200, 156, 219, 156, -234, -278, -405, 
234, -82, -317, -75, 275, -200, 156, 219, 156, -234, -278, -405, 
224, -73, -297, -75, 261, -185, 156, 219, 156, -234, -287, -414, 
224, -73, -297, -75, 261, -185, 161, 219, 156, -234, -287, -414, 
224, -73, -297, -75, 261, -185, 161, 219, 156, -234, -287, -414, 
224, -73, -297, -75, 261, -185, 161, 219, 156, -234, -287, -409, 
234, -82, -317, -75, 275, -200, 161, 219, 156, -234, -292, -400, 
234, -82, -317, -75, 275, -200, 161, 219, 156, -239, -292, -405, 
234, -82, -317, -75, 275, -200, 161, 219, 156, -239, -292, -405, 
234, -82, -317, -75, 275, -200, 161, 219, 151, -239, -292, -405, 
224, -82, -307, -70, 265, -195, 161, 229, 151, -229, -292, -405, 
224, -82, -307, -70, 265, -195, 161, 229, 151, -229, -292, -405, 
224, -82, -307, -70, 265, -195, 161, 229, 151, -229, -292, -405, 
224, -82, -307, -70, 265, -195, 161, 229, 146, -234, -292, -405, 
224, -82, -307, -70, 265, -195, 161, 229, 146, -234, -292, -405, 
224, -82, -307, -70, 265, -195, 161, 229, 141, -234, -297, -405, 
224, -82, -307, -70, 265, -195, 161, 229, 141, -234, -297, -405, 
224, -87, -312, -68, 268, -200, 161, 229, 141, -234, -297, -405, 
214, -87, -302, -63, 258, -195, 161, 219, 136, -244, -297, -405, 
214, -82, -297, -65, 256, -190, 161, 219, 136, -248, -297, -405, 
214, -82, -297, -65, 256, -190, 161, 219, 141, -248, -297, -409, 
214, -82, -297, -65, 256, -190, 161, 219, 141, -248, -297, -414, 
204, -87, -292, -58, 248, -190, 161, 229, 141, -239, -307, -405, 
204, -87, -292, -58, 248, -190, 161, 229, 141, -239, -307, -405, 
204, -87, -292, -58, 248, -190, 161, 229, 141, -239, -307, -405, 
204, -87, -292, -58, 248, -190, 161, 229, 136, -239, -307, -405, 
200, -87, -287, -56, 244, -187, 161, 229, 136, -239, -307, -414, 
200, -87, -287, -56, 244, -187, 161, 229, 141, -244, -307, -414, 
204, -92, -297, -56, 251, -195, 161, 229, 141, -244, -307, -409, 
204, -92, -297, -56, 251, -195, 161, 229, 131, -244, -307, -409, 
190, -92, -283, -48, 236, -187, 161, 229, 141, -244, -302, -409, 
190, -92, -283, -48, 236, -187, 161, 229, 141, -244, -302, -414, 
195, -87, -283, -53, 239, -185, 161, 229, 141, -244, -302, -414, 
195, -87, -283, -53, 239, -185, 161, 224, 136, -248, -307, -419, 
195, -92, -287, -51, 241, -190, 161, 224, 136, -248, -317, -409, 
195, -92, -287, -51, 241, -190, 161, 224, 136, -248, -317, -409, 
195, -87, -283, -53, 239, -185, 161, 224, 136, -248, -317, -409, 
195, -87, -283, -53, 239, -185, 161, 224, 136, -253, -322, -409, 
190, -87, -278, -51, 234, -183, 161, 224, 131, -253, -322, -419, 
190, -87, -278, -51, 234, -183, 161, 224, 131, -253, -322, -419, 
190, -92, -283, -48, 236, -187, 161, 224, 126, -253, -322, -419, 
190, -97, -287, -46, 239, -192, 161, 224, 126, -253, -322, -419, 
180, -87, -268, -46, 224, -178, 161, 224, 126, -253, -322, -419, 
180, -87, -268, -46, 224, -178, 161, 224, 126, -258, -322, -419, 
180, -92, -273, -43, 226, -183, 161, 224, 126, -263, -322, -419, 
180, -92, -273, -43, 226, -183, 161, 224, 131, -263, -322, -419, 
180, -92, -273, -43, 226, -183, 161, 224, 131, -263, -322, -419, 
180, -92, -273, -43, 226, -183, 161, 219, 126, -263, -322, -419, 
180, -92, -273, -43, 226, -183, 161, 219, 126, -263, -322, -419, 
180, -92, -273, -43, 226, -183, 161, 224, 126, -258, -322, -419, 
180, -97, -278, -41, 229, -187, 165, 224, 126, -268, -322, -419, 
180, -97, -278, -41, 229, -187, 165, 224, 126, -273, -322, -419, 
180, -97, -278, -41, 229, -187, 161, 224, 126, -283, -322, -419, 
180, -97, -278, -41, 229, -187, 161, 224, 126, -273, -322, -419, 
185, -97, -283, -43, 234, -190, 161, 224, 136, -263, -322, -419, 
185, -97, -283, -43, 234, -190, 161, 224, 126, -268, -326, -424, 
185, -97, -283, -43, 234, -190, 161, 219, 122, -268, -331, -424, 
185, -97, -283, -43, 234, -190, 161, 219, 122, -273, -331, -424, 
180, -97, -278, -41, 229, -187, 161, 219, 122, -273, -326, -419, 
180, -97, -278, -41, 229, -187, 161, 219, 122, -273, -326, -419, 
180, -97, -278, -41, 229, -187, 161, 224, 122, -273, -326, -419, 
180, -97, -278, -41, 229, -187, 161, 224, 122, -273, -326, -419, 
180, -97, -278, -41, 229, -187, 161, 214, 112, -278, -336, -419, 
180, -97, -278, -41, 229, -187, 161, 209, 112, -278, -336, -419, 
180, -97, -278, -41, 229, -187, 161, 209, 112, -278, -341, -419, 
180, -97, -278, -41, 229, -187, 161, 209, 117, -278, -341, -419, 
180, -97, -278, -41, 229, -187, 151, 219, 107, -278, -336, -419, 
180, -102, -283, -39, 231, -192, 151, 219, 107, -287, -336, -419, 
180, -102, -283, -39, 231, -192, 151, 214, 107, -287, -341, -419, 
180, -102, -283, -39, 231, -192, 151, 214, 107, -287, -341, -424, 
185, -102, -287, -41, 236, -195, 151, 214, 107, -283, -341, -424, 
185, -102, -287, -41, 236, -195, 151, 214, 107, -283, -341, -424, 
180, -97, -278, -41, 229, -187, 151, 214, 107, -283, -336, -424, 
180, -97, -278, -41, 229, -187, 151, 214, 107, -283, -336, -424, 
170, -97, -268, -36, 219, -183, 151, 214, 107, -283, -336, -424, 
175, -102, -278, -36, 226, -190, 151, 214, 107, -283, -336, -424, 
175, -102, -278, -36, 226, -190, 151, 214, 107, -283, -336, -429, 
175, -102, -278, -36, 226, -190, 151, 214, 107, -283, -336, -429, 
185, -102, -287, -41, 236, -195, 151, 214, 107, -287, -336, -424, 
180, -102, -283, -39, 231, -192, 151, 214, 107, -287, -336, -424, 
180, -102, -283, -39, 231, -192, 151, 214, 107, -287, -336, -434, 
180, -102, -283, -39, 231, -192, 151, 214, 102, -287, -336, -434, 
180, -102, -283, -39, 231, -192, 151, 204, 102, -287, -346, -429, 
180, -102, -283, -39, 231, -192, 151, 204, 102, -287, -346, -429, 
180, -102, -283, -39, 231, -192, 151, 209, 107, -287, -346, -429, 
180, -102, -283, -39, 231, -192, 151, 209, 107, -287, -346, -429, 
180, -102, -283, -39, 231, -192, 146, 214, 107, -287, -346, -429, 
180, -102, -283, -39, 231, -192, 146, 209, 107, -287, -346, -429, 
180, -102, -283, -39, 231, -192, 146, 209, 107, -292, -351, -429, 
180, -102, -283, -39, 231, -192, 146, 209, 107, -292, -351, -429, 
180, -102, -283, -39, 231, -192, 146, 200, 107, -292, -351, -429, 
180, -102, -283, -39, 231, -192, 146, 204, 102, -292, -351, -429, 
180, -102, -283, -39, 231, -192, 146, 204, 102, -292, -346, -429, 
180, -102, -283, -39, 231, -192, 146, 200, 102, -292, -346, -429, 
190, -102, -292, -43, 241, -197, 136, 190, 102, -302, -356, -429, 
190, -102, -292, -43, 241, -197, 136, 195, 102, -297, -356, -429, 
190, -102, -292, -43, 241, -197, 136, 195, 102, -297, -356, -434, 
190, -102, -292, -43, 241, -197, 136, 195, 102, -297, -351, -434, 
200, -102, -302, -48, 251, -202, 131, 195, 92, -297, -351, -434, 
200, -102, -302, -48, 251, -202, 131, 195, 92, -297, -356, -434, 
200, -102, -302, -48, 251, -202, 136, 195, 92, -302, -356, -434, 
200, -102, -302, -48, 251, -202, 136, 195, 92, -302, -356, -434, 
200, -102, -302, -48, 251, -202, 136, 195, 92, -297, -356, -434, 
200, -107, -307, -46, 253, -207, 136, 190, 97, -297, -356, -434, 
200, -107, -307, -46, 253, -207, 136, 190, 97, -297, -356, -434, 
204, -107, -312, -48, 258, -209, 136, 195, 97, -297, -356, -434, 
204, -92, -297, -56, 251, -195, 131, 195, 92, -307, -361, -439, 
195, -97, -292, -48, 244, -195, 131, 195, 97, -297, -356, -444, 
204, -97, -302, -53, 253, -200, 136, 195, 97, -302, -351, -439, 
204, -107, -312, -48, 258, -209, 136, 195, 97, -302, -351, -439, 
204, -107, -312, -48, 258, -209, 136, 195, 97, -302, -351, -439, 
204, -107, -312, -48, 258, -209, 136, 195, 97, -302, -351, -439, 
204, -107, -312, -48, 258, -209, 136, 195, 97, -302, -351, -439, 
204, -107, -312, -48, 258, -209, 136, 195, 87, -302, -361, -439, 
204, -107, -312, -48, 258, -209, 136, 195, 87, -302, -361, -439, 
204, -107, -312, -48, 258, -209, 136, 195, 87, -302, -361, -439, 
204, -107, -312, -48, 258, -209, 136, 195, 87, -302, -361, -439, 
204, -97, -302, -53, 253, -200, 136, 195, 87, -312, -361, -439, 
204, -97, -302, -53, 253, -200, 136, 195, 87, -312, -361, -439, 
204, -97, -302, -53, 253, -200, 136, 195, 87, -312, -361, -439, 
204, -97, -302, -53, 253, -200, 136, 195, 87, -312, -361, -439, 
204, -97, -302, -53, 253, -200, 136, 195, 87, -312, -361, -448, 
204, -97, -302, -53, 253, -200, 136, 195, 87, -312, -361, -448, 
204, -97, -302, -53, 253, -200, 136, 195, 87, -312, -361, -448, 
204, -97, -302, -53, 253, -200, 136, 195, 87, -312, -361, -448, 
204, -107, -312, -48, 258, -209, 126, 195, 87, -322, -361, -439, 
204, -107, -312, -48, 258, -209, 126, 195, 87, -322, -361, -439, 
204, -107, -312, -48, 258, -209, 126, 195, 87, -322, -361, -439, 
204, -107, -312, -48, 258, -209, 126, 195, 87, -322, -361, -439, 
214, -107, -322, -53, 268, -214, 136, 195, 78, -312, -361, -439, 
214, -107, -322, -53, 268, -214, 136, 195, 78, -312, -361, -439, 
214, -107, -322, -53, 268, -214, 136, 195, 78, -312, -361, -439, 
214, -107, -322, -53, 268, -214, 136, 195, 78, -312, -361, -439, 
214, -97, -312, -58, 263, -204, 126, 195, 78, -322, -361, -439, 
214, -97, -312, -58, 263, -204, 126, 195, 78, -322, -361, -439, 
214, -97, -312, -58, 263, -204, 126, 195, 78, -322, -361, -439, 
214, -97, -312, -58, 263, -204, 126, 195, 78, -322, -361, -439, 
224, -97, -322, -63, 273, -209, 126, 195, 78, -322, -370, -439, 
224, -97, -322, -63, 273, -209, 126, 195, 78, -322, -370, -439, 
224, -97, -322, -63, 273, -209, 126, 195, 78, -322, -370, -439, 
224, -97, -322, -63, 273, -209, 126, 195, 78, -322, -370, -439, 
224, -97, -322, -63, 273, -209, 126, 195, 78, -322, -370, -439, 
224, -97, -322, -63, 273, -209, 126, 195, 78, -322, -370, -439, 
224, -97, -322, -63, 273, -209, 126, 195, 78, -322, -370, -439, 
224, -97, -322, -63, 273, -209, 126, 195, 78, -322, -370, -439, 
224, -107, -331, -58, 278, -219, 126, 195, 78, -322, -370, -448, 
224, -107, -331, -58, 278, -219, 126, 195, 78, -322, -370, -448, 
224, -107, -331, -58, 278, -219, 126, 195, 78, -322, -370, -448, 
224, -107, -331, -58, 278, -219, 126, 195, 78, -322, -370, -448, 
224, -107, -331, -58, 278, -219, 126, 195, 78, -322, -370, -439, 
224, -107, -331, -58, 278, -219, 126, 195, 78, -322, -370, -439, 
224, -107, -331, -58, 278, -219, 126, 195, 78, -322, -370, -439, 
224, -107, -331, -58, 278, -219, 126, 195, 78, -322, -370, -439, 
234, -107, -341, -63, 287, -224, 126, 195, 68, -322, -370, -439, 
234, -107, -341, -63, 287, -224, 126, 195, 68, -322, -370, -439, 
234, -107, -341, -63, 287, -224, 126, 195, 68, -322, -370, -439, 
234, -107, -341, -63, 287, -224, 126, 195, 68, -322, -370, -439, 
234, -107, -341, -63, 287, -224, 117, 185, 68, -322, -370, -448, 
234, -107, -341, -63, 287, -224, 117, 185, 68, -322, -370, -448, 
234, -107, -341, -63, 287, -224, 117, 185, 68, -322, -370, -448, 
234, -107, -341, -63, 287, -224, 117, 185, 68, -322, -370, -448, 
234, -107, -341, -63, 287, -224, 126, 185, 68, -322, -380, -448, 
234, -107, -341, -63, 287, -224, 126, 185, 68, -322, -380, -448, 
234, -107, -341, -63, 287, -224, 126, 185, 68, -322, -380, -448, 
234, -107, -341, -63, 287, -224, 126, 185, 68, -322, -380, -448, 
234, -107, -341, -63, 287, -224, 126, 185, 68, -322, -370, -439, 
234, -107, -341, -63, 287, -224, 126, 185, 68, -322, -370, -439, 
234, -107, -341, -63, 287, -224, 126, 185, 68, -322, -370, -439, 
234, -107, -341, -63, 287, -224, 126, 185, 68, -322, -370, -439, 
234, -107, -341, -63, 287, -224, 117, 185, 58, -331, -370, -439, 
234, -107, -341, -63, 287, -224, 117, 185, 58, -331, -370, -439, 
234, -107, -341, -63, 287, -224, 117, 185, 58, -331, -370, -439, 
234, -107, -341, -63, 287, -224, 117, 185, 58, -331, -370, -439, 
234, -107, -341, -63, 287, -224, 117, 185, 58, -331, -380, -439, 
234, -107, -341, -63, 287, -224, 117, 185, 58, -331, -380, -439, 
234, -107, -341, -63, 287, -224, 117, 185, 58, -331, -380, -439, 
234, -107, -341, -63, 287, -224, 117, 185, 58, -331, -380, -439, 
234, -107, -341, -63, 287, -224, 117, 185, 58, -322, -380, -439, 
234, -107, -341, -63, 287, -224, 117, 185, 58, -322, -380, -439, 
234, -107, -341, -63, 287, -224, 117, 185, 58, -322, -380, -439, 
234, -107, -341, -63, 287, -224, 117, 185, 58, -322, -380, -439, 
224, -107, -331, -58, 278, -219, 117, 185, 58, -331, -380, -439, 
224, -107, -331, -58, 278, -219, 117, 185, 58, -331, -380, -439, 
224, -107, -331, -58, 278, -219, 117, 185, 58, -331, -380, -439, 
224, -107, -331, -58, 278, -219, 117, 185, 58, -331, -380, -439, 
224, -107, -331, -58, 278, -219, 117, 185, 58, -331, -380, -439, 
224, -107, -331, -58, 278, -219, 117, 185, 58, -331, -380, -439, 
224, -107, -331, -58, 278, -219, 117, 185, 58, -331, -380, -439, 
224, -107, -331, -58, 278, -219, 117, 185, 58, -331, -380, -439, 
224, -107, -331, -58, 278, -219, 126, 175, 48, -331, -380, -448, 
224, -107, -331, -58, 278, -219, 126, 175, 48, -331, -380, -448, 
224, -107, -331, -58, 278, -219, 126, 175, 48, -331, -380, -448, 
224, -107, -331, -58, 278, -219, 126, 175, 48, -331, -380, -448, 
214, -107, -322, -53, 268, -214, 117, 175, 48, -331, -380, -448, 
214, -107, -322, -53, 268, -214, 117, 175, 48, -331, -380, -448, 
214, -107, -322, -53, 268, -214, 117, 175, 48, -331, -380, -448, 
214, -107, -322, -53, 268, -214, 117, 175, 48, -331, -380, -448, 
214, -107, -322, -53, 268, -214, 117, 175, 48, -331, -380, -448, 
214, -107, -322, -53, 268, -214, 117, 175, 48, -331, -380, -448, 
214, -107, -322, -53, 268, -214, 117, 175, 48, -331, -380, -448, 
214, -107, -322, -53, 268, -214, 117, 175, 48, -331, -380, -448, 
204, -107, -312, -48, 258, -209, 117, 175, 48, -331, -380, -439, 
204, -107, -312, -48, 258, -209, 117, 175, 48, -331, -380, -439, 
204, -107, -312, -48, 258, -209, 117, 175, 48, -331, -380, -439, 
204, -107, -312, -48, 258, -209, 117, 175, 48, -331, -380, -439, 
195, -107, -302, -43, 248, -204, 117, 175, 48, -331, -380, -448, 
195, -107, -302, -43, 248, -204, 117, 175, 48, -331, -380, -448, 
195, -107, -302, -43, 248, -204, 117, 175, 48, -331, -380, -448, 
195, -107, -302, -43, 248, -204, 117, 175, 48, -331, -380, -448, 
204, -107, -312, -48, 258, -209, 117, 175, 48, -331, -380, -448, 
204, -107, -312, -48, 258, -209, 117, 175, 48, -331, -380, -448, 
204, -107, -312, -48, 258, -209, 117, 175, 48, -331, -380, -448, 
204, -107, -312, -48, 258, -209, 117, 175, 48, -331, -380, -448, 
195, -107, -302, -43, 248, -204, 117, 175, 48, -331, -380, -439, 
195, -107, -302, -43, 248, -204, 117, 175, 48, -331, -380, -439, 
195, -107, -302, -43, 248, -204, 117, 175, 48, -331, -380, -439, 
195, -107, -302, -43, 248, -204, 117, 175, 48, -331, -380, -439, 
185, -97, -283, -43, 234, -190, 117, 175, 48, -331, -380, -439, 
185, -97, -283, -43, 234, -190, 117, 175, 48, -331, -380, -439, 
185, -97, -283, -43, 234, -190, 117, 175, 48, -331, -380, -439, 
185, -97, -283, -43, 234, -190, 117, 175, 48, -331, -380, -439, 
185, -97, -283, -43, 234, -190, 117, 175, 48, -331, -380, -439, 
185, -97, -283, -43, 234, -190, 117, 175, 48, -331, -380, -439, 
185, -97, -283, -43, 234, -190, 117, 175, 48, -331, -380, -439, 
185, -97, -283, -43, 234, -190, 117, 175, 48, -331, -380, -439, 
175, -107, -283, -34, 229, -195, 117, 175, 48, -331, -380, -429, 
175, -107, -283, -34, 229, -195, 117, 175, 48, -331, -380, -429, 
175, -107, -283, -34, 229, -195, 117, 175, 48, -331, -380, -429, 
175, -107, -283, -34, 229, -195, 117, 175, 48, -331, -380, -429, 
175, -97, -273, -39, 224, -185, 117, 185, 48, -331, -380, -439, 
175, -97, -273, -39, 224, -185, 117, 185, 48, -331, -380, -439, 
175, -97, -273, -39, 224, -185, 117, 185, 48, -331, -380, -439, 
175, -97, -273, -39, 224, -185, 117, 185, 48, -331, -380, -439, 
165, -107, -273, -29, 219, -190, 117, 195, 48, -322, -370, -429, 
165, -107, -273, -29, 219, -190, 117, 195, 48, -322, -370, -429, 
165, -107, -273, -29, 219, -190, 117, 195, 48, -322, -370, -429, 
165, -107, -273, -29, 219, -190, 117, 195, 48, -322, -370, -429, 
161, -107, -268, -26, 214, -187, 126, 185, 58, -322, -370, -439, 
156, -107, -263, -24, 209, -185, 126, 185, 58, -322, -370, -439, 
151, -107, -258, -21, 204, -183, 126, 185, 58, -322, -370, -439, 
146, -107, -253, -19, 200, -180, 126, 185, 58, -322, -370, -439, 
146, -107, -253, -19, 200, -180, 117, 185, 48, -322, -370, -429, 
146, -107, -253, -19, 200, -180, 117, 185, 48, -322, -370, -429, 
146, -107, -253, -19, 200, -180, 117, 185, 48, -322, -370, -429, 
146, -107, -253, -19, 200, -180, 117, 185, 48, -322, -370, -429, 
136, -107, -244, -14, 190, -175, 117, 195, 58, -322, -370, -419, 
136, -107, -244, -14, 190, -175, 117, 195, 58, -322, -370, -419, 
136, -107, -244, -14, 190, -175, 117, 195, 58, -322, -370, -419, 
136, -107, -244, -14, 190, -175, 117, 195, 58, -322, -370, -419, 
126, -117, -244, -4, 185, -180, 126, 195, 58, -322, -370, -419, 
126, -117, -244, -4, 185, -180, 126, 195, 58, -322, -370, -419, 
126, -117, -244, -4, 185, -180, 126, 195, 58, -322, -370, -419, 
126, -117, -244, -4, 185, -180, 126, 195, 58, -322, -370, -419, 
126, -107, -234, -9, 180, -170, 136, 204, 68, -312, -370, -419, 
126, -107, -234, -9, 180, -170, 136, 204, 68, -312, -370, -419, 
126, -107, -234, -9, 180, -170, 136, 204, 68, -312, -370, -419, 
126, -107, -234, -9, 180, -170, 136, 204, 68, -312, -370, -419, 
136, -92, -229, -21, 183, -161, 126, 214, 73, -302, -356, -414, 
136, -87, -224, -24, 180, -156, 126, 214, 78, -302, -351, -409, 
136, -82, -219, -26, 178, -151, 126, 214, 82, -302, -346, -405, 
136, -78, -214, -29, 175, -146, 126, 214, 87, -302, -341, -400, 
126, -68, -195, -29, 161, -131, 136, 219, 102, -287, -336, -395, 
126, -58, -185, -34, 156, -122, 136, 224, 107, -283, -331, -390, 
126, -48, -175, -39, 151, -112, 136, 229, 112, -278, -326, -385, 
126, -39, -165, -43, 146, -102, 136, 234, 117, -273, -322, -380, 
126, -29, -156, -48, 141, -92, 136, 234, 126, -263, -312, -370, 
126, -29, -156, -48, 141, -92, 136, 234, 126, -263, -312, -370, 
126, -29, -156, -48, 141, -92, 136, 234, 126, -263, -312, -370, 
126, -29, -156, -48, 141, -92, 136, 234, 126, -263, -312, -370, 
126, -19, -146, -53, 136, -82, 126, 248, 131, -248, -307, -361, 
126, -19, -146, -53, 136, -82, 126, 253, 136, -244, -302, -361, 
126, -19, -146, -53, 136, -82, 126, 258, 141, -239, -297, -361, 
126, -19, -146, -53, 136, -82, 126, 263, 146, -234, -292, -361, 
117, -9, -126, -53, 122, -68, 122, 263, 156, -224, -283, -356, 
117, -9, -126, -53, 122, -68, 117, 263, 156, -224, -283, -351, 
117, -9, -126, -53, 122, -68, 112, 263, 156, -224, -283, -346, 
117, -9, -126, -53, 122, -68, 107, 263, 156, -224, -283, -341, 
107, -9, -117, -48, 112, -63, 87, 239, 146, -234, -283, -331, 
107, -9, -117, -48, 112, -63, 78, 224, 146, -234, -283, -331, 
107, -9, -117, -48, 112, -63, 68, 209, 146, -234, -283, -331, 
107, -9, -117, -48, 112, -63, 58, 195, 146, -234, -283, -331, 
97, -19, -117, -39, 107, -68, 68, 185, 141, -244, -283, -331, 
97, -19, -117, -39, 107, -68, 68, 185, 136, -244, -283, -331, 
97, -19, -117, -39, 107, -68, 68, 185, 131, -244, -283, -331, 
97, -19, -117, -39, 107, -68, 68, 185, 126, -244, -283, -331, 
87, -29, -117, -29, 102, -73, 73, 200, 117, -244, -292, -331, 
87, -29, -117, -29, 102, -73, 78, 204, 117, -244, -292, -331, 
87, -29, -117, -29, 102, -73, 82, 209, 117, -244, -292, -331, 
87, -29, -117, -29, 102, -73, 87, 214, 117, -244, -292, -331, 
78, -43, -122, -17, 100, -82, 92, 224, 107, -253, -302, -341, 
78, -48, -126, -14, 102, -87, 97, 224, 107, -253, -302, -341, 
78, -53, -131, -12, 104, -92, 102, 224, 107, -253, -302, -341, 
78, -58, -136, -9, 107, -97, 107, 224, 107, -253, -302, -341, 
78, -63, -141, -7, 109, -102, 112, 219, 102, -268, -307, -346, 
73, -73, -146, 0, 109, -109, 112, 219, 97, -268, -317, -356, 
63, -73, -136, 4, 100, -104, 122, 219, 97, -273, -317, -356, 
58, -78, -136, 9, 97, -107, 126, 219, 97, -278, -317, -356, 
43, -82, -126, 19, 85, -104, 131, 224, 97, -268, -312, -356, 
34, -87, -122, 26, 78, -104, 136, 224, 97, -273, -317, -361, 
24, -92, -117, 34, 70, -104, 136, 224, 87, -273, -322, -366, 
9, -102, -112, 46, 61, -107, 141, 224, 87, -278, -326, -370, 
4, -117, -122, 56, 63, -119, 151, 219, 82, -283, -326, -366, 
0, -117, -117, 58, 58, -117, 151, 219, 78, -283, -331, -370, 
-4, -122, -117, 63, 56, -119, 151, 219, 78, -287, -331, -370, 
-14, -122, -107, 68, 46, -114, 151, 219, 78, -287, -331, -370, 
-14, -122, -107, 68, 46, -114, 146, 214, 78, -287, -331, -380, 
-14, -122, -107, 68, 46, -114, 146, 214, 78, -287, -326, -380, 
-14, -122, -107, 68, 46, -114, 146, 219, 78, -287, -326, -375, 
-9, -122, -112, 65, 51, -117, 146, 219, 78, -292, -331, -375, 
-19, -126, -107, 73, 43, -117, 146, 214, 78, -292, -336, -375, 
-19, -126, -107, 73, 43, -117, 146, 214, 78, -292, -336, -375, 
-24, -126, -102, 75, 39, -114, 146, 214, 78, -292, -331, -370, 
-24, -126, -102, 75, 39, -114, 146, 219, 78, -292, -331, -370, 
-24, -126, -102, 75, 39, -114, 146, 219, 78, -292, -326, -370, 
-24, -126, -102, 75, 39, -114, 146, 219, 78, -292, -326, -370, 
-29, -126, -97, 78, 34, -112, 151, 219, 78, -292, -326, -370, 
-29, -126, -97, 78, 34, -112, 151, 219, 78, -292, -326, -370, 
-29, -126, -97, 78, 34, -112, 151, 229, 68, -287, -326, -370, 
-34, -126, -92, 80, 29, -109, 156, 229, 68, -287, -326, -370, 
-39, -126, -87, 82, 24, -107, 156, 229, 73, -292, -326, -375, 
-43, -131, -87, 87, 21, -109, 156, 229, 73, -292, -326, -375, 
-48, -122, -73, 85, 12, -97, 151, 239, 73, -292, -326, -370, 
-48, -122, -73, 85, 12, -97, 151, 239, 73, -292, -326, -370, 
-48, -126, -78, 87, 14, -102, 151, 239, 73, -292, -326, -370, 
-48, -126, -78, 87, 14, -102, 156, 234, 73, -292, -326, -370, 
-58, -126, -68, 92, 4, -97, 146, 224, 73, -283, -326, -361, 
-58, -126, -68, 92, 4, -97, 151, 229, 73, -283, -326, -361, 
-58, -122, -63, 90, 2, -92, 151, 229, 73, -287, -326, -361, 
-58, -122, -63, 90, 2, -92, 146, 229, 73, -287, -326, -361, 
-68, -126, -58, 97, -4, -92, 146, 239, 73, -283, -326, -366, 
-73, -126, -53, 100, -9, -90, 146, 239, 68, -283, -326, -366, 
-73, -126, -53, 100, -9, -90, 146, 239, 68, -283, -326, -366, 
-73, -126, -53, 100, -9, -90, 151, 239, 68, -283, -326, -366, 
-82, -136, -53, 109, -14, -95, 161, 239, 78, -283, -317, -366, 
-78, -131, -53, 104, -12, -92, 161, 239, 78, -283, -317, -366, 
-78, -131, -53, 104, -12, -92, 161, 239, 78, -283, -317, -366, 
-82, -131, -48, 107, -17, -90, 161, 239, 78, -283, -317, -366, 
-82, -136, -53, 109, -14, -95, 161, 239, 78, -292, -326, -366, 
-82, -136, -53, 109, -14, -95, 161, 239, 78, -292, -326, -361, 
-82, -136, -53, 109, -14, -95, 161, 239, 78, -292, -326, -361, 
-82, -136, -53, 109, -14, -95, 165, 239, 78, -292, -322, -366, 
-92, -136, -43, 114, -24, -90, 165, 239, 78, -292, -322, -366, 
-92, -136, -43, 114, -24, -90, 161, 239, 78, -292, -326, -366, 
-92, -136, -43, 114, -24, -90, 161, 239, 78, -292, -326, -366, 
-92, -136, -43, 114, -24, -90, 161, 239, 78, -292, -326, -366, 
-102, -146, -43, 124, -29, -95, 161, 248, 78, -292, -326, -356, 
-102, -146, -43, 124, -29, -95, 161, 248, 78, -292, -326, -356, 
-102, -146, -43, 124, -29, -95, 161, 248, 82, -292, -326, -356, 
-102, -146, -43, 124, -29, -95, 161, 248, 82, -292, -326, -356, 
-112, -146, -34, 129, -39, -90, 170, 248, 82, -283, -326, -356, 
-112, -146, -34, 129, -39, -90, 170, 248, 78, -283, -326, -356, 
-112, -146, -34, 129, -39, -90, 170, 248, 78, -283, -326, -356, 
-112, -146, -34, 129, -39, -90, 170, 248, 82, -283, -326, -356, 
-112, -146, -34, 129, -39, -90, 161, 239, 73, -292, -326, -366, 
-112, -146, -34, 129, -39, -90, 161, 239, 73, -292, -331, -366, 
-112, -146, -34, 129, -39, -90, 161, 239, 73, -292, -331, -361, 
-112, -146, -34, 129, -39, -90, 165, 239, 73, -292, -331, -361, 
-122, -136, -14, 129, -53, -75, 165, 239, 73, -292, -331, -361, 
-126, -136, -9, 131, -58, -73, 165, 239, 73, -292, -331, -361, 
-126, -136, -9, 131, -58, -73, 165, 239, 73, -292, -331, -361, 
-122, -136, -14, 129, -53, -75, 165, 239, 73, -292, -331, -361, 
-131, -141, -9, 136, -61, -75, 165, 239, 73, -292, -331, -361, 
-131, -141, -9, 136, -61, -75, 165, 239, 73, -292, -331, -361, 
-131, -141, -9, 136, -61, -75, 165, 239, 73, -292, -331, -361, 
-131, -146, -14, 139, -58, -80, 165, 239, 73, -292, -331, -361, 
-131, -146, -14, 139, -58, -80, 165, 239, 73, -292, -326, -361, 
-136, -146, -9, 141, -63, -78, 165, 239, 73, -292, -326, -361, 
-136, -146, -9, 141, -63, -78, 165, 239, 73, -287, -326, -361, 
-131, -146, -14, 139, -58, -80, 165, 244, 73, -287, -326, -361, 
-141, -146, -4, 143, -68, -75, 175, 244, 82, -292, -331, -361, 
-146, -156, -9, 151, -68, -82, 180, 253, 82, -292, -331, -361, 
-146, -151, -4, 148, -70, -78, 190, 263, 82, -292, -346, -361, 
-146, -161, -14, 153, -65, -87, 195, 278, 82, -292, -351, -375, 
-146, -175, -29, 161, -58, -102, 204, 297, 92, -297, -356, -390, 
-156, -190, -34, 173, -61, -112, 224, 326, 117, -287, -361, -395, 
-151, -204, -53, 178, -48, -129, 248, 356, 146, -283, -366, -419, 
-146, -219, -73, 183, -36, -146, 263, 390, 161, -278, -380, -444, 
-146, -234, -87, 190, -29, -161, 287, 434, 200, -263, -395, -463, 
-141, -239, -97, 190, -21, -168, 292, 458, 239, -244, -395, -478, 
-107, -219, -112, 163, 2, -165, 283, 473, 287, -209, -370, -463, 
-68, -190, -122, 129, 26, -156, 268, 517, 351, -146, -331, -439, 
-19, -122, -102, 70, 41, -112, 244, 556, 453, -48, -253, -380, 
24, -4, -29, -9, 26, -17, 175, 517, 575, 73, -141, -287, 
43, 136, 92, -90, -24, 114, 82, 385, 653, 165, -29, -180, 
43, 273, 229, -158, -92, 251, -14, 209, 658, 190, 34, -92, 
73, 400, 326, -236, -126, 363, -122, 43, 600, 195, 112, 4, 
107, 541, 434, -324, -163, 488, -258, -165, 522, 224, 234, 161, 
131, 702, 570, -417, -219, 636, -419, -409, 414, 268, 380, 351, 
141, 878, 736, -509, -297, 807, -580, -663, 302, 326, 536, 556, 
146, 1039, 893, -592, -373, 966, -727, -878, 170, 380, 707, 766, 
151, 1141, 990, -646, -419, 1066, -834, -1058, 0, 395, 829, 951, 
141, 1249, 1107, -695, -483, 1178, -941, -1220, -165, 405, 956, 1117, 
107, 1420, 1312, -763, -602, 1366, -1044, -1405, -244, 483, 1141, 1337, 
19, 1639, 1620, -829, -800, 1629, -1141, -1576, -278, 585, 1342, 1566, 
-48, 1790, 1839, -871, -944, 1815, -1200, -1678, -322, 639, 1507, 1737, 
-68, 1805, 1873, -868, -971, 1839, -1210, -1664, -351, 683, 1600, 1839, 
-78, 1683, 1761, -802, -919, 1722, -1132, -1561, -361, 697, 1634, 1864, 
-136, 1507, 1644, -685, -890, 1576, -1005, -1429, -356, 668, 1595, 1810, 
-195, 1332, 1527, -568, -861, 1429, -873, -1298, -336, 624, 1522, 1722, 
-234, 1137, 1371, -451, -802, 1254, -751, -1161, -336, 541, 1385, 1581, 
-263, 917, 1180, -326, -722, 1049, -629, -1010, -356, 380, 1161, 1381, 
-268, 702, 971, -217, -619, 836, -497, -839, -336, 244, 917, 1137, 
-248, 522, 771, -136, -509, 646, -385, -668, -302, 151, 712, 912, 
-224, 390, 614, -82, -419, 502, -312, -527, -297, 48, 517, 712, 
-185, 297, 483, -56, -334, 390, -248, -366, -278, -63, 322, 512, 
-170, 209, 380, -19, -275, 295, -165, -214, -244, -219, 73, 263, 
-180, 126, 307, 26, -244, 217, -92, -97, -209, -346, -156, 19, 
-190, 78, 268, 56, -229, 173, -48, -29, -141, -326, -195, -87, 
-190, 48, 239, 70, -214, 143, -14, 14, -43, -253, -165, -102, 
-180, 19, 200, 80, -190, 109, 14, 63, 14, -234, -175, -146, 
-161, -4, 156, 82, -158, 75, 43, 102, 58, -200, -161, -156, 
-146, -14, 131, 80, -139, 58, 63, 136, 97, -161, -141, -126, 
-131, -14, 117, 73, -124, 51, 78, 175, 112, -146, -136, -122, 
-126, -9, 117, 68, -122, 53, 102, 200, 112, -141, -136, -131, 
-117, -9, 107, 63, -112, 48, 117, 234, 117, -141, -146, -146, 
-117, -14, 102, 65, -109, 43, 131, 248, 122, -141, -151, -156, 
-136, -14, 122, 75, -129, 53, 131, 248, 131, -141, -146, -161, 
-136, -4, 131, 70, -134, 63, 131, 239, 141, -141, -151, -161, 
-136, -4, 131, 70, -134, 63, 131, 239, 141, -156, -170, -180, 
-136, -14, 122, 75, -129, 53, 131, 248, 156, -165, -190, -200, 
-141, -34, 107, 87, -124, 36, 141, 248, 161, -170, -204, -214, 
-151, -48, 102, 100, -126, 26, 146, 258, 161, -170, -209, -234, 
-141, -53, 87, 97, -114, 17, 151, 273, 165, -175, -214, -244, 
-141, -58, 82, 100, -112, 12, 156, 283, 156, -190, -229, -244, 
-141, -68, 73, 104, -107, 2, 156, 283, 146, -190, -234, -248, 
-141, -73, 68, 107, -104, -2, 156, 292, 146, -190, -234, -248, 
-141, -73, 68, 107, -104, -2, 161, 292, 146, -195, -234, -248, 
-141, -73, 68, 107, -104, -2, 161, 292, 146, -195, -234, -248, 
-141, -63, 78, 102, -109, 7, 161, 292, 161, -195, -248, -258, 
-141, -68, 73, 104, -107, 2, 161, 297, 165, -195, -248, -258, 
-141, -68, 73, 104, -107, 2, 161, 297, 165, -195, -248, -263, 
-141, -68, 73, 104, -107, 2, 161, 297, 170, -195, -248, -268, 
-151, -68, 82, 109, -117, 7, 156, 287, 170, -185, -244, -268, 
-151, -68, 82, 109, -117, 7, 156, 297, 170, -185, -248, -268, 
-151, -68, 82, 109, -117, 7, 161, 302, 175, -185, -248, -268, 
-141, -68, 73, 104, -107, 2, 161, 302, 175, -185, -248, -268, 
-141, -68, 73, 104, -107, 2, 151, 292, 165, -195, -244, -268, 
-141, -68, 73, 104, -107, 2, 151, 292, 165, -195, -244, -268, 
-141, -63, 78, 102, -109, 7, 151, 292, 165, -190, -244, -268, 
-141, -63, 78, 102, -109, 7, 151, 287, 165, -185, -244, -268, 
-141, -63, 78, 102, -109, 7, 151, 297, 175, -185, -244, -268, 
-141, -63, 78, 102, -109, 7, 151, 297, 180, -185, -244, -268, 
-141, -63, 78, 102, -109, 7, 151, 297, 180, -185, -244, -268, 
-141, -58, 82, 100, -112, 12, 151, 297, 180, -185, -244, -268, 
-136, -58, 78, 97, -107, 9, 151, 297, 175, -185, -244, -268, 
-136, -58, 78, 97, -107, 9, 146, 302, 175, -185, -244, -263, 
-136, -58, 78, 97, -107, 9, 146, 302, 175, -185, -239, -263, 
-136, -58, 78, 97, -107, 9, 146, 302, 175, -185, -239, -263, 
-141, -58, 82, 100, -112, 12, 136, 292, 180, -170, -229, -253, 
-141, -53, 87, 97, -114, 17, 136, 292, 180, -170, -229, -253, 
-141, -53, 87, 97, -114, 17, 136, 292, 180, -170, -229, -253, 
-141, -53, 87, 97, -114, 17, 136, 292, 180, -170, -224, -253, 
-141, -53, 87, 97, -114, 17, 141, 292, 185, -165, -224, -253, 
-141, -53, 87, 97, -114, 17, 141, 292, 185, -161, -224, -258, 
-141, -53, 87, 97, -114, 17, 141, 292, 185, -161, -224, -253, 
-141, -53, 87, 97, -114, 17, 141, 292, 190, -156, -219, -258, 
-141, -53, 87, 97, -114, 17, 131, 292, 190, -161, -209, -244, 
-136, -53, 82, 95, -109, 14, 131, 292, 190, -161, -204, -244, 
-136, -48, 87, 92, -112, 19, 131, 292, 190, -156, -200, -239, 
-136, -48, 87, 92, -112, 19, 131, 292, 195, -156, -200, -234, 
-146, -58, 87, 102, -117, 14, 122, 283, 190, -156, -209, -234, 
-146, -53, 92, 100, -119, 19, 117, 283, 190, -151, -204, -234, 
-141, -48, 92, 95, -117, 21, 117, 283, 190, -151, -204, -234, 
-141, -48, 92, 95, -117, 21, 112, 283, 195, -151, -204, -234, 
-151, -53, 97, 102, -124, 21, 122, 287, 195, -151, -195, -224, 
-151, -48, 102, 100, -126, 26, 117, 287, 195, -146, -195, -224, 
-146, -48, 97, 97, -122, 24, 117, 287, 195, -146, -195, -224, 
-146, -48, 97, 97, -122, 24, 117, 287, 200, -146, -195, -219, 
-146, -43, 102, 95, -124, 29, 107, 278, 200, -146, -195, -224, 
-146, -43, 102, 95, -124, 29, 102, 273, 200, -146, -195, -224, 
-146, -43, 102, 95, -124, 29, 102, 273, 200, -146, -195, -224, 
-146, -39, 107, 92, -126, 34, 102, 273, 200, -146, -195, -219, 
-141, -24, 117, 82, -129, 46, 92, 268, 195, -146, -190, -214, 
-141, -24, 117, 82, -129, 46, 92, 268, 195, -136, -190, -204, 
-141, -24, 117, 82, -129, 46, 92, 268, 195, -136, -190, -204, 
-141, -24, 117, 82, -129, 46, 87, 268, 200, -136, -185, -204, 
-146, -19, 126, 82, -136, 53, 87, 268, 200, -136, -185, -204, 
-146, -19, 126, 82, -136, 53, 82, 268, 200, -126, -185, -204, 
-146, -19, 126, 82, -136, 53, 82, 268, 204, -126, -180, -200, 
-146, -19, 126, 82, -136, 53, 82, 268, 204, -122, -175, -195, 
-141, -29, 112, 85, -126, 41, 87, 258, 209, -122, -175, -195, 
-141, -24, 117, 82, -129, 46, 82, 258, 214, -117, -175, -195, 
-141, -14, 126, 78, -134, 56, 82, 258, 214, -112, -165, -195, 
-141, -9, 131, 75, -136, 61, 82, 258, 214, -112, -161, -190, 
-151, -9, 141, 80, -146, 65, 73, 268, 204, -112, -165, -180, 
-146, -9, 136, 78, -141, 63, 68, 268, 204, -112, -165, -180, 
-146, 0, 146, 73, -146, 73, 68, 268, 214, -102, -161, -175, 
-141, 0, 141, 70, -141, 70, 68, 268, 214, -102, -156, -175, 
-141, 0, 141, 70, -141, 70, 68, 258, 214, -112, -156, -185, 
-141, 0, 141, 70, -141, 70, 63, 258, 214, -102, -151, -180, 
-141, 9, 151, 65, -146, 80, 63, 258, 219, -97, -146, -170, 
-141, 9, 151, 65, -146, 80, 63, 258, 219, -92, -141, -170, 
-141, 19, 161, 61, -151, 90, 53, 258, 224, -82, -136, -165, 
-136, 24, 161, 56, -148, 92, 53, 258, 224, -78, -136, -161, 
-136, 29, 165, 53, -151, 97, 53, 258, 224, -73, -126, -156, 
-136, 29, 165, 53, -151, 97, 53, 258, 229, -68, -122, -151, 
-136, 24, 161, 56, -148, 92, 53, 248, 234, -73, -122, -146, 
-136, 29, 165, 53, -151, 97, 48, 248, 234, -73, -117, -141, 
-131, 34, 165, 48, -148, 100, 48, 248, 239, -68, -112, -141, 
-131, 39, 170, 46, -151, 104, 48, 248, 239, -63, -107, -136, 
-126, 43, 170, 41, -148, 107, 39, 248, 239, -58, -102, -122, 
-126, 43, 170, 41, -148, 107, 39, 248, 248, -53, -92, -117, 
-122, 48, 170, 36, -146, 109, 34, 248, 253, -43, -82, -107, 
-117, 53, 170, 31, -143, 112, 24, 248, 253, -43, -78, -102, 
-117, 53, 170, 31, -143, 112, 24, 248, 253, -24, -73, -102, 
-112, 58, 170, 26, -141, 114, 19, 248, 263, -19, -63, -92, 
-112, 63, 175, 24, -143, 119, 14, 248, 268, -14, -58, -87, 
-107, 78, 185, 14, -146, 131, 14, 248, 273, -9, -53, -82, 
-107, 78, 185, 14, -146, 131, 14, 263, 287, -9, -48, -73, 
-102, 87, 190, 7, -146, 139, 14, 263, 292, 0, -39, -68, 
-97, 92, 190, 2, -143, 141, 4, 258, 297, 4, -24, -58, 
-92, 97, 190, -2, -141, 143, 0, 258, 302, 9, -14, -43, 
-97, 102, 200, -2, -148, 151, 0, 258, 307, 24, -9, -39, 
-92, 107, 200, -7, -146, 153, -4, 263, 317, 34, 0, -29, 
-92, 112, 204, -9, -148, 158, -9, 263, 322, 43, 9, -19, 
-87, 131, 219, -21, -153, 175, -9, 263, 322, 48, 19, -9, 
-82, 131, 214, -24, -148, 173, -14, 258, 322, 58, 29, 0, 
-78, 141, 219, -31, -148, 180, -19, 258, 326, 68, 43, 9, 
-73, 156, 229, -41, -151, 192, -24, 258, 336, 78, 58, 19, 
-68, 161, 229, -46, -148, 195, -29, 258, 346, 92, 63, 39, 
-68, 170, 239, -51, -153, 204, -34, 268, 361, 112, 87, 63, 
-63, 180, 244, -58, -153, 212, -39, 268, 375, 122, 107, 73, 
-58, 190, 248, -65, -153, 219, -48, 263, 375, 131, 112, 87, 
-48, 200, 248, -75, -148, 224, -53, 263, 380, 141, 122, 102, 
-34, 214, 248, -90, -141, 231, -58, 268, 385, 156, 126, 107, 
-29, 224, 253, -97, -141, 239, -63, 268, 395, 175, 146, 122, 
-24, 229, 253, -102, -139, 241, -68, 268, 405, 190, 165, 141, 
-19, 244, 263, -112, -141, 253, -73, 268, 414, 200, 180, 156, 
-19, 268, 287, -124, -153, 278, -82, 258, 424, 214, 204, 180, 
-19, 273, 292, -126, -156, 283, -92, 258, 429, 229, 224, 200, 
-14, 283, 297, -134, -156, 290, -107, 258, 439, 244, 239, 219, 
-4, 302, 307, -148, -156, 305, -107, 258, 448, 258, 248, 234, 
4, 326, 322, -165, -158, 324, -112, 258, 458, 273, 278, 248, 
9, 341, 331, -175, -161, 336, -122, 258, 463, 287, 292, 268, 
19, 346, 326, -183, -153, 336, -131, 248, 468, 302, 307, 283, 
34, 366, 331, -200, -148, 348, -141, 248, 473, 317, 326, 302, 
34, 370, 336, -202, -151, 353, -141, 248, 478, 331, 341, 307, 
43, 380, 336, -212, -146, 358, -151, 248, 492, 346, 361, 326, 
48, 395, 346, -222, -148, 370, -161, 244, 492, 361, 380, 346, 
63, 409, 346, -236, -141, 378, -170, 239, 507, 375, 400, 366, 
53, 424, 370, -239, -158, 397, -180, 244, 527, 390, 419, 385, 
58, 444, 385, -251, -163, 414, -185, 239, 531, 405, 439, 409, 
68, 463, 395, -265, -163, 429, -195, 234, 531, 419, 458, 434, 
73, 483, 409, -278, -168, 446, -204, 234, 531, 429, 468, 458, 
82, 488, 405, -285, -161, 446, -200, 229, 536, 448, 468, 458, 
87, 497, 409, -292, -161, 453, -214, 224, 541, 458, 483, 478, 
97, 507, 409, -302, -156, 458, -219, 219, 546, 463, 497, 488, 
102, 517, 414, -309, -156, 466, -234, 214, 546, 468, 512, 502, 
92, 536, 444, -314, -175, 490, -234, 200, 541, 468, 517, 522, 
97, 536, 439, -317, -170, 488, -239, 190, 541, 468, 527, 522, 
97, 541, 444, -319, -173, 492, -248, 175, 536, 468, 527, 522, 
97, 551, 453, -324, -178, 502, -248, 156, 531, 468, 527, 527, 
92, 561, 468, -326, -187, 514, -253, 151, 527, 453, 517, 517, 
92, 561, 468, -326, -187, 514, -263, 146, 527, 444, 512, 512, 
87, 561, 473, -324, -192, 517, -268, 136, 517, 444, 512, 502, 
82, 556, 473, -319, -195, 514, -273, 126, 507, 429, 492, 492, 
78, 541, 463, -309, -192, 502, -268, 107, 492, 405, 463, 483, 
63, 522, 458, -292, -197, 490, -263, 107, 483, 380, 439, 453, 
48, 512, 463, -280, -207, 488, -258, 97, 458, 346, 409, 424, 
39, 488, 448, -263, -204, 468, -244, 97, 439, 322, 380, 395, 
34, 463, 429, -248, -197, 446, -244, 97, 414, 297, 356, 375, 
19, 439, 419, -229, -200, 429, -229, 97, 405, 268, 322, 346, 
4, 414, 409, -209, -202, 412, -214, 97, 390, 244, 297, 312, 
-9, 385, 395, -187, -202, 390, -200, 97, 380, 219, 263, 283, 
-9, 361, 370, -175, -190, 366, -185, 82, 361, 190, 219, 244, 
-24, 341, 366, -158, -195, 353, -175, 78, 341, 161, 185, 209, 
-39, 312, 351, -136, -195, 331, -161, 78, 322, 126, 151, 180, 
-58, 292, 351, -117, -204, 322, -141, 82, 307, 97, 117, 136, 
-58, 263, 322, -102, -190, 292, -136, 87, 283, 58, 82, 102, 
-73, 234, 307, -80, -190, 270, -122, 87, 268, 29, 48, 68, 
-92, 204, 297, -56, -195, 251, -107, 97, 258, 0, 19, 34, 
-102, 175, 278, -36, -190, 226, -92, 102, 248, -24, -9, 9, 
-117, 146, 263, -14, -190, 204, -82, 117, 234, -39, -29, -9, 
-122, 126, 248, -2, -185, 187, -68, 117, 219, -58, -53, -39, 
-131, 107, 239, 12, -185, 173, -53, 112, 209, -78, -73, -68, 
-136, 87, 224, 24, -180, 156, -43, 112, 195, -102, -97, -92, 
-146, 73, 219, 36, -183, 146, -34, 117, 180, -126, -131, -122, 
-151, 58, 209, 46, -180, 134, -24, 126, 170, -146, -151, -141, 
-161, 39, 200, 61, -180, 119, -19, 131, 161, -165, -175, -161, 
-170, 24, 195, 73, -183, 109, -4, 136, 151, -180, -200, -185, 
-170, 4, 175, 82, -173, 90, 14, 136, 136, -195, -209, -200, 
-180, -14, 165, 97, -173, 75, 24, 136, 131, -204, -224, -219, 
-185, -24, 161, 104, -173, 68, 29, 136, 126, -214, -234, -229, 
-190, -34, 156, 112, -173, 61, 29, 136, 117, -214, -234, -234, 
-200, -48, 151, 124, -175, 51, 39, 146, 126, -219, -253, -244, 
-200, -58, 141, 129, -170, 41, 39, 146, 112, -229, -258, -248, 
-200, -58, 141, 129, -170, 41, 43, 151, 107, -239, -268, -258, 
-204, -68, 136, 136, -170, 34, 48, 151, 102, -248, -278, -273, 
-200, -73, 126, 136, -163, 26, 53, 141, 102, -258, -283, -283, 
-204, -82, 122, 143, -163, 19, 53, 146, 92, -268, -292, -287, 
-209, -92, 117, 151, -163, 12, 53, 146, 92, -273, -297, -297, 
-209, -97, 112, 153, -161, 7, 58, 146, 97, -273, -307, -302, 
-219, -112, 107, 165, -163, -2, 63, 156, 87, -283, -307, -302, 
-219, -112, 107, 165, -163, -2, 68, 156, 82, -283, -307, -302, 
-219, -117, 102, 168, -161, -7, 73, 156, 82, -283, -307, -307, 
-219, -117, 102, 168, -161, -7, 73, 156, 82, -283, -307, -307, 
-224, -122, 102, 173, -163, -9, 68, 156, 87, -287, -312, -307, 
-224, -122, 102, 173, -163, -9, 68, 156, 78, -287, -317, -312, 
-224, -126, 97, 175, -161, -14, 73, 156, 78, -287, -317, -317, 
-224, -131, 92, 178, -158, -19, 73, 165, 82, -287, -317, -322, 
-224, -122, 102, 173, -163, -9, 73, 156, 82, -287, -326, -317, 
-224, -122, 102, 173, -163, -9, 73, 156, 82, -287, -326, -317, 
-224, -122, 102, 173, -163, -9, 73, 156, 82, -287, -326, -312, 
-224, -122, 102, 173, -163, -9, 73, 161, 82, -287, -326, -312, 
-234, -122, 112, 178, -173, -4, 73, 161, 82, -287, -326, -322, 
-234, -122, 112, 178, -173, -4, 78, 161, 82, -287, -326, -322, 
-239, -122, 117, 180, -178, -2, 78, 156, 82, -287, -326, -322, 
-239, -122, 117, 180, -178, -2, 78, 156, 82, -287, -326, -322, 
-239, -122, 117, 180, -178, -2, 87, 156, 82, -292, -336, -331, 
-239, -122, 117, 180, -178, -2, 87, 156, 78, -292, -336, -336, 
-239, -122, 117, 180, -178, -2, 87, 156, 78, -292, -331, -336, 
-239, -122, 117, 180, -178, -2, 87, 156, 78, -292, -331, -336, 
-239, -122, 117, 180, -178, -2, 78, 156, 78, -292, -331, -322, 
-239, -122, 117, 180, -178, -2, 73, 156, 78, -292, -336, -322, 
-239, -122, 117, 180, -178, -2, 73, 156, 78, -292, -336, -322, 
-239, -122, 117, 180, -178, -2, 73, 156, 78, -292, -331, -322, 
-239, -122, 117, 180, -178, -2, 82, 156, 78, -283, -331, -331, 
-234, -122, 112, 178, -173, -4, 82, 161, 78, -287, -331, -336, 
-234, -122, 112, 178, -173, -4, 82, 161, 78, -287, -331, -336, 
-239, -122, 117, 180, -178, -2, 82, 161, 78, -287, -331, -336, 
-239, -122, 117, 180, -178, -2, 82, 161, 82, -297, -341, -331, 
-239, -126, 112, 183, -175, -7, 82, 161, 82, -297, -336, -331, 
-239, -126, 112, 183, -175, -7, 82, 161, 82, -297, -336, -331, 
-239, -126, 112, 183, -175, -7, 82, 161, 82, -297, -336, -331, 
-239, -126, 112, 183, -175, -7, 82, 161, 82, -292, -336, -326, 
-239, -126, 112, 183, -175, -7, 82, 161, 82, -292, -336, -326, 
-239, -126, 112, 183, -175, -7, 82, 161, 82, -292, -336, -326, 
-239, -126, 112, 183, -175, -7, 82, 161, 82, -292, -336, -322, 
-239, -126, 112, 183, -175, -7, 82, 161, 82, -292, -336, -322, 
-239, -126, 112, 183, -175, -7, 82, 165, 82, -287, -336, -322, 
-239, -126, 112, 183, -175, -7, 78, 165, 82, -287, -336, -326, 
-239, -126, 112, 183, -175, -7, 78, 165, 82, -287, -336, -326, 
-239, -126, 112, 183, -175, -7, 78, 156, 82, -287, -336, -326, 
-234, -122, 112, 178, -173, -4, 78, 156, 82, -287, -336, -326, 
-234, -122, 112, 178, -173, -4, 78, 156, 82, -287, -336, -326, 
-234, -122, 112, 178, -173, -4, 82, 156, 82, -287, -336, -322, 
-234, -131, 102, 183, -168, -14, 82, 165, 82, -287, -336, -331, 
-234, -131, 102, 183, -168, -14, 82, 165, 82, -287, -336, -331, 
-234, -131, 102, 183, -168, -14, 78, 165, 82, -287, -336, -331, 
-234, -131, 102, 183, -168, -14, 78, 165, 82, -287, -336, -331, 
-234, -122, 112, 178, -173, -4, 78, 165, 82, -287, -336, -336, 
-234, -122, 112, 178, -173, -4, 78, 161, 82, -287, -336, -336, 
-234, -122, 112, 178, -173, -4, 78, 161, 82, -287, -336, -336, 
-234, -122, 112, 178, -173, -4, 78, 161, 87, -287, -336, -336, 
-234, -122, 112, 178, -173, -4, 78, 151, 78, -287, -336, -336, 
-234, -122, 112, 178, -173, -4, 78, 151, 78, -287, -336, -336, 
-234, -122, 112, 178, -173, -4, 78, 151, 78, -292, -336, -336, 
-234, -122, 112, 178, -173, -4, 78, 151, 78, -292, -336, -336, 
-224, -122, 102, 173, -163, -9, 78, 151, 78, -292, -346, -336, 
-224, -122, 102, 173, -163, -9, 82, 151, 78, -292, -346, -336, 
-224, -122, 102, 173, -163, -9, 82, 151, 78, -292, -346, -336, 
-224, -122, 102, 173, -163, -9, 82, 151, 78, -292, -346, -331, 
-224, -122, 102, 173, -163, -9, 73, 151, 78, -283, -341, -341, 
-224, -122, 102, 173, -163, -9, 73, 151, 78, -287, -341, -346, 
-224, -122, 102, 173, -163, -9, 73, 151, 78, -287, -341, -346, 
-224, -122, 102, 173, -163, -9, 73, 151, 73, -287, -341, -346, 
-224, -122, 102, 173, -163, -9, 82, 151, 73, -297, -341, -336, 
-224, -122, 102, 173, -163, -9, 82, 151, 73, -297, -341, -336, 
-224, -122, 102, 173, -163, -9, 82, 151, 73, -297, -341, -336, 
-224, -122, 102, 173, -163, -9, 82, 151, 68, -302, -341, -336, 
-224, -122, 102, 173, -163, -9, 82, 151, 78, -292, -341, -336, 
-224, -122, 102, 173, -163, -9, 82, 151, 73, -292, -346, -336, 
-224, -122, 102, 173, -163, -9, 82, 151, 73, -292, -346, -336, 
-224, -126, 97, 175, -161, -14, 82, 151, 73, -292, -346, -336, 
-224, -126, 97, 175, -161, -14, 82, 151, 68, -292, -346, -336, 
-224, -122, 102, 173, -163, -9, 82, 151, 68, -297, -346, -336, 
-224, -122, 102, 173, -163, -9, 82, 151, 73, -297, -346, -341, 
-224, -122, 102, 173, -163, -9, 82, 151, 73, -297, -346, -346, 
-224, -126, 97, 175, -161, -14, 73, 151, 73, -307, -356, -346, 
-224, -126, 97, 175, -161, -14, 73, 151, 73, -307, -356, -346, 
-224, -126, 97, 175, -161, -14, 73, 151, 73, -307, -356, -346, 
-224, -126, 97, 175, -161, -14, 73, 151, 68, -307, -356, -346, 
-229, -126, 102, 178, -165, -12, 82, 151, 58, -307, -356, -346, 
-229, -126, 102, 178, -165, -12, 82, 151, 63, -312, -356, -346, 
-224, -131, 92, 178, -158, -19, 82, 151, 63, -312, -356, -341, 
-224, -131, 92, 178, -158, -19, 82, 151, 53, -312, -356, -341, 
-229, -131, 97, 180, -163, -17, 82, 151, 63, -302, -361, -341, 
-229, -131, 97, 180, -163, -17, 82, 151, 63, -302, -361, -346, 
-224, -126, 97, 175, -161, -14, 82, 151, 63, -302, -361, -346, 
-224, -126, 97, 175, -161, -14, 82, 146, 58, -307, -366, -351, 
-224, -131, 92, 178, -158, -19, 82, 146, 58, -317, -366, -351, 
-224, -131, 92, 178, -158, -19, 82, 146, 58, -317, -366, -351, 
-224, -126, 97, 175, -161, -14, 82, 146, 58, -317, -366, -351, 
-224, -126, 97, 175, -161, -14, 82, 146, 58, -322, -370, -351, 
-229, -136, 92, 183, -161, -21, 82, 146, 53, -322, -370, -351, 
-229, -136, 92, 183, -161, -21, 82, 146, 53, -322, -370, -351, 
-229, -141, 87, 185, -158, -26, 82, 146, 48, -322, -370, -351, 
-229, -146, 82, 187, -156, -31, 82, 146, 48, -322, -370, -351, 
-239, -141, 97, 190, -168, -21, 73, 136, 48, -322, -370, -351, 
-239, -136, 102, 187, -170, -17, 73, 136, 48, -326, -370, -351, 
-239, -136, 102, 187, -170, -17, 73, 136, 48, -331, -370, -351, 
-239, -131, 107, 185, -173, -12, 73, 136, 53, -331, -370, -351, 
-239, -131, 107, 185, -173, -12, 73, 136, 43, -322, -370, -351, 
-239, -131, 107, 185, -173, -12, 73, 131, 39, -322, -370, -351, 
-239, -131, 107, 185, -173, -12, 73, 131, 39, -322, -370, -351, 
-239, -131, 107, 185, -173, -12, 73, 136, 39, -317, -370, -351, 
-239, -136, 102, 187, -170, -17, 78, 146, 39, -326, -380, -351, 
-239, -136, 102, 187, -170, -17, 78, 146, 39, -331, -380, -351, 
-239, -136, 102, 187, -170, -17, 73, 146, 39, -341, -380, -351, 
-239, -136, 102, 187, -170, -17, 73, 146, 39, -331, -380, -351, 
-244, -136, 107, 190, -175, -14, 73, 136, 48, -331, -370, -351, 
-244, -136, 107, 190, -175, -14, 73, 136, 39, -336, -375, -356, 
-244, -136, 107, 190, -175, -14, 73, 131, 34, -336, -380, -356, 
-244, -136, 107, 190, -175, -14, 73, 131, 34, -341, -380, -356, 
-248, -136, 112, 192, -180, -12, 63, 141, 43, -331, -375, -361, 
-248, -136, 112, 192, -180, -12, 63, 141, 43, -331, -375, -361, 
-248, -136, 112, 192, -180, -12, 63, 146, 43, -331, -375, -361, 
-248, -136, 112, 192, -180, -12, 63, 146, 43, -331, -375, -361, 
-248, -136, 112, 192, -180, -12, 63, 146, 34, -336, -375, -361, 
-248, -136, 112, 192, -180, -12, 63, 141, 34, -336, -375, -361, 
-248, -136, 112, 192, -180, -12, 63, 141, 34, -336, -380, -361, 
-248, -136, 112, 192, -180, -12, 63, 141, 39, -336, -380, -361, 
-248, -136, 112, 192, -180, -12, 63, 141, 39, -336, -375, -361, 
-248, -141, 107, 195, -178, -17, 63, 141, 39, -346, -375, -361, 
-248, -141, 107, 195, -178, -17, 63, 136, 39, -346, -380, -361, 
-248, -141, 107, 195, -178, -17, 63, 136, 39, -346, -380, -366, 
-244, -141, 102, 192, -173, -19, 63, 136, 39, -341, -380, -366, 
-244, -141, 102, 192, -173, -19, 63, 136, 39, -341, -380, -366, 
-248, -136, 112, 192, -180, -12, 63, 136, 39, -341, -375, -366, 
-248, -136, 112, 192, -180, -12, 63, 136, 39, -341, -375, -366, 
-258, -146, 112, 202, -185, -17, 63, 126, 39, -341, -375, -356, 
-253, -151, 102, 202, -178, -24, 63, 126, 39, -341, -375, -356, 
-253, -151, 102, 202, -178, -24, 63, 126, 39, -341, -375, -361, 
-253, -151, 102, 202, -178, -24, 63, 126, 39, -341, -375, -361, 
-244, -141, 102, 192, -173, -19, 63, 126, 29, -336, -385, -356, 
-248, -141, 107, 195, -178, -17, 63, 126, 29, -336, -385, -356, 
-248, -141, 107, 195, -178, -17, 63, 126, 29, -336, -385, -366, 
-248, -141, 107, 195, -178, -17, 63, 126, 24, -336, -385, -366, 
-248, -151, 97, 200, -173, -26, 63, 126, 24, -336, -385, -361, 
-248, -151, 97, 200, -173, -26, 63, 126, 24, -336, -385, -361, 
-248, -151, 97, 200, -173, -26, 63, 131, 29, -336, -385, -361, 
-248, -151, 97, 200, -173, -26, 63, 131, 29, -336, -385, -361, 
-248, -151, 97, 200, -173, -26, 58, 136, 29, -336, -395, -361, 
-248, -151, 97, 200, -173, -26, 58, 131, 29, -336, -395, -361, 
-248, -151, 97, 200, -173, -26, 58, 131, 29, -341, -400, -361, 
-248, -151, 97, 200, -173, -26, 58, 131, 29, -341, -400, -361, 
-248, -151, 97, 200, -173, -26, 58, 122, 29, -341, -400, -361, 
-248, -151, 97, 200, -173, -26, 58, 126, 24, -341, -400, -361, 
-248, -151, 97, 200, -173, -26, 58, 126, 24, -341, -395, -361, 
-248, -151, 97, 200, -173, -26, 58, 122, 24, -341, -395, -361, 
-248, -151, 97, 200, -173, -26, 58, 122, 24, -341, -395, -361, 
-248, -151, 97, 200, -173, -26, 58, 126, 24, -336, -395, -361, 
-248, -151, 97, 200, -173, -26, 58, 126, 24, -336, -395, -366, 
-248, -151, 97, 200, -173, -26, 58, 126, 24, -336, -390, -366, 
-258, -151, 107, 204, -183, -21, 53, 126, 24, -346, -390, -366, 
-258, -151, 107, 204, -183, -21, 53, 126, 24, -346, -395, -366, 
-258, -151, 107, 204, -183, -21, 58, 126, 24, -351, -395, -366, 
-258, -151, 107, 204, -183, -21, 58, 126, 24, -351, -395, -366, 
-258, -151, 107, 204, -183, -21, 58, 126, 24, -346, -395, -366, 
-258, -156, 102, 207, -180, -26, 58, 122, 29, -346, -395, -366, 
-258, -156, 102, 207, -180, -26, 58, 122, 29, -346, -395, -366, 
-253, -156, 97, 204, -175, -29, 58, 126, 29, -346, -395, -366, 
-253, -151, 102, 202, -178, -24, 53, 126, 24, -346, -390, -361, 
-253, -156, 97, 204, -175, -29, 53, 126, 19, -356, -385, -356, 
-244, -156, 87, 200, -165, -34, 58, 126, 19, -351, -390, -361, 
-253, -165, 87, 209, -170, -39, 58, 126, 19, -361, -400, -361, 
-253, -165, 87, 209, -170, -39, 58, 126, 19, -361, -400, -361, 
-253, -165, 87, 209, -170, -39, 58, 126, 19, -361, -400, -361, 
-253, -165, 87, 209, -170, -39, 58, 126, 19, -361, -400, -361, 
-263, -165, 97, 214, -180, -34, 58, 126, 29, -351, -400, -361, 
-263, -165, 97, 214, -180, -34, 58, 126, 29, -351, -400, -361, 
-263, -165, 97, 214, -180, -34, 58, 126, 29, -351, -400, -361, 
-263, -165, 97, 214, -180, -34, 58, 126, 29, -351, -400, -361, 
-253, -165, 87, 209, -170, -39, 58, 126, 29, -351, -400, -361, 
-253, -165, 87, 209, -170, -39, 58, 126, 29, -351, -400, -361, 
-253, -165, 87, 209, -170, -39, 58, 126, 29, -351, -400, -361, 
-253, -165, 87, 209, -170, -39, 58, 126, 29, -351, -400, -361, 
-253, -165, 87, 209, -170, -39, 58, 117, 29, -361, -390, -361, 
-253, -165, 87, 209, -170, -39, 58, 117, 29, -361, -390, -361, 
-253, -165, 87, 209, -170, -39, 58, 117, 29, -361, -390, -361, 
-253, -165, 87, 209, -170, -39, 58, 117, 29, -361, -390, -361, 
-263, -165, 97, 214, -180, -34, 58, 117, 29, -361, -390, -351, 
-263, -165, 97, 214, -180, -34, 58, 117, 29, -361, -390, -351, 
-263, -165, 97, 214, -180, -34, 58, 117, 29, -361, -390, -351, 
-263, -165, 97, 214, -180, -34, 58, 117, 29, -361, -390, -351, 
-263, -165, 97, 214, -180, -34, 48, 117, 29, -361, -400, -361, 
-263, -165, 97, 214, -180, -34, 48, 117, 29, -361, -400, -361, 
-263, -165, 97, 214, -180, -34, 48, 117, 29, -361, -400, -361, 
-263, -165, 97, 214, -180, -34, 48, 117, 29, -361, -400, -361, 
-263, -165, 97, 214, -180, -34, 48, 117, 19, -361, -400, -361, 
-263, -165, 97, 214, -180, -34, 48, 117, 19, -361, -400, -361, 
-263, -165, 97, 214, -180, -34, 48, 117, 19, -361, -400, -361, 
-263, -165, 97, 214, -180, -34, 48, 117, 19, -361, -400, -361, 
-253, -165, 87, 209, -170, -39, 48, 117, 29, -361, -400, -361, 
-253, -165, 87, 209, -170, -39, 48, 117, 29, -361, -400, -361, 
-253, -165, 87, 209, -170, -39, 48, 117, 29, -361, -400, -361, 
-253, -165, 87, 209, -170, -39, 48, 117, 29, -361, -400, -361, 
-263, -165, 97, 214, -180, -34, 48, 107, 29, -361, -400, -361, 
-263, -165, 97, 214, -180, -34, 48, 107, 29, -361, -400, -361, 
-263, -165, 97, 214, -180, -34, 48, 107, 29, -361, -400, -361, 
-263, -165, 97, 214, -180, -34, 48, 107, 29, -361, -400, -361, 
-263, -165, 97, 214, -180, -34, 48, 107, 19, -361, -409, -361, 
-263, -165, 97, 214, -180, -34, 48, 107, 19, -361, -409, -361, 
-263, -165, 97, 214, -180, -34, 48, 107, 19, -361, -409, -361, 
-263, -165, 97, 214, -180, -34, 48, 107, 19, -361, -409, -361, 
-263, -165, 97, 214, -180, -34, 48, 107, 19, -361, -400, -361, 
-263, -165, 97, 214, -180, -34, 48, 107, 19, -361, -400, -361, 
-263, -165, 97, 214, -180, -34, 48, 107, 19, -361, -400, -361, 
-263, -165, 97, 214, -180, -34, 48, 107, 19, -361, -400, -361, 
-263, -156, 107, 209, -185, -24, 48, 107, 19, -361, -409, -351, 
-263, -156, 107, 209, -185, -24, 48, 107, 19, -361, -409, -351, 
-263, -156, 107, 209, -185, -24, 48, 107, 19, -361, -409, -351, 
-263, -156, 107, 209, -185, -24, 48, 107, 19, -361, -409, -351, 
-263, -156, 107, 209, -185, -24, 39, 107, 19, -370, -409, -361, 
-263, -156, 107, 209, -185, -24, 39, 107, 19, -370, -409, -361, 
-263, -156, 107, 209, -185, -24, 39, 107, 19, -370, -409, -361, 
-263, -156, 107, 209, -185, -24, 39, 107, 19, -370, -409, -361, 
-253, -156, 97, 204, -175, -29, 48, 107, 19, -370, -409, -351, 
-253, -156, 97, 204, -175, -29, 48, 107, 19, -370, -409, -351, 
-253, -156, 97, 204, -175, -29, 48, 107, 19, -370, -409, -351, 
-253, -156, 97, 204, -175, -29, 48, 107, 19, -370, -409, -351, 
-253, -156, 97, 204, -175, -29, 39, 97, 19, -380, -409, -351, 
-253, -156, 97, 204, -175, -29, 39, 97, 19, -380, -409, -351, 
-253, -156, 97, 204, -175, -29, 39, 97, 19, -380, -409, -351, 
-253, -156, 97, 204, -175, -29, 39, 97, 19, -380, -409, -351, 
-263, -156, 107, 209, -185, -24, 48, 97, 19, -370, -409, -351, 
-263, -156, 107, 209, -185, -24, 48, 97, 19, -370, -409, -351, 
-263, -156, 107, 209, -185, -24, 48, 97, 19, -370, -409, -351, 
-263, -156, 107, 209, -185, -24, 48, 97, 19, -370, -409, -351, 
-263, -165, 97, 214, -180, -34, 48, 97, 19, -370, -409, -351, 
-263, -165, 97, 214, -180, -34, 48, 97, 19, -370, -409, -351, 
-263, -165, 97, 214, -180, -34, 48, 97, 19, -370, -409, -351, 
-263, -165, 97, 214, -180, -34, 48, 97, 19, -370, -409, -351, 
-253, -165, 87, 209, -170, -39, 48, 97, 19, -370, -409, -351, 
-253, -165, 87, 209, -170, -39, 48, 97, 19, -370, -409, -351, 
-253, -165, 87, 209, -170, -39, 48, 97, 19, -370, -409, -351, 
-253, -165, 87, 209, -170, -39, 48, 97, 19, -370, -409, -351, 
-253, -165, 87, 209, -170, -39, 39, 107, 19, -370, -400, -351, 
-253, -165, 87, 209, -170, -39, 39, 107, 19, -370, -400, -351, 
-253, -165, 87, 209, -170, -39, 39, 107, 19, -370, -400, -351, 
-253, -165, 87, 209, -170, -39, 39, 107, 19, -370, -400, -351, 
-263, -156, 107, 209, -185, -24, 39, 97, 9, -370, -400, -361, 
-263, -156, 107, 209, -185, -24, 39, 97, 9, -370, -400, -361, 
-263, -156, 107, 209, -185, -24, 39, 97, 9, -370, -400, -361, 
-263, -156, 107, 209, -185, -24, 39, 97, 9, -370, -400, -361, 
-263, -156, 107, 209, -185, -24, 39, 97, 9, -370, -409, -361, 
-263, -156, 107, 209, -185, -24, 39, 97, 9, -370, -409, -361, 
-263, -156, 107, 209, -185, -24, 39, 97, 9, -370, -409, -361, 
-263, -156, 107, 209, -185, -24, 39, 97, 9, -370, -409, -361, 
-263, -156, 107, 209, -185, -24, 39, 97, 9, -370, -409, -351, 
-263, -156, 107, 209, -185, -24, 39, 97, 9, -370, -409, -351, 
-263, -156, 107, 209, -185, -24, 39, 97, 9, -370, -409, -351, 
-263, -156, 107, 209, -185, -24, 39, 97, 9, -370, -409, -351, 
-263, -156, 107, 209, -185, -24, 29, 87, 9, -370, -409, -351, 
-263, -156, 107, 209, -185, -24, 29, 87, 9, -370, -409, -351, 
-263, -156, 107, 209, -185, -24, 29, 87, 9, -370, -409, -351, 
-263, -156, 107, 209, -185, -24, 29, 87, 9, -370, -409, -351, 
-263, -156, 107, 209, -185, -24, 29, 87, 9, -380, -409, -341, 
-263, -156, 107, 209, -185, -24, 29, 87, 9, -380, -409, -341, 
-263, -156, 107, 209, -185, -24, 29, 87, 9, -380, -409, -341, 
-263, -156, 107, 209, -185, -24, 29, 87, 9, -380, -409, -341, 
-273, -156, 117, 214, -195, -19, 39, 97, 9, -380, -400, -351, 
-273, -156, 117, 214, -195, -19, 39, 97, 9, -380, -400, -351, 
-273, -156, 117, 214, -195, -19, 39, 97, 9, -380, -400, -351, 
-273, -156, 117, 214, -195, -19, 39, 97, 9, -380, -400, -351, 
-273, -156, 117, 214, -195, -19, 39, 97, 9, -370, -400, -341, 
-273, -156, 117, 214, -195, -19, 39, 97, 9, -370, -400, -341, 
-273, -156, 117, 214, -195, -19, 39, 97, 9, -370, -400, -341, 
-273, -156, 117, 214, -195, -19, 39, 97, 9, -370, -400, -341, 
-273, -156, 117, 214, -195, -19, 39, 97, 19, -370, -400, -341, 
-273, -156, 117, 214, -195, -19, 39, 97, 19, -370, -400, -341, 
-273, -156, 117, 214, -195, -19, 39, 97, 19, -370, -400, -341, 
-273, -156, 117, 214, -195, -19, 39, 97, 19, -370, -400, -341, 
-273, -165, 107, 219, -190, -29, 39, 87, 9, -380, -409, -341, 
-273, -165, 107, 219, -190, -29, 39, 87, 9, -380, -409, -341, 
-273, -165, 107, 219, -190, -29, 39, 87, 9, -380, -409, -341, 
-273, -165, 107, 219, -190, -29, 39, 87, 9, -380, -409, -341, 
-273, -165, 107, 219, -190, -29, 29, 87, 9, -380, -400, -341, 
-273, -165, 107, 219, -190, -29, 29, 87, 9, -380, -400, -341, 
-273, -165, 107, 219, -190, -29, 29, 87, 9, -380, -400, -341, 
-273, -165, 107, 219, -190, -29, 29, 87, 9, -380, -400, -341, 
-273, -165, 107, 219, -190, -29, 29, 87, 9, -380, -400, -341, 
-273, -165, 107, 219, -190, -29, 29, 87, 9, -380, -400, -341, 
-273, -165, 107, 219, -190, -29, 29, 87, 9, -380, -400, -341, 
-273, -165, 107, 219, -190, -29, 29, 87, 9, -380, -400, -341, 
-273, -165, 107, 219, -190, -29, 29, 87, 9, -380, -400, -331, 
-273, -165, 107, 219, -190, -29, 29, 87, 9, -380, -400, -331, 
-273, -165, 107, 219, -190, -29, 29, 87, 9, -380, -400, -331, 
-273, -165, 107, 219, -190, -29, 29, 87, 9, -380, -400, -331, 
-273, -165, 107, 219, -190, -29, 29, 87, 9, -380, -400, -341, 
-273, -165, 107, 219, -190, -29, 29, 87, 9, -380, -400, -341, 
-273, -165, 107, 219, -190, -29, 29, 87, 9, -380, -400, -341, 
-273, -165, 107, 219, -190, -29, 29, 87, 9, -380, -400, -341, 
-273, -165, 107, 219, -190, -29, 29, 87, 9, -380, -400, -341, 
-273, -165, 107, 219, -190, -29, 29, 87, 9, -380, -400, -341, 
-273, -165, 107, 219, -190, -29, 29, 87, 9, -380, -400, -341, 
-273, -165, 107, 219, -190, -29, 29, 87, 9, -380, -400, -341, 
-263, -165, 97, 214, -180, -34, 29, 97, 9, -380, -409, -341, 
-263, -165, 97, 214, -180, -34, 29, 97, 9, -380, -409, -341, 
-263, -165, 97, 214, -180, -34, 29, 97, 9, -380, -409, -341, 
-263, -165, 97, 214, -180, -34, 29, 97, 9, -380, -409, -341, 
-263, -156, 107, 209, -185, -24, 29, 97, 19, -370, -400, -331, 
-263, -156, 107, 209, -185, -24, 29, 97, 19, -370, -400, -331, 
-263, -156, 107, 209, -185, -24, 29, 97, 19, -370, -400, -331, 
-263, -156, 107, 209, -185, -24, 29, 97, 19, -370, -400, -331, 
-253, -151, 102, 202, -178, -24, 29, 107, 24, -366, -395, -326, 
-253, -146, 107, 200, -180, -19, 29, 107, 29, -361, -390, -322, 
-253, -141, 112, 197, -183, -14, 29, 107, 34, -356, -385, -317, 
-253, -136, 117, 195, -185, -9, 29, 107, 39, -351, -380, -312, 
-248, -126, 122, 187, -185, -2, 29, 117, 43, -346, -375, -302, 
-244, -117, 126, 180, -185, 4, 29, 117, 48, -341, -370, -302, 
-239, -107, 131, 173, -185, 12, 29, 117, 53, -336, -366, -302, 
-234, -97, 136, 165, -185, 19, 29, 117, 58, -331, -361, -302, 
-234, -92, 141, 163, -187, 24, 39, 122, 73, -322, -351, -292, 
-234, -87, 146, 161, -190, 29, 39, 126, 78, -322, -351, -292, 
-234, -82, 151, 158, -192, 34, 39, 131, 82, -322, -351, -292, 
-234, -78, 156, 156, -195, 39, 39, 136, 87, -322, -351, -292, 
-234, -68, 165, 151, -200, 48, 29, 141, 97, -317, -341, -283, 
-234, -68, 165, 151, -200, 48, 29, 146, 97, -312, -341, -283, 
-234, -68, 165, 151, -200, 48, 29, 151, 97, -307, -341, -283, 
-234, -68, 165, 151, -200, 48, 29, 156, 97, -302, -341, -283, 
-229, -58, 170, 143, -200, 56, 14, 146, 107, -292, -336, -273, 
-224, -58, 165, 141, -195, 53, 9, 146, 107, -292, -331, -273, 
-219, -58, 161, 139, -190, 51, 4, 146, 107, -292, -326, -273, 
-214, -58, 156, 136, -185, 48, 0, 146, 107, -292, -322, -273, 
-214, -48, 165, 131, -190, 58, -19, 131, 97, -297, -331, -273, 
-214, -48, 165, 131, -190, 58, -29, 117, 97, -302, -331, -273, 
-214, -48, 165, 131, -190, 58, -39, 102, 97, -307, -331, -273, 
-214, -48, 165, 131, -190, 58, -48, 87, 97, -312, -331, -273, 
-214, -48, 165, 131, -190, 58, -48, 82, 92, -312, -331, -273, 
-214, -48, 165, 131, -190, 58, -48, 78, 87, -312, -331, -273, 
-214, -48, 165, 131, -190, 58, -48, 73, 82, -312, -331, -273, 
-214, -48, 165, 131, -190, 58, -48, 68, 78, -312, -331, -273, 
-204, -53, 151, 129, -178, 48, -43, 73, 68, -312, -331, -283, 
-204, -58, 146, 131, -175, 43, -39, 78, 68, -312, -331, -283, 
-204, -63, 141, 134, -173, 39, -34, 82, 68, -312, -331, -283, 
-204, -68, 136, 136, -170, 34, -29, 87, 68, -312, -331, -283, 
-204, -73, 131, 139, -168, 29, -19, 97, 63, -317, -341, -292, 
-204, -78, 126, 141, -165, 24, -19, 97, 58, -322, -341, -292, 
-204, -82, 122, 143, -163, 19, -19, 97, 53, -326, -341, -292, 
-204, -92, 112, 148, -158, 9, -14, 92, 43, -336, -346, -297, 
-200, -92, 107, 146, -153, 7, -24, 82, 29, -346, -356, -297, 
-209, -92, 117, 151, -163, 12, -14, 82, 29, -351, -356, -297, 
-214, -97, 117, 156, -165, 9, -9, 82, 29, -356, -356, -297, 
-224, -112, 112, 168, -168, 0, -4, 87, 29, -356, -361, -307, 
-239, -117, 122, 178, -180, 2, 0, 87, 29, -361, -366, -302, 
-244, -122, 122, 183, -183, 0, 0, 87, 19, -361, -370, -307, 
-253, -131, 122, 192, -187, -4, 4, 87, 19, -366, -375, -312, 
-253, -136, 117, 195, -185, -9, 4, 82, 14, -370, -375, -317, 
-263, -146, 117, 204, -190, -14, 14, 82, 19, -370, -390, -322, 
-263, -151, 112, 207, -187, -19, 14, 82, 19, -375, -390, -322, 
-268, -151, 117, 209, -192, -17, 14, 82, 19, -375, -390, -322, 
-268, -151, 117, 209, -192, -17, 9, 78, 19, -375, -390, -322, 
-268, -151, 117, 209, -192, -17, 19, 78, 9, -375, -385, -331, 
-268, -151, 117, 209, -192, -17, 19, 82, 9, -375, -385, -326, 
-263, -151, 112, 207, -187, -19, 19, 82, 9, -380, -390, -326, 
-263, -156, 107, 209, -185, -24, 19, 78, 9, -380, -395, -336, 
-263, -156, 107, 209, -185, -24, 9, 68, 9, -380, -395, -336, 
-268, -156, 112, 212, -190, -21, 9, 68, 9, -380, -390, -331, 
-268, -156, 112, 212, -190, -21, 9, 73, 9, -380, -390, -331, 
-268, -156, 112, 212, -190, -21, 9, 73, 9, -380, -395, -331, 
-268, -146, 122, 207, -195, -12, 9, 73, 0, -380, -405, -341, 
-273, -146, 126, 209, -200, -9, 14, 73, 0, -380, -405, -341, 
-273, -146, 126, 209, -200, -9, 14, 73, 0, -380, -405, -341, 
-268, -146, 122, 207, -195, -12, 14, 73, 0, -375, -405, -341, 
-268, -146, 122, 207, -195, -12, 9, 73, 0, -375, -395, -341, 
-268, -146, 122, 207, -195, -12, 9, 73, 4, -380, -395, -346, 
-268, -151, 117, 209, -192, -17, 9, 73, 4, -380, -395, -346, 
-273, -151, 122, 212, -197, -14, 4, 73, 4, -380, -395, -341, 
-273, -151, 122, 212, -197, -14, 4, 63, 4, -380, -395, -341, 
-273, -156, 117, 214, -195, -19, 4, 63, 4, -380, -395, -341, 
-273, -156, 117, 214, -195, -19, 9, 58, 4, -380, -395, -341, 
-273, -156, 117, 214, -195, -19, 9, 58, 4, -380, -395, -341, 
-273, -156, 117, 214, -195, -19, 14, 73, 4, -390, -405, -341, 
-273, -151, 122, 212, -197, -14, 14, 73, 4, -395, -405, -341, 
-273, -151, 122, 212, -197, -14, 9, 73, 4, -395, -405, -341, 
-273, -156, 117, 214, -195, -19, 9, 73, 4, -390, -405, -346, 
-278, -156, 122, 217, -200, -17, 9, 73, 9, -390, -405, -336, 
-278, -156, 122, 217, -200, -17, 9, 73, 9, -390, -405, -336, 
-278, -156, 122, 217, -200, -17, 14, 73, 9, -390, -405, -336, 
-278, -156, 122, 217, -200, -17, 14, 73, 9, -390, -405, -336, 
-263, -151, 112, 207, -187, -19, 4, 73, 0, -390, -405, -346, 
-263, -151, 112, 207, -187, -19, 4, 73, 0, -390, -405, -346, 
-268, -151, 117, 209, -192, -17, 4, 73, 0, -390, -405, -346, 
-268, -156, 112, 212, -190, -21, 4, 73, 0, -390, -405, -346, 
-268, -156, 112, 212, -190, -21, 14, 73, 9, -390, -405, -341, 
-268, -156, 112, 212, -190, -21, 14, 73, 9, -390, -405, -341, 
-268, -156, 112, 212, -190, -21, 19, 73, 9, -390, -400, -346, 
-268, -156, 112, 212, -190, -21, 19, 73, 9, -390, -400, -346, 
-268, -156, 112, 212, -190, -21, 24, 73, 0, -390, -405, -346, 
-268, -156, 112, 212, -190, -21, 24, 73, 0, -390, -405, -346, 
-268, -156, 112, 212, -190, -21, 24, 73, 0, -390, -405, -346, 
-268, -156, 112, 212, -190, -21, 24, 73, 0, -390, -405, -346, 
-258, -156, 102, 207, -180, -26, 14, 82, 0, -380, -405, -346, 
-258, -156, 102, 207, -180, -26, 14, 82, 4, -380, -405, -346, 
-258, -156, 102, 207, -180, -26, 14, 82, 4, -380, -405, -346, 
-258, -156, 102, 207, -180, -26, 14, 82, 4, -380, -405, -346, 
-268, -156, 112, 212, -190, -21, 24, 82, 9, -390, -405, -346, 
-268, -156, 112, 212, -190, -21, 24, 82, 9, -390, -405, -346, 
-268, -156, 112, 212, -190, -21, 24, 82, 14, -390, -405, -346, 
-268, -156, 112, 212, -190, -21, 24, 82, 14, -390, -405, -346, 
-268, -156, 112, 212, -190, -21, 24, 82, 4, -400, -409, -346, 
-268, -156, 112, 212, -190, -21, 24, 82, 4, -400, -409, -341, 
-268, -156, 112, 212, -190, -21, 29, 82, 4, -400, -409, -341, 
-268, -156, 112, 212, -190, -21, 29, 82, 4, -400, -409, -341, 
-273, -156, 117, 214, -195, -19, 19, 82, 4, -390, -409, -341, 
-273, -156, 117, 214, -195, -19, 19, 82, 4, -390, -409, -341, 
-268, -156, 112, 212, -190, -21, 19, 82, 4, -390, -409, -341, 
-268, -151, 117, 209, -192, -17, 19, 82, 4, -390, -409, -341, 
-258, -151, 107, 204, -183, -21, 29, 82, 4, -390, -400, -331, 
-258, -151, 107, 204, -183, -21, 29, 82, 4, -390, -400, -331, 
-258, -156, 102, 207, -180, -26, 29, 82, 4, -390, -400, -331, 
-258, -156, 102, 207, -180, -26, 29, 82, 4, -390, -395, -331, 
-273, -165, 107, 219, -190, -29, 29, 82, 4, -390, -395, -341, 
-273, -165, 107, 219, -190, -29, 29, 82, 4, -385, -395, -341, 
-268, -165, 102, 217, -185, -31, 29, 87, 4, -385, -395, -341, 
-268, -165, 102, 217, -185, -31, 29, 87, 4, -390, -400, -341, 
-263, -156, 107, 209, -185, -24, 34, 87, 14, -380, -400, -341, 
-253, -151, 102, 202, -178, -24, 34, 97, 4, -380, -414, -351, 
-273, -161, 112, 217, -192, -24, 39, 102, 4, -390, -419, -356, 
-283, -165, 117, 224, -200, -24, 48, 112, 4, -405, -424, -370, 
-273, -170, 102, 222, -187, -34, 68, 131, 19, -405, -429, -375, 
-268, -185, 82, 226, -175, -51, 82, 161, 39, -400, -434, -390, 
-273, -200, 73, 236, -173, -63, 97, 185, 63, -385, -439, -414, 
-273, -214, 58, 244, -165, -78, 112, 219, 82, -380, -444, -434, 
-268, -239, 29, 253, -148, -104, 136, 263, 102, -380, -453, -448, 
-253, -248, 4, 251, -129, -122, 146, 297, 131, -366, -468, -473, 
-234, -229, 4, 231, -119, -112, 141, 322, 165, -351, -468, -488, 
-195, -200, -4, 197, -95, -102, 117, 361, 209, -302, -439, -458, 
-141, -151, -9, 146, -65, -80, 107, 419, 292, -229, -375, -414, 
-92, -58, 34, 75, -63, -12, 73, 434, 419, -117, -292, -346, 
-63, 78, 141, -7, -102, 109, -24, 326, 541, 4, -170, -248, 
-43, 214, 258, -85, -151, 236, -131, 141, 610, 97, -53, -131, 
-19, 346, 366, -163, -192, 356, -229, -48, 600, 126, 29, -34, 
24, 488, 463, -256, -219, 475, -361, -253, 551, 141, 117, 87, 
63, 644, 580, -353, -258, 612, -512, -497, 478, 180, 244, 253, 
78, 805, 727, -441, -324, 766, -678, -761, 385, 234, 385, 453, 
92, 976, 883, -534, -395, 929, -844, -1010, 273, 287, 536, 649, 
112, 1112, 1000, -612, -444, 1056, -990, -1220, 126, 307, 663, 824, 
107, 1195, 1088, -651, -490, 1141, -1102, -1415, -39, 297, 761, 976, 
78, 1327, 1249, -702, -585, 1288, -1200, -1605, -141, 351, 912, 1166, 
-9, 1546, 1556, -768, -783, 1551, -1298, -1795, -146, 483, 1137, 1405, 
-97, 1737, 1834, -819, -966, 1786, -1356, -1947, -156, 605, 1346, 1625, 
-146, 1810, 1956, -832, -1051, 1883, -1376, -1971, -175, 678, 1488, 1766, 
-165, 1732, 1898, -783, -1032, 1815, -1337, -1888, -219, 707, 1546, 1820, 
-195, 1566, 1761, -685, -978, 1664, -1234, -1766, -268, 692, 1532, 1800, 
-234, 1381, 1615, -573, -924, 1498, -1093, -1629, -278, 649, 1473, 1737, 
-283, 1171, 1454, -444, -868, 1312, -951, -1488, -307, 566, 1366, 1625, 
-317, 956, 1273, -319, -795, 1115, -829, -1337, -336, 439, 1190, 1459, 
-336, 736, 1073, -200, -705, 905, -697, -1146, -331, 287, 956, 1224, 
-331, 536, 868, -102, -600, 702, -556, -946, -307, 156, 722, 976, 
-312, 375, 688, -31, -500, 531, -444, -775, -307, 43, 497, 756, 
-287, 258, 546, 14, -417, 402, -370, -624, -312, -92, 297, 546, 
-268, 185, 453, 41, -361, 319, -297, -448, -297, -219, 87, 351, 
-258, 107, 366, 75, -312, 236, -244, -312, -278, -366, -146, 117, 
-278, 58, 336, 109, -307, 197, -200, -229, -248, -448, -283, -63, 
-278, 39, 317, 119, -297, 178, -170, -180, -170, -400, -273, -117, 
-268, 24, 292, 122, -280, 158, -141, -122, -87, -346, -248, -136, 
-253, -4, 248, 129, -251, 122, -112, -78, -39, -326, -258, -165, 
-229, -14, 214, 122, -222, 100, -87, -39, 4, -283, -234, -151, 
-224, -29, 195, 126, -209, 82, -63, 14, 43, -248, -204, -131, 
-224, -29, 195, 126, -209, 82, -39, 48, 58, -239, -204, -136, 
-214, -24, 190, 119, -202, 82, -14, 73, 63, -239, -209, -146, 
-214, -34, 180, 124, -197, 73, 4, 92, 63, -239, -214, -151, 
-224, -34, 190, 129, -207, 78, 14, 92, 53, -258, -229, -170, 
-234, -34, 200, 134, -217, 82, 4, 82, 53, -273, -239, -180, 
-234, -34, 200, 134, -217, 82, -4, 82, 68, -273, -258, -180, 
-219, -34, 185, 126, -202, 75, 4, 92, 82, -278, -263, -195, 
-219, -39, 180, 129, -200, 70, 9, 102, 82, -297, -287, -214, 
-229, -53, 175, 141, -202, 61, 4, 107, 78, -312, -312, -244, 
-229, -68, 161, 148, -195, 46, 19, 117, 78, -317, -317, -263, 
-239, -78, 161, 158, -200, 41, 39, 136, 78, -312, -312, -278, 
-239, -82, 156, 161, -197, 36, 39, 146, 78, -307, -312, -278, 
-239, -82, 156, 161, -197, 36, 43, 146, 78, -307, -312, -278, 
-239, -82, 156, 161, -197, 36, 43, 146, 78, -302, -312, -278, 
-229, -92, 136, 161, -183, 21, 53, 146, 82, -292, -307, -273, 
-229, -97, 131, 163, -180, 17, 53, 151, 87, -292, -307, -268, 
-229, -97, 131, 163, -180, 17, 53, 151, 87, -292, -307, -268, 
-229, -97, 131, 163, -180, 17, 53, 151, 92, -292, -307, -268, 
-229, -107, 122, 168, -175, 7, 48, 161, 92, -302, -322, -278, 
-229, -107, 122, 168, -175, 7, 48, 170, 92, -302, -326, -278, 
-229, -107, 122, 168, -175, 7, 53, 175, 97, -302, -326, -278, 
-219, -107, 112, 163, -165, 2, 53, 175, 97, -302, -326, -278, 
-219, -107, 112, 163, -165, 2, 63, 175, 97, -312, -331, -287, 
-219, -107, 112, 163, -165, 2, 63, 175, 97, -312, -331, -287, 
-219, -102, 117, 161, -168, 7, 63, 175, 97, -307, -331, -287, 
-219, -102, 117, 161, -168, 7, 63, 170, 97, -302, -331, -287, 
-219, -112, 107, 165, -163, -2, 63, 170, 97, -302, -322, -278, 
-219, -112, 107, 165, -163, -2, 63, 170, 102, -302, -322, -278, 
-219, -112, 107, 165, -163, -2, 63, 170, 102, -302, -322, -278, 
-219, -107, 112, 163, -165, 2, 63, 170, 102, -302, -322, -278, 
-224, -97, 126, 161, -175, 14, 63, 170, 107, -302, -331, -287, 
-224, -97, 126, 161, -175, 14, 58, 175, 107, -302, -331, -283, 
-224, -97, 126, 161, -175, 14, 58, 175, 107, -302, -326, -283, 
-224, -97, 126, 161, -175, 14, 58, 175, 107, -302, -326, -283, 
-219, -92, 126, 156, -173, 17, 58, 175, 102, -297, -326, -283, 
-219, -82, 136, 151, -178, 26, 58, 175, 102, -297, -326, -283, 
-219, -78, 141, 148, -180, 31, 58, 175, 102, -297, -326, -283, 
-219, -73, 146, 146, -183, 36, 58, 175, 102, -297, -322, -283, 
-219, -73, 146, 146, -183, 36, 53, 185, 107, -302, -312, -278, 
-219, -73, 146, 146, -183, 36, 53, 185, 107, -297, -312, -278, 
-219, -73, 146, 146, -183, 36, 53, 185, 107, -297, -312, -268, 
-219, -73, 146, 146, -183, 36, 53, 185, 112, -292, -307, -268, 
-219, -73, 146, 146, -183, 36, 53, 185, 112, -287, -307, -263, 
-214, -73, 141, 143, -178, 34, 53, 185, 112, -287, -302, -263, 
-214, -68, 146, 141, -180, 39, 53, 185, 112, -283, -297, -258, 
-214, -68, 146, 141, -180, 39, 53, 185, 117, -283, -297, -253, 
-204, -68, 136, 136, -170, 34, 53, 185, 122, -283, -297, -253, 
-204, -63, 141, 134, -173, 39, 48, 185, 122, -278, -292, -253, 
-200, -58, 141, 129, -170, 41, 48, 185, 122, -278, -292, -253, 
-200, -58, 141, 129, -170, 41, 43, 185, 126, -278, -292, -253, 
-200, -53, 146, 126, -173, 46, 53, 180, 126, -278, -283, -253, 
-200, -48, 151, 124, -175, 51, 48, 180, 126, -273, -283, -253, 
-195, -48, 146, 122, -170, 48, 48, 180, 126, -273, -283, -253, 
-195, -48, 146, 122, -170, 48, 48, 180, 131, -273, -283, -248, 
-195, -43, 151, 119, -173, 53, 39, 190, 131, -253, -273, -244, 
-195, -43, 151, 119, -173, 53, 34, 185, 131, -253, -273, -244, 
-195, -43, 151, 119, -173, 53, 34, 185, 131, -253, -273, -244, 
-195, -39, 156, 117, -175, 58, 34, 185, 131, -253, -273, -239, 
-190, -24, 165, 107, -178, 70, 34, 180, 146, -253, -268, -244, 
-190, -24, 165, 107, -178, 70, 34, 180, 146, -244, -268, -234, 
-190, -24, 165, 107, -178, 70, 34, 180, 146, -244, -268, -234, 
-190, -24, 165, 107, -178, 70, 29, 180, 151, -244, -263, -234, 
-185, -19, 165, 102, -175, 73, 29, 190, 141, -253, -253, -224, 
-185, -19, 165, 102, -175, 73, 24, 190, 141, -244, -253, -224, 
-185, -19, 165, 102, -175, 73, 24, 190, 146, -244, -248, -219, 
-185, -19, 165, 102, -175, 73, 24, 190, 146, -239, -244, -214, 
-190, -9, 180, 100, -185, 85, 29, 190, 151, -239, -244, -214, 
-190, -4, 185, 97, -187, 90, 24, 190, 156, -234, -244, -214, 
-190, 4, 195, 92, -192, 100, 24, 190, 156, -229, -234, -214, 
-190, 9, 200, 90, -195, 104, 24, 190, 156, -229, -229, -209, 
-180, 9, 190, 85, -185, 100, 24, 190, 156, -229, -224, -209, 
-175, 9, 185, 82, -180, 97, 19, 190, 156, -229, -224, -209, 
-175, 19, 195, 78, -185, 107, 19, 190, 165, -219, -219, -204, 
-170, 19, 190, 75, -180, 104, 19, 190, 165, -219, -214, -204, 
-170, 19, 190, 75, -180, 104, 9, 190, 165, -219, -214, -200, 
-170, 19, 190, 75, -180, 104, 4, 190, 165, -209, -209, -190, 
-170, 29, 200, 70, -185, 114, 4, 190, 170, -204, -204, -175, 
-170, 29, 200, 70, -185, 114, 4, 190, 170, -200, -200, -170, 
-170, 29, 200, 70, -185, 114, 4, 190, 175, -200, -204, -175, 
-165, 34, 200, 65, -183, 117, 4, 190, 175, -195, -204, -170, 
-165, 39, 204, 63, -185, 122, 4, 190, 175, -190, -195, -165, 
-165, 39, 204, 63, -185, 122, 4, 190, 180, -185, -190, -161, 
-165, 43, 209, 61, -187, 126, 4, 190, 175, -180, -180, -146, 
-165, 48, 214, 58, -190, 131, 0, 190, 175, -180, -175, -141, 
-161, 53, 214, 53, -187, 134, 0, 190, 180, -175, -170, -141, 
-161, 58, 219, 51, -190, 139, 0, 190, 180, -170, -165, -136, 
-156, 63, 219, 46, -187, 141, 0, 190, 190, -156, -161, -141, 
-156, 63, 219, 46, -187, 141, 0, 190, 200, -151, -151, -136, 
-151, 68, 219, 41, -185, 143, -4, 190, 204, -141, -141, -126, 
-146, 73, 219, 36, -183, 146, -14, 190, 204, -141, -136, -122, 
-136, 78, 214, 29, -175, 146, -14, 190, 195, -141, -141, -112, 
-131, 87, 219, 21, -175, 153, -19, 190, 204, -136, -131, -102, 
-131, 97, 229, 17, -180, 163, -24, 190, 209, -131, -126, -97, 
-126, 117, 244, 4, -185, 180, -24, 190, 214, -126, -122, -92, 
-126, 117, 244, 4, -185, 180, -34, 195, 219, -126, -107, -82, 
-122, 126, 248, -2, -185, 187, -34, 195, 224, -117, -97, -78, 
-117, 131, 248, -7, -183, 190, -43, 190, 229, -112, -82, -68, 
-112, 136, 248, -12, -180, 192, -48, 190, 234, -107, -73, -53, 
-117, 141, 258, -12, -187, 200, -39, 190, 248, -82, -68, -48, 
-112, 146, 258, -17, -185, 202, -43, 195, 258, -73, -58, -39, 
-112, 151, 263, -19, -187, 207, -48, 195, 263, -63, -48, -29, 
-107, 170, 278, -31, -192, 224, -48, 195, 263, -58, -39, -19, 
-102, 161, 263, -29, -183, 212, -53, 200, 263, -48, -29, 0, 
-97, 170, 268, -36, -183, 219, -58, 200, 268, -39, -14, 9, 
-92, 185, 278, -46, -185, 231, -63, 200, 278, -29, 0, 19, 
-87, 190, 278, -51, -183, 234, -68, 200, 287, -14, 4, 39, 
-87, 209, 297, -61, -192, 253, -73, 209, 292, -14, 19, 43, 
-82, 219, 302, -68, -192, 261, -78, 209, 307, -4, 39, 53, 
-78, 229, 307, -75, -192, 268, -87, 204, 307, 4, 43, 68, 
-68, 239, 307, -85, -187, 273, -92, 204, 312, 14, 53, 82, 
-63, 253, 317, -95, -190, 285, -97, 200, 317, 39, 68, 107, 
-58, 263, 322, -102, -190, 292, -102, 200, 326, 58, 87, 122, 
-53, 268, 322, -107, -187, 295, -107, 200, 336, 73, 107, 141, 
-48, 283, 331, -117, -190, 307, -112, 200, 346, 82, 122, 156, 
-29, 307, 336, -139, -183, 322, -122, 200, 356, 87, 146, 161, 
-29, 312, 341, -141, -185, 326, -131, 200, 361, 102, 165, 180, 
-24, 322, 346, -148, -185, 334, -146, 200, 370, 117, 180, 200, 
-14, 341, 356, -163, -185, 348, -146, 200, 380, 131, 190, 214, 
-14, 356, 370, -170, -192, 363, -141, 209, 390, 156, 209, 239, 
-9, 370, 380, -180, -195, 375, -151, 209, 395, 170, 224, 258, 
0, 375, 375, -187, -187, 375, -161, 200, 400, 185, 239, 273, 
14, 395, 380, -204, -183, 387, -170, 200, 405, 200, 258, 292, 
24, 419, 395, -222, -185, 407, -190, 190, 400, 209, 273, 297, 
34, 429, 395, -231, -180, 412, -200, 190, 414, 219, 292, 317, 
39, 444, 405, -241, -183, 424, -209, 185, 414, 229, 312, 336, 
53, 458, 405, -256, -175, 431, -219, 180, 429, 239, 331, 356, 
43, 468, 424, -256, -190, 446, -219, 185, 444, 258, 351, 380, 
48, 483, 434, -265, -192, 458, -224, 180, 453, 278, 370, 400, 
58, 497, 439, -278, -190, 468, -234, 175, 458, 297, 390, 419, 
63, 512, 448, -287, -192, 480, -244, 175, 463, 312, 400, 439, 
63, 522, 458, -292, -197, 490, -239, 180, 468, 326, 414, 453, 
68, 527, 458, -297, -195, 492, -253, 175, 473, 341, 434, 478, 
78, 531, 453, -305, -187, 492, -258, 170, 478, 351, 453, 492, 
82, 536, 453, -309, -185, 495, -273, 165, 478, 361, 473, 512, 
92, 561, 468, -326, -187, 514, -283, 146, 492, 370, 488, 527, 
97, 566, 468, -331, -185, 517, -287, 141, 492, 370, 497, 531, 
97, 575, 478, -336, -190, 527, -297, 131, 488, 370, 497, 536, 
97, 590, 492, -344, -197, 541, -297, 117, 483, 370, 497, 546, 
92, 600, 507, -346, -207, 553, -297, 117, 488, 370, 507, 556, 
92, 600, 507, -346, -207, 553, -302, 117, 488, 366, 502, 551, 
87, 600, 512, -344, -212, 556, -302, 112, 478, 370, 502, 541, 
82, 595, 512, -339, -214, 553, -302, 107, 468, 361, 483, 531, 
78, 590, 512, -334, -217, 551, -297, 87, 458, 351, 478, 522, 
63, 570, 507, -317, -222, 539, -292, 87, 453, 331, 458, 502, 
48, 561, 512, -305, -231, 536, -287, 78, 434, 302, 434, 483, 
39, 536, 497, -287, -229, 517, -273, 78, 419, 283, 409, 463, 
34, 527, 492, -280, -229, 509, -273, 68, 405, 258, 385, 434, 
19, 507, 488, -263, -234, 497, -258, 68, 395, 229, 351, 405, 
4, 488, 483, -246, -239, 485, -244, 68, 380, 204, 326, 370, 
-9, 463, 473, -226, -241, 468, -229, 68, 370, 180, 292, 341, 
-9, 439, 448, -214, -229, 444, -224, 73, 361, 161, 268, 312, 
-24, 419, 444, -197, -234, 431, -214, 68, 341, 131, 234, 278, 
-39, 390, 429, -175, -234, 409, -200, 68, 322, 97, 200, 248, 
-58, 370, 429, -156, -244, 400, -180, 73, 307, 68, 165, 204, 
-68, 341, 409, -136, -239, 375, -165, 78, 292, 48, 141, 170, 
-82, 312, 395, -114, -239, 353, -151, 78, 278, 19, 107, 136, 
-102, 283, 385, -90, -244, 334, -136, 87, 268, -9, 78, 102, 
-112, 253, 366, -70, -239, 309, -122, 92, 258, -34, 48, 78, 
-126, 214, 341, -43, -234, 278, -92, 97, 239, -53, 19, 53, 
-131, 195, 326, -31, -229, 261, -78, 97, 219, -78, -14, 19, 
-141, 175, 317, -17, -229, 246, -63, 92, 204, -102, -43, -14, 
-146, 156, 302, -4, -224, 229, -53, 92, 185, -131, -78, -43, 
-165, 131, 297, 17, -231, 214, -34, 107, 180, -146, -92, -63, 
-170, 117, 287, 26, -229, 202, -24, 117, 170, -165, -112, -82, 
-180, 97, 278, 41, -229, 187, -19, 122, 161, -185, -136, -102, 
-190, 82, 273, 53, -231, 178, -4, 126, 151, -200, -161, -126, 
-200, 53, 253, 73, -226, 153, 14, 136, 141, -219, -190, -146, 
-209, 34, 244, 87, -226, 139, 24, 136, 131, -234, -204, -170, 
-214, 24, 239, 95, -226, 131, 29, 136, 122, -248, -214, -185, 
-219, 14, 234, 102, -226, 124, 29, 136, 107, -253, -214, -195, 
-229, 0, 229, 114, -229, 114, 48, 146, 117, -268, -229, -214, 
-229, -9, 219, 119, -224, 104, 48, 146, 102, -278, -239, -219, 
-229, -9, 219, 119, -224, 104, 53, 151, 97, -287, -253, -229, 
-234, -19, 214, 126, -224, 97, 58, 151, 92, -297, -268, -244, 
-239, -34, 204, 136, -222, 85, 73, 151, 82, -297, -273, -253, 
-244, -43, 200, 143, -222, 78, 73, 156, 73, -307, -283, -258, 
-248, -53, 195, 151, -222, 70, 73, 156, 73, -312, -287, -268, 
-248, -58, 190, 153, -219, 65, 78, 156, 78, -312, -297, -273, 
-248, -63, 185, 156, -217, 61, 82, 165, 68, -331, -302, -273, 
-248, -63, 185, 156, -217, 61, 87, 165, 63, -331, -307, -273, 
-248, -68, 180, 158, -214, 56, 92, 165, 63, -331, -312, -278, 
-248, -68, 180, 158, -214, 56, 92, 165, 63, -331, -317, -278, 
-253, -73, 180, 163, -217, 53, 97, 165, 58, -346, -312, -287, 
-253, -73, 180, 163, -217, 53, 97, 165, 48, -346, -317, -292, 
-253, -78, 175, 165, -214, 48, 102, 165, 48, -346, -317, -297, 
-253, -82, 170, 168, -212, 43, 102, 175, 53, -346, -317, -302, 
-253, -92, 161, 173, -207, 34, 102, 175, 53, -346, -317, -307, 
-253, -92, 161, 173, -207, 34, 102, 175, 53, -346, -317, -307, 
-253, -92, 161, 173, -207, 34, 102, 175, 53, -346, -317, -302, 
-253, -92, 161, 173, -207, 34, 102, 180, 53, -346, -317, -302, 
-263, -92, 170, 178, -217, 39, 102, 180, 53, -346, -317, -302, 
-263, -92, 170, 178, -217, 39, 107, 180, 53, -346, -317, -302, 
-268, -92, 175, 180, -222, 41, 107, 175, 53, -346, -317, -302, 
-268, -92, 175, 180, -222, 41, 107, 175, 53, -346, -317, -302, 
-258, -92, 165, 175, -212, 36, 117, 185, 53, -351, -326, -302, 
-258, -92, 165, 175, -212, 36, 117, 185, 48, -351, -326, -307, 
-258, -92, 165, 175, -212, 36, 117, 185, 48, -351, -322, -307, 
-258, -92, 165, 175, -212, 36, 117, 185, 48, -351, -322, -307, 
-268, -102, 165, 185, -217, 31, 117, 185, 48, -351, -331, -312, 
-268, -102, 165, 185, -217, 31, 112, 185, 48, -351, -336, -312, 
-268, -102, 165, 185, -217, 31, 112, 185, 48, -351, -336, -312, 
-268, -102, 165, 185, -217, 31, 112, 185, 48, -351, -331, -312, 
-268, -92, 175, 180, -222, 41, 112, 185, 48, -351, -331, -312, 
-263, -92, 170, 178, -217, 39, 112, 190, 48, -356, -331, -317, 
-263, -92, 170, 178, -217, 39, 112, 190, 48, -356, -331, -317, 
-268, -92, 175, 180, -222, 41, 112, 190, 48, -356, -331, -317, 
-258, -92, 165, 175, -212, 36, 122, 190, 53, -346, -331, -312, 
-258, -97, 161, 178, -209, 31, 122, 190, 53, -346, -326, -312, 
-258, -97, 161, 178, -209, 31, 122, 190, 53, -346, -326, -312, 
-258, -97, 161, 178, -209, 31, 122, 190, 53, -346, -326, -312, 
-248, -97, 151, 173, -200, 26, 122, 200, 63, -341, -317, -307, 
-248, -97, 151, 173, -200, 26, 122, 200, 63, -341, -317, -307, 
-248, -97, 151, 173, -200, 26, 122, 200, 63, -341, -317, -307, 
-248, -97, 151, 173, -200, 26, 122, 200, 63, -341, -317, -302, 
-253, -102, 151, 178, -202, 24, 131, 200, 63, -341, -317, -312, 
-258, -107, 151, 183, -204, 21, 131, 204, 63, -336, -317, -312, 
-263, -112, 151, 187, -207, 19, 126, 204, 63, -336, -317, -317, 
-268, -117, 151, 192, -209, 17, 126, 204, 63, -336, -317, -317, 
-268, -107, 161, 187, -214, 26, 117, 204, 63, -346, -326, -326, 
-263, -102, 161, 183, -212, 29, 117, 204, 63, -346, -326, -326, 
-263, -102, 161, 183, -212, 29, 117, 204, 63, -346, -326, -326, 
-263, -102, 161, 183, -212, 29, 122, 204, 63, -346, -326, -322, 
-263, -102, 161, 183, -212, 29, 122, 204, 63, -346, -326, -322, 
-263, -102, 161, 183, -212, 29, 122, 204, 63, -346, -326, -322, 
-263, -102, 161, 183, -212, 29, 117, 204, 63, -346, -326, -322, 
-263, -102, 161, 183, -212, 29, 117, 204, 63, -346, -326, -322, 
-263, -112, 151, 187, -207, 19, 126, 214, 73, -336, -317, -322, 
-263, -112, 151, 187, -207, 19, 126, 209, 73, -336, -317, -317, 
-263, -112, 151, 187, -207, 19, 126, 209, 73, -336, -317, -312, 
-263, -112, 151, 187, -207, 19, 126, 209, 78, -336, -317, -307, 
-263, -102, 161, 183, -212, 29, 126, 209, 68, -336, -317, -317, 
-263, -102, 161, 183, -212, 29, 126, 209, 68, -336, -317, -317, 
-263, -102, 161, 183, -212, 29, 126, 209, 68, -341, -317, -317, 
-263, -102, 161, 183, -212, 29, 126, 209, 68, -341, -317, -317, 
-263, -92, 170, 178, -217, 39, 117, 209, 58, -341, -317, -317, 
-263, -92, 170, 178, -217, 39, 122, 209, 58, -341, -317, -317, 
-263, -92, 170, 178, -217, 39, 122, 209, 58, -341, -317, -317, 
-263, -92, 170, 178, -217, 39, 122, 209, 58, -341, -317, -312, 
-253, -92, 161, 173, -207, 34, 122, 209, 58, -341, -322, -312, 
-253, -92, 161, 173, -207, 34, 122, 209, 58, -346, -322, -317, 
-253, -92, 161, 173, -207, 34, 122, 209, 58, -346, -322, -317, 
-253, -92, 161, 173, -207, 34, 122, 209, 53, -346, -322, -317, 
-253, -102, 151, 178, -202, 24, 122, 209, 63, -346, -322, -317, 
-253, -102, 151, 178, -202, 24, 122, 209, 63, -346, -322, -317, 
-253, -102, 151, 178, -202, 24, 122, 209, 63, -346, -322, -317, 
-253, -102, 151, 178, -202, 24, 122, 209, 58, -351, -322, -317, 
-263, -102, 161, 183, -212, 29, 131, 200, 58, -341, -322, -317, 
-263, -102, 161, 183, -212, 29, 131, 200, 53, -341, -326, -317, 
-263, -102, 161, 183, -212, 29, 131, 200, 53, -341, -326, -317, 
-263, -107, 156, 185, -209, 24, 131, 200, 53, -341, -326, -317, 
-263, -107, 156, 185, -209, 24, 122, 209, 58, -341, -317, -317, 
-263, -102, 161, 183, -212, 29, 122, 209, 58, -346, -317, -317, 
-263, -102, 161, 183, -212, 29, 122, 209, 63, -346, -317, -322, 
-263, -102, 161, 183, -212, 29, 122, 209, 63, -346, -317, -326, 
-253, -107, 146, 180, -200, 19, 122, 209, 53, -346, -317, -326, 
-253, -107, 146, 180, -200, 19, 122, 209, 53, -346, -317, -326, 
-253, -107, 146, 180, -200, 19, 122, 209, 53, -346, -317, -326, 
-253, -107, 146, 180, -200, 19, 122, 209, 48, -346, -317, -326, 
-258, -107, 151, 183, -204, 21, 122, 200, 48, -346, -326, -326, 
-258, -107, 151, 183, -204, 21, 122, 200, 53, -351, -326, -326, 
-253, -112, 141, 183, -197, 14, 122, 200, 53, -351, -326, -322, 
-253, -112, 141, 183, -197, 14, 122, 200, 43, -351, -326, -322, 
-258, -112, 146, 185, -202, 17, 122, 209, 53, -361, -322, -322, 
-258, -112, 146, 185, -202, 17, 122, 209, 53, -361, -322, -326, 
-253, -107, 146, 180, -200, 19, 122, 209, 53, -361, -322, -326, 
-253, -107, 146, 180, -200, 19, 122, 204, 48, -366, -326, -331, 
-263, -112, 151, 187, -207, 19, 122, 204, 48, -356, -326, -331, 
-263, -112, 151, 187, -207, 19, 122, 204, 48, -356, -326, -331, 
-263, -107, 156, 185, -209, 24, 122, 204, 48, -356, -326, -331, 
-263, -107, 156, 185, -209, 24, 122, 204, 48, -361, -331, -331, 
-258, -107, 151, 183, -204, 21, 122, 204, 43, -361, -322, -331, 
-258, -107, 151, 183, -204, 21, 122, 204, 43, -361, -322, -331, 
-258, -112, 146, 185, -202, 17, 122, 204, 39, -361, -322, -331, 
-258, -117, 141, 187, -200, 12, 122, 204, 39, -361, -322, -331, 
-258, -107, 151, 183, -204, 21, 122, 204, 48, -351, -331, -331, 
-258, -107, 151, 183, -204, 21, 122, 204, 48, -356, -331, -331, 
-258, -112, 146, 185, -202, 17, 122, 204, 48, -361, -331, -331, 
-258, -112, 146, 185, -202, 17, 122, 204, 53, -361, -331, -331, 
-258, -112, 146, 185, -202, 17, 131, 214, 53, -361, -331, -331, 
-258, -112, 146, 185, -202, 17, 131, 209, 48, -361, -331, -331, 
-258, -112, 146, 185, -202, 17, 131, 209, 48, -361, -331, -331, 
-258, -112, 146, 185, -202, 17, 131, 214, 48, -356, -331, -331, 
-258, -107, 151, 183, -204, 21, 126, 204, 39, -356, -331, -331, 
-258, -107, 151, 183, -204, 21, 126, 204, 39, -361, -331, -331, 
-258, -107, 151, 183, -204, 21, 122, 204, 39, -370, -331, -331, 
-258, -107, 151, 183, -204, 21, 122, 204, 39, -361, -331, -331, 
-253, -107, 146, 180, -200, 19, 131, 214, 48, -361, -322, -331, 
-253, -107, 146, 180, -200, 19, 131, 214, 39, -366, -326, -336, 
-253, -107, 146, 180, -200, 19, 131, 209, 34, -366, -331, -336, 
-253, -107, 146, 180, -200, 19, 131, 209, 34, -370, -331, -336, 
-258, -117, 141, 187, -200, 12, 131, 219, 43, -370, -326, -331, 
-258, -117, 141, 187, -200, 12, 131, 219, 43, -370, -326, -331, 
-258, -117, 141, 187, -200, 12, 131, 224, 43, -370, -326, -331, 
-258, -117, 141, 187, -200, 12, 131, 224, 43, -370, -326, -331, 
-258, -117, 141, 187, -200, 12, 131, 224, 34, -366, -326, -331, 
-258, -117, 141, 187, -200, 12, 131, 219, 34, -366, -326, -331, 
-258, -117, 141, 187, -200, 12, 131, 219, 34, -366, -331, -331, 
-258, -117, 141, 187, -200, 12, 131, 219, 39, -366, -331, -331, 
-258, -117, 141, 187, -200, 12, 131, 219, 39, -356, -317, -331, 
-258, -122, 136, 190, -197, 7, 131, 219, 39, -366, -317, -331, 
-258, -122, 136, 190, -197, 7, 131, 214, 39, -366, -322, -331, 
-258, -122, 136, 190, -197, 7, 131, 214, 39, -366, -322, -336, 
-263, -122, 141, 192, -202, 9, 131, 214, 39, -361, -331, -336, 
-263, -122, 141, 192, -202, 9, 131, 214, 39, -361, -331, -336, 
-268, -117, 151, 192, -209, 17, 131, 214, 39, -361, -326, -336, 
-268, -117, 151, 192, -209, 17, 131, 214, 39, -361, -326, -336, 
-258, -117, 141, 187, -200, 12, 131, 224, 39, -361, -326, -336, 
-253, -122, 131, 187, -192, 4, 131, 224, 39, -361, -326, -336, 
-253, -122, 131, 187, -192, 4, 131, 224, 39, -361, -326, -341, 
-253, -122, 131, 187, -192, 4, 131, 224, 39, -361, -326, -341, 
-253, -122, 131, 187, -192, 4, 131, 224, 39, -366, -317, -326, 
-258, -122, 136, 190, -197, 7, 131, 224, 39, -366, -317, -326, 
-258, -122, 136, 190, -197, 7, 131, 224, 39, -366, -317, -336, 
-258, -122, 136, 190, -197, 7, 131, 224, 34, -366, -317, -336, 
-258, -112, 146, 185, -202, 17, 131, 214, 24, -366, -326, -341, 
-258, -112, 146, 185, -202, 17, 131, 214, 24, -366, -326, -341, 
-258, -112, 146, 185, -202, 17, 131, 219, 29, -366, -326, -341, 
-258, -112, 146, 185, -202, 17, 131, 219, 29, -366, -326, -341, 
-258, -112, 146, 185, -202, 17, 136, 224, 29, -366, -326, -331, 
-258, -112, 146, 185, -202, 17, 136, 219, 29, -366, -326, -331, 
-258, -112, 146, 185, -202, 17, 136, 219, 29, -370, -331, -331, 
-258, -112, 146, 185, -202, 17, 136, 219, 29, -370, -331, -331, 
-258, -112, 146, 185, -202, 17, 136, 219, 29, -370, -322, -331, 
-258, -112, 146, 185, -202, 17, 136, 224, 24, -370, -322, -331, 
-258, -112, 146, 185, -202, 17, 136, 224, 24, -370, -317, -331, 
-258, -112, 146, 185, -202, 17, 136, 219, 24, -370, -317, -331, 
-258, -112, 146, 185, -202, 17, 136, 219, 24, -370, -326, -341, 
-258, -112, 146, 185, -202, 17, 136, 224, 24, -366, -326, -341, 
-258, -112, 146, 185, -202, 17, 136, 224, 24, -366, -326, -346, 
-258, -112, 146, 185, -202, 17, 136, 224, 24, -366, -322, -346, 
-258, -112, 146, 185, -202, 17, 131, 224, 24, -366, -312, -346, 
-258, -112, 146, 185, -202, 17, 131, 224, 24, -366, -317, -346, 
-258, -112, 146, 185, -202, 17, 136, 224, 24, -370, -317, -346, 
-258, -112, 146, 185, -202, 17, 136, 224, 24, -370, -317, -346, 
-258, -112, 146, 185, -202, 17, 146, 224, 34, -366, -317, -336, 
-258, -117, 141, 187, -200, 12, 146, 219, 39, -366, -317, -336, 
-258, -117, 141, 187, -200, 12, 146, 219, 39, -366, -317, -336, 
-253, -117, 136, 185, -195, 9, 146, 224, 39, -366, -317, -336, 
-263, -102, 161, 183, -212, 29, 151, 234, 34, -375, -322, -341, 
-263, -107, 156, 185, -209, 24, 141, 224, 29, -375, -326, -336, 
-263, -107, 156, 185, -209, 24, 146, 224, 29, -361, -322, -341, 
-263, -107, 156, 185, -209, 24, 136, 224, 29, -370, -322, -341, 
-263, -107, 156, 185, -209, 24, 136, 224, 29, -370, -322, -341, 
-263, -107, 156, 185, -209, 24, 136, 224, 29, -370, -322, -341, 
-263, -107, 156, 185, -209, 24, 136, 224, 29, -370, -322, -341, 
-263, -117, 146, 190, -204, 14, 146, 234, 29, -361, -322, -341, 
-263, -117, 146, 190, -204, 14, 146, 234, 29, -361, -322, -341, 
-263, -117, 146, 190, -204, 14, 146, 234, 29, -361, -322, -341, 
-263, -117, 146, 190, -204, 14, 146, 234, 29, -361, -322, -341, 
-263, -117, 146, 190, -204, 14, 146, 234, 29, -361, -312, -341, 
-263, -117, 146, 190, -204, 14, 146, 234, 29, -361, -312, -341, 
-263, -117, 146, 190, -204, 14, 146, 234, 29, -361, -312, -341, 
-263, -117, 146, 190, -204, 14, 146, 234, 29, -361, -312, -341, 
-263, -107, 156, 185, -209, 24, 146, 224, 19, -361, -312, -331, 
-263, -107, 156, 185, -209, 24, 146, 224, 19, -361, -312, -331, 
-263, -107, 156, 185, -209, 24, 146, 224, 19, -361, -312, -331, 
-263, -107, 156, 185, -209, 24, 146, 224, 19, -361, -312, -331, 
-253, -107, 146, 180, -200, 19, 146, 234, 29, -361, -302, -331, 
-253, -107, 146, 180, -200, 19, 146, 234, 29, -361, -302, -331, 
-253, -107, 146, 180, -200, 19, 146, 234, 29, -361, -302, -331, 
-253, -107, 146, 180, -200, 19, 146, 234, 29, -361, -302, -331, 
-253, -117, 136, 185, -195, 9, 146, 234, 29, -361, -302, -331, 
-253, -117, 136, 185, -195, 9, 146, 234, 29, -361, -302, -331, 
-253, -117, 136, 185, -195, 9, 146, 234, 29, -361, -302, -331, 
-253, -117, 136, 185, -195, 9, 146, 234, 29, -361, -302, -331, 
-253, -117, 136, 185, -195, 9, 146, 234, 29, -361, -302, -331, 
-253, -117, 136, 185, -195, 9, 146, 234, 29, -361, -302, -331, 
-253, -117, 136, 185, -195, 9, 146, 234, 29, -361, -302, -331, 
-253, -117, 136, 185, -195, 9, 146, 234, 29, -361, -302, -331, 
-263, -117, 146, 190, -204, 14, 146, 234, 29, -361, -302, -331, 
-263, -117, 146, 190, -204, 14, 146, 234, 29, -361, -302, -331, 
-263, -117, 146, 190, -204, 14, 146, 234, 29, -361, -302, -331, 
-263, -117, 146, 190, -204, 14, 146, 234, 29, -361, -302, -331, 
-263, -117, 146, 190, -204, 14, 146, 234, 29, -370, -302, -331, 
-263, -117, 146, 190, -204, 14, 146, 234, 29, -370, -302, -331, 
-263, -117, 146, 190, -204, 14, 146, 234, 29, -370, -302, -331, 
-263, -117, 146, 190, -204, 14, 146, 234, 29, -370, -302, -331, 
-263, -107, 156, 185, -209, 24, 146, 234, 29, -370, -302, -331, 
-263, -107, 156, 185, -209, 24, 146, 234, 29, -370, -302, -331, 
-263, -107, 156, 185, -209, 24, 146, 234, 29, -370, -302, -331, 
-263, -107, 156, 185, -209, 24, 146, 234, 29, -370, -302, -331, 
-263, -107, 156, 185, -209, 24, 146, 234, 29, -370, -292, -331, 
-263, -107, 156, 185, -209, 24, 146, 234, 29, -370, -292, -331, 
-263, -107, 156, 185, -209, 24, 146, 234, 29, -370, -292, -331, 
-263, -107, 156, 185, -209, 24, 146, 234, 29, -370, -292, -331, 
-263, -117, 146, 190, -204, 14, 156, 234, 29, -361, -292, -322, 
-263, -117, 146, 190, -204, 14, 156, 234, 29, -361, -292, -322, 
-263, -117, 146, 190, -204, 14, 156, 234, 29, -361, -292, -322, 
-263, -117, 146, 190, -204, 14, 156, 234, 29, -361, -292, -322, 
-263, -117, 146, 190, -204, 14, 146, 224, 29, -361, -292, -331, 
-263, -117, 146, 190, -204, 14, 146, 224, 29, -361, -292, -331, 
-263, -117, 146, 190, -204, 14, 146, 224, 29, -361, -292, -331, 
-263, -117, 146, 190, -204, 14, 146, 224, 29, -361, -292, -331, 
-263, -117, 146, 190, -204, 14, 146, 234, 19, -361, -292, -341, 
-263, -117, 146, 190, -204, 14, 146, 234, 19, -361, -292, -341, 
-263, -117, 146, 190, -204, 14, 146, 234, 19, -361, -292, -341, 
-263, -117, 146, 190, -204, 14, 146, 234, 19, -361, -292, -341, 
-263, -107, 156, 185, -209, 24, 146, 234, 19, -361, -302, -341, 
-263, -107, 156, 185, -209, 24, 146, 234, 19, -361, -302, -341, 
-263, -107, 156, 185, -209, 24, 146, 234, 19, -361, -302, -341, 
-263, -107, 156, 185, -209, 24, 146, 234, 19, -361, -302, -341, 
-263, -107, 156, 185, -209, 24, 146, 234, 19, -370, -302, -341, 
-263, -107, 156, 185, -209, 24, 146, 234, 19, -370, -302, -341, 
-263, -107, 156, 185, -209, 24, 146, 234, 19, -370, -302, -341, 
-263, -107, 156, 185, -209, 24, 146, 234, 19, -370, -302, -341, 
-263, -117, 146, 190, -204, 14, 146, 234, 19, -361, -292, -331, 
-263, -117, 146, 190, -204, 14, 146, 234, 19, -361, -292, -331, 
-263, -117, 146, 190, -204, 14, 146, 234, 19, -361, -292, -331, 
-263, -117, 146, 190, -204, 14, 146, 234, 19, -361, -292, -331, 
-273, -117, 156, 195, -214, 19, 146, 234, 29, -361, -292, -331, 
-273, -117, 156, 195, -214, 19, 146, 234, 29, -361, -292, -331, 
-273, -117, 156, 195, -214, 19, 146, 234, 29, -361, -292, -331, 
-273, -117, 156, 195, -214, 19, 146, 234, 29, -361, -292, -331, 
-273, -117, 156, 195, -214, 19, 146, 234, 19, -370, -292, -322, 
-273, -117, 156, 195, -214, 19, 146, 234, 19, -370, -292, -322, 
-273, -117, 156, 195, -214, 19, 146, 234, 19, -370, -292, -322, 
-273, -117, 156, 195, -214, 19, 146, 234, 19, -370, -292, -322, 
-263, -107, 156, 185, -209, 24, 146, 234, 29, -361, -283, -331, 
-263, -107, 156, 185, -209, 24, 146, 234, 29, -361, -283, -331, 
-263, -107, 156, 185, -209, 24, 146, 234, 29, -361, -283, -331, 
-263, -107, 156, 185, -209, 24, 146, 234, 29, -361, -283, -331, 
-263, -102, 161, 183, -212, 29, 156, 244, 39, -356, -273, -326, 
-263, -97, 165, 180, -214, 34, 156, 244, 39, -351, -273, -322, 
-263, -92, 170, 178, -217, 39, 156, 244, 39, -346, -273, -317, 
-263, -87, 175, 175, -219, 43, 156, 244, 39, -341, -273, -312, 
-258, -73, 185, 165, -222, 56, 146, 253, 53, -331, -268, -302, 
-253, -68, 185, 161, -219, 58, 146, 253, 58, -331, -263, -302, 
-248, -63, 185, 156, -217, 61, 146, 253, 63, -331, -258, -302, 
-244, -58, 185, 151, -214, 63, 146, 253, 68, -331, -253, -302, 
-234, -43, 190, 139, -212, 73, 146, 258, 73, -326, -248, -297, 
-234, -39, 195, 136, -214, 78, 146, 263, 78, -322, -244, -292, 
-234, -34, 200, 134, -217, 82, 146, 268, 82, -317, -239, -287, 
-234, -29, 204, 131, -219, 87, 146, 273, 87, -312, -234, -283, 
-234, -19, 214, 126, -224, 97, 156, 283, 97, -302, -224, -273, 
-234, -19, 214, 126, -224, 97, 156, 283, 97, -302, -224, -273, 
-234, -19, 214, 126, -224, 97, 156, 283, 97, -302, -224, -273, 
-234, -19, 214, 126, -224, 97, 156, 283, 97, -302, -224, -273, 
-224, -19, 204, 122, -214, 92, 151, 283, 102, -297, -214, -263, 
-224, -19, 204, 122, -214, 92, 146, 283, 107, -292, -214, -263, 
-224, -19, 204, 122, -214, 92, 141, 283, 112, -287, -214, -263, 
-224, -19, 204, 122, -214, 92, 136, 283, 117, -283, -214, -263, 
-214, -14, 200, 114, -207, 92, 126, 273, 117, -283, -204, -253, 
-214, -9, 204, 112, -209, 97, 117, 263, 117, -283, -204, -253, 
-214, -4, 209, 109, -212, 102, 107, 253, 117, -283, -204, -253, 
-214, 0, 214, 107, -214, 107, 97, 244, 117, -283, -204, -253, 
-214, 9, 224, 102, -219, 117, 82, 229, 107, -292, -214, -253, 
-214, 9, 224, 102, -219, 117, 78, 224, 107, -292, -214, -253, 
-214, 9, 224, 102, -219, 117, 73, 219, 107, -292, -214, -253, 
-214, 9, 224, 102, -219, 117, 68, 214, 107, -292, -214, -253, 
-214, 0, 214, 107, -214, 107, 78, 214, 97, -302, -214, -253, 
-214, 0, 214, 107, -214, 107, 78, 214, 97, -302, -214, -253, 
-214, 0, 214, 107, -214, 107, 78, 214, 97, -302, -214, -253, 
-214, 0, 214, 107, -214, 107, 78, 214, 97, -302, -214, -253, 
-214, -14, 200, 114, -207, 92, 82, 229, 92, -312, -224, -263, 
-214, -19, 195, 117, -204, 87, 87, 234, 87, -312, -224, -263, 
-214, -24, 190, 119, -202, 82, 92, 239, 82, -312, -224, -263, 
-214, -29, 185, 122, -200, 78, 97, 244, 78, -312, -224, -263, 
-204, -39, 165, 122, -185, 63, 107, 234, 68, -322, -234, -273, 
-204, -39, 165, 122, -185, 63, 107, 234, 68, -322, -234, -273, 
-204, -43, 161, 124, -183, 58, 112, 229, 63, -326, -239, -278, 
-209, -53, 156, 131, -183, 51, 112, 229, 58, -326, -248, -287, 
-224, -53, 170, 139, -197, 58, 122, 229, 58, -331, -248, -287, 
-234, -58, 175, 146, -204, 58, 126, 229, 58, -336, -248, -287, 
-248, -73, 175, 161, -212, 51, 131, 234, 58, -336, -253, -297, 
-258, -78, 180, 168, -219, 51, 136, 234, 58, -341, -258, -302, 
-263, -82, 180, 173, -222, 48, 136, 234, 48, -341, -253, -307, 
-273, -92, 180, 183, -226, 43, 141, 234, 48, -346, -258, -312, 
-273, -97, 175, 185, -224, 39, 141, 229, 43, -351, -258, -317, 
-273, -97, 175, 185, -224, 39, 141, 229, 39, -351, -263, -322, 
-263, -92, 170, 178, -217, 39, 141, 229, 39, -356, -263, -312, 
-268, -92, 175, 180, -222, 41, 141, 229, 39, -356, -263, -312, 
-268, -92, 175, 180, -222, 41, 136, 224, 39, -356, -263, -312, 
-268, -92, 175, 180, -222, 41, 136, 224, 39, -356, -258, -312, 
-268, -102, 165, 185, -217, 31, 146, 229, 39, -356, -258, -307, 
-263, -102, 161, 183, -212, 29, 146, 229, 39, -361, -263, -307, 
-263, -107, 156, 185, -209, 24, 146, 224, 39, -361, -268, -317, 
-263, -107, 156, 185, -209, 24, 146, 224, 39, -361, -268, -317, 
-268, -97, 170, 183, -219, 36, 146, 224, 39, -361, -253, -312, 
-268, -97, 170, 183, -219, 36, 146, 229, 39, -361, -253, -312, 
-268, -97, 170, 183, -219, 36, 146, 229, 39, -361, -258, -312, 
-268, -97, 170, 183, -219, 36, 146, 229, 39, -361, -258, -312, 
-273, -107, 165, 190, -219, 29, 141, 229, 39, -361, -258, -312, 
-273, -107, 165, 190, -219, 29, 141, 229, 39, -361, -258, -312, 
-268, -107, 161, 187, -214, 26, 141, 229, 39, -356, -258, -312, 
-268, -107, 161, 187, -214, 26, 146, 229, 39, -356, -258, -312, 
-268, -107, 161, 187, -214, 26, 146, 229, 43, -361, -258, -317, 
-268, -112, 156, 190, -212, 21, 146, 229, 43, -361, -258, -317, 
-273, -112, 161, 192, -217, 24, 141, 229, 43, -361, -258, -312, 
-273, -112, 161, 192, -217, 24, 141, 229, 43, -361, -258, -312, 
-273, -117, 156, 195, -214, 19, 141, 229, 43, -361, -258, -312, 
-273, -117, 156, 195, -214, 19, 146, 224, 43, -361, -258, -312, 
-273, -117, 156, 195, -214, 19, 146, 224, 43, -361, -258, -312, 
-273, -117, 156, 195, -214, 19, 151, 229, 43, -361, -258, -312, 
-273, -112, 161, 192, -217, 24, 151, 239, 43, -356, -258, -312, 
-273, -112, 161, 192, -217, 24, 146, 239, 43, -356, -258, -312, 
-273, -117, 156, 195, -214, 19, 146, 239, 43, -351, -258, -317, 
-278, -117, 161, 197, -219, 21, 146, 239, 39, -351, -258, -317, 
-278, -117, 161, 197, -219, 21, 146, 229, 39, -361, -258, -307, 
-278, -117, 161, 197, -219, 21, 151, 229, 39, -361, -258, -307, 
-278, -117, 161, 197, -219, 21, 151, 229, 39, -361, -258, -307, 
-273, -112, 161, 192, -217, 24, 151, 229, 39, -361, -258, -307, 
-273, -112, 161, 192, -217, 24, 151, 229, 39, -361, -258, -307, 
-278, -112, 165, 195, -222, 26, 151, 229, 39, -361, -258, -307, 
-278, -117, 161, 197, -219, 21, 151, 229, 39, -361, -258, -307, 
-278, -117, 161, 197, -219, 21, 151, 229, 39, -361, -258, -302, 
-268, -117, 151, 192, -209, 17, 141, 229, 39, -361, -258, -312, 
-268, -117, 151, 192, -209, 17, 146, 229, 39, -361, -253, -317, 
-268, -117, 151, 192, -209, 17, 146, 229, 39, -361, -253, -317, 
-268, -117, 151, 192, -209, 17, 141, 229, 39, -361, -258, -317, 
-268, -117, 151, 192, -209, 17, 151, 229, 39, -361, -258, -307, 
-268, -117, 151, 192, -209, 17, 151, 229, 39, -361, -258, -307, 
-268, -117, 151, 192, -209, 17, 151, 229, 39, -361, -258, -307, 
-268, -117, 151, 192, -209, 17, 151, 229, 39, -361, -258, -307, 
-278, -117, 161, 197, -219, 21, 151, 229, 43, -370, -248, -307, 
-278, -117, 161, 197, -219, 21, 151, 229, 43, -370, -248, -307, 
-278, -117, 161, 197, -219, 21, 151, 229, 43, -370, -248, -307, 
-278, -117, 161, 197, -219, 21, 151, 229, 39, -370, -248, -307, 
-278, -117, 161, 197, -219, 21, 151, 229, 39, -361, -248, -307, 
-278, -117, 161, 197, -219, 21, 151, 229, 43, -361, -248, -307, 
-278, -117, 161, 197, -219, 21, 151, 229, 43, -361, -248, -307, 
-278, -117, 161, 197, -219, 21, 151, 229, 43, -361, -253, -307, 
-278, -107, 170, 192, -224, 31, 141, 229, 43, -361, -253, -312, 
-278, -107, 170, 192, -224, 31, 146, 229, 43, -361, -253, -312, 
-278, -107, 170, 192, -224, 31, 146, 229, 43, -361, -253, -312, 
-283, -107, 175, 195, -229, 34, 146, 229, 43, -361, -253, -312, 
-273, -107, 165, 190, -219, 29, 146, 229, 43, -361, -253, -302, 
-268, -107, 161, 187, -214, 26, 146, 229, 43, -361, -253, -302, 
-268, -102, 165, 185, -217, 31, 146, 229, 43, -361, -253, -302, 
-268, -102, 165, 185, -217, 31, 146, 229, 43, -361, -253, -302, 
-278, -102, 175, 190, -226, 36, 156, 229, 43, -361, -253, -312, 
-278, -107, 170, 192, -224, 31, 156, 229, 43, -361, -253, -312, 
-278, -107, 170, 192, -224, 31, 156, 229, 43, -361, -248, -312, 
-283, -107, 175, 195, -229, 34, 156, 229, 43, -361, -248, -312, 
-283, -117, 165, 200, -224, 24, 156, 239, 43, -356, -239, -312, 
-278, -117, 161, 197, -219, 21, 156, 244, 43, -356, -239, -312, 
-278, -117, 161, 197, -219, 21, 156, 244, 43, -361, -244, -312, 
-283, -117, 165, 200, -224, 24, 161, 244, 43, -361, -244, -312, 
-283, -122, 161, 202, -222, 19, 170, 253, 43, -361, -248, -322, 
-283, -131, 151, 207, -217, 9, 175, 268, 53, -361, -253, -326, 
-283, -136, 146, 209, -214, 4, 195, 287, 63, -356, -258, -331, 
-283, -141, 141, 212, -212, 0, 214, 317, 87, -356, -263, -346, 
-278, -156, 122, 217, -200, -17, 229, 346, 107, -351, -278, -370, 
-273, -190, 82, 231, -178, -53, 253, 400, 141, -346, -292, -395, 
-273, -214, 58, 244, -165, -78, 278, 444, 180, -331, -307, -424, 
-258, -209, 48, 234, -153, -80, 283, 468, 209, -312, -307, -439, 
-224, -200, 24, 212, -124, -87, 273, 492, 258, -278, -283, -434, 
-185, -170, 14, 178, -100, -78, 258, 536, 322, -214, -253, -409, 
-136, -102, 34, 119, -85, -34, 234, 575, 414, -126, -185, -351, 
-82, 4, 87, 39, -85, 46, 175, 566, 527, -4, -73, -258, 
-53, 156, 209, -51, -131, 183, 92, 453, 644, 117, 58, -151, 
-53, 302, 356, -124, -204, 329, 4, 297, 688, 180, 151, -43, 
-34, 439, 473, -202, -253, 456, -102, 122, 658, 195, 219, 63, 
9, 580, 570, -295, -280, 575, -229, -68, 610, 234, 341, 209, 
24, 761, 736, -392, -356, 749, -390, -302, 541, 297, 497, 400, 
24, 936, 912, -480, -444, 924, -551, -566, 448, 366, 673, 614, 
39, 1107, 1068, -573, -514, 1088, -717, -800, 317, 409, 834, 824, 
53, 1220, 1166, -636, -556, 1193, -854, -1010, 136, 424, 966, 1010, 
34, 1327, 1293, -680, -629, 1310, -951, -1200, -29, 444, 1102, 1185, 
-29, 1517, 1546, -744, -788, 1532, -1063, -1385, -107, 522, 1307, 1415, 
-117, 1747, 1864, -814, -990, 1805, -1151, -1576, -122, 644, 1527, 1654, 
-185, 1908, 2093, -861, -1139, 2000, -1210, -1698, -165, 727, 1693, 1844, 
-204, 1932, 2137, -863, -1171, 2034, -1220, -1693, -224, 771, 1795, 1937, 
-224, 1820, 2044, -797, -1134, 1932, -1151, -1590, -263, 775, 1820, 1952, 
-263, 1644, 1908, -690, -1085, 1776, -1024, -1459, -278, 746, 1781, 1888, 
-312, 1439, 1751, -563, -1032, 1595, -893, -1317, -287, 673, 1698, 1790, 
-341, 1224, 1566, -441, -954, 1395, -771, -1190, -336, 541, 1532, 1629, 
-380, 995, 1376, -307, -878, 1185, -639, -1058, -375, 341, 1278, 1400, 
-395, 771, 1166, -187, -780, 968, -507, -888, -356, 175, 1015, 1137, 
-375, 580, 956, -102, -666, 768, -385, -697, -312, 82, 800, 912, 
-341, 429, 771, -43, -556, 600, -292, -546, -307, -29, 585, 702, 
-331, 326, 658, 2, -495, 492, -219, -395, -317, -180, 341, 473, 
-317, 229, 546, 43, -431, 387, -146, -244, -302, -346, 73, 224, 
-307, 156, 463, 75, -385, 309, -82, -107, -258, -434, -107, 19, 
-297, 126, 424, 85, -361, 275, -58, -29, -180, -385, -97, -48, 
-278, 97, 375, 90, -326, 236, -43, 14, -92, -312, -78, -73, 
-278, 68, 346, 104, -312, 207, -4, 43, -34, -302, -87, -117, 
-258, 43, 302, 107, -280, 173, 14, 82, 19, -268, -73, -107, 
-234, 43, 278, 95, -256, 161, 34, 126, 68, -229, -34, -87, 
-219, 34, 253, 92, -236, 143, 48, 156, 92, -214, -29, -82, 
-224, 29, 253, 97, -239, 141, 82, 180, 102, -200, -29, -92, 
-224, 29, 253, 97, -239, 141, 107, 204, 117, -190, -19, -97, 
-224, 34, 258, 95, -241, 146, 122, 219, 112, -200, -24, -97, 
-224, 34, 258, 95, -241, 146, 122, 229, 112, -219, -48, -112, 
-234, 34, 268, 100, -251, 151, 122, 229, 112, -219, -63, -131, 
-234, 34, 268, 100, -251, 151, 122, 239, 122, -224, -73, -141, 
-234, 24, 258, 104, -246, 141, 112, 229, 126, -234, -82, -161, 
-239, 14, 253, 112, -246, 134, 112, 229, 122, -248, -107, -175, 
-239, 0, 239, 119, -239, 119, 117, 239, 131, -248, -112, -195, 
-239, -14, 224, 126, -231, 104, 122, 244, 136, -253, -117, -204, 
-239, -29, 209, 134, -224, 90, 136, 253, 126, -248, -122, -214, 
-239, -29, 209, 134, -224, 90, 136, 263, 126, -248, -126, -209, 
-239, -34, 204, 136, -222, 85, 136, 273, 126, -248, -126, -209, 
-239, -34, 204, 136, -222, 85, 141, 273, 126, -253, -126, -209, 
-239, -34, 204, 136, -222, 85, 141, 273, 126, -253, -126, -209, 
-229, -24, 204, 126, -217, 90, 141, 273, 131, -253, -131, -209, 
-229, -29, 200, 129, -214, 85, 141, 278, 136, -253, -131, -209, 
-229, -29, 200, 129, -214, 85, 141, 278, 136, -253, -131, -214, 
-229, -29, 200, 129, -214, 85, 141, 278, 141, -253, -131, -219, 
-229, -39, 190, 134, -209, 75, 146, 268, 141, -253, -136, -219, 
-229, -39, 190, 134, -209, 75, 146, 278, 141, -253, -141, -219, 
-229, -39, 190, 134, -209, 75, 151, 283, 146, -253, -141, -219, 
-219, -39, 180, 129, -200, 70, 151, 283, 146, -253, -141, -219, 
-229, -39, 190, 134, -209, 75, 141, 283, 146, -253, -136, -219, 
-229, -39, 190, 134, -209, 75, 141, 283, 146, -253, -136, -219, 
-229, -34, 195, 131, -212, 80, 141, 283, 146, -248, -136, -219, 
-229, -34, 195, 131, -212, 80, 141, 278, 146, -244, -136, -219, 
-219, -43, 175, 131, -197, 65, 141, 287, 146, -253, -136, -219, 
-219, -43, 175, 131, -197, 65, 141, 287, 151, -253, -136, -219, 
-219, -43, 175, 131, -197, 65, 141, 287, 151, -253, -136, -219, 
-219, -39, 180, 129, -200, 70, 141, 287, 151, -253, -136, -219, 
-214, -34, 180, 124, -197, 73, 141, 278, 156, -253, -126, -209, 
-214, -29, 185, 122, -200, 78, 136, 283, 156, -253, -126, -204, 
-214, -24, 190, 119, -202, 82, 136, 283, 156, -253, -122, -204, 
-214, -19, 195, 117, -204, 87, 136, 283, 156, -253, -122, -204, 
-219, -19, 200, 119, -209, 90, 136, 283, 161, -248, -122, -204, 
-219, -14, 204, 117, -212, 95, 136, 283, 161, -248, -122, -204, 
-219, -14, 204, 117, -212, 95, 136, 283, 161, -248, -122, -204, 
-219, -14, 204, 117, -212, 95, 136, 283, 161, -248, -117, -204, 
-209, -14, 195, 112, -202, 90, 131, 283, 165, -244, -117, -200, 
-209, -14, 195, 112, -202, 90, 131, 283, 165, -239, -117, -200, 
-209, -14, 195, 112, -202, 90, 131, 283, 165, -239, -117, -190, 
-209, -14, 195, 112, -202, 90, 131, 283, 170, -234, -112, -190, 
-219, -24, 195, 122, -207, 85, 131, 292, 170, -229, -112, -185, 
-214, -24, 190, 119, -202, 82, 131, 292, 170, -229, -107, -185, 
-214, -19, 195, 117, -204, 87, 131, 292, 170, -224, -102, -180, 
-214, -19, 195, 117, -204, 87, 131, 292, 175, -224, -102, -175, 
-214, -19, 195, 117, -204, 87, 131, 292, 180, -214, -102, -175, 
-214, -14, 200, 114, -207, 92, 126, 292, 180, -209, -97, -175, 
-209, -9, 200, 109, -204, 95, 126, 292, 180, -209, -97, -175, 
-209, -9, 200, 109, -204, 95, 122, 292, 185, -209, -97, -175, 
-209, -4, 204, 107, -207, 100, 122, 287, 185, -219, -87, -165, 
-209, 0, 209, 104, -209, 104, 117, 287, 185, -214, -87, -165, 
-204, 0, 204, 102, -204, 102, 117, 287, 185, -214, -87, -165, 
-204, 0, 204, 102, -204, 102, 117, 287, 190, -214, -87, -161, 
-204, 4, 209, 100, -207, 107, 107, 287, 190, -195, -78, -156, 
-204, 4, 209, 100, -207, 107, 102, 283, 190, -195, -78, -156, 
-204, 4, 209, 100, -207, 107, 102, 283, 190, -195, -78, -156, 
-204, 9, 214, 97, -209, 112, 102, 283, 190, -195, -78, -151, 
-200, 14, 214, 92, -207, 114, 112, 287, 195, -195, -63, -156, 
-200, 14, 214, 92, -207, 114, 112, 287, 195, -185, -63, -146, 
-200, 14, 214, 92, -207, 114, 112, 287, 195, -185, -63, -146, 
-200, 14, 214, 92, -207, 114, 107, 287, 200, -185, -58, -146, 
-195, 19, 214, 87, -204, 117, 107, 287, 209, -195, -39, -136, 
-195, 19, 214, 87, -204, 117, 102, 287, 209, -185, -39, -136, 
-195, 19, 214, 87, -204, 117, 102, 287, 214, -185, -34, -131, 
-195, 19, 214, 87, -204, 117, 102, 287, 214, -180, -29, -126, 
-190, 19, 209, 85, -200, 114, 97, 287, 209, -170, -29, -126, 
-190, 24, 214, 82, -202, 119, 92, 287, 214, -165, -29, -126, 
-190, 34, 224, 78, -207, 129, 92, 287, 214, -161, -19, -126, 
-190, 39, 229, 75, -209, 134, 92, 287, 214, -161, -14, -122, 
-190, 39, 229, 75, -209, 134, 92, 278, 224, -161, -19, -102, 
-185, 39, 224, 73, -204, 131, 87, 278, 224, -161, -19, -102, 
-185, 48, 234, 68, -209, 141, 87, 278, 234, -151, -14, -97, 
-180, 48, 229, 65, -204, 139, 87, 278, 234, -151, -9, -97, 
-180, 48, 229, 65, -204, 139, 87, 278, 234, -151, 0, -87, 
-180, 48, 229, 65, -204, 139, 82, 278, 234, -141, 4, -82, 
-180, 58, 239, 61, -209, 148, 82, 278, 239, -136, 9, -73, 
-180, 58, 239, 61, -209, 148, 82, 278, 239, -131, 14, -73, 
-180, 58, 239, 61, -209, 148, 73, 278, 234, -141, 9, -78, 
-175, 63, 239, 56, -207, 151, 73, 278, 234, -136, 9, -73, 
-175, 68, 244, 53, -209, 156, 73, 278, 234, -131, 19, -68, 
-175, 68, 244, 53, -209, 156, 73, 278, 239, -126, 24, -63, 
-175, 82, 258, 46, -217, 170, 63, 278, 253, -112, 24, -58, 
-175, 87, 263, 43, -219, 175, 58, 278, 253, -112, 29, -53, 
-170, 92, 263, 39, -217, 178, 58, 278, 258, -107, 34, -53, 
-170, 97, 268, 36, -219, 183, 58, 278, 258, -102, 39, -48, 
-165, 92, 258, 36, -212, 175, 58, 278, 258, -97, 43, -43, 
-165, 92, 258, 36, -212, 175, 58, 278, 268, -92, 53, -39, 
-161, 97, 258, 31, -209, 178, 53, 278, 273, -82, 63, -29, 
-156, 102, 258, 26, -207, 180, 43, 278, 273, -82, 68, -24, 
-156, 112, 268, 21, -212, 190, 53, 278, 273, -73, 82, -14, 
-151, 117, 268, 17, -209, 192, 48, 278, 283, -68, 92, -4, 
-151, 122, 273, 14, -212, 197, 43, 278, 287, -63, 97, 0, 
-146, 136, 283, 4, -214, 209, 43, 278, 292, -58, 102, 4, 
-136, 136, 273, 0, -204, 204, 34, 283, 287, -48, 107, 14, 
-131, 146, 278, -7, -204, 212, 34, 283, 292, -39, 117, 19, 
-126, 151, 278, -12, -202, 214, 24, 278, 297, -34, 131, 29, 
-122, 156, 278, -17, -200, 217, 19, 278, 302, -29, 141, 43, 
-117, 161, 278, -21, -197, 219, 19, 278, 307, -14, 146, 58, 
-112, 165, 278, -26, -195, 222, 14, 283, 317, -4, 156, 68, 
-112, 170, 283, -29, -197, 226, 9, 283, 322, 4, 165, 78, 
-107, 190, 297, -41, -202, 244, 9, 283, 322, 9, 175, 87, 
-102, 180, 283, -39, -192, 231, 4, 287, 331, 19, 195, 97, 
-97, 190, 287, -46, -192, 239, 0, 287, 336, 29, 209, 107, 
-92, 204, 297, -56, -195, 251, -4, 287, 346, 39, 224, 117, 
-87, 209, 297, -61, -192, 253, -9, 287, 356, 53, 229, 136, 
-78, 229, 307, -75, -192, 268, -14, 287, 361, 63, 244, 151, 
-73, 239, 312, -82, -192, 275, -19, 287, 375, 73, 263, 161, 
-68, 248, 317, -90, -192, 283, -29, 283, 375, 82, 268, 175, 
-58, 258, 317, -100, -187, 287, -34, 283, 380, 92, 278, 190, 
-53, 263, 317, -104, -185, 290, -39, 287, 385, 107, 292, 204, 
-48, 273, 322, -112, -185, 297, -43, 287, 395, 126, 312, 219, 
-43, 278, 322, -117, -183, 300, -48, 287, 405, 141, 331, 239, 
-39, 292, 331, -126, -185, 312, -53, 287, 414, 151, 346, 253, 
-29, 307, 336, -139, -183, 322, -63, 297, 414, 165, 361, 268, 
-29, 312, 341, -141, -185, 326, -73, 297, 419, 180, 380, 287, 
-24, 322, 346, -148, -185, 334, -87, 297, 429, 195, 395, 307, 
-14, 341, 356, -163, -185, 348, -87, 297, 439, 209, 405, 322, 
-4, 366, 370, -180, -187, 368, -92, 287, 448, 224, 424, 346, 
0, 380, 380, -190, -190, 380, -102, 287, 453, 239, 439, 366, 
9, 385, 375, -197, -183, 380, -112, 278, 458, 253, 453, 380, 
24, 405, 380, -214, -178, 392, -122, 278, 463, 268, 473, 400, 
24, 409, 385, -217, -180, 397, -131, 287, 478, 283, 497, 414, 
34, 419, 385, -226, -175, 402, -141, 287, 492, 297, 517, 434, 
39, 434, 395, -236, -178, 414, -151, 283, 492, 312, 536, 453, 
53, 448, 395, -251, -170, 422, -161, 278, 507, 326, 556, 473, 
63, 458, 395, -261, -165, 427, -170, 263, 507, 331, 575, 488, 
68, 473, 405, -270, -168, 439, -175, 258, 512, 346, 595, 507, 
78, 488, 409, -283, -165, 448, -185, 253, 512, 361, 614, 527, 
82, 502, 419, -292, -168, 461, -195, 253, 512, 370, 624, 546, 
73, 517, 444, -295, -185, 480, -200, 248, 517, 380, 624, 546, 
78, 527, 448, -302, -185, 488, -214, 244, 522, 390, 639, 566, 
87, 536, 448, -312, -180, 492, -219, 239, 527, 395, 653, 575, 
92, 546, 453, -319, -180, 500, -234, 234, 527, 400, 668, 590, 
92, 546, 453, -319, -180, 500, -224, 224, 531, 400, 678, 600, 
97, 546, 448, -322, -175, 497, -229, 219, 531, 400, 683, 600, 
97, 551, 453, -324, -178, 502, -239, 209, 527, 400, 678, 600, 
97, 561, 463, -329, -183, 512, -239, 195, 522, 400, 673, 605, 
92, 551, 458, -322, -183, 505, -248, 180, 507, 390, 663, 590, 
92, 551, 458, -322, -183, 505, -253, 175, 507, 375, 649, 580, 
87, 551, 463, -319, -187, 507, -253, 165, 497, 370, 639, 566, 
82, 546, 463, -314, -190, 505, -253, 156, 488, 351, 610, 551, 
73, 536, 463, -305, -195, 500, -244, 156, 473, 331, 590, 527, 
53, 512, 458, -283, -202, 485, -234, 156, 463, 302, 566, 492, 
34, 497, 463, -265, -214, 480, -224, 146, 439, 263, 536, 458, 
19, 468, 448, -244, -214, 458, -204, 146, 419, 234, 507, 424, 
4, 434, 429, -219, -212, 431, -185, 146, 414, 209, 473, 395, 
-9, 409, 419, -200, -214, 414, -170, 146, 405, 180, 439, 366, 
-24, 385, 409, -180, -217, 397, -156, 146, 390, 156, 414, 331, 
-39, 356, 395, -158, -217, 375, -141, 146, 380, 131, 380, 302, 
-48, 331, 380, -141, -214, 356, -136, 141, 361, 102, 346, 273, 
-63, 312, 375, -124, -219, 344, -126, 136, 341, 73, 312, 239, 
-78, 283, 361, -102, -219, 322, -112, 136, 322, 39, 278, 209, 
-97, 263, 361, -82, -229, 312, -92, 141, 307, 9, 244, 165, 
-107, 244, 351, -68, -229, 297, -78, 156, 292, -9, 219, 141, 
-122, 214, 336, -46, -229, 275, -63, 156, 278, -39, 185, 107, 
-141, 185, 326, -21, -234, 256, -48, 165, 268, -68, 156, 73, 
-151, 156, 307, -2, -229, 231, -34, 170, 258, -92, 126, 48, 
-156, 126, 283, 14, -219, 204, -24, 165, 253, -97, 97, 39, 
-161, 107, 268, 26, -214, 187, -9, 165, 239, -117, 73, 9, 
-170, 87, 258, 41, -214, 173, 4, 161, 229, -136, 53, -19, 
-175, 68, 244, 53, -209, 156, 14, 161, 214, -161, 29, -43, 
-195, 53, 248, 70, -222, 151, 24, 156, 190, -185, 9, -53, 
-200, 39, 239, 80, -219, 139, 34, 165, 180, -204, -4, -73, 
-209, 19, 229, 95, -219, 124, 39, 170, 170, -224, -24, -92, 
-219, 4, 224, 107, -222, 114, 53, 175, 161, -239, -43, -117, 
-219, -14, 204, 117, -212, 95, 63, 185, 165, -244, -58, -131, 
-229, -34, 195, 131, -212, 80, 73, 185, 161, -253, -68, -151, 
-234, -43, 190, 139, -212, 73, 78, 185, 156, -263, -73, -161, 
-239, -53, 185, 146, -212, 65, 78, 185, 146, -263, -68, -165, 
-248, -63, 185, 156, -217, 61, 87, 185, 146, -268, -87, -165, 
-248, -68, 180, 158, -214, 56, 87, 185, 131, -278, -92, -170, 
-248, -63, 185, 156, -217, 61, 92, 190, 126, -287, -102, -180, 
-253, -68, 185, 161, -219, 58, 97, 190, 122, -297, -112, -195, 
-248, -73, 175, 161, -212, 51, 102, 190, 122, -297, -117, -204, 
-253, -82, 170, 168, -212, 43, 102, 195, 112, -307, -126, -209, 
-258, -92, 165, 175, -212, 36, 102, 195, 112, -312, -131, -219, 
-258, -97, 161, 178, -209, 31, 107, 195, 117, -312, -141, -224, 
-268, -102, 165, 185, -217, 31, 102, 185, 107, -322, -141, -214, 
-268, -102, 165, 185, -217, 31, 107, 185, 102, -322, -141, -214, 
-268, -107, 161, 187, -214, 26, 112, 185, 102, -322, -141, -219, 
-268, -107, 161, 187, -214, 26, 112, 185, 102, -322, -141, -219, 
-273, -102, 170, 187, -222, 34, 117, 185, 107, -326, -136, -219, 
-273, -102, 170, 187, -222, 34, 117, 185, 97, -326, -141, -224, 
-273, -107, 165, 190, -219, 29, 122, 185, 97, -326, -141, -229, 
-273, -112, 161, 192, -217, 24, 122, 195, 102, -326, -141, -234, 
-273, -122, 151, 197, -212, 14, 122, 195, 112, -326, -151, -229, 
-273, -122, 151, 197, -212, 14, 122, 195, 112, -326, -151, -229, 
-273, -122, 151, 197, -212, 14, 122, 195, 112, -326, -151, -224, 
-273, -122, 151, 197, -212, 14, 122, 200, 112, -326, -151, -224, 
-273, -122, 151, 197, -212, 14, 122, 200, 102, -326, -141, -234, 
-273, -122, 151, 197, -212, 14, 126, 200, 102, -326, -141, -234, 
-278, -122, 156, 200, -217, 17, 126, 195, 102, -326, -141, -234, 
-278, -122, 156, 200, -217, 17, 126, 195, 102, -326, -141, -234, 
-278, -122, 156, 200, -217, 17, 126, 195, 112, -331, -141, -224, 
-278, -122, 156, 200, -217, 17, 126, 195, 107, -331, -141, -229, 
-278, -122, 156, 200, -217, 17, 126, 195, 107, -331, -136, -229, 
-278, -122, 156, 200, -217, 17, 126, 195, 107, -331, -136, -229, 
-278, -122, 156, 200, -217, 17, 126, 195, 117, -322, -136, -234, 
-278, -122, 156, 200, -217, 17, 122, 195, 117, -322, -141, -234, 
-278, -122, 156, 200, -217, 17, 122, 195, 117, -322, -141, -234, 
-278, -122, 156, 200, -217, 17, 122, 195, 117, -322, -136, -234, 
-278, -122, 156, 200, -217, 17, 122, 195, 117, -322, -136, -224, 
-273, -122, 151, 197, -212, 14, 122, 200, 117, -326, -136, -229, 
-273, -122, 151, 197, -212, 14, 122, 200, 117, -326, -136, -229, 
-278, -122, 156, 200, -217, 17, 122, 200, 117, -326, -136, -229, 
-278, -122, 156, 200, -217, 17, 131, 200, 112, -317, -136, -224, 
-278, -126, 151, 202, -214, 12, 131, 200, 112, -317, -131, -224, 
-278, -126, 151, 202, -214, 12, 131, 200, 112, -317, -131, -224, 
-278, -126, 151, 202, -214, 12, 131, 200, 112, -317, -131, -224, 
-268, -117, 151, 192, -209, 17, 122, 209, 112, -322, -141, -219, 
-268, -117, 151, 192, -209, 17, 122, 209, 112, -322, -141, -219, 
-268, -117, 151, 192, -209, 17, 122, 209, 112, -322, -141, -219, 
-268, -117, 151, 192, -209, 17, 122, 209, 112, -322, -141, -214, 
-268, -117, 151, 192, -209, 17, 131, 209, 112, -322, -131, -224, 
-268, -117, 151, 192, -209, 17, 131, 214, 112, -317, -131, -224, 
-268, -117, 151, 192, -209, 17, 126, 214, 112, -317, -131, -229, 
-268, -117, 151, 192, -209, 17, 126, 214, 112, -317, -131, -229, 
-268, -117, 151, 192, -209, 17, 126, 204, 122, -317, -141, -219, 
-263, -112, 151, 187, -207, 19, 126, 204, 122, -317, -141, -219, 
-263, -112, 151, 187, -207, 19, 126, 204, 122, -317, -141, -219, 
-263, -112, 151, 187, -207, 19, 131, 204, 122, -317, -141, -214, 
-263, -112, 151, 187, -207, 19, 131, 214, 122, -317, -141, -224, 
-263, -112, 151, 187, -207, 19, 131, 214, 122, -317, -141, -224, 
-263, -112, 151, 187, -207, 19, 126, 214, 122, -317, -141, -224, 
-263, -112, 151, 187, -207, 19, 126, 214, 122, -317, -141, -224, 
-263, -122, 141, 192, -202, 9, 126, 214, 122, -326, -131, -229, 
-263, -122, 141, 192, -202, 9, 126, 209, 122, -326, -131, -229, 
-263, -122, 141, 192, -202, 9, 126, 209, 122, -326, -131, -229, 
-263, -122, 141, 192, -202, 9, 126, 209, 126, -326, -131, -229, 
-253, -122, 131, 187, -192, 4, 126, 209, 117, -317, -141, -229, 
-253, -122, 131, 187, -192, 4, 126, 209, 117, -317, -141, -229, 
-253, -122, 131, 187, -192, 4, 126, 209, 117, -322, -141, -229, 
-253, -122, 131, 187, -192, 4, 126, 209, 117, -322, -141, -229, 
-263, -131, 131, 197, -197, 0, 126, 209, 117, -331, -141, -229, 
-263, -131, 131, 197, -197, 0, 131, 209, 117, -331, -141, -229, 
-263, -131, 131, 197, -197, 0, 131, 209, 117, -331, -141, -229, 
-263, -131, 131, 197, -197, 0, 131, 209, 117, -331, -141, -224, 
-253, -122, 131, 187, -192, 4, 131, 209, 117, -331, -146, -224, 
-253, -122, 131, 187, -192, 4, 131, 209, 117, -336, -146, -229, 
-253, -122, 131, 187, -192, 4, 131, 209, 117, -336, -146, -229, 
-253, -122, 131, 187, -192, 4, 131, 209, 112, -336, -146, -229, 
-253, -131, 122, 192, -187, -4, 131, 209, 112, -326, -146, -229, 
-253, -131, 122, 192, -187, -4, 131, 209, 112, -326, -146, -229, 
-253, -131, 122, 192, -187, -4, 131, 209, 112, -326, -146, -229, 
-253, -131, 122, 192, -187, -4, 131, 209, 107, -331, -146, -229, 
-253, -131, 122, 192, -187, -4, 131, 209, 107, -341, -146, -229, 
-253, -131, 122, 192, -187, -4, 131, 209, 102, -341, -151, -229, 
-253, -131, 122, 192, -187, -4, 131, 209, 102, -341, -151, -229, 
-253, -136, 117, 195, -185, -9, 131, 209, 102, -341, -151, -229, 
-253, -136, 117, 195, -185, -9, 131, 209, 97, -331, -151, -239, 
-253, -131, 122, 192, -187, -4, 131, 209, 97, -336, -151, -239, 
-253, -131, 122, 192, -187, -4, 131, 209, 102, -336, -151, -244, 
-253, -131, 122, 192, -187, -4, 131, 209, 102, -336, -151, -248, 
-263, -136, 126, 200, -195, -4, 131, 200, 102, -336, -151, -239, 
-263, -136, 126, 200, -195, -4, 131, 200, 102, -336, -151, -239, 
-263, -136, 126, 200, -195, -4, 131, 200, 102, -336, -151, -239, 
-263, -136, 126, 200, -195, -4, 131, 200, 97, -336, -151, -239, 
-258, -136, 122, 197, -190, -7, 131, 200, 97, -336, -161, -248, 
-258, -136, 122, 197, -190, -7, 131, 200, 102, -341, -161, -248, 
-253, -141, 112, 197, -183, -14, 131, 200, 102, -341, -161, -244, 
-253, -141, 112, 197, -183, -14, 131, 200, 92, -341, -161, -244, 
-258, -141, 117, 200, -187, -12, 131, 200, 102, -341, -156, -244, 
-258, -141, 117, 200, -187, -12, 131, 200, 102, -341, -156, -248, 
-253, -136, 117, 195, -185, -9, 131, 200, 102, -341, -156, -248, 
-253, -136, 117, 195, -185, -9, 131, 195, 97, -346, -161, -253, 
-253, -141, 112, 197, -183, -14, 131, 195, 87, -346, -151, -244, 
-253, -141, 112, 197, -183, -14, 131, 195, 87, -346, -151, -244, 
-253, -136, 117, 195, -185, -9, 131, 195, 87, -346, -151, -244, 
-253, -136, 117, 195, -185, -9, 131, 195, 87, -351, -156, -244, 
-258, -136, 122, 197, -190, -7, 131, 204, 92, -351, -156, -253, 
-258, -136, 122, 197, -190, -7, 131, 204, 92, -351, -156, -253, 
-258, -141, 117, 200, -187, -12, 131, 204, 87, -351, -156, -253, 
-258, -146, 112, 202, -185, -17, 131, 204, 87, -351, -156, -253, 
-268, -136, 131, 202, -200, -2, 131, 204, 87, -351, -165, -253, 
-268, -136, 131, 202, -200, -2, 131, 204, 87, -356, -165, -253, 
-268, -141, 126, 204, -197, -7, 131, 204, 87, -361, -165, -253, 
-268, -141, 126, 204, -197, -7, 131, 204, 92, -361, -165, -253, 
-268, -151, 117, 209, -192, -17, 131, 195, 92, -361, -165, -253, 
-268, -151, 117, 209, -192, -17, 131, 190, 87, -361, -165, -253, 
-268, -151, 117, 209, -192, -17, 131, 190, 87, -361, -165, -253, 
-268, -151, 117, 209, -192, -17, 131, 195, 87, -356, -165, -253, 
-278, -146, 131, 212, -204, -7, 136, 195, 78, -356, -165, -253, 
-278, -146, 131, 212, -204, -7, 136, 195, 78, -361, -165, -253, 
-278, -146, 131, 212, -204, -7, 131, 195, 78, -370, -165, -253, 
-278, -146, 131, 212, -204, -7, 131, 195, 78, -361, -165, -253, 
-263, -146, 117, 204, -190, -14, 131, 195, 87, -370, -165, -253, 
-263, -146, 117, 204, -190, -14, 131, 195, 78, -375, -170, -258, 
-263, -146, 117, 204, -190, -14, 131, 190, 73, -375, -175, -258, 
-263, -146, 117, 204, -190, -14, 131, 190, 73, -380, -175, -258, 
-268, -146, 122, 207, -195, -12, 131, 190, 73, -370, -170, -263, 
-268, -146, 122, 207, -195, -12, 131, 190, 73, -370, -170, -263, 
-268, -146, 122, 207, -195, -12, 131, 195, 73, -370, -170, -263, 
-268, -146, 122, 207, -195, -12, 131, 195, 73, -370, -170, -263, 
-268, -146, 122, 207, -195, -12, 131, 195, 73, -375, -170, -253, 
-268, -146, 122, 207, -195, -12, 131, 190, 73, -375, -170, -253, 
-268, -146, 122, 207, -195, -12, 131, 190, 73, -375, -175, -253, 
-268, -146, 122, 207, -195, -12, 131, 190, 78, -375, -175, -253, 
-268, -156, 112, 212, -190, -21, 131, 200, 78, -366, -170, -253, 
-268, -161, 107, 214, -187, -26, 131, 200, 78, -375, -170, -253, 
-268, -161, 107, 214, -187, -26, 131, 195, 78, -375, -175, -253, 
-268, -161, 107, 214, -187, -26, 131, 195, 78, -375, -175, -258, 
-263, -161, 102, 212, -183, -29, 131, 195, 78, -380, -165, -258, 
-263, -161, 102, 212, -183, -29, 131, 195, 78, -380, -165, -258, 
-268, -156, 112, 212, -190, -21, 131, 195, 78, -380, -161, -258, 
-268, -156, 112, 212, -190, -21, 131, 195, 78, -380, -161, -258, 
-268, -156, 112, 212, -190, -21, 131, 195, 78, -380, -170, -248, 
-263, -161, 102, 212, -183, -29, 131, 195, 78, -380, -170, -248, 
-263, -161, 102, 212, -183, -29, 131, 195, 78, -380, -170, -253, 
-263, -161, 102, 212, -183, -29, 131, 195, 78, -380, -170, -253, 
-263, -161, 102, 212, -183, -29, 131, 195, 68, -375, -170, -239, 
-268, -161, 107, 214, -187, -26, 131, 195, 68, -375, -170, -239, 
-268, -161, 107, 214, -187, -26, 131, 195, 68, -375, -170, -248, 
-268, -161, 107, 214, -187, -26, 131, 195, 63, -375, -170, -248, 
-278, -161, 117, 219, -197, -21, 131, 195, 73, -385, -170, -253, 
-278, -161, 117, 219, -197, -21, 131, 195, 73, -385, -170, -253, 
-278, -161, 117, 219, -197, -21, 131, 200, 78, -385, -170, -253, 
-278, -161, 117, 219, -197, -21, 131, 200, 78, -385, -170, -253, 
-268, -170, 97, 219, -183, -36, 136, 195, 68, -375, -170, -263, 
-268, -170, 97, 219, -183, -36, 136, 190, 68, -375, -170, -263, 
-268, -170, 97, 219, -183, -36, 136, 190, 68, -380, -175, -263, 
-268, -170, 97, 219, -183, -36, 136, 190, 68, -380, -175, -263, 
-268, -170, 97, 219, -183, -36, 136, 190, 78, -380, -175, -263, 
-268, -170, 97, 219, -183, -36, 136, 195, 73, -380, -175, -263, 
-268, -170, 97, 219, -183, -36, 136, 195, 73, -380, -170, -263, 
-268, -170, 97, 219, -183, -36, 136, 190, 73, -380, -170, -263, 
-268, -170, 97, 219, -183, -36, 136, 190, 73, -390, -170, -253, 
-268, -170, 97, 219, -183, -36, 136, 195, 73, -385, -170, -253, 
-268, -170, 97, 219, -183, -36, 136, 195, 73, -385, -170, -258, 
-268, -170, 97, 219, -183, -36, 136, 195, 73, -385, -165, -258, 
-278, -170, 107, 224, -192, -31, 131, 195, 73, -385, -165, -268, 
-278, -170, 107, 224, -192, -31, 131, 195, 73, -385, -170, -268, 
-278, -170, 107, 224, -192, -31, 136, 195, 73, -390, -170, -268, 
-278, -170, 107, 224, -192, -31, 136, 195, 73, -390, -170, -268, 
-268, -170, 97, 219, -183, -36, 146, 195, 63, -385, -180, -268, 
-268, -175, 92, 222, -180, -41, 146, 190, 68, -385, -180, -268, 
-268, -175, 92, 222, -180, -41, 146, 190, 68, -385, -180, -268, 
-263, -175, 87, 219, -175, -43, 146, 195, 68, -385, -180, -268, 
-273, -170, 102, 222, -187, -34, 151, 195, 73, -395, -185, -263, 
-263, -175, 87, 219, -175, -43, 151, 195, 68, -395, -190, -268, 
-273, -175, 97, 224, -185, -39, 146, 195, 68, -390, -185, -263, 
-263, -175, 87, 219, -175, -43, 146, 195, 68, -390, -185, -273, 
-263, -175, 87, 219, -175, -43, 146, 195, 68, -390, -185, -273, 
-263, -175, 87, 219, -175, -43, 146, 195, 68, -390, -185, -273, 
-263, -175, 87, 219, -175, -43, 146, 195, 68, -390, -185, -273, 
-273, -175, 97, 224, -185, -39, 146, 195, 68, -390, -175, -263, 
-273, -175, 97, 224, -185, -39, 146, 195, 68, -390, -175, -263, 
-273, -175, 97, 224, -185, -39, 146, 195, 68, -390, -175, -263, 
-273, -175, 97, 224, -185, -39, 146, 195, 68, -390, -175, -263, 
-273, -165, 107, 219, -190, -29, 146, 195, 68, -400, -175, -273, 
-273, -165, 107, 219, -190, -29, 146, 195, 68, -400, -175, -273, 
-273, -165, 107, 219, -190, -29, 146, 195, 68, -400, -175, -273, 
-273, -165, 107, 219, -190, -29, 146, 195, 68, -400, -175, -273, 
-283, -165, 117, 224, -200, -24, 146, 195, 68, -390, -185, -273, 
-283, -165, 117, 224, -200, -24, 146, 195, 68, -390, -185, -273, 
-283, -165, 117, 224, -200, -24, 146, 195, 68, -390, -185, -273, 
-283, -165, 117, 224, -200, -24, 146, 195, 68, -390, -185, -273, 
-273, -175, 97, 224, -185, -39, 146, 204, 58, -390, -175, -273, 
-273, -175, 97, 224, -185, -39, 146, 204, 58, -390, -175, -273, 
-273, -175, 97, 224, -185, -39, 146, 204, 58, -390, -175, -273, 
-273, -175, 97, 224, -185, -39, 146, 204, 58, -390, -175, -273, 
-273, -175, 97, 224, -185, -39, 156, 195, 68, -390, -175, -273, 
-273, -175, 97, 224, -185, -39, 156, 195, 68, -390, -175, -273, 
-273, -175, 97, 224, -185, -39, 156, 195, 68, -390, -175, -273, 
-273, -175, 97, 224, -185, -39, 156, 195, 68, -390, -175, -273, 
-283, -175, 107, 229, -195, -34, 156, 195, 58, -390, -175, -263, 
-283, -175, 107, 229, -195, -34, 156, 195, 58, -390, -175, -263, 
-283, -175, 107, 229, -195, -34, 156, 195, 58, -390, -175, -263, 
-283, -175, 107, 229, -195, -34, 156, 195, 58, -390, -175, -263, 
-283, -165, 117, 224, -200, -24, 156, 195, 68, -390, -175, -263, 
-283, -165, 117, 224, -200, -24, 156, 195, 68, -390, -175, -263, 
-283, -165, 117, 224, -200, -24, 156, 195, 68, -390, -175, -263, 
-283, -165, 117, 224, -200, -24, 156, 195, 68, -390, -175, -263, 
-283, -165, 117, 224, -200, -24, 156, 195, 58, -390, -185, -273, 
-283, -165, 117, 224, -200, -24, 156, 195, 58, -390, -185, -273, 
-283, -165, 117, 224, -200, -24, 156, 195, 58, -390, -185, -273, 
-283, -165, 117, 224, -200, -24, 156, 195, 58, -390, -185, -273, 
-283, -165, 117, 224, -200, -24, 156, 195, 68, -390, -175, -263, 
-283, -165, 117, 224, -200, -24, 156, 195, 68, -390, -175, -263, 
-283, -165, 117, 224, -200, -24, 156, 195, 68, -390, -175, -263, 
-283, -165, 117, 224, -200, -24, 156, 195, 68, -390, -175, -263, 
-273, -175, 97, 224, -185, -39, 156, 204, 58, -390, -175, -263, 
-273, -175, 97, 224, -185, -39, 156, 204, 58, -390, -175, -263, 
-273, -175, 97, 224, -185, -39, 156, 204, 58, -390, -175, -263, 
-273, -175, 97, 224, -185, -39, 156, 204, 58, -390, -175, -263, 
-283, -175, 107, 229, -195, -34, 156, 204, 68, -390, -175, -263, 
-283, -175, 107, 229, -195, -34, 156, 204, 68, -390, -175, -263, 
-283, -175, 107, 229, -195, -34, 156, 204, 68, -390, -175, -263, 
-283, -175, 107, 229, -195, -34, 156, 204, 68, -390, -175, -263, 
-273, -175, 97, 224, -185, -39, 156, 195, 58, -400, -175, -273, 
-273, -175, 97, 224, -185, -39, 156, 195, 58, -400, -175, -273, 
-273, -175, 97, 224, -185, -39, 156, 195, 58, -400, -175, -273, 
-273, -175, 97, 224, -185, -39, 156, 195, 58, -400, -175, -273, 
-283, -175, 107, 229, -195, -34, 156, 195, 58, -409, -175, -283, 
-283, -175, 107, 229, -195, -34, 156, 195, 58, -409, -175, -283, 
-283, -175, 107, 229, -195, -34, 156, 195, 58, -409, -175, -283, 
-283, -175, 107, 229, -195, -34, 156, 195, 58, -409, -175, -283, 
-283, -165, 117, 224, -200, -24, 156, 195, 58, -400, -175, -273, 
-283, -165, 117, 224, -200, -24, 156, 195, 58, -400, -175, -273, 
-283, -165, 117, 224, -200, -24, 156, 195, 58, -400, -175, -273, 
-283, -165, 117, 224, -200, -24, 156, 195, 58, -400, -175, -273, 
-283, -175, 107, 229, -195, -34, 156, 195, 68, -400, -185, -273, 
-283, -175, 107, 229, -195, -34, 156, 195, 68, -400, -185, -273, 
-283, -175, 107, 229, -195, -34, 156, 195, 68, -400, -185, -273, 
-283, -175, 107, 229, -195, -34, 156, 195, 68, -400, -185, -273, 
-283, -175, 107, 229, -195, -34, 156, 204, 68, -400, -175, -273, 
-283, -175, 107, 229, -195, -34, 156, 204, 68, -400, -175, -273, 
-283, -175, 107, 229, -195, -34, 156, 204, 68, -400, -175, -273, 
-283, -175, 107, 229, -195, -34, 156, 204, 68, -400, -175, -273, 
-273, -185, 87, 229, -180, -48, 156, 204, 68, -400, -175, -273, 
-273, -185, 87, 229, -180, -48, 156, 204, 68, -400, -175, -273, 
-273, -185, 87, 229, -180, -48, 156, 204, 68, -400, -175, -273, 
-273, -185, 87, 229, -180, -48, 156, 204, 68, -400, -175, -273, 
-283, -175, 107, 229, -195, -34, 165, 204, 68, -400, -175, -273, 
-283, -175, 107, 229, -195, -34, 165, 204, 68, -400, -175, -273, 
-283, -175, 107, 229, -195, -34, 165, 204, 68, -400, -175, -273, 
-283, -175, 107, 229, -195, -34, 165, 204, 68, -400, -175, -273, 
-283, -175, 107, 229, -195, -34, 156, 204, 68, -400, -175, -273, 
-283, -175, 107, 229, -195, -34, 156, 204, 68, -400, -175, -273, 
-283, -175, 107, 229, -195, -34, 156, 204, 68, -400, -175, -273, 
-283, -175, 107, 229, -195, -34, 156, 204, 68, -400, -175, -273, 
-273, -165, 107, 219, -190, -29, 156, 204, 68, -390, -165, -273, 
-273, -165, 107, 219, -190, -29, 156, 204, 68, -390, -165, -273, 
-273, -165, 107, 219, -190, -29, 156, 204, 68, -390, -165, -273, 
-273, -165, 107, 219, -190, -29, 156, 204, 68, -390, -165, -273, 
-273, -165, 107, 219, -190, -29, 156, 209, 78, -380, -156, -263, 
-273, -165, 107, 219, -190, -29, 156, 214, 78, -380, -156, -263, 
-273, -165, 107, 219, -190, -29, 156, 219, 78, -380, -156, -263, 
-273, -165, 107, 219, -190, -29, 156, 224, 78, -380, -156, -263, 
-263, -151, 112, 207, -187, -19, 165, 229, 92, -375, -151, -258, 
-263, -146, 117, 204, -190, -14, 165, 234, 97, -370, -146, -253, 
-263, -141, 122, 202, -192, -9, 165, 239, 102, -366, -141, -248, 
-263, -136, 126, 200, -195, -4, 165, 244, 107, -361, -136, -244, 
-253, -122, 131, 187, -192, 4, 165, 253, 122, -356, -131, -234, 
-253, -117, 136, 185, -195, 9, 165, 253, 126, -351, -126, -234, 
-253, -112, 141, 183, -197, 14, 165, 253, 131, -346, -122, -234, 
-253, -107, 146, 180, -200, 19, 165, 253, 136, -341, -117, -234, 
-253, -97, 156, 175, -204, 29, 175, 263, 146, -341, -107, -224, 
-253, -97, 156, 175, -204, 29, 175, 263, 146, -341, -107, -224, 
-253, -97, 156, 175, -204, 29, 175, 263, 146, -341, -107, -224, 
-253, -97, 156, 175, -204, 29, 175, 263, 146, -341, -107, -224, 
-244, -87, 156, 165, -200, 34, 170, 273, 151, -336, -107, -214, 
-244, -87, 156, 165, -200, 34, 165, 273, 156, -331, -107, -214, 
-244, -87, 156, 165, -200, 34, 161, 273, 161, -326, -107, -214, 
-244, -87, 156, 165, -200, 34, 156, 273, 165, -322, -107, -214, 
-234, -78, 156, 156, -195, 39, 136, 263, 165, -322, -97, -214, 
-234, -78, 156, 156, -195, 39, 126, 253, 165, -322, -97, -214, 
-234, -78, 156, 156, -195, 39, 117, 244, 165, -322, -97, -214, 
-234, -78, 156, 156, -195, 39, 107, 234, 165, -322, -97, -214, 
-234, -68, 165, 151, -200, 48, 102, 219, 156, -331, -87, -204, 
-234, -68, 165, 151, -200, 48, 97, 214, 156, -331, -87, -204, 
-234, -68, 165, 151, -200, 48, 92, 209, 156, -331, -87, -204, 
-234, -68, 165, 151, -200, 48, 87, 204, 156, -331, -87, -204, 
-224, -73, 151, 148, -187, 39, 97, 204, 146, -341, -92, -214, 
-224, -78, 146, 151, -185, 34, 97, 204, 146, -341, -97, -214, 
-224, -82, 141, 153, -183, 29, 97, 204, 146, -341, -102, -214, 
-224, -87, 136, 156, -180, 24, 97, 204, 146, -341, -107, -214, 
-224, -102, 122, 163, -173, 9, 102, 209, 131, -351, -117, -219, 
-224, -107, 117, 165, -170, 4, 107, 214, 126, -351, -117, -224, 
-224, -112, 112, 168, -168, 0, 112, 219, 122, -351, -117, -229, 
-224, -117, 107, 170, -165, -4, 117, 224, 117, -351, -117, -234, 
-214, -122, 92, 168, -153, -14, 122, 219, 112, -366, -112, -229, 
-219, -131, 87, 175, -153, -21, 122, 219, 107, -366, -122, -239, 
-229, -131, 97, 180, -163, -17, 131, 219, 107, -370, -122, -239, 
-234, -136, 97, 185, -165, -19, 136, 219, 107, -375, -122, -239, 
-253, -151, 102, 202, -178, -24, 141, 224, 107, -366, -126, -239, 
-258, -156, 102, 207, -180, -26, 146, 224, 107, -370, -131, -244, 
-263, -161, 102, 212, -183, -29, 146, 224, 97, -370, -136, -248, 
-273, -170, 102, 222, -187, -34, 151, 224, 97, -375, -141, -253, 
-283, -185, 97, 234, -190, -43, 161, 219, 92, -380, -141, -248, 
-283, -185, 97, 234, -190, -43, 161, 219, 87, -380, -146, -253, 
-283, -190, 92, 236, -187, -48, 161, 219, 87, -385, -146, -253, 
-287, -190, 97, 239, -192, -46, 161, 219, 87, -385, -146, -253, 
-287, -190, 97, 239, -192, -46, 165, 214, 87, -385, -146, -258, 
-287, -190, 97, 239, -192, -46, 165, 214, 87, -385, -141, -263, 
-287, -190, 97, 239, -192, -46, 165, 219, 87, -385, -141, -263, 
-283, -190, 92, 236, -187, -48, 165, 219, 87, -390, -146, -268, 
-273, -195, 78, 234, -175, -58, 156, 214, 87, -390, -161, -278, 
-273, -195, 78, 234, -175, -58, 156, 214, 87, -390, -161, -278, 
-278, -195, 82, 236, -180, -56, 156, 214, 87, -390, -156, -273, 
-278, -195, 82, 236, -180, -56, 156, 219, 87, -390, -156, -273, 
-287, -195, 92, 241, -190, -51, 165, 219, 78, -390, -161, -273, 
-287, -195, 92, 241, -190, -51, 165, 219, 78, -390, -161, -273, 
-292, -195, 97, 244, -195, -48, 170, 219, 78, -390, -161, -273, 
-292, -195, 97, 244, -195, -48, 170, 219, 78, -390, -161, -273, 
-287, -185, 102, 236, -195, -41, 170, 219, 78, -385, -151, -263, 
-287, -185, 102, 236, -195, -41, 175, 219, 78, -385, -151, -263, 
-287, -185, 102, 236, -195, -41, 175, 219, 82, -390, -151, -268, 
-287, -190, 97, 239, -192, -46, 175, 219, 82, -390, -151, -268, 
-283, -190, 92, 236, -187, -48, 170, 219, 73, -400, -161, -268, 
-283, -190, 92, 236, -187, -48, 170, 219, 73, -400, -161, -273, 
-283, -195, 87, 239, -185, -53, 170, 219, 73, -400, -161, -278, 
-283, -195, 87, 239, -185, -53, 175, 214, 73, -400, -161, -283, 
-283, -204, 78, 244, -180, -63, 175, 224, 82, -390, -151, -283, 
-283, -204, 78, 244, -180, -63, 180, 229, 82, -390, -151, -283, 
-283, -200, 82, 241, -183, -58, 180, 229, 82, -395, -151, -283, 
-283, -200, 82, 241, -183, -58, 175, 229, 82, -395, -151, -283, 
-283, -204, 78, 244, -180, -63, 185, 229, 92, -390, -151, -278, 
-287, -204, 82, 246, -185, -61, 185, 229, 87, -390, -151, -278, 
-287, -204, 82, 246, -185, -61, 185, 229, 87, -390, -151, -278, 
-287, -204, 82, 246, -185, -61, 190, 229, 87, -390, -151, -278, 
-297, -204, 92, 251, -195, -56, 180, 239, 78, -400, -151, -278, 
-292, -200, 92, 246, -192, -53, 180, 239, 78, -400, -151, -278, 
-292, -200, 92, 246, -192, -53, 180, 239, 78, -400, -151, -278, 
-297, -200, 97, 248, -197, -51, 180, 239, 78, -400, -151, -278, 
-287, -195, 92, 241, -190, -51, 180, 239, 78, -390, -161, -278, 
-287, -195, 92, 241, -190, -51, 180, 239, 78, -390, -161, -273, 
-287, -195, 92, 241, -190, -51, 180, 239, 78, -390, -161, -273, 
-287, -195, 92, 241, -190, -51, 185, 239, 78, -390, -156, -278, 
-287, -204, 82, 246, -185, -61, 195, 239, 87, -400, -146, -278, 
-287, -204, 82, 246, -185, -61, 190, 239, 87, -400, -151, -278, 
-287, -204, 82, 246, -185, -61, 190, 239, 87, -400, -151, -278, 
-287, -204, 82, 246, -185, -61, 190, 239, 87, -400, -151, -278, 
-287, -204, 82, 246, -185, -61, 190, 239, 78, -400, -151, -287, 
-287, -204, 82, 246, -185, -61, 190, 239, 78, -400, -151, -287, 
-287, -204, 82, 246, -185, -61, 190, 239, 82, -400, -151, -287, 
-287, -204, 82, 246, -185, -61, 190, 239, 82, -400, -151, -287, 
-287, -195, 92, 241, -190, -51, 190, 239, 82, -400, -151, -278, 
-287, -195, 92, 241, -190, -51, 190, 239, 78, -400, -151, -278, 
-287, -195, 92, 241, -190, -51, 190, 239, 78, -400, -151, -278, 
-287, -195, 92, 241, -190, -51, 190, 239, 82, -400, -151, -278, 
-287, -195, 92, 241, -190, -51, 190, 239, 73, -400, -141, -278, 
-287, -195, 92, 241, -190, -51, 190, 239, 73, -400, -146, -278, 
-287, -195, 92, 241, -190, -51, 190, 239, 73, -400, -146, -273, 
-287, -195, 92, 241, -190, -51, 195, 239, 73, -400, -146, -273, 
-297, -204, 92, 251, -195, -56, 195, 239, 82, -390, -156, -273, 
-302, -204, 97, 253, -200, -53, 195, 239, 82, -390, -156, -273, 
-302, -204, 97, 253, -200, -53, 195, 239, 82, -390, -156, -273, 
-297, -204, 92, 251, -195, -56, 195, 239, 82, -390, -156, -273, 
-287, -209, 78, 248, -183, -65, 195, 248, 82, -390, -146, -283, 
-287, -209, 78, 248, -183, -65, 195, 248, 82, -390, -146, -283, 
-287, -209, 78, 248, -183, -65, 195, 248, 82, -390, -146, -283, 
-287, -214, 73, 251, -180, -70, 195, 248, 82, -390, -146, -283, 
-287, -204, 82, 246, -185, -61, 195, 239, 82, -390, -141, -283, 
-292, -204, 87, 248, -190, -58, 195, 239, 82, -390, -141, -283, 
-292, -204, 87, 248, -190, -58, 195, 239, 82, -385, -141, -283, 
-287, -204, 82, 246, -185, -61, 195, 244, 82, -385, -141, -283, 
-287, -204, 82, 246, -185, -61, 195, 244, 73, -390, -146, -273, 
-283, -204, 78, 244, -180, -63, 200, 253, 73, -400, -146, -283, 
-283, -200, 82, 241, -183, -58, 209, 253, 82, -400, -151, -283, 
-292, -209, 82, 251, -187, -63, 214, 258, 92, -400, -146, -297, 
-302, -224, 78, 263, -190, -73, 234, 278, 102, -405, -151, -302, 
-302, -239, 63, 270, -183, -87, 253, 307, 117, -395, -156, -307, 
-297, -253, 43, 275, -170, -104, 278, 336, 136, -390, -170, -322, 
-292, -268, 24, 280, -158, -122, 292, 370, 151, -375, -175, -336, 
-292, -302, -9, 297, -141, -156, 317, 414, 180, -370, -190, -366, 
-278, -317, -39, 297, -119, -178, 341, 468, 219, -361, -209, -390, 
-273, -326, -53, 300, -109, -190, 341, 502, 258, -336, -204, -405, 
-244, -307, -63, 275, -90, -185, 336, 527, 312, -302, -175, -400, 
-204, -278, -73, 241, -65, -175, 331, 566, 375, -244, -136, -370, 
-151, -209, -58, 180, -46, -134, 302, 614, 468, -161, -63, -317, 
-102, -87, 14, 95, -58, -36, 239, 600, 595, -39, 48, -229, 
-73, 58, 131, 7, -102, 95, 151, 483, 707, 82, 170, -102, 
-63, 195, 258, -65, -161, 226, 53, 326, 766, 156, 268, -4, 
-29, 346, 375, -158, -202, 361, -63, 136, 736, 185, 351, 112, 
14, 497, 483, -256, -234, 490, -214, -58, 678, 229, 468, 263, 
34, 683, 649, -358, -307, 666, -375, -302, 614, 297, 624, 468, 
39, 873, 834, -456, -397, 854, -541, -575, 512, 361, 805, 678, 
53, 1044, 990, -549, -468, 1017, -707, -824, 390, 405, 966, 873, 
63, 1161, 1098, -612, -517, 1129, -834, -1044, 214, 424, 1102, 1058, 
39, 1263, 1224, -651, -592, 1244, -936, -1239, 68, 453, 1249, 1249, 
-19, 1444, 1464, -712, -741, 1454, -1034, -1420, 14, 556, 1459, 1478, 
-107, 1683, 1790, -788, -949, 1737, -1132, -1600, 9, 688, 1693, 1727, 
-165, 1825, 1991, -829, -1078, 1908, -1180, -1703, -29, 780, 1873, 1917, 
-185, 1820, 2005, -817, -1095, 1912, -1180, -1678, -87, 834, 1976, 2010, 
-204, 1693, 1898, -744, -1051, 1795, -1102, -1566, -131, 844, 1995, 2025, 
-253, 1517, 1771, -631, -1012, 1644, -980, -1424, -170, 810, 1952, 1956, 
-292, 1302, 1595, -505, -944, 1449, -839, -1288, -209, 707, 1854, 1844, 
-331, 1054, 1385, -361, -858, 1220, -688, -1146, -268, 556, 1678, 1673, 
-375, 819, 1195, -222, -785, 1007, -546, -1015, -326, 361, 1424, 1439, 
-395, 600, 995, -102, -695, 797, -414, -854, -322, 180, 1141, 1176, 
-370, 409, 780, -19, -575, 595, -302, -663, -287, 58, 907, 936, 
-351, 268, 619, 41, -485, 444, -209, -512, -278, -53, 692, 727, 
-346, 161, 507, 92, -427, 334, -136, -370, -273, -200, 453, 507, 
-336, 58, 395, 139, -366, 226, -63, -214, -268, -375, 165, 244, 
-326, 0, 326, 163, -326, 163, -19, -87, -219, -463, -9, 48, 
-317, -19, 297, 168, -307, 139, 4, -4, -131, -409, 0, -14, 
-307, -39, 268, 173, -287, 114, 24, 53, -34, -341, 39, -48, 
-297, -63, 234, 180, -265, 85, 53, 82, 9, -326, 14, -87, 
-273, -73, 200, 173, -236, 63, 82, 117, 58, -297, 34, -78, 
-248, -82, 165, 165, -207, 41, 97, 156, 112, -244, 68, -53, 
-244, -97, 146, 170, -195, 24, 122, 200, 141, -239, 68, -63, 
-244, -107, 136, 175, -190, 14, 156, 224, 156, -229, 58, -78, 
-234, -112, 122, 173, -178, 4, 170, 239, 151, -219, 63, -78, 
-244, -102, 141, 173, -192, 19, 180, 258, 151, -219, 68, -82, 
-253, -102, 151, 178, -202, 24, 180, 268, 151, -239, 43, -92, 
-253, -102, 151, 178, -202, 24, 180, 268, 161, -253, 34, -102, 
-253, -102, 151, 178, -202, 24, 180, 268, 165, -253, 24, -112, 
-258, -112, 146, 185, -202, 17, 180, 268, 170, -258, 19, -126, 
-258, -117, 141, 187, -200, 12, 185, 268, 180, -268, -4, -156, 
-258, -141, 117, 200, -187, -12, 190, 283, 175, -273, -9, -165, 
-258, -156, 102, 207, -180, -26, 195, 292, 175, -278, -14, -175, 
-268, -165, 102, 217, -185, -31, 204, 302, 175, -287, -29, -190, 
-268, -170, 97, 219, -183, -36, 204, 312, 175, -287, -29, -190, 
-268, -170, 97, 219, -183, -36, 209, 312, 175, -292, -29, -190, 
-268, -170, 97, 219, -183, -36, 209, 312, 175, -292, -29, -190, 
-268, -161, 107, 214, -187, -26, 209, 322, 170, -283, -43, -180, 
-268, -165, 102, 217, -185, -31, 209, 326, 175, -283, -43, -180, 
-268, -165, 102, 217, -185, -31, 209, 326, 175, -283, -43, -185, 
-268, -165, 102, 217, -185, -31, 209, 326, 180, -283, -43, -190, 
-258, -175, 82, 217, -170, -46, 214, 317, 180, -292, -48, -200, 
-258, -175, 82, 217, -170, -46, 214, 326, 180, -292, -53, -200, 
-258, -175, 82, 217, -170, -46, 219, 331, 185, -292, -53, -200, 
-248, -175, 73, 212, -161, -51, 219, 331, 185, -292, -53, -200, 
-248, -175, 73, 212, -161, -51, 209, 331, 195, -292, -39, -200, 
-248, -175, 73, 212, -161, -51, 209, 331, 195, -292, -39, -200, 
-248, -170, 78, 209, -163, -46, 209, 331, 195, -287, -39, -200, 
-248, -170, 78, 209, -163, -46, 209, 326, 195, -283, -39, -200, 
-239, -170, 68, 204, -153, -51, 209, 336, 195, -273, -39, -200, 
-239, -170, 68, 204, -153, -51, 209, 336, 200, -273, -39, -200, 
-239, -170, 68, 204, -153, -51, 209, 336, 200, -273, -39, -200, 
-239, -165, 73, 202, -156, -46, 209, 336, 200, -273, -39, -200, 
-244, -175, 68, 209, -156, -53, 219, 336, 204, -273, -29, -200, 
-244, -175, 68, 209, -156, -53, 214, 341, 204, -273, -29, -195, 
-244, -175, 68, 209, -156, -53, 214, 341, 204, -273, -24, -195, 
-244, -175, 68, 209, -156, -53, 214, 341, 204, -273, -24, -195, 
-239, -175, 63, 207, -151, -56, 214, 341, 209, -268, -24, -185, 
-239, -170, 68, 204, -153, -51, 214, 341, 209, -268, -24, -185, 
-239, -170, 68, 204, -153, -51, 214, 341, 209, -268, -24, -185, 
-239, -170, 68, 204, -153, -51, 214, 341, 209, -268, -19, -185, 
-239, -170, 68, 204, -153, -51, 209, 341, 214, -263, -9, -180, 
-239, -170, 68, 204, -153, -51, 209, 341, 214, -258, -9, -180, 
-239, -170, 68, 204, -153, -51, 209, 341, 214, -258, -9, -170, 
-239, -170, 68, 204, -153, -51, 209, 341, 219, -253, -4, -170, 
-229, -161, 68, 195, -148, -46, 200, 341, 219, -248, -4, -165, 
-224, -161, 63, 192, -143, -48, 200, 341, 219, -248, 0, -165, 
-224, -156, 68, 190, -146, -43, 200, 341, 219, -244, 4, -161, 
-224, -156, 68, 190, -146, -43, 200, 341, 224, -244, 4, -156, 
-224, -165, 58, 195, -141, -53, 209, 341, 239, -244, 4, -156, 
-224, -161, 63, 192, -143, -48, 204, 341, 239, -239, 9, -156, 
-219, -156, 63, 187, -141, -46, 204, 341, 239, -239, 9, -156, 
-219, -156, 63, 187, -141, -46, 200, 341, 244, -239, 9, -156, 
-219, -151, 68, 185, -143, -41, 200, 346, 244, -229, 19, -156, 
-219, -146, 73, 183, -146, -36, 195, 346, 244, -224, 19, -156, 
-214, -146, 68, 180, -141, -39, 195, 346, 244, -224, 19, -156, 
-214, -146, 68, 180, -141, -39, 195, 346, 248, -224, 19, -151, 
-214, -141, 73, 178, -143, -34, 204, 346, 258, -214, 39, -136, 
-214, -141, 73, 178, -143, -34, 200, 341, 258, -214, 39, -136, 
-214, -141, 73, 178, -143, -34, 200, 341, 258, -214, 39, -136, 
-214, -136, 78, 175, -146, -29, 200, 341, 258, -214, 39, -131, 
-209, -141, 68, 175, -139, -36, 190, 346, 263, -214, 53, -126, 
-209, -141, 68, 175, -139, -36, 190, 346, 263, -204, 53, -117, 
-209, -141, 68, 175, -139, -36, 190, 346, 263, -204, 53, -117, 
-209, -141, 68, 175, -139, -36, 185, 346, 268, -204, 58, -117, 
-204, -126, 78, 165, -141, -24, 185, 346, 258, -204, 63, -126, 
-204, -126, 78, 165, -141, -24, 180, 346, 258, -195, 58, -126, 
-204, -126, 78, 165, -141, -24, 180, 346, 263, -195, 58, -122, 
-204, -126, 78, 165, -141, -24, 180, 346, 263, -190, 58, -117, 
-200, -126, 73, 163, -136, -26, 185, 346, 268, -190, 68, -107, 
-200, -122, 78, 161, -139, -21, 180, 346, 273, -185, 68, -107, 
-200, -112, 87, 156, -143, -12, 180, 346, 273, -180, 78, -107, 
-200, -107, 92, 153, -146, -7, 180, 346, 273, -180, 82, -102, 
-200, -117, 82, 158, -141, -17, 180, 346, 273, -180, 87, -92, 
-195, -117, 78, 156, -136, -19, 175, 346, 273, -180, 87, -92, 
-195, -107, 87, 151, -141, -9, 175, 346, 283, -170, 92, -87, 
-190, -107, 82, 148, -136, -12, 175, 346, 283, -170, 97, -87, 
-190, -97, 92, 143, -141, -2, 165, 346, 283, -161, 97, -87, 
-190, -97, 92, 143, -141, -2, 161, 346, 283, -151, 102, -82, 
-190, -87, 102, 139, -146, 7, 161, 346, 287, -146, 107, -73, 
-190, -87, 102, 139, -146, 7, 161, 346, 287, -141, 112, -73, 
-190, -87, 102, 139, -146, 7, 161, 356, 292, -151, 117, -68, 
-185, -82, 102, 134, -143, 9, 161, 356, 292, -146, 117, -63, 
-185, -78, 107, 131, -146, 14, 161, 356, 292, -141, 126, -58, 
-185, -78, 107, 131, -146, 14, 161, 356, 297, -136, 131, -53, 
-185, -73, 112, 129, -148, 19, 161, 356, 312, -131, 131, -48, 
-185, -68, 117, 126, -151, 24, 156, 356, 312, -131, 136, -43, 
-180, -63, 117, 122, -148, 26, 156, 356, 317, -126, 141, -43, 
-180, -58, 122, 119, -151, 31, 156, 356, 317, -122, 146, -39, 
-175, -53, 122, 114, -148, 34, 146, 356, 307, -117, 151, -34, 
-175, -53, 122, 114, -148, 34, 146, 356, 317, -112, 161, -29, 
-170, -48, 122, 109, -146, 36, 141, 356, 322, -102, 170, -19, 
-165, -43, 122, 104, -143, 39, 131, 356, 322, -102, 175, -14, 
-175, -43, 131, 109, -153, 43, 141, 356, 322, -92, 190, 4, 
-170, -39, 131, 104, -151, 46, 136, 356, 331, -87, 200, 14, 
-170, -34, 136, 102, -153, 51, 131, 356, 336, -82, 204, 19, 
-165, -19, 146, 92, -156, 63, 131, 356, 341, -78, 209, 24, 
-156, -19, 136, 87, -146, 58, 122, 351, 346, -68, 214, 24, 
-151, -9, 141, 80, -146, 65, 122, 351, 351, -58, 224, 29, 
-146, -4, 141, 75, -143, 68, 112, 346, 356, -53, 239, 39, 
-141, 0, 141, 70, -141, 70, 107, 346, 361, -48, 248, 53, 
-136, -4, 131, 70, -134, 63, 117, 356, 356, -34, 244, 68, 
-131, 0, 131, 65, -131, 65, 112, 361, 366, -24, 253, 78, 
-131, 4, 136, 63, -134, 70, 107, 361, 370, -14, 263, 87, 
-126, 24, 151, 51, -139, 87, 107, 361, 370, -9, 273, 97, 
-122, 34, 156, 43, -139, 95, 102, 356, 380, -9, 292, 97, 
-117, 43, 161, 36, -139, 102, 97, 356, 385, 0, 307, 107, 
-112, 58, 170, 26, -141, 114, 92, 356, 395, 9, 322, 117, 
-107, 63, 170, 21, -139, 117, 87, 356, 405, 24, 326, 136, 
-107, 73, 180, 17, -143, 126, 92, 366, 409, 43, 341, 151, 
-102, 82, 185, 9, -143, 134, 87, 366, 424, 53, 361, 161, 
-97, 92, 190, 2, -143, 141, 78, 361, 424, 63, 366, 175, 
-87, 102, 190, -7, -139, 146, 73, 361, 429, 73, 375, 190, 
-82, 117, 200, -17, -141, 158, 58, 356, 434, 87, 400, 204, 
-78, 126, 204, -24, -141, 165, 53, 356, 444, 107, 419, 219, 
-73, 131, 204, -29, -139, 168, 48, 356, 453, 122, 439, 239, 
-68, 146, 214, -39, -141, 180, 43, 356, 463, 131, 453, 253, 
-58, 161, 219, -51, -139, 190, 43, 356, 473, 146, 468, 268, 
-58, 165, 224, -53, -141, 195, 34, 356, 478, 161, 488, 287, 
-53, 175, 229, -61, -141, 202, 19, 356, 488, 175, 502, 307, 
-43, 195, 239, -75, -141, 217, 19, 356, 497, 190, 512, 322, 
-34, 209, 244, -87, -139, 226, 4, 356, 497, 204, 541, 346, 
-29, 224, 253, -97, -141, 239, -4, 356, 502, 219, 556, 366, 
-19, 229, 248, -104, -134, 239, -14, 346, 507, 234, 570, 380, 
-4, 248, 253, -122, -129, 251, -24, 346, 512, 248, 590, 400, 
-4, 273, 278, -134, -141, 275, -34, 346, 507, 253, 605, 414, 
4, 283, 278, -143, -136, 280, -43, 346, 522, 268, 624, 434, 
9, 297, 287, -153, -139, 292, -53, 341, 522, 283, 644, 453, 
24, 312, 287, -168, -131, 300, -63, 336, 536, 297, 663, 473, 
24, 322, 297, -173, -136, 309, -73, 331, 546, 312, 678, 478, 
29, 336, 307, -183, -139, 322, -78, 326, 551, 326, 692, 497, 
39, 351, 312, -195, -136, 331, -87, 322, 551, 341, 707, 517, 
43, 366, 322, -204, -139, 344, -97, 322, 551, 351, 712, 536, 
43, 380, 336, -212, -146, 358, -92, 317, 566, 351, 732, 556, 
48, 390, 341, -219, -146, 366, -107, 312, 570, 361, 746, 575, 
58, 400, 341, -229, -141, 370, -112, 307, 575, 366, 761, 585, 
63, 409, 346, -236, -141, 378, -126, 302, 575, 370, 775, 600, 
53, 419, 366, -236, -156, 392, -126, 292, 570, 380, 785, 600, 
58, 419, 361, -239, -151, 390, -131, 287, 570, 380, 790, 600, 
58, 424, 366, -241, -153, 395, -141, 278, 566, 380, 785, 600, 
58, 434, 375, -246, -158, 405, -141, 263, 561, 380, 780, 605, 
43, 424, 380, -234, -168, 402, -141, 258, 556, 375, 780, 605, 
43, 424, 380, -234, -168, 402, -146, 253, 556, 366, 775, 600, 
39, 424, 385, -231, -173, 405, -146, 244, 546, 366, 775, 590, 
34, 419, 385, -226, -175, 402, -146, 234, 536, 351, 756, 580, 
29, 414, 385, -222, -178, 400, -131, 224, 527, 326, 727, 561, 
14, 395, 380, -204, -183, 387, -126, 224, 522, 302, 702, 531, 
0, 385, 385, -192, -192, 385, -122, 214, 502, 268, 673, 502, 
-9, 361, 370, -175, -190, 366, -107, 214, 488, 244, 644, 473, 
-14, 326, 341, -156, -178, 334, -107, 224, 463, 219, 610, 439, 
-29, 302, 331, -136, -180, 317, -92, 224, 453, 190, 575, 405, 
-43, 278, 322, -117, -183, 300, -78, 224, 439, 165, 551, 366, 
-58, 248, 307, -95, -183, 278, -63, 224, 429, 141, 517, 331, 
-78, 224, 302, -73, -190, 263, -48, 219, 419, 122, 492, 312, 
-92, 204, 297, -56, -195, 251, -39, 214, 400, 92, 458, 278, 
-107, 175, 283, -34, -195, 229, -24, 214, 380, 58, 424, 248, 
-126, 156, 283, -14, -204, 219, -4, 219, 366, 29, 390, 204, 
-131, 136, 268, -2, -200, 202, 19, 234, 351, 0, 356, 161, 
-141, 107, 248, 17, -195, 178, 34, 234, 336, -29, 322, 126, 
-156, 78, 234, 39, -195, 156, 48, 244, 326, -58, 292, 92, 
-161, 48, 209, 56, -185, 129, 63, 248, 317, -82, 263, 68, 
-185, 9, 195, 87, -190, 102, 73, 253, 312, -87, 234, 58, 
-190, -9, 180, 100, -185, 85, 87, 253, 297, -107, 209, 29, 
-200, -29, 170, 114, -185, 70, 102, 248, 287, -126, 190, 0, 
-204, -48, 156, 126, -180, 53, 112, 248, 273, -151, 165, -24, 
-214, -53, 161, 134, -187, 53, 112, 244, 258, -165, 146, -43, 
-219, -68, 151, 143, -185, 41, 122, 253, 248, -185, 131, -63, 
-229, -87, 141, 158, -185, 26, 126, 258, 239, -204, 112, -82, 
-239, -102, 136, 170, -187, 17, 141, 263, 229, -219, 92, -107, 
-239, -122, 117, 180, -178, -2, 161, 273, 224, -234, 63, -122, 
-248, -141, 107, 195, -178, -17, 170, 273, 219, -244, 48, -141, 
-253, -151, 102, 202, -178, -24, 175, 273, 214, -253, 39, -151, 
-258, -161, 97, 209, -178, -31, 175, 273, 204, -253, 39, -156, 
-268, -175, 92, 222, -180, -41, 195, 273, 204, -248, 39, -161, 
-268, -185, 82, 226, -175, -51, 195, 273, 190, -258, 34, -161, 
-268, -185, 82, 226, -175, -51, 200, 278, 185, -268, 24, -165, 
-273, -195, 78, 234, -175, -58, 204, 278, 180, -278, 14, -175, 
-268, -200, 68, 234, -168, -65, 209, 278, 180, -287, 9, -185, 
-273, -209, 63, 241, -168, -73, 209, 283, 170, -297, 0, -190, 
-278, -219, 58, 248, -168, -80, 209, 283, 170, -302, -4, -200, 
-278, -224, 53, 251, -165, -85, 214, 283, 175, -302, -14, -204, 
-278, -229, 48, 253, -163, -90, 209, 283, 185, -312, -14, -214, 
-278, -229, 48, 253, -163, -90, 214, 283, 180, -312, -14, -214, 
-278, -234, 43, 256, -161, -95, 219, 283, 180, -312, -14, -219, 
-278, -234, 43, 256, -161, -95, 219, 283, 180, -312, -14, -219, 
-292, -239, 53, 265, -173, -92, 224, 292, 175, -307, -19, -209, 
-292, -239, 53, 265, -173, -92, 224, 292, 165, -307, -24, -214, 
-292, -244, 48, 268, -170, -97, 229, 292, 165, -307, -24, -219, 
-292, -248, 43, 270, -168, -102, 229, 302, 170, -307, -24, -224, 
-292, -248, 43, 270, -168, -102, 229, 292, 170, -317, -24, -229, 
-292, -248, 43, 270, -168, -102, 229, 292, 170, -317, -24, -229, 
-292, -248, 43, 270, -168, -102, 229, 292, 170, -317, -24, -224, 
-292, -248, 43, 270, -168, -102, 229, 297, 170, -317, -24, -224, 
-292, -248, 43, 270, -168, -102, 229, 297, 170, -317, -24, -224, 
-292, -248, 43, 270, -168, -102, 234, 297, 170, -317, -24, -224, 
-297, -248, 48, 273, -173, -100, 234, 292, 170, -317, -24, -224, 
-297, -248, 48, 273, -173, -100, 234, 292, 170, -317, -24, -224, 
-297, -248, 48, 273, -173, -100, 234, 302, 180, -312, -24, -224, 
-297, -248, 48, 273, -173, -100, 234, 302, 175, -312, -24, -229, 
-297, -248, 48, 273, -173, -100, 234, 302, 175, -312, -19, -229, 
-297, -248, 48, 273, -173, -100, 234, 302, 175, -312, -19, -229, 
-287, -248, 39, 268, -163, -104, 244, 302, 175, -312, -19, -214, 
-287, -248, 39, 268, -163, -104, 239, 302, 175, -312, -24, -214, 
-287, -248, 39, 268, -163, -104, 239, 302, 175, -312, -24, -214, 
-287, -248, 39, 268, -163, -104, 239, 302, 175, -312, -19, -214, 
-287, -248, 39, 268, -163, -104, 239, 302, 175, -302, -19, -214, 
-283, -248, 34, 265, -158, -107, 239, 307, 175, -307, -19, -219, 
-283, -248, 34, 265, -158, -107, 239, 307, 175, -307, -19, -219, 
-287, -248, 39, 268, -163, -104, 239, 307, 175, -307, -19, -219, 
-287, -239, 48, 263, -168, -95, 239, 307, 170, -297, -19, -224, 
-287, -244, 43, 265, -165, -100, 239, 307, 170, -297, -14, -224, 
-287, -244, 43, 265, -165, -100, 239, 307, 170, -297, -14, -224, 
-287, -244, 43, 265, -165, -100, 239, 307, 170, -297, -14, -224, 
-287, -244, 43, 265, -165, -100, 229, 307, 180, -302, -14, -219, 
-287, -244, 43, 265, -165, -100, 229, 307, 180, -302, -14, -219, 
-287, -244, 43, 265, -165, -100, 229, 307, 180, -302, -14, -219, 
-287, -244, 43, 265, -165, -100, 229, 307, 180, -302, -14, -214, 
-287, -253, 34, 270, -161, -109, 229, 307, 170, -312, -14, -214, 
-287, -253, 34, 270, -161, -109, 229, 312, 170, -307, -14, -214, 
-287, -253, 34, 270, -161, -109, 224, 312, 170, -307, -14, -219, 
-287, -253, 34, 270, -161, -109, 224, 312, 170, -307, -14, -219, 
-287, -253, 34, 270, -161, -109, 224, 302, 170, -307, -14, -219, 
-283, -248, 34, 265, -158, -107, 224, 302, 170, -307, -14, -219, 
-283, -248, 34, 265, -158, -107, 224, 302, 170, -307, -14, -219, 
-283, -248, 34, 265, -158, -107, 229, 302, 170, -307, -14, -214, 
-292, -248, 43, 270, -168, -102, 229, 312, 180, -297, -4, -214, 
-292, -248, 43, 270, -168, -102, 229, 312, 180, -297, -4, -214, 
-292, -248, 43, 270, -168, -102, 224, 312, 180, -297, -4, -214, 
-292, -248, 43, 270, -168, -102, 224, 312, 180, -297, -4, -214, 
-283, -239, 43, 261, -163, -97, 224, 312, 170, -307, -14, -219, 
-283, -239, 43, 261, -163, -97, 224, 307, 170, -307, -14, -219, 
-283, -239, 43, 261, -163, -97, 224, 307, 170, -307, -14, -219, 
-283, -239, 43, 261, -163, -97, 224, 307, 175, -307, -14, -219, 
-283, -248, 34, 265, -158, -107, 224, 307, 175, -307, -14, -219, 
-283, -248, 34, 265, -158, -107, 224, 307, 175, -307, -14, -219, 
-283, -248, 34, 265, -158, -107, 224, 307, 175, -312, -14, -219, 
-283, -248, 34, 265, -158, -107, 224, 307, 175, -312, -14, -219, 
-283, -258, 24, 270, -153, -117, 224, 307, 175, -312, -14, -219, 
-283, -258, 24, 270, -153, -117, 229, 307, 175, -312, -14, -219, 
-283, -258, 24, 270, -153, -117, 229, 307, 175, -312, -14, -219, 
-283, -258, 24, 270, -153, -117, 229, 307, 175, -312, -14, -214, 
-283, -258, 24, 270, -153, -117, 229, 307, 175, -312, -19, -224, 
-283, -258, 24, 270, -153, -117, 229, 307, 175, -317, -19, -229, 
-283, -258, 24, 270, -153, -117, 229, 307, 175, -317, -19, -229, 
-283, -258, 24, 270, -153, -117, 229, 307, 170, -317, -19, -229, 
-283, -258, 24, 270, -153, -117, 229, 307, 170, -307, -19, -219, 
-283, -258, 24, 270, -153, -117, 229, 307, 170, -307, -19, -219, 
-283, -258, 24, 270, -153, -117, 229, 307, 170, -307, -19, -219, 
-283, -258, 24, 270, -153, -117, 229, 307, 165, -312, -19, -219, 
-283, -258, 24, 270, -153, -117, 229, 297, 165, -312, -19, -219, 
-283, -258, 24, 270, -153, -117, 229, 297, 161, -312, -24, -219, 
-283, -258, 24, 270, -153, -117, 229, 297, 161, -312, -24, -219, 
-283, -263, 19, 273, -151, -122, 229, 297, 161, -312, -24, -219, 
-283, -263, 19, 273, -151, -122, 219, 297, 156, -322, -24, -229, 
-283, -258, 24, 270, -153, -117, 219, 297, 156, -326, -24, -229, 
-283, -258, 24, 270, -153, -117, 219, 297, 161, -326, -24, -234, 
-283, -258, 24, 270, -153, -117, 219, 297, 161, -326, -24, -239, 
-283, -263, 19, 273, -151, -122, 219, 297, 151, -326, -34, -229, 
-283, -263, 19, 273, -151, -122, 219, 297, 151, -326, -34, -229, 
-283, -263, 19, 273, -151, -122, 219, 297, 151, -326, -34, -229, 
-283, -263, 19, 273, -151, -122, 219, 297, 146, -326, -34, -229, 
-287, -273, 14, 280, -151, -129, 229, 297, 146, -326, -34, -239, 
-287, -273, 14, 280, -151, -129, 229, 297, 151, -331, -34, -239, 
-283, -278, 4, 280, -143, -136, 229, 297, 151, -331, -34, -234, 
-283, -278, 4, 280, -143, -136, 229, 297, 141, -331, -34, -234, 
-287, -278, 9, 283, -148, -134, 229, 307, 151, -331, -29, -224, 
-287, -278, 9, 283, -148, -134, 229, 307, 151, -331, -29, -229, 
-283, -273, 9, 278, -146, -131, 229, 307, 151, -331, -29, -229, 
-283, -273, 9, 278, -146, -131, 229, 302, 146, -336, -34, -234, 
-283, -278, 4, 280, -143, -136, 219, 302, 146, -336, -34, -244, 
-283, -278, 4, 280, -143, -136, 219, 302, 146, -336, -34, -244, 
-283, -273, 9, 278, -146, -131, 219, 302, 146, -336, -34, -244, 
-283, -273, 9, 278, -146, -131, 219, 302, 146, -341, -39, -244, 
-297, -273, 24, 285, -161, -124, 229, 302, 151, -331, -39, -234, 
-297, -273, 24, 285, -161, -124, 229, 302, 151, -331, -39, -234, 
-297, -278, 19, 287, -158, -129, 229, 302, 146, -331, -39, -234, 
-297, -283, 14, 290, -156, -134, 229, 302, 146, -331, -39, -234, 
-287, -283, 4, 285, -146, -139, 229, 302, 136, -331, -48, -234, 
-287, -283, 4, 285, -146, -139, 229, 302, 136, -336, -48, -234, 
-287, -287, 0, 287, -143, -143, 229, 302, 136, -341, -48, -234, 
-287, -287, 0, 287, -143, -143, 229, 302, 141, -341, -48, -234, 
-287, -287, 0, 287, -143, -143, 229, 302, 141, -341, -39, -244, 
-287, -287, 0, 287, -143, -143, 229, 297, 136, -341, -39, -244, 
-287, -287, 0, 287, -143, -143, 229, 297, 136, -341, -39, -244, 
-287, -287, 0, 287, -143, -143, 229, 302, 136, -336, -39, -244, 
-287, -292, -4, 290, -141, -148, 224, 292, 136, -336, -48, -244, 
-287, -292, -4, 290, -141, -148, 224, 292, 136, -341, -48, -244, 
-287, -292, -4, 290, -141, -148, 219, 292, 136, -351, -48, -244, 
-287, -292, -4, 290, -141, -148, 219, 292, 136, -341, -48, -244, 
-283, -292, -9, 287, -136, -151, 229, 302, 146, -341, -48, -234, 
-283, -292, -9, 287, -136, -151, 229, 302, 136, -346, -53, -239, 
-283, -292, -9, 287, -136, -151, 229, 297, 131, -346, -58, -239, 
-283, -292, -9, 287, -136, -151, 229, 297, 131, -351, -58, -239, 
-287, -283, 4, 285, -146, -139, 229, 287, 141, -341, -53, -244, 
-287, -283, 4, 285, -146, -139, 229, 287, 141, -341, -53, -244, 
-287, -283, 4, 285, -146, -139, 229, 292, 141, -341, -53, -244, 
-287, -283, 4, 285, -146, -139, 229, 292, 141, -341, -53, -244, 
-297, -292, 4, 295, -151, -143, 219, 302, 131, -346, -53, -234, 
-297, -292, 4, 295, -151, -143, 219, 297, 131, -346, -53, -234, 
-297, -292, 4, 295, -151, -143, 219, 297, 131, -346, -58, -234, 
-297, -292, 4, 295, -151, -143, 219, 297, 136, -346, -58, -234, 
-287, -292, -4, 290, -141, -148, 219, 297, 126, -346, -53, -234, 
-287, -297, -9, 292, -139, -153, 219, 297, 126, -356, -53, -234, 
-287, -297, -9, 292, -139, -153, 219, 292, 126, -356, -58, -234, 
-287, -297, -9, 292, -139, -153, 219, 292, 126, -356, -58, -239, 
-292, -297, -4, 295, -143, -151, 219, 292, 136, -351, -48, -239, 
-292, -297, -4, 295, -143, -151, 219, 292, 136, -351, -48, -239, 
-297, -292, 4, 295, -151, -143, 219, 292, 136, -351, -43, -239, 
-297, -292, 4, 295, -151, -143, 219, 292, 136, -351, -43, -239, 
-297, -292, 4, 295, -151, -143, 219, 292, 136, -351, -53, -239, 
-292, -297, -4, 295, -143, -151, 219, 292, 136, -351, -53, -239, 
-292, -297, -4, 295, -143, -151, 219, 292, 136, -351, -53, -244, 
-292, -297, -4, 295, -143, -151, 219, 292, 136, -351, -53, -244, 
-292, -297, -4, 295, -143, -151, 219, 283, 136, -346, -53, -239, 
-297, -297, 0, 297, -148, -148, 219, 283, 136, -346, -53, -239, 
-297, -297, 0, 297, -148, -148, 219, 283, 136, -346, -53, -248, 
-297, -297, 0, 297, -148, -148, 219, 283, 131, -346, -53, -248, 
-297, -297, 0, 297, -148, -148, 219, 283, 122, -346, -53, -244, 
-297, -297, 0, 297, -148, -148, 219, 283, 122, -346, -53, -244, 
-297, -297, 0, 297, -148, -148, 219, 287, 126, -346, -53, -244, 
-297, -297, 0, 297, -148, -148, 219, 287, 126, -346, -53, -244, 
-287, -297, -9, 292, -139, -153, 214, 292, 126, -346, -43, -244, 
-287, -297, -9, 292, -139, -153, 214, 287, 126, -346, -43, -244, 
-287, -297, -9, 292, -139, -153, 214, 287, 126, -351, -48, -244, 
-287, -297, -9, 292, -139, -153, 214, 287, 126, -351, -48, -244, 
-297, -307, -9, 302, -143, -158, 224, 287, 126, -351, -48, -244, 
-297, -307, -9, 302, -143, -158, 224, 292, 122, -351, -48, -244, 
-297, -307, -9, 302, -143, -158, 224, 292, 122, -351, -43, -244, 
-297, -307, -9, 302, -143, -158, 224, 287, 122, -351, -43, -244, 
-297, -307, -9, 302, -143, -158, 224, 287, 122, -351, -53, -244, 
-297, -307, -9, 302, -143, -158, 224, 292, 122, -346, -53, -244, 
-297, -307, -9, 302, -143, -158, 224, 292, 122, -346, -53, -248, 
-297, -307, -9, 302, -143, -158, 224, 292, 122, -346, -48, -248, 
-297, -307, -9, 302, -143, -158, 209, 292, 122, -356, -39, -239, 
-297, -307, -9, 302, -143, -158, 209, 292, 122, -356, -43, -239, 
-297, -307, -9, 302, -143, -158, 214, 292, 122, -361, -43, -239, 
-297, -307, -9, 302, -143, -158, 214, 292, 122, -361, -43, -239, 
-297, -297, 0, 297, -148, -148, 214, 292, 112, -356, -53, -248, 
-297, -302, -4, 300, -146, -153, 214, 287, 117, -356, -53, -248, 
-297, -302, -4, 300, -146, -153, 214, 287, 117, -356, -53, -248, 
-292, -302, -9, 297, -141, -156, 214, 292, 117, -356, -53, -248, 
-292, -297, -4, 295, -143, -151, 219, 292, 122, -356, -48, -244, 
-292, -302, -9, 297, -141, -156, 219, 292, 117, -356, -53, -239, 
-292, -302, -9, 297, -141, -156, 224, 292, 117, -351, -39, -244, 
-292, -302, -9, 297, -141, -156, 214, 292, 117, -351, -48, -244, 
-292, -302, -9, 297, -141, -156, 214, 292, 117, -351, -48, -244, 
-292, -302, -9, 297, -141, -156, 214, 292, 117, -351, -48, -244, 
-292, -302, -9, 297, -141, -156, 214, 292, 117, -351, -48, -244, 
-302, -302, 0, 302, -151, -151, 224, 292, 117, -351, -58, -244, 
-302, -302, 0, 302, -151, -151, 224, 292, 117, -351, -58, -244, 
-302, -302, 0, 302, -151, -151, 224, 292, 117, -351, -58, -244, 
-302, -302, 0, 302, -151, -151, 224, 292, 117, -351, -58, -244, 
-302, -302, 0, 302, -151, -151, 224, 283, 117, -361, -48, -244, 
-302, -302, 0, 302, -151, -151, 224, 283, 117, -361, -48, -244, 
-302, -302, 0, 302, -151, -151, 224, 283, 117, -361, -48, -244, 
-302, -302, 0, 302, -151, -151, 224, 283, 117, -361, -48, -244, 
-302, -312, -9, 307, -146, -161, 224, 283, 117, -351, -58, -253, 
-302, -312, -9, 307, -146, -161, 224, 283, 117, -351, -58, -253, 
-302, -312, -9, 307, -146, -161, 224, 283, 117, -351, -58, -253, 
-302, -312, -9, 307, -146, -161, 224, 283, 117, -351, -58, -253, 
-302, -312, -9, 307, -146, -161, 224, 283, 117, -361, -48, -253, 
-302, -312, -9, 307, -146, -161, 224, 283, 117, -361, -48, -253, 
-302, -312, -9, 307, -146, -161, 224, 283, 117, -361, -48, -253, 
-302, -312, -9, 307, -146, -161, 224, 283, 117, -361, -48, -253, 
-302, -312, -9, 307, -146, -161, 224, 283, 117, -361, -48, -244, 
-302, -312, -9, 307, -146, -161, 224, 283, 117, -361, -48, -244, 
-302, -312, -9, 307, -146, -161, 224, 283, 117, -361, -48, -244, 
-302, -312, -9, 307, -146, -161, 224, 283, 117, -361, -48, -244, 
-302, -312, -9, 307, -146, -161, 224, 283, 117, -361, -39, -244, 
-302, -312, -9, 307, -146, -161, 224, 283, 117, -361, -39, -244, 
-302, -312, -9, 307, -146, -161, 224, 283, 117, -361, -39, -244, 
-302, -312, -9, 307, -146, -161, 224, 283, 117, -361, -39, -244, 
-302, -312, -9, 307, -146, -161, 224, 283, 117, -351, -48, -244, 
-302, -312, -9, 307, -146, -161, 224, 283, 117, -351, -48, -244, 
-302, -312, -9, 307, -146, -161, 224, 283, 117, -351, -48, -244, 
-302, -312, -9, 307, -146, -161, 224, 283, 117, -351, -48, -244, 
-302, -312, -9, 307, -146, -161, 224, 283, 117, -361, -48, -244, 
-302, -312, -9, 307, -146, -161, 224, 283, 117, -361, -48, -244, 
-302, -312, -9, 307, -146, -161, 224, 283, 117, -361, -48, -244, 
-302, -312, -9, 307, -146, -161, 224, 283, 117, -361, -48, -244, 
-302, -312, -9, 307, -146, -161, 224, 283, 107, -351, -48, -244, 
-302, -312, -9, 307, -146, -161, 224, 283, 107, -351, -48, -244, 
-302, -312, -9, 307, -146, -161, 224, 283, 107, -351, -48, -244, 
-302, -312, -9, 307, -146, -161, 224, 283, 107, -351, -48, -244, 
-302, -312, -9, 307, -146, -161, 224, 283, 117, -351, -39, -244, 
-302, -312, -9, 307, -146, -161, 224, 283, 117, -351, -39, -244, 
-302, -312, -9, 307, -146, -161, 224, 283, 117, -351, -39, -244, 
-302, -312, -9, 307, -146, -161, 224, 283, 117, -351, -39, -244, 
-302, -312, -9, 307, -146, -161, 224, 273, 117, -351, -39, -244, 
-302, -312, -9, 307, -146, -161, 224, 273, 117, -351, -39, -244, 
-302, -312, -9, 307, -146, -161, 224, 273, 117, -351, -39, -244, 
-302, -312, -9, 307, -146, -161, 224, 273, 117, -351, -39, -244, 
-302, -322, -19, 312, -141, -170, 224, 283, 107, -351, -39, -244, 
-302, -322, -19, 312, -141, -170, 224, 283, 107, -351, -39, -244, 
-302, -322, -19, 312, -141, -170, 224, 283, 107, -351, -39, -244, 
-302, -322, -19, 312, -141, -170, 224, 283, 107, -351, -39, -244, 
-302, -322, -19, 312, -141, -170, 214, 283, 107, -361, -39, -244, 
-302, -322, -19, 312, -141, -170, 214, 283, 107, -361, -39, -244, 
-302, -322, -19, 312, -141, -170, 214, 283, 107, -361, -39, -244, 
-302, -322, -19, 312, -141, -170, 214, 283, 107, -361, -39, -244, 
-302, -322, -19, 312, -141, -170, 214, 283, 107, -361, -39, -244, 
-302, -322, -19, 312, -141, -170, 214, 283, 107, -361, -39, -244, 
-302, -322, -19, 312, -141, -170, 214, 283, 107, -361, -39, -244, 
-302, -322, -19, 312, -141, -170, 214, 283, 107, -361, -39, -244, 
-302, -322, -19, 312, -141, -170, 214, 283, 107, -361, -39, -234, 
-302, -322, -19, 312, -141, -170, 214, 283, 107, -361, -39, -234, 
-302, -322, -19, 312, -141, -170, 214, 283, 107, -361, -39, -234, 
-302, -322, -19, 312, -141, -170, 214, 283, 107, -361, -39, -234, 
-302, -322, -19, 312, -141, -170, 214, 283, 107, -361, -39, -234, 
-302, -322, -19, 312, -141, -170, 214, 283, 107, -361, -39, -234, 
-302, -322, -19, 312, -141, -170, 214, 283, 107, -361, -39, -234, 
-302, -322, -19, 312, -141, -170, 214, 283, 107, -361, -39, -234, 
-302, -322, -19, 312, -141, -170, 214, 273, 107, -361, -39, -234, 
-302, -322, -19, 312, -141, -170, 214, 273, 107, -361, -39, -234, 
-302, -322, -19, 312, -141, -170, 214, 273, 107, -361, -39, -234, 
-302, -322, -19, 312, -141, -170, 214, 273, 107, -361, -39, -234, 
-302, -312, -9, 307, -146, -161, 214, 283, 97, -361, -39, -234, 
-302, -312, -9, 307, -146, -161, 214, 283, 97, -361, -39, -234, 
-302, -312, -9, 307, -146, -161, 214, 283, 97, -361, -39, -234, 
-302, -312, -9, 307, -146, -161, 214, 283, 97, -361, -39, -234, 
-297, -307, -9, 302, -143, -158, 214, 283, 107, -351, -29, -244, 
-292, -302, -9, 297, -141, -156, 214, 283, 107, -351, -29, -244, 
-287, -297, -9, 292, -139, -153, 214, 283, 107, -351, -29, -244, 
-283, -292, -9, 287, -136, -151, 214, 283, 107, -351, -29, -244, 
-283, -287, -4, 285, -139, -146, 214, 292, 122, -336, -24, -239, 
-283, -283, 0, 283, -141, -141, 214, 292, 126, -331, -19, -234, 
-283, -278, 4, 280, -143, -136, 214, 292, 131, -326, -14, -229, 
-283, -273, 9, 278, -146, -131, 214, 292, 136, -322, -9, -224, 
-273, -258, 14, 265, -143, -122, 214, 297, 141, -312, -4, -219, 
-273, -253, 19, 263, -146, -117, 214, 302, 146, -312, 0, -214, 
-273, -248, 24, 261, -148, -112, 214, 307, 151, -312, 4, -209, 
-273, -244, 29, 258, -151, -107, 214, 312, 156, -312, 9, -204, 
-273, -239, 34, 256, -153, -102, 214, 322, 165, -307, 19, -195, 
-273, -234, 39, 253, -156, -97, 214, 322, 165, -302, 19, -195, 
-273, -229, 43, 251, -158, -92, 214, 322, 165, -297, 19, -195, 
-273, -224, 48, 248, -161, -87, 214, 322, 165, -292, 19, -195, 
-263, -214, 48, 239, -156, -82, 214, 326, 180, -287, 24, -185, 
-263, -214, 48, 239, -156, -82, 214, 331, 185, -283, 29, -185, 
-263, -214, 48, 239, -156, -82, 214, 336, 190, -278, 34, -185, 
-263, -214, 48, 239, -156, -82, 214, 341, 195, -273, 39, -185, 
-253, -204, 48, 229, -151, -78, 204, 326, 195, -273, 48, -175, 
-253, -204, 48, 229, -151, -78, 195, 322, 195, -273, 48, -175, 
-253, -204, 48, 229, -151, -78, 185, 317, 195, -273, 48, -175, 
-253, -204, 48, 229, -151, -78, 175, 312, 195, -273, 48, -175, 
-253, -200, 53, 226, -153, -73, 156, 297, 190, -278, 39, -175, 
-253, -195, 58, 224, -156, -68, 146, 283, 185, -283, 39, -175, 
-253, -190, 63, 222, -158, -63, 136, 268, 180, -287, 39, -175, 
-253, -185, 68, 219, -161, -58, 126, 253, 175, -292, 39, -175, 
-253, -195, 58, 224, -156, -68, 136, 253, 170, -292, 39, -175, 
-253, -195, 58, 224, -156, -68, 136, 253, 165, -292, 39, -175, 
-253, -195, 58, 224, -156, -68, 136, 253, 161, -292, 39, -175, 
-253, -195, 58, 224, -156, -68, 136, 253, 156, -292, 39, -175, 
-244, -209, 34, 226, -139, -87, 141, 258, 146, -302, 39, -185, 
-244, -214, 29, 229, -136, -92, 146, 263, 146, -302, 39, -185, 
-244, -219, 24, 231, -134, -97, 151, 268, 146, -302, 39, -185, 
-244, -224, 19, 234, -131, -102, 156, 273, 146, -302, 39, -185, 
-234, -234, 0, 234, -117, -117, 165, 273, 141, -312, 34, -195, 
-234, -234, 0, 234, -117, -117, 165, 273, 136, -312, 29, -195, 
-234, -234, 0, 234, -117, -117, 165, 273, 131, -312, 24, -195, 
-234, -239, -4, 236, -114, -122, 170, 268, 122, -317, 14, -200, 
-248, -258, -9, 253, -119, -134, 170, 268, 117, -317, 14, -200, 
-258, -258, 0, 258, -129, -129, 180, 268, 117, -322, 14, -200, 
-263, -263, 0, 263, -131, -131, 185, 268, 117, -326, 14, -200, 
-273, -278, -4, 275, -134, -141, 190, 273, 117, -326, 9, -209, 
-278, -283, -4, 280, -136, -143, 195, 273, 126, -341, -4, -214, 
-283, -287, -4, 285, -139, -146, 195, 273, 117, -341, -9, -219, 
-292, -297, -4, 295, -143, -151, 200, 273, 117, -346, -14, -224, 
-292, -302, -9, 297, -141, -156, 200, 268, 112, -351, -14, -229, 
-302, -312, -9, 307, -146, -161, 200, 268, 97, -351, -19, -234, 
-302, -317, -14, 309, -143, -165, 200, 268, 97, -356, -19, -234, 
-307, -317, -9, 312, -148, -163, 200, 268, 97, -356, -19, -234, 
-307, -317, -9, 312, -148, -163, 195, 263, 97, -356, -19, -234, 
-307, -317, -9, 312, -148, -163, 195, 263, 97, -356, -14, -234, 
-307, -317, -9, 312, -148, -163, 195, 268, 97, -356, -14, -229, 
-302, -317, -14, 309, -143, -165, 195, 268, 97, -361, -19, -229, 
-302, -322, -19, 312, -141, -170, 195, 263, 97, -361, -24, -239, 
-292, -322, -29, 307, -131, -175, 195, 263, 97, -361, -34, -239, 
-297, -322, -24, 309, -136, -173, 195, 263, 97, -361, -29, -234, 
-297, -322, -24, 309, -136, -173, 195, 268, 97, -361, -29, -234, 
-297, -322, -24, 309, -136, -173, 195, 268, 97, -361, -34, -234, 
-297, -322, -24, 309, -136, -173, 195, 268, 97, -361, -34, -234, 
-302, -322, -19, 312, -141, -170, 200, 268, 97, -361, -34, -234, 
-302, -322, -19, 312, -141, -170, 200, 268, 97, -361, -34, -234, 
-297, -322, -24, 309, -136, -173, 200, 268, 97, -356, -34, -234, 
-307, -322, -14, 314, -146, -168, 204, 268, 87, -356, -24, -244, 
-307, -322, -14, 314, -146, -168, 204, 268, 92, -361, -24, -248, 
-307, -326, -19, 317, -143, -173, 204, 268, 92, -361, -24, -248, 
-312, -326, -14, 319, -148, -170, 200, 268, 92, -361, -24, -244, 
-312, -326, -14, 319, -148, -170, 200, 268, 92, -361, -24, -234, 
-312, -331, -19, 322, -146, -175, 200, 268, 92, -361, -24, -234, 
-312, -331, -19, 322, -146, -175, 204, 263, 92, -361, -24, -234, 
-312, -331, -19, 322, -146, -175, 204, 263, 92, -361, -24, -234, 
-302, -331, -29, 317, -136, -180, 200, 258, 92, -361, -24, -234, 
-302, -326, -24, 314, -139, -175, 200, 258, 92, -366, -24, -234, 
-302, -326, -24, 314, -139, -175, 195, 258, 92, -366, -24, -234, 
-302, -331, -29, 317, -136, -180, 195, 258, 92, -361, -24, -239, 
-307, -331, -24, 319, -141, -178, 204, 268, 87, -361, -24, -239, 
-307, -331, -24, 319, -141, -178, 204, 268, 87, -361, -24, -239, 
-307, -331, -24, 319, -141, -178, 209, 268, 87, -361, -24, -239, 
-307, -331, -24, 319, -141, -178, 209, 268, 87, -361, -24, -239, 
-302, -326, -24, 314, -139, -175, 200, 268, 87, -361, -24, -239, 
-302, -326, -24, 314, -139, -175, 200, 268, 87, -361, -24, -239, 
-307, -326, -19, 317, -143, -173, 200, 268, 87, -361, -24, -239, 
-307, -331, -24, 319, -141, -178, 200, 268, 87, -361, -24, -239, 
-307, -331, -24, 319, -141, -178, 200, 268, 87, -361, -34, -234, 
-307, -331, -24, 319, -141, -178, 200, 268, 87, -361, -34, -234, 
-307, -331, -24, 319, -141, -178, 204, 268, 87, -361, -29, -239, 
-307, -331, -24, 319, -141, -178, 204, 268, 87, -361, -29, -239, 
-307, -341, -34, 324, -136, -187, 200, 268, 97, -361, -24, -239, 
-307, -341, -34, 324, -136, -187, 200, 268, 97, -361, -24, -239, 
-307, -341, -34, 324, -136, -187, 200, 268, 97, -361, -24, -239, 
-307, -341, -34, 324, -136, -187, 200, 268, 97, -361, -24, -239, 
-317, -331, -14, 324, -151, -173, 200, 268, 87, -351, -24, -239, 
-317, -331, -14, 324, -151, -173, 200, 268, 92, -351, -24, -239, 
-317, -331, -14, 324, -151, -173, 200, 268, 92, -351, -24, -239, 
-317, -331, -14, 324, -151, -173, 200, 268, 92, -351, -24, -239, 
-307, -331, -24, 319, -141, -178, 209, 268, 87, -361, -34, -248, 
-307, -331, -24, 319, -141, -178, 209, 268, 87, -361, -34, -248, 
-307, -331, -24, 319, -141, -178, 209, 268, 92, -361, -34, -248, 
-307, -331, -24, 319, -141, -178, 209, 268, 92, -361, -34, -248, 
-307, -331, -24, 319, -141, -178, 200, 268, 92, -361, -34, -248, 
-307, -331, -24, 319, -141, -178, 200, 268, 92, -361, -29, -244, 
-307, -331, -24, 319, -141, -178, 204, 268, 92, -361, -24, -244, 
-307, -331, -24, 319, -141, -178, 204, 268, 92, -361, -19, -244, 
-312, -331, -19, 322, -146, -175, 204, 268, 92, -361, -19, -234, 
-312, -331, -19, 322, -146, -175, 204, 268, 92, -361, -19, -234, 
-307, -331, -24, 319, -141, -178, 204, 268, 92, -361, -19, -234, 
-307, -326, -19, 317, -143, -173, 204, 268, 92, -361, -19, -234, 
-307, -326, -19, 317, -143, -173, 204, 268, 92, -361, -19, -234, 
-307, -326, -19, 317, -143, -173, 204, 268, 92, -361, -19, -234, 
-307, -331, -24, 319, -141, -178, 204, 268, 92, -361, -19, -234, 
-307, -331, -24, 319, -141, -178, 204, 268, 92, -361, -14, -234, 
-312, -341, -29, 326, -141, -185, 204, 268, 92, -361, -14, -234, 
-312, -341, -29, 326, -141, -185, 204, 268, 92, -356, -14, -234, 
-307, -341, -34, 324, -136, -187, 204, 273, 92, -356, -14, -234, 
-307, -341, -34, 324, -136, -187, 204, 273, 92, -361, -19, -234, 
-312, -331, -19, 322, -146, -175, 209, 273, 102, -361, -29, -234, 
-312, -336, -24, 324, -143, -180, 219, 283, 102, -361, -24, -234, 
-312, -336, -24, 324, -143, -180, 224, 287, 102, -361, -29, -239, 
-312, -351, -39, 331, -136, -195, 234, 307, 102, -366, -34, -253, 
-322, -356, -34, 339, -143, -195, 253, 317, 117, -356, -39, -268, 
-317, -370, -53, 344, -131, -212, 268, 346, 136, -351, -43, -292, 
-312, -385, -73, 348, -119, -229, 292, 390, 161, -346, -58, -307, 
-312, -409, -97, 361, -107, -253, 326, 434, 180, -341, -73, -326, 
-307, -424, -117, 366, -95, -270, 351, 488, 219, -331, -82, -351, 
-292, -424, -131, 358, -80, -278, 351, 512, 258, -317, -87, -356, 
-263, -414, -151, 339, -56, -283, 336, 536, 302, -292, -58, -341, 
-214, -385, -170, 300, -21, -278, 322, 585, 356, -234, -29, -322, 
-161, -317, -156, 239, -2, -236, 292, 624, 448, -131, 43, -268, 
-122, -185, -63, 153, -29, -124, 219, 580, 575, -9, 165, -170, 
-102, -39, 63, 70, -82, 12, 122, 434, 678, 102, 278, -73, 
-92, 87, 180, 2, -136, 134, 24, 258, 697, 136, 356, 14, 
-58, 219, 278, -80, -168, 248, -92, 78, 668, 156, 429, 112, 
-14, 361, 375, -173, -195, 368, -224, -126, 610, 190, 546, 263, 
14, 517, 502, -265, -244, 509, -385, -380, 527, 239, 683, 458, 
29, 707, 678, -368, -324, 692, -551, -644, 434, 302, 844, 658, 
43, 858, 814, -451, -385, 836, -707, -873, 302, 346, 1005, 863, 
43, 956, 912, -500, -434, 934, -824, -1083, 126, 346, 1122, 1039, 
39, 1068, 1029, -553, -495, 1049, -946, -1268, -29, 366, 1249, 1200, 
-19, 1249, 1268, -614, -644, 1259, -1054, -1468, -92, 468, 1449, 1420, 
-107, 1468, 1576, -680, -841, 1522, -1151, -1659, -97, 600, 1683, 1659, 
-175, 1629, 1805, -727, -990, 1717, -1210, -1751, -117, 692, 1854, 1849, 
-195, 1634, 1830, -719, -1012, 1732, -1200, -1727, -146, 746, 1937, 1942, 
-214, 1498, 1712, -641, -963, 1605, -1112, -1605, -170, 756, 1956, 1947, 
-273, 1312, 1586, -519, -929, 1449, -980, -1464, -180, 732, 1922, 1898, 
-312, 1127, 1439, -407, -875, 1283, -829, -1317, -180, 678, 1834, 1795, 
-351, 917, 1268, -283, -810, 1093, -697, -1176, -200, 556, 1688, 1644, 
-385, 683, 1068, -148, -727, 875, -566, -1015, -229, 390, 1444, 1420, 
-405, 463, 868, -29, -636, 666, -444, -834, -214, 239, 1190, 1166, 
-380, 283, 663, 48, -522, 473, -331, -673, -190, 136, 976, 936, 
-361, 151, 512, 104, -436, 331, -239, -512, -200, 4, 771, 727, 
-326, 63, 390, 131, -358, 226, -175, -351, -204, -131, 561, 527, 
-317, -19, 297, 168, -307, 139, -112, -195, -200, -287, 322, 292, 
-326, -87, 239, 207, -283, 75, -48, -68, -170, -395, 136, 87, 
-317, -126, 190, 222, -253, 31, -14, 4, -112, -380, 107, 4, 
-307, -156, 151, 231, -229, -2, 24, 53, -24, -322, 136, -19, 
-307, -180, 126, 244, -217, -26, 63, 92, 29, -297, 122, -48, 
-292, -190, 102, 241, -197, -43, 82, 126, 68, -268, 131, -39, 
-268, -190, 78, 229, -173, -56, 97, 165, 112, -224, 165, -14, 
-263, -195, 68, 229, -165, -63, 112, 200, 141, -200, 175, -24, 
-273, -204, 68, 239, -170, -68, 136, 224, 156, -200, 175, -39, 
-263, -209, 53, 236, -158, -78, 161, 248, 161, -190, 170, -48, 
-263, -209, 53, 236, -158, -78, 170, 268, 161, -190, 165, -53, 
-273, -209, 63, 241, -168, -73, 170, 268, 161, -209, 161, -63, 
-273, -209, 63, 241, -168, -73, 170, 278, 170, -224, 141, -73, 
-273, -209, 63, 241, -168, -73, 170, 278, 165, -224, 131, -82, 
-268, -219, 48, 244, -158, -85, 180, 278, 170, -239, 126, -87, 
-268, -234, 34, 251, -151, -100, 175, 278, 170, -248, 112, -97, 
-268, -239, 29, 253, -148, -104, 180, 283, 175, -253, 97, -117, 
-268, -253, 14, 261, -141, -119, 185, 292, 165, -258, 82, -136, 
-278, -263, 14, 270, -146, -124, 195, 302, 175, -258, 68, -151, 
-278, -268, 9, 273, -143, -129, 195, 312, 175, -258, 68, -151, 
-278, -268, 9, 273, -143, -129, 200, 312, 175, -263, 68, -151, 
-278, -268, 9, 273, -143, -129, 200, 312, 175, -263, 68, -151, 
-278, -268, 9, 273, -143, -129, 209, 312, 170, -263, 73, -151, 
-278, -273, 4, 275, -141, -134, 209, 317, 175, -263, 73, -151, 
-278, -273, 4, 275, -141, -134, 209, 317, 175, -263, 73, -156, 
-278, -273, 4, 275, -141, -134, 209, 317, 180, -263, 73, -161, 
-278, -273, 4, 275, -141, -134, 195, 317, 180, -263, 68, -161, 
-278, -273, 4, 275, -141, -134, 195, 326, 180, -263, 63, -161, 
-278, -273, 4, 275, -141, -134, 200, 331, 185, -263, 63, -161, 
-268, -273, -4, 270, -131, -139, 200, 331, 185, -263, 63, -161, 
-268, -273, -4, 270, -131, -139, 200, 331, 185, -263, 68, -161, 
-268, -273, -4, 270, -131, -139, 200, 331, 185, -263, 68, -161, 
-268, -268, 0, 268, -134, -134, 200, 331, 185, -258, 68, -161, 
-268, -268, 0, 268, -134, -134, 200, 326, 185, -253, 68, -161, 
-268, -268, 0, 268, -134, -134, 200, 336, 185, -253, 78, -161, 
-268, -268, 0, 268, -134, -134, 200, 336, 190, -253, 78, -161, 
-268, -268, 0, 268, -134, -134, 200, 336, 190, -253, 78, -161, 
-268, -263, 4, 265, -136, -129, 200, 336, 190, -253, 78, -161, 
-263, -263, 0, 263, -131, -131, 200, 326, 195, -244, 68, -161, 
-263, -263, 0, 263, -131, -131, 195, 331, 195, -244, 68, -156, 
-263, -263, 0, 263, -131, -131, 195, 331, 195, -244, 73, -156, 
-263, -263, 0, 263, -131, -131, 195, 331, 195, -244, 73, -156, 
-268, -263, 4, 265, -136, -129, 195, 331, 200, -239, 82, -156, 
-268, -258, 9, 263, -139, -124, 195, 331, 200, -239, 82, -156, 
-268, -258, 9, 263, -139, -124, 195, 331, 200, -239, 82, -156, 
-268, -258, 9, 263, -139, -124, 195, 331, 200, -239, 87, -156, 
-258, -258, 0, 258, -129, -129, 190, 331, 204, -234, 87, -151, 
-258, -258, 0, 258, -129, -129, 190, 331, 204, -229, 87, -151, 
-258, -258, 0, 258, -129, -129, 190, 331, 204, -229, 87, -141, 
-258, -258, 0, 258, -129, -129, 190, 331, 209, -224, 92, -141, 
-268, -258, 9, 263, -139, -124, 180, 331, 209, -229, 92, -146, 
-263, -258, 4, 261, -134, -126, 180, 331, 209, -229, 97, -146, 
-263, -253, 9, 258, -136, -122, 180, 331, 209, -224, 102, -141, 
-263, -253, 9, 258, -136, -122, 180, 331, 214, -224, 102, -136, 
-263, -253, 9, 258, -136, -122, 180, 331, 219, -224, 102, -136, 
-263, -248, 14, 256, -139, -117, 175, 331, 219, -219, 107, -136, 
-258, -244, 14, 251, -136, -114, 175, 331, 219, -219, 107, -136, 
-258, -244, 14, 251, -136, -114, 170, 331, 224, -219, 107, -136, 
-258, -248, 9, 253, -134, -119, 170, 326, 214, -219, 117, -126, 
-258, -244, 14, 251, -136, -114, 165, 326, 214, -214, 117, -126, 
-253, -244, 9, 248, -131, -117, 165, 326, 214, -214, 117, -126, 
-253, -244, 9, 248, -131, -117, 165, 326, 219, -214, 117, -122, 
-253, -239, 14, 246, -134, -112, 175, 336, 219, -204, 126, -117, 
-253, -239, 14, 246, -134, -112, 170, 331, 219, -204, 126, -117, 
-253, -239, 14, 246, -134, -112, 170, 331, 219, -204, 126, -117, 
-253, -234, 19, 244, -136, -107, 170, 331, 219, -204, 126, -112, 
-248, -229, 19, 239, -134, -104, 170, 326, 234, -204, 131, -107, 
-248, -229, 19, 239, -134, -104, 170, 326, 234, -195, 131, -97, 
-248, -229, 19, 239, -134, -104, 170, 326, 234, -195, 131, -97, 
-248, -229, 19, 239, -134, -104, 165, 326, 239, -195, 136, -97, 
-244, -224, 19, 234, -131, -102, 165, 326, 239, -185, 146, -97, 
-244, -224, 19, 234, -131, -102, 161, 326, 239, -175, 146, -97, 
-244, -224, 19, 234, -131, -102, 161, 326, 244, -175, 151, -92, 
-244, -224, 19, 234, -131, -102, 161, 326, 244, -170, 156, -87, 
-229, -224, 4, 226, -117, -109, 146, 336, 248, -180, 156, -78, 
-229, -219, 9, 224, -119, -104, 141, 336, 253, -175, 156, -78, 
-229, -209, 19, 219, -124, -95, 141, 336, 253, -170, 165, -78, 
-229, -204, 24, 217, -126, -90, 141, 336, 253, -170, 170, -73, 
-229, -204, 24, 217, -126, -90, 151, 326, 253, -170, 175, -63, 
-224, -204, 19, 214, -122, -92, 146, 326, 253, -170, 175, -63, 
-224, -195, 29, 209, -126, -82, 146, 326, 263, -161, 180, -58, 
-219, -195, 24, 207, -122, -85, 146, 326, 263, -161, 185, -58, 
-219, -195, 24, 207, -122, -85, 136, 326, 273, -161, 185, -68, 
-219, -195, 24, 207, -122, -85, 131, 326, 273, -151, 190, -63, 
-219, -185, 34, 202, -126, -75, 131, 326, 278, -146, 195, -53, 
-219, -185, 34, 202, -126, -75, 131, 326, 278, -141, 200, -53, 
-229, -185, 43, 207, -136, -70, 131, 326, 273, -141, 204, -39, 
-224, -180, 43, 202, -134, -68, 131, 326, 273, -136, 204, -34, 
-224, -175, 48, 200, -136, -63, 131, 326, 273, -131, 214, -29, 
-224, -175, 48, 200, -136, -63, 131, 326, 278, -126, 219, -24, 
-214, -170, 43, 192, -129, -63, 122, 326, 283, -122, 219, -29, 
-214, -165, 48, 190, -131, -58, 117, 326, 283, -122, 224, -24, 
-209, -161, 48, 185, -129, -56, 117, 326, 287, -117, 229, -24, 
-209, -156, 53, 183, -131, -51, 117, 326, 287, -112, 234, -19, 
-214, -151, 63, 183, -139, -43, 117, 326, 287, -97, 239, -4, 
-214, -151, 63, 183, -139, -43, 117, 326, 297, -92, 248, 0, 
-209, -146, 63, 178, -136, -41, 112, 326, 302, -82, 258, 9, 
-204, -141, 63, 173, -134, -39, 102, 326, 302, -82, 263, 14, 
-195, -141, 53, 168, -124, -43, 102, 326, 302, -82, 268, 14, 
-190, -136, 53, 163, -122, -41, 97, 326, 312, -78, 278, 24, 
-190, -131, 58, 161, -124, -36, 92, 326, 317, -73, 283, 29, 
-185, -117, 68, 151, -126, -24, 92, 326, 322, -68, 287, 34, 
-185, -117, 68, 151, -126, -24, 92, 341, 326, -58, 292, 53, 
-180, -107, 73, 143, -126, -17, 92, 341, 331, -48, 302, 58, 
-175, -102, 73, 139, -124, -14, 82, 336, 336, -43, 317, 68, 
-170, -97, 73, 134, -122, -12, 78, 336, 341, -39, 326, 82, 
-165, -92, 73, 129, -119, -9, 78, 336, 346, -24, 331, 87, 
-161, -87, 73, 124, -117, -7, 73, 341, 356, -14, 341, 97, 
-161, -82, 78, 122, -119, -2, 68, 341, 361, -4, 351, 107, 
-156, -63, 92, 109, -124, 14, 68, 341, 361, 0, 361, 117, 
-151, -63, 87, 107, -119, 12, 53, 346, 380, 0, 370, 117, 
-146, -53, 92, 100, -119, 19, 48, 346, 385, 9, 385, 126, 
-141, -39, 102, 90, -122, 31, 43, 346, 395, 19, 400, 136, 
-136, -34, 102, 85, -119, 34, 39, 346, 405, 34, 405, 156, 
-126, -24, 102, 75, -114, 39, 43, 356, 400, 48, 419, 170, 
-122, -14, 107, 68, -114, 46, 39, 356, 414, 63, 439, 180, 
-117, -4, 112, 61, -114, 53, 29, 351, 414, 78, 444, 195, 
-107, 4, 112, 51, -109, 58, 24, 351, 419, 92, 453, 209, 
-102, 19, 122, 41, -112, 70, 19, 356, 424, 97, 468, 224, 
-97, 29, 126, 34, -112, 78, 14, 356, 434, 117, 488, 239, 
-92, 34, 126, 29, -109, 80, 9, 356, 444, 131, 507, 258, 
-87, 48, 136, 19, -112, 92, 4, 356, 453, 141, 522, 273, 
-78, 73, 151, 2, -114, 112, -4, 356, 463, 156, 527, 287, 
-78, 78, 156, 0, -117, 117, -14, 356, 468, 170, 546, 307, 
-73, 87, 161, -7, -117, 124, -29, 356, 478, 185, 561, 326, 
-63, 107, 170, -21, -117, 139, -29, 356, 488, 200, 570, 341, 
-43, 122, 165, -39, -104, 143, -43, 346, 488, 204, 600, 356, 
-39, 136, 175, -48, -107, 156, -53, 346, 492, 219, 614, 375, 
-29, 141, 170, -56, -100, 156, -63, 336, 497, 234, 629, 390, 
-14, 161, 175, -73, -95, 168, -73, 336, 502, 248, 649, 409, 
-24, 175, 200, -75, -112, 187, -73, 326, 517, 263, 663, 424, 
-14, 185, 200, -85, -107, 192, -82, 326, 531, 278, 683, 444, 
-9, 200, 209, -95, -109, 204, -92, 322, 531, 292, 702, 463, 
4, 214, 209, -109, -102, 212, -102, 317, 546, 307, 722, 483, 
14, 224, 209, -119, -97, 217, -122, 322, 556, 331, 741, 497, 
19, 239, 219, -129, -100, 229, -126, 317, 561, 346, 761, 517, 
29, 253, 224, -141, -97, 239, -136, 312, 561, 361, 780, 536, 
34, 268, 234, -151, -100, 251, -146, 312, 561, 370, 790, 556, 
24, 273, 248, -148, -112, 261, -141, 297, 566, 370, 790, 556, 
29, 283, 253, -156, -112, 268, -156, 292, 570, 380, 805, 575, 
39, 292, 253, -165, -107, 273, -161, 287, 575, 385, 819, 585, 
43, 302, 258, -173, -107, 280, -175, 283, 575, 390, 834, 600, 
34, 322, 287, -178, -126, 305, -175, 283, 590, 400, 844, 610, 
39, 322, 283, -180, -122, 302, -180, 278, 590, 400, 849, 610, 
39, 326, 287, -183, -124, 307, -190, 268, 585, 400, 844, 610, 
39, 336, 297, -187, -129, 317, -190, 253, 580, 400, 839, 614, 
34, 326, 292, -180, -129, 309, -190, 229, 566, 395, 829, 605, 
34, 326, 292, -180, -129, 309, -195, 224, 566, 385, 824, 600, 
29, 326, 297, -178, -134, 312, -195, 214, 556, 385, 824, 590, 
24, 322, 297, -173, -136, 309, -195, 204, 546, 370, 805, 580, 
9, 312, 302, -161, -146, 307, -180, 204, 531, 341, 775, 561, 
-4, 287, 292, -141, -148, 290, -175, 204, 522, 312, 751, 531, 
-19, 273, 292, -126, -156, 283, -170, 195, 497, 273, 722, 502, 
-29, 244, 273, -107, -151, 258, -156, 195, 478, 244, 692, 473, 
-34, 219, 253, -92, -143, 236, -146, 185, 463, 224, 658, 434, 
-48, 195, 244, -73, -146, 219, -131, 185, 453, 200, 624, 405, 
-63, 170, 234, -53, -148, 202, -117, 185, 439, 180, 600, 370, 
-78, 141, 219, -31, -148, 180, -102, 185, 429, 161, 566, 341, 
-97, 117, 214, -9, -156, 165, -87, 180, 409, 122, 536, 322, 
-112, 97, 209, 7, -161, 153, -78, 175, 390, 92, 507, 287, 
-126, 68, 195, 29, -161, 131, -63, 175, 370, 58, 478, 258, 
-146, 48, 195, 48, -170, 122, -43, 180, 356, 29, 448, 214, 
-146, 19, 165, 63, -156, 92, -29, 185, 341, 9, 414, 180, 
-161, -9, 151, 85, -156, 70, -14, 185, 326, -19, 380, 146, 
-180, -39, 141, 109, -161, 51, 0, 195, 317, -48, 351, 112, 
-190, -68, 122, 129, -156, 26, 14, 200, 307, -73, 322, 87, 
-195, -87, 107, 141, -151, 9, 24, 204, 292, -78, 312, 73, 
-200, -107, 92, 153, -146, -7, 39, 204, 278, -97, 287, 48, 
-209, -126, 82, 168, -146, -21, 53, 200, 268, -117, 268, 24, 
-214, -146, 68, 180, -141, -39, 63, 200, 253, -141, 244, 4, 
-229, -161, 68, 195, -148, -46, 82, 204, 239, -165, 229, -14, 
-239, -175, 63, 207, -151, -56, 92, 214, 229, -185, 209, -34, 
-253, -195, 58, 224, -156, -68, 97, 219, 219, -204, 185, -53, 
-268, -209, 58, 239, -163, -75, 112, 224, 209, -219, 161, -78, 
-273, -219, 53, 246, -163, -82, 112, 224, 204, -229, 151, -82, 
-278, -239, 39, 258, -158, -100, 122, 224, 200, -234, 136, -102, 
-278, -248, 29, 263, -153, -109, 126, 224, 195, -239, 126, -112, 
-278, -258, 19, 268, -148, -119, 126, 224, 185, -234, 126, -117, 
-287, -263, 24, 275, -156, -119, 136, 224, 185, -248, 117, -117, 
-287, -273, 14, 280, -151, -129, 136, 224, 170, -258, 112, -122, 
-287, -273, 14, 280, -151, -129, 141, 229, 165, -268, 102, -131, 
-292, -283, 9, 287, -151, -136, 146, 229, 161, -278, 92, -146, 
-297, -287, 9, 292, -153, -139, 151, 229, 170, -287, 87, -165, 
-302, -297, 4, 300, -153, -146, 151, 234, 161, -297, 78, -170, 
-307, -307, 0, 307, -153, -153, 151, 234, 161, -302, 73, -180, 
-307, -312, -4, 309, -151, -158, 156, 234, 165, -302, 63, -185, 
-307, -307, 0, 307, -153, -153, 161, 234, 156, -307, 63, -175, 
-307, -307, 0, 307, -153, -153, 165, 234, 151, -302, 63, -175, 
-307, -312, -4, 309, -151, -158, 170, 234, 151, -297, 63, -180, 
-307, -312, -4, 309, -151, -158, 170, 234, 151, -292, 63, -180, 
-312, -326, -14, 319, -148, -170, 165, 234, 156, -307, 58, -180, 
-312, -326, -14, 319, -148, -170, 165, 234, 146, -307, 53, -185, 
-312, -331, -19, 322, -146, -175, 170, 234, 146, -307, 53, -190, 
-312, -336, -24, 324, -143, -180, 170, 244, 151, -307, 53, -195, 
-312, -336, -24, 324, -143, -180, 170, 234, 141, -307, 53, -200, 
-312, -336, -24, 324, -143, -180, 170, 234, 141, -307, 53, -200, 
-312, -336, -24, 324, -143, -180, 170, 234, 141, -307, 53, -195, 
-312, -336, -24, 324, -143, -180, 170, 239, 141, -307, 53, -195, 
-312, -336, -24, 324, -143, -180, 170, 239, 141, -307, 53, -195, 
-312, -336, -24, 324, -143, -180, 175, 239, 141, -307, 53, -195, 
-317, -336, -19, 326, -148, -178, 175, 234, 141, -307, 53, -195, 
-317, -336, -19, 326, -148, -178, 175, 234, 141, -307, 53, -195, 
-317, -336, -19, 326, -148, -178, 185, 244, 151, -302, 53, -195, 
-317, -336, -19, 326, -148, -178, 185, 244, 146, -302, 53, -200, 
-317, -336, -19, 326, -148, -178, 185, 244, 146, -302, 58, -200, 
-317, -336, -19, 326, -148, -178, 185, 244, 146, -302, 58, -200, 
-317, -336, -19, 326, -148, -178, 185, 244, 146, -312, 48, -195, 
-317, -336, -19, 326, -148, -178, 180, 244, 146, -312, 43, -195, 
-317, -336, -19, 326, -148, -178, 180, 244, 146, -312, 43, -195, 
-317, -336, -19, 326, -148, -178, 180, 244, 146, -312, 48, -195, 
-317, -326, -9, 322, -153, -168, 180, 244, 146, -312, 48, -195, 
-312, -326, -14, 319, -148, -170, 180, 248, 146, -317, 48, -200, 
-312, -326, -14, 319, -148, -170, 180, 248, 146, -317, 48, -200, 
-317, -326, -9, 322, -153, -168, 180, 248, 146, -317, 48, -200, 
-317, -326, -9, 322, -153, -168, 170, 248, 141, -307, 39, -195, 
-317, -331, -14, 324, -151, -173, 170, 248, 141, -307, 43, -195, 
-317, -331, -14, 324, -151, -173, 170, 248, 141, -307, 43, -195, 
-317, -331, -14, 324, -151, -173, 170, 248, 141, -307, 43, -195, 
-317, -331, -14, 324, -151, -173, 180, 248, 151, -302, 53, -200, 
-317, -331, -14, 324, -151, -173, 180, 248, 151, -302, 53, -200, 
-317, -331, -14, 324, -151, -173, 180, 248, 151, -302, 53, -200, 
-317, -331, -14, 324, -151, -173, 180, 248, 151, -302, 53, -195, 
-317, -331, -14, 324, -151, -173, 180, 248, 151, -302, 53, -195, 
-317, -331, -14, 324, -151, -173, 180, 253, 151, -297, 53, -195, 
-317, -331, -14, 324, -151, -173, 175, 253, 151, -297, 53, -200, 
-317, -331, -14, 324, -151, -173, 175, 253, 151, -297, 53, -200, 
-317, -331, -14, 324, -151, -173, 175, 253, 161, -297, 53, -200, 
-312, -326, -14, 319, -148, -170, 175, 253, 161, -297, 53, -200, 
-312, -326, -14, 319, -148, -170, 175, 253, 161, -297, 53, -200, 
-312, -326, -14, 319, -148, -170, 180, 253, 161, -297, 53, -195, 
-312, -326, -14, 319, -148, -170, 180, 253, 161, -297, 53, -195, 
-312, -326, -14, 319, -148, -170, 180, 253, 161, -297, 53, -195, 
-312, -326, -14, 319, -148, -170, 175, 253, 161, -297, 53, -195, 
-312, -326, -14, 319, -148, -170, 175, 253, 161, -297, 53, -195, 
-312, -326, -14, 319, -148, -170, 165, 263, 151, -297, 53, -200, 
-312, -326, -14, 319, -148, -170, 165, 258, 151, -297, 53, -200, 
-312, -326, -14, 319, -148, -170, 165, 258, 151, -297, 53, -200, 
-312, -326, -14, 319, -148, -170, 165, 258, 156, -297, 53, -200, 
-312, -317, -4, 314, -153, -161, 175, 248, 146, -297, 53, -200, 
-312, -317, -4, 314, -153, -161, 175, 248, 146, -297, 53, -200, 
-312, -317, -4, 314, -153, -161, 175, 248, 146, -302, 53, -200, 
-312, -317, -4, 314, -153, -161, 175, 248, 146, -302, 53, -200, 
-312, -317, -4, 314, -153, -161, 165, 248, 146, -312, 53, -200, 
-312, -317, -4, 314, -153, -161, 170, 248, 146, -312, 53, -200, 
-312, -317, -4, 314, -153, -161, 170, 248, 146, -312, 53, -200, 
-312, -317, -4, 314, -153, -161, 170, 248, 146, -312, 53, -195, 
-312, -317, -4, 314, -153, -161, 170, 248, 146, -302, 48, -195, 
-312, -317, -4, 314, -153, -161, 170, 248, 146, -307, 48, -200, 
-312, -317, -4, 314, -153, -161, 170, 248, 146, -307, 48, -200, 
-312, -317, -4, 314, -153, -161, 170, 248, 141, -307, 48, -200, 
-312, -317, -4, 314, -153, -161, 170, 239, 141, -307, 48, -200, 
-312, -317, -4, 314, -153, -161, 170, 239, 141, -307, 48, -200, 
-312, -317, -4, 314, -153, -161, 170, 239, 141, -307, 48, -200, 
-312, -317, -4, 314, -153, -161, 170, 239, 136, -312, 48, -200, 
-312, -317, -4, 314, -153, -161, 170, 239, 136, -312, 48, -200, 
-312, -317, -4, 314, -153, -161, 170, 239, 131, -312, 43, -200, 
-312, -317, -4, 314, -153, -161, 170, 239, 131, -312, 43, -200, 
-312, -322, -9, 317, -151, -165, 170, 239, 131, -312, 43, -200, 
-302, -331, -29, 317, -136, -180, 170, 239, 126, -312, 43, -200, 
-302, -326, -24, 314, -139, -175, 170, 239, 126, -317, 43, -200, 
-302, -326, -24, 314, -139, -175, 170, 239, 131, -317, 43, -204, 
-302, -326, -24, 314, -139, -175, 170, 239, 131, -317, 43, -209, 
-312, -331, -19, 322, -146, -175, 170, 239, 141, -317, 43, -200, 
-312, -331, -19, 322, -146, -175, 170, 239, 141, -317, 43, -200, 
-312, -331, -19, 322, -146, -175, 170, 239, 141, -317, 43, -200, 
-312, -331, -19, 322, -146, -175, 170, 239, 136, -317, 43, -200, 
-317, -331, -14, 324, -151, -173, 170, 239, 136, -326, 43, -209, 
-317, -331, -14, 324, -151, -173, 170, 239, 141, -331, 43, -209, 
-312, -336, -24, 324, -143, -180, 170, 239, 141, -331, 43, -204, 
-312, -336, -24, 324, -143, -180, 170, 239, 131, -331, 43, -204, 
-317, -336, -19, 326, -148, -178, 170, 239, 131, -322, 39, -204, 
-317, -336, -19, 326, -148, -178, 170, 239, 131, -322, 39, -209, 
-312, -331, -19, 322, -146, -175, 170, 239, 131, -322, 39, -209, 
-312, -331, -19, 322, -146, -175, 170, 234, 126, -326, 34, -214, 
-312, -336, -24, 324, -143, -180, 170, 234, 126, -326, 34, -214, 
-312, -336, -24, 324, -143, -180, 170, 234, 126, -326, 34, -214, 
-312, -331, -19, 322, -146, -175, 170, 234, 126, -326, 34, -214, 
-312, -331, -19, 322, -146, -175, 170, 234, 126, -331, 29, -214, 
-317, -331, -14, 324, -151, -173, 170, 244, 131, -331, 29, -204, 
-317, -331, -14, 324, -151, -173, 170, 244, 131, -331, 29, -204, 
-317, -336, -19, 326, -148, -178, 170, 244, 126, -331, 29, -204, 
-317, -341, -24, 329, -146, -183, 170, 244, 126, -331, 29, -204, 
-317, -341, -24, 329, -146, -183, 170, 234, 117, -331, 29, -214, 
-317, -341, -24, 329, -146, -183, 170, 234, 117, -336, 29, -214, 
-317, -346, -29, 331, -143, -187, 170, 234, 117, -341, 29, -214, 
-317, -346, -29, 331, -143, -187, 170, 234, 122, -341, 29, -214, 
-317, -336, -19, 326, -148, -178, 170, 234, 122, -341, 29, -214, 
-317, -336, -19, 326, -148, -178, 170, 229, 117, -341, 29, -214, 
-317, -336, -19, 326, -148, -178, 170, 229, 117, -341, 29, -214, 
-317, -336, -19, 326, -148, -178, 170, 234, 117, -336, 29, -214, 
-307, -341, -34, 324, -136, -187, 165, 234, 117, -336, 29, -214, 
-307, -341, -34, 324, -136, -187, 165, 234, 117, -341, 29, -214, 
-307, -341, -34, 324, -136, -187, 161, 234, 117, -351, 29, -214, 
-307, -341, -34, 324, -136, -187, 161, 234, 117, -341, 29, -214, 
-312, -351, -39, 331, -136, -195, 161, 234, 117, -331, 29, -214, 
-312, -351, -39, 331, -136, -195, 161, 234, 107, -336, 24, -219, 
-312, -351, -39, 331, -136, -195, 161, 229, 102, -336, 19, -219, 
-312, -351, -39, 331, -136, -195, 161, 229, 102, -341, 19, -219, 
-317, -341, -24, 329, -146, -183, 161, 229, 112, -341, 24, -214, 
-317, -341, -24, 329, -146, -183, 161, 229, 112, -341, 24, -214, 
-317, -341, -24, 329, -146, -183, 161, 234, 112, -341, 24, -214, 
-317, -341, -24, 329, -146, -183, 161, 234, 112, -341, 24, -214, 
-317, -341, -24, 329, -146, -183, 161, 234, 112, -336, 24, -214, 
-317, -341, -24, 329, -146, -183, 161, 229, 112, -336, 24, -214, 
-317, -341, -24, 329, -146, -183, 161, 229, 112, -336, 19, -214, 
-317, -341, -24, 329, -146, -183, 161, 229, 117, -336, 19, -214, 
-317, -341, -24, 329, -146, -183, 170, 229, 107, -336, 24, -214, 
-317, -346, -29, 331, -143, -187, 170, 229, 107, -346, 24, -214, 
-317, -346, -29, 331, -143, -187, 170, 224, 107, -346, 19, -214, 
-317, -346, -29, 331, -143, -187, 170, 224, 107, -346, 19, -219, 
-312, -346, -34, 329, -139, -190, 161, 224, 107, -341, 9, -219, 
-312, -346, -34, 329, -139, -190, 161, 224, 107, -341, 9, -219, 
-317, -341, -24, 329, -146, -183, 161, 224, 107, -341, 14, -219, 
-317, -341, -24, 329, -146, -183, 161, 224, 107, -341, 14, -219, 
-317, -341, -24, 329, -146, -183, 161, 224, 107, -351, 14, -219, 
-312, -346, -34, 329, -139, -190, 161, 224, 107, -351, 14, -219, 
-312, -346, -34, 329, -139, -190, 161, 224, 107, -351, 14, -224, 
-312, -346, -34, 329, -139, -190, 161, 224, 107, -351, 14, -224, 
-312, -346, -34, 329, -139, -190, 170, 224, 107, -346, 14, -219, 
-317, -346, -29, 331, -143, -187, 170, 224, 107, -346, 14, -219, 
-317, -346, -29, 331, -143, -187, 170, 224, 107, -346, 14, -229, 
-317, -346, -29, 331, -143, -187, 170, 224, 102, -346, 14, -229, 
-317, -346, -29, 331, -143, -187, 161, 224, 102, -346, 14, -224, 
-317, -346, -29, 331, -143, -187, 161, 224, 102, -346, 14, -224, 
-317, -346, -29, 331, -143, -187, 161, 229, 107, -346, 14, -224, 
-317, -346, -29, 331, -143, -187, 161, 229, 107, -346, 14, -224, 
-317, -346, -29, 331, -143, -187, 165, 224, 107, -356, 14, -234, 
-317, -346, -29, 331, -143, -187, 165, 219, 107, -356, 14, -234, 
-317, -346, -29, 331, -143, -187, 165, 219, 107, -361, 9, -234, 
-317, -346, -29, 331, -143, -187, 165, 219, 107, -361, 9, -234, 
-317, -336, -19, 326, -148, -178, 165, 219, 117, -351, 19, -234, 
-317, -336, -19, 326, -148, -178, 165, 224, 112, -351, 19, -234, 
-317, -336, -19, 326, -148, -178, 165, 224, 112, -351, 24, -234, 
-317, -336, -19, 326, -148, -178, 165, 219, 112, -351, 24, -234, 
-317, -346, -29, 331, -143, -187, 165, 219, 112, -351, 14, -224, 
-317, -346, -29, 331, -143, -187, 165, 224, 112, -346, 14, -224, 
-317, -346, -29, 331, -143, -187, 165, 224, 112, -346, 14, -229, 
-317, -346, -29, 331, -143, -187, 165, 224, 112, -346, 19, -229, 
-317, -346, -29, 331, -143, -187, 161, 224, 102, -356, 19, -229, 
-317, -346, -29, 331, -143, -187, 161, 224, 102, -356, 14, -229, 
-317, -346, -29, 331, -143, -187, 165, 224, 102, -361, 14, -229, 
-317, -346, -29, 331, -143, -187, 165, 224, 102, -361, 14, -229, 
-317, -346, -29, 331, -143, -187, 165, 224, 102, -356, 14, -229, 
-317, -351, -34, 334, -141, -192, 165, 219, 107, -356, 14, -229, 
-317, -351, -34, 334, -141, -192, 165, 219, 107, -356, 14, -229, 
-312, -351, -39, 331, -136, -195, 165, 224, 107, -356, 14, -229, 
-312, -346, -34, 329, -139, -190, 170, 224, 102, -356, 19, -234, 
-312, -341, -29, 326, -141, -185, 170, 214, 107, -356, 14, -229, 
-312, -341, -29, 326, -141, -185, 165, 214, 107, -351, 9, -234, 
-322, -351, -29, 336, -146, -190, 165, 214, 107, -351, 9, -234, 
-322, -351, -29, 336, -146, -190, 165, 214, 107, -351, 9, -234, 
-322, -351, -29, 336, -146, -190, 165, 214, 107, -351, 9, -234, 
-322, -351, -29, 336, -146, -190, 165, 214, 107, -351, 9, -234, 
-322, -351, -29, 336, -146, -190, 165, 224, 107, -351, 9, -234, 
-322, -351, -29, 336, -146, -190, 165, 224, 107, -351, 9, -234, 
-322, -351, -29, 336, -146, -190, 165, 224, 107, -351, 9, -234, 
-322, -351, -29, 336, -146, -190, 165, 224, 107, -351, 9, -234, 
-322, -341, -19, 331, -151, -180, 165, 224, 107, -351, 9, -224, 
-322, -341, -19, 331, -151, -180, 165, 224, 107, -351, 9, -224, 
-322, -341, -19, 331, -151, -180, 165, 224, 107, -351, 9, -224, 
-322, -341, -19, 331, -151, -180, 165, 224, 107, -351, 9, -224, 
-322, -341, -19, 331, -151, -180, 156, 214, 97, -351, 9, -234, 
-322, -341, -19, 331, -151, -180, 156, 214, 97, -351, 9, -234, 
-322, -341, -19, 331, -151, -180, 156, 214, 97, -351, 9, -234, 
-322, -341, -19, 331, -151, -180, 156, 214, 97, -351, 9, -234, 
-322, -341, -19, 331, -151, -180, 156, 214, 97, -351, 9, -234, 
-322, -341, -19, 331, -151, -180, 156, 214, 97, -351, 9, -234, 
-322, -341, -19, 331, -151, -180, 156, 214, 97, -351, 9, -234, 
-322, -341, -19, 331, -151, -180, 156, 214, 97, -351, 9, -234, 
-322, -341, -19, 331, -151, -180, 165, 224, 97, -361, 9, -234, 
-322, -341, -19, 331, -151, -180, 165, 224, 97, -361, 9, -234, 
-322, -341, -19, 331, -151, -180, 165, 224, 97, -361, 9, -234, 
-322, -341, -19, 331, -151, -180, 165, 224, 97, -361, 9, -234, 
-322, -341, -19, 331, -151, -180, 165, 224, 97, -351, 19, -224, 
-322, -341, -19, 331, -151, -180, 165, 224, 97, -351, 19, -224, 
-322, -341, -19, 331, -151, -180, 165, 224, 97, -351, 19, -224, 
-322, -341, -19, 331, -151, -180, 165, 224, 97, -351, 19, -224, 
-322, -341, -19, 331, -151, -180, 165, 214, 97, -361, 19, -224, 
-322, -341, -19, 331, -151, -180, 165, 214, 97, -361, 19, -224, 
-322, -341, -19, 331, -151, -180, 165, 214, 97, -361, 19, -224, 
-322, -341, -19, 331, -151, -180, 165, 214, 97, -361, 19, -224, 
-322, -341, -19, 331, -151, -180, 165, 214, 97, -361, 19, -234, 
-322, -341, -19, 331, -151, -180, 165, 214, 97, -361, 19, -234, 
-322, -341, -19, 331, -151, -180, 165, 214, 97, -361, 19, -234, 
-322, -341, -19, 331, -151, -180, 165, 214, 97, -361, 19, -234, 
-322, -341, -19, 331, -151, -180, 165, 214, 97, -361, 19, -224, 
-322, -341, -19, 331, -151, -180, 165, 214, 97, -361, 19, -224, 
-322, -341, -19, 331, -151, -180, 165, 214, 97, -361, 19, -224, 
-322, -341, -19, 331, -151, -180, 165, 214, 97, -361, 19, -224, 
-322, -341, -19, 331, -151, -180, 165, 214, 97, -361, 19, -224, 
-322, -341, -19, 331, -151, -180, 165, 214, 97, -361, 19, -224, 
-322, -341, -19, 331, -151, -180, 165, 214, 97, -361, 19, -224, 
-322, -341, -19, 331, -151, -180, 165, 214, 97, -361, 19, -224, 
-322, -341, -19, 331, -151, -180, 175, 224, 97, -361, 19, -234, 
-322, -341, -19, 331, -151, -180, 175, 224, 97, -361, 19, -234, 
-322, -341, -19, 331, -151, -180, 175, 224, 97, -361, 19, -234, 
-322, -341, -19, 331, -151, -180, 175, 224, 97, -361, 19, -234, 
-322, -341, -19, 331, -151, -180, 165, 214, 87, -361, 19, -224, 
-322, -341, -19, 331, -151, -180, 165, 214, 87, -361, 19, -224, 
-322, -341, -19, 331, -151, -180, 165, 214, 87, -361, 19, -224, 
-322, -341, -19, 331, -151, -180, 165, 214, 87, -361, 19, -224, 
-322, -341, -19, 331, -151, -180, 165, 214, 87, -361, 19, -224, 
-322, -341, -19, 331, -151, -180, 165, 214, 87, -361, 19, -224, 
-322, -341, -19, 331, -151, -180, 165, 214, 87, -361, 19, -224, 
-322, -341, -19, 331, -151, -180, 165, 214, 87, -361, 19, -224, 
-322, -341, -19, 331, -151, -180, 165, 214, 87, -361, 19, -234, 
-322, -341, -19, 331, -151, -180, 165, 214, 87, -361, 19, -234, 
-322, -341, -19, 331, -151, -180, 165, 214, 87, -361, 19, -234, 
-322, -341, -19, 331, -151, -180, 165, 214, 87, -361, 19, -234, 
-322, -341, -19, 331, -151, -180, 165, 214, 87, -361, 19, -234, 
-322, -341, -19, 331, -151, -180, 165, 214, 87, -361, 19, -234, 
-322, -341, -19, 331, -151, -180, 165, 214, 87, -361, 19, -234, 
-322, -341, -19, 331, -151, -180, 165, 214, 87, -361, 19, -234, 
-322, -341, -19, 331, -151, -180, 165, 214, 87, -361, 19, -234, 
-322, -341, -19, 331, -151, -180, 165, 214, 87, -361, 19, -234, 
-322, -341, -19, 331, -151, -180, 165, 214, 87, -361, 19, -234, 
-322, -341, -19, 331, -151, -180, 165, 214, 87, -361, 19, -234, 
-322, -341, -19, 331, -151, -180, 175, 214, 87, -361, 9, -234, 
-322, -341, -19, 331, -151, -180, 175, 214, 87, -361, 9, -234, 
-322, -341, -19, 331, -151, -180, 175, 214, 87, -361, 9, -234, 
-322, -341, -19, 331, -151, -180, 175, 214, 87, -361, 9, -234, 
-322, -341, -19, 331, -151, -180, 165, 214, 87, -361, 9, -234, 
-322, -341, -19, 331, -151, -180, 165, 214, 87, -361, 9, -234, 
-322, -341, -19, 331, -151, -180, 165, 214, 87, -361, 9, -234, 
-322, -341, -19, 331, -151, -180, 165, 214, 87, -361, 9, -234, 
-322, -341, -19, 331, -151, -180, 165, 214, 87, -361, 19, -224, 
-322, -341, -19, 331, -151, -180, 165, 214, 87, -361, 19, -224, 
-322, -341, -19, 331, -151, -180, 165, 214, 87, -361, 19, -224, 
-322, -341, -19, 331, -151, -180, 165, 214, 87, -361, 19, -224, 
-322, -341, -19, 331, -151, -180, 165, 204, 78, -351, 19, -234, 
-322, -341, -19, 331, -151, -180, 165, 204, 78, -351, 19, -234, 
-322, -341, -19, 331, -151, -180, 165, 204, 78, -351, 19, -234, 
-322, -341, -19, 331, -151, -180, 165, 204, 78, -351, 19, -234, 
-322, -341, -19, 331, -151, -180, 165, 214, 87, -361, 9, -234, 
-322, -341, -19, 331, -151, -180, 165, 214, 87, -361, 9, -234, 
-322, -341, -19, 331, -151, -180, 165, 214, 87, -361, 9, -234, 
-322, -341, -19, 331, -151, -180, 165, 214, 87, -361, 9, -234, 
-312, -341, -29, 326, -141, -185, 156, 204, 78, -361, 19, -234, 
-312, -341, -29, 326, -141, -185, 156, 204, 78, -361, 19, -234, 
-312, -341, -29, 326, -141, -185, 156, 204, 78, -361, 19, -234, 
-312, -341, -29, 326, -141, -185, 156, 204, 78, -361, 19, -234, 
-322, -341, -19, 331, -151, -180, 165, 204, 87, -361, 19, -224, 
-322, -341, -19, 331, -151, -180, 165, 204, 87, -361, 19, -224, 
-322, -341, -19, 331, -151, -180, 165, 204, 87, -361, 19, -224, 
-322, -341, -19, 331, -151, -180, 165, 204, 87, -361, 19, -224, 
-322, -341, -19, 331, -151, -180, 165, 214, 87, -361, 19, -224, 
-322, -341, -19, 331, -151, -180, 165, 214, 87, -361, 19, -224, 
-322, -341, -19, 331, -151, -180, 165, 214, 87, -361, 19, -224, 
-322, -341, -19, 331, -151, -180, 165, 214, 87, -361, 19, -224, 
-322, -341, -19, 331, -151, -180, 156, 214, 87, -361, 19, -234, 
-322, -341, -19, 331, -151, -180, 156, 214, 87, -361, 19, -234, 
-322, -341, -19, 331, -151, -180, 156, 214, 87, -361, 19, -234, 
-322, -341, -19, 331, -151, -180, 156, 214, 87, -361, 19, -234, 
-322, -331, -9, 326, -156, -170, 165, 204, 78, -361, 19, -234, 
-322, -331, -9, 326, -156, -170, 165, 204, 78, -361, 19, -234, 
-322, -331, -9, 326, -156, -170, 165, 204, 78, -361, 19, -234, 
-322, -331, -9, 326, -156, -170, 165, 204, 78, -361, 19, -234, 
-322, -331, -9, 326, -156, -170, 165, 204, 87, -361, 19, -234, 
-322, -331, -9, 326, -156, -170, 165, 204, 87, -361, 19, -234, 
-322, -331, -9, 326, -156, -170, 165, 204, 87, -361, 19, -234, 
-322, -331, -9, 326, -156, -170, 165, 204, 87, -361, 19, -234, 
-312, -322, -9, 317, -151, -165, 156, 209, 97, -356, 29, -224, 
-312, -322, -9, 317, -151, -165, 156, 214, 97, -351, 29, -224, 
-312, -322, -9, 317, -151, -165, 156, 219, 97, -346, 29, -224, 
-312, -322, -9, 317, -151, -165, 156, 224, 97, -341, 29, -224, 
-302, -312, -9, 307, -146, -161, 165, 234, 102, -336, 34, -219, 
-302, -302, 0, 302, -151, -151, 165, 234, 107, -331, 39, -214, 
-302, -292, 9, 297, -156, -141, 165, 234, 112, -326, 43, -209, 
-302, -283, 19, 292, -161, -131, 165, 234, 117, -322, 48, -204, 
-302, -268, 34, 285, -168, -117, 175, 239, 122, -312, 58, -200, 
-302, -263, 39, 283, -170, -112, 175, 244, 126, -312, 58, -195, 
-302, -258, 43, 280, -173, -107, 175, 248, 131, -312, 58, -190, 
-302, -253, 48, 278, -175, -102, 175, 253, 136, -312, 58, -185, 
-292, -244, 48, 268, -170, -97, 165, 253, 141, -307, 68, -175, 
-292, -244, 48, 268, -170, -97, 165, 253, 146, -302, 68, -175, 
-292, -244, 48, 268, -170, -97, 165, 253, 151, -297, 68, -175, 
-292, -244, 48, 268, -170, -97, 165, 253, 156, -292, 68, -175, 
-283, -239, 43, 261, -163, -97, 161, 258, 161, -283, 73, -175, 
-283, -234, 48, 258, -165, -92, 156, 263, 165, -283, 78, -175, 
-283, -229, 53, 256, -168, -87, 151, 268, 170, -283, 82, -175, 
-283, -224, 58, 253, -170, -82, 146, 273, 175, -283, 87, -175, 
-273, -214, 58, 244, -165, -78, 126, 258, 170, -283, 87, -165, 
-273, -214, 58, 244, -165, -78, 117, 244, 165, -283, 87, -165, 
-273, -214, 58, 244, -165, -78, 107, 229, 161, -283, 87, -165, 
-273, -214, 58, 244, -165, -78, 97, 214, 156, -283, 87, -165, 
-273, -204, 68, 239, -170, -68, 82, 200, 156, -283, 87, -156, 
-273, -204, 68, 239, -170, -68, 78, 195, 156, -283, 87, -156, 
-273, -204, 68, 239, -170, -68, 73, 190, 156, -283, 87, -156, 
-273, -204, 68, 239, -170, -68, 68, 185, 156, -283, 87, -156, 
-273, -214, 58, 244, -165, -78, 78, 190, 146, -292, 78, -165, 
-273, -214, 58, 244, -165, -78, 78, 195, 146, -292, 78, -165, 
-273, -214, 58, 244, -165, -78, 78, 200, 146, -292, 78, -165, 
-273, -214, 58, 244, -165, -78, 78, 204, 146, -292, 78, -165, 
-268, -219, 48, 244, -158, -85, 87, 204, 141, -292, 78, -175, 
-263, -224, 39, 244, -151, -92, 87, 204, 136, -292, 78, -175, 
-258, -229, 29, 244, -143, -100, 87, 204, 131, -292, 78, -175, 
-253, -234, 19, 244, -136, -107, 87, 204, 126, -292, 78, -175, 
-253, -239, 14, 246, -134, -112, 97, 204, 117, -297, 68, -175, 
-253, -244, 9, 248, -131, -117, 97, 204, 117, -302, 68, -175, 
-253, -248, 4, 251, -129, -122, 97, 204, 117, -307, 68, -175, 
-253, -258, -4, 256, -124, -131, 102, 200, 112, -317, 63, -180, 
-263, -278, -14, 270, -124, -146, 107, 209, 97, -326, 43, -190, 
-278, -278, 0, 278, -139, -139, 122, 209, 97, -331, 43, -190, 
-287, -283, 4, 285, -146, -139, 131, 209, 97, -336, 43, -190, 
-302, -297, 4, 300, -153, -146, 141, 214, 97, -336, 39, -200, 
-307, -302, 4, 305, -156, -148, 136, 204, 97, -341, 43, -214, 
-312, -307, 4, 309, -158, -151, 136, 204, 87, -341, 39, -219, 
-322, -317, 4, 319, -163, -156, 141, 204, 87, -346, 34, -224, 
-322, -322, 0, 322, -161, -161, 141, 200, 82, -351, 34, -229, 
-322, -322, 0, 322, -161, -161, 141, 190, 87, -351, 29, -224, 
-322, -326, -4, 324, -158, -165, 141, 190, 87, -356, 29, -224, 
-326, -326, 0, 326, -163, -163, 141, 190, 87, -356, 29, -224, 
-326, -326, 0, 326, -163, -163, 136, 185, 87, -356, 29, -224, 
-326, -326, 0, 326, -163, -163, 146, 195, 87, -356, 34, -224, 
-326, -326, 0, 326, -163, -163, 146, 200, 87, -356, 34, -219, 
-322, -326, -4, 324, -158, -165, 146, 200, 87, -361, 29, -219, 
-322, -331, -9, 326, -156, -170, 146, 195, 87, -361, 24, -229, 
-322, -331, -9, 326, -156, -170, 146, 195, 87, -361, 24, -229, 
-326, -331, -4, 329, -161, -168, 146, 195, 87, -361, 29, -224, 
-326, -331, -4, 329, -161, -168, 146, 200, 87, -361, 29, -224, 
-326, -331, -4, 329, -161, -168, 146, 200, 87, -361, 24, -224, 
-326, -331, -4, 329, -161, -168, 146, 200, 87, -361, 24, -234, 
-331, -331, 0, 331, -165, -165, 151, 200, 87, -361, 24, -234, 
-331, -331, 0, 331, -165, -165, 151, 200, 87, -361, 24, -234, 
-326, -331, -4, 329, -161, -168, 151, 200, 87, -356, 24, -234, 
-326, -322, 4, 324, -165, -158, 156, 200, 78, -356, 24, -224, 
-326, -322, 4, 324, -165, -158, 156, 200, 82, -361, 24, -229, 
-326, -326, 0, 326, -163, -163, 156, 200, 82, -361, 24, -229, 
-331, -326, 4, 329, -168, -161, 151, 200, 82, -361, 24, -224, 
-331, -326, 4, 329, -168, -161, 151, 200, 82, -361, 24, -234, 
-331, -331, 0, 331, -165, -165, 151, 200, 82, -361, 24, -234, 
-331, -331, 0, 331, -165, -165, 156, 195, 82, -361, 24, -234, 
-331, -331, 0, 331, -165, -165, 156, 195, 82, -361, 24, -234, 
-331, -331, 0, 331, -165, -165, 151, 200, 82, -361, 24, -224, 
-331, -326, 4, 329, -168, -161, 151, 200, 82, -366, 24, -224, 
-331, -326, 4, 329, -168, -161, 146, 200, 82, -366, 24, -224, 
-331, -331, 0, 331, -165, -165, 146, 200, 82, -361, 24, -229, 
-326, -331, -4, 329, -161, -168, 156, 200, 78, -361, 24, -229, 
-326, -331, -4, 329, -161, -168, 156, 200, 78, -361, 24, -229, 
-326, -331, -4, 329, -161, -168, 161, 200, 78, -361, 24, -229, 
-326, -331, -4, 329, -161, -168, 161, 200, 78, -361, 24, -229, 
-331, -326, 4, 329, -168, -161, 161, 200, 78, -361, 24, -229, 
-331, -326, 4, 329, -168, -161, 161, 200, 78, -361, 24, -229, 
-336, -326, 9, 331, -173, -158, 161, 200, 78, -361, 24, -229, 
-336, -331, 4, 334, -170, -163, 161, 200, 78, -361, 24, -229, 
-336, -331, 4, 334, -170, -163, 161, 209, 87, -351, 24, -224, 
-336, -331, 4, 334, -170, -163, 161, 209, 87, -351, 24, -224, 
-336, -331, 4, 334, -170, -163, 165, 209, 87, -351, 29, -229, 
-336, -331, 4, 334, -170, -163, 165, 209, 87, -351, 29, -229, 
-326, -331, -4, 329, -161, -168, 161, 200, 87, -351, 24, -229, 
-326, -331, -4, 329, -161, -168, 161, 200, 87, -351, 24, -229, 
-326, -331, -4, 329, -161, -168, 161, 200, 87, -351, 24, -229, 
-326, -331, -4, 329, -161, -168, 161, 200, 87, -351, 24, -229, 
-326, -322, 4, 324, -165, -158, 161, 200, 78, -351, 24, -229, 
-326, -322, 4, 324, -165, -158, 161, 200, 82, -351, 24, -229, 
-326, -322, 4, 324, -165, -158, 161, 200, 82, -351, 24, -229, 
-326, -322, 4, 324, -165, -158, 161, 200, 82, -351, 24, -229, 
-326, -331, -4, 329, -161, -168, 161, 209, 78, -361, 24, -229, 
-326, -331, -4, 329, -161, -168, 161, 209, 78, -361, 24, -229, 
-326, -331, -4, 329, -161, -168, 161, 209, 82, -361, 24, -229, 
-326, -331, -4, 329, -161, -168, 161, 209, 82, -361, 24, -229, 
-336, -322, 14, 329, -175, -153, 161, 209, 82, -361, 19, -229, 
-336, -322, 14, 329, -175, -153, 161, 209, 82, -361, 19, -224, 
-336, -322, 14, 329, -175, -153, 165, 209, 82, -361, 19, -224, 
-336, -322, 14, 329, -175, -153, 165, 209, 82, -361, 19, -224, 
-331, -331, 0, 331, -165, -165, 165, 200, 92, -361, 19, -224, 
-331, -331, 0, 331, -165, -165, 165, 200, 92, -361, 19, -224, 
-326, -331, -4, 329, -161, -168, 165, 200, 92, -361, 19, -224, 
-326, -326, 0, 326, -163, -163, 165, 200, 92, -361, 19, -224, 
-326, -317, 9, 322, -168, -153, 156, 200, 82, -361, 19, -224, 
-326, -317, 9, 322, -168, -153, 156, 200, 82, -361, 19, -224, 
-326, -322, 4, 324, -165, -158, 156, 200, 82, -361, 19, -224, 
-326, -322, 4, 324, -165, -158, 156, 200, 82, -361, 24, -224, 
-331, -322, 9, 326, -170, -156, 156, 200, 82, -361, 24, -224, 
-331, -322, 9, 326, -170, -156, 156, 200, 82, -356, 24, -224, 
-326, -322, 4, 324, -165, -158, 156, 204, 82, -356, 24, -224, 
-326, -322, 4, 324, -165, -158, 156, 204, 82, -361, 19, -224, 
-331, -322, 9, 326, -170, -156, 161, 214, 82, -351, 19, -224, 
-322, -326, -4, 324, -158, -165, 161, 214, 82, -351, 14, -224, 
-322, -336, -14, 329, -153, -175, 175, 219, 92, -361, 9, -229, 
-331, -341, -9, 336, -161, -175, 185, 229, 102, -366, 14, -244, 
-341, -346, -4, 344, -168, -175, 204, 248, 107, -356, 9, -248, 
-336, -351, -14, 344, -161, -183, 219, 278, 117, -361, 4, -263, 
-331, -366, -34, 348, -148, -200, 234, 312, 141, -356, -9, -287, 
-331, -390, -58, 361, -136, -224, 258, 356, 161, -351, -24, -317, 
-326, -414, -87, 370, -119, -251, 283, 409, 190, -341, -34, -331, 
-312, -424, -112, 368, -100, -268, 302, 444, 229, -326, -39, -356, 
-292, -414, -122, 353, -85, -268, 287, 478, 263, -302, -39, -351, 
-253, -385, -131, 319, -61, -258, 273, 507, 307, -244, -9, -331, 
-200, -336, -136, 268, -31, -236, 253, 566, 390, -170, 53, -287, 
-151, -224, -73, 187, -39, -148, 200, 551, 497, -48, 156, -200, 
-112, -87, 24, 100, -68, -31, 102, 424, 619, 63, 268, -102, 
-102, 58, 161, 21, -131, 109, -4, 239, 668, 126, 356, -14, 
-78, 180, 258, -51, -168, 219, -112, 58, 649, 136, 439, 82, 
-24, 312, 336, -143, -180, 324, -244, -136, 600, 161, 536, 214, 
24, 468, 444, -246, -209, 456, -405, -370, 536, 209, 663, 380, 
48, 639, 590, -344, -270, 614, -570, -634, 463, 273, 814, 580, 
63, 800, 736, -431, -336, 768, -727, -883, 351, 326, 976, 785, 
82, 917, 834, -500, -375, 875, -863, -1112, 185, 336, 1093, 961, 
68, 1010, 941, -539, -436, 976, -966, -1307, 9, 336, 1200, 1122, 
0, 1171, 1171, -585, -585, 1171, -1063, -1507, -82, 400, 1371, 1332, 
-87, 1390, 1478, -651, -783, 1434, -1171, -1708, -97, 531, 1605, 1581, 
-156, 1571, 1727, -707, -941, 1649, -1239, -1830, -107, 644, 1805, 1781, 
-195, 1615, 1810, -710, -1002, 1712, -1249, -1834, -146, 688, 1917, 1903, 
-214, 1517, 1732, -651, -973, 1625, -1190, -1742, -180, 707, 1947, 1927, 
-253, 1351, 1605, -549, -929, 1478, -1078, -1600, -190, 683, 1912, 1888, 
-312, 1166, 1478, -427, -895, 1322, -936, -1464, -200, 639, 1844, 1805, 
-341, 956, 1298, -307, -819, 1127, -795, -1312, -219, 556, 1717, 1664, 
-385, 732, 1117, -173, -751, 924, -663, -1161, -248, 409, 1503, 1468, 
-414, 522, 936, -53, -675, 729, -531, -990, -244, 258, 1249, 1224, 
-409, 341, 751, 34, -580, 546, -400, -800, -209, 146, 1034, 985, 
-390, 190, 580, 100, -485, 385, -307, -639, -209, 34, 839, 775, 
-366, 82, 448, 141, -407, 265, -234, -478, -214, -92, 649, 585, 
-336, 0, 336, 168, -336, 168, -170, -302, -209, -239, 429, 370, 
-326, -78, 248, 202, -287, 85, -107, -165, -200, -375, 224, 146, 
-336, -126, 209, 231, -273, 41, -73, -82, -151, -400, 146, 24, 
-326, -146, 180, 236, -253, 17, -43, -24, -63, -341, 165, -9, 
-326, -161, 165, 244, -246, 2, -4, 14, -9, -307, 161, -39, 
-312, -180, 131, 246, -222, -24, 24, 48, 29, -287, 161, -48, 
-297, -190, 107, 244, -202, -41, 39, 87, 82, -234, 195, -24, 
-283, -195, 87, 239, -185, -53, 63, 131, 112, -200, 214, -14, 
-283, -195, 87, 239, -185, -53, 97, 156, 126, -200, 204, -19, 
-283, -200, 82, 241, -183, -58, 112, 180, 131, -190, 209, -39, 
-273, -200, 73, 236, -173, -63, 122, 200, 141, -200, 214, -43, 
-273, -190, 82, 231, -178, -53, 122, 200, 141, -209, 200, -53, 
-273, -200, 73, 236, -173, -63, 112, 200, 131, -214, 190, -63, 
-273, -200, 73, 236, -173, -63, 112, 209, 136, -224, 180, -73, 
-278, -200, 78, 239, -178, -61, 112, 209, 141, -229, 165, -87, 
-287, -224, 63, 256, -175, -80, 126, 219, 141, -239, 151, -97, 
-278, -229, 48, 253, -163, -90, 131, 224, 146, -244, 136, -117, 
-287, -244, 43, 265, -165, -100, 136, 224, 146, -248, 122, -136, 
-297, -253, 43, 275, -170, -104, 146, 234, 146, -258, 117, -151, 
-297, -258, 39, 278, -168, -109, 146, 244, 146, -258, 117, -151, 
-297, -258, 39, 278, -168, -109, 151, 244, 146, -263, 117, -151, 
-297, -258, 39, 278, -168, -109, 151, 244, 146, -263, 117, -151, 
-287, -248, 39, 268, -163, -104, 151, 253, 141, -263, 112, -151, 
-287, -253, 34, 270, -161, -109, 151, 258, 146, -263, 112, -151, 
-287, -253, 34, 270, -161, -109, 151, 258, 146, -263, 112, -156, 
-287, -253, 34, 270, -161, -109, 151, 258, 151, -263, 112, -161, 
-278, -263, 14, 270, -146, -124, 156, 258, 151, -263, 107, -151, 
-278, -263, 14, 270, -146, -124, 156, 268, 151, -263, 102, -151, 
-278, -263, 14, 270, -146, -124, 161, 273, 156, -263, 102, -151, 
-268, -263, 4, 265, -136, -129, 161, 273, 156, -263, 102, -151, 
-278, -263, 14, 270, -146, -124, 161, 263, 156, -263, 107, -161, 
-278, -263, 14, 270, -146, -124, 161, 263, 156, -263, 107, -161, 
-278, -258, 19, 268, -148, -119, 161, 263, 156, -258, 107, -161, 
-278, -258, 19, 268, -148, -119, 161, 258, 156, -253, 107, -161, 
-278, -258, 19, 268, -148, -119, 161, 268, 156, -263, 107, -161, 
-278, -258, 19, 268, -148, -119, 161, 268, 161, -263, 107, -161, 
-278, -258, 19, 268, -148, -119, 161, 268, 161, -263, 107, -161, 
-278, -253, 24, 265, -151, -114, 161, 268, 161, -263, 107, -161, 
-263, -244, 19, 253, -141, -112, 151, 268, 165, -263, 107, -170, 
-263, -244, 19, 253, -141, -112, 146, 273, 165, -263, 107, -165, 
-263, -244, 19, 253, -141, -112, 146, 273, 165, -263, 112, -165, 
-263, -244, 19, 253, -141, -112, 146, 273, 165, -263, 112, -165, 
-268, -244, 24, 256, -146, -109, 146, 283, 170, -253, 122, -156, 
-268, -239, 29, 253, -148, -104, 146, 283, 170, -248, 122, -156, 
-268, -239, 29, 253, -148, -104, 146, 283, 170, -244, 122, -156, 
-268, -239, 29, 253, -148, -104, 146, 283, 170, -239, 126, -156, 
-258, -239, 19, 248, -139, -109, 151, 273, 165, -244, 136, -151, 
-258, -239, 19, 248, -139, -109, 151, 273, 165, -239, 136, -151, 
-258, -239, 19, 248, -139, -109, 151, 273, 165, -239, 136, -141, 
-258, -239, 19, 248, -139, -109, 151, 273, 170, -234, 141, -141, 
-258, -239, 19, 248, -139, -109, 141, 283, 180, -229, 141, -146, 
-253, -239, 14, 246, -134, -112, 141, 283, 180, -229, 146, -146, 
-253, -234, 19, 244, -136, -107, 141, 283, 180, -224, 151, -141, 
-253, -234, 19, 244, -136, -107, 141, 283, 185, -224, 151, -136, 
-253, -234, 19, 244, -136, -107, 141, 283, 190, -224, 151, -126, 
-253, -229, 24, 241, -139, -102, 136, 283, 190, -219, 156, -126, 
-248, -224, 24, 236, -136, -100, 136, 283, 190, -219, 156, -126, 
-248, -224, 24, 236, -136, -100, 131, 283, 195, -219, 156, -126, 
-248, -219, 29, 234, -139, -95, 141, 278, 185, -219, 156, -126, 
-248, -214, 34, 231, -141, -90, 136, 278, 185, -214, 156, -126, 
-244, -214, 29, 229, -136, -92, 136, 278, 185, -214, 156, -126, 
-244, -214, 29, 229, -136, -92, 136, 278, 190, -214, 156, -122, 
-244, -209, 34, 226, -139, -87, 136, 278, 190, -204, 165, -117, 
-244, -209, 34, 226, -139, -87, 131, 273, 190, -204, 165, -117, 
-244, -209, 34, 226, -139, -87, 131, 273, 190, -204, 165, -117, 
-244, -204, 39, 224, -141, -82, 131, 273, 190, -204, 165, -112, 
-239, -200, 39, 219, -139, -80, 122, 268, 195, -204, 180, -107, 
-239, -200, 39, 219, -139, -80, 122, 268, 195, -195, 180, -97, 
-239, -200, 39, 219, -139, -80, 122, 268, 195, -195, 180, -97, 
-239, -200, 39, 219, -139, -80, 117, 268, 200, -195, 185, -97, 
-244, -204, 39, 224, -141, -82, 126, 268, 200, -204, 185, -97, 
-244, -204, 39, 224, -141, -82, 122, 268, 200, -195, 185, -97, 
-244, -204, 39, 224, -141, -82, 122, 268, 204, -195, 190, -92, 
-244, -204, 39, 224, -141, -82, 122, 268, 204, -190, 195, -87, 
-229, -195, 34, 212, -131, -80, 117, 268, 209, -190, 195, -87, 
-229, -190, 39, 209, -134, -75, 112, 268, 214, -185, 195, -87, 
-229, -180, 48, 204, -139, -65, 112, 268, 214, -180, 204, -87, 
-229, -175, 53, 202, -141, -61, 112, 268, 214, -180, 209, -82, 
-239, -185, 53, 212, -146, -65, 112, 268, 214, -170, 214, -73, 
-234, -185, 48, 209, -141, -68, 107, 268, 214, -170, 214, -73, 
-234, -175, 58, 204, -146, -58, 107, 268, 224, -161, 219, -68, 
-229, -175, 53, 202, -141, -61, 107, 268, 224, -161, 224, -68, 
-229, -175, 53, 202, -141, -61, 107, 268, 224, -161, 234, -58, 
-229, -175, 53, 202, -141, -61, 102, 268, 224, -151, 239, -53, 
-229, -165, 63, 197, -146, -51, 102, 268, 229, -146, 244, -43, 
-229, -165, 63, 197, -146, -51, 102, 268, 229, -141, 248, -43, 
-219, -165, 53, 192, -136, -56, 92, 278, 234, -151, 253, -39, 
-214, -161, 53, 187, -134, -53, 92, 278, 234, -146, 253, -34, 
-214, -156, 58, 185, -136, -48, 92, 278, 234, -141, 263, -29, 
-214, -156, 58, 185, -136, -48, 92, 278, 239, -136, 268, -24, 
-214, -151, 63, 183, -139, -43, 82, 278, 234, -131, 268, -29, 
-214, -146, 68, 180, -141, -39, 78, 278, 234, -131, 273, -24, 
-209, -141, 68, 175, -139, -36, 78, 278, 239, -126, 278, -24, 
-209, -136, 73, 173, -141, -31, 78, 278, 239, -122, 283, -19, 
-204, -131, 73, 168, -139, -29, 78, 287, 248, -107, 297, -4, 
-204, -131, 73, 168, -139, -29, 78, 287, 258, -102, 307, 0, 
-200, -126, 73, 163, -136, -26, 73, 287, 263, -92, 317, 9, 
-195, -122, 73, 158, -134, -24, 63, 287, 263, -92, 322, 14, 
-195, -122, 73, 158, -134, -24, 73, 278, 263, -82, 322, 14, 
-190, -117, 73, 153, -131, -21, 68, 278, 273, -78, 326, 24, 
-190, -112, 78, 151, -134, -17, 63, 278, 278, -73, 326, 29, 
-185, -97, 87, 141, -136, -4, 63, 278, 283, -68, 326, 34, 
-185, -107, 78, 146, -131, -14, 53, 283, 278, -58, 331, 53, 
-180, -97, 82, 139, -131, -7, 53, 283, 283, -48, 341, 58, 
-175, -92, 82, 134, -129, -4, 43, 278, 287, -43, 356, 68, 
-170, -87, 82, 129, -126, -2, 39, 278, 292, -39, 366, 82, 
-165, -73, 92, 119, -129, 9, 48, 287, 297, -34, 380, 78, 
-161, -68, 92, 114, -126, 12, 43, 292, 307, -24, 390, 87, 
-161, -63, 97, 112, -129, 17, 39, 292, 312, -14, 400, 97, 
-156, -43, 112, 100, -134, 34, 39, 292, 312, -9, 409, 107, 
-141, -43, 97, 92, -119, 26, 24, 297, 312, 0, 409, 117, 
-136, -34, 102, 85, -119, 34, 19, 297, 317, 9, 424, 126, 
-131, -19, 112, 75, -122, 46, 14, 297, 326, 19, 439, 136, 
-126, -14, 112, 70, -119, 48, 9, 297, 336, 34, 444, 156, 
-126, -14, 112, 70, -119, 48, 4, 297, 341, 53, 468, 170, 
-122, -4, 117, 63, -119, 56, 0, 297, 356, 63, 488, 180, 
-117, 4, 122, 56, -119, 63, -9, 292, 356, 73, 492, 195, 
-107, 14, 122, 46, -114, 68, -14, 292, 361, 82, 502, 209, 
-102, 39, 141, 31, -122, 90, -19, 307, 366, 87, 507, 224, 
-97, 48, 146, 24, -122, 97, -24, 307, 375, 107, 527, 239, 
-92, 53, 146, 19, -119, 100, -29, 307, 385, 122, 546, 258, 
-87, 68, 156, 9, -122, 112, -34, 307, 395, 131, 561, 273, 
-68, 92, 161, -12, -114, 126, -43, 297, 395, 146, 575, 278, 
-68, 97, 165, -14, -117, 131, -53, 297, 400, 161, 595, 297, 
-63, 107, 170, -21, -117, 139, -68, 297, 409, 175, 610, 317, 
-53, 126, 180, -36, -117, 153, -68, 297, 419, 190, 619, 331, 
-43, 131, 175, -43, -109, 153, -73, 307, 439, 195, 639, 346, 
-39, 146, 185, -53, -112, 165, -82, 307, 444, 209, 653, 366, 
-29, 151, 180, -61, -104, 165, -92, 297, 448, 224, 668, 380, 
-14, 170, 185, -78, -100, 178, -102, 297, 453, 239, 688, 400, 
-14, 185, 200, -85, -107, 192, -102, 297, 458, 253, 702, 424, 
-4, 195, 200, -95, -102, 197, -112, 297, 473, 268, 722, 444, 
0, 209, 209, -104, -104, 209, -122, 292, 473, 283, 741, 463, 
14, 224, 209, -119, -97, 217, -131, 287, 488, 297, 761, 483, 
24, 244, 219, -134, -97, 231, -151, 283, 497, 312, 780, 488, 
29, 258, 229, -143, -100, 244, -156, 278, 502, 326, 800, 507, 
39, 273, 234, -156, -97, 253, -165, 273, 502, 341, 819, 527, 
43, 287, 244, -165, -100, 265, -175, 273, 502, 351, 829, 546, 
43, 302, 258, -173, -107, 280, -180, 258, 507, 361, 839, 556, 
48, 312, 263, -180, -107, 287, -195, 253, 512, 370, 854, 575, 
58, 322, 263, -190, -102, 292, -200, 248, 517, 375, 868, 585, 
63, 331, 268, -197, -102, 300, -214, 244, 517, 380, 883, 600, 
53, 341, 287, -197, -117, 314, -214, 234, 531, 385, 888, 610, 
58, 341, 283, -200, -112, 312, -219, 229, 531, 390, 897, 610, 
58, 346, 287, -202, -114, 317, -229, 219, 527, 395, 897, 610, 
58, 356, 297, -207, -119, 326, -229, 204, 522, 400, 897, 614, 
63, 356, 292, -209, -114, 324, -229, 180, 517, 395, 897, 614, 
63, 356, 292, -209, -114, 324, -234, 175, 517, 385, 893, 610, 
58, 356, 297, -207, -119, 326, -234, 165, 507, 385, 893, 600, 
53, 351, 297, -202, -122, 324, -234, 156, 497, 370, 873, 590, 
39, 346, 307, -192, -134, 326, -229, 156, 483, 346, 844, 580, 
24, 326, 302, -175, -139, 314, -224, 156, 473, 322, 819, 551, 
9, 317, 307, -163, -148, 312, -219, 146, 448, 287, 790, 522, 
0, 292, 292, -146, -146, 292, -204, 146, 429, 263, 761, 492, 
-14, 258, 273, -122, -143, 265, -195, 136, 424, 244, 732, 463, 
-29, 234, 263, -102, -146, 248, -180, 136, 414, 219, 702, 434, 
-43, 209, 253, -82, -148, 231, -165, 136, 400, 200, 683, 400, 
-58, 180, 239, -61, -148, 209, -151, 136, 390, 180, 653, 370, 
-78, 165, 244, -43, -161, 204, -136, 141, 370, 151, 624, 351, 
-92, 146, 239, -26, -165, 192, -126, 136, 351, 122, 595, 317, 
-107, 117, 224, -4, -165, 170, -112, 136, 331, 87, 566, 287, 
-126, 97, 224, 14, -175, 161, -92, 141, 317, 58, 536, 244, 
-126, 68, 195, 29, -161, 131, -68, 146, 302, 39, 502, 209, 
-141, 39, 180, 51, -161, 109, -53, 146, 287, 9, 468, 175, 
-161, 9, 170, 75, -165, 90, -39, 156, 278, -19, 439, 141, 
-170, -19, 151, 95, -161, 65, -24, 161, 268, -43, 409, 117, 
-190, -48, 141, 119, -165, 46, -4, 165, 263, -58, 390, 107, 
-200, -68, 131, 134, -165, 31, 9, 165, 248, -78, 366, 78, 
-214, -87, 126, 151, -170, 19, 24, 161, 239, -97, 346, 48, 
-224, -107, 117, 165, -170, 4, 34, 161, 224, -122, 322, 24, 
-224, -122, 102, 173, -163, -9, 43, 156, 200, -146, 307, 14, 
-229, -136, 92, 183, -161, -21, 53, 165, 190, -165, 287, -4, 
-239, -156, 82, 197, -161, -36, 58, 170, 180, -185, 263, -24, 
-248, -170, 78, 209, -163, -46, 73, 175, 170, -200, 239, -48, 
-258, -190, 68, 224, -163, -61, 82, 185, 156, -209, 229, -73, 
-268, -209, 58, 239, -163, -75, 92, 185, 151, -214, 214, -92, 
-273, -219, 53, 246, -163, -82, 97, 185, 146, -219, 204, -102, 
-278, -229, 48, 253, -163, -90, 97, 185, 136, -214, 204, -107, 
-287, -234, 53, 261, -170, -90, 117, 185, 141, -224, 195, -107, 
-287, -244, 43, 265, -165, -100, 117, 185, 131, -239, 190, -112, 
-287, -244, 43, 265, -165, -100, 122, 190, 131, -253, 180, -122, 
-292, -253, 39, 273, -165, -107, 126, 190, 131, -268, 170, -136, 
-287, -258, 29, 273, -158, -114, 131, 180, 126, -273, 156, -146, 
-292, -268, 24, 280, -158, -122, 131, 185, 112, -278, 146, -151, 
-297, -278, 19, 287, -158, -129, 131, 185, 107, -278, 141, -161, 
-297, -283, 14, 290, -156, -134, 136, 185, 107, -273, 131, -165, 
-307, -287, 19, 297, -163, -134, 141, 195, 107, -283, 131, -175, 
-307, -287, 19, 297, -163, -134, 146, 195, 102, -283, 131, -175, 
-307, -292, 14, 300, -161, -139, 151, 195, 102, -283, 131, -180, 
-307, -292, 14, 300, -161, -139, 151, 195, 102, -283, 131, -180, 
-312, -287, 24, 300, -168, -131, 156, 185, 97, -297, 126, -170, 
-312, -287, 24, 300, -168, -131, 156, 185, 87, -297, 122, -175, 
-312, -292, 19, 302, -165, -136, 161, 185, 87, -297, 122, -180, 
-312, -297, 14, 305, -163, -141, 161, 195, 92, -297, 122, -185, 
-312, -307, 4, 309, -158, -151, 161, 195, 92, -297, 122, -190, 
-312, -307, 4, 309, -158, -151, 161, 195, 92, -297, 122, -190, 
-312, -307, 4, 309, -158, -151, 161, 195, 92, -297, 122, -185, 
-312, -307, 4, 309, -158, -151, 161, 200, 92, -297, 122, -185, 
-312, -317, -4, 314, -153, -161, 161, 209, 92, -307, 122, -185, 
-312, -317, -4, 314, -153, -161, 165, 209, 92, -307, 122, -185, 
-317, -317, 0, 317, -158, -158, 165, 204, 92, -307, 122, -185, 
-317, -317, 0, 317, -158, -158, 165, 204, 92, -307, 122, -185, 
-317, -307, 9, 312, -163, -148, 175, 204, 102, -302, 112, -175, 
-317, -307, 9, 312, -163, -148, 175, 204, 97, -302, 112, -180, 
-317, -307, 9, 312, -163, -148, 175, 204, 97, -302, 117, -180, 
-317, -307, 9, 312, -163, -148, 175, 204, 97, -302, 117, -180, 
-317, -307, 9, 312, -163, -148, 175, 214, 97, -302, 112, -185, 
-317, -307, 9, 312, -163, -148, 170, 214, 97, -302, 112, -185, 
-317, -307, 9, 312, -163, -148, 170, 214, 97, -302, 117, -185, 
-317, -307, 9, 312, -163, -148, 170, 214, 97, -302, 126, -185, 
-326, -317, 9, 322, -168, -153, 180, 214, 107, -292, 126, -185, 
-322, -317, 4, 319, -163, -156, 180, 219, 107, -297, 126, -190, 
-322, -317, 4, 319, -163, -156, 180, 219, 107, -297, 126, -190, 
-326, -317, 9, 322, -168, -153, 180, 219, 107, -297, 126, -190, 
-326, -307, 19, 317, -173, -143, 180, 219, 112, -297, 126, -185, 
-326, -312, 14, 319, -170, -148, 180, 219, 112, -297, 131, -185, 
-326, -312, 14, 319, -170, -148, 180, 219, 112, -297, 131, -185, 
-326, -312, 14, 319, -170, -148, 180, 219, 112, -297, 131, -185, 
-326, -312, 14, 319, -170, -148, 180, 219, 112, -292, 122, -190, 
-326, -312, 14, 319, -170, -148, 180, 219, 112, -292, 122, -190, 
-326, -312, 14, 319, -170, -148, 180, 219, 112, -292, 122, -190, 
-326, -312, 14, 319, -170, -148, 180, 219, 112, -292, 122, -185, 
-317, -312, 4, 314, -161, -153, 190, 219, 112, -292, 122, -175, 
-317, -312, 4, 314, -161, -153, 190, 224, 112, -287, 122, -175, 
-317, -312, 4, 314, -161, -153, 185, 224, 112, -287, 122, -180, 
-317, -312, 4, 314, -161, -153, 185, 224, 112, -287, 122, -180, 
-326, -312, 14, 319, -170, -148, 185, 234, 112, -287, 131, -180, 
-322, -307, 14, 314, -168, -146, 185, 234, 112, -287, 131, -180, 
-322, -307, 14, 314, -168, -146, 185, 234, 112, -287, 131, -180, 
-322, -307, 14, 314, -168, -146, 190, 234, 112, -287, 131, -175, 
-312, -307, 4, 309, -158, -151, 180, 234, 122, -287, 131, -185, 
-312, -307, 4, 309, -158, -151, 180, 234, 122, -287, 131, -185, 
-312, -307, 4, 309, -158, -151, 175, 234, 122, -287, 131, -185, 
-312, -307, 4, 309, -158, -151, 175, 234, 122, -287, 131, -185, 
-312, -307, 4, 309, -158, -151, 185, 234, 112, -297, 122, -190, 
-312, -307, 4, 309, -158, -151, 185, 229, 112, -297, 122, -190, 
-312, -307, 4, 309, -158, -151, 185, 229, 112, -297, 122, -190, 
-312, -307, 4, 309, -158, -151, 185, 229, 117, -297, 122, -190, 
-322, -307, 14, 314, -168, -146, 195, 229, 117, -287, 131, -180, 
-322, -307, 14, 314, -168, -146, 195, 229, 117, -287, 131, -180, 
-322, -307, 14, 314, -168, -146, 195, 229, 117, -292, 131, -180, 
-322, -307, 14, 314, -168, -146, 195, 229, 117, -292, 131, -180, 
-322, -307, 14, 314, -168, -146, 185, 229, 117, -292, 131, -180, 
-322, -307, 14, 314, -168, -146, 190, 229, 117, -292, 131, -180, 
-322, -307, 14, 314, -168, -146, 190, 229, 117, -292, 131, -180, 
-322, -307, 14, 314, -168, -146, 190, 229, 117, -292, 131, -175, 
-322, -307, 14, 314, -168, -146, 190, 229, 117, -292, 136, -175, 
-322, -307, 14, 314, -168, -146, 190, 229, 117, -297, 136, -180, 
-322, -307, 14, 314, -168, -146, 190, 229, 117, -297, 136, -180, 
-322, -307, 14, 314, -168, -146, 190, 229, 112, -297, 136, -180, 
-312, -297, 14, 305, -163, -141, 190, 229, 102, -307, 131, -190, 
-312, -297, 14, 305, -163, -141, 190, 229, 102, -307, 126, -190, 
-312, -297, 14, 305, -163, -141, 190, 229, 102, -307, 122, -190, 
-312, -297, 14, 305, -163, -141, 190, 229, 97, -312, 117, -190, 
-312, -287, 24, 300, -168, -131, 180, 219, 107, -307, 126, -190, 
-312, -287, 24, 300, -168, -131, 180, 219, 102, -302, 122, -190, 
-312, -287, 24, 300, -168, -131, 180, 219, 102, -297, 122, -190, 
-312, -292, 19, 302, -165, -136, 180, 219, 102, -292, 122, -190, 
-312, -292, 19, 302, -165, -136, 190, 219, 97, -292, 122, -190, 
-312, -287, 24, 300, -168, -131, 190, 219, 97, -297, 122, -190, 
-312, -287, 24, 300, -168, -131, 190, 219, 102, -297, 122, -195, 
-312, -287, 24, 300, -168, -131, 190, 219, 102, -297, 122, -200, 
-312, -292, 19, 302, -165, -136, 190, 229, 102, -307, 112, -190, 
-312, -292, 19, 302, -165, -136, 190, 229, 102, -307, 112, -190, 
-312, -292, 19, 302, -165, -136, 190, 229, 102, -307, 112, -190, 
-312, -292, 19, 302, -165, -136, 190, 229, 97, -307, 112, -190, 
-317, -302, 14, 309, -165, -143, 190, 229, 97, -317, 122, -200, 
-317, -302, 14, 309, -165, -143, 190, 229, 102, -322, 122, -200, 
-312, -307, 4, 309, -158, -151, 190, 229, 102, -322, 122, -195, 
-312, -307, 4, 309, -158, -151, 190, 229, 92, -322, 122, -195, 
-317, -307, 9, 312, -163, -148, 190, 229, 92, -312, 117, -195, 
-317, -307, 9, 312, -163, -148, 190, 229, 92, -312, 117, -200, 
-312, -302, 9, 307, -161, -146, 190, 229, 92, -312, 117, -200, 
-312, -302, 9, 307, -161, -146, 190, 224, 87, -317, 112, -204, 
-322, -317, 4, 319, -163, -156, 200, 224, 97, -307, 122, -195, 
-322, -317, 4, 319, -163, -156, 200, 224, 97, -307, 122, -195, 
-322, -312, 9, 317, -165, -151, 200, 224, 97, -307, 122, -195, 
-322, -312, 9, 317, -165, -151, 200, 224, 97, -312, 117, -195, 
-317, -302, 14, 309, -165, -143, 200, 224, 92, -312, 117, -204, 
-317, -302, 14, 309, -165, -143, 200, 224, 92, -312, 117, -204, 
-317, -307, 9, 312, -163, -148, 200, 224, 87, -312, 117, -204, 
-317, -312, 4, 314, -161, -153, 200, 224, 87, -312, 117, -204, 
-326, -312, 14, 319, -170, -148, 200, 224, 87, -312, 117, -204, 
-326, -312, 14, 319, -170, -148, 200, 224, 87, -317, 117, -204, 
-326, -317, 9, 322, -168, -153, 200, 224, 87, -322, 117, -204, 
-326, -317, 9, 322, -168, -153, 200, 224, 92, -322, 117, -204, 
-317, -317, 0, 317, -158, -158, 200, 234, 92, -322, 107, -204, 
-317, -317, 0, 317, -158, -158, 200, 229, 87, -322, 107, -204, 
-317, -317, 0, 317, -158, -158, 200, 229, 87, -322, 107, -204, 
-317, -317, 0, 317, -158, -158, 200, 234, 87, -317, 107, -204, 
-326, -322, 4, 324, -165, -158, 204, 234, 87, -317, 107, -204, 
-326, -322, 4, 324, -165, -158, 204, 234, 87, -322, 107, -204, 
-326, -322, 4, 324, -165, -158, 200, 234, 87, -331, 107, -204, 
-326, -322, 4, 324, -165, -158, 200, 234, 87, -322, 107, -204, 
-322, -322, 0, 322, -161, -161, 200, 234, 97, -322, 107, -204, 
-322, -322, 0, 322, -161, -161, 200, 234, 87, -326, 102, -209, 
-322, -322, 0, 322, -161, -161, 200, 229, 82, -326, 97, -209, 
-322, -322, 0, 322, -161, -161, 200, 229, 82, -331, 97, -209, 
-326, -322, 4, 324, -165, -158, 200, 229, 73, -331, 102, -214, 
-326, -322, 4, 324, -165, -158, 200, 229, 73, -331, 102, -214, 
-326, -322, 4, 324, -165, -158, 200, 234, 73, -331, 102, -214, 
-326, -322, 4, 324, -165, -158, 200, 234, 73, -331, 102, -214, 
-317, -322, -4, 319, -156, -163, 200, 234, 73, -326, 102, -214, 
-317, -322, -4, 319, -156, -163, 200, 229, 73, -326, 102, -214, 
-317, -322, -4, 319, -156, -163, 200, 229, 73, -326, 97, -214, 
-317, -322, -4, 319, -156, -163, 200, 229, 78, -326, 97, -214, 
-326, -322, 4, 324, -165, -158, 200, 229, 78, -326, 112, -214, 
-326, -326, 0, 326, -163, -163, 200, 229, 78, -336, 112, -214, 
-326, -326, 0, 326, -163, -163, 200, 224, 78, -336, 107, -214, 
-326, -326, 0, 326, -163, -163, 200, 224, 78, -336, 107, -219, 
-322, -326, -4, 324, -158, -165, 200, 234, 78, -331, 97, -219, 
-322, -326, -4, 324, -158, -165, 200, 234, 78, -331, 97, -219, 
-326, -322, 4, 324, -165, -158, 200, 234, 78, -331, 102, -219, 
-326, -322, 4, 324, -165, -158, 200, 234, 78, -331, 102, -219, 
-326, -322, 4, 324, -165, -158, 200, 234, 78, -331, 102, -219, 
-322, -326, -4, 324, -158, -165, 200, 234, 78, -331, 102, -219, 
-322, -326, -4, 324, -158, -165, 200, 234, 78, -331, 102, -224, 
-322, -326, -4, 324, -158, -165, 200, 234, 78, -331, 102, -224, 
-312, -326, -14, 319, -148, -170, 200, 234, 78, -336, 102, -209, 
-317, -326, -9, 322, -153, -168, 200, 234, 78, -336, 102, -209, 
-317, -326, -9, 322, -153, -168, 200, 234, 78, -336, 102, -219, 
-317, -326, -9, 322, -153, -168, 200, 234, 73, -336, 102, -219, 
-326, -317, 9, 322, -168, -153, 200, 234, 63, -326, 102, -224, 
-326, -317, 9, 322, -168, -153, 200, 234, 63, -326, 102, -224, 
-326, -317, 9, 322, -168, -153, 200, 239, 68, -326, 102, -224, 
-326, -317, 9, 322, -168, -153, 200, 239, 68, -326, 102, -224, 
-326, -317, 9, 322, -168, -153, 204, 234, 78, -326, 102, -224, 
-326, -317, 9, 322, -168, -153, 204, 229, 78, -326, 102, -224, 
-326, -317, 9, 322, -168, -153, 204, 229, 78, -331, 97, -224, 
-326, -317, 9, 322, -168, -153, 204, 229, 78, -331, 97, -224, 
-326, -326, 0, 326, -163, -163, 204, 229, 78, -341, 87, -234, 
-326, -326, 0, 326, -163, -163, 204, 234, 73, -341, 87, -234, 
-326, -326, 0, 326, -163, -163, 204, 234, 73, -341, 92, -234, 
-326, -326, 0, 326, -163, -163, 204, 229, 73, -341, 92, -234, 
-326, -317, 9, 322, -168, -153, 204, 219, 63, -351, 92, -224, 
-326, -317, 9, 322, -168, -153, 204, 224, 63, -346, 92, -224, 
-326, -317, 9, 322, -168, -153, 204, 224, 63, -346, 92, -229, 
-326, -317, 9, 322, -168, -153, 204, 224, 63, -346, 97, -229, 
-326, -317, 9, 322, -168, -153, 200, 234, 63, -336, 97, -219, 
-326, -317, 9, 322, -168, -153, 200, 234, 63, -336, 92, -219, 
-326, -317, 9, 322, -168, -153, 204, 234, 63, -341, 92, -219, 
-326, -317, 9, 322, -168, -153, 204, 234, 63, -341, 92, -219, 
-326, -326, 0, 326, -163, -163, 204, 234, 63, -336, 102, -229, 
-326, -331, -4, 329, -161, -168, 204, 229, 68, -336, 102, -229, 
-326, -331, -4, 329, -161, -168, 204, 229, 68, -336, 102, -229, 
-322, -331, -9, 326, -156, -170, 204, 234, 68, -336, 102, -229, 
-322, -317, 4, 319, -163, -156, 209, 244, 63, -336, 97, -224, 
-322, -322, 0, 322, -161, -161, 209, 244, 68, -336, 102, -229, 
-322, -322, 0, 322, -161, -161, 214, 234, 68, -341, 107, -224, 
-322, -322, 0, 322, -161, -161, 214, 234, 68, -341, 107, -224, 
-322, -322, 0, 322, -161, -161, 214, 234, 68, -341, 107, -224, 
-322, -322, 0, 322, -161, -161, 214, 234, 68, -341, 107, -224, 
-322, -322, 0, 322, -161, -161, 214, 234, 68, -341, 107, -224, 
-322, -331, -9, 326, -156, -170, 214, 244, 78, -341, 97, -234, 
-322, -331, -9, 326, -156, -170, 214, 244, 78, -341, 97, -234, 
-322, -331, -9, 326, -156, -170, 214, 244, 78, -341, 97, -234, 
-322, -331, -9, 326, -156, -170, 214, 244, 78, -341, 97, -234, 
-331, -331, 0, 331, -165, -165, 214, 244, 73, -341, 97, -224, 
-331, -331, 0, 331, -165, -165, 214, 244, 68, -341, 97, -224, 
-331, -331, 0, 331, -165, -165, 214, 244, 63, -341, 97, -224, 
-331, -331, 0, 331, -165, -165, 214, 244, 58, -341, 97, -224, 
-331, -331, 0, 331, -165, -165, 224, 244, 68, -341, 107, -224, 
-331, -331, 0, 331, -165, -165, 224, 244, 68, -341, 107, -224, 
-331, -331, 0, 331, -165, -165, 224, 244, 68, -341, 107, -224, 
-331, -331, 0, 331, -165, -165, 224, 244, 68, -341, 107, -224, 
-322, -331, -9, 326, -156, -170, 224, 244, 58, -341, 107, -229, 
-322, -331, -9, 326, -156, -170, 224, 244, 58, -341, 107, -234, 
-322, -331, -9, 326, -156, -170, 224, 244, 58, -341, 107, -239, 
-322, -331, -9, 326, -156, -170, 224, 244, 58, -341, 107, -244, 
-331, -331, 0, 331, -165, -165, 224, 244, 68, -341, 97, -244, 
-331, -331, 0, 331, -165, -165, 224, 244, 68, -341, 97, -244, 
-331, -331, 0, 331, -165, -165, 224, 244, 68, -341, 97, -244, 
-331, -331, 0, 331, -165, -165, 224, 244, 68, -341, 97, -244, 
-331, -331, 0, 331, -165, -165, 224, 244, 68, -341, 107, -234, 
-331, -331, 0, 331, -165, -165, 224, 244, 68, -341, 107, -234, 
-331, -331, 0, 331, -165, -165, 224, 244, 68, -341, 107, -234, 
-331, -331, 0, 331, -165, -165, 224, 244, 68, -341, 107, -234, 
-331, -331, 0, 331, -165, -165, 224, 244, 68, -341, 107, -234, 
-331, -331, 0, 331, -165, -165, 224, 244, 68, -341, 107, -234, 
-331, -331, 0, 331, -165, -165, 224, 244, 68, -341, 107, -234, 
-331, -331, 0, 331, -165, -165, 224, 244, 68, -341, 107, -234, 
-331, -341, -9, 336, -161, -175, 224, 253, 78, -331, 107, -234, 
-331, -341, -9, 336, -161, -175, 224, 253, 78, -331, 107, -234, 
-331, -341, -9, 336, -161, -175, 224, 253, 78, -331, 107, -234, 
-331, -341, -9, 336, -161, -175, 224, 253, 78, -331, 107, -234, 
-331, -341, -9, 336, -161, -175, 224, 253, 78, -331, 107, -234, 
-331, -341, -9, 336, -161, -175, 224, 253, 78, -331, 107, -234, 
-331, -341, -9, 336, -161, -175, 224, 253, 78, -331, 107, -234, 
-331, -341, -9, 336, -161, -175, 224, 253, 78, -331, 107, -234, 
-341, -341, 0, 341, -170, -170, 234, 244, 68, -341, 97, -234, 
-341, -341, 0, 341, -170, -170, 234, 244, 68, -341, 97, -234, 
-341, -341, 0, 341, -170, -170, 234, 244, 68, -341, 97, -234, 
-341, -341, 0, 341, -170, -170, 234, 244, 68, -341, 97, -234, 
-341, -341, 0, 341, -170, -170, 224, 253, 58, -341, 97, -244, 
-341, -341, 0, 341, -170, -170, 224, 253, 58, -341, 97, -244, 
-341, -341, 0, 341, -170, -170, 224, 253, 58, -341, 97, -244, 
-341, -341, 0, 341, -170, -170, 224, 253, 58, -341, 97, -244, 
-341, -341, 0, 341, -170, -170, 224, 253, 58, -341, 97, -244, 
-341, -341, 0, 341, -170, -170, 224, 253, 58, -341, 97, -244, 
-341, -341, 0, 341, -170, -170, 224, 253, 58, -341, 97, -244, 
-341, -341, 0, 341, -170, -170, 224, 253, 58, -341, 97, -244, 
-341, -351, -9, 346, -165, -180, 234, 263, 68, -331, 107, -244, 
-341, -351, -9, 346, -165, -180, 234, 263, 68, -331, 107, -244, 
-341, -351, -9, 346, -165, -180, 234, 263, 68, -331, 107, -244, 
-341, -351, -9, 346, -165, -180, 234, 263, 68, -331, 107, -244, 
-341, -351, -9, 346, -165, -180, 234, 263, 58, -341, 107, -234, 
-341, -351, -9, 346, -165, -180, 234, 263, 58, -341, 107, -234, 
-341, -351, -9, 346, -165, -180, 234, 263, 58, -341, 107, -234, 
-341, -351, -9, 346, -165, -180, 234, 263, 58, -341, 107, -234, 
-331, -341, -9, 336, -161, -175, 224, 253, 58, -341, 107, -244, 
-331, -341, -9, 336, -161, -175, 224, 253, 58, -341, 107, -244, 
-331, -341, -9, 336, -161, -175, 224, 253, 58, -341, 107, -244, 
-331, -341, -9, 336, -161, -175, 224, 253, 58, -341, 107, -244, 
-331, -341, -9, 336, -161, -175, 224, 263, 58, -331, 117, -244, 
-331, -341, -9, 336, -161, -175, 224, 263, 58, -331, 117, -244, 
-331, -341, -9, 336, -161, -175, 224, 263, 58, -331, 117, -244, 
-331, -341, -9, 336, -161, -175, 224, 263, 58, -331, 117, -244, 
-331, -341, -9, 336, -161, -175, 234, 263, 58, -341, 107, -244, 
-331, -341, -9, 336, -161, -175, 234, 263, 58, -341, 107, -244, 
-331, -341, -9, 336, -161, -175, 234, 263, 58, -341, 107, -244, 
-331, -341, -9, 336, -161, -175, 234, 263, 58, -341, 107, -244, 
-331, -351, -19, 341, -156, -185, 234, 263, 58, -341, 107, -244, 
-331, -351, -19, 341, -156, -185, 234, 263, 58, -341, 107, -244, 
-331, -351, -19, 341, -156, -185, 234, 263, 58, -341, 107, -244, 
-331, -351, -19, 341, -156, -185, 234, 263, 58, -341, 107, -244, 
-341, -351, -9, 346, -165, -180, 234, 263, 58, -341, 107, -234, 
-341, -351, -9, 346, -165, -180, 234, 263, 58, -341, 107, -234, 
-341, -351, -9, 346, -165, -180, 234, 263, 58, -341, 107, -234, 
-341, -351, -9, 346, -165, -180, 234, 263, 58, -341, 107, -234, 
-341, -341, 0, 341, -170, -170, 234, 263, 58, -341, 107, -244, 
-341, -341, 0, 341, -170, -170, 234, 263, 58, -341, 107, -244, 
-341, -341, 0, 341, -170, -170, 234, 263, 58, -341, 107, -244, 
-341, -341, 0, 341, -170, -170, 234, 263, 58, -341, 107, -244, 
-331, -341, -9, 336, -161, -175, 234, 263, 58, -341, 107, -244, 
-331, -341, -9, 336, -161, -175, 234, 263, 58, -341, 107, -244, 
-331, -341, -9, 336, -161, -175, 234, 263, 58, -341, 107, -244, 
-331, -341, -9, 336, -161, -175, 234, 263, 58, -341, 107, -244, 
-341, -331, 9, 336, -175, -161, 234, 273, 58, -341, 107, -253, 
-341, -331, 9, 336, -175, -161, 234, 273, 58, -341, 107, -253, 
-341, -331, 9, 336, -175, -161, 234, 273, 58, -341, 107, -253, 
-341, -331, 9, 336, -175, -161, 234, 273, 58, -341, 107, -253, 
-341, -341, 0, 341, -170, -170, 234, 263, 48, -341, 107, -253, 
-341, -341, 0, 341, -170, -170, 234, 263, 48, -341, 107, -253, 
-341, -341, 0, 341, -170, -170, 234, 263, 48, -341, 107, -253, 
-341, -341, 0, 341, -170, -170, 234, 263, 48, -341, 107, -253, 
-341, -351, -9, 346, -165, -180, 234, 263, 58, -341, 117, -244, 
-341, -351, -9, 346, -165, -180, 234, 263, 58, -341, 117, -244, 
-341, -351, -9, 346, -165, -180, 234, 263, 58, -341, 117, -244, 
-341, -351, -9, 346, -165, -180, 234, 263, 58, -341, 117, -244, 
