I, II, III, aVR, aVL, aVF, V1, V2, V3, V4, V5, V6, 
224, 48, -175, -136, 200, -63, -48, 302, -566, -126, -48, -68, 
224, 48, -175, -136, 200, -63, -48, 302, -566, -126, -48, -68, 
224, 48, -175, -136, 200, -63, -48, 302, -566, -126, -48, -68, 
224, 48, -175, -136, 200, -63, -48, 302, -566, -126, -48, -68, 
224, 58, -165, -141, 195, -53, -48, 292, -566, -117, -58, -78, 
224, 58, -165, -141, 195, -53, -48, 292, -566, -117, -58, -78, 
224, 58, -165, -141, 195, -53, -48, 292, -566, -117, -58, -78, 
224, 58, -165, -141, 195, -53, -48, 292, -566, -117, -58, -78, 
214, 68, -146, -141, 180, -39, -58, 292, -566, -126, -68, -82, 
214, 68, -146, -141, 180, -39, -58, 292, -566, -126, -68, -87, 
214, 68, -146, -141, 180, -39, -58, 292, -566, -126, -68, -92, 
214, 68, -146, -141, 180, -39, -58, 292, -566, -126, -68, -97, 
214, 68, -146, -141, 180, -39, -48, 302, -566, -117, -58, -87, 
214, 68, -146, -141, 180, -39, -48, 302, -566, -117, -58, -87, 
214, 68, -146, -141, 180, -39, -48, 302, -566, -117, -58, -87, 
214, 68, -146, -141, 180, -39, -48, 302, -566, -117, -58, -87, 
214, 58, -156, -136, 185, -48, -48, 302, -556, -107, -48, -82, 
214, 58, -156, -136, 185, -48, -48, 302, -556, -107, -48, -78, 
214, 58, -156, -136, 185, -48, -48, 302, -556, -107, -48, -73, 
214, 58, -156, -136, 185, -48, -48, 302, -556, -107, -48, -68, 
224, 58, -165, -141, 195, -53, -48, 292, -556, -117, -58, -68, 
224, 58, -165, -141, 195, -53, -48, 292, -556, -117, -58, -68, 
224, 58, -165, -141, 195, -53, -48, 292, -556, -117, -58, -68, 
224, 58, -165, -141, 195, -53, -48, 292, -556, -117, -58, -68, 
224, 63, -161, -143, 192, -48, -48, 292, -556, -107, -48, -68, 
224, 68, -156, -146, 190, -43, -48, 292, -556, -107, -48, -68, 
224, 73, -151, -148, 187, -39, -48, 292, -556, -107, -48, -68, 
224, 78, -146, -151, 185, -34, -48, 292, -556, -107, -48, -68, 
234, 87, -146, -161, 190, -29, -48, 297, -551, -92, -43, -53, 
234, 97, -136, -165, 185, -19, -48, 302, -546, -87, -39, -48, 
234, 107, -126, -170, 180, -9, -48, 307, -541, -82, -34, -43, 
234, 117, -117, -175, 175, 0, -48, 312, -536, -78, -29, -39, 
239, 126, -112, -183, 175, 7, -39, 312, -527, -68, -19, -39, 
244, 126, -117, -185, 180, 4, -39, 312, -527, -68, -19, -39, 
248, 126, -122, -187, 185, 2, -39, 312, -527, -68, -19, -39, 
253, 126, -126, -190, 190, 0, -39, 312, -527, -68, -19, -39, 
253, 126, -126, -190, 190, 0, -39, 322, -517, -68, -19, -39, 
253, 126, -126, -190, 190, 0, -39, 322, -517, -68, -19, -39, 
253, 126, -126, -190, 190, 0, -39, 322, -517, -68, -19, -39, 
253, 126, -126, -190, 190, 0, -39, 322, -517, -68, -19, -39, 
263, 136, -126, -200, 195, 4, -29, 331, -502, -58, -14, -29, 
263, 136, -126, -200, 195, 4, -29, 331, -497, -58, -9, -29, 
263, 136, -126, -200, 195, 4, -24, 331, -488, -53, -4, -29, 
263, 131, -131, -197, 197, 0, -24, 331, -483, -53, 0, -29, 
268, 141, -126, -204, 197, 7, -29, 341, -473, -48, 9, -19, 
268, 141, -126, -204, 197, 7, -34, 341, -473, -43, 9, -19, 
268, 141, -126, -204, 197, 7, -39, 341, -473, -39, 9, -19, 
273, 146, -126, -209, 200, 9, -53, 336, -483, -39, 9, -19, 
287, 146, -141, -217, 214, 2, -63, 331, -502, -48, -4, -14, 
292, 151, -141, -222, 217, 4, -92, 326, -512, -53, -4, -14, 
297, 156, -141, -226, 219, 7, -107, 322, -512, -53, -4, -14, 
302, 156, -146, -229, 224, 4, -112, 317, -517, -53, -4, -14, 
307, 156, -151, -231, 229, 2, -117, 326, -512, -58, 4, -19, 
312, 156, -156, -234, 234, 0, -117, 322, -517, -58, 4, -14, 
317, 165, -151, -241, 234, 7, -117, 322, -522, -58, 9, -14, 
317, 170, -146, -244, 231, 12, -117, 322, -522, -58, 9, -14, 
317, 180, -136, -248, 226, 21, -117, 312, -522, -63, 9, -4, 
317, 175, -141, -246, 229, 17, -117, 312, -527, -73, 9, -4, 
317, 165, -151, -241, 234, 7, -107, 317, -527, -73, 9, -4, 
312, 156, -156, -234, 234, 0, -107, 317, -531, -73, 4, -9, 
302, 141, -161, -222, 231, -9, -97, 317, -541, -82, -19, -14, 
302, 131, -170, -217, 236, -19, -97, 312, -556, -92, -24, -19, 
302, 126, -175, -214, 239, -24, -97, 312, -556, -97, -24, -19, 
302, 117, -185, -209, 244, -34, -97, 302, -566, -102, -29, -19, 
302, 117, -185, -209, 244, -34, -107, 297, -566, -107, -24, -24, 
302, 122, -180, -212, 241, -29, -107, 292, -566, -107, -29, -24, 
302, 126, -175, -214, 239, -24, -107, 292, -561, -107, -29, -24, 
302, 131, -170, -217, 236, -19, -107, 292, -561, -107, -24, -24, 
302, 131, -170, -217, 236, -19, -97, 292, -551, -102, -14, -24, 
302, 131, -170, -217, 236, -19, -97, 292, -551, -102, -14, -24, 
302, 131, -170, -217, 236, -19, -92, 297, -546, -97, -9, -24, 
292, 131, -161, -212, 226, -14, -92, 302, -546, -92, -9, -24, 
283, 117, -165, -200, 224, -24, -87, 302, -556, -92, -14, -34, 
278, 107, -170, -192, 224, -31, -78, 302, -556, -92, -24, -39, 
273, 102, -170, -187, 222, -34, -73, 302, -556, -97, -29, -43, 
258, 97, -161, -178, 209, -31, -68, 297, -556, -97, -39, -53, 
244, 82, -161, -163, 202, -39, -73, 283, -556, -107, -48, -68, 
239, 78, -161, -158, 200, -41, -68, 283, -556, -117, -48, -73, 
234, 63, -170, -148, 202, -53, -68, 273, -566, -131, -63, -82, 
229, 48, -180, -139, 204, -65, -68, 263, -575, -151, -68, -87, 
229, 53, -175, -141, 202, -61, -68, 273, -575, -146, -63, -87, 
229, 43, -185, -136, 207, -70, -63, 268, -575, -141, -68, -82, 
224, 43, -180, -134, 202, -68, -63, 268, -585, -141, -68, -82, 
219, 34, -185, -126, 202, -75, -63, 263, -585, -136, -68, -78, 
219, 24, -195, -122, 207, -85, -63, 263, -585, -146, -73, -82, 
219, 24, -195, -122, 207, -85, -63, 263, -585, -146, -73, -87, 
219, 24, -195, -122, 207, -85, -58, 263, -585, -146, -73, -92, 
219, 24, -195, -122, 207, -85, -58, 263, -585, -146, -73, -92, 
209, 29, -180, -119, 195, -75, -53, 268, -580, -146, -78, -92, 
209, 29, -180, -119, 195, -75, -53, 268, -580, -146, -78, -87, 
204, 34, -170, -119, 187, -68, -53, 268, -575, -146, -78, -87, 
204, 39, -165, -122, 185, -63, -53, 268, -575, -146, -78, -87, 
209, 43, -165, -126, 187, -61, -58, 278, -575, -136, -73, -97, 
209, 43, -165, -126, 187, -61, -58, 278, -575, -136, -68, -92, 
214, 43, -170, -129, 192, -63, -53, 278, -570, -131, -68, -92, 
219, 43, -175, -131, 197, -65, -53, 283, -570, -131, -68, -92, 
219, 48, -170, -134, 195, -61, -53, 273, -570, -131, -68, -92, 
214, 48, -165, -131, 190, -58, -48, 273, -570, -126, -68, -92, 
214, 48, -165, -131, 190, -58, -48, 273, -570, -126, -68, -97, 
214, 48, -165, -131, 190, -58, -48, 273, -570, -126, -68, -97, 
204, 39, -165, -122, 185, -63, -48, 273, -566, -126, -78, -97, 
200, 39, -161, -119, 180, -61, -43, 273, -566, -126, -78, -97, 
200, 39, -161, -119, 180, -61, -43, 273, -566, -126, -78, -97, 
200, 34, -165, -117, 183, -65, -43, 273, -561, -126, -78, -97, 
195, 43, -151, -119, 173, -53, -43, 283, -570, -136, -68, -97, 
195, 43, -151, -119, 173, -53, -43, 283, -570, -136, -68, -92, 
195, 43, -151, -119, 173, -53, -43, 283, -570, -136, -68, -92, 
195, 43, -151, -119, 173, -53, -43, 283, -570, -136, -68, -92, 
190, 43, -146, -117, 168, -51, -53, 273, -561, -126, -58, -82, 
190, 48, -141, -119, 165, -46, -48, 273, -561, -126, -58, -82, 
190, 48, -141, -119, 165, -46, -48, 273, -561, -126, -58, -82, 
195, 48, -146, -122, 170, -48, -53, 273, -561, -126, -58, -82, 
204, 39, -165, -122, 185, -63, -43, 273, -561, -122, -48, -73, 
204, 39, -165, -122, 185, -63, -43, 278, -556, -117, -48, -73, 
204, 39, -165, -122, 185, -63, -43, 278, -556, -112, -48, -73, 
204, 39, -165, -122, 185, -63, -43, 278, -561, -107, -48, -73, 
195, 39, -156, -117, 175, -58, -34, 278, -551, -107, -58, -82, 
195, 39, -156, -117, 175, -58, -34, 278, -551, -107, -58, -82, 
195, 39, -156, -117, 175, -58, -34, 278, -551, -107, -58, -82, 
190, 34, -156, -112, 173, -61, -34, 278, -551, -107, -58, -82, 
190, 43, -146, -117, 168, -51, -29, 283, -546, -107, -68, -97, 
185, 34, -151, -109, 168, -58, -19, 292, -527, -107, -68, -107, 
165, 34, -131, -100, 148, -48, 0, 297, -512, -102, -73, -131, 
146, 29, -117, -87, 131, -43, 9, 302, -492, -97, -97, -161, 
136, 29, -107, -82, 122, -39, 24, 312, -478, -97, -117, -195, 
117, 24, -92, -70, 104, -34, 63, 326, -444, -82, -141, -234, 
102, 24, -78, -63, 90, -26, 97, 346, -409, -68, -151, -268, 
92, 29, -63, -61, 78, -17, 122, 346, -390, -63, -161, -283, 
102, 53, -48, -78, 75, 2, 122, 356, -370, -34, -126, -244, 
112, 92, -19, -102, 65, 36, 122, 400, -336, 19, -48, -175, 
122, 131, 9, -126, 56, 70, 131, 463, -273, 82, 14, -92, 
165, 156, -9, -161, 87, 73, 112, 531, -219, 112, 78, -4, 
244, 204, -39, -224, 141, 82, 78, 585, -185, 136, 141, 102, 
307, 263, -43, -285, 175, 109, 43, 658, -117, 180, 234, 229, 
380, 317, -63, -348, 222, 126, 19, 751, -34, 253, 351, 375, 
473, 341, -131, -407, 302, 104, 4, 849, 39, 312, 458, 536, 
575, 322, -253, -448, 414, 34, -14, 917, 58, 366, 580, 692, 
649, 331, -317, -490, 483, 7, -48, 922, 19, 458, 751, 888, 
688, 414, -273, -551, 480, 70, -117, 873, -58, 590, 966, 1137, 
712, 551, -161, -631, 436, 195, -204, 780, -156, 771, 1224, 1410, 
756, 683, -73, -719, 414, 305, -317, 663, -312, 893, 1464, 1683, 
814, 785, -29, -800, 422, 378, -448, 556, -483, 946, 1668, 1912, 
863, 863, 0, -863, 431, 431, -551, 458, -644, 971, 1795, 2093, 
883, 902, 19, -893, 431, 461, -610, 370, -771, 971, 1878, 2186, 
873, 902, 29, -888, 422, 466, -629, 331, -829, 980, 1937, 2230, 
858, 873, 14, -866, 422, 444, -619, 317, -854, 971, 1937, 2196, 
844, 810, -34, -827, 439, 387, -590, 278, -927, 893, 1849, 2078, 
814, 741, -73, -778, 444, 334, -570, 209, -1005, 785, 1732, 1912, 
751, 668, -82, -710, 417, 292, -527, 170, -1024, 702, 1576, 1673, 
639, 580, -58, -610, 348, 261, -444, 146, -1015, 644, 1405, 1395, 
512, 531, 19, -522, 246, 275, -380, 82, -1039, 566, 1239, 1151, 
380, 488, 107, -434, 136, 297, -336, 0, -1093, 473, 1058, 893, 
239, 409, 170, -324, 34, 290, -283, -112, -1156, 312, 790, 575, 
131, 351, 219, -241, -43, 285, -234, -224, -1229, 131, 492, 263, 
68, 322, 253, -195, -92, 287, -214, -307, -1288, -14, 273, 87, 
48, 302, 253, -175, -102, 278, -204, -331, -1312, -131, 122, -24, 
39, 268, 229, -153, -95, 248, -180, -322, -1293, -248, -39, -112, 
34, 219, 185, -126, -75, 202, -146, -287, -1249, -331, -156, -170, 
43, 170, 126, -107, -41, 148, -131, -219, -1180, -346, -180, -180, 
48, 141, 92, -95, -21, 117, -107, -136, -1083, -326, -161, -170, 
43, 102, 58, -73, -7, 80, -53, -53, -985, -297, -151, -151, 
48, 58, 9, -53, 19, 34, -14, 29, -897, -283, -156, -141, 
43, 19, -24, -31, 34, -2, 4, 87, -834, -253, -146, -146, 
68, 29, -39, -48, 53, -4, 0, 107, -795, -224, -136, -141, 
107, 48, -58, -78, 82, -4, -9, 126, -761, -200, -126, -131, 
136, 58, -78, -97, 107, -9, -24, 156, -732, -170, -112, -126, 
161, 73, -87, -117, 124, -7, -48, 170, -697, -131, -92, -117, 
180, 87, -92, -134, 136, -2, -63, 190, -668, -112, -68, -107, 
185, 102, -82, -143, 134, 9, -53, 214, -634, -102, -68, -102, 
175, 102, -73, -139, 124, 14, -43, 229, -614, -97, -68, -102, 
170, 97, -73, -134, 122, 12, -43, 239, -590, -92, -63, -102, 
170, 92, -78, -131, 124, 7, -39, 263, -570, -82, -63, -92, 
165, 87, -78, -126, 122, 4, -29, 278, -561, -87, -68, -97, 
175, 78, -97, -126, 136, -9, -29, 273, -556, -87, -82, -92, 
170, 73, -97, -122, 134, -12, -29, 273, -551, -82, -82, -92, 
180, 68, -112, -124, 146, -21, -24, 278, -551, -78, -82, -92, 
185, 63, -122, -124, 153, -29, -19, 278, -551, -73, -82, -97, 
185, 58, -126, -122, 156, -34, -19, 278, -546, -73, -82, -102, 
185, 53, -131, -119, 158, -39, -19, 283, -527, -78, -82, -102, 
185, 48, -136, -117, 161, -43, -19, 292, -522, -78, -82, -97, 
185, 48, -136, -117, 161, -43, -19, 297, -517, -78, -82, -97, 
185, 48, -136, -117, 161, -43, -24, 307, -512, -78, -82, -97, 
190, 58, -131, -124, 161, -36, -24, 302, -512, -78, -73, -97, 
195, 58, -136, -126, 165, -39, -19, 312, -507, -78, -73, -92, 
195, 58, -136, -126, 165, -39, -19, 317, -507, -78, -73, -92, 
190, 58, -131, -124, 161, -36, -19, 322, -502, -73, -73, -92, 
190, 58, -131, -124, 161, -36, -19, 312, -497, -63, -73, -102, 
190, 58, -131, -124, 161, -36, -19, 307, -492, -63, -73, -102, 
195, 58, -136, -126, 165, -39, -19, 307, -492, -63, -73, -102, 
195, 63, -131, -129, 163, -34, -19, 312, -492, -63, -73, -102, 
195, 53, -141, -124, 168, -43, -19, 326, -478, -63, -73, -112, 
195, 48, -146, -122, 170, -48, -19, 326, -478, -63, -73, -112, 
200, 48, -151, -124, 175, -51, -19, 331, -478, -68, -73, -112, 
200, 53, -146, -126, 173, -46, -14, 331, -478, -68, -73, -112, 
190, 53, -136, -122, 163, -41, -14, 322, -483, -63, -82, -112, 
190, 53, -136, -122, 163, -41, -14, 322, -478, -68, -82, -107, 
190, 53, -136, -122, 163, -41, -14, 322, -478, -73, -78, -107, 
195, 53, -141, -124, 168, -43, -14, 326, -473, -78, -73, -107, 
204, 53, -151, -129, 178, -48, -14, 326, -483, -78, -73, -107, 
200, 53, -146, -126, 173, -46, -14, 326, -483, -73, -68, -107, 
200, 53, -146, -126, 173, -46, -14, 326, -478, -68, -68, -107, 
204, 53, -151, -129, 178, -48, -14, 326, -478, -68, -68, -97, 
204, 63, -141, -134, 173, -39, -14, 331, -478, -58, -68, -97, 
200, 63, -136, -131, 168, -36, -14, 331, -478, -58, -63, -92, 
200, 63, -136, -131, 168, -36, -14, 336, -478, -58, -63, -92, 
204, 63, -141, -134, 173, -39, -19, 341, -478, -58, -63, -92, 
204, 73, -131, -139, 168, -29, -19, 341, -473, -43, -63, -87, 
209, 73, -136, -141, 173, -31, -19, 341, -468, -43, -63, -87, 
209, 73, -136, -141, 173, -31, -19, 346, -463, -43, -58, -82, 
209, 73, -136, -141, 173, -31, -19, 346, -463, -39, -58, -82, 
214, 78, -136, -146, 175, -29, -19, 336, -473, -48, -63, -92, 
214, 78, -136, -146, 175, -29, -19, 336, -473, -48, -58, -82, 
214, 78, -136, -146, 175, -29, -19, 336, -468, -48, -58, -78, 
214, 78, -136, -146, 175, -29, -19, 336, -468, -48, -58, -78, 
204, 73, -131, -139, 168, -29, -29, 346, -468, -39, -53, -82, 
214, 78, -136, -146, 175, -29, -29, 346, -468, -39, -53, -82, 
214, 78, -136, -146, 175, -29, -29, 351, -458, -39, -53, -78, 
214, 82, -131, -148, 173, -24, -29, 351, -458, -39, -53, -78, 
224, 87, -136, -156, 180, -24, -29, 351, -448, -29, -48, -63, 
224, 87, -136, -156, 180, -24, -29, 356, -448, -29, -43, -58, 
224, 87, -136, -156, 180, -24, -34, 356, -444, -29, -39, -58, 
229, 92, -136, -161, 183, -21, -34, 361, -439, -19, -39, -53, 
229, 102, -126, -165, 178, -12, -34, 351, -439, -24, -48, -63, 
234, 102, -131, -168, 183, -14, -34, 351, -444, -24, -43, -53, 
234, 102, -131, -168, 183, -14, -34, 361, -439, -19, -34, -48, 
234, 107, -126, -170, 180, -9, -34, 366, -444, -24, -34, -43, 
234, 107, -126, -170, 180, -9, -43, 375, -444, -19, -29, -48, 
234, 107, -126, -170, 180, -9, -48, 375, -434, -19, -24, -43, 
234, 112, -122, -173, 178, -4, -48, 375, -429, -19, -19, -39, 
239, 112, -126, -175, 183, -7, -48, 375, -424, -14, -19, -39, 
229, 122, -107, -175, 168, 7, -48, 380, -419, 0, -19, -34, 
234, 126, -107, -180, 170, 9, -48, 380, -419, 0, -14, -29, 
234, 126, -107, -180, 170, 9, -48, 390, -424, 0, -9, -29, 
244, 136, -107, -190, 175, 14, -53, 395, -424, 4, -4, -24, 
244, 146, -97, -195, 170, 24, -53, 385, -424, 4, 9, -14, 
244, 151, -92, -197, 168, 29, -58, 385, -419, 9, 14, -4, 
248, 156, -92, -202, 170, 31, -58, 385, -414, 14, 19, 4, 
248, 161, -87, -204, 168, 36, -58, 390, -409, 14, 24, 14, 
258, 156, -102, -207, 180, 26, -63, 405, -405, 19, 19, 14, 
268, 161, -107, -214, 187, 26, -63, 409, -400, 29, 29, 19, 
268, 165, -102, -217, 185, 31, -63, 414, -395, 39, 34, 24, 
273, 170, -102, -222, 187, 34, -68, 419, -390, 48, 39, 29, 
278, 165, -112, -222, 195, 26, -58, 424, -385, 53, 53, 43, 
278, 170, -107, -224, 192, 31, -68, 429, -375, 58, 63, 58, 
278, 170, -107, -224, 192, 31, -68, 434, -375, 63, 68, 68, 
278, 180, -97, -229, 187, 41, -68, 439, -366, 73, 82, 87, 
283, 190, -92, -236, 187, 48, -68, 434, -366, 78, 97, 107, 
292, 200, -92, -246, 192, 53, -68, 444, -361, 87, 112, 117, 
297, 204, -92, -251, 195, 56, -78, 448, -361, 102, 122, 126, 
302, 209, -92, -256, 197, 58, -82, 458, -351, 107, 136, 136, 
297, 209, -87, -253, 192, 61, -82, 458, -341, 107, 141, 146, 
302, 214, -87, -258, 195, 63, -87, 463, -341, 112, 146, 151, 
307, 224, -82, -265, 195, 70, -87, 473, -331, 122, 151, 156, 
312, 239, -73, -275, 192, 82, -92, 483, -322, 131, 165, 165, 
322, 253, -68, -287, 195, 92, -107, 488, -312, 151, 185, 195, 
326, 263, -63, -295, 195, 100, -112, 497, -307, 165, 200, 204, 
331, 273, -58, -302, 195, 107, -117, 512, -302, 175, 224, 219, 
336, 283, -53, -309, 195, 114, -122, 522, -297, 185, 244, 234, 
351, 292, -58, -322, 204, 117, -126, 522, -283, 195, 258, 268, 
356, 307, -48, -331, 202, 129, -131, 531, -273, 209, 278, 287, 
361, 317, -43, -339, 202, 136, -136, 541, -263, 229, 302, 307, 
375, 331, -43, -353, 209, 143, -141, 556, -253, 244, 317, 326, 
390, 331, -58, -361, 224, 136, -146, 566, -239, 253, 341, 361, 
400, 351, -48, -375, 224, 151, -156, 570, -239, 268, 361, 385, 
409, 370, -39, -390, 224, 165, -165, 590, -229, 283, 380, 414, 
419, 380, -39, -400, 229, 170, -175, 605, -219, 297, 405, 448, 
429, 400, -29, -414, 229, 185, -180, 614, -209, 326, 434, 473, 
439, 419, -19, -429, 229, 200, -190, 624, -195, 346, 458, 497, 
453, 444, -9, -448, 231, 217, -200, 634, -180, 366, 488, 527, 
468, 463, -4, -466, 236, 229, -209, 658, -165, 380, 512, 546, 
468, 468, 0, -468, 234, 234, -214, 658, -161, 395, 546, 570, 
478, 488, 9, -483, 234, 248, -224, 668, -151, 414, 566, 595, 
488, 502, 14, -495, 236, 258, -234, 678, -131, 429, 590, 619, 
502, 517, 14, -509, 244, 265, -244, 692, -126, 444, 614, 649, 
512, 536, 24, -524, 244, 280, -258, 692, -117, 458, 639, 678, 
522, 551, 29, -536, 246, 290, -268, 697, -112, 473, 663, 717, 
541, 570, 29, -556, 256, 300, -278, 717, -107, 488, 683, 751, 
556, 580, 24, -568, 265, 302, -287, 722, -107, 512, 707, 775, 
566, 600, 34, -583, 265, 317, -302, 722, -97, 527, 732, 805, 
575, 614, 39, -595, 268, 326, -312, 732, -87, 536, 756, 824, 
585, 629, 43, -607, 270, 336, -317, 741, -82, 546, 766, 844, 
590, 649, 58, -619, 265, 353, -326, 746, -73, 561, 785, 863, 
610, 663, 53, -636, 278, 358, -326, 766, -73, 575, 805, 893, 
614, 678, 63, -646, 275, 370, -341, 775, -63, 590, 829, 912, 
619, 678, 58, -649, 280, 368, -341, 780, -58, 595, 854, 936, 
629, 697, 68, -663, 280, 383, -346, 785, -48, 605, 873, 951, 
634, 702, 68, -668, 283, 385, -341, 790, -43, 610, 883, 961, 
639, 712, 73, -675, 283, 392, -351, 790, -39, 619, 897, 980, 
644, 717, 73, -680, 285, 395, -351, 795, -39, 624, 902, 985, 
649, 727, 78, -688, 285, 402, -356, 800, -34, 634, 917, 1000, 
653, 732, 78, -692, 287, 405, -361, 800, -19, 653, 922, 1010, 
653, 727, 73, -690, 290, 400, -361, 805, -19, 653, 932, 1019, 
658, 727, 68, -692, 295, 397, -366, 805, -14, 658, 941, 1024, 
663, 722, 58, -692, 302, 390, -366, 805, -9, 658, 941, 1029, 
658, 732, 73, -695, 292, 402, -370, 805, -19, 668, 946, 1029, 
658, 736, 78, -697, 290, 407, -370, 805, -14, 668, 946, 1029, 
658, 741, 82, -700, 287, 412, -370, 805, -14, 668, 946, 1029, 
658, 746, 87, -702, 285, 417, -370, 800, -19, 668, 946, 1029, 
653, 751, 97, -702, 278, 424, -375, 795, -34, 663, 936, 1010, 
649, 746, 97, -697, 275, 422, -375, 785, -34, 658, 927, 1000, 
649, 746, 97, -697, 275, 422, -375, 775, -34, 658, 917, 990, 
649, 746, 97, -697, 275, 422, -370, 766, -39, 653, 902, 971, 
629, 727, 97, -678, 265, 412, -356, 766, -48, 649, 873, 946, 
619, 717, 97, -668, 261, 407, -351, 756, -48, 639, 854, 922, 
610, 702, 92, -656, 258, 397, -341, 751, -53, 624, 839, 897, 
595, 688, 92, -641, 251, 390, -336, 732, -63, 610, 805, 873, 
595, 678, 82, -636, 256, 380, -326, 727, -73, 605, 771, 834, 
580, 668, 87, -624, 246, 378, -322, 712, -82, 595, 751, 805, 
570, 658, 87, -614, 241, 373, -307, 702, -82, 580, 732, 771, 
556, 634, 78, -595, 239, 356, -292, 688, -92, 561, 707, 732, 
527, 614, 87, -570, 219, 351, -283, 678, -92, 551, 668, 707, 
512, 605, 92, -558, 209, 348, -273, 668, -107, 536, 629, 673, 
502, 580, 78, -541, 212, 329, -263, 653, -122, 522, 605, 639, 
483, 556, 73, -519, 204, 314, -253, 639, -136, 497, 575, 600, 
468, 546, 78, -507, 195, 312, -229, 634, -136, 483, 556, 561, 
453, 536, 82, -495, 185, 309, -219, 619, -156, 473, 527, 531, 
439, 522, 82, -480, 178, 302, -209, 605, -165, 458, 492, 497, 
429, 512, 82, -470, 173, 297, -200, 595, -175, 448, 473, 468, 
424, 502, 78, -463, 173, 290, -200, 575, -190, 409, 439, 429, 
414, 483, 68, -448, 173, 275, -190, 566, -204, 395, 409, 395, 
400, 463, 63, -431, 168, 263, -185, 556, -219, 375, 385, 366, 
385, 448, 63, -417, 161, 256, -180, 546, -234, 366, 356, 326, 
366, 424, 58, -395, 153, 241, -161, 536, -244, 351, 336, 307, 
356, 405, 48, -380, 153, 226, -151, 522, -258, 331, 307, 283, 
341, 390, 48, -366, 146, 219, -141, 522, -268, 317, 292, 258, 
331, 380, 48, -356, 141, 214, -131, 512, -278, 307, 278, 244, 
322, 361, 39, -341, 141, 200, -122, 507, -287, 292, 248, 229, 
317, 346, 29, -331, 143, 187, -122, 492, -297, 273, 229, 204, 
307, 331, 24, -319, 141, 178, -107, 488, -307, 263, 219, 190, 
302, 322, 19, -312, 141, 170, -107, 483, -317, 248, 204, 175, 
307, 312, 4, -309, 151, 158, -112, 473, -331, 229, 175, 141, 
302, 297, -4, -300, 153, 146, -107, 463, -341, 214, 161, 122, 
292, 283, -9, -287, 151, 136, -107, 453, -356, 200, 141, 102, 
283, 278, -4, -280, 143, 136, -97, 448, -361, 185, 122, 82, 
273, 253, -19, -263, 146, 117, -87, 448, -390, 180, 112, 68, 
268, 248, -19, -258, 143, 114, -87, 439, -395, 165, 97, 53, 
263, 244, -19, -253, 141, 112, -82, 429, -405, 151, 87, 43, 
258, 234, -24, -246, 141, 104, -78, 424, -409, 141, 82, 34, 
268, 234, -34, -251, 151, 100, -78, 414, -405, 136, 73, 39, 
263, 229, -34, -246, 148, 97, -78, 409, -414, 131, 68, 34, 
263, 219, -43, -241, 153, 87, -73, 405, -424, 122, 58, 29, 
263, 209, -53, -236, 158, 78, -68, 400, -424, 112, 48, 24, 
248, 195, -53, -222, 151, 70, -68, 409, -439, 112, 34, 14, 
244, 195, -48, -219, 146, 73, -68, 409, -444, 102, 19, 4, 
239, 185, -53, -212, 146, 65, -68, 405, -448, 97, 9, 4, 
239, 180, -58, -209, 148, 61, -63, 400, -458, 97, 0, -4, 
239, 185, -53, -212, 146, 65, -63, 395, -458, 82, 0, -14, 
239, 185, -53, -212, 146, 65, -63, 390, -458, 78, -4, -14, 
234, 180, -53, -207, 143, 63, -63, 390, -458, 78, -4, -24, 
229, 175, -53, -202, 141, 61, -58, 390, -463, 73, -4, -29, 
219, 170, -48, -195, 134, 61, -58, 375, -468, 82, -9, -39, 
219, 170, -48, -195, 134, 61, -58, 375, -468, 78, -14, -39, 
219, 165, -53, -192, 136, 56, -53, 375, -468, 73, -19, -39, 
219, 161, -58, -190, 139, 51, -53, 375, -468, 68, -19, -43, 
229, 151, -78, -190, 153, 36, -53, 385, -473, 68, -14, -48, 
229, 151, -78, -190, 153, 36, -53, 385, -473, 68, -14, -53, 
229, 151, -78, -190, 153, 36, -53, 390, -473, 68, -14, -53, 
229, 141, -87, -185, 158, 26, -53, 390, -473, 68, -19, -53, 
229, 141, -87, -185, 158, 26, -53, 380, -473, 68, -29, -48, 
229, 141, -87, -185, 158, 26, -48, 380, -473, 68, -29, -48, 
229, 141, -87, -185, 158, 26, -48, 380, -473, 63, -29, -43, 
229, 141, -87, -185, 158, 26, -48, 380, -473, 63, -29, -39, 
229, 151, -78, -190, 153, 36, -48, 390, -473, 73, -19, -39, 
224, 151, -73, -187, 148, 39, -48, 390, -473, 73, -24, -43, 
224, 151, -73, -187, 148, 39, -48, 390, -473, 73, -24, -43, 
224, 156, -68, -190, 146, 43, -48, 390, -473, 73, -24, -43, 
229, 165, -63, -197, 146, 51, -58, 385, -483, 73, -39, -53, 
229, 165, -63, -197, 146, 51, -58, 385, -483, 73, -39, -53, 
229, 161, -68, -195, 148, 46, -58, 385, -483, 78, -39, -53, 
229, 161, -68, -195, 148, 46, -58, 385, -478, 78, -39, -53, 
219, 165, -53, -192, 136, 56, -48, 395, -478, 78, -48, -58, 
219, 170, -48, -195, 134, 61, -48, 395, -478, 78, -48, -58, 
219, 170, -48, -195, 134, 61, -48, 395, -478, 78, -48, -58, 
219, 170, -48, -195, 134, 61, -48, 390, -478, 78, -48, -58, 
219, 180, -39, -200, 129, 70, -58, 400, -478, 78, -53, -73, 
219, 180, -39, -200, 129, 70, -58, 400, -478, 78, -53, -73, 
219, 180, -39, -200, 129, 70, -63, 400, -478, 78, -53, -68, 
219, 180, -39, -200, 129, 70, -63, 400, -478, 78, -48, -68, 
229, 180, -48, -204, 139, 65, -58, 400, -468, 87, -48, -63, 
229, 180, -48, -204, 139, 65, -58, 395, -468, 87, -48, -58, 
234, 180, -53, -207, 143, 63, -58, 395, -468, 87, -48, -58, 
234, 180, -53, -207, 143, 63, -58, 395, -468, 87, -48, -53, 
234, 180, -53, -207, 143, 63, -58, 405, -468, 78, -48, -43, 
234, 180, -53, -207, 143, 63, -58, 405, -468, 78, -48, -43, 
229, 185, -43, -207, 136, 70, -58, 405, -468, 78, -48, -43, 
224, 185, -39, -204, 131, 73, -58, 405, -468, 78, -48, -43, 
224, 185, -39, -204, 131, 73, -58, 405, -468, 87, -39, -53, 
224, 185, -39, -204, 131, 73, -58, 405, -468, 87, -39, -53, 
224, 185, -39, -204, 131, 73, -58, 395, -468, 87, -39, -53, 
224, 180, -43, -202, 134, 68, -63, 395, -468, 87, -43, -53, 
224, 190, -34, -207, 129, 78, -63, 400, -478, 87, -53, -63, 
224, 190, -34, -207, 129, 78, -58, 400, -478, 87, -53, -63, 
229, 190, -39, -209, 134, 75, -58, 405, -478, 87, -53, -63, 
229, 190, -39, -209, 134, 75, -58, 405, -478, 87, -53, -63, 
234, 200, -34, -217, 134, 82, -68, 405, -483, 87, -58, -68, 
234, 200, -34, -217, 134, 82, -68, 405, -483, 87, -58, -68, 
239, 200, -39, -219, 139, 80, -68, 400, -483, 87, -63, -68, 
239, 200, -39, -219, 139, 80, -68, 400, -483, 87, -63, -68, 
239, 200, -39, -219, 139, 80, -68, 405, -483, 82, -63, -68, 
239, 200, -39, -219, 139, 80, -68, 405, -483, 82, -63, -68, 
239, 200, -39, -219, 139, 80, -68, 405, -483, 82, -63, -68, 
239, 200, -39, -219, 139, 80, -68, 405, -483, 82, -63, -73, 
239, 190, -48, -214, 143, 70, -68, 405, -483, 92, -68, -63, 
244, 190, -53, -217, 148, 68, -73, 400, -488, 92, -68, -63, 
244, 190, -53, -217, 148, 68, -73, 400, -488, 87, -68, -63, 
244, 190, -53, -217, 148, 68, -73, 400, -488, 87, -68, -73, 
234, 190, -43, -212, 139, 73, -63, 405, -488, 87, -78, -73, 
234, 190, -43, -212, 139, 73, -63, 405, -488, 82, -78, -68, 
234, 190, -43, -212, 139, 73, -63, 405, -488, 78, -78, -63, 
234, 190, -43, -212, 139, 73, -63, 400, -488, 73, -82, -63, 
234, 190, -43, -212, 139, 73, -63, 400, -488, 78, -78, -58, 
234, 190, -43, -212, 139, 73, -63, 400, -488, 78, -78, -58, 
234, 190, -43, -212, 139, 73, -63, 400, -492, 78, -78, -58, 
239, 190, -48, -214, 143, 70, -63, 400, -492, 78, -78, -58, 
239, 185, -53, -212, 146, 65, -63, 405, -483, 78, -87, -58, 
239, 185, -53, -212, 146, 65, -63, 405, -488, 78, -92, -58, 
239, 185, -53, -212, 146, 65, -63, 405, -488, 82, -92, -58, 
239, 185, -53, -212, 146, 65, -63, 405, -488, 87, -92, -63, 
239, 185, -53, -212, 146, 65, -63, 405, -488, 78, -107, -68, 
239, 185, -53, -212, 146, 65, -63, 400, -492, 78, -112, -73, 
239, 185, -53, -212, 146, 65, -63, 400, -492, 73, -112, -78, 
234, 185, -48, -209, 141, 68, -63, 400, -492, 73, -112, -87, 
244, 190, -53, -217, 148, 68, -73, 400, -502, 82, -107, -87, 
244, 190, -53, -217, 148, 68, -73, 400, -502, 78, -107, -87, 
244, 190, -53, -217, 148, 68, -73, 400, -497, 78, -107, -87, 
239, 190, -48, -214, 143, 70, -73, 400, -497, 78, -107, -87, 
229, 185, -43, -207, 136, 70, -73, 400, -507, 82, -117, -87, 
229, 185, -43, -207, 136, 70, -73, 400, -512, 82, -122, -92, 
229, 180, -48, -204, 139, 65, -73, 400, -512, 78, -126, -92, 
229, 180, -48, -204, 139, 65, -73, 400, -512, 73, -126, -92, 
229, 190, -39, -209, 134, 75, -73, 405, -522, 73, -136, -92, 
234, 190, -43, -212, 139, 73, -73, 405, -522, 73, -136, -97, 
234, 190, -43, -212, 139, 73, -73, 405, -522, 73, -136, -97, 
229, 190, -39, -209, 134, 75, -73, 400, -522, 68, -136, -97, 
229, 190, -39, -209, 134, 75, -63, 400, -522, 73, -131, -107, 
234, 185, -48, -209, 141, 68, -63, 400, -522, 78, -131, -107, 
234, 185, -48, -209, 141, 68, -63, 400, -522, 78, -131, -107, 
229, 185, -43, -207, 136, 70, -63, 395, -522, 82, -136, -107, 
229, 175, -53, -202, 141, 61, -63, 405, -517, 97, -136, -107, 
229, 175, -53, -202, 141, 61, -63, 405, -517, 97, -136, -102, 
229, 175, -53, -202, 141, 61, -63, 405, -517, 92, -136, -97, 
229, 175, -53, -202, 141, 61, -63, 405, -517, 92, -141, -97, 
219, 165, -53, -192, 136, 56, -63, 405, -517, 92, -141, -97, 
219, 165, -53, -192, 136, 56, -63, 405, -517, 87, -141, -97, 
219, 165, -53, -192, 136, 56, -63, 405, -512, 87, -141, -97, 
219, 165, -53, -192, 136, 56, -63, 405, -512, 92, -141, -102, 
224, 175, -48, -200, 136, 63, -63, 405, -512, 82, -151, -117, 
224, 175, -48, -200, 136, 63, -63, 405, -517, 78, -151, -122, 
229, 170, -58, -200, 143, 56, -63, 409, -517, 73, -151, -126, 
229, 170, -58, -200, 143, 56, -63, 409, -522, 73, -151, -131, 
219, 175, -43, -197, 131, 65, -63, 405, -531, 82, -156, -122, 
219, 180, -39, -200, 129, 70, -63, 405, -531, 87, -156, -122, 
219, 180, -39, -200, 129, 70, -63, 405, -531, 87, -156, -122, 
219, 185, -34, -202, 126, 75, -63, 400, -531, 82, -156, -122, 
229, 180, -48, -204, 139, 65, -58, 400, -522, 82, -156, -117, 
229, 180, -48, -204, 139, 65, -58, 400, -522, 82, -156, -112, 
229, 180, -48, -204, 139, 65, -58, 400, -527, 82, -156, -107, 
224, 180, -43, -202, 134, 68, -48, 405, -527, 82, -151, -102, 
234, 180, -53, -207, 143, 63, -58, 414, -527, 92, -151, -102, 
234, 175, -58, -204, 146, 58, -63, 405, -527, 87, -161, -102, 
234, 175, -58, -204, 146, 58, -63, 405, -527, 87, -161, -102, 
234, 175, -58, -204, 146, 58, -63, 409, -527, 92, -156, -102, 
234, 185, -48, -209, 141, 68, -63, 400, -536, 82, -156, -107, 
234, 185, -48, -209, 141, 68, -63, 400, -536, 82, -161, -117, 
234, 185, -48, -209, 141, 68, -63, 400, -541, 82, -165, -126, 
234, 185, -48, -209, 141, 68, -63, 395, -541, 82, -165, -131, 
224, 185, -39, -204, 131, 73, -63, 395, -541, 78, -165, -141, 
224, 185, -39, -204, 131, 73, -63, 400, -541, 78, -165, -136, 
224, 185, -39, -204, 131, 73, -63, 400, -541, 78, -165, -136, 
224, 185, -39, -204, 131, 73, -63, 400, -541, 78, -165, -136, 
224, 175, -48, -200, 136, 63, -63, 405, -541, 78, -165, -136, 
224, 175, -48, -200, 136, 63, -63, 405, -541, 82, -165, -136, 
224, 175, -48, -200, 136, 63, -63, 405, -541, 92, -165, -136, 
224, 170, -53, -197, 139, 58, -63, 405, -541, 97, -165, -136, 
224, 180, -43, -202, 134, 68, -63, 414, -531, 97, -165, -136, 
224, 180, -43, -202, 134, 68, -63, 414, -531, 97, -165, -136, 
224, 185, -39, -204, 131, 73, -63, 414, -531, 97, -165, -136, 
224, 185, -39, -204, 131, 73, -63, 414, -531, 97, -165, -136, 
234, 185, -48, -209, 141, 68, -58, 414, -541, 97, -175, -146, 
234, 180, -53, -207, 143, 63, -58, 414, -541, 97, -170, -146, 
234, 180, -53, -207, 143, 63, -63, 414, -541, 97, -170, -146, 
234, 180, -53, -207, 143, 63, -63, 414, -541, 97, -175, -146, 
234, 185, -48, -209, 141, 68, -63, 414, -531, 97, -165, -136, 
234, 185, -48, -209, 141, 68, -63, 414, -531, 97, -165, -136, 
234, 185, -48, -209, 141, 68, -63, 414, -531, 97, -165, -136, 
234, 185, -48, -209, 141, 68, -63, 414, -531, 97, -170, -136, 
234, 185, -48, -209, 141, 68, -63, 424, -531, 107, -170, -126, 
234, 185, -48, -209, 141, 68, -63, 424, -531, 107, -170, -126, 
234, 185, -48, -209, 141, 68, -63, 424, -531, 107, -170, -126, 
234, 190, -43, -212, 139, 73, -63, 424, -531, 107, -170, -131, 
234, 190, -43, -212, 139, 73, -53, 424, -531, 107, -180, -141, 
234, 190, -43, -212, 139, 73, -53, 424, -531, 102, -180, -136, 
234, 190, -43, -212, 139, 73, -53, 424, -531, 102, -180, -136, 
234, 185, -48, -209, 141, 68, -53, 424, -527, 102, -175, -136, 
229, 195, -34, -212, 131, 80, -63, 419, -536, 97, -185, -146, 
229, 195, -34, -212, 131, 80, -63, 419, -541, 97, -185, -146, 
229, 195, -34, -212, 131, 80, -63, 419, -541, 97, -185, -146, 
229, 195, -34, -212, 131, 80, -63, 419, -541, 97, -190, -146, 
239, 195, -43, -217, 141, 75, -63, 419, -541, 102, -180, -146, 
239, 200, -39, -219, 139, 80, -63, 419, -541, 107, -175, -146, 
239, 200, -39, -219, 139, 80, -63, 424, -541, 112, -175, -141, 
239, 195, -43, -217, 141, 75, -63, 424, -541, 117, -170, -141, 
239, 200, -39, -219, 139, 80, -53, 429, -536, 117, -170, -146, 
234, 195, -39, -214, 136, 78, -58, 429, -536, 117, -175, -136, 
234, 204, -29, -219, 131, 87, -58, 429, -536, 117, -175, -126, 
234, 204, -29, -219, 131, 87, -58, 429, -536, 117, -175, -126, 
234, 204, -29, -219, 131, 87, -58, 429, -536, 117, -175, -126, 
234, 204, -29, -219, 131, 87, -58, 429, -536, 117, -175, -126, 
234, 204, -29, -219, 131, 87, -58, 429, -546, 117, -175, -131, 
234, 204, -29, -219, 131, 87, -58, 429, -546, 117, -175, -136, 
234, 204, -29, -219, 131, 87, -58, 429, -546, 117, -175, -141, 
234, 204, -29, -219, 131, 87, -58, 429, -546, 117, -175, -146, 
244, 195, -48, -219, 146, 73, -58, 439, -536, 117, -175, -136, 
244, 195, -48, -219, 146, 73, -58, 439, -536, 117, -175, -136, 
244, 195, -48, -219, 146, 73, -58, 439, -536, 117, -175, -136, 
244, 195, -48, -219, 146, 73, -58, 439, -536, 117, -175, -136, 
234, 195, -39, -214, 136, 78, -58, 439, -527, 122, -175, -136, 
234, 195, -39, -214, 136, 78, -58, 439, -527, 126, -175, -136, 
234, 195, -39, -214, 136, 78, -58, 439, -527, 131, -175, -136, 
234, 195, -39, -214, 136, 78, -58, 439, -527, 136, -175, -136, 
224, 195, -29, -209, 126, 82, -58, 448, -536, 136, -175, -136, 
224, 195, -29, -209, 126, 82, -58, 448, -536, 136, -175, -136, 
224, 195, -29, -209, 126, 82, -58, 448, -536, 136, -175, -136, 
224, 195, -29, -209, 126, 82, -58, 448, -536, 136, -175, -136, 
234, 185, -48, -209, 141, 68, -58, 439, -536, 136, -185, -141, 
234, 185, -48, -209, 141, 68, -58, 439, -536, 136, -185, -146, 
234, 185, -48, -209, 141, 68, -58, 439, -536, 136, -185, -151, 
234, 185, -48, -209, 141, 68, -58, 439, -536, 136, -185, -156, 
234, 185, -48, -209, 141, 68, -48, 448, -536, 136, -185, -146, 
234, 185, -48, -209, 141, 68, -48, 448, -536, 136, -185, -146, 
234, 185, -48, -209, 141, 68, -48, 448, -536, 136, -185, -146, 
234, 185, -48, -209, 141, 68, -48, 448, -536, 136, -185, -146, 
234, 195, -39, -214, 136, 78, -48, 458, -536, 146, -185, -156, 
234, 195, -39, -214, 136, 78, -48, 458, -536, 146, -185, -156, 
234, 195, -39, -214, 136, 78, -48, 458, -536, 146, -185, -156, 
234, 195, -39, -214, 136, 78, -48, 458, -536, 146, -185, -156, 
234, 195, -39, -214, 136, 78, -48, 448, -536, 156, -185, -156, 
234, 195, -39, -214, 136, 78, -48, 448, -536, 156, -185, -156, 
234, 195, -39, -214, 136, 78, -48, 448, -536, 156, -185, -156, 
234, 195, -39, -214, 136, 78, -48, 448, -536, 156, -185, -156, 
234, 185, -48, -209, 141, 68, -48, 453, -527, 165, -175, -151, 
234, 185, -48, -209, 141, 68, -48, 458, -527, 165, -175, -146, 
234, 185, -48, -209, 141, 68, -48, 463, -527, 165, -175, -141, 
234, 185, -48, -209, 141, 68, -48, 468, -527, 165, -175, -136, 
244, 190, -53, -217, 148, 68, -48, 468, -527, 165, -175, -136, 
244, 195, -48, -219, 146, 73, -48, 468, -527, 165, -175, -136, 
244, 200, -43, -222, 143, 78, -48, 468, -527, 165, -175, -136, 
244, 204, -39, -224, 141, 82, -48, 468, -527, 165, -175, -136, 
244, 219, -24, -231, 134, 97, -48, 478, -522, 180, -165, -126, 
244, 224, -19, -234, 131, 102, -48, 478, -517, 185, -165, -126, 
244, 229, -14, -236, 129, 107, -48, 478, -512, 190, -165, -126, 
244, 234, -9, -239, 126, 112, -48, 478, -507, 195, -165, -126, 
253, 239, -14, -246, 134, 112, -39, 488, -502, 200, -161, -117, 
253, 244, -9, -248, 131, 117, -39, 488, -497, 204, -156, -117, 
253, 248, -4, -251, 129, 122, -39, 488, -492, 209, -151, -117, 
253, 253, 0, -253, 126, 126, -39, 488, -488, 214, -146, -117, 
263, 258, -4, -261, 134, 126, -48, 488, -488, 214, -146, -107, 
263, 263, 0, -263, 131, 131, -48, 488, -488, 214, -146, -107, 
263, 268, 4, -265, 129, 136, -48, 488, -488, 214, -146, -107, 
263, 273, 9, -268, 126, 141, -48, 488, -488, 214, -146, -107, 
273, 283, 9, -278, 131, 146, -39, 502, -483, 229, -141, -97, 
273, 283, 9, -278, 131, 146, -34, 507, -473, 239, -136, -97, 
273, 278, 4, -275, 134, 141, -34, 512, -468, 244, -131, -97, 
278, 278, 0, -278, 139, 139, -39, 517, -463, 248, -126, -97, 
287, 278, -9, -283, 148, 134, -34, 527, -458, 248, -126, -107, 
287, 278, -9, -283, 148, 134, -39, 527, -453, 248, -126, -107, 
292, 283, -9, -287, 151, 136, -53, 522, -458, 244, -126, -107, 
297, 283, -14, -290, 156, 134, -63, 517, -463, 244, -131, -102, 
292, 287, -4, -290, 148, 141, -92, 512, -478, 239, -141, -102, 
297, 292, -4, -295, 151, 143, -107, 507, -483, 239, -141, -102, 
302, 292, -9, -297, 156, 141, -112, 502, -492, 239, -141, -102, 
307, 292, -14, -300, 161, 139, -117, 502, -502, 234, -141, -97, 
312, 302, -9, -307, 161, 146, -117, 507, -507, 239, -136, -82, 
317, 312, -4, -314, 161, 153, -117, 507, -512, 244, -126, -82, 
317, 317, 0, -317, 158, 158, -117, 507, -512, 248, -122, -82, 
317, 317, 0, -317, 158, 158, -117, 507, -512, 248, -117, -82, 
326, 322, -4, -324, 165, 158, -107, 507, -507, 239, -126, -82, 
326, 312, -14, -319, 170, 148, -97, 512, -507, 239, -126, -82, 
322, 302, -19, -312, 170, 141, -97, 512, -512, 239, -131, -87, 
322, 292, -29, -307, 175, 131, -97, 512, -512, 229, -146, -92, 
312, 283, -29, -297, 170, 126, -97, 507, -527, 209, -151, -107, 
312, 278, -34, -295, 173, 122, -97, 507, -527, 204, -151, -107, 
312, 268, -43, -290, 178, 112, -97, 497, -536, 200, -156, -107, 
312, 258, -53, -285, 183, 102, -97, 492, -546, 195, -161, -112, 
302, 268, -34, -285, 168, 117, -107, 497, -556, 200, -156, -112, 
302, 268, -34, -285, 168, 117, -107, 497, -551, 204, -156, -112, 
302, 268, -34, -285, 168, 117, -107, 497, -551, 209, -151, -112, 
302, 268, -34, -285, 168, 117, -107, 497, -551, 209, -151, -112, 
312, 268, -43, -290, 178, 112, -97, 497, -541, 209, -161, -102, 
312, 268, -43, -290, 178, 112, -92, 502, -536, 214, -156, -102, 
302, 268, -34, -285, 168, 117, -92, 507, -536, 219, -156, -102, 
292, 263, -29, -278, 161, 117, -87, 507, -536, 219, -156, -102, 
287, 263, -24, -275, 156, 119, -87, 517, -546, 219, -151, -97, 
283, 258, -24, -270, 153, 117, -82, 517, -546, 214, -151, -102, 
268, 253, -14, -261, 141, 119, -78, 512, -546, 214, -156, -112, 
253, 239, -14, -246, 134, 112, -73, 507, -546, 209, -165, -117, 
258, 229, -29, -244, 143, 100, -58, 517, -536, 214, -156, -112, 
253, 209, -43, -231, 148, 82, -58, 507, -546, 204, -170, -122, 
248, 190, -58, -219, 153, 65, -58, 497, -556, 190, -175, -126, 
248, 180, -68, -214, 158, 56, -58, 497, -556, 190, -180, -131, 
248, 161, -87, -204, 168, 36, -53, 502, -556, 190, -195, -131, 
244, 161, -82, -202, 163, 39, -53, 502, -566, 185, -195, -136, 
239, 151, -87, -195, 163, 31, -53, 497, -566, 185, -195, -136, 
239, 151, -87, -195, 163, 31, -53, 497, -566, 185, -200, -141, 
239, 161, -78, -200, 158, 41, -63, 497, -566, 185, -209, -151, 
239, 161, -78, -200, 158, 41, -58, 497, -566, 185, -209, -161, 
239, 161, -78, -200, 158, 41, -58, 497, -566, 185, -209, -165, 
239, 161, -78, -200, 158, 41, -53, 502, -561, 185, -214, -170, 
239, 156, -82, -197, 161, 36, -53, 512, -551, 185, -214, -165, 
234, 156, -78, -195, 156, 39, -53, 512, -546, 185, -214, -165, 
234, 156, -78, -195, 156, 39, -53, 512, -546, 185, -214, -165, 
234, 161, -73, -197, 153, 43, -48, 512, -546, 185, -209, -165, 
229, 161, -68, -195, 148, 46, -48, 522, -546, 190, -195, -151, 
229, 161, -68, -195, 148, 46, -43, 522, -541, 200, -195, -151, 
229, 161, -68, -195, 148, 46, -43, 527, -541, 204, -195, -151, 
229, 165, -63, -197, 146, 51, -43, 527, -541, 209, -195, -151, 
214, 165, -48, -190, 131, 58, -39, 527, -541, 214, -195, -151, 
214, 165, -48, -190, 131, 58, -39, 527, -541, 214, -195, -156, 
214, 165, -48, -190, 131, 58, -39, 527, -541, 214, -195, -156, 
214, 165, -48, -190, 131, 58, -39, 527, -536, 214, -195, -156, 
219, 165, -53, -192, 136, 56, -43, 527, -546, 214, -204, -161, 
219, 165, -53, -192, 136, 56, -43, 527, -546, 214, -204, -165, 
219, 161, -58, -190, 139, 51, -43, 527, -541, 214, -204, -170, 
214, 161, -53, -187, 134, 53, -43, 527, -541, 214, -204, -175, 
214, 170, -43, -192, 129, 63, -34, 527, -541, 214, -204, -170, 
214, 170, -43, -192, 129, 63, -34, 527, -541, 214, -204, -170, 
214, 170, -43, -192, 129, 63, -34, 527, -541, 214, -204, -170, 
209, 170, -39, -190, 124, 65, -34, 527, -541, 214, -204, -170, 
209, 175, -34, -192, 122, 70, -39, 536, -541, 224, -204, -170, 
209, 175, -34, -192, 122, 70, -39, 536, -541, 224, -204, -170, 
214, 175, -39, -195, 126, 68, -43, 536, -541, 224, -204, -170, 
214, 175, -39, -195, 126, 68, -43, 536, -541, 224, -204, -170, 
214, 185, -29, -200, 122, 78, -34, 541, -536, 234, -195, -170, 
214, 185, -29, -200, 122, 78, -34, 541, -536, 234, -195, -170, 
214, 185, -29, -200, 122, 78, -34, 541, -541, 234, -195, -170, 
214, 185, -29, -200, 122, 78, -34, 541, -541, 234, -195, -170, 
224, 175, -48, -200, 136, 63, -34, 541, -531, 244, -195, -170, 
234, 175, -58, -204, 146, 58, -34, 551, -531, 244, -195, -170, 
229, 170, -58, -200, 143, 56, -34, 551, -531, 234, -195, -170, 
229, 170, -58, -200, 143, 56, -39, 556, -527, 234, -195, -175, 
224, 170, -53, -197, 139, 58, -29, 556, -527, 234, -204, -185, 
224, 161, -63, -192, 143, 48, -19, 561, -512, 239, -209, -200, 
214, 156, -58, -185, 136, 48, 9, 575, -492, 244, -214, -209, 
185, 146, -39, -165, 112, 53, 24, 585, -468, 244, -234, -244, 
165, 141, -24, -153, 95, 58, 43, 600, -444, 258, -258, -283, 
151, 141, -9, -146, 80, 65, 68, 610, -419, 273, -287, -326, 
122, 136, 14, -129, 53, 75, 102, 619, -390, 278, -317, -370, 
112, 141, 29, -126, 41, 85, 122, 629, -361, 287, -322, -390, 
122, 180, 58, -151, 31, 119, 122, 644, -336, 331, -283, -361, 
141, 229, 87, -185, 26, 158, 102, 668, -312, 366, -219, -278, 
175, 273, 97, -224, 39, 185, 102, 717, -268, 405, -146, -190, 
214, 312, 97, -263, 58, 204, 97, 780, -214, 448, -73, -102, 
278, 351, 73, -314, 102, 212, 82, 844, -156, 483, 0, 14, 
331, 414, 82, -373, 124, 248, 48, 907, -92, 546, 97, 141, 
395, 488, 92, -441, 151, 290, 34, 995, 0, 644, 244, 302, 
478, 517, 39, -497, 219, 278, 14, 1083, 58, 727, 385, 468, 
561, 497, -63, -529, 312, 217, -9, 1127, 48, 790, 527, 653, 
629, 512, -117, -570, 373, 197, -58, 1107, -39, 873, 702, 854, 
663, 590, -73, -627, 368, 258, -136, 1034, -156, 1005, 932, 1107, 
688, 722, 34, -705, 326, 378, -219, 936, -253, 1166, 1200, 1390, 
727, 844, 117, -785, 305, 480, -322, 839, -385, 1278, 1464, 1678, 
775, 932, 156, -854, 309, 544, -434, 732, -566, 1312, 1659, 1917, 
805, 1000, 195, -902, 305, 597, -522, 624, -741, 1293, 1790, 2088, 
814, 1019, 204, -917, 305, 612, -570, 546, -858, 1283, 1898, 2200, 
810, 1019, 209, -915, 300, 614, -570, 522, -912, 1293, 1976, 2254, 
805, 985, 180, -895, 312, 583, -561, 512, -956, 1263, 1986, 2244, 
785, 927, 141, -856, 322, 534, -551, 473, -1015, 1185, 1908, 2147, 
751, 863, 112, -807, 319, 488, -536, 424, -1083, 1083, 1790, 1986, 
697, 795, 97, -746, 300, 446, -502, 390, -1102, 995, 1639, 1747, 
610, 707, 97, -658, 256, 402, -439, 366, -1088, 917, 1444, 1454, 
497, 653, 156, -575, 170, 405, -385, 322, -1102, 834, 1263, 1166, 
385, 605, 219, -495, 82, 412, -341, 248, -1137, 732, 1054, 888, 
268, 536, 268, -402, 0, 402, -292, 175, -1180, 590, 775, 546, 
175, 468, 292, -322, -58, 380, -244, 82, -1239, 424, 458, 204, 
126, 429, 302, -278, -87, 366, -214, 19, -1283, 278, 200, -14, 
97, 405, 307, -251, -104, 356, -200, 0, -1293, 141, -9, -141, 
73, 366, 292, -219, -109, 329, -175, 24, -1268, 9, -214, -239, 
73, 317, 244, -195, -85, 280, -151, 53, -1220, -73, -356, -307, 
78, 287, 209, -183, -65, 248, -136, 117, -1151, -82, -385, -317, 
82, 258, 175, -170, -46, 217, -112, 190, -1063, -43, -346, -287, 
78, 224, 146, -151, -34, 185, -63, 273, -956, 0, -312, -268, 
82, 185, 102, -134, -9, 143, -24, 351, -863, 48, -292, -263, 
97, 175, 78, -136, 9, 126, 0, 409, -795, 87, -263, -248, 
117, 175, 58, -146, 29, 117, 0, 448, -741, 131, -244, -229, 
146, 175, 29, -161, 58, 102, -4, 468, -712, 170, -239, -224, 
180, 190, 9, -185, 85, 100, -29, 483, -688, 200, -219, -204, 
200, 204, 4, -202, 97, 104, -43, 492, -668, 229, -204, -185, 
214, 219, 4, -217, 104, 112, -53, 507, -644, 248, -185, -180, 
214, 219, 4, -217, 104, 112, -53, 512, -624, 263, -185, -170, 
209, 214, 4, -212, 102, 109, -43, 522, -590, 278, -180, -170, 
200, 219, 19, -209, 90, 119, -39, 536, -561, 278, -180, -180, 
195, 214, 19, -204, 87, 117, -39, 561, -541, 283, -185, -185, 
204, 214, 9, -209, 97, 112, -39, 575, -527, 283, -190, -190, 
209, 204, -4, -207, 107, 100, -39, 585, -522, 287, -190, -200, 
219, 204, -14, -212, 117, 95, -34, 590, -522, 292, -190, -200, 
224, 204, -19, -214, 122, 92, -29, 590, -522, 297, -190, -204, 
224, 204, -19, -214, 122, 92, -29, 590, -517, 297, -190, -209, 
234, 200, -34, -217, 134, 82, -19, 600, -507, 312, -190, -209, 
234, 195, -39, -214, 136, 78, -19, 605, -502, 312, -190, -204, 
234, 195, -39, -214, 136, 78, -19, 605, -497, 312, -190, -204, 
234, 195, -39, -214, 136, 78, -24, 610, -492, 312, -190, -204, 
229, 185, -43, -207, 136, 70, -24, 614, -483, 302, -190, -195, 
234, 185, -48, -209, 141, 68, -19, 624, -478, 302, -190, -190, 
234, 185, -48, -209, 141, 68, -19, 629, -478, 302, -190, -190, 
229, 185, -43, -207, 136, 70, -19, 634, -473, 307, -190, -190, 
239, 195, -43, -217, 141, 75, -19, 634, -478, 317, -190, -200, 
239, 195, -43, -217, 141, 75, -19, 629, -473, 317, -190, -200, 
244, 195, -48, -219, 146, 73, -19, 629, -473, 317, -190, -200, 
244, 200, -43, -222, 143, 78, -19, 634, -473, 317, -190, -200, 
244, 200, -43, -222, 143, 78, -19, 639, -468, 326, -190, -190, 
244, 195, -48, -219, 146, 73, -19, 639, -468, 326, -190, -190, 
248, 195, -53, -222, 151, 70, -19, 644, -468, 322, -190, -190, 
248, 200, -48, -224, 148, 75, -14, 644, -468, 322, -190, -190, 
248, 190, -58, -219, 153, 65, -24, 653, -463, 331, -180, -190, 
248, 190, -58, -219, 153, 65, -24, 653, -458, 331, -180, -185, 
248, 190, -58, -219, 153, 65, -24, 653, -458, 331, -175, -185, 
253, 190, -63, -222, 158, 63, -24, 658, -453, 331, -170, -185, 
253, 190, -63, -222, 158, 63, -14, 658, -444, 331, -180, -175, 
248, 190, -58, -219, 153, 65, -14, 658, -444, 336, -175, -175, 
248, 190, -58, -219, 153, 65, -14, 658, -439, 341, -175, -175, 
253, 190, -63, -222, 158, 63, -14, 658, -439, 341, -175, -165, 
253, 190, -63, -222, 158, 63, -14, 653, -439, 351, -175, -170, 
248, 190, -58, -219, 153, 65, -14, 653, -439, 351, -170, -170, 
248, 190, -58, -219, 153, 65, -14, 658, -439, 351, -170, -175, 
253, 190, -63, -222, 158, 63, -19, 663, -439, 351, -170, -180, 
244, 190, -53, -217, 148, 68, -19, 663, -444, 356, -170, -165, 
248, 190, -58, -219, 153, 65, -19, 663, -439, 356, -170, -165, 
248, 190, -58, -219, 153, 65, -19, 668, -434, 356, -165, -161, 
248, 190, -58, -219, 153, 65, -19, 668, -434, 361, -165, -161, 
253, 195, -58, -224, 156, 68, -19, 678, -444, 361, -161, -161, 
253, 195, -58, -224, 156, 68, -19, 678, -444, 361, -156, -151, 
253, 195, -58, -224, 156, 68, -19, 678, -439, 361, -156, -146, 
253, 195, -58, -224, 156, 68, -19, 678, -439, 361, -156, -146, 
253, 200, -53, -226, 153, 73, -19, 678, -439, 370, -151, -151, 
263, 204, -58, -234, 161, 73, -19, 678, -439, 370, -151, -151, 
263, 204, -58, -234, 161, 73, -19, 683, -429, 370, -151, -146, 
263, 209, -53, -236, 158, 78, -19, 683, -429, 370, -151, -146, 
253, 214, -39, -234, 146, 87, -29, 683, -429, 380, -146, -146, 
253, 214, -39, -234, 146, 87, -29, 688, -429, 380, -141, -146, 
253, 214, -39, -234, 146, 87, -34, 688, -424, 380, -136, -151, 
258, 219, -39, -239, 148, 90, -34, 692, -419, 390, -136, -151, 
258, 219, -39, -239, 148, 90, -24, 683, -424, 380, -136, -151, 
263, 219, -43, -241, 153, 87, -24, 683, -424, 385, -131, -141, 
263, 219, -43, -241, 153, 87, -24, 692, -414, 395, -122, -136, 
263, 224, -39, -244, 151, 92, -24, 697, -414, 395, -122, -131, 
263, 224, -39, -244, 151, 92, -24, 707, -424, 409, -117, -117, 
263, 224, -39, -244, 151, 92, -29, 707, -414, 409, -112, -112, 
263, 229, -34, -246, 148, 97, -29, 707, -409, 409, -107, -107, 
268, 229, -39, -248, 153, 95, -29, 707, -405, 414, -107, -107, 
268, 239, -29, -253, 148, 104, -39, 712, -400, 419, -97, -102, 
273, 244, -29, -258, 151, 107, -39, 712, -400, 419, -92, -97, 
273, 244, -29, -258, 151, 107, -39, 722, -405, 419, -87, -97, 
283, 253, -29, -268, 156, 112, -43, 727, -405, 424, -82, -92, 
283, 244, -39, -263, 161, 102, -34, 736, -395, 444, -78, -82, 
283, 248, -34, -265, 158, 107, -39, 736, -390, 448, -73, -73, 
287, 253, -34, -270, 161, 109, -39, 736, -385, 453, -68, -63, 
287, 258, -29, -273, 158, 114, -39, 741, -380, 453, -63, -53, 
287, 263, -24, -275, 156, 119, -43, 736, -385, 453, -58, -43, 
297, 268, -29, -283, 163, 119, -43, 741, -380, 458, -48, -39, 
297, 273, -24, -285, 161, 124, -43, 746, -375, 463, -43, -34, 
302, 278, -24, -290, 163, 126, -48, 751, -370, 468, -39, -29, 
307, 283, -24, -295, 165, 129, -48, 756, -375, 483, -34, -19, 
307, 287, -19, -297, 163, 134, -58, 761, -366, 488, -24, -9, 
307, 287, -19, -297, 163, 134, -58, 766, -366, 492, -19, -4, 
307, 297, -9, -302, 158, 143, -58, 771, -356, 502, -4, 9, 
312, 307, -4, -309, 158, 151, -58, 766, -336, 507, 4, 19, 
322, 317, -4, -319, 163, 156, -58, 775, -331, 517, 14, 29, 
326, 322, -4, -324, 165, 158, -68, 780, -331, 531, 19, 39, 
331, 326, -4, -329, 168, 161, -73, 790, -322, 536, 29, 48, 
326, 326, 0, -326, 163, 163, -73, 800, -317, 536, 48, 63, 
331, 331, 0, -331, 165, 165, -78, 805, -322, 541, 58, 73, 
336, 341, 4, -339, 165, 173, -78, 814, -317, 551, 68, 82, 
341, 356, 14, -348, 163, 185, -82, 824, -312, 561, 87, 97, 
351, 370, 19, -361, 165, 195, -97, 824, -307, 580, 102, 117, 
356, 380, 24, -368, 165, 202, -102, 829, -297, 595, 112, 126, 
361, 390, 29, -375, 165, 209, -107, 839, -287, 605, 131, 141, 
366, 400, 34, -383, 165, 217, -112, 844, -278, 614, 146, 156, 
380, 409, 29, -395, 175, 219, -107, 863, -263, 624, 170, 185, 
385, 424, 39, -405, 173, 231, -112, 873, -253, 639, 190, 209, 
390, 434, 43, -412, 173, 239, -117, 883, -244, 658, 214, 234, 
405, 448, 43, -427, 180, 246, -122, 897, -234, 673, 229, 258, 
400, 453, 53, -427, 173, 253, -126, 902, -219, 683, 244, 278, 
409, 468, 58, -439, 175, 263, -136, 902, -219, 697, 263, 297, 
419, 483, 63, -451, 178, 273, -146, 917, -209, 712, 283, 322, 
429, 488, 58, -458, 185, 273, -156, 927, -200, 727, 307, 351, 
434, 512, 78, -473, 178, 295, -161, 932, -200, 756, 331, 380, 
439, 527, 87, -483, 175, 307, -170, 936, -185, 775, 361, 409, 
448, 546, 97, -497, 175, 322, -180, 941, -170, 795, 395, 444, 
458, 561, 102, -509, 178, 331, -190, 961, -156, 810, 424, 468, 
468, 585, 117, -527, 175, 351, -195, 980, -146, 834, 458, 492, 
478, 605, 126, -541, 175, 366, -204, 990, -141, 854, 478, 517, 
488, 619, 131, -553, 178, 375, -214, 1000, -126, 868, 502, 541, 
502, 634, 131, -568, 185, 383, -224, 1015, -126, 883, 527, 570, 
502, 653, 151, -578, 175, 402, -229, 1019, -112, 907, 561, 595, 
512, 668, 156, -590, 178, 412, -239, 1019, -102, 922, 585, 629, 
531, 688, 156, -610, 187, 422, -248, 1034, -92, 936, 605, 658, 
546, 697, 151, -622, 197, 424, -258, 1034, -87, 961, 629, 678, 
556, 722, 165, -639, 195, 444, -263, 1054, -78, 976, 658, 717, 
566, 732, 165, -649, 200, 448, -273, 1063, -68, 985, 688, 746, 
575, 741, 165, -658, 204, 453, -278, 1073, -63, 995, 702, 775, 
580, 756, 175, -668, 202, 466, -287, 1078, -53, 1010, 727, 805, 
600, 761, 161, -680, 219, 461, -287, 1078, -53, 1024, 751, 824, 
605, 775, 170, -690, 217, 473, -302, 1088, -43, 1039, 771, 844, 
610, 775, 165, -692, 222, 470, -302, 1093, -39, 1044, 790, 868, 
619, 795, 175, -707, 222, 485, -307, 1098, -29, 1054, 805, 883, 
624, 810, 185, -717, 219, 497, -312, 1102, -24, 1068, 814, 902, 
629, 819, 190, -724, 219, 505, -322, 1102, -19, 1078, 829, 922, 
634, 824, 190, -729, 222, 507, -322, 1107, -19, 1083, 834, 927, 
639, 834, 195, -736, 222, 514, -326, 1112, -14, 1093, 849, 941, 
644, 844, 200, -744, 222, 522, -331, 1122, -19, 1102, 863, 951, 
644, 844, 200, -744, 222, 522, -331, 1127, -19, 1102, 873, 961, 
649, 849, 200, -749, 224, 524, -336, 1127, -14, 1107, 883, 966, 
653, 849, 195, -751, 229, 522, -336, 1127, -9, 1107, 883, 971, 
668, 863, 195, -766, 236, 529, -351, 1117, -19, 1107, 888, 980, 
668, 863, 195, -766, 236, 529, -351, 1117, -14, 1107, 888, 980, 
668, 863, 195, -766, 236, 529, -351, 1117, -14, 1107, 888, 980, 
668, 863, 195, -766, 236, 529, -351, 1112, -19, 1107, 888, 980, 
663, 858, 195, -761, 234, 527, -346, 1122, -14, 1107, 883, 966, 
658, 854, 195, -756, 231, 524, -346, 1117, -14, 1107, 878, 961, 
658, 854, 195, -756, 231, 524, -346, 1112, -14, 1112, 873, 956, 
658, 854, 195, -756, 231, 524, -341, 1107, -19, 1112, 863, 941, 
649, 834, 185, -741, 231, 509, -326, 1107, -29, 1098, 839, 922, 
639, 824, 185, -732, 226, 505, -322, 1098, -29, 1088, 814, 893, 
629, 810, 180, -719, 224, 495, -312, 1093, -34, 1073, 795, 863, 
614, 795, 180, -705, 217, 488, -307, 1073, -43, 1058, 756, 834, 
605, 785, 180, -695, 212, 483, -297, 1063, -53, 1044, 722, 790, 
590, 775, 185, -683, 202, 480, -292, 1054, -63, 1034, 702, 766, 
580, 766, 185, -673, 197, 475, -278, 1049, -63, 1019, 683, 736, 
566, 741, 175, -653, 195, 458, -263, 1039, -73, 1000, 658, 702, 
546, 732, 185, -639, 180, 458, -253, 1039, -78, 990, 629, 668, 
531, 722, 190, -627, 170, 456, -244, 1029, -87, 976, 590, 634, 
522, 697, 175, -610, 173, 436, -234, 1015, -97, 961, 566, 600, 
502, 673, 170, -588, 165, 422, -224, 1000, -107, 936, 536, 561, 
497, 649, 151, -573, 173, 400, -209, 995, -107, 917, 502, 522, 
483, 634, 151, -558, 165, 392, -200, 980, -126, 902, 468, 492, 
468, 614, 146, -541, 161, 380, -190, 966, -136, 883, 429, 458, 
458, 600, 141, -529, 158, 370, -180, 956, -146, 868, 405, 429, 
434, 580, 146, -507, 143, 363, -161, 951, -165, 849, 385, 395, 
424, 561, 136, -492, 143, 348, -151, 946, -175, 834, 361, 366, 
409, 541, 131, -475, 139, 336, -146, 941, -185, 814, 341, 341, 
395, 527, 131, -461, 131, 329, -141, 936, -195, 805, 317, 307, 
385, 522, 136, -453, 124, 329, -131, 922, -204, 785, 278, 273, 
375, 502, 126, -439, 124, 314, -122, 902, -219, 761, 239, 244, 
361, 488, 126, -424, 117, 307, -112, 897, -229, 741, 214, 214, 
351, 478, 126, -414, 112, 302, -102, 883, -239, 727, 190, 195, 
351, 458, 107, -405, 122, 283, -92, 873, -258, 722, 170, 170, 
346, 444, 97, -395, 124, 270, -92, 863, -268, 702, 151, 146, 
336, 429, 92, -383, 122, 261, -78, 863, -278, 692, 141, 131, 
331, 419, 87, -375, 122, 253, -78, 863, -287, 678, 126, 117, 
326, 400, 73, -363, 126, 236, -73, 858, -292, 668, 107, 87, 
322, 385, 63, -353, 129, 224, -68, 854, -302, 653, 92, 73, 
312, 370, 58, -341, 126, 214, -68, 849, -317, 639, 73, 58, 
302, 366, 63, -334, 119, 214, -58, 849, -322, 624, 53, 43, 
302, 351, 48, -326, 126, 200, -48, 829, -331, 610, 39, 19, 
297, 346, 48, -322, 124, 197, -48, 819, -336, 595, 19, 4, 
292, 341, 48, -317, 122, 195, -43, 810, -346, 580, 4, -4, 
287, 331, 43, -309, 122, 187, -39, 805, -351, 570, -4, -14, 
278, 322, 43, -300, 117, 183, -39, 810, -366, 575, 4, -19, 
273, 317, 43, -295, 114, 180, -39, 810, -375, 570, 0, -24, 
273, 307, 34, -290, 119, 170, -34, 810, -385, 561, -9, -29, 
273, 297, 24, -285, 124, 161, -29, 810, -385, 551, -19, -34, 
278, 283, 4, -280, 136, 143, -29, 800, -380, 541, -29, -43, 
273, 283, 9, -278, 131, 146, -29, 800, -385, 531, -48, -53, 
268, 273, 4, -270, 131, 139, -29, 795, -390, 527, -63, -53, 
268, 268, 0, -268, 134, 134, -24, 790, -400, 527, -78, -63, 
268, 253, -14, -261, 141, 119, -14, 795, -400, 512, -68, -73, 
268, 253, -14, -261, 141, 119, -14, 790, -400, 507, -73, -73, 
263, 248, -14, -256, 139, 117, -14, 790, -400, 507, -73, -82, 
258, 244, -14, -251, 136, 114, -9, 790, -405, 502, -73, -87, 
258, 239, -19, -248, 139, 109, -19, 795, -409, 502, -78, -78, 
258, 239, -19, -248, 139, 109, -19, 795, -409, 497, -82, -78, 
258, 234, -24, -246, 141, 104, -14, 795, -409, 492, -87, -78, 
258, 229, -29, -244, 143, 100, -14, 795, -409, 488, -87, -82, 
258, 229, -29, -244, 143, 100, -4, 795, -414, 497, -92, -87, 
258, 229, -29, -244, 143, 100, -4, 795, -414, 497, -92, -92, 
258, 229, -29, -244, 143, 100, -4, 800, -414, 497, -92, -92, 
258, 219, -39, -239, 148, 90, -4, 800, -414, 497, -97, -92, 
258, 219, -39, -239, 148, 90, -4, 790, -424, 488, -107, -82, 
258, 219, -39, -239, 148, 90, 0, 790, -424, 488, -107, -87, 
258, 219, -39, -239, 148, 90, 0, 790, -424, 483, -107, -87, 
258, 219, -39, -239, 148, 90, 0, 790, -424, 483, -107, -87, 
248, 209, -39, -229, 143, 85, 0, 800, -424, 483, -107, -97, 
244, 209, -34, -226, 139, 87, 0, 800, -424, 483, -112, -102, 
244, 209, -34, -226, 139, 87, 0, 800, -424, 483, -112, -102, 
244, 214, -29, -229, 136, 92, 0, 800, -424, 483, -112, -102, 
248, 214, -34, -231, 141, 90, 0, 795, -424, 483, -117, -102, 
248, 214, -34, -231, 141, 90, 0, 795, -424, 483, -117, -102, 
248, 209, -39, -229, 143, 85, 0, 795, -424, 488, -117, -102, 
248, 209, -39, -229, 143, 85, 0, 795, -419, 488, -117, -102, 
248, 214, -34, -231, 141, 90, 0, 805, -419, 497, -117, -107, 
248, 219, -29, -234, 139, 95, 0, 805, -419, 497, -117, -107, 
248, 219, -29, -234, 139, 95, 0, 805, -419, 497, -117, -107, 
248, 219, -29, -234, 139, 95, 0, 800, -419, 497, -117, -107, 
248, 219, -29, -234, 139, 95, 0, 800, -419, 497, -122, -112, 
248, 219, -29, -234, 139, 95, 0, 800, -419, 497, -122, -112, 
248, 219, -29, -234, 139, 95, -4, 800, -419, 497, -122, -107, 
248, 219, -29, -234, 139, 95, -4, 800, -419, 497, -117, -107, 
248, 219, -29, -234, 139, 95, 0, 810, -409, 497, -117, -107, 
248, 219, -29, -234, 139, 95, 0, 805, -409, 497, -117, -107, 
253, 219, -34, -236, 143, 92, 0, 805, -409, 497, -117, -112, 
253, 219, -34, -236, 143, 92, 0, 805, -409, 497, -117, -112, 
263, 219, -43, -241, 153, 87, 0, 814, -409, 497, -117, -112, 
263, 219, -43, -241, 153, 87, 0, 814, -409, 497, -117, -112, 
258, 224, -34, -241, 146, 95, 0, 814, -409, 497, -117, -112, 
253, 224, -29, -239, 141, 97, 0, 814, -409, 497, -117, -112, 
253, 224, -29, -239, 141, 97, 0, 824, -409, 497, -107, -112, 
253, 224, -29, -239, 141, 97, 0, 824, -409, 497, -107, -112, 
253, 224, -29, -239, 141, 97, 0, 814, -409, 497, -107, -112, 
253, 219, -34, -236, 143, 92, -4, 814, -409, 497, -112, -112, 
253, 229, -24, -241, 139, 102, -4, 810, -409, 497, -112, -112, 
253, 229, -24, -241, 139, 102, 0, 810, -409, 497, -112, -112, 
258, 229, -29, -244, 143, 100, 0, 814, -409, 497, -112, -112, 
258, 229, -29, -244, 143, 100, 0, 814, -409, 497, -112, -112, 
253, 229, -24, -241, 139, 102, 0, 824, -405, 507, -107, -97, 
253, 229, -24, -241, 139, 102, 0, 824, -405, 507, -107, -97, 
258, 229, -29, -244, 143, 100, 0, 819, -405, 507, -112, -97, 
258, 229, -29, -244, 143, 100, 0, 819, -405, 507, -112, -97, 
258, 229, -29, -244, 143, 100, 0, 824, -405, 512, -102, -97, 
258, 229, -29, -244, 143, 100, 0, 824, -405, 512, -102, -97, 
258, 229, -29, -244, 143, 100, 0, 824, -405, 512, -102, -97, 
258, 229, -29, -244, 143, 100, 0, 824, -405, 512, -102, -102, 
258, 229, -29, -244, 143, 100, 0, 834, -405, 512, -107, -102, 
263, 229, -34, -246, 148, 97, -4, 829, -409, 512, -107, -102, 
263, 229, -34, -246, 148, 97, -4, 829, -409, 507, -107, -102, 
263, 229, -34, -246, 148, 97, -4, 829, -409, 507, -107, -112, 
263, 229, -34, -246, 148, 97, 4, 824, -409, 507, -117, -112, 
263, 229, -34, -246, 148, 97, 4, 824, -409, 502, -117, -107, 
263, 229, -34, -246, 148, 97, 4, 824, -409, 497, -117, -102, 
263, 229, -34, -246, 148, 97, 4, 819, -409, 492, -122, -102, 
253, 229, -24, -241, 139, 102, 4, 829, -409, 497, -117, -97, 
253, 229, -24, -241, 139, 102, 4, 829, -409, 497, -117, -97, 
253, 229, -24, -241, 139, 102, 4, 829, -414, 497, -117, -97, 
258, 229, -29, -244, 143, 100, 4, 829, -414, 497, -117, -97, 
258, 214, -43, -236, 151, 85, 4, 824, -414, 502, -126, -97, 
258, 214, -43, -236, 151, 85, 4, 824, -419, 497, -131, -97, 
258, 214, -43, -236, 151, 85, 4, 824, -419, 497, -131, -97, 
258, 214, -43, -236, 151, 85, 4, 824, -419, 497, -131, -102, 
258, 214, -43, -236, 151, 85, 4, 834, -409, 497, -126, -112, 
258, 214, -43, -236, 151, 85, 4, 829, -414, 497, -131, -112, 
258, 214, -43, -236, 151, 85, 4, 829, -414, 492, -131, -112, 
253, 214, -39, -234, 146, 87, 4, 829, -414, 492, -131, -117, 
253, 219, -34, -236, 143, 92, 4, 819, -424, 492, -136, -117, 
253, 219, -34, -236, 143, 92, 4, 819, -424, 488, -136, -117, 
253, 219, -34, -236, 143, 92, 4, 819, -419, 488, -136, -117, 
248, 219, -29, -234, 139, 95, 4, 819, -419, 488, -136, -117, 
248, 204, -43, -226, 146, 80, 4, 819, -429, 492, -136, -117, 
248, 204, -43, -226, 146, 80, 4, 819, -434, 492, -141, -122, 
248, 200, -48, -224, 148, 75, 4, 819, -434, 488, -146, -122, 
248, 200, -48, -224, 148, 75, 4, 819, -434, 483, -146, -122, 
239, 200, -39, -219, 139, 80, 14, 824, -434, 473, -156, -122, 
244, 200, -43, -222, 143, 78, 14, 824, -434, 473, -156, -126, 
244, 200, -43, -222, 143, 78, 14, 824, -434, 473, -156, -126, 
239, 200, -39, -219, 139, 80, 14, 819, -434, 468, -156, -126, 
248, 209, -39, -229, 143, 85, 4, 819, -434, 468, -161, -126, 
253, 204, -48, -229, 151, 78, 4, 819, -434, 468, -161, -126, 
253, 204, -48, -229, 151, 78, 4, 819, -434, 463, -161, -126, 
248, 204, -43, -226, 146, 80, 4, 814, -434, 463, -165, -126, 
258, 195, -63, -226, 161, 65, 4, 814, -439, 468, -165, -131, 
258, 195, -63, -226, 161, 65, 4, 814, -439, 468, -165, -131, 
258, 195, -63, -226, 161, 65, 4, 814, -439, 463, -165, -131, 
258, 195, -63, -226, 161, 65, 4, 814, -439, 463, -170, -136, 
248, 195, -53, -222, 151, 70, 4, 814, -448, 473, -161, -136, 
248, 195, -53, -222, 151, 70, 4, 814, -448, 468, -161, -136, 
248, 195, -53, -222, 151, 70, 4, 814, -444, 468, -161, -136, 
248, 195, -53, -222, 151, 70, 4, 814, -444, 473, -161, -141, 
244, 195, -48, -219, 146, 73, 4, 805, -444, 473, -161, -131, 
244, 195, -48, -219, 146, 73, 4, 805, -448, 468, -161, -131, 
248, 190, -58, -219, 153, 65, 4, 810, -448, 463, -161, -131, 
248, 190, -58, -219, 153, 65, 4, 810, -453, 463, -161, -131, 
239, 190, -48, -214, 143, 70, 14, 810, -444, 463, -175, -131, 
239, 190, -48, -214, 143, 70, 14, 814, -444, 468, -175, -131, 
239, 185, -53, -212, 146, 65, 14, 819, -444, 468, -175, -131, 
239, 185, -53, -212, 146, 65, 14, 819, -444, 463, -175, -131, 
248, 180, -68, -214, 158, 56, 9, 810, -444, 463, -175, -141, 
248, 180, -68, -214, 158, 56, 9, 810, -444, 463, -175, -141, 
248, 180, -68, -214, 158, 56, 9, 810, -448, 463, -175, -141, 
244, 180, -63, -212, 153, 58, 19, 814, -448, 463, -170, -141, 
244, 180, -63, -212, 153, 58, 19, 824, -448, 463, -161, -141, 
244, 175, -68, -209, 156, 53, 14, 814, -448, 458, -170, -141, 
244, 175, -68, -209, 156, 53, 14, 814, -448, 458, -170, -141, 
244, 175, -68, -209, 156, 53, 14, 819, -448, 463, -165, -141, 
244, 175, -68, -209, 156, 53, 14, 819, -448, 463, -175, -131, 
244, 175, -68, -209, 156, 53, 14, 819, -448, 463, -180, -136, 
244, 175, -68, -209, 156, 53, 14, 819, -453, 463, -185, -141, 
244, 175, -68, -209, 156, 53, 14, 814, -453, 463, -185, -141, 
244, 175, -68, -209, 156, 53, 14, 814, -453, 458, -195, -141, 
244, 175, -68, -209, 156, 53, 14, 819, -453, 458, -195, -136, 
244, 175, -68, -209, 156, 53, 14, 819, -453, 458, -195, -136, 
244, 175, -68, -209, 156, 53, 14, 819, -453, 458, -195, -136, 
244, 175, -68, -209, 156, 53, 4, 814, -453, 453, -195, -141, 
244, 175, -68, -209, 156, 53, 4, 814, -453, 453, -195, -146, 
244, 175, -68, -209, 156, 53, 4, 814, -453, 458, -195, -151, 
244, 170, -73, -207, 158, 48, 4, 814, -453, 458, -195, -156, 
244, 170, -73, -207, 158, 48, 4, 814, -453, 448, -195, -156, 
244, 170, -73, -207, 158, 48, 4, 814, -453, 448, -195, -156, 
244, 175, -68, -209, 156, 53, 4, 814, -453, 448, -195, -156, 
244, 175, -68, -209, 156, 53, 4, 814, -453, 448, -195, -156, 
244, 175, -68, -209, 156, 53, 19, 824, -453, 458, -195, -156, 
244, 170, -73, -207, 158, 48, 19, 824, -453, 458, -190, -156, 
244, 170, -73, -207, 158, 48, 14, 824, -453, 458, -190, -156, 
244, 170, -73, -207, 158, 48, 14, 824, -453, 458, -195, -156, 
244, 165, -78, -204, 161, 43, 14, 824, -453, 448, -185, -156, 
244, 165, -78, -204, 161, 43, 14, 824, -453, 448, -185, -156, 
244, 165, -78, -204, 161, 43, 14, 824, -453, 448, -185, -156, 
244, 165, -78, -204, 161, 43, 14, 824, -453, 448, -190, -156, 
244, 165, -78, -204, 161, 43, 14, 824, -453, 458, -190, -156, 
244, 165, -78, -204, 161, 43, 14, 824, -453, 458, -190, -156, 
244, 165, -78, -204, 161, 43, 14, 824, -453, 458, -190, -156, 
244, 170, -73, -207, 158, 48, 14, 824, -453, 458, -190, -161, 
244, 170, -73, -207, 158, 48, 14, 824, -453, 458, -190, -151, 
244, 170, -73, -207, 158, 48, 14, 824, -453, 453, -190, -146, 
244, 170, -73, -207, 158, 48, 14, 824, -453, 453, -190, -146, 
244, 165, -78, -204, 161, 43, 14, 824, -448, 453, -185, -146, 
248, 165, -82, -207, 165, 41, 24, 819, -448, 458, -185, -146, 
248, 165, -82, -207, 165, 41, 24, 819, -453, 458, -185, -146, 
248, 165, -82, -207, 165, 41, 24, 819, -453, 458, -185, -146, 
248, 165, -82, -207, 165, 41, 24, 819, -453, 458, -190, -146, 
248, 156, -92, -202, 170, 31, 14, 829, -453, 458, -190, -156, 
248, 161, -87, -204, 168, 36, 14, 829, -453, 458, -185, -156, 
248, 161, -87, -204, 168, 36, 14, 834, -453, 458, -185, -151, 
248, 156, -92, -202, 170, 31, 14, 834, -453, 458, -180, -151, 
239, 161, -78, -200, 158, 41, 24, 829, -458, 458, -190, -156, 
244, 165, -78, -204, 161, 43, 19, 829, -458, 458, -185, -156, 
244, 156, -87, -200, 165, 34, 19, 829, -458, 458, -185, -156, 
244, 156, -87, -200, 165, 34, 19, 829, -458, 458, -185, -156, 
244, 156, -87, -200, 165, 34, 19, 829, -458, 458, -185, -156, 
244, 156, -87, -200, 165, 34, 19, 829, -458, 458, -185, -156, 
244, 156, -87, -200, 165, 34, 19, 819, -458, 458, -185, -156, 
244, 156, -87, -200, 165, 34, 19, 819, -458, 458, -185, -156, 
244, 156, -87, -200, 165, 34, 19, 819, -458, 458, -185, -156, 
244, 156, -87, -200, 165, 34, 19, 819, -458, 458, -185, -156, 
244, 156, -87, -200, 165, 34, 19, 829, -458, 448, -185, -156, 
244, 156, -87, -200, 165, 34, 19, 829, -458, 448, -185, -156, 
244, 156, -87, -200, 165, 34, 19, 829, -458, 448, -185, -156, 
244, 156, -87, -200, 165, 34, 19, 829, -458, 448, -185, -156, 
244, 165, -78, -204, 161, 43, 19, 829, -458, 458, -195, -156, 
244, 165, -78, -204, 161, 43, 19, 829, -458, 458, -195, -156, 
244, 165, -78, -204, 161, 43, 19, 829, -458, 458, -195, -156, 
244, 165, -78, -204, 161, 43, 19, 829, -458, 458, -195, -156, 
244, 156, -87, -200, 165, 34, 19, 829, -458, 448, -195, -156, 
244, 156, -87, -200, 165, 34, 19, 829, -458, 448, -195, -156, 
244, 156, -87, -200, 165, 34, 19, 829, -458, 448, -195, -156, 
244, 156, -87, -200, 165, 34, 19, 829, -458, 448, -195, -156, 
244, 156, -87, -200, 165, 34, 19, 829, -458, 458, -195, -156, 
244, 156, -87, -200, 165, 34, 19, 829, -458, 458, -195, -156, 
244, 156, -87, -200, 165, 34, 19, 829, -458, 458, -195, -156, 
244, 156, -87, -200, 165, 34, 19, 829, -458, 458, -195, -156, 
244, 156, -87, -200, 165, 34, 19, 829, -458, 458, -195, -156, 
244, 156, -87, -200, 165, 34, 19, 829, -458, 458, -195, -156, 
244, 156, -87, -200, 165, 34, 19, 829, -458, 458, -195, -156, 
244, 156, -87, -200, 165, 34, 19, 829, -458, 458, -195, -156, 
244, 156, -87, -200, 165, 34, 19, 829, -468, 458, -195, -165, 
244, 156, -87, -200, 165, 34, 19, 829, -468, 458, -195, -165, 
244, 156, -87, -200, 165, 34, 19, 829, -468, 458, -195, -165, 
244, 156, -87, -200, 165, 34, 19, 829, -468, 458, -195, -165, 
244, 156, -87, -200, 165, 34, 19, 829, -458, 458, -204, -156, 
244, 156, -87, -200, 165, 34, 19, 829, -458, 458, -204, -156, 
244, 156, -87, -200, 165, 34, 19, 829, -458, 458, -204, -156, 
244, 156, -87, -200, 165, 34, 19, 829, -458, 458, -204, -156, 
244, 156, -87, -200, 165, 34, 19, 829, -458, 458, -195, -156, 
244, 156, -87, -200, 165, 34, 19, 829, -458, 458, -195, -156, 
244, 156, -87, -200, 165, 34, 19, 829, -458, 458, -195, -156, 
244, 156, -87, -200, 165, 34, 19, 829, -458, 458, -195, -156, 
244, 146, -97, -195, 170, 24, 19, 829, -468, 458, -204, -156, 
244, 146, -97, -195, 170, 24, 19, 829, -468, 458, -204, -156, 
244, 146, -97, -195, 170, 24, 19, 829, -468, 458, -204, -156, 
244, 146, -97, -195, 170, 24, 19, 829, -468, 458, -204, -156, 
244, 156, -87, -200, 165, 34, 19, 839, -458, 458, -195, -156, 
244, 156, -87, -200, 165, 34, 19, 839, -458, 458, -195, -156, 
244, 156, -87, -200, 165, 34, 19, 839, -458, 458, -195, -156, 
244, 156, -87, -200, 165, 34, 19, 839, -458, 458, -195, -156, 
244, 161, -82, -202, 163, 39, 19, 839, -448, 468, -185, -156, 
244, 165, -78, -204, 161, 43, 19, 839, -448, 468, -185, -156, 
244, 170, -73, -207, 158, 48, 19, 839, -448, 468, -185, -156, 
244, 175, -68, -209, 156, 53, 19, 839, -448, 468, -185, -156, 
248, 190, -58, -219, 153, 65, 19, 849, -444, 483, -180, -151, 
253, 195, -58, -224, 156, 68, 19, 849, -439, 488, -175, -146, 
258, 200, -58, -229, 158, 70, 19, 849, -434, 492, -170, -141, 
263, 204, -58, -234, 161, 73, 19, 849, -429, 497, -165, -136, 
263, 209, -53, -236, 158, 78, 29, 858, -424, 502, -156, -126, 
263, 214, -48, -239, 156, 82, 29, 858, -419, 507, -156, -126, 
263, 219, -43, -241, 153, 87, 29, 858, -414, 512, -156, -126, 
263, 224, -39, -244, 151, 92, 29, 858, -409, 517, -156, -126, 
268, 234, -34, -251, 151, 100, 29, 868, -400, 517, -146, -117, 
273, 234, -39, -253, 156, 97, 29, 868, -400, 517, -146, -117, 
278, 234, -43, -256, 161, 95, 29, 868, -400, 517, -146, -117, 
283, 234, -48, -258, 165, 92, 29, 868, -400, 517, -146, -117, 
292, 234, -58, -263, 175, 87, 39, 873, -395, 522, -136, -102, 
292, 234, -58, -263, 175, 87, 39, 878, -390, 527, -136, -97, 
292, 234, -58, -263, 175, 87, 43, 883, -380, 536, -136, -92, 
292, 229, -63, -261, 178, 82, 43, 888, -375, 541, -136, -87, 
297, 229, -68, -263, 183, 80, 39, 897, -366, 541, -126, -97, 
297, 229, -68, -263, 183, 80, 34, 897, -366, 541, -126, -97, 
297, 229, -68, -263, 183, 80, 29, 897, -366, 541, -126, -97, 
302, 234, -68, -268, 185, 82, 14, 893, -375, 536, -126, -97, 
307, 234, -73, -270, 190, 80, -4, 888, -395, 536, -131, -102, 
312, 239, -73, -275, 192, 82, -34, 883, -405, 531, -131, -102, 
317, 244, -73, -280, 195, 85, -48, 878, -405, 531, -131, -102, 
322, 244, -78, -283, 200, 82, -53, 873, -409, 531, -131, -102, 
326, 244, -82, -285, 204, 80, -53, 863, -414, 517, -141, -107, 
331, 244, -87, -287, 209, 78, -48, 858, -419, 517, -141, -102, 
336, 253, -82, -295, 209, 85, -43, 858, -424, 517, -136, -102, 
336, 258, -78, -297, 207, 90, -39, 858, -424, 517, -136, -102, 
326, 253, -73, -290, 200, 90, -39, 858, -434, 522, -136, -87, 
326, 244, -82, -285, 204, 80, -39, 858, -439, 512, -136, -82, 
326, 229, -97, -278, 212, 65, -29, 863, -439, 512, -136, -78, 
322, 214, -107, -268, 214, 53, -29, 863, -444, 512, -141, -78, 
331, 195, -136, -263, 234, 29, -29, 863, -434, 502, -165, -82, 
331, 190, -141, -261, 236, 24, -29, 858, -448, 492, -170, -87, 
331, 190, -141, -261, 236, 24, -29, 858, -448, 488, -170, -87, 
331, 185, -146, -258, 239, 19, -29, 849, -458, 483, -175, -87, 
322, 190, -131, -256, 226, 29, -29, 854, -468, 478, -175, -102, 
322, 190, -131, -256, 226, 29, -29, 849, -468, 478, -175, -102, 
322, 190, -131, -256, 226, 29, -29, 849, -463, 478, -170, -102, 
322, 190, -131, -256, 226, 29, -29, 849, -463, 478, -161, -102, 
322, 200, -122, -261, 222, 39, -29, 849, -463, 473, -161, -102, 
322, 200, -122, -261, 222, 39, -29, 849, -463, 473, -161, -102, 
322, 200, -122, -261, 222, 39, -24, 854, -458, 478, -156, -102, 
312, 200, -112, -256, 212, 43, -24, 858, -458, 483, -156, -102, 
302, 195, -107, -248, 204, 43, -29, 858, -458, 483, -165, -102, 
297, 185, -112, -241, 204, 36, -19, 858, -458, 483, -170, -107, 
292, 180, -112, -236, 202, 34, -14, 858, -458, 478, -170, -112, 
278, 175, -102, -226, 190, 36, -9, 854, -458, 478, -175, -122, 
273, 151, -122, -212, 197, 14, 4, 849, -458, 473, -185, -126, 
268, 146, -122, -207, 195, 12, 9, 849, -458, 468, -185, -131, 
263, 131, -131, -197, 197, 0, 9, 839, -468, 458, -200, -141, 
258, 117, -141, -187, 200, -12, 9, 829, -478, 444, -204, -146, 
248, 122, -126, -185, 187, -2, 9, 829, -488, 434, -209, -161, 
248, 112, -136, -180, 192, -12, 14, 824, -488, 434, -214, -161, 
244, 112, -131, -178, 187, -9, 14, 824, -497, 429, -214, -165, 
239, 102, -136, -170, 187, -17, 14, 819, -497, 429, -214, -165, 
239, 102, -136, -170, 187, -17, 14, 819, -488, 439, -229, -170, 
239, 102, -136, -170, 187, -17, 14, 819, -488, 439, -229, -175, 
239, 102, -136, -170, 187, -17, 19, 819, -488, 439, -229, -180, 
239, 102, -136, -170, 187, -17, 19, 819, -488, 439, -229, -180, 
239, 102, -136, -170, 187, -17, 24, 834, -483, 439, -224, -180, 
239, 97, -141, -168, 190, -21, 24, 834, -483, 439, -224, -175, 
234, 97, -136, -165, 185, -19, 24, 834, -478, 439, -224, -175, 
234, 97, -136, -165, 185, -19, 24, 834, -478, 439, -224, -175, 
244, 102, -141, -173, 192, -19, 29, 834, -478, 439, -229, -185, 
239, 102, -136, -170, 187, -17, 29, 834, -478, 439, -224, -180, 
239, 102, -136, -170, 187, -17, 34, 834, -473, 444, -224, -180, 
239, 102, -136, -170, 187, -17, 34, 839, -473, 444, -224, -180, 
229, 97, -131, -163, 180, -17, 34, 839, -473, 444, -224, -180, 
224, 97, -126, -161, 175, -14, 39, 839, -473, 448, -224, -180, 
224, 97, -126, -161, 175, -14, 39, 839, -473, 448, -224, -185, 
224, 97, -126, -161, 175, -14, 39, 839, -473, 448, -224, -185, 
224, 97, -126, -161, 175, -14, 39, 839, -468, 448, -224, -175, 
219, 97, -122, -158, 170, -12, 43, 839, -468, 448, -224, -175, 
219, 97, -122, -158, 170, -12, 43, 839, -468, 448, -224, -175, 
219, 92, -126, -156, 173, -17, 43, 839, -463, 448, -224, -175, 
224, 92, -131, -158, 178, -19, 43, 829, -463, 448, -224, -165, 
224, 92, -131, -158, 178, -19, 43, 829, -463, 448, -224, -161, 
224, 92, -131, -158, 178, -19, 43, 829, -463, 448, -224, -161, 
224, 92, -131, -158, 178, -19, 43, 829, -463, 448, -224, -161, 
229, 92, -136, -161, 183, -21, 34, 839, -463, 448, -214, -161, 
229, 97, -131, -163, 180, -17, 39, 839, -463, 448, -214, -161, 
229, 97, -131, -163, 180, -17, 39, 839, -463, 448, -214, -161, 
234, 97, -136, -165, 185, -19, 34, 839, -463, 448, -214, -161, 
224, 97, -126, -161, 175, -14, 34, 829, -473, 448, -214, -170, 
224, 97, -126, -161, 175, -14, 34, 834, -468, 448, -214, -170, 
224, 97, -126, -161, 175, -14, 34, 834, -468, 448, -214, -170, 
224, 97, -126, -161, 175, -14, 34, 834, -473, 448, -214, -170, 
234, 97, -136, -165, 185, -19, 43, 844, -463, 448, -214, -170, 
234, 97, -136, -165, 185, -19, 43, 844, -463, 448, -214, -170, 
234, 97, -136, -165, 185, -19, 43, 844, -463, 448, -214, -170, 
229, 92, -136, -161, 183, -21, 43, 844, -463, 448, -214, -170, 
229, 92, -136, -161, 183, -21, 48, 849, -458, 448, -214, -175, 
224, 82, -141, -153, 183, -29, 58, 849, -448, 458, -214, -185, 
214, 82, -131, -148, 173, -24, 68, 854, -434, 453, -219, -200, 
195, 87, -107, -141, 151, -9, 87, 858, -424, 458, -244, -219, 
165, 87, -78, -126, 122, 4, 112, 868, -400, 458, -263, -253, 
146, 92, -53, -119, 100, 19, 131, 873, -366, 463, -297, -312, 
122, 82, -39, -102, 80, 21, 165, 893, -331, 468, -326, -366, 
102, 87, -14, -95, 58, 36, 200, 902, -302, 483, -336, -390, 
92, 102, 9, -97, 41, 56, 219, 912, -283, 512, -322, -380, 
112, 151, 39, -131, 36, 95, 200, 917, -258, 536, -273, -331, 
141, 209, 68, -175, 36, 139, 180, 961, -214, 580, -209, -248, 
185, 253, 68, -219, 58, 161, 170, 1039, -151, 629, -136, -161, 
244, 292, 48, -268, 97, 170, 156, 1122, -87, 673, -53, -43, 
317, 341, 24, -329, 146, 183, 141, 1205, -19, 727, 39, 82, 
380, 414, 34, -397, 173, 224, 117, 1307, 63, 800, 156, 229, 
463, 458, -4, -461, 234, 226, 92, 1395, 146, 888, 292, 390, 
566, 458, -107, -512, 336, 175, 63, 1464, 156, 961, 424, 566, 
668, 439, -229, -553, 448, 104, 29, 1488, 97, 1015, 556, 751, 
736, 463, -273, -600, 505, 95, -29, 1439, -9, 1107, 741, 971, 
751, 551, -200, -651, 475, 175, -107, 1307, -156, 1220, 961, 1205, 
785, 673, -112, -729, 448, 280, -209, 1180, -312, 1332, 1200, 1468, 
844, 775, -68, -810, 456, 353, -322, 1054, -473, 1395, 1415, 1727, 
863, 854, -9, -858, 436, 422, -414, 927, -653, 1410, 1571, 1927, 
873, 883, 9, -878, 431, 446, -473, 819, -780, 1429, 1673, 2069, 
873, 893, 19, -883, 427, 456, -492, 771, -839, 1459, 1771, 2161, 
868, 873, 4, -871, 431, 439, -492, 746, -873, 1459, 1810, 2186, 
844, 819, -24, -832, 434, 397, -473, 707, -936, 1420, 1781, 2127, 
805, 761, -43, -783, 424, 358, -473, 668, -995, 1351, 1693, 2000, 
761, 697, -63, -729, 412, 317, -448, 619, -1034, 1249, 1546, 1781, 
688, 610, -78, -649, 383, 265, -405, 556, -1073, 1132, 1337, 1483, 
580, 551, -29, -566, 305, 261, -370, 502, -1117, 1024, 1151, 1210, 
468, 517, 48, -492, 209, 283, -326, 429, -1161, 932, 990, 961, 
346, 468, 122, -407, 112, 295, -273, 366, -1195, 819, 771, 683, 
219, 390, 170, -305, 24, 280, -214, 312, -1220, 678, 512, 361, 
126, 331, 204, -229, -39, 268, -175, 248, -1239, 531, 244, 97, 
87, 273, 185, -180, -48, 229, -146, 234, -1244, 385, 14, -73, 
68, 219, 151, -143, -41, 185, -102, 263, -1205, 258, -185, -180, 
53, 180, 126, -117, -36, 153, -78, 297, -1161, 165, -341, -268, 
63, 161, 97, -112, -17, 129, -53, 346, -1093, 151, -385, -287, 
68, 141, 73, -104, -2, 107, -29, 429, -985, 190, -356, -258, 
73, 112, 39, -92, 17, 75, 14, 522, -888, 239, -317, -239, 
78, 87, 9, -82, 34, 48, 53, 595, -800, 263, -302, -229, 
92, 87, -4, -90, 48, 41, 73, 663, -717, 302, -283, -214, 
107, 78, -29, -92, 68, 24, 68, 712, -649, 341, -253, -200, 
136, 78, -58, -107, 97, 9, 58, 741, -614, 366, -234, -190, 
165, 87, -78, -126, 122, 4, 34, 751, -595, 395, -219, -175, 
200, 112, -87, -156, 143, 12, 19, 756, -570, 424, -200, -165, 
209, 126, -82, -168, 146, 21, 14, 766, -551, 444, -185, -165, 
214, 131, -82, -173, 148, 24, 24, 761, -536, 453, -185, -170, 
214, 131, -82, -173, 148, 24, 34, 775, -517, 458, -185, -170, 
209, 136, -73, -173, 141, 31, 34, 795, -483, 463, -180, -170, 
209, 131, -78, -170, 143, 26, 39, 819, -453, 463, -180, -170, 
204, 126, -78, -165, 141, 24, 48, 834, -434, 448, -195, -175, 
195, 117, -78, -156, 136, 19, 48, 849, -429, 458, -190, -180, 
200, 112, -87, -156, 143, 12, 58, 849, -424, 463, -200, -180, 
209, 107, -102, -158, 156, 2, 63, 854, -424, 468, -200, -180, 
214, 102, -112, -158, 163, -4, 68, 854, -424, 473, -200, -185, 
214, 97, -117, -156, 165, -9, 68, 854, -419, 473, -200, -190, 
224, 102, -122, -163, 173, -9, 68, 854, -409, 478, -200, -180, 
224, 97, -126, -161, 175, -14, 68, 858, -405, 478, -200, -175, 
224, 97, -126, -161, 175, -14, 68, 858, -400, 478, -200, -175, 
224, 97, -126, -161, 175, -14, 63, 863, -395, 478, -200, -175, 
219, 97, -122, -158, 170, -12, 63, 878, -395, 478, -200, -175, 
224, 97, -126, -161, 175, -14, 68, 888, -390, 478, -200, -170, 
224, 97, -126, -161, 175, -14, 68, 893, -390, 478, -200, -170, 
219, 97, -122, -158, 170, -12, 68, 897, -385, 483, -200, -170, 
229, 97, -131, -163, 180, -17, 68, 897, -380, 483, -209, -180, 
229, 97, -131, -163, 180, -17, 68, 893, -375, 483, -209, -180, 
234, 97, -136, -165, 185, -19, 68, 893, -375, 483, -209, -180, 
234, 102, -131, -168, 183, -14, 68, 897, -375, 483, -209, -180, 
224, 102, -122, -163, 173, -9, 68, 893, -370, 483, -200, -180, 
224, 97, -126, -161, 175, -14, 68, 893, -370, 483, -200, -180, 
229, 97, -131, -163, 180, -17, 68, 897, -370, 478, -200, -180, 
229, 102, -126, -165, 178, -12, 73, 897, -370, 478, -200, -180, 
229, 112, -117, -170, 173, -2, 63, 897, -366, 488, -200, -170, 
229, 112, -117, -170, 173, -2, 63, 897, -361, 488, -200, -165, 
229, 112, -117, -170, 173, -2, 63, 897, -361, 488, -195, -165, 
234, 112, -122, -173, 178, -4, 63, 902, -356, 488, -190, -165, 
244, 102, -141, -173, 192, -19, 73, 902, -356, 488, -190, -165, 
239, 102, -136, -170, 187, -17, 73, 902, -356, 492, -185, -165, 
239, 102, -136, -170, 187, -17, 73, 902, -351, 497, -185, -165, 
244, 102, -141, -173, 192, -19, 73, 902, -351, 497, -185, -156, 
244, 112, -131, -178, 187, -9, 73, 897, -351, 497, -185, -165, 
239, 112, -126, -175, 183, -7, 73, 897, -351, 497, -180, -161, 
239, 112, -126, -175, 183, -7, 73, 902, -351, 497, -180, -161, 
244, 112, -131, -178, 187, -9, 68, 907, -351, 497, -180, -161, 
234, 122, -112, -178, 173, 4, 68, 907, -346, 502, -180, -156, 
239, 122, -117, -180, 178, 2, 68, 907, -341, 502, -180, -156, 
239, 122, -117, -180, 178, 2, 68, 912, -336, 502, -175, -151, 
239, 122, -117, -180, 178, 2, 68, 912, -336, 507, -175, -151, 
244, 117, -126, -180, 185, -4, 68, 922, -336, 507, -170, -151, 
244, 117, -126, -180, 185, -4, 68, 922, -336, 507, -165, -141, 
244, 117, -126, -180, 185, -4, 68, 922, -331, 507, -165, -136, 
244, 117, -126, -180, 185, -4, 68, 922, -331, 507, -165, -136, 
244, 112, -131, -178, 187, -9, 58, 922, -322, 507, -170, -131, 
253, 117, -136, -185, 195, -9, 58, 922, -322, 507, -170, -131, 
253, 117, -136, -185, 195, -9, 58, 927, -312, 507, -170, -126, 
253, 122, -131, -187, 192, -4, 58, 927, -312, 507, -170, -126, 
253, 126, -126, -190, 190, 0, 58, 927, -312, 507, -156, -131, 
253, 126, -126, -190, 190, 0, 58, 932, -312, 507, -151, -126, 
253, 126, -126, -190, 190, 0, 53, 932, -307, 507, -146, -126, 
258, 131, -126, -195, 192, 2, 53, 936, -302, 517, -146, -122, 
258, 131, -126, -195, 192, 2, 63, 927, -307, 517, -146, -122, 
263, 131, -131, -197, 197, 0, 63, 927, -307, 522, -141, -112, 
263, 131, -131, -197, 197, 0, 63, 936, -297, 531, -131, -107, 
263, 136, -126, -200, 195, 4, 63, 941, -297, 531, -131, -102, 
263, 136, -126, -200, 195, 4, 63, 951, -297, 536, -136, -97, 
263, 136, -126, -200, 195, 4, 58, 951, -287, 536, -131, -92, 
263, 141, -122, -202, 192, 9, 58, 951, -283, 536, -126, -87, 
268, 141, -126, -204, 197, 7, 58, 951, -278, 541, -126, -87, 
268, 141, -126, -204, 197, 7, 58, 956, -273, 546, -126, -82, 
273, 146, -126, -209, 200, 9, 58, 956, -273, 546, -122, -78, 
273, 146, -126, -209, 200, 9, 58, 966, -278, 546, -117, -78, 
283, 156, -126, -219, 204, 14, 53, 971, -278, 551, -112, -73, 
273, 156, -117, -214, 195, 19, 53, 971, -258, 561, -97, -58, 
273, 161, -112, -217, 192, 24, 48, 971, -253, 566, -92, -53, 
278, 165, -112, -222, 195, 26, 48, 971, -248, 570, -87, -48, 
278, 170, -107, -224, 192, 31, 48, 976, -244, 570, -82, -43, 
278, 175, -102, -226, 190, 36, 34, 980, -248, 570, -78, -43, 
287, 180, -107, -234, 197, 36, 34, 985, -244, 575, -68, -39, 
287, 185, -102, -236, 195, 41, 34, 990, -239, 580, -63, -34, 
292, 190, -102, -241, 197, 43, 29, 995, -234, 585, -58, -29, 
297, 195, -102, -246, 200, 46, 39, 1000, -229, 580, -53, -19, 
297, 200, -97, -248, 197, 51, 29, 1005, -219, 585, -43, -9, 
297, 200, -97, -248, 197, 51, 29, 1010, -219, 590, -39, -4, 
297, 209, -87, -253, 192, 61, 29, 1015, -209, 600, -24, 9, 
292, 219, -73, -256, 183, 73, 29, 1019, -200, 614, -14, 29, 
302, 229, -73, -265, 187, 78, 29, 1029, -195, 624, -4, 39, 
307, 234, -73, -270, 190, 80, 19, 1034, -195, 639, 0, 48, 
312, 239, -73, -275, 192, 82, 14, 1044, -185, 644, 9, 58, 
326, 239, -87, -283, 207, 75, 14, 1044, -165, 653, 19, 73, 
331, 244, -87, -287, 209, 78, 9, 1049, -165, 658, 29, 82, 
336, 253, -82, -295, 209, 85, 9, 1058, -156, 668, 39, 92, 
341, 268, -73, -305, 207, 97, 4, 1068, -146, 678, 58, 107, 
351, 273, -78, -312, 214, 97, 0, 1083, -131, 688, 73, 136, 
356, 283, -73, -319, 214, 104, -4, 1093, -122, 702, 82, 146, 
361, 292, -68, -326, 214, 112, -9, 1107, -112, 712, 102, 161, 
366, 302, -63, -334, 214, 119, -14, 1117, -102, 722, 117, 175, 
370, 312, -58, -341, 214, 126, -19, 1117, -97, 732, 131, 200, 
375, 326, -48, -351, 212, 139, -24, 1127, -87, 746, 151, 219, 
380, 336, -43, -358, 212, 146, -29, 1137, -78, 766, 175, 239, 
395, 351, -43, -373, 219, 153, -34, 1151, -68, 780, 190, 258, 
409, 370, -39, -390, 224, 165, -29, 1151, -48, 790, 204, 268, 
419, 390, -29, -405, 224, 180, -39, 1156, -43, 805, 224, 287, 
429, 409, -19, -419, 224, 195, -48, 1176, -29, 819, 244, 312, 
439, 419, -19, -429, 229, 200, -58, 1190, -14, 834, 268, 341, 
439, 434, -4, -436, 222, 214, -63, 1210, -4, 854, 297, 380, 
448, 448, 0, -448, 224, 224, -73, 1220, 9, 873, 322, 409, 
463, 468, 4, -466, 229, 236, -82, 1229, 24, 893, 351, 444, 
478, 483, 4, -480, 236, 244, -92, 1254, 39, 907, 375, 468, 
497, 497, 0, -497, 248, 248, -97, 1254, 53, 922, 409, 492, 
507, 517, 9, -512, 248, 263, -107, 1263, 63, 941, 429, 517, 
517, 531, 14, -524, 251, 273, -117, 1273, 82, 956, 453, 541, 
531, 546, 14, -539, 258, 280, -126, 1288, 87, 971, 478, 570, 
531, 566, 34, -549, 248, 300, -131, 1302, 102, 985, 502, 605, 
541, 580, 39, -561, 251, 309, -141, 1312, 112, 1000, 527, 639, 
561, 600, 39, -580, 261, 319, -151, 1337, 122, 1015, 546, 668, 
575, 610, 34, -592, 270, 322, -161, 1346, 126, 1039, 570, 688, 
585, 624, 39, -605, 273, 331, -165, 1346, 136, 1063, 595, 717, 
595, 634, 39, -614, 278, 336, -175, 1356, 146, 1073, 619, 736, 
605, 644, 39, -624, 283, 341, -180, 1366, 151, 1083, 629, 756, 
610, 658, 48, -634, 280, 353, -190, 1371, 161, 1098, 649, 775, 
629, 673, 43, -651, 292, 358, -200, 1371, 170, 1102, 673, 785, 
634, 688, 53, -661, 290, 370, -214, 1381, 180, 1117, 692, 805, 
639, 688, 48, -663, 295, 368, -214, 1385, 185, 1122, 712, 829, 
649, 707, 58, -678, 295, 383, -219, 1390, 195, 1132, 727, 844, 
653, 712, 58, -683, 297, 385, -214, 1400, 200, 1137, 727, 863, 
658, 722, 63, -690, 297, 392, -224, 1405, 204, 1146, 741, 883, 
663, 727, 63, -695, 300, 395, -224, 1415, 204, 1151, 746, 888, 
668, 736, 68, -702, 300, 402, -229, 1424, 209, 1161, 761, 902, 
678, 746, 68, -712, 305, 407, -244, 1429, 214, 1171, 766, 912, 
683, 746, 63, -714, 309, 405, -244, 1429, 214, 1171, 775, 922, 
692, 751, 58, -722, 317, 405, -248, 1424, 219, 1176, 785, 927, 
702, 751, 48, -727, 326, 400, -248, 1420, 224, 1176, 785, 932, 
697, 756, 58, -727, 319, 407, -253, 1420, 214, 1176, 780, 932, 
697, 756, 58, -727, 319, 407, -253, 1420, 219, 1176, 780, 932, 
697, 756, 58, -727, 319, 407, -253, 1420, 219, 1176, 780, 932, 
697, 756, 58, -727, 319, 407, -253, 1415, 214, 1176, 780, 932, 
692, 741, 48, -717, 322, 395, -248, 1415, 209, 1171, 775, 927, 
688, 736, 48, -712, 319, 392, -248, 1410, 209, 1166, 771, 922, 
688, 736, 48, -712, 319, 392, -248, 1405, 209, 1166, 766, 917, 
688, 736, 48, -712, 319, 392, -244, 1400, 204, 1161, 756, 902, 
678, 717, 39, -697, 319, 378, -239, 1381, 200, 1137, 732, 883, 
668, 707, 39, -688, 314, 373, -234, 1371, 195, 1127, 707, 854, 
658, 692, 34, -675, 312, 363, -224, 1366, 185, 1112, 688, 824, 
644, 678, 34, -661, 305, 356, -219, 1346, 170, 1098, 649, 795, 
624, 668, 43, -646, 290, 356, -209, 1332, 156, 1093, 634, 761, 
610, 658, 48, -634, 280, 353, -204, 1317, 141, 1083, 614, 736, 
600, 649, 48, -624, 275, 348, -190, 1307, 136, 1068, 595, 707, 
585, 624, 39, -605, 273, 331, -175, 1293, 122, 1049, 570, 673, 
575, 605, 29, -590, 273, 317, -165, 1288, 112, 1034, 551, 649, 
561, 595, 34, -578, 263, 314, -156, 1273, 97, 1015, 512, 614, 
551, 570, 19, -561, 265, 295, -146, 1254, 82, 995, 488, 580, 
531, 546, 14, -539, 258, 280, -136, 1234, 68, 966, 458, 541, 
507, 522, 14, -514, 246, 268, -122, 1220, 53, 956, 434, 502, 
492, 507, 14, -500, 239, 261, -112, 1205, 29, 941, 400, 473, 
478, 488, 9, -483, 234, 248, -102, 1190, 14, 922, 361, 439, 
468, 473, 4, -470, 231, 239, -92, 1180, 0, 907, 336, 409, 
453, 463, 9, -458, 222, 236, -82, 1161, -14, 878, 312, 375, 
444, 444, 0, -444, 222, 222, -73, 1151, -29, 863, 292, 346, 
429, 424, -4, -427, 217, 209, -68, 1141, -43, 844, 278, 322, 
414, 409, -4, -412, 209, 202, -63, 1132, -58, 834, 258, 287, 
414, 395, -19, -405, 217, 187, -53, 1112, -73, 814, 224, 263, 
405, 375, -29, -390, 217, 173, -43, 1088, -92, 790, 190, 234, 
390, 361, -29, -375, 209, 165, -34, 1078, -107, 771, 170, 204, 
380, 351, -29, -366, 204, 161, -24, 1058, -122, 756, 151, 185, 
361, 331, -29, -346, 195, 151, -14, 1054, -151, 741, 131, 170, 
356, 317, -39, -336, 197, 139, -14, 1039, -161, 722, 112, 146, 
346, 302, -43, -324, 195, 129, 0, 1034, -170, 712, 102, 131, 
341, 292, -48, -317, 195, 122, 0, 1029, -180, 697, 87, 117, 
336, 283, -53, -309, 195, 114, 4, 1010, -185, 688, 78, 107, 
331, 268, -63, -300, 197, 102, 9, 1000, -195, 673, 63, 92, 
322, 253, -68, -287, 195, 92, 9, 990, -209, 658, 43, 78, 
312, 248, -63, -280, 187, 92, 19, 985, -214, 644, 24, 63, 
322, 224, -97, -273, 209, 63, 19, 985, -244, 639, 9, 39, 
317, 219, -97, -268, 207, 61, 19, 976, -248, 624, -9, 24, 
312, 214, -97, -263, 204, 58, 24, 966, -258, 610, -24, 14, 
307, 204, -102, -256, 204, 51, 29, 961, -263, 600, -34, 4, 
297, 204, -92, -251, 195, 56, 29, 961, -268, 595, -24, 0, 
292, 200, -92, -246, 192, 53, 29, 956, -278, 590, -29, -4, 
292, 190, -102, -241, 197, 43, 34, 951, -287, 580, -39, -9, 
292, 180, -112, -236, 202, 34, 39, 946, -287, 570, -48, -14, 
287, 175, -112, -231, 200, 31, 39, 946, -283, 561, -53, -24, 
283, 175, -107, -229, 195, 34, 39, 946, -287, 551, -68, -34, 
278, 165, -112, -222, 195, 26, 39, 941, -292, 546, -78, -34, 
278, 161, -117, -219, 197, 21, 43, 936, -302, 546, -87, -43, 
287, 156, -131, -222, 209, 12, 43, 932, -312, 541, -97, -43, 
287, 156, -131, -222, 209, 12, 43, 927, -312, 536, -102, -43, 
283, 151, -131, -217, 207, 9, 43, 927, -312, 536, -102, -53, 
278, 146, -131, -212, 204, 7, 48, 927, -317, 531, -102, -58, 
278, 141, -136, -209, 207, 2, 48, 932, -322, 522, -97, -68, 
278, 141, -136, -209, 207, 2, 48, 932, -322, 517, -102, -68, 
278, 136, -141, -207, 209, -2, 53, 932, -322, 512, -107, -68, 
278, 131, -146, -204, 212, -7, 53, 932, -322, 507, -107, -73, 
278, 131, -146, -204, 212, -7, 53, 922, -317, 517, -112, -78, 
278, 131, -146, -204, 212, -7, 53, 922, -317, 517, -112, -82, 
278, 131, -146, -204, 212, -7, 53, 927, -317, 517, -112, -82, 
278, 122, -156, -200, 217, -17, 53, 927, -317, 517, -117, -82, 
268, 122, -146, -195, 207, -12, 53, 927, -326, 517, -117, -82, 
268, 122, -146, -195, 207, -12, 58, 927, -326, 517, -117, -87, 
268, 122, -146, -195, 207, -12, 58, 927, -326, 512, -117, -87, 
268, 122, -146, -195, 207, -12, 58, 927, -326, 512, -117, -87, 
268, 112, -156, -190, 212, -21, 68, 917, -317, 502, -117, -78, 
263, 112, -151, -187, 207, -19, 68, 917, -317, 502, -122, -82, 
263, 112, -151, -187, 207, -19, 68, 917, -317, 502, -122, -82, 
263, 117, -146, -190, 204, -14, 68, 917, -317, 502, -122, -82, 
268, 126, -141, -197, 204, -7, 58, 912, -317, 492, -126, -92, 
268, 126, -141, -197, 204, -7, 58, 912, -317, 492, -126, -92, 
268, 122, -146, -195, 207, -12, 58, 912, -317, 497, -126, -92, 
268, 122, -146, -195, 207, -12, 58, 912, -312, 497, -126, -92, 
258, 126, -131, -192, 195, -2, 68, 912, -312, 497, -126, -87, 
258, 131, -126, -195, 192, 2, 68, 912, -312, 497, -126, -87, 
258, 131, -126, -195, 192, 2, 68, 912, -312, 497, -126, -87, 
258, 131, -126, -195, 192, 2, 68, 907, -312, 497, -126, -87, 
268, 131, -136, -200, 202, -2, 68, 907, -312, 488, -141, -102, 
268, 131, -136, -200, 202, -2, 68, 907, -312, 488, -141, -102, 
268, 131, -136, -200, 202, -2, 63, 907, -312, 488, -141, -97, 
268, 131, -136, -200, 202, -2, 63, 907, -312, 488, -136, -97, 
258, 131, -126, -195, 192, 2, 58, 907, -312, 488, -126, -97, 
258, 131, -126, -195, 192, 2, 58, 902, -312, 488, -126, -97, 
263, 131, -131, -197, 197, 0, 58, 902, -312, 488, -126, -102, 
263, 131, -131, -197, 197, 0, 58, 902, -312, 488, -126, -102, 
273, 122, -151, -197, 212, -14, 58, 893, -312, 497, -126, -92, 
273, 122, -151, -197, 212, -14, 58, 893, -312, 497, -126, -92, 
268, 126, -141, -197, 204, -7, 58, 893, -312, 497, -126, -92, 
263, 126, -136, -195, 200, -4, 58, 893, -312, 497, -126, -92, 
273, 136, -136, -204, 204, 0, 58, 902, -312, 497, -126, -82, 
273, 136, -136, -204, 204, 0, 58, 902, -312, 497, -126, -82, 
273, 136, -136, -204, 204, 0, 58, 893, -312, 497, -126, -82, 
273, 131, -141, -202, 207, -4, 53, 893, -312, 497, -131, -82, 
273, 122, -151, -197, 212, -14, 53, 897, -312, 507, -126, -73, 
273, 122, -151, -197, 212, -14, 58, 897, -312, 507, -122, -73, 
278, 122, -156, -200, 217, -17, 58, 902, -312, 507, -117, -73, 
278, 122, -156, -200, 217, -17, 58, 902, -312, 507, -112, -73, 
273, 112, -161, -192, 217, -24, 58, 893, -317, 497, -117, -78, 
273, 112, -161, -192, 217, -24, 58, 893, -317, 497, -117, -78, 
278, 112, -165, -195, 222, -26, 58, 888, -317, 497, -122, -78, 
278, 112, -165, -195, 222, -26, 58, 888, -317, 497, -122, -78, 
278, 112, -165, -195, 222, -26, 48, 883, -317, 492, -131, -87, 
278, 112, -165, -195, 222, -26, 48, 883, -317, 492, -131, -87, 
278, 112, -165, -195, 222, -26, 48, 883, -317, 492, -131, -87, 
278, 112, -165, -195, 222, -26, 48, 883, -317, 492, -131, -92, 
287, 112, -175, -200, 231, -31, 58, 883, -317, 483, -136, -92, 
292, 112, -180, -202, 236, -34, 53, 878, -322, 483, -136, -92, 
292, 112, -180, -202, 236, -34, 53, 878, -322, 478, -136, -92, 
292, 112, -180, -202, 236, -34, 53, 878, -322, 478, -136, -102, 
302, 112, -190, -207, 246, -39, 43, 873, -331, 478, -136, -102, 
302, 112, -190, -207, 246, -39, 43, 873, -331, 473, -136, -97, 
302, 112, -190, -207, 246, -39, 43, 873, -331, 468, -136, -92, 
302, 112, -190, -207, 246, -39, 43, 868, -331, 463, -141, -92, 
302, 122, -180, -212, 241, -29, 34, 858, -336, 458, -156, -107, 
302, 122, -180, -212, 241, -29, 34, 858, -341, 458, -156, -107, 
302, 122, -180, -212, 241, -29, 34, 858, -351, 458, -156, -107, 
307, 122, -185, -214, 246, -31, 34, 858, -356, 458, -156, -107, 
307, 126, -180, -217, 244, -26, 34, 854, -356, 463, -156, -117, 
307, 126, -180, -217, 244, -26, 34, 854, -361, 458, -161, -117, 
307, 126, -180, -217, 244, -26, 34, 854, -361, 458, -161, -117, 
307, 126, -180, -217, 244, -26, 34, 854, -361, 458, -161, -122, 
312, 126, -185, -219, 248, -29, 34, 854, -361, 448, -165, -112, 
317, 126, -190, -222, 253, -31, 34, 849, -366, 448, -170, -112, 
322, 126, -195, -224, 258, -34, 34, 849, -366, 444, -170, -112, 
322, 126, -195, -224, 258, -34, 34, 849, -366, 444, -170, -117, 
322, 112, -209, -217, 265, -48, 43, 839, -375, 434, -165, -117, 
322, 112, -209, -217, 265, -48, 43, 839, -375, 429, -165, -117, 
322, 112, -209, -217, 265, -48, 43, 839, -370, 429, -165, -117, 
317, 112, -204, -214, 261, -46, 43, 839, -370, 429, -165, -117, 
326, 107, -219, -217, 273, -56, 43, 839, -370, 434, -165, -117, 
326, 107, -219, -217, 273, -56, 43, 839, -375, 434, -170, -122, 
326, 102, -224, -214, 275, -61, 43, 839, -375, 429, -175, -122, 
326, 102, -224, -214, 275, -61, 43, 839, -375, 424, -175, -122, 
326, 102, -224, -214, 275, -61, 34, 834, -375, 414, -185, -122, 
331, 102, -229, -217, 280, -63, 34, 834, -375, 414, -185, -126, 
331, 102, -229, -217, 280, -63, 34, 834, -375, 414, -185, -126, 
326, 102, -224, -214, 275, -61, 34, 829, -375, 409, -185, -126, 
336, 112, -224, -224, 280, -56, 34, 819, -380, 409, -200, -136, 
341, 107, -234, -224, 287, -63, 34, 819, -385, 409, -200, -136, 
341, 107, -234, -224, 287, -63, 34, 819, -390, 405, -200, -136, 
336, 107, -229, -222, 283, -61, 34, 814, -395, 405, -204, -136, 
336, 107, -229, -222, 283, -61, 34, 824, -390, 409, -195, -141, 
336, 107, -229, -222, 283, -61, 34, 824, -390, 409, -195, -141, 
336, 107, -229, -222, 283, -61, 34, 824, -390, 405, -195, -141, 
336, 107, -229, -222, 283, -61, 34, 824, -390, 405, -200, -146, 
336, 107, -229, -222, 283, -61, 34, 814, -400, 405, -209, -156, 
336, 107, -229, -222, 283, -61, 34, 814, -400, 400, -209, -156, 
336, 107, -229, -222, 283, -61, 34, 814, -395, 400, -209, -156, 
336, 107, -229, -222, 283, -61, 34, 814, -395, 405, -209, -161, 
341, 107, -234, -224, 287, -63, 34, 805, -395, 395, -219, -151, 
341, 107, -234, -224, 287, -63, 34, 805, -400, 390, -219, -151, 
346, 102, -244, -224, 295, -70, 34, 810, -400, 385, -219, -151, 
346, 102, -244, -224, 295, -70, 34, 810, -405, 385, -219, -151, 
346, 102, -244, -224, 295, -70, 34, 805, -405, 375, -224, -161, 
346, 102, -244, -224, 295, -70, 34, 805, -405, 380, -224, -161, 
346, 97, -248, -222, 297, -75, 34, 805, -405, 380, -224, -161, 
346, 97, -248, -222, 297, -75, 34, 800, -405, 375, -224, -161, 
356, 102, -253, -229, 305, -75, 19, 800, -405, 375, -224, -161, 
356, 102, -253, -229, 305, -75, 19, 800, -405, 375, -224, -161, 
356, 102, -253, -229, 305, -75, 19, 800, -409, 375, -224, -161, 
351, 102, -248, -226, 300, -73, 29, 805, -409, 375, -219, -161, 
351, 112, -239, -231, 295, -63, 29, 805, -409, 375, -219, -161, 
351, 107, -244, -229, 297, -68, 24, 795, -409, 370, -229, -161, 
351, 107, -244, -229, 297, -68, 24, 795, -409, 370, -229, -161, 
351, 107, -244, -229, 297, -68, 24, 800, -409, 375, -224, -161, 
361, 107, -253, -234, 307, -73, 24, 810, -400, 375, -214, -151, 
361, 107, -253, -234, 307, -73, 24, 810, -400, 375, -219, -156, 
361, 107, -253, -234, 307, -73, 24, 810, -405, 375, -224, -161, 
361, 107, -253, -234, 307, -73, 24, 805, -405, 375, -224, -161, 
361, 97, -263, -229, 312, -82, 24, 795, -414, 370, -224, -161, 
361, 97, -263, -229, 312, -82, 24, 800, -414, 370, -224, -156, 
361, 97, -263, -229, 312, -82, 24, 800, -414, 370, -224, -156, 
361, 97, -263, -229, 312, -82, 24, 800, -414, 370, -224, -156, 
361, 107, -253, -234, 307, -73, 24, 795, -414, 366, -224, -156, 
361, 107, -253, -234, 307, -73, 24, 795, -414, 366, -224, -156, 
361, 107, -253, -234, 307, -73, 24, 795, -414, 370, -224, -156, 
361, 102, -258, -231, 309, -78, 24, 795, -414, 370, -224, -156, 
370, 102, -268, -236, 319, -82, 34, 795, -414, 361, -224, -165, 
370, 102, -268, -236, 319, -82, 34, 795, -414, 361, -224, -165, 
370, 107, -263, -239, 317, -78, 34, 795, -414, 361, -224, -165, 
370, 107, -263, -239, 317, -78, 34, 795, -414, 361, -224, -165, 
361, 107, -253, -234, 307, -73, 29, 795, -405, 361, -224, -165, 
361, 102, -258, -231, 309, -78, 29, 795, -405, 361, -219, -165, 
361, 102, -258, -231, 309, -78, 24, 795, -405, 361, -219, -165, 
361, 102, -258, -231, 309, -78, 24, 795, -405, 361, -224, -165, 
361, 97, -263, -229, 312, -82, 24, 785, -405, 361, -224, -165, 
361, 97, -263, -229, 312, -82, 24, 785, -405, 361, -224, -165, 
361, 97, -263, -229, 312, -82, 24, 785, -405, 361, -224, -165, 
361, 97, -263, -229, 312, -82, 24, 785, -405, 361, -229, -165, 
361, 97, -263, -229, 312, -82, 24, 785, -405, 361, -219, -156, 
361, 97, -263, -229, 312, -82, 24, 785, -405, 361, -219, -156, 
361, 97, -263, -229, 312, -82, 24, 785, -405, 361, -219, -156, 
361, 102, -258, -231, 309, -78, 24, 785, -405, 361, -219, -161, 
361, 102, -258, -231, 309, -78, 24, 785, -414, 351, -229, -161, 
361, 102, -258, -231, 309, -78, 24, 785, -414, 346, -229, -156, 
361, 102, -258, -231, 309, -78, 24, 785, -414, 346, -229, -156, 
361, 97, -263, -229, 312, -82, 24, 785, -409, 346, -224, -156, 
366, 97, -268, -231, 317, -85, 24, 780, -409, 351, -214, -156, 
366, 97, -268, -231, 317, -85, 24, 780, -414, 351, -214, -156, 
366, 97, -268, -231, 317, -85, 24, 780, -414, 351, -214, -156, 
366, 97, -268, -231, 317, -85, 24, 780, -414, 351, -219, -156, 
366, 97, -268, -231, 317, -85, 24, 780, -405, 351, -229, -156, 
366, 102, -263, -234, 314, -80, 24, 780, -405, 351, -224, -156, 
366, 102, -263, -234, 314, -80, 24, 785, -405, 351, -224, -151, 
366, 97, -268, -231, 317, -85, 24, 785, -405, 351, -219, -151, 
366, 102, -263, -234, 314, -80, 24, 780, -409, 351, -229, -156, 
361, 97, -263, -229, 312, -82, 29, 790, -409, 351, -224, -156, 
361, 107, -253, -234, 307, -73, 29, 780, -409, 341, -234, -156, 
361, 107, -253, -234, 307, -73, 29, 780, -409, 341, -234, -156, 
361, 107, -253, -234, 307, -73, 29, 780, -409, 341, -234, -156, 
361, 107, -253, -234, 307, -73, 29, 780, -409, 341, -234, -156, 
361, 97, -263, -229, 312, -82, 29, 780, -409, 341, -224, -156, 
361, 97, -263, -229, 312, -82, 29, 780, -409, 341, -224, -156, 
361, 97, -263, -229, 312, -82, 29, 780, -409, 341, -224, -156, 
361, 97, -263, -229, 312, -82, 29, 780, -409, 341, -224, -156, 
361, 107, -253, -234, 307, -73, 29, 790, -409, 351, -224, -156, 
361, 107, -253, -234, 307, -73, 29, 790, -409, 351, -224, -156, 
361, 107, -253, -234, 307, -73, 29, 790, -409, 351, -224, -156, 
361, 107, -253, -234, 307, -73, 29, 790, -409, 351, -224, -156, 
351, 97, -253, -224, 302, -78, 29, 790, -409, 341, -234, -156, 
351, 97, -253, -224, 302, -78, 29, 790, -409, 341, -234, -156, 
351, 97, -253, -224, 302, -78, 29, 790, -409, 341, -234, -156, 
351, 97, -253, -224, 302, -78, 29, 790, -409, 341, -234, -156, 
361, 97, -263, -229, 312, -82, 29, 780, -409, 341, -234, -146, 
361, 97, -263, -229, 312, -82, 29, 780, -409, 341, -234, -146, 
361, 97, -263, -229, 312, -82, 29, 780, -409, 341, -234, -146, 
361, 97, -263, -229, 312, -82, 29, 780, -409, 341, -234, -146, 
361, 97, -263, -229, 312, -82, 29, 780, -409, 341, -224, -146, 
361, 97, -263, -229, 312, -82, 29, 780, -409, 341, -224, -146, 
361, 97, -263, -229, 312, -82, 29, 780, -409, 341, -224, -146, 
361, 97, -263, -229, 312, -82, 29, 780, -409, 341, -224, -146, 
351, 107, -244, -229, 297, -68, 39, 780, -409, 341, -224, -146, 
351, 107, -244, -229, 297, -68, 39, 780, -409, 341, -224, -146, 
351, 107, -244, -229, 297, -68, 39, 780, -409, 341, -224, -146, 
351, 107, -244, -229, 297, -68, 39, 780, -409, 341, -224, -146, 
361, 107, -253, -234, 307, -73, 29, 780, -400, 341, -224, -156, 
361, 107, -253, -234, 307, -73, 29, 780, -400, 341, -224, -156, 
361, 107, -253, -234, 307, -73, 29, 780, -400, 341, -224, -156, 
361, 107, -253, -234, 307, -73, 29, 780, -400, 341, -224, -156, 
361, 112, -248, -236, 305, -68, 39, 780, -390, 351, -214, -146, 
361, 117, -244, -239, 302, -63, 39, 780, -390, 351, -214, -146, 
361, 122, -239, -241, 300, -58, 39, 780, -390, 351, -214, -146, 
361, 126, -234, -244, 297, -53, 39, 780, -390, 351, -214, -146, 
370, 146, -224, -258, 297, -39, 39, 790, -385, 356, -204, -141, 
370, 156, -214, -263, 292, -29, 39, 790, -380, 361, -204, -136, 
370, 165, -204, -268, 287, -19, 39, 790, -375, 366, -204, -131, 
370, 175, -195, -273, 283, -9, 39, 790, -370, 370, -204, -126, 
380, 185, -195, -283, 287, -4, 48, 800, -361, 380, -200, -122, 
380, 185, -195, -283, 287, -4, 48, 800, -361, 380, -195, -117, 
380, 185, -195, -283, 287, -4, 48, 800, -361, 380, -190, -112, 
380, 185, -195, -283, 287, -4, 48, 800, -361, 380, -185, -107, 
390, 185, -204, -287, 297, -9, 58, 805, -346, 390, -175, -97, 
390, 185, -204, -287, 297, -9, 58, 810, -341, 390, -175, -97, 
390, 185, -204, -287, 297, -9, 58, 814, -336, 390, -175, -97, 
390, 185, -204, -287, 297, -9, 58, 819, -331, 390, -175, -97, 
390, 195, -195, -292, 292, 0, 58, 829, -326, 395, -170, -87, 
390, 195, -195, -292, 292, 0, 63, 829, -317, 405, -165, -87, 
390, 190, -200, -290, 295, -4, 63, 829, -312, 409, -161, -87, 
395, 190, -204, -292, 300, -7, 58, 829, -307, 414, -156, -87, 
395, 190, -204, -292, 300, -7, 53, 839, -307, 414, -156, -87, 
395, 190, -204, -292, 300, -7, 48, 839, -307, 414, -156, -87, 
400, 195, -204, -297, 302, -4, 34, 834, -317, 409, -156, -87, 
405, 195, -209, -300, 307, -7, 24, 829, -326, 409, -161, -82, 
409, 190, -219, -300, 314, -14, 4, 814, -346, 405, -161, -73, 
414, 195, -219, -305, 317, -12, -9, 810, -346, 405, -161, -73, 
419, 195, -224, -307, 322, -14, -14, 805, -351, 405, -161, -73, 
424, 195, -229, -309, 326, -17, -19, 805, -356, 400, -161, -68, 
429, 195, -234, -312, 331, -19, -29, 810, -361, 390, -151, -73, 
434, 204, -229, -319, 331, -12, -29, 810, -366, 390, -146, -73, 
434, 209, -224, -322, 329, -7, -29, 810, -366, 390, -146, -73, 
434, 209, -224, -322, 329, -7, -29, 810, -366, 385, -146, -73, 
434, 204, -229, -319, 331, -12, -19, 800, -370, 375, -156, -63, 
434, 195, -239, -314, 336, -21, -9, 805, -370, 375, -156, -63, 
429, 185, -244, -307, 336, -29, -9, 805, -375, 375, -161, -68, 
429, 175, -253, -302, 341, -39, -9, 805, -375, 366, -175, -73, 
429, 180, -248, -305, 339, -34, -9, 800, -400, 356, -190, -87, 
429, 180, -248, -305, 339, -34, -9, 800, -400, 351, -190, -87, 
429, 175, -253, -302, 341, -39, -9, 790, -409, 346, -195, -87, 
429, 170, -258, -300, 344, -43, -9, 785, -419, 341, -200, -92, 
429, 161, -268, -295, 348, -53, -9, 780, -414, 341, -195, -102, 
429, 161, -268, -295, 348, -53, -9, 780, -405, 341, -195, -102, 
429, 161, -268, -295, 348, -53, -9, 780, -400, 341, -190, -102, 
429, 161, -268, -295, 348, -53, -9, 780, -395, 336, -190, -102, 
429, 170, -258, -300, 344, -43, -19, 780, -395, 346, -190, -97, 
429, 170, -258, -300, 344, -43, -14, 785, -390, 351, -185, -92, 
419, 170, -248, -295, 334, -39, -14, 790, -390, 356, -185, -87, 
409, 165, -244, -287, 326, -39, -9, 790, -390, 356, -185, -82, 
395, 146, -248, -270, 322, -51, 0, 800, -390, 356, -190, -78, 
390, 141, -248, -265, 319, -53, 4, 800, -390, 351, -190, -82, 
375, 136, -239, -256, 307, -51, 9, 795, -390, 351, -195, -92, 
361, 122, -239, -241, 300, -58, 14, 790, -390, 346, -204, -97, 
356, 126, -229, -241, 292, -51, 19, 780, -390, 341, -214, -107, 
351, 112, -239, -231, 295, -63, 19, 771, -400, 331, -229, -122, 
346, 97, -248, -222, 297, -75, 19, 761, -409, 317, -234, -131, 
346, 92, -253, -219, 300, -80, 19, 761, -409, 317, -239, -141, 
346, 82, -263, -214, 305, -90, 24, 756, -419, 317, -244, -131, 
341, 82, -258, -212, 300, -87, 24, 756, -429, 312, -244, -136, 
336, 73, -263, -204, 300, -95, 24, 751, -429, 312, -244, -136, 
336, 73, -263, -204, 300, -95, 24, 751, -429, 312, -248, -141, 
326, 73, -253, -200, 290, -90, 34, 751, -419, 302, -239, -146, 
326, 73, -253, -200, 290, -90, 39, 751, -419, 302, -239, -151, 
326, 73, -253, -200, 290, -90, 39, 751, -419, 302, -239, -151, 
326, 73, -253, -200, 290, -90, 43, 756, -414, 302, -244, -151, 
326, 68, -258, -197, 292, -95, 34, 756, -414, 302, -244, -156, 
322, 68, -253, -195, 287, -92, 34, 756, -409, 302, -244, -156, 
322, 68, -253, -195, 287, -92, 34, 756, -409, 302, -244, -156, 
322, 73, -248, -197, 285, -87, 39, 756, -409, 302, -239, -156, 
317, 63, -253, -190, 285, -95, 39, 756, -409, 302, -244, -141, 
317, 63, -253, -190, 285, -95, 43, 756, -405, 307, -244, -141, 
317, 63, -253, -190, 285, -95, 43, 761, -405, 307, -244, -141, 
317, 68, -248, -192, 283, -90, 43, 761, -405, 307, -244, -141, 
312, 68, -244, -190, 278, -87, 58, 761, -395, 312, -234, -141, 
312, 68, -244, -190, 278, -87, 58, 761, -395, 312, -234, -146, 
312, 68, -244, -190, 278, -87, 58, 761, -395, 312, -234, -146, 
312, 68, -244, -190, 278, -87, 58, 761, -390, 312, -234, -146, 
307, 68, -239, -187, 273, -85, 63, 761, -400, 312, -234, -156, 
307, 68, -239, -187, 273, -85, 63, 761, -400, 312, -234, -156, 
307, 63, -244, -185, 275, -90, 63, 761, -395, 312, -234, -156, 
302, 63, -239, -183, 270, -87, 63, 761, -395, 312, -234, -156, 
302, 63, -239, -183, 270, -87, 63, 761, -395, 312, -234, -151, 
302, 63, -239, -183, 270, -87, 63, 761, -395, 312, -234, -151, 
302, 63, -239, -183, 270, -87, 63, 761, -395, 312, -234, -151, 
297, 63, -234, -180, 265, -85, 63, 761, -395, 312, -234, -151, 
287, 78, -209, -183, 248, -65, 68, 761, -395, 312, -234, -141, 
287, 78, -209, -183, 248, -65, 68, 761, -395, 312, -234, -141, 
292, 78, -214, -185, 253, -68, 63, 761, -395, 312, -234, -141, 
292, 78, -214, -185, 253, -68, 63, 761, -395, 312, -234, -141, 
292, 78, -214, -185, 253, -68, 63, 756, -400, 312, -234, -151, 
292, 78, -214, -185, 253, -68, 63, 756, -400, 312, -234, -151, 
292, 78, -214, -185, 253, -68, 63, 756, -405, 312, -234, -151, 
292, 78, -214, -185, 253, -68, 63, 756, -405, 312, -234, -151, 
302, 78, -224, -190, 263, -73, 63, 746, -395, 312, -234, -151, 
302, 78, -224, -190, 263, -73, 63, 756, -395, 312, -234, -151, 
297, 73, -224, -185, 261, -75, 63, 756, -395, 312, -234, -151, 
297, 73, -224, -185, 261, -75, 68, 751, -390, 312, -244, -156, 
292, 73, -219, -183, 256, -73, 78, 761, -390, 312, -253, -165, 
273, 63, -209, -168, 241, -73, 87, 766, -366, 317, -248, -170, 
263, 58, -204, -161, 234, -73, 107, 771, -346, 322, -253, -190, 
234, 58, -175, -146, 204, -58, 131, 780, -322, 322, -263, -214, 
204, 63, -141, -134, 173, -39, 170, 795, -297, 326, -287, -253, 
180, 63, -117, -122, 148, -26, 214, 805, -273, 331, -326, -297, 
151, 58, -92, -104, 122, -17, 248, 814, -244, 336, -336, -322, 
141, 73, -68, -107, 104, 2, 258, 824, -224, 366, -322, -322, 
161, 112, -48, -136, 104, 31, 248, 849, -200, 400, -273, -273, 
200, 170, -29, -185, 114, 70, 229, 883, -165, 444, -229, -200, 
244, 214, -29, -229, 136, 92, 219, 951, -102, 473, -165, -122, 
302, 244, -58, -273, 180, 92, 204, 1034, -39, 507, -92, -24, 
366, 292, -73, -329, 219, 109, 180, 1117, 19, 551, -9, 92, 
439, 356, -82, -397, 261, 136, 165, 1210, 92, 624, 97, 229, 
522, 409, -112, -466, 317, 148, 151, 1307, 175, 712, 234, 380, 
614, 409, -204, -512, 409, 102, 122, 1376, 195, 775, 346, 527, 
717, 380, -336, -549, 527, 21, 87, 1410, 146, 829, 468, 692, 
795, 395, -400, -595, 597, -2, 39, 1381, 68, 912, 624, 883, 
829, 492, -336, -661, 583, 78, -48, 1288, -19, 1044, 834, 1117, 
873, 624, -248, -749, 561, 187, -161, 1180, -146, 1166, 1054, 1371, 
932, 727, -204, -829, 568, 261, -283, 1063, -307, 1249, 1259, 1620, 
971, 805, -165, -888, 568, 319, -395, 927, -488, 1283, 1424, 1820, 
980, 844, -136, -912, 558, 353, -463, 819, -624, 1302, 1537, 1952, 
980, 873, -107, -927, 544, 383, -483, 771, -683, 1342, 1625, 2034, 
976, 854, -122, -915, 549, 366, -483, 736, -717, 1351, 1683, 2069, 
941, 810, -131, -875, 536, 339, -463, 688, -790, 1312, 1654, 2010, 
902, 751, -151, -827, 527, 300, -463, 639, -858, 1244, 1566, 1903, 
858, 688, -170, -773, 514, 258, -439, 590, -907, 1161, 1429, 1712, 
805, 590, -214, -697, 509, 187, -395, 536, -946, 1054, 1220, 1434, 
707, 531, -175, -619, 441, 178, -351, 463, -990, 946, 1034, 1161, 
566, 497, -68, -531, 317, 214, -317, 390, -1024, 863, 883, 941, 
424, 439, 14, -431, 204, 226, -263, 317, -1068, 751, 692, 683, 
297, 361, 63, -329, 117, 212, -195, 234, -1112, 600, 453, 390, 
195, 302, 107, -248, 43, 204, -146, 151, -1151, 453, 204, 136, 
136, 253, 117, -195, 9, 185, -117, 117, -1166, 307, 4, -24, 
117, 209, 92, -163, 12, 151, -92, 136, -1166, 170, -185, -141, 
102, 161, 58, -131, 21, 109, -58, 151, -1122, 68, -331, -219, 
112, 141, 29, -126, 41, 85, -34, 200, -1063, 43, -395, -258, 
126, 131, 4, -129, 61, 68, -9, 283, -966, 63, -375, -239, 
122, 92, -29, -107, 75, 31, 34, 375, -868, 102, -356, -229, 
126, 68, -58, -97, 92, 4, 73, 448, -761, 126, -341, -229, 
141, 58, -82, -100, 112, -12, 92, 527, -678, 165, -312, -204, 
156, 48, -107, -102, 131, -29, 97, 585, -619, 204, -283, -180, 
175, 48, -126, -112, 151, -39, 97, 624, -566, 229, -263, -170, 
195, 58, -136, -126, 165, -39, 82, 644, -536, 258, -239, -146, 
229, 82, -146, -156, 187, -31, 68, 658, -502, 297, -219, -136, 
239, 97, -141, -168, 190, -21, 63, 668, -483, 317, -214, -126, 
253, 102, -151, -178, 202, -24, 63, 673, -468, 326, -214, -131, 
253, 112, -141, -183, 197, -14, 73, 678, -439, 331, -214, -131, 
258, 107, -151, -183, 204, -21, 82, 707, -414, 336, -209, -141, 
248, 102, -146, -175, 197, -21, 78, 722, -395, 326, -219, -141, 
244, 107, -136, -175, 190, -14, 87, 736, -375, 322, -214, -136, 
244, 97, -146, -170, 195, -24, 87, 751, -370, 322, -209, -141, 
239, 87, -151, -163, 195, -31, 87, 751, -366, 326, -219, -141, 
248, 87, -161, -168, 204, -36, 92, 756, -366, 331, -219, -141, 
253, 87, -165, -170, 209, -39, 97, 756, -366, 336, -219, -146, 
253, 87, -165, -170, 209, -39, 97, 756, -361, 336, -219, -151, 
263, 82, -180, -173, 222, -48, 107, 766, -341, 341, -219, -151, 
263, 78, -185, -170, 224, -53, 107, 771, -336, 341, -219, -146, 
263, 78, -185, -170, 224, -53, 107, 771, -331, 341, -219, -146, 
263, 78, -185, -170, 224, -53, 102, 775, -326, 341, -219, -146, 
258, 78, -180, -168, 219, -51, 102, 771, -326, 341, -219, -146, 
263, 78, -185, -170, 224, -53, 107, 780, -322, 341, -219, -141, 
263, 78, -185, -170, 224, -53, 107, 785, -322, 341, -219, -141, 
258, 78, -180, -168, 219, -51, 107, 790, -317, 346, -219, -141, 
258, 78, -180, -168, 219, -51, 117, 800, -312, 346, -219, -141, 
258, 78, -180, -168, 219, -51, 117, 795, -307, 346, -219, -141, 
263, 78, -185, -170, 224, -53, 117, 795, -307, 346, -219, -141, 
263, 82, -180, -173, 222, -48, 117, 800, -307, 346, -219, -141, 
263, 82, -180, -173, 222, -48, 117, 805, -302, 356, -209, -131, 
263, 78, -185, -170, 224, -53, 117, 805, -302, 356, -209, -131, 
268, 78, -190, -173, 229, -56, 117, 810, -302, 351, -209, -131, 
268, 82, -185, -175, 226, -51, 122, 810, -302, 351, -209, -131, 
268, 82, -185, -175, 226, -51, 112, 810, -307, 351, -209, -131, 
268, 82, -185, -175, 226, -51, 112, 810, -302, 351, -209, -126, 
268, 82, -185, -175, 226, -51, 112, 810, -302, 351, -204, -126, 
273, 82, -190, -178, 231, -53, 112, 814, -297, 351, -200, -126, 
273, 82, -190, -178, 231, -53, 112, 814, -297, 341, -204, -136, 
268, 82, -185, -175, 226, -51, 112, 814, -297, 346, -204, -136, 
268, 82, -185, -175, 226, -51, 112, 814, -292, 351, -209, -136, 
273, 82, -190, -178, 231, -53, 112, 814, -292, 351, -214, -126, 
273, 82, -190, -178, 231, -53, 112, 814, -292, 351, -214, -136, 
268, 82, -185, -175, 226, -51, 112, 810, -292, 351, -209, -131, 
268, 82, -185, -175, 226, -51, 112, 810, -292, 351, -209, -131, 
273, 82, -190, -178, 231, -53, 107, 810, -292, 351, -209, -131, 
273, 92, -180, -183, 226, -43, 107, 819, -287, 356, -209, -126, 
278, 92, -185, -185, 231, -46, 107, 819, -283, 356, -209, -126, 
278, 92, -185, -185, 231, -46, 107, 824, -278, 356, -204, -122, 
278, 92, -185, -185, 231, -46, 107, 824, -278, 361, -204, -122, 
263, 87, -175, -175, 219, -43, 107, 824, -278, 370, -190, -122, 
263, 87, -175, -175, 219, -43, 107, 824, -278, 370, -185, -112, 
263, 87, -175, -175, 219, -43, 107, 824, -273, 370, -185, -107, 
263, 87, -175, -175, 219, -43, 107, 824, -273, 370, -185, -107, 
263, 92, -170, -178, 217, -39, 107, 824, -273, 370, -190, -102, 
273, 97, -175, -185, 224, -39, 107, 824, -273, 370, -190, -102, 
273, 97, -175, -185, 224, -39, 107, 829, -263, 370, -190, -97, 
273, 102, -170, -187, 222, -34, 107, 829, -263, 370, -190, -97, 
283, 107, -175, -195, 229, -34, 107, 819, -263, 370, -185, -102, 
283, 107, -175, -195, 229, -34, 107, 824, -263, 370, -180, -97, 
283, 107, -175, -195, 229, -34, 102, 824, -258, 370, -175, -97, 
287, 112, -175, -200, 231, -31, 102, 829, -253, 380, -175, -92, 
287, 112, -175, -200, 231, -31, 102, 839, -248, 380, -175, -82, 
292, 112, -180, -202, 236, -34, 102, 839, -248, 385, -170, -73, 
292, 112, -180, -202, 236, -34, 102, 849, -239, 395, -161, -68, 
292, 117, -175, -204, 234, -29, 102, 854, -239, 395, -161, -63, 
292, 117, -175, -204, 234, -29, 112, 844, -239, 390, -156, -58, 
292, 117, -175, -204, 234, -29, 107, 844, -229, 390, -151, -53, 
292, 122, -170, -207, 231, -24, 107, 844, -224, 390, -146, -48, 
297, 122, -175, -209, 236, -26, 107, 844, -219, 395, -146, -48, 
287, 112, -175, -200, 231, -31, 107, 858, -204, 409, -146, -53, 
292, 117, -175, -204, 234, -29, 107, 858, -204, 409, -141, -48, 
292, 117, -175, -204, 234, -29, 107, 868, -209, 409, -136, -48, 
302, 126, -175, -214, 239, -24, 102, 873, -209, 414, -131, -43, 
302, 126, -175, -214, 239, -24, 102, 873, -209, 414, -136, -29, 
302, 131, -170, -217, 236, -19, 97, 873, -204, 419, -131, -24, 
307, 136, -170, -222, 239, -17, 97, 873, -200, 424, -126, -19, 
307, 141, -165, -224, 236, -12, 97, 878, -195, 424, -122, -14, 
307, 136, -170, -222, 239, -17, 92, 893, -190, 424, -107, -4, 
317, 141, -175, -229, 246, -17, 92, 897, -185, 429, -97, 0, 
317, 146, -170, -231, 244, -12, 92, 902, -180, 434, -92, 4, 
322, 151, -170, -236, 246, -9, 87, 907, -175, 439, -87, 9, 
326, 156, -170, -241, 248, -7, 87, 902, -161, 444, -82, 19, 
326, 161, -165, -244, 246, -2, 78, 907, -151, 448, -73, 29, 
326, 161, -165, -244, 246, -2, 78, 912, -151, 453, -68, 34, 
326, 170, -156, -248, 241, 7, 78, 917, -141, 463, -53, 48, 
331, 180, -151, -256, 241, 14, 78, 922, -141, 458, -53, 58, 
341, 190, -151, -265, 246, 19, 78, 932, -136, 468, -43, 68, 
346, 195, -151, -270, 248, 21, 68, 936, -136, 483, -39, 78, 
351, 200, -151, -275, 251, 24, 63, 946, -126, 488, -29, 87, 
346, 209, -136, -278, 241, 36, 63, 956, -107, 497, -19, 102, 
351, 214, -136, -283, 244, 39, 58, 961, -107, 502, -9, 112, 
356, 224, -131, -290, 244, 46, 58, 971, -97, 512, 0, 122, 
361, 239, -122, -300, 241, 58, 53, 980, -87, 522, 19, 136, 
370, 244, -126, -307, 248, 58, 48, 976, -82, 522, 34, 156, 
375, 253, -122, -314, 248, 65, 43, 985, -73, 536, 43, 165, 
380, 263, -117, -322, 248, 73, 39, 1000, -63, 546, 63, 180, 
385, 273, -112, -329, 248, 80, 34, 1010, -53, 556, 78, 195, 
409, 292, -117, -351, 263, 87, 29, 1010, -48, 556, 82, 209, 
414, 307, -107, -361, 261, 100, 24, 1019, -39, 570, 102, 229, 
419, 317, -102, -368, 261, 107, 19, 1029, -29, 590, 126, 248, 
434, 331, -102, -383, 268, 114, 14, 1044, -19, 605, 141, 268, 
429, 331, -97, -380, 263, 117, 9, 1058, 9, 619, 165, 287, 
439, 351, -87, -395, 263, 131, 0, 1068, 14, 639, 185, 307, 
448, 370, -78, -409, 263, 146, -9, 1093, 29, 658, 204, 331, 
458, 380, -78, -419, 268, 151, -19, 1112, 43, 678, 229, 361, 
478, 405, -73, -441, 275, 165, -24, 1112, 43, 692, 248, 380, 
488, 419, -68, -453, 278, 175, -34, 1122, 58, 707, 273, 409, 
502, 439, -63, -470, 283, 187, -43, 1132, 73, 722, 302, 444, 
517, 453, -63, -485, 290, 195, -53, 1156, 87, 732, 326, 468, 
517, 458, -58, -488, 287, 200, -58, 1176, 102, 746, 341, 492, 
527, 478, -48, -502, 287, 214, -68, 1185, 112, 766, 361, 517, 
536, 492, -43, -514, 290, 224, -78, 1195, 131, 780, 385, 541, 
551, 507, -43, -529, 297, 231, -87, 1210, 136, 795, 409, 570, 
570, 536, -34, -553, 302, 251, -92, 1210, 151, 810, 434, 585, 
580, 551, -29, -566, 305, 261, -102, 1215, 161, 824, 458, 619, 
600, 570, -29, -585, 314, 270, -112, 1234, 170, 839, 478, 649, 
614, 580, -34, -597, 324, 273, -122, 1239, 175, 863, 502, 668, 
624, 595, -29, -610, 326, 283, -126, 1259, 195, 868, 527, 697, 
634, 605, -29, -619, 331, 287, -136, 1268, 204, 878, 551, 717, 
644, 614, -29, -629, 336, 292, -141, 1278, 209, 888, 561, 736, 
649, 629, -19, -639, 334, 305, -151, 1283, 219, 902, 580, 756, 
668, 634, -34, -651, 351, 300, -161, 1293, 229, 917, 595, 775, 
673, 649, -24, -661, 348, 312, -175, 1302, 239, 932, 614, 795, 
678, 649, -29, -663, 353, 309, -175, 1307, 244, 936, 634, 819, 
688, 668, -19, -678, 353, 324, -180, 1312, 253, 946, 649, 834, 
692, 673, -19, -683, 356, 326, -185, 1317, 248, 951, 649, 854, 
697, 683, -14, -690, 356, 334, -195, 1317, 253, 961, 663, 873, 
702, 688, -14, -695, 358, 336, -195, 1322, 253, 966, 668, 878, 
707, 697, -9, -702, 358, 344, -200, 1327, 258, 976, 683, 893, 
712, 707, -4, -710, 358, 351, -204, 1337, 263, 985, 688, 902, 
712, 707, -4, -710, 358, 351, -204, 1342, 263, 985, 697, 912, 
717, 712, -4, -714, 361, 353, -209, 1342, 268, 990, 707, 917, 
722, 712, -9, -717, 366, 351, -209, 1342, 273, 990, 707, 922, 
727, 717, -9, -722, 368, 353, -204, 1332, 273, 990, 712, 922, 
727, 717, -9, -722, 368, 353, -204, 1332, 278, 990, 712, 922, 
727, 717, -9, -722, 368, 353, -204, 1332, 278, 990, 712, 922, 
727, 717, -9, -722, 368, 353, -204, 1327, 273, 990, 712, 922, 
722, 712, -9, -717, 366, 351, -209, 1322, 258, 976, 697, 907, 
717, 707, -9, -712, 363, 348, -209, 1312, 258, 971, 692, 902, 
717, 707, -9, -712, 363, 348, -209, 1302, 258, 971, 688, 897, 
717, 707, -9, -712, 363, 348, -204, 1293, 253, 966, 678, 883, 
707, 688, -19, -697, 363, 334, -200, 1283, 248, 951, 649, 858, 
697, 678, -19, -688, 358, 329, -195, 1273, 244, 941, 629, 834, 
688, 663, -24, -675, 356, 319, -185, 1268, 234, 927, 614, 810, 
673, 649, -24, -661, 348, 312, -180, 1249, 219, 912, 580, 785, 
653, 634, -19, -644, 336, 307, -161, 1234, 204, 907, 561, 761, 
639, 619, -19, -629, 329, 300, -156, 1220, 190, 897, 546, 736, 
629, 605, -24, -617, 326, 290, -141, 1210, 185, 883, 531, 707, 
614, 575, -39, -595, 326, 268, -126, 1195, 170, 863, 512, 673, 
595, 561, -34, -578, 314, 263, -126, 1180, 161, 844, 492, 649, 
580, 556, -24, -568, 302, 265, -117, 1166, 146, 829, 453, 614, 
570, 536, -34, -553, 302, 251, -107, 1146, 131, 814, 429, 580, 
551, 517, -34, -534, 292, 241, -97, 1127, 117, 790, 400, 541, 
536, 502, -34, -519, 285, 234, -73, 1112, 102, 780, 380, 502, 
522, 488, -34, -505, 278, 226, -63, 1098, 78, 766, 351, 473, 
507, 468, -39, -488, 273, 214, -53, 1083, 63, 746, 317, 439, 
497, 453, -43, -475, 270, 204, -43, 1073, 48, 732, 297, 409, 
483, 444, -39, -463, 261, 202, -43, 1058, 34, 712, 278, 395, 
473, 424, -48, -448, 261, 187, -34, 1044, 19, 697, 253, 366, 
458, 405, -53, -431, 256, 175, -29, 1029, 4, 678, 234, 341, 
444, 390, -53, -417, 248, 168, -24, 1015, -9, 668, 209, 307, 
424, 375, -48, -400, 236, 163, -4, 990, -24, 649, 185, 273, 
414, 356, -58, -385, 236, 148, 4, 971, -43, 624, 151, 244, 
400, 341, -58, -370, 229, 141, 14, 966, -58, 605, 131, 214, 
390, 331, -58, -361, 224, 136, 24, 951, -73, 590, 112, 195, 
380, 312, -68, -346, 224, 122, 34, 936, -92, 585, 97, 190, 
375, 297, -78, -336, 226, 109, 34, 922, -102, 566, 82, 165, 
366, 283, -82, -324, 224, 100, 48, 917, -112, 556, 78, 151, 
361, 273, -87, -317, 224, 92, 48, 912, -122, 541, 68, 136, 
346, 263, -82, -305, 214, 90, 43, 902, -136, 522, 48, 122, 
341, 248, -92, -295, 217, 78, 48, 893, -146, 507, 34, 112, 
331, 234, -97, -283, 214, 68, 48, 883, -161, 492, 14, 102, 
322, 229, -92, -275, 207, 68, 58, 878, -165, 478, -4, 92, 
331, 214, -117, -273, 224, 48, 68, 858, -185, 468, -24, 68, 
326, 209, -117, -268, 222, 46, 68, 849, -190, 458, -39, 53, 
322, 204, -117, -263, 219, 43, 73, 839, -200, 448, -48, 43, 
317, 195, -122, -256, 219, 36, 78, 834, -204, 444, -53, 34, 
307, 185, -122, -246, 214, 31, 78, 834, -219, 439, -53, 29, 
302, 180, -122, -241, 212, 29, 78, 829, -229, 434, -58, 24, 
302, 170, -131, -236, 217, 19, 82, 824, -239, 424, -68, 19, 
302, 161, -141, -231, 222, 9, 87, 819, -239, 414, -78, 14, 
297, 156, -141, -226, 219, 7, 87, 819, -234, 405, -82, -4, 
292, 156, -136, -224, 214, 9, 87, 819, -239, 395, -97, -14, 
287, 146, -141, -217, 214, 2, 87, 814, -244, 390, -107, -14, 
287, 141, -146, -214, 217, -2, 92, 810, -253, 390, -117, -24, 
297, 126, -170, -212, 234, -21, 82, 805, -258, 375, -126, -24, 
297, 126, -170, -212, 234, -21, 82, 800, -263, 370, -131, -24, 
292, 122, -170, -207, 231, -24, 82, 800, -268, 370, -131, -34, 
287, 117, -170, -202, 229, -26, 87, 800, -278, 366, -131, -39, 
287, 122, -165, -204, 226, -21, 97, 785, -283, 366, -126, -39, 
287, 122, -165, -204, 226, -21, 97, 785, -283, 361, -131, -39, 
287, 117, -170, -202, 229, -26, 102, 785, -283, 356, -136, -39, 
287, 112, -175, -200, 231, -31, 102, 785, -283, 351, -136, -43, 
278, 112, -165, -195, 222, -26, 102, 785, -278, 351, -131, -39, 
278, 112, -165, -195, 222, -26, 102, 785, -278, 351, -131, -43, 
278, 112, -165, -195, 222, -26, 102, 790, -278, 351, -131, -43, 
278, 102, -175, -190, 226, -36, 102, 790, -278, 351, -136, -43, 
278, 102, -175, -190, 226, -36, 102, 790, -278, 351, -146, -43, 
278, 102, -175, -190, 226, -36, 107, 790, -278, 351, -146, -48, 
278, 102, -175, -190, 226, -36, 107, 790, -278, 346, -146, -48, 
278, 102, -175, -190, 226, -36, 107, 790, -278, 346, -146, -48, 
278, 102, -175, -190, 226, -36, 107, 780, -268, 336, -146, -48, 
273, 102, -170, -187, 222, -34, 107, 780, -268, 336, -151, -53, 
273, 102, -170, -187, 222, -34, 107, 780, -268, 336, -151, -53, 
273, 107, -165, -190, 219, -29, 107, 780, -268, 336, -151, -53, 
268, 107, -161, -187, 214, -26, 107, 785, -268, 336, -156, -53, 
268, 107, -161, -187, 214, -26, 107, 785, -268, 336, -156, -53, 
268, 102, -165, -185, 217, -31, 107, 785, -268, 341, -156, -53, 
268, 102, -165, -185, 217, -31, 107, 785, -263, 341, -156, -53, 
268, 97, -170, -183, 219, -36, 107, 785, -273, 341, -156, -58, 
268, 102, -165, -185, 217, -31, 107, 785, -273, 341, -156, -58, 
268, 102, -165, -185, 217, -31, 107, 785, -273, 341, -156, -58, 
268, 102, -165, -185, 217, -31, 107, 780, -273, 341, -156, -58, 
268, 102, -165, -185, 217, -31, 107, 790, -263, 351, -161, -58, 
268, 102, -165, -185, 217, -31, 107, 790, -263, 351, -161, -53, 
268, 102, -165, -185, 217, -31, 102, 790, -263, 351, -161, -43, 
268, 102, -165, -185, 217, -31, 102, 790, -263, 351, -156, -39, 
258, 102, -156, -180, 207, -26, 117, 790, -263, 351, -156, -48, 
258, 102, -156, -180, 207, -26, 117, 785, -263, 351, -156, -48, 
263, 102, -161, -183, 212, -29, 117, 785, -263, 351, -156, -53, 
263, 102, -161, -183, 212, -29, 117, 785, -263, 351, -156, -53, 
263, 102, -161, -183, 212, -29, 117, 775, -253, 351, -156, -53, 
263, 102, -161, -183, 212, -29, 117, 775, -253, 351, -156, -53, 
258, 107, -151, -183, 204, -21, 117, 775, -253, 351, -156, -53, 
253, 107, -146, -180, 200, -19, 117, 775, -253, 351, -156, -53, 
263, 107, -156, -185, 209, -24, 117, 775, -263, 351, -156, -53, 
263, 107, -156, -185, 209, -24, 117, 775, -263, 351, -156, -53, 
263, 107, -156, -185, 209, -24, 117, 766, -263, 351, -156, -53, 
263, 102, -161, -183, 212, -29, 112, 766, -263, 351, -161, -53, 
253, 112, -141, -183, 197, -14, 102, 761, -263, 341, -161, -53, 
253, 112, -141, -183, 197, -14, 107, 761, -263, 341, -161, -53, 
258, 112, -146, -185, 202, -17, 107, 766, -263, 341, -161, -53, 
258, 112, -146, -185, 202, -17, 107, 766, -263, 341, -161, -53, 
253, 112, -141, -183, 197, -14, 107, 775, -268, 351, -156, -48, 
253, 112, -141, -183, 197, -14, 107, 775, -268, 351, -156, -48, 
258, 112, -146, -185, 202, -17, 107, 771, -268, 351, -161, -48, 
258, 112, -146, -185, 202, -17, 107, 771, -268, 351, -161, -48, 
258, 112, -146, -185, 202, -17, 107, 756, -268, 346, -161, -48, 
258, 112, -146, -185, 202, -17, 107, 756, -268, 346, -161, -48, 
258, 112, -146, -185, 202, -17, 107, 756, -268, 346, -161, -48, 
258, 112, -146, -185, 202, -17, 107, 756, -268, 346, -161, -53, 
258, 112, -146, -185, 202, -17, 117, 766, -268, 346, -156, -43, 
263, 112, -151, -187, 207, -19, 112, 761, -273, 346, -156, -43, 
263, 112, -151, -187, 207, -19, 112, 761, -273, 341, -156, -43, 
263, 112, -151, -187, 207, -19, 112, 761, -273, 341, -156, -53, 
253, 112, -141, -183, 197, -14, 112, 756, -283, 341, -165, -53, 
253, 112, -141, -183, 197, -14, 112, 756, -283, 336, -165, -48, 
253, 112, -141, -183, 197, -14, 112, 756, -283, 331, -165, -43, 
253, 112, -141, -183, 197, -14, 112, 751, -283, 326, -170, -43, 
253, 112, -141, -183, 197, -14, 112, 751, -283, 331, -165, -48, 
253, 112, -141, -183, 197, -14, 112, 751, -283, 331, -165, -48, 
253, 112, -141, -183, 197, -14, 112, 751, -287, 331, -165, -48, 
258, 112, -146, -185, 202, -17, 112, 751, -287, 331, -165, -48, 
248, 107, -141, -178, 195, -17, 112, 736, -287, 317, -175, -58, 
248, 107, -141, -178, 195, -17, 112, 736, -292, 312, -180, -58, 
248, 107, -141, -178, 195, -17, 112, 736, -292, 312, -180, -58, 
248, 107, -141, -178, 195, -17, 112, 736, -292, 312, -180, -63, 
248, 97, -151, -173, 200, -26, 102, 746, -283, 312, -185, -63, 
248, 97, -151, -173, 200, -26, 102, 741, -287, 312, -190, -63, 
248, 97, -151, -173, 200, -26, 102, 741, -287, 307, -190, -63, 
244, 97, -146, -170, 195, -24, 102, 741, -287, 307, -190, -68, 
244, 92, -151, -168, 197, -29, 112, 732, -307, 297, -195, -78, 
244, 92, -151, -168, 197, -29, 112, 732, -307, 292, -195, -78, 
244, 92, -151, -168, 197, -29, 112, 732, -302, 292, -195, -78, 
239, 92, -146, -165, 192, -26, 112, 732, -302, 292, -195, -78, 
248, 97, -151, -173, 200, -26, 112, 722, -302, 297, -195, -78, 
248, 97, -151, -173, 200, -26, 112, 722, -307, 297, -200, -82, 
248, 92, -156, -170, 202, -31, 112, 722, -307, 292, -204, -82, 
248, 92, -156, -170, 202, -31, 112, 722, -307, 287, -204, -82, 
248, 82, -165, -165, 207, -41, 112, 727, -307, 287, -204, -73, 
253, 82, -170, -168, 212, -43, 112, 727, -307, 287, -204, -78, 
253, 82, -170, -168, 212, -43, 112, 727, -307, 287, -204, -78, 
248, 82, -165, -165, 207, -41, 112, 722, -307, 283, -204, -78, 
248, 82, -165, -165, 207, -41, 112, 722, -317, 283, -200, -78, 
253, 78, -175, -165, 214, -48, 112, 722, -317, 283, -200, -78, 
253, 78, -175, -165, 214, -48, 112, 722, -317, 278, -200, -78, 
248, 78, -170, -163, 209, -46, 112, 717, -317, 278, -204, -78, 
248, 78, -170, -163, 209, -46, 112, 717, -322, 273, -204, -92, 
248, 78, -170, -163, 209, -46, 112, 717, -322, 273, -204, -92, 
248, 78, -170, -163, 209, -46, 112, 717, -322, 268, -204, -92, 
248, 78, -170, -163, 209, -46, 112, 717, -322, 268, -209, -97, 
239, 78, -161, -158, 200, -41, 112, 717, -322, 268, -209, -87, 
239, 78, -161, -158, 200, -41, 112, 717, -322, 263, -209, -87, 
239, 78, -161, -158, 200, -41, 112, 717, -317, 263, -209, -87, 
239, 78, -161, -158, 200, -41, 112, 717, -317, 268, -209, -92, 
234, 78, -156, -156, 195, -39, 112, 707, -317, 268, -219, -82, 
234, 78, -156, -156, 195, -39, 112, 707, -322, 263, -219, -82, 
239, 73, -165, -156, 202, -46, 112, 712, -322, 258, -219, -82, 
239, 73, -165, -156, 202, -46, 112, 712, -326, 258, -219, -82, 
239, 73, -165, -156, 202, -46, 112, 707, -317, 248, -214, -92, 
239, 73, -165, -156, 202, -46, 112, 707, -317, 253, -214, -92, 
239, 68, -170, -153, 204, -51, 112, 707, -317, 253, -214, -92, 
239, 68, -170, -153, 204, -51, 112, 702, -317, 248, -214, -92, 
239, 82, -156, -161, 197, -36, 117, 702, -317, 248, -224, -92, 
239, 82, -156, -161, 197, -36, 117, 702, -317, 248, -224, -92, 
239, 82, -156, -161, 197, -36, 117, 702, -322, 248, -224, -92, 
234, 82, -151, -158, 192, -34, 126, 707, -322, 248, -219, -92, 
234, 73, -161, -153, 197, -43, 117, 707, -331, 258, -219, -92, 
234, 68, -165, -151, 200, -48, 112, 697, -331, 253, -229, -92, 
234, 68, -165, -151, 200, -48, 112, 697, -331, 253, -229, -92, 
234, 68, -165, -151, 200, -48, 112, 702, -331, 258, -224, -92, 
244, 68, -175, -156, 209, -53, 122, 692, -331, 248, -224, -82, 
244, 68, -175, -156, 209, -53, 122, 692, -331, 248, -229, -87, 
244, 68, -175, -156, 209, -53, 122, 692, -336, 248, -234, -92, 
244, 68, -175, -156, 209, -53, 122, 688, -336, 248, -234, -92, 
244, 68, -175, -156, 209, -53, 122, 688, -326, 244, -234, -102, 
244, 68, -175, -156, 209, -53, 122, 692, -326, 244, -234, -97, 
244, 68, -175, -156, 209, -53, 122, 692, -326, 244, -234, -97, 
244, 68, -175, -156, 209, -53, 122, 692, -326, 244, -234, -97, 
234, 68, -165, -151, 200, -48, 112, 688, -336, 239, -234, -97, 
234, 68, -165, -151, 200, -48, 112, 688, -336, 239, -234, -97, 
234, 68, -165, -151, 200, -48, 112, 688, -336, 244, -234, -97, 
234, 63, -170, -148, 202, -53, 112, 688, -336, 244, -234, -97, 
224, 63, -161, -143, 192, -48, 122, 697, -336, 234, -224, -97, 
224, 63, -161, -143, 192, -48, 122, 697, -336, 234, -224, -97, 
224, 68, -156, -146, 190, -43, 122, 697, -336, 234, -224, -97, 
224, 68, -156, -146, 190, -43, 122, 697, -336, 234, -224, -97, 
234, 68, -165, -151, 200, -48, 126, 688, -336, 234, -234, -97, 
234, 63, -170, -148, 202, -53, 126, 688, -336, 234, -229, -97, 
234, 63, -170, -148, 202, -53, 122, 688, -336, 234, -229, -97, 
234, 63, -170, -148, 202, -53, 122, 688, -336, 234, -234, -97, 
234, 58, -175, -146, 204, -58, 122, 688, -336, 224, -234, -97, 
234, 58, -175, -146, 204, -58, 122, 688, -336, 224, -234, -97, 
234, 58, -175, -146, 204, -58, 122, 688, -336, 224, -234, -97, 
234, 58, -175, -146, 204, -58, 122, 688, -336, 224, -239, -97, 
234, 48, -185, -141, 209, -68, 122, 678, -336, 224, -239, -97, 
234, 48, -185, -141, 209, -68, 122, 678, -336, 224, -239, -97, 
234, 48, -185, -141, 209, -68, 122, 678, -336, 224, -239, -97, 
234, 53, -180, -143, 207, -63, 122, 678, -336, 224, -239, -102, 
224, 53, -170, -139, 197, -58, 122, 678, -336, 234, -239, -102, 
224, 53, -170, -139, 197, -58, 122, 678, -336, 229, -239, -97, 
224, 53, -170, -139, 197, -58, 122, 678, -336, 229, -239, -97, 
224, 48, -175, -136, 200, -63, 122, 678, -331, 229, -234, -97, 
229, 48, -180, -139, 204, -65, 122, 673, -331, 224, -234, -97, 
229, 48, -180, -139, 204, -65, 122, 673, -336, 224, -234, -97, 
229, 48, -180, -139, 204, -65, 122, 673, -336, 224, -234, -97, 
229, 48, -180, -139, 204, -65, 122, 673, -336, 224, -239, -97, 
229, 48, -180, -139, 204, -65, 122, 673, -336, 224, -239, -107, 
229, 53, -175, -141, 202, -61, 122, 673, -336, 224, -234, -107, 
229, 53, -175, -141, 202, -61, 122, 678, -336, 224, -234, -102, 
229, 48, -180, -139, 204, -65, 122, 678, -336, 224, -229, -102, 
229, 63, -165, -146, 197, -51, 122, 673, -331, 224, -239, -107, 
234, 58, -175, -146, 204, -58, 117, 673, -331, 224, -244, -107, 
234, 48, -185, -141, 209, -68, 126, 683, -331, 224, -234, -97, 
234, 48, -185, -141, 209, -68, 126, 683, -331, 224, -234, -97, 
234, 48, -185, -141, 209, -68, 126, 683, -331, 224, -234, -97, 
234, 48, -185, -141, 209, -68, 126, 683, -331, 224, -234, -97, 
244, 63, -180, -153, 212, -58, 126, 683, -331, 234, -224, -87, 
244, 68, -175, -156, 209, -53, 126, 683, -331, 234, -224, -87, 
244, 73, -170, -158, 207, -48, 126, 683, -331, 234, -224, -87, 
244, 78, -165, -161, 204, -43, 126, 683, -331, 234, -224, -87, 
253, 87, -165, -170, 209, -39, 126, 683, -317, 239, -219, -82, 
253, 97, -156, -175, 204, -29, 126, 683, -312, 244, -214, -78, 
253, 107, -146, -180, 200, -19, 126, 683, -307, 248, -209, -73, 
253, 117, -136, -185, 195, -9, 126, 683, -302, 253, -204, -68, 
263, 126, -136, -195, 200, -4, 136, 688, -292, 263, -195, -58, 
263, 126, -136, -195, 200, -4, 136, 692, -292, 263, -195, -58, 
263, 126, -136, -195, 200, -4, 136, 697, -292, 263, -195, -58, 
263, 126, -136, -195, 200, -4, 136, 702, -292, 263, -195, -58, 
273, 136, -136, -204, 204, 0, 146, 712, -287, 273, -185, -58, 
273, 136, -136, -204, 204, 0, 146, 712, -283, 273, -185, -58, 
273, 136, -136, -204, 204, 0, 146, 712, -278, 273, -185, -58, 
273, 136, -136, -204, 204, 0, 146, 712, -273, 273, -185, -58, 
283, 146, -136, -214, 209, 4, 156, 722, -268, 283, -175, -48, 
283, 146, -136, -214, 209, 4, 156, 722, -263, 283, -175, -48, 
283, 146, -136, -214, 209, 4, 161, 722, -253, 287, -175, -48, 
283, 141, -141, -212, 212, 0, 161, 722, -248, 287, -175, -48, 
287, 141, -146, -214, 217, -2, 156, 732, -248, 287, -165, -48, 
287, 141, -146, -214, 217, -2, 151, 732, -248, 287, -165, -48, 
287, 141, -146, -214, 217, -2, 146, 732, -248, 287, -165, -48, 
292, 146, -146, -219, 219, 0, 131, 727, -258, 283, -165, -48, 
297, 136, -161, -217, 229, -12, 117, 722, -278, 283, -170, -34, 
302, 141, -161, -222, 231, -9, 82, 717, -287, 278, -170, -34, 
307, 146, -161, -226, 234, -7, 63, 712, -287, 278, -170, -34, 
312, 146, -165, -229, 239, -9, 53, 707, -292, 278, -170, -34, 
307, 146, -161, -226, 234, -7, 58, 707, -297, 273, -180, -29, 
312, 146, -165, -229, 239, -9, 58, 702, -302, 273, -180, -24, 
317, 156, -161, -236, 239, -2, 58, 702, -307, 273, -175, -24, 
317, 161, -156, -239, 236, 2, 58, 702, -307, 273, -175, -24, 
322, 161, -161, -241, 241, 0, 68, 692, -317, 258, -185, -29, 
326, 156, -170, -241, 248, -7, 68, 692, -322, 248, -185, -34, 
331, 146, -185, -239, 258, -19, 78, 697, -322, 248, -185, -39, 
331, 136, -195, -234, 263, -29, 78, 697, -326, 248, -190, -48, 
322, 117, -204, -219, 263, -43, 78, 697, -326, 239, -204, -53, 
322, 112, -209, -217, 265, -48, 78, 692, -341, 229, -209, -58, 
322, 112, -209, -217, 265, -48, 78, 692, -341, 224, -209, -58, 
322, 107, -214, -214, 268, -53, 78, 683, -351, 219, -214, -58, 
322, 112, -209, -217, 265, -48, 68, 668, -361, 214, -219, -63, 
322, 112, -209, -217, 265, -48, 68, 663, -361, 214, -224, -63, 
322, 112, -209, -217, 265, -48, 68, 663, -356, 214, -224, -63, 
322, 112, -209, -217, 265, -48, 68, 663, -356, 214, -219, -63, 
322, 112, -209, -217, 265, -48, 68, 663, -356, 219, -209, -53, 
322, 112, -209, -217, 265, -48, 68, 663, -356, 219, -209, -53, 
322, 112, -209, -217, 265, -48, 73, 668, -351, 224, -204, -53, 
312, 112, -200, -212, 256, -43, 73, 673, -351, 229, -204, -53, 
292, 107, -185, -200, 239, -39, 78, 673, -341, 224, -204, -63, 
287, 97, -190, -192, 239, -46, 87, 673, -341, 219, -209, -68, 
283, 92, -190, -187, 236, -48, 92, 673, -341, 209, -209, -73, 
268, 87, -180, -178, 224, -46, 97, 668, -341, 204, -214, -82, 
253, 82, -170, -168, 212, -43, 102, 663, -351, 209, -234, -87, 
248, 78, -170, -163, 209, -46, 107, 663, -351, 204, -234, -92, 
244, 63, -180, -153, 212, -58, 107, 653, -361, 195, -248, -102, 
239, 48, -190, -143, 214, -70, 107, 644, -370, 180, -253, -107, 
239, 43, -195, -141, 217, -75, 107, 634, -370, 180, -248, -112, 
239, 34, -204, -136, 222, -85, 112, 629, -370, 180, -253, -112, 
234, 34, -200, -134, 217, -82, 112, 629, -380, 175, -253, -117, 
229, 24, -204, -126, 217, -90, 112, 624, -380, 175, -253, -117, 
219, 24, -195, -122, 207, -85, 122, 634, -370, 175, -268, -112, 
219, 24, -195, -122, 207, -85, 122, 634, -370, 175, -268, -117, 
219, 24, -195, -122, 207, -85, 126, 634, -370, 175, -268, -122, 
219, 24, -195, -122, 207, -85, 126, 634, -370, 175, -268, -122, 
229, 14, -214, -122, 222, -100, 131, 639, -375, 175, -273, -122, 
229, 9, -219, -119, 224, -104, 131, 639, -375, 175, -273, -117, 
224, 9, -214, -117, 219, -102, 131, 639, -370, 175, -273, -117, 
224, 9, -214, -117, 219, -102, 131, 639, -370, 175, -273, -117, 
214, 14, -200, -114, 207, -92, 136, 639, -361, 175, -258, -117, 
209, 14, -195, -112, 202, -90, 136, 639, -361, 175, -253, -112, 
209, 14, -195, -112, 202, -90, 141, 639, -356, 180, -253, -112, 
209, 14, -195, -112, 202, -90, 141, 644, -356, 180, -253, -112, 
219, 9, -209, -114, 214, -100, 141, 644, -356, 180, -263, -112, 
214, 9, -204, -112, 209, -97, 146, 644, -356, 185, -263, -112, 
214, 9, -204, -112, 209, -97, 146, 644, -356, 185, -263, -117, 
214, 9, -204, -112, 209, -97, 146, 644, -356, 185, -263, -117, 
204, 19, -185, -112, 195, -82, 146, 634, -361, 185, -263, -117, 
200, 19, -180, -109, 190, -80, 151, 634, -361, 185, -263, -117, 
200, 19, -180, -109, 190, -80, 151, 634, -361, 185, -263, -117, 
200, 14, -185, -107, 192, -85, 151, 634, -356, 185, -263, -117, 
204, 14, -190, -109, 197, -87, 151, 634, -356, 185, -263, -126, 
204, 14, -190, -109, 197, -87, 151, 634, -356, 185, -263, -122, 
204, 14, -190, -109, 197, -87, 151, 634, -356, 185, -263, -122, 
204, 14, -190, -109, 197, -87, 151, 634, -356, 185, -263, -122, 
200, 14, -185, -107, 192, -85, 141, 634, -356, 175, -263, -122, 
200, 19, -180, -109, 190, -80, 146, 634, -356, 175, -263, -122, 
200, 19, -180, -109, 190, -80, 146, 634, -356, 175, -263, -122, 
204, 19, -185, -112, 195, -82, 141, 634, -356, 175, -263, -122, 
195, 19, -175, -107, 185, -78, 151, 624, -356, 175, -263, -122, 
195, 19, -175, -107, 185, -78, 151, 629, -351, 175, -263, -122, 
195, 19, -175, -107, 185, -78, 151, 629, -351, 175, -263, -122, 
195, 19, -175, -107, 185, -78, 151, 629, -356, 175, -263, -122, 
195, 19, -175, -107, 185, -78, 151, 629, -356, 165, -263, -112, 
195, 19, -175, -107, 185, -78, 151, 629, -356, 165, -263, -112, 
195, 19, -175, -107, 185, -78, 151, 629, -356, 165, -263, -112, 
190, 14, -175, -102, 183, -80, 151, 629, -356, 165, -263, -112, 
190, 14, -175, -102, 183, -80, 156, 634, -341, 165, -263, -117, 
185, 14, -170, -100, 178, -78, 175, 644, -331, 165, -263, -126, 
165, 4, -161, -85, 163, -78, 195, 649, -317, 180, -268, -141, 
146, 9, -136, -78, 141, -63, 204, 653, -297, 185, -283, -161, 
126, 9, -117, -68, 122, -53, 239, 653, -273, 195, -302, -204, 
97, 4, -92, -51, 95, -43, 278, 668, -248, 190, -326, -244, 
73, 14, -58, -43, 65, -21, 302, 678, -224, 195, -346, -278, 
53, 19, -34, -36, 43, -7, 336, 688, -204, 219, -346, -292, 
53, 53, 0, -53, 26, 26, 336, 688, -175, 239, -312, -263, 
82, 102, 19, -92, 31, 61, 317, 712, -141, 273, -263, -204, 
131, 141, 9, -136, 61, 75, 317, 775, -87, 317, -200, -131, 
185, 175, -9, -180, 97, 82, 307, 863, -14, 356, -146, -43, 
253, 214, -39, -234, 146, 87, 292, 956, 39, 390, -73, 63, 
326, 263, -63, -295, 195, 100, 268, 1058, 117, 434, 19, 190, 
400, 317, -82, -358, 241, 117, 253, 1161, 190, 517, 126, 326, 
483, 341, -141, -412, 312, 100, 229, 1239, 234, 585, 234, 458, 
605, 331, -273, -468, 439, 29, 190, 1298, 204, 639, 346, 595, 
707, 331, -375, -519, 541, -21, 136, 1302, 146, 702, 488, 771, 
756, 385, -370, -570, 563, 7, 68, 1224, 68, 814, 663, 971, 
780, 502, -278, -641, 529, 112, -29, 1112, -39, 956, 883, 1205, 
824, 614, -209, -719, 517, 202, -141, 1015, -175, 1058, 1093, 1449, 
883, 697, -185, -790, 534, 256, -253, 888, -346, 1102, 1259, 1678, 
922, 746, -175, -834, 549, 285, -336, 751, -507, 1117, 1376, 1830, 
932, 775, -156, -854, 544, 309, -385, 692, -595, 1156, 1478, 1942, 
932, 775, -156, -854, 544, 309, -395, 673, -634, 1185, 1556, 2005, 
907, 736, -170, -822, 539, 283, -385, 629, -697, 1166, 1566, 1991, 
863, 683, -180, -773, 522, 251, -385, 561, -771, 1107, 1498, 1903, 
814, 624, -190, -719, 502, 217, -375, 483, -829, 1039, 1390, 1747, 
761, 551, -209, -656, 485, 170, -331, 414, -868, 936, 1215, 1498, 
668, 473, -195, -570, 431, 139, -297, 341, -927, 829, 1015, 1210, 
551, 434, -117, -492, 334, 158, -263, 258, -980, 732, 858, 985, 
409, 390, -19, -400, 214, 185, -209, 185, -1015, 629, 697, 775, 
268, 312, 43, -290, 112, 178, -136, 112, -1058, 497, 478, 507, 
151, 244, 92, -197, 29, 168, -87, 39, -1102, 346, 229, 244, 
68, 204, 136, -136, -34, 170, -58, -24, -1141, 200, 9, 48, 
29, 156, 126, -92, -48, 141, -29, -19, -1146, 53, -161, -73, 
19, 102, 82, -61, -31, 92, -4, -9, -1117, -53, -312, -170, 
24, 73, 48, -48, -12, 61, 19, 24, -1063, -107, -409, -219, 
34, 63, 29, -48, 2, 46, 53, 102, -966, -102, -414, -229, 
39, 43, 4, -41, 17, 24, 97, 185, -849, -63, -385, -209, 
43, 14, -29, -29, 36, -7, 141, 258, -761, -34, -375, -200, 
58, 0, -58, -29, 58, -29, 170, 341, -673, 0, -361, -180, 
63, 0, -63, -31, 63, -31, 190, 419, -600, 39, -331, -156, 
78, 0, -78, -39, 78, -39, 185, 478, -541, 68, -292, -141, 
117, 9, -107, -63, 112, -48, 165, 507, -507, 92, -283, -122, 
146, 29, -117, -87, 131, -43, 141, 517, -478, 122, -268, -117, 
170, 34, -136, -102, 153, -51, 136, 522, -453, 141, -248, -107, 
180, 48, -131, -114, 156, -41, 131, 531, -434, 161, -244, -107, 
185, 53, -131, -119, 158, -39, 141, 536, -409, 170, -244, -112, 
175, 53, -122, -114, 148, -34, 151, 541, -380, 175, -244, -112, 
180, 48, -131, -114, 156, -41, 151, 561, -356, 170, -239, -112, 
170, 43, -126, -107, 148, -41, 156, 575, -346, 161, -248, -112, 
165, 39, -126, -102, 146, -43, 165, 600, -336, 156, -253, -126, 
165, 39, -126, -102, 146, -43, 165, 614, -322, 156, -258, -122, 
170, 29, -141, -100, 156, -56, 165, 624, -317, 170, -258, -112, 
180, 29, -151, -104, 165, -61, 170, 629, -317, 175, -258, -112, 
185, 29, -156, -107, 170, -63, 175, 629, -317, 180, -258, -117, 
185, 29, -156, -107, 170, -63, 175, 629, -312, 180, -258, -122, 
185, 34, -151, -109, 168, -58, 185, 619, -302, 180, -258, -122, 
185, 29, -156, -107, 170, -63, 185, 624, -297, 175, -258, -117, 
185, 29, -156, -107, 170, -63, 185, 624, -292, 170, -258, -117, 
185, 29, -156, -107, 170, -63, 180, 629, -287, 165, -258, -117, 
180, 19, -161, -100, 170, -70, 180, 634, -287, 165, -258, -126, 
185, 19, -165, -102, 175, -73, 185, 644, -283, 165, -258, -122, 
185, 19, -165, -102, 175, -73, 185, 649, -283, 165, -258, -122, 
180, 19, -161, -100, 170, -70, 185, 653, -278, 170, -258, -122, 
190, 19, -170, -104, 180, -75, 185, 653, -273, 170, -258, -112, 
190, 19, -170, -104, 180, -75, 185, 649, -268, 170, -258, -112, 
195, 19, -175, -107, 185, -78, 185, 649, -268, 170, -258, -112, 
195, 24, -170, -109, 183, -73, 185, 653, -268, 170, -258, -112, 
195, 34, -161, -114, 178, -63, 185, 649, -263, 170, -248, -112, 
195, 29, -165, -112, 180, -68, 185, 649, -263, 170, -248, -112, 
200, 29, -170, -114, 185, -70, 185, 653, -263, 165, -248, -112, 
200, 34, -165, -117, 183, -65, 190, 653, -263, 165, -248, -112, 
200, 34, -165, -117, 183, -65, 180, 663, -258, 175, -248, -112, 
200, 34, -165, -117, 183, -65, 180, 663, -253, 175, -248, -107, 
200, 34, -165, -117, 183, -65, 180, 663, -253, 175, -244, -107, 
204, 34, -170, -119, 187, -68, 180, 668, -248, 175, -239, -107, 
195, 34, -161, -114, 178, -63, 190, 668, -248, 175, -239, -97, 
190, 34, -156, -112, 173, -61, 190, 668, -248, 180, -234, -97, 
190, 34, -156, -112, 173, -61, 190, 668, -244, 185, -234, -97, 
195, 34, -161, -114, 178, -63, 190, 668, -244, 185, -234, -87, 
204, 34, -170, -119, 187, -68, 190, 663, -234, 185, -234, -97, 
200, 34, -165, -117, 183, -65, 190, 663, -234, 185, -229, -92, 
200, 34, -165, -117, 183, -65, 190, 668, -234, 185, -229, -92, 
204, 34, -170, -119, 187, -68, 185, 673, -234, 185, -229, -92, 
204, 43, -161, -124, 183, -58, 185, 673, -234, 190, -229, -97, 
209, 43, -165, -126, 187, -61, 185, 673, -234, 190, -229, -97, 
209, 43, -165, -126, 187, -61, 185, 678, -234, 190, -224, -92, 
209, 43, -165, -126, 187, -61, 185, 678, -239, 195, -224, -92, 
204, 48, -156, -126, 180, -53, 175, 678, -229, 195, -229, -82, 
204, 48, -156, -126, 180, -53, 175, 678, -229, 195, -224, -73, 
204, 48, -156, -126, 180, -53, 175, 678, -224, 195, -224, -68, 
204, 48, -156, -126, 180, -53, 175, 678, -224, 195, -224, -68, 
204, 43, -161, -124, 183, -58, 175, 678, -224, 195, -219, -73, 
214, 48, -165, -131, 190, -58, 175, 678, -224, 195, -219, -73, 
214, 48, -165, -131, 190, -58, 175, 683, -214, 195, -219, -68, 
214, 53, -161, -134, 187, -53, 175, 683, -214, 195, -219, -68, 
214, 48, -165, -131, 190, -58, 185, 692, -214, 204, -214, -63, 
214, 48, -165, -131, 190, -58, 185, 697, -214, 204, -209, -58, 
214, 48, -165, -131, 190, -58, 180, 697, -209, 204, -204, -58, 
219, 53, -165, -136, 192, -56, 180, 702, -204, 214, -204, -53, 
209, 53, -156, -131, 183, -51, 180, 702, -200, 204, -204, -63, 
214, 53, -161, -134, 187, -53, 180, 702, -200, 209, -200, -53, 
214, 53, -161, -134, 187, -53, 180, 712, -190, 219, -190, -48, 
214, 58, -156, -136, 185, -48, 180, 717, -190, 219, -190, -43, 
224, 58, -165, -141, 195, -53, 180, 717, -200, 214, -185, -29, 
224, 58, -165, -141, 195, -53, 175, 717, -190, 214, -180, -24, 
224, 63, -161, -143, 192, -48, 175, 717, -185, 214, -175, -19, 
229, 63, -165, -146, 197, -51, 175, 717, -180, 219, -175, -19, 
229, 73, -156, -151, 192, -41, 175, 712, -165, 224, -165, -24, 
234, 78, -156, -156, 195, -39, 175, 712, -165, 224, -161, -19, 
234, 78, -156, -156, 195, -39, 175, 722, -170, 224, -156, -19, 
244, 87, -156, -165, 200, -34, 170, 727, -170, 229, -151, -14, 
234, 78, -156, -156, 195, -39, 170, 732, -161, 248, -156, -9, 
234, 82, -151, -158, 192, -34, 165, 736, -156, 253, -151, -4, 
239, 87, -151, -163, 195, -31, 165, 741, -151, 258, -146, 0, 
239, 92, -146, -165, 192, -26, 165, 751, -146, 258, -141, 4, 
239, 97, -141, -168, 190, -21, 161, 746, -141, 248, -146, 14, 
248, 102, -146, -175, 197, -21, 161, 751, -136, 253, -136, 19, 
248, 107, -141, -178, 195, -17, 161, 756, -131, 258, -131, 24, 
253, 112, -141, -183, 197, -14, 156, 761, -126, 263, -126, 29, 
258, 126, -131, -192, 195, -2, 156, 766, -122, 268, -122, 39, 
258, 131, -126, -195, 192, 2, 146, 771, -112, 273, -112, 48, 
258, 131, -126, -195, 192, 2, 146, 775, -112, 278, -107, 53, 
258, 141, -117, -200, 187, 12, 146, 780, -102, 287, -92, 68, 
263, 151, -112, -207, 187, 19, 146, 795, -92, 292, -82, 78, 
273, 161, -112, -217, 192, 24, 146, 805, -87, 302, -73, 87, 
278, 165, -112, -222, 195, 26, 136, 810, -87, 317, -68, 97, 
283, 170, -112, -226, 197, 29, 131, 819, -78, 322, -58, 107, 
297, 170, -126, -234, 212, 21, 131, 819, -68, 322, -48, 131, 
302, 175, -126, -239, 214, 24, 126, 824, -68, 326, -39, 141, 
307, 185, -122, -246, 214, 31, 126, 834, -58, 336, -29, 151, 
312, 200, -112, -256, 212, 43, 122, 844, -48, 346, -9, 165, 
331, 214, -117, -273, 224, 48, 117, 849, -34, 356, 4, 175, 
336, 224, -112, -280, 224, 56, 112, 858, -24, 370, 14, 185, 
341, 234, -107, -287, 224, 63, 107, 873, -14, 380, 34, 200, 
346, 244, -102, -295, 224, 70, 102, 883, -4, 390, 48, 214, 
351, 253, -97, -302, 224, 78, 97, 902, 4, 390, 63, 239, 
356, 268, -87, -312, 222, 90, 92, 912, 19, 405, 82, 258, 
361, 278, -82, -319, 222, 97, 87, 922, 34, 424, 107, 278, 
375, 292, -82, -334, 229, 104, 82, 936, 48, 439, 122, 297, 
390, 302, -87, -346, 239, 107, 78, 956, 58, 448, 136, 317, 
400, 322, -78, -361, 239, 122, 68, 961, 63, 463, 156, 336, 
409, 341, -68, -375, 239, 136, 58, 980, 78, 478, 175, 361, 
419, 351, -68, -385, 244, 141, 48, 995, 92, 492, 200, 390, 
439, 375, -63, -407, 251, 156, 34, 1015, 112, 512, 219, 409, 
448, 390, -58, -419, 253, 165, 24, 1024, 126, 531, 244, 439, 
463, 409, -53, -436, 258, 178, 14, 1034, 141, 551, 273, 473, 
478, 424, -53, -451, 265, 185, 4, 1058, 156, 566, 297, 497, 
488, 429, -58, -458, 273, 185, 9, 1068, 170, 580, 322, 531, 
497, 448, -48, -473, 273, 200, 0, 1078, 180, 600, 341, 556, 
507, 463, -43, -485, 275, 209, -9, 1088, 200, 614, 366, 580, 
522, 478, -43, -500, 283, 217, -19, 1102, 204, 629, 390, 610, 
541, 497, -43, -519, 292, 226, -14, 1112, 219, 634, 405, 629, 
551, 512, -39, -531, 295, 236, -24, 1117, 229, 649, 429, 658, 
570, 531, -39, -551, 305, 246, -34, 1137, 239, 663, 448, 683, 
585, 541, -43, -563, 314, 248, -43, 1141, 244, 688, 473, 697, 
595, 556, -39, -575, 317, 258, -58, 1156, 263, 702, 492, 717, 
605, 566, -39, -585, 322, 263, -68, 1171, 273, 712, 512, 736, 
614, 575, -39, -595, 326, 268, -73, 1185, 278, 722, 517, 756, 
619, 590, -29, -605, 324, 280, -82, 1195, 287, 736, 531, 775, 
639, 595, -43, -617, 341, 275, -82, 1195, 287, 741, 546, 795, 
644, 610, -34, -627, 339, 287, -97, 1205, 297, 756, 566, 814, 
649, 610, -39, -629, 344, 285, -97, 1210, 302, 761, 585, 839, 
658, 629, -29, -644, 344, 300, -102, 1215, 312, 771, 600, 854, 
673, 644, -29, -658, 351, 307, -107, 1229, 317, 775, 605, 854, 
678, 653, -24, -666, 351, 314, -117, 1229, 322, 785, 614, 873, 
683, 658, -24, -671, 353, 317, -117, 1234, 322, 790, 614, 878, 
688, 668, -19, -678, 353, 324, -122, 1239, 326, 800, 624, 893, 
692, 673, -19, -683, 356, 326, -126, 1239, 322, 800, 639, 912, 
692, 668, -24, -680, 358, 322, -126, 1244, 322, 800, 649, 922, 
697, 668, -29, -683, 363, 319, -131, 1244, 326, 805, 658, 927, 
702, 663, -39, -683, 370, 312, -131, 1244, 331, 805, 658, 932, 
707, 668, -39, -688, 373, 314, -126, 1234, 322, 805, 653, 932, 
707, 668, -39, -688, 373, 314, -126, 1234, 326, 805, 653, 932, 
707, 668, -39, -688, 373, 314, -126, 1234, 326, 805, 653, 932, 
707, 668, -39, -688, 373, 314, -126, 1229, 322, 805, 653, 932, 
692, 663, -29, -678, 361, 317, -122, 1220, 307, 790, 644, 912, 
688, 658, -29, -673, 358, 314, -122, 1205, 307, 785, 634, 902, 
688, 658, -29, -673, 358, 314, -122, 1190, 307, 785, 624, 893, 
688, 658, -29, -673, 358, 314, -117, 1176, 302, 780, 610, 873, 
668, 649, -19, -658, 344, 314, -112, 1156, 278, 766, 580, 854, 
658, 639, -19, -649, 339, 309, -107, 1146, 273, 756, 561, 824, 
649, 624, -24, -636, 336, 300, -97, 1141, 263, 741, 546, 795, 
634, 610, -24, -622, 329, 292, -92, 1122, 248, 727, 512, 766, 
614, 600, -14, -607, 314, 292, -73, 1107, 244, 722, 492, 741, 
600, 590, -9, -595, 305, 290, -68, 1093, 229, 712, 478, 717, 
590, 580, -9, -585, 300, 285, -53, 1083, 224, 697, 463, 688, 
575, 556, -19, -566, 297, 268, -39, 1068, 209, 678, 444, 653, 
556, 527, -29, -541, 292, 248, -29, 1049, 200, 658, 424, 629, 
541, 517, -24, -529, 283, 246, -19, 1029, 185, 644, 385, 595, 
531, 492, -39, -512, 285, 226, -9, 1005, 170, 629, 361, 561, 
512, 468, -43, -490, 278, 212, 0, 980, 156, 605, 331, 522, 
488, 458, -29, -473, 258, 214, 4, 966, 131, 595, 312, 488, 
473, 448, -24, -461, 248, 212, 14, 951, 107, 580, 283, 463, 
458, 434, -24, -446, 241, 204, 24, 936, 92, 561, 248, 434, 
448, 424, -24, -436, 236, 200, 34, 927, 78, 546, 229, 409, 
424, 405, -19, -414, 222, 192, 53, 902, 63, 527, 214, 395, 
414, 385, -29, -400, 222, 178, 63, 888, 48, 512, 195, 366, 
400, 366, -34, -383, 217, 165, 68, 873, 34, 492, 180, 341, 
385, 351, -34, -368, 209, 158, 73, 858, 19, 483, 161, 307, 
385, 336, -48, -361, 217, 143, 73, 834, 4, 463, 136, 283, 
375, 317, -58, -346, 217, 129, 82, 814, -14, 439, 102, 253, 
361, 302, -58, -331, 209, 122, 92, 810, -29, 419, 82, 224, 
351, 292, -58, -322, 204, 117, 102, 795, -43, 405, 63, 204, 
341, 283, -58, -312, 200, 112, 102, 780, -73, 400, 53, 195, 
336, 268, -68, -302, 202, 100, 102, 766, -82, 380, 34, 175, 
326, 253, -73, -290, 200, 90, 117, 761, -92, 370, 24, 165, 
322, 244, -78, -283, 200, 82, 117, 756, -102, 356, 9, 156, 
326, 234, -92, -280, 209, 70, 122, 741, -117, 346, -9, 136, 
322, 219, -102, -270, 212, 58, 126, 727, -126, 331, -24, 122, 
312, 204, -107, -258, 209, 48, 126, 712, -141, 317, -43, 107, 
302, 200, -102, -251, 202, 48, 136, 702, -146, 302, -63, 92, 
292, 195, -97, -244, 195, 48, 136, 702, -175, 292, -63, 87, 
287, 190, -97, -239, 192, 46, 136, 692, -180, 283, -78, 73, 
283, 185, -97, -234, 190, 43, 141, 683, -190, 273, -87, 63, 
278, 175, -102, -226, 190, 36, 146, 678, -195, 268, -92, 53, 
278, 156, -122, -217, 200, 17, 146, 678, -200, 263, -92, 48, 
273, 151, -122, -212, 197, 14, 146, 673, -209, 258, -97, 43, 
273, 141, -131, -207, 202, 4, 151, 668, -219, 248, -107, 39, 
273, 131, -141, -202, 207, -4, 156, 663, -219, 239, -117, 34, 
278, 126, -151, -202, 214, -12, 156, 653, -224, 229, -112, 34, 
273, 126, -146, -200, 209, -9, 156, 653, -229, 219, -126, 24, 
268, 117, -151, -192, 209, -17, 156, 649, -234, 214, -136, 24, 
268, 112, -156, -190, 212, -21, 161, 644, -244, 214, -146, 14, 
268, 117, -151, -192, 209, -17, 161, 649, -244, 209, -146, 14, 
268, 117, -151, -192, 209, -17, 161, 644, -244, 204, -151, 14, 
263, 112, -151, -187, 207, -19, 161, 644, -244, 204, -151, 4, 
258, 107, -151, -183, 204, -21, 165, 644, -248, 200, -151, 0, 
258, 102, -156, -180, 207, -26, 165, 639, -253, 200, -146, -9, 
258, 102, -156, -180, 207, -26, 165, 639, -253, 195, -151, -9, 
258, 97, -161, -178, 209, -31, 170, 639, -253, 190, -156, -9, 
258, 92, -165, -175, 212, -36, 170, 639, -253, 185, -156, -14, 
258, 92, -165, -175, 212, -36, 170, 629, -268, 185, -170, -9, 
258, 92, -165, -175, 212, -36, 170, 629, -268, 185, -170, -14, 
258, 92, -165, -175, 212, -36, 170, 634, -268, 185, -170, -14, 
258, 82, -175, -170, 217, -46, 170, 634, -268, 185, -175, -14, 
248, 92, -156, -170, 202, -31, 170, 634, -258, 175, -185, -24, 
248, 92, -156, -170, 202, -31, 175, 634, -258, 175, -185, -29, 
248, 92, -156, -170, 202, -31, 175, 634, -258, 170, -185, -29, 
248, 92, -156, -170, 202, -31, 175, 634, -258, 170, -185, -29, 
248, 92, -156, -170, 202, -31, 175, 624, -258, 180, -175, -19, 
244, 92, -151, -168, 197, -29, 175, 624, -258, 180, -180, -24, 
244, 92, -151, -168, 197, -29, 175, 624, -258, 180, -180, -24, 
244, 97, -146, -170, 195, -24, 175, 624, -258, 180, -180, -24, 
258, 87, -170, -173, 214, -41, 185, 629, -258, 180, -180, -14, 
258, 87, -170, -173, 214, -41, 185, 629, -258, 180, -175, -14, 
258, 82, -175, -170, 217, -46, 185, 629, -258, 185, -170, -14, 
258, 82, -175, -170, 217, -46, 185, 629, -253, 185, -165, -14, 
258, 87, -170, -173, 214, -41, 175, 619, -253, 185, -175, -19, 
258, 92, -165, -175, 212, -36, 175, 619, -253, 185, -175, -19, 
258, 92, -165, -175, 212, -36, 175, 619, -253, 185, -175, -19, 
258, 92, -165, -175, 212, -36, 175, 614, -253, 185, -175, -19, 
248, 102, -146, -175, 197, -21, 185, 614, -263, 185, -180, -34, 
248, 102, -146, -175, 197, -21, 185, 614, -263, 185, -180, -34, 
248, 102, -146, -175, 197, -21, 180, 614, -263, 185, -180, -29, 
248, 102, -146, -175, 197, -21, 180, 614, -263, 185, -175, -29, 
248, 102, -146, -175, 197, -21, 185, 614, -263, 185, -175, -29, 
248, 102, -146, -175, 197, -21, 185, 610, -263, 185, -175, -29, 
253, 102, -151, -178, 202, -24, 185, 610, -263, 185, -175, -34, 
253, 102, -151, -178, 202, -24, 185, 610, -263, 185, -175, -34, 
244, 102, -141, -173, 192, -19, 175, 610, -263, 185, -175, -34, 
244, 102, -141, -173, 192, -19, 175, 610, -263, 185, -175, -34, 
239, 107, -131, -173, 185, -12, 175, 610, -263, 185, -175, -34, 
234, 107, -126, -170, 180, -9, 175, 610, -263, 185, -175, -34, 
234, 107, -126, -170, 180, -9, 185, 610, -263, 185, -185, -34, 
234, 107, -126, -170, 180, -9, 185, 610, -263, 185, -185, -34, 
234, 107, -126, -170, 180, -9, 185, 600, -263, 185, -185, -34, 
234, 102, -131, -168, 183, -14, 180, 600, -263, 185, -190, -34, 
234, 102, -131, -168, 183, -14, 180, 595, -263, 185, -190, -43, 
234, 102, -131, -168, 183, -14, 185, 595, -263, 185, -190, -43, 
239, 102, -136, -170, 187, -17, 185, 600, -263, 185, -190, -43, 
239, 102, -136, -170, 187, -17, 185, 600, -263, 185, -190, -43, 
234, 92, -141, -163, 187, -24, 185, 590, -268, 175, -175, -39, 
234, 92, -141, -163, 187, -24, 185, 590, -268, 175, -175, -39, 
239, 92, -146, -165, 192, -26, 185, 585, -268, 175, -180, -39, 
239, 92, -146, -165, 192, -26, 185, 585, -268, 175, -180, -39, 
239, 92, -146, -165, 192, -26, 185, 590, -278, 180, -180, -39, 
239, 92, -146, -165, 192, -26, 185, 590, -278, 180, -180, -39, 
239, 92, -146, -165, 192, -26, 185, 590, -278, 180, -180, -39, 
239, 92, -146, -165, 192, -26, 185, 590, -278, 180, -180, -43, 
229, 102, -126, -165, 178, -12, 185, 590, -278, 170, -185, -43, 
234, 102, -131, -168, 183, -14, 180, 585, -283, 170, -185, -43, 
234, 102, -131, -168, 183, -14, 180, 585, -283, 165, -185, -43, 
234, 102, -131, -168, 183, -14, 180, 585, -283, 165, -185, -53, 
244, 92, -151, -168, 197, -29, 180, 590, -283, 175, -185, -63, 
244, 92, -151, -168, 197, -29, 180, 590, -283, 170, -185, -58, 
244, 92, -151, -168, 197, -29, 180, 590, -283, 165, -185, -53, 
244, 92, -151, -168, 197, -29, 180, 585, -283, 161, -190, -53, 
234, 92, -141, -163, 187, -24, 180, 575, -283, 165, -195, -48, 
234, 92, -141, -163, 187, -24, 180, 575, -283, 165, -195, -48, 
234, 92, -141, -163, 187, -24, 180, 575, -287, 165, -195, -48, 
239, 92, -146, -165, 192, -26, 180, 575, -287, 165, -195, -48, 
239, 87, -151, -163, 195, -31, 180, 570, -297, 161, -204, -48, 
239, 87, -151, -163, 195, -31, 180, 570, -302, 156, -209, -48, 
239, 87, -151, -163, 195, -31, 180, 570, -302, 156, -209, -48, 
239, 87, -151, -163, 195, -31, 180, 570, -302, 156, -209, -53, 
229, 87, -141, -158, 185, -26, 180, 570, -302, 146, -204, -53, 
229, 87, -141, -158, 185, -26, 180, 566, -307, 146, -209, -53, 
229, 87, -141, -158, 185, -26, 180, 566, -307, 141, -209, -53, 
224, 87, -136, -156, 180, -24, 180, 566, -307, 141, -209, -58, 
234, 82, -151, -158, 192, -34, 180, 566, -307, 141, -214, -58, 
234, 82, -151, -158, 192, -34, 180, 566, -307, 136, -214, -58, 
234, 82, -151, -158, 192, -34, 180, 566, -302, 136, -214, -58, 
229, 82, -146, -156, 187, -31, 180, 566, -302, 136, -214, -58, 
239, 78, -161, -158, 200, -41, 180, 556, -312, 151, -214, -58, 
239, 78, -161, -158, 200, -41, 180, 556, -317, 151, -219, -63, 
239, 73, -165, -156, 202, -46, 180, 556, -317, 146, -224, -63, 
239, 73, -165, -156, 202, -46, 180, 556, -317, 141, -224, -63, 
229, 73, -156, -151, 192, -41, 180, 551, -317, 141, -224, -63, 
234, 73, -161, -153, 197, -43, 180, 551, -317, 141, -224, -68, 
234, 73, -161, -153, 197, -43, 180, 551, -317, 141, -224, -68, 
229, 73, -156, -151, 192, -41, 180, 546, -317, 136, -224, -68, 
229, 63, -165, -146, 197, -51, 180, 556, -317, 136, -229, -68, 
234, 58, -175, -146, 204, -58, 180, 556, -317, 136, -229, -68, 
234, 58, -175, -146, 204, -58, 180, 556, -317, 131, -229, -68, 
229, 58, -170, -143, 200, -56, 180, 551, -317, 131, -234, -68, 
229, 68, -161, -148, 195, -46, 180, 551, -331, 126, -244, -73, 
229, 68, -161, -148, 195, -46, 180, 551, -331, 126, -244, -73, 
229, 68, -161, -148, 195, -46, 180, 551, -331, 122, -244, -73, 
229, 68, -161, -148, 195, -46, 180, 551, -331, 122, -248, -78, 
229, 68, -161, -148, 195, -46, 180, 541, -331, 122, -239, -78, 
229, 68, -161, -148, 195, -46, 180, 541, -331, 117, -239, -78, 
229, 68, -161, -148, 195, -46, 180, 541, -326, 117, -239, -78, 
229, 68, -161, -148, 195, -46, 180, 541, -326, 122, -239, -82, 
224, 58, -165, -141, 195, -53, 180, 541, -317, 131, -239, -73, 
224, 58, -165, -141, 195, -53, 180, 541, -322, 126, -239, -73, 
229, 53, -175, -141, 202, -61, 180, 546, -322, 122, -239, -73, 
229, 53, -175, -141, 202, -61, 180, 546, -326, 122, -239, -73, 
229, 63, -165, -146, 197, -51, 180, 541, -326, 122, -234, -73, 
229, 63, -165, -146, 197, -51, 180, 541, -326, 126, -234, -73, 
229, 58, -170, -143, 200, -56, 180, 541, -326, 126, -234, -73, 
229, 58, -170, -143, 200, -56, 180, 536, -326, 122, -234, -73, 
229, 63, -165, -146, 197, -51, 175, 536, -336, 112, -244, -82, 
229, 63, -165, -146, 197, -51, 175, 536, -336, 112, -244, -82, 
229, 63, -165, -146, 197, -51, 175, 536, -341, 112, -244, -82, 
224, 63, -161, -143, 192, -48, 185, 541, -341, 112, -239, -82, 
224, 63, -161, -143, 192, -48, 185, 541, -341, 112, -239, -73, 
224, 58, -165, -141, 195, -53, 180, 531, -341, 107, -248, -73, 
224, 58, -165, -141, 195, -53, 180, 531, -341, 107, -248, -73, 
224, 58, -165, -141, 195, -53, 180, 536, -341, 112, -244, -73, 
214, 48, -165, -131, 190, -58, 180, 536, -331, 122, -234, -82, 
214, 48, -165, -131, 190, -58, 180, 536, -331, 122, -239, -87, 
214, 48, -165, -131, 190, -58, 180, 536, -336, 122, -244, -92, 
214, 48, -165, -131, 190, -58, 180, 531, -336, 122, -244, -92, 
224, 58, -165, -141, 195, -53, 180, 522, -346, 112, -244, -92, 
224, 58, -165, -141, 195, -53, 180, 527, -346, 107, -244, -87, 
224, 58, -165, -141, 195, -53, 180, 527, -346, 102, -244, -87, 
224, 58, -165, -141, 195, -53, 180, 527, -346, 97, -244, -87, 
214, 58, -156, -136, 185, -48, 190, 522, -336, 102, -244, -87, 
214, 58, -156, -136, 185, -48, 190, 522, -336, 102, -244, -87, 
214, 58, -156, -136, 185, -48, 190, 522, -336, 107, -244, -87, 
214, 53, -161, -134, 187, -53, 190, 522, -336, 107, -244, -87, 
214, 53, -161, -134, 187, -53, 180, 531, -336, 107, -253, -97, 
214, 53, -161, -134, 187, -53, 180, 531, -336, 107, -253, -97, 
214, 58, -156, -136, 185, -48, 180, 531, -336, 107, -253, -97, 
214, 58, -156, -136, 185, -48, 180, 531, -336, 107, -253, -97, 
214, 48, -165, -131, 190, -58, 185, 531, -346, 97, -253, -92, 
214, 43, -170, -129, 192, -63, 185, 531, -346, 97, -248, -87, 
214, 43, -170, -129, 192, -63, 180, 531, -346, 97, -248, -82, 
214, 43, -170, -129, 192, -63, 180, 531, -346, 97, -253, -78, 
214, 48, -165, -131, 190, -58, 180, 522, -346, 97, -253, -87, 
214, 48, -165, -131, 190, -58, 180, 522, -346, 97, -253, -87, 
214, 48, -165, -131, 190, -58, 180, 522, -346, 97, -253, -87, 
214, 48, -165, -131, 190, -58, 180, 522, -346, 97, -258, -87, 
214, 58, -156, -136, 185, -48, 180, 531, -346, 97, -248, -87, 
214, 58, -156, -136, 185, -48, 180, 531, -346, 97, -248, -87, 
214, 58, -156, -136, 185, -48, 180, 531, -346, 97, -248, -87, 
214, 63, -151, -139, 183, -43, 180, 531, -346, 97, -248, -92, 
224, 63, -161, -143, 192, -48, 180, 522, -356, 107, -258, -102, 
224, 63, -161, -143, 192, -48, 180, 522, -356, 102, -258, -97, 
224, 63, -161, -143, 192, -48, 180, 522, -356, 102, -258, -97, 
224, 58, -165, -141, 195, -53, 180, 522, -351, 102, -253, -97, 
219, 48, -170, -134, 195, -61, 190, 517, -341, 97, -253, -87, 
219, 48, -170, -134, 195, -61, 190, 517, -346, 97, -253, -87, 
219, 48, -170, -134, 195, -61, 190, 517, -346, 97, -253, -87, 
219, 48, -170, -134, 195, -61, 190, 517, -346, 97, -258, -87, 
229, 53, -175, -141, 202, -61, 180, 527, -346, 107, -248, -78, 
229, 63, -165, -146, 197, -51, 180, 527, -346, 107, -244, -78, 
229, 68, -161, -148, 195, -46, 180, 531, -346, 107, -244, -73, 
229, 68, -161, -148, 195, -46, 180, 531, -346, 107, -239, -73, 
239, 92, -146, -165, 192, -26, 180, 527, -341, 117, -239, -68, 
234, 87, -146, -161, 190, -29, 175, 527, -331, 117, -234, -68, 
244, 102, -141, -173, 192, -19, 185, 536, -322, 126, -224, -68, 
244, 107, -136, -175, 190, -14, 185, 536, -322, 126, -224, -68, 
244, 112, -131, -178, 187, -9, 185, 536, -322, 126, -224, -68, 
244, 117, -126, -180, 185, -4, 185, 536, -322, 126, -224, -68, 
253, 131, -122, -192, 187, 4, 195, 546, -317, 141, -219, -58, 
253, 136, -117, -195, 185, 9, 195, 546, -312, 146, -214, -58, 
253, 141, -112, -197, 183, 14, 195, 546, -307, 151, -209, -58, 
253, 146, -107, -200, 180, 19, 195, 546, -302, 156, -204, -58, 
263, 146, -117, -204, 190, 14, 204, 551, -297, 165, -200, -43, 
263, 146, -117, -204, 190, 14, 204, 556, -292, 165, -195, -39, 
263, 146, -117, -204, 190, 14, 204, 561, -287, 165, -190, -34, 
263, 146, -117, -204, 190, 14, 204, 566, -283, 165, -185, -29, 
263, 156, -107, -209, 185, 24, 209, 566, -278, 161, -195, -34, 
263, 151, -112, -207, 187, 19, 209, 566, -278, 161, -195, -39, 
268, 151, -117, -209, 192, 17, 204, 566, -278, 161, -195, -43, 
268, 151, -117, -209, 192, 17, 200, 566, -278, 161, -195, -48, 
268, 161, -107, -214, 187, 26, 195, 566, -268, 170, -195, -43, 
273, 165, -107, -219, 190, 29, 180, 561, -278, 165, -195, -39, 
278, 165, -112, -222, 195, 26, 170, 556, -287, 165, -200, -29, 
283, 170, -112, -226, 197, 29, 141, 551, -297, 161, -200, -24, 
287, 185, -102, -236, 195, 41, 136, 556, -297, 165, -185, -19, 
292, 185, -107, -239, 200, 39, 131, 551, -302, 170, -180, -14, 
297, 185, -112, -241, 204, 36, 126, 551, -307, 170, -175, -4, 
302, 185, -117, -244, 209, 34, 126, 546, -312, 175, -170, 4, 
307, 185, -122, -246, 214, 31, 117, 546, -317, 165, -175, -4, 
307, 190, -117, -248, 212, 36, 117, 546, -317, 165, -175, -4, 
307, 190, -117, -248, 212, 36, 117, 546, -317, 161, -175, -4, 
307, 185, -122, -246, 214, 31, 117, 546, -322, 151, -175, -4, 
307, 185, -122, -246, 214, 31, 126, 541, -312, 151, -175, -14, 
302, 175, -126, -239, 214, 24, 126, 541, -317, 151, -180, -19, 
302, 165, -136, -234, 219, 14, 126, 541, -317, 141, -195, -24, 
302, 161, -141, -231, 222, 9, 126, 536, -331, 131, -200, -29, 
312, 151, -161, -231, 236, -4, 126, 546, -331, 126, -200, -19, 
312, 146, -165, -229, 239, -9, 126, 536, -341, 122, -204, -19, 
312, 141, -170, -226, 241, -14, 126, 531, -351, 117, -209, -24, 
312, 141, -170, -226, 241, -14, 126, 527, -351, 117, -214, -24, 
302, 131, -170, -217, 236, -19, 117, 517, -351, 112, -219, -29, 
302, 131, -170, -217, 236, -19, 117, 517, -356, 107, -219, -34, 
302, 131, -170, -217, 236, -19, 117, 517, -361, 97, -224, -39, 
302, 131, -170, -217, 236, -19, 117, 517, -366, 92, -229, -43, 
302, 141, -161, -222, 231, -9, 122, 522, -351, 107, -224, -43, 
292, 141, -151, -217, 222, -4, 122, 527, -351, 112, -224, -43, 
283, 136, -146, -209, 214, -4, 126, 527, -351, 112, -224, -43, 
278, 126, -151, -202, 214, -12, 136, 527, -351, 112, -229, -48, 
273, 122, -151, -197, 212, -14, 151, 527, -361, 97, -229, -43, 
258, 117, -141, -187, 200, -12, 156, 522, -361, 97, -234, -53, 
244, 102, -141, -173, 192, -19, 161, 517, -361, 92, -244, -58, 
239, 97, -141, -168, 190, -21, 165, 517, -361, 87, -244, -63, 
234, 73, -161, -153, 197, -43, 165, 517, -370, 87, -258, -82, 
229, 58, -170, -143, 200, -56, 165, 507, -380, 73, -263, -87, 
229, 53, -175, -141, 202, -61, 165, 507, -380, 73, -268, -92, 
229, 43, -185, -136, 207, -70, 170, 502, -380, 73, -273, -92, 
224, 53, -170, -139, 197, -58, 170, 502, -380, 68, -273, -107, 
219, 43, -175, -131, 197, -65, 170, 497, -380, 68, -273, -107, 
219, 43, -175, -131, 197, -65, 170, 497, -380, 68, -278, -112, 
219, 43, -175, -131, 197, -65, 170, 497, -380, 68, -278, -117, 
219, 43, -175, -131, 197, -65, 175, 488, -380, 58, -278, -112, 
219, 43, -175, -131, 197, -65, 175, 488, -380, 58, -278, -112, 
219, 43, -175, -131, 197, -65, 180, 492, -375, 58, -283, -112, 
219, 39, -180, -129, 200, -70, 180, 492, -375, 58, -283, -107, 
214, 34, -180, -124, 197, -73, 180, 502, -370, 68, -273, -97, 
214, 29, -185, -122, 200, -78, 180, 502, -370, 68, -273, -97, 
214, 29, -185, -122, 200, -78, 185, 502, -370, 68, -268, -97, 
209, 24, -185, -117, 197, -80, 185, 502, -370, 68, -263, -92, 
209, 24, -185, -117, 197, -80, 190, 502, -366, 73, -273, -92, 
209, 24, -185, -117, 197, -80, 190, 507, -366, 73, -273, -92, 
209, 29, -180, -119, 195, -75, 190, 507, -366, 73, -273, -92, 
204, 29, -175, -117, 190, -73, 195, 507, -366, 78, -273, -92, 
204, 29, -175, -117, 190, -73, 195, 507, -366, 78, -273, -107, 
204, 29, -175, -117, 190, -73, 195, 507, -366, 78, -273, -107, 
204, 29, -175, -117, 190, -73, 195, 507, -361, 78, -273, -107, 
200, 29, -170, -114, 185, -70, 200, 507, -361, 78, -273, -107, 
200, 29, -170, -114, 185, -70, 200, 507, -361, 87, -273, -97, 
200, 24, -175, -112, 187, -75, 200, 507, -356, 87, -273, -97, 
195, 24, -170, -109, 183, -73, 200, 507, -356, 87, -273, -97, 
195, 24, -170, -109, 183, -73, 200, 507, -356, 87, -273, -92, 
195, 24, -170, -109, 183, -73, 200, 507, -346, 78, -273, -92, 
195, 24, -170, -109, 183, -73, 200, 507, -346, 78, -273, -92, 
190, 24, -165, -107, 178, -70, 200, 507, -346, 78, -273, -92, 
190, 29, -161, -109, 175, -65, 204, 507, -346, 78, -273, -92, 
190, 39, -151, -114, 170, -56, 204, 517, -346, 87, -273, -102, 
195, 39, -156, -117, 175, -58, 200, 517, -346, 87, -273, -102, 
195, 39, -156, -117, 175, -58, 200, 517, -346, 87, -273, -102, 
195, 39, -156, -117, 175, -58, 200, 522, -341, 87, -273, -102, 
195, 39, -156, -117, 175, -58, 200, 522, -351, 78, -273, -112, 
195, 39, -156, -117, 175, -58, 200, 522, -356, 78, -273, -112, 
195, 39, -156, -117, 175, -58, 200, 522, -356, 78, -273, -112, 
195, 39, -156, -117, 175, -58, 200, 522, -356, 78, -273, -112, 
195, 39, -156, -117, 175, -58, 200, 512, -346, 87, -273, -102, 
200, 43, -156, -122, 178, -56, 200, 512, -336, 87, -273, -102, 
200, 34, -165, -117, 183, -65, 214, 527, -341, 97, -263, -97, 
185, 34, -151, -109, 168, -58, 224, 527, -341, 97, -263, -107, 
175, 14, -161, -95, 168, -73, 234, 531, -326, 92, -278, -122, 
165, 9, -156, -87, 161, -73, 253, 546, -297, 97, -283, -131, 
156, 9, -146, -82, 151, -68, 268, 556, -273, 107, -302, -156, 
136, 4, -131, -70, 134, -63, 307, 570, -248, 122, -317, -204, 
112, 4, -107, -58, 109, -51, 331, 580, -214, 136, -336, -248, 
82, 9, -73, -46, 78, -31, 356, 590, -185, 141, -346, -273, 
73, 24, -48, -48, 61, -12, 375, 600, -165, 161, -341, -273, 
82, 63, -19, -73, 51, 21, 366, 624, -151, 185, -302, -234, 
102, 112, 9, -107, 46, 61, 356, 658, -117, 229, -248, -151, 
146, 156, 9, -151, 68, 82, 346, 727, -53, 278, -185, -73, 
204, 185, -19, -195, 112, 82, 341, 800, 0, 322, -112, 24, 
268, 224, -43, -246, 156, 90, 326, 863, 48, 366, -29, 151, 
331, 278, -53, -305, 192, 112, 292, 946, 131, 429, 87, 307, 
414, 331, -82, -373, 248, 124, 268, 1044, 224, 517, 224, 468, 
517, 361, -156, -439, 336, 102, 229, 1112, 263, 570, 336, 614, 
600, 361, -239, -480, 419, 61, 195, 1127, 234, 624, 468, 780, 
649, 395, -253, -522, 451, 70, 146, 1088, 156, 707, 644, 1000, 
683, 512, -170, -597, 427, 170, 68, 1005, 58, 858, 873, 1254, 
717, 663, -53, -690, 385, 305, -34, 897, -78, 1000, 1112, 1527, 
766, 775, 9, -771, 378, 392, -165, 771, -268, 1073, 1327, 1776, 
824, 854, 29, -839, 397, 441, -268, 644, -439, 1098, 1483, 1986, 
854, 902, 48, -878, 402, 475, -346, 536, -595, 1107, 1595, 2127, 
863, 912, 48, -888, 407, 480, -375, 488, -673, 1127, 1683, 2220, 
849, 883, 34, -866, 407, 458, -366, 473, -697, 1137, 1742, 2244, 
834, 829, -4, -832, 419, 412, -336, 453, -741, 1098, 1722, 2196, 
805, 761, -43, -783, 424, 358, -326, 395, -810, 1010, 1625, 2078, 
761, 688, -73, -724, 417, 307, -302, 346, -878, 917, 1488, 1898, 
688, 610, -78, -649, 383, 265, -258, 322, -878, 829, 1317, 1629, 
580, 541, -39, -561, 309, 251, -185, 278, -883, 751, 1141, 1346, 
439, 507, 68, -473, 185, 287, -122, 204, -917, 688, 971, 1088, 
307, 458, 151, -383, 78, 305, -78, 122, -971, 575, 751, 790, 
190, 380, 190, -285, 0, 285, -29, 9, -1044, 395, 453, 439, 
97, 322, 224, -209, -63, 273, 19, -92, -1102, 219, 185, 156, 
48, 283, 234, -165, -92, 258, 48, -136, -1127, 102, 4, 4, 
29, 248, 219, -139, -95, 234, 63, -136, -1137, -24, -156, -92, 
24, 209, 185, -117, -80, 197, 87, -112, -1102, -136, -322, -170, 
24, 161, 136, -92, -56, 148, 112, -53, -1044, -190, -405, -209, 
29, 131, 102, -80, -36, 117, 126, 19, -966, -180, -405, -200, 
24, 112, 87, -68, -31, 100, 161, 122, -868, -141, -375, -180, 
29, 78, 48, -53, -9, 63, 209, 214, -771, -126, -380, -180, 
34, 48, 14, -41, 9, 31, 239, 283, -688, -97, -380, -185, 
58, 48, -9, -53, 34, 19, 244, 322, -629, -58, -361, -170, 
87, 48, -39, -68, 63, 4, 244, 361, -566, -14, -331, -161, 
117, 39, -78, -78, 97, -19, 239, 380, -536, 4, -317, -146, 
151, 53, -97, -102, 124, -21, 204, 395, -512, 24, -297, -136, 
170, 78, -92, -124, 131, -7, 190, 395, -492, 53, -283, -126, 
185, 92, -92, -139, 139, 0, 190, 409, -468, 63, -273, -122, 
175, 92, -82, -134, 129, 4, 190, 424, -439, 68, -273, -112, 
170, 87, -82, -129, 126, 2, 200, 453, -414, 82, -268, -112, 
161, 82, -78, -122, 119, 2, 204, 478, -395, 92, -268, -112, 
165, 78, -87, -122, 126, -4, 214, 492, -375, 97, -263, -107, 
165, 68, -97, -117, 131, -14, 214, 507, -361, 107, -268, -112, 
170, 58, -112, -114, 141, -26, 219, 507, -346, 102, -268, -112, 
180, 58, -122, -119, 151, -31, 219, 512, -346, 107, -268, -112, 
185, 58, -126, -122, 156, -34, 219, 512, -346, 112, -268, -117, 
185, 58, -126, -122, 156, -34, 214, 512, -341, 112, -268, -122, 
195, 63, -131, -129, 163, -34, 224, 512, -331, 117, -278, -122, 
195, 58, -136, -126, 165, -39, 224, 517, -326, 117, -278, -117, 
195, 58, -136, -126, 165, -39, 224, 517, -322, 117, -278, -117, 
195, 58, -136, -126, 165, -39, 219, 522, -317, 117, -278, -117, 
195, 48, -146, -122, 170, -48, 229, 536, -307, 117, -278, -117, 
195, 48, -146, -122, 170, -48, 234, 546, -302, 117, -278, -112, 
190, 48, -141, -119, 165, -46, 234, 551, -302, 117, -278, -112, 
180, 48, -131, -114, 156, -41, 234, 556, -297, 122, -278, -112, 
190, 48, -141, -119, 165, -46, 224, 546, -302, 131, -268, -112, 
190, 48, -141, -119, 165, -46, 224, 541, -297, 131, -268, -112, 
195, 48, -146, -122, 170, -48, 224, 541, -297, 131, -268, -112, 
195, 53, -141, -124, 168, -43, 224, 546, -297, 131, -268, -112, 
195, 53, -141, -124, 168, -43, 224, 551, -292, 141, -268, -122, 
195, 48, -146, -122, 170, -48, 224, 551, -292, 141, -268, -122, 
200, 48, -151, -124, 175, -51, 224, 556, -292, 136, -268, -122, 
200, 53, -146, -126, 173, -46, 229, 556, -292, 136, -268, -122, 
200, 53, -146, -126, 173, -46, 229, 556, -287, 136, -278, -112, 
200, 53, -146, -126, 173, -46, 229, 556, -283, 136, -278, -107, 
200, 53, -146, -126, 173, -46, 229, 556, -283, 136, -273, -107, 
204, 53, -151, -129, 178, -48, 229, 561, -278, 136, -268, -107, 
195, 43, -151, -119, 173, -53, 229, 561, -278, 136, -268, -97, 
190, 43, -146, -117, 168, -51, 229, 561, -278, 141, -263, -97, 
190, 43, -146, -117, 168, -51, 229, 561, -273, 146, -263, -97, 
195, 43, -151, -119, 173, -53, 229, 561, -273, 146, -263, -87, 
204, 34, -170, -119, 187, -68, 239, 575, -263, 156, -263, -87, 
200, 34, -165, -117, 183, -65, 239, 575, -263, 156, -258, -82, 
200, 34, -165, -117, 183, -65, 239, 580, -263, 156, -258, -82, 
204, 34, -170, -119, 187, -68, 234, 585, -263, 156, -258, -82, 
195, 43, -151, -119, 173, -53, 224, 575, -268, 161, -248, -78, 
200, 43, -156, -122, 178, -56, 224, 575, -263, 161, -248, -78, 
200, 43, -156, -122, 178, -56, 224, 580, -258, 161, -244, -73, 
200, 43, -156, -122, 178, -56, 224, 580, -258, 165, -244, -73, 
204, 48, -156, -126, 180, -53, 224, 590, -258, 165, -248, -82, 
204, 48, -156, -126, 180, -53, 224, 590, -258, 165, -244, -73, 
204, 48, -156, -126, 180, -53, 224, 590, -253, 165, -244, -68, 
204, 48, -156, -126, 180, -53, 224, 590, -253, 165, -244, -68, 
195, 53, -141, -124, 168, -43, 224, 580, -253, 165, -229, -63, 
204, 58, -146, -131, 175, -43, 224, 580, -253, 165, -229, -63, 
204, 58, -146, -131, 175, -43, 224, 585, -244, 165, -229, -58, 
204, 63, -141, -134, 173, -39, 224, 585, -244, 165, -229, -58, 
214, 68, -146, -141, 180, -39, 224, 585, -244, 175, -224, -43, 
214, 68, -146, -141, 180, -39, 224, 590, -244, 175, -219, -39, 
214, 68, -146, -141, 180, -39, 219, 590, -239, 175, -214, -39, 
219, 73, -146, -146, 183, -36, 219, 595, -234, 185, -214, -34, 
219, 82, -136, -151, 178, -26, 219, 595, -234, 175, -219, -43, 
224, 82, -141, -153, 183, -29, 219, 595, -239, 180, -219, -34, 
224, 82, -141, -153, 183, -29, 219, 605, -234, 190, -214, -29, 
224, 87, -136, -156, 180, -24, 219, 610, -239, 190, -219, -24, 
224, 87, -136, -156, 180, -24, 219, 610, -239, 195, -214, -29, 
224, 87, -136, -156, 180, -24, 214, 610, -229, 195, -209, -24, 
224, 92, -131, -158, 178, -19, 214, 610, -224, 195, -204, -19, 
229, 92, -136, -161, 183, -21, 214, 610, -219, 200, -204, -19, 
229, 92, -136, -161, 183, -21, 214, 605, -214, 204, -200, -4, 
234, 97, -136, -165, 185, -19, 214, 605, -214, 204, -190, 0, 
234, 97, -136, -165, 185, -19, 214, 614, -219, 204, -180, 0, 
244, 107, -136, -175, 190, -14, 209, 619, -219, 209, -170, 4, 
234, 117, -117, -175, 175, 0, 209, 619, -219, 209, -170, 4, 
234, 122, -112, -178, 173, 4, 204, 619, -214, 214, -170, 4, 
239, 126, -112, -183, 175, 7, 204, 619, -209, 219, -170, 4, 
239, 131, -107, -185, 173, 12, 204, 624, -204, 219, -170, 4, 
239, 136, -102, -187, 170, 17, 200, 629, -200, 229, -156, 24, 
248, 141, -107, -195, 178, 17, 200, 634, -195, 234, -146, 29, 
248, 146, -102, -197, 175, 21, 200, 639, -190, 239, -141, 34, 
253, 151, -102, -202, 178, 24, 195, 644, -185, 244, -136, 39, 
268, 165, -102, -217, 185, 31, 185, 649, -185, 258, -126, 63, 
268, 170, -97, -219, 183, 36, 175, 653, -180, 263, -112, 78, 
268, 170, -97, -219, 183, 36, 175, 658, -185, 268, -102, 87, 
268, 180, -87, -224, 178, 46, 175, 663, -180, 278, -82, 107, 
273, 180, -92, -226, 183, 43, 175, 668, -161, 273, -73, 107, 
283, 190, -92, -236, 187, 48, 175, 678, -156, 283, -63, 117, 
287, 195, -92, -241, 190, 51, 165, 683, -156, 297, -58, 126, 
292, 200, -92, -246, 192, 53, 161, 692, -146, 302, -48, 136, 
287, 200, -87, -244, 187, 56, 170, 683, -146, 302, -48, 141, 
292, 204, -87, -248, 190, 58, 165, 688, -146, 307, -39, 151, 
297, 214, -82, -256, 190, 65, 165, 697, -136, 317, -29, 161, 
302, 229, -73, -265, 187, 78, 161, 707, -126, 326, -9, 175, 
312, 244, -68, -278, 190, 87, 156, 712, -122, 341, 14, 204, 
317, 253, -63, -285, 190, 95, 151, 722, -112, 361, 24, 214, 
322, 263, -58, -292, 190, 102, 146, 736, -102, 375, 43, 229, 
326, 273, -53, -300, 190, 109, 141, 746, -92, 390, 58, 244, 
351, 273, -78, -312, 214, 97, 136, 746, -78, 390, 82, 278, 
356, 287, -68, -322, 212, 109, 131, 756, -68, 405, 102, 297, 
361, 297, -63, -329, 212, 117, 126, 766, -58, 424, 126, 317, 
375, 312, -63, -344, 219, 124, 122, 780, -48, 439, 141, 336, 
380, 322, -58, -351, 219, 131, 107, 790, -34, 453, 175, 361, 
390, 341, -48, -366, 219, 146, 97, 795, -34, 473, 195, 385, 
400, 361, -39, -380, 219, 161, 87, 814, -24, 492, 214, 414, 
409, 370, -39, -390, 224, 165, 78, 829, -14, 512, 239, 448, 
419, 385, -34, -402, 226, 175, 82, 829, -14, 527, 248, 468, 
429, 400, -29, -414, 229, 185, 73, 839, 0, 541, 273, 497, 
444, 419, -24, -431, 234, 197, 63, 849, 14, 556, 302, 531, 
458, 434, -24, -446, 241, 204, 53, 873, 29, 566, 326, 556, 
468, 458, -9, -463, 239, 224, 39, 873, 34, 590, 361, 580, 
478, 478, 0, -478, 239, 239, 29, 883, 43, 610, 380, 605, 
488, 492, 4, -490, 241, 248, 19, 893, 63, 624, 405, 629, 
502, 507, 4, -505, 248, 256, 9, 907, 68, 639, 429, 658, 
512, 527, 14, -519, 248, 270, 4, 907, 73, 653, 458, 688, 
522, 541, 19, -531, 251, 280, -4, 912, 82, 668, 488, 727, 
541, 561, 19, -551, 261, 290, -14, 932, 92, 683, 512, 761, 
556, 570, 14, -563, 270, 292, -24, 936, 97, 707, 541, 785, 
556, 575, 19, -566, 268, 297, -19, 946, 107, 712, 556, 814, 
566, 585, 19, -575, 273, 302, -29, 956, 117, 722, 580, 834, 
575, 595, 19, -585, 278, 307, -34, 966, 122, 732, 590, 854, 
580, 610, 29, -595, 275, 319, -43, 971, 131, 746, 610, 873, 
590, 634, 43, -612, 273, 339, -43, 971, 131, 761, 624, 893, 
595, 649, 53, -622, 270, 351, -58, 980, 141, 775, 644, 912, 
600, 649, 48, -624, 275, 348, -58, 985, 146, 780, 663, 936, 
610, 668, 58, -639, 275, 363, -63, 990, 156, 790, 678, 951, 
614, 673, 58, -644, 278, 366, -78, 1005, 151, 805, 688, 961, 
619, 683, 63, -651, 278, 373, -87, 1005, 156, 814, 702, 980, 
624, 688, 63, -656, 280, 375, -87, 1010, 156, 819, 707, 985, 
629, 697, 68, -663, 280, 383, -92, 1015, 161, 829, 722, 1000, 
644, 707, 63, -675, 290, 385, -97, 1019, 156, 839, 727, 1010, 
644, 707, 63, -675, 290, 385, -97, 1019, 156, 839, 736, 1019, 
649, 712, 63, -680, 292, 387, -102, 1015, 161, 844, 746, 1024, 
653, 712, 58, -683, 297, 385, -102, 1010, 165, 844, 746, 1029, 
658, 717, 58, -688, 300, 387, -107, 1000, 165, 844, 741, 1019, 
658, 717, 58, -688, 300, 387, -107, 1000, 170, 844, 741, 1019, 
658, 717, 58, -688, 300, 387, -107, 1000, 170, 844, 741, 1019, 
658, 717, 58, -688, 300, 387, -107, 995, 165, 844, 741, 1019, 
649, 712, 63, -680, 292, 387, -102, 1000, 151, 839, 736, 1015, 
639, 707, 68, -673, 285, 387, -102, 990, 151, 834, 732, 1010, 
634, 707, 73, -671, 280, 390, -102, 980, 151, 834, 727, 1005, 
629, 707, 78, -668, 275, 392, -97, 971, 146, 829, 717, 990, 
629, 697, 68, -663, 280, 383, -82, 971, 136, 819, 688, 971, 
619, 688, 68, -653, 275, 378, -78, 961, 136, 814, 668, 941, 
610, 673, 63, -641, 273, 368, -68, 956, 131, 805, 653, 912, 
595, 658, 63, -627, 265, 361, -63, 936, 122, 795, 619, 883, 
585, 658, 73, -622, 256, 366, -53, 932, 112, 771, 590, 834, 
570, 649, 78, -610, 246, 363, -48, 917, 102, 761, 566, 805, 
561, 639, 78, -600, 241, 358, -34, 907, 102, 746, 541, 771, 
546, 614, 68, -580, 239, 341, -19, 893, 92, 727, 512, 732, 
522, 605, 82, -563, 219, 344, -9, 883, 87, 722, 492, 697, 
502, 595, 92, -549, 204, 344, 0, 873, 78, 712, 453, 663, 
488, 570, 82, -529, 202, 326, 9, 858, 68, 702, 429, 629, 
463, 546, 82, -505, 190, 314, 19, 844, 58, 683, 400, 590, 
458, 531, 73, -495, 192, 302, 43, 834, 58, 668, 390, 556, 
444, 517, 73, -480, 185, 295, 53, 824, 39, 658, 361, 531, 
429, 497, 68, -463, 180, 283, 63, 814, 29, 644, 326, 502, 
419, 483, 63, -451, 178, 273, 73, 810, 19, 634, 307, 478, 
405, 473, 68, -439, 168, 270, 82, 790, 0, 595, 263, 439, 
395, 453, 58, -424, 168, 256, 92, 780, -9, 580, 234, 405, 
380, 434, 53, -407, 163, 244, 97, 771, -19, 561, 209, 375, 
366, 419, 53, -392, 156, 236, 102, 761, -29, 551, 180, 336, 
356, 414, 58, -385, 148, 236, 102, 756, -34, 536, 165, 312, 
346, 395, 48, -370, 148, 222, 112, 736, -53, 517, 131, 283, 
331, 380, 48, -356, 141, 214, 122, 732, -68, 502, 112, 253, 
322, 370, 48, -346, 136, 209, 131, 717, -82, 492, 92, 234, 
322, 351, 29, -336, 146, 190, 141, 702, -97, 478, 63, 219, 
317, 336, 19, -326, 148, 178, 141, 688, -102, 458, 43, 195, 
307, 322, 14, -314, 146, 168, 156, 683, -107, 448, 34, 180, 
302, 312, 9, -307, 146, 161, 156, 678, -112, 434, 19, 165, 
287, 302, 14, -295, 136, 158, 170, 678, -136, 424, 0, 136, 
283, 287, 4, -285, 139, 146, 175, 668, -146, 409, -14, 122, 
273, 273, 0, -273, 136, 136, 175, 658, -161, 395, -34, 107, 
263, 268, 4, -265, 129, 136, 185, 653, -165, 380, -53, 92, 
273, 253, -19, -263, 146, 117, 185, 653, -175, 375, -63, 87, 
268, 248, -19, -258, 143, 114, 185, 644, -180, 361, -78, 73, 
263, 244, -19, -253, 141, 112, 190, 634, -190, 346, -87, 63, 
258, 234, -24, -246, 141, 104, 195, 629, -195, 336, -92, 53, 
258, 214, -43, -236, 151, 85, 204, 629, -190, 331, -102, 48, 
253, 209, -43, -231, 148, 82, 204, 624, -200, 326, -107, 43, 
253, 200, -53, -226, 153, 73, 209, 619, -209, 317, -117, 39, 
253, 190, -63, -222, 158, 63, 214, 614, -209, 307, -126, 34, 
248, 185, -63, -217, 156, 61, 214, 614, -224, 297, -122, 14, 
244, 185, -58, -214, 151, 63, 214, 614, -229, 287, -136, 4, 
239, 175, -63, -207, 151, 56, 214, 610, -234, 283, -146, 4, 
239, 170, -68, -204, 153, 51, 219, 605, -244, 283, -156, -4, 
229, 175, -53, -202, 141, 61, 209, 600, -244, 268, -156, -4, 
229, 175, -53, -202, 141, 61, 209, 595, -244, 263, -161, -4, 
224, 170, -53, -197, 139, 58, 209, 595, -244, 263, -161, -14, 
219, 165, -53, -192, 136, 56, 214, 595, -248, 258, -161, -19, 
229, 170, -58, -200, 143, 56, 214, 590, -263, 268, -175, -29, 
229, 170, -58, -200, 143, 56, 214, 590, -263, 263, -180, -29, 
229, 165, -63, -197, 146, 51, 219, 590, -263, 258, -185, -29, 
229, 161, -68, -195, 148, 46, 219, 590, -263, 253, -185, -34, 
239, 151, -87, -195, 163, 31, 229, 600, -258, 263, -185, -24, 
239, 151, -87, -195, 163, 31, 229, 600, -258, 263, -180, -24, 
239, 151, -87, -195, 163, 31, 229, 605, -258, 263, -175, -19, 
239, 141, -97, -190, 168, 21, 229, 605, -258, 263, -175, -14, 
229, 151, -78, -190, 153, 36, 219, 595, -258, 253, -175, -14, 
229, 151, -78, -190, 153, 36, 224, 595, -258, 253, -175, -19, 
229, 151, -78, -190, 153, 36, 224, 595, -258, 248, -175, -19, 
229, 151, -78, -190, 153, 36, 224, 595, -258, 248, -175, -19, 
229, 141, -87, -185, 158, 26, 234, 605, -258, 258, -185, -29, 
224, 141, -82, -183, 153, 29, 234, 605, -258, 258, -190, -34, 
224, 141, -82, -183, 153, 29, 234, 605, -258, 258, -190, -34, 
224, 146, -78, -185, 151, 34, 234, 605, -258, 258, -190, -34, 
219, 156, -63, -187, 141, 46, 224, 600, -268, 248, -195, -39, 
219, 156, -63, -187, 141, 46, 224, 600, -268, 248, -195, -43, 
219, 151, -68, -185, 143, 41, 224, 600, -268, 253, -195, -48, 
219, 151, -68, -185, 143, 41, 224, 600, -263, 253, -195, -53, 
229, 156, -73, -192, 151, 41, 224, 600, -263, 253, -195, -48, 
229, 161, -68, -195, 148, 46, 224, 600, -263, 253, -195, -48, 
229, 161, -68, -195, 148, 46, 224, 600, -263, 253, -195, -48, 
229, 161, -68, -195, 148, 46, 224, 595, -263, 253, -195, -48, 
229, 161, -68, -195, 148, 46, 234, 605, -253, 258, -195, -48, 
229, 161, -68, -195, 148, 46, 234, 605, -253, 263, -190, -43, 
229, 161, -68, -195, 148, 46, 229, 605, -253, 268, -185, -34, 
229, 161, -68, -195, 148, 46, 229, 605, -253, 273, -175, -29, 
229, 151, -78, -190, 153, 36, 234, 605, -253, 283, -185, -29, 
229, 151, -78, -190, 153, 36, 234, 600, -253, 283, -185, -29, 
234, 151, -82, -192, 158, 34, 234, 600, -253, 283, -185, -34, 
234, 151, -82, -192, 158, 34, 234, 600, -253, 283, -185, -34, 
224, 151, -73, -187, 148, 39, 234, 600, -253, 278, -195, -43, 
224, 151, -73, -187, 148, 39, 234, 600, -253, 273, -195, -43, 
219, 156, -63, -187, 141, 46, 234, 600, -253, 268, -195, -43, 
214, 156, -58, -185, 136, 48, 234, 600, -253, 263, -195, -43, 
224, 165, -58, -195, 141, 53, 234, 610, -253, 273, -195, -43, 
224, 165, -58, -195, 141, 53, 234, 610, -253, 273, -195, -43, 
224, 165, -58, -195, 141, 53, 234, 600, -253, 273, -195, -43, 
224, 161, -63, -192, 143, 48, 229, 600, -253, 273, -200, -43, 
224, 170, -53, -197, 139, 58, 229, 605, -244, 273, -200, -43, 
224, 170, -53, -197, 139, 58, 234, 605, -244, 273, -200, -43, 
229, 170, -58, -200, 143, 56, 234, 610, -244, 273, -200, -43, 
229, 170, -58, -200, 143, 56, 234, 610, -244, 273, -200, -43, 
224, 180, -43, -202, 134, 68, 224, 610, -258, 273, -204, -39, 
224, 180, -43, -202, 134, 68, 224, 610, -258, 273, -204, -39, 
229, 180, -48, -204, 139, 65, 224, 605, -258, 273, -209, -39, 
229, 180, -48, -204, 139, 65, 224, 605, -258, 273, -209, -39, 
229, 170, -58, -200, 143, 56, 234, 610, -258, 278, -200, -39, 
229, 170, -58, -200, 143, 56, 234, 610, -258, 278, -200, -39, 
229, 170, -58, -200, 143, 56, 234, 610, -258, 278, -200, -39, 
229, 170, -58, -200, 143, 56, 234, 610, -258, 278, -200, -43, 
219, 170, -48, -195, 134, 61, 224, 610, -258, 268, -214, -58, 
224, 170, -53, -197, 139, 58, 219, 605, -263, 268, -214, -63, 
224, 170, -53, -197, 139, 58, 219, 605, -263, 263, -214, -68, 
224, 170, -53, -197, 139, 58, 219, 605, -263, 263, -214, -82, 
224, 170, -53, -197, 139, 58, 229, 600, -263, 268, -214, -78, 
224, 170, -53, -197, 139, 58, 229, 600, -263, 268, -214, -68, 
224, 170, -53, -197, 139, 58, 229, 600, -263, 268, -214, -58, 
224, 170, -53, -197, 139, 58, 229, 595, -263, 268, -219, -53, 
224, 170, -53, -197, 139, 58, 229, 595, -263, 263, -224, -68, 
224, 170, -53, -197, 139, 58, 229, 595, -263, 263, -224, -68, 
224, 170, -53, -197, 139, 58, 229, 595, -268, 263, -224, -68, 
229, 170, -58, -200, 143, 56, 229, 595, -268, 263, -224, -68, 
229, 165, -63, -197, 146, 51, 229, 590, -278, 248, -224, -68, 
229, 165, -63, -197, 146, 51, 229, 590, -283, 244, -229, -68, 
229, 165, -63, -197, 146, 51, 229, 590, -283, 244, -229, -68, 
229, 165, -63, -197, 146, 51, 229, 590, -283, 244, -229, -73, 
229, 156, -73, -192, 151, 41, 239, 600, -283, 248, -224, -68, 
229, 156, -73, -192, 151, 41, 239, 595, -287, 253, -229, -63, 
229, 156, -73, -192, 151, 41, 239, 595, -287, 253, -229, -58, 
224, 156, -68, -190, 146, 43, 239, 595, -287, 258, -229, -58, 
224, 161, -63, -192, 143, 48, 229, 595, -287, 258, -224, -48, 
224, 161, -63, -192, 143, 48, 229, 595, -287, 253, -224, -48, 
224, 161, -63, -192, 143, 48, 229, 595, -283, 253, -224, -48, 
219, 161, -58, -190, 139, 51, 229, 595, -283, 253, -224, -48, 
229, 156, -73, -192, 151, 41, 229, 595, -283, 258, -234, -63, 
229, 156, -73, -192, 151, 41, 229, 595, -287, 258, -239, -73, 
229, 151, -78, -190, 153, 36, 229, 595, -287, 253, -244, -78, 
229, 151, -78, -190, 153, 36, 229, 595, -287, 248, -244, -82, 
219, 161, -58, -190, 139, 51, 229, 590, -297, 258, -234, -82, 
224, 161, -63, -192, 143, 48, 229, 590, -297, 258, -234, -87, 
224, 161, -63, -192, 143, 48, 229, 590, -297, 258, -234, -87, 
219, 161, -58, -190, 139, 51, 229, 585, -297, 253, -234, -87, 
219, 161, -58, -190, 139, 51, 239, 585, -287, 253, -239, -87, 
224, 156, -68, -190, 146, 43, 239, 585, -287, 253, -239, -87, 
224, 156, -68, -190, 146, 43, 239, 585, -287, 248, -239, -87, 
219, 156, -63, -187, 141, 46, 239, 580, -287, 248, -244, -87, 
219, 156, -63, -187, 141, 46, 239, 580, -302, 253, -244, -92, 
219, 156, -63, -187, 141, 46, 239, 580, -302, 253, -244, -92, 
219, 156, -63, -187, 141, 46, 239, 580, -302, 248, -244, -92, 
219, 156, -63, -187, 141, 46, 239, 580, -302, 248, -248, -97, 
219, 156, -63, -187, 141, 46, 239, 580, -302, 248, -248, -87, 
219, 156, -63, -187, 141, 46, 239, 580, -302, 244, -248, -87, 
219, 156, -63, -187, 141, 46, 239, 580, -297, 244, -248, -87, 
219, 156, -63, -187, 141, 46, 239, 580, -297, 248, -248, -92, 
214, 156, -58, -185, 136, 48, 229, 580, -297, 248, -248, -102, 
214, 156, -58, -185, 136, 48, 229, 580, -302, 244, -248, -102, 
219, 151, -68, -185, 143, 41, 229, 585, -302, 239, -248, -102, 
219, 151, -68, -185, 143, 41, 229, 585, -307, 239, -248, -102, 
219, 151, -68, -185, 143, 41, 229, 580, -307, 239, -253, -102, 
219, 151, -68, -185, 143, 41, 229, 580, -307, 244, -253, -102, 
219, 146, -73, -183, 146, 36, 229, 580, -307, 244, -253, -102, 
219, 146, -73, -183, 146, 36, 229, 575, -307, 239, -253, -102, 
219, 151, -68, -185, 143, 41, 234, 585, -297, 244, -244, -92, 
219, 151, -68, -185, 143, 41, 234, 585, -297, 248, -244, -92, 
219, 151, -68, -185, 143, 41, 234, 585, -302, 253, -244, -92, 
214, 151, -63, -183, 139, 43, 244, 590, -302, 258, -239, -92, 
224, 151, -73, -187, 148, 39, 244, 590, -312, 248, -248, -92, 
224, 146, -78, -185, 151, 34, 239, 580, -312, 244, -258, -92, 
224, 146, -78, -185, 151, 34, 239, 580, -312, 244, -258, -92, 
224, 146, -78, -185, 151, 34, 239, 585, -312, 248, -253, -92, 
214, 146, -68, -180, 141, 39, 239, 585, -322, 248, -263, -97, 
214, 146, -68, -180, 141, 39, 239, 585, -322, 248, -268, -107, 
214, 146, -68, -180, 141, 39, 239, 585, -326, 248, -273, -117, 
214, 146, -68, -180, 141, 39, 239, 580, -326, 248, -273, -122, 
214, 151, -63, -183, 139, 43, 229, 570, -317, 253, -273, -131, 
214, 156, -58, -185, 136, 48, 229, 575, -317, 253, -273, -126, 
214, 161, -53, -187, 134, 53, 229, 575, -317, 253, -273, -126, 
214, 165, -48, -190, 131, 58, 229, 575, -317, 253, -273, -126, 
214, 156, -58, -185, 136, 48, 239, 580, -307, 258, -263, -122, 
214, 156, -58, -185, 136, 48, 239, 580, -307, 258, -263, -117, 
214, 156, -58, -185, 136, 48, 239, 580, -307, 263, -263, -112, 
214, 151, -63, -183, 139, 43, 239, 580, -307, 263, -263, -107, 
214, 141, -73, -178, 143, 34, 248, 590, -317, 273, -253, -97, 
214, 141, -73, -178, 143, 34, 248, 590, -317, 273, -253, -97, 
214, 146, -68, -180, 141, 39, 248, 590, -317, 273, -253, -97, 
214, 146, -68, -180, 141, 39, 248, 590, -317, 273, -253, -97, 
214, 146, -68, -180, 141, 39, 244, 590, -317, 273, -253, -97, 
214, 141, -73, -178, 143, 34, 244, 590, -317, 273, -248, -97, 
214, 141, -73, -178, 143, 34, 239, 590, -317, 273, -248, -97, 
214, 141, -73, -178, 143, 34, 239, 590, -317, 273, -253, -97, 
214, 146, -68, -180, 141, 39, 239, 580, -317, 263, -253, -107, 
214, 146, -68, -180, 141, 39, 239, 580, -317, 263, -253, -107, 
214, 146, -68, -180, 141, 39, 239, 580, -317, 263, -253, -107, 
214, 146, -68, -180, 141, 39, 239, 580, -317, 263, -258, -107, 
214, 146, -68, -180, 141, 39, 239, 590, -317, 273, -258, -112, 
214, 146, -68, -180, 141, 39, 239, 590, -317, 273, -258, -117, 
214, 146, -68, -180, 141, 39, 239, 590, -317, 273, -258, -122, 
214, 151, -63, -183, 139, 43, 239, 590, -317, 273, -258, -131, 
214, 156, -58, -185, 136, 48, 239, 590, -317, 273, -258, -122, 
214, 161, -53, -187, 134, 53, 239, 590, -317, 268, -258, -117, 
214, 165, -48, -190, 131, 58, 239, 590, -317, 268, -258, -117, 
214, 165, -48, -190, 131, 58, 239, 590, -312, 268, -253, -117, 
229, 175, -53, -202, 141, 61, 239, 595, -312, 278, -244, -107, 
229, 175, -53, -202, 141, 61, 239, 595, -317, 283, -244, -107, 
229, 175, -53, -202, 141, 61, 239, 595, -317, 287, -244, -107, 
229, 175, -53, -202, 141, 61, 239, 595, -317, 292, -248, -107, 
229, 190, -39, -209, 134, 75, 239, 605, -312, 302, -248, -97, 
229, 200, -29, -214, 129, 85, 239, 605, -307, 302, -244, -97, 
229, 204, -24, -217, 126, 90, 239, 610, -302, 302, -244, -92, 
229, 204, -24, -217, 126, 90, 239, 610, -297, 302, -239, -92, 
239, 229, -9, -234, 124, 109, 248, 614, -283, 322, -229, -78, 
244, 244, 0, -244, 122, 122, 253, 614, -283, 331, -204, -68, 
253, 253, 0, -253, 126, 126, 253, 624, -278, 341, -195, -68, 
253, 253, 0, -253, 126, 126, 253, 624, -273, 341, -195, -68, 
253, 253, 0, -253, 126, 126, 253, 624, -268, 341, -195, -68, 
253, 253, 0, -253, 126, 126, 253, 624, -263, 341, -195, -68, 
253, 253, 0, -253, 126, 126, 253, 624, -263, 351, -204, -58, 
253, 253, 0, -253, 126, 126, 253, 624, -263, 351, -204, -58, 
253, 253, 0, -253, 126, 126, 258, 624, -258, 356, -204, -58, 
253, 248, -4, -251, 129, 122, 258, 624, -258, 356, -204, -58, 
258, 258, 0, -258, 129, 129, 253, 624, -258, 346, -204, -58, 
258, 258, 0, -258, 129, 129, 248, 624, -258, 346, -204, -58, 
258, 258, 0, -258, 129, 129, 244, 624, -258, 346, -204, -58, 
263, 263, 0, -263, 131, 131, 229, 619, -268, 341, -204, -58, 
258, 273, 14, -265, 122, 143, 224, 624, -268, 346, -204, -53, 
263, 278, 14, -270, 124, 146, 200, 619, -278, 346, -200, -53, 
268, 283, 14, -275, 126, 148, 190, 614, -278, 351, -195, -53, 
273, 283, 9, -278, 131, 146, 190, 610, -283, 356, -190, -53, 
278, 292, 14, -285, 131, 153, 185, 619, -297, 361, -200, -48, 
283, 292, 9, -287, 136, 151, 185, 614, -302, 361, -200, -43, 
287, 302, 14, -295, 136, 158, 185, 614, -307, 361, -195, -43, 
287, 307, 19, -297, 134, 163, 185, 614, -307, 361, -195, -43, 
297, 297, 0, -297, 148, 148, 175, 614, -297, 366, -195, -53, 
297, 292, -4, -295, 151, 143, 175, 614, -302, 356, -195, -53, 
297, 283, -14, -290, 156, 134, 185, 619, -302, 356, -195, -53, 
292, 273, -19, -283, 156, 126, 185, 619, -307, 356, -200, -58, 
292, 263, -29, -278, 161, 117, 195, 629, -297, 346, -204, -63, 
292, 258, -34, -275, 163, 112, 195, 624, -312, 336, -209, -68, 
292, 258, -34, -275, 163, 112, 195, 624, -312, 331, -209, -68, 
292, 253, -39, -273, 165, 107, 195, 614, -322, 326, -214, -68, 
302, 239, -63, -270, 183, 87, 185, 610, -341, 322, -219, -68, 
302, 239, -63, -270, 183, 87, 185, 605, -341, 322, -224, -63, 
302, 239, -63, -270, 183, 87, 185, 605, -336, 322, -224, -58, 
302, 239, -63, -270, 183, 87, 185, 605, -336, 322, -219, -53, 
292, 229, -63, -261, 178, 82, 195, 605, -336, 317, -229, -43, 
292, 229, -63, -261, 178, 82, 195, 605, -336, 317, -229, -43, 
292, 229, -63, -261, 178, 82, 200, 610, -331, 322, -224, -43, 
283, 229, -53, -256, 168, 87, 200, 614, -331, 326, -224, -43, 
268, 224, -43, -246, 156, 90, 214, 624, -322, 326, -224, -48, 
258, 214, -43, -236, 151, 85, 224, 624, -322, 326, -229, -58, 
248, 209, -39, -229, 143, 85, 229, 624, -322, 322, -229, -68, 
229, 204, -24, -217, 126, 90, 234, 619, -322, 322, -234, -82, 
219, 190, -29, -204, 124, 80, 229, 614, -331, 317, -244, -97, 
219, 185, -34, -202, 126, 75, 234, 614, -331, 312, -244, -102, 
219, 170, -48, -195, 134, 61, 234, 605, -341, 302, -258, -112, 
219, 156, -63, -187, 141, 46, 234, 595, -351, 287, -263, -117, 
229, 151, -78, -190, 153, 36, 234, 605, -341, 287, -268, -122, 
229, 141, -87, -185, 158, 26, 239, 600, -341, 287, -273, -122, 
224, 141, -82, -183, 153, 29, 239, 600, -351, 283, -273, -126, 
219, 131, -87, -175, 153, 21, 239, 595, -351, 283, -273, -126, 
209, 122, -87, -165, 148, 17, 248, 605, -351, 283, -278, -131, 
209, 122, -87, -165, 148, 17, 248, 605, -351, 283, -278, -136, 
209, 122, -87, -165, 148, 17, 253, 605, -351, 283, -278, -141, 
209, 122, -87, -165, 148, 17, 253, 605, -351, 283, -278, -141, 
219, 131, -87, -175, 153, 21, 248, 610, -346, 292, -283, -141, 
219, 126, -92, -173, 156, 17, 248, 610, -346, 292, -283, -136, 
214, 126, -87, -170, 151, 19, 248, 610, -341, 292, -283, -136, 
214, 126, -87, -170, 151, 19, 248, 610, -341, 292, -283, -136, 
214, 122, -92, -168, 153, 14, 263, 610, -351, 292, -278, -136, 
209, 122, -87, -165, 148, 17, 263, 610, -351, 292, -273, -131, 
209, 122, -87, -165, 148, 17, 268, 610, -346, 297, -273, -131, 
209, 122, -87, -165, 148, 17, 268, 614, -346, 297, -273, -131, 
200, 136, -63, -168, 131, 36, 268, 614, -346, 297, -283, -136, 
195, 136, -58, -165, 126, 39, 273, 614, -346, 302, -283, -141, 
195, 136, -58, -165, 126, 39, 273, 614, -346, 302, -283, -151, 
195, 136, -58, -165, 126, 39, 273, 614, -346, 302, -283, -156, 
195, 126, -68, -161, 131, 29, 273, 624, -341, 312, -283, -156, 
190, 126, -63, -158, 126, 31, 278, 624, -341, 312, -283, -156, 
190, 126, -63, -158, 126, 31, 278, 624, -341, 312, -283, -156, 
190, 122, -68, -156, 129, 26, 278, 624, -336, 312, -283, -156, 
185, 122, -63, -153, 124, 29, 278, 624, -326, 322, -273, -151, 
185, 122, -63, -153, 124, 29, 278, 624, -326, 322, -273, -141, 
185, 122, -63, -153, 124, 29, 278, 624, -326, 322, -273, -136, 
185, 122, -63, -153, 124, 29, 278, 624, -326, 322, -273, -131, 
180, 122, -58, -151, 119, 31, 278, 624, -326, 322, -263, -131, 
180, 126, -53, -153, 117, 36, 283, 624, -326, 322, -263, -131, 
180, 126, -53, -153, 117, 36, 283, 624, -326, 322, -263, -131, 
185, 126, -58, -156, 122, 34, 278, 624, -326, 322, -263, -131, 
185, 136, -48, -161, 117, 43, 268, 624, -326, 331, -273, -141, 
185, 136, -48, -161, 117, 43, 268, 629, -322, 331, -273, -141, 
185, 136, -48, -161, 117, 43, 268, 629, -322, 331, -273, -141, 
185, 136, -48, -161, 117, 43, 268, 629, -326, 331, -273, -141, 
185, 126, -58, -156, 122, 34, 278, 629, -326, 331, -273, -131, 
185, 126, -58, -156, 122, 34, 278, 629, -326, 331, -273, -131, 
185, 126, -58, -156, 122, 34, 278, 629, -326, 331, -273, -131, 
180, 122, -58, -151, 119, 31, 278, 629, -326, 331, -273, -131, 
180, 122, -58, -151, 119, 31, 283, 644, -322, 331, -273, -126, 
185, 112, -73, -148, 129, 19, 283, 644, -322, 322, -283, -136, 
175, 112, -63, -143, 119, 24, 292, 649, -307, 336, -287, -151, 
165, 107, -58, -136, 112, 24, 312, 653, -287, 341, -302, -170, 
146, 107, -39, -126, 92, 34, 336, 663, -273, 351, -312, -214, 
136, 102, -34, -119, 85, 34, 356, 678, -239, 356, -336, -253, 
122, 102, -19, -112, 70, 41, 380, 688, -214, 351, -356, -297, 
102, 107, 4, -104, 48, 56, 414, 697, -185, 356, -385, -341, 
92, 112, 19, -102, 36, 65, 434, 707, -156, 385, -380, -351, 
102, 141, 39, -122, 31, 90, 434, 732, -131, 439, -341, -312, 
122, 180, 58, -151, 31, 119, 414, 766, -107, 473, -287, -229, 
146, 214, 68, -180, 39, 141, 414, 814, -53, 522, -224, -151, 
185, 244, 58, -214, 63, 151, 409, 888, 9, 566, -151, -43, 
239, 292, 53, -265, 92, 173, 385, 951, 58, 610, -68, 73, 
292, 356, 63, -324, 114, 209, 361, 1015, 131, 653, 39, 200, 
366, 429, 63, -397, 151, 246, 336, 1102, 214, 732, 175, 361, 
448, 488, 39, -468, 204, 263, 317, 1171, 263, 814, 317, 527, 
531, 488, -43, -509, 287, 222, 283, 1195, 234, 888, 468, 702, 
590, 512, -78, -551, 334, 217, 224, 1156, 126, 971, 653, 922, 
614, 600, -14, -607, 314, 292, 156, 1073, 9, 1112, 893, 1176, 
629, 732, 102, -680, 263, 417, 73, 976, -97, 1273, 1151, 1459, 
678, 844, 165, -761, 256, 505, -39, 868, -248, 1376, 1395, 1747, 
717, 932, 214, -824, 251, 573, -141, 761, -429, 1381, 1590, 1986, 
736, 980, 244, -858, 246, 612, -219, 653, -595, 1361, 1722, 2156, 
746, 1000, 253, -873, 246, 627, -258, 575, -712, 1342, 1820, 2269, 
741, 1000, 258, -871, 241, 629, -268, 551, -756, 1351, 1888, 2322, 
727, 976, 248, -851, 239, 612, -258, 531, -780, 1322, 1908, 2283, 
707, 917, 209, -812, 248, 563, -239, 483, -849, 1254, 1839, 2176, 
683, 854, 170, -768, 256, 512, -234, 434, -907, 1161, 1722, 2015, 
649, 766, 117, -707, 265, 441, -200, 419, -927, 1073, 1542, 1766, 
561, 688, 126, -624, 217, 407, -136, 395, -912, 985, 1346, 1473, 
448, 634, 185, -541, 131, 409, -82, 351, -936, 893, 1166, 1185, 
326, 585, 258, -456, 34, 422, -39, 287, -980, 780, 946, 897, 
209, 507, 297, -358, -43, 402, 19, 214, -1034, 629, 639, 536, 
117, 439, 322, -278, -102, 380, 68, 122, -1083, 453, 312, 195, 
48, 390, 341, -219, -146, 366, 97, 68, -1107, 317, 63, -14, 
29, 356, 326, -192, -148, 341, 122, 48, -1107, 180, -136, -131, 
24, 317, 292, -170, -134, 305, 156, 73, -1083, 68, -322, -229, 
34, 278, 244, -156, -104, 261, 170, 131, -1024, 14, -444, -278, 
39, 239, 200, -139, -80, 219, 185, 195, -956, 24, -444, -258, 
34, 200, 165, -117, -65, 183, 219, 278, -858, 63, -405, -229, 
39, 165, 126, -102, -43, 146, 268, 361, -761, 107, -380, -219, 
43, 136, 92, -90, -24, 114, 297, 439, -668, 146, -370, -204, 
58, 117, 58, -87, 0, 87, 312, 488, -600, 195, -351, -200, 
78, 126, 48, -102, 14, 87, 312, 517, -546, 229, -331, -190, 
97, 126, 29, -112, 34, 78, 297, 536, -517, 248, -326, -185, 
131, 141, 9, -136, 61, 75, 283, 541, -502, 278, -307, -175, 
151, 156, 4, -153, 73, 80, 268, 551, -483, 307, -283, -156, 
165, 170, 4, -168, 80, 87, 258, 556, -448, 336, -263, -151, 
165, 170, 4, -168, 80, 87, 258, 580, -429, 351, -253, -141, 
161, 175, 14, -168, 73, 95, 268, 600, -405, 366, -248, -141, 
161, 170, 9, -165, 75, 90, 263, 614, -375, 366, -248, -141, 
156, 165, 9, -161, 73, 87, 273, 639, -356, 370, -253, -136, 
156, 146, -9, -151, 82, 68, 273, 653, -341, 370, -258, -141, 
151, 146, -4, -148, 78, 70, 273, 653, -326, 375, -258, -151, 
161, 146, -14, -153, 87, 65, 278, 658, -326, 380, -258, -151, 
165, 146, -19, -156, 92, 63, 283, 658, -326, 385, -258, -156, 
165, 146, -19, -156, 92, 63, 283, 658, -322, 385, -258, -161, 
175, 151, -24, -163, 100, 63, 292, 658, -322, 390, -268, -170, 
175, 146, -29, -161, 102, 58, 292, 663, -317, 390, -268, -165, 
175, 146, -29, -161, 102, 58, 292, 663, -312, 390, -268, -165, 
175, 146, -29, -161, 102, 58, 287, 668, -307, 390, -268, -165, 
180, 146, -34, -163, 107, 56, 287, 673, -297, 400, -258, -156, 
185, 146, -39, -165, 112, 53, 292, 683, -292, 400, -258, -151, 
185, 146, -39, -165, 112, 53, 292, 688, -292, 400, -258, -151, 
180, 146, -34, -163, 107, 56, 292, 692, -287, 405, -258, -151, 
180, 141, -39, -161, 109, 51, 302, 692, -283, 405, -258, -141, 
180, 136, -43, -158, 112, 46, 302, 688, -278, 405, -258, -141, 
185, 131, -53, -158, 119, 39, 302, 688, -278, 405, -258, -141, 
185, 131, -53, -158, 119, 39, 302, 692, -278, 405, -258, -141, 
185, 131, -53, -158, 119, 39, 302, 697, -273, 409, -258, -141, 
185, 126, -58, -156, 122, 34, 302, 697, -273, 414, -258, -141, 
190, 126, -63, -158, 126, 31, 302, 702, -273, 414, -258, -141, 
190, 131, -58, -161, 124, 36, 307, 702, -273, 419, -258, -141, 
180, 131, -48, -156, 114, 41, 307, 712, -278, 429, -258, -141, 
180, 131, -48, -156, 114, 41, 307, 712, -273, 429, -258, -136, 
180, 131, -48, -156, 114, 41, 307, 712, -273, 429, -253, -136, 
185, 131, -53, -158, 119, 39, 307, 717, -268, 429, -248, -136, 
195, 141, -53, -168, 124, 43, 307, 717, -268, 439, -258, -146, 
190, 141, -48, -165, 119, 46, 307, 717, -268, 444, -253, -146, 
190, 141, -48, -165, 119, 46, 307, 717, -263, 448, -253, -146, 
195, 141, -53, -168, 124, 43, 307, 717, -263, 448, -253, -136, 
195, 141, -53, -168, 124, 43, 297, 712, -263, 448, -244, -126, 
190, 141, -48, -165, 119, 46, 297, 712, -263, 448, -239, -122, 
190, 141, -48, -165, 119, 46, 297, 717, -263, 448, -239, -122, 
195, 141, -53, -168, 124, 43, 292, 722, -263, 448, -239, -122, 
195, 141, -53, -168, 124, 43, 302, 732, -268, 463, -229, -117, 
200, 141, -58, -170, 129, 41, 302, 732, -263, 463, -229, -117, 
200, 141, -58, -170, 129, 41, 302, 736, -258, 463, -224, -112, 
200, 141, -58, -170, 129, 41, 302, 736, -258, 468, -224, -112, 
204, 146, -58, -175, 131, 43, 302, 746, -258, 468, -229, -122, 
204, 146, -58, -175, 131, 43, 302, 746, -258, 468, -224, -112, 
204, 146, -58, -175, 131, 43, 302, 746, -253, 468, -224, -107, 
204, 146, -58, -175, 131, 43, 302, 746, -253, 468, -224, -107, 
195, 141, -53, -168, 124, 43, 302, 746, -253, 478, -219, -112, 
204, 146, -58, -175, 131, 43, 302, 746, -253, 478, -219, -112, 
204, 146, -58, -175, 131, 43, 302, 751, -244, 478, -219, -107, 
204, 151, -53, -178, 129, 48, 302, 751, -244, 478, -219, -107, 
204, 146, -58, -175, 131, 43, 302, 751, -253, 478, -214, -102, 
204, 146, -58, -175, 131, 43, 302, 756, -253, 478, -209, -97, 
204, 146, -58, -175, 131, 43, 297, 756, -248, 478, -204, -97, 
209, 151, -58, -180, 134, 46, 297, 761, -244, 488, -204, -92, 
209, 161, -48, -185, 129, 56, 287, 751, -239, 497, -195, -82, 
214, 161, -53, -187, 134, 53, 287, 751, -239, 502, -190, -73, 
214, 161, -53, -187, 134, 53, 287, 761, -229, 512, -180, -68, 
214, 165, -48, -190, 131, 58, 287, 766, -229, 512, -180, -63, 
214, 175, -39, -195, 126, 68, 287, 766, -239, 507, -185, -68, 
214, 175, -39, -195, 126, 68, 283, 766, -229, 507, -180, -63, 
214, 180, -34, -197, 124, 73, 283, 766, -224, 507, -175, -58, 
219, 180, -39, -200, 129, 70, 283, 766, -219, 512, -175, -58, 
219, 180, -39, -200, 129, 70, 283, 761, -214, 527, -165, -53, 
224, 185, -39, -204, 131, 73, 283, 761, -214, 527, -161, -48, 
224, 185, -39, -204, 131, 73, 283, 771, -219, 527, -156, -48, 
234, 195, -39, -214, 136, 78, 278, 775, -219, 531, -151, -43, 
234, 195, -39, -214, 136, 78, 278, 785, -219, 531, -156, -39, 
234, 200, -34, -217, 134, 82, 273, 785, -214, 536, -151, -34, 
239, 204, -34, -222, 136, 85, 273, 785, -209, 541, -146, -29, 
239, 209, -29, -224, 134, 90, 273, 790, -204, 541, -141, -24, 
229, 214, -14, -222, 122, 100, 268, 785, -209, 551, -126, -14, 
239, 219, -19, -229, 129, 100, 268, 790, -204, 556, -117, -9, 
239, 224, -14, -231, 126, 104, 268, 795, -200, 561, -112, -4, 
244, 229, -14, -236, 129, 107, 263, 800, -195, 566, -107, 0, 
248, 234, -14, -241, 131, 109, 263, 805, -190, 580, -112, 19, 
248, 239, -9, -244, 129, 114, 253, 810, -180, 585, -102, 29, 
248, 239, -9, -244, 129, 114, 253, 814, -180, 590, -97, 34, 
248, 248, 0, -248, 124, 124, 253, 819, -170, 600, -82, 48, 
253, 258, 4, -256, 124, 131, 244, 814, -170, 605, -63, 58, 
263, 268, 4, -265, 129, 136, 244, 824, -165, 614, -53, 68, 
268, 273, 4, -270, 131, 139, 234, 829, -165, 629, -48, 78, 
273, 278, 4, -275, 134, 141, 229, 839, -156, 634, -39, 87, 
278, 287, 9, -283, 134, 148, 229, 839, -146, 634, -19, 102, 
283, 292, 9, -287, 136, 151, 224, 844, -146, 639, -9, 112, 
287, 302, 14, -295, 136, 158, 224, 854, -136, 649, 0, 122, 
292, 317, 24, -305, 134, 170, 219, 863, -126, 658, 19, 136, 
302, 322, 19, -312, 141, 170, 214, 858, -122, 678, 34, 165, 
307, 331, 24, -319, 141, 178, 209, 868, -112, 692, 43, 175, 
312, 341, 29, -326, 141, 185, 204, 883, -102, 702, 63, 190, 
317, 351, 34, -334, 141, 192, 200, 893, -92, 712, 78, 204, 
331, 351, 19, -341, 156, 185, 195, 893, -87, 732, 97, 244, 
336, 366, 29, -351, 153, 197, 190, 902, -78, 746, 122, 268, 
341, 375, 34, -358, 153, 204, 185, 912, -68, 766, 151, 292, 
356, 390, 34, -373, 161, 212, 180, 927, -58, 780, 170, 317, 
351, 409, 58, -380, 146, 234, 165, 927, -43, 780, 195, 326, 
361, 429, 68, -395, 146, 248, 156, 932, -43, 795, 214, 346, 
370, 448, 78, -409, 146, 263, 146, 951, -34, 810, 234, 370, 
380, 458, 78, -419, 151, 268, 136, 966, -24, 824, 258, 400, 
380, 463, 82, -422, 148, 273, 141, 966, -24, 854, 287, 439, 
390, 478, 87, -434, 151, 283, 131, 976, -9, 873, 312, 468, 
405, 497, 92, -451, 156, 295, 122, 985, 4, 893, 341, 502, 
419, 512, 92, -466, 163, 302, 112, 1010, 19, 907, 366, 527, 
439, 536, 97, -488, 170, 317, 97, 1015, 19, 912, 400, 551, 
448, 556, 107, -502, 170, 331, 87, 1019, 24, 932, 419, 575, 
458, 570, 112, -514, 173, 341, 78, 1024, 39, 946, 444, 600, 
473, 585, 112, -529, 180, 348, 68, 1034, 39, 961, 468, 629, 
473, 595, 122, -534, 175, 358, 73, 1034, 53, 985, 492, 663, 
483, 610, 126, -546, 178, 368, 63, 1039, 63, 1000, 517, 697, 
502, 629, 126, -566, 187, 378, 53, 1058, 73, 1015, 536, 727, 
517, 639, 122, -578, 197, 380, 43, 1063, 78, 1039, 561, 746, 
517, 644, 126, -580, 195, 385, 48, 1073, 87, 1054, 595, 780, 
527, 653, 126, -590, 200, 390, 39, 1083, 97, 1063, 619, 805, 
536, 663, 126, -600, 204, 395, 34, 1093, 102, 1073, 629, 829, 
541, 678, 136, -610, 202, 407, 24, 1098, 112, 1088, 649, 854, 
561, 697, 136, -629, 212, 417, 14, 1102, 107, 1093, 673, 863, 
566, 717, 151, -641, 207, 434, 0, 1107, 112, 1107, 692, 883, 
570, 722, 151, -646, 209, 436, 0, 1107, 112, 1112, 712, 907, 
580, 746, 165, -663, 207, 456, -4, 1107, 117, 1122, 727, 922, 
575, 741, 165, -658, 204, 453, -9, 1112, 122, 1132, 736, 941, 
580, 751, 170, -666, 204, 461, -19, 1112, 126, 1146, 751, 961, 
585, 756, 170, -671, 207, 463, -19, 1117, 126, 1156, 756, 966, 
590, 766, 175, -678, 207, 470, -24, 1122, 131, 1171, 771, 980, 
605, 775, 170, -690, 217, 473, -39, 1122, 126, 1171, 775, 980, 
605, 775, 170, -690, 217, 473, -39, 1127, 126, 1171, 785, 990, 
610, 780, 170, -695, 219, 475, -43, 1127, 131, 1176, 795, 995, 
614, 780, 165, -697, 224, 473, -43, 1127, 136, 1176, 795, 1000, 
610, 785, 175, -697, 217, 480, -39, 1127, 126, 1176, 800, 1010, 
610, 785, 175, -697, 217, 480, -39, 1127, 131, 1176, 800, 1010, 
610, 785, 175, -697, 217, 480, -39, 1127, 131, 1176, 800, 1010, 
610, 785, 175, -697, 217, 480, -39, 1122, 126, 1176, 800, 1010, 
605, 790, 185, -697, 209, 488, -43, 1117, 122, 1171, 780, 995, 
600, 785, 185, -692, 207, 485, -43, 1107, 122, 1166, 771, 990, 
600, 785, 185, -692, 207, 485, -43, 1098, 122, 1166, 761, 985, 
600, 785, 185, -692, 207, 485, -39, 1088, 117, 1161, 746, 971, 
580, 766, 185, -673, 197, 475, -24, 1083, 107, 1146, 722, 936, 
570, 756, 185, -663, 192, 470, -19, 1078, 107, 1137, 697, 902, 
561, 741, 180, -651, 190, 461, -9, 1078, 102, 1122, 678, 868, 
546, 727, 180, -636, 183, 453, -4, 1063, 92, 1107, 639, 834, 
536, 727, 190, -631, 173, 458, -4, 1058, 82, 1102, 605, 795, 
522, 717, 195, -619, 163, 456, 0, 1044, 73, 1093, 585, 766, 
512, 707, 195, -610, 158, 451, 14, 1034, 73, 1078, 566, 732, 
497, 683, 185, -590, 156, 434, 29, 1019, 63, 1058, 541, 692, 
483, 663, 180, -573, 151, 422, 39, 1019, 58, 1058, 522, 668, 
473, 653, 180, -563, 146, 417, 48, 1010, 48, 1044, 483, 634, 
468, 629, 161, -549, 153, 395, 58, 995, 39, 1029, 458, 600, 
453, 605, 151, -529, 151, 378, 68, 980, 29, 1005, 429, 561, 
439, 590, 151, -514, 143, 370, 92, 971, 29, 985, 400, 512, 
424, 575, 151, -500, 136, 363, 102, 961, 9, 971, 370, 483, 
409, 556, 146, -483, 131, 351, 112, 951, 0, 951, 336, 448, 
400, 541, 141, -470, 129, 341, 122, 946, -9, 936, 317, 419, 
395, 522, 126, -458, 134, 324, 131, 946, -24, 912, 287, 405, 
385, 502, 117, -444, 134, 309, 141, 936, -29, 902, 263, 375, 
370, 483, 112, -427, 129, 297, 146, 927, -34, 888, 244, 351, 
356, 468, 112, -412, 122, 290, 151, 917, -39, 883, 219, 317, 
346, 444, 97, -395, 124, 270, 170, 907, -48, 873, 195, 283, 
336, 424, 87, -380, 124, 256, 180, 893, -63, 849, 161, 253, 
322, 409, 87, -366, 117, 248, 190, 893, -73, 829, 141, 224, 
312, 400, 87, -356, 112, 244, 200, 883, -82, 814, 122, 204, 
302, 390, 87, -346, 107, 239, 200, 878, -92, 800, 92, 190, 
297, 375, 78, -336, 109, 226, 200, 863, -102, 780, 73, 165, 
287, 361, 73, -324, 107, 217, 214, 858, -112, 771, 63, 151, 
283, 351, 68, -317, 107, 209, 214, 854, -122, 756, 48, 136, 
278, 341, 63, -309, 107, 202, 219, 854, -136, 756, 29, 117, 
273, 326, 53, -300, 109, 190, 224, 844, -146, 741, 14, 102, 
263, 312, 48, -287, 107, 180, 224, 834, -161, 727, -4, 87, 
253, 307, 53, -280, 100, 180, 234, 829, -165, 712, -24, 73, 
253, 292, 39, -273, 107, 165, 234, 829, -175, 688, -43, 48, 
248, 287, 39, -268, 104, 163, 234, 819, -180, 673, -58, 34, 
244, 283, 39, -263, 102, 161, 239, 810, -190, 658, -68, 24, 
239, 273, 34, -256, 102, 153, 244, 805, -195, 649, -73, 14, 
248, 263, 14, -256, 117, 139, 244, 805, -200, 653, -73, 9, 
244, 258, 14, -251, 114, 136, 244, 800, -209, 649, -78, 4, 
244, 248, 4, -246, 119, 126, 248, 795, -219, 639, -87, 0, 
244, 239, -4, -241, 124, 117, 253, 790, -219, 629, -97, -4, 
239, 244, 4, -241, 117, 124, 253, 800, -214, 629, -92, -14, 
234, 244, 9, -239, 112, 126, 253, 800, -219, 619, -107, -24, 
229, 234, 4, -231, 112, 119, 253, 795, -224, 614, -117, -24, 
229, 229, 0, -229, 114, 114, 258, 790, -234, 614, -126, -34, 
229, 214, -14, -222, 122, 100, 268, 795, -234, 610, -126, -24, 
229, 214, -14, -222, 122, 100, 268, 790, -234, 605, -131, -24, 
224, 209, -14, -217, 119, 97, 268, 790, -234, 605, -131, -34, 
219, 204, -14, -212, 117, 95, 273, 790, -239, 600, -131, -39, 
229, 200, -29, -214, 129, 85, 273, 775, -244, 610, -136, -48, 
229, 200, -29, -214, 129, 85, 273, 775, -244, 605, -141, -48, 
229, 195, -34, -212, 131, 80, 278, 775, -244, 600, -146, -48, 
229, 190, -39, -209, 134, 75, 278, 775, -244, 595, -146, -53, 
219, 190, -29, -204, 124, 80, 278, 785, -248, 585, -151, -58, 
219, 190, -29, -204, 124, 80, 278, 785, -248, 585, -151, -63, 
219, 190, -29, -204, 124, 80, 278, 790, -248, 585, -151, -63, 
219, 180, -39, -200, 129, 70, 278, 790, -248, 585, -156, -63, 
219, 190, -29, -204, 124, 80, 278, 790, -239, 595, -146, -58, 
219, 190, -29, -204, 124, 80, 283, 790, -239, 595, -146, -58, 
219, 190, -29, -204, 124, 80, 283, 790, -239, 590, -146, -53, 
219, 190, -29, -204, 124, 80, 283, 790, -239, 590, -146, -48, 
229, 190, -39, -209, 134, 75, 273, 780, -248, 580, -146, -58, 
224, 190, -34, -207, 129, 78, 273, 780, -248, 580, -151, -63, 
224, 190, -34, -207, 129, 78, 273, 780, -248, 580, -151, -63, 
224, 195, -29, -209, 126, 82, 273, 780, -248, 580, -151, -63, 
229, 195, -34, -212, 131, 80, 283, 785, -239, 585, -156, -63, 
229, 195, -34, -212, 131, 80, 283, 785, -239, 590, -156, -63, 
229, 190, -39, -209, 134, 75, 283, 785, -239, 600, -156, -63, 
229, 190, -39, -209, 134, 75, 283, 785, -234, 605, -156, -63, 
229, 185, -43, -207, 136, 70, 283, 785, -244, 605, -156, -48, 
229, 190, -39, -209, 134, 75, 283, 785, -244, 605, -156, -48, 
229, 190, -39, -209, 134, 75, 283, 785, -244, 605, -156, -48, 
229, 190, -39, -209, 134, 75, 283, 780, -244, 605, -156, -48, 
229, 190, -39, -209, 134, 75, 283, 780, -244, 595, -151, -53, 
229, 190, -39, -209, 134, 75, 283, 780, -244, 595, -151, -53, 
229, 190, -39, -209, 134, 75, 278, 780, -244, 595, -151, -48, 
229, 190, -39, -209, 134, 75, 278, 780, -244, 595, -146, -48, 
229, 190, -39, -209, 134, 75, 283, 790, -244, 605, -156, -58, 
229, 190, -39, -209, 134, 75, 283, 785, -244, 605, -156, -58, 
234, 190, -43, -212, 139, 73, 283, 785, -244, 605, -156, -63, 
234, 190, -43, -212, 139, 73, 283, 785, -244, 605, -156, -63, 
234, 200, -34, -217, 134, 82, 283, 785, -244, 614, -156, -53, 
234, 200, -34, -217, 134, 82, 283, 785, -244, 614, -156, -53, 
229, 204, -24, -217, 126, 90, 283, 785, -244, 614, -156, -53, 
224, 204, -19, -214, 122, 92, 283, 785, -244, 614, -156, -53, 
234, 204, -29, -219, 131, 87, 283, 795, -244, 614, -165, -53, 
234, 204, -29, -219, 131, 87, 283, 795, -244, 614, -165, -53, 
234, 204, -29, -219, 131, 87, 283, 785, -244, 614, -165, -53, 
234, 200, -34, -217, 134, 82, 278, 785, -244, 614, -170, -53, 
234, 200, -34, -217, 134, 82, 278, 790, -244, 614, -161, -53, 
234, 200, -34, -217, 134, 82, 283, 790, -244, 614, -161, -53, 
239, 200, -39, -219, 139, 80, 283, 795, -244, 614, -161, -53, 
239, 200, -39, -219, 139, 80, 283, 795, -244, 614, -161, -53, 
234, 200, -34, -217, 134, 82, 283, 795, -248, 614, -156, -48, 
234, 200, -34, -217, 134, 82, 283, 795, -248, 614, -156, -48, 
239, 200, -39, -219, 139, 80, 283, 790, -248, 614, -161, -48, 
239, 200, -39, -219, 139, 80, 283, 790, -248, 614, -161, -48, 
239, 200, -39, -219, 139, 80, 273, 785, -239, 610, -170, -58, 
239, 200, -39, -219, 139, 80, 273, 785, -239, 610, -170, -58, 
239, 200, -39, -219, 139, 80, 273, 785, -239, 610, -170, -58, 
239, 200, -39, -219, 139, 80, 273, 785, -239, 610, -170, -63, 
229, 200, -29, -214, 129, 85, 273, 785, -239, 610, -175, -53, 
234, 200, -34, -217, 134, 82, 268, 780, -244, 610, -175, -53, 
234, 200, -34, -217, 134, 82, 268, 780, -244, 605, -175, -53, 
234, 200, -34, -217, 134, 82, 268, 780, -244, 605, -175, -63, 
234, 200, -34, -217, 134, 82, 278, 785, -253, 605, -175, -63, 
234, 200, -34, -217, 134, 82, 278, 785, -253, 600, -175, -58, 
234, 200, -34, -217, 134, 82, 278, 785, -253, 595, -175, -53, 
234, 200, -34, -217, 134, 82, 278, 780, -253, 590, -180, -53, 
234, 200, -34, -217, 134, 82, 278, 780, -253, 595, -185, -68, 
234, 200, -34, -217, 134, 82, 278, 780, -253, 595, -185, -68, 
234, 200, -34, -217, 134, 82, 278, 780, -258, 595, -185, -68, 
239, 200, -39, -219, 139, 80, 278, 780, -258, 595, -185, -68, 
229, 195, -34, -212, 131, 80, 278, 775, -258, 590, -185, -68, 
229, 195, -34, -212, 131, 80, 278, 775, -263, 585, -190, -68, 
229, 195, -34, -212, 131, 80, 278, 775, -263, 585, -190, -68, 
229, 195, -34, -212, 131, 80, 278, 775, -263, 585, -190, -73, 
229, 185, -43, -207, 136, 70, 278, 775, -263, 595, -185, -73, 
229, 185, -43, -207, 136, 70, 278, 771, -268, 595, -190, -73, 
229, 185, -43, -207, 136, 70, 278, 771, -268, 590, -190, -73, 
224, 185, -39, -204, 131, 73, 278, 771, -268, 590, -190, -78, 
234, 190, -43, -212, 139, 73, 278, 771, -278, 590, -195, -78, 
234, 190, -43, -212, 139, 73, 278, 771, -278, 585, -195, -78, 
234, 190, -43, -212, 139, 73, 278, 771, -273, 585, -195, -78, 
229, 190, -39, -209, 134, 75, 278, 771, -273, 585, -195, -78, 
229, 185, -43, -207, 136, 70, 278, 771, -273, 580, -195, -78, 
229, 185, -43, -207, 136, 70, 278, 771, -278, 580, -200, -82, 
229, 180, -48, -204, 139, 65, 278, 771, -278, 575, -204, -82, 
229, 180, -48, -204, 139, 65, 278, 771, -278, 570, -204, -82, 
229, 180, -48, -204, 139, 65, 278, 766, -278, 580, -204, -82, 
234, 180, -53, -207, 143, 63, 278, 766, -278, 580, -204, -87, 
234, 180, -53, -207, 143, 63, 278, 766, -278, 580, -204, -87, 
229, 180, -48, -204, 139, 65, 278, 761, -278, 575, -204, -87, 
229, 170, -58, -200, 143, 56, 278, 761, -278, 575, -200, -87, 
234, 165, -68, -200, 151, 48, 278, 761, -278, 575, -200, -87, 
234, 165, -68, -200, 151, 48, 278, 761, -278, 570, -200, -87, 
229, 165, -63, -197, 146, 51, 278, 756, -278, 570, -204, -87, 
229, 165, -63, -197, 146, 51, 278, 756, -283, 575, -204, -92, 
229, 165, -63, -197, 146, 51, 278, 756, -283, 575, -204, -92, 
229, 165, -63, -197, 146, 51, 278, 756, -283, 570, -204, -92, 
229, 165, -63, -197, 146, 51, 278, 756, -283, 570, -209, -97, 
229, 175, -53, -202, 141, 61, 278, 756, -292, 570, -209, -97, 
229, 175, -53, -202, 141, 61, 278, 756, -292, 566, -209, -97, 
229, 175, -53, -202, 141, 61, 278, 756, -287, 566, -209, -97, 
229, 175, -53, -202, 141, 61, 278, 756, -287, 570, -209, -102, 
224, 165, -58, -195, 141, 53, 278, 756, -278, 580, -209, -92, 
224, 165, -58, -195, 141, 53, 278, 756, -283, 575, -209, -92, 
229, 161, -68, -195, 148, 46, 278, 761, -283, 570, -209, -92, 
229, 161, -68, -195, 148, 46, 278, 761, -287, 570, -209, -92, 
229, 161, -68, -195, 148, 46, 287, 766, -287, 570, -214, -92, 
229, 161, -68, -195, 148, 46, 287, 766, -287, 575, -214, -92, 
229, 156, -73, -192, 151, 41, 287, 766, -287, 575, -214, -92, 
229, 156, -73, -192, 151, 41, 287, 761, -287, 570, -214, -92, 
229, 161, -68, -195, 148, 46, 283, 751, -287, 570, -214, -92, 
229, 161, -68, -195, 148, 46, 283, 751, -287, 570, -214, -92, 
229, 161, -68, -195, 148, 46, 283, 751, -292, 570, -214, -92, 
224, 161, -63, -192, 143, 48, 292, 756, -292, 570, -209, -92, 
224, 170, -53, -197, 139, 58, 283, 756, -302, 570, -209, -102, 
224, 165, -58, -195, 141, 53, 278, 746, -302, 566, -219, -102, 
224, 165, -58, -195, 141, 53, 278, 746, -302, 566, -219, -102, 
224, 165, -58, -195, 141, 53, 278, 751, -302, 570, -214, -102, 
224, 165, -58, -195, 141, 53, 287, 761, -292, 570, -214, -92, 
224, 165, -58, -195, 141, 53, 287, 761, -292, 570, -219, -97, 
224, 165, -58, -195, 141, 53, 287, 761, -297, 570, -224, -102, 
224, 165, -58, -195, 141, 53, 287, 756, -297, 570, -224, -102, 
224, 156, -68, -190, 146, 43, 278, 746, -297, 556, -224, -107, 
224, 156, -68, -190, 146, 43, 278, 751, -297, 556, -224, -107, 
224, 156, -68, -190, 146, 43, 278, 751, -297, 556, -224, -112, 
224, 156, -68, -190, 146, 43, 278, 751, -297, 556, -224, -117, 
224, 165, -58, -195, 141, 53, 278, 756, -307, 551, -234, -107, 
224, 165, -58, -195, 141, 53, 278, 756, -307, 551, -234, -107, 
224, 165, -58, -195, 141, 53, 278, 756, -307, 556, -234, -107, 
224, 161, -63, -192, 143, 48, 278, 756, -307, 556, -234, -107, 
224, 151, -73, -187, 148, 39, 278, 756, -297, 566, -224, -97, 
224, 151, -73, -187, 148, 39, 278, 756, -297, 566, -224, -97, 
224, 156, -68, -190, 146, 43, 278, 756, -297, 566, -224, -97, 
224, 156, -68, -190, 146, 43, 278, 756, -297, 566, -224, -97, 
224, 146, -78, -185, 151, 34, 292, 756, -297, 566, -214, -97, 
224, 141, -82, -183, 153, 29, 292, 756, -297, 566, -209, -97, 
224, 141, -82, -183, 153, 29, 287, 756, -297, 566, -209, -97, 
224, 141, -82, -183, 153, 29, 287, 756, -297, 566, -214, -97, 
224, 146, -78, -185, 151, 34, 297, 756, -297, 556, -224, -97, 
224, 146, -78, -185, 151, 34, 297, 756, -297, 556, -224, -97, 
224, 146, -78, -185, 151, 34, 297, 756, -297, 556, -224, -97, 
224, 146, -78, -185, 151, 34, 297, 756, -297, 556, -229, -97, 
224, 146, -78, -185, 151, 34, 287, 746, -297, 556, -229, -107, 
224, 146, -78, -185, 151, 34, 287, 746, -297, 556, -229, -107, 
224, 146, -78, -185, 151, 34, 287, 746, -297, 556, -229, -107, 
224, 151, -73, -187, 148, 39, 287, 746, -297, 556, -229, -112, 
224, 141, -82, -183, 153, 29, 278, 746, -297, 566, -229, -112, 
224, 141, -82, -183, 153, 29, 278, 746, -297, 561, -229, -107, 
224, 141, -82, -183, 153, 29, 278, 746, -297, 561, -229, -107, 
224, 136, -87, -180, 156, 24, 278, 746, -292, 561, -224, -107, 
229, 146, -82, -187, 156, 31, 278, 751, -292, 556, -224, -107, 
229, 146, -82, -187, 156, 31, 278, 751, -297, 556, -224, -107, 
229, 146, -82, -187, 156, 31, 278, 751, -297, 556, -224, -107, 
229, 146, -82, -187, 156, 31, 278, 751, -297, 556, -229, -107, 
219, 136, -82, -178, 151, 26, 287, 751, -297, 556, -239, -107, 
219, 141, -78, -180, 148, 31, 287, 751, -297, 556, -234, -107, 
219, 141, -78, -180, 148, 31, 287, 756, -297, 556, -234, -102, 
219, 136, -82, -178, 151, 26, 287, 756, -297, 556, -229, -102, 
229, 151, -78, -190, 153, 36, 287, 741, -302, 556, -239, -107, 
224, 146, -78, -185, 151, 34, 292, 751, -302, 556, -234, -107, 
224, 136, -87, -180, 156, 24, 283, 751, -302, 556, -234, -107, 
224, 136, -87, -180, 156, 24, 283, 751, -302, 556, -234, -107, 
224, 136, -87, -180, 156, 24, 283, 751, -302, 556, -234, -107, 
224, 136, -87, -180, 156, 24, 283, 751, -302, 556, -234, -107, 
224, 136, -87, -180, 156, 24, 283, 741, -302, 546, -234, -107, 
224, 136, -87, -180, 156, 24, 283, 741, -302, 546, -234, -107, 
224, 136, -87, -180, 156, 24, 283, 741, -302, 546, -234, -107, 
224, 136, -87, -180, 156, 24, 283, 741, -302, 546, -234, -107, 
224, 136, -87, -180, 156, 24, 283, 741, -302, 546, -234, -117, 
224, 136, -87, -180, 156, 24, 283, 741, -302, 546, -234, -117, 
224, 136, -87, -180, 156, 24, 283, 741, -302, 546, -234, -117, 
224, 136, -87, -180, 156, 24, 283, 741, -302, 546, -234, -117, 
224, 136, -87, -180, 156, 24, 292, 741, -302, 556, -224, -107, 
224, 136, -87, -180, 156, 24, 292, 741, -302, 556, -224, -107, 
224, 136, -87, -180, 156, 24, 292, 741, -302, 556, -224, -107, 
224, 136, -87, -180, 156, 24, 292, 741, -302, 556, -224, -107, 
224, 126, -97, -175, 161, 14, 292, 751, -302, 556, -234, -107, 
224, 126, -97, -175, 161, 14, 292, 751, -302, 556, -234, -107, 
224, 126, -97, -175, 161, 14, 292, 751, -302, 556, -234, -107, 
224, 126, -97, -175, 161, 14, 292, 751, -302, 556, -234, -107, 
224, 126, -97, -175, 161, 14, 292, 751, -302, 566, -234, -107, 
224, 126, -97, -175, 161, 14, 292, 751, -302, 566, -234, -107, 
224, 126, -97, -175, 161, 14, 292, 751, -302, 566, -234, -107, 
224, 126, -97, -175, 161, 14, 292, 751, -302, 566, -234, -107, 
224, 117, -107, -170, 165, 4, 292, 751, -302, 556, -234, -107, 
224, 117, -107, -170, 165, 4, 292, 751, -302, 556, -234, -107, 
224, 117, -107, -170, 165, 4, 292, 751, -302, 556, -234, -107, 
224, 117, -107, -170, 165, 4, 292, 751, -302, 556, -234, -107, 
224, 126, -97, -175, 161, 14, 283, 741, -302, 556, -224, -107, 
224, 126, -97, -175, 161, 14, 283, 741, -302, 556, -224, -107, 
224, 126, -97, -175, 161, 14, 283, 741, -302, 556, -224, -107, 
224, 126, -97, -175, 161, 14, 283, 741, -302, 556, -224, -107, 
224, 117, -107, -170, 165, 4, 283, 741, -302, 556, -224, -107, 
224, 117, -107, -170, 165, 4, 283, 741, -302, 556, -224, -107, 
224, 117, -107, -170, 165, 4, 283, 741, -302, 556, -224, -107, 
224, 117, -107, -170, 165, 4, 283, 741, -302, 556, -224, -107, 
224, 117, -107, -170, 165, 4, 283, 741, -302, 556, -224, -97, 
224, 117, -107, -170, 165, 4, 283, 741, -302, 556, -224, -97, 
224, 117, -107, -170, 165, 4, 283, 741, -302, 556, -224, -97, 
224, 117, -107, -170, 165, 4, 283, 741, -302, 556, -224, -97, 
224, 126, -97, -175, 161, 14, 292, 741, -292, 566, -214, -97, 
224, 126, -97, -175, 161, 14, 292, 741, -292, 566, -214, -97, 
224, 126, -97, -175, 161, 14, 292, 741, -292, 566, -214, -97, 
224, 126, -97, -175, 161, 14, 292, 741, -292, 566, -214, -97, 
234, 136, -97, -185, 165, 19, 287, 751, -283, 575, -214, -87, 
234, 146, -87, -190, 161, 29, 283, 751, -283, 575, -214, -87, 
234, 156, -78, -195, 156, 39, 278, 751, -283, 575, -214, -87, 
234, 165, -68, -200, 151, 48, 273, 751, -283, 575, -214, -87, 
244, 170, -73, -207, 158, 48, 283, 756, -278, 590, -200, -82, 
244, 175, -68, -209, 156, 53, 283, 761, -273, 595, -195, -78, 
244, 180, -63, -212, 153, 58, 283, 766, -268, 600, -190, -73, 
244, 185, -58, -214, 151, 63, 283, 771, -263, 605, -185, -68, 
248, 190, -58, -219, 153, 65, 283, 771, -258, 610, -180, -58, 
253, 195, -58, -224, 156, 68, 283, 771, -253, 614, -175, -58, 
258, 200, -58, -229, 158, 70, 283, 771, -248, 619, -170, -58, 
263, 204, -58, -234, 161, 73, 283, 771, -244, 624, -165, -58, 
263, 214, -48, -239, 156, 82, 287, 775, -229, 634, -165, -53, 
263, 214, -48, -239, 156, 82, 292, 780, -224, 634, -165, -48, 
263, 214, -48, -239, 156, 82, 297, 785, -219, 634, -165, -43, 
263, 214, -48, -239, 156, 82, 307, 790, -209, 639, -165, -39, 
263, 209, -53, -236, 158, 78, 297, 800, -209, 649, -161, -29, 
268, 209, -58, -239, 163, 75, 292, 800, -209, 649, -156, -29, 
268, 209, -58, -239, 163, 75, 287, 800, -209, 649, -151, -29, 
268, 209, -58, -239, 163, 75, 283, 800, -209, 649, -146, -29, 
273, 204, -68, -239, 170, 68, 278, 795, -219, 644, -146, -29, 
278, 204, -73, -241, 175, 65, 268, 790, -229, 644, -151, -24, 
283, 209, -73, -246, 178, 68, 239, 785, -239, 639, -151, -24, 
287, 214, -73, -251, 180, 70, 224, 780, -239, 639, -151, -24, 
283, 214, -68, -248, 175, 73, 219, 766, -248, 629, -161, -34, 
287, 214, -73, -251, 180, 70, 214, 766, -258, 624, -161, -29, 
292, 214, -78, -253, 185, 68, 214, 761, -268, 624, -161, -24, 
297, 224, -73, -261, 185, 75, 214, 761, -278, 624, -156, -24, 
297, 229, -68, -263, 183, 80, 214, 761, -278, 624, -165, -24, 
297, 229, -68, -263, 183, 80, 214, 761, -278, 619, -165, -24, 
297, 224, -73, -261, 185, 75, 214, 761, -283, 610, -165, -24, 
297, 214, -82, -256, 190, 65, 224, 766, -283, 610, -165, -24, 
292, 204, -87, -248, 190, 58, 234, 766, -278, 610, -170, -29, 
292, 195, -97, -244, 195, 48, 234, 766, -278, 600, -185, -34, 
292, 190, -102, -241, 197, 43, 234, 761, -292, 590, -190, -39, 
292, 190, -102, -241, 197, 43, 234, 761, -292, 585, -190, -39, 
302, 175, -126, -239, 214, 24, 224, 761, -312, 580, -185, -29, 
302, 170, -131, -236, 217, 19, 224, 756, -322, 575, -190, -34, 
302, 170, -131, -236, 217, 19, 224, 751, -322, 575, -195, -34, 
302, 170, -131, -236, 217, 19, 224, 751, -317, 575, -195, -34, 
302, 161, -141, -231, 222, 9, 224, 741, -326, 575, -200, -43, 
302, 161, -141, -231, 222, 9, 224, 741, -326, 570, -200, -43, 
302, 161, -141, -231, 222, 9, 224, 741, -326, 570, -200, -43, 
302, 161, -141, -231, 222, 9, 229, 746, -322, 575, -195, -43, 
283, 170, -112, -226, 197, 29, 239, 751, -317, 580, -195, -34, 
273, 165, -107, -219, 190, 29, 244, 751, -312, 580, -195, -34, 
268, 156, -112, -212, 190, 21, 253, 751, -307, 580, -200, -39, 
263, 151, -112, -207, 187, 19, 258, 751, -302, 575, -200, -43, 
258, 136, -122, -197, 190, 7, 263, 756, -312, 575, -195, -53, 
244, 122, -122, -183, 183, 0, 268, 751, -312, 570, -204, -58, 
239, 117, -122, -178, 180, -2, 273, 751, -312, 566, -204, -63, 
234, 102, -131, -168, 183, -14, 273, 741, -322, 556, -219, -73, 
219, 87, -131, -153, 175, -21, 273, 732, -331, 531, -229, -87, 
219, 82, -136, -151, 178, -26, 273, 732, -331, 531, -239, -92, 
219, 73, -146, -146, 183, -36, 278, 727, -331, 531, -248, -92, 
214, 73, -141, -143, 178, -34, 278, 727, -341, 527, -253, -97, 
209, 63, -146, -136, 178, -41, 268, 722, -341, 527, -253, -107, 
209, 63, -146, -136, 178, -41, 268, 722, -341, 527, -258, -112, 
209, 63, -146, -136, 178, -41, 268, 722, -341, 527, -258, -117, 
209, 63, -146, -136, 178, -41, 273, 722, -341, 527, -258, -122, 
209, 63, -146, -136, 178, -41, 273, 722, -341, 527, -258, -112, 
209, 63, -146, -136, 178, -41, 278, 727, -336, 527, -263, -112, 
209, 58, -151, -134, 180, -46, 278, 727, -336, 527, -263, -107, 
204, 58, -146, -131, 175, -43, 278, 727, -331, 527, -263, -107, 
204, 58, -146, -131, 175, -43, 287, 727, -331, 527, -263, -117, 
204, 63, -141, -134, 173, -39, 292, 727, -331, 527, -258, -117, 
200, 63, -136, -131, 168, -36, 292, 727, -331, 527, -253, -112, 
200, 63, -136, -131, 168, -36, 297, 727, -326, 531, -253, -112, 
200, 53, -146, -126, 173, -46, 297, 732, -317, 531, -253, -112, 
200, 58, -141, -129, 170, -41, 297, 732, -317, 531, -253, -112, 
195, 58, -136, -126, 165, -39, 302, 732, -317, 536, -253, -112, 
195, 58, -136, -126, 165, -39, 302, 732, -317, 536, -253, -117, 
204, 58, -146, -131, 175, -43, 292, 722, -326, 536, -253, -117, 
204, 58, -146, -131, 175, -43, 292, 722, -322, 536, -253, -117, 
200, 58, -141, -129, 170, -41, 297, 722, -322, 536, -253, -117, 
200, 58, -141, -129, 170, -41, 297, 722, -322, 536, -253, -117, 
200, 63, -136, -131, 168, -36, 297, 722, -317, 527, -253, -117, 
195, 63, -131, -129, 163, -34, 297, 722, -317, 527, -253, -117, 
195, 63, -131, -129, 163, -34, 297, 722, -317, 527, -253, -112, 
195, 63, -131, -129, 163, -34, 297, 722, -317, 527, -253, -112, 
195, 53, -141, -124, 168, -43, 297, 722, -317, 536, -253, -112, 
190, 53, -136, -122, 163, -41, 297, 722, -317, 536, -253, -112, 
190, 58, -131, -124, 161, -36, 302, 722, -317, 536, -253, -112, 
190, 58, -131, -124, 161, -36, 302, 722, -317, 536, -253, -112, 
195, 58, -136, -126, 165, -39, 297, 722, -317, 536, -253, -112, 
195, 58, -136, -126, 165, -39, 297, 722, -317, 536, -253, -112, 
195, 58, -136, -126, 165, -39, 297, 727, -312, 536, -253, -112, 
195, 58, -136, -126, 165, -39, 297, 727, -312, 536, -253, -112, 
185, 58, -126, -122, 156, -34, 297, 727, -307, 536, -244, -112, 
185, 58, -126, -122, 156, -34, 297, 727, -307, 536, -244, -112, 
185, 58, -126, -122, 156, -34, 297, 727, -307, 536, -244, -112, 
185, 58, -126, -122, 156, -34, 297, 727, -307, 536, -244, -112, 
190, 63, -126, -126, 158, -31, 297, 727, -297, 536, -244, -112, 
190, 53, -136, -122, 163, -41, 302, 732, -292, 536, -244, -107, 
185, 53, -131, -119, 158, -39, 302, 732, -292, 536, -244, -117, 
185, 53, -131, -119, 158, -39, 312, 736, -287, 541, -248, -122, 
175, 48, -126, -112, 151, -39, 322, 741, -268, 546, -263, -141, 
156, 39, -117, -97, 136, -39, 346, 741, -253, 546, -273, -165, 
136, 34, -102, -85, 119, -34, 375, 756, -239, 551, -297, -204, 
112, 34, -78, -73, 95, -21, 400, 766, -214, 556, -317, -258, 
92, 29, -63, -61, 78, -17, 434, 775, -185, 561, -346, -312, 
63, 34, -29, -48, 46, 2, 463, 785, -146, 570, -370, -331, 
53, 53, 0, -53, 26, 26, 473, 800, -112, 595, -351, -322, 
73, 92, 19, -82, 26, 56, 463, 814, -87, 629, -307, -258, 
107, 146, 39, -126, 34, 92, 444, 854, -53, 668, -244, -180, 
146, 195, 48, -170, 48, 122, 439, 936, 19, 722, -170, -82, 
209, 234, 24, -222, 92, 129, 434, 1029, 78, 766, -87, 24, 
273, 297, 24, -285, 124, 161, 400, 1112, 141, 810, 0, 151, 
346, 361, 14, -353, 165, 187, 385, 1200, 234, 907, 126, 302, 
439, 409, -29, -424, 234, 190, 356, 1288, 302, 1000, 278, 468, 
531, 419, -112, -475, 322, 153, 322, 1351, 302, 1063, 409, 634, 
629, 414, -214, -522, 422, 100, 273, 1351, 224, 1117, 556, 834, 
692, 453, -239, -573, 466, 107, 204, 1278, 107, 1200, 727, 1049, 
697, 556, -141, -627, 419, 207, 122, 1141, -39, 1322, 946, 1312, 
727, 668, -58, -697, 392, 305, 29, 1015, -190, 1434, 1190, 1590, 
785, 756, -29, -771, 407, 363, -82, 897, -370, 1478, 1405, 1849, 
814, 824, 9, -819, 402, 417, -170, 761, -556, 1488, 1556, 2039, 
824, 863, 39, -844, 392, 451, -219, 663, -683, 1507, 1664, 2171, 
829, 873, 43, -851, 392, 458, -239, 619, -727, 1537, 1771, 2264, 
814, 849, 34, -832, 390, 441, -229, 600, -780, 1537, 1810, 2283, 
785, 800, 14, -793, 385, 407, -219, 561, -829, 1488, 1781, 2215, 
741, 736, -4, -739, 373, 366, -224, 512, -878, 1415, 1683, 2093, 
707, 658, -48, -683, 378, 305, -200, 458, -907, 1317, 1522, 1864, 
629, 570, -58, -600, 344, 256, -156, 414, -941, 1190, 1307, 1561, 
536, 517, -19, -527, 278, 248, -112, 351, -985, 1078, 1117, 1283, 
414, 468, 53, -441, 180, 261, -68, 287, -1029, 985, 946, 1034, 
287, 400, 112, -344, 87, 256, 0, 234, -1054, 873, 717, 741, 
175, 331, 156, -253, 9, 244, 58, 180, -1083, 736, 439, 409, 
87, 273, 185, -180, -48, 229, 97, 136, -1107, 580, 180, 141, 
29, 219, 190, -124, -80, 204, 131, 126, -1098, 444, -39, -14, 
14, 151, 136, -82, -61, 143, 156, 151, -1054, 322, -244, -131, 
4, 112, 107, -58, -51, 109, 180, 180, -1005, 229, -395, -209, 
19, 102, 82, -61, -31, 92, 204, 234, -927, 219, -434, -229, 
24, 82, 58, -53, -17, 70, 248, 307, -819, 268, -395, -200, 
29, 48, 19, -39, 4, 34, 297, 400, -712, 312, -361, -180, 
34, 19, -14, -26, 24, 2, 317, 468, -629, 341, -351, -175, 
48, 19, -29, -34, 39, -4, 331, 536, -561, 390, -322, -151, 
58, 19, -39, -39, 48, -9, 322, 595, -507, 424, -292, -141, 
97, 29, -68, -63, 82, -19, 307, 624, -468, 453, -278, -136, 
122, 43, -78, -82, 100, -17, 283, 629, -444, 483, -258, -117, 
141, 58, -82, -100, 112, -12, 278, 639, -424, 512, -224, -107, 
146, 63, -82, -104, 114, -9, 278, 634, -400, 531, -214, -102, 
146, 63, -82, -104, 114, -9, 278, 639, -370, 536, -214, -102, 
151, 78, -73, -114, 112, 2, 287, 649, -346, 541, -219, -102, 
141, 73, -68, -107, 104, 2, 292, 673, -317, 541, -219, -102, 
146, 58, -87, -102, 117, -14, 302, 688, -297, 536, -234, -107, 
146, 48, -97, -97, 122, -24, 302, 702, -292, 536, -248, -112, 
146, 39, -107, -92, 126, -34, 302, 712, -287, 541, -248, -122, 
151, 39, -112, -95, 131, -36, 307, 717, -287, 546, -248, -122, 
151, 39, -112, -95, 131, -36, 312, 717, -287, 551, -248, -126, 
146, 39, -107, -92, 126, -34, 312, 717, -283, 551, -248, -131, 
156, 43, -112, -100, 134, -34, 322, 717, -273, 556, -248, -131, 
156, 39, -117, -97, 136, -39, 322, 722, -268, 556, -248, -126, 
156, 39, -117, -97, 136, -39, 322, 722, -263, 556, -248, -126, 
156, 39, -117, -97, 136, -39, 317, 727, -258, 556, -248, -126, 
151, 29, -122, -90, 136, -46, 317, 732, -258, 546, -248, -126, 
156, 29, -126, -92, 141, -48, 322, 741, -253, 546, -248, -122, 
156, 29, -126, -92, 141, -48, 322, 746, -253, 546, -248, -122, 
151, 29, -122, -90, 136, -46, 322, 751, -248, 551, -248, -122, 
161, 29, -131, -95, 146, -51, 322, 751, -244, 551, -248, -112, 
161, 29, -131, -95, 146, -51, 322, 746, -239, 551, -248, -112, 
165, 29, -136, -97, 151, -53, 322, 746, -239, 551, -248, -112, 
165, 34, -131, -100, 148, -48, 322, 751, -239, 551, -248, -112, 
165, 34, -131, -100, 148, -48, 322, 756, -234, 561, -248, -122, 
165, 29, -136, -97, 151, -53, 322, 756, -234, 561, -248, -122, 
170, 29, -141, -100, 156, -56, 322, 761, -234, 556, -248, -122, 
170, 34, -136, -102, 153, -51, 326, 761, -234, 556, -248, -122, 
161, 24, -136, -92, 148, -56, 317, 761, -229, 566, -248, -122, 
161, 24, -136, -92, 148, -56, 317, 761, -224, 566, -248, -117, 
161, 24, -136, -92, 148, -56, 317, 761, -224, 566, -244, -117, 
165, 24, -141, -95, 153, -58, 317, 766, -219, 566, -239, -117, 
165, 34, -131, -100, 148, -48, 317, 766, -219, 566, -239, -107, 
161, 34, -126, -97, 143, -46, 317, 766, -219, 570, -234, -107, 
161, 34, -126, -97, 143, -46, 317, 766, -214, 575, -234, -107, 
165, 34, -131, -100, 148, -48, 317, 766, -214, 575, -234, -97, 
165, 34, -131, -100, 148, -48, 317, 761, -204, 585, -234, -107, 
161, 34, -126, -97, 143, -46, 317, 761, -204, 585, -229, -102, 
161, 34, -126, -97, 143, -46, 317, 766, -204, 585, -229, -102, 
165, 34, -131, -100, 148, -48, 312, 771, -204, 585, -229, -102, 
165, 34, -131, -100, 148, -48, 312, 771, -209, 580, -229, -107, 
170, 34, -136, -102, 153, -51, 312, 771, -204, 580, -229, -107, 
170, 34, -136, -102, 153, -51, 312, 775, -200, 580, -224, -102, 
170, 34, -136, -102, 153, -51, 312, 775, -200, 585, -224, -102, 
175, 39, -136, -107, 156, -48, 312, 775, -200, 585, -229, -102, 
175, 39, -136, -107, 156, -48, 312, 775, -200, 585, -224, -92, 
175, 39, -136, -107, 156, -48, 312, 775, -195, 585, -224, -87, 
175, 39, -136, -107, 156, -48, 312, 775, -195, 585, -224, -87, 
165, 34, -131, -100, 148, -48, 312, 775, -185, 595, -209, -82, 
175, 39, -136, -107, 156, -48, 312, 775, -185, 595, -209, -82, 
175, 39, -136, -107, 156, -48, 312, 780, -175, 595, -209, -78, 
175, 43, -131, -109, 153, -43, 312, 780, -175, 595, -209, -78, 
175, 39, -136, -107, 156, -48, 312, 790, -175, 595, -204, -82, 
175, 39, -136, -107, 156, -48, 312, 795, -175, 595, -200, -78, 
175, 39, -136, -107, 156, -48, 307, 795, -170, 595, -195, -78, 
180, 43, -136, -112, 158, -46, 307, 800, -165, 605, -195, -73, 
180, 43, -136, -112, 158, -46, 307, 790, -170, 595, -204, -73, 
185, 43, -141, -114, 163, -48, 307, 790, -170, 600, -200, -63, 
185, 43, -141, -114, 163, -48, 307, 800, -161, 610, -190, -58, 
185, 48, -136, -117, 161, -43, 307, 805, -161, 610, -190, -53, 
185, 48, -136, -117, 161, -43, 307, 805, -161, 624, -175, -48, 
185, 48, -136, -117, 161, -43, 302, 805, -151, 624, -170, -43, 
185, 53, -131, -119, 158, -39, 302, 805, -146, 624, -165, -39, 
190, 53, -136, -122, 163, -41, 302, 805, -141, 629, -165, -39, 
190, 53, -136, -122, 163, -41, 302, 810, -136, 634, -156, -34, 
195, 58, -136, -126, 165, -39, 302, 810, -136, 634, -151, -29, 
195, 58, -136, -126, 165, -39, 302, 819, -141, 634, -146, -29, 
204, 68, -136, -136, 170, -34, 297, 824, -141, 639, -141, -24, 
195, 68, -126, -131, 161, -29, 297, 824, -131, 639, -146, -14, 
195, 73, -122, -134, 158, -24, 292, 824, -126, 644, -141, -4, 
200, 78, -122, -139, 161, -21, 292, 824, -122, 649, -136, 4, 
200, 82, -117, -141, 158, -17, 292, 829, -117, 649, -131, 14, 
200, 87, -112, -143, 156, -12, 287, 824, -102, 658, -126, 14, 
209, 92, -117, -151, 163, -12, 287, 829, -97, 663, -117, 19, 
209, 97, -112, -153, 161, -7, 287, 834, -92, 668, -112, 24, 
214, 102, -112, -158, 163, -4, 283, 839, -87, 673, -107, 29, 
219, 97, -122, -158, 170, -12, 283, 854, -92, 668, -102, 39, 
219, 102, -117, -161, 168, -7, 273, 858, -82, 673, -92, 48, 
219, 102, -117, -161, 168, -7, 273, 863, -82, 678, -87, 53, 
219, 112, -107, -165, 163, 2, 273, 868, -73, 688, -73, 68, 
224, 122, -102, -173, 163, 9, 273, 863, -63, 692, -63, 78, 
234, 131, -102, -183, 168, 14, 273, 873, -58, 702, -53, 87, 
239, 136, -102, -187, 170, 17, 263, 878, -58, 717, -48, 97, 
244, 141, -102, -192, 173, 19, 258, 888, -48, 722, -39, 107, 
239, 151, -87, -195, 163, 31, 258, 888, -39, 732, -19, 112, 
244, 156, -87, -200, 165, 34, 253, 893, -39, 736, -9, 122, 
248, 165, -82, -207, 165, 41, 253, 902, -29, 746, 0, 131, 
253, 180, -73, -217, 163, 53, 248, 912, -19, 756, 19, 146, 
263, 185, -78, -224, 170, 53, 244, 917, -4, 756, 24, 175, 
268, 195, -73, -231, 170, 61, 239, 927, 4, 771, 34, 185, 
273, 204, -68, -239, 170, 68, 234, 941, 14, 780, 53, 200, 
278, 214, -63, -246, 170, 75, 229, 951, 24, 790, 68, 214, 
292, 214, -78, -253, 185, 68, 224, 951, 39, 800, 73, 234, 
297, 229, -68, -263, 183, 80, 219, 961, 48, 814, 92, 248, 
302, 239, -63, -270, 183, 87, 214, 971, 58, 834, 117, 263, 
317, 253, -63, -285, 190, 95, 209, 985, 68, 849, 131, 278, 
322, 263, -58, -292, 190, 102, 204, 1005, 78, 858, 156, 307, 
331, 283, -48, -307, 190, 117, 195, 1010, 82, 873, 175, 326, 
341, 302, -39, -322, 190, 131, 185, 1029, 97, 888, 195, 351, 
351, 312, -39, -331, 195, 136, 175, 1044, 112, 902, 219, 380, 
351, 326, -24, -339, 187, 151, 180, 1044, 131, 922, 239, 409, 
361, 341, -19, -351, 190, 161, 170, 1054, 146, 941, 263, 439, 
375, 361, -14, -368, 195, 173, 161, 1063, 161, 961, 292, 473, 
390, 375, -14, -383, 202, 180, 151, 1088, 175, 976, 317, 497, 
400, 390, -9, -395, 204, 190, 136, 1098, 180, 990, 341, 512, 
409, 409, 0, -409, 204, 204, 126, 1107, 190, 1010, 361, 536, 
419, 424, 4, -422, 207, 214, 117, 1117, 209, 1024, 385, 561, 
434, 439, 4, -436, 214, 222, 107, 1132, 214, 1039, 409, 590, 
444, 448, 4, -446, 219, 226, 112, 1151, 239, 1054, 434, 624, 
453, 463, 9, -458, 222, 236, 102, 1156, 248, 1068, 458, 658, 
473, 483, 9, -478, 231, 246, 92, 1176, 258, 1083, 478, 688, 
488, 492, 4, -490, 241, 248, 82, 1180, 263, 1107, 502, 707, 
497, 517, 19, -507, 239, 268, 78, 1180, 283, 1132, 527, 727, 
507, 527, 19, -517, 244, 273, 68, 1190, 292, 1141, 551, 746, 
517, 536, 19, -527, 248, 278, 63, 1200, 297, 1151, 561, 766, 
522, 551, 29, -536, 246, 290, 53, 1205, 307, 1166, 580, 785, 
531, 556, 24, -544, 253, 290, 53, 1224, 312, 1171, 595, 805, 
536, 570, 34, -553, 251, 302, 39, 1234, 317, 1185, 614, 824, 
541, 570, 29, -556, 256, 300, 39, 1239, 317, 1190, 634, 849, 
551, 590, 39, -570, 256, 314, 34, 1244, 322, 1200, 649, 863, 
566, 605, 39, -585, 263, 322, 29, 1249, 336, 1205, 658, 883, 
570, 614, 43, -592, 263, 329, 19, 1249, 341, 1215, 673, 902, 
575, 619, 43, -597, 265, 331, 19, 1254, 341, 1220, 678, 907, 
580, 629, 48, -605, 265, 339, 14, 1259, 346, 1229, 692, 922, 
595, 639, 43, -617, 275, 341, 0, 1268, 351, 1239, 707, 932, 
595, 639, 43, -617, 275, 341, 0, 1273, 351, 1239, 717, 941, 
600, 644, 43, -622, 278, 344, -4, 1273, 356, 1244, 727, 946, 
605, 644, 39, -624, 283, 341, -4, 1273, 361, 1244, 727, 951, 
610, 658, 48, -634, 280, 353, -9, 1273, 351, 1254, 732, 956, 
610, 658, 48, -634, 280, 353, -9, 1273, 356, 1254, 732, 961, 
610, 658, 48, -634, 280, 353, -9, 1273, 356, 1254, 732, 966, 
610, 658, 48, -634, 280, 353, -9, 1268, 351, 1254, 732, 971, 
614, 644, 29, -629, 292, 336, -14, 1273, 356, 1249, 727, 966, 
610, 639, 29, -624, 290, 334, -14, 1263, 356, 1244, 722, 961, 
610, 639, 29, -624, 290, 334, -14, 1254, 356, 1244, 717, 956, 
610, 639, 29, -624, 290, 334, -9, 1244, 351, 1239, 707, 941, 
600, 629, 29, -614, 285, 329, -4, 1244, 336, 1224, 697, 927, 
590, 619, 29, -605, 280, 324, 0, 1234, 331, 1215, 678, 902, 
580, 605, 24, -592, 278, 314, 9, 1229, 322, 1200, 663, 878, 
566, 590, 24, -578, 270, 307, 14, 1210, 307, 1185, 629, 854, 
556, 590, 34, -573, 261, 312, 24, 1195, 302, 1171, 605, 819, 
541, 580, 39, -561, 251, 309, 29, 1180, 287, 1161, 585, 795, 
531, 570, 39, -551, 246, 305, 43, 1171, 283, 1146, 566, 766, 
517, 546, 29, -531, 244, 287, 58, 1156, 268, 1127, 541, 732, 
507, 527, 19, -517, 244, 273, 68, 1151, 268, 1127, 517, 712, 
492, 517, 24, -505, 234, 270, 78, 1137, 253, 1112, 483, 683, 
483, 492, 9, -488, 236, 251, 87, 1117, 239, 1098, 463, 653, 
463, 468, 4, -466, 229, 236, 97, 1098, 224, 1073, 439, 619, 
439, 463, 24, -451, 207, 244, 102, 1083, 219, 1044, 409, 580, 
424, 448, 24, -436, 200, 236, 112, 1068, 195, 1029, 380, 551, 
409, 429, 19, -419, 195, 224, 122, 1054, 180, 1010, 346, 517, 
400, 414, 14, -407, 192, 214, 131, 1044, 165, 995, 326, 488, 
395, 395, 0, -395, 197, 197, 141, 1029, 141, 976, 307, 453, 
385, 375, -9, -380, 197, 183, 151, 1015, 126, 961, 283, 424, 
370, 356, -14, -363, 192, 170, 156, 1000, 112, 941, 263, 400, 
356, 341, -14, -348, 185, 163, 161, 985, 97, 932, 239, 366, 
336, 326, -9, -331, 173, 158, 170, 971, 82, 912, 204, 351, 
326, 307, -19, -317, 173, 143, 180, 951, 63, 888, 170, 322, 
312, 292, -19, -302, 165, 136, 190, 946, 48, 868, 151, 292, 
302, 283, -19, -292, 161, 131, 200, 932, 34, 854, 131, 273, 
292, 273, -19, -283, 156, 126, 209, 912, 4, 829, 102, 253, 
287, 258, -29, -273, 158, 114, 209, 893, -4, 810, 82, 224, 
278, 244, -34, -261, 156, 104, 224, 883, -14, 800, 73, 204, 
273, 234, -39, -253, 156, 97, 224, 873, -24, 785, 58, 185, 
258, 214, -43, -236, 151, 85, 229, 863, -39, 775, 48, 165, 
253, 200, -53, -226, 153, 73, 234, 854, -48, 761, 34, 151, 
244, 185, -58, -214, 151, 63, 234, 844, -63, 746, 14, 136, 
234, 180, -53, -207, 143, 63, 244, 839, -68, 732, -4, 122, 
244, 156, -87, -200, 165, 34, 253, 839, -97, 717, -24, 97, 
239, 151, -87, -195, 163, 31, 253, 829, -102, 702, -39, 82, 
234, 146, -87, -190, 161, 29, 258, 819, -112, 688, -48, 73, 
229, 136, -92, -183, 161, 21, 263, 814, -117, 678, -53, 63, 
219, 126, -92, -173, 156, 17, 263, 805, -122, 673, -63, 48, 
214, 122, -92, -168, 153, 14, 263, 800, -131, 668, -68, 43, 
214, 112, -102, -163, 158, 4, 268, 795, -141, 658, -78, 39, 
214, 102, -112, -158, 163, -4, 273, 790, -141, 649, -87, 34, 
209, 97, -112, -153, 161, -7, 273, 790, -146, 639, -92, 29, 
204, 97, -107, -151, 156, -4, 273, 790, -151, 629, -107, 24, 
200, 87, -112, -143, 156, -12, 273, 785, -156, 624, -117, 29, 
200, 82, -117, -141, 158, -17, 278, 780, -165, 624, -126, 24, 
200, 68, -131, -134, 165, -31, 278, 775, -175, 610, -126, 19, 
200, 68, -131, -134, 165, -31, 278, 771, -175, 605, -131, 14, 
195, 63, -131, -129, 163, -34, 278, 771, -175, 605, -131, 0, 
190, 58, -131, -124, 161, -36, 283, 771, -180, 600, -131, -9, 
190, 53, -136, -122, 163, -41, 283, 766, -175, 610, -136, 0, 
190, 53, -136, -122, 163, -41, 283, 766, -175, 605, -141, 0, 
190, 48, -141, -119, 165, -46, 287, 766, -175, 600, -146, 0, 
190, 43, -146, -117, 168, -51, 287, 766, -175, 595, -146, -4, 
190, 43, -146, -117, 168, -51, 287, 756, -190, 585, -151, -19, 
190, 43, -146, -117, 168, -51, 287, 756, -190, 585, -151, -24, 
190, 43, -146, -117, 168, -51, 287, 761, -190, 585, -151, -24, 
190, 34, -156, -112, 173, -61, 287, 761, -190, 585, -156, -24, 
180, 34, -146, -107, 163, -56, 287, 761, -190, 595, -156, -24, 
180, 34, -146, -107, 163, -56, 292, 761, -190, 595, -156, -29, 
180, 34, -146, -107, 163, -56, 292, 761, -190, 590, -156, -29, 
180, 34, -146, -107, 163, -56, 292, 761, -190, 590, -156, -29, 
180, 24, -156, -102, 168, -65, 292, 761, -180, 590, -156, -29, 
175, 24, -151, -100, 163, -63, 292, 761, -180, 590, -161, -34, 
175, 24, -151, -100, 163, -63, 292, 761, -180, 590, -161, -34, 
175, 29, -146, -102, 161, -58, 292, 761, -180, 590, -161, -34, 
180, 29, -151, -104, 165, -61, 292, 756, -190, 580, -156, -34, 
180, 29, -151, -104, 165, -61, 292, 756, -190, 580, -156, -34, 
180, 24, -156, -102, 168, -65, 292, 756, -190, 585, -156, -34, 
180, 24, -156, -102, 168, -65, 292, 756, -185, 585, -156, -34, 
170, 29, -141, -100, 156, -56, 302, 746, -185, 585, -156, -29, 
170, 34, -136, -102, 153, -51, 302, 746, -185, 585, -156, -29, 
170, 34, -136, -102, 153, -51, 302, 746, -185, 585, -156, -29, 
170, 34, -136, -102, 153, -51, 302, 741, -185, 585, -156, -29, 
170, 34, -136, -102, 153, -51, 302, 741, -185, 585, -161, -34, 
170, 34, -136, -102, 153, -51, 302, 741, -185, 585, -161, -34, 
170, 34, -136, -102, 153, -51, 297, 741, -185, 585, -161, -29, 
170, 34, -136, -102, 153, -51, 297, 741, -185, 585, -156, -29, 
170, 34, -136, -102, 153, -51, 292, 751, -185, 575, -156, -29, 
170, 34, -136, -102, 153, -51, 292, 746, -185, 575, -156, -29, 
175, 34, -141, -104, 158, -53, 292, 746, -185, 575, -156, -34, 
175, 34, -141, -104, 158, -53, 292, 746, -185, 575, -156, -34, 
165, 34, -131, -100, 148, -48, 292, 746, -175, 575, -156, -34, 
165, 34, -131, -100, 148, -48, 292, 746, -175, 575, -156, -34, 
161, 39, -122, -100, 141, -41, 292, 746, -175, 575, -156, -34, 
156, 39, -117, -97, 136, -39, 292, 746, -175, 575, -156, -34, 
165, 39, -126, -102, 146, -43, 292, 746, -175, 575, -156, -24, 
165, 39, -126, -102, 146, -43, 292, 746, -175, 575, -156, -24, 
165, 39, -126, -102, 146, -43, 292, 736, -175, 575, -156, -24, 
165, 34, -131, -100, 148, -48, 287, 736, -175, 575, -161, -24, 
165, 43, -122, -104, 143, -39, 287, 732, -185, 575, -161, -34, 
165, 43, -122, -104, 143, -39, 292, 732, -185, 575, -161, -34, 
170, 43, -126, -107, 148, -41, 292, 736, -185, 575, -161, -34, 
170, 43, -126, -107, 148, -41, 292, 736, -185, 575, -161, -34, 
165, 53, -112, -109, 139, -29, 292, 736, -190, 566, -165, -29, 
165, 53, -112, -109, 139, -29, 292, 736, -190, 566, -165, -29, 
170, 53, -117, -112, 143, -31, 292, 732, -190, 566, -170, -29, 
170, 53, -117, -112, 143, -31, 292, 732, -190, 566, -170, -29, 
170, 43, -126, -107, 148, -41, 292, 727, -190, 570, -170, -29, 
170, 43, -126, -107, 148, -41, 292, 727, -190, 570, -170, -29, 
170, 43, -126, -107, 148, -41, 292, 727, -190, 570, -170, -29, 
170, 43, -126, -107, 148, -41, 292, 727, -190, 570, -170, -34, 
170, 43, -126, -107, 148, -41, 302, 727, -190, 570, -175, -34, 
175, 43, -131, -109, 153, -43, 297, 722, -195, 570, -175, -34, 
175, 43, -131, -109, 153, -43, 297, 722, -195, 566, -175, -34, 
175, 43, -131, -109, 153, -43, 297, 722, -195, 566, -175, -43, 
175, 43, -131, -109, 153, -43, 287, 727, -195, 566, -175, -43, 
175, 43, -131, -109, 153, -43, 287, 727, -195, 561, -175, -39, 
175, 43, -131, -109, 153, -43, 287, 727, -195, 556, -175, -34, 
175, 43, -131, -109, 153, -43, 287, 722, -195, 551, -180, -34, 
175, 34, -141, -104, 158, -53, 287, 722, -204, 546, -195, -39, 
175, 34, -141, -104, 158, -53, 287, 722, -204, 546, -195, -39, 
175, 34, -141, -104, 158, -53, 287, 722, -209, 546, -195, -39, 
180, 34, -146, -107, 163, -56, 287, 722, -209, 546, -195, -39, 
170, 29, -141, -100, 156, -56, 297, 717, -200, 541, -195, -39, 
170, 29, -141, -100, 156, -56, 297, 717, -204, 536, -200, -39, 
170, 29, -141, -100, 156, -56, 297, 717, -204, 536, -200, -39, 
170, 29, -141, -100, 156, -56, 297, 717, -204, 536, -200, -43, 
170, 29, -141, -100, 156, -56, 297, 707, -214, 527, -195, -53, 
170, 29, -141, -100, 156, -56, 297, 702, -219, 527, -200, -53, 
170, 29, -141, -100, 156, -56, 297, 702, -219, 522, -200, -53, 
165, 29, -136, -97, 151, -53, 297, 702, -219, 522, -200, -58, 
165, 24, -141, -95, 153, -58, 297, 702, -219, 522, -204, -58, 
165, 24, -141, -95, 153, -58, 297, 702, -219, 517, -204, -58, 
165, 24, -141, -95, 153, -58, 297, 702, -214, 517, -204, -58, 
161, 24, -136, -92, 148, -56, 297, 702, -214, 517, -204, -58, 
170, 19, -151, -95, 161, -65, 297, 702, -214, 512, -204, -58, 
170, 19, -151, -95, 161, -65, 297, 702, -219, 512, -209, -63, 
170, 14, -156, -92, 163, -70, 297, 702, -219, 507, -214, -63, 
170, 14, -156, -92, 163, -70, 297, 702, -219, 502, -214, -63, 
170, 14, -156, -92, 163, -70, 297, 697, -229, 512, -214, -63, 
175, 14, -161, -95, 168, -73, 297, 697, -229, 512, -214, -68, 
175, 14, -161, -95, 168, -73, 297, 697, -229, 512, -214, -68, 
170, 14, -156, -92, 163, -70, 297, 692, -229, 507, -214, -68, 
170, 24, -146, -97, 158, -61, 287, 692, -239, 507, -219, -58, 
175, 19, -156, -97, 165, -68, 287, 692, -239, 507, -219, -58, 
175, 19, -156, -97, 165, -68, 287, 692, -239, 502, -219, -58, 
170, 19, -151, -95, 161, -65, 287, 688, -239, 502, -224, -58, 
170, 19, -151, -95, 161, -65, 287, 688, -244, 507, -224, -63, 
170, 19, -151, -95, 161, -65, 287, 688, -244, 507, -224, -63, 
170, 19, -151, -95, 161, -65, 287, 688, -244, 502, -224, -63, 
170, 19, -151, -95, 161, -65, 287, 688, -244, 502, -229, -68, 
170, 19, -151, -95, 161, -65, 287, 678, -244, 502, -229, -68, 
170, 19, -151, -95, 161, -65, 287, 678, -244, 497, -229, -68, 
170, 19, -151, -95, 161, -65, 287, 678, -239, 497, -229, -68, 
170, 19, -151, -95, 161, -65, 287, 678, -239, 502, -229, -73, 
165, 19, -146, -92, 156, -63, 287, 678, -229, 492, -239, -73, 
165, 19, -146, -92, 156, -63, 287, 678, -234, 488, -239, -73, 
170, 14, -156, -92, 163, -70, 287, 683, -234, 483, -239, -73, 
170, 14, -156, -92, 163, -70, 287, 683, -239, 483, -239, -73, 
170, 4, -165, -87, 168, -80, 297, 688, -248, 483, -234, -73, 
170, 4, -165, -87, 168, -80, 297, 688, -248, 488, -234, -73, 
170, 0, -170, -85, 170, -85, 297, 688, -248, 488, -234, -73, 
170, 0, -170, -85, 170, -85, 297, 683, -248, 483, -234, -73, 
161, 4, -156, -82, 158, -75, 292, 683, -248, 492, -234, -73, 
161, 4, -156, -82, 158, -75, 292, 683, -248, 492, -234, -73, 
161, 4, -156, -82, 158, -75, 292, 683, -253, 492, -234, -73, 
156, 4, -151, -80, 153, -73, 302, 688, -253, 492, -229, -73, 
165, 4, -161, -85, 163, -78, 292, 678, -253, 483, -229, -73, 
165, 0, -165, -82, 165, -82, 287, 668, -253, 478, -239, -73, 
165, 0, -165, -82, 165, -82, 287, 668, -253, 478, -239, -73, 
165, 0, -165, -82, 165, -82, 287, 673, -253, 483, -234, -73, 
165, 0, -165, -82, 165, -82, 287, 673, -253, 473, -234, -73, 
165, 0, -165, -82, 165, -82, 287, 673, -253, 473, -239, -78, 
165, 0, -165, -82, 165, -82, 287, 673, -258, 473, -244, -82, 
165, 0, -165, -82, 165, -82, 287, 668, -258, 473, -244, -82, 
156, -9, -165, -73, 161, -87, 297, 668, -258, 478, -234, -82, 
156, -9, -165, -73, 161, -87, 297, 673, -258, 478, -234, -78, 
156, -9, -165, -73, 161, -87, 297, 673, -258, 478, -234, -78, 
156, -9, -165, -73, 161, -87, 297, 673, -258, 478, -234, -78, 
165, 0, -165, -82, 165, -82, 297, 668, -258, 473, -234, -78, 
165, 0, -165, -82, 165, -82, 297, 668, -258, 473, -234, -78, 
165, 0, -165, -82, 165, -82, 297, 668, -258, 478, -234, -78, 
165, -4, -170, -80, 168, -87, 297, 668, -258, 478, -234, -78, 
165, -14, -180, -75, 173, -97, 297, 668, -248, 478, -234, -78, 
165, -14, -180, -75, 173, -97, 297, 668, -248, 478, -234, -78, 
165, -9, -175, -78, 170, -92, 297, 668, -248, 478, -234, -78, 
165, -9, -175, -78, 170, -92, 297, 668, -248, 478, -234, -78, 
165, -9, -175, -78, 170, -92, 302, 668, -248, 468, -234, -78, 
165, -14, -180, -75, 173, -97, 302, 668, -248, 468, -229, -78, 
165, -14, -180, -75, 173, -97, 297, 668, -248, 468, -229, -78, 
165, -14, -180, -75, 173, -97, 297, 668, -248, 468, -234, -78, 
156, 0, -156, -78, 156, -78, 297, 668, -258, 468, -234, -78, 
156, 0, -156, -78, 156, -78, 297, 668, -258, 468, -234, -78, 
156, 0, -156, -78, 156, -78, 297, 668, -258, 468, -234, -78, 
156, 0, -156, -78, 156, -78, 297, 668, -258, 468, -239, -78, 
165, 0, -165, -82, 165, -82, 297, 668, -258, 468, -239, -78, 
165, 0, -165, -82, 165, -82, 297, 668, -258, 468, -239, -78, 
165, 0, -165, -82, 165, -82, 297, 668, -258, 468, -239, -78, 
165, 4, -161, -85, 163, -78, 297, 668, -258, 468, -239, -82, 
156, -4, -161, -75, 158, -82, 297, 658, -258, 468, -239, -82, 
156, -4, -161, -75, 158, -82, 297, 658, -258, 463, -239, -78, 
156, -4, -161, -75, 158, -82, 297, 658, -258, 463, -239, -78, 
156, -9, -165, -73, 161, -87, 297, 658, -253, 463, -234, -78, 
161, 0, -161, -80, 161, -80, 297, 663, -253, 458, -234, -78, 
161, 0, -161, -80, 161, -80, 297, 663, -258, 458, -234, -78, 
161, 0, -161, -80, 161, -80, 297, 663, -258, 458, -234, -78, 
161, 0, -161, -80, 161, -80, 297, 663, -258, 458, -239, -78, 
161, -9, -170, -75, 165, -90, 297, 653, -258, 458, -248, -78, 
161, -4, -165, -78, 163, -85, 297, 653, -258, 458, -244, -78, 
161, -4, -165, -78, 163, -85, 297, 658, -258, 458, -244, -73, 
161, -9, -170, -75, 165, -90, 297, 658, -258, 458, -239, -73, 
161, -14, -175, -73, 168, -95, 297, 673, -253, 458, -239, -68, 
165, 0, -165, -82, 165, -82, 292, 663, -253, 458, -234, -68, 
165, 0, -165, -82, 165, -82, 292, 663, -253, 458, -244, -78, 
165, 0, -165, -82, 165, -82, 292, 663, -253, 458, -244, -78, 
165, 0, -165, -82, 165, -82, 292, 663, -253, 458, -244, -78, 
165, 0, -165, -82, 165, -82, 292, 663, -253, 458, -244, -78, 
156, 0, -156, -78, 156, -78, 292, 653, -253, 458, -234, -78, 
156, 0, -156, -78, 156, -78, 292, 653, -253, 458, -234, -78, 
156, 0, -156, -78, 156, -78, 292, 653, -253, 458, -234, -78, 
156, 0, -156, -78, 156, -78, 292, 653, -253, 458, -234, -78, 
165, -9, -175, -78, 170, -92, 292, 663, -253, 458, -234, -78, 
165, -9, -175, -78, 170, -92, 292, 663, -253, 458, -234, -78, 
165, -9, -175, -78, 170, -92, 292, 663, -253, 458, -234, -78, 
165, -9, -175, -78, 170, -92, 292, 663, -253, 458, -234, -78, 
165, -9, -175, -78, 170, -92, 292, 653, -253, 458, -234, -78, 
165, -9, -175, -78, 170, -92, 292, 653, -253, 458, -234, -78, 
165, -9, -175, -78, 170, -92, 292, 653, -253, 458, -234, -78, 
165, -9, -175, -78, 170, -92, 292, 653, -253, 458, -234, -78, 
165, -9, -175, -78, 170, -92, 292, 653, -253, 448, -234, -78, 
165, -9, -175, -78, 170, -92, 292, 653, -253, 448, -234, -78, 
165, -9, -175, -78, 170, -92, 292, 653, -253, 448, -234, -78, 
165, -9, -175, -78, 170, -92, 292, 653, -253, 448, -234, -78, 
165, -19, -185, -73, 175, -102, 292, 653, -244, 458, -234, -68, 
165, -19, -185, -73, 175, -102, 292, 653, -244, 458, -234, -68, 
165, -19, -185, -73, 175, -102, 292, 653, -244, 458, -234, -68, 
165, -19, -185, -73, 175, -102, 292, 653, -244, 458, -234, -68, 
165, -19, -185, -73, 175, -102, 292, 653, -253, 458, -234, -78, 
165, -19, -185, -73, 175, -102, 292, 653, -253, 458, -234, -78, 
165, -19, -185, -73, 175, -102, 292, 653, -253, 458, -234, -78, 
165, -19, -185, -73, 175, -102, 292, 653, -253, 458, -234, -78, 
165, -9, -175, -78, 170, -92, 292, 653, -253, 448, -234, -78, 
165, -9, -175, -78, 170, -92, 292, 653, -253, 448, -234, -78, 
165, -9, -175, -78, 170, -92, 292, 653, -253, 448, -234, -78, 
165, -9, -175, -78, 170, -92, 292, 653, -253, 448, -234, -78, 
165, -19, -185, -73, 175, -102, 302, 653, -253, 458, -234, -68, 
165, -19, -185, -73, 175, -102, 302, 653, -253, 458, -234, -68, 
165, -19, -185, -73, 175, -102, 302, 653, -253, 458, -234, -68, 
165, -19, -185, -73, 175, -102, 302, 653, -253, 458, -234, -68, 
165, -29, -195, -68, 180, -112, 302, 653, -253, 458, -234, -68, 
165, -29, -195, -68, 180, -112, 302, 653, -253, 458, -234, -68, 
165, -29, -195, -68, 180, -112, 302, 653, -253, 458, -234, -68, 
165, -29, -195, -68, 180, -112, 302, 653, -253, 458, -234, -68, 
165, -29, -195, -68, 180, -112, 302, 653, -244, 458, -224, -68, 
165, -29, -195, -68, 180, -112, 302, 653, -244, 458, -224, -68, 
165, -29, -195, -68, 180, -112, 302, 653, -244, 458, -224, -68, 
165, -29, -195, -68, 180, -112, 302, 653, -244, 458, -224, -68, 
165, -19, -185, -73, 175, -102, 302, 653, -244, 448, -234, -68, 
165, -19, -185, -73, 175, -102, 302, 653, -244, 448, -234, -68, 
165, -19, -185, -73, 175, -102, 302, 653, -244, 448, -234, -68, 
165, -19, -185, -73, 175, -102, 302, 653, -244, 448, -234, -68, 
165, -19, -185, -73, 175, -102, 302, 653, -244, 448, -234, -68, 
165, -19, -185, -73, 175, -102, 302, 653, -244, 448, -234, -68, 
165, -19, -185, -73, 175, -102, 302, 653, -244, 448, -234, -68, 
165, -19, -185, -73, 175, -102, 302, 653, -244, 448, -234, -68, 
156, -29, -185, -63, 170, -107, 302, 653, -244, 448, -224, -68, 
156, -29, -185, -63, 170, -107, 302, 653, -244, 448, -224, -68, 
156, -29, -185, -63, 170, -107, 302, 653, -244, 448, -224, -68, 
156, -29, -185, -63, 170, -107, 302, 653, -244, 448, -224, -68, 
165, -19, -185, -73, 175, -102, 302, 653, -244, 458, -224, -58, 
165, -19, -185, -73, 175, -102, 302, 653, -244, 458, -224, -58, 
165, -19, -185, -73, 175, -102, 302, 653, -244, 458, -224, -58, 
165, -19, -185, -73, 175, -102, 302, 653, -244, 458, -224, -58, 
175, -9, -185, -82, 180, -97, 302, 663, -239, 473, -219, -48, 
175, 0, -175, -87, 175, -87, 302, 663, -234, 478, -214, -48, 
175, 9, -165, -92, 170, -78, 302, 663, -229, 483, -209, -48, 
175, 19, -156, -97, 165, -68, 302, 663, -224, 488, -204, -48, 
185, 34, -151, -109, 168, -58, 312, 673, -219, 488, -200, -43, 
185, 39, -146, -112, 165, -53, 312, 673, -214, 488, -195, -39, 
185, 43, -141, -114, 163, -48, 312, 673, -209, 488, -190, -34, 
185, 48, -136, -117, 161, -43, 312, 673, -204, 488, -185, -29, 
190, 58, -131, -124, 161, -36, 322, 688, -190, 492, -175, -19, 
195, 58, -136, -126, 165, -39, 322, 692, -185, 497, -175, -19, 
200, 58, -141, -129, 170, -41, 322, 697, -180, 502, -175, -19, 
204, 58, -146, -131, 175, -43, 322, 702, -175, 507, -175, -19, 
214, 68, -146, -141, 180, -39, 322, 702, -165, 512, -165, -9, 
214, 68, -146, -141, 180, -39, 322, 702, -165, 517, -165, -9, 
214, 68, -146, -141, 180, -39, 322, 702, -165, 522, -165, -9, 
214, 68, -146, -141, 180, -39, 322, 702, -165, 527, -165, -9, 
214, 68, -146, -141, 180, -39, 326, 712, -151, 531, -161, -4, 
214, 63, -151, -139, 183, -43, 326, 712, -151, 531, -156, 0, 
219, 63, -156, -141, 187, -46, 322, 712, -151, 531, -151, 4, 
219, 63, -156, -141, 187, -46, 317, 712, -151, 531, -146, 9, 
219, 63, -156, -141, 187, -46, 312, 722, -141, 531, -146, 9, 
224, 68, -156, -146, 190, -43, 297, 717, -151, 527, -146, 9, 
229, 68, -161, -148, 195, -46, 287, 712, -161, 527, -151, 14, 
234, 73, -161, -153, 197, -43, 258, 707, -170, 522, -151, 14, 
239, 68, -170, -153, 204, -51, 244, 692, -175, 512, -161, 4, 
244, 68, -175, -156, 209, -53, 239, 688, -185, 512, -161, 4, 
248, 68, -180, -158, 214, -56, 234, 688, -195, 507, -161, 9, 
253, 68, -185, -161, 219, -58, 234, 683, -204, 507, -161, 14, 
268, 78, -190, -173, 229, -56, 234, 683, -209, 507, -165, 14, 
268, 82, -185, -175, 226, -51, 234, 683, -209, 507, -165, 14, 
268, 82, -185, -175, 226, -51, 234, 683, -209, 502, -165, 14, 
268, 78, -190, -173, 229, -56, 234, 683, -214, 492, -165, 14, 
258, 68, -190, -163, 224, -61, 253, 688, -204, 492, -156, 14, 
253, 58, -195, -156, 224, -68, 253, 688, -209, 492, -161, 9, 
253, 48, -204, -151, 229, -78, 253, 688, -209, 483, -175, 4, 
253, 43, -209, -148, 231, -82, 253, 683, -224, 473, -180, 0, 
253, 43, -209, -148, 231, -82, 244, 683, -234, 458, -180, -9, 
253, 39, -214, -146, 234, -87, 244, 673, -244, 453, -185, -9, 
253, 34, -219, -143, 236, -92, 244, 668, -253, 448, -190, -14, 
253, 34, -219, -143, 236, -92, 244, 663, -253, 448, -195, -14, 
263, 34, -229, -148, 246, -97, 244, 663, -248, 458, -195, -9, 
263, 34, -229, -148, 246, -97, 244, 663, -248, 458, -190, -4, 
263, 34, -229, -148, 246, -97, 244, 663, -248, 453, -190, 0, 
263, 34, -229, -148, 246, -97, 244, 663, -248, 453, -190, 4, 
253, 34, -219, -143, 236, -92, 258, 668, -234, 468, -185, 4, 
244, 34, -209, -139, 226, -87, 258, 673, -234, 473, -185, 4, 
234, 29, -204, -131, 219, -87, 263, 673, -234, 473, -185, 4, 
229, 19, -209, -124, 219, -95, 273, 673, -234, 473, -190, 0, 
224, 14, -209, -119, 217, -97, 278, 673, -234, 458, -190, -4, 
209, 9, -200, -109, 204, -95, 283, 668, -234, 458, -195, -14, 
195, -4, -200, -95, 197, -102, 287, 663, -234, 453, -204, -19, 
190, -9, -200, -90, 195, -104, 292, 663, -234, 448, -204, -24, 
185, -24, -209, -80, 197, -117, 283, 644, -253, 439, -219, -43, 
180, -39, -219, -70, 200, -129, 283, 634, -263, 424, -224, -48, 
180, -43, -224, -68, 202, -134, 283, 634, -263, 424, -229, -53, 
180, -53, -234, -63, 207, -143, 287, 629, -263, 424, -234, -53, 
175, -43, -219, -65, 197, -131, 297, 629, -273, 409, -224, -58, 
170, -53, -224, -58, 197, -139, 297, 624, -273, 409, -224, -58, 
170, -53, -224, -58, 197, -139, 297, 624, -273, 409, -229, -63, 
170, -53, -224, -58, 197, -139, 297, 624, -273, 409, -229, -68, 
170, -53, -224, -58, 197, -139, 302, 634, -273, 419, -239, -63, 
170, -53, -224, -58, 197, -139, 302, 634, -273, 419, -239, -63, 
170, -53, -224, -58, 197, -139, 307, 639, -268, 419, -244, -63, 
170, -58, -229, -56, 200, -143, 307, 639, -268, 419, -244, -58, 
165, -58, -224, -53, 195, -141, 307, 639, -263, 419, -244, -68, 
165, -58, -224, -53, 195, -141, 307, 639, -263, 419, -244, -68, 
165, -53, -219, -56, 192, -136, 312, 639, -263, 419, -239, -68, 
161, -53, -214, -53, 187, -134, 312, 639, -263, 419, -234, -63, 
161, -53, -214, -53, 187, -134, 317, 639, -248, 414, -234, -63, 
161, -53, -214, -53, 187, -134, 317, 644, -248, 414, -234, -63, 
161, -48, -209, -56, 185, -129, 317, 644, -248, 414, -234, -63, 
156, -48, -204, -53, 180, -126, 322, 644, -248, 419, -234, -63, 
156, -58, -214, -48, 185, -136, 312, 634, -248, 419, -234, -58, 
156, -58, -214, -48, 185, -136, 312, 634, -248, 419, -234, -58, 
156, -58, -214, -48, 185, -136, 312, 634, -244, 419, -234, -58, 
151, -58, -209, -46, 180, -134, 317, 634, -244, 419, -234, -58, 
151, -58, -209, -46, 180, -134, 326, 634, -244, 419, -224, -58, 
151, -63, -214, -43, 183, -139, 326, 634, -239, 419, -224, -58, 
146, -63, -209, -41, 178, -136, 326, 634, -239, 419, -224, -58, 
146, -63, -209, -41, 178, -136, 326, 634, -239, 419, -224, -53, 
156, -63, -219, -46, 187, -141, 326, 634, -239, 419, -224, -53, 
156, -63, -219, -46, 187, -141, 326, 634, -239, 419, -224, -53, 
151, -63, -214, -43, 183, -139, 326, 634, -239, 419, -224, -53, 
151, -58, -209, -46, 180, -134, 331, 634, -239, 419, -224, -53, 
141, -58, -200, -41, 170, -129, 322, 634, -239, 429, -224, -53, 
146, -58, -204, -43, 175, -131, 317, 634, -239, 429, -224, -53, 
146, -58, -204, -43, 175, -131, 317, 634, -239, 429, -224, -53, 
146, -58, -204, -43, 175, -131, 317, 639, -234, 429, -224, -53, 
146, -58, -204, -43, 175, -131, 326, 639, -224, 429, -214, -43, 
146, -58, -204, -43, 175, -131, 326, 639, -229, 429, -214, -43, 
146, -58, -204, -43, 175, -131, 326, 639, -229, 429, -214, -43, 
146, -58, -204, -43, 175, -131, 326, 639, -229, 429, -214, -43, 
156, -58, -214, -48, 185, -136, 326, 639, -229, 429, -214, -43, 
151, -53, -204, -48, 178, -129, 326, 639, -229, 419, -214, -53, 
141, -63, -204, -39, 173, -134, 331, 644, -224, 429, -214, -58, 
146, -63, -209, -41, 178, -136, 341, 644, -214, 429, -214, -58, 
136, -73, -209, -31, 173, -141, 351, 649, -209, 434, -219, -73, 
117, -68, -185, -24, 151, -126, 370, 653, -200, 439, -234, -92, 
87, -68, -156, -9, 122, -112, 395, 663, -175, 439, -253, -126, 
58, -73, -131, 7, 95, -102, 424, 668, -141, 444, -278, -175, 
24, -73, -97, 24, 61, -85, 458, 678, -117, 448, -297, -209, 
4, -68, -73, 31, 39, -70, 492, 697, -87, 463, -317, -234, 
-14, -53, -39, 34, 12, -46, 512, 697, -58, 483, -302, -224, 
4, -14, -19, 4, 12, -17, 512, 702, -34, 507, -263, -165, 
43, 43, 0, -43, 21, 21, 492, 746, 9, 551, -190, -92, 
97, 87, -9, -92, 53, 39, 492, 824, 73, 590, -126, -14, 
165, 117, -48, -141, 107, 34, 478, 907, 126, 624, -63, 73, 
239, 165, -73, -202, 156, 46, 453, 1000, 195, 668, 29, 190, 
302, 229, -73, -265, 187, 78, 429, 1093, 268, 741, 136, 317, 
385, 273, -112, -329, 248, 80, 414, 1200, 341, 829, 263, 458, 
488, 273, -214, -380, 351, 29, 375, 1278, 351, 902, 375, 614, 
600, 263, -336, -431, 468, -36, 331, 1322, 312, 956, 497, 771, 
678, 287, -390, -483, 534, -51, 273, 1293, 244, 1049, 653, 961, 
702, 385, -317, -544, 509, 34, 195, 1190, 146, 1180, 863, 1195, 
746, 497, -248, -622, 497, 124, 92, 1083, 29, 1302, 1093, 1449, 
805, 600, -204, -702, 505, 197, -19, 985, -122, 1385, 1307, 1698, 
844, 678, -165, -761, 505, 256, -131, 858, -292, 1420, 1464, 1878, 
863, 727, -136, -795, 500, 295, -200, 751, -429, 1459, 1566, 2000, 
873, 746, -126, -810, 500, 309, -219, 712, -478, 1498, 1673, 2093, 
858, 736, -122, -797, 490, 307, -229, 678, -531, 1507, 1712, 2127, 
824, 683, -141, -753, 483, 270, -229, 619, -605, 1459, 1673, 2069, 
785, 624, -161, -705, 473, 231, -219, 551, -663, 1390, 1586, 1942, 
732, 551, -180, -641, 456, 185, -185, 492, -712, 1307, 1429, 1751, 
668, 463, -204, -566, 436, 129, -141, 429, -751, 1190, 1229, 1473, 
561, 395, -165, -478, 363, 114, -107, 346, -805, 1083, 1044, 1220, 
429, 351, -78, -390, 253, 136, -63, 273, -849, 990, 902, 1010, 
287, 292, 4, -290, 141, 148, 9, 209, -883, 868, 712, 761, 
161, 224, 63, -192, 48, 143, 68, 126, -936, 727, 463, 458, 
68, 165, 97, -117, -14, 131, 107, 53, -985, 570, 214, 204, 
9, 107, 97, -58, -43, 102, 136, 19, -1000, 414, -4, 43, 
-9, 53, 63, -21, -36, 58, 161, 29, -990, 268, -185, -63, 
-24, 4, 29, 9, -26, 17, 195, 53, -946, 165, -331, -131, 
-14, -14, 0, 14, -7, -7, 209, 92, -878, 141, -375, -151, 
-9, -24, -14, 17, 2, -19, 244, 175, -771, 170, -356, -131, 
-4, -53, -48, 29, 21, -51, 307, 258, -663, 209, -336, -112, 
0, -78, -78, 39, 39, -78, 336, 341, -575, 234, -312, -112, 
14, -78, -92, 31, 53, -85, 356, 409, -502, 273, -292, -97, 
19, -78, -97, 29, 58, -87, 361, 468, -434, 312, -263, -82, 
48, -78, -126, 14, 87, -102, 351, 507, -390, 346, -244, -73, 
87, -68, -156, -9, 122, -112, 326, 527, -370, 375, -219, -58, 
112, -53, -165, -29, 139, -109, 312, 531, -346, 405, -200, -48, 
131, -29, -161, -51, 146, -95, 307, 541, -326, 424, -195, -48, 
136, -24, -161, -56, 148, -92, 317, 536, -302, 434, -195, -43, 
126, -24, -151, -51, 139, -87, 317, 551, -273, 429, -204, -43, 
131, -19, -151, -56, 141, -85, 326, 570, -248, 424, -200, -43, 
131, -24, -156, -53, 143, -90, 331, 585, -229, 424, -200, -43, 
117, -39, -156, -39, 136, -97, 341, 610, -209, 429, -204, -48, 
117, -48, -165, -34, 141, -107, 341, 624, -204, 429, -200, -43, 
112, -58, -170, -26, 141, -114, 341, 634, -200, 424, -200, -43, 
122, -58, -180, -31, 151, -119, 346, 639, -200, 429, -200, -43, 
126, -58, -185, -34, 156, -122, 351, 639, -200, 434, -200, -48, 
126, -58, -185, -34, 156, -122, 351, 639, -195, 434, -200, -53, 
136, -53, -190, -41, 163, -122, 361, 639, -175, 439, -209, -63, 
136, -58, -195, -39, 165, -126, 361, 644, -170, 439, -209, -58, 
136, -58, -195, -39, 165, -126, 361, 644, -165, 439, -209, -58, 
136, -58, -195, -39, 165, -126, 356, 649, -161, 439, -209, -58, 
131, -58, -190, -36, 161, -124, 346, 644, -170, 429, -209, -68, 
136, -58, -195, -39, 165, -126, 351, 653, -165, 429, -209, -63, 
136, -58, -195, -39, 165, -126, 351, 658, -165, 429, -209, -63, 
131, -58, -190, -36, 161, -124, 351, 663, -161, 434, -209, -63, 
141, -58, -200, -41, 170, -129, 351, 673, -165, 434, -209, -63, 
141, -58, -200, -41, 170, -129, 351, 668, -161, 434, -209, -63, 
146, -58, -204, -43, 175, -131, 351, 668, -161, 434, -209, -63, 
146, -53, -200, -46, 173, -126, 351, 673, -161, 434, -209, -63, 
146, -53, -200, -46, 173, -126, 351, 668, -156, 444, -200, -53, 
146, -58, -204, -43, 175, -131, 351, 668, -156, 444, -200, -53, 
151, -58, -209, -46, 180, -134, 351, 673, -156, 439, -200, -53, 
151, -53, -204, -48, 178, -129, 356, 673, -156, 439, -200, -53, 
151, -53, -204, -48, 178, -129, 356, 673, -151, 439, -200, -53, 
151, -53, -204, -48, 178, -129, 356, 673, -146, 439, -200, -48, 
151, -53, -204, -48, 178, -129, 356, 673, -146, 439, -195, -48, 
156, -53, -209, -51, 183, -131, 356, 678, -141, 439, -190, -48, 
156, -53, -209, -51, 183, -131, 356, 678, -141, 439, -200, -48, 
151, -53, -204, -48, 178, -129, 356, 678, -141, 444, -195, -48, 
151, -53, -204, -48, 178, -129, 356, 678, -136, 448, -195, -48, 
156, -53, -209, -51, 183, -131, 356, 678, -136, 448, -195, -39, 
156, -43, -200, -56, 178, -122, 356, 683, -126, 458, -195, -39, 
151, -43, -195, -53, 173, -119, 356, 683, -126, 458, -190, -34, 
151, -43, -195, -53, 173, -119, 356, 688, -126, 458, -190, -34, 
156, -43, -200, -56, 178, -122, 351, 692, -126, 458, -190, -34, 
146, -43, -190, -51, 168, -117, 361, 692, -122, 453, -180, -29, 
151, -43, -195, -53, 173, -119, 361, 692, -117, 453, -180, -29, 
151, -43, -195, -53, 173, -119, 361, 697, -112, 453, -175, -24, 
151, -43, -195, -53, 173, -119, 361, 697, -112, 458, -175, -24, 
156, -39, -195, -58, 175, -117, 351, 697, -122, 458, -170, -24, 
156, -39, -195, -58, 175, -117, 351, 697, -122, 458, -165, -14, 
156, -39, -195, -58, 175, -117, 351, 697, -117, 458, -165, -9, 
156, -39, -195, -58, 175, -117, 351, 697, -117, 458, -165, -9, 
156, -34, -190, -61, 173, -112, 351, 697, -107, 463, -161, -14, 
165, -29, -195, -68, 180, -112, 351, 697, -107, 468, -161, -14, 
165, -29, -195, -68, 180, -112, 351, 702, -97, 473, -161, -9, 
165, -24, -190, -70, 178, -107, 351, 702, -97, 478, -161, -9, 
165, -19, -185, -73, 175, -102, 351, 702, -97, 478, -165, -4, 
165, -19, -185, -73, 175, -102, 351, 707, -97, 478, -161, 0, 
165, -19, -185, -73, 175, -102, 346, 707, -92, 478, -156, 0, 
170, -14, -185, -78, 178, -100, 346, 712, -87, 488, -156, 4, 
170, -14, -185, -78, 178, -100, 346, 712, -82, 478, -146, -4, 
175, -14, -190, -80, 183, -102, 346, 712, -82, 483, -141, 4, 
175, -14, -190, -80, 183, -102, 346, 722, -73, 492, -131, 9, 
175, -9, -185, -82, 180, -97, 346, 727, -73, 492, -131, 14, 
175, -9, -185, -82, 180, -97, 346, 727, -73, 497, -136, 19, 
175, -9, -185, -82, 180, -97, 341, 727, -63, 497, -131, 24, 
175, -4, -180, -85, 178, -92, 341, 727, -58, 497, -126, 29, 
180, -4, -185, -87, 183, -95, 341, 727, -53, 502, -126, 29, 
180, -4, -185, -87, 183, -95, 341, 732, -48, 507, -117, 34, 
185, 0, -185, -92, 185, -92, 341, 732, -48, 507, -112, 39, 
185, 0, -185, -92, 185, -92, 341, 741, -53, 507, -107, 39, 
195, 9, -185, -102, 190, -87, 336, 746, -53, 512, -102, 43, 
195, 9, -185, -102, 190, -87, 346, 756, -43, 512, -97, 58, 
195, 14, -180, -104, 187, -82, 341, 756, -39, 517, -92, 63, 
200, 19, -180, -109, 190, -80, 341, 756, -34, 522, -87, 68, 
200, 24, -175, -112, 187, -75, 341, 761, -29, 522, -82, 73, 
190, 29, -161, -109, 175, -65, 326, 766, -24, 531, -87, 82, 
200, 34, -165, -117, 183, -65, 326, 771, -19, 536, -78, 87, 
200, 39, -161, -119, 180, -61, 326, 775, -14, 541, -73, 92, 
204, 43, -161, -124, 183, -58, 322, 780, -9, 546, -68, 97, 
219, 39, -180, -129, 200, -70, 322, 775, 4, 551, -53, 107, 
219, 43, -175, -131, 197, -65, 312, 780, 14, 556, -43, 117, 
219, 43, -175, -131, 197, -65, 312, 785, 14, 561, -39, 122, 
219, 53, -165, -136, 192, -56, 312, 790, 24, 570, -24, 136, 
224, 63, -161, -143, 192, -48, 312, 805, 43, 575, -14, 146, 
234, 73, -161, -153, 197, -43, 312, 814, 48, 585, -4, 156, 
239, 78, -161, -158, 200, -41, 302, 819, 48, 600, 0, 165, 
244, 82, -161, -163, 202, -39, 297, 829, 58, 605, 9, 175, 
248, 92, -156, -170, 202, -31, 297, 839, 68, 614, 19, 190, 
253, 97, -156, -175, 204, -29, 292, 844, 68, 619, 29, 200, 
258, 107, -151, -183, 204, -21, 292, 854, 78, 629, 39, 209, 
263, 122, -141, -192, 202, -9, 287, 863, 87, 639, 58, 224, 
273, 126, -146, -200, 209, -9, 283, 868, 102, 649, 73, 244, 
278, 136, -141, -207, 209, -2, 278, 878, 112, 663, 82, 253, 
283, 146, -136, -214, 209, 4, 273, 893, 122, 673, 102, 268, 
287, 156, -131, -222, 209, 12, 268, 902, 131, 683, 117, 283, 
292, 165, -126, -229, 209, 19, 263, 922, 146, 683, 122, 302, 
297, 180, -117, -239, 207, 31, 258, 932, 156, 697, 141, 317, 
302, 190, -112, -246, 207, 39, 253, 941, 165, 717, 165, 331, 
317, 204, -112, -261, 214, 46, 248, 956, 175, 732, 180, 346, 
322, 214, -107, -268, 214, 53, 244, 966, 195, 741, 200, 366, 
331, 234, -97, -283, 214, 68, 234, 971, 200, 756, 214, 385, 
341, 253, -87, -297, 214, 82, 224, 990, 214, 771, 229, 409, 
351, 263, -87, -307, 219, 87, 214, 1005, 229, 785, 248, 439, 
366, 278, -87, -322, 226, 95, 209, 1024, 248, 805, 268, 463, 
380, 292, -87, -336, 234, 102, 200, 1034, 263, 824, 292, 488, 
400, 312, -87, -356, 244, 112, 190, 1044, 278, 844, 322, 517, 
419, 326, -92, -373, 256, 117, 180, 1068, 292, 858, 346, 536, 
419, 341, -78, -380, 248, 131, 180, 1078, 307, 863, 361, 561, 
429, 361, -68, -395, 248, 146, 175, 1088, 317, 883, 380, 585, 
439, 375, -63, -407, 251, 156, 170, 1098, 336, 897, 405, 610, 
453, 390, -63, -422, 258, 163, 165, 1112, 341, 912, 429, 639, 
463, 400, -63, -431, 263, 168, 161, 1132, 356, 927, 453, 663, 
473, 414, -58, -444, 265, 178, 151, 1137, 366, 941, 478, 697, 
492, 434, -58, -463, 275, 187, 141, 1156, 375, 956, 497, 727, 
507, 444, -63, -475, 285, 190, 131, 1161, 380, 980, 522, 746, 
517, 468, -48, -492, 283, 209, 117, 1180, 400, 995, 536, 771, 
527, 478, -48, -502, 287, 214, 107, 1190, 409, 1005, 561, 785, 
536, 488, -48, -512, 292, 219, 102, 1200, 414, 1015, 570, 800, 
541, 502, -39, -522, 290, 231, 92, 1205, 424, 1029, 590, 814, 
551, 507, -43, -529, 297, 231, 102, 1215, 434, 1034, 595, 834, 
556, 522, -34, -539, 295, 244, 87, 1224, 444, 1049, 614, 854, 
561, 522, -39, -541, 300, 241, 87, 1229, 448, 1054, 634, 878, 
570, 541, -29, -556, 300, 256, 82, 1234, 458, 1063, 649, 893, 
585, 546, -39, -566, 312, 253, 68, 1249, 453, 1068, 658, 893, 
590, 556, -34, -573, 312, 261, 58, 1249, 458, 1078, 673, 912, 
595, 561, -34, -578, 314, 263, 58, 1254, 458, 1083, 678, 917, 
600, 570, -29, -585, 314, 270, 53, 1259, 463, 1093, 692, 932, 
614, 580, -34, -597, 324, 273, 58, 1259, 468, 1093, 688, 941, 
614, 580, -34, -597, 324, 273, 58, 1263, 468, 1093, 697, 951, 
619, 585, -34, -602, 326, 275, 53, 1263, 473, 1098, 707, 956, 
624, 585, -39, -605, 331, 273, 53, 1263, 478, 1098, 707, 961, 
629, 590, -39, -610, 334, 275, 39, 1273, 478, 1107, 712, 966, 
629, 590, -39, -610, 334, 275, 39, 1273, 483, 1107, 712, 971, 
629, 590, -39, -610, 334, 275, 39, 1273, 483, 1107, 712, 976, 
629, 590, -39, -610, 334, 275, 39, 1268, 478, 1107, 712, 980, 
634, 575, -58, -605, 346, 258, 43, 1263, 473, 1102, 707, 971, 
629, 570, -58, -600, 344, 256, 43, 1254, 473, 1098, 702, 961, 
629, 570, -58, -600, 344, 256, 43, 1244, 473, 1098, 697, 951, 
629, 570, -58, -600, 344, 256, 48, 1234, 468, 1093, 688, 932, 
619, 561, -58, -590, 339, 251, 53, 1215, 453, 1078, 678, 927, 
610, 551, -58, -580, 334, 246, 58, 1205, 448, 1068, 658, 902, 
600, 536, -63, -568, 331, 236, 68, 1200, 439, 1054, 644, 878, 
585, 522, -63, -553, 324, 229, 73, 1180, 424, 1039, 610, 854, 
575, 512, -63, -544, 319, 224, 73, 1166, 409, 1024, 595, 824, 
561, 502, -58, -531, 309, 222, 78, 1151, 395, 1015, 575, 805, 
551, 492, -58, -522, 305, 217, 92, 1141, 390, 1000, 556, 780, 
536, 468, -68, -502, 302, 200, 107, 1127, 375, 980, 531, 751, 
517, 458, -58, -488, 287, 200, 117, 1112, 366, 980, 517, 727, 
502, 448, -53, -475, 278, 197, 126, 1098, 351, 966, 483, 692, 
492, 424, -68, -458, 280, 178, 136, 1078, 336, 951, 463, 658, 
473, 400, -73, -436, 273, 163, 146, 1058, 322, 927, 439, 619, 
448, 385, -63, -417, 256, 161, 161, 1034, 307, 907, 419, 595, 
434, 370, -63, -402, 248, 153, 170, 1019, 283, 893, 390, 570, 
419, 351, -68, -385, 244, 141, 180, 1005, 268, 873, 356, 541, 
409, 336, -73, -373, 241, 131, 190, 995, 253, 858, 336, 517, 
385, 326, -58, -356, 222, 134, 200, 980, 239, 834, 317, 502, 
375, 307, -68, -341, 222, 119, 209, 966, 224, 824, 292, 473, 
361, 287, -73, -324, 217, 107, 214, 951, 209, 810, 273, 448, 
346, 273, -73, -309, 209, 100, 219, 936, 195, 805, 248, 414, 
336, 268, -68, -302, 202, 100, 219, 917, 175, 775, 229, 400, 
326, 248, -78, -287, 202, 85, 229, 893, 151, 751, 200, 370, 
312, 234, -78, -273, 195, 78, 239, 883, 131, 732, 185, 341, 
302, 224, -78, -263, 190, 73, 248, 863, 112, 717, 170, 322, 
292, 195, -97, -244, 195, 48, 258, 849, 102, 712, 141, 307, 
287, 180, -107, -234, 197, 36, 258, 834, 92, 692, 122, 283, 
278, 165, -112, -222, 195, 26, 273, 829, 82, 683, 112, 268, 
273, 156, -117, -214, 195, 19, 273, 824, 73, 668, 97, 253, 
258, 146, -112, -202, 185, 17, 278, 805, 48, 658, 87, 234, 
253, 131, -122, -192, 187, 4, 283, 795, 39, 644, 73, 219, 
244, 117, -126, -180, 185, -4, 283, 785, 24, 629, 53, 204, 
234, 112, -122, -173, 178, -4, 292, 780, 19, 614, 34, 190, 
244, 97, -146, -170, 195, -24, 292, 771, 0, 600, 24, 175, 
239, 92, -146, -165, 192, -26, 292, 761, -4, 585, 9, 161, 
234, 87, -146, -161, 190, -29, 297, 751, -14, 570, 0, 151, 
229, 78, -151, -153, 190, -36, 302, 746, -19, 561, -4, 141, 
219, 68, -151, -143, 185, -41, 302, 736, -24, 566, -9, 126, 
214, 63, -151, -139, 183, -43, 302, 732, -34, 561, -19, 122, 
214, 53, -161, -134, 187, -53, 307, 727, -43, 551, -34, 117, 
214, 43, -170, -129, 192, -63, 312, 722, -43, 541, -48, 112, 
209, 29, -180, -119, 195, -75, 312, 722, -58, 531, -43, 112, 
204, 29, -175, -117, 190, -73, 312, 722, -63, 522, -58, 102, 
200, 19, -180, -109, 190, -80, 312, 717, -68, 517, -68, 102, 
200, 14, -185, -107, 192, -85, 317, 712, -78, 517, -78, 92, 
200, 9, -190, -104, 195, -90, 326, 707, -78, 512, -87, 92, 
200, 9, -190, -104, 195, -90, 326, 702, -78, 507, -92, 92, 
195, 4, -190, -100, 192, -92, 326, 702, -78, 507, -92, 82, 
190, 0, -190, -95, 190, -95, 331, 702, -82, 502, -92, 78, 
190, -4, -195, -92, 192, -100, 331, 688, -78, 502, -92, 78, 
190, -4, -195, -92, 192, -100, 331, 688, -78, 497, -92, 78, 
190, -9, -200, -90, 195, -104, 336, 688, -78, 492, -92, 78, 
190, -14, -204, -87, 197, -109, 336, 688, -78, 488, -87, 73, 
190, -14, -204, -87, 197, -109, 336, 688, -92, 478, -102, 68, 
190, -14, -204, -87, 197, -109, 336, 688, -92, 478, -102, 63, 
190, -14, -204, -87, 197, -109, 336, 692, -92, 478, -102, 63, 
190, -24, -214, -82, 202, -119, 336, 692, -92, 478, -107, 63, 
180, -24, -204, -78, 192, -114, 336, 683, -92, 488, -107, 63, 
180, -24, -204, -78, 192, -114, 341, 683, -92, 488, -107, 58, 
180, -24, -204, -78, 192, -114, 341, 683, -92, 483, -107, 58, 
180, -24, -204, -78, 192, -114, 341, 683, -92, 483, -107, 58, 
190, -24, -214, -82, 202, -119, 331, 683, -82, 483, -97, 58, 
185, -24, -209, -80, 197, -117, 331, 683, -82, 483, -102, 53, 
185, -24, -209, -80, 197, -117, 331, 683, -82, 483, -102, 53, 
185, -19, -204, -82, 195, -112, 331, 683, -82, 483, -102, 53, 
190, -19, -209, -85, 200, -114, 331, 688, -82, 483, -107, 53, 
190, -19, -209, -85, 200, -114, 331, 688, -82, 483, -107, 53, 
190, -24, -214, -82, 202, -119, 331, 688, -82, 488, -107, 53, 
190, -24, -214, -82, 202, -119, 331, 688, -78, 488, -107, 53, 
180, -19, -200, -80, 190, -109, 341, 688, -87, 488, -97, 58, 
180, -14, -195, -82, 187, -104, 341, 688, -87, 488, -97, 58, 
180, -14, -195, -82, 187, -104, 341, 688, -87, 488, -97, 58, 
180, -14, -195, -82, 187, -104, 341, 683, -87, 488, -97, 58, 
180, -14, -195, -82, 187, -104, 341, 673, -87, 478, -102, 53, 
180, -14, -195, -82, 187, -104, 341, 673, -87, 478, -102, 53, 
180, -14, -195, -82, 187, -104, 336, 673, -87, 478, -102, 58, 
180, -14, -195, -82, 187, -104, 336, 673, -87, 478, -97, 58, 
180, -14, -195, -82, 187, -104, 341, 683, -78, 488, -107, 58, 
180, -14, -195, -82, 187, -104, 341, 678, -78, 488, -107, 58, 
185, -14, -200, -85, 192, -107, 341, 678, -78, 488, -107, 53, 
185, -14, -200, -85, 192, -107, 341, 678, -78, 488, -107, 53, 
185, -14, -200, -85, 192, -107, 331, 678, -87, 488, -107, 53, 
185, -14, -200, -85, 192, -107, 331, 678, -87, 488, -107, 53, 
180, -9, -190, -85, 185, -100, 331, 678, -87, 488, -107, 53, 
175, -9, -185, -82, 180, -97, 331, 678, -87, 488, -107, 53, 
175, -9, -185, -82, 180, -97, 341, 678, -78, 497, -107, 53, 
175, -9, -185, -82, 180, -97, 341, 678, -78, 497, -107, 53, 
175, -9, -185, -82, 180, -97, 341, 668, -78, 497, -107, 53, 
175, -14, -190, -80, 183, -102, 336, 668, -78, 497, -112, 53, 
175, -14, -190, -80, 183, -102, 336, 673, -78, 488, -102, 53, 
175, -14, -190, -80, 183, -102, 341, 673, -78, 488, -102, 53, 
180, -14, -195, -82, 187, -104, 341, 678, -78, 488, -102, 53, 
180, -14, -195, -82, 187, -104, 341, 678, -78, 488, -102, 53, 
175, -14, -190, -80, 183, -102, 331, 678, -92, 488, -97, 68, 
175, -14, -190, -80, 183, -102, 331, 678, -92, 488, -97, 68, 
180, -14, -195, -82, 187, -104, 331, 673, -92, 488, -102, 68, 
180, -14, -195, -82, 187, -104, 331, 673, -92, 488, -102, 68, 
180, -14, -195, -82, 187, -104, 331, 668, -92, 473, -102, 68, 
180, -14, -195, -82, 187, -104, 331, 668, -92, 473, -102, 68, 
180, -14, -195, -82, 187, -104, 331, 668, -92, 473, -102, 68, 
180, -14, -195, -82, 187, -104, 331, 668, -92, 473, -102, 63, 
180, -14, -195, -82, 187, -104, 331, 658, -92, 473, -107, 53, 
185, -14, -200, -85, 192, -107, 326, 653, -97, 473, -107, 53, 
185, -14, -200, -85, 192, -107, 326, 653, -97, 468, -107, 53, 
185, -14, -200, -85, 192, -107, 326, 653, -97, 468, -107, 43, 
175, -14, -190, -80, 183, -102, 336, 649, -107, 468, -117, 43, 
175, -14, -190, -80, 183, -102, 336, 649, -107, 463, -117, 48, 
175, -14, -190, -80, 183, -102, 336, 649, -107, 458, -117, 53, 
175, -14, -190, -80, 183, -102, 336, 644, -107, 453, -122, 53, 
175, -14, -190, -80, 183, -102, 326, 644, -107, 458, -126, 39, 
175, -14, -190, -80, 183, -102, 326, 644, -107, 458, -126, 39, 
175, -14, -190, -80, 183, -102, 326, 644, -112, 458, -126, 39, 
180, -14, -195, -82, 187, -104, 326, 644, -112, 458, -126, 39, 
180, -19, -200, -80, 190, -109, 326, 639, -112, 453, -126, 39, 
180, -19, -200, -80, 190, -109, 326, 639, -117, 448, -131, 39, 
180, -19, -200, -80, 190, -109, 326, 639, -117, 448, -131, 39, 
180, -19, -200, -80, 190, -109, 326, 639, -117, 448, -131, 34, 
170, -29, -200, -70, 185, -114, 326, 639, -126, 448, -136, 34, 
170, -29, -200, -70, 185, -114, 326, 634, -131, 448, -141, 34, 
170, -29, -200, -70, 185, -114, 326, 634, -131, 444, -141, 34, 
165, -29, -195, -68, 180, -112, 326, 634, -131, 444, -141, 29, 
175, -34, -209, -70, 192, -122, 326, 634, -141, 444, -146, 39, 
175, -34, -209, -70, 192, -122, 326, 634, -141, 439, -146, 39, 
175, -34, -209, -70, 192, -122, 326, 634, -136, 439, -146, 39, 
170, -34, -204, -68, 187, -119, 326, 634, -136, 439, -146, 39, 
170, -39, -209, -65, 190, -124, 336, 634, -126, 434, -146, 29, 
170, -39, -209, -65, 190, -124, 336, 634, -131, 434, -151, 24, 
170, -43, -214, -63, 192, -129, 336, 634, -131, 429, -156, 24, 
170, -43, -214, -63, 192, -129, 336, 634, -131, 424, -156, 24, 
170, -43, -214, -63, 192, -129, 336, 629, -141, 434, -146, 24, 
175, -43, -219, -65, 197, -131, 336, 629, -141, 434, -146, 19, 
175, -43, -219, -65, 197, -131, 336, 629, -141, 434, -146, 19, 
170, -43, -214, -63, 192, -129, 336, 624, -141, 429, -146, 19, 
170, -43, -214, -63, 192, -129, 336, 624, -141, 429, -151, 19, 
175, -48, -224, -63, 200, -136, 336, 624, -141, 429, -151, 19, 
175, -48, -224, -63, 200, -136, 336, 624, -141, 424, -151, 19, 
170, -48, -219, -61, 195, -134, 336, 619, -141, 424, -156, 19, 
170, -48, -219, -61, 195, -134, 336, 619, -146, 429, -165, 24, 
170, -48, -219, -61, 195, -134, 336, 619, -146, 429, -165, 24, 
170, -48, -219, -61, 195, -134, 336, 619, -146, 424, -165, 24, 
170, -48, -219, -61, 195, -134, 336, 619, -146, 424, -170, 19, 
161, -48, -209, -56, 185, -129, 336, 619, -156, 424, -161, 19, 
161, -48, -209, -56, 185, -129, 336, 619, -156, 419, -161, 19, 
161, -48, -209, -56, 185, -129, 336, 619, -151, 419, -161, 19, 
161, -48, -209, -56, 185, -129, 336, 619, -151, 424, -161, 14, 
165, -48, -214, -58, 190, -131, 326, 610, -151, 424, -161, 14, 
165, -48, -214, -58, 190, -131, 326, 610, -156, 419, -161, 14, 
170, -53, -224, -58, 197, -139, 326, 614, -156, 414, -161, 14, 
170, -53, -224, -58, 197, -139, 326, 614, -161, 414, -161, 14, 
161, -43, -204, -58, 183, -124, 326, 619, -161, 405, -165, 14, 
161, -43, -204, -58, 183, -124, 326, 619, -161, 409, -165, 14, 
161, -48, -209, -56, 185, -129, 326, 619, -161, 409, -165, 14, 
161, -48, -209, -56, 185, -129, 326, 614, -161, 405, -165, 14, 
170, -53, -224, -58, 197, -139, 331, 605, -161, 405, -165, 14, 
170, -53, -224, -58, 197, -139, 331, 605, -161, 405, -165, 14, 
170, -53, -224, -58, 197, -139, 331, 605, -165, 405, -165, 14, 
165, -53, -219, -56, 192, -136, 341, 610, -165, 405, -161, 14, 
165, -53, -219, -56, 192, -136, 331, 610, -165, 405, -161, 14, 
165, -58, -224, -53, 195, -141, 326, 600, -165, 400, -170, 14, 
165, -58, -224, -53, 195, -141, 326, 600, -165, 400, -170, 14, 
165, -58, -224, -53, 195, -141, 326, 605, -165, 405, -165, 14, 
165, -58, -224, -53, 195, -141, 326, 605, -156, 405, -165, 24, 
165, -58, -224, -53, 195, -141, 326, 605, -156, 405, -170, 19, 
165, -58, -224, -53, 195, -141, 326, 605, -161, 405, -175, 14, 
165, -58, -224, -53, 195, -141, 326, 600, -161, 405, -175, 14, 
165, -58, -224, -53, 195, -141, 326, 600, -161, 400, -175, 14, 
165, -58, -224, -53, 195, -141, 326, 605, -161, 400, -175, 19, 
165, -58, -224, -53, 195, -141, 326, 605, -161, 400, -175, 19, 
165, -58, -224, -53, 195, -141, 326, 605, -161, 400, -175, 19, 
165, -58, -224, -53, 195, -141, 326, 600, -161, 395, -165, 19, 
165, -58, -224, -53, 195, -141, 326, 600, -161, 395, -165, 19, 
165, -58, -224, -53, 195, -141, 326, 600, -161, 400, -165, 19, 
165, -63, -229, -51, 197, -146, 326, 600, -161, 400, -165, 19, 
165, -53, -219, -56, 192, -136, 326, 600, -161, 400, -165, 19, 
165, -53, -219, -56, 192, -136, 326, 600, -161, 400, -165, 19, 
165, -48, -214, -58, 190, -131, 326, 600, -161, 400, -165, 19, 
165, -48, -214, -58, 190, -131, 326, 600, -161, 400, -165, 19, 
175, -58, -234, -58, 204, -146, 322, 600, -161, 400, -175, 9, 
175, -63, -239, -56, 207, -151, 322, 600, -161, 400, -170, 9, 
175, -63, -239, -56, 207, -151, 317, 600, -161, 400, -170, 9, 
175, -63, -239, -56, 207, -151, 317, 600, -161, 400, -175, 9, 
165, -58, -224, -53, 195, -141, 326, 600, -161, 400, -165, 9, 
165, -58, -224, -53, 195, -141, 326, 600, -161, 400, -165, 9, 
165, -58, -224, -53, 195, -141, 326, 600, -161, 400, -165, 9, 
165, -58, -224, -53, 195, -141, 326, 600, -161, 400, -170, 9, 
165, -58, -224, -53, 195, -141, 326, 600, -161, 400, -170, 9, 
165, -58, -224, -53, 195, -141, 326, 600, -161, 400, -170, 9, 
165, -58, -224, -53, 195, -141, 326, 600, -161, 400, -170, 9, 
165, -53, -219, -56, 192, -136, 326, 600, -161, 400, -170, 4, 
165, -53, -219, -56, 192, -136, 326, 590, -161, 400, -170, 4, 
165, -53, -219, -56, 192, -136, 326, 590, -161, 395, -170, 9, 
165, -53, -219, -56, 192, -136, 326, 590, -161, 395, -170, 9, 
165, -58, -224, -53, 195, -141, 326, 590, -156, 395, -165, 9, 
170, -68, -239, -51, 204, -153, 326, 595, -165, 400, -165, 19, 
170, -68, -239, -51, 204, -153, 326, 595, -170, 400, -165, 19, 
170, -68, -239, -51, 204, -153, 326, 595, -170, 400, -165, 19, 
170, -68, -239, -51, 204, -153, 326, 595, -170, 400, -170, 19, 
170, -68, -239, -51, 204, -153, 326, 595, -161, 400, -170, 19, 
170, -63, -234, -53, 202, -148, 326, 595, -161, 400, -165, 19, 
170, -63, -234, -53, 202, -148, 326, 600, -161, 400, -165, 24, 
170, -68, -239, -51, 204, -153, 326, 600, -161, 400, -161, 24, 
170, -63, -234, -53, 202, -148, 326, 595, -165, 390, -161, 9, 
175, -58, -234, -58, 204, -146, 322, 595, -165, 390, -165, 19, 
175, -58, -234, -58, 204, -146, 322, 595, -175, 390, -165, 19, 
175, -58, -234, -58, 204, -146, 322, 595, -175, 390, -165, 19, 
175, -58, -234, -58, 204, -146, 322, 595, -175, 390, -165, 19, 
175, -58, -234, -58, 204, -146, 322, 595, -175, 390, -165, 19, 
175, -58, -234, -58, 204, -146, 322, 585, -175, 390, -165, 9, 
175, -58, -234, -58, 204, -146, 322, 585, -175, 390, -165, 9, 
175, -58, -234, -58, 204, -146, 322, 585, -175, 390, -165, 9, 
175, -58, -234, -58, 204, -146, 322, 585, -175, 390, -165, 9, 
165, -68, -234, -48, 200, -151, 322, 595, -165, 390, -165, 19, 
165, -68, -234, -48, 200, -151, 322, 595, -165, 390, -165, 19, 
165, -68, -234, -48, 200, -151, 322, 595, -165, 390, -165, 19, 
165, -68, -234, -48, 200, -151, 322, 595, -165, 390, -165, 19, 
175, -68, -244, -53, 209, -156, 322, 585, -165, 390, -165, 19, 
175, -68, -244, -53, 209, -156, 322, 585, -165, 390, -165, 19, 
175, -68, -244, -53, 209, -156, 322, 585, -165, 390, -165, 19, 
175, -68, -244, -53, 209, -156, 322, 585, -165, 390, -165, 19, 
175, -68, -244, -53, 209, -156, 322, 585, -165, 390, -165, 19, 
175, -68, -244, -53, 209, -156, 322, 585, -165, 390, -165, 19, 
175, -68, -244, -53, 209, -156, 322, 585, -165, 390, -165, 19, 
175, -68, -244, -53, 209, -156, 322, 585, -165, 390, -165, 19, 
165, -68, -234, -48, 200, -151, 331, 585, -165, 390, -165, 19, 
165, -68, -234, -48, 200, -151, 331, 585, -165, 390, -165, 19, 
165, -68, -234, -48, 200, -151, 331, 585, -165, 390, -165, 19, 
165, -68, -234, -48, 200, -151, 331, 585, -165, 390, -165, 19, 
175, -68, -244, -53, 209, -156, 322, 585, -156, 390, -156, 29, 
175, -68, -244, -53, 209, -156, 322, 585, -156, 390, -156, 29, 
175, -68, -244, -53, 209, -156, 322, 585, -156, 390, -156, 29, 
175, -68, -244, -53, 209, -156, 322, 585, -156, 390, -156, 29, 
175, -68, -244, -53, 209, -156, 322, 585, -156, 390, -165, 19, 
175, -68, -244, -53, 209, -156, 322, 585, -156, 390, -165, 19, 
175, -68, -244, -53, 209, -156, 322, 585, -156, 390, -165, 19, 
175, -68, -244, -53, 209, -156, 322, 585, -156, 390, -165, 19, 
165, -68, -234, -48, 200, -151, 322, 595, -156, 390, -156, 29, 
165, -68, -234, -48, 200, -151, 322, 595, -156, 390, -156, 29, 
165, -68, -234, -48, 200, -151, 322, 595, -156, 390, -156, 29, 
165, -68, -234, -48, 200, -151, 322, 595, -156, 390, -156, 29, 
175, -68, -244, -53, 209, -156, 322, 585, -156, 390, -156, 19, 
175, -68, -244, -53, 209, -156, 322, 585, -156, 390, -156, 19, 
175, -68, -244, -53, 209, -156, 322, 585, -156, 390, -156, 19, 
175, -68, -244, -53, 209, -156, 322, 585, -156, 390, -156, 19, 
165, -68, -234, -48, 200, -151, 331, 575, -156, 390, -165, 19, 
165, -68, -234, -48, 200, -151, 331, 575, -156, 390, -165, 19, 
165, -68, -234, -48, 200, -151, 331, 575, -156, 390, -165, 19, 
165, -68, -234, -48, 200, -151, 331, 575, -156, 390, -165, 19, 
175, -68, -244, -53, 209, -156, 331, 575, -165, 380, -156, 19, 
175, -68, -244, -53, 209, -156, 331, 575, -165, 380, -156, 19, 
175, -68, -244, -53, 209, -156, 331, 575, -165, 380, -156, 19, 
175, -68, -244, -53, 209, -156, 331, 575, -165, 380, -156, 19, 
175, -68, -244, -53, 209, -156, 322, 585, -165, 380, -165, 19, 
175, -68, -244, -53, 209, -156, 322, 585, -165, 380, -165, 19, 
175, -68, -244, -53, 209, -156, 322, 585, -165, 380, -165, 19, 
175, -68, -244, -53, 209, -156, 322, 585, -165, 380, -165, 19, 
175, -68, -244, -53, 209, -156, 331, 585, -165, 380, -156, 29, 
175, -68, -244, -53, 209, -156, 331, 585, -165, 380, -156, 29, 
175, -68, -244, -53, 209, -156, 331, 585, -165, 380, -156, 29, 
175, -68, -244, -53, 209, -156, 331, 585, -165, 380, -156, 29, 
175, -68, -244, -53, 209, -156, 331, 575, -165, 380, -156, 29, 
175, -68, -244, -53, 209, -156, 331, 575, -165, 380, -156, 29, 
175, -68, -244, -53, 209, -156, 331, 575, -165, 380, -156, 29, 
175, -68, -244, -53, 209, -156, 331, 575, -165, 380, -156, 29, 
165, -68, -234, -48, 200, -151, 322, 575, -165, 380, -165, 29, 
165, -68, -234, -48, 200, -151, 322, 575, -165, 380, -165, 29, 
165, -68, -234, -48, 200, -151, 322, 575, -165, 380, -165, 29, 
165, -68, -234, -48, 200, -151, 322, 575, -165, 380, -165, 29, 
175, -68, -244, -53, 209, -156, 322, 585, -165, 390, -165, 29, 
175, -68, -244, -53, 209, -156, 322, 585, -165, 390, -165, 29, 
175, -68, -244, -53, 209, -156, 322, 585, -165, 390, -165, 29, 
175, -68, -244, -53, 209, -156, 322, 585, -165, 390, -165, 29, 
175, -58, -234, -58, 204, -146, 331, 585, -156, 390, -156, 29, 
175, -58, -234, -58, 204, -146, 331, 585, -156, 390, -156, 29, 
175, -58, -234, -58, 204, -146, 331, 585, -156, 390, -156, 29, 
175, -58, -234, -58, 204, -146, 331, 585, -156, 390, -156, 29, 
185, -43, -229, -70, 207, -136, 331, 595, -151, 405, -141, 34, 
185, -39, -224, -73, 204, -131, 331, 595, -146, 409, -136, 39, 
185, -34, -219, -75, 202, -126, 331, 595, -141, 414, -131, 43, 
185, -29, -214, -78, 200, -122, 331, 595, -136, 419, -126, 48, 
190, -19, -209, -85, 200, -114, 341, 595, -126, 429, -117, 58, 
195, -9, -204, -92, 200, -107, 341, 595, -126, 429, -117, 58, 
200, 0, -200, -100, 200, -100, 341, 595, -126, 429, -117, 58, 
204, 9, -195, -107, 200, -92, 341, 595, -126, 429, -117, 58, 
214, 9, -204, -112, 209, -97, 351, 610, -117, 439, -117, 68, 
214, 9, -204, -112, 209, -97, 351, 614, -117, 439, -117, 68, 
214, 9, -204, -112, 209, -97, 351, 619, -117, 439, -117, 68, 
214, 9, -204, -112, 209, -97, 351, 624, -117, 439, -117, 68, 
219, 9, -209, -114, 214, -100, 361, 629, -107, 444, -112, 73, 
224, 9, -214, -117, 219, -102, 361, 634, -97, 448, -107, 78, 
229, 9, -219, -119, 224, -104, 361, 639, -87, 453, -102, 82, 
234, 9, -224, -122, 229, -107, 366, 644, -73, 463, -97, 87, 
234, 14, -219, -124, 226, -102, 356, 644, -82, 463, -97, 87, 
239, 14, -224, -126, 231, -104, 351, 644, -82, 463, -97, 87, 
239, 14, -224, -126, 231, -104, 346, 644, -82, 463, -97, 87, 
239, 14, -224, -126, 231, -104, 341, 644, -82, 463, -97, 87, 
253, 19, -234, -136, 244, -107, 322, 629, -92, 448, -97, 87, 
258, 19, -239, -139, 248, -109, 307, 624, -102, 448, -102, 92, 
263, 24, -239, -143, 251, -107, 273, 619, -112, 444, -102, 92, 
268, 29, -239, -148, 253, -104, 253, 614, -112, 444, -102, 92, 
263, 19, -244, -141, 253, -112, 258, 619, -117, 444, -102, 92, 
268, 19, -248, -143, 258, -114, 253, 619, -122, 439, -102, 97, 
273, 19, -253, -146, 263, -117, 253, 614, -126, 439, -102, 102, 
278, 29, -248, -153, 263, -109, 253, 614, -131, 439, -97, 102, 
278, 34, -244, -156, 261, -104, 263, 605, -131, 429, -107, 102, 
278, 34, -244, -156, 261, -104, 263, 605, -131, 424, -107, 102, 
278, 29, -248, -153, 263, -109, 263, 605, -136, 414, -107, 102, 
278, 19, -258, -148, 268, -119, 273, 610, -136, 414, -107, 102, 
283, 0, -283, -141, 283, -141, 273, 610, -146, 414, -112, 97, 
283, -9, -292, -136, 287, -151, 273, 610, -151, 405, -126, 92, 
283, -14, -297, -134, 290, -156, 273, 605, -170, 395, -131, 87, 
283, -14, -297, -134, 290, -156, 273, 605, -175, 390, -131, 87, 
273, -9, -283, -131, 278, -146, 263, 590, -175, 385, -136, 82, 
273, -14, -287, -129, 280, -151, 263, 580, -185, 380, -141, 73, 
273, -14, -287, -129, 280, -151, 263, 570, -185, 380, -146, 68, 
273, -14, -287, -129, 280, -151, 263, 566, -180, 380, -146, 63, 
273, -14, -287, -129, 280, -151, 273, 575, -170, 380, -141, 73, 
273, -14, -287, -129, 280, -151, 273, 575, -170, 375, -141, 73, 
273, -14, -287, -129, 280, -151, 273, 575, -170, 375, -141, 73, 
273, -14, -287, -129, 280, -151, 278, 580, -165, 380, -136, 73, 
253, -24, -278, -114, 265, -151, 268, 585, -175, 375, -136, 73, 
244, -29, -273, -107, 258, -151, 273, 585, -175, 375, -136, 73, 
239, -39, -278, -100, 258, -158, 283, 585, -175, 375, -141, 68, 
234, -43, -278, -95, 256, -161, 287, 585, -175, 370, -141, 63, 
219, -48, -268, -85, 244, -158, 302, 580, -185, 370, -156, 53, 
204, -63, -268, -70, 236, -165, 307, 575, -185, 366, -165, 48, 
200, -68, -268, -65, 234, -168, 312, 575, -185, 361, -165, 43, 
195, -82, -278, -56, 236, -180, 312, 566, -195, 351, -180, 34, 
190, -87, -278, -51, 234, -183, 302, 556, -195, 346, -175, 29, 
190, -92, -283, -48, 236, -187, 302, 556, -195, 346, -180, 24, 
190, -102, -292, -43, 241, -197, 307, 551, -195, 346, -185, 24, 
185, -102, -287, -41, 236, -195, 307, 551, -204, 341, -185, 19, 
180, -112, -292, -34, 236, -202, 307, 546, -195, 341, -185, 29, 
180, -112, -292, -34, 236, -202, 307, 546, -195, 341, -190, 24, 
180, -112, -292, -34, 236, -202, 307, 546, -195, 341, -190, 19, 
180, -112, -292, -34, 236, -202, 312, 546, -195, 341, -190, 14, 
180, -112, -292, -34, 236, -202, 312, 546, -195, 341, -190, 14, 
180, -112, -292, -34, 236, -202, 317, 551, -190, 341, -195, 14, 
180, -117, -297, -31, 239, -207, 317, 551, -190, 341, -195, 19, 
175, -117, -292, -29, 234, -204, 317, 551, -185, 341, -195, 19, 
175, -107, -283, -34, 229, -195, 317, 551, -185, 341, -185, 19, 
175, -102, -278, -36, 226, -190, 322, 551, -185, 341, -180, 19, 
170, -102, -273, -34, 222, -187, 322, 551, -185, 341, -175, 24, 
170, -102, -273, -34, 222, -187, 326, 551, -180, 346, -175, 24, 
170, -112, -283, -29, 226, -197, 326, 556, -180, 346, -175, 34, 
170, -107, -278, -31, 224, -192, 326, 556, -180, 346, -175, 34, 
165, -107, -273, -29, 219, -190, 331, 556, -180, 351, -175, 34, 
165, -107, -273, -29, 219, -190, 331, 556, -180, 351, -175, 29, 
165, -107, -273, -29, 219, -190, 331, 556, -180, 351, -175, 29, 
165, -107, -273, -29, 219, -190, 331, 556, -175, 351, -175, 29, 
161, -107, -268, -26, 214, -187, 336, 556, -175, 351, -175, 29, 
161, -107, -268, -26, 214, -187, 336, 556, -175, 351, -175, 29, 
161, -102, -263, -29, 212, -183, 336, 556, -170, 341, -185, 19, 
156, -102, -258, -26, 207, -180, 336, 556, -170, 341, -185, 19, 
156, -102, -258, -26, 207, -180, 336, 556, -170, 341, -185, 24, 
156, -102, -258, -26, 207, -180, 336, 556, -170, 341, -185, 24, 
156, -102, -258, -26, 207, -180, 336, 556, -161, 351, -175, 24, 
151, -102, -253, -24, 202, -178, 336, 556, -161, 351, -175, 24, 
151, -97, -248, -26, 200, -173, 341, 556, -161, 351, -175, 24, 
151, -97, -248, -26, 200, -173, 341, 556, -161, 351, -175, 24, 
156, -97, -253, -29, 204, -175, 336, 556, -170, 351, -165, 24, 
156, -97, -253, -29, 204, -175, 336, 556, -170, 351, -165, 24, 
156, -97, -253, -29, 204, -175, 336, 561, -165, 351, -165, 24, 
156, -97, -253, -29, 204, -175, 336, 561, -165, 351, -165, 24, 
156, -97, -253, -29, 204, -175, 336, 561, -170, 351, -175, 34, 
156, -97, -253, -29, 204, -175, 336, 561, -170, 351, -175, 34, 
156, -97, -253, -29, 204, -175, 336, 561, -170, 351, -175, 34, 
156, -97, -253, -29, 204, -175, 336, 561, -170, 351, -175, 34, 
151, -92, -244, -29, 197, -168, 336, 551, -161, 341, -175, 24, 
141, -102, -244, -19, 192, -173, 351, 556, -156, 351, -175, 19, 
136, -112, -248, -12, 192, -180, 361, 566, -136, 351, -185, 9, 
126, -112, -239, -7, 183, -175, 380, 570, -122, 356, -190, -4, 
97, -107, -204, 4, 151, -156, 400, 575, -102, 361, -204, -24, 
68, -107, -175, 19, 122, -141, 434, 585, -87, 370, -224, -68, 
39, -112, -151, 36, 95, -131, 473, 600, -63, 375, -248, -107, 
14, -112, -126, 48, 70, -119, 517, 600, -29, 380, -268, -141, 
-4, -107, -102, 56, 48, -104, 531, 610, -9, 395, -258, -136, 
4, -63, -68, 29, 36, -65, 522, 619, 19, 424, -224, -87, 
34, -14, -48, -9, 41, -31, 512, 653, 53, 458, -165, -29, 
82, 24, -58, -53, 70, -17, 512, 727, 126, 502, -102, 43, 
146, 58, -87, -102, 117, -14, 492, 824, 180, 531, -39, 122, 
224, 97, -126, -161, 175, -14, 468, 907, 234, 556, 24, 219, 
297, 146, -151, -222, 224, -2, 453, 1000, 312, 619, 117, 346, 
370, 190, -180, -280, 275, 4, 439, 1102, 385, 712, 234, 483, 
473, 204, -268, -339, 370, -31, 424, 1190, 409, 780, 341, 614, 
595, 185, -409, -390, 502, -112, 375, 1249, 380, 824, 434, 751, 
678, 195, -483, -436, 580, -143, 322, 1244, 331, 897, 575, 917, 
717, 287, -429, -502, 573, -70, 244, 1176, 273, 1029, 771, 1137, 
751, 414, -336, -583, 544, 39, 146, 1083, 185, 1171, 1000, 1371, 
824, 517, -307, -671, 566, 104, 14, 1005, 48, 1273, 1210, 1625, 
883, 600, -283, -741, 583, 158, -107, 888, -122, 1327, 1376, 1834, 
902, 658, -244, -780, 573, 207, -180, 771, -253, 1361, 1493, 1966, 
922, 678, -244, -800, 583, 217, -219, 722, -322, 1410, 1586, 2059, 
922, 668, -253, -795, 588, 207, -219, 692, -370, 1429, 1644, 2113, 
888, 639, -248, -763, 568, 195, -209, 629, -444, 1390, 1615, 2069, 
844, 595, -248, -719, 546, 173, -200, 551, -527, 1322, 1537, 1961, 
785, 536, -248, -661, 517, 143, -190, 483, -575, 1254, 1400, 1786, 
712, 453, -258, -583, 485, 97, -156, 414, -624, 1141, 1215, 1537, 
610, 375, -234, -492, 422, 70, -102, 331, -673, 1044, 1034, 1268, 
473, 326, -146, -400, 309, 90, -68, 248, -727, 956, 907, 1063, 
331, 263, -68, -297, 200, 97, -4, 165, -761, 854, 746, 854, 
200, 185, -14, -192, 107, 85, 58, 73, -814, 712, 517, 585, 
92, 117, 24, -104, 34, 70, 107, -19, -868, 570, 278, 331, 
19, 68, 48, -43, -14, 58, 136, -73, -907, 414, 87, 165, 
-9, 29, 39, -9, -24, 34, 165, -78, -922, 258, -102, 53, 
-29, -24, 4, 26, -17, -9, 200, -68, -902, 141, -253, -43, 
-24, -43, -19, 34, -2, -31, 214, -24, -849, 87, -331, -82, 
-14, -43, -29, 29, 7, -36, 239, 53, -761, 102, -326, -63, 
-9, -82, -73, 46, 31, -78, 283, 146, -653, 131, -297, -43, 
-14, -122, -107, 68, 46, -114, 326, 209, -556, 151, -287, -43, 
0, -136, -136, 68, 68, -136, 356, 283, -478, 185, -263, -34, 
14, -136, -151, 61, 82, -143, 366, 351, -395, 234, -234, -9, 
39, -136, -175, 48, 107, -156, 370, 400, -346, 263, -214, 4, 
58, -126, -185, 34, 122, -156, 351, 419, -312, 287, -204, 14, 
87, -107, -195, 9, 141, -151, 336, 448, -292, 317, -190, 29, 
102, -92, -195, -4, 148, -143, 322, 463, -268, 346, -170, 29, 
112, -78, -190, -17, 151, -134, 317, 463, -248, 356, -165, 29, 
117, -63, -180, -26, 148, -122, 317, 468, -234, 346, -175, 34, 
117, -63, -180, -26, 148, -122, 317, 492, -204, 351, -165, 34, 
112, -78, -190, -17, 151, -134, 326, 502, -180, 346, -170, 34, 
112, -92, -204, -9, 158, -148, 341, 517, -161, 346, -161, 34, 
117, -97, -214, -9, 165, -156, 341, 531, -151, 351, -165, 29, 
117, -107, -224, -4, 170, -165, 351, 546, -146, 351, -170, 34, 
117, -107, -224, -4, 170, -165, 351, 556, -141, 346, -180, 34, 
122, -107, -229, -7, 175, -168, 356, 561, -141, 351, -180, 34, 
122, -107, -229, -7, 175, -168, 361, 561, -141, 356, -180, 29, 
117, -107, -224, -4, 170, -165, 361, 561, -136, 356, -180, 24, 
126, -107, -234, -9, 180, -170, 361, 561, -126, 351, -180, 14, 
126, -107, -234, -9, 180, -170, 361, 566, -122, 351, -180, 19, 
126, -102, -229, -12, 178, -165, 361, 566, -117, 351, -180, 19, 
126, -97, -224, -14, 175, -161, 356, 570, -112, 351, -180, 19, 
131, -107, -239, -12, 185, -173, 356, 575, -112, 351, -180, 19, 
136, -107, -244, -14, 190, -175, 361, 585, -107, 351, -180, 24, 
136, -107, -244, -14, 190, -175, 361, 590, -107, 351, -180, 24, 
131, -107, -239, -12, 185, -173, 361, 595, -102, 356, -180, 24, 
131, -107, -239, -12, 185, -173, 361, 595, -97, 356, -180, 24, 
131, -107, -239, -12, 185, -173, 361, 590, -92, 356, -180, 24, 
136, -107, -244, -14, 190, -175, 361, 590, -92, 356, -180, 24, 
136, -102, -239, -17, 187, -170, 361, 595, -92, 356, -180, 24, 
136, -112, -248, -12, 192, -180, 361, 600, -87, 366, -180, 34, 
136, -117, -253, -9, 195, -185, 361, 600, -87, 366, -180, 34, 
141, -117, -258, -12, 200, -187, 361, 605, -87, 361, -180, 34, 
141, -112, -253, -14, 197, -183, 366, 605, -87, 361, -180, 34, 
141, -102, -244, -19, 192, -173, 366, 605, -82, 361, -170, 24, 
141, -102, -244, -19, 192, -173, 366, 605, -78, 361, -170, 29, 
141, -102, -244, -19, 192, -173, 366, 605, -78, 361, -165, 29, 
146, -102, -248, -21, 197, -175, 366, 610, -73, 361, -161, 29, 
146, -102, -248, -21, 197, -175, 366, 600, -73, 361, -170, 29, 
141, -102, -244, -19, 192, -173, 366, 600, -73, 366, -165, 29, 
141, -102, -244, -19, 192, -173, 366, 600, -68, 370, -165, 29, 
146, -102, -248, -21, 197, -175, 366, 600, -68, 370, -165, 39, 
146, -102, -248, -21, 197, -175, 366, 605, -68, 370, -156, 39, 
141, -102, -244, -19, 192, -173, 366, 605, -68, 370, -151, 43, 
141, -102, -244, -19, 192, -173, 366, 610, -68, 370, -151, 43, 
146, -102, -248, -21, 197, -175, 361, 614, -68, 370, -151, 43, 
146, -92, -239, -26, 192, -165, 361, 614, -53, 385, -151, 48, 
151, -92, -244, -29, 197, -168, 361, 614, -48, 385, -151, 48, 
151, -92, -244, -29, 197, -168, 361, 619, -43, 385, -146, 53, 
151, -92, -244, -29, 197, -168, 361, 619, -43, 390, -146, 53, 
156, -87, -244, -34, 200, -165, 361, 629, -43, 390, -141, 53, 
156, -87, -244, -34, 200, -165, 361, 629, -43, 390, -136, 63, 
156, -87, -244, -34, 200, -165, 361, 629, -39, 390, -136, 68, 
156, -87, -244, -34, 200, -165, 361, 629, -39, 390, -136, 68, 
156, -92, -248, -31, 202, -170, 351, 629, -39, 400, -131, 73, 
165, -87, -253, -39, 209, -170, 351, 629, -39, 400, -131, 73, 
165, -87, -253, -39, 209, -170, 351, 634, -29, 400, -131, 78, 
165, -82, -248, -41, 207, -165, 351, 634, -29, 400, -131, 78, 
165, -87, -253, -39, 209, -170, 361, 634, -29, 400, -126, 82, 
165, -87, -253, -39, 209, -170, 361, 639, -29, 400, -122, 87, 
165, -87, -253, -39, 209, -170, 356, 639, -24, 400, -117, 87, 
170, -82, -253, -43, 212, -168, 356, 644, -19, 409, -117, 92, 
170, -73, -244, -48, 207, -158, 356, 644, -14, 400, -117, 82, 
175, -73, -248, -51, 212, -161, 356, 644, -14, 405, -112, 92, 
175, -73, -248, -51, 212, -161, 356, 653, -4, 414, -102, 97, 
175, -68, -244, -53, 209, -156, 356, 658, -4, 414, -102, 102, 
175, -68, -244, -53, 209, -156, 356, 658, -4, 419, -97, 107, 
175, -68, -244, -53, 209, -156, 351, 658, 4, 419, -92, 112, 
175, -63, -239, -56, 207, -151, 351, 658, 9, 419, -87, 117, 
180, -63, -244, -58, 212, -153, 351, 658, 14, 424, -87, 117, 
190, -63, -253, -63, 222, -158, 341, 673, 19, 429, -97, 122, 
195, -58, -253, -68, 224, -156, 341, 673, 19, 429, -92, 126, 
195, -58, -253, -68, 224, -156, 341, 683, 14, 429, -87, 126, 
204, -48, -253, -78, 229, -151, 336, 688, 14, 434, -82, 131, 
204, -48, -253, -78, 229, -151, 346, 688, 34, 434, -78, 136, 
204, -43, -248, -80, 226, -146, 341, 688, 39, 439, -73, 141, 
209, -39, -248, -85, 229, -143, 341, 688, 43, 444, -68, 146, 
209, -34, -244, -87, 226, -139, 341, 692, 48, 444, -63, 151, 
209, -39, -248, -85, 229, -143, 336, 707, 53, 448, -48, 161, 
219, -34, -253, -92, 236, -143, 336, 712, 58, 458, -39, 165, 
219, -29, -248, -95, 234, -139, 336, 717, 63, 468, -34, 170, 
224, -24, -248, -100, 236, -136, 331, 722, 68, 478, -29, 175, 
219, -14, -234, -102, 226, -124, 331, 727, 73, 473, -34, 185, 
219, -4, -224, -107, 222, -114, 322, 732, 82, 478, -24, 195, 
219, 0, -219, -109, 219, -109, 322, 736, 82, 483, -19, 200, 
219, 14, -204, -117, 212, -95, 322, 741, 92, 492, -4, 214, 
234, 14, -219, -124, 226, -102, 322, 756, 102, 488, 14, 214, 
244, 24, -219, -134, 231, -97, 322, 766, 107, 497, 24, 224, 
248, 29, -219, -139, 234, -95, 312, 771, 107, 512, 29, 234, 
253, 34, -219, -143, 236, -92, 307, 780, 117, 517, 39, 244, 
248, 34, -214, -141, 231, -90, 317, 780, 136, 536, 48, 258, 
253, 39, -214, -146, 234, -87, 312, 785, 136, 541, 58, 268, 
258, 48, -209, -153, 234, -80, 312, 795, 146, 551, 68, 278, 
263, 63, -200, -163, 231, -68, 307, 805, 156, 561, 87, 292, 
283, 68, -214, -175, 248, -73, 302, 814, 170, 570, 97, 312, 
287, 78, -209, -183, 248, -65, 297, 829, 180, 585, 102, 322, 
292, 87, -204, -190, 248, -58, 292, 849, 190, 595, 117, 336, 
297, 97, -200, -197, 248, -51, 287, 863, 200, 605, 126, 351, 
322, 117, -204, -219, 263, -43, 273, 863, 214, 605, 141, 366, 
326, 131, -195, -229, 261, -31, 268, 873, 224, 619, 161, 385, 
331, 141, -190, -236, 261, -24, 263, 883, 234, 639, 185, 405, 
346, 156, -190, -251, 268, -17, 258, 897, 244, 653, 200, 424, 
341, 161, -180, -251, 261, -9, 263, 912, 273, 663, 214, 444, 
351, 175, -175, -263, 263, 0, 253, 922, 278, 678, 234, 463, 
361, 190, -170, -275, 265, 9, 244, 946, 292, 692, 253, 488, 
370, 195, -175, -283, 273, 9, 234, 966, 307, 707, 278, 517, 
390, 219, -170, -305, 280, 24, 229, 985, 307, 717, 292, 531, 
400, 234, -165, -317, 283, 34, 219, 995, 322, 736, 312, 556, 
414, 253, -161, -334, 287, 46, 209, 1005, 336, 756, 336, 585, 
429, 268, -161, -348, 295, 53, 200, 1029, 351, 771, 356, 605, 
439, 283, -156, -361, 297, 63, 195, 1049, 375, 785, 370, 629, 
448, 302, -146, -375, 297, 78, 185, 1058, 385, 805, 390, 653, 
458, 317, -141, -387, 300, 87, 175, 1068, 405, 819, 414, 678, 
473, 331, -141, -402, 307, 95, 165, 1083, 409, 834, 439, 707, 
483, 351, -131, -417, 307, 109, 161, 1102, 434, 839, 458, 717, 
492, 366, -126, -429, 309, 119, 151, 1107, 444, 854, 478, 746, 
512, 385, -126, -448, 319, 129, 141, 1127, 453, 868, 492, 771, 
527, 395, -131, -461, 329, 131, 131, 1132, 458, 893, 512, 785, 
536, 409, -126, -473, 331, 141, 136, 1141, 468, 897, 527, 810, 
546, 419, -126, -483, 336, 146, 126, 1151, 478, 907, 551, 824, 
556, 429, -126, -492, 341, 151, 122, 1161, 483, 917, 561, 839, 
561, 444, -117, -502, 339, 163, 112, 1166, 492, 932, 580, 854, 
570, 448, -122, -509, 346, 163, 102, 1185, 512, 946, 585, 863, 
575, 463, -112, -519, 344, 175, 87, 1195, 522, 961, 605, 883, 
580, 463, -117, -522, 348, 173, 87, 1200, 527, 966, 624, 907, 
590, 483, -107, -536, 348, 187, 82, 1205, 536, 976, 639, 922, 
605, 478, -126, -541, 366, 175, 87, 1220, 541, 971, 649, 932, 
610, 488, -122, -549, 366, 183, 78, 1220, 546, 980, 663, 951, 
614, 492, -122, -553, 368, 185, 78, 1224, 546, 985, 668, 956, 
619, 502, -117, -561, 368, 192, 73, 1229, 551, 995, 683, 971, 
634, 502, -131, -568, 383, 185, 68, 1239, 556, 1015, 678, 971, 
634, 502, -131, -568, 383, 185, 68, 1244, 556, 1015, 688, 980, 
639, 507, -131, -573, 385, 187, 63, 1244, 561, 1019, 697, 985, 
644, 507, -136, -575, 390, 185, 63, 1244, 566, 1019, 697, 990, 
649, 522, -126, -585, 387, 197, 58, 1244, 566, 1010, 692, 1000, 
649, 522, -126, -585, 387, 197, 58, 1244, 570, 1010, 692, 1000, 
649, 522, -126, -585, 387, 197, 58, 1244, 570, 1010, 692, 1000, 
649, 522, -126, -585, 387, 197, 58, 1239, 566, 1010, 692, 1000, 
644, 517, -126, -580, 385, 195, 63, 1234, 551, 1015, 688, 995, 
639, 512, -126, -575, 383, 192, 63, 1224, 551, 1010, 683, 990, 
639, 512, -126, -575, 383, 192, 63, 1215, 551, 1010, 678, 985, 
639, 512, -126, -575, 383, 192, 68, 1205, 546, 1005, 668, 971, 
629, 502, -126, -566, 378, 187, 73, 1185, 531, 990, 658, 946, 
619, 492, -126, -556, 373, 183, 78, 1176, 527, 980, 639, 922, 
610, 478, -131, -544, 370, 173, 87, 1171, 517, 966, 624, 897, 
595, 463, -131, -529, 363, 165, 92, 1151, 502, 951, 590, 873, 
585, 453, -131, -519, 358, 161, 92, 1127, 488, 936, 570, 844, 
570, 444, -126, -507, 348, 158, 97, 1112, 473, 927, 556, 824, 
561, 434, -126, -497, 344, 153, 112, 1102, 468, 912, 541, 800, 
546, 409, -136, -478, 341, 136, 126, 1088, 453, 893, 522, 771, 
517, 395, -122, -456, 319, 136, 136, 1068, 434, 883, 507, 751, 
502, 390, -112, -446, 307, 139, 146, 1049, 419, 868, 473, 722, 
492, 370, -122, -431, 307, 124, 156, 1024, 405, 854, 453, 692, 
473, 351, -122, -412, 297, 114, 165, 1000, 390, 829, 429, 658, 
458, 336, -122, -397, 290, 107, 170, 985, 375, 819, 419, 624, 
444, 322, -122, -383, 283, 100, 180, 971, 351, 805, 390, 600, 
429, 302, -126, -366, 278, 87, 190, 956, 336, 785, 356, 570, 
419, 287, -131, -353, 275, 78, 200, 946, 322, 771, 336, 546, 
395, 278, -117, -336, 256, 80, 219, 932, 307, 746, 312, 527, 
385, 258, -126, -322, 256, 65, 229, 917, 292, 736, 292, 502, 
370, 239, -131, -305, 251, 53, 234, 902, 278, 722, 278, 483, 
356, 224, -131, -290, 244, 46, 239, 888, 263, 717, 258, 453, 
356, 209, -146, -283, 251, 31, 239, 858, 239, 697, 239, 439, 
346, 190, -156, -268, 251, 17, 248, 834, 219, 673, 209, 409, 
331, 175, -156, -253, 244, 9, 258, 824, 204, 653, 195, 380, 
322, 165, -156, -244, 239, 4, 268, 805, 190, 639, 180, 361, 
302, 146, -156, -224, 229, -4, 278, 790, 161, 634, 161, 356, 
297, 131, -165, -214, 231, -17, 278, 775, 151, 614, 141, 331, 
287, 117, -170, -202, 229, -26, 292, 771, 141, 605, 131, 317, 
283, 107, -175, -195, 229, -34, 292, 766, 131, 590, 117, 302, 
268, 97, -170, -183, 219, -36, 297, 751, 117, 580, 107, 292, 
263, 82, -180, -173, 222, -48, 302, 736, 107, 566, 92, 278, 
253, 68, -185, -161, 219, -58, 302, 722, 92, 551, 73, 263, 
244, 63, -180, -153, 212, -58, 312, 712, 87, 536, 53, 248, 
244, 48, -195, -146, 219, -73, 312, 702, 58, 531, 43, 234, 
239, 43, -195, -141, 217, -75, 312, 692, 53, 517, 29, 219, 
234, 39, -195, -136, 214, -78, 317, 683, 43, 502, 19, 209, 
229, 29, -200, -129, 214, -85, 322, 678, 39, 492, 14, 200, 
229, 9, -219, -119, 224, -104, 312, 678, 34, 488, 14, 195, 
224, 4, -219, -114, 222, -107, 312, 673, 24, 483, 9, 190, 
224, -4, -229, -109, 226, -117, 317, 668, 14, 473, 0, 185, 
224, -14, -239, -104, 231, -126, 322, 663, 14, 463, -9, 180, 
219, -9, -229, -104, 224, -119, 322, 653, 0, 463, -4, 180, 
214, -9, -224, -102, 219, -117, 322, 653, -4, 453, -19, 170, 
209, -19, -229, -95, 219, -124, 322, 649, -9, 448, -29, 170, 
209, -24, -234, -92, 222, -129, 326, 644, -19, 448, -39, 161, 
209, -29, -239, -90, 224, -134, 326, 649, -19, 444, -39, 161, 
209, -29, -239, -90, 224, -134, 326, 644, -19, 439, -43, 161, 
204, -34, -239, -85, 222, -136, 326, 644, -19, 439, -43, 151, 
200, -39, -239, -80, 219, -139, 331, 644, -24, 434, -43, 146, 
200, -43, -244, -78, 222, -143, 341, 639, -29, 434, -48, 146, 
200, -43, -244, -78, 222, -143, 341, 639, -29, 429, -53, 146, 
200, -48, -248, -75, 224, -148, 346, 639, -29, 424, -58, 146, 
200, -53, -253, -73, 226, -153, 346, 639, -29, 419, -58, 141, 
200, -43, -244, -78, 222, -143, 336, 629, -34, 409, -63, 136, 
200, -43, -244, -78, 222, -143, 336, 629, -34, 409, -63, 131, 
200, -43, -244, -78, 222, -143, 336, 634, -34, 409, -63, 131, 
200, -53, -253, -73, 226, -153, 336, 634, -34, 409, -68, 131, 
190, -63, -253, -63, 222, -158, 336, 634, -34, 419, -58, 131, 
190, -63, -253, -63, 222, -158, 341, 634, -34, 419, -58, 126, 
190, -63, -253, -63, 222, -158, 341, 634, -34, 414, -58, 126, 
190, -63, -253, -63, 222, -158, 341, 634, -34, 414, -58, 126, 
190, -63, -253, -63, 222, -158, 341, 634, -24, 414, -58, 136, 
185, -63, -248, -61, 217, -156, 341, 634, -24, 414, -63, 131, 
185, -63, -248, -61, 217, -156, 341, 634, -24, 414, -63, 131, 
185, -58, -244, -63, 214, -151, 341, 634, -24, 414, -63, 131, 
190, -48, -239, -70, 214, -143, 341, 629, -34, 414, -68, 122, 
190, -48, -239, -70, 214, -143, 341, 629, -34, 414, -68, 122, 
190, -53, -244, -68, 217, -148, 341, 629, -34, 419, -68, 122, 
190, -53, -244, -68, 217, -148, 341, 629, -29, 419, -68, 122, 
190, -58, -248, -65, 219, -153, 341, 619, -29, 419, -68, 126, 
190, -53, -244, -68, 217, -148, 341, 619, -29, 419, -68, 126, 
190, -53, -244, -68, 217, -148, 341, 619, -29, 419, -68, 126, 
190, -53, -244, -68, 217, -148, 341, 614, -29, 419, -68, 126, 
190, -53, -244, -68, 217, -148, 341, 624, -29, 419, -73, 131, 
190, -53, -244, -68, 217, -148, 341, 624, -29, 419, -73, 131, 
190, -53, -244, -68, 217, -148, 336, 624, -29, 419, -73, 136, 
190, -53, -244, -68, 217, -148, 336, 624, -29, 419, -68, 136, 
190, -43, -234, -73, 212, -139, 341, 624, -39, 419, -68, 126, 
190, -43, -234, -73, 212, -139, 341, 619, -39, 419, -68, 126, 
195, -43, -239, -75, 217, -141, 341, 619, -39, 419, -68, 122, 
195, -43, -239, -75, 217, -141, 341, 619, -39, 419, -68, 122, 
195, -53, -248, -70, 222, -151, 341, 629, -29, 419, -68, 131, 
195, -53, -248, -70, 222, -151, 341, 629, -29, 419, -68, 131, 
190, -48, -239, -70, 214, -143, 341, 629, -29, 419, -68, 131, 
185, -48, -234, -68, 209, -141, 341, 629, -29, 419, -68, 131, 
185, -48, -234, -68, 209, -141, 341, 619, -39, 419, -78, 122, 
185, -48, -234, -68, 209, -141, 341, 619, -39, 419, -78, 122, 
185, -48, -234, -68, 209, -141, 341, 610, -39, 419, -78, 122, 
185, -53, -239, -65, 212, -146, 336, 610, -39, 419, -82, 122, 
185, -53, -239, -65, 212, -146, 336, 614, -39, 419, -73, 122, 
185, -53, -239, -65, 212, -146, 341, 614, -39, 419, -73, 122, 
190, -53, -244, -68, 217, -148, 341, 619, -39, 419, -73, 122, 
190, -53, -244, -68, 217, -148, 341, 619, -39, 419, -73, 122, 
185, -53, -239, -65, 212, -146, 341, 619, -43, 419, -68, 126, 
185, -53, -239, -65, 212, -146, 341, 619, -43, 419, -68, 126, 
190, -53, -244, -68, 217, -148, 341, 614, -43, 419, -73, 126, 
190, -53, -244, -68, 217, -148, 341, 614, -43, 419, -73, 126, 
190, -53, -244, -68, 217, -148, 341, 610, -43, 405, -82, 126, 
190, -53, -244, -68, 217, -148, 341, 610, -43, 405, -82, 126, 
190, -53, -244, -68, 217, -148, 341, 610, -43, 405, -82, 126, 
190, -53, -244, -68, 217, -148, 341, 610, -43, 405, -82, 122, 
190, -53, -244, -68, 217, -148, 341, 610, -43, 405, -87, 122, 
195, -53, -248, -70, 222, -151, 336, 605, -48, 405, -87, 122, 
195, -53, -248, -70, 222, -151, 336, 605, -48, 400, -87, 122, 
195, -53, -248, -70, 222, -151, 336, 605, -48, 400, -87, 112, 
195, -53, -248, -70, 222, -151, 346, 610, -58, 409, -87, 122, 
195, -53, -248, -70, 222, -151, 346, 610, -68, 405, -97, 117, 
