I, II, III, aVR, aVL, aVF, V1, V2, V3, V4, V5, V6, 
68, 126, 58, -97, 4, 92, 195, -1239, -1093, -458, -488, -156, 
68, 126, 58, -97, 4, 92, 195, -1239, -1093, -458, -488, -156, 
68, 126, 58, -97, 4, 92, 195, -1239, -1093, -458, -488, -156, 
68, 126, 58, -97, 4, 92, 195, -1239, -1093, -458, -488, -156, 
78, 112, 34, -95, 21, 73, 224, -1180, -1049, -444, -483, -165, 
78, 107, 29, -92, 24, 68, 253, -1122, -1005, -429, -478, -165, 
78, 102, 24, -90, 26, 63, 283, -1063, -961, -414, -473, -165, 
78, 97, 19, -87, 29, 58, 312, -1005, -917, -400, -468, -165, 
87, 107, 19, -97, 34, 63, 326, -956, -873, -370, -458, -161, 
97, 117, 19, -107, 39, 68, 331, -907, -839, -351, -448, -156, 
107, 126, 19, -117, 43, 73, 336, -858, -805, -331, -439, -151, 
117, 136, 19, -126, 48, 78, 341, -810, -771, -312, -429, -146, 
136, 146, 9, -141, 63, 78, 341, -805, -761, -302, -424, -141, 
146, 156, 9, -151, 68, 82, 341, -800, -751, -292, -419, -136, 
156, 165, 9, -161, 73, 87, 341, -795, -741, -283, -414, -131, 
165, 175, 9, -170, 78, 92, 341, -790, -732, -273, -409, -126, 
156, 170, 14, -163, 70, 92, 346, -775, -732, -283, -419, -131, 
156, 165, 9, -161, 73, 87, 351, -771, -732, -292, -419, -136, 
156, 161, 4, -158, 75, 82, 356, -766, -732, -302, -419, -141, 
156, 156, 0, -156, 78, 78, 361, -761, -732, -312, -419, -146, 
146, 165, 19, -156, 63, 92, 351, -751, -727, -297, -429, -146, 
146, 165, 19, -156, 63, 92, 351, -751, -722, -292, -429, -146, 
146, 165, 19, -156, 63, 92, 351, -751, -717, -287, -429, -146, 
146, 165, 19, -156, 63, 92, 351, -751, -712, -283, -429, -146, 
151, 175, 24, -163, 63, 100, 346, -741, -712, -273, -429, -156, 
156, 175, 19, -165, 68, 97, 341, -741, -712, -273, -429, -156, 
161, 175, 14, -168, 73, 95, 336, -741, -712, -273, -429, -156, 
165, 175, 9, -170, 78, 92, 331, -741, -712, -273, -429, -156, 
175, 185, 9, -180, 82, 97, 331, -732, -702, -283, -429, -156, 
175, 185, 9, -180, 82, 97, 331, -732, -702, -283, -429, -156, 
175, 185, 9, -180, 82, 97, 331, -732, -702, -283, -429, -156, 
175, 185, 9, -180, 82, 97, 331, -732, -702, -283, -429, -156, 
175, 195, 19, -185, 78, 107, 341, -722, -692, -273, -419, -146, 
175, 195, 19, -185, 78, 107, 341, -722, -692, -273, -419, -146, 
175, 195, 19, -185, 78, 107, 341, -722, -692, -273, -419, -146, 
175, 195, 19, -185, 78, 107, 341, -722, -692, -273, -419, -146, 
175, 195, 19, -185, 78, 107, 341, -722, -683, -263, -409, -146, 
175, 195, 19, -185, 78, 107, 341, -722, -683, -263, -409, -146, 
175, 195, 19, -185, 78, 107, 341, -722, -683, -263, -409, -146, 
175, 195, 19, -185, 78, 107, 341, -722, -683, -263, -409, -146, 
175, 204, 29, -190, 73, 117, 341, -712, -673, -253, -400, -146, 
175, 204, 29, -190, 73, 117, 341, -712, -673, -253, -400, -146, 
175, 204, 29, -190, 73, 117, 341, -712, -673, -253, -400, -146, 
175, 204, 29, -190, 73, 117, 341, -712, -673, -253, -400, -146, 
180, 214, 34, -197, 73, 124, 331, -702, -663, -244, -400, -136, 
185, 214, 29, -200, 78, 122, 331, -702, -663, -244, -400, -136, 
190, 214, 24, -202, 82, 119, 331, -702, -663, -244, -400, -136, 
195, 214, 19, -204, 87, 117, 331, -702, -663, -244, -400, -136, 
204, 214, 9, -209, 97, 112, 331, -692, -658, -234, -390, -126, 
204, 214, 9, -209, 97, 112, 331, -692, -653, -234, -390, -126, 
204, 214, 9, -209, 97, 112, 331, -692, -649, -234, -390, -126, 
204, 214, 9, -209, 97, 112, 331, -692, -644, -234, -390, -126, 
204, 224, 19, -214, 92, 122, 331, -683, -634, -224, -380, -126, 
204, 224, 19, -214, 92, 122, 331, -683, -634, -224, -380, -126, 
204, 224, 19, -214, 92, 122, 331, -683, -634, -224, -380, -126, 
204, 224, 19, -214, 92, 122, 331, -683, -634, -224, -380, -126, 
214, 229, 14, -222, 100, 122, 331, -683, -634, -214, -380, -126, 
214, 234, 19, -224, 97, 126, 331, -683, -634, -214, -380, -126, 
214, 239, 24, -226, 95, 131, 331, -683, -634, -214, -380, -126, 
214, 244, 29, -229, 92, 136, 331, -683, -634, -214, -380, -126, 
224, 253, 29, -239, 97, 141, 331, -678, -619, -209, -375, -126, 
224, 253, 29, -239, 97, 141, 331, -673, -614, -204, -370, -126, 
224, 253, 29, -239, 97, 141, 331, -668, -610, -200, -366, -126, 
224, 253, 29, -239, 97, 141, 331, -663, -605, -195, -361, -126, 
224, 258, 34, -241, 95, 146, 322, -658, -590, -190, -351, -117, 
224, 263, 39, -244, 92, 151, 322, -653, -585, -185, -351, -117, 
224, 268, 43, -246, 90, 156, 322, -649, -580, -180, -351, -117, 
224, 273, 48, -248, 87, 161, 322, -644, -575, -175, -351, -117, 
234, 278, 43, -256, 95, 161, 322, -639, -566, -175, -351, -107, 
234, 283, 48, -258, 92, 165, 322, -634, -566, -175, -351, -107, 
234, 287, 53, -261, 90, 170, 322, -629, -566, -175, -351, -107, 
234, 292, 58, -263, 87, 175, 322, -624, -566, -175, -351, -107, 
244, 302, 58, -273, 92, 180, 322, -610, -551, -170, -346, -97, 
244, 302, 58, -273, 92, 180, 322, -605, -546, -165, -341, -97, 
244, 302, 58, -273, 92, 180, 322, -600, -541, -161, -336, -97, 
244, 302, 58, -273, 92, 180, 322, -595, -536, -156, -331, -97, 
253, 312, 58, -283, 97, 185, 322, -585, -531, -141, -322, -87, 
253, 312, 58, -283, 97, 185, 322, -575, -527, -136, -322, -87, 
253, 312, 58, -283, 97, 185, 322, -566, -522, -131, -322, -87, 
253, 312, 58, -283, 97, 185, 322, -556, -517, -126, -322, -87, 
258, 326, 68, -292, 95, 197, 312, -546, -512, -122, -312, -78, 
263, 331, 68, -297, 97, 200, 312, -546, -507, -117, -312, -78, 
268, 336, 68, -302, 100, 202, 312, -546, -502, -112, -312, -78, 
273, 341, 68, -307, 102, 204, 312, -546, -497, -107, -312, -78, 
283, 346, 63, -314, 109, 204, 322, -531, -478, -92, -297, -73, 
283, 351, 68, -317, 107, 209, 322, -527, -468, -87, -292, -68, 
283, 356, 73, -319, 104, 214, 322, -522, -458, -82, -287, -63, 
283, 361, 78, -322, 102, 219, 322, -517, -448, -78, -283, -58, 
287, 366, 78, -326, 104, 222, 322, -497, -439, -68, -278, -53, 
292, 370, 78, -331, 107, 224, 322, -488, -429, -58, -273, -48, 
297, 375, 78, -336, 109, 226, 322, -478, -419, -48, -268, -43, 
302, 380, 78, -341, 112, 229, 322, -468, -409, -39, -263, -39, 
312, 395, 82, -353, 114, 239, 312, -458, -395, -34, -248, -34, 
322, 400, 78, -361, 122, 239, 312, -448, -390, -29, -244, -29, 
331, 405, 73, -368, 129, 239, 312, -439, -385, -24, -239, -24, 
341, 409, 68, -375, 136, 239, 312, -429, -380, -19, -234, -19, 
351, 424, 73, -387, 139, 248, 322, -419, -361, 0, -219, -14, 
351, 429, 78, -390, 136, 253, 322, -409, -351, 9, -214, -9, 
351, 434, 82, -392, 134, 258, 322, -400, -341, 19, -209, -4, 
351, 439, 87, -395, 131, 263, 322, -390, -331, 29, -204, 0, 
361, 448, 87, -405, 136, 268, 312, -375, -317, 39, -190, 14, 
361, 458, 97, -409, 131, 278, 312, -370, -312, 48, -185, 19, 
361, 468, 107, -414, 126, 287, 312, -366, -307, 58, -180, 24, 
361, 478, 117, -419, 122, 297, 312, -361, -302, 68, -175, 29, 
366, 492, 126, -429, 119, 309, 302, -356, -292, 82, -161, 39, 
370, 497, 126, -434, 122, 312, 302, -351, -283, 87, -156, 39, 
375, 502, 126, -439, 124, 314, 302, -346, -273, 92, -151, 39, 
380, 507, 126, -444, 126, 317, 302, -341, -263, 97, -146, 39, 
395, 522, 126, -458, 134, 324, 292, -331, -258, 102, -141, 43, 
400, 527, 126, -463, 136, 326, 292, -331, -253, 107, -136, 48, 
405, 531, 126, -468, 139, 329, 292, -331, -248, 112, -131, 53, 
409, 536, 126, -473, 141, 331, 292, -331, -244, 117, -126, 58, 
409, 541, 131, -475, 139, 336, 283, -322, -239, 131, -117, 58, 
409, 546, 136, -478, 136, 341, 283, -322, -234, 136, -117, 58, 
409, 551, 141, -480, 134, 346, 283, -322, -229, 141, -117, 58, 
409, 556, 146, -483, 131, 351, 283, -322, -224, 146, -117, 58, 
419, 566, 146, -492, 136, 356, 273, -336, -234, 156, -117, 68, 
419, 566, 146, -492, 136, 356, 273, -341, -234, 156, -117, 68, 
419, 566, 146, -492, 136, 356, 273, -346, -234, 156, -117, 68, 
419, 566, 146, -492, 136, 356, 273, -351, -234, 156, -117, 68, 
409, 556, 146, -483, 131, 351, 268, -370, -239, 151, -117, 58, 
409, 556, 146, -483, 131, 351, 263, -380, -244, 146, -117, 58, 
409, 556, 146, -483, 131, 351, 258, -390, -248, 141, -117, 58, 
409, 556, 146, -483, 131, 351, 253, -400, -253, 136, -117, 58, 
405, 546, 141, -475, 131, 344, 263, -419, -273, 117, -131, 53, 
400, 546, 146, -473, 126, 346, 263, -439, -283, 107, -136, 48, 
395, 546, 151, -470, 122, 348, 263, -458, -292, 97, -141, 43, 
390, 546, 156, -468, 117, 351, 263, -478, -302, 87, -146, 39, 
400, 536, 136, -468, 131, 336, 273, -502, -326, 68, -161, 29, 
400, 536, 136, -468, 131, 336, 273, -517, -341, 58, -165, 29, 
400, 536, 136, -468, 131, 336, 273, -531, -356, 48, -170, 29, 
400, 536, 136, -468, 131, 336, 273, -546, -370, 39, -175, 29, 
390, 522, 131, -456, 129, 326, 283, -575, -390, 14, -195, 14, 
390, 517, 126, -453, 131, 322, 283, -595, -409, 0, -204, 9, 
390, 512, 122, -451, 134, 317, 283, -614, -429, -14, -214, 4, 
390, 507, 117, -448, 136, 312, 283, -634, -448, -29, -224, 0, 
380, 497, 117, -439, 131, 307, 283, -653, -473, -53, -234, -14, 
380, 488, 107, -434, 136, 297, 283, -673, -497, -68, -244, -19, 
380, 478, 97, -429, 141, 287, 283, -692, -522, -82, -253, -24, 
380, 468, 87, -424, 146, 278, 283, -712, -546, -97, -263, -29, 
375, 453, 78, -414, 148, 265, 283, -732, -556, -117, -273, -43, 
370, 448, 78, -409, 146, 263, 283, -741, -566, -126, -283, -48, 
366, 444, 78, -405, 143, 261, 283, -751, -575, -136, -292, -53, 
361, 439, 78, -400, 141, 258, 283, -761, -585, -146, -302, -58, 
351, 424, 73, -387, 139, 248, 283, -775, -600, -165, -312, -63, 
351, 419, 68, -385, 141, 244, 283, -790, -614, -175, -322, -68, 
351, 414, 63, -383, 143, 239, 283, -805, -629, -185, -331, -73, 
351, 409, 58, -380, 146, 234, 283, -819, -644, -195, -341, -78, 
341, 395, 53, -368, 143, 224, 273, -829, -658, -209, -356, -92, 
341, 390, 48, -366, 146, 219, 273, -839, -673, -214, -361, -97, 
341, 385, 43, -363, 148, 214, 273, -849, -688, -219, -366, -102, 
341, 380, 39, -361, 151, 209, 273, -858, -702, -224, -370, -107, 
336, 375, 39, -356, 148, 207, 273, -868, -707, -239, -385, -117, 
331, 370, 39, -351, 146, 204, 273, -868, -712, -244, -390, -117, 
326, 366, 39, -346, 143, 202, 273, -868, -717, -248, -395, -117, 
322, 361, 39, -341, 141, 200, 273, -868, -722, -253, -400, -117, 
331, 351, 19, -341, 156, 185, 273, -883, -736, -268, -400, -126, 
331, 351, 19, -341, 156, 185, 273, -888, -741, -273, -400, -126, 
331, 351, 19, -341, 156, 185, 273, -893, -746, -278, -400, -126, 
331, 351, 19, -341, 156, 185, 273, -897, -751, -283, -400, -126, 
331, 351, 19, -341, 156, 185, 263, -902, -741, -283, -409, -126, 
331, 351, 19, -341, 156, 185, 263, -907, -741, -283, -409, -126, 
331, 351, 19, -341, 156, 185, 263, -912, -741, -283, -409, -126, 
331, 351, 19, -341, 156, 185, 263, -917, -741, -283, -409, -126, 
322, 351, 29, -336, 146, 190, 263, -917, -751, -287, -419, -131, 
322, 351, 29, -336, 146, 190, 263, -917, -751, -292, -419, -136, 
322, 351, 29, -336, 146, 190, 263, -917, -751, -297, -419, -141, 
322, 351, 29, -336, 146, 190, 263, -917, -751, -302, -419, -146, 
331, 351, 19, -341, 156, 185, 258, -927, -761, -292, -419, -146, 
331, 351, 19, -341, 156, 185, 253, -927, -761, -292, -419, -146, 
331, 351, 19, -341, 156, 185, 248, -927, -761, -292, -419, -146, 
331, 351, 19, -341, 156, 185, 244, -927, -761, -292, -419, -146, 
331, 351, 19, -341, 156, 185, 244, -936, -771, -302, -419, -136, 
331, 351, 19, -341, 156, 185, 244, -936, -771, -302, -419, -136, 
331, 351, 19, -341, 156, 185, 244, -936, -771, -302, -419, -136, 
331, 351, 19, -341, 156, 185, 244, -936, -771, -302, -419, -136, 
331, 351, 19, -341, 156, 185, 253, -936, -761, -302, -419, -126, 
331, 351, 19, -341, 156, 185, 253, -936, -761, -302, -419, -126, 
331, 351, 19, -341, 156, 185, 253, -936, -761, -302, -419, -126, 
331, 351, 19, -341, 156, 185, 253, -936, -761, -302, -419, -126, 
331, 361, 29, -346, 151, 195, 244, -946, -761, -292, -419, -136, 
331, 361, 29, -346, 151, 195, 244, -946, -761, -292, -419, -136, 
331, 361, 29, -346, 151, 195, 244, -946, -761, -292, -419, -136, 
331, 361, 29, -346, 151, 195, 244, -946, -761, -292, -419, -136, 
331, 361, 29, -346, 151, 195, 244, -946, -771, -292, -419, -136, 
331, 361, 29, -346, 151, 195, 244, -946, -771, -292, -419, -136, 
331, 361, 29, -346, 151, 195, 244, -946, -771, -292, -419, -136, 
331, 361, 29, -346, 151, 195, 244, -946, -771, -292, -419, -136, 
331, 351, 19, -341, 156, 185, 244, -936, -771, -302, -419, -136, 
331, 351, 19, -341, 156, 185, 244, -936, -771, -302, -419, -136, 
331, 351, 19, -341, 156, 185, 244, -936, -771, -302, -419, -136, 
331, 351, 19, -341, 156, 185, 244, -936, -771, -302, -419, -136, 
341, 361, 19, -351, 161, 190, 234, -936, -761, -302, -419, -136, 
341, 361, 19, -351, 161, 190, 234, -936, -761, -302, -419, -136, 
341, 361, 19, -351, 161, 190, 234, -936, -761, -302, -419, -136, 
341, 361, 19, -351, 161, 190, 234, -936, -761, -302, -419, -136, 
341, 370, 29, -356, 156, 200, 224, -946, -761, -302, -419, -136, 
341, 370, 29, -356, 156, 200, 224, -946, -761, -302, -419, -136, 
341, 370, 29, -356, 156, 200, 224, -946, -761, -302, -419, -136, 
341, 370, 29, -356, 156, 200, 224, -946, -761, -302, -419, -136, 
341, 370, 29, -356, 156, 200, 224, -946, -771, -302, -419, -136, 
341, 370, 29, -356, 156, 200, 224, -946, -771, -302, -419, -136, 
341, 370, 29, -356, 156, 200, 224, -946, -771, -302, -419, -136, 
341, 370, 29, -356, 156, 200, 224, -946, -771, -302, -419, -136, 
341, 380, 39, -361, 151, 209, 224, -956, -771, -302, -419, -136, 
341, 380, 39, -361, 151, 209, 224, -956, -771, -302, -419, -136, 
341, 380, 39, -361, 151, 209, 224, -956, -771, -302, -419, -136, 
341, 380, 39, -361, 151, 209, 224, -956, -771, -302, -419, -136, 
341, 380, 39, -361, 151, 209, 224, -956, -761, -302, -419, -136, 
341, 380, 39, -361, 151, 209, 224, -956, -761, -302, -419, -136, 
341, 380, 39, -361, 151, 209, 224, -956, -761, -302, -419, -136, 
341, 380, 39, -361, 151, 209, 224, -956, -761, -302, -419, -136, 
341, 380, 39, -361, 151, 209, 224, -956, -771, -302, -429, -136, 
341, 380, 39, -361, 151, 209, 224, -956, -771, -302, -429, -136, 
341, 380, 39, -361, 151, 209, 224, -956, -771, -302, -429, -136, 
341, 380, 39, -361, 151, 209, 224, -956, -771, -302, -429, -136, 
341, 380, 39, -361, 151, 209, 214, -956, -771, -312, -419, -136, 
341, 380, 39, -361, 151, 209, 214, -956, -771, -312, -419, -136, 
341, 380, 39, -361, 151, 209, 214, -956, -771, -312, -419, -136, 
341, 380, 39, -361, 151, 209, 214, -956, -771, -312, -419, -136, 
351, 390, 39, -370, 156, 214, 224, -966, -771, -312, -409, -126, 
351, 390, 39, -370, 156, 214, 224, -966, -771, -312, -409, -126, 
351, 390, 39, -370, 156, 214, 224, -966, -771, -312, -409, -126, 
351, 390, 39, -370, 156, 214, 224, -966, -771, -312, -409, -126, 
351, 390, 39, -370, 156, 214, 214, -971, -771, -302, -409, -126, 
351, 390, 39, -370, 156, 214, 214, -976, -771, -302, -409, -126, 
351, 390, 39, -370, 156, 214, 214, -980, -771, -302, -409, -126, 
351, 390, 39, -370, 156, 214, 214, -985, -771, -302, -409, -126, 
351, 390, 39, -370, 156, 214, 204, -985, -780, -302, -419, -136, 
351, 390, 39, -370, 156, 214, 204, -985, -780, -302, -419, -136, 
351, 390, 39, -370, 156, 214, 204, -985, -780, -302, -419, -136, 
351, 390, 39, -370, 156, 214, 204, -985, -780, -302, -419, -136, 
351, 390, 39, -370, 156, 214, 204, -985, -790, -312, -409, -126, 
351, 390, 39, -370, 156, 214, 204, -985, -790, -312, -409, -126, 
351, 390, 39, -370, 156, 214, 204, -985, -790, -312, -409, -126, 
351, 390, 39, -370, 156, 214, 204, -985, -790, -312, -409, -126, 
351, 390, 39, -370, 156, 214, 204, -985, -780, -302, -419, -126, 
351, 390, 39, -370, 156, 214, 204, -985, -780, -302, -419, -126, 
351, 390, 39, -370, 156, 214, 204, -985, -780, -302, -419, -126, 
351, 390, 39, -370, 156, 214, 204, -985, -780, -302, -419, -126, 
351, 390, 39, -370, 156, 214, 200, -995, -790, -312, -429, -131, 
351, 390, 39, -370, 156, 214, 195, -995, -790, -312, -429, -136, 
351, 390, 39, -370, 156, 214, 190, -995, -790, -312, -429, -141, 
351, 390, 39, -370, 156, 214, 185, -995, -790, -312, -429, -146, 
351, 390, 39, -370, 156, 214, 195, -1005, -790, -322, -429, -136, 
351, 390, 39, -370, 156, 214, 195, -1005, -790, -322, -429, -136, 
351, 390, 39, -370, 156, 214, 195, -1005, -790, -322, -429, -136, 
351, 390, 39, -370, 156, 214, 195, -1005, -790, -322, -429, -136, 
351, 390, 39, -370, 156, 214, 185, -1015, -800, -322, -429, -146, 
351, 390, 39, -370, 156, 214, 185, -1015, -800, -322, -429, -146, 
351, 390, 39, -370, 156, 214, 185, -1015, -800, -322, -429, -146, 
351, 390, 39, -370, 156, 214, 185, -1015, -800, -322, -429, -146, 
351, 390, 39, -370, 156, 214, 175, -1024, -800, -322, -429, -146, 
351, 390, 39, -370, 156, 214, 175, -1024, -800, -322, -429, -146, 
351, 390, 39, -370, 156, 214, 175, -1024, -800, -322, -429, -146, 
351, 390, 39, -370, 156, 214, 175, -1024, -800, -322, -429, -146, 
351, 390, 39, -370, 156, 214, 175, -1024, -810, -322, -429, -146, 
351, 390, 39, -370, 156, 214, 175, -1024, -810, -322, -429, -146, 
351, 390, 39, -370, 156, 214, 175, -1024, -810, -322, -429, -146, 
351, 390, 39, -370, 156, 214, 175, -1024, -810, -322, -429, -146, 
351, 390, 39, -370, 156, 214, 185, -1024, -819, -331, -439, -146, 
351, 390, 39, -370, 156, 214, 185, -1024, -819, -331, -439, -146, 
351, 390, 39, -370, 156, 214, 185, -1024, -819, -331, -439, -146, 
351, 390, 39, -370, 156, 214, 185, -1024, -819, -331, -439, -146, 
341, 380, 39, -361, 151, 209, 175, -1029, -819, -341, -439, -146, 
341, 380, 39, -361, 151, 209, 175, -1034, -819, -341, -439, -146, 
341, 380, 39, -361, 151, 209, 175, -1039, -819, -341, -439, -146, 
341, 380, 39, -361, 151, 209, 175, -1044, -819, -341, -439, -146, 
341, 380, 39, -361, 151, 209, 165, -1044, -819, -331, -448, -146, 
341, 380, 39, -361, 151, 209, 165, -1044, -819, -331, -448, -146, 
341, 380, 39, -361, 151, 209, 165, -1044, -819, -331, -448, -146, 
341, 380, 39, -361, 151, 209, 165, -1044, -819, -331, -448, -146, 
341, 380, 39, -361, 151, 209, 165, -1044, -829, -331, -439, -146, 
341, 380, 39, -361, 151, 209, 165, -1044, -829, -331, -439, -146, 
341, 380, 39, -361, 151, 209, 165, -1044, -829, -331, -439, -146, 
341, 380, 39, -361, 151, 209, 165, -1044, -829, -331, -439, -146, 
341, 380, 39, -361, 151, 209, 165, -1054, -839, -341, -439, -156, 
341, 380, 39, -361, 151, 209, 165, -1054, -839, -341, -439, -156, 
341, 380, 39, -361, 151, 209, 165, -1054, -839, -341, -439, -156, 
341, 380, 39, -361, 151, 209, 165, -1054, -839, -341, -439, -156, 
341, 380, 39, -361, 151, 209, 156, -1054, -839, -341, -439, -146, 
341, 380, 39, -361, 151, 209, 156, -1054, -839, -341, -439, -146, 
341, 380, 39, -361, 151, 209, 156, -1054, -839, -341, -439, -146, 
341, 380, 39, -361, 151, 209, 156, -1054, -839, -341, -439, -146, 
341, 370, 29, -356, 156, 200, 146, -1063, -839, -351, -448, -156, 
341, 370, 29, -356, 156, 200, 146, -1063, -839, -351, -448, -156, 
341, 370, 29, -356, 156, 200, 146, -1063, -839, -351, -448, -156, 
341, 370, 29, -356, 156, 200, 146, -1063, -839, -351, -448, -156, 
341, 380, 39, -361, 151, 209, 141, -1073, -839, -351, -448, -165, 
341, 380, 39, -361, 151, 209, 136, -1073, -839, -351, -448, -165, 
341, 380, 39, -361, 151, 209, 131, -1073, -839, -351, -448, -165, 
341, 380, 39, -361, 151, 209, 126, -1073, -839, -351, -448, -165, 
341, 380, 39, -361, 151, 209, 136, -1073, -839, -341, -448, -165, 
341, 380, 39, -361, 151, 209, 136, -1073, -839, -341, -448, -165, 
341, 380, 39, -361, 151, 209, 136, -1073, -839, -341, -448, -165, 
341, 380, 39, -361, 151, 209, 136, -1073, -839, -341, -448, -165, 
341, 370, 29, -356, 156, 200, 136, -1073, -849, -351, -458, -156, 
341, 370, 29, -356, 156, 200, 136, -1073, -849, -351, -458, -156, 
341, 370, 29, -356, 156, 200, 136, -1073, -849, -351, -458, -156, 
341, 370, 29, -356, 156, 200, 136, -1073, -849, -351, -458, -156, 
341, 370, 29, -356, 156, 200, 126, -1083, -858, -351, -448, -156, 
341, 370, 29, -356, 156, 200, 126, -1083, -858, -351, -448, -156, 
341, 370, 29, -356, 156, 200, 126, -1083, -858, -351, -448, -156, 
341, 370, 29, -356, 156, 200, 126, -1083, -858, -351, -448, -156, 
331, 361, 29, -346, 151, 195, 126, -1083, -849, -351, -448, -156, 
331, 361, 29, -346, 151, 195, 126, -1083, -849, -351, -448, -156, 
331, 361, 29, -346, 151, 195, 126, -1083, -849, -351, -448, -156, 
331, 361, 29, -346, 151, 195, 126, -1083, -849, -351, -448, -156, 
331, 361, 29, -346, 151, 195, 136, -1093, -849, -351, -448, -165, 
331, 361, 29, -346, 151, 195, 136, -1093, -849, -351, -448, -165, 
331, 361, 29, -346, 151, 195, 136, -1093, -849, -351, -448, -165, 
331, 361, 29, -346, 151, 195, 136, -1093, -849, -351, -448, -165, 
331, 370, 39, -351, 146, 204, 126, -1093, -858, -351, -448, -165, 
331, 370, 39, -351, 146, 204, 126, -1093, -858, -351, -448, -165, 
331, 370, 39, -351, 146, 204, 126, -1093, -858, -351, -448, -165, 
331, 370, 39, -351, 146, 204, 126, -1093, -858, -351, -448, -165, 
341, 370, 29, -356, 156, 200, 117, -1102, -849, -351, -448, -165, 
341, 370, 29, -356, 156, 200, 117, -1102, -849, -351, -448, -165, 
341, 370, 29, -356, 156, 200, 117, -1102, -849, -351, -448, -165, 
341, 370, 29, -356, 156, 200, 117, -1102, -849, -351, -448, -165, 
341, 380, 39, -361, 151, 209, 107, -1102, -849, -361, -448, -165, 
341, 380, 39, -361, 151, 209, 107, -1102, -849, -361, -448, -165, 
341, 380, 39, -361, 151, 209, 107, -1102, -849, -361, -448, -165, 
341, 380, 39, -361, 151, 209, 107, -1102, -849, -361, -448, -165, 
341, 380, 39, -361, 151, 209, 117, -1112, -858, -361, -458, -175, 
341, 380, 39, -361, 151, 209, 117, -1112, -858, -361, -458, -175, 
341, 380, 39, -361, 151, 209, 117, -1112, -858, -361, -458, -175, 
341, 380, 39, -361, 151, 209, 117, -1112, -858, -361, -458, -175, 
341, 370, 29, -356, 156, 200, 107, -1112, -858, -361, -458, -175, 
341, 370, 29, -356, 156, 200, 102, -1112, -863, -361, -458, -175, 
331, 370, 39, -351, 146, 204, 102, -1112, -863, -361, -458, -175, 
331, 370, 39, -351, 146, 204, 102, -1107, -858, -361, -458, -175, 
331, 370, 39, -351, 146, 204, 112, -1107, -858, -361, -448, -165, 
336, 375, 39, -356, 148, 207, 112, -1107, -863, -361, -448, -165, 
336, 375, 39, -356, 148, 207, 112, -1107, -863, -361, -448, -165, 
336, 375, 39, -356, 148, 207, 112, -1107, -858, -361, -448, -165, 
336, 375, 39, -356, 148, 207, 112, -1107, -858, -361, -448, -175, 
336, 375, 39, -356, 148, 207, 112, -1112, -858, -361, -448, -175, 
336, 361, 24, -348, 156, 192, 112, -1112, -863, -366, -448, -180, 
336, 356, 19, -346, 158, 187, 117, -1112, -863, -366, -458, -180, 
336, 366, 29, -351, 153, 197, 112, -1117, -863, -375, -468, -180, 
336, 366, 29, -351, 153, 197, 112, -1117, -863, -375, -468, -180, 
336, 366, 29, -351, 153, 197, 112, -1122, -863, -375, -468, -185, 
336, 366, 29, -351, 153, 197, 112, -1127, -858, -375, -468, -185, 
351, 370, 19, -361, 165, 195, 97, -1117, -849, -361, -463, -185, 
361, 375, 14, -368, 173, 195, 97, -1112, -844, -361, -458, -185, 
361, 375, 14, -368, 173, 195, 97, -1102, -839, -356, -458, -175, 
366, 390, 24, -378, 170, 207, 102, -1098, -829, -346, -453, -175, 
356, 405, 48, -380, 153, 226, 102, -1102, -839, -341, -453, -175, 
361, 409, 48, -385, 156, 229, 102, -1098, -829, -341, -444, -170, 
361, 419, 58, -390, 151, 239, 107, -1098, -829, -331, -434, -165, 
361, 434, 73, -397, 143, 253, 112, -1098, -824, -331, -434, -161, 
361, 434, 73, -397, 143, 253, 102, -1102, -829, -331, -434, -170, 
361, 434, 73, -397, 143, 253, 102, -1102, -824, -331, -434, -165, 
366, 434, 68, -400, 148, 251, 102, -1107, -824, -331, -434, -165, 
370, 439, 68, -405, 151, 253, 97, -1107, -824, -331, -434, -165, 
370, 444, 73, -407, 148, 258, 107, -1107, -810, -322, -419, -151, 
380, 448, 68, -414, 156, 258, 107, -1102, -805, -312, -414, -151, 
385, 468, 82, -427, 151, 275, 97, -1098, -790, -302, -409, -141, 
390, 488, 97, -439, 146, 292, 87, -1098, -790, -297, -400, -136, 
409, 492, 82, -451, 163, 287, 78, -1098, -790, -283, -395, -122, 
414, 507, 92, -461, 161, 300, 68, -1102, -790, -278, -390, -112, 
414, 507, 92, -461, 161, 300, 58, -1102, -795, -278, -390, -112, 
419, 502, 82, -461, 168, 292, 58, -1102, -795, -283, -390, -117, 
414, 502, 87, -458, 163, 295, 43, -1117, -814, -287, -400, -117, 
409, 492, 82, -451, 163, 287, 43, -1127, -829, -292, -405, -122, 
395, 488, 92, -441, 151, 290, 43, -1137, -839, -302, -409, -126, 
385, 473, 87, -429, 148, 280, 48, -1146, -844, -312, -414, -131, 
385, 468, 82, -427, 151, 275, 39, -1146, -844, -322, -424, -136, 
385, 458, 73, -422, 156, 265, 43, -1146, -854, -336, -434, -146, 
380, 439, 58, -409, 161, 248, 43, -1146, -854, -351, -439, -151, 
380, 429, 48, -405, 165, 239, 48, -1146, -854, -356, -439, -151, 
380, 439, 58, -409, 161, 248, 58, -1141, -863, -341, -439, -146, 
380, 439, 58, -409, 161, 248, 53, -1141, -863, -341, -439, -146, 
375, 434, 58, -405, 158, 246, 53, -1141, -868, -341, -439, -146, 
375, 434, 58, -405, 158, 246, 53, -1141, -868, -341, -444, -151, 
380, 439, 58, -409, 161, 248, 48, -1141, -868, -351, -444, -161, 
375, 434, 58, -405, 158, 246, 48, -1141, -868, -356, -444, -161, 
370, 419, 48, -395, 161, 234, 48, -1141, -873, -361, -453, -170, 
366, 409, 43, -387, 161, 226, 53, -1151, -878, -366, -458, -180, 
351, 390, 39, -370, 156, 214, 58, -1151, -883, -375, -468, -185, 
346, 380, 34, -363, 156, 207, 63, -1151, -883, -375, -468, -190, 
341, 380, 39, -361, 151, 209, 63, -1151, -878, -375, -468, -190, 
341, 380, 39, -361, 151, 209, 63, -1151, -878, -380, -468, -190, 
351, 380, 29, -366, 161, 204, 53, -1161, -883, -385, -473, -190, 
351, 375, 24, -363, 163, 200, 48, -1161, -888, -385, -478, -190, 
351, 370, 19, -361, 165, 195, 48, -1161, -893, -385, -478, -190, 
356, 370, 14, -363, 170, 192, 48, -1161, -893, -390, -478, -190, 
356, 380, 24, -368, 165, 202, 48, -1171, -888, -390, -488, -195, 
356, 375, 19, -366, 168, 197, 48, -1171, -888, -390, -488, -195, 
351, 370, 19, -361, 165, 195, 48, -1171, -893, -390, -488, -195, 
351, 370, 19, -361, 165, 195, 48, -1171, -893, -390, -492, -200, 
346, 366, 19, -356, 163, 192, 58, -1171, -888, -390, -492, -190, 
346, 366, 19, -356, 163, 192, 58, -1171, -888, -390, -492, -195, 
346, 366, 19, -356, 163, 192, 58, -1171, -888, -390, -492, -195, 
346, 366, 19, -356, 163, 192, 58, -1171, -888, -390, -492, -195, 
346, 366, 19, -356, 163, 192, 48, -1171, -888, -380, -492, -204, 
341, 366, 24, -353, 158, 195, 48, -1166, -888, -380, -492, -204, 
341, 366, 24, -353, 158, 195, 53, -1166, -888, -380, -492, -204, 
341, 366, 24, -353, 158, 195, 53, -1166, -888, -380, -492, -204, 
341, 366, 24, -353, 158, 195, 53, -1166, -888, -375, -483, -204, 
331, 366, 34, -348, 148, 200, 53, -1166, -888, -375, -483, -204, 
331, 366, 34, -348, 148, 200, 58, -1166, -883, -375, -483, -204, 
331, 366, 34, -348, 148, 200, 58, -1166, -883, -375, -483, -204, 
341, 366, 24, -353, 158, 195, 58, -1166, -883, -385, -483, -200, 
341, 361, 19, -351, 161, 190, 58, -1166, -883, -385, -488, -200, 
331, 361, 29, -346, 151, 195, 73, -1166, -888, -385, -488, -200, 
331, 361, 29, -346, 151, 195, 73, -1161, -883, -385, -488, -204, 
336, 361, 24, -348, 156, 192, 78, -1161, -873, -385, -497, -209, 
322, 341, 19, -331, 151, 180, 112, -1137, -849, -385, -512, -224, 
297, 326, 29, -312, 134, 178, 151, -1107, -810, -385, -531, -229, 
273, 317, 43, -295, 114, 180, 195, -1073, -766, -375, -531, -239, 
253, 312, 58, -283, 97, 185, 239, -1034, -722, -361, -531, -253, 
224, 292, 68, -258, 78, 180, 307, -985, -683, -351, -531, -258, 
214, 302, 87, -258, 63, 195, 356, -922, -624, -322, -522, -268, 
224, 336, 112, -280, 56, 224, 385, -844, -551, -258, -488, -253, 
253, 370, 117, -312, 68, 244, 405, -751, -458, -170, -448, -248, 
307, 405, 97, -356, 104, 251, 414, -629, -351, -63, -390, -219, 
370, 458, 87, -414, 141, 273, 405, -531, -239, 53, -322, -180, 
444, 551, 107, -497, 168, 329, 366, -439, -131, 185, -229, -131, 
536, 634, 97, -585, 219, 366, 312, -390, -48, 317, -136, -58, 
634, 741, 107, -688, 263, 424, 204, -444, 0, 444, -19, 29, 
722, 893, 170, -807, 275, 531, 73, -585, 24, 585, 126, 136, 
785, 1088, 302, -936, 241, 695, -87, -761, 24, 732, 283, 273, 
873, 1288, 414, -1080, 229, 851, -263, -980, -24, 878, 448, 424, 
922, 1439, 517, -1180, 202, 978, -395, -1166, -53, 976, 585, 546, 
902, 1449, 546, -1176, 178, 997, -444, -1273, -34, 961, 595, 570, 
868, 1317, 448, -1093, 209, 883, -453, -1337, -63, 824, 478, 502, 
839, 1137, 297, -988, 270, 717, -453, -1390, -170, 624, 312, 400, 
790, 971, 180, -880, 305, 575, -444, -1488, -385, 375, 131, 302, 
683, 839, 156, -761, 263, 497, -429, -1688, -722, 82, -34, 209, 
556, 692, 136, -624, 209, 414, -385, -1873, -1127, -229, -214, 112, 
439, 551, 112, -495, 163, 331, -312, -1966, -1420, -492, -375, 4, 
356, 488, 131, -422, 112, 309, -219, -1927, -1454, -566, -434, -58, 
307, 492, 185, -400, 61, 339, -136, -1839, -1332, -492, -434, -73, 
278, 483, 204, -380, 36, 344, -92, -1766, -1288, -463, -439, -97, 
273, 453, 180, -363, 46, 317, -78, -1727, -1288, -488, -458, -126, 
263, 424, 161, -344, 51, 292, -68, -1683, -1259, -502, -488, -156, 
258, 395, 136, -326, 61, 265, -78, -1649, -1239, -502, -502, -180, 
258, 361, 102, -309, 78, 231, -73, -1620, -1220, -527, -527, -209, 
253, 346, 92, -300, 80, 219, -39, -1576, -1180, -527, -536, -214, 
244, 336, 92, -290, 75, 214, 9, -1522, -1132, -502, -536, -214, 
248, 331, 82, -290, 82, 207, 39, -1468, -1098, -478, -531, -214, 
248, 322, 73, -285, 87, 197, 48, -1400, -1054, -478, -531, -224, 
258, 341, 82, -300, 87, 212, 53, -1337, -1015, -463, -512, -204, 
278, 341, 63, -309, 107, 202, 48, -1278, -976, -444, -492, -195, 
302, 341, 39, -322, 131, 190, 53, -1224, -927, -419, -492, -204, 
322, 356, 34, -339, 143, 195, 53, -1190, -878, -385, -483, -204, 
336, 390, 53, -363, 141, 222, 43, -1176, -849, -366, -468, -190, 
351, 409, 58, -380, 146, 234, 48, -1176, -834, -341, -453, -175, 
351, 409, 58, -380, 146, 234, 58, -1180, -824, -331, -448, -165, 
346, 419, 73, -383, 136, 246, 63, -1176, -829, -336, -458, -175, 
351, 419, 68, -385, 141, 244, 63, -1171, -834, -346, -458, -175, 
351, 414, 63, -383, 143, 239, 63, -1156, -834, -356, -463, -175, 
346, 405, 58, -375, 143, 231, 68, -1141, -834, -361, -468, -180, 
336, 385, 48, -361, 143, 217, 68, -1137, -824, -370, -463, -190, 
336, 380, 43, -358, 146, 212, 68, -1137, -824, -370, -468, -195, 
336, 380, 43, -358, 146, 212, 68, -1132, -819, -370, -468, -195, 
336, 385, 48, -361, 143, 217, 68, -1132, -814, -361, -468, -195, 
346, 400, 53, -373, 146, 226, 58, -1141, -805, -356, -468, -195, 
351, 409, 58, -380, 146, 234, 53, -1137, -800, -346, -473, -190, 
361, 414, 53, -387, 153, 234, 48, -1132, -790, -341, -473, -190, 
366, 414, 48, -390, 158, 231, 48, -1122, -790, -341, -473, -190, 
366, 405, 39, -385, 163, 222, 48, -1117, -800, -341, -473, -190, 
361, 400, 39, -380, 161, 219, 48, -1112, -800, -346, -473, -190, 
361, 400, 39, -380, 161, 219, 48, -1112, -795, -346, -473, -190, 
361, 395, 34, -378, 163, 214, 48, -1107, -790, -341, -473, -190, 
351, 395, 43, -373, 153, 219, 48, -1102, -795, -341, -463, -200, 
351, 400, 48, -375, 151, 224, 48, -1102, -795, -341, -463, -200, 
356, 400, 43, -378, 156, 222, 48, -1098, -785, -331, -463, -200, 
356, 405, 48, -380, 153, 226, 48, -1098, -785, -326, -458, -200, 
356, 419, 63, -387, 146, 241, 48, -1098, -785, -336, -453, -185, 
361, 419, 58, -390, 151, 239, 48, -1098, -780, -336, -453, -185, 
366, 419, 53, -392, 156, 236, 48, -1098, -775, -331, -453, -185, 
366, 424, 58, -395, 153, 241, 48, -1098, -775, -331, -448, -185, 
375, 424, 48, -400, 163, 236, 48, -1098, -775, -326, -448, -185, 
375, 429, 53, -402, 161, 241, 43, -1093, -771, -326, -444, -180, 
375, 429, 53, -402, 161, 241, 43, -1083, -766, -322, -444, -180, 
380, 429, 48, -405, 165, 239, 43, -1078, -761, -322, -444, -180, 
375, 434, 58, -405, 158, 246, 34, -1083, -761, -322, -453, -180, 
375, 439, 63, -407, 156, 251, 39, -1083, -761, -322, -448, -180, 
375, 439, 63, -407, 156, 251, 39, -1083, -751, -312, -448, -175, 
375, 439, 63, -407, 156, 251, 39, -1078, -751, -307, -444, -170, 
375, 439, 63, -407, 156, 251, 39, -1078, -751, -302, -434, -180, 
375, 444, 68, -409, 153, 256, 39, -1073, -741, -302, -434, -180, 
380, 444, 63, -412, 158, 253, 39, -1068, -736, -297, -434, -180, 
380, 448, 68, -414, 156, 258, 43, -1063, -732, -297, -434, -185, 
380, 439, 58, -409, 161, 248, 43, -1063, -732, -297, -439, -185, 
385, 439, 53, -412, 165, 246, 43, -1063, -727, -292, -439, -180, 
385, 444, 58, -414, 163, 251, 43, -1054, -722, -292, -439, -180, 
390, 444, 53, -417, 168, 248, 43, -1049, -717, -287, -434, -180, 
400, 463, 63, -431, 168, 263, 34, -1049, -712, -278, -444, -170, 
405, 463, 58, -434, 173, 261, 34, -1044, -707, -278, -434, -165, 
405, 463, 58, -434, 173, 261, 34, -1039, -702, -268, -434, -161, 
405, 463, 58, -434, 173, 261, 34, -1034, -697, -268, -434, -156, 
405, 458, 53, -431, 175, 256, 43, -1039, -683, -273, -429, -156, 
409, 463, 53, -436, 178, 258, 43, -1034, -683, -268, -424, -156, 
409, 468, 58, -439, 175, 263, 43, -1029, -678, -263, -414, -156, 
409, 473, 63, -441, 173, 268, 43, -1029, -678, -258, -409, -156, 
414, 483, 68, -448, 173, 275, 39, -1024, -678, -268, -405, -151, 
414, 483, 68, -448, 173, 275, 34, -1019, -673, -263, -405, -151, 
414, 483, 68, -448, 173, 275, 29, -1015, -663, -258, -400, -151, 
414, 488, 73, -451, 170, 280, 24, -1005, -658, -253, -395, -146, 
414, 507, 92, -461, 161, 300, 24, -1000, -663, -253, -400, -146, 
419, 507, 87, -463, 165, 297, 24, -995, -658, -248, -400, -146, 
424, 512, 87, -468, 168, 300, 24, -990, -653, -244, -400, -146, 
424, 512, 87, -468, 168, 300, 24, -985, -644, -239, -390, -141, 
424, 502, 78, -463, 173, 290, 24, -985, -624, -224, -390, -136, 
429, 507, 78, -468, 175, 292, 24, -985, -619, -219, -390, -136, 
429, 517, 87, -473, 170, 302, 24, -976, -614, -209, -380, -136, 
434, 517, 82, -475, 175, 300, 24, -971, -605, -204, -375, -131, 
434, 512, 78, -473, 178, 295, 34, -966, -605, -200, -380, -136, 
439, 517, 78, -478, 180, 297, 34, -961, -595, -195, -375, -136, 
439, 522, 82, -480, 178, 302, 34, -946, -590, -185, -370, -131, 
448, 527, 78, -488, 185, 302, 34, -936, -580, -185, -370, -131, 
448, 531, 82, -490, 183, 307, 34, -932, -570, -185, -356, -122, 
444, 536, 92, -490, 175, 314, 34, -932, -575, -180, -356, -122, 
439, 541, 102, -490, 168, 322, 39, -922, -570, -175, -351, -122, 
444, 546, 102, -495, 170, 324, 39, -917, -566, -170, -346, -122, 
453, 556, 102, -505, 175, 329, 29, -897, -551, -156, -341, -117, 
458, 561, 102, -509, 178, 331, 29, -893, -536, -146, -336, -117, 
463, 566, 102, -514, 180, 334, 34, -883, -522, -136, -331, -107, 
468, 570, 102, -519, 183, 336, 34, -873, -507, -126, -326, -102, 
473, 570, 97, -522, 187, 334, 24, -863, -502, -117, -322, -87, 
478, 575, 97, -527, 190, 336, 24, -849, -497, -112, -312, -82, 
483, 585, 102, -534, 190, 344, 24, -839, -488, -102, -307, -82, 
488, 590, 102, -539, 192, 346, 24, -829, -483, -92, -297, -78, 
492, 595, 102, -544, 195, 348, 19, -834, -458, -73, -292, -82, 
497, 605, 107, -551, 195, 356, 19, -824, -448, -68, -283, -78, 
507, 614, 107, -561, 200, 361, 19, -814, -439, -58, -278, -73, 
507, 619, 112, -563, 197, 366, 19, -805, -429, -48, -273, -68, 
522, 634, 112, -578, 204, 373, 14, -790, -409, -39, -263, -63, 
531, 649, 117, -590, 207, 383, 14, -780, -400, -29, -258, -58, 
536, 649, 112, -592, 212, 380, 14, -771, -390, -9, -248, -53, 
541, 663, 122, -602, 209, 392, 14, -761, -380, 0, -244, -43, 
531, 668, 136, -600, 197, 402, 14, -751, -385, 9, -229, -43, 
536, 678, 141, -607, 197, 409, 14, -746, -375, 19, -219, -39, 
541, 683, 141, -612, 200, 412, 14, -736, -370, 29, -209, -29, 
546, 688, 141, -617, 202, 414, 14, -727, -356, 39, -204, -29, 
551, 692, 141, -622, 204, 417, 14, -727, -336, 39, -209, -24, 
561, 702, 141, -631, 209, 422, 4, -717, -326, 48, -200, -14, 
566, 712, 146, -639, 209, 429, 4, -707, -312, 58, -190, -14, 
566, 712, 146, -639, 209, 429, 4, -702, -297, 68, -185, -9, 
570, 732, 161, -651, 204, 446, 4, -697, -292, 78, -180, -4, 
575, 732, 156, -653, 209, 444, 4, -692, -292, 87, -170, 0, 
580, 741, 161, -661, 209, 451, 4, -692, -292, 97, -165, 4, 
585, 751, 165, -668, 209, 458, 4, -683, -287, 102, -161, 4, 
585, 756, 170, -671, 207, 463, 0, -683, -278, 97, -156, 14, 
585, 756, 170, -671, 207, 463, 0, -683, -278, 102, -146, 14, 
585, 766, 180, -675, 202, 473, 0, -683, -278, 102, -146, 19, 
590, 766, 175, -678, 207, 470, 0, -683, -278, 107, -141, 19, 
590, 761, 170, -675, 209, 466, 0, -678, -268, 122, -141, 19, 
595, 766, 170, -680, 212, 468, -4, -683, -263, 122, -136, 24, 
595, 771, 175, -683, 209, 473, -4, -688, -263, 126, -136, 29, 
595, 771, 175, -683, 209, 473, -9, -702, -258, 126, -136, 29, 
590, 771, 180, -680, 204, 475, -9, -697, -273, 126, -126, 34, 
585, 775, 190, -680, 197, 483, -4, -702, -273, 122, -126, 34, 
585, 775, 190, -680, 197, 483, -4, -722, -278, 117, -131, 29, 
585, 775, 190, -680, 197, 483, -9, -736, -292, 112, -136, 29, 
590, 766, 175, -678, 207, 470, -9, -766, -302, 102, -146, 24, 
580, 756, 175, -668, 202, 466, -4, -785, -326, 92, -156, 24, 
575, 746, 170, -661, 202, 458, -4, -805, -341, 73, -165, 9, 
570, 732, 161, -651, 204, 446, -9, -824, -361, 63, -180, 4, 
561, 727, 165, -644, 197, 446, -9, -839, -380, 34, -200, 0, 
551, 717, 165, -634, 192, 441, -9, -849, -400, 19, -214, -14, 
536, 702, 165, -619, 185, 434, -9, -868, -424, 4, -224, -24, 
531, 692, 161, -612, 185, 427, -9, -883, -439, -19, -239, -34, 
512, 683, 170, -597, 170, 427, -24, -917, -463, -39, -244, -43, 
502, 668, 165, -585, 168, 417, -24, -936, -488, -58, -253, -53, 
497, 649, 151, -573, 173, 400, -19, -956, -512, -78, -273, -58, 
488, 634, 146, -561, 170, 390, -14, -971, -536, -97, -287, -68, 
478, 624, 146, -551, 165, 385, -14, -1000, -561, -112, -297, -78, 
468, 610, 141, -539, 163, 375, -14, -1015, -575, -131, -312, -87, 
458, 590, 131, -524, 163, 361, -19, -1034, -600, -151, -326, -97, 
448, 570, 122, -509, 163, 346, -19, -1049, -619, -170, -341, -112, 
439, 561, 122, -500, 158, 341, -9, -1063, -644, -190, -356, -117, 
429, 556, 126, -492, 151, 341, -14, -1078, -658, -204, -361, -122, 
429, 541, 112, -485, 158, 326, -19, -1093, -678, -214, -370, -131, 
424, 536, 112, -480, 156, 324, -19, -1107, -697, -229, -385, -141, 
419, 517, 97, -468, 161, 307, -24, -1127, -702, -253, -390, -151, 
409, 507, 97, -458, 156, 302, -24, -1146, -722, -268, -400, -151, 
405, 492, 87, -448, 158, 290, -24, -1161, -741, -278, -409, -161, 
400, 483, 82, -441, 158, 283, -24, -1176, -751, -292, -414, -165, 
385, 473, 87, -429, 148, 280, -29, -1180, -766, -302, -439, -170, 
385, 463, 78, -424, 153, 270, -24, -1185, -780, -317, -444, -175, 
380, 458, 78, -419, 151, 268, -29, -1185, -800, -326, -448, -180, 
375, 448, 73, -412, 151, 261, -34, -1190, -805, -331, -458, -185, 
375, 439, 63, -407, 156, 251, -29, -1195, -819, -331, -458, -190, 
370, 439, 68, -405, 151, 253, -29, -1200, -829, -336, -463, -195, 
366, 434, 68, -400, 148, 251, -29, -1210, -844, -341, -463, -200, 
366, 434, 68, -400, 148, 251, -34, -1210, -844, -346, -468, -200, 
370, 439, 68, -405, 151, 253, -34, -1220, -849, -356, -458, -195, 
370, 429, 58, -400, 156, 244, -34, -1224, -844, -366, -463, -195, 
370, 429, 58, -400, 156, 244, -34, -1224, -849, -370, -473, -200, 
370, 424, 53, -397, 158, 239, -34, -1224, -844, -380, -473, -204, 
370, 424, 53, -397, 158, 239, -43, -1239, -849, -380, -478, -214, 
370, 419, 48, -395, 161, 234, -43, -1239, -858, -385, -478, -214, 
370, 414, 43, -392, 163, 229, -48, -1239, -868, -390, -478, -214, 
370, 414, 43, -392, 163, 229, -48, -1244, -878, -395, -478, -214, 
370, 414, 43, -392, 163, 229, -43, -1244, -868, -395, -488, -214, 
366, 409, 43, -387, 161, 226, -39, -1244, -873, -395, -488, -214, 
366, 409, 43, -387, 161, 226, -34, -1244, -878, -395, -488, -209, 
366, 409, 43, -387, 161, 226, -29, -1249, -878, -400, -492, -209, 
366, 400, 34, -383, 165, 217, -39, -1259, -878, -400, -483, -219, 
366, 400, 34, -383, 165, 217, -39, -1259, -878, -400, -488, -219, 
366, 400, 34, -383, 165, 217, -39, -1259, -878, -405, -488, -219, 
366, 400, 34, -383, 165, 217, -39, -1259, -878, -405, -488, -224, 
366, 395, 29, -380, 168, 212, -43, -1259, -888, -409, -488, -219, 
366, 395, 29, -380, 168, 212, -48, -1259, -888, -409, -488, -219, 
366, 400, 34, -383, 165, 217, -48, -1259, -893, -409, -488, -219, 
366, 400, 34, -383, 165, 217, -48, -1259, -893, -409, -488, -219, 
356, 400, 43, -378, 156, 222, -43, -1249, -888, -419, -488, -209, 
356, 395, 39, -375, 158, 217, -43, -1249, -888, -419, -488, -209, 
356, 395, 39, -375, 158, 217, -43, -1249, -893, -419, -488, -209, 
356, 395, 39, -375, 158, 217, -43, -1259, -893, -414, -488, -209, 
356, 395, 39, -375, 158, 217, -53, -1259, -883, -414, -488, -219, 
356, 395, 39, -375, 158, 217, -53, -1263, -883, -419, -488, -219, 
356, 395, 39, -375, 158, 217, -53, -1263, -883, -419, -492, -219, 
356, 395, 39, -375, 158, 217, -53, -1263, -883, -419, -492, -219, 
356, 385, 29, -370, 163, 207, -58, -1263, -883, -424, -492, -229, 
356, 385, 29, -370, 163, 207, -58, -1268, -883, -424, -492, -229, 
356, 385, 29, -370, 163, 207, -58, -1273, -883, -424, -492, -229, 
356, 385, 29, -370, 163, 207, -58, -1278, -883, -424, -492, -229, 
356, 385, 29, -370, 163, 207, -53, -1268, -888, -424, -502, -229, 
356, 385, 29, -370, 163, 207, -53, -1263, -893, -419, -502, -229, 
356, 385, 29, -370, 163, 207, -53, -1263, -897, -419, -502, -234, 
356, 385, 29, -370, 163, 207, -53, -1263, -902, -424, -502, -234, 
361, 385, 24, -373, 168, 204, -53, -1263, -893, -424, -492, -234, 
361, 385, 24, -373, 168, 204, -53, -1263, -893, -424, -492, -234, 
361, 385, 24, -373, 168, 204, -53, -1268, -893, -424, -492, -234, 
361, 385, 24, -373, 168, 204, -53, -1268, -893, -424, -488, -234, 
361, 390, 29, -375, 165, 209, -53, -1273, -893, -424, -478, -234, 
361, 395, 34, -378, 163, 214, -58, -1273, -893, -424, -478, -234, 
366, 395, 29, -380, 168, 212, -58, -1278, -893, -424, -483, -234, 
366, 395, 29, -380, 168, 212, -58, -1278, -893, -424, -483, -234, 
356, 395, 39, -375, 158, 217, -58, -1278, -893, -424, -492, -224, 
356, 395, 39, -375, 158, 217, -58, -1273, -893, -424, -488, -224, 
356, 395, 39, -375, 158, 217, -58, -1273, -893, -424, -488, -224, 
356, 395, 39, -375, 158, 217, -58, -1273, -893, -424, -488, -224, 
366, 395, 29, -380, 168, 212, -68, -1273, -893, -424, -488, -234, 
366, 395, 29, -380, 168, 212, -68, -1273, -893, -424, -488, -234, 
366, 395, 29, -380, 168, 212, -68, -1273, -893, -424, -488, -234, 
366, 395, 29, -380, 168, 212, -68, -1273, -893, -424, -488, -234, 
366, 405, 39, -385, 163, 222, -68, -1283, -893, -424, -478, -234, 
366, 405, 39, -385, 163, 222, -68, -1283, -893, -424, -478, -234, 
361, 405, 43, -383, 158, 224, -68, -1283, -893, -419, -478, -234, 
361, 405, 43, -383, 158, 224, -68, -1283, -893, -414, -478, -229, 
351, 395, 43, -373, 153, 219, -58, -1273, -893, -424, -488, -229, 
356, 400, 43, -378, 156, 222, -58, -1273, -893, -424, -488, -234, 
356, 400, 43, -378, 156, 222, -58, -1273, -893, -424, -488, -234, 
351, 400, 48, -375, 151, 224, -58, -1273, -893, -424, -488, -234, 
361, 400, 39, -380, 161, 219, -68, -1273, -897, -434, -488, -224, 
366, 400, 34, -383, 165, 217, -68, -1273, -902, -434, -488, -224, 
366, 400, 34, -383, 165, 217, -68, -1273, -907, -434, -488, -224, 
366, 395, 29, -380, 168, 212, -68, -1273, -912, -434, -488, -224, 
356, 395, 39, -375, 158, 217, -78, -1273, -912, -434, -488, -229, 
356, 405, 48, -380, 153, 226, -78, -1273, -912, -434, -488, -229, 
356, 405, 48, -380, 153, 226, -78, -1273, -912, -434, -488, -229, 
356, 400, 43, -378, 156, 222, -78, -1273, -912, -434, -488, -229, 
366, 400, 34, -383, 165, 217, -78, -1273, -912, -424, -488, -229, 
366, 400, 34, -383, 165, 217, -78, -1273, -912, -424, -488, -229, 
366, 400, 34, -383, 165, 217, -78, -1278, -912, -424, -488, -234, 
366, 400, 34, -383, 165, 217, -78, -1278, -912, -424, -488, -234, 
366, 390, 24, -378, 170, 207, -82, -1278, -902, -424, -488, -234, 
366, 390, 24, -378, 170, 207, -82, -1283, -902, -424, -488, -229, 
366, 390, 24, -378, 170, 207, -82, -1283, -907, -429, -488, -229, 
366, 390, 24, -378, 170, 207, -82, -1283, -907, -429, -488, -234, 
366, 400, 34, -383, 165, 217, -92, -1293, -917, -434, -488, -234, 
366, 400, 34, -383, 165, 217, -92, -1293, -917, -434, -488, -234, 
366, 400, 34, -383, 165, 217, -92, -1293, -922, -439, -488, -234, 
366, 400, 34, -383, 165, 217, -92, -1293, -922, -439, -488, -234, 
356, 400, 43, -378, 156, 222, -92, -1293, -922, -448, -488, -234, 
356, 400, 43, -378, 156, 222, -92, -1298, -927, -448, -492, -234, 
356, 400, 43, -378, 156, 222, -92, -1302, -927, -453, -492, -234, 
356, 400, 43, -378, 156, 222, -92, -1302, -927, -453, -492, -234, 
366, 400, 34, -383, 165, 217, -92, -1302, -927, -439, -492, -234, 
366, 400, 34, -383, 165, 217, -92, -1302, -927, -439, -492, -234, 
366, 400, 34, -383, 165, 217, -92, -1298, -927, -444, -492, -234, 
366, 400, 34, -383, 165, 217, -92, -1298, -927, -448, -492, -239, 
366, 400, 34, -383, 165, 217, -102, -1302, -936, -439, -492, -239, 
366, 400, 34, -383, 165, 217, -107, -1302, -936, -439, -492, -239, 
366, 400, 34, -383, 165, 217, -112, -1302, -936, -439, -492, -244, 
366, 400, 34, -383, 165, 217, -112, -1307, -936, -448, -492, -244, 
366, 400, 34, -383, 165, 217, -102, -1307, -932, -439, -492, -234, 
366, 400, 34, -383, 165, 217, -102, -1307, -932, -439, -492, -234, 
366, 400, 34, -383, 165, 217, -102, -1307, -932, -439, -492, -229, 
366, 400, 34, -383, 165, 217, -107, -1307, -936, -439, -492, -229, 
366, 405, 39, -385, 163, 222, -107, -1307, -946, -444, -492, -239, 
366, 400, 34, -383, 165, 217, -107, -1312, -946, -444, -492, -239, 
366, 400, 34, -383, 165, 217, -107, -1312, -946, -444, -492, -239, 
366, 400, 34, -383, 165, 217, -107, -1312, -946, -448, -492, -239, 
366, 400, 34, -383, 165, 217, -107, -1312, -941, -448, -492, -239, 
366, 400, 34, -383, 165, 217, -107, -1312, -941, -448, -492, -239, 
366, 405, 39, -385, 163, 222, -107, -1317, -946, -448, -492, -239, 
366, 405, 39, -385, 163, 222, -107, -1317, -946, -448, -492, -239, 
366, 395, 29, -380, 168, 212, -107, -1317, -956, -448, -488, -239, 
366, 390, 24, -378, 170, 207, -107, -1317, -956, -448, -488, -239, 
366, 390, 24, -378, 170, 207, -107, -1317, -956, -448, -488, -239, 
366, 390, 24, -378, 170, 207, -107, -1317, -956, -448, -488, -239, 
366, 390, 24, -378, 170, 207, -117, -1317, -946, -439, -488, -239, 
366, 390, 24, -378, 170, 207, -117, -1317, -946, -444, -488, -239, 
366, 390, 24, -378, 170, 207, -117, -1317, -946, -444, -488, -239, 
366, 390, 24, -378, 170, 207, -117, -1317, -946, -444, -483, -244, 
366, 390, 24, -378, 170, 207, -117, -1317, -961, -453, -492, -244, 
366, 390, 24, -378, 170, 207, -117, -1322, -961, -453, -497, -244, 
366, 390, 24, -378, 170, 207, -117, -1322, -961, -453, -497, -244, 
366, 390, 24, -378, 170, 207, -117, -1327, -961, -453, -497, -244, 
356, 390, 34, -373, 161, 212, -126, -1327, -971, -453, -497, -253, 
356, 390, 34, -373, 161, 212, -126, -1327, -971, -453, -497, -253, 
356, 390, 34, -373, 161, 212, -126, -1327, -971, -453, -497, -253, 
356, 390, 34, -373, 161, 212, -126, -1327, -971, -453, -497, -258, 
366, 390, 24, -378, 170, 207, -126, -1332, -961, -463, -497, -258, 
366, 390, 24, -378, 170, 207, -126, -1332, -961, -463, -497, -258, 
366, 390, 24, -378, 170, 207, -126, -1337, -961, -463, -497, -258, 
366, 395, 29, -380, 168, 212, -126, -1337, -961, -463, -497, -253, 
370, 395, 24, -383, 173, 209, -117, -1337, -971, -453, -497, -253, 
370, 390, 19, -380, 175, 204, -117, -1337, -971, -453, -497, -253, 
370, 390, 19, -380, 175, 204, -122, -1332, -971, -453, -502, -253, 
370, 390, 19, -380, 175, 204, -122, -1332, -971, -453, -502, -253, 
361, 390, 29, -375, 165, 209, -122, -1332, -971, -453, -497, -244, 
361, 390, 29, -375, 165, 209, -122, -1332, -971, -453, -497, -244, 
361, 390, 29, -375, 165, 209, -122, -1332, -971, -458, -497, -244, 
361, 390, 29, -375, 165, 209, -126, -1332, -971, -458, -497, -244, 
361, 390, 29, -375, 165, 209, -136, -1342, -971, -458, -497, -253, 
361, 390, 29, -375, 165, 209, -136, -1351, -976, -458, -497, -253, 
361, 390, 29, -375, 165, 209, -136, -1351, -976, -458, -502, -253, 
361, 390, 29, -375, 165, 209, -136, -1346, -976, -458, -502, -253, 
370, 395, 24, -383, 173, 209, -131, -1342, -966, -458, -502, -263, 
370, 395, 24, -383, 173, 209, -131, -1342, -966, -458, -502, -263, 
370, 395, 24, -383, 173, 209, -131, -1342, -971, -458, -502, -258, 
370, 390, 19, -380, 175, 204, -131, -1346, -971, -458, -502, -258, 
370, 385, 14, -378, 178, 200, -131, -1346, -971, -458, -502, -253, 
370, 385, 14, -378, 178, 200, -131, -1346, -971, -453, -502, -253, 
370, 385, 14, -378, 178, 200, -131, -1346, -971, -453, -497, -248, 
370, 385, 14, -378, 178, 200, -131, -1346, -971, -458, -497, -248, 
361, 385, 24, -373, 168, 204, -131, -1346, -971, -468, -497, -258, 
361, 385, 24, -373, 168, 204, -131, -1346, -971, -468, -502, -258, 
361, 385, 24, -373, 168, 204, -131, -1346, -971, -468, -502, -258, 
361, 385, 24, -373, 168, 204, -131, -1346, -971, -473, -502, -258, 
361, 385, 24, -373, 168, 204, -131, -1356, -976, -473, -512, -258, 
361, 385, 24, -373, 168, 204, -131, -1356, -976, -473, -512, -258, 
361, 385, 24, -373, 168, 204, -131, -1356, -980, -473, -507, -258, 
361, 390, 29, -375, 165, 209, -131, -1346, -980, -468, -507, -258, 
361, 385, 24, -373, 168, 204, -131, -1351, -976, -463, -507, -258, 
361, 385, 24, -373, 168, 204, -131, -1351, -976, -463, -507, -258, 
361, 390, 29, -375, 165, 209, -131, -1351, -971, -463, -507, -258, 
366, 390, 24, -378, 170, 207, -136, -1351, -971, -463, -507, -258, 
366, 390, 24, -378, 170, 207, -151, -1351, -980, -468, -507, -258, 
366, 390, 24, -378, 170, 207, -151, -1356, -980, -468, -507, -258, 
366, 390, 24, -378, 170, 207, -151, -1356, -980, -473, -507, -253, 
366, 390, 24, -378, 170, 207, -151, -1356, -980, -473, -507, -253, 
375, 395, 19, -385, 178, 207, -156, -1366, -971, -473, -517, -263, 
366, 385, 19, -375, 173, 202, -146, -1366, -971, -478, -507, -263, 
361, 380, 19, -370, 170, 200, -146, -1356, -985, -478, -507, -263, 
361, 380, 19, -370, 170, 200, -146, -1366, -985, -478, -517, -263, 
361, 380, 19, -370, 170, 200, -146, -1366, -985, -478, -517, -263, 
361, 380, 19, -370, 170, 200, -146, -1366, -985, -478, -517, -263, 
361, 380, 19, -370, 170, 200, -146, -1366, -985, -478, -517, -263, 
361, 380, 19, -370, 170, 200, -151, -1356, -980, -478, -517, -263, 
351, 380, 29, -366, 161, 204, -151, -1356, -980, -478, -517, -263, 
351, 380, 29, -366, 161, 204, -151, -1351, -976, -478, -517, -263, 
351, 380, 29, -366, 161, 204, -151, -1351, -976, -478, -517, -263, 
356, 385, 29, -370, 163, 207, -151, -1361, -980, -478, -517, -263, 
356, 385, 29, -370, 163, 207, -151, -1361, -980, -478, -517, -263, 
356, 385, 29, -370, 163, 207, -151, -1361, -976, -478, -517, -263, 
356, 385, 29, -370, 163, 207, -151, -1361, -976, -478, -517, -263, 
366, 385, 19, -375, 173, 202, -141, -1366, -976, -468, -507, -273, 
366, 370, 4, -368, 180, 187, -141, -1366, -980, -473, -507, -278, 
366, 366, 0, -366, 183, 183, -136, -1366, -980, -473, -517, -278, 
366, 366, 0, -366, 183, 183, -131, -1366, -980, -473, -517, -278, 
366, 366, 0, -366, 183, 183, -141, -1361, -990, -473, -517, -268, 
366, 366, 0, -366, 183, 183, -141, -1361, -990, -473, -517, -273, 
366, 366, 0, -366, 183, 183, -141, -1361, -985, -473, -517, -273, 
370, 370, 0, -370, 185, 185, -146, -1361, -985, -468, -512, -273, 
380, 375, -4, -378, 192, 185, -146, -1356, -980, -478, -512, -283, 
380, 375, -4, -378, 192, 185, -146, -1346, -976, -473, -517, -273, 
385, 390, 4, -387, 190, 197, -141, -1342, -966, -463, -517, -273, 
385, 395, 9, -390, 187, 202, -141, -1337, -966, -458, -522, -273, 
390, 400, 9, -395, 190, 204, -131, -1332, -966, -458, -512, -258, 
390, 409, 19, -400, 185, 214, -126, -1332, -966, -448, -502, -253, 
390, 424, 34, -407, 178, 229, -122, -1332, -961, -448, -502, -248, 
390, 424, 34, -407, 178, 229, -122, -1327, -956, -448, -502, -248, 
390, 424, 34, -407, 178, 229, -131, -1317, -941, -448, -502, -244, 
395, 424, 29, -409, 183, 226, -131, -1322, -941, -448, -502, -244, 
400, 429, 29, -414, 185, 229, -136, -1322, -941, -448, -502, -244, 
400, 434, 34, -417, 183, 234, -136, -1322, -936, -439, -497, -239, 
409, 439, 29, -424, 190, 234, -141, -1322, -941, -419, -483, -239, 
414, 458, 43, -436, 185, 251, -156, -1322, -927, -409, -478, -229, 
419, 478, 58, -448, 180, 268, -170, -1327, -927, -405, -468, -224, 
429, 492, 63, -461, 183, 278, -185, -1342, -927, -400, -453, -209, 
434, 507, 73, -470, 180, 290, -185, -1346, -936, -400, -448, -200, 
434, 507, 73, -470, 180, 290, -195, -1346, -941, -405, -448, -200, 
439, 502, 63, -470, 187, 283, -195, -1346, -941, -414, -448, -204, 
439, 502, 63, -470, 187, 283, -200, -1356, -951, -424, -458, -204, 
429, 492, 63, -461, 183, 278, -200, -1361, -966, -429, -473, -219, 
419, 488, 68, -453, 175, 278, -200, -1366, -976, -439, -478, -224, 
414, 473, 58, -444, 178, 265, -195, -1371, -980, -448, -483, -229, 
414, 468, 53, -441, 180, 261, -195, -1371, -990, -453, -483, -234, 
405, 448, 43, -427, 180, 246, -190, -1371, -1000, -453, -483, -244, 
400, 429, 29, -414, 185, 229, -190, -1371, -1000, -463, -488, -248, 
400, 419, 19, -409, 190, 219, -185, -1371, -1000, -463, -488, -248, 
400, 429, 29, -414, 185, 229, -185, -1376, -1000, -458, -488, -244, 
400, 439, 39, -419, 180, 239, -180, -1376, -990, -468, -488, -234, 
395, 434, 39, -414, 178, 236, -180, -1376, -995, -468, -488, -234, 
395, 434, 39, -414, 178, 236, -180, -1376, -995, -468, -492, -239, 
390, 429, 39, -409, 175, 234, -175, -1376, -995, -468, -492, -239, 
385, 414, 29, -400, 178, 222, -185, -1376, -1005, -473, -502, -244, 
380, 400, 19, -390, 180, 209, -185, -1376, -1010, -478, -512, -258, 
375, 390, 14, -383, 180, 202, -180, -1385, -1015, -483, -517, -273, 
370, 380, 9, -375, 180, 195, -175, -1385, -1019, -492, -527, -283, 
375, 380, 4, -378, 185, 192, -180, -1376, -1010, -483, -517, -278, 
370, 380, 9, -375, 180, 195, -180, -1376, -1005, -483, -517, -278, 
370, 380, 9, -375, 180, 195, -180, -1376, -1005, -488, -517, -278, 
370, 380, 9, -375, 180, 195, -180, -1376, -1010, -492, -522, -278, 
370, 375, 4, -373, 183, 190, -185, -1381, -1015, -492, -536, -278, 
370, 370, 0, -370, 185, 185, -185, -1385, -1019, -492, -536, -278, 
375, 370, -4, -373, 190, 183, -185, -1390, -1019, -497, -536, -278, 
375, 370, -4, -373, 190, 183, -185, -1395, -1015, -497, -536, -283, 
366, 356, -9, -361, 187, 173, -185, -1395, -1015, -507, -536, -283, 
361, 351, -9, -356, 185, 170, -185, -1395, -1019, -507, -536, -283, 
361, 351, -9, -356, 185, 170, -185, -1395, -1019, -507, -541, -287, 
356, 346, -9, -351, 183, 168, -185, -1395, -1015, -507, -541, -287, 
366, 356, -9, -361, 187, 173, -175, -1385, -1024, -497, -541, -292, 
366, 356, -9, -361, 187, 173, -175, -1385, -1024, -497, -541, -292, 
366, 356, -9, -361, 187, 173, -175, -1385, -1024, -497, -541, -292, 
366, 356, -9, -361, 187, 173, -175, -1385, -1024, -497, -541, -292, 
361, 356, -4, -358, 183, 175, -185, -1390, -1015, -497, -541, -292, 
361, 356, -4, -358, 183, 175, -180, -1390, -1015, -497, -541, -292, 
361, 356, -4, -358, 183, 175, -180, -1390, -1015, -497, -541, -292, 
361, 356, -4, -358, 183, 175, -180, -1390, -1015, -492, -541, -292, 
351, 346, -4, -348, 178, 170, -180, -1390, -1015, -492, -531, -292, 
351, 346, -4, -348, 178, 170, -175, -1390, -1010, -492, -531, -292, 
351, 346, -4, -348, 178, 170, -175, -1390, -1010, -492, -531, -292, 
351, 346, -4, -348, 178, 170, -175, -1390, -1010, -492, -531, -297, 
361, 351, -9, -356, 185, 170, -175, -1390, -1010, -492, -536, -297, 
361, 351, -9, -356, 185, 170, -180, -1390, -1005, -502, -536, -297, 
341, 341, 0, -341, 170, 170, -170, -1385, -990, -492, -536, -292, 
336, 331, -4, -334, 170, 163, -156, -1366, -980, -492, -556, -297, 
331, 322, -9, -326, 170, 156, -122, -1351, -966, -492, -561, -312, 
307, 317, 9, -312, 148, 163, -82, -1322, -927, -492, -570, -317, 
283, 317, 34, -300, 124, 175, -39, -1298, -883, -473, -561, -326, 
253, 322, 68, -287, 92, 195, 14, -1259, -839, -468, -561, -341, 
234, 312, 78, -273, 78, 195, 73, -1200, -790, -458, -570, -346, 
234, 322, 87, -278, 73, 204, 122, -1137, -741, -429, -561, -356, 
253, 346, 92, -300, 80, 219, 151, -1058, -658, -356, -517, -341, 
283, 380, 97, -331, 92, 239, 161, -966, -566, -258, -478, -317, 
326, 424, 97, -375, 114, 261, 161, -863, -458, -141, -419, -278, 
400, 497, 97, -448, 151, 297, 151, -756, -346, -14, -341, -229, 
473, 570, 97, -522, 187, 334, 112, -683, -248, 117, -248, -180, 
575, 663, 87, -619, 244, 375, 39, -673, -185, 239, -136, -107, 
673, 790, 117, -732, 278, 453, -78, -756, -136, 366, -19, -19, 
771, 961, 190, -866, 290, 575, -219, -878, -112, 517, 136, 107, 
854, 1156, 302, -1005, 275, 729, -390, -1044, -122, 673, 292, 234, 
902, 1346, 444, -1124, 229, 895, -566, -1244, -141, 829, 458, 375, 
932, 1468, 536, -1200, 197, 1002, -678, -1390, -122, 907, 566, 478, 
922, 1429, 507, -1176, 207, 968, -707, -1478, -131, 844, 536, 473, 
878, 1268, 390, -1073, 244, 829, -717, -1551, -200, 678, 400, 395, 
849, 1088, 239, -968, 305, 663, -727, -1634, -366, 439, 214, 292, 
800, 941, 141, -871, 329, 541, -727, -1771, -619, 180, 53, 204, 
692, 819, 126, -756, 283, 473, -702, -1971, -985, -122, -102, 112, 
566, 663, 97, -614, 234, 380, -639, -2137, -1381, -463, -292, -14, 
458, 531, 73, -495, 192, 302, -546, -2181, -1586, -668, -434, -122, 
375, 478, 102, -427, 136, 290, -444, -2122, -1542, -673, -473, -165, 
317, 473, 156, -395, 80, 314, -380, -2034, -1449, -610, -473, -180, 
287, 463, 175, -375, 56, 319, -346, -1981, -1424, -610, -497, -204, 
283, 424, 141, -353, 70, 283, -322, -1932, -1415, -624, -536, -234, 
283, 395, 112, -339, 85, 253, -322, -1878, -1376, -629, -556, -253, 
278, 366, 87, -322, 95, 226, -322, -1844, -1346, -639, -561, -268, 
268, 341, 73, -305, 97, 207, -307, -1815, -1337, -644, -566, -278, 
253, 336, 82, -295, 85, 209, -263, -1761, -1288, -624, -566, -292, 
273, 336, 63, -305, 104, 200, -224, -1698, -1229, -600, -556, -292, 
287, 322, 34, -305, 126, 178, -195, -1625, -1185, -585, -551, -292, 
287, 331, 43, -309, 122, 187, -185, -1566, -1151, -575, -551, -302, 
297, 331, 34, -314, 131, 183, -190, -1512, -1102, -561, -551, -302, 
317, 331, 14, -324, 151, 173, -185, -1464, -1063, -541, -551, -302, 
331, 341, 9, -336, 161, 175, -170, -1420, -1015, -507, -541, -292, 
331, 366, 34, -348, 148, 200, -161, -1395, -976, -463, -531, -283, 
336, 390, 53, -363, 141, 222, -161, -1390, -946, -444, -517, -278, 
351, 409, 58, -380, 146, 234, -165, -1390, -941, -439, -512, -273, 
361, 419, 58, -390, 151, 239, -165, -1385, -941, -429, -507, -273, 
375, 409, 34, -392, 170, 222, -170, -1381, -946, -439, -507, -283, 
380, 409, 29, -395, 175, 219, -170, -1376, -951, -453, -507, -283, 
380, 405, 24, -392, 178, 214, -170, -1361, -951, -468, -512, -283, 
375, 395, 19, -385, 178, 207, -165, -1346, -951, -478, -517, -287, 
366, 385, 19, -375, 173, 202, -165, -1342, -951, -478, -531, -287, 
366, 380, 14, -373, 175, 197, -165, -1342, -951, -478, -536, -292, 
366, 380, 14, -373, 175, 197, -165, -1337, -946, -478, -536, -292, 
366, 385, 19, -375, 173, 202, -165, -1337, -941, -468, -536, -292, 
356, 380, 24, -368, 165, 202, -156, -1337, -932, -463, -527, -292, 
361, 390, 29, -375, 165, 209, -161, -1332, -927, -453, -522, -287, 
370, 395, 24, -383, 173, 209, -165, -1327, -917, -448, -512, -287, 
375, 395, 19, -385, 178, 207, -165, -1317, -917, -448, -502, -287, 
375, 405, 29, -390, 173, 217, -165, -1322, -907, -448, -502, -287, 
370, 400, 29, -385, 170, 214, -165, -1317, -907, -453, -502, -287, 
370, 400, 29, -385, 170, 214, -165, -1317, -902, -453, -502, -287, 
370, 395, 24, -383, 173, 209, -165, -1312, -897, -448, -502, -287, 
370, 395, 24, -383, 173, 209, -165, -1317, -902, -448, -512, -278, 
370, 400, 29, -385, 170, 214, -165, -1317, -902, -448, -512, -278, 
375, 400, 24, -387, 175, 212, -165, -1312, -893, -439, -512, -278, 
375, 405, 29, -390, 173, 217, -165, -1312, -893, -434, -507, -278, 
375, 409, 34, -392, 170, 222, -175, -1302, -893, -434, -502, -273, 
380, 409, 29, -395, 175, 219, -175, -1302, -888, -434, -502, -273, 
385, 409, 24, -397, 180, 217, -175, -1302, -883, -429, -502, -273, 
385, 414, 29, -400, 178, 222, -175, -1302, -883, -429, -497, -273, 
385, 414, 29, -400, 178, 222, -175, -1298, -883, -434, -497, -283, 
385, 419, 34, -402, 175, 226, -180, -1288, -878, -434, -492, -278, 
385, 419, 34, -402, 175, 226, -180, -1273, -873, -429, -492, -278, 
390, 419, 29, -405, 180, 224, -180, -1263, -868, -429, -492, -278, 
395, 424, 29, -409, 183, 226, -180, -1263, -868, -419, -502, -268, 
395, 429, 34, -412, 180, 231, -175, -1268, -868, -419, -497, -268, 
395, 429, 34, -412, 180, 231, -175, -1273, -858, -409, -497, -263, 
395, 429, 34, -412, 180, 231, -175, -1273, -858, -405, -492, -258, 
395, 429, 34, -412, 180, 231, -175, -1273, -858, -409, -492, -258, 
395, 434, 39, -414, 178, 236, -175, -1268, -849, -409, -492, -258, 
400, 434, 34, -417, 183, 234, -175, -1263, -844, -405, -492, -258, 
400, 439, 39, -419, 180, 239, -170, -1259, -839, -405, -492, -263, 
400, 439, 39, -419, 180, 239, -180, -1268, -849, -395, -478, -273, 
405, 439, 34, -422, 185, 236, -180, -1268, -844, -390, -478, -268, 
405, 444, 39, -424, 183, 241, -180, -1259, -839, -390, -478, -268, 
409, 444, 34, -427, 187, 239, -180, -1254, -834, -385, -473, -268, 
409, 444, 34, -427, 187, 239, -180, -1244, -829, -385, -473, -263, 
414, 444, 29, -429, 192, 236, -180, -1239, -824, -385, -463, -253, 
414, 444, 29, -429, 192, 236, -180, -1234, -819, -375, -463, -244, 
414, 444, 29, -429, 192, 236, -180, -1229, -814, -375, -463, -234, 
414, 448, 34, -431, 190, 241, -180, -1234, -810, -370, -463, -244, 
419, 453, 34, -436, 192, 244, -180, -1229, -810, -366, -463, -244, 
419, 458, 39, -439, 190, 248, -180, -1224, -805, -361, -458, -244, 
419, 463, 43, -441, 187, 253, -180, -1224, -805, -356, -458, -244, 
414, 463, 48, -439, 183, 256, -170, -1220, -785, -356, -453, -239, 
414, 463, 48, -439, 183, 256, -170, -1215, -780, -351, -453, -239, 
414, 463, 48, -439, 183, 256, -170, -1210, -771, -346, -448, -239, 
414, 468, 53, -441, 180, 261, -170, -1200, -766, -341, -444, -234, 
424, 478, 53, -451, 185, 265, -161, -1195, -771, -341, -439, -234, 
429, 478, 48, -453, 190, 263, -161, -1190, -766, -336, -439, -234, 
434, 483, 48, -458, 192, 265, -161, -1185, -761, -331, -439, -234, 
434, 483, 48, -458, 192, 265, -161, -1180, -751, -326, -429, -229, 
434, 492, 58, -463, 187, 275, -170, -1171, -751, -322, -429, -224, 
439, 497, 58, -468, 190, 278, -170, -1171, -746, -317, -429, -224, 
439, 507, 68, -473, 185, 287, -170, -1161, -741, -307, -419, -224, 
444, 507, 63, -475, 190, 285, -170, -1156, -732, -302, -414, -219, 
444, 512, 68, -478, 187, 290, -180, -1151, -722, -307, -409, -214, 
448, 517, 68, -483, 190, 292, -180, -1146, -712, -302, -405, -214, 
448, 522, 73, -485, 187, 297, -180, -1132, -707, -292, -400, -209, 
458, 527, 68, -492, 195, 297, -180, -1122, -697, -292, -400, -209, 
463, 531, 68, -497, 197, 300, -170, -1122, -683, -273, -395, -200, 
463, 536, 73, -500, 195, 305, -170, -1117, -683, -268, -395, -200, 
463, 541, 78, -502, 192, 309, -165, -1102, -673, -263, -390, -200, 
473, 546, 73, -509, 200, 309, -165, -1093, -663, -258, -385, -200, 
473, 546, 73, -509, 200, 309, -175, -1083, -653, -244, -370, -195, 
478, 551, 73, -514, 202, 312, -175, -1078, -644, -234, -366, -195, 
483, 556, 73, -519, 204, 314, -170, -1068, -634, -224, -361, -185, 
488, 561, 73, -524, 207, 317, -170, -1058, -624, -214, -356, -180, 
483, 570, 87, -527, 197, 329, -180, -1049, -614, -214, -351, -175, 
488, 575, 87, -531, 200, 331, -180, -1034, -605, -209, -341, -170, 
492, 585, 92, -539, 200, 339, -180, -1024, -590, -200, -336, -170, 
497, 590, 92, -544, 202, 341, -180, -1015, -580, -190, -326, -165, 
512, 605, 92, -558, 209, 348, -175, -1000, -575, -175, -331, -161, 
517, 614, 97, -566, 209, 356, -175, -990, -566, -165, -322, -156, 
527, 624, 97, -575, 214, 361, -175, -980, -556, -151, -317, -151, 
527, 629, 102, -578, 212, 366, -175, -971, -546, -136, -312, -146, 
531, 634, 102, -583, 214, 368, -180, -966, -527, -136, -302, -141, 
541, 649, 107, -595, 217, 378, -180, -956, -517, -126, -297, -136, 
546, 649, 102, -597, 222, 375, -180, -946, -507, -107, -287, -131, 
551, 663, 112, -607, 219, 387, -180, -936, -497, -97, -283, -122, 
551, 668, 117, -610, 217, 392, -170, -917, -483, -97, -268, -112, 
556, 678, 122, -617, 217, 400, -170, -912, -473, -87, -258, -107, 
561, 683, 122, -622, 219, 402, -170, -902, -468, -78, -248, -97, 
566, 688, 122, -627, 222, 405, -170, -893, -453, -68, -244, -97, 
561, 702, 141, -631, 209, 422, -170, -893, -448, -63, -248, -92, 
570, 712, 141, -641, 214, 427, -180, -883, -444, -48, -239, -82, 
575, 722, 146, -649, 214, 434, -180, -873, -434, -34, -229, -82, 
575, 722, 146, -649, 214, 434, -180, -868, -424, -19, -224, -78, 
580, 722, 141, -651, 219, 431, -180, -863, -405, -9, -209, -82, 
585, 722, 136, -653, 224, 429, -180, -858, -400, 0, -200, -78, 
590, 732, 141, -661, 224, 436, -180, -858, -395, 9, -195, -73, 
595, 741, 146, -668, 224, 444, -180, -849, -385, 14, -190, -73, 
605, 746, 141, -675, 231, 444, -185, -849, -385, 9, -185, -63, 
605, 746, 141, -675, 231, 444, -185, -849, -385, 14, -175, -63, 
605, 756, 151, -680, 226, 453, -185, -849, -385, 14, -175, -58, 
610, 756, 146, -683, 231, 451, -185, -849, -385, 19, -170, -58, 
610, 761, 151, -685, 229, 456, -185, -854, -370, 24, -170, -48, 
614, 766, 151, -690, 231, 458, -190, -858, -370, 24, -165, -43, 
614, 771, 156, -692, 229, 463, -190, -863, -375, 29, -165, -39, 
614, 771, 156, -692, 229, 463, -195, -878, -375, 29, -165, -39, 
610, 775, 165, -692, 222, 470, -195, -883, -390, 29, -175, -34, 
605, 775, 170, -690, 217, 473, -190, -888, -390, 24, -175, -34, 
605, 771, 165, -688, 219, 468, -190, -907, -395, 19, -180, -39, 
605, 766, 161, -685, 222, 463, -195, -922, -409, 14, -185, -39, 
600, 775, 175, -688, 212, 475, -204, -932, -419, -4, -185, -53, 
590, 766, 175, -678, 207, 470, -200, -951, -444, -14, -195, -53, 
585, 756, 170, -671, 207, 463, -200, -971, -458, -34, -204, -68, 
580, 741, 161, -661, 209, 451, -204, -990, -478, -43, -219, -73, 
561, 717, 156, -639, 202, 436, -204, -1019, -497, -63, -229, -78, 
551, 707, 156, -629, 197, 431, -204, -1034, -517, -78, -244, -92, 
536, 692, 156, -614, 190, 424, -204, -1058, -541, -92, -253, -102, 
531, 683, 151, -607, 190, 417, -204, -1078, -556, -117, -268, -112, 
531, 673, 141, -602, 195, 407, -219, -1093, -580, -136, -273, -122, 
522, 658, 136, -590, 192, 397, -219, -1112, -605, -156, -283, -131, 
517, 639, 122, -578, 197, 380, -214, -1132, -629, -175, -302, -136, 
507, 624, 117, -566, 195, 370, -209, -1146, -653, -195, -317, -146, 
497, 595, 97, -546, 200, 346, -209, -1185, -688, -219, -336, -165, 
488, 580, 92, -534, 197, 336, -209, -1200, -702, -239, -351, -175, 
478, 561, 82, -519, 197, 322, -214, -1220, -727, -258, -366, -185, 
468, 541, 73, -505, 197, 307, -214, -1234, -746, -278, -380, -200, 
448, 531, 82, -490, 183, 307, -214, -1244, -761, -297, -395, -204, 
439, 527, 87, -483, 175, 307, -219, -1254, -775, -312, -400, -209, 
439, 512, 73, -475, 183, 292, -224, -1263, -795, -322, -409, -219, 
434, 507, 73, -470, 180, 290, -224, -1273, -814, -336, -424, -229, 
439, 497, 58, -468, 190, 278, -229, -1293, -829, -351, -429, -239, 
429, 488, 58, -458, 185, 273, -229, -1312, -849, -366, -439, -239, 
424, 473, 48, -448, 187, 261, -229, -1327, -868, -375, -448, -248, 
419, 463, 43, -441, 187, 253, -229, -1342, -878, -390, -453, -253, 
414, 453, 39, -434, 187, 246, -229, -1346, -888, -400, -458, -258, 
414, 444, 29, -429, 192, 236, -219, -1351, -897, -414, -463, -263, 
409, 439, 29, -424, 190, 234, -219, -1351, -912, -424, -468, -268, 
405, 429, 24, -417, 190, 226, -219, -1356, -912, -429, -478, -273, 
395, 419, 24, -407, 185, 222, -224, -1361, -917, -429, -488, -268, 
390, 419, 29, -405, 180, 224, -224, -1366, -927, -434, -492, -273, 
385, 414, 29, -400, 178, 222, -224, -1376, -941, -439, -492, -278, 
385, 414, 29, -400, 178, 222, -229, -1376, -941, -444, -497, -278, 
390, 419, 29, -405, 180, 224, -239, -1395, -951, -453, -497, -292, 
390, 409, 19, -400, 185, 214, -239, -1400, -951, -463, -502, -292, 
390, 409, 19, -400, 185, 214, -239, -1400, -961, -468, -512, -297, 
390, 405, 14, -397, 187, 209, -239, -1400, -961, -478, -512, -302, 
390, 414, 24, -402, 183, 219, -239, -1405, -951, -468, -517, -292, 
390, 409, 19, -400, 185, 214, -239, -1405, -956, -473, -517, -292, 
390, 405, 14, -397, 187, 209, -244, -1405, -961, -478, -517, -292, 
390, 405, 14, -397, 187, 209, -244, -1410, -966, -483, -517, -292, 
380, 395, 14, -387, 183, 204, -244, -1410, -966, -473, -517, -302, 
375, 390, 14, -383, 180, 202, -244, -1410, -971, -473, -517, -302, 
375, 390, 14, -383, 180, 202, -244, -1410, -976, -473, -517, -297, 
375, 390, 14, -383, 180, 202, -244, -1415, -976, -478, -522, -297, 
385, 400, 14, -392, 185, 207, -253, -1415, -985, -488, -522, -297, 
385, 400, 14, -392, 185, 207, -253, -1415, -985, -488, -527, -297, 
385, 400, 14, -392, 185, 207, -253, -1415, -985, -492, -527, -297, 
385, 400, 14, -392, 185, 207, -253, -1415, -985, -492, -527, -302, 
375, 385, 9, -380, 183, 197, -258, -1424, -985, -497, -527, -307, 
375, 385, 9, -380, 183, 197, -263, -1424, -985, -497, -527, -307, 
375, 390, 14, -383, 180, 202, -263, -1424, -990, -497, -527, -307, 
375, 390, 14, -383, 180, 202, -263, -1424, -990, -497, -527, -307, 
385, 390, 4, -387, 190, 197, -258, -1424, -985, -507, -527, -307, 
385, 385, 0, -385, 192, 192, -258, -1424, -985, -507, -527, -307, 
385, 385, 0, -385, 192, 192, -258, -1424, -990, -507, -527, -307, 
385, 385, 0, -385, 192, 192, -258, -1434, -990, -502, -527, -307, 
375, 395, 19, -385, 178, 207, -258, -1429, -990, -492, -527, -307, 
375, 395, 19, -385, 178, 207, -258, -1429, -990, -497, -527, -307, 
375, 395, 19, -385, 178, 207, -258, -1424, -990, -497, -531, -307, 
375, 395, 19, -385, 178, 207, -258, -1420, -990, -497, -531, -307, 
385, 395, 9, -390, 187, 202, -263, -1424, -1000, -492, -531, -307, 
385, 395, 9, -390, 187, 202, -263, -1424, -1000, -492, -531, -307, 
385, 395, 9, -390, 187, 202, -263, -1424, -1000, -492, -531, -307, 
385, 395, 9, -390, 187, 202, -263, -1424, -1000, -492, -531, -307, 
385, 385, 0, -385, 192, 192, -258, -1415, -990, -492, -522, -297, 
385, 385, 0, -385, 192, 192, -258, -1410, -990, -488, -522, -297, 
385, 385, 0, -385, 192, 192, -258, -1410, -990, -488, -522, -302, 
385, 385, 0, -385, 192, 192, -258, -1410, -990, -492, -522, -302, 
380, 385, 4, -383, 187, 195, -258, -1420, -980, -492, -531, -302, 
380, 385, 4, -383, 187, 195, -258, -1420, -980, -492, -531, -302, 
380, 385, 4, -383, 187, 195, -258, -1424, -980, -492, -531, -302, 
380, 385, 4, -383, 187, 195, -258, -1424, -980, -492, -527, -302, 
380, 390, 9, -385, 185, 200, -258, -1420, -980, -492, -527, -302, 
380, 395, 14, -387, 183, 204, -263, -1420, -980, -492, -527, -302, 
385, 395, 9, -390, 187, 202, -263, -1424, -980, -492, -531, -302, 
385, 395, 9, -390, 187, 202, -263, -1424, -980, -492, -531, -302, 
375, 395, 19, -385, 178, 207, -258, -1424, -990, -492, -531, -302, 
375, 395, 19, -385, 178, 207, -253, -1420, -990, -492, -527, -302, 
375, 395, 19, -385, 178, 207, -248, -1420, -990, -492, -527, -302, 
375, 395, 19, -385, 178, 207, -244, -1420, -990, -492, -527, -302, 
375, 395, 19, -385, 178, 207, -253, -1429, -990, -492, -527, -302, 
375, 395, 19, -385, 178, 207, -253, -1429, -990, -492, -527, -302, 
375, 395, 19, -385, 178, 207, -253, -1429, -990, -492, -527, -302, 
375, 395, 19, -385, 178, 207, -253, -1429, -990, -492, -527, -302, 
385, 405, 19, -395, 183, 212, -263, -1420, -990, -492, -517, -307, 
385, 405, 19, -395, 183, 212, -263, -1420, -990, -492, -517, -312, 
380, 405, 24, -392, 178, 214, -263, -1420, -990, -488, -517, -317, 
380, 405, 24, -392, 178, 214, -263, -1420, -990, -483, -517, -317, 
380, 405, 24, -392, 178, 214, -263, -1420, -980, -492, -517, -317, 
385, 409, 24, -397, 180, 217, -263, -1420, -980, -492, -517, -322, 
385, 409, 24, -397, 180, 217, -263, -1420, -980, -492, -517, -322, 
380, 409, 29, -395, 175, 219, -263, -1420, -980, -492, -517, -322, 
380, 409, 29, -395, 175, 219, -263, -1429, -980, -483, -517, -312, 
385, 409, 24, -397, 180, 217, -263, -1429, -980, -483, -517, -312, 
385, 409, 24, -397, 180, 217, -263, -1429, -980, -483, -517, -312, 
385, 405, 19, -395, 183, 212, -263, -1429, -980, -483, -517, -312, 
375, 395, 19, -385, 178, 207, -263, -1429, -990, -492, -517, -307, 
375, 405, 29, -390, 173, 217, -263, -1429, -990, -492, -517, -307, 
375, 405, 29, -390, 173, 217, -263, -1429, -990, -492, -517, -307, 
375, 400, 24, -387, 175, 212, -263, -1429, -990, -492, -517, -307, 
385, 400, 14, -392, 185, 207, -263, -1420, -990, -502, -517, -317, 
385, 400, 14, -392, 185, 207, -263, -1420, -990, -502, -517, -317, 
385, 400, 14, -392, 185, 207, -263, -1424, -990, -502, -517, -322, 
385, 400, 14, -392, 185, 207, -263, -1424, -990, -502, -517, -322, 
385, 409, 24, -397, 180, 217, -268, -1424, -990, -502, -517, -312, 
385, 409, 24, -397, 180, 217, -268, -1429, -990, -502, -517, -307, 
385, 409, 24, -397, 180, 217, -268, -1429, -995, -507, -517, -307, 
385, 409, 24, -397, 180, 217, -268, -1429, -995, -507, -517, -312, 
385, 409, 24, -397, 180, 217, -278, -1439, -985, -492, -517, -312, 
385, 409, 24, -397, 180, 217, -278, -1439, -985, -492, -517, -312, 
385, 409, 24, -397, 180, 217, -278, -1439, -990, -497, -517, -312, 
385, 409, 24, -397, 180, 217, -278, -1439, -990, -497, -517, -312, 
385, 409, 24, -397, 180, 217, -287, -1429, -1000, -507, -517, -312, 
385, 409, 24, -397, 180, 217, -287, -1434, -1005, -507, -522, -312, 
385, 409, 24, -397, 180, 217, -287, -1439, -1005, -512, -522, -312, 
385, 409, 24, -397, 180, 217, -287, -1439, -1005, -512, -522, -312, 
395, 400, 4, -397, 195, 202, -287, -1439, -1005, -507, -531, -312, 
395, 400, 4, -397, 195, 202, -287, -1439, -1005, -507, -531, -312, 
395, 400, 4, -397, 195, 202, -287, -1434, -1005, -512, -531, -312, 
395, 400, 4, -397, 195, 202, -287, -1434, -1005, -517, -531, -317, 
395, 400, 4, -397, 195, 202, -287, -1439, -1015, -507, -531, -317, 
395, 400, 4, -397, 195, 202, -292, -1439, -1015, -507, -531, -317, 
395, 400, 4, -397, 195, 202, -297, -1439, -1015, -507, -531, -322, 
395, 400, 4, -397, 195, 202, -297, -1444, -1015, -517, -531, -322, 
385, 400, 14, -392, 185, 207, -287, -1444, -1010, -517, -531, -322, 
385, 400, 14, -392, 185, 207, -287, -1444, -1010, -517, -531, -322, 
385, 400, 14, -392, 185, 207, -287, -1444, -1010, -517, -531, -317, 
385, 400, 14, -392, 185, 207, -292, -1444, -1015, -517, -531, -317, 
375, 395, 19, -385, 178, 207, -292, -1444, -1024, -522, -541, -317, 
375, 390, 14, -383, 180, 202, -292, -1449, -1024, -522, -541, -317, 
375, 390, 14, -383, 180, 202, -292, -1449, -1024, -522, -541, -317, 
375, 390, 14, -383, 180, 202, -292, -1449, -1024, -527, -541, -317, 
385, 390, 4, -387, 190, 197, -302, -1459, -1029, -527, -531, -317, 
385, 390, 4, -387, 190, 197, -302, -1459, -1029, -527, -531, -317, 
385, 395, 9, -390, 187, 202, -302, -1464, -1034, -527, -531, -317, 
385, 395, 9, -390, 187, 202, -302, -1464, -1034, -527, -531, -317, 
385, 395, 9, -390, 187, 202, -302, -1454, -1024, -517, -527, -326, 
385, 390, 4, -387, 190, 197, -302, -1454, -1024, -517, -527, -326, 
385, 390, 4, -387, 190, 197, -302, -1454, -1024, -517, -527, -326, 
385, 390, 4, -387, 190, 197, -302, -1454, -1024, -517, -527, -326, 
385, 400, 14, -392, 185, 207, -302, -1464, -1034, -517, -536, -317, 
385, 400, 14, -392, 185, 207, -302, -1464, -1034, -522, -536, -317, 
385, 400, 14, -392, 185, 207, -302, -1464, -1034, -522, -536, -317, 
385, 400, 14, -392, 185, 207, -302, -1464, -1034, -522, -531, -322, 
385, 390, 4, -387, 190, 197, -302, -1464, -1039, -531, -531, -331, 
385, 390, 4, -387, 190, 197, -302, -1468, -1039, -531, -536, -331, 
385, 390, 4, -387, 190, 197, -302, -1468, -1039, -531, -536, -331, 
385, 390, 4, -387, 190, 197, -302, -1473, -1039, -531, -536, -331, 
385, 390, 4, -387, 190, 197, -302, -1473, -1039, -531, -546, -322, 
385, 390, 4, -387, 190, 197, -302, -1473, -1039, -531, -546, -322, 
385, 390, 4, -387, 190, 197, -302, -1473, -1039, -531, -546, -322, 
385, 390, 4, -387, 190, 197, -302, -1473, -1039, -531, -546, -326, 
385, 400, 14, -392, 185, 207, -302, -1468, -1039, -522, -536, -336, 
385, 400, 14, -392, 185, 207, -302, -1468, -1039, -522, -536, -336, 
385, 400, 14, -392, 185, 207, -302, -1473, -1039, -522, -536, -336, 
385, 405, 19, -395, 183, 212, -302, -1473, -1039, -522, -536, -331, 
400, 405, 4, -402, 197, 204, -312, -1483, -1039, -531, -536, -331, 
400, 400, 0, -400, 200, 200, -312, -1483, -1039, -531, -536, -331, 
400, 400, 0, -400, 200, 200, -317, -1478, -1039, -531, -541, -331, 
400, 400, 0, -400, 200, 200, -317, -1478, -1039, -531, -541, -331, 
390, 400, 9, -395, 190, 204, -317, -1468, -1039, -531, -536, -331, 
390, 400, 9, -395, 190, 204, -317, -1468, -1039, -531, -536, -331, 
390, 400, 9, -395, 190, 204, -317, -1468, -1039, -536, -536, -331, 
390, 400, 9, -395, 190, 204, -322, -1468, -1039, -536, -536, -331, 
390, 400, 9, -395, 190, 204, -312, -1459, -1039, -527, -536, -331, 
390, 400, 9, -395, 190, 204, -312, -1468, -1044, -527, -536, -331, 
390, 400, 9, -395, 190, 204, -312, -1468, -1044, -527, -541, -331, 
390, 400, 9, -395, 190, 204, -312, -1464, -1044, -527, -541, -331, 
390, 395, 4, -392, 192, 200, -307, -1468, -1044, -536, -541, -341, 
390, 395, 4, -392, 192, 200, -307, -1468, -1044, -536, -541, -341, 
390, 395, 4, -392, 192, 200, -307, -1468, -1049, -536, -541, -336, 
390, 390, 0, -390, 195, 195, -307, -1473, -1049, -536, -541, -336, 
390, 395, 4, -392, 192, 200, -317, -1473, -1049, -536, -541, -341, 
390, 395, 4, -392, 192, 200, -317, -1473, -1049, -531, -541, -341, 
390, 395, 4, -392, 192, 200, -317, -1473, -1049, -531, -536, -336, 
390, 395, 4, -392, 192, 200, -317, -1473, -1049, -536, -536, -336, 
390, 385, -4, -387, 197, 190, -317, -1473, -1039, -536, -536, -336, 
390, 385, -4, -387, 197, 190, -317, -1473, -1039, -536, -541, -336, 
390, 385, -4, -387, 197, 190, -317, -1473, -1039, -536, -541, -336, 
390, 385, -4, -387, 197, 190, -317, -1473, -1039, -541, -541, -336, 
390, 385, -4, -387, 197, 190, -317, -1483, -1039, -541, -541, -336, 
390, 385, -4, -387, 197, 190, -317, -1483, -1044, -541, -541, -336, 
390, 385, -4, -387, 197, 190, -317, -1483, -1054, -541, -536, -336, 
390, 390, 0, -390, 195, 195, -317, -1473, -1058, -536, -536, -336, 
380, 395, 14, -387, 183, 204, -317, -1478, -1063, -531, -546, -346, 
380, 395, 14, -387, 183, 204, -317, -1478, -1063, -531, -546, -346, 
380, 400, 19, -390, 180, 209, -317, -1478, -1058, -531, -546, -346, 
385, 400, 14, -392, 185, 207, -322, -1478, -1058, -531, -546, -346, 
385, 400, 14, -392, 185, 207, -326, -1478, -1049, -536, -546, -336, 
385, 400, 14, -392, 185, 207, -326, -1483, -1049, -536, -546, -336, 
385, 400, 14, -392, 185, 207, -326, -1483, -1049, -541, -546, -331, 
385, 400, 14, -392, 185, 207, -326, -1483, -1049, -541, -546, -331, 
395, 395, 0, -395, 197, 197, -331, -1483, -1049, -531, -546, -341, 
395, 395, 0, -395, 197, 197, -331, -1483, -1049, -536, -546, -341, 
395, 395, 0, -395, 197, 197, -336, -1483, -1054, -536, -541, -341, 
395, 395, 0, -395, 197, 197, -336, -1488, -1054, -536, -541, -341, 
385, 395, 9, -390, 187, 202, -336, -1483, -1054, -531, -541, -336, 
390, 395, 4, -392, 192, 200, -336, -1483, -1049, -531, -541, -336, 
390, 395, 4, -392, 192, 200, -336, -1483, -1049, -531, -541, -336, 
390, 395, 4, -392, 192, 200, -336, -1488, -1054, -531, -541, -336, 
390, 395, 4, -392, 192, 200, -336, -1488, -1063, -541, -546, -341, 
390, 390, 0, -390, 195, 195, -336, -1488, -1063, -541, -546, -341, 
390, 390, 0, -390, 195, 195, -336, -1488, -1063, -541, -546, -341, 
390, 390, 0, -390, 195, 195, -336, -1488, -1063, -541, -546, -341, 
400, 400, 0, -400, 200, 200, -331, -1483, -1063, -541, -546, -346, 
400, 400, 0, -400, 200, 200, -331, -1488, -1068, -536, -546, -346, 
405, 400, -4, -402, 204, 197, -331, -1488, -1068, -546, -546, -346, 
400, 390, -9, -395, 204, 190, -331, -1473, -1063, -536, -546, -351, 
390, 390, 0, -390, 195, 195, -331, -1483, -1063, -546, -556, -351, 
390, 390, 0, -390, 195, 195, -331, -1483, -1063, -546, -556, -351, 
390, 390, 0, -390, 195, 195, -331, -1483, -1063, -546, -556, -351, 
390, 390, 0, -390, 195, 195, -331, -1483, -1063, -546, -556, -351, 
390, 390, 0, -390, 195, 195, -336, -1483, -1068, -546, -556, -351, 
380, 390, 9, -385, 185, 200, -336, -1483, -1068, -546, -556, -351, 
380, 390, 9, -385, 185, 200, -336, -1478, -1063, -546, -556, -351, 
380, 390, 9, -385, 185, 200, -336, -1478, -1063, -546, -556, -351, 
395, 385, -9, -390, 202, 187, -326, -1478, -1068, -546, -556, -351, 
395, 385, -9, -390, 202, 187, -326, -1478, -1068, -546, -556, -351, 
395, 385, -9, -390, 202, 187, -326, -1478, -1063, -546, -556, -351, 
395, 385, -9, -390, 202, 187, -326, -1478, -1063, -546, -556, -351, 
395, 395, 0, -395, 197, 197, -336, -1483, -1063, -546, -556, -351, 
395, 380, -14, -387, 204, 183, -336, -1483, -1068, -551, -556, -356, 
395, 375, -19, -385, 207, 178, -331, -1483, -1068, -551, -566, -356, 
395, 375, -19, -385, 207, 178, -326, -1483, -1068, -551, -566, -356, 
395, 375, -19, -385, 207, 178, -317, -1478, -1068, -551, -566, -346, 
395, 375, -19, -385, 207, 178, -317, -1478, -1068, -551, -566, -351, 
395, 375, -19, -385, 207, 178, -317, -1478, -1063, -551, -566, -351, 
400, 380, -19, -390, 209, 180, -322, -1478, -1063, -546, -561, -351, 
409, 385, -24, -397, 217, 180, -322, -1464, -1054, -541, -546, -361, 
409, 385, -24, -397, 217, 180, -322, -1454, -1044, -531, -546, -351, 
414, 400, -14, -407, 214, 192, -317, -1449, -1029, -517, -541, -351, 
414, 405, -9, -409, 212, 197, -317, -1444, -1024, -507, -541, -351, 
419, 419, 0, -419, 209, 209, -326, -1449, -1024, -512, -541, -336, 
419, 429, 9, -424, 204, 219, -322, -1449, -1024, -507, -531, -331, 
419, 444, 24, -431, 197, 234, -317, -1449, -1019, -512, -531, -326, 
419, 444, 24, -431, 197, 234, -317, -1444, -1015, -517, -531, -326, 
419, 444, 24, -431, 197, 234, -326, -1434, -1010, -507, -531, -322, 
424, 444, 19, -434, 202, 231, -326, -1439, -1010, -507, -531, -322, 
429, 448, 19, -439, 204, 234, -331, -1439, -1010, -507, -531, -322, 
429, 453, 24, -441, 202, 239, -331, -1439, -1005, -497, -527, -317, 
439, 468, 29, -453, 204, 248, -331, -1424, -990, -488, -512, -307, 
444, 488, 43, -466, 200, 265, -341, -1420, -976, -478, -507, -297, 
448, 507, 58, -478, 195, 283, -351, -1420, -976, -473, -497, -292, 
458, 522, 63, -490, 197, 292, -361, -1429, -976, -468, -483, -278, 
453, 531, 78, -492, 187, 305, -380, -1439, -980, -473, -478, -278, 
453, 527, 73, -490, 190, 300, -390, -1444, -990, -473, -478, -278, 
458, 517, 58, -488, 200, 287, -390, -1449, -995, -478, -478, -283, 
458, 512, 53, -485, 202, 283, -395, -1464, -1010, -483, -488, -283, 
458, 512, 53, -485, 202, 283, -385, -1478, -1034, -492, -502, -292, 
448, 507, 58, -478, 195, 283, -385, -1483, -1044, -507, -507, -302, 
444, 492, 48, -468, 197, 270, -380, -1488, -1049, -522, -512, -312, 
444, 488, 43, -466, 200, 265, -380, -1488, -1058, -531, -512, -322, 
434, 478, 43, -456, 195, 261, -375, -1478, -1063, -531, -522, -331, 
429, 458, 29, -444, 200, 244, -375, -1478, -1058, -541, -527, -336, 
429, 448, 19, -439, 204, 234, -370, -1478, -1054, -541, -527, -336, 
429, 458, 29, -444, 200, 244, -370, -1483, -1049, -536, -527, -331, 
439, 458, 19, -448, 209, 239, -375, -1483, -1058, -536, -536, -322, 
434, 453, 19, -444, 207, 236, -375, -1483, -1063, -536, -536, -322, 
434, 453, 19, -444, 207, 236, -375, -1483, -1063, -536, -541, -326, 
429, 448, 19, -439, 204, 234, -370, -1483, -1063, -536, -541, -326, 
424, 434, 9, -429, 207, 222, -370, -1483, -1063, -541, -541, -336, 
419, 419, 0, -419, 209, 209, -370, -1483, -1068, -546, -551, -346, 
414, 409, -4, -412, 209, 202, -366, -1493, -1073, -551, -556, -356, 
409, 400, -9, -405, 209, 195, -361, -1493, -1078, -561, -566, -361, 
405, 400, -4, -402, 204, 197, -366, -1493, -1078, -551, -566, -366, 
400, 400, 0, -400, 200, 200, -366, -1493, -1073, -551, -566, -366, 
400, 400, 0, -400, 200, 200, -366, -1493, -1073, -556, -566, -366, 
400, 400, 0, -400, 200, 200, -366, -1493, -1078, -561, -570, -366, 
400, 395, -4, -397, 202, 195, -361, -1493, -1083, -561, -566, -366, 
400, 390, -9, -395, 204, 190, -361, -1493, -1088, -561, -566, -366, 
405, 390, -14, -397, 209, 187, -361, -1493, -1088, -566, -566, -366, 
405, 390, -14, -397, 209, 187, -361, -1493, -1083, -566, -566, -370, 
395, 385, -9, -390, 202, 187, -361, -1493, -1083, -566, -566, -361, 
390, 380, -9, -385, 200, 185, -361, -1493, -1088, -566, -566, -361, 
390, 380, -9, -385, 200, 185, -361, -1493, -1088, -566, -570, -366, 
385, 375, -9, -380, 197, 183, -361, -1493, -1083, -566, -570, -366, 
395, 385, -9, -390, 202, 187, -370, -1493, -1073, -575, -570, -370, 
395, 385, -9, -390, 202, 187, -370, -1493, -1073, -575, -570, -370, 
395, 385, -9, -390, 202, 187, -370, -1493, -1073, -575, -570, -370, 
395, 385, -9, -390, 202, 187, -370, -1493, -1073, -575, -570, -370, 
390, 375, -14, -383, 202, 180, -370, -1488, -1073, -566, -561, -370, 
390, 375, -14, -383, 202, 180, -366, -1488, -1073, -566, -561, -370, 
390, 375, -14, -383, 202, 180, -366, -1488, -1073, -566, -561, -370, 
390, 375, -14, -383, 202, 180, -366, -1488, -1073, -561, -561, -370, 
380, 366, -14, -373, 197, 175, -356, -1478, -1083, -561, -570, -370, 
380, 366, -14, -373, 197, 175, -351, -1478, -1078, -561, -570, -370, 
380, 366, -14, -373, 197, 175, -351, -1478, -1078, -561, -570, -370, 
380, 366, -14, -373, 197, 175, -351, -1478, -1078, -561, -570, -375, 
380, 370, -9, -375, 195, 180, -341, -1478, -1058, -551, -556, -366, 
380, 361, -19, -370, 200, 170, -336, -1468, -1063, -561, -556, -375, 
370, 361, -9, -366, 190, 175, -336, -1464, -1058, -570, -566, -380, 
366, 361, -4, -363, 185, 178, -312, -1454, -1049, -570, -575, -395, 
351, 351, 0, -351, 175, 175, -287, -1429, -1024, -570, -590, -409, 
326, 356, 29, -341, 148, 192, -239, -1400, -985, -561, -600, -424, 
302, 356, 53, -329, 124, 204, -195, -1366, -941, -551, -600, -424, 
273, 351, 78, -312, 97, 214, -131, -1327, -907, -546, -600, -419, 
253, 341, 87, -297, 82, 214, -73, -1278, -858, -527, -610, -434, 
253, 351, 97, -302, 78, 224, -24, -1215, -800, -488, -600, -434, 
273, 375, 102, -324, 85, 239, -4, -1137, -717, -414, -566, -409, 
312, 400, 87, -356, 112, 244, 4, -1024, -624, -317, -517, -385, 
366, 424, 58, -395, 153, 241, 4, -902, -517, -190, -448, -356, 
429, 497, 68, -463, 180, 283, -4, -805, -405, -63, -351, -307, 
522, 590, 68, -556, 226, 329, -53, -732, -307, 68, -268, -248, 
644, 702, 58, -673, 292, 380, -156, -722, -234, 190, -175, -175, 
751, 829, 78, -790, 336, 453, -283, -795, -175, 326, -48, -87, 
839, 1010, 170, -924, 334, 590, -434, -936, -151, 468, 107, 48, 
912, 1205, 292, -1058, 309, 749, -595, -1112, -161, 624, 283, 195, 
971, 1395, 424, -1183, 273, 910, -761, -1302, -161, 771, 448, 336, 
1000, 1488, 488, -1244, 256, 988, -854, -1429, -122, 829, 527, 419, 
990, 1420, 429, -1205, 280, 924, -873, -1517, -122, 756, 468, 395, 
936, 1259, 322, -1098, 307, 790, -893, -1581, -209, 570, 331, 307, 
897, 1098, 200, -997, 348, 649, -902, -1673, -395, 331, 165, 204, 
829, 971, 141, -900, 344, 556, -902, -1839, -678, 73, 4, 117, 
722, 839, 117, -780, 302, 478, -868, -2069, -1073, -219, -161, 24, 
605, 692, 87, -649, 258, 390, -805, -2235, -1459, -531, -331, -92, 
497, 570, 73, -534, 212, 322, -722, -2269, -1634, -697, -453, -180, 
405, 536, 131, -470, 136, 334, -619, -2210, -1561, -692, -492, -224, 
346, 522, 175, -434, 85, 348, -546, -2122, -1478, -658, -492, -229, 
326, 483, 156, -405, 85, 319, -512, -2059, -1464, -668, -517, -263, 
312, 434, 122, -373, 95, 278, -507, -2010, -1454, -692, -556, -302, 
312, 405, 92, -358, 109, 248, -507, -1956, -1424, -697, -575, -331, 
307, 375, 68, -341, 119, 222, -507, -1922, -1405, -697, -590, -346, 
297, 351, 53, -324, 122, 202, -483, -1883, -1376, -683, -605, -366, 
302, 356, 53, -329, 124, 204, -439, -1820, -1327, -663, -605, -370, 
312, 366, 53, -339, 129, 209, -390, -1756, -1268, -649, -595, -370, 
317, 351, 34, -334, 141, 192, -370, -1693, -1224, -644, -600, -380, 
317, 351, 34, -334, 141, 192, -361, -1644, -1190, -634, -590, -380, 
326, 361, 34, -344, 146, 197, -356, -1590, -1151, -610, -580, -370, 
336, 351, 14, -344, 161, 183, -341, -1542, -1122, -600, -570, -370, 
351, 361, 9, -356, 170, 185, -326, -1507, -1083, -575, -570, -370, 
370, 395, 24, -383, 173, 209, -326, -1473, -1044, -541, -551, -361, 
375, 409, 34, -392, 170, 222, -326, -1468, -1005, -512, -536, -356, 
380, 419, 39, -400, 170, 229, -331, -1468, -1000, -517, -531, -361, 
390, 429, 39, -409, 175, 234, -331, -1464, -1010, -517, -536, -351, 
395, 419, 24, -407, 185, 222, -336, -1449, -1005, -522, -536, -351, 
400, 419, 19, -409, 190, 219, -336, -1444, -1010, -531, -536, -351, 
400, 414, 14, -407, 192, 214, -336, -1429, -1010, -541, -541, -351, 
395, 405, 9, -400, 192, 207, -331, -1415, -1010, -546, -546, -356, 
395, 400, 4, -397, 195, 202, -331, -1415, -1010, -546, -551, -356, 
395, 400, 4, -397, 195, 202, -331, -1420, -1010, -546, -556, -361, 
395, 405, 9, -400, 192, 207, -331, -1420, -1005, -546, -556, -361, 
395, 414, 19, -405, 187, 217, -331, -1424, -1000, -536, -556, -361, 
385, 409, 24, -397, 180, 217, -331, -1415, -980, -522, -541, -351, 
390, 419, 29, -405, 180, 224, -336, -1410, -976, -512, -541, -346, 
400, 424, 24, -412, 187, 224, -341, -1405, -966, -507, -536, -346, 
405, 424, 19, -414, 192, 222, -341, -1395, -966, -507, -531, -346, 
405, 414, 9, -409, 197, 212, -341, -1390, -976, -517, -531, -356, 
400, 409, 9, -405, 195, 209, -341, -1385, -976, -522, -531, -356, 
400, 409, 9, -405, 195, 209, -341, -1385, -971, -522, -531, -356, 
400, 405, 4, -402, 197, 204, -341, -1381, -966, -517, -531, -356, 
400, 405, 4, -402, 197, 204, -341, -1376, -961, -517, -531, -346, 
400, 409, 9, -405, 195, 209, -341, -1376, -961, -517, -531, -346, 
405, 409, 4, -407, 200, 207, -341, -1371, -951, -507, -531, -346, 
405, 414, 9, -409, 197, 212, -341, -1371, -951, -502, -527, -346, 
414, 419, 4, -417, 204, 212, -331, -1371, -951, -502, -522, -341, 
419, 419, 0, -419, 209, 209, -331, -1371, -946, -502, -522, -341, 
424, 419, -4, -422, 214, 207, -331, -1371, -941, -497, -522, -341, 
424, 424, 0, -424, 212, 212, -331, -1371, -941, -497, -517, -341, 
414, 434, 19, -424, 197, 226, -331, -1371, -951, -502, -517, -351, 
414, 439, 24, -427, 195, 231, -336, -1366, -946, -502, -512, -346, 
414, 439, 24, -427, 195, 231, -336, -1356, -941, -497, -512, -346, 
419, 439, 19, -429, 200, 229, -336, -1351, -936, -497, -512, -346, 
434, 444, 9, -439, 212, 226, -346, -1346, -927, -488, -522, -356, 
434, 448, 14, -441, 209, 231, -341, -1346, -927, -488, -517, -356, 
434, 448, 14, -441, 209, 231, -341, -1346, -917, -478, -517, -351, 
434, 448, 14, -441, 209, 231, -341, -1342, -917, -473, -512, -346, 
434, 448, 14, -441, 209, 231, -341, -1342, -917, -468, -512, -336, 
434, 453, 19, -444, 207, 236, -341, -1337, -907, -468, -512, -336, 
439, 453, 14, -446, 212, 234, -341, -1332, -902, -463, -512, -336, 
439, 458, 19, -448, 209, 239, -336, -1327, -897, -463, -512, -341, 
439, 458, 19, -448, 209, 239, -346, -1317, -897, -453, -497, -331, 
444, 458, 14, -451, 214, 236, -346, -1317, -893, -448, -497, -326, 
444, 463, 19, -453, 212, 241, -346, -1307, -888, -448, -497, -326, 
448, 463, 14, -456, 217, 239, -346, -1302, -883, -444, -492, -326, 
439, 473, 34, -456, 202, 253, -336, -1312, -878, -453, -502, -331, 
444, 473, 29, -458, 207, 251, -336, -1307, -873, -453, -492, -331, 
444, 473, 29, -458, 207, 251, -336, -1302, -868, -444, -492, -331, 
444, 473, 29, -458, 207, 251, -336, -1298, -863, -444, -492, -331, 
444, 478, 34, -461, 204, 256, -336, -1293, -858, -439, -483, -322, 
448, 483, 34, -466, 207, 258, -336, -1288, -858, -434, -483, -322, 
448, 488, 39, -468, 204, 263, -336, -1283, -854, -429, -478, -322, 
448, 492, 43, -470, 202, 268, -336, -1283, -854, -424, -478, -322, 
463, 502, 39, -483, 212, 270, -336, -1268, -844, -424, -473, -317, 
463, 502, 39, -483, 212, 270, -336, -1263, -839, -419, -473, -317, 
463, 502, 39, -483, 212, 270, -336, -1259, -829, -414, -468, -317, 
463, 507, 43, -485, 209, 275, -336, -1249, -824, -409, -463, -312, 
463, 507, 43, -485, 209, 275, -336, -1244, -819, -419, -468, -312, 
468, 507, 39, -488, 214, 273, -336, -1239, -814, -414, -468, -312, 
473, 512, 39, -492, 217, 275, -336, -1234, -810, -409, -468, -312, 
473, 512, 39, -492, 217, 275, -336, -1229, -800, -405, -458, -307, 
473, 512, 39, -492, 217, 275, -336, -1220, -790, -390, -458, -292, 
478, 517, 39, -497, 219, 278, -336, -1220, -785, -385, -458, -292, 
478, 527, 48, -502, 214, 287, -336, -1210, -780, -375, -448, -292, 
483, 527, 43, -505, 219, 285, -336, -1205, -771, -370, -444, -287, 
483, 531, 48, -507, 217, 290, -336, -1190, -771, -375, -439, -292, 
488, 536, 48, -512, 219, 292, -336, -1185, -761, -370, -434, -292, 
488, 541, 53, -514, 217, 297, -336, -1171, -756, -361, -429, -287, 
497, 546, 48, -522, 224, 297, -336, -1161, -746, -361, -429, -287, 
492, 561, 68, -527, 212, 314, -336, -1156, -741, -351, -424, -278, 
492, 566, 73, -529, 209, 319, -336, -1156, -741, -346, -424, -278, 
492, 570, 78, -531, 207, 324, -331, -1146, -732, -341, -419, -278, 
502, 575, 73, -539, 214, 324, -331, -1141, -722, -336, -414, -278, 
502, 585, 82, -544, 209, 334, -341, -1132, -702, -322, -400, -273, 
507, 590, 82, -549, 212, 336, -341, -1127, -692, -312, -395, -273, 
512, 595, 82, -553, 214, 339, -336, -1117, -683, -302, -390, -263, 
517, 600, 82, -558, 217, 341, -336, -1107, -673, -292, -385, -258, 
531, 600, 68, -566, 231, 334, -346, -1088, -663, -273, -380, -263, 
536, 605, 68, -570, 234, 336, -346, -1073, -653, -268, -370, -258, 
541, 614, 73, -578, 234, 344, -346, -1063, -639, -258, -366, -258, 
546, 619, 73, -583, 236, 346, -346, -1054, -629, -248, -356, -253, 
551, 624, 73, -588, 239, 348, -341, -1049, -624, -239, -351, -248, 
556, 634, 78, -595, 239, 356, -341, -1039, -614, -234, -341, -244, 
566, 644, 78, -605, 244, 361, -341, -1029, -605, -224, -336, -239, 
566, 649, 82, -607, 241, 366, -341, -1019, -595, -214, -331, -234, 
561, 653, 92, -607, 234, 373, -346, -1015, -566, -204, -322, -219, 
570, 668, 97, -619, 236, 383, -346, -1005, -556, -195, -317, -214, 
575, 668, 92, -622, 241, 380, -346, -995, -546, -175, -307, -209, 
580, 683, 102, -631, 239, 392, -346, -985, -536, -165, -302, -200, 
590, 697, 107, -644, 241, 402, -346, -976, -522, -146, -297, -200, 
595, 707, 112, -651, 241, 409, -346, -971, -512, -136, -287, -195, 
600, 712, 112, -656, 244, 412, -346, -961, -507, -126, -278, -185, 
605, 717, 112, -661, 246, 414, -346, -951, -492, -117, -273, -185, 
610, 722, 112, -666, 248, 417, -336, -932, -483, -117, -268, -180, 
619, 732, 112, -675, 253, 422, -346, -922, -483, -107, -258, -170, 
624, 741, 117, -683, 253, 429, -346, -912, -478, -97, -248, -170, 
624, 741, 117, -683, 253, 429, -346, -907, -473, -87, -244, -165, 
629, 761, 131, -695, 248, 446, -356, -902, -453, -87, -239, -161, 
634, 761, 126, -697, 253, 444, -356, -897, -448, -78, -229, -156, 
639, 771, 131, -705, 253, 451, -356, -897, -444, -68, -224, -151, 
644, 780, 136, -712, 253, 458, -356, -888, -434, -63, -219, -151, 
644, 775, 131, -710, 256, 453, -356, -878, -429, -48, -214, -131, 
644, 775, 131, -710, 256, 453, -351, -878, -424, -43, -204, -131, 
644, 785, 141, -714, 251, 463, -346, -878, -419, -43, -204, -126, 
649, 785, 136, -717, 256, 461, -341, -878, -414, -39, -200, -126, 
639, 790, 151, -714, 244, 470, -351, -873, -409, -24, -200, -126, 
644, 795, 151, -719, 246, 473, -356, -878, -409, -24, -195, -122, 
644, 800, 156, -722, 244, 478, -356, -883, -414, -19, -195, -117, 
644, 800, 156, -722, 244, 478, -361, -897, -414, -19, -195, -117, 
649, 805, 156, -727, 246, 480, -370, -912, -419, -19, -185, -112, 
644, 805, 161, -724, 241, 483, -366, -917, -419, -24, -185, -112, 
644, 800, 156, -722, 244, 478, -366, -936, -424, -29, -190, -117, 
644, 795, 151, -719, 246, 473, -370, -951, -439, -34, -195, -117, 
629, 785, 156, -707, 236, 470, -370, -961, -448, -53, -185, -122, 
619, 775, 156, -697, 231, 466, -366, -980, -473, -63, -195, -122, 
614, 766, 151, -690, 231, 458, -366, -1000, -488, -82, -204, -136, 
610, 751, 141, -680, 234, 446, -370, -1019, -507, -92, -219, -141, 
600, 727, 126, -663, 236, 427, -366, -1039, -517, -112, -234, -156, 
590, 717, 126, -653, 231, 422, -361, -1054, -536, -126, -253, -170, 
575, 702, 126, -639, 224, 414, -356, -1078, -561, -141, -268, -180, 
570, 692, 122, -631, 224, 407, -351, -1098, -575, -165, -287, -190, 
561, 683, 122, -622, 219, 402, -361, -1122, -610, -185, -297, -195, 
551, 668, 117, -610, 217, 392, -366, -1141, -634, -204, -302, -200, 
546, 649, 102, -597, 222, 375, -366, -1161, -658, -224, -317, -200, 
536, 634, 97, -585, 219, 366, -366, -1176, -683, -244, -326, -204, 
527, 614, 87, -570, 219, 351, -356, -1205, -717, -258, -336, -214, 
517, 600, 82, -558, 217, 341, -356, -1220, -732, -278, -351, -224, 
507, 580, 73, -544, 217, 326, -361, -1239, -756, -297, -366, -234, 
497, 561, 63, -529, 217, 312, -361, -1254, -775, -317, -380, -248, 
488, 551, 63, -519, 212, 307, -361, -1278, -780, -346, -395, -263, 
478, 546, 68, -512, 204, 307, -366, -1293, -795, -361, -400, -268, 
478, 531, 53, -505, 212, 292, -370, -1307, -814, -370, -409, -278, 
473, 527, 53, -500, 209, 290, -370, -1322, -834, -385, -424, -287, 
458, 517, 58, -488, 200, 287, -375, -1327, -858, -400, -429, -297, 
448, 507, 58, -478, 195, 283, -375, -1342, -878, -414, -439, -297, 
444, 492, 48, -468, 197, 270, -375, -1351, -897, -424, -448, -307, 
439, 483, 43, -461, 197, 263, -375, -1361, -907, -439, -453, -312, 
444, 473, 29, -458, 207, 251, -375, -1366, -917, -448, -478, -307, 
444, 463, 19, -453, 212, 241, -366, -1371, -927, -463, -483, -312, 
439, 458, 19, -448, 209, 239, -366, -1371, -941, -473, -488, -317, 
434, 448, 14, -441, 209, 231, -366, -1376, -941, -478, -497, -322, 
444, 434, -9, -439, 226, 212, -370, -1390, -946, -497, -488, -317, 
439, 429, -9, -434, 224, 209, -370, -1395, -956, -502, -492, -322, 
434, 419, -14, -427, 224, 202, -370, -1405, -971, -507, -492, -326, 
434, 414, -19, -424, 226, 197, -375, -1405, -971, -512, -497, -326, 
424, 409, -14, -417, 219, 197, -366, -1415, -980, -507, -507, -322, 
419, 400, -19, -409, 219, 190, -366, -1420, -980, -512, -512, -322, 
414, 400, -14, -407, 214, 192, -366, -1420, -990, -512, -522, -326, 
409, 395, -14, -402, 212, 190, -366, -1420, -990, -517, -522, -331, 
409, 385, -24, -397, 217, 180, -366, -1415, -990, -507, -541, -346, 
409, 380, -29, -395, 219, 175, -366, -1415, -995, -512, -546, -351, 
409, 375, -34, -392, 222, 170, -370, -1415, -1000, -517, -551, -356, 
409, 375, -34, -392, 222, 170, -370, -1420, -1005, -522, -556, -361, 
419, 366, -53, -392, 236, 156, -370, -1410, -1005, -522, -541, -346, 
414, 361, -53, -387, 234, 153, -370, -1410, -1010, -522, -536, -341, 
414, 361, -53, -387, 234, 153, -370, -1410, -1015, -522, -531, -331, 
414, 361, -53, -387, 234, 153, -370, -1415, -1015, -527, -531, -326, 
405, 370, -34, -387, 219, 168, -380, -1420, -1015, -536, -536, -341, 
405, 370, -34, -387, 219, 168, -380, -1424, -1015, -536, -546, -346, 
405, 370, -34, -387, 219, 168, -380, -1429, -1015, -541, -551, -351, 
405, 370, -34, -387, 219, 168, -380, -1434, -1015, -541, -556, -361, 
405, 380, -24, -392, 214, 178, -395, -1439, -1019, -556, -566, -370, 
405, 395, -9, -400, 207, 192, -400, -1444, -1024, -556, -566, -375, 
405, 414, 9, -409, 197, 212, -400, -1449, -1034, -556, -566, -380, 
405, 429, 24, -417, 190, 226, -400, -1454, -1039, -556, -566, -385, 
414, 419, 4, -417, 204, 212, -405, -1444, -1024, -551, -556, -375, 
414, 414, 0, -414, 207, 207, -405, -1444, -1024, -546, -556, -375, 
414, 414, 0, -414, 207, 207, -405, -1444, -1029, -541, -556, -375, 
414, 414, 0, -414, 207, 207, -405, -1454, -1029, -531, -556, -375, 
424, 424, 0, -424, 212, 212, -414, -1444, -1039, -531, -556, -366, 
424, 424, 0, -424, 212, 212, -414, -1449, -1039, -536, -556, -366, 
424, 424, 0, -424, 212, 212, -414, -1449, -1039, -536, -561, -366, 
424, 424, 0, -424, 212, 212, -414, -1449, -1039, -536, -561, -366, 
414, 419, 4, -417, 204, 212, -414, -1444, -1029, -531, -561, -375, 
414, 414, 0, -414, 207, 207, -409, -1444, -1029, -531, -561, -375, 
414, 409, -4, -412, 209, 202, -405, -1444, -1029, -531, -561, -375, 
414, 405, -9, -409, 212, 197, -400, -1444, -1029, -531, -561, -375, 
414, 390, -24, -402, 219, 183, -385, -1444, -1019, -531, -561, -375, 
414, 385, -29, -400, 222, 178, -385, -1439, -1019, -527, -561, -375, 
414, 380, -34, -397, 224, 173, -385, -1439, -1019, -527, -561, -380, 
414, 375, -39, -395, 226, 168, -385, -1439, -1019, -531, -561, -380, 
419, 385, -34, -402, 226, 175, -390, -1449, -1024, -541, -556, -375, 
419, 395, -24, -407, 222, 185, -395, -1449, -1029, -541, -551, -370, 
419, 405, -14, -412, 217, 195, -400, -1454, -1034, -541, -546, -366, 
419, 414, -4, -417, 212, 204, -405, -1454, -1039, -541, -536, -361, 
419, 424, 4, -422, 207, 214, -414, -1454, -1039, -531, -536, -370, 
419, 434, 14, -427, 202, 224, -419, -1459, -1039, -531, -536, -370, 
424, 439, 14, -431, 204, 226, -419, -1468, -1039, -531, -541, -370, 
424, 444, 19, -434, 202, 231, -419, -1473, -1039, -531, -541, -370, 
434, 434, 0, -434, 217, 217, -409, -1464, -1029, -531, -551, -361, 
434, 434, 0, -434, 217, 217, -409, -1459, -1029, -531, -546, -361, 
434, 434, 0, -434, 217, 217, -409, -1459, -1029, -531, -546, -361, 
434, 434, 0, -434, 217, 217, -409, -1459, -1029, -531, -546, -361, 
424, 434, 9, -429, 207, 222, -419, -1459, -1039, -541, -546, -370, 
424, 434, 9, -429, 207, 222, -419, -1459, -1039, -541, -546, -370, 
424, 434, 9, -429, 207, 222, -419, -1459, -1039, -541, -546, -370, 
424, 434, 9, -429, 207, 222, -419, -1459, -1039, -541, -546, -370, 
424, 434, 9, -429, 207, 222, -419, -1468, -1029, -531, -536, -370, 
424, 434, 9, -429, 207, 222, -419, -1468, -1029, -531, -536, -370, 
419, 434, 14, -427, 202, 224, -419, -1468, -1029, -527, -536, -370, 
419, 434, 14, -427, 202, 224, -419, -1468, -1029, -522, -536, -366, 
419, 434, 14, -427, 202, 224, -419, -1468, -1029, -522, -536, -356, 
424, 439, 14, -431, 204, 226, -419, -1468, -1029, -522, -536, -361, 
424, 439, 14, -431, 204, 226, -419, -1468, -1029, -522, -536, -361, 
419, 439, 19, -429, 200, 229, -419, -1468, -1029, -522, -536, -361, 
419, 439, 19, -429, 200, 229, -424, -1459, -1039, -522, -546, -370, 
424, 439, 14, -431, 204, 226, -429, -1459, -1039, -522, -546, -370, 
424, 439, 14, -431, 204, 226, -434, -1459, -1039, -522, -546, -370, 
424, 434, 9, -429, 207, 222, -439, -1459, -1039, -522, -546, -370, 
414, 434, 19, -424, 197, 226, -439, -1459, -1049, -522, -541, -366, 
414, 444, 29, -429, 192, 236, -439, -1459, -1049, -522, -536, -366, 
414, 444, 29, -429, 192, 236, -439, -1459, -1049, -522, -531, -366, 
414, 439, 24, -427, 195, 231, -439, -1459, -1049, -522, -527, -366, 
424, 439, 14, -431, 204, 226, -429, -1468, -1039, -531, -536, -375, 
424, 439, 14, -431, 204, 226, -429, -1468, -1039, -531, -536, -375, 
424, 439, 14, -431, 204, 226, -429, -1473, -1039, -531, -536, -380, 
424, 439, 14, -431, 204, 226, -429, -1473, -1039, -531, -536, -380, 
414, 448, 34, -431, 190, 241, -424, -1473, -1039, -531, -536, -380, 
414, 448, 34, -431, 190, 241, -424, -1478, -1039, -531, -536, -375, 
414, 448, 34, -431, 190, 241, -424, -1478, -1044, -536, -536, -375, 
414, 448, 34, -431, 190, 241, -424, -1478, -1044, -536, -536, -380, 
424, 448, 24, -436, 200, 236, -434, -1473, -1044, -527, -527, -370, 
424, 448, 24, -436, 200, 236, -434, -1468, -1044, -522, -527, -370, 
424, 448, 24, -436, 200, 236, -434, -1464, -1049, -522, -527, -370, 
424, 448, 24, -436, 200, 236, -434, -1459, -1049, -517, -527, -370, 
434, 448, 14, -441, 209, 231, -444, -1468, -1049, -527, -536, -361, 
434, 448, 14, -441, 209, 231, -444, -1473, -1054, -527, -541, -361, 
434, 448, 14, -441, 209, 231, -444, -1478, -1054, -531, -541, -361, 
434, 448, 14, -441, 209, 231, -444, -1478, -1054, -531, -541, -361, 
434, 448, 14, -441, 209, 231, -444, -1478, -1054, -517, -536, -361, 
434, 448, 14, -441, 209, 231, -444, -1478, -1054, -517, -531, -361, 
434, 448, 14, -441, 209, 231, -444, -1473, -1054, -522, -527, -361, 
434, 448, 14, -441, 209, 231, -444, -1473, -1054, -527, -522, -366, 
434, 448, 14, -441, 209, 231, -434, -1468, -1054, -522, -522, -356, 
434, 448, 14, -441, 209, 231, -439, -1468, -1054, -517, -522, -356, 
434, 448, 14, -441, 209, 231, -444, -1468, -1054, -512, -522, -361, 
434, 448, 14, -441, 209, 231, -444, -1473, -1054, -517, -522, -361, 
434, 448, 14, -441, 209, 231, -434, -1473, -1058, -527, -522, -361, 
434, 448, 14, -441, 209, 231, -434, -1473, -1058, -527, -522, -361, 
434, 448, 14, -441, 209, 231, -434, -1473, -1058, -527, -522, -356, 
434, 448, 14, -441, 209, 231, -439, -1473, -1063, -527, -522, -356, 
429, 434, 4, -431, 212, 219, -448, -1483, -1063, -531, -531, -366, 
424, 429, 4, -427, 209, 217, -448, -1488, -1063, -531, -531, -366, 
419, 429, 9, -424, 204, 219, -448, -1488, -1063, -531, -531, -366, 
414, 429, 14, -422, 200, 222, -448, -1488, -1063, -536, -531, -366, 
414, 439, 24, -427, 195, 231, -448, -1488, -1068, -527, -531, -366, 
414, 439, 24, -427, 195, 231, -448, -1488, -1068, -527, -531, -366, 
414, 444, 29, -429, 192, 236, -448, -1493, -1073, -527, -531, -366, 
414, 444, 29, -429, 192, 236, -448, -1493, -1073, -527, -531, -366, 
424, 434, 9, -429, 207, 222, -458, -1483, -1073, -527, -527, -366, 
424, 429, 4, -427, 209, 217, -458, -1483, -1073, -527, -527, -366, 
424, 429, 4, -427, 209, 217, -458, -1483, -1073, -527, -527, -366, 
424, 429, 4, -427, 209, 217, -458, -1483, -1073, -527, -527, -366, 
424, 429, 4, -427, 209, 217, -458, -1483, -1083, -527, -527, -356, 
424, 429, 4, -427, 209, 217, -458, -1483, -1083, -531, -527, -356, 
424, 429, 4, -427, 209, 217, -458, -1483, -1083, -531, -527, -356, 
424, 429, 4, -427, 209, 217, -458, -1483, -1083, -531, -522, -361, 
424, 439, 14, -431, 204, 226, -458, -1473, -1078, -531, -522, -370, 
424, 439, 14, -431, 204, 226, -458, -1478, -1078, -531, -527, -370, 
424, 439, 14, -431, 204, 226, -458, -1478, -1078, -531, -527, -370, 
424, 439, 14, -431, 204, 226, -458, -1483, -1078, -531, -527, -370, 
434, 439, 4, -436, 214, 222, -458, -1483, -1078, -531, -527, -361, 
434, 439, 4, -436, 214, 222, -458, -1483, -1078, -531, -527, -361, 
434, 439, 4, -436, 214, 222, -458, -1483, -1078, -531, -527, -361, 
434, 439, 4, -436, 214, 222, -458, -1483, -1078, -531, -527, -366, 
424, 439, 14, -431, 204, 226, -448, -1488, -1078, -531, -517, -375, 
424, 439, 14, -431, 204, 226, -448, -1488, -1078, -531, -517, -375, 
424, 439, 14, -431, 204, 226, -448, -1493, -1078, -531, -517, -375, 
424, 444, 19, -434, 202, 231, -448, -1493, -1078, -531, -517, -370, 
429, 453, 24, -441, 202, 239, -448, -1483, -1088, -531, -517, -366, 
429, 448, 19, -439, 204, 234, -448, -1483, -1088, -531, -517, -361, 
429, 448, 19, -439, 204, 234, -453, -1478, -1088, -531, -522, -356, 
429, 448, 19, -439, 204, 234, -453, -1478, -1088, -531, -522, -351, 
429, 444, 14, -436, 207, 229, -453, -1488, -1083, -522, -527, -361, 
429, 439, 9, -434, 209, 224, -453, -1488, -1078, -522, -527, -361, 
429, 434, 4, -431, 212, 219, -453, -1488, -1073, -527, -527, -361, 
429, 429, 0, -429, 214, 214, -458, -1488, -1068, -527, -527, -361, 
429, 419, -9, -424, 219, 204, -448, -1488, -1078, -527, -517, -361, 
429, 419, -9, -424, 219, 204, -448, -1498, -1083, -527, -517, -361, 
429, 419, -9, -424, 219, 204, -448, -1498, -1083, -527, -522, -361, 
429, 419, -9, -424, 219, 204, -448, -1493, -1083, -527, -522, -361, 
439, 434, -4, -436, 222, 214, -448, -1478, -1093, -527, -522, -361, 
439, 434, -4, -436, 222, 214, -453, -1478, -1093, -527, -522, -361, 
439, 434, -4, -436, 222, 214, -458, -1478, -1098, -527, -522, -356, 
439, 429, -9, -434, 224, 209, -463, -1483, -1098, -527, -522, -356, 
439, 429, -9, -434, 224, 209, -473, -1493, -1098, -536, -531, -370, 
439, 434, -4, -436, 222, 214, -473, -1493, -1098, -531, -531, -370, 
439, 439, 0, -439, 219, 219, -473, -1493, -1098, -531, -527, -366, 
439, 444, 4, -441, 217, 224, -473, -1493, -1098, -536, -527, -366, 
429, 444, 14, -436, 207, 229, -473, -1493, -1088, -536, -527, -366, 
429, 444, 14, -436, 207, 229, -473, -1493, -1088, -536, -531, -366, 
429, 444, 14, -436, 207, 229, -473, -1493, -1088, -536, -531, -366, 
429, 444, 14, -436, 207, 229, -473, -1493, -1088, -541, -531, -366, 
429, 434, 4, -431, 212, 219, -463, -1503, -1093, -541, -541, -375, 
429, 434, 4, -431, 212, 219, -463, -1503, -1093, -541, -541, -375, 
429, 434, 4, -431, 212, 219, -463, -1503, -1098, -541, -536, -375, 
429, 439, 9, -434, 209, 224, -463, -1493, -1098, -536, -536, -375, 
429, 439, 9, -434, 209, 224, -473, -1498, -1102, -541, -536, -375, 
429, 434, 4, -431, 212, 219, -473, -1498, -1102, -541, -536, -375, 
429, 434, 4, -431, 212, 219, -473, -1498, -1098, -541, -536, -375, 
434, 429, -4, -431, 219, 212, -478, -1498, -1098, -541, -536, -375, 
424, 439, 14, -431, 204, 226, -483, -1488, -1088, -536, -536, -375, 
424, 439, 14, -431, 204, 226, -483, -1493, -1088, -536, -536, -375, 
424, 439, 14, -431, 204, 226, -483, -1493, -1088, -541, -536, -370, 
424, 439, 14, -431, 204, 226, -483, -1493, -1088, -541, -536, -370, 
434, 434, 0, -434, 217, 217, -468, -1493, -1088, -531, -536, -361, 
434, 434, 0, -434, 217, 217, -468, -1493, -1088, -536, -536, -361, 
434, 434, 0, -434, 217, 217, -473, -1493, -1093, -536, -531, -361, 
434, 434, 0, -434, 217, 217, -473, -1498, -1093, -536, -531, -361, 
434, 434, 0, -434, 217, 217, -473, -1498, -1093, -531, -531, -366, 
439, 434, -4, -436, 222, 214, -473, -1493, -1088, -531, -531, -366, 
439, 434, -4, -436, 222, 214, -473, -1488, -1088, -531, -531, -366, 
439, 434, -4, -436, 222, 214, -473, -1488, -1093, -531, -531, -366, 
439, 434, -4, -436, 222, 214, -463, -1488, -1093, -541, -536, -370, 
439, 429, -9, -434, 224, 209, -458, -1483, -1102, -546, -546, -370, 
434, 419, -14, -427, 224, 202, -458, -1493, -1102, -546, -536, -370, 
429, 419, -9, -424, 219, 204, -458, -1493, -1102, -546, -536, -370, 
424, 419, -4, -422, 214, 207, -458, -1493, -1102, -546, -536, -370, 
419, 419, 0, -419, 209, 209, -458, -1493, -1102, -546, -536, -370, 
419, 414, -4, -417, 212, 204, -463, -1493, -1098, -546, -536, -361, 
409, 409, 0, -409, 204, 204, -463, -1493, -1098, -546, -536, -361, 
409, 405, -4, -407, 207, 200, -463, -1488, -1093, -546, -536, -361, 
409, 400, -9, -405, 209, 195, -463, -1488, -1093, -546, -536, -361, 
414, 409, -4, -412, 209, 202, -473, -1478, -1098, -536, -536, -370, 
414, 414, 0, -414, 207, 207, -473, -1478, -1098, -536, -536, -370, 
414, 419, 4, -417, 204, 212, -473, -1478, -1093, -536, -536, -370, 
414, 424, 9, -419, 202, 217, -473, -1478, -1093, -536, -536, -370, 
424, 424, 0, -424, 212, 212, -463, -1483, -1093, -536, -527, -370, 
424, 409, -14, -417, 219, 197, -463, -1483, -1098, -541, -527, -375, 
424, 405, -19, -414, 222, 192, -458, -1483, -1098, -541, -536, -375, 
424, 405, -19, -414, 222, 192, -453, -1483, -1098, -541, -536, -375, 
424, 405, -19, -414, 222, 192, -453, -1488, -1098, -551, -546, -375, 
424, 405, -19, -414, 222, 192, -453, -1488, -1098, -551, -546, -380, 
424, 405, -19, -414, 222, 192, -453, -1488, -1093, -551, -546, -380, 
429, 409, -19, -419, 224, 195, -458, -1488, -1093, -546, -541, -380, 
439, 405, -34, -422, 236, 185, -468, -1483, -1088, -536, -527, -380, 
439, 405, -34, -422, 236, 185, -468, -1473, -1083, -531, -527, -370, 
444, 419, -24, -431, 234, 197, -463, -1468, -1073, -522, -522, -370, 
444, 424, -19, -434, 231, 202, -463, -1464, -1073, -517, -522, -370, 
448, 439, -9, -444, 229, 214, -473, -1449, -1054, -527, -512, -356, 
448, 448, 0, -448, 224, 224, -468, -1449, -1054, -517, -502, -351, 
448, 463, 14, -456, 217, 239, -463, -1449, -1049, -517, -502, -346, 
448, 463, 14, -456, 217, 239, -463, -1444, -1044, -517, -502, -346, 
439, 463, 24, -451, 207, 244, -463, -1444, -1039, -507, -502, -341, 
444, 463, 19, -453, 212, 241, -463, -1449, -1039, -507, -502, -341, 
448, 468, 19, -458, 214, 244, -468, -1449, -1039, -507, -502, -341, 
448, 473, 24, -461, 212, 248, -468, -1449, -1034, -497, -497, -336, 
468, 483, 14, -475, 226, 248, -458, -1444, -1029, -488, -492, -336, 
473, 507, 34, -490, 219, 270, -468, -1439, -1015, -478, -488, -326, 
478, 531, 53, -505, 212, 292, -478, -1439, -1015, -473, -478, -322, 
488, 551, 63, -519, 212, 307, -488, -1449, -1015, -468, -463, -307, 
492, 561, 68, -527, 212, 314, -497, -1454, -1015, -463, -458, -297, 
492, 556, 63, -524, 214, 309, -507, -1454, -1019, -463, -458, -297, 
497, 546, 48, -522, 224, 297, -507, -1454, -1019, -468, -458, -302, 
497, 541, 43, -519, 226, 292, -512, -1464, -1029, -473, -468, -302, 
497, 531, 34, -514, 231, 283, -512, -1468, -1034, -468, -483, -307, 
488, 527, 39, -507, 224, 283, -512, -1473, -1044, -478, -488, -312, 
483, 512, 29, -497, 226, 270, -507, -1478, -1049, -488, -492, -317, 
483, 507, 24, -495, 229, 265, -507, -1478, -1058, -492, -492, -322, 
483, 488, 4, -485, 239, 246, -512, -1468, -1068, -512, -492, -322, 
478, 468, -9, -473, 244, 229, -512, -1468, -1068, -522, -497, -326, 
478, 458, -19, -468, 248, 219, -507, -1468, -1068, -522, -497, -326, 
478, 468, -9, -473, 244, 229, -507, -1473, -1068, -517, -497, -322, 
468, 468, 0, -468, 234, 234, -512, -1473, -1078, -517, -497, -331, 
463, 463, 0, -463, 231, 231, -512, -1473, -1083, -517, -497, -331, 
463, 463, 0, -463, 231, 231, -512, -1473, -1083, -517, -502, -336, 
458, 458, 0, -458, 229, 229, -507, -1473, -1083, -517, -502, -336, 
444, 453, 9, -448, 217, 231, -497, -1473, -1073, -522, -512, -336, 
439, 439, 0, -439, 219, 219, -497, -1473, -1078, -527, -522, -346, 
434, 429, -4, -431, 219, 212, -492, -1483, -1083, -531, -527, -356, 
429, 419, -9, -424, 219, 204, -488, -1483, -1088, -541, -536, -361, 
424, 400, -24, -412, 224, 187, -478, -1493, -1098, -541, -527, -366, 
419, 400, -19, -409, 219, 190, -473, -1493, -1093, -541, -527, -366, 
419, 400, -19, -409, 219, 190, -468, -1493, -1093, -546, -527, -366, 
419, 400, -19, -409, 219, 190, -463, -1493, -1098, -551, -531, -366, 
409, 405, -4, -407, 207, 200, -478, -1493, -1112, -561, -546, -366, 
409, 400, -9, -405, 209, 195, -478, -1493, -1117, -561, -546, -366, 
414, 400, -14, -407, 214, 192, -478, -1493, -1117, -566, -546, -366, 
414, 400, -14, -407, 214, 192, -478, -1493, -1112, -566, -546, -370, 
424, 385, -39, -405, 231, 173, -488, -1493, -1112, -556, -536, -361, 
419, 380, -39, -400, 229, 170, -488, -1493, -1117, -556, -536, -361, 
419, 380, -39, -400, 229, 170, -488, -1493, -1117, -556, -541, -366, 
414, 375, -39, -395, 226, 168, -488, -1493, -1112, -556, -541, -366, 
414, 385, -29, -400, 222, 178, -488, -1493, -1102, -556, -551, -380, 
414, 385, -29, -400, 222, 178, -488, -1493, -1102, -556, -551, -380, 
414, 385, -29, -400, 222, 178, -488, -1493, -1102, -556, -551, -380, 
414, 385, -29, -400, 222, 178, -488, -1493, -1102, -556, -551, -380, 
405, 385, -19, -395, 212, 183, -497, -1488, -1102, -566, -551, -390, 
400, 385, -14, -392, 207, 185, -492, -1488, -1102, -566, -551, -390, 
395, 385, -9, -390, 202, 187, -492, -1488, -1102, -566, -551, -390, 
390, 385, -4, -387, 197, 190, -492, -1488, -1102, -561, -551, -390, 
380, 375, -4, -378, 192, 185, -492, -1488, -1112, -561, -551, -380, 
380, 375, -4, -378, 192, 185, -488, -1488, -1107, -561, -551, -380, 
380, 375, -4, -378, 192, 185, -488, -1488, -1107, -561, -551, -380, 
380, 375, -4, -378, 192, 185, -488, -1488, -1107, -561, -551, -385, 
390, 370, -19, -380, 204, 175, -478, -1488, -1098, -570, -575, -385, 
390, 370, -19, -380, 204, 175, -473, -1478, -1093, -561, -566, -385, 
380, 370, -9, -375, 195, 180, -463, -1473, -1088, -561, -556, -380, 
375, 361, -14, -368, 195, 173, -448, -1464, -1078, -570, -566, -395, 
351, 351, 0, -351, 175, 175, -414, -1439, -1054, -561, -570, -409, 
326, 346, 19, -336, 153, 183, -366, -1420, -1005, -551, -570, -414, 
312, 356, 43, -334, 134, 200, -322, -1385, -971, -541, -580, -414, 
302, 351, 48, -326, 126, 200, -278, -1346, -936, -536, -580, -419, 
283, 341, 58, -312, 112, 200, -219, -1288, -907, -527, -590, -424, 
273, 351, 78, -312, 97, 214, -180, -1224, -858, -497, -580, -414, 
283, 385, 102, -334, 90, 244, -151, -1146, -785, -424, -556, -409, 
322, 419, 97, -370, 112, 258, -141, -1044, -683, -326, -507, -395, 
366, 453, 87, -409, 139, 270, -141, -932, -575, -209, -439, -375, 
419, 517, 97, -468, 161, 307, -151, -834, -463, -82, -361, -336, 
502, 600, 97, -551, 202, 348, -180, -751, -356, 48, -278, -278, 
605, 692, 87, -649, 258, 390, -244, -741, -273, 161, -165, -214, 
712, 800, 87, -756, 312, 444, -361, -805, -224, 287, -48, -117, 
810, 971, 161, -890, 324, 566, -502, -927, -190, 448, 97, 19, 
902, 1176, 273, -1039, 314, 724, -673, -1093, -190, 605, 263, 165, 
971, 1385, 414, -1178, 278, 900, -839, -1283, -209, 751, 439, 307, 
1000, 1517, 517, -1259, 241, 1017, -961, -1439, -190, 868, 556, 409, 
1000, 1507, 507, -1254, 246, 1007, -1019, -1527, -180, 834, 536, 414, 
956, 1356, 400, -1156, 278, 878, -1029, -1600, -248, 658, 409, 326, 
907, 1156, 248, -1032, 329, 702, -1029, -1683, -395, 429, 234, 224, 
849, 1000, 151, -924, 348, 575, -1029, -1830, -649, 170, 73, 126, 
751, 878, 126, -814, 312, 502, -1005, -2049, -995, -131, -92, 34, 
614, 722, 107, -668, 253, 414, -932, -2225, -1400, -463, -263, -63, 
507, 580, 73, -544, 217, 326, -839, -2269, -1644, -688, -405, -151, 
424, 527, 102, -475, 161, 314, -746, -2220, -1629, -712, -463, -195, 
366, 522, 156, -444, 104, 339, -673, -2122, -1537, -658, -483, -219, 
336, 502, 165, -419, 85, 334, -649, -2059, -1512, -649, -507, -253, 
322, 463, 141, -392, 90, 302, -624, -2010, -1503, -663, -517, -292, 
312, 444, 131, -378, 90, 287, -614, -1966, -1473, -678, -546, -322, 
307, 414, 107, -361, 100, 261, -624, -1932, -1444, -678, -570, -346, 
307, 380, 73, -344, 117, 226, -610, -1893, -1415, -683, -585, -375, 
312, 366, 53, -339, 129, 209, -556, -1839, -1366, -673, -585, -380, 
312, 366, 53, -339, 129, 209, -507, -1776, -1307, -658, -575, -370, 
317, 361, 43, -339, 136, 202, -488, -1712, -1254, -644, -570, -370, 
326, 361, 34, -344, 146, 197, -478, -1644, -1220, -624, -561, -361, 
336, 361, 24, -348, 156, 192, -463, -1581, -1180, -610, -561, -351, 
346, 370, 24, -358, 161, 197, -458, -1522, -1132, -580, -551, -351, 
361, 380, 19, -370, 170, 200, -453, -1468, -1093, -546, -551, -351, 
380, 395, 14, -387, 183, 204, -444, -1444, -1063, -522, -531, -341, 
385, 419, 34, -402, 175, 226, -453, -1449, -1034, -492, -517, -336, 
390, 448, 58, -419, 165, 253, -448, -1459, -1019, -488, -502, -341, 
400, 448, 48, -424, 175, 248, -448, -1464, -1029, -488, -507, -331, 
414, 448, 34, -431, 190, 241, -463, -1449, -1034, -502, -507, -341, 
419, 448, 29, -434, 195, 239, -463, -1444, -1039, -512, -507, -341, 
419, 444, 24, -431, 197, 234, -463, -1429, -1039, -522, -512, -341, 
414, 434, 19, -424, 197, 226, -458, -1415, -1039, -527, -517, -346, 
395, 424, 29, -409, 183, 226, -448, -1410, -1039, -517, -522, -336, 
395, 419, 24, -407, 185, 222, -448, -1410, -1039, -517, -527, -341, 
395, 419, 24, -407, 185, 222, -448, -1405, -1034, -517, -527, -341, 
395, 424, 29, -409, 183, 226, -448, -1405, -1029, -507, -527, -341, 
405, 419, 14, -412, 195, 217, -448, -1405, -1019, -502, -522, -341, 
409, 429, 19, -419, 195, 224, -453, -1400, -1015, -492, -522, -336, 
419, 434, 14, -427, 202, 224, -458, -1395, -1005, -488, -517, -336, 
424, 434, 9, -429, 207, 222, -458, -1385, -1005, -488, -512, -336, 
414, 434, 19, -424, 197, 226, -458, -1381, -1015, -497, -512, -336, 
409, 429, 19, -419, 195, 224, -458, -1376, -1015, -502, -512, -336, 
409, 429, 19, -419, 195, 224, -458, -1376, -1010, -502, -512, -336, 
409, 424, 14, -417, 197, 219, -458, -1371, -1005, -497, -512, -336, 
409, 424, 14, -417, 197, 219, -458, -1366, -1000, -497, -502, -336, 
409, 429, 19, -419, 195, 224, -458, -1366, -1000, -497, -502, -336, 
414, 429, 14, -422, 200, 222, -458, -1361, -990, -488, -502, -336, 
414, 434, 19, -424, 197, 226, -458, -1361, -990, -483, -497, -336, 
414, 439, 24, -427, 195, 231, -458, -1351, -980, -483, -502, -341, 
419, 439, 19, -429, 200, 229, -458, -1351, -976, -483, -502, -341, 
424, 439, 14, -431, 204, 226, -458, -1351, -971, -478, -502, -341, 
424, 444, 19, -434, 202, 231, -458, -1351, -971, -478, -497, -341, 
424, 434, 9, -429, 207, 222, -448, -1351, -971, -473, -497, -331, 
424, 439, 14, -431, 204, 226, -453, -1346, -966, -473, -492, -326, 
424, 439, 14, -431, 204, 226, -453, -1337, -961, -468, -492, -326, 
429, 439, 9, -434, 209, 224, -453, -1332, -956, -468, -492, -326, 
434, 444, 9, -439, 212, 226, -463, -1327, -956, -458, -483, -317, 
434, 448, 14, -441, 209, 231, -458, -1327, -956, -458, -478, -317, 
434, 448, 14, -441, 209, 231, -458, -1327, -946, -448, -478, -312, 
434, 448, 14, -441, 209, 231, -458, -1322, -946, -444, -473, -307, 
434, 448, 14, -441, 209, 231, -458, -1322, -946, -448, -473, -317, 
434, 453, 19, -444, 207, 236, -458, -1317, -936, -448, -473, -317, 
439, 453, 14, -446, 212, 234, -458, -1312, -932, -444, -473, -317, 
439, 458, 19, -448, 209, 239, -453, -1307, -927, -444, -473, -322, 
434, 458, 24, -446, 204, 241, -463, -1298, -927, -444, -468, -322, 
434, 458, 24, -446, 204, 241, -463, -1298, -922, -439, -468, -317, 
429, 463, 34, -446, 197, 248, -463, -1288, -917, -439, -468, -317, 
429, 463, 34, -446, 197, 248, -463, -1283, -912, -434, -463, -317, 
429, 473, 43, -451, 192, 258, -453, -1293, -917, -434, -453, -317, 
434, 473, 39, -453, 197, 256, -453, -1288, -912, -434, -444, -312, 
434, 473, 39, -453, 197, 256, -453, -1283, -907, -424, -444, -307, 
434, 473, 39, -453, 197, 256, -453, -1278, -902, -424, -444, -302, 
444, 478, 34, -461, 204, 256, -463, -1273, -897, -419, -453, -312, 
448, 483, 34, -466, 207, 258, -463, -1268, -897, -414, -453, -312, 
448, 488, 39, -468, 204, 263, -463, -1263, -893, -409, -448, -312, 
448, 492, 43, -470, 202, 268, -463, -1263, -893, -405, -448, -312, 
444, 492, 48, -468, 197, 270, -463, -1259, -883, -405, -453, -297, 
444, 492, 48, -468, 197, 270, -463, -1254, -878, -400, -453, -297, 
444, 492, 48, -468, 197, 270, -463, -1249, -868, -395, -448, -297, 
444, 497, 53, -470, 195, 275, -463, -1239, -863, -390, -444, -292, 
444, 497, 53, -470, 195, 275, -473, -1244, -849, -400, -448, -292, 
448, 497, 48, -473, 200, 273, -473, -1239, -844, -395, -448, -292, 
453, 502, 48, -478, 202, 275, -473, -1234, -839, -390, -448, -292, 
453, 502, 48, -478, 202, 275, -473, -1229, -829, -385, -439, -287, 
463, 502, 39, -483, 212, 270, -463, -1210, -829, -370, -429, -273, 
468, 507, 39, -488, 214, 273, -463, -1210, -824, -366, -429, -273, 
468, 517, 48, -492, 209, 283, -463, -1200, -819, -356, -419, -273, 
473, 517, 43, -495, 214, 280, -463, -1195, -810, -351, -414, -268, 
483, 522, 39, -502, 222, 280, -458, -1185, -800, -346, -419, -263, 
488, 527, 39, -507, 224, 283, -453, -1176, -790, -341, -414, -263, 
488, 531, 43, -509, 222, 287, -448, -1156, -785, -331, -409, -258, 
497, 536, 39, -517, 229, 287, -444, -1141, -775, -331, -409, -258, 
502, 551, 48, -527, 226, 300, -453, -1137, -761, -331, -395, -248, 
502, 556, 53, -529, 224, 305, -453, -1137, -761, -326, -395, -248, 
502, 561, 58, -531, 222, 309, -448, -1127, -751, -322, -390, -248, 
512, 566, 53, -539, 229, 309, -448, -1122, -741, -317, -385, -248, 
502, 566, 63, -534, 219, 314, -448, -1112, -741, -302, -380, -244, 
507, 570, 63, -539, 222, 317, -448, -1107, -732, -292, -375, -244, 
512, 575, 63, -544, 224, 319, -444, -1098, -722, -283, -370, -234, 
517, 580, 63, -549, 226, 322, -444, -1088, -712, -273, -366, -229, 
517, 580, 63, -549, 226, 322, -444, -1078, -702, -263, -361, -234, 
517, 585, 68, -551, 224, 326, -444, -1063, -692, -258, -351, -229, 
517, 595, 78, -556, 219, 336, -444, -1054, -678, -248, -346, -229, 
517, 600, 82, -558, 217, 341, -444, -1044, -668, -239, -336, -224, 
522, 605, 82, -563, 219, 344, -448, -1029, -653, -229, -331, -219, 
527, 614, 87, -570, 219, 351, -448, -1019, -644, -224, -322, -214, 
536, 624, 87, -580, 224, 356, -448, -1010, -634, -214, -317, -209, 
536, 629, 92, -583, 222, 361, -448, -1000, -624, -204, -312, -204, 
541, 634, 92, -588, 224, 363, -453, -985, -614, -185, -302, -190, 
551, 649, 97, -600, 226, 373, -453, -976, -605, -175, -297, -185, 
556, 649, 92, -602, 231, 370, -453, -966, -595, -156, -287, -180, 
561, 663, 102, -612, 229, 383, -453, -956, -585, -146, -283, -170, 
561, 668, 107, -614, 226, 387, -444, -946, -570, -146, -278, -170, 
566, 678, 112, -622, 226, 395, -444, -941, -561, -136, -268, -165, 
570, 683, 112, -627, 229, 397, -444, -932, -556, -126, -258, -156, 
575, 688, 112, -631, 231, 400, -444, -922, -541, -117, -253, -156, 
580, 697, 117, -639, 231, 407, -444, -902, -536, -107, -248, -161, 
590, 702, 112, -646, 239, 407, -453, -893, -531, -97, -239, -151, 
595, 707, 112, -651, 241, 409, -453, -883, -522, -87, -229, -151, 
595, 702, 107, -649, 244, 405, -453, -878, -512, -78, -224, -146, 
610, 712, 102, -661, 253, 407, -453, -883, -492, -68, -219, -141, 
614, 712, 97, -663, 258, 405, -453, -878, -488, -58, -209, -136, 
619, 722, 102, -671, 258, 412, -453, -878, -483, -48, -204, -131, 
624, 732, 107, -678, 258, 419, -453, -868, -473, -43, -200, -131, 
624, 736, 112, -680, 256, 424, -458, -858, -463, -39, -195, -112, 
624, 736, 112, -680, 256, 424, -458, -858, -463, -34, -185, -112, 
624, 746, 122, -685, 251, 434, -458, -858, -463, -34, -185, -107, 
629, 746, 117, -688, 256, 431, -458, -858, -463, -29, -180, -107, 
629, 751, 122, -690, 253, 436, -468, -854, -458, -24, -180, -117, 
634, 756, 122, -695, 256, 439, -473, -858, -458, -24, -175, -112, 
634, 761, 126, -697, 253, 444, -473, -863, -463, -19, -175, -107, 
634, 761, 126, -697, 253, 444, -478, -878, -463, -19, -175, -107, 
629, 766, 136, -697, 246, 451, -478, -883, -468, -19, -175, -92, 
624, 766, 141, -695, 241, 453, -473, -888, -468, -24, -175, -92, 
624, 761, 136, -692, 244, 448, -473, -907, -473, -29, -180, -97, 
624, 756, 131, -690, 246, 444, -478, -922, -488, -34, -185, -97, 
619, 756, 136, -688, 241, 446, -478, -941, -497, -34, -185, -102, 
610, 746, 136, -678, 236, 441, -473, -961, -522, -43, -195, -102, 
605, 736, 131, -671, 236, 434, -473, -980, -536, -63, -204, -117, 
600, 722, 122, -661, 239, 422, -478, -1000, -556, -73, -219, -122, 
590, 717, 126, -653, 231, 422, -468, -1010, -570, -92, -219, -117, 
580, 707, 126, -644, 226, 417, -468, -1024, -585, -107, -234, -131, 
566, 692, 126, -629, 219, 409, -468, -1049, -605, -122, -244, -141, 
561, 683, 122, -622, 219, 402, -468, -1068, -614, -146, -258, -151, 
561, 673, 112, -617, 224, 392, -478, -1093, -649, -175, -273, -170, 
551, 658, 107, -605, 222, 383, -483, -1112, -673, -195, -283, -180, 
546, 639, 92, -592, 226, 366, -483, -1132, -697, -214, -302, -185, 
536, 624, 87, -580, 224, 356, -483, -1146, -722, -234, -317, -195, 
517, 605, 87, -561, 214, 346, -483, -1166, -756, -239, -326, -204, 
507, 590, 82, -549, 212, 336, -483, -1180, -771, -258, -341, -214, 
497, 570, 73, -534, 212, 322, -488, -1200, -795, -278, -356, -224, 
488, 551, 63, -519, 212, 307, -488, -1215, -814, -297, -370, -239, 
488, 531, 43, -509, 222, 287, -488, -1239, -829, -317, -385, -234, 
478, 527, 48, -502, 214, 287, -492, -1254, -844, -331, -390, -239, 
478, 512, 34, -495, 222, 273, -497, -1268, -863, -341, -400, -248, 
473, 507, 34, -490, 219, 270, -497, -1283, -883, -356, -414, -258, 
468, 507, 39, -488, 214, 273, -502, -1298, -897, -380, -419, -268, 
458, 497, 39, -478, 209, 268, -502, -1312, -917, -395, -429, -268, 
453, 483, 29, -468, 212, 256, -502, -1322, -936, -405, -439, -278, 
448, 473, 24, -461, 212, 248, -502, -1332, -946, -419, -444, -283, 
444, 453, 9, -448, 217, 231, -512, -1346, -956, -429, -458, -297, 
444, 444, 0, -444, 222, 222, -502, -1351, -966, -444, -463, -302, 
439, 439, 0, -439, 219, 219, -502, -1351, -980, -453, -468, -307, 
434, 429, -4, -431, 219, 212, -502, -1356, -980, -458, -478, -312, 
424, 429, 4, -427, 209, 217, -507, -1366, -985, -468, -488, -317, 
419, 429, 9, -424, 204, 219, -507, -1376, -995, -473, -492, -322, 
414, 424, 9, -419, 202, 217, -507, -1390, -1010, -478, -492, -326, 
414, 424, 9, -419, 202, 217, -512, -1395, -1010, -483, -497, -326, 
409, 419, 9, -414, 200, 214, -522, -1395, -1019, -488, -488, -322, 
409, 409, 0, -409, 204, 204, -522, -1400, -1019, -492, -492, -322, 
409, 409, 0, -409, 204, 204, -522, -1400, -1029, -492, -502, -326, 
409, 405, -4, -407, 207, 200, -522, -1400, -1029, -497, -502, -331, 
409, 405, -4, -407, 207, 200, -522, -1395, -1039, -497, -517, -341, 
409, 400, -9, -405, 209, 195, -522, -1395, -1044, -502, -517, -341, 
409, 395, -14, -402, 212, 190, -527, -1395, -1049, -507, -517, -341, 
409, 395, -14, -402, 212, 190, -527, -1400, -1054, -512, -517, -341, 
409, 395, -14, -402, 212, 190, -517, -1410, -1044, -512, -517, -341, 
405, 390, -14, -397, 209, 187, -517, -1410, -1049, -512, -517, -341, 
405, 390, -14, -397, 209, 187, -517, -1410, -1054, -512, -517, -336, 
405, 390, -14, -397, 209, 187, -517, -1415, -1054, -517, -522, -336, 
405, 390, -14, -397, 209, 187, -517, -1424, -1054, -527, -522, -336, 
405, 390, -14, -397, 209, 187, -517, -1424, -1054, -527, -527, -336, 
405, 390, -14, -397, 209, 187, -517, -1424, -1054, -531, -527, -336, 
405, 390, -14, -397, 209, 187, -517, -1424, -1054, -531, -527, -341, 
405, 375, -29, -390, 217, 173, -522, -1415, -1054, -527, -527, -336, 
405, 375, -29, -390, 217, 173, -527, -1415, -1054, -527, -527, -336, 
405, 380, -24, -392, 214, 178, -527, -1415, -1058, -527, -527, -336, 
405, 380, -24, -392, 214, 178, -527, -1415, -1058, -527, -527, -336, 
405, 380, -24, -392, 214, 178, -531, -1415, -1063, -536, -536, -346, 
405, 375, -29, -390, 217, 173, -531, -1415, -1063, -536, -536, -346, 
405, 375, -29, -390, 217, 173, -531, -1415, -1068, -536, -536, -346, 
405, 375, -29, -390, 217, 173, -531, -1424, -1068, -531, -536, -346, 
405, 375, -29, -390, 217, 173, -531, -1415, -1068, -531, -527, -346, 
405, 375, -29, -390, 217, 173, -531, -1420, -1068, -536, -527, -346, 
405, 375, -29, -390, 217, 173, -531, -1420, -1068, -536, -531, -346, 
405, 375, -29, -390, 217, 173, -531, -1420, -1068, -536, -531, -346, 
405, 385, -19, -395, 212, 183, -536, -1424, -1068, -541, -531, -346, 
405, 385, -19, -395, 212, 183, -536, -1424, -1068, -541, -531, -346, 
405, 385, -19, -395, 212, 183, -536, -1424, -1068, -541, -531, -346, 
405, 385, -19, -395, 212, 183, -536, -1424, -1068, -541, -531, -346, 
405, 385, -19, -395, 212, 183, -541, -1424, -1068, -541, -531, -346, 
405, 385, -19, -395, 212, 183, -541, -1420, -1068, -536, -531, -346, 
405, 385, -19, -395, 212, 183, -541, -1420, -1068, -536, -531, -351, 
405, 385, -19, -395, 212, 183, -541, -1420, -1068, -541, -531, -351, 
409, 385, -24, -397, 217, 180, -531, -1410, -1058, -531, -541, -341, 
409, 385, -24, -397, 217, 180, -531, -1410, -1058, -531, -541, -341, 
409, 385, -24, -397, 217, 180, -531, -1415, -1058, -531, -541, -341, 
409, 385, -24, -397, 217, 180, -531, -1415, -1058, -531, -536, -341, 
409, 390, -19, -400, 214, 185, -531, -1420, -1058, -531, -527, -351, 
409, 395, -14, -402, 212, 190, -536, -1420, -1058, -531, -527, -351, 
414, 395, -19, -405, 217, 187, -536, -1424, -1058, -531, -531, -351, 
414, 395, -19, -405, 217, 187, -536, -1424, -1058, -531, -531, -351, 
405, 395, -9, -400, 207, 192, -546, -1415, -1058, -541, -531, -341, 
405, 395, -9, -400, 207, 192, -546, -1410, -1058, -541, -527, -341, 
405, 395, -9, -400, 207, 192, -546, -1410, -1058, -541, -527, -341, 
405, 395, -9, -400, 207, 192, -546, -1410, -1058, -541, -527, -341, 
414, 395, -19, -405, 217, 187, -546, -1420, -1058, -531, -517, -341, 
414, 395, -19, -405, 217, 187, -546, -1420, -1058, -531, -517, -341, 
414, 395, -19, -405, 217, 187, -546, -1420, -1058, -531, -517, -341, 
414, 395, -19, -405, 217, 187, -546, -1420, -1058, -531, -517, -341, 
414, 405, -9, -409, 212, 197, -546, -1420, -1058, -541, -517, -341, 
414, 405, -9, -409, 212, 197, -546, -1420, -1058, -541, -517, -341, 
409, 405, -4, -407, 207, 200, -546, -1420, -1058, -536, -517, -341, 
409, 405, -4, -407, 207, 200, -546, -1420, -1058, -531, -517, -336, 
400, 405, 4, -402, 197, 204, -536, -1420, -1058, -541, -527, -336, 
405, 409, 4, -407, 200, 207, -536, -1420, -1058, -541, -527, -341, 
405, 409, 4, -407, 200, 207, -536, -1420, -1058, -541, -527, -341, 
400, 409, 9, -405, 195, 209, -536, -1420, -1058, -541, -527, -341, 
400, 409, 9, -405, 195, 209, -546, -1420, -1058, -541, -527, -341, 
405, 409, 4, -407, 200, 207, -546, -1420, -1058, -541, -527, -341, 
405, 409, 4, -407, 200, 207, -546, -1420, -1058, -541, -527, -341, 
405, 405, 0, -405, 202, 202, -546, -1420, -1058, -541, -527, -341, 
405, 395, -9, -400, 207, 192, -546, -1420, -1058, -541, -517, -336, 
405, 405, 0, -405, 202, 202, -546, -1420, -1058, -541, -517, -336, 
405, 405, 0, -405, 202, 202, -546, -1420, -1058, -541, -517, -336, 
405, 400, -4, -402, 204, 197, -546, -1420, -1058, -541, -517, -336, 
405, 400, -4, -402, 204, 197, -546, -1410, -1058, -531, -517, -326, 
405, 400, -4, -402, 204, 197, -546, -1410, -1058, -531, -517, -326, 
405, 400, -4, -402, 204, 197, -546, -1415, -1058, -531, -517, -331, 
405, 400, -4, -402, 204, 197, -546, -1415, -1058, -531, -517, -331, 
414, 400, -14, -407, 214, 192, -551, -1424, -1068, -541, -527, -336, 
414, 400, -14, -407, 214, 192, -551, -1429, -1068, -541, -527, -336, 
414, 400, -14, -407, 214, 192, -551, -1429, -1073, -546, -527, -341, 
414, 400, -14, -407, 214, 192, -551, -1429, -1073, -546, -527, -351, 
405, 390, -14, -397, 209, 187, -551, -1429, -1073, -551, -527, -351, 
405, 390, -14, -397, 209, 187, -551, -1429, -1073, -551, -527, -351, 
405, 390, -14, -397, 209, 187, -551, -1429, -1078, -556, -527, -351, 
405, 390, -14, -397, 209, 187, -551, -1429, -1078, -556, -527, -351, 
395, 380, -14, -387, 204, 183, -551, -1429, -1068, -546, -527, -351, 
395, 380, -14, -387, 204, 183, -551, -1434, -1073, -546, -531, -351, 
395, 380, -14, -387, 204, 183, -551, -1439, -1073, -551, -531, -351, 
395, 380, -14, -387, 204, 183, -551, -1439, -1073, -551, -531, -351, 
395, 370, -24, -383, 209, 173, -541, -1439, -1063, -556, -531, -351, 
395, 370, -24, -383, 209, 173, -541, -1439, -1063, -556, -531, -351, 
395, 370, -24, -383, 209, 173, -541, -1434, -1063, -561, -531, -351, 
395, 370, -24, -383, 209, 173, -541, -1434, -1063, -566, -531, -356, 
395, 380, -14, -387, 204, 183, -551, -1439, -1073, -566, -531, -356, 
395, 380, -14, -387, 204, 183, -556, -1439, -1073, -566, -531, -356, 
395, 380, -14, -387, 204, 183, -561, -1439, -1073, -566, -531, -361, 
395, 380, -14, -387, 204, 183, -561, -1444, -1073, -575, -531, -361, 
395, 380, -14, -387, 204, 183, -561, -1444, -1088, -575, -531, -361, 
395, 380, -14, -387, 204, 183, -561, -1444, -1088, -575, -531, -361, 
395, 380, -14, -387, 204, 183, -561, -1444, -1088, -575, -531, -356, 
395, 380, -14, -387, 204, 183, -566, -1444, -1093, -575, -531, -356, 
385, 385, 0, -385, 192, 192, -566, -1444, -1102, -570, -531, -356, 
385, 380, -4, -383, 195, 187, -566, -1449, -1102, -570, -531, -356, 
385, 380, -4, -383, 195, 187, -566, -1449, -1102, -570, -531, -356, 
385, 380, -4, -383, 195, 187, -566, -1449, -1102, -575, -531, -356, 
385, 380, -4, -383, 195, 187, -566, -1459, -1098, -575, -531, -356, 
385, 380, -4, -383, 195, 187, -566, -1459, -1098, -575, -531, -356, 
385, 385, 0, -385, 192, 192, -566, -1464, -1102, -575, -531, -356, 
385, 385, 0, -385, 192, 192, -566, -1464, -1102, -575, -531, -356, 
385, 385, 0, -385, 192, 192, -566, -1454, -1093, -575, -536, -356, 
385, 380, -4, -383, 195, 187, -566, -1454, -1093, -575, -536, -356, 
385, 380, -4, -383, 195, 187, -566, -1454, -1093, -575, -536, -356, 
385, 380, -4, -383, 195, 187, -566, -1454, -1093, -575, -536, -356, 
375, 380, 4, -378, 185, 192, -566, -1454, -1102, -566, -536, -356, 
375, 380, 4, -378, 185, 192, -566, -1454, -1102, -570, -536, -356, 
375, 380, 4, -378, 185, 192, -566, -1454, -1102, -570, -536, -356, 
375, 380, 4, -378, 185, 192, -566, -1454, -1102, -570, -531, -361, 
385, 380, -4, -383, 195, 187, -566, -1454, -1107, -570, -531, -351, 
385, 380, -4, -383, 195, 187, -566, -1459, -1107, -570, -536, -351, 
385, 380, -4, -383, 195, 187, -566, -1459, -1107, -570, -536, -351, 
385, 380, -4, -383, 195, 187, -566, -1464, -1107, -570, -536, -351, 
395, 380, -14, -387, 204, 183, -566, -1464, -1117, -570, -536, -361, 
395, 380, -14, -387, 204, 183, -566, -1464, -1117, -570, -536, -361, 
395, 380, -14, -387, 204, 183, -566, -1464, -1117, -570, -536, -361, 
395, 380, -14, -387, 204, 183, -566, -1464, -1117, -570, -536, -366, 
385, 380, -4, -383, 195, 187, -570, -1459, -1107, -580, -536, -356, 
385, 380, -4, -383, 195, 187, -575, -1459, -1107, -580, -536, -356, 
385, 380, -4, -383, 195, 187, -580, -1464, -1107, -580, -536, -356, 
385, 385, 0, -385, 192, 192, -585, -1464, -1107, -580, -536, -351, 
390, 385, -4, -387, 197, 190, -585, -1473, -1107, -580, -536, -351, 
390, 380, -9, -385, 200, 185, -585, -1473, -1107, -580, -536, -351, 
390, 380, -9, -385, 200, 185, -590, -1468, -1107, -580, -541, -351, 
390, 380, -9, -385, 200, 185, -590, -1468, -1107, -580, -541, -351, 
390, 390, 0, -390, 195, 195, -580, -1478, -1107, -580, -527, -351, 
390, 390, 0, -390, 195, 195, -580, -1478, -1107, -580, -527, -351, 
390, 390, 0, -390, 195, 195, -580, -1478, -1107, -585, -527, -351, 
390, 390, 0, -390, 195, 195, -585, -1478, -1107, -585, -527, -351, 
390, 390, 0, -390, 195, 195, -585, -1468, -1117, -575, -536, -361, 
390, 390, 0, -390, 195, 195, -585, -1478, -1122, -575, -536, -361, 
390, 390, 0, -390, 195, 195, -585, -1478, -1122, -575, -541, -361, 
390, 390, 0, -390, 195, 195, -585, -1473, -1122, -575, -541, -361, 
390, 385, -4, -387, 197, 190, -590, -1468, -1122, -585, -551, -361, 
390, 385, -4, -387, 197, 190, -590, -1468, -1122, -585, -551, -361, 
390, 385, -4, -387, 197, 190, -590, -1468, -1127, -585, -551, -356, 
390, 380, -9, -385, 200, 185, -590, -1473, -1127, -585, -551, -356, 
390, 385, -4, -387, 197, 190, -580, -1473, -1117, -585, -541, -361, 
390, 385, -4, -387, 197, 190, -580, -1473, -1117, -580, -541, -361, 
390, 385, -4, -387, 197, 190, -580, -1473, -1117, -580, -536, -356, 
390, 385, -4, -387, 197, 190, -580, -1473, -1117, -585, -536, -356, 
380, 385, 4, -383, 187, 195, -580, -1473, -1107, -575, -536, -346, 
380, 385, 4, -383, 187, 195, -580, -1473, -1107, -575, -541, -346, 
380, 385, 4, -383, 187, 195, -580, -1473, -1107, -575, -541, -346, 
380, 385, 4, -383, 187, 195, -580, -1473, -1107, -580, -541, -346, 
390, 375, -14, -383, 202, 180, -580, -1473, -1112, -580, -541, -351, 
390, 375, -14, -383, 202, 180, -580, -1473, -1112, -580, -541, -356, 
390, 375, -14, -383, 202, 180, -580, -1473, -1117, -580, -536, -361, 
390, 380, -9, -385, 200, 185, -580, -1464, -1117, -575, -536, -366, 
390, 385, -4, -387, 197, 190, -590, -1464, -1122, -575, -536, -356, 
390, 385, -4, -387, 197, 190, -590, -1468, -1122, -580, -536, -356, 
390, 390, 0, -390, 195, 195, -590, -1473, -1117, -585, -536, -356, 
395, 390, -4, -392, 200, 192, -595, -1478, -1117, -590, -536, -356, 
395, 390, -4, -392, 200, 192, -590, -1468, -1107, -585, -536, -366, 
395, 390, -4, -392, 200, 192, -590, -1473, -1107, -585, -536, -366, 
395, 390, -4, -392, 200, 192, -590, -1473, -1107, -590, -536, -361, 
395, 390, -4, -392, 200, 192, -590, -1473, -1107, -590, -536, -361, 
395, 395, 0, -395, 197, 197, -595, -1473, -1117, -580, -536, -361, 
395, 395, 0, -395, 197, 197, -595, -1473, -1117, -585, -536, -361, 
395, 395, 0, -395, 197, 197, -600, -1473, -1122, -585, -531, -361, 
395, 395, 0, -395, 197, 197, -600, -1478, -1122, -585, -531, -361, 
385, 395, 9, -390, 187, 202, -590, -1478, -1122, -590, -541, -356, 
390, 395, 4, -392, 192, 200, -590, -1473, -1117, -590, -541, -356, 
390, 395, 4, -392, 192, 200, -590, -1468, -1117, -590, -541, -356, 
390, 395, 4, -392, 192, 200, -590, -1468, -1122, -590, -541, -356, 
390, 385, -4, -387, 197, 190, -580, -1468, -1132, -590, -536, -351, 
390, 390, 0, -390, 195, 195, -585, -1473, -1132, -585, -536, -351, 
390, 390, 0, -390, 195, 195, -595, -1473, -1132, -585, -546, -351, 
390, 390, 0, -390, 195, 195, -595, -1473, -1132, -585, -546, -351, 
390, 390, 0, -390, 195, 195, -595, -1473, -1132, -585, -546, -351, 
390, 390, 0, -390, 195, 195, -595, -1473, -1132, -585, -546, -351, 
400, 390, -9, -395, 204, 190, -600, -1473, -1127, -585, -546, -351, 
390, 390, 0, -390, 195, 195, -600, -1473, -1127, -585, -546, -351, 
390, 390, 0, -390, 195, 195, -600, -1468, -1122, -585, -546, -351, 
390, 390, 0, -390, 195, 195, -600, -1468, -1122, -585, -546, -351, 
385, 385, 0, -385, 192, 192, -600, -1468, -1127, -575, -546, -351, 
385, 385, 0, -385, 192, 192, -600, -1468, -1127, -575, -546, -351, 
385, 385, 0, -385, 192, 192, -600, -1468, -1122, -575, -546, -351, 
385, 385, 0, -385, 192, 192, -600, -1468, -1122, -575, -546, -351, 
395, 390, -4, -392, 200, 192, -600, -1473, -1122, -585, -546, -361, 
395, 380, -14, -387, 204, 183, -600, -1473, -1127, -590, -546, -366, 
395, 380, -14, -387, 204, 183, -595, -1473, -1127, -590, -556, -366, 
395, 385, -9, -390, 202, 187, -590, -1473, -1127, -590, -556, -366, 
395, 375, -19, -385, 207, 178, -590, -1468, -1137, -590, -556, -366, 
395, 375, -19, -385, 207, 178, -590, -1468, -1137, -590, -556, -370, 
395, 375, -19, -385, 207, 178, -590, -1468, -1132, -590, -556, -370, 
400, 380, -19, -390, 209, 180, -595, -1468, -1132, -585, -551, -370, 
400, 375, -24, -387, 212, 175, -585, -1464, -1117, -585, -536, -370, 
400, 375, -24, -387, 212, 175, -585, -1454, -1112, -580, -536, -361, 
405, 390, -14, -397, 209, 187, -580, -1449, -1102, -570, -531, -361, 
405, 395, -9, -400, 207, 192, -580, -1444, -1102, -566, -531, -361, 
409, 400, -9, -405, 209, 195, -580, -1429, -1083, -566, -531, -356, 
409, 409, 0, -409, 204, 204, -575, -1429, -1083, -556, -522, -351, 
409, 424, 14, -417, 197, 219, -570, -1429, -1078, -556, -522, -346, 
409, 424, 14, -417, 197, 219, -570, -1424, -1073, -556, -522, -346, 
409, 434, 24, -422, 192, 229, -570, -1424, -1078, -556, -512, -341, 
414, 434, 19, -424, 197, 226, -570, -1429, -1078, -556, -512, -341, 
419, 439, 19, -429, 200, 229, -575, -1429, -1078, -556, -512, -341, 
419, 444, 24, -431, 197, 234, -575, -1429, -1073, -546, -507, -336, 
429, 439, 9, -434, 209, 224, -575, -1424, -1058, -546, -502, -336, 
434, 458, 24, -446, 204, 241, -585, -1420, -1044, -536, -497, -326, 
439, 478, 39, -458, 200, 258, -595, -1420, -1044, -531, -488, -322, 
448, 492, 43, -470, 202, 268, -605, -1429, -1044, -527, -473, -307, 
463, 507, 43, -485, 209, 275, -614, -1444, -1054, -512, -468, -287, 
463, 507, 43, -485, 209, 275, -624, -1444, -1058, -512, -468, -287, 
468, 502, 34, -485, 217, 268, -624, -1444, -1058, -517, -468, -292, 
468, 502, 34, -485, 217, 268, -629, -1454, -1068, -522, -478, -292, 
463, 502, 39, -483, 212, 270, -629, -1459, -1093, -527, -483, -297, 
448, 497, 48, -473, 200, 273, -629, -1464, -1102, -536, -488, -302, 
439, 483, 43, -461, 197, 263, -624, -1468, -1107, -546, -492, -307, 
434, 478, 43, -456, 195, 261, -624, -1468, -1117, -551, -492, -312, 
434, 458, 24, -446, 204, 241, -619, -1459, -1117, -570, -507, -331, 
429, 439, 9, -434, 209, 224, -619, -1459, -1117, -580, -517, -336, 
429, 429, 0, -429, 214, 214, -614, -1459, -1117, -580, -522, -336, 
429, 439, 9, -434, 209, 224, -614, -1464, -1117, -575, -527, -331, 
429, 448, 19, -439, 204, 234, -629, -1473, -1117, -566, -517, -331, 
424, 444, 19, -434, 202, 231, -629, -1473, -1122, -566, -517, -331, 
424, 444, 19, -434, 202, 231, -629, -1473, -1122, -566, -522, -336, 
419, 439, 19, -429, 200, 229, -624, -1473, -1122, -566, -522, -336, 
414, 434, 19, -424, 197, 226, -614, -1473, -1132, -580, -522, -336, 
409, 419, 9, -414, 200, 214, -614, -1473, -1137, -585, -531, -346, 
405, 409, 4, -407, 200, 207, -610, -1483, -1141, -590, -536, -356, 
400, 400, 0, -400, 200, 200, -605, -1483, -1146, -600, -546, -361, 
395, 380, -14, -387, 204, 183, -610, -1473, -1146, -600, -546, -366, 
390, 380, -9, -385, 200, 185, -610, -1473, -1141, -600, -546, -366, 
390, 380, -9, -385, 200, 185, -610, -1473, -1141, -605, -546, -366, 
390, 380, -9, -385, 200, 185, -610, -1473, -1146, -610, -551, -366, 
390, 385, -4, -387, 197, 190, -605, -1473, -1141, -610, -546, -366, 
390, 380, -9, -385, 200, 185, -605, -1473, -1146, -610, -546, -366, 
395, 380, -14, -387, 204, 183, -605, -1473, -1146, -614, -546, -366, 
395, 380, -14, -387, 204, 183, -605, -1473, -1141, -614, -546, -370, 
395, 366, -29, -380, 212, 168, -605, -1464, -1151, -624, -546, -361, 
390, 361, -29, -375, 209, 165, -605, -1464, -1156, -624, -546, -361, 
390, 361, -29, -375, 209, 165, -605, -1464, -1156, -624, -551, -366, 
385, 356, -29, -370, 207, 163, -605, -1464, -1151, -624, -551, -366, 
395, 366, -29, -380, 212, 168, -614, -1473, -1161, -614, -551, -380, 
395, 366, -29, -380, 212, 168, -614, -1473, -1161, -614, -551, -380, 
395, 366, -29, -380, 212, 168, -614, -1473, -1161, -614, -551, -380, 
395, 366, -29, -380, 212, 168, -614, -1473, -1161, -614, -551, -380, 
390, 375, -14, -383, 202, 180, -614, -1468, -1151, -614, -551, -380, 
390, 375, -14, -383, 202, 180, -610, -1468, -1151, -614, -551, -380, 
390, 375, -14, -383, 202, 180, -610, -1468, -1151, -614, -551, -380, 
390, 375, -14, -383, 202, 180, -610, -1468, -1151, -610, -551, -380, 
380, 375, -4, -378, 192, 185, -610, -1468, -1141, -610, -561, -390, 
380, 375, -4, -378, 192, 185, -605, -1468, -1137, -610, -561, -390, 
380, 375, -4, -378, 192, 185, -605, -1468, -1137, -610, -561, -390, 
380, 375, -4, -378, 192, 185, -605, -1468, -1137, -610, -561, -395, 
370, 361, -9, -366, 190, 175, -595, -1459, -1137, -610, -556, -385, 
370, 361, -9, -366, 190, 175, -590, -1449, -1132, -610, -556, -385, 
370, 361, -9, -366, 190, 175, -570, -1454, -1127, -619, -566, -390, 
366, 361, -4, -363, 185, 178, -556, -1444, -1117, -619, -585, -395, 
351, 341, -9, -346, 180, 165, -531, -1420, -1083, -610, -590, -400, 
336, 326, -9, -331, 173, 158, -492, -1381, -1044, -600, -590, -405, 
312, 326, 14, -319, 148, 170, -439, -1356, -1010, -590, -590, -414, 
283, 312, 29, -297, 126, 170, -375, -1317, -966, -585, -590, -419, 
253, 302, 48, -278, 102, 175, -307, -1249, -927, -566, -590, -434, 
253, 322, 68, -287, 92, 195, -268, -1176, -868, -527, -580, -444, 
273, 356, 82, -314, 95, 219, -248, -1098, -785, -453, -546, -419, 
312, 390, 78, -351, 117, 234, -239, -995, -683, -356, -497, -405, 
366, 424, 58, -395, 153, 241, -248, -893, -566, -239, -439, -375, 
439, 497, 58, -468, 190, 278, -278, -795, -453, -112, -361, -336, 
522, 590, 68, -556, 226, 329, -317, -732, -356, 19, -258, -268, 
614, 673, 58, -644, 278, 366, -380, -722, -292, 141, -156, -195, 
712, 800, 87, -756, 312, 444, -497, -795, -253, 268, -39, -97, 
810, 980, 170, -895, 319, 575, -649, -927, -229, 419, 117, 29, 
893, 1195, 302, -1044, 295, 749, -819, -1102, -239, 575, 292, 175, 
951, 1385, 434, -1168, 258, 910, -985, -1302, -268, 712, 458, 307, 
961, 1488, 527, -1224, 217, 1007, -1098, -1459, -239, 790, 536, 390, 
932, 1439, 507, -1185, 212, 973, -1127, -1537, -229, 736, 507, 385, 
897, 1278, 380, -1088, 258, 829, -1127, -1600, -297, 570, 370, 297, 
878, 1088, 209, -983, 334, 649, -1137, -1683, -463, 331, 195, 185, 
819, 941, 122, -880, 348, 531, -1146, -1830, -736, 53, 14, 97, 
702, 800, 97, -751, 302, 448, -1112, -2030, -1122, -258, -161, 4, 
585, 644, 58, -614, 263, 351, -1029, -2186, -1507, -580, -331, -102, 
478, 512, 34, -495, 222, 273, -946, -2230, -1712, -766, -463, -200, 
395, 488, 92, -441, 151, 290, -844, -2171, -1659, -761, -483, -234, 
346, 492, 146, -419, 100, 319, -771, -2074, -1556, -697, -473, -248, 
326, 483, 156, -405, 85, 319, -736, -2030, -1532, -697, -497, -273, 
312, 453, 141, -383, 85, 297, -722, -1991, -1522, -712, -536, -312, 
302, 414, 112, -358, 95, 263, -722, -1927, -1493, -717, -556, -341, 
297, 385, 87, -341, 104, 236, -732, -1893, -1473, -736, -570, -356, 
297, 361, 63, -329, 117, 212, -717, -1864, -1454, -741, -585, -375, 
283, 346, 63, -314, 109, 204, -673, -1810, -1415, -741, -585, -380, 
292, 336, 43, -314, 124, 190, -624, -1737, -1366, -717, -575, -370, 
307, 331, 24, -319, 141, 178, -605, -1673, -1322, -702, -570, -380, 
307, 331, 24, -319, 141, 178, -595, -1615, -1288, -692, -570, -390, 
317, 331, 14, -324, 151, 173, -590, -1561, -1249, -678, -570, -380, 
336, 331, -4, -334, 170, 163, -585, -1512, -1200, -658, -570, -380, 
351, 351, 0, -351, 175, 175, -580, -1468, -1141, -634, -561, -380, 
361, 375, 14, -368, 173, 195, -580, -1444, -1102, -600, -551, -380, 
385, 400, 14, -392, 185, 207, -580, -1429, -1073, -570, -536, -366, 
390, 419, 29, -405, 180, 224, -575, -1429, -1058, -546, -512, -351, 
390, 419, 29, -405, 180, 224, -575, -1434, -1058, -546, -517, -351, 
385, 409, 24, -397, 180, 217, -570, -1420, -1073, -551, -517, -351, 
390, 409, 19, -400, 185, 214, -570, -1415, -1078, -561, -517, -351, 
390, 405, 14, -397, 187, 209, -570, -1400, -1078, -570, -522, -351, 
385, 395, 9, -390, 187, 202, -566, -1385, -1078, -575, -527, -356, 
385, 395, 9, -390, 187, 202, -566, -1390, -1078, -585, -541, -361, 
385, 390, 4, -387, 190, 197, -566, -1390, -1078, -585, -546, -370, 
385, 390, 4, -387, 190, 197, -566, -1385, -1073, -585, -546, -375, 
385, 395, 9, -390, 187, 202, -566, -1385, -1068, -575, -546, -380, 
375, 400, 24, -387, 175, 212, -566, -1385, -1049, -570, -531, -370, 
380, 409, 29, -395, 175, 219, -570, -1381, -1044, -561, -531, -366, 
390, 414, 24, -402, 183, 219, -575, -1376, -1034, -556, -527, -366, 
395, 414, 19, -405, 187, 217, -575, -1366, -1034, -556, -522, -366, 
405, 405, 0, -405, 202, 202, -585, -1361, -1044, -566, -531, -366, 
400, 400, 0, -400, 200, 200, -585, -1356, -1044, -570, -531, -366, 
400, 400, 0, -400, 200, 200, -585, -1356, -1039, -570, -531, -366, 
400, 395, -4, -397, 202, 195, -585, -1351, -1034, -566, -531, -366, 
390, 395, 4, -392, 192, 200, -575, -1346, -1029, -561, -522, -356, 
390, 400, 9, -395, 190, 204, -575, -1346, -1029, -556, -522, -356, 
395, 400, 4, -397, 195, 202, -575, -1342, -1019, -541, -522, -356, 
395, 405, 9, -400, 192, 207, -575, -1342, -1019, -531, -517, -356, 
395, 409, 14, -402, 190, 212, -575, -1322, -1010, -531, -502, -341, 
400, 409, 9, -405, 195, 209, -575, -1322, -1005, -531, -502, -341, 
405, 409, 4, -407, 200, 207, -575, -1322, -1000, -527, -502, -341, 
405, 414, 9, -409, 197, 212, -575, -1322, -1000, -527, -497, -341, 
405, 405, 0, -405, 202, 202, -575, -1332, -1010, -531, -502, -351, 
405, 409, 4, -407, 200, 207, -580, -1327, -1005, -531, -502, -346, 
405, 409, 4, -407, 200, 207, -580, -1317, -1000, -527, -507, -346, 
409, 409, 0, -409, 204, 204, -580, -1312, -995, -527, -512, -346, 
414, 424, 9, -419, 202, 217, -580, -1307, -985, -527, -512, -356, 
414, 429, 14, -422, 200, 222, -575, -1307, -985, -527, -507, -356, 
414, 429, 14, -422, 200, 222, -575, -1307, -976, -517, -507, -351, 
414, 429, 14, -422, 200, 222, -575, -1302, -976, -512, -502, -346, 
414, 429, 14, -422, 200, 222, -575, -1312, -985, -507, -497, -336, 
414, 434, 19, -424, 197, 226, -575, -1307, -976, -507, -492, -336, 
419, 434, 14, -427, 202, 224, -575, -1302, -971, -502, -488, -336, 
419, 439, 19, -429, 200, 229, -570, -1298, -966, -502, -483, -341, 
419, 439, 19, -429, 200, 229, -570, -1298, -966, -492, -488, -341, 
424, 439, 14, -431, 204, 226, -570, -1298, -961, -488, -488, -336, 
424, 444, 19, -434, 202, 231, -570, -1288, -956, -488, -488, -336, 
429, 444, 14, -436, 207, 229, -570, -1283, -951, -483, -483, -336, 
419, 463, 43, -441, 187, 253, -570, -1278, -936, -492, -483, -346, 
424, 463, 39, -444, 192, 251, -570, -1268, -932, -492, -473, -341, 
424, 463, 39, -444, 192, 251, -570, -1259, -927, -483, -473, -336, 
424, 463, 39, -444, 192, 251, -570, -1249, -922, -483, -473, -331, 
434, 468, 34, -451, 200, 251, -561, -1254, -927, -478, -473, -331, 
439, 473, 34, -456, 202, 253, -561, -1249, -927, -473, -473, -331, 
439, 478, 39, -458, 200, 258, -561, -1244, -922, -468, -468, -331, 
439, 483, 43, -461, 197, 263, -561, -1244, -922, -463, -468, -331, 
453, 473, 19, -463, 217, 246, -561, -1239, -912, -473, -463, -326, 
453, 473, 19, -463, 217, 246, -561, -1234, -907, -468, -463, -326, 
453, 473, 19, -463, 217, 246, -561, -1229, -897, -463, -458, -326, 
453, 478, 24, -466, 214, 251, -561, -1220, -893, -458, -453, -322, 
444, 488, 43, -466, 200, 265, -570, -1215, -888, -453, -458, -322, 
448, 488, 39, -468, 204, 263, -570, -1210, -883, -444, -458, -322, 
453, 492, 39, -473, 207, 265, -570, -1205, -878, -434, -458, -322, 
453, 492, 39, -473, 207, 265, -570, -1200, -868, -424, -448, -317, 
453, 492, 39, -473, 207, 265, -570, -1190, -858, -419, -439, -312, 
458, 497, 39, -478, 209, 268, -570, -1190, -854, -414, -439, -312, 
458, 507, 48, -483, 204, 278, -570, -1180, -849, -405, -429, -312, 
463, 507, 43, -485, 209, 275, -570, -1176, -839, -400, -424, -307, 
463, 512, 48, -488, 207, 280, -570, -1180, -839, -405, -429, -292, 
468, 517, 48, -492, 209, 283, -570, -1176, -829, -400, -424, -292, 
468, 522, 53, -495, 207, 287, -570, -1161, -824, -390, -419, -287, 
478, 527, 48, -502, 214, 287, -570, -1151, -814, -390, -419, -287, 
483, 522, 39, -502, 222, 280, -570, -1132, -790, -380, -405, -278, 
483, 527, 43, -505, 219, 285, -570, -1127, -790, -375, -405, -278, 
483, 531, 48, -507, 217, 290, -566, -1112, -780, -370, -400, -278, 
492, 536, 43, -514, 224, 290, -566, -1102, -771, -366, -395, -278, 
502, 551, 48, -527, 226, 300, -566, -1102, -761, -341, -380, -273, 
507, 561, 53, -534, 226, 307, -566, -1098, -751, -331, -375, -273, 
512, 570, 58, -541, 226, 314, -561, -1088, -741, -322, -370, -263, 
517, 580, 63, -549, 226, 322, -561, -1078, -732, -312, -366, -258, 
512, 590, 78, -551, 217, 334, -551, -1078, -732, -312, -370, -253, 
517, 595, 78, -556, 219, 336, -551, -1063, -722, -307, -361, -248, 
522, 605, 82, -563, 219, 344, -551, -1054, -707, -297, -356, -248, 
527, 610, 82, -568, 222, 346, -551, -1044, -697, -287, -346, -244, 
541, 605, 63, -573, 239, 334, -556, -1029, -683, -278, -341, -248, 
546, 614, 68, -580, 239, 341, -556, -1019, -673, -273, -331, -244, 
556, 624, 68, -590, 244, 346, -556, -1010, -663, -263, -326, -239, 
556, 629, 73, -592, 241, 351, -556, -1000, -653, -253, -322, -234, 
551, 634, 82, -592, 234, 358, -561, -985, -624, -234, -312, -219, 
561, 649, 87, -605, 236, 368, -561, -976, -614, -224, -307, -214, 
566, 649, 82, -607, 241, 366, -561, -966, -605, -204, -297, -209, 
570, 663, 92, -617, 239, 378, -561, -956, -595, -195, -292, -200, 
570, 658, 87, -614, 241, 373, -561, -946, -590, -195, -287, -200, 
575, 668, 92, -622, 241, 380, -561, -941, -580, -185, -278, -195, 
580, 673, 92, -627, 244, 383, -561, -932, -575, -175, -268, -185, 
585, 678, 92, -631, 246, 385, -561, -922, -561, -165, -263, -185, 
590, 702, 112, -646, 239, 407, -570, -922, -546, -156, -258, -190, 
600, 712, 112, -656, 244, 412, -580, -912, -541, -146, -248, -180, 
605, 722, 117, -663, 244, 419, -580, -902, -531, -136, -239, -180, 
605, 722, 117, -663, 244, 419, -580, -897, -522, -126, -234, -175, 
600, 732, 131, -666, 234, 431, -570, -883, -512, -117, -229, -170, 
605, 732, 126, -668, 239, 429, -570, -878, -507, -107, -219, -165, 
610, 741, 131, -675, 239, 436, -570, -878, -502, -97, -214, -161, 
614, 751, 136, -683, 239, 444, -570, -868, -492, -92, -209, -161, 
614, 766, 151, -690, 231, 458, -575, -858, -483, -78, -195, -151, 
614, 766, 151, -690, 231, 458, -575, -858, -483, -73, -185, -151, 
614, 775, 161, -695, 226, 468, -575, -858, -483, -73, -185, -146, 
619, 775, 156, -697, 231, 466, -575, -858, -483, -68, -180, -146, 
629, 771, 141, -700, 244, 456, -585, -863, -478, -63, -190, -146, 
634, 775, 141, -705, 246, 458, -590, -868, -478, -63, -185, -141, 
634, 780, 146, -707, 244, 463, -590, -873, -483, -58, -185, -136, 
634, 780, 146, -707, 244, 463, -595, -888, -483, -58, -185, -136, 
629, 785, 156, -707, 236, 470, -595, -893, -497, -68, -195, -131, 
624, 785, 161, -705, 231, 473, -590, -897, -497, -73, -195, -131, 
624, 780, 156, -702, 234, 468, -590, -917, -502, -78, -200, -136, 
624, 775, 151, -700, 236, 463, -595, -932, -517, -82, -204, -136, 
619, 766, 146, -692, 236, 456, -585, -941, -536, -92, -204, -151, 
610, 756, 146, -683, 231, 451, -580, -961, -561, -102, -214, -151, 
605, 746, 141, -675, 231, 444, -580, -980, -575, -122, -224, -165, 
600, 732, 131, -666, 234, 431, -585, -1000, -595, -131, -239, -170, 
590, 727, 136, -658, 226, 431, -585, -1029, -605, -151, -239, -165, 
580, 717, 136, -649, 222, 427, -585, -1044, -624, -165, -253, -180, 
566, 702, 136, -634, 214, 419, -585, -1068, -649, -180, -263, -190, 
561, 692, 131, -627, 214, 412, -585, -1088, -663, -204, -278, -200, 
541, 683, 141, -612, 200, 412, -600, -1112, -697, -234, -302, -219, 
531, 668, 136, -600, 197, 402, -600, -1132, -722, -253, -312, -229, 
527, 649, 122, -588, 202, 385, -595, -1151, -746, -273, -331, -234, 
517, 634, 117, -575, 200, 375, -590, -1166, -771, -292, -346, -244, 
517, 624, 107, -570, 204, 366, -590, -1190, -785, -297, -346, -244, 
507, 610, 102, -558, 202, 356, -590, -1200, -800, -317, -361, -253, 
497, 590, 92, -544, 202, 341, -595, -1215, -824, -336, -375, -263, 
488, 570, 82, -529, 202, 326, -595, -1224, -844, -356, -390, -278, 
468, 551, 82, -509, 192, 317, -595, -1249, -868, -375, -395, -283, 
458, 546, 87, -502, 185, 317, -600, -1263, -883, -390, -400, -287, 
458, 531, 73, -495, 192, 302, -605, -1278, -902, -400, -409, -297, 
453, 527, 73, -490, 190, 300, -605, -1293, -922, -414, -424, -307, 
458, 527, 68, -492, 195, 297, -610, -1307, -946, -439, -439, -326, 
448, 517, 68, -483, 190, 292, -610, -1322, -966, -453, -448, -326, 
444, 502, 58, -473, 192, 280, -610, -1332, -985, -463, -458, -336, 
439, 492, 53, -466, 192, 273, -610, -1342, -995, -478, -463, -341, 
434, 473, 39, -453, 197, 256, -600, -1356, -1005, -478, -478, -336, 
434, 463, 29, -448, 202, 246, -590, -1361, -1015, -492, -483, -341, 
429, 458, 29, -444, 200, 244, -590, -1361, -1029, -502, -488, -346, 
424, 448, 24, -436, 200, 236, -590, -1366, -1029, -507, -497, -351, 
424, 448, 24, -436, 200, 236, -585, -1371, -1044, -527, -507, -366, 
419, 448, 29, -434, 195, 239, -585, -1376, -1054, -531, -512, -370, 
414, 444, 29, -429, 192, 236, -585, -1385, -1068, -536, -512, -375, 
414, 444, 29, -429, 192, 236, -590, -1385, -1068, -541, -517, -375, 
400, 448, 48, -424, 175, 248, -590, -1395, -1078, -546, -507, -380, 
400, 439, 39, -419, 180, 239, -590, -1400, -1078, -551, -512, -380, 
400, 439, 39, -419, 180, 239, -590, -1400, -1088, -551, -522, -385, 
400, 434, 34, -417, 183, 234, -590, -1400, -1088, -556, -522, -390, 
405, 434, 29, -419, 187, 231, -600, -1415, -1088, -556, -527, -390, 
409, 429, 19, -419, 195, 224, -600, -1415, -1093, -561, -527, -390, 
414, 424, 9, -419, 202, 217, -605, -1415, -1098, -566, -527, -390, 
419, 424, 4, -422, 207, 214, -605, -1420, -1102, -570, -527, -390, 
409, 424, 14, -417, 197, 219, -614, -1420, -1102, -570, -536, -390, 
405, 419, 14, -412, 195, 217, -614, -1420, -1107, -570, -536, -390, 
405, 419, 14, -412, 195, 217, -614, -1420, -1112, -570, -536, -385, 
405, 419, 14, -412, 195, 217, -614, -1424, -1112, -575, -541, -385, 
395, 409, 14, -402, 190, 212, -614, -1415, -1122, -585, -541, -385, 
395, 409, 14, -402, 190, 212, -614, -1415, -1122, -585, -546, -385, 
395, 409, 14, -402, 190, 212, -614, -1415, -1122, -590, -546, -385, 
395, 409, 14, -402, 190, 212, -614, -1415, -1122, -590, -546, -390, 
405, 405, 0, -405, 202, 202, -610, -1424, -1122, -585, -556, -395, 
405, 405, 0, -405, 202, 202, -614, -1424, -1122, -585, -556, -395, 
405, 409, 4, -407, 200, 207, -614, -1424, -1127, -585, -556, -395, 
405, 409, 4, -407, 200, 207, -614, -1424, -1127, -585, -556, -395, 
414, 400, -14, -407, 214, 192, -610, -1415, -1122, -585, -546, -395, 
414, 395, -19, -405, 217, 187, -610, -1415, -1122, -585, -546, -395, 
414, 395, -19, -405, 217, 187, -610, -1415, -1127, -585, -546, -395, 
414, 395, -19, -405, 217, 187, -610, -1424, -1127, -580, -546, -395, 
405, 395, -9, -400, 207, 192, -610, -1424, -1127, -580, -536, -385, 
405, 395, -9, -400, 207, 192, -610, -1429, -1127, -585, -536, -385, 
405, 395, -9, -400, 207, 192, -610, -1429, -1127, -585, -541, -385, 
405, 395, -9, -400, 207, 192, -610, -1429, -1127, -585, -541, -385, 
405, 395, -9, -400, 207, 192, -605, -1424, -1117, -580, -531, -385, 
405, 395, -9, -400, 207, 192, -605, -1424, -1117, -580, -531, -385, 
405, 395, -9, -400, 207, 192, -605, -1424, -1117, -580, -531, -385, 
405, 395, -9, -400, 207, 192, -605, -1424, -1117, -580, -531, -385, 
395, 405, 9, -400, 192, 207, -610, -1434, -1117, -590, -541, -395, 
395, 405, 9, -400, 192, 207, -610, -1429, -1117, -585, -541, -395, 
395, 405, 9, -400, 192, 207, -610, -1429, -1117, -585, -541, -400, 
395, 405, 9, -400, 192, 207, -610, -1429, -1117, -590, -541, -400, 
405, 409, 4, -407, 200, 207, -610, -1420, -1107, -600, -551, -390, 
409, 414, 4, -412, 202, 209, -610, -1420, -1107, -600, -551, -390, 
414, 419, 4, -417, 204, 212, -610, -1424, -1107, -600, -551, -390, 
419, 424, 4, -422, 207, 214, -610, -1424, -1107, -600, -546, -390, 
414, 414, 0, -414, 207, 207, -600, -1420, -1098, -590, -546, -390, 
409, 414, 4, -412, 202, 209, -605, -1420, -1098, -590, -546, -390, 
409, 409, 0, -409, 204, 204, -605, -1424, -1098, -590, -551, -390, 
405, 405, 0, -405, 202, 202, -605, -1424, -1098, -590, -551, -390, 
395, 405, 9, -400, 192, 207, -614, -1424, -1107, -580, -541, -390, 
395, 405, 9, -400, 192, 207, -614, -1420, -1107, -580, -536, -390, 
395, 405, 9, -400, 192, 207, -614, -1420, -1107, -580, -536, -390, 
395, 405, 9, -400, 192, 207, -614, -1420, -1107, -580, -536, -390, 
405, 414, 9, -409, 197, 212, -614, -1420, -1107, -580, -546, -400, 
405, 414, 9, -409, 197, 212, -614, -1420, -1107, -580, -546, -400, 
405, 414, 9, -409, 197, 212, -614, -1420, -1107, -580, -546, -400, 
405, 414, 9, -409, 197, 212, -614, -1420, -1107, -580, -546, -400, 
405, 414, 9, -409, 197, 212, -614, -1410, -1107, -590, -546, -400, 
405, 414, 9, -409, 197, 212, -614, -1410, -1107, -590, -546, -400, 
400, 414, 14, -407, 192, 214, -614, -1410, -1107, -585, -546, -400, 
400, 414, 14, -407, 192, 214, -614, -1410, -1107, -580, -546, -395, 
390, 405, 14, -397, 187, 209, -605, -1410, -1098, -580, -546, -385, 
395, 409, 14, -402, 190, 212, -605, -1410, -1098, -580, -546, -390, 
395, 409, 14, -402, 190, 212, -605, -1410, -1098, -580, -546, -390, 
390, 409, 19, -400, 185, 214, -605, -1410, -1098, -580, -546, -390, 
390, 409, 19, -400, 185, 214, -605, -1420, -1107, -580, -546, -390, 
395, 409, 14, -402, 190, 212, -605, -1420, -1107, -580, -546, -390, 
395, 409, 14, -402, 190, 212, -605, -1420, -1107, -580, -546, -390, 
395, 405, 9, -400, 192, 207, -605, -1420, -1107, -580, -546, -390, 
405, 414, 9, -409, 197, 212, -614, -1420, -1117, -590, -546, -395, 
405, 424, 19, -414, 192, 222, -614, -1420, -1117, -590, -546, -395, 
405, 424, 19, -414, 192, 222, -614, -1420, -1117, -590, -546, -395, 
405, 419, 14, -412, 195, 217, -614, -1420, -1117, -590, -546, -395, 
405, 409, 4, -407, 200, 207, -614, -1420, -1117, -590, -546, -385, 
405, 409, 4, -407, 200, 207, -614, -1420, -1117, -590, -546, -385, 
405, 409, 4, -407, 200, 207, -614, -1424, -1117, -590, -546, -390, 
405, 409, 4, -407, 200, 207, -614, -1424, -1117, -590, -546, -390, 
405, 409, 4, -407, 200, 207, -619, -1415, -1107, -580, -536, -400, 
405, 409, 4, -407, 200, 207, -619, -1420, -1107, -580, -536, -395, 
405, 409, 4, -407, 200, 207, -619, -1420, -1112, -585, -536, -395, 
405, 409, 4, -407, 200, 207, -619, -1420, -1112, -585, -536, -400, 
405, 419, 14, -412, 195, 217, -619, -1429, -1112, -590, -546, -400, 
405, 419, 14, -412, 195, 217, -619, -1429, -1112, -590, -546, -400, 
405, 419, 14, -412, 195, 217, -619, -1429, -1117, -595, -546, -400, 
405, 419, 14, -412, 195, 217, -619, -1429, -1117, -595, -546, -400, 
405, 419, 14, -412, 195, 217, -619, -1420, -1117, -595, -546, -400, 
405, 419, 14, -412, 195, 217, -619, -1424, -1122, -595, -551, -400, 
405, 419, 14, -412, 195, 217, -619, -1429, -1122, -600, -551, -400, 
405, 419, 14, -412, 195, 217, -619, -1429, -1122, -600, -551, -400, 
405, 419, 14, -412, 195, 217, -619, -1439, -1112, -595, -551, -400, 
405, 419, 14, -412, 195, 217, -619, -1439, -1112, -595, -551, -400, 
405, 419, 14, -412, 195, 217, -619, -1434, -1112, -600, -551, -400, 
405, 419, 14, -412, 195, 217, -619, -1434, -1112, -605, -551, -405, 
405, 409, 4, -407, 200, 207, -619, -1439, -1117, -595, -551, -405, 
405, 409, 4, -407, 200, 207, -624, -1439, -1122, -595, -551, -405, 
405, 409, 4, -407, 200, 207, -629, -1439, -1127, -595, -551, -409, 
405, 409, 4, -407, 200, 207, -629, -1444, -1132, -605, -551, -409, 
405, 409, 4, -407, 200, 207, -619, -1434, -1127, -595, -541, -409, 
405, 409, 4, -407, 200, 207, -619, -1434, -1127, -595, -541, -409, 
405, 409, 4, -407, 200, 207, -619, -1434, -1127, -595, -541, -405, 
405, 409, 4, -407, 200, 207, -624, -1434, -1132, -595, -541, -405, 
405, 405, 0, -405, 202, 202, -614, -1434, -1132, -595, -551, -405, 
405, 400, -4, -402, 204, 197, -614, -1439, -1132, -600, -551, -405, 
405, 400, -4, -402, 204, 197, -614, -1439, -1132, -605, -551, -405, 
405, 400, -4, -402, 204, 197, -614, -1439, -1132, -614, -551, -405, 
395, 409, 14, -402, 190, 212, -624, -1439, -1137, -614, -551, -414, 
395, 409, 14, -402, 190, 212, -624, -1439, -1137, -614, -551, -414, 
395, 414, 19, -405, 187, 217, -624, -1444, -1141, -614, -551, -414, 
395, 414, 19, -405, 187, 217, -624, -1444, -1141, -614, -551, -414, 
405, 414, 9, -409, 197, 212, -624, -1444, -1141, -605, -546, -405, 
405, 409, 4, -407, 200, 207, -624, -1444, -1141, -605, -546, -405, 
405, 409, 4, -407, 200, 207, -624, -1444, -1141, -605, -546, -405, 
405, 409, 4, -407, 200, 207, -624, -1444, -1141, -605, -546, -405, 
405, 409, 4, -407, 200, 207, -624, -1444, -1141, -605, -546, -405, 
405, 409, 4, -407, 200, 207, -624, -1444, -1141, -610, -546, -405, 
405, 409, 4, -407, 200, 207, -624, -1444, -1141, -610, -546, -405, 
405, 409, 4, -407, 200, 207, -624, -1444, -1141, -610, -541, -409, 
414, 400, -14, -407, 214, 192, -624, -1434, -1146, -610, -551, -409, 
414, 400, -14, -407, 214, 192, -624, -1439, -1146, -610, -556, -409, 
414, 400, -14, -407, 214, 192, -624, -1439, -1146, -610, -556, -409, 
414, 400, -14, -407, 214, 192, -624, -1444, -1146, -610, -556, -409, 
409, 400, -9, -405, 209, 195, -624, -1444, -1146, -610, -556, -400, 
405, 400, -4, -402, 204, 197, -624, -1444, -1146, -610, -556, -400, 
400, 400, 0, -400, 200, 200, -624, -1444, -1146, -610, -556, -400, 
395, 400, 4, -397, 195, 202, -624, -1444, -1146, -610, -556, -405, 
395, 400, 4, -397, 195, 202, -624, -1429, -1146, -610, -546, -414, 
395, 400, 4, -397, 195, 202, -624, -1429, -1146, -610, -546, -414, 
395, 400, 4, -397, 195, 202, -624, -1434, -1146, -610, -546, -414, 
395, 405, 9, -400, 192, 207, -624, -1434, -1146, -610, -546, -409, 
400, 405, 4, -402, 197, 204, -614, -1434, -1146, -610, -546, -409, 
400, 400, 0, -400, 200, 200, -614, -1434, -1146, -610, -546, -409, 
400, 400, 0, -400, 200, 200, -619, -1429, -1146, -610, -551, -409, 
400, 400, 0, -400, 200, 200, -619, -1429, -1146, -610, -551, -409, 
400, 400, 0, -400, 200, 200, -619, -1434, -1146, -610, -556, -409, 
400, 400, 0, -400, 200, 200, -619, -1439, -1146, -610, -556, -409, 
400, 400, 0, -400, 200, 200, -619, -1444, -1146, -614, -556, -409, 
400, 400, 0, -400, 200, 200, -624, -1449, -1146, -614, -556, -409, 
400, 409, 9, -405, 195, 209, -634, -1439, -1146, -614, -556, -419, 
400, 409, 9, -405, 195, 209, -634, -1449, -1151, -614, -556, -419, 
400, 409, 9, -405, 195, 209, -634, -1449, -1151, -614, -561, -419, 
400, 409, 9, -405, 195, 209, -634, -1444, -1151, -614, -561, -419, 
390, 405, 14, -397, 187, 209, -639, -1439, -1141, -614, -551, -419, 
390, 405, 14, -397, 187, 209, -639, -1439, -1141, -614, -551, -419, 
390, 405, 14, -397, 187, 209, -639, -1439, -1146, -614, -551, -414, 
390, 400, 9, -395, 190, 204, -639, -1444, -1146, -614, -551, -414, 
400, 385, -14, -392, 207, 185, -629, -1444, -1146, -605, -551, -409, 
400, 385, -14, -392, 207, 185, -629, -1444, -1146, -600, -551, -409, 
400, 385, -14, -392, 207, 185, -629, -1444, -1146, -600, -546, -405, 
400, 385, -14, -392, 207, 185, -629, -1444, -1146, -605, -546, -405, 
400, 385, -14, -392, 207, 185, -629, -1454, -1156, -614, -546, -414, 
400, 385, -14, -392, 207, 185, -629, -1454, -1156, -614, -551, -414, 
400, 385, -14, -392, 207, 185, -629, -1454, -1156, -614, -551, -414, 
400, 385, -14, -392, 207, 185, -629, -1454, -1156, -619, -551, -414, 
390, 385, -4, -387, 197, 190, -629, -1454, -1151, -619, -561, -424, 
390, 385, -4, -387, 197, 190, -629, -1454, -1151, -619, -561, -424, 
390, 385, -4, -387, 197, 190, -629, -1454, -1156, -619, -556, -424, 
390, 390, 0, -390, 195, 195, -629, -1444, -1156, -614, -556, -424, 
390, 385, -4, -387, 197, 190, -629, -1449, -1151, -619, -556, -424, 
400, 385, -14, -392, 207, 185, -629, -1439, -1151, -619, -556, -424, 
400, 390, -9, -395, 204, 190, -624, -1444, -1151, -614, -556, -419, 
400, 380, -19, -390, 209, 180, -624, -1444, -1151, -614, -556, -419, 
400, 380, -19, -390, 209, 180, -624, -1444, -1151, -614, -556, -419, 
400, 380, -19, -390, 209, 180, -624, -1444, -1151, -614, -556, -419, 
400, 380, -19, -390, 209, 180, -624, -1444, -1151, -614, -556, -419, 
400, 380, -19, -390, 209, 180, -619, -1444, -1146, -605, -556, -409, 
390, 380, -9, -385, 200, 185, -619, -1444, -1146, -605, -556, -409, 
390, 380, -9, -385, 200, 185, -619, -1439, -1141, -605, -556, -409, 
390, 380, -9, -385, 200, 185, -619, -1439, -1141, -605, -556, -409, 
385, 385, 0, -385, 192, 192, -619, -1439, -1146, -614, -556, -419, 
385, 385, 0, -385, 192, 192, -619, -1439, -1146, -614, -556, -419, 
385, 385, 0, -385, 192, 192, -619, -1439, -1141, -614, -556, -419, 
385, 385, 0, -385, 192, 192, -619, -1439, -1141, -614, -556, -419, 
395, 395, 0, -395, 197, 197, -629, -1454, -1141, -614, -556, -419, 
395, 380, -14, -387, 204, 183, -629, -1454, -1146, -619, -556, -424, 
395, 375, -19, -385, 207, 178, -624, -1454, -1146, -619, -566, -424, 
395, 375, -19, -385, 207, 178, -619, -1454, -1146, -619, -566, -424, 
395, 375, -19, -385, 207, 178, -619, -1449, -1146, -619, -575, -424, 
395, 375, -19, -385, 207, 178, -619, -1449, -1146, -619, -575, -429, 
395, 375, -19, -385, 207, 178, -619, -1449, -1141, -619, -575, -429, 
400, 380, -19, -390, 209, 180, -624, -1449, -1141, -614, -570, -429, 
400, 380, -19, -390, 209, 180, -624, -1444, -1137, -614, -556, -429, 
400, 375, -24, -387, 212, 175, -624, -1434, -1132, -610, -556, -419, 
405, 385, -19, -395, 212, 183, -619, -1429, -1122, -600, -551, -419, 
405, 385, -19, -395, 212, 183, -619, -1424, -1122, -595, -551, -419, 
419, 400, -19, -409, 219, 190, -619, -1415, -1122, -595, -541, -414, 
419, 409, -9, -414, 214, 200, -614, -1410, -1122, -585, -531, -409, 
419, 424, 4, -422, 207, 214, -610, -1405, -1117, -585, -531, -405, 
419, 424, 4, -422, 207, 214, -610, -1395, -1112, -585, -531, -405, 
419, 429, 9, -424, 204, 219, -605, -1405, -1107, -585, -531, -409, 
424, 434, 9, -429, 207, 222, -600, -1410, -1107, -585, -531, -409, 
429, 444, 14, -436, 207, 229, -600, -1410, -1107, -585, -531, -409, 
429, 453, 24, -441, 202, 239, -595, -1410, -1102, -575, -527, -405, 
429, 453, 24, -441, 202, 239, -595, -1405, -1098, -566, -522, -405, 
434, 468, 34, -451, 200, 251, -605, -1400, -1083, -556, -517, -395, 
439, 483, 43, -461, 197, 263, -614, -1400, -1083, -551, -507, -390, 
448, 492, 43, -470, 202, 268, -624, -1410, -1083, -546, -492, -375, 
444, 517, 73, -480, 185, 295, -644, -1405, -1078, -536, -478, -356, 
444, 517, 73, -480, 185, 295, -653, -1405, -1078, -531, -478, -356, 
448, 512, 63, -480, 192, 287, -653, -1405, -1073, -531, -478, -361, 
448, 512, 63, -480, 192, 287, -658, -1415, -1078, -531, -488, -361, 
453, 512, 58, -483, 197, 285, -658, -1420, -1098, -546, -492, -375, 
448, 507, 58, -478, 195, 283, -658, -1424, -1112, -556, -497, -380, 
448, 492, 43, -470, 202, 268, -653, -1429, -1122, -566, -502, -385, 
453, 488, 34, -470, 209, 261, -653, -1429, -1137, -570, -502, -390, 
453, 478, 24, -466, 214, 251, -658, -1434, -1137, -580, -522, -390, 
448, 458, 9, -453, 219, 234, -658, -1439, -1137, -590, -527, -395, 
448, 448, 0, -448, 224, 224, -653, -1444, -1137, -590, -527, -395, 
448, 458, 9, -453, 219, 234, -653, -1454, -1137, -585, -527, -390, 
448, 458, 9, -453, 219, 234, -649, -1454, -1146, -595, -517, -390, 
444, 453, 9, -448, 217, 231, -649, -1454, -1151, -595, -517, -390, 
444, 453, 9, -448, 217, 231, -649, -1454, -1151, -595, -522, -395, 
439, 448, 9, -444, 214, 229, -644, -1454, -1151, -595, -522, -395, 
434, 453, 19, -444, 207, 236, -653, -1454, -1141, -590, -522, -395, 
429, 439, 9, -434, 209, 224, -653, -1454, -1146, -595, -531, -405, 
424, 429, 4, -427, 209, 217, -649, -1464, -1151, -600, -536, -414, 
419, 419, 0, -419, 209, 209, -644, -1464, -1156, -610, -546, -419, 
414, 405, -9, -409, 212, 197, -629, -1454, -1156, -610, -556, -424, 
409, 400, -9, -405, 209, 195, -629, -1454, -1151, -610, -556, -424, 
409, 395, -14, -402, 212, 190, -629, -1454, -1151, -614, -556, -424, 
409, 390, -19, -400, 214, 185, -629, -1454, -1156, -619, -561, -424, 
409, 395, -14, -402, 212, 190, -644, -1454, -1161, -619, -556, -424, 
409, 390, -19, -400, 214, 185, -644, -1454, -1166, -619, -556, -424, 
414, 390, -24, -402, 219, 183, -644, -1454, -1166, -624, -556, -424, 
414, 390, -24, -402, 219, 183, -644, -1454, -1161, -624, -556, -429, 
424, 385, -39, -405, 231, 173, -634, -1454, -1161, -634, -556, -429, 
419, 380, -39, -400, 229, 170, -634, -1454, -1166, -634, -556, -429, 
419, 380, -39, -400, 229, 170, -634, -1454, -1166, -634, -561, -434, 
414, 375, -39, -395, 226, 168, -634, -1454, -1161, -634, -561, -434, 
414, 375, -39, -395, 226, 168, -644, -1454, -1161, -624, -561, -439, 
414, 375, -39, -395, 226, 168, -644, -1454, -1161, -624, -561, -439, 
414, 375, -39, -395, 226, 168, -644, -1454, -1161, -624, -561, -439, 
414, 375, -39, -395, 226, 168, -644, -1454, -1161, -624, -561, -439, 
409, 375, -34, -392, 222, 170, -644, -1449, -1151, -614, -551, -439, 
409, 375, -34, -392, 222, 170, -639, -1449, -1151, -614, -551, -439, 
409, 375, -34, -392, 222, 170, -639, -1449, -1151, -614, -551, -439, 
409, 375, -34, -392, 222, 170, -639, -1449, -1151, -610, -551, -439, 
400, 375, -24, -387, 212, 175, -629, -1439, -1151, -619, -561, -439, 
400, 375, -24, -387, 212, 175, -624, -1439, -1146, -619, -561, -439, 
400, 375, -24, -387, 212, 175, -624, -1439, -1146, -619, -561, -439, 
400, 375, -24, -387, 212, 175, -624, -1439, -1146, -619, -561, -444, 
390, 370, -19, -380, 204, 175, -605, -1439, -1146, -619, -566, -444, 
390, 361, -29, -375, 209, 165, -600, -1449, -1141, -610, -566, -444, 
390, 351, -39, -370, 214, 156, -590, -1434, -1156, -610, -566, -448, 
385, 351, -34, -368, 209, 158, -595, -1434, -1146, -619, -566, -453, 
370, 351, -19, -361, 195, 165, -580, -1420, -1122, -619, -570, -458, 
356, 346, -9, -351, 183, 168, -551, -1390, -1093, -610, -590, -473, 
341, 336, -4, -339, 173, 165, -507, -1356, -1049, -610, -600, -492, 
322, 341, 19, -331, 151, 180, -463, -1337, -1015, -605, -610, -507, 
302, 331, 29, -317, 136, 180, -405, -1298, -966, -595, -619, -512, 
283, 322, 39, -302, 122, 180, -336, -1234, -917, -575, -619, -522, 
283, 336, 53, -309, 114, 195, -297, -1166, -854, -522, -595, -507, 
292, 370, 78, -331, 107, 224, -278, -1073, -761, -434, -546, -483, 
326, 414, 87, -370, 119, 251, -268, -971, -653, -326, -488, -453, 
380, 468, 87, -424, 146, 278, -278, -854, -531, -200, -409, -414, 
453, 541, 87, -497, 183, 314, -297, -761, -424, -68, -317, -356, 
536, 624, 87, -580, 224, 356, -341, -712, -351, 63, -214, -292, 
634, 722, 87, -678, 273, 405, -429, -736, -312, 180, -107, -214, 
722, 863, 141, -793, 290, 502, -561, -858, -287, 312, 19, -126, 
795, 1039, 244, -917, 275, 641, -712, -1005, -278, 468, 165, 0, 
873, 1239, 366, -1056, 253, 802, -878, -1195, -297, 634, 341, 151, 
922, 1429, 507, -1176, 207, 968, -1029, -1400, -346, 761, 497, 283, 
941, 1507, 566, -1224, 187, 1037, -1117, -1546, -356, 795, 566, 356, 
917, 1415, 497, -1166, 209, 956, -1137, -1639, -366, 707, 497, 326, 
868, 1224, 356, -1046, 256, 790, -1137, -1693, -453, 517, 341, 224, 
810, 1029, 219, -919, 295, 624, -1127, -1751, -619, 278, 151, 117, 
741, 888, 146, -814, 297, 517, -1112, -1883, -888, -4, -24, 4, 
644, 751, 107, -697, 268, 429, -1068, -2059, -1263, -336, -204, -102, 
536, 600, 63, -568, 236, 331, -1005, -2181, -1625, -658, -385, -219, 
444, 507, 63, -475, 190, 285, -912, -2191, -1776, -819, -492, -292, 
375, 492, 117, -434, 129, 305, -839, -2122, -1693, -775, -522, -326, 
336, 502, 165, -419, 85, 334, -775, -2039, -1600, -727, -527, -341, 
322, 473, 151, -397, 85, 312, -751, -2000, -1590, -741, -536, -361, 
302, 434, 131, -368, 85, 283, -741, -1976, -1581, -756, -566, -380, 
297, 405, 107, -351, 95, 256, -732, -1912, -1542, -756, -580, -405, 
307, 380, 73, -344, 117, 226, -727, -1864, -1522, -761, -595, -424, 
302, 366, 63, -334, 119, 214, -702, -1839, -1493, -761, -605, -448, 
302, 356, 53, -329, 124, 204, -673, -1786, -1444, -746, -605, -448, 
297, 361, 63, -329, 117, 212, -634, -1722, -1381, -732, -600, -458, 
297, 341, 43, -319, 126, 192, -605, -1654, -1337, -712, -600, -458, 
317, 341, 24, -329, 146, 183, -600, -1610, -1298, -697, -590, -458, 
336, 351, 14, -344, 161, 183, -605, -1561, -1249, -678, -590, -439, 
351, 351, 0, -351, 175, 175, -590, -1498, -1200, -663, -570, -439, 
361, 356, -4, -358, 183, 175, -580, -1454, -1151, -629, -561, -439, 
366, 390, 24, -378, 170, 207, -570, -1429, -1112, -590, -546, -434, 
380, 409, 29, -395, 175, 219, -566, -1429, -1098, -556, -531, -419, 
390, 419, 29, -405, 180, 224, -575, -1424, -1098, -556, -517, -419, 
395, 429, 34, -412, 180, 231, -580, -1424, -1093, -561, -517, -429, 
400, 429, 29, -414, 185, 229, -580, -1424, -1098, -570, -517, -429, 
400, 424, 24, -412, 187, 224, -580, -1415, -1098, -580, -522, -429, 
395, 414, 19, -405, 187, 217, -575, -1405, -1098, -585, -527, -434, 
395, 395, 0, -395, 197, 197, -566, -1390, -1093, -595, -541, -424, 
395, 390, -4, -392, 200, 192, -566, -1390, -1088, -595, -546, -429, 
395, 390, -4, -392, 200, 192, -566, -1385, -1078, -595, -546, -429, 
395, 395, 0, -395, 197, 197, -566, -1385, -1068, -585, -546, -429, 
390, 390, 0, -390, 195, 195, -561, -1376, -1068, -580, -541, -429, 
390, 400, 9, -395, 190, 204, -561, -1371, -1063, -570, -541, -424, 
395, 405, 9, -400, 192, 207, -561, -1366, -1054, -566, -536, -424, 
395, 405, 9, -400, 192, 207, -556, -1356, -1054, -566, -531, -424, 
395, 414, 19, -405, 187, 217, -566, -1361, -1054, -556, -522, -424, 
390, 409, 19, -400, 185, 214, -566, -1356, -1054, -561, -522, -424, 
390, 409, 19, -400, 185, 214, -566, -1356, -1049, -561, -522, -424, 
390, 405, 14, -397, 187, 209, -566, -1351, -1044, -556, -522, -424, 
395, 405, 9, -400, 192, 207, -575, -1346, -1049, -566, -531, -424, 
400, 409, 9, -405, 195, 209, -575, -1346, -1049, -566, -531, -424, 
409, 409, 0, -409, 204, 204, -575, -1342, -1039, -556, -531, -424, 
414, 414, 0, -414, 207, 207, -575, -1342, -1039, -551, -527, -424, 
405, 419, 14, -412, 195, 217, -566, -1332, -1029, -541, -522, -419, 
409, 419, 9, -414, 200, 214, -566, -1332, -1024, -541, -522, -419, 
414, 419, 4, -417, 204, 212, -566, -1332, -1019, -536, -522, -419, 
414, 424, 9, -419, 202, 217, -566, -1332, -1019, -536, -517, -419, 
414, 429, 14, -422, 200, 222, -566, -1332, -1010, -531, -517, -419, 
414, 439, 24, -427, 195, 231, -570, -1327, -1005, -531, -512, -414, 
414, 444, 29, -429, 192, 236, -570, -1317, -1000, -527, -512, -414, 
419, 448, 29, -434, 195, 239, -570, -1312, -995, -527, -512, -414, 
424, 444, 19, -434, 202, 231, -570, -1307, -1005, -517, -512, -414, 
424, 448, 24, -436, 200, 236, -566, -1307, -1005, -517, -507, -414, 
424, 448, 24, -436, 200, 236, -566, -1307, -995, -507, -507, -409, 
424, 448, 24, -436, 200, 236, -566, -1302, -995, -502, -502, -405, 
424, 448, 24, -436, 200, 236, -566, -1302, -995, -507, -502, -414, 
424, 453, 29, -439, 197, 241, -566, -1298, -985, -507, -502, -414, 
429, 453, 24, -441, 202, 239, -566, -1293, -980, -502, -502, -414, 
429, 458, 29, -444, 200, 244, -561, -1288, -976, -502, -502, -419, 
429, 458, 29, -444, 200, 244, -561, -1298, -985, -502, -497, -409, 
434, 458, 24, -446, 204, 241, -561, -1298, -980, -497, -497, -405, 
434, 463, 29, -448, 202, 246, -561, -1288, -976, -497, -497, -405, 
439, 463, 24, -451, 207, 244, -561, -1283, -971, -492, -492, -405, 
429, 468, 39, -448, 195, 253, -556, -1278, -956, -492, -492, -405, 
434, 463, 29, -448, 202, 246, -551, -1268, -951, -492, -483, -400, 
434, 458, 24, -446, 204, 241, -546, -1259, -946, -483, -483, -395, 
434, 453, 19, -444, 207, 236, -541, -1249, -941, -483, -483, -390, 
444, 468, 24, -456, 209, 246, -551, -1254, -927, -478, -473, -390, 
448, 473, 24, -461, 212, 248, -551, -1249, -927, -473, -473, -390, 
448, 478, 29, -463, 209, 253, -551, -1244, -922, -468, -468, -390, 
448, 483, 34, -466, 207, 258, -551, -1244, -922, -463, -468, -390, 
453, 483, 29, -468, 212, 256, -551, -1239, -922, -463, -463, -385, 
453, 483, 29, -468, 212, 256, -551, -1234, -917, -458, -463, -385, 
453, 483, 29, -468, 212, 256, -551, -1229, -907, -453, -458, -385, 
453, 488, 34, -470, 209, 261, -551, -1220, -902, -448, -453, -380, 
453, 488, 34, -470, 209, 261, -541, -1215, -897, -439, -458, -380, 
458, 488, 29, -473, 214, 258, -541, -1210, -893, -434, -458, -380, 
463, 492, 29, -478, 217, 261, -541, -1205, -888, -429, -458, -380, 
463, 492, 29, -478, 217, 261, -541, -1200, -878, -424, -448, -375, 
463, 492, 29, -478, 217, 261, -541, -1200, -858, -419, -448, -380, 
468, 497, 29, -483, 219, 263, -541, -1200, -854, -414, -448, -380, 
468, 507, 39, -488, 214, 273, -541, -1190, -849, -405, -439, -380, 
473, 507, 34, -490, 219, 270, -541, -1185, -839, -400, -434, -375, 
473, 512, 39, -492, 217, 275, -531, -1171, -839, -395, -429, -361, 
478, 517, 39, -497, 219, 278, -531, -1166, -829, -390, -424, -361, 
478, 522, 43, -500, 217, 283, -531, -1151, -824, -380, -419, -356, 
488, 527, 39, -507, 224, 283, -531, -1141, -814, -380, -419, -356, 
483, 531, 48, -507, 217, 290, -531, -1141, -800, -370, -414, -346, 
483, 536, 53, -509, 214, 295, -531, -1137, -800, -366, -414, -346, 
483, 541, 58, -512, 212, 300, -527, -1122, -790, -361, -409, -346, 
492, 546, 53, -519, 219, 300, -527, -1112, -780, -356, -405, -346, 
492, 556, 63, -524, 214, 309, -536, -1102, -771, -351, -400, -351, 
497, 561, 63, -529, 217, 312, -536, -1098, -761, -341, -395, -351, 
502, 566, 63, -534, 219, 314, -531, -1088, -751, -331, -390, -341, 
507, 570, 63, -539, 222, 317, -531, -1078, -741, -322, -385, -336, 
512, 580, 68, -546, 222, 324, -531, -1068, -722, -302, -380, -322, 
517, 585, 68, -551, 224, 326, -531, -1054, -712, -297, -370, -317, 
522, 595, 73, -558, 224, 334, -531, -1044, -697, -287, -366, -317, 
527, 600, 73, -563, 226, 336, -531, -1034, -688, -278, -356, -312, 
531, 605, 73, -568, 229, 339, -527, -1019, -683, -268, -351, -307, 
536, 614, 78, -575, 229, 346, -527, -1010, -673, -263, -341, -302, 
546, 624, 78, -585, 234, 351, -527, -1000, -663, -253, -336, -297, 
546, 629, 82, -588, 231, 356, -527, -990, -653, -244, -331, -292, 
551, 634, 82, -592, 234, 358, -522, -985, -634, -234, -312, -297, 
561, 649, 87, -605, 236, 368, -522, -976, -624, -224, -307, -292, 
566, 649, 82, -607, 241, 366, -522, -966, -614, -204, -297, -287, 
570, 663, 92, -617, 239, 378, -522, -956, -605, -195, -292, -278, 
561, 668, 107, -614, 226, 387, -522, -936, -595, -175, -287, -268, 
566, 678, 112, -622, 226, 395, -522, -932, -580, -165, -278, -263, 
570, 683, 112, -627, 229, 397, -522, -922, -570, -156, -268, -253, 
575, 688, 112, -631, 231, 400, -522, -912, -551, -146, -263, -253, 
590, 697, 107, -644, 241, 402, -512, -902, -541, -146, -258, -248, 
600, 702, 102, -651, 248, 402, -522, -893, -541, -136, -248, -239, 
605, 707, 102, -656, 251, 405, -522, -883, -536, -126, -239, -239, 
605, 702, 97, -653, 253, 400, -522, -878, -531, -117, -234, -234, 
610, 722, 112, -666, 248, 417, -522, -863, -522, -107, -219, -219, 
614, 722, 107, -668, 253, 414, -522, -858, -517, -97, -209, -214, 
619, 732, 112, -675, 253, 422, -522, -858, -512, -87, -204, -209, 
624, 741, 117, -683, 253, 429, -522, -849, -502, -82, -200, -209, 
634, 756, 122, -695, 256, 439, -536, -858, -492, -73, -204, -209, 
634, 756, 122, -695, 256, 439, -536, -858, -492, -63, -195, -209, 
634, 766, 131, -700, 251, 448, -536, -858, -492, -58, -195, -204, 
639, 766, 126, -702, 256, 446, -536, -858, -492, -48, -190, -204, 
639, 771, 131, -705, 253, 451, -527, -863, -488, -53, -190, -204, 
644, 775, 131, -710, 256, 453, -531, -868, -488, -53, -185, -200, 
644, 780, 136, -712, 253, 458, -531, -873, -492, -48, -185, -195, 
644, 780, 136, -712, 253, 458, -536, -888, -492, -48, -185, -195, 
639, 775, 136, -707, 251, 456, -536, -883, -488, -48, -185, -180, 
634, 775, 141, -705, 246, 458, -531, -888, -488, -53, -185, -180, 
634, 771, 136, -702, 248, 453, -531, -907, -492, -58, -190, -185, 
634, 766, 131, -700, 251, 448, -536, -922, -507, -63, -195, -185, 
619, 766, 146, -692, 236, 456, -536, -932, -527, -73, -204, -200, 
610, 756, 146, -683, 231, 451, -531, -951, -551, -82, -214, -200, 
605, 746, 141, -675, 231, 444, -531, -971, -566, -102, -224, -214, 
600, 732, 131, -666, 234, 431, -536, -990, -585, -112, -239, -219, 
600, 727, 126, -663, 236, 427, -536, -1010, -614, -131, -239, -214, 
590, 717, 126, -653, 231, 422, -536, -1024, -634, -146, -253, -229, 
575, 702, 126, -639, 224, 414, -536, -1049, -658, -161, -263, -239, 
570, 692, 122, -631, 224, 407, -536, -1068, -673, -185, -278, -248, 
561, 683, 122, -622, 219, 402, -541, -1083, -692, -204, -292, -258, 
551, 668, 117, -610, 217, 392, -541, -1102, -712, -224, -302, -268, 
546, 649, 102, -597, 222, 375, -536, -1122, -732, -244, -322, -273, 
536, 634, 97, -585, 219, 366, -531, -1137, -751, -263, -336, -283, 
527, 605, 78, -566, 224, 341, -541, -1166, -790, -287, -346, -292, 
517, 590, 73, -553, 222, 331, -541, -1180, -810, -307, -361, -302, 
507, 570, 63, -539, 222, 317, -546, -1200, -839, -326, -375, -312, 
497, 551, 53, -524, 222, 302, -546, -1215, -863, -346, -390, -326, 
488, 531, 43, -509, 222, 287, -546, -1229, -878, -366, -405, -341, 
478, 527, 48, -502, 214, 287, -551, -1244, -893, -380, -409, -346, 
478, 512, 34, -495, 222, 273, -556, -1259, -912, -390, -419, -356, 
473, 507, 34, -490, 219, 270, -556, -1273, -932, -405, -434, -366, 
468, 497, 29, -483, 219, 263, -556, -1288, -946, -429, -439, -366, 
458, 488, 29, -473, 214, 258, -551, -1302, -966, -444, -448, -366, 
453, 473, 19, -463, 217, 246, -546, -1312, -985, -453, -458, -375, 
448, 463, 14, -456, 217, 239, -541, -1322, -995, -468, -463, -380, 
444, 453, 9, -448, 217, 231, -551, -1327, -1015, -488, -478, -395, 
444, 444, 0, -444, 222, 222, -541, -1332, -1024, -502, -483, -400, 
439, 439, 0, -439, 219, 219, -541, -1332, -1039, -512, -488, -405, 
434, 429, -4, -431, 219, 212, -541, -1337, -1039, -517, -497, -409, 
434, 419, -14, -427, 224, 202, -546, -1351, -1039, -517, -507, -414, 
429, 419, -9, -424, 219, 204, -546, -1356, -1044, -522, -512, -419, 
424, 414, -9, -419, 217, 202, -546, -1366, -1054, -527, -512, -424, 
424, 414, -9, -419, 217, 202, -551, -1366, -1049, -531, -517, -424, 
419, 409, -9, -414, 214, 200, -541, -1376, -1073, -546, -517, -419, 
419, 400, -19, -409, 219, 190, -541, -1381, -1078, -551, -522, -419, 
419, 400, -19, -409, 219, 190, -541, -1381, -1093, -551, -531, -424, 
419, 395, -24, -407, 222, 185, -541, -1381, -1098, -556, -531, -429, 
409, 405, -4, -407, 207, 200, -541, -1385, -1088, -556, -527, -439, 
409, 400, -9, -405, 209, 195, -541, -1385, -1093, -561, -527, -439, 
409, 395, -14, -402, 212, 190, -546, -1385, -1098, -566, -527, -439, 
409, 395, -14, -402, 212, 190, -546, -1390, -1102, -570, -527, -439, 
409, 385, -24, -397, 217, 180, -546, -1400, -1102, -561, -536, -448, 
405, 380, -24, -392, 214, 178, -546, -1400, -1107, -561, -536, -448, 
405, 380, -24, -392, 214, 178, -546, -1400, -1112, -561, -536, -444, 
405, 380, -24, -392, 214, 178, -546, -1405, -1112, -566, -541, -444, 
414, 380, -34, -397, 224, 173, -536, -1405, -1112, -566, -551, -444, 
414, 380, -34, -397, 224, 173, -536, -1405, -1112, -566, -556, -444, 
414, 380, -34, -397, 224, 173, -536, -1405, -1112, -570, -556, -444, 
414, 380, -34, -397, 224, 173, -536, -1405, -1112, -570, -556, -448, 
405, 375, -29, -390, 217, 173, -541, -1405, -1112, -575, -546, -444, 
405, 375, -29, -390, 217, 173, -546, -1405, -1112, -575, -546, -444, 
405, 380, -24, -392, 214, 178, -546, -1405, -1117, -575, -546, -444, 
405, 380, -24, -392, 214, 178, -546, -1405, -1117, -575, -546, -444, 
405, 370, -34, -387, 219, 168, -551, -1405, -1102, -575, -546, -444, 
405, 366, -39, -385, 222, 163, -551, -1405, -1102, -575, -546, -444, 
405, 366, -39, -385, 222, 163, -551, -1405, -1107, -575, -546, -444, 
405, 366, -39, -385, 222, 163, -551, -1415, -1107, -570, -546, -444, 
405, 366, -39, -385, 222, 163, -541, -1415, -1107, -580, -546, -444, 
405, 366, -39, -385, 222, 163, -541, -1420, -1107, -585, -546, -444, 
405, 366, -39, -385, 222, 163, -541, -1420, -1107, -585, -551, -444, 
405, 366, -39, -385, 222, 163, -541, -1420, -1107, -585, -551, -444, 
405, 366, -39, -385, 222, 163, -556, -1415, -1107, -580, -541, -444, 
405, 366, -39, -385, 222, 163, -556, -1415, -1107, -580, -541, -444, 
405, 366, -39, -385, 222, 163, -556, -1415, -1107, -580, -541, -444, 
405, 366, -39, -385, 222, 163, -556, -1415, -1107, -580, -541, -444, 
395, 375, -19, -385, 207, 178, -541, -1405, -1107, -570, -551, -444, 
395, 375, -19, -385, 207, 178, -541, -1400, -1107, -566, -551, -444, 
395, 375, -19, -385, 207, 178, -541, -1400, -1107, -566, -551, -448, 
395, 375, -19, -385, 207, 178, -541, -1400, -1107, -570, -551, -448, 
390, 375, -14, -383, 202, 180, -531, -1410, -1117, -580, -551, -448, 
390, 375, -14, -383, 202, 180, -531, -1410, -1117, -580, -551, -448, 
390, 375, -14, -383, 202, 180, -531, -1415, -1117, -580, -551, -448, 
390, 375, -14, -383, 202, 180, -531, -1415, -1117, -580, -546, -448, 
395, 380, -14, -387, 204, 183, -531, -1410, -1117, -580, -536, -458, 
400, 385, -14, -392, 207, 185, -536, -1410, -1117, -580, -536, -458, 
409, 385, -24, -397, 217, 180, -536, -1415, -1117, -580, -541, -458, 
414, 385, -29, -400, 222, 178, -536, -1415, -1117, -580, -541, -458, 
405, 385, -19, -395, 212, 183, -536, -1405, -1107, -580, -541, -458, 
405, 385, -19, -395, 212, 183, -536, -1400, -1107, -580, -536, -458, 
405, 385, -19, -395, 212, 183, -536, -1400, -1107, -580, -536, -458, 
405, 385, -19, -395, 212, 183, -536, -1400, -1107, -580, -536, -458, 
395, 385, -9, -390, 202, 187, -536, -1400, -1107, -570, -546, -458, 
395, 385, -9, -390, 202, 187, -536, -1400, -1107, -570, -546, -458, 
395, 385, -9, -390, 202, 187, -536, -1400, -1107, -570, -546, -458, 
395, 385, -9, -390, 202, 187, -536, -1400, -1107, -570, -546, -458, 
395, 375, -19, -385, 207, 178, -527, -1400, -1107, -580, -546, -448, 
395, 375, -19, -385, 207, 178, -527, -1400, -1107, -580, -546, -448, 
390, 375, -14, -383, 202, 180, -527, -1400, -1107, -575, -546, -448, 
390, 375, -14, -383, 202, 180, -527, -1400, -1107, -570, -546, -444, 
400, 385, -14, -392, 207, 185, -527, -1390, -1098, -580, -546, -444, 
405, 390, -14, -397, 209, 187, -527, -1390, -1098, -580, -546, -448, 
405, 390, -14, -397, 209, 187, -527, -1390, -1098, -580, -546, -448, 
400, 390, -9, -395, 204, 190, -527, -1390, -1098, -580, -546, -448, 
400, 390, -9, -395, 204, 190, -536, -1390, -1107, -570, -546, -448, 
405, 390, -14, -397, 209, 187, -536, -1390, -1107, -570, -546, -448, 
405, 390, -14, -397, 209, 187, -536, -1390, -1107, -570, -546, -448, 
405, 385, -19, -395, 212, 183, -536, -1390, -1107, -570, -546, -448, 
405, 375, -29, -390, 217, 173, -536, -1400, -1107, -570, -546, -444, 
405, 385, -19, -395, 212, 183, -536, -1400, -1107, -570, -546, -444, 
405, 385, -19, -395, 212, 183, -536, -1400, -1107, -570, -546, -444, 
405, 380, -24, -392, 214, 178, -536, -1400, -1107, -570, -546, -444, 
395, 380, -14, -387, 204, 183, -536, -1400, -1107, -570, -546, -453, 
395, 380, -14, -387, 204, 183, -536, -1400, -1107, -570, -546, -453, 
395, 380, -14, -387, 204, 183, -536, -1405, -1107, -570, -546, -458, 
395, 380, -14, -387, 204, 183, -536, -1405, -1107, -570, -546, -458, 
395, 380, -14, -387, 204, 183, -531, -1395, -1107, -570, -546, -448, 
395, 380, -14, -387, 204, 183, -531, -1400, -1107, -570, -546, -444, 
395, 380, -14, -387, 204, 183, -531, -1400, -1112, -575, -546, -444, 
395, 380, -14, -387, 204, 183, -531, -1400, -1112, -575, -546, -448, 
395, 380, -14, -387, 204, 183, -531, -1400, -1112, -561, -546, -448, 
395, 380, -14, -387, 204, 183, -531, -1400, -1112, -561, -546, -448, 
395, 380, -14, -387, 204, 183, -531, -1400, -1117, -566, -546, -448, 
395, 380, -14, -387, 204, 183, -531, -1400, -1117, -566, -546, -448, 
405, 380, -24, -392, 214, 178, -531, -1410, -1117, -575, -546, -458, 
405, 380, -24, -392, 214, 178, -531, -1415, -1122, -575, -551, -458, 
405, 380, -24, -392, 214, 178, -531, -1420, -1122, -580, -551, -458, 
405, 380, -24, -392, 214, 178, -531, -1420, -1122, -580, -551, -458, 
405, 390, -14, -397, 209, 187, -531, -1420, -1122, -575, -551, -448, 
405, 390, -14, -397, 209, 187, -531, -1420, -1122, -575, -551, -448, 
405, 390, -14, -397, 209, 187, -531, -1415, -1122, -580, -551, -448, 
405, 390, -14, -397, 209, 187, -531, -1415, -1122, -585, -551, -453, 
405, 390, -14, -397, 209, 187, -522, -1410, -1132, -585, -551, -453, 
405, 390, -14, -397, 209, 187, -527, -1410, -1132, -585, -551, -453, 
405, 390, -14, -397, 209, 187, -531, -1410, -1132, -585, -551, -458, 
405, 390, -14, -397, 209, 187, -531, -1415, -1132, -595, -551, -458, 
414, 380, -34, -397, 224, 173, -531, -1405, -1137, -585, -551, -458, 
414, 380, -34, -397, 224, 173, -531, -1405, -1137, -585, -551, -458, 
414, 380, -34, -397, 224, 173, -531, -1405, -1137, -585, -551, -453, 
414, 380, -34, -397, 224, 173, -536, -1405, -1141, -585, -551, -453, 
405, 385, -19, -395, 212, 183, -527, -1415, -1141, -580, -551, -463, 
405, 380, -24, -392, 214, 178, -527, -1420, -1141, -580, -551, -463, 
405, 380, -24, -392, 214, 178, -527, -1420, -1141, -580, -551, -463, 
405, 380, -24, -392, 214, 178, -527, -1420, -1141, -585, -551, -463, 
405, 370, -34, -387, 219, 168, -536, -1410, -1137, -595, -551, -463, 
405, 370, -34, -387, 219, 168, -536, -1410, -1137, -595, -551, -463, 
405, 375, -29, -390, 217, 173, -536, -1415, -1141, -595, -551, -463, 
405, 375, -29, -390, 217, 173, -536, -1415, -1141, -595, -551, -463, 
395, 385, -9, -390, 202, 187, -536, -1415, -1141, -585, -546, -463, 
395, 380, -14, -387, 204, 183, -536, -1415, -1141, -585, -546, -463, 
395, 380, -14, -387, 204, 183, -536, -1415, -1141, -585, -546, -463, 
395, 380, -14, -387, 204, 183, -536, -1415, -1141, -585, -546, -463, 
405, 380, -24, -392, 214, 178, -536, -1415, -1141, -595, -556, -463, 
405, 380, -24, -392, 214, 178, -536, -1415, -1141, -600, -556, -463, 
405, 380, -24, -392, 214, 178, -536, -1415, -1141, -600, -556, -463, 
405, 380, -24, -392, 214, 178, -536, -1415, -1141, -600, -551, -468, 
395, 370, -24, -383, 209, 173, -536, -1424, -1146, -590, -551, -468, 
395, 370, -24, -383, 209, 173, -536, -1429, -1146, -590, -556, -468, 
395, 370, -24, -383, 209, 173, -536, -1429, -1146, -590, -556, -468, 
395, 370, -24, -383, 209, 173, -536, -1434, -1146, -590, -556, -468, 
405, 380, -24, -392, 214, 178, -536, -1424, -1156, -590, -556, -468, 
405, 380, -24, -392, 214, 178, -536, -1424, -1156, -590, -556, -468, 
405, 380, -24, -392, 214, 178, -536, -1424, -1156, -590, -556, -468, 
405, 380, -24, -392, 214, 178, -536, -1424, -1156, -590, -556, -473, 
395, 380, -14, -387, 204, 183, -527, -1420, -1146, -590, -556, -463, 
395, 380, -14, -387, 204, 183, -527, -1420, -1146, -590, -556, -463, 
395, 380, -14, -387, 204, 183, -527, -1424, -1146, -590, -556, -463, 
395, 385, -9, -390, 202, 187, -527, -1424, -1146, -590, -556, -458, 
400, 375, -24, -387, 212, 175, -527, -1434, -1156, -600, -566, -468, 
400, 370, -29, -385, 214, 170, -527, -1434, -1156, -600, -566, -468, 
400, 370, -29, -385, 214, 170, -531, -1429, -1156, -600, -570, -468, 
400, 370, -29, -385, 214, 170, -531, -1429, -1156, -600, -570, -468, 
400, 370, -29, -385, 214, 170, -531, -1429, -1156, -590, -566, -468, 
400, 370, -29, -385, 214, 170, -531, -1429, -1156, -590, -566, -468, 
400, 370, -29, -385, 214, 170, -531, -1429, -1156, -595, -566, -468, 
400, 370, -29, -385, 214, 170, -536, -1429, -1156, -595, -566, -468, 
400, 370, -29, -385, 214, 170, -527, -1429, -1146, -595, -556, -478, 
400, 370, -29, -385, 214, 170, -527, -1439, -1151, -595, -556, -478, 
400, 370, -29, -385, 214, 170, -527, -1439, -1151, -595, -561, -478, 
400, 370, -29, -385, 214, 170, -527, -1434, -1151, -595, -561, -478, 
400, 375, -24, -387, 212, 175, -531, -1429, -1151, -605, -561, -478, 
400, 375, -24, -387, 212, 175, -531, -1429, -1151, -605, -561, -478, 
400, 375, -24, -387, 212, 175, -531, -1429, -1156, -605, -561, -473, 
400, 370, -29, -385, 214, 170, -531, -1434, -1156, -605, -561, -473, 
400, 375, -24, -387, 212, 175, -531, -1434, -1166, -605, -561, -478, 
400, 375, -24, -387, 212, 175, -531, -1434, -1166, -600, -561, -478, 
400, 375, -24, -387, 212, 175, -531, -1434, -1166, -600, -556, -473, 
400, 375, -24, -387, 212, 175, -531, -1434, -1166, -605, -556, -473, 
400, 375, -24, -387, 212, 175, -541, -1424, -1166, -595, -556, -473, 
400, 375, -24, -387, 212, 175, -541, -1424, -1166, -595, -561, -473, 
400, 375, -24, -387, 212, 175, -541, -1424, -1166, -595, -561, -473, 
400, 375, -24, -387, 212, 175, -541, -1424, -1166, -600, -561, -473, 
409, 366, -43, -387, 226, 161, -531, -1424, -1161, -590, -561, -473, 
409, 366, -43, -387, 226, 161, -531, -1424, -1161, -590, -561, -473, 
409, 366, -43, -387, 226, 161, -531, -1424, -1166, -590, -556, -473, 
409, 370, -39, -390, 224, 165, -531, -1415, -1166, -585, -556, -473, 
400, 375, -24, -387, 212, 175, -522, -1415, -1161, -590, -556, -473, 
400, 375, -24, -387, 212, 175, -522, -1420, -1161, -590, -556, -473, 
400, 380, -19, -390, 209, 180, -522, -1424, -1156, -590, -556, -473, 
405, 380, -24, -392, 214, 178, -527, -1429, -1156, -590, -556, -473, 
405, 370, -34, -387, 219, 168, -531, -1420, -1156, -595, -566, -473, 
405, 370, -34, -387, 219, 168, -531, -1424, -1156, -595, -566, -473, 
405, 370, -34, -387, 219, 168, -531, -1424, -1156, -600, -566, -468, 
405, 370, -34, -387, 219, 168, -531, -1424, -1156, -600, -566, -468, 
414, 375, -39, -395, 226, 168, -536, -1434, -1166, -600, -566, -478, 
405, 366, -39, -385, 222, 163, -536, -1434, -1166, -605, -566, -468, 
405, 366, -39, -385, 222, 163, -541, -1444, -1171, -605, -561, -468, 
414, 366, -48, -390, 231, 158, -531, -1439, -1161, -605, -561, -468, 
409, 361, -48, -385, 229, 156, -527, -1434, -1171, -595, -566, -468, 
400, 370, -29, -385, 214, 170, -527, -1444, -1161, -595, -566, -478, 
400, 370, -29, -385, 214, 170, -527, -1444, -1161, -595, -566, -478, 
400, 370, -29, -385, 214, 170, -527, -1444, -1161, -595, -566, -478, 
400, 370, -29, -385, 214, 170, -527, -1444, -1161, -595, -566, -478, 
409, 370, -39, -390, 224, 165, -522, -1434, -1166, -605, -566, -478, 
400, 370, -29, -385, 214, 170, -522, -1434, -1166, -605, -566, -478, 
400, 370, -29, -385, 214, 170, -522, -1429, -1161, -605, -566, -478, 
400, 370, -29, -385, 214, 170, -522, -1429, -1161, -605, -566, -478, 
405, 375, -29, -390, 217, 173, -531, -1429, -1156, -595, -566, -468, 
405, 375, -29, -390, 217, 173, -531, -1429, -1156, -595, -566, -468, 
405, 375, -29, -390, 217, 173, -531, -1429, -1151, -595, -566, -468, 
405, 375, -29, -390, 217, 173, -531, -1429, -1151, -595, -566, -468, 
405, 385, -19, -395, 212, 183, -522, -1434, -1151, -595, -556, -468, 
405, 370, -34, -387, 219, 168, -522, -1434, -1156, -600, -556, -473, 
405, 366, -39, -385, 222, 163, -517, -1434, -1156, -600, -566, -473, 
405, 366, -39, -385, 222, 163, -512, -1434, -1156, -600, -566, -473, 
405, 356, -48, -380, 226, 153, -512, -1429, -1166, -600, -575, -483, 
405, 356, -48, -380, 226, 153, -512, -1429, -1166, -600, -575, -488, 
405, 356, -48, -380, 226, 153, -512, -1429, -1161, -600, -575, -488, 
409, 361, -48, -385, 229, 156, -517, -1429, -1161, -595, -570, -488, 
419, 366, -53, -392, 236, 156, -517, -1415, -1156, -595, -566, -488, 
419, 366, -53, -392, 236, 156, -517, -1405, -1151, -590, -566, -478, 
424, 380, -43, -402, 234, 168, -512, -1400, -1141, -580, -561, -478, 
424, 385, -39, -405, 231, 173, -512, -1395, -1141, -575, -561, -478, 
439, 390, -48, -414, 244, 170, -502, -1390, -1132, -575, -551, -473, 
439, 400, -39, -419, 239, 180, -497, -1390, -1132, -566, -541, -468, 
439, 414, -24, -427, 231, 195, -492, -1390, -1127, -566, -541, -463, 
439, 414, -24, -427, 231, 195, -492, -1385, -1122, -566, -541, -463, 
429, 414, -14, -422, 222, 200, -492, -1376, -1117, -556, -531, -458, 
434, 414, -19, -424, 226, 197, -492, -1381, -1117, -556, -531, -458, 
439, 419, -19, -429, 229, 200, -497, -1381, -1117, -556, -531, -458, 
439, 424, -14, -431, 226, 204, -497, -1381, -1112, -546, -527, -453, 
448, 429, -19, -439, 234, 204, -497, -1385, -1117, -541, -531, -453, 
453, 448, -4, -451, 229, 222, -507, -1381, -1102, -536, -527, -444, 
458, 468, 9, -463, 224, 239, -517, -1381, -1102, -536, -517, -439, 
468, 483, 14, -475, 226, 248, -527, -1390, -1102, -536, -502, -424, 
473, 497, 24, -485, 224, 261, -546, -1395, -1102, -522, -497, -414, 
473, 497, 24, -485, 224, 261, -556, -1395, -1107, -522, -497, -414, 
478, 492, 14, -485, 231, 253, -556, -1395, -1107, -527, -497, -419, 
478, 492, 14, -485, 231, 253, -561, -1405, -1117, -531, -507, -419, 
468, 483, 14, -475, 226, 248, -561, -1420, -1122, -536, -512, -424, 
458, 478, 19, -468, 219, 248, -561, -1424, -1132, -546, -517, -429, 
453, 463, 9, -458, 222, 236, -556, -1429, -1137, -556, -522, -434, 
453, 458, 4, -456, 224, 231, -556, -1429, -1146, -561, -522, -439, 
453, 448, -4, -451, 229, 222, -546, -1429, -1156, -570, -531, -439, 
448, 429, -19, -439, 234, 204, -541, -1429, -1156, -580, -536, -444, 
448, 419, -29, -434, 239, 195, -531, -1429, -1156, -580, -536, -444, 
448, 429, -19, -439, 234, 204, -527, -1434, -1156, -575, -536, -439, 
458, 439, -19, -448, 239, 209, -531, -1424, -1156, -566, -527, -448, 
453, 434, -19, -444, 236, 207, -531, -1424, -1161, -566, -527, -448, 
453, 434, -19, -444, 236, 207, -531, -1424, -1161, -566, -531, -453, 
448, 429, -19, -439, 234, 204, -527, -1424, -1161, -566, -531, -453, 
444, 424, -19, -434, 231, 202, -527, -1424, -1151, -580, -531, -453, 
439, 409, -29, -424, 234, 190, -527, -1424, -1156, -585, -541, -463, 
434, 400, -34, -417, 234, 183, -522, -1434, -1161, -590, -546, -473, 
429, 390, -39, -409, 234, 175, -517, -1434, -1166, -600, -556, -478, 
424, 375, -48, -400, 236, 163, -512, -1424, -1166, -590, -556, -483, 
419, 370, -48, -395, 234, 161, -512, -1424, -1161, -590, -556, -483, 
419, 366, -53, -392, 236, 156, -512, -1424, -1161, -595, -556, -483, 
419, 361, -58, -390, 239, 151, -512, -1424, -1166, -600, -561, -483, 
409, 366, -43, -387, 226, 161, -507, -1434, -1171, -600, -566, -483, 
409, 361, -48, -385, 229, 156, -507, -1434, -1176, -600, -566, -483, 
414, 361, -53, -387, 234, 153, -507, -1434, -1176, -605, -566, -483, 
414, 361, -53, -387, 234, 153, -507, -1434, -1171, -605, -566, -488, 
424, 356, -68, -390, 246, 143, -507, -1434, -1161, -614, -566, -488, 
419, 351, -68, -385, 244, 141, -507, -1434, -1166, -614, -566, -488, 
419, 351, -68, -385, 244, 141, -507, -1434, -1166, -614, -570, -492, 
414, 346, -68, -380, 241, 139, -507, -1434, -1161, -614, -570, -492, 
414, 346, -68, -380, 241, 139, -507, -1424, -1161, -605, -570, -488, 
414, 346, -68, -380, 241, 139, -507, -1424, -1161, -605, -570, -488, 
414, 346, -68, -380, 241, 139, -507, -1424, -1161, -605, -570, -488, 
414, 346, -68, -380, 241, 139, -507, -1424, -1161, -605, -570, -488, 
409, 346, -63, -378, 236, 141, -507, -1429, -1171, -605, -570, -497, 
409, 346, -63, -378, 236, 141, -502, -1429, -1171, -605, -570, -497, 
409, 346, -63, -378, 236, 141, -502, -1429, -1171, -605, -570, -497, 
409, 346, -63, -378, 236, 141, -502, -1429, -1171, -600, -570, -497, 
409, 356, -53, -383, 231, 151, -502, -1420, -1176, -610, -580, -497, 
409, 356, -53, -383, 231, 151, -497, -1420, -1176, -610, -580, -497, 
409, 356, -53, -383, 231, 151, -497, -1420, -1180, -610, -580, -497, 
409, 356, -53, -383, 231, 151, -497, -1420, -1185, -610, -580, -502, 
409, 361, -48, -385, 229, 156, -488, -1420, -1166, -610, -575, -492, 
400, 351, -48, -375, 224, 151, -492, -1410, -1151, -600, -575, -492, 
400, 351, -48, -375, 224, 151, -492, -1405, -1146, -600, -575, -497, 
395, 351, -43, -373, 219, 153, -478, -1405, -1137, -610, -585, -502, 
380, 331, -48, -356, 214, 141, -453, -1390, -1122, -610, -590, -507, 
356, 326, -29, -341, 192, 148, -405, -1361, -1083, -600, -600, -522, 
331, 326, -4, -329, 168, 161, -361, -1327, -1039, -580, -600, -522, 
322, 322, 0, -322, 161, 161, -317, -1288, -1005, -566, -600, -527, 
302, 312, 9, -307, 146, 161, -258, -1229, -966, -556, -600, -541, 
283, 312, 29, -297, 126, 170, -190, -1166, -927, -527, -600, -541, 
292, 346, 53, -319, 119, 200, -161, -1098, -854, -473, -566, -536, 
331, 380, 48, -356, 141, 214, -151, -1015, -761, -395, -517, -522, 
375, 414, 39, -395, 168, 226, -141, -912, -663, -278, -458, -483, 
419, 468, 48, -444, 185, 258, -151, -805, -551, -161, -380, -444, 
502, 551, 48, -527, 226, 300, -180, -732, -444, -39, -287, -385, 
605, 644, 39, -624, 283, 341, -244, -702, -351, 82, -195, -322, 
712, 751, 39, -732, 336, 395, -361, -736, -302, 219, -87, -244, 
810, 902, 92, -856, 358, 497, -502, -839, -258, 361, 39, -136, 
893, 1107, 214, -1000, 339, 661, -673, -995, -258, 517, 195, 0, 
961, 1317, 356, -1139, 302, 836, -849, -1195, -268, 673, 370, 151, 
1010, 1468, 458, -1239, 275, 963, -971, -1371, -248, 780, 497, 263, 
1019, 1478, 458, -1249, 280, 968, -1019, -1459, -219, 766, 507, 287, 
976, 1346, 370, -1161, 302, 858, -1019, -1532, -278, 610, 400, 229, 
936, 1166, 229, -1051, 353, 697, -1019, -1615, -414, 380, 234, 126, 
878, 1000, 122, -939, 378, 561, -1029, -1751, -639, 122, 73, 29, 
780, 878, 97, -829, 341, 488, -1015, -1961, -976, -151, -92, -53, 
663, 732, 68, -697, 297, 400, -961, -2156, -1381, -463, -263, -161, 
556, 580, 24, -568, 265, 302, -878, -2230, -1664, -697, -414, -268, 
463, 507, 43, -485, 209, 275, -775, -2191, -1678, -741, -483, -341, 
385, 502, 117, -444, 134, 309, -683, -2103, -1576, -707, -502, -356, 
356, 473, 117, -414, 119, 295, -629, -2020, -1542, -707, -517, -380, 
331, 414, 82, -373, 124, 248, -605, -1971, -1532, -732, -546, -419, 
322, 385, 63, -353, 129, 224, -605, -1927, -1512, -746, -566, -448, 
326, 366, 39, -346, 143, 202, -605, -1893, -1483, -746, -580, -473, 
317, 341, 24, -329, 146, 183, -580, -1854, -1464, -751, -595, -483, 
312, 326, 14, -319, 148, 170, -546, -1790, -1424, -732, -605, -497, 
312, 326, 14, -319, 148, 170, -507, -1727, -1356, -707, -595, -497, 
317, 322, 4, -319, 156, 163, -488, -1644, -1302, -683, -600, -497, 
336, 312, -24, -324, 180, 143, -488, -1576, -1268, -673, -600, -507, 
346, 331, -14, -339, 180, 158, -483, -1522, -1229, -649, -590, -497, 
356, 331, -24, -344, 190, 153, -458, -1464, -1171, -629, -570, -488, 
361, 341, -19, -351, 190, 161, -444, -1429, -1122, -614, -561, -488, 
390, 375, -14, -383, 202, 180, -453, -1415, -1093, -580, -551, -478, 
405, 400, -4, -402, 204, 197, -444, -1410, -1073, -561, -536, -483, 
409, 409, 0, -409, 204, 204, -439, -1410, -1078, -546, -541, -478, 
409, 409, 0, -409, 204, 204, -439, -1405, -1078, -546, -527, -468, 
414, 400, -14, -407, 214, 192, -444, -1390, -1083, -551, -536, -468, 
419, 400, -19, -409, 219, 190, -444, -1385, -1088, -561, -536, -468, 
419, 395, -24, -407, 222, 185, -444, -1371, -1088, -570, -541, -468, 
414, 385, -29, -400, 222, 178, -439, -1356, -1088, -575, -546, -473, 
405, 375, -29, -390, 217, 173, -439, -1351, -1078, -575, -541, -483, 
405, 370, -34, -387, 219, 168, -439, -1351, -1078, -575, -546, -488, 
405, 370, -34, -387, 219, 168, -439, -1346, -1073, -575, -546, -488, 
405, 375, -29, -390, 217, 173, -439, -1346, -1068, -566, -546, -488, 
405, 380, -24, -392, 214, 178, -439, -1346, -1058, -570, -541, -488, 
409, 390, -19, -400, 214, 185, -444, -1342, -1054, -561, -541, -483, 
419, 395, -24, -407, 222, 185, -448, -1337, -1044, -556, -536, -483, 
424, 395, -29, -409, 226, 183, -448, -1327, -1044, -556, -531, -483, 
424, 395, -29, -409, 226, 183, -439, -1322, -1054, -546, -531, -473, 
419, 390, -29, -405, 224, 180, -439, -1317, -1054, -551, -531, -473, 
419, 390, -29, -405, 224, 180, -439, -1317, -1049, -551, -531, -473, 
419, 385, -34, -402, 226, 175, -439, -1312, -1044, -546, -531, -473, 
429, 395, -34, -412, 231, 180, -429, -1317, -1039, -546, -531, -483, 
429, 400, -29, -414, 229, 185, -429, -1317, -1039, -546, -531, -483, 
434, 400, -34, -417, 234, 183, -429, -1312, -1029, -536, -531, -483, 
434, 405, -29, -419, 231, 187, -429, -1312, -1029, -531, -527, -483, 
424, 400, -24, -412, 224, 187, -429, -1302, -1029, -531, -531, -478, 
429, 400, -29, -414, 229, 185, -429, -1302, -1024, -531, -531, -478, 
434, 400, -34, -417, 234, 183, -429, -1302, -1019, -527, -531, -478, 
434, 405, -29, -419, 231, 187, -429, -1302, -1019, -527, -527, -478, 
434, 405, -29, -419, 231, 187, -429, -1302, -1019, -531, -517, -488, 
434, 409, -24, -422, 229, 192, -434, -1298, -1015, -531, -512, -483, 
434, 409, -24, -422, 229, 192, -434, -1288, -1010, -527, -512, -483, 
439, 409, -29, -424, 234, 190, -434, -1283, -1005, -527, -512, -483, 
444, 414, -29, -429, 236, 192, -444, -1288, -1005, -527, -522, -473, 
444, 419, -24, -431, 234, 197, -439, -1288, -1005, -527, -517, -473, 
444, 419, -24, -431, 234, 197, -439, -1288, -995, -517, -517, -468, 
444, 419, -24, -431, 234, 197, -439, -1283, -995, -512, -512, -463, 
453, 419, -34, -436, 244, 192, -429, -1273, -995, -507, -512, -463, 
453, 424, -29, -439, 241, 197, -429, -1268, -985, -507, -512, -463, 
458, 424, -34, -441, 246, 195, -429, -1263, -980, -502, -512, -463, 
458, 429, -29, -444, 244, 200, -424, -1259, -976, -502, -512, -468, 
448, 429, -19, -439, 234, 204, -424, -1249, -976, -492, -507, -468, 
453, 429, -24, -441, 239, 202, -424, -1249, -971, -488, -507, -463, 
453, 434, -19, -444, 236, 207, -424, -1239, -966, -488, -507, -463, 
458, 434, -24, -446, 241, 204, -424, -1234, -961, -483, -502, -463, 
458, 444, -14, -451, 236, 214, -434, -1244, -956, -492, -502, -463, 
463, 444, -19, -453, 241, 212, -434, -1239, -951, -492, -492, -458, 
463, 444, -19, -453, 241, 212, -434, -1234, -946, -483, -492, -453, 
463, 444, -19, -453, 241, 212, -434, -1229, -941, -483, -492, -448, 
463, 458, -4, -461, 234, 226, -424, -1215, -936, -478, -492, -448, 
468, 463, -4, -466, 236, 229, -424, -1210, -936, -473, -492, -448, 
468, 468, 0, -468, 234, 234, -424, -1205, -932, -468, -488, -448, 
468, 473, 4, -470, 231, 239, -424, -1205, -932, -463, -488, -448, 
473, 473, 0, -473, 236, 236, -414, -1200, -932, -453, -473, -434, 
473, 473, 0, -473, 236, 236, -414, -1195, -927, -448, -473, -434, 
473, 473, 0, -473, 236, 236, -414, -1190, -917, -444, -468, -434, 
473, 478, 4, -475, 234, 241, -414, -1180, -912, -439, -463, -429, 
473, 488, 14, -480, 229, 251, -414, -1176, -907, -439, -468, -429, 
478, 488, 9, -483, 234, 248, -414, -1171, -902, -434, -468, -429, 
483, 492, 9, -488, 236, 251, -414, -1166, -897, -429, -468, -429, 
483, 492, 9, -488, 236, 251, -414, -1161, -888, -424, -458, -424, 
492, 492, 0, -492, 246, 246, -424, -1151, -888, -419, -468, -429, 
497, 497, 0, -497, 248, 248, -424, -1151, -883, -414, -468, -429, 
497, 507, 9, -502, 244, 258, -424, -1141, -878, -405, -458, -429, 
502, 507, 4, -505, 248, 256, -424, -1137, -868, -400, -453, -424, 
492, 512, 19, -502, 236, 265, -414, -1132, -863, -395, -439, -409, 
497, 517, 19, -507, 239, 268, -414, -1127, -849, -390, -434, -409, 
497, 522, 24, -509, 236, 273, -414, -1112, -839, -380, -429, -405, 
507, 527, 19, -517, 244, 273, -414, -1102, -824, -380, -429, -405, 
512, 531, 19, -522, 246, 275, -405, -1093, -819, -380, -424, -405, 
512, 536, 24, -524, 244, 280, -405, -1088, -819, -375, -424, -405, 
512, 541, 29, -527, 241, 285, -400, -1073, -810, -370, -419, -405, 
522, 546, 24, -534, 248, 285, -400, -1063, -800, -366, -414, -405, 
531, 556, 24, -544, 253, 290, -400, -1063, -800, -351, -419, -400, 
536, 561, 24, -549, 256, 292, -400, -1058, -790, -341, -414, -400, 
541, 566, 24, -553, 258, 295, -395, -1049, -780, -331, -409, -390, 
546, 570, 24, -558, 261, 297, -395, -1039, -771, -322, -405, -385, 
541, 580, 39, -561, 251, 309, -405, -1024, -756, -312, -390, -380, 
546, 585, 39, -566, 253, 312, -405, -1005, -741, -307, -380, -375, 
551, 595, 43, -573, 253, 319, -405, -990, -722, -297, -375, -375, 
556, 600, 43, -578, 256, 322, -405, -976, -707, -287, -366, -370, 
561, 605, 43, -583, 258, 324, -400, -971, -697, -287, -370, -366, 
566, 614, 48, -590, 258, 331, -400, -961, -692, -283, -361, -361, 
575, 624, 48, -600, 263, 336, -400, -951, -688, -273, -356, -356, 
575, 629, 53, -602, 261, 341, -400, -941, -683, -263, -351, -351, 
590, 634, 43, -612, 273, 339, -395, -927, -663, -244, -341, -356, 
600, 649, 48, -624, 275, 348, -395, -917, -653, -234, -336, -351, 
605, 649, 43, -627, 280, 346, -395, -907, -644, -214, -326, -346, 
610, 663, 53, -636, 278, 358, -395, -897, -634, -204, -322, -336, 
610, 668, 58, -639, 275, 363, -395, -888, -619, -204, -326, -326, 
614, 678, 63, -646, 275, 370, -395, -883, -610, -195, -317, -322, 
619, 683, 63, -651, 278, 373, -395, -873, -605, -185, -307, -312, 
624, 688, 63, -656, 280, 375, -395, -863, -590, -175, -302, -312, 
629, 702, 73, -666, 278, 387, -385, -863, -580, -175, -287, -297, 
639, 712, 73, -675, 283, 392, -395, -854, -580, -165, -278, -287, 
644, 722, 78, -683, 283, 400, -395, -844, -575, -156, -268, -287, 
644, 722, 78, -683, 283, 400, -395, -839, -570, -146, -263, -283, 
649, 732, 82, -690, 283, 407, -405, -824, -551, -136, -268, -287, 
653, 732, 78, -692, 287, 405, -405, -819, -546, -126, -258, -283, 
658, 741, 82, -700, 287, 412, -405, -819, -541, -117, -253, -278, 
663, 751, 87, -707, 287, 419, -405, -810, -531, -112, -248, -278, 
663, 756, 92, -710, 285, 424, -400, -810, -531, -97, -244, -268, 
663, 756, 92, -710, 285, 424, -400, -810, -531, -92, -234, -268, 
663, 766, 102, -714, 280, 434, -400, -810, -531, -92, -234, -263, 
668, 766, 97, -717, 285, 431, -400, -810, -531, -87, -229, -263, 
678, 780, 102, -729, 287, 441, -409, -814, -527, -92, -219, -263, 
683, 785, 102, -734, 290, 444, -414, -819, -527, -92, -214, -258, 
683, 790, 107, -736, 287, 448, -414, -824, -531, -87, -214, -253, 
683, 790, 107, -736, 287, 448, -419, -839, -531, -87, -214, -253, 
678, 785, 107, -732, 285, 446, -429, -834, -536, -87, -214, -248, 
673, 785, 112, -729, 280, 448, -424, -839, -536, -92, -214, -248, 
673, 780, 107, -727, 283, 444, -424, -858, -541, -97, -219, -253, 
673, 775, 102, -724, 285, 439, -429, -873, -556, -102, -224, -253, 
668, 775, 107, -722, 280, 441, -419, -893, -556, -102, -214, -248, 
658, 766, 107, -712, 275, 436, -414, -912, -580, -112, -224, -248, 
653, 756, 102, -705, 275, 429, -414, -932, -595, -131, -234, -263, 
649, 741, 92, -695, 278, 417, -419, -951, -614, -141, -248, -268, 
639, 727, 87, -683, 275, 407, -409, -961, -634, -170, -268, -283, 
629, 717, 87, -673, 270, 402, -409, -976, -653, -185, -283, -297, 
614, 702, 87, -658, 263, 395, -409, -1000, -678, -200, -292, -307, 
610, 692, 82, -651, 263, 387, -409, -1019, -692, -224, -307, -317, 
595, 673, 78, -634, 258, 375, -424, -1044, -707, -229, -312, -317, 
580, 658, 78, -619, 251, 368, -424, -1063, -732, -244, -322, -326, 
570, 639, 68, -605, 251, 353, -419, -1083, -756, -258, -341, -331, 
556, 624, 68, -590, 244, 346, -414, -1098, -780, -273, -356, -341, 
556, 610, 53, -583, 251, 331, -424, -1137, -795, -297, -366, -341, 
546, 600, 53, -573, 246, 326, -424, -1151, -810, -317, -380, -351, 
536, 585, 48, -561, 244, 317, -429, -1171, -834, -336, -395, -361, 
527, 570, 43, -549, 241, 307, -429, -1185, -854, -356, -409, -375, 
527, 551, 24, -539, 251, 287, -429, -1200, -878, -375, -434, -385, 
517, 546, 29, -531, 244, 287, -434, -1215, -893, -390, -439, -395, 
517, 531, 14, -524, 251, 273, -439, -1229, -912, -400, -448, -409, 
512, 527, 14, -519, 248, 270, -439, -1244, -932, -414, -463, -424, 
497, 527, 29, -512, 234, 278, -444, -1268, -941, -419, -458, -424, 
488, 517, 29, -502, 229, 273, -444, -1283, -956, -434, -468, -424, 
483, 502, 19, -492, 231, 261, -444, -1293, -971, -444, -478, -434, 
478, 492, 14, -485, 231, 253, -444, -1302, -976, -458, -483, -439, 
483, 483, 0, -483, 241, 241, -444, -1307, -995, -478, -497, -444, 
483, 473, -9, -478, 246, 231, -434, -1312, -1005, -492, -502, -448, 
478, 468, -9, -473, 244, 229, -434, -1312, -1019, -502, -507, -453, 
473, 458, -14, -466, 244, 222, -434, -1317, -1019, -507, -517, -458, 
473, 453, -19, -463, 246, 217, -439, -1332, -1015, -507, -527, -463, 
468, 448, -19, -458, 244, 214, -439, -1337, -1024, -512, -531, -468, 
463, 439, -24, -451, 244, 207, -439, -1346, -1039, -517, -531, -473, 
463, 434, -29, -448, 246, 202, -444, -1346, -1039, -522, -536, -473, 
448, 429, -19, -439, 234, 204, -453, -1366, -1049, -527, -536, -468, 
448, 419, -29, -434, 239, 195, -453, -1371, -1049, -531, -541, -468, 
448, 419, -29, -434, 239, 195, -453, -1371, -1058, -531, -551, -473, 
448, 414, -34, -431, 241, 190, -453, -1371, -1058, -536, -551, -478, 
448, 414, -34, -431, 241, 190, -444, -1376, -1058, -536, -556, -488, 
448, 409, -39, -429, 244, 185, -444, -1376, -1063, -541, -556, -488, 
448, 405, -43, -427, 246, 180, -448, -1376, -1068, -546, -556, -488, 
448, 405, -43, -427, 246, 180, -448, -1381, -1073, -551, -556, -488, 
448, 414, -34, -431, 241, 190, -448, -1381, -1083, -551, -546, -497, 
444, 409, -34, -427, 239, 187, -448, -1381, -1088, -551, -546, -497, 
444, 409, -34, -427, 239, 187, -448, -1381, -1093, -551, -546, -492, 
444, 409, -34, -427, 239, 187, -448, -1385, -1093, -556, -551, -492, 
453, 409, -43, -431, 248, 183, -448, -1385, -1093, -556, -551, -492, 
453, 409, -43, -431, 248, 183, -448, -1385, -1093, -556, -556, -492, 
453, 409, -43, -431, 248, 183, -448, -1385, -1093, -561, -556, -492, 
453, 409, -43, -431, 248, 183, -448, -1385, -1093, -561, -556, -497, 
453, 405, -48, -429, 251, 178, -453, -1395, -1093, -566, -556, -502, 
453, 405, -48, -429, 251, 178, -458, -1395, -1093, -566, -556, -502, 
453, 409, -43, -431, 248, 183, -458, -1395, -1098, -566, -556, -502, 
453, 409, -43, -431, 248, 183, -458, -1395, -1098, -566, -556, -502, 
444, 400, -43, -422, 244, 178, -463, -1395, -1083, -556, -556, -492, 
444, 395, -48, -419, 246, 173, -463, -1395, -1083, -556, -556, -492, 
444, 395, -48, -419, 246, 173, -463, -1395, -1088, -556, -556, -492, 
444, 395, -48, -419, 246, 173, -463, -1405, -1088, -551, -556, -492, 
444, 405, -39, -424, 241, 183, -463, -1400, -1088, -551, -556, -492, 
444, 405, -39, -424, 241, 183, -463, -1400, -1088, -556, -556, -492, 
444, 405, -39, -424, 241, 183, -463, -1395, -1088, -556, -561, -492, 
444, 405, -39, -424, 241, 183, -463, -1390, -1088, -556, -561, -492, 
444, 405, -39, -424, 241, 183, -468, -1385, -1088, -551, -551, -492, 
444, 405, -39, -424, 241, 183, -468, -1385, -1088, -551, -551, -492, 
444, 405, -39, -424, 241, 183, -468, -1385, -1088, -551, -551, -492, 
444, 405, -39, -424, 241, 183, -468, -1385, -1088, -551, -551, -492, 
453, 405, -48, -429, 251, 178, -473, -1385, -1078, -561, -561, -492, 
453, 405, -48, -429, 251, 178, -473, -1381, -1078, -556, -561, -492, 
453, 405, -48, -429, 251, 178, -473, -1381, -1078, -556, -561, -497, 
453, 405, -48, -429, 251, 178, -473, -1381, -1078, -561, -561, -497, 
448, 405, -43, -427, 246, 180, -483, -1381, -1078, -551, -561, -497, 
448, 405, -43, -427, 246, 180, -483, -1381, -1078, -551, -561, -497, 
448, 405, -43, -427, 246, 180, -483, -1385, -1078, -551, -561, -497, 
448, 405, -43, -427, 246, 180, -483, -1385, -1078, -551, -556, -497, 
448, 409, -39, -429, 244, 185, -488, -1381, -1088, -561, -556, -497, 
448, 414, -34, -431, 241, 190, -497, -1381, -1088, -561, -556, -497, 
453, 414, -39, -434, 246, 187, -502, -1385, -1088, -561, -561, -497, 
453, 414, -39, -434, 246, 187, -507, -1385, -1088, -561, -561, -497, 
444, 414, -29, -429, 236, 192, -507, -1385, -1098, -561, -551, -497, 
444, 414, -29, -429, 236, 192, -507, -1381, -1098, -561, -546, -497, 
444, 414, -29, -429, 236, 192, -507, -1381, -1098, -561, -546, -497, 
444, 414, -29, -429, 236, 192, -507, -1381, -1098, -561, -546, -497, 
453, 414, -39, -434, 246, 187, -497, -1381, -1088, -551, -546, -497, 
453, 414, -39, -434, 246, 187, -497, -1381, -1088, -551, -546, -497, 
453, 414, -39, -434, 246, 187, -497, -1381, -1088, -551, -546, -497, 
453, 414, -39, -434, 246, 187, -497, -1381, -1088, -551, -546, -497, 
453, 424, -29, -439, 241, 197, -507, -1381, -1088, -561, -556, -497, 
453, 424, -29, -439, 241, 197, -507, -1381, -1088, -561, -556, -497, 
448, 424, -24, -436, 236, 200, -507, -1381, -1088, -556, -556, -497, 
448, 424, -24, -436, 236, 200, -507, -1381, -1088, -551, -556, -492, 
439, 414, -24, -427, 231, 195, -497, -1371, -1098, -561, -546, -492, 
444, 419, -24, -431, 234, 197, -497, -1371, -1098, -561, -546, -497, 
444, 419, -24, -431, 234, 197, -497, -1371, -1098, -561, -546, -497, 
439, 419, -19, -429, 229, 200, -497, -1371, -1098, -561, -546, -497, 
439, 419, -19, -429, 229, 200, -497, -1371, -1098, -556, -546, -497, 
444, 419, -24, -431, 234, 197, -497, -1371, -1098, -551, -546, -497, 
444, 419, -24, -431, 234, 197, -497, -1371, -1098, -546, -546, -497, 
444, 414, -29, -429, 236, 192, -497, -1371, -1098, -541, -546, -497, 
453, 414, -39, -434, 246, 187, -507, -1371, -1088, -551, -556, -492, 
453, 424, -29, -439, 241, 197, -507, -1371, -1088, -551, -556, -492, 
453, 424, -29, -439, 241, 197, -507, -1371, -1088, -551, -556, -492, 
453, 419, -34, -436, 244, 192, -507, -1371, -1088, -551, -556, -492, 
444, 419, -24, -431, 234, 197, -507, -1371, -1088, -551, -556, -492, 
444, 419, -24, -431, 234, 197, -507, -1371, -1088, -551, -556, -492, 
444, 419, -24, -431, 234, 197, -507, -1376, -1088, -551, -556, -497, 
444, 419, -24, -431, 234, 197, -507, -1376, -1088, -551, -556, -497, 
434, 419, -14, -427, 224, 202, -502, -1366, -1098, -541, -546, -497, 
434, 419, -14, -427, 224, 202, -502, -1371, -1098, -541, -546, -492, 
434, 419, -14, -427, 224, 202, -502, -1371, -1102, -546, -546, -492, 
434, 419, -14, -427, 224, 202, -502, -1371, -1102, -546, -546, -497, 
444, 429, -14, -436, 229, 207, -512, -1381, -1102, -551, -546, -507, 
444, 429, -14, -436, 229, 207, -512, -1381, -1102, -551, -546, -507, 
444, 429, -14, -436, 229, 207, -512, -1381, -1107, -556, -546, -507, 
444, 429, -14, -436, 229, 207, -512, -1381, -1107, -556, -546, -507, 
453, 429, -24, -441, 239, 202, -512, -1381, -1098, -566, -556, -507, 
453, 429, -24, -441, 239, 202, -512, -1385, -1102, -566, -561, -507, 
453, 429, -24, -441, 239, 202, -512, -1390, -1102, -570, -561, -507, 
453, 429, -24, -441, 239, 202, -512, -1390, -1102, -570, -561, -507, 
453, 419, -34, -436, 244, 192, -512, -1381, -1102, -566, -561, -507, 
453, 419, -34, -436, 244, 192, -512, -1381, -1102, -566, -561, -507, 
453, 419, -34, -436, 244, 192, -512, -1376, -1102, -570, -561, -507, 
453, 419, -34, -436, 244, 192, -512, -1376, -1102, -575, -561, -512, 
444, 409, -34, -427, 239, 187, -512, -1381, -1112, -566, -551, -512, 
444, 409, -34, -427, 239, 187, -517, -1381, -1112, -566, -551, -512, 
444, 409, -34, -427, 239, 187, -522, -1381, -1112, -566, -551, -517, 
444, 409, -34, -427, 239, 187, -522, -1385, -1112, -575, -551, -517, 
444, 409, -34, -427, 239, 187, -522, -1395, -1107, -575, -551, -517, 
444, 409, -34, -427, 239, 187, -522, -1395, -1107, -575, -551, -517, 
444, 409, -34, -427, 239, 187, -522, -1395, -1107, -575, -551, -512, 
444, 409, -34, -427, 239, 187, -527, -1395, -1112, -575, -551, -512, 
444, 405, -39, -424, 241, 183, -527, -1385, -1112, -570, -561, -512, 
444, 400, -43, -422, 244, 178, -527, -1390, -1112, -570, -561, -512, 
444, 400, -43, -422, 244, 178, -527, -1390, -1112, -570, -561, -512, 
444, 400, -43, -422, 244, 178, -527, -1390, -1112, -575, -561, -512, 
444, 409, -34, -427, 239, 187, -527, -1390, -1127, -575, -561, -512, 
444, 409, -34, -427, 239, 187, -527, -1390, -1127, -575, -561, -512, 
444, 414, -29, -429, 236, 192, -527, -1395, -1132, -575, -561, -512, 
444, 414, -29, -429, 236, 192, -527, -1395, -1132, -575, -561, -512, 
444, 414, -29, -429, 236, 192, -527, -1395, -1132, -575, -566, -512, 
444, 409, -34, -427, 239, 187, -527, -1395, -1132, -575, -566, -512, 
444, 409, -34, -427, 239, 187, -527, -1395, -1132, -575, -566, -512, 
444, 409, -34, -427, 239, 187, -527, -1395, -1132, -575, -566, -512, 
444, 409, -34, -427, 239, 187, -527, -1395, -1132, -575, -566, -512, 
444, 409, -34, -427, 239, 187, -527, -1395, -1132, -580, -566, -512, 
444, 409, -34, -427, 239, 187, -527, -1395, -1132, -580, -566, -512, 
444, 409, -34, -427, 239, 187, -527, -1395, -1132, -580, -561, -517, 
444, 409, -34, -427, 239, 187, -517, -1395, -1137, -580, -551, -517, 
444, 409, -34, -427, 239, 187, -517, -1400, -1137, -580, -556, -517, 
444, 409, -34, -427, 239, 187, -517, -1400, -1137, -580, -556, -517, 
444, 409, -34, -427, 239, 187, -517, -1405, -1137, -580, -556, -517, 
434, 400, -34, -417, 234, 183, -517, -1395, -1137, -580, -556, -507, 
434, 400, -34, -417, 234, 183, -517, -1395, -1137, -580, -556, -507, 
434, 400, -34, -417, 234, 183, -517, -1395, -1137, -580, -556, -507, 
434, 400, -34, -417, 234, 183, -517, -1395, -1137, -580, -556, -512, 
444, 400, -43, -422, 244, 178, -527, -1390, -1146, -580, -556, -522, 
444, 400, -43, -422, 244, 178, -527, -1390, -1146, -580, -556, -522, 
444, 400, -43, -422, 244, 178, -527, -1395, -1146, -580, -556, -522, 
444, 405, -39, -424, 241, 183, -527, -1395, -1146, -580, -556, -517, 
448, 405, -43, -427, 246, 180, -527, -1395, -1137, -580, -556, -517, 
448, 400, -48, -424, 248, 175, -527, -1395, -1137, -580, -556, -517, 
448, 400, -48, -424, 248, 175, -531, -1390, -1137, -580, -561, -517, 
448, 400, -48, -424, 248, 175, -531, -1390, -1137, -580, -561, -517, 
439, 390, -48, -414, 244, 170, -522, -1381, -1127, -570, -556, -517, 
439, 390, -48, -414, 244, 170, -522, -1381, -1127, -570, -556, -517, 
439, 390, -48, -414, 244, 170, -522, -1381, -1127, -575, -556, -517, 
439, 390, -48, -414, 244, 170, -527, -1381, -1127, -575, -556, -517, 
448, 390, -58, -419, 253, 165, -517, -1381, -1137, -575, -556, -517, 
448, 390, -58, -419, 253, 165, -517, -1390, -1141, -575, -556, -517, 
448, 390, -58, -419, 253, 165, -517, -1390, -1141, -575, -561, -517, 
448, 390, -58, -419, 253, 165, -517, -1385, -1141, -575, -561, -517, 
448, 395, -53, -422, 251, 170, -512, -1390, -1132, -575, -561, -517, 
448, 395, -53, -422, 251, 170, -512, -1390, -1132, -575, -561, -517, 
448, 395, -53, -422, 251, 170, -512, -1390, -1137, -575, -561, -512, 
448, 390, -58, -419, 253, 165, -512, -1395, -1137, -575, -561, -512, 
448, 395, -53, -422, 251, 170, -512, -1385, -1146, -575, -561, -527, 
448, 395, -53, -422, 251, 170, -512, -1385, -1146, -570, -561, -527, 
448, 395, -53, -422, 251, 170, -512, -1385, -1146, -570, -556, -522, 
448, 395, -53, -422, 251, 170, -512, -1385, -1146, -575, -556, -522, 
448, 405, -43, -427, 246, 180, -512, -1385, -1137, -585, -556, -522, 
448, 405, -43, -427, 246, 180, -512, -1385, -1137, -585, -561, -522, 
448, 405, -43, -427, 246, 180, -512, -1385, -1137, -585, -561, -522, 
448, 405, -43, -427, 246, 180, -512, -1385, -1137, -590, -561, -522, 
448, 405, -43, -427, 246, 180, -512, -1376, -1132, -580, -551, -512, 
439, 405, -34, -422, 236, 185, -512, -1376, -1141, -580, -551, -512, 
439, 400, -39, -419, 239, 180, -517, -1385, -1151, -585, -556, -517, 
448, 400, -48, -424, 248, 175, -517, -1385, -1141, -585, -566, -517, 
448, 400, -48, -424, 248, 175, -517, -1385, -1141, -585, -566, -517, 
448, 400, -48, -424, 248, 175, -517, -1385, -1141, -585, -566, -517, 
448, 400, -48, -424, 248, 175, -517, -1385, -1141, -585, -566, -517, 
448, 400, -48, -424, 248, 175, -522, -1395, -1137, -585, -556, -517, 
439, 400, -39, -419, 239, 180, -522, -1395, -1137, -585, -556, -517, 
439, 400, -39, -419, 239, 180, -522, -1390, -1132, -585, -556, -517, 
439, 400, -39, -419, 239, 180, -522, -1390, -1132, -585, -556, -517, 
444, 395, -48, -419, 246, 173, -512, -1390, -1137, -585, -556, -517, 
444, 395, -48, -419, 246, 173, -512, -1390, -1137, -585, -556, -517, 
444, 395, -48, -419, 246, 173, -512, -1390, -1132, -585, -556, -517, 
444, 395, -48, -419, 246, 173, -512, -1390, -1132, -585, -556, -517, 
444, 405, -39, -424, 241, 183, -512, -1390, -1141, -575, -556, -517, 
444, 390, -53, -417, 248, 168, -512, -1385, -1146, -580, -556, -522, 
444, 385, -58, -414, 251, 163, -507, -1381, -1146, -580, -566, -522, 
444, 385, -58, -414, 251, 163, -502, -1376, -1146, -580, -566, -522, 
453, 385, -68, -419, 261, 158, -502, -1381, -1137, -580, -566, -522, 
453, 385, -68, -419, 261, 158, -502, -1381, -1137, -580, -566, -527, 
453, 385, -68, -419, 261, 158, -502, -1381, -1132, -580, -566, -527, 
458, 390, -68, -424, 263, 161, -507, -1381, -1132, -575, -561, -527, 
468, 385, -82, -427, 275, 151, -497, -1366, -1137, -585, -566, -527, 
468, 385, -82, -427, 275, 151, -497, -1356, -1132, -580, -566, -517, 
473, 400, -73, -436, 273, 163, -492, -1351, -1122, -570, -561, -517, 
473, 405, -68, -439, 270, 168, -492, -1346, -1122, -566, -561, -517, 
478, 409, -68, -444, 273, 170, -492, -1342, -1102, -556, -551, -512, 
478, 419, -58, -448, 268, 180, -488, -1342, -1102, -546, -541, -507, 
478, 434, -43, -456, 261, 195, -483, -1342, -1098, -546, -541, -502, 
478, 434, -43, -456, 261, 195, -483, -1337, -1093, -546, -541, -502, 
478, 434, -43, -456, 261, 195, -483, -1337, -1088, -546, -531, -497, 
483, 434, -48, -458, 265, 192, -483, -1342, -1088, -546, -531, -497, 
488, 439, -48, -463, 268, 195, -488, -1342, -1088, -546, -531, -497, 
488, 444, -43, -466, 265, 200, -488, -1342, -1083, -536, -527, -492, 
488, 448, -39, -468, 263, 204, -488, -1327, -1078, -536, -531, -502, 
492, 468, -24, -480, 258, 222, -497, -1322, -1063, -527, -527, -492, 
497, 488, -9, -492, 253, 239, -507, -1322, -1063, -522, -517, -488, 
507, 502, -4, -505, 256, 248, -517, -1332, -1063, -517, -502, -473, 
512, 527, 14, -519, 248, 270, -527, -1337, -1054, -502, -488, -453, 
512, 527, 14, -519, 248, 270, -536, -1337, -1058, -502, -488, -453, 
517, 522, 4, -519, 256, 263, -536, -1337, -1058, -507, -488, -458, 
517, 522, 4, -519, 256, 263, -541, -1346, -1068, -512, -497, -458, 
517, 512, -4, -514, 261, 253, -541, -1361, -1088, -517, -502, -463, 
507, 507, 0, -507, 253, 253, -541, -1366, -1102, -527, -507, -468, 
502, 492, -9, -497, 256, 241, -536, -1371, -1112, -536, -512, -473, 
502, 488, -14, -495, 258, 236, -536, -1371, -1127, -541, -512, -478, 
512, 478, -34, -495, 273, 222, -531, -1371, -1132, -551, -522, -488, 
507, 458, -48, -483, 278, 204, -531, -1371, -1127, -561, -527, -492, 
507, 448, -58, -478, 283, 195, -527, -1371, -1122, -561, -527, -492, 
507, 458, -48, -483, 278, 204, -527, -1376, -1117, -556, -527, -488, 
507, 468, -39, -488, 273, 214, -541, -1376, -1117, -556, -536, -497, 
502, 463, -39, -483, 270, 212, -541, -1376, -1122, -556, -536, -497, 
502, 463, -39, -483, 270, 212, -541, -1376, -1122, -556, -541, -502, 
497, 458, -39, -478, 268, 209, -536, -1376, -1122, -556, -541, -502, 
492, 453, -39, -473, 265, 207, -536, -1366, -1132, -551, -531, -492, 
488, 439, -48, -463, 268, 195, -536, -1366, -1137, -556, -541, -502, 
483, 429, -53, -456, 268, 187, -531, -1376, -1141, -561, -546, -512, 
478, 419, -58, -448, 268, 180, -527, -1376, -1146, -570, -556, -517, 
473, 409, -63, -441, 268, 173, -512, -1385, -1146, -575, -566, -522, 
468, 409, -58, -439, 263, 175, -512, -1385, -1141, -580, -566, -522, 
468, 409, -58, -439, 263, 175, -512, -1385, -1141, -590, -566, -522, 
468, 409, -58, -439, 263, 175, -512, -1385, -1146, -600, -570, -522, 
468, 405, -63, -436, 265, 170, -517, -1385, -1151, -590, -575, -531, 
468, 400, -68, -434, 268, 165, -517, -1385, -1156, -590, -575, -531, 
473, 400, -73, -436, 273, 163, -517, -1385, -1156, -595, -575, -531, 
473, 400, -73, -436, 273, 163, -517, -1385, -1151, -595, -575, -536, 
463, 395, -68, -429, 265, 163, -527, -1376, -1141, -595, -566, -527, 
458, 390, -68, -424, 263, 161, -527, -1376, -1146, -595, -566, -527, 
458, 390, -68, -424, 263, 161, -527, -1376, -1146, -595, -570, -531, 
453, 385, -68, -419, 261, 158, -527, -1376, -1141, -595, -570, -531, 
463, 385, -78, -424, 270, 153, -517, -1376, -1146, -595, -580, -536, 
463, 385, -78, -424, 270, 153, -517, -1376, -1151, -595, -580, -536, 
463, 385, -78, -424, 270, 153, -517, -1376, -1156, -595, -580, -536, 
463, 385, -78, -424, 270, 153, -517, -1376, -1161, -595, -580, -536, 
458, 385, -73, -422, 265, 156, -507, -1381, -1161, -595, -570, -536, 
458, 385, -73, -422, 265, 156, -502, -1381, -1161, -595, -570, -536, 
458, 385, -73, -422, 265, 156, -502, -1381, -1161, -595, -570, -536, 
458, 385, -73, -422, 265, 156, -502, -1381, -1161, -590, -570, -536, 
448, 385, -63, -417, 256, 161, -502, -1371, -1151, -590, -570, -536, 
448, 385, -63, -417, 256, 161, -497, -1371, -1146, -590, -570, -536, 
448, 385, -63, -417, 256, 161, -497, -1371, -1146, -590, -570, -536, 
448, 385, -63, -417, 256, 161, -497, -1371, -1146, -590, -570, -541, 
448, 390, -58, -419, 253, 165, -507, -1371, -1137, -590, -575, -541, 
439, 380, -58, -409, 248, 161, -502, -1390, -1141, -590, -575, -551, 
439, 380, -58, -409, 248, 161, -492, -1385, -1137, -590, -575, -546, 
434, 380, -53, -407, 244, 163, -478, -1366, -1117, -590, -585, -551, 
429, 370, -58, -400, 244, 156, -463, -1351, -1112, -590, -580, -556, 
414, 356, -58, -385, 236, 148, -424, -1322, -1093, -590, -590, -570, 
390, 356, -34, -373, 212, 161, -380, -1288, -1049, -580, -590, -570, 
361, 351, -9, -356, 185, 170, -326, -1249, -1005, -566, -590, -575, 
331, 331, 0, -331, 165, 165, -268, -1210, -976, -556, -600, -580, 
322, 331, 9, -326, 156, 170, -219, -1156, -927, -536, -610, -590, 
322, 346, 24, -334, 148, 185, -180, -1078, -863, -483, -585, -585, 
341, 380, 39, -361, 151, 209, -161, -985, -771, -405, -546, -570, 
385, 405, 19, -395, 183, 212, -161, -883, -673, -317, -507, -561, 
448, 458, 9, -453, 219, 234, -170, -785, -570, -219, -439, -531, 
531, 541, 9, -536, 261, 275, -200, -692, -483, -97, -356, -483, 
614, 624, 9, -619, 302, 317, -244, -634, -390, 34, -263, -419, 
722, 712, -9, -717, 366, 351, -312, -629, -312, 151, -156, -341, 
819, 844, 24, -832, 397, 434, -424, -702, -248, 283, -39, -244, 
902, 1029, 126, -966, 387, 578, -575, -849, -219, 439, 107, -107, 
980, 1239, 258, -1110, 361, 749, -751, -1039, -239, 595, 283, 53, 
1049, 1429, 380, -1239, 334, 905, -912, -1244, -258, 722, 439, 185, 
1068, 1507, 439, -1288, 314, 973, -990, -1381, -239, 746, 497, 239, 
1044, 1434, 390, -1239, 326, 912, -1019, -1454, -239, 658, 439, 209, 
1015, 1254, 239, -1134, 387, 746, -1029, -1507, -317, 468, 292, 107, 
966, 1078, 112, -1022, 427, 595, -1049, -1615, -512, 219, 112, 0, 
897, 946, 48, -922, 424, 497, -1054, -1805, -810, -43, -43, -92, 
780, 829, 48, -805, 366, 439, -1019, -2020, -1185, -326, -204, -170, 
653, 688, 34, -671, 309, 361, -946, -2181, -1527, -610, -375, -278, 
531, 575, 43, -553, 244, 309, -844, -2191, -1659, -732, -483, -361, 
434, 541, 107, -488, 163, 324, -732, -2093, -1566, -697, -502, -385, 
395, 531, 136, -463, 129, 334, -658, -2010, -1483, -658, -507, -400, 
370, 483, 112, -427, 129, 297, -624, -1952, -1493, -673, -536, -439, 
361, 444, 82, -402, 139, 263, -614, -1908, -1473, -697, -556, -478, 
356, 414, 58, -385, 148, 236, -614, -1864, -1454, -707, -580, -502, 
356, 390, 34, -373, 161, 212, -629, -1825, -1454, -722, -595, -512, 
361, 356, -4, -358, 183, 175, -605, -1790, -1434, -722, -605, -536, 
361, 356, -4, -358, 183, 175, -566, -1727, -1385, -697, -605, -536, 
356, 351, -4, -353, 180, 173, -517, -1654, -1332, -673, -590, -536, 
366, 351, -14, -358, 190, 168, -497, -1586, -1288, -663, -600, -536, 
385, 351, -34, -368, 209, 158, -502, -1522, -1259, -649, -600, -536, 
395, 351, -43, -373, 219, 153, -488, -1464, -1210, -629, -590, -527, 
400, 351, -48, -375, 224, 151, -473, -1410, -1161, -614, -580, -527, 
419, 366, -53, -392, 236, 156, -473, -1376, -1122, -590, -561, -517, 
444, 400, -43, -422, 244, 178, -473, -1361, -1093, -551, -546, -512, 
448, 429, -19, -439, 234, 204, -478, -1351, -1068, -527, -531, -507, 
458, 439, -19, -448, 239, 209, -478, -1356, -1068, -527, -517, -497, 
473, 439, -34, -456, 253, 202, -483, -1351, -1083, -531, -527, -497, 
478, 439, -39, -458, 258, 200, -483, -1346, -1088, -541, -527, -497, 
478, 434, -43, -456, 261, 195, -483, -1332, -1088, -551, -531, -497, 
473, 424, -48, -448, 261, 187, -478, -1317, -1088, -556, -536, -502, 
453, 414, -39, -434, 246, 187, -468, -1312, -1088, -566, -551, -512, 
453, 409, -43, -431, 248, 183, -468, -1312, -1088, -566, -556, -517, 
453, 409, -43, -431, 248, 183, -468, -1307, -1083, -566, -556, -517, 
453, 414, -39, -434, 246, 187, -468, -1307, -1078, -556, -556, -517, 
453, 419, -34, -436, 244, 192, -468, -1307, -1068, -541, -541, -527, 
458, 429, -29, -444, 244, 200, -473, -1302, -1063, -531, -541, -522, 
468, 434, -34, -451, 251, 200, -478, -1298, -1054, -527, -536, -522, 
473, 434, -39, -453, 256, 197, -478, -1288, -1054, -527, -531, -522, 
483, 444, -39, -463, 261, 202, -478, -1293, -1054, -527, -531, -512, 
478, 439, -39, -458, 258, 200, -478, -1288, -1054, -531, -531, -512, 
478, 439, -39, -458, 258, 200, -478, -1288, -1049, -531, -531, -512, 
478, 434, -43, -456, 261, 195, -478, -1283, -1044, -527, -531, -512, 
488, 434, -53, -461, 270, 190, -478, -1268, -1029, -536, -531, -512, 
488, 439, -48, -463, 268, 195, -478, -1268, -1029, -536, -531, -512, 
492, 439, -53, -466, 273, 192, -478, -1263, -1019, -527, -531, -512, 
492, 444, -48, -468, 270, 197, -478, -1263, -1019, -522, -527, -512, 
483, 448, -34, -466, 258, 207, -468, -1263, -1029, -512, -522, -507, 
488, 448, -39, -468, 263, 204, -468, -1263, -1024, -512, -522, -507, 
492, 448, -43, -470, 268, 202, -468, -1263, -1019, -507, -522, -507, 
492, 453, -39, -473, 265, 207, -468, -1263, -1019, -507, -517, -507, 
492, 453, -39, -473, 265, 207, -468, -1254, -1029, -502, -527, -507, 
492, 458, -34, -475, 263, 212, -473, -1249, -1024, -502, -522, -502, 
492, 458, -34, -475, 263, 212, -473, -1239, -1019, -497, -522, -502, 
497, 458, -39, -478, 268, 209, -473, -1234, -1015, -497, -522, -502, 
502, 463, -39, -483, 270, 212, -463, -1220, -1015, -507, -522, -492, 
502, 468, -34, -485, 268, 217, -458, -1220, -1015, -507, -517, -492, 
502, 468, -34, -485, 268, 217, -458, -1220, -1005, -497, -517, -488, 
502, 468, -34, -485, 268, 217, -458, -1215, -1005, -492, -512, -483, 
502, 478, -24, -490, 263, 226, -468, -1224, -1015, -488, -512, -492, 
502, 483, -19, -492, 261, 231, -468, -1220, -1005, -488, -512, -492, 
507, 483, -24, -495, 265, 229, -468, -1215, -1000, -483, -512, -492, 
507, 488, -19, -497, 263, 234, -463, -1210, -995, -483, -512, -497, 
497, 488, -9, -492, 253, 239, -463, -1200, -985, -473, -507, -497, 
502, 488, -14, -495, 258, 236, -463, -1200, -980, -468, -507, -492, 
502, 492, -9, -497, 256, 241, -463, -1190, -976, -468, -507, -492, 
507, 492, -14, -500, 261, 239, -463, -1185, -971, -463, -502, -492, 
507, 492, -14, -500, 261, 239, -473, -1195, -976, -473, -502, -502, 
512, 492, -19, -502, 265, 236, -473, -1190, -971, -473, -492, -497, 
512, 492, -19, -502, 265, 236, -473, -1185, -966, -463, -492, -492, 
512, 492, -19, -502, 265, 236, -473, -1180, -961, -463, -492, -488, 
522, 497, -24, -509, 273, 236, -473, -1176, -946, -458, -492, -478, 
527, 502, -24, -514, 275, 239, -473, -1171, -946, -453, -492, -478, 
527, 507, -19, -517, 273, 244, -473, -1166, -941, -448, -488, -478, 
527, 512, -14, -519, 270, 248, -473, -1166, -941, -444, -488, -478, 
522, 522, 0, -522, 261, 261, -473, -1161, -941, -444, -483, -483, 
522, 522, 0, -522, 261, 261, -473, -1156, -936, -439, -483, -483, 
522, 522, 0, -522, 261, 261, -473, -1151, -927, -434, -478, -483, 
522, 527, 4, -524, 258, 265, -473, -1141, -922, -429, -473, -478, 
531, 536, 4, -534, 263, 270, -463, -1137, -917, -429, -478, -478, 
536, 536, 0, -536, 268, 268, -463, -1132, -912, -424, -478, -478, 
541, 541, 0, -541, 270, 270, -463, -1127, -907, -419, -478, -478, 
541, 541, 0, -541, 270, 270, -463, -1122, -897, -414, -468, -473, 
551, 541, -9, -546, 280, 265, -463, -1112, -897, -409, -458, -478, 
556, 546, -9, -551, 283, 268, -463, -1112, -893, -405, -458, -478, 
556, 556, 0, -556, 278, 278, -463, -1102, -888, -395, -448, -478, 
561, 556, -4, -558, 283, 275, -463, -1098, -878, -390, -444, -473, 
561, 551, -9, -556, 285, 270, -463, -1083, -873, -375, -439, -463, 
566, 556, -9, -561, 287, 273, -463, -1078, -858, -370, -434, -458, 
566, 561, -4, -563, 285, 278, -463, -1063, -849, -361, -429, -448, 
575, 566, -9, -570, 292, 278, -463, -1054, -834, -361, -429, -444, 
570, 580, 9, -575, 280, 295, -463, -1054, -829, -351, -414, -434, 
570, 585, 14, -578, 278, 300, -463, -1049, -829, -346, -414, -434, 
570, 590, 19, -580, 275, 305, -458, -1034, -819, -341, -409, -434, 
580, 595, 14, -588, 283, 305, -458, -1024, -810, -336, -405, -434, 
570, 595, 24, -583, 273, 309, -458, -1015, -800, -331, -409, -429, 
575, 600, 24, -588, 275, 312, -458, -1010, -790, -322, -405, -429, 
580, 605, 24, -592, 278, 314, -453, -1000, -780, -312, -400, -419, 
585, 610, 24, -597, 280, 317, -453, -990, -771, -302, -395, -414, 
600, 610, 9, -605, 295, 309, -448, -971, -771, -292, -400, -409, 
605, 614, 9, -610, 297, 312, -444, -956, -761, -287, -390, -405, 
610, 624, 14, -617, 297, 319, -439, -946, -746, -278, -385, -405, 
614, 629, 14, -622, 300, 322, -434, -936, -736, -268, -375, -400, 
629, 644, 14, -636, 307, 329, -444, -941, -732, -268, -370, -395, 
634, 653, 19, -644, 307, 336, -448, -932, -722, -263, -361, -390, 
644, 663, 19, -653, 312, 341, -453, -922, -712, -253, -356, -385, 
644, 668, 24, -656, 309, 346, -458, -912, -702, -244, -351, -380, 
649, 673, 24, -661, 312, 348, -453, -893, -683, -234, -331, -375, 
658, 688, 29, -673, 314, 358, -453, -878, -673, -224, -326, -370, 
663, 688, 24, -675, 319, 356, -453, -863, -663, -204, -317, -366, 
668, 702, 34, -685, 317, 368, -453, -849, -653, -195, -312, -356, 
668, 707, 39, -688, 314, 373, -453, -849, -658, -195, -307, -356, 
673, 717, 43, -695, 314, 380, -453, -844, -649, -185, -297, -351, 
678, 722, 43, -700, 317, 383, -453, -834, -644, -175, -287, -341, 
683, 727, 43, -705, 319, 385, -453, -824, -629, -165, -283, -341, 
688, 751, 63, -719, 312, 407, -453, -824, -614, -165, -287, -336, 
697, 761, 63, -729, 317, 412, -463, -814, -610, -156, -278, -326, 
702, 771, 68, -736, 317, 419, -463, -805, -600, -146, -268, -326, 
702, 771, 68, -736, 317, 419, -463, -800, -590, -136, -263, -322, 
707, 790, 82, -749, 312, 436, -463, -795, -590, -126, -258, -326, 
712, 790, 78, -751, 317, 434, -463, -790, -585, -117, -248, -322, 
717, 800, 82, -758, 317, 441, -463, -790, -580, -107, -244, -317, 
722, 810, 87, -766, 317, 448, -463, -780, -570, -102, -239, -317, 
722, 805, 82, -763, 319, 444, -468, -780, -566, -97, -234, -307, 
722, 805, 82, -763, 319, 444, -468, -780, -561, -92, -224, -307, 
722, 814, 92, -768, 314, 453, -468, -780, -556, -92, -224, -302, 
727, 814, 87, -771, 319, 451, -468, -780, -551, -87, -219, -302, 
727, 810, 82, -768, 322, 446, -458, -780, -546, -73, -219, -302, 
732, 814, 82, -773, 324, 448, -463, -780, -546, -73, -214, -297, 
732, 819, 87, -775, 322, 453, -463, -780, -551, -68, -214, -292, 
732, 819, 87, -775, 322, 453, -468, -790, -551, -68, -214, -292, 
727, 824, 97, -775, 314, 461, -468, -795, -546, -68, -204, -287, 
722, 824, 102, -773, 309, 463, -463, -800, -546, -73, -204, -287, 
722, 819, 97, -771, 312, 458, -463, -819, -551, -78, -209, -292, 
722, 814, 92, -768, 314, 453, -468, -834, -566, -82, -214, -292, 
717, 805, 87, -761, 314, 446, -458, -844, -570, -82, -214, -287, 
707, 795, 87, -751, 309, 441, -453, -863, -590, -92, -224, -287, 
702, 785, 82, -744, 309, 434, -453, -883, -600, -112, -234, -302, 
697, 771, 73, -734, 312, 422, -458, -902, -614, -122, -248, -307, 
688, 766, 78, -727, 305, 422, -458, -922, -624, -131, -248, -312, 
678, 756, 78, -717, 300, 417, -458, -936, -644, -146, -263, -326, 
663, 741, 78, -702, 292, 409, -458, -961, -668, -161, -273, -336, 
658, 732, 73, -695, 292, 402, -458, -980, -683, -185, -287, -346, 
649, 722, 73, -685, 287, 397, -463, -1005, -707, -204, -302, -366, 
639, 707, 68, -673, 285, 387, -463, -1024, -732, -224, -312, -375, 
634, 688, 53, -661, 290, 370, -458, -1044, -756, -244, -331, -380, 
624, 673, 48, -649, 287, 361, -453, -1058, -780, -263, -346, -390, 
624, 658, 34, -641, 295, 346, -463, -1098, -805, -268, -356, -390, 
614, 649, 34, -631, 290, 341, -463, -1112, -819, -287, -370, -400, 
605, 634, 29, -619, 287, 331, -468, -1132, -844, -307, -385, -409, 
595, 619, 24, -607, 285, 322, -468, -1146, -863, -326, -400, -424, 
575, 619, 43, -597, 265, 331, -458, -1171, -878, -351, -414, -434, 
566, 614, 48, -590, 258, 331, -463, -1185, -893, -370, -419, -444, 
566, 600, 34, -583, 265, 317, -468, -1200, -912, -385, -429, -458, 
561, 595, 34, -578, 263, 314, -468, -1215, -932, -405, -444, -473, 
556, 580, 24, -568, 265, 302, -463, -1220, -956, -409, -448, -473, 
546, 566, 19, -556, 263, 292, -463, -1234, -976, -424, -458, -473, 
541, 546, 4, -544, 268, 275, -463, -1244, -995, -434, -468, -483, 
536, 531, -4, -534, 270, 263, -463, -1254, -1005, -448, -473, -488, 
522, 522, 0, -522, 261, 261, -473, -1268, -1005, -458, -497, -492, 
522, 512, -9, -517, 265, 251, -463, -1273, -1015, -473, -502, -497, 
517, 507, -9, -512, 263, 248, -463, -1273, -1029, -483, -507, -502, 
512, 497, -14, -505, 263, 241, -463, -1278, -1029, -488, -517, -507, 
512, 488, -24, -500, 268, 231, -478, -1293, -1044, -497, -527, -512, 
507, 488, -19, -497, 263, 234, -478, -1298, -1054, -502, -531, -517, 
502, 483, -19, -492, 261, 231, -478, -1307, -1068, -507, -531, -522, 
502, 483, -19, -492, 261, 231, -483, -1307, -1068, -512, -536, -522, 
507, 478, -29, -492, 268, 224, -483, -1317, -1078, -517, -536, -527, 
507, 468, -39, -488, 273, 214, -483, -1322, -1078, -522, -541, -527, 
507, 468, -39, -488, 273, 214, -483, -1322, -1088, -522, -551, -531, 
507, 463, -43, -485, 275, 209, -483, -1322, -1088, -527, -551, -536, 
497, 463, -34, -480, 265, 214, -473, -1337, -1098, -527, -546, -536, 
497, 458, -39, -478, 268, 209, -473, -1337, -1102, -531, -546, -536, 
497, 453, -43, -475, 270, 204, -478, -1337, -1107, -536, -546, -536, 
497, 453, -43, -475, 270, 204, -478, -1342, -1112, -541, -546, -536, 
507, 444, -63, -475, 285, 190, -468, -1342, -1102, -541, -556, -536, 
502, 439, -63, -470, 283, 187, -468, -1342, -1107, -541, -556, -536, 
502, 439, -63, -470, 283, 187, -468, -1342, -1112, -541, -556, -531, 
502, 439, -63, -470, 283, 187, -468, -1346, -1112, -546, -561, -531, 
502, 439, -63, -470, 283, 187, -468, -1337, -1102, -546, -551, -531, 
502, 439, -63, -470, 283, 187, -468, -1337, -1102, -546, -556, -531, 
502, 439, -63, -470, 283, 187, -468, -1337, -1102, -551, -556, -531, 
502, 439, -63, -470, 283, 187, -468, -1337, -1102, -551, -556, -536, 
492, 434, -58, -463, 275, 187, -463, -1337, -1102, -546, -546, -541, 
492, 434, -58, -463, 275, 187, -468, -1337, -1102, -546, -546, -541, 
492, 439, -53, -466, 273, 192, -468, -1337, -1107, -546, -546, -541, 
492, 439, -53, -466, 273, 192, -468, -1337, -1107, -546, -546, -541, 
492, 448, -43, -470, 268, 202, -473, -1346, -1112, -556, -556, -541, 
492, 444, -48, -468, 270, 197, -473, -1346, -1112, -556, -556, -541, 
492, 444, -48, -468, 270, 197, -473, -1346, -1117, -556, -556, -541, 
492, 444, -48, -468, 270, 197, -473, -1356, -1117, -551, -556, -541, 
492, 444, -48, -468, 270, 197, -473, -1356, -1117, -551, -556, -541, 
492, 444, -48, -468, 270, 197, -473, -1361, -1117, -556, -556, -541, 
492, 444, -48, -468, 270, 197, -473, -1361, -1117, -556, -561, -541, 
492, 444, -48, -468, 270, 197, -473, -1361, -1117, -556, -561, -541, 
502, 444, -58, -473, 280, 192, -478, -1356, -1117, -541, -561, -551, 
502, 444, -58, -473, 280, 192, -478, -1356, -1117, -541, -561, -551, 
502, 444, -58, -473, 280, 192, -478, -1356, -1117, -541, -561, -551, 
502, 444, -58, -473, 280, 192, -478, -1356, -1117, -541, -561, -551, 
502, 453, -48, -478, 275, 202, -473, -1356, -1117, -551, -561, -551, 
502, 453, -48, -478, 275, 202, -473, -1351, -1117, -546, -561, -551, 
502, 453, -48, -478, 275, 202, -473, -1351, -1117, -546, -561, -556, 
502, 453, -48, -478, 275, 202, -473, -1351, -1117, -551, -561, -556, 
507, 453, -53, -480, 280, 200, -473, -1351, -1117, -551, -561, -546, 
507, 453, -53, -480, 280, 200, -473, -1351, -1117, -551, -561, -546, 
507, 453, -53, -480, 280, 200, -473, -1356, -1117, -551, -561, -546, 
507, 453, -53, -480, 280, 200, -473, -1356, -1117, -551, -556, -546, 
502, 448, -53, -475, 278, 197, -463, -1351, -1107, -541, -556, -546, 
497, 453, -43, -475, 270, 204, -468, -1351, -1107, -541, -556, -546, 
497, 453, -43, -475, 270, 204, -468, -1356, -1107, -541, -561, -546, 
492, 453, -39, -473, 265, 207, -468, -1356, -1107, -541, -561, -546, 
492, 453, -39, -473, 265, 207, -478, -1356, -1107, -551, -570, -546, 
492, 453, -39, -473, 265, 207, -478, -1351, -1107, -551, -566, -546, 
492, 453, -39, -473, 265, 207, -478, -1351, -1107, -551, -566, -546, 
492, 453, -39, -473, 265, 207, -478, -1351, -1107, -551, -566, -546, 
492, 453, -39, -473, 265, 207, -468, -1351, -1117, -551, -566, -546, 
492, 453, -39, -473, 265, 207, -468, -1351, -1117, -551, -566, -546, 
492, 453, -39, -473, 265, 207, -468, -1351, -1117, -551, -566, -546, 
492, 453, -39, -473, 265, 207, -468, -1351, -1117, -551, -566, -546, 
502, 444, -58, -473, 280, 192, -468, -1351, -1107, -561, -566, -546, 
502, 444, -58, -473, 280, 192, -468, -1351, -1107, -561, -566, -546, 
497, 444, -53, -470, 275, 195, -468, -1351, -1107, -556, -566, -546, 
497, 444, -53, -470, 275, 195, -468, -1351, -1107, -551, -566, -541, 
497, 444, -53, -470, 275, 195, -478, -1351, -1107, -551, -566, -541, 
502, 448, -53, -475, 278, 197, -478, -1351, -1107, -551, -566, -546, 
502, 448, -53, -475, 278, 197, -478, -1351, -1107, -551, -566, -546, 
497, 448, -48, -473, 273, 200, -478, -1351, -1107, -551, -566, -546, 
497, 453, -43, -475, 270, 204, -478, -1351, -1107, -551, -556, -546, 
502, 458, -43, -480, 273, 207, -478, -1351, -1107, -551, -556, -546, 
502, 463, -39, -483, 270, 212, -478, -1351, -1107, -551, -556, -546, 
502, 463, -39, -483, 270, 212, -478, -1351, -1107, -551, -556, -546, 
502, 453, -48, -478, 275, 202, -468, -1351, -1107, -551, -566, -551, 
502, 463, -39, -483, 270, 212, -468, -1351, -1107, -551, -566, -551, 
502, 463, -39, -483, 270, 212, -468, -1351, -1107, -551, -566, -551, 
502, 458, -43, -480, 273, 207, -468, -1351, -1107, -551, -566, -551, 
512, 468, -43, -490, 278, 212, -468, -1351, -1107, -551, -575, -551, 
512, 468, -43, -490, 278, 212, -468, -1351, -1107, -551, -575, -551, 
512, 468, -43, -490, 278, 212, -468, -1356, -1107, -551, -575, -556, 
512, 468, -43, -490, 278, 212, -468, -1356, -1107, -551, -575, -556, 
502, 468, -34, -485, 268, 217, -483, -1346, -1107, -551, -566, -556, 
502, 468, -34, -485, 268, 217, -483, -1351, -1107, -551, -566, -551, 
502, 468, -34, -485, 268, 217, -483, -1351, -1112, -556, -566, -551, 
502, 468, -34, -485, 268, 217, -483, -1351, -1112, -556, -566, -556, 
502, 468, -34, -485, 268, 217, -473, -1351, -1112, -541, -556, -546, 
502, 468, -34, -485, 268, 217, -473, -1351, -1112, -541, -556, -546, 
502, 468, -34, -485, 268, 217, -473, -1351, -1117, -546, -556, -546, 
502, 468, -34, -485, 268, 217, -473, -1351, -1117, -546, -556, -546, 
502, 458, -43, -480, 273, 207, -473, -1351, -1112, -536, -556, -546, 
502, 458, -43, -480, 273, 207, -473, -1356, -1112, -536, -561, -546, 
502, 458, -43, -480, 273, 207, -473, -1361, -1107, -541, -561, -546, 
502, 458, -43, -480, 273, 207, -473, -1361, -1102, -541, -561, -546, 
502, 458, -43, -480, 273, 207, -483, -1371, -1102, -546, -561, -546, 
502, 458, -43, -480, 273, 207, -483, -1371, -1102, -546, -561, -546, 
502, 458, -43, -480, 273, 207, -483, -1366, -1102, -551, -561, -546, 
502, 458, -43, -480, 273, 207, -483, -1366, -1102, -556, -561, -551, 
512, 458, -53, -485, 283, 202, -478, -1371, -1112, -556, -570, -551, 
512, 458, -53, -485, 283, 202, -478, -1371, -1112, -556, -570, -551, 
512, 458, -53, -485, 283, 202, -478, -1371, -1112, -556, -570, -556, 
512, 458, -53, -485, 283, 202, -473, -1376, -1112, -566, -570, -556, 
512, 458, -53, -485, 283, 202, -473, -1366, -1127, -566, -570, -556, 
512, 458, -53, -485, 283, 202, -473, -1366, -1127, -566, -570, -556, 
512, 458, -53, -485, 283, 202, -473, -1366, -1127, -566, -570, -551, 
512, 458, -53, -485, 283, 202, -478, -1366, -1132, -566, -570, -551, 
512, 463, -48, -488, 280, 207, -478, -1376, -1122, -561, -561, -551, 
512, 458, -53, -485, 283, 202, -478, -1381, -1122, -561, -561, -551, 
512, 458, -53, -485, 283, 202, -478, -1381, -1122, -561, -561, -551, 
512, 458, -53, -485, 283, 202, -478, -1381, -1122, -566, -561, -551, 
502, 458, -43, -480, 273, 207, -468, -1371, -1137, -556, -570, -551, 
502, 458, -43, -480, 273, 207, -468, -1371, -1137, -556, -570, -551, 
502, 463, -39, -483, 270, 212, -468, -1376, -1141, -556, -570, -551, 
502, 463, -39, -483, 270, 212, -468, -1376, -1141, -556, -570, -551, 
502, 473, -29, -488, 265, 222, -478, -1376, -1137, -556, -566, -561, 
502, 468, -34, -485, 268, 217, -478, -1376, -1132, -556, -566, -561, 
502, 468, -34, -485, 268, 217, -478, -1376, -1127, -556, -566, -561, 
502, 468, -34, -485, 268, 217, -478, -1376, -1122, -556, -566, -561, 
512, 468, -43, -490, 278, 212, -478, -1385, -1122, -556, -575, -561, 
512, 468, -43, -490, 278, 212, -478, -1385, -1122, -561, -575, -561, 
512, 468, -43, -490, 278, 212, -478, -1385, -1122, -561, -575, -561, 
512, 468, -43, -490, 278, 212, -478, -1385, -1122, -561, -570, -566, 
512, 468, -43, -490, 278, 212, -488, -1385, -1127, -551, -570, -556, 
512, 468, -43, -490, 278, 212, -488, -1390, -1127, -551, -575, -556, 
512, 468, -43, -490, 278, 212, -488, -1390, -1127, -551, -575, -556, 
512, 468, -43, -490, 278, 212, -488, -1395, -1127, -551, -575, -556, 
502, 468, -34, -485, 268, 217, -488, -1385, -1127, -551, -566, -556, 
502, 468, -34, -485, 268, 217, -488, -1385, -1127, -551, -566, -556, 
502, 468, -34, -485, 268, 217, -488, -1385, -1127, -551, -566, -556, 
502, 468, -34, -485, 268, 217, -488, -1385, -1127, -551, -566, -561, 
502, 468, -34, -485, 268, 217, -488, -1381, -1127, -561, -575, -561, 
502, 468, -34, -485, 268, 217, -488, -1381, -1127, -561, -575, -561, 
502, 468, -34, -485, 268, 217, -488, -1385, -1127, -561, -575, -561, 
502, 473, -29, -488, 265, 222, -488, -1385, -1127, -561, -575, -556, 
507, 463, -43, -485, 275, 209, -478, -1395, -1137, -570, -575, -566, 
507, 458, -48, -483, 278, 204, -478, -1395, -1137, -570, -575, -566, 
507, 458, -48, -483, 278, 204, -483, -1390, -1137, -570, -580, -566, 
507, 458, -48, -483, 278, 204, -483, -1390, -1137, -570, -580, -566, 
517, 468, -48, -492, 283, 209, -483, -1381, -1127, -561, -566, -556, 
517, 458, -58, -488, 287, 200, -478, -1385, -1132, -566, -575, -566, 
517, 458, -58, -488, 287, 200, -488, -1385, -1141, -566, -566, -566, 
517, 458, -58, -488, 287, 200, -488, -1385, -1141, -566, -566, -566, 
517, 458, -58, -488, 287, 200, -488, -1385, -1141, -566, -566, -566, 
517, 458, -58, -488, 287, 200, -488, -1385, -1141, -566, -566, -566, 
517, 468, -48, -492, 283, 209, -492, -1395, -1137, -566, -566, -566, 
507, 468, -39, -488, 273, 214, -492, -1395, -1137, -566, -566, -566, 
507, 468, -39, -488, 273, 214, -492, -1390, -1132, -566, -566, -566, 
507, 468, -39, -488, 273, 214, -492, -1390, -1132, -566, -566, -566, 
512, 463, -48, -488, 280, 207, -488, -1400, -1146, -556, -575, -556, 
512, 463, -48, -488, 280, 207, -483, -1400, -1146, -556, -575, -556, 
512, 463, -48, -488, 280, 207, -478, -1400, -1141, -556, -575, -556, 
512, 463, -48, -488, 280, 207, -473, -1400, -1141, -556, -575, -556, 
502, 463, -39, -483, 270, 212, -473, -1395, -1132, -566, -575, -556, 
502, 448, -53, -475, 278, 197, -473, -1395, -1137, -570, -575, -561, 
502, 444, -58, -473, 280, 192, -468, -1395, -1137, -570, -585, -561, 
502, 444, -58, -473, 280, 192, -463, -1395, -1137, -570, -585, -561, 
502, 444, -58, -473, 280, 192, -463, -1390, -1137, -561, -580, -561, 
502, 444, -58, -473, 280, 192, -463, -1390, -1137, -561, -575, -566, 
502, 444, -58, -473, 280, 192, -463, -1390, -1132, -561, -570, -566, 
507, 448, -58, -478, 283, 195, -468, -1390, -1132, -556, -561, -566, 
517, 463, -53, -490, 285, 204, -468, -1376, -1137, -556, -556, -566, 
517, 463, -53, -490, 285, 204, -468, -1366, -1132, -551, -556, -556, 
522, 478, -43, -500, 283, 217, -463, -1361, -1122, -541, -551, -556, 
522, 483, -39, -502, 280, 222, -463, -1356, -1122, -536, -551, -556, 
527, 497, -29, -512, 278, 234, -473, -1361, -1102, -536, -546, -551, 
527, 507, -19, -517, 273, 244, -468, -1361, -1102, -527, -541, -546, 
527, 522, -4, -524, 265, 258, -463, -1361, -1098, -527, -546, -541, 
527, 522, -4, -524, 265, 258, -463, -1356, -1093, -527, -551, -541, 
527, 507, -19, -517, 273, 244, -463, -1356, -1078, -527, -541, -536, 
531, 502, -29, -517, 280, 236, -463, -1361, -1078, -527, -541, -536, 
536, 502, -34, -519, 285, 234, -468, -1361, -1078, -527, -541, -536, 
536, 502, -34, -519, 285, 234, -468, -1361, -1073, -517, -536, -531, 
546, 517, -29, -531, 287, 244, -478, -1356, -1078, -507, -531, -531, 
551, 536, -14, -544, 283, 261, -488, -1351, -1063, -497, -527, -522, 
556, 556, 0, -556, 278, 278, -497, -1351, -1063, -492, -517, -517, 
566, 570, 4, -568, 280, 287, -507, -1361, -1063, -488, -502, -502, 
570, 585, 14, -578, 278, 300, -517, -1366, -1063, -492, -497, -502, 
570, 585, 14, -578, 278, 300, -527, -1366, -1068, -492, -497, -502, 
575, 580, 4, -578, 285, 292, -527, -1366, -1068, -497, -497, -507, 
575, 580, 4, -578, 285, 292, -531, -1376, -1078, -502, -507, -507, 
585, 570, -14, -578, 300, 278, -531, -1390, -1102, -507, -512, -512, 
575, 566, -9, -570, 292, 278, -531, -1395, -1112, -517, -517, -517, 
570, 551, -19, -561, 295, 265, -527, -1400, -1117, -527, -522, -522, 
570, 546, -24, -558, 297, 261, -527, -1400, -1127, -531, -522, -527, 
561, 546, -14, -553, 287, 265, -522, -1400, -1137, -541, -541, -527, 
556, 527, -29, -541, 292, 248, -522, -1400, -1137, -551, -546, -531, 
556, 517, -39, -536, 297, 239, -517, -1400, -1137, -551, -546, -531, 
556, 527, -29, -541, 292, 248, -517, -1405, -1137, -546, -546, -527, 
556, 517, -39, -536, 297, 239, -517, -1400, -1127, -541, -536, -527, 
551, 512, -39, -531, 295, 236, -512, -1395, -1132, -536, -536, -527, 
551, 512, -39, -531, 295, 236, -507, -1390, -1132, -531, -541, -531, 
546, 507, -39, -527, 292, 234, -497, -1385, -1132, -527, -541, -531, 
541, 492, -48, -517, 295, 222, -497, -1395, -1132, -541, -531, -522, 
536, 478, -58, -507, 297, 209, -497, -1395, -1137, -546, -541, -531, 
531, 468, -63, -500, 297, 202, -492, -1405, -1141, -551, -546, -541, 
527, 458, -68, -492, 297, 195, -488, -1405, -1146, -561, -556, -546, 
522, 458, -63, -490, 292, 197, -492, -1405, -1156, -570, -566, -561, 
517, 458, -58, -488, 287, 200, -492, -1405, -1151, -570, -566, -561, 
517, 458, -58, -488, 287, 200, -492, -1405, -1151, -575, -566, -561, 
517, 458, -58, -488, 287, 200, -492, -1405, -1156, -580, -570, -561, 
517, 453, -63, -485, 290, 195, -497, -1415, -1151, -570, -566, -570, 
517, 448, -68, -483, 292, 190, -497, -1415, -1156, -570, -566, -570, 
522, 448, -73, -485, 297, 187, -497, -1415, -1156, -575, -566, -570, 
522, 448, -73, -485, 297, 187, -497, -1415, -1151, -575, -566, -575, 
522, 453, -68, -488, 295, 192, -507, -1415, -1151, -585, -575, -575, 
517, 448, -68, -483, 292, 190, -507, -1415, -1156, -585, -575, -575, 
517, 448, -68, -483, 292, 190, -507, -1415, -1156, -585, -580, -580, 
512, 444, -68, -478, 290, 187, -507, -1415, -1151, -585, -580, -580, 
512, 444, -68, -478, 290, 187, -497, -1415, -1151, -575, -580, -585, 
512, 444, -68, -478, 290, 187, -497, -1415, -1151, -575, -580, -585, 
512, 444, -68, -478, 290, 187, -497, -1415, -1151, -575, -580, -585, 
512, 444, -68, -478, 290, 187, -497, -1415, -1151, -575, -580, -585, 
507, 434, -73, -470, 290, 180, -488, -1400, -1151, -575, -580, -585, 
507, 434, -73, -470, 290, 180, -483, -1400, -1151, -575, -580, -585, 
507, 434, -73, -470, 290, 180, -483, -1400, -1151, -575, -580, -585, 
507, 434, -73, -470, 290, 180, -483, -1400, -1151, -570, -580, -585, 
507, 424, -82, -466, 295, 170, -483, -1400, -1151, -570, -590, -575, 
507, 424, -82, -466, 295, 170, -478, -1400, -1146, -570, -590, -575, 
507, 424, -82, -466, 295, 170, -478, -1400, -1146, -570, -590, -575, 
507, 424, -82, -466, 295, 170, -478, -1400, -1146, -570, -590, -580, 
507, 439, -68, -473, 287, 185, -478, -1400, -1137, -570, -585, -580, 
507, 429, -78, -468, 292, 175, -473, -1400, -1141, -570, -585, -580, 
497, 429, -68, -463, 283, 180, -463, -1395, -1137, -580, -585, -585, 
492, 429, -63, -461, 278, 183, -448, -1385, -1127, -580, -585, -590, 
478, 419, -58, -448, 268, 180, -424, -1361, -1093, -570, -600, -614, 
453, 405, -48, -429, 251, 178, -385, -1322, -1044, -561, -619, -629, 
429, 405, -24, -417, 226, 190, -331, -1288, -1000, -551, -619, -629, 
400, 390, -9, -395, 204, 190, -268, -1239, -966, -546, -629, -644, 
380, 370, -9, -375, 195, 180, -200, -1180, -927, -527, -629, -649, 
380, 380, 0, -380, 190, 190, -161, -1098, -868, -488, -610, -649, 
409, 405, -4, -407, 207, 200, -141, -1010, -785, -414, -575, -624, 
439, 439, 0, -439, 219, 219, -131, -917, -683, -326, -527, -600, 
492, 483, -9, -488, 251, 236, -131, -814, -575, -209, -458, -570, 
566, 556, -9, -561, 287, 273, -151, -717, -463, -73, -370, -522, 
649, 639, -9, -644, 329, 314, -180, -624, -356, 68, -278, -463, 
751, 741, -9, -746, 380, 366, -253, -595, -283, 190, -175, -390, 
849, 868, 19, -858, 414, 444, -370, -678, -234, 317, -58, -302, 
936, 1058, 122, -997, 407, 590, -522, -829, -219, 458, 87, -175, 
1019, 1273, 253, -1146, 383, 763, -702, -1024, -248, 605, 244, -29, 
1078, 1454, 375, -1266, 351, 915, -868, -1254, -297, 732, 409, 102, 
1098, 1556, 458, -1327, 319, 1007, -961, -1410, -297, 790, 497, 175, 
1078, 1488, 409, -1283, 334, 949, -980, -1478, -278, 717, 448, 151, 
1034, 1307, 273, -1171, 380, 790, -971, -1542, -326, 541, 292, 63, 
995, 1117, 122, -1056, 436, 619, -971, -1625, -483, 302, 107, -48, 
927, 971, 43, -949, 441, 507, -980, -1781, -756, 43, -53, -136, 
810, 849, 39, -829, 385, 444, -966, -1991, -1122, -248, -209, -229, 
683, 702, 19, -692, 331, 361, -893, -2156, -1498, -541, -380, -326, 
575, 590, 14, -583, 280, 302, -790, -2191, -1683, -697, -492, -414, 
502, 575, 73, -539, 214, 324, -707, -2113, -1620, -673, -512, -439, 
453, 580, 126, -517, 163, 353, -644, -2025, -1527, -629, -512, -453, 
434, 561, 126, -497, 153, 344, -610, -1971, -1512, -639, -527, -478, 
419, 512, 92, -466, 163, 302, -595, -1932, -1512, -663, -556, -517, 
419, 473, 53, -446, 183, 263, -585, -1878, -1483, -678, -575, -536, 
414, 453, 39, -434, 187, 246, -585, -1834, -1473, -688, -590, -561, 
405, 429, 24, -417, 190, 226, -570, -1815, -1454, -692, -605, -580, 
409, 414, 4, -412, 202, 209, -536, -1761, -1415, -683, -614, -585, 
409, 414, 4, -412, 202, 209, -497, -1688, -1366, -658, -605, -585, 
414, 409, -4, -412, 209, 202, -478, -1625, -1322, -644, -610, -595, 
414, 400, -14, -407, 214, 192, -468, -1566, -1298, -644, -610, -595, 
424, 409, -14, -417, 219, 197, -473, -1512, -1268, -639, -600, -595, 
444, 409, -34, -427, 239, 187, -468, -1454, -1229, -610, -590, -595, 
468, 409, -58, -439, 263, 175, -463, -1420, -1180, -585, -580, -595, 
488, 434, -53, -461, 270, 190, -463, -1385, -1132, -551, -561, -575, 
512, 468, -43, -490, 278, 212, -453, -1371, -1083, -522, -546, -561, 
517, 488, -29, -502, 273, 229, -448, -1381, -1058, -507, -522, -556, 
517, 497, -19, -507, 268, 239, -458, -1376, -1068, -507, -527, -556, 
512, 497, -14, -505, 263, 241, -463, -1371, -1073, -522, -531, -556, 
517, 497, -19, -507, 268, 239, -463, -1366, -1078, -531, -536, -556, 
517, 492, -24, -505, 270, 234, -463, -1351, -1078, -541, -546, -556, 
512, 483, -29, -497, 270, 226, -458, -1337, -1078, -546, -556, -561, 
502, 463, -39, -483, 270, 212, -448, -1322, -1083, -546, -570, -570, 
502, 458, -43, -480, 273, 207, -448, -1322, -1088, -546, -575, -575, 
502, 458, -43, -480, 273, 207, -448, -1317, -1088, -546, -575, -575, 
502, 463, -39, -483, 270, 212, -448, -1317, -1088, -536, -575, -575, 
502, 478, -24, -490, 263, 226, -448, -1317, -1068, -531, -561, -566, 
507, 488, -19, -497, 263, 234, -453, -1312, -1063, -522, -561, -561, 
517, 492, -24, -505, 270, 234, -458, -1307, -1054, -517, -556, -561, 
522, 492, -29, -507, 275, 231, -458, -1298, -1054, -517, -551, -561, 
527, 502, -24, -514, 275, 239, -458, -1293, -1063, -507, -551, -561, 
527, 497, -29, -512, 278, 234, -458, -1288, -1063, -512, -551, -561, 
531, 497, -34, -514, 283, 231, -458, -1288, -1058, -512, -551, -561, 
536, 492, -43, -514, 290, 224, -458, -1283, -1054, -507, -551, -561, 
536, 492, -43, -514, 290, 224, -448, -1288, -1044, -507, -541, -561, 
536, 497, -39, -517, 287, 229, -448, -1288, -1039, -507, -541, -561, 
541, 497, -43, -519, 292, 226, -448, -1283, -1024, -497, -541, -561, 
541, 502, -39, -522, 290, 231, -448, -1283, -1019, -492, -536, -561, 
531, 497, -34, -514, 283, 231, -458, -1273, -1029, -492, -541, -566, 
536, 497, -39, -517, 287, 229, -458, -1273, -1024, -492, -541, -566, 
541, 497, -43, -519, 292, 226, -458, -1273, -1019, -488, -541, -566, 
541, 502, -39, -522, 290, 231, -458, -1273, -1019, -488, -536, -566, 
541, 502, -39, -522, 290, 231, -458, -1263, -1010, -483, -527, -556, 
541, 507, -34, -524, 287, 236, -463, -1259, -1005, -483, -522, -551, 
541, 507, -34, -524, 287, 236, -463, -1249, -1000, -478, -522, -551, 
546, 507, -39, -527, 292, 234, -463, -1244, -995, -478, -522, -551, 
561, 512, -48, -536, 305, 231, -463, -1244, -995, -478, -531, -541, 
561, 517, -43, -539, 302, 236, -458, -1249, -995, -478, -527, -541, 
561, 517, -43, -539, 302, 236, -458, -1254, -985, -468, -527, -536, 
561, 517, -43, -539, 302, 236, -458, -1254, -985, -463, -522, -531, 
561, 517, -43, -539, 302, 236, -458, -1244, -995, -458, -512, -541, 
561, 522, -39, -541, 300, 241, -458, -1239, -985, -458, -512, -541, 
566, 522, -43, -544, 305, 239, -458, -1234, -980, -453, -512, -541, 
566, 527, -39, -546, 302, 244, -453, -1229, -976, -453, -512, -546, 
556, 536, -19, -546, 287, 258, -453, -1239, -966, -463, -507, -556, 
561, 536, -24, -549, 292, 256, -453, -1239, -961, -458, -507, -551, 
561, 541, -19, -551, 290, 261, -453, -1229, -956, -458, -507, -551, 
566, 541, -24, -553, 295, 258, -453, -1224, -951, -453, -502, -551, 
575, 561, -14, -568, 295, 273, -453, -1224, -946, -444, -512, -551, 
580, 561, -19, -570, 300, 270, -453, -1220, -941, -444, -502, -546, 
580, 561, -19, -570, 300, 270, -453, -1215, -936, -434, -502, -541, 
580, 561, -19, -570, 300, 270, -453, -1210, -932, -434, -502, -536, 
570, 556, -14, -563, 292, 270, -453, -1195, -927, -429, -502, -527, 
575, 561, -14, -568, 295, 273, -453, -1190, -927, -424, -502, -527, 
575, 566, -9, -570, 292, 278, -453, -1185, -922, -419, -497, -527, 
575, 570, -4, -573, 290, 283, -453, -1185, -922, -414, -497, -527, 
580, 570, -9, -575, 295, 280, -453, -1180, -922, -405, -492, -522, 
580, 570, -9, -575, 295, 280, -453, -1176, -917, -400, -492, -522, 
580, 570, -9, -575, 295, 280, -453, -1171, -907, -395, -488, -522, 
580, 575, -4, -578, 292, 285, -453, -1161, -902, -390, -483, -517, 
585, 585, 0, -585, 292, 292, -463, -1156, -888, -400, -468, -517, 
595, 585, -9, -590, 302, 287, -463, -1151, -883, -395, -468, -517, 
605, 590, -14, -597, 309, 287, -463, -1146, -878, -390, -468, -517, 
610, 590, -19, -600, 314, 285, -463, -1141, -868, -385, -458, -512, 
610, 590, -19, -600, 314, 285, -463, -1122, -868, -370, -458, -507, 
614, 595, -19, -605, 317, 287, -463, -1122, -863, -366, -458, -507, 
614, 605, -9, -610, 312, 297, -463, -1112, -858, -356, -448, -507, 
619, 605, -14, -612, 317, 295, -463, -1107, -849, -351, -444, -502, 
610, 600, -9, -605, 309, 295, -463, -1112, -849, -346, -439, -507, 
614, 605, -9, -610, 312, 297, -463, -1107, -839, -341, -434, -507, 
614, 610, -4, -612, 309, 302, -463, -1093, -834, -331, -429, -502, 
624, 614, -9, -619, 317, 302, -463, -1083, -824, -331, -429, -502, 
639, 629, -9, -634, 324, 309, -463, -1083, -800, -322, -414, -483, 
639, 634, -4, -636, 322, 314, -463, -1078, -800, -317, -414, -483, 
639, 639, 0, -639, 319, 319, -458, -1063, -790, -312, -409, -483, 
649, 644, -4, -646, 326, 319, -458, -1054, -780, -307, -405, -483, 
639, 653, 14, -646, 312, 334, -458, -1044, -771, -292, -400, -478, 
644, 658, 14, -651, 314, 336, -458, -1039, -761, -283, -395, -478, 
649, 663, 14, -656, 317, 339, -453, -1029, -751, -273, -390, -468, 
653, 668, 14, -661, 319, 341, -453, -1019, -741, -263, -385, -463, 
668, 688, 19, -678, 324, 353, -458, -1010, -741, -263, -380, -468, 
673, 692, 19, -683, 326, 356, -463, -995, -732, -258, -370, -463, 
678, 702, 24, -690, 326, 363, -468, -985, -717, -248, -366, -463, 
683, 707, 24, -695, 329, 366, -473, -976, -707, -239, -356, -458, 
678, 712, 34, -695, 322, 373, -468, -961, -692, -229, -361, -444, 
683, 722, 39, -702, 322, 380, -468, -951, -683, -224, -351, -439, 
692, 732, 39, -712, 326, 385, -468, -941, -673, -214, -346, -434, 
692, 736, 43, -714, 324, 390, -468, -932, -663, -204, -341, -429, 
697, 732, 34, -714, 331, 383, -473, -927, -644, -190, -322, -424, 
707, 746, 39, -727, 334, 392, -473, -917, -634, -175, -317, -419, 
712, 746, 34, -729, 339, 390, -473, -907, -624, -151, -307, -414, 
717, 761, 43, -739, 336, 402, -473, -897, -614, -136, -302, -405, 
717, 766, 48, -741, 334, 407, -463, -888, -605, -126, -287, -395, 
722, 775, 53, -749, 334, 414, -463, -883, -590, -117, -278, -390, 
727, 780, 53, -753, 336, 417, -463, -873, -580, -107, -268, -380, 
732, 785, 53, -758, 339, 419, -463, -863, -561, -97, -263, -380, 
746, 800, 53, -773, 346, 427, -463, -854, -556, -87, -268, -385, 
756, 810, 53, -783, 351, 431, -473, -844, -551, -78, -258, -375, 
761, 819, 58, -790, 351, 439, -473, -834, -541, -68, -248, -375, 
761, 819, 58, -790, 351, 439, -473, -829, -531, -58, -244, -370, 
766, 829, 63, -797, 351, 446, -483, -824, -531, -63, -248, -375, 
771, 829, 58, -800, 356, 444, -483, -819, -527, -58, -239, -370, 
775, 839, 63, -807, 356, 451, -483, -819, -522, -53, -234, -366, 
780, 849, 68, -814, 356, 458, -483, -810, -512, -53, -229, -366, 
780, 863, 82, -822, 348, 473, -488, -810, -512, -48, -224, -356, 
780, 863, 82, -822, 348, 473, -488, -810, -512, -43, -214, -356, 
780, 873, 92, -827, 344, 483, -488, -810, -512, -43, -214, -351, 
785, 873, 87, -829, 348, 480, -488, -810, -512, -39, -209, -351, 
785, 878, 92, -832, 346, 485, -488, -824, -517, -34, -209, -341, 
790, 883, 92, -836, 348, 488, -492, -829, -517, -34, -204, -336, 
790, 888, 97, -839, 346, 492, -492, -834, -522, -29, -204, -331, 
790, 888, 97, -839, 346, 492, -497, -849, -522, -29, -204, -331, 
775, 873, 97, -824, 339, 485, -497, -844, -517, -19, -195, -336, 
771, 873, 102, -822, 334, 488, -492, -849, -517, -24, -195, -336, 
771, 868, 97, -819, 336, 483, -492, -868, -522, -29, -200, -341, 
771, 863, 92, -817, 339, 478, -497, -883, -536, -34, -204, -341, 
761, 858, 97, -810, 331, 478, -497, -912, -556, -43, -214, -346, 
746, 844, 97, -795, 324, 470, -492, -932, -580, -53, -224, -346, 
736, 829, 92, -783, 322, 461, -492, -951, -595, -73, -234, -361, 
727, 810, 82, -768, 322, 446, -497, -971, -614, -82, -248, -366, 
727, 795, 68, -761, 329, 431, -497, -990, -644, -117, -263, -370, 
717, 785, 68, -751, 324, 427, -497, -1005, -663, -136, -283, -385, 
702, 771, 68, -736, 317, 419, -497, -1029, -688, -156, -297, -395, 
697, 761, 63, -729, 317, 412, -497, -1049, -702, -185, -317, -405, 
678, 741, 63, -710, 307, 402, -492, -1073, -727, -195, -322, -424, 
668, 727, 58, -697, 305, 392, -492, -1093, -751, -214, -331, -434, 
663, 707, 43, -685, 309, 375, -488, -1112, -775, -234, -351, -439, 
653, 692, 39, -673, 307, 366, -483, -1127, -800, -253, -366, -448, 
644, 683, 39, -663, 302, 361, -483, -1146, -814, -268, -375, -458, 
634, 668, 34, -651, 300, 351, -483, -1161, -829, -287, -390, -468, 
624, 649, 24, -636, 300, 336, -488, -1180, -854, -307, -405, -478, 
614, 629, 14, -622, 300, 322, -488, -1195, -873, -326, -419, -492, 
614, 629, 14, -622, 300, 322, -488, -1220, -888, -356, -434, -497, 
605, 624, 19, -614, 292, 322, -492, -1234, -902, -370, -439, -502, 
605, 610, 4, -607, 300, 307, -497, -1249, -922, -380, -448, -512, 
600, 605, 4, -602, 297, 305, -497, -1263, -941, -395, -463, -522, 
595, 585, -9, -590, 302, 287, -502, -1278, -966, -409, -468, -531, 
585, 575, -9, -580, 297, 283, -502, -1293, -985, -424, -478, -531, 
580, 561, -19, -570, 300, 270, -502, -1302, -1005, -434, -488, -541, 
575, 551, -24, -563, 300, 263, -502, -1312, -1015, -448, -492, -546, 
570, 551, -19, -561, 295, 265, -492, -1307, -1015, -458, -507, -551, 
570, 541, -29, -556, 300, 256, -483, -1312, -1024, -473, -512, -556, 
566, 536, -29, -551, 297, 253, -483, -1312, -1039, -483, -517, -561, 
561, 527, -34, -544, 297, 246, -483, -1317, -1039, -488, -527, -566, 
551, 517, -34, -534, 292, 241, -478, -1322, -1034, -492, -517, -566, 
546, 517, -29, -531, 287, 244, -478, -1327, -1044, -492, -522, -566, 
541, 512, -29, -527, 285, 241, -478, -1337, -1058, -492, -522, -566, 
541, 512, -29, -527, 285, 241, -483, -1337, -1058, -492, -527, -561, 
541, 517, -24, -529, 283, 246, -488, -1356, -1068, -497, -536, -566, 
546, 507, -39, -527, 292, 234, -492, -1361, -1068, -502, -541, -566, 
551, 507, -43, -529, 297, 231, -497, -1361, -1078, -502, -551, -570, 
556, 502, -53, -529, 305, 224, -502, -1361, -1078, -507, -551, -575, 
546, 502, -43, -524, 295, 229, -502, -1356, -1078, -507, -546, -575, 
546, 497, -48, -522, 297, 224, -502, -1356, -1083, -512, -546, -575, 
546, 492, -53, -519, 300, 219, -507, -1356, -1088, -517, -546, -575, 
546, 492, -53, -519, 300, 219, -507, -1361, -1093, -522, -546, -575, 
546, 492, -53, -519, 300, 219, -507, -1361, -1093, -512, -546, -566, 
541, 488, -53, -514, 297, 217, -507, -1361, -1098, -512, -546, -566, 
541, 488, -53, -514, 297, 217, -507, -1361, -1102, -512, -546, -561, 
541, 488, -53, -514, 297, 217, -507, -1366, -1102, -517, -551, -561, 
541, 488, -53, -514, 297, 217, -497, -1366, -1102, -517, -551, -570, 
541, 488, -53, -514, 297, 217, -497, -1366, -1102, -517, -556, -570, 
541, 488, -53, -514, 297, 217, -497, -1366, -1102, -522, -556, -570, 
541, 488, -53, -514, 297, 217, -497, -1366, -1102, -522, -556, -575, 
541, 473, -68, -507, 305, 202, -492, -1366, -1102, -517, -546, -570, 
541, 473, -68, -507, 305, 202, -497, -1366, -1102, -517, -546, -570, 
541, 478, -63, -509, 302, 207, -497, -1366, -1107, -517, -546, -570, 
541, 478, -63, -509, 302, 207, -497, -1366, -1107, -517, -546, -570, 
541, 488, -53, -514, 297, 217, -492, -1366, -1102, -517, -546, -570, 
541, 483, -58, -512, 300, 212, -492, -1366, -1102, -517, -546, -570, 
541, 483, -58, -512, 300, 212, -492, -1366, -1107, -517, -546, -570, 
541, 483, -58, -512, 300, 212, -492, -1376, -1107, -512, -546, -570, 
541, 483, -58, -512, 300, 212, -492, -1366, -1098, -522, -546, -570, 
541, 483, -58, -512, 300, 212, -492, -1371, -1098, -527, -546, -570, 
541, 483, -58, -512, 300, 212, -492, -1371, -1098, -527, -551, -570, 
541, 483, -58, -512, 300, 212, -492, -1371, -1098, -527, -551, -570, 
541, 492, -48, -517, 295, 222, -488, -1366, -1098, -531, -561, -580, 
541, 492, -48, -517, 295, 222, -488, -1366, -1098, -531, -561, -580, 
541, 492, -48, -517, 295, 222, -488, -1366, -1098, -531, -561, -580, 
541, 492, -48, -517, 295, 222, -488, -1366, -1098, -531, -561, -580, 
541, 492, -48, -517, 295, 222, -492, -1366, -1107, -531, -551, -590, 
541, 492, -48, -517, 295, 222, -492, -1361, -1107, -527, -551, -590, 
541, 492, -48, -517, 295, 222, -492, -1361, -1107, -527, -551, -595, 
541, 492, -48, -517, 295, 222, -492, -1361, -1107, -531, -551, -595, 
546, 492, -53, -519, 300, 219, -492, -1361, -1098, -522, -561, -590, 
546, 492, -53, -519, 300, 219, -492, -1361, -1098, -522, -561, -585, 
546, 492, -53, -519, 300, 219, -492, -1366, -1098, -522, -561, -580, 
546, 492, -53, -519, 300, 219, -492, -1366, -1098, -522, -556, -575, 
536, 488, -48, -512, 292, 219, -492, -1361, -1098, -522, -556, -566, 
536, 492, -43, -514, 290, 224, -497, -1361, -1098, -522, -556, -566, 
541, 492, -48, -517, 295, 222, -497, -1366, -1098, -522, -561, -566, 
541, 492, -48, -517, 295, 222, -497, -1366, -1098, -522, -561, -566, 
551, 492, -58, -522, 305, 217, -497, -1376, -1098, -522, -551, -566, 
551, 492, -58, -522, 305, 217, -497, -1371, -1098, -522, -546, -566, 
551, 492, -58, -522, 305, 217, -497, -1371, -1098, -522, -546, -566, 
551, 492, -58, -522, 305, 217, -497, -1371, -1098, -522, -546, -566, 
551, 492, -58, -522, 305, 217, -497, -1361, -1098, -522, -546, -566, 
551, 492, -58, -522, 305, 217, -497, -1361, -1098, -522, -546, -566, 
551, 492, -58, -522, 305, 217, -497, -1361, -1098, -522, -546, -566, 
551, 492, -58, -522, 305, 217, -497, -1361, -1098, -522, -546, -566, 
551, 492, -58, -522, 305, 217, -497, -1361, -1088, -512, -546, -575, 
551, 492, -58, -522, 305, 217, -497, -1361, -1088, -512, -546, -575, 
546, 492, -53, -519, 300, 219, -497, -1361, -1088, -507, -546, -575, 
546, 492, -53, -519, 300, 219, -497, -1361, -1088, -502, -546, -570, 
546, 492, -53, -519, 300, 219, -497, -1361, -1078, -502, -546, -570, 
551, 497, -53, -524, 302, 222, -497, -1361, -1078, -502, -546, -575, 
551, 497, -53, -524, 302, 222, -497, -1361, -1078, -502, -546, -575, 
546, 497, -48, -522, 297, 224, -497, -1361, -1078, -502, -546, -575, 
546, 507, -39, -527, 292, 234, -497, -1371, -1088, -512, -556, -575, 
551, 507, -43, -529, 297, 231, -497, -1371, -1088, -512, -556, -575, 
551, 507, -43, -529, 297, 231, -497, -1371, -1088, -512, -556, -575, 
551, 502, -48, -527, 300, 226, -497, -1371, -1088, -512, -556, -575, 
551, 502, -48, -527, 300, 226, -497, -1371, -1098, -522, -546, -570, 
551, 512, -39, -531, 295, 236, -497, -1371, -1098, -522, -546, -570, 
551, 512, -39, -531, 295, 236, -497, -1371, -1098, -522, -546, -570, 
551, 507, -43, -529, 297, 231, -497, -1371, -1098, -522, -546, -570, 
561, 507, -53, -534, 307, 226, -497, -1371, -1098, -512, -546, -570, 
561, 507, -53, -534, 307, 226, -497, -1371, -1098, -512, -546, -570, 
561, 507, -53, -534, 307, 226, -497, -1376, -1098, -512, -546, -575, 
561, 507, -53, -534, 307, 226, -497, -1376, -1098, -512, -546, -575, 
561, 517, -43, -539, 302, 236, -512, -1376, -1098, -512, -546, -575, 
561, 517, -43, -539, 302, 236, -512, -1381, -1098, -512, -546, -570, 
561, 517, -43, -539, 302, 236, -512, -1381, -1102, -517, -546, -570, 
561, 517, -43, -539, 302, 236, -512, -1381, -1102, -517, -546, -575, 
551, 507, -43, -529, 297, 231, -502, -1381, -1093, -512, -546, -575, 
551, 507, -43, -529, 297, 231, -502, -1381, -1093, -512, -546, -575, 
551, 507, -43, -529, 297, 231, -502, -1381, -1098, -517, -546, -575, 
551, 507, -43, -529, 297, 231, -502, -1381, -1098, -517, -546, -575, 
561, 507, -53, -534, 307, 226, -512, -1381, -1098, -517, -546, -575, 
561, 507, -53, -534, 307, 226, -512, -1385, -1102, -517, -551, -575, 
561, 507, -53, -534, 307, 226, -512, -1390, -1102, -522, -551, -575, 
561, 507, -53, -534, 307, 226, -512, -1390, -1102, -522, -551, -575, 
561, 507, -53, -534, 307, 226, -502, -1390, -1112, -517, -551, -575, 
561, 507, -53, -534, 307, 226, -502, -1390, -1112, -517, -551, -575, 
561, 507, -53, -534, 307, 226, -502, -1385, -1112, -522, -551, -575, 
561, 507, -53, -534, 307, 226, -502, -1385, -1112, -527, -551, -580, 
561, 507, -53, -534, 307, 226, -512, -1381, -1112, -517, -551, -580, 
561, 507, -53, -534, 307, 226, -517, -1381, -1112, -517, -551, -580, 
561, 507, -53, -534, 307, 226, -522, -1381, -1112, -517, -551, -585, 
561, 507, -53, -534, 307, 226, -522, -1385, -1112, -527, -551, -585, 
561, 517, -43, -539, 302, 236, -522, -1395, -1107, -527, -551, -595, 
561, 517, -43, -539, 302, 236, -522, -1395, -1107, -527, -551, -595, 
561, 517, -43, -539, 302, 236, -522, -1395, -1107, -527, -551, -590, 
561, 517, -43, -539, 302, 236, -527, -1395, -1112, -527, -551, -590, 
551, 512, -39, -531, 295, 236, -527, -1385, -1112, -522, -551, -580, 
551, 507, -43, -529, 297, 231, -527, -1390, -1112, -522, -551, -580, 
551, 507, -43, -529, 297, 231, -527, -1390, -1112, -522, -551, -580, 
551, 507, -43, -529, 297, 231, -527, -1390, -1112, -527, -551, -580, 
551, 507, -43, -529, 297, 231, -517, -1400, -1107, -527, -561, -580, 
551, 507, -43, -529, 297, 231, -517, -1400, -1107, -527, -561, -580, 
551, 512, -39, -531, 295, 236, -517, -1405, -1112, -527, -561, -580, 
551, 512, -39, -531, 295, 236, -517, -1405, -1112, -527, -561, -580, 
551, 502, -48, -527, 300, 226, -517, -1415, -1122, -536, -556, -590, 
551, 497, -53, -524, 302, 222, -517, -1415, -1122, -536, -556, -590, 
551, 497, -53, -524, 302, 222, -517, -1415, -1122, -536, -556, -590, 
551, 497, -53, -524, 302, 222, -517, -1415, -1122, -536, -556, -590, 
551, 497, -53, -524, 302, 222, -517, -1405, -1112, -531, -556, -580, 
551, 497, -53, -524, 302, 222, -517, -1405, -1112, -531, -556, -580, 
551, 497, -53, -524, 302, 222, -517, -1405, -1112, -527, -556, -580, 
551, 497, -53, -524, 302, 222, -517, -1405, -1112, -522, -551, -585, 
551, 497, -53, -524, 302, 222, -517, -1395, -1107, -512, -551, -575, 
561, 497, -63, -529, 312, 217, -527, -1400, -1117, -522, -546, -575, 
561, 497, -63, -529, 312, 217, -517, -1410, -1127, -522, -556, -585, 
551, 497, -53, -524, 302, 222, -517, -1405, -1127, -522, -556, -595, 
556, 497, -58, -527, 307, 219, -517, -1405, -1112, -517, -556, -595, 
556, 497, -58, -527, 307, 219, -517, -1415, -1112, -527, -556, -585, 
556, 497, -58, -527, 307, 219, -517, -1415, -1112, -527, -556, -585, 
556, 497, -58, -527, 307, 219, -517, -1415, -1112, -527, -556, -585, 
556, 497, -58, -527, 307, 219, -517, -1415, -1112, -527, -556, -585, 
566, 507, -58, -536, 312, 224, -522, -1415, -1117, -527, -556, -585, 
556, 507, -48, -531, 302, 229, -522, -1415, -1117, -527, -556, -585, 
556, 507, -48, -531, 302, 229, -522, -1410, -1112, -527, -556, -585, 
556, 507, -48, -531, 302, 229, -522, -1410, -1112, -527, -556, -585, 
561, 512, -48, -536, 305, 231, -531, -1410, -1117, -527, -556, -595, 
561, 512, -48, -536, 305, 231, -531, -1410, -1117, -527, -556, -595, 
561, 512, -48, -536, 305, 231, -531, -1410, -1112, -527, -556, -595, 
561, 512, -48, -536, 305, 231, -531, -1410, -1112, -527, -556, -595, 
551, 522, -29, -536, 290, 246, -531, -1415, -1112, -527, -556, -595, 
551, 507, -43, -529, 297, 231, -531, -1415, -1117, -531, -556, -600, 
551, 502, -48, -527, 300, 226, -527, -1415, -1117, -531, -566, -600, 
551, 502, -48, -527, 300, 226, -522, -1415, -1117, -531, -566, -600, 
551, 502, -48, -527, 300, 226, -522, -1410, -1127, -522, -556, -590, 
551, 502, -48, -527, 300, 226, -522, -1410, -1127, -522, -556, -595, 
551, 502, -48, -527, 300, 226, -522, -1410, -1122, -522, -556, -595, 
556, 507, -48, -531, 302, 229, -527, -1410, -1122, -517, -551, -595, 
566, 502, -63, -534, 314, 219, -517, -1405, -1107, -517, -556, -595, 
566, 502, -63, -534, 314, 219, -517, -1395, -1102, -512, -556, -585, 
570, 517, -53, -544, 312, 231, -512, -1390, -1093, -502, -551, -585, 
570, 522, -48, -546, 309, 236, -512, -1385, -1093, -497, -551, -585, 
575, 527, -48, -551, 312, 239, -522, -1381, -1083, -497, -541, -580, 
575, 536, -39, -556, 307, 248, -517, -1381, -1083, -488, -531, -575, 
575, 551, -24, -563, 300, 263, -512, -1381, -1078, -488, -531, -570, 
575, 551, -24, -563, 300, 263, -512, -1376, -1073, -488, -531, -570, 
575, 551, -24, -563, 300, 263, -512, -1385, -1078, -497, -531, -566, 
580, 551, -29, -566, 305, 261, -512, -1390, -1078, -497, -531, -566, 
585, 556, -29, -570, 307, 263, -517, -1390, -1078, -497, -531, -566, 
585, 561, -24, -573, 305, 268, -517, -1390, -1073, -488, -527, -561, 
585, 556, -29, -570, 307, 263, -517, -1395, -1058, -488, -522, -561, 
590, 575, -14, -583, 302, 280, -527, -1390, -1044, -478, -517, -551, 
595, 595, 0, -595, 297, 297, -536, -1390, -1044, -473, -507, -546, 
605, 610, 4, -607, 300, 307, -546, -1400, -1044, -468, -492, -531, 
610, 629, 19, -619, 295, 324, -546, -1395, -1044, -458, -488, -531, 
610, 634, 24, -622, 292, 329, -556, -1395, -1049, -453, -488, -531, 
614, 634, 19, -624, 297, 326, -556, -1395, -1049, -453, -488, -536, 
614, 639, 24, -627, 295, 331, -561, -1405, -1058, -453, -497, -536, 
624, 619, -4, -622, 314, 307, -561, -1405, -1063, -458, -492, -541, 
614, 614, 0, -614, 307, 307, -561, -1405, -1073, -468, -497, -546, 
610, 600, -9, -605, 309, 295, -556, -1405, -1078, -478, -502, -551, 
610, 595, -14, -602, 312, 290, -556, -1400, -1088, -483, -502, -556, 
610, 585, -24, -597, 317, 280, -561, -1405, -1107, -492, -512, -556, 
605, 566, -39, -585, 322, 263, -561, -1410, -1107, -502, -517, -561, 
605, 556, -48, -580, 326, 253, -556, -1415, -1107, -502, -517, -561, 
605, 566, -39, -585, 322, 263, -556, -1424, -1107, -497, -517, -556, 
605, 566, -39, -585, 322, 263, -566, -1434, -1107, -497, -527, -556, 
600, 561, -39, -580, 319, 261, -570, -1434, -1112, -497, -527, -556, 
600, 561, -39, -580, 319, 261, -575, -1434, -1112, -497, -531, -561, 
595, 556, -39, -575, 317, 258, -575, -1434, -1112, -497, -531, -561, 
590, 551, -39, -570, 314, 256, -561, -1424, -1112, -512, -522, -561, 
585, 536, -48, -561, 317, 244, -556, -1424, -1117, -517, -531, -570, 
580, 527, -53, -553, 317, 236, -546, -1434, -1122, -522, -536, -580, 
575, 517, -58, -546, 317, 229, -536, -1434, -1127, -531, -546, -585, 
561, 502, -58, -531, 309, 222, -527, -1424, -1137, -522, -556, -590, 
556, 497, -58, -527, 307, 219, -522, -1424, -1132, -522, -556, -590, 
556, 492, -63, -524, 309, 214, -517, -1424, -1132, -527, -556, -590, 
556, 488, -68, -522, 312, 209, -512, -1424, -1137, -531, -561, -590, 
566, 488, -78, -527, 322, 204, -522, -1424, -1141, -531, -566, -600, 
566, 488, -78, -527, 322, 204, -527, -1424, -1146, -531, -566, -600, 
570, 492, -78, -531, 324, 207, -531, -1424, -1146, -536, -566, -600, 
570, 497, -73, -534, 322, 212, -536, -1424, -1141, -536, -566, -605, 
570, 492, -78, -531, 324, 207, -546, -1434, -1151, -546, -566, -605, 
566, 488, -78, -527, 322, 204, -546, -1434, -1156, -546, -566, -605, 
566, 488, -78, -527, 322, 204, -546, -1434, -1156, -546, -570, -610, 
561, 483, -78, -522, 319, 202, -546, -1434, -1151, -546, -570, -610, 
561, 473, -87, -517, 324, 192, -536, -1424, -1141, -536, -570, -614, 
561, 473, -87, -517, 324, 192, -536, -1424, -1141, -536, -570, -614, 
561, 473, -87, -517, 324, 192, -536, -1424, -1141, -536, -570, -614, 
561, 473, -87, -517, 324, 192, -536, -1424, -1141, -536, -570, -614, 
546, 473, -73, -509, 309, 200, -527, -1429, -1141, -536, -561, -605, 
546, 473, -73, -509, 309, 200, -522, -1429, -1141, -536, -561, -605, 
546, 473, -73, -509, 309, 200, -522, -1429, -1141, -536, -561, -605, 
546, 473, -73, -509, 309, 200, -522, -1429, -1141, -531, -561, -605, 
546, 473, -73, -509, 309, 200, -531, -1429, -1141, -531, -570, -614, 
546, 473, -73, -509, 309, 200, -527, -1429, -1137, -531, -570, -614, 
546, 473, -73, -509, 309, 200, -527, -1429, -1137, -531, -570, -614, 
546, 473, -73, -509, 309, 200, -527, -1429, -1137, -531, -570, -619, 
556, 488, -68, -522, 312, 209, -527, -1429, -1137, -541, -575, -619, 
556, 478, -78, -517, 317, 200, -531, -1429, -1132, -531, -575, -619, 
546, 478, -68, -512, 307, 204, -531, -1415, -1127, -522, -575, -624, 
551, 468, -82, -509, 317, 192, -527, -1405, -1117, -531, -575, -619, 
536, 468, -68, -502, 302, 200, -502, -1381, -1112, -531, -580, -624, 
522, 453, -68, -488, 295, 192, -473, -1371, -1083, -522, -590, -639, 
497, 453, -43, -475, 270, 204, -429, -1337, -1039, -522, -600, -658, 
478, 448, -29, -463, 253, 209, -366, -1307, -985, -507, -600, -663, 
448, 439, -9, -444, 229, 214, -307, -1259, -946, -497, -619, -678, 
439, 429, -9, -434, 224, 209, -258, -1205, -907, -488, -619, -688, 
448, 444, -4, -446, 226, 219, -209, -1137, -844, -444, -595, -683, 
458, 478, 19, -468, 219, 248, -180, -1044, -751, -356, -556, -668, 
492, 502, 9, -497, 241, 256, -170, -932, -653, -258, -507, -639, 
546, 546, 0, -546, 273, 273, -180, -814, -531, -131, -429, -610, 
610, 629, 19, -619, 295, 324, -200, -722, -424, 0, -336, -551, 
683, 722, 39, -702, 322, 380, -244, -663, -341, 131, -234, -478, 
780, 819, 39, -800, 370, 429, -331, -688, -283, 268, -126, -409, 
878, 961, 82, -919, 397, 522, -453, -810, -268, 409, 0, -312, 
961, 1137, 175, -1049, 392, 656, -605, -985, -268, 546, 156, -185, 
1029, 1337, 307, -1183, 361, 822, -771, -1176, -297, 692, 322, -34, 
1088, 1507, 419, -1298, 334, 963, -932, -1381, -356, 810, 478, 97, 
1098, 1566, 468, -1332, 314, 1017, -1010, -1527, -356, 844, 536, 161, 
1063, 1483, 419, -1273, 322, 951, -1019, -1581, -366, 756, 478, 131, 
1034, 1293, 258, -1163, 387, 775, -1019, -1634, -444, 575, 312, 29, 
995, 1098, 102, -1046, 446, 600, -1019, -1703, -610, 326, 122, -97, 
917, 956, 39, -936, 439, 497, -1015, -1834, -868, 43, -63, -190, 
810, 829, 19, -819, 395, 424, -980, -2020, -1244, -268, -224, -287, 
692, 688, -4, -690, 348, 341, -897, -2161, -1615, -580, -395, -395, 
600, 605, 4, -602, 297, 305, -814, -2181, -1766, -741, -502, -478, 
531, 590, 58, -561, 236, 324, -741, -2103, -1673, -697, -522, -492, 
502, 590, 87, -546, 207, 339, -688, -2020, -1581, -639, -527, -497, 
478, 570, 92, -524, 192, 331, -653, -1961, -1571, -644, -536, -527, 
468, 531, 63, -500, 202, 297, -634, -1927, -1551, -658, -556, -566, 
463, 502, 39, -483, 212, 270, -634, -1883, -1522, -658, -570, -580, 
463, 478, 14, -470, 224, 246, -639, -1854, -1503, -673, -595, -600, 
448, 463, 14, -456, 217, 239, -614, -1830, -1483, -673, -595, -614, 
448, 463, 14, -456, 217, 239, -575, -1786, -1424, -658, -585, -624, 
463, 458, -4, -461, 234, 226, -546, -1712, -1371, -634, -590, -624, 
473, 448, -24, -461, 248, 212, -517, -1644, -1327, -624, -590, -634, 
483, 439, -43, -461, 263, 197, -522, -1590, -1288, -610, -590, -624, 
492, 439, -53, -466, 273, 192, -517, -1542, -1249, -600, -590, -624, 
507, 439, -68, -473, 287, 185, -502, -1468, -1190, -575, -590, -634, 
517, 453, -63, -485, 290, 195, -492, -1424, -1141, -541, -570, -624, 
531, 488, -43, -509, 287, 222, -492, -1400, -1102, -512, -546, -610, 
546, 517, -29, -531, 287, 244, -497, -1400, -1088, -478, -541, -595, 
566, 536, -29, -551, 297, 253, -497, -1405, -1078, -468, -536, -595, 
570, 536, -34, -553, 302, 251, -502, -1410, -1083, -473, -536, -595, 
575, 536, -39, -556, 307, 248, -502, -1405, -1088, -483, -536, -595, 
575, 531, -43, -553, 309, 244, -502, -1390, -1088, -492, -541, -595, 
570, 522, -48, -546, 309, 236, -497, -1376, -1088, -497, -546, -600, 
551, 507, -43, -529, 297, 231, -488, -1361, -1078, -507, -541, -600, 
551, 497, -53, -524, 302, 222, -488, -1361, -1078, -507, -546, -605, 
551, 492, -58, -522, 305, 217, -488, -1356, -1073, -507, -546, -605, 
551, 492, -58, -522, 305, 217, -488, -1356, -1068, -497, -546, -605, 
551, 497, -53, -524, 302, 222, -478, -1366, -1068, -483, -541, -614, 
556, 507, -48, -531, 302, 229, -483, -1361, -1063, -473, -541, -610, 
566, 512, -53, -539, 309, 229, -488, -1356, -1054, -468, -536, -610, 
570, 512, -58, -541, 314, 226, -488, -1346, -1054, -468, -531, -610, 
570, 522, -48, -546, 309, 236, -488, -1351, -1054, -468, -531, -610, 
566, 517, -48, -541, 307, 234, -488, -1346, -1054, -473, -531, -610, 
566, 517, -48, -541, 307, 234, -488, -1346, -1049, -473, -531, -610, 
566, 512, -53, -539, 309, 229, -488, -1342, -1044, -468, -531, -610, 
566, 522, -43, -544, 305, 239, -497, -1337, -1039, -478, -531, -610, 
566, 527, -39, -546, 302, 244, -497, -1337, -1039, -478, -531, -610, 
570, 527, -43, -549, 307, 241, -497, -1332, -1029, -468, -531, -610, 
570, 531, -39, -551, 305, 246, -497, -1332, -1029, -463, -527, -610, 
570, 527, -43, -549, 307, 241, -497, -1322, -1019, -463, -531, -595, 
575, 527, -48, -551, 312, 239, -497, -1322, -1015, -463, -531, -595, 
580, 527, -53, -553, 317, 236, -497, -1322, -1010, -458, -531, -595, 
580, 531, -48, -556, 314, 241, -497, -1322, -1010, -458, -527, -595, 
590, 541, -48, -566, 319, 246, -497, -1322, -1000, -444, -527, -595, 
590, 546, -43, -568, 317, 251, -502, -1317, -995, -444, -522, -590, 
590, 546, -43, -568, 317, 251, -502, -1307, -990, -439, -522, -590, 
595, 546, -48, -570, 322, 248, -502, -1302, -985, -439, -522, -590, 
600, 551, -48, -575, 324, 251, -502, -1298, -995, -439, -512, -600, 
600, 556, -43, -578, 322, 256, -497, -1298, -995, -439, -507, -600, 
600, 556, -43, -578, 322, 256, -497, -1298, -985, -429, -507, -595, 
600, 556, -43, -578, 322, 256, -497, -1293, -985, -424, -502, -590, 
600, 556, -43, -578, 322, 256, -497, -1283, -995, -429, -492, -580, 
600, 561, -39, -580, 319, 261, -497, -1278, -985, -429, -492, -580, 
605, 561, -43, -583, 324, 258, -497, -1273, -980, -424, -492, -580, 
605, 566, -39, -585, 322, 263, -492, -1268, -976, -424, -492, -585, 
605, 566, -39, -585, 322, 263, -492, -1268, -966, -414, -497, -585, 
610, 566, -43, -588, 326, 261, -492, -1268, -961, -409, -497, -580, 
610, 570, -39, -590, 324, 265, -492, -1259, -956, -409, -497, -580, 
614, 570, -43, -592, 329, 263, -492, -1254, -951, -405, -492, -580, 
614, 580, -34, -597, 324, 273, -492, -1263, -946, -405, -492, -590, 
619, 580, -39, -600, 329, 270, -492, -1259, -941, -405, -483, -585, 
619, 580, -39, -600, 329, 270, -492, -1254, -936, -395, -483, -580, 
619, 580, -39, -600, 329, 270, -492, -1249, -932, -395, -483, -575, 
610, 575, -34, -592, 322, 270, -492, -1244, -927, -390, -473, -566, 
614, 580, -34, -597, 324, 273, -492, -1239, -927, -385, -473, -566, 
614, 585, -29, -600, 322, 278, -492, -1234, -922, -380, -468, -566, 
614, 590, -24, -602, 319, 283, -492, -1234, -922, -375, -468, -566, 
629, 590, -39, -610, 334, 275, -492, -1220, -902, -366, -463, -561, 
629, 590, -39, -610, 334, 275, -492, -1215, -897, -361, -463, -561, 
629, 590, -39, -610, 334, 275, -492, -1210, -888, -356, -458, -561, 
629, 595, -34, -612, 331, 280, -492, -1200, -883, -351, -453, -556, 
629, 605, -24, -617, 326, 290, -483, -1205, -868, -351, -448, -556, 
634, 605, -29, -619, 331, 287, -483, -1200, -863, -346, -448, -556, 
639, 610, -29, -624, 334, 290, -483, -1195, -858, -341, -448, -556, 
639, 610, -29, -624, 334, 290, -483, -1190, -849, -336, -439, -551, 
639, 619, -19, -629, 329, 300, -483, -1180, -844, -331, -448, -546, 
644, 624, -19, -634, 331, 302, -483, -1180, -844, -326, -448, -546, 
644, 634, -9, -639, 326, 312, -483, -1171, -844, -317, -439, -546, 
649, 634, -14, -641, 331, 309, -483, -1166, -839, -312, -434, -541, 
649, 639, -9, -644, 329, 314, -492, -1161, -839, -317, -429, -546, 
653, 644, -9, -649, 331, 317, -492, -1156, -829, -312, -424, -546, 
653, 649, -4, -651, 329, 322, -492, -1141, -824, -302, -419, -541, 
663, 653, -9, -658, 336, 322, -492, -1132, -814, -302, -419, -541, 
668, 658, -9, -663, 339, 324, -492, -1132, -790, -283, -405, -522, 
668, 663, -4, -666, 336, 329, -492, -1127, -790, -278, -405, -522, 
668, 668, 0, -668, 334, 334, -488, -1112, -780, -273, -400, -522, 
678, 673, -4, -675, 341, 334, -488, -1102, -771, -268, -395, -522, 
688, 683, -4, -685, 346, 339, -478, -1093, -761, -253, -390, -527, 
692, 688, -4, -690, 348, 341, -478, -1088, -751, -244, -385, -527, 
697, 692, -4, -695, 351, 344, -473, -1078, -741, -234, -380, -517, 
702, 697, -4, -700, 353, 346, -473, -1068, -732, -224, -375, -512, 
697, 707, 9, -702, 344, 358, -473, -1049, -722, -204, -361, -502, 
702, 712, 9, -707, 346, 361, -473, -1034, -712, -200, -351, -492, 
707, 722, 14, -714, 346, 368, -473, -1024, -697, -190, -346, -488, 
712, 727, 14, -719, 348, 370, -473, -1015, -688, -180, -336, -478, 
717, 732, 14, -724, 351, 373, -478, -1019, -673, -170, -341, -473, 
722, 741, 19, -732, 351, 380, -478, -1010, -663, -165, -331, -468, 
732, 751, 19, -741, 356, 385, -478, -1000, -653, -156, -326, -463, 
732, 756, 24, -744, 353, 390, -478, -990, -644, -146, -322, -458, 
727, 761, 34, -744, 346, 397, -483, -985, -624, -146, -312, -463, 
736, 775, 39, -756, 348, 407, -483, -976, -614, -136, -307, -458, 
741, 775, 34, -758, 353, 405, -483, -966, -605, -117, -297, -453, 
746, 790, 43, -768, 351, 417, -483, -956, -595, -107, -292, -444, 
756, 795, 39, -775, 358, 417, -483, -936, -590, -87, -287, -444, 
761, 805, 43, -783, 358, 424, -483, -932, -580, -78, -278, -439, 
766, 810, 43, -788, 361, 427, -483, -922, -575, -68, -268, -429, 
771, 814, 43, -793, 363, 429, -483, -912, -561, -58, -263, -429, 
775, 829, 53, -802, 361, 441, -473, -902, -536, -58, -258, -424, 
785, 839, 53, -812, 366, 446, -483, -893, -531, -48, -248, -414, 
790, 849, 58, -819, 366, 453, -483, -883, -522, -39, -239, -414, 
790, 849, 58, -819, 366, 453, -483, -878, -512, -29, -234, -409, 
805, 868, 63, -836, 370, 466, -492, -883, -512, -19, -229, -405, 
810, 868, 58, -839, 375, 463, -492, -878, -507, -9, -219, -400, 
814, 878, 63, -846, 375, 470, -492, -878, -502, 0, -214, -395, 
819, 888, 68, -854, 375, 478, -492, -868, -492, 4, -209, -395, 
810, 883, 73, -846, 368, 478, -497, -868, -483, 19, -204, -385, 
810, 883, 73, -846, 368, 478, -497, -868, -483, 24, -195, -385, 
810, 893, 82, -851, 363, 488, -497, -868, -483, 24, -195, -380, 
814, 893, 78, -854, 368, 485, -497, -868, -483, 29, -190, -380, 
814, 897, 82, -856, 366, 490, -488, -863, -468, 34, -190, -380, 
819, 902, 82, -861, 368, 492, -492, -868, -468, 34, -185, -375, 
819, 907, 87, -863, 366, 497, -492, -873, -473, 39, -185, -370, 
819, 907, 87, -863, 366, 497, -497, -888, -473, 39, -185, -370, 
814, 902, 87, -858, 363, 495, -497, -902, -483, 29, -185, -366, 
810, 902, 92, -856, 358, 497, -492, -907, -488, 24, -185, -366, 
810, 897, 87, -854, 361, 492, -492, -927, -497, 19, -190, -370, 
810, 893, 82, -851, 363, 488, -497, -941, -517, 14, -195, -370, 
805, 883, 78, -844, 363, 480, -507, -961, -531, 0, -200, -385, 
795, 873, 78, -834, 358, 475, -502, -980, -561, -14, -214, -385, 
790, 863, 73, -827, 358, 468, -502, -1000, -580, -39, -229, -400, 
785, 849, 63, -817, 361, 456, -507, -1019, -605, -53, -248, -405, 
766, 834, 68, -800, 348, 451, -502, -1039, -614, -73, -258, -419, 
756, 824, 68, -790, 344, 446, -497, -1054, -634, -87, -273, -434, 
741, 810, 68, -775, 336, 439, -492, -1078, -658, -102, -283, -444, 
736, 800, 63, -768, 336, 431, -488, -1098, -673, -126, -297, -453, 
727, 790, 63, -758, 331, 427, -502, -1122, -702, -156, -312, -463, 
717, 775, 58, -746, 329, 417, -502, -1141, -732, -175, -322, -473, 
712, 756, 43, -734, 334, 400, -497, -1161, -761, -195, -341, -478, 
702, 741, 39, -722, 331, 390, -492, -1176, -790, -214, -356, -488, 
692, 732, 39, -712, 326, 385, -488, -1200, -805, -239, -366, -488, 
683, 717, 34, -700, 324, 375, -483, -1210, -819, -258, -380, -497, 
673, 697, 24, -685, 324, 361, -483, -1224, -844, -278, -395, -507, 
663, 678, 14, -671, 324, 346, -478, -1234, -863, -297, -409, -522, 
663, 668, 4, -666, 329, 336, -488, -1259, -878, -307, -424, -536, 
653, 663, 9, -658, 322, 336, -492, -1273, -893, -322, -429, -541, 
653, 649, -4, -651, 329, 322, -497, -1288, -912, -331, -439, -551, 
649, 644, -4, -646, 326, 319, -497, -1302, -932, -346, -453, -561, 
653, 634, -19, -644, 336, 307, -502, -1307, -946, -370, -458, -561, 
644, 624, -19, -634, 331, 302, -502, -1322, -966, -385, -468, -561, 
639, 610, -29, -624, 334, 290, -502, -1332, -985, -395, -478, -570, 
634, 600, -34, -617, 334, 283, -502, -1342, -995, -409, -483, -575, 
619, 580, -39, -600, 329, 270, -502, -1346, -1000, -414, -488, -580, 
619, 570, -48, -595, 334, 261, -492, -1351, -1005, -424, -492, -585, 
614, 566, -48, -590, 331, 258, -492, -1351, -1015, -429, -497, -590, 
610, 556, -53, -583, 331, 251, -492, -1356, -1010, -429, -507, -595, 
610, 556, -53, -583, 331, 251, -497, -1371, -1024, -439, -507, -600, 
605, 556, -48, -580, 326, 253, -497, -1376, -1034, -444, -512, -605, 
600, 551, -48, -575, 324, 251, -497, -1385, -1049, -448, -512, -610, 
600, 551, -48, -575, 324, 251, -502, -1385, -1049, -453, -517, -610, 
595, 546, -48, -570, 322, 248, -492, -1395, -1049, -468, -517, -614, 
595, 536, -58, -566, 326, 239, -492, -1400, -1049, -473, -522, -614, 
595, 536, -58, -566, 326, 239, -492, -1400, -1058, -473, -531, -619, 
595, 531, -63, -563, 329, 234, -492, -1400, -1058, -478, -531, -624, 
595, 531, -63, -563, 329, 234, -502, -1395, -1068, -468, -546, -624, 
595, 527, -68, -561, 331, 229, -502, -1395, -1073, -473, -546, -624, 
595, 522, -73, -558, 334, 224, -507, -1395, -1078, -478, -546, -624, 
595, 522, -73, -558, 334, 224, -507, -1400, -1083, -483, -546, -624, 
595, 522, -73, -558, 334, 224, -497, -1410, -1093, -492, -546, -624, 
590, 517, -73, -553, 331, 222, -497, -1410, -1098, -492, -546, -624, 
590, 517, -73, -553, 331, 222, -497, -1410, -1102, -492, -546, -619, 
590, 517, -73, -553, 331, 222, -497, -1415, -1102, -497, -551, -619, 
600, 517, -82, -558, 341, 217, -507, -1424, -1098, -488, -541, -619, 
600, 517, -82, -558, 341, 217, -507, -1424, -1093, -488, -546, -619, 
600, 517, -82, -558, 341, 217, -507, -1424, -1088, -492, -546, -619, 
600, 517, -82, -558, 341, 217, -507, -1424, -1083, -492, -546, -624, 
600, 512, -87, -556, 344, 212, -512, -1424, -1093, -497, -546, -629, 
600, 512, -87, -556, 344, 212, -517, -1424, -1093, -497, -546, -629, 
600, 517, -82, -558, 341, 217, -517, -1424, -1098, -497, -546, -629, 
600, 517, -82, -558, 341, 217, -517, -1424, -1098, -497, -546, -629, 
600, 517, -82, -558, 341, 217, -502, -1424, -1083, -497, -556, -629, 
600, 512, -87, -556, 344, 212, -502, -1424, -1083, -497, -556, -629, 
600, 512, -87, -556, 344, 212, -502, -1424, -1088, -497, -556, -629, 
600, 512, -87, -556, 344, 212, -502, -1434, -1088, -492, -556, -629, 
600, 522, -78, -561, 339, 222, -502, -1424, -1088, -492, -556, -629, 
600, 522, -78, -561, 339, 222, -502, -1429, -1088, -497, -556, -629, 
600, 522, -78, -561, 339, 222, -502, -1429, -1088, -497, -561, -629, 
600, 522, -78, -561, 339, 222, -502, -1429, -1088, -497, -561, -629, 
600, 522, -78, -561, 339, 222, -502, -1434, -1098, -502, -551, -639, 
600, 522, -78, -561, 339, 222, -497, -1434, -1098, -502, -551, -639, 
600, 522, -78, -561, 339, 222, -492, -1434, -1098, -502, -551, -639, 
600, 522, -78, -561, 339, 222, -488, -1434, -1098, -502, -551, -639, 
590, 522, -68, -556, 329, 226, -492, -1434, -1098, -502, -561, -639, 
590, 522, -68, -556, 329, 226, -492, -1429, -1098, -497, -561, -639, 
590, 522, -68, -556, 329, 226, -492, -1429, -1098, -497, -561, -644, 
590, 522, -68, -556, 329, 226, -492, -1429, -1098, -502, -561, -644, 
595, 522, -73, -558, 334, 224, -492, -1429, -1088, -502, -561, -634, 
595, 522, -73, -558, 334, 224, -492, -1429, -1088, -502, -561, -634, 
595, 522, -73, -558, 334, 224, -492, -1434, -1088, -502, -561, -634, 
595, 522, -73, -558, 334, 224, -492, -1434, -1088, -502, -556, -634, 
595, 527, -68, -561, 331, 229, -492, -1429, -1088, -502, -556, -634, 
595, 531, -63, -563, 329, 234, -497, -1429, -1088, -502, -556, -634, 
600, 531, -68, -566, 334, 231, -497, -1434, -1088, -502, -561, -634, 
600, 531, -68, -566, 334, 231, -497, -1434, -1088, -502, -561, -634, 
600, 531, -68, -566, 334, 231, -497, -1434, -1088, -502, -561, -634, 
600, 531, -68, -566, 334, 231, -497, -1429, -1088, -502, -556, -634, 
600, 531, -68, -566, 334, 231, -497, -1429, -1088, -502, -556, -634, 
600, 531, -68, -566, 334, 231, -497, -1429, -1088, -502, -556, -634, 
590, 531, -58, -561, 324, 236, -488, -1420, -1078, -492, -556, -644, 
590, 531, -58, -561, 324, 236, -488, -1420, -1078, -492, -556, -644, 
590, 531, -58, -561, 324, 236, -488, -1420, -1078, -492, -556, -644, 
590, 531, -58, -561, 324, 236, -488, -1420, -1078, -492, -556, -644, 
600, 531, -68, -566, 334, 231, -497, -1429, -1078, -492, -556, -644, 
600, 531, -68, -566, 334, 231, -497, -1429, -1078, -492, -556, -644, 
595, 531, -63, -563, 329, 234, -497, -1429, -1078, -488, -556, -644, 
595, 531, -63, -563, 329, 234, -497, -1429, -1078, -483, -556, -639, 
585, 531, -53, -558, 319, 239, -488, -1429, -1078, -492, -556, -639, 
590, 536, -53, -563, 322, 241, -488, -1429, -1078, -492, -556, -644, 
590, 536, -53, -563, 322, 241, -488, -1429, -1078, -492, -556, -644, 
585, 536, -48, -561, 317, 244, -488, -1429, -1078, -492, -556, -644, 
585, 527, -58, -556, 322, 234, -488, -1429, -1078, -483, -566, -634, 
590, 527, -63, -558, 326, 231, -488, -1429, -1078, -483, -566, -634, 
590, 527, -63, -558, 326, 231, -488, -1429, -1078, -483, -566, -634, 
590, 522, -68, -556, 329, 226, -488, -1429, -1078, -483, -566, -634, 
590, 531, -58, -561, 324, 236, -488, -1429, -1078, -492, -556, -639, 
590, 541, -48, -566, 319, 246, -488, -1429, -1078, -492, -556, -639, 
590, 541, -48, -566, 319, 246, -488, -1429, -1078, -492, -556, -639, 
590, 536, -53, -563, 322, 241, -488, -1429, -1078, -492, -556, -639, 
590, 527, -63, -558, 326, 231, -488, -1439, -1088, -492, -556, -639, 
590, 527, -63, -558, 326, 231, -488, -1439, -1088, -492, -556, -639, 
590, 527, -63, -558, 326, 231, -488, -1444, -1088, -492, -556, -644, 
590, 527, -63, -558, 326, 231, -488, -1444, -1088, -492, -556, -644, 
590, 527, -63, -558, 326, 231, -492, -1434, -1088, -492, -566, -634, 
590, 527, -63, -558, 326, 231, -492, -1439, -1088, -492, -566, -629, 
590, 527, -63, -558, 326, 231, -492, -1439, -1093, -497, -566, -629, 
590, 527, -63, -558, 326, 231, -492, -1439, -1093, -497, -566, -634, 
600, 527, -73, -563, 336, 226, -492, -1439, -1093, -502, -566, -644, 
600, 527, -73, -563, 336, 226, -492, -1439, -1093, -502, -566, -644, 
600, 527, -73, -563, 336, 226, -492, -1439, -1098, -507, -566, -644, 
600, 527, -73, -563, 336, 226, -492, -1439, -1098, -507, -566, -644, 
600, 536, -63, -568, 331, 236, -492, -1429, -1088, -497, -566, -634, 
600, 536, -63, -568, 331, 236, -492, -1434, -1093, -497, -570, -634, 
600, 536, -63, -568, 331, 236, -492, -1439, -1093, -502, -570, -634, 
600, 536, -63, -568, 331, 236, -492, -1439, -1093, -502, -570, -634, 
600, 536, -63, -568, 331, 236, -483, -1449, -1102, -497, -570, -634, 
600, 536, -63, -568, 331, 236, -483, -1449, -1102, -497, -570, -634, 
600, 536, -63, -568, 331, 236, -483, -1444, -1102, -502, -570, -634, 
600, 536, -63, -568, 331, 236, -483, -1444, -1102, -507, -570, -639, 
600, 527, -73, -563, 336, 226, -483, -1449, -1112, -507, -570, -639, 
600, 527, -73, -563, 336, 226, -488, -1449, -1112, -507, -570, -639, 
600, 527, -73, -563, 336, 226, -492, -1449, -1112, -507, -570, -644, 
600, 527, -73, -563, 336, 226, -492, -1454, -1112, -517, -570, -644, 
600, 527, -73, -563, 336, 226, -483, -1444, -1107, -507, -570, -653, 
600, 527, -73, -563, 336, 226, -483, -1444, -1107, -507, -570, -653, 
600, 527, -73, -563, 336, 226, -483, -1444, -1107, -507, -570, -649, 
600, 527, -73, -563, 336, 226, -488, -1444, -1112, -507, -570, -649, 
600, 522, -78, -561, 339, 222, -488, -1454, -1112, -512, -580, -649, 
600, 517, -82, -558, 341, 217, -488, -1459, -1112, -512, -580, -649, 
600, 517, -82, -558, 341, 217, -488, -1459, -1112, -512, -580, -649, 
600, 517, -82, -558, 341, 217, -488, -1459, -1112, -517, -580, -649, 
590, 527, -63, -558, 326, 231, -497, -1459, -1127, -517, -580, -658, 
590, 527, -63, -558, 326, 231, -497, -1459, -1127, -517, -580, -658, 
590, 531, -58, -561, 324, 236, -497, -1464, -1132, -517, -580, -658, 
590, 531, -58, -561, 324, 236, -497, -1464, -1132, -517, -580, -658, 
590, 531, -58, -561, 324, 236, -488, -1454, -1122, -517, -575, -649, 
590, 527, -63, -558, 326, 231, -488, -1454, -1122, -517, -575, -649, 
590, 527, -63, -558, 326, 231, -488, -1454, -1122, -517, -575, -649, 
590, 527, -63, -558, 326, 231, -488, -1454, -1122, -517, -575, -649, 
600, 527, -73, -563, 336, 226, -488, -1454, -1122, -507, -575, -649, 
600, 527, -73, -563, 336, 226, -488, -1454, -1122, -512, -575, -649, 
600, 527, -73, -563, 336, 226, -488, -1454, -1122, -512, -575, -649, 
600, 527, -73, -563, 336, 226, -488, -1454, -1122, -512, -570, -653, 
610, 527, -82, -568, 346, 222, -488, -1454, -1137, -522, -570, -653, 
610, 527, -82, -568, 346, 222, -488, -1459, -1137, -522, -575, -653, 
610, 527, -82, -568, 346, 222, -488, -1459, -1137, -522, -575, -653, 
610, 527, -82, -568, 346, 222, -488, -1464, -1137, -522, -575, -653, 
610, 527, -82, -568, 346, 222, -497, -1464, -1137, -522, -585, -653, 
610, 527, -82, -568, 346, 222, -497, -1464, -1137, -522, -585, -653, 
610, 527, -82, -568, 346, 222, -497, -1464, -1137, -522, -585, -653, 
610, 527, -82, -568, 346, 222, -497, -1464, -1137, -522, -585, -658, 
600, 517, -82, -558, 341, 217, -488, -1468, -1137, -531, -585, -658, 
600, 517, -82, -558, 341, 217, -488, -1468, -1137, -531, -585, -658, 
600, 517, -82, -558, 341, 217, -488, -1473, -1137, -531, -585, -658, 
600, 522, -78, -561, 339, 222, -488, -1473, -1137, -531, -585, -653, 
605, 522, -82, -563, 344, 219, -488, -1473, -1146, -522, -585, -653, 
605, 517, -87, -561, 346, 214, -488, -1473, -1146, -522, -585, -653, 
605, 517, -87, -561, 346, 214, -492, -1468, -1146, -522, -590, -653, 
605, 517, -87, -561, 346, 214, -492, -1468, -1146, -522, -590, -653, 
605, 527, -78, -566, 341, 224, -483, -1459, -1146, -522, -575, -653, 
605, 527, -78, -566, 341, 224, -483, -1459, -1146, -531, -575, -653, 
605, 527, -78, -566, 341, 224, -492, -1468, -1146, -527, -575, -644, 
595, 536, -58, -566, 326, 239, -488, -1464, -1141, -527, -575, -644, 
605, 527, -78, -566, 341, 224, -488, -1464, -1141, -536, -585, -653, 
605, 527, -78, -566, 341, 224, -488, -1464, -1141, -536, -585, -653, 
605, 527, -78, -566, 341, 224, -488, -1464, -1141, -536, -585, -653, 
605, 527, -78, -566, 341, 224, -488, -1464, -1141, -536, -585, -653, 
605, 527, -78, -566, 341, 224, -492, -1464, -1156, -536, -595, -663, 
595, 527, -68, -561, 331, 229, -492, -1464, -1156, -536, -595, -663, 
595, 527, -68, -561, 331, 229, -492, -1459, -1151, -536, -595, -663, 
595, 527, -68, -561, 331, 229, -492, -1459, -1151, -536, -595, -663, 
610, 527, -82, -568, 346, 222, -483, -1468, -1156, -536, -595, -653, 
610, 522, -87, -566, 348, 217, -483, -1468, -1156, -536, -595, -653, 
610, 517, -92, -563, 351, 212, -483, -1468, -1151, -536, -595, -653, 
610, 512, -97, -561, 353, 207, -483, -1468, -1151, -536, -595, -653, 
600, 517, -82, -558, 341, 217, -483, -1473, -1151, -527, -585, -653, 
600, 507, -92, -553, 346, 207, -483, -1473, -1156, -531, -585, -658, 
600, 507, -92, -553, 346, 207, -478, -1473, -1156, -531, -595, -658, 
600, 512, -87, -556, 344, 212, -473, -1473, -1156, -531, -595, -658, 
600, 512, -87, -556, 344, 212, -463, -1459, -1146, -531, -605, -658, 
600, 512, -87, -556, 344, 212, -463, -1459, -1146, -531, -605, -663, 
600, 512, -87, -556, 344, 212, -463, -1459, -1141, -531, -605, -663, 
605, 517, -87, -561, 346, 214, -468, -1459, -1141, -527, -600, -663, 
614, 531, -82, -573, 348, 224, -468, -1464, -1137, -527, -585, -663, 
614, 531, -82, -573, 348, 224, -468, -1454, -1132, -522, -585, -653, 
619, 546, -73, -583, 346, 236, -463, -1449, -1122, -512, -580, -653, 
619, 551, -68, -585, 344, 241, -463, -1444, -1122, -507, -580, -653, 
624, 566, -58, -595, 341, 253, -463, -1439, -1102, -497, -570, -639, 
624, 575, -48, -600, 336, 263, -458, -1439, -1102, -488, -561, -634, 
624, 590, -34, -607, 329, 278, -453, -1439, -1098, -488, -561, -629, 
624, 590, -34, -607, 329, 278, -453, -1434, -1093, -488, -561, -629, 
624, 590, -34, -607, 329, 278, -463, -1444, -1098, -497, -561, -634, 
629, 590, -39, -610, 334, 275, -463, -1449, -1098, -497, -561, -634, 
634, 595, -39, -614, 336, 278, -468, -1449, -1098, -497, -561, -634, 
634, 600, -34, -617, 334, 283, -468, -1449, -1093, -488, -556, -629, 
644, 605, -39, -624, 341, 283, -478, -1444, -1098, -488, -541, -619, 
649, 624, -24, -636, 336, 300, -488, -1439, -1083, -478, -536, -610, 
653, 644, -9, -649, 331, 317, -497, -1439, -1083, -473, -527, -605, 
663, 658, -4, -661, 334, 326, -507, -1449, -1083, -468, -512, -590, 
668, 663, -4, -666, 336, 329, -507, -1454, -1083, -463, -517, -590, 
668, 663, -4, -666, 336, 329, -517, -1454, -1088, -463, -517, -590, 
673, 658, -14, -666, 344, 322, -517, -1454, -1088, -468, -517, -595, 
673, 658, -14, -666, 344, 322, -522, -1464, -1098, -473, -527, -595, 
673, 644, -29, -658, 351, 307, -512, -1459, -1107, -478, -531, -600, 
663, 634, -29, -649, 346, 302, -512, -1464, -1112, -488, -536, -605, 
658, 614, -43, -636, 351, 285, -507, -1468, -1112, -497, -541, -610, 
658, 605, -53, -631, 356, 275, -507, -1468, -1117, -502, -541, -614, 
658, 595, -63, -627, 361, 265, -492, -1468, -1141, -512, -551, -624, 
653, 575, -78, -614, 366, 248, -492, -1468, -1146, -522, -556, -629, 
653, 566, -87, -610, 370, 239, -488, -1468, -1151, -522, -556, -629, 
653, 575, -78, -614, 366, 248, -488, -1473, -1156, -517, -556, -624, 
653, 585, -68, -619, 361, 258, -502, -1483, -1146, -517, -556, -624, 
649, 580, -68, -614, 358, 256, -502, -1483, -1151, -517, -556, -624, 
649, 580, -68, -614, 358, 256, -502, -1483, -1151, -517, -561, -629, 
644, 575, -68, -610, 356, 253, -497, -1483, -1151, -517, -561, -629, 
639, 561, -78, -600, 358, 241, -488, -1473, -1151, -522, -570, -639, 
634, 546, -87, -590, 361, 229, -488, -1473, -1156, -527, -580, -649, 
629, 536, -92, -583, 361, 222, -483, -1483, -1161, -531, -585, -658, 
624, 527, -97, -575, 361, 214, -478, -1483, -1166, -541, -595, -663, 
619, 517, -102, -568, 361, 207, -473, -1483, -1176, -541, -595, -658, 
614, 517, -97, -566, 356, 209, -473, -1483, -1171, -541, -595, -658, 
614, 517, -97, -566, 356, 209, -473, -1483, -1171, -546, -595, -658, 
614, 517, -97, -566, 356, 209, -473, -1483, -1176, -551, -600, -658, 
614, 512, -102, -563, 358, 204, -488, -1493, -1171, -541, -605, -658, 
614, 507, -107, -561, 361, 200, -488, -1493, -1176, -541, -605, -658, 
619, 507, -112, -563, 366, 197, -488, -1493, -1176, -546, -605, -658, 
619, 507, -112, -563, 366, 197, -488, -1493, -1171, -546, -605, -663, 
619, 502, -117, -561, 368, 192, -488, -1493, -1171, -556, -605, -673, 
614, 497, -117, -556, 366, 190, -488, -1493, -1176, -556, -605, -673, 
614, 497, -117, -556, 366, 190, -488, -1493, -1176, -556, -610, -678, 
610, 492, -117, -551, 363, 187, -488, -1493, -1171, -556, -610, -678, 
610, 492, -117, -551, 363, 187, -478, -1493, -1171, -546, -610, -683, 
610, 492, -117, -551, 363, 187, -478, -1493, -1171, -546, -610, -683, 
610, 492, -117, -551, 363, 187, -478, -1493, -1171, -546, -610, -683, 
610, 492, -117, -551, 363, 187, -478, -1493, -1171, -546, -610, -683, 
605, 492, -112, -549, 358, 190, -478, -1488, -1180, -556, -610, -683, 
605, 492, -112, -549, 358, 190, -473, -1488, -1180, -556, -610, -683, 
605, 492, -112, -549, 358, 190, -473, -1488, -1180, -556, -610, -683, 
605, 492, -112, -549, 358, 190, -473, -1488, -1180, -551, -610, -683, 
595, 492, -102, -544, 348, 195, -463, -1488, -1180, -551, -610, -683, 
595, 492, -102, -544, 348, 195, -458, -1488, -1176, -551, -610, -683, 
595, 492, -102, -544, 348, 195, -458, -1488, -1176, -551, -610, -683, 
595, 492, -102, -544, 348, 195, -458, -1488, -1176, -551, -610, -688, 
595, 488, -107, -541, 351, 190, -458, -1478, -1166, -551, -605, -678, 
595, 488, -107, -541, 351, 190, -463, -1488, -1171, -551, -605, -688, 
595, 488, -107, -541, 351, 190, -453, -1483, -1156, -551, -605, -692, 
590, 478, -112, -534, 351, 183, -429, -1473, -1146, -541, -605, -697, 
566, 468, -97, -517, 331, 185, -385, -1449, -1122, -541, -619, -702, 
541, 463, -78, -502, 309, 192, -346, -1420, -1093, -541, -629, -707, 
527, 463, -63, -495, 295, 200, -302, -1395, -1058, -522, -629, -717, 
497, 458, -39, -478, 268, 209, -248, -1356, -1005, -507, -639, -722, 
478, 458, -19, -468, 248, 219, -200, -1307, -966, -507, -649, -736, 
478, 468, -9, -473, 244, 229, -170, -1244, -917, -478, -649, -736, 
497, 502, 4, -500, 246, 253, -141, -1166, -844, -414, -605, -722, 
527, 536, 9, -531, 258, 273, -112, -1063, -741, -317, -546, -697, 
570, 570, 0, -570, 285, 285, -112, -961, -644, -209, -488, -678, 
634, 634, 0, -634, 317, 317, -122, -863, -541, -82, -409, -629, 
717, 717, 0, -717, 358, 358, -151, -780, -463, 58, -317, -570, 
819, 810, -9, -814, 414, 400, -214, -761, -390, 170, -214, -507, 
927, 917, -9, -922, 468, 453, -322, -814, -322, 297, -117, -419, 
1024, 1088, 63, -1056, 480, 575, -473, -927, -278, 448, 19, -302, 
1098, 1283, 185, -1190, 456, 734, -653, -1093, -278, 605, 185, -165, 
1166, 1483, 317, -1324, 424, 900, -819, -1283, -287, 741, 361, -24, 
1215, 1605, 390, -1410, 412, 997, -941, -1439, -268, 829, 468, 78, 
1215, 1586, 370, -1400, 422, 978, -980, -1527, -248, 785, 448, 82, 
1171, 1415, 244, -1293, 463, 829, -980, -1590, -317, 619, 312, -4, 
1122, 1224, 102, -1173, 509, 663, -980, -1673, -473, 390, 136, -117, 
1063, 1078, 14, -1071, 524, 546, -980, -1830, -736, 131, -34, -214, 
956, 956, 0, -956, 478, 478, -966, -2049, -1093, -161, -190, -287, 
819, 810, -9, -814, 414, 400, -902, -2235, -1488, -473, -361, -395, 
712, 678, -34, -695, 373, 322, -819, -2288, -1722, -678, -502, -483, 
629, 634, 4, -631, 312, 319, -727, -2230, -1688, -702, -551, -527, 
570, 629, 58, -600, 256, 344, -653, -2142, -1586, -658, -551, -531, 
551, 610, 58, -580, 246, 334, -619, -2078, -1561, -658, -556, -566, 
536, 561, 24, -549, 256, 292, -595, -2030, -1551, -673, -595, -595, 
527, 531, 4, -529, 261, 268, -595, -1976, -1522, -678, -614, -624, 
522, 512, -9, -517, 265, 251, -585, -1932, -1503, -688, -619, -658, 
512, 478, -34, -495, 273, 222, -551, -1893, -1483, -683, -644, -678, 
507, 463, -43, -485, 275, 209, -517, -1859, -1444, -673, -653, -683, 
507, 463, -43, -485, 275, 209, -488, -1786, -1385, -649, -644, -683, 
512, 448, -63, -480, 287, 192, -458, -1712, -1342, -634, -639, -692, 
522, 458, -63, -490, 292, 197, -448, -1654, -1307, -614, -629, -683, 
541, 468, -73, -505, 307, 197, -453, -1590, -1259, -600, -629, -673, 
561, 478, -82, -519, 322, 197, -439, -1532, -1210, -570, -619, -673, 
575, 488, -87, -531, 331, 200, -414, -1478, -1161, -546, -610, -673, 
595, 512, -82, -553, 339, 214, -414, -1464, -1122, -512, -590, -663, 
610, 536, -73, -573, 341, 231, -405, -1459, -1093, -492, -575, -658, 
614, 556, -58, -585, 336, 248, -400, -1459, -1088, -497, -570, -653, 
614, 556, -58, -585, 336, 248, -409, -1464, -1098, -497, -575, -663, 
619, 556, -63, -588, 341, 246, -414, -1468, -1102, -502, -585, -663, 
624, 556, -68, -590, 346, 244, -414, -1464, -1107, -512, -585, -663, 
624, 551, -73, -588, 348, 239, -414, -1449, -1107, -522, -590, -663, 
619, 541, -78, -580, 348, 231, -409, -1434, -1107, -527, -595, -668, 
600, 522, -78, -561, 339, 222, -400, -1429, -1107, -527, -590, -668, 
600, 517, -82, -558, 341, 217, -400, -1429, -1107, -527, -595, -673, 
600, 517, -82, -558, 341, 217, -400, -1424, -1102, -527, -595, -673, 
600, 522, -78, -561, 339, 222, -400, -1424, -1098, -517, -595, -673, 
610, 527, -82, -568, 346, 222, -390, -1424, -1088, -512, -600, -673, 
614, 536, -78, -575, 346, 229, -395, -1420, -1083, -502, -600, -668, 
624, 541, -82, -583, 353, 229, -400, -1415, -1073, -497, -595, -668, 
629, 541, -87, -585, 358, 226, -400, -1405, -1073, -497, -590, -668, 
629, 546, -82, -588, 356, 231, -400, -1400, -1073, -497, -590, -658, 
624, 546, -78, -585, 351, 234, -400, -1395, -1073, -502, -590, -658, 
624, 551, -73, -588, 348, 239, -400, -1395, -1068, -502, -590, -658, 
624, 551, -73, -588, 348, 239, -400, -1390, -1063, -497, -590, -658, 
634, 551, -82, -592, 358, 234, -400, -1395, -1058, -488, -580, -658, 
634, 556, -78, -595, 356, 239, -400, -1395, -1058, -488, -580, -658, 
639, 556, -82, -597, 361, 236, -400, -1390, -1049, -478, -580, -658, 
639, 561, -78, -600, 358, 241, -400, -1390, -1049, -473, -575, -658, 
639, 556, -82, -597, 361, 236, -400, -1371, -1058, -483, -580, -653, 
644, 556, -87, -600, 366, 234, -400, -1371, -1054, -483, -580, -653, 
649, 556, -92, -602, 370, 231, -400, -1371, -1049, -478, -580, -653, 
649, 561, -87, -605, 368, 236, -400, -1371, -1049, -478, -575, -653, 
639, 561, -78, -600, 358, 241, -409, -1371, -1039, -463, -575, -663, 
639, 566, -73, -602, 356, 246, -414, -1366, -1034, -463, -570, -658, 
639, 566, -73, -602, 356, 246, -414, -1356, -1029, -458, -570, -658, 
644, 566, -78, -605, 361, 244, -414, -1351, -1024, -458, -570, -658, 
649, 570, -78, -610, 363, 246, -405, -1356, -1024, -458, -570, -649, 
649, 575, -73, -612, 361, 251, -400, -1356, -1024, -458, -566, -649, 
649, 575, -73, -612, 361, 251, -400, -1356, -1015, -448, -566, -644, 
649, 575, -73, -612, 361, 251, -400, -1351, -1015, -444, -561, -639, 
649, 575, -73, -612, 361, 251, -400, -1342, -1015, -448, -561, -629, 
649, 580, -68, -614, 358, 256, -400, -1337, -1005, -448, -561, -629, 
653, 580, -73, -617, 363, 253, -400, -1332, -1000, -444, -561, -629, 
653, 585, -68, -619, 361, 258, -395, -1327, -995, -444, -561, -634, 
653, 585, -68, -619, 361, 258, -405, -1337, -985, -434, -556, -634, 
658, 585, -73, -622, 366, 256, -405, -1337, -980, -429, -556, -629, 
658, 590, -68, -624, 363, 261, -405, -1327, -976, -429, -556, -629, 
663, 590, -73, -627, 368, 258, -405, -1322, -971, -424, -551, -629, 
663, 600, -63, -631, 363, 268, -414, -1322, -966, -434, -561, -634, 
668, 600, -68, -634, 368, 265, -414, -1317, -961, -434, -551, -634, 
668, 600, -68, -634, 368, 265, -414, -1312, -956, -424, -551, -634, 
668, 600, -68, -634, 368, 265, -414, -1307, -951, -424, -551, -634, 
668, 605, -63, -636, 366, 270, -409, -1302, -956, -419, -541, -624, 
673, 610, -63, -641, 368, 273, -405, -1298, -956, -414, -541, -624, 
673, 614, -58, -644, 366, 278, -400, -1293, -951, -409, -536, -624, 
673, 619, -53, -646, 363, 283, -395, -1293, -951, -405, -536, -624, 
668, 619, -48, -644, 358, 285, -395, -1288, -932, -395, -531, -619, 
668, 619, -48, -644, 358, 285, -395, -1283, -927, -390, -531, -619, 
668, 619, -48, -644, 358, 285, -395, -1278, -917, -385, -527, -619, 
668, 624, -43, -646, 356, 290, -395, -1268, -912, -380, -522, -614, 
678, 634, -43, -656, 361, 295, -385, -1263, -897, -390, -527, -614, 
683, 634, -48, -658, 366, 292, -385, -1259, -893, -385, -527, -614, 
688, 639, -48, -663, 368, 295, -385, -1254, -888, -380, -527, -614, 
688, 639, -48, -663, 368, 295, -385, -1249, -878, -375, -517, -610, 
688, 639, -48, -663, 368, 295, -385, -1239, -878, -370, -517, -605, 
692, 644, -48, -668, 370, 297, -385, -1239, -873, -366, -517, -605, 
692, 653, -39, -673, 366, 307, -385, -1229, -868, -356, -507, -605, 
697, 653, -43, -675, 370, 305, -385, -1224, -858, -351, -502, -600, 
697, 649, -48, -673, 373, 300, -385, -1210, -854, -336, -497, -595, 
702, 653, -48, -678, 375, 302, -385, -1205, -839, -331, -492, -595, 
702, 658, -43, -680, 373, 307, -385, -1190, -829, -322, -488, -590, 
712, 663, -48, -688, 380, 307, -385, -1180, -814, -322, -488, -590, 
717, 673, -43, -695, 380, 314, -385, -1180, -800, -312, -483, -580, 
717, 683, -34, -700, 375, 324, -385, -1176, -800, -307, -483, -580, 
717, 692, -24, -705, 370, 334, -380, -1161, -790, -302, -478, -580, 
727, 702, -24, -714, 375, 339, -380, -1151, -780, -297, -473, -580, 
736, 712, -24, -724, 380, 344, -380, -1132, -775, -292, -458, -585, 
741, 717, -24, -729, 383, 346, -380, -1127, -771, -283, -453, -585, 
746, 722, -24, -734, 385, 348, -375, -1117, -766, -273, -448, -575, 
751, 727, -24, -739, 387, 351, -375, -1107, -761, -263, -444, -570, 
756, 736, -19, -746, 387, 358, -375, -1098, -741, -253, -448, -566, 
761, 741, -19, -751, 390, 361, -375, -1083, -732, -248, -439, -561, 
766, 751, -14, -758, 390, 368, -375, -1073, -717, -239, -434, -561, 
771, 756, -14, -763, 392, 370, -375, -1063, -707, -229, -424, -556, 
766, 761, -4, -763, 385, 378, -370, -1049, -702, -209, -409, -541, 
771, 771, 0, -771, 385, 385, -370, -1039, -692, -204, -400, -536, 
780, 780, 0, -780, 390, 390, -370, -1029, -683, -195, -395, -531, 
780, 785, 4, -783, 387, 395, -370, -1019, -673, -185, -390, -527, 
795, 780, -14, -788, 405, 383, -370, -1005, -653, -175, -380, -531, 
805, 795, -9, -800, 407, 392, -375, -995, -644, -165, -375, -527, 
810, 795, -14, -802, 412, 390, -380, -985, -634, -146, -366, -522, 
814, 810, -4, -812, 409, 402, -385, -976, -624, -136, -361, -512, 
814, 824, 9, -819, 402, 417, -385, -966, -619, -136, -366, -512, 
819, 834, 14, -827, 402, 424, -385, -961, -610, -126, -356, -507, 
824, 839, 14, -832, 405, 427, -385, -951, -605, -117, -346, -497, 
829, 844, 14, -836, 407, 429, -385, -941, -590, -107, -341, -497, 
824, 849, 24, -836, 400, 436, -375, -941, -575, -97, -326, -492, 
834, 858, 24, -846, 405, 441, -385, -932, -570, -87, -317, -483, 
839, 868, 29, -854, 405, 448, -385, -922, -561, -78, -307, -483, 
839, 868, 29, -854, 405, 448, -385, -917, -551, -68, -302, -478, 
844, 878, 34, -861, 405, 456, -385, -912, -551, -63, -307, -473, 
849, 878, 29, -863, 409, 453, -385, -907, -546, -58, -297, -468, 
854, 888, 34, -871, 409, 461, -385, -907, -541, -53, -292, -463, 
858, 897, 39, -878, 409, 468, -385, -897, -531, -53, -287, -463, 
868, 912, 43, -890, 412, 478, -390, -907, -541, -58, -292, -453, 
868, 912, 43, -890, 412, 478, -390, -907, -541, -53, -283, -453, 
868, 922, 53, -895, 407, 488, -390, -907, -541, -53, -283, -448, 
873, 922, 48, -897, 412, 485, -390, -907, -541, -48, -278, -448, 
863, 917, 53, -890, 405, 485, -390, -912, -536, -43, -268, -448, 
868, 922, 53, -895, 407, 488, -395, -917, -536, -43, -263, -444, 
868, 927, 58, -897, 405, 492, -395, -922, -541, -39, -263, -439, 
868, 927, 58, -897, 405, 492, -400, -936, -541, -39, -263, -439, 
863, 912, 48, -888, 407, 480, -400, -941, -556, -39, -273, -444, 
858, 912, 53, -885, 402, 483, -395, -946, -556, -43, -273, -444, 
858, 907, 48, -883, 405, 478, -395, -966, -561, -48, -278, -448, 
858, 902, 43, -880, 407, 473, -400, -980, -575, -53, -283, -448, 
844, 902, 58, -873, 392, 480, -400, -1010, -595, -73, -283, -453, 
834, 893, 58, -863, 387, 475, -395, -1029, -619, -82, -292, -453, 
829, 883, 53, -856, 387, 468, -395, -1049, -634, -102, -302, -468, 
824, 868, 43, -846, 390, 456, -400, -1068, -653, -112, -317, -473, 
824, 844, 19, -834, 402, 431, -400, -1088, -663, -131, -336, -478, 
814, 834, 19, -824, 397, 427, -400, -1102, -683, -146, -351, -492, 
800, 819, 19, -810, 390, 419, -400, -1127, -707, -161, -361, -502, 
795, 810, 14, -802, 390, 412, -400, -1146, -722, -185, -375, -512, 
775, 800, 24, -788, 375, 412, -405, -1171, -736, -204, -380, -522, 
766, 785, 19, -775, 373, 402, -405, -1190, -761, -224, -390, -531, 
761, 766, 4, -763, 378, 385, -400, -1210, -785, -244, -409, -536, 
751, 751, 0, -751, 375, 375, -395, -1224, -810, -263, -424, -546, 
751, 732, -19, -741, 385, 356, -385, -1254, -824, -278, -434, -546, 
741, 717, -24, -729, 383, 346, -385, -1268, -839, -297, -448, -556, 
732, 697, -34, -714, 383, 331, -390, -1288, -863, -317, -463, -566, 
722, 678, -43, -700, 383, 317, -390, -1302, -883, -336, -478, -580, 
712, 668, -43, -690, 378, 312, -390, -1307, -897, -351, -492, -595, 
702, 663, -39, -683, 370, 312, -395, -1322, -912, -361, -497, -600, 
702, 649, -53, -675, 378, 297, -400, -1337, -932, -366, -507, -610, 
697, 644, -53, -671, 375, 295, -400, -1351, -951, -375, -522, -619, 
683, 644, -39, -663, 361, 302, -405, -1366, -956, -400, -527, -629, 
673, 634, -39, -653, 356, 297, -405, -1381, -976, -414, -536, -629, 
668, 619, -48, -644, 358, 285, -405, -1390, -995, -424, -546, -639, 
663, 610, -53, -636, 358, 278, -405, -1400, -1005, -439, -551, -644, 
668, 610, -58, -639, 363, 275, -414, -1415, -1015, -439, -566, -639, 
668, 600, -68, -634, 368, 265, -405, -1420, -1024, -453, -570, -644, 
663, 595, -68, -629, 366, 263, -405, -1420, -1039, -463, -575, -649, 
658, 585, -73, -622, 366, 256, -405, -1424, -1039, -468, -585, -653, 
658, 575, -82, -617, 370, 246, -400, -1429, -1044, -468, -585, -649, 
653, 575, -78, -614, 366, 248, -400, -1434, -1054, -473, -590, -653, 
649, 570, -78, -610, 363, 246, -400, -1444, -1068, -478, -590, -658, 
649, 570, -78, -610, 363, 246, -405, -1444, -1068, -483, -595, -658, 
644, 556, -87, -600, 366, 234, -405, -1444, -1068, -488, -585, -663, 
644, 546, -97, -595, 370, 224, -405, -1449, -1068, -492, -590, -663, 
644, 546, -97, -595, 370, 224, -405, -1449, -1078, -492, -600, -668, 
644, 541, -102, -592, 373, 219, -405, -1449, -1078, -497, -600, -673, 
644, 551, -92, -597, 368, 229, -405, -1454, -1078, -488, -605, -673, 
644, 546, -97, -595, 370, 224, -405, -1454, -1083, -492, -605, -673, 
644, 541, -102, -592, 373, 219, -409, -1454, -1088, -497, -605, -673, 
644, 541, -102, -592, 373, 219, -409, -1459, -1093, -502, -605, -673, 
644, 541, -102, -592, 373, 219, -409, -1468, -1102, -502, -605, -673, 
639, 536, -102, -588, 370, 217, -409, -1468, -1107, -502, -605, -673, 
639, 536, -102, -588, 370, 217, -409, -1468, -1112, -502, -605, -668, 
639, 536, -102, -588, 370, 217, -409, -1473, -1112, -507, -610, -668, 
649, 546, -102, -597, 375, 222, -409, -1473, -1112, -517, -610, -678, 
649, 546, -102, -597, 375, 222, -409, -1473, -1112, -517, -614, -678, 
649, 546, -102, -597, 375, 222, -409, -1473, -1112, -522, -614, -678, 
649, 546, -102, -597, 375, 222, -409, -1473, -1112, -522, -614, -683, 
639, 541, -97, -590, 368, 222, -405, -1473, -1112, -517, -614, -688, 
639, 541, -97, -590, 368, 222, -409, -1473, -1112, -517, -614, -688, 
639, 546, -92, -592, 366, 226, -409, -1473, -1117, -517, -614, -688, 
639, 546, -92, -592, 366, 226, -409, -1473, -1117, -517, -614, -688, 
639, 546, -92, -592, 366, 226, -405, -1473, -1102, -507, -614, -688, 
639, 541, -97, -590, 368, 222, -405, -1473, -1102, -507, -614, -688, 
639, 541, -97, -590, 368, 222, -405, -1473, -1107, -507, -614, -688, 
639, 541, -97, -590, 368, 222, -405, -1483, -1107, -502, -614, -688, 
639, 551, -87, -595, 363, 231, -405, -1473, -1107, -502, -614, -688, 
639, 551, -87, -595, 363, 231, -405, -1478, -1107, -507, -614, -688, 
639, 551, -87, -595, 363, 231, -405, -1478, -1107, -507, -619, -688, 
639, 551, -87, -595, 363, 231, -405, -1478, -1107, -507, -619, -688, 
639, 541, -97, -590, 368, 222, -409, -1473, -1107, -512, -619, -678, 
639, 541, -97, -590, 368, 222, -409, -1473, -1107, -512, -619, -678, 
639, 541, -97, -590, 368, 222, -409, -1473, -1107, -512, -619, -678, 
639, 541, -97, -590, 368, 222, -409, -1473, -1107, -512, -619, -678, 
639, 541, -97, -590, 368, 222, -395, -1483, -1107, -512, -619, -678, 
639, 541, -97, -590, 368, 222, -395, -1478, -1107, -507, -619, -678, 
639, 541, -97, -590, 368, 222, -395, -1478, -1107, -507, -619, -683, 
639, 541, -97, -590, 368, 222, -395, -1478, -1107, -512, -619, -683, 
634, 541, -92, -588, 363, 224, -395, -1468, -1107, -512, -619, -683, 
634, 541, -92, -588, 363, 224, -395, -1468, -1107, -512, -619, -683, 
634, 541, -92, -588, 363, 224, -395, -1473, -1107, -512, -619, -683, 
634, 541, -92, -588, 363, 224, -395, -1473, -1107, -512, -614, -683, 
634, 536, -97, -585, 366, 219, -395, -1468, -1107, -502, -614, -683, 
634, 541, -92, -588, 363, 224, -400, -1468, -1107, -502, -614, -683, 
639, 541, -97, -590, 368, 222, -400, -1473, -1107, -502, -619, -683, 
639, 541, -97, -590, 368, 222, -400, -1473, -1107, -502, -619, -683, 
639, 541, -97, -590, 368, 222, -400, -1473, -1107, -512, -619, -683, 
639, 541, -97, -590, 368, 222, -400, -1468, -1107, -512, -614, -683, 
639, 541, -97, -590, 368, 222, -400, -1468, -1107, -512, -614, -683, 
639, 541, -97, -590, 368, 222, -400, -1468, -1107, -512, -614, -683, 
629, 541, -87, -585, 358, 226, -390, -1468, -1098, -502, -614, -683, 
629, 541, -87, -585, 358, 226, -390, -1468, -1098, -502, -614, -683, 
629, 541, -87, -585, 358, 226, -390, -1468, -1098, -502, -614, -683, 
629, 541, -87, -585, 358, 226, -390, -1468, -1098, -502, -614, -683, 
629, 551, -78, -590, 353, 236, -390, -1468, -1098, -512, -614, -683, 
629, 551, -78, -590, 353, 236, -390, -1468, -1098, -512, -614, -683, 
624, 551, -73, -588, 348, 239, -390, -1468, -1098, -507, -614, -683, 
624, 551, -73, -588, 348, 239, -390, -1468, -1098, -502, -614, -678, 
634, 551, -82, -592, 358, 234, -400, -1468, -1107, -512, -614, -678, 
639, 556, -82, -597, 361, 236, -400, -1468, -1107, -512, -614, -683, 
639, 556, -82, -597, 361, 236, -400, -1468, -1107, -512, -614, -683, 
634, 556, -78, -595, 356, 239, -400, -1468, -1107, -512, -614, -683, 
624, 546, -78, -585, 351, 234, -400, -1459, -1107, -512, -614, -683, 
629, 546, -82, -588, 356, 231, -400, -1459, -1107, -512, -614, -683, 
629, 546, -82, -588, 356, 231, -400, -1459, -1107, -512, -614, -683, 
629, 541, -87, -585, 358, 226, -400, -1459, -1107, -512, -614, -683, 
629, 541, -87, -585, 358, 226, -400, -1468, -1107, -502, -614, -688, 
629, 551, -78, -590, 353, 236, -400, -1468, -1107, -502, -614, -688, 
629, 551, -78, -590, 353, 236, -400, -1468, -1107, -502, -614, -688, 
629, 546, -82, -588, 356, 231, -400, -1468, -1107, -502, -614, -688, 
629, 546, -82, -588, 356, 231, -400, -1468, -1117, -507, -614, -678, 
629, 546, -82, -588, 356, 231, -400, -1468, -1117, -512, -614, -678, 
629, 546, -82, -588, 356, 231, -400, -1473, -1117, -517, -614, -683, 
629, 546, -82, -588, 356, 231, -400, -1473, -1117, -522, -614, -683, 
639, 546, -92, -592, 366, 226, -395, -1464, -1117, -512, -624, -683, 
639, 546, -92, -592, 366, 226, -395, -1468, -1117, -512, -624, -678, 
639, 546, -92, -592, 366, 226, -395, -1468, -1122, -517, -624, -678, 
639, 546, -92, -592, 366, 226, -395, -1468, -1122, -517, -624, -683, 
639, 546, -92, -592, 366, 226, -395, -1478, -1112, -522, -624, -683, 
639, 546, -92, -592, 366, 226, -395, -1478, -1112, -522, -624, -683, 
639, 546, -92, -592, 366, 226, -395, -1478, -1117, -527, -624, -683, 
639, 546, -92, -592, 366, 226, -395, -1478, -1117, -527, -624, -683, 
629, 546, -82, -588, 356, 231, -395, -1478, -1117, -517, -614, -683, 
629, 546, -82, -588, 356, 231, -395, -1483, -1122, -517, -619, -683, 
629, 546, -82, -588, 356, 231, -395, -1488, -1122, -522, -619, -683, 
629, 546, -82, -588, 356, 231, -395, -1488, -1122, -522, -619, -683, 
629, 546, -82, -588, 356, 231, -395, -1498, -1122, -517, -629, -683, 
629, 546, -82, -588, 356, 231, -395, -1498, -1122, -517, -629, -683, 
629, 546, -82, -588, 356, 231, -395, -1493, -1122, -522, -629, -683, 
629, 546, -82, -588, 356, 231, -395, -1493, -1122, -527, -629, -688, 
629, 546, -82, -588, 356, 231, -395, -1498, -1132, -527, -629, -688, 
629, 546, -82, -588, 356, 231, -400, -1498, -1132, -527, -629, -688, 
629, 546, -82, -588, 356, 231, -405, -1498, -1132, -527, -629, -692, 
629, 546, -82, -588, 356, 231, -405, -1503, -1132, -536, -629, -692, 
629, 536, -92, -583, 361, 222, -395, -1493, -1127, -527, -629, -692, 
629, 536, -92, -583, 361, 222, -395, -1493, -1127, -527, -629, -692, 
629, 536, -92, -583, 361, 222, -395, -1493, -1127, -527, -629, -688, 
629, 536, -92, -583, 361, 222, -400, -1493, -1132, -527, -629, -688, 
639, 541, -97, -590, 368, 222, -400, -1493, -1132, -531, -639, -697, 
639, 536, -102, -588, 370, 217, -400, -1498, -1132, -531, -639, -697, 
639, 536, -102, -588, 370, 217, -400, -1498, -1132, -531, -639, -697, 
639, 536, -102, -588, 370, 217, -400, -1498, -1132, -536, -639, -697, 
639, 536, -102, -588, 370, 217, -400, -1507, -1137, -536, -639, -697, 
639, 536, -102, -588, 370, 217, -400, -1507, -1137, -536, -639, -697, 
639, 541, -97, -590, 368, 222, -400, -1512, -1141, -536, -639, -697, 
639, 541, -97, -590, 368, 222, -400, -1512, -1141, -536, -639, -697, 
629, 541, -87, -585, 358, 226, -400, -1503, -1141, -536, -634, -697, 
629, 536, -92, -583, 361, 222, -400, -1503, -1141, -536, -634, -697, 
629, 536, -92, -583, 361, 222, -400, -1503, -1141, -536, -634, -697, 
629, 536, -92, -583, 361, 222, -400, -1503, -1141, -536, -634, -697, 
629, 536, -92, -583, 361, 222, -400, -1503, -1151, -536, -644, -697, 
629, 536, -92, -583, 361, 222, -400, -1503, -1151, -541, -644, -697, 
629, 536, -92, -583, 361, 222, -400, -1503, -1151, -541, -644, -697, 
629, 536, -92, -583, 361, 222, -400, -1503, -1151, -541, -639, -702, 
639, 536, -102, -588, 370, 217, -400, -1503, -1156, -531, -629, -692, 
639, 536, -102, -588, 370, 217, -400, -1507, -1156, -531, -634, -692, 
639, 536, -102, -588, 370, 217, -400, -1507, -1156, -531, -634, -692, 
639, 536, -102, -588, 370, 217, -400, -1512, -1156, -531, -634, -692, 
639, 536, -102, -588, 370, 217, -400, -1512, -1146, -541, -634, -692, 
639, 536, -102, -588, 370, 217, -400, -1512, -1146, -541, -634, -692, 
639, 536, -102, -588, 370, 217, -400, -1512, -1146, -541, -634, -692, 
639, 536, -102, -588, 370, 217, -400, -1512, -1146, -541, -634, -697, 
629, 536, -92, -583, 361, 222, -400, -1517, -1156, -541, -644, -697, 
629, 536, -92, -583, 361, 222, -400, -1517, -1156, -541, -644, -697, 
629, 536, -92, -583, 361, 222, -400, -1522, -1156, -541, -644, -697, 
629, 541, -87, -585, 358, 226, -400, -1522, -1156, -541, -644, -692, 
624, 531, -92, -578, 358, 219, -400, -1532, -1156, -541, -644, -702, 
624, 527, -97, -575, 361, 214, -400, -1532, -1156, -541, -644, -702, 
624, 527, -97, -575, 361, 214, -405, -1527, -1156, -541, -649, -702, 
624, 527, -97, -575, 361, 214, -405, -1527, -1156, -541, -649, -702, 
634, 536, -97, -585, 366, 219, -405, -1527, -1156, -541, -644, -692, 
634, 536, -97, -585, 366, 219, -405, -1527, -1156, -541, -644, -692, 
634, 536, -97, -585, 366, 219, -405, -1527, -1156, -546, -644, -692, 
634, 536, -97, -585, 366, 219, -409, -1527, -1156, -546, -644, -692, 
634, 536, -97, -585, 366, 219, -409, -1527, -1156, -546, -644, -702, 
634, 536, -97, -585, 366, 219, -409, -1537, -1161, -546, -644, -702, 
634, 536, -97, -585, 366, 219, -409, -1537, -1161, -546, -649, -702, 
634, 536, -97, -585, 366, 219, -409, -1532, -1161, -546, -649, -702, 
634, 531, -102, -583, 368, 214, -405, -1527, -1161, -536, -649, -712, 
634, 531, -102, -583, 368, 214, -405, -1527, -1161, -536, -649, -712, 
634, 531, -102, -583, 368, 214, -405, -1527, -1166, -536, -649, -707, 
634, 527, -107, -580, 370, 209, -405, -1532, -1166, -536, -649, -707, 
634, 522, -112, -578, 373, 204, -405, -1532, -1156, -536, -658, -712, 
634, 522, -112, -578, 373, 204, -405, -1532, -1156, -531, -658, -712, 
634, 522, -112, -578, 373, 204, -405, -1532, -1156, -531, -653, -707, 
634, 522, -112, -578, 373, 204, -405, -1532, -1156, -536, -653, -707, 
634, 522, -112, -578, 373, 204, -405, -1542, -1156, -546, -653, -707, 
634, 522, -112, -578, 373, 204, -405, -1542, -1156, -546, -658, -707, 
634, 522, -112, -578, 373, 204, -405, -1542, -1156, -546, -658, -707, 
634, 522, -112, -578, 373, 204, -405, -1542, -1156, -551, -658, -707, 
624, 522, -102, -573, 363, 209, -395, -1542, -1151, -551, -658, -697, 
624, 522, -102, -573, 363, 209, -395, -1542, -1151, -551, -658, -697, 
624, 522, -102, -573, 363, 209, -395, -1542, -1156, -551, -653, -697, 
624, 527, -97, -575, 361, 214, -395, -1532, -1156, -546, -653, -697, 
624, 522, -102, -573, 363, 209, -405, -1527, -1161, -551, -653, -697, 
624, 522, -102, -573, 363, 209, -405, -1527, -1161, -551, -653, -697, 
624, 527, -97, -575, 361, 214, -405, -1527, -1156, -551, -653, -697, 
629, 527, -102, -578, 366, 212, -409, -1527, -1156, -551, -653, -697, 
629, 527, -102, -578, 366, 212, -405, -1537, -1156, -546, -653, -707, 
629, 527, -102, -578, 366, 212, -405, -1542, -1156, -546, -653, -707, 
629, 527, -102, -578, 366, 212, -405, -1542, -1156, -551, -653, -702, 
629, 527, -102, -578, 366, 212, -405, -1542, -1156, -551, -653, -702, 
629, 522, -107, -575, 368, 207, -390, -1532, -1156, -541, -653, -702, 
629, 522, -107, -575, 368, 207, -390, -1532, -1156, -546, -653, -702, 
629, 522, -107, -575, 368, 207, -395, -1532, -1161, -546, -649, -702, 
629, 522, -107, -575, 368, 207, -395, -1537, -1161, -546, -649, -702, 
629, 522, -107, -575, 368, 207, -385, -1542, -1161, -551, -658, -707, 
634, 522, -112, -578, 373, 204, -385, -1542, -1156, -551, -658, -707, 
634, 522, -112, -578, 373, 204, -385, -1542, -1156, -551, -658, -707, 
634, 522, -112, -578, 373, 204, -385, -1546, -1161, -551, -658, -707, 
644, 531, -112, -588, 378, 209, -385, -1542, -1151, -541, -663, -712, 
644, 527, -117, -585, 380, 204, -385, -1537, -1151, -541, -663, -712, 
644, 527, -117, -585, 380, 204, -385, -1532, -1151, -541, -663, -712, 
644, 527, -117, -585, 380, 204, -385, -1527, -1151, -541, -663, -712, 
653, 531, -122, -592, 387, 204, -380, -1527, -1146, -531, -658, -697, 
653, 536, -117, -595, 385, 209, -380, -1527, -1137, -527, -653, -697, 
649, 541, -107, -595, 378, 217, -380, -1522, -1132, -527, -649, -697, 
649, 546, -102, -597, 375, 222, -380, -1517, -1127, -527, -644, -697, 
653, 556, -97, -605, 375, 229, -370, -1512, -1127, -527, -629, -697, 
658, 561, -97, -610, 378, 231, -370, -1507, -1127, -522, -629, -692, 
663, 566, -97, -614, 380, 234, -370, -1503, -1127, -512, -629, -683, 
668, 570, -97, -619, 383, 236, -370, -1498, -1127, -512, -629, -678, 
668, 570, -97, -619, 383, 236, -375, -1498, -1122, -512, -624, -683, 
668, 570, -97, -619, 383, 236, -370, -1498, -1117, -512, -624, -683, 
668, 575, -92, -622, 380, 241, -366, -1498, -1112, -507, -629, -683, 
668, 585, -82, -627, 375, 251, -366, -1498, -1107, -507, -629, -678, 
683, 610, -73, -646, 378, 268, -385, -1507, -1098, -502, -614, -658, 
688, 614, -73, -651, 380, 270, -395, -1503, -1102, -497, -605, -653, 
692, 619, -73, -656, 383, 273, -405, -1498, -1107, -492, -595, -649, 
702, 634, -68, -668, 385, 283, -419, -1498, -1107, -478, -590, -644, 
702, 644, -58, -673, 380, 292, -424, -1507, -1122, -483, -595, -644, 
702, 644, -58, -673, 380, 292, -429, -1512, -1122, -483, -595, -644, 
707, 644, -63, -675, 385, 290, -434, -1517, -1117, -488, -595, -644, 
707, 644, -63, -675, 385, 290, -444, -1522, -1117, -492, -590, -634, 
697, 629, -68, -663, 383, 280, -434, -1527, -1122, -502, -605, -634, 
697, 624, -73, -661, 385, 275, -434, -1532, -1132, -507, -610, -644, 
697, 624, -73, -661, 385, 275, -434, -1537, -1141, -512, -610, -649, 
702, 629, -73, -666, 387, 278, -434, -1542, -1151, -517, -629, -658, 
692, 590, -102, -641, 397, 244, -424, -1556, -1156, -527, -629, -688, 
692, 585, -107, -639, 400, 239, -424, -1556, -1156, -531, -639, -688, 
688, 595, -92, -641, 390, 251, -419, -1556, -1146, -527, -629, -683, 
692, 605, -87, -649, 390, 258, -429, -1551, -1151, -527, -634, -683, 
683, 590, -92, -636, 387, 248, -429, -1551, -1156, -536, -644, -683, 
683, 585, -97, -634, 390, 244, -429, -1551, -1161, -536, -644, -683, 
683, 580, -102, -631, 392, 239, -429, -1551, -1166, -536, -644, -683, 
683, 575, -107, -629, 395, 234, -429, -1551, -1171, -536, -644, -683, 
668, 561, -107, -614, 387, 226, -424, -1551, -1171, -546, -653, -692, 
663, 556, -107, -610, 385, 224, -419, -1551, -1171, -546, -653, -692, 
658, 551, -107, -605, 383, 222, -414, -1551, -1171, -546, -653, -692, 
653, 546, -107, -600, 380, 219, -409, -1551, -1171, -546, -653, -692, 
644, 541, -102, -592, 373, 219, -409, -1561, -1180, -556, -663, -702, 
644, 536, -107, -590, 375, 214, -409, -1561, -1180, -556, -663, -702, 
644, 531, -112, -588, 378, 209, -409, -1561, -1180, -556, -663, -702, 
644, 527, -117, -585, 380, 204, -409, -1561, -1180, -556, -663, -702, 
644, 517, -126, -580, 385, 195, -409, -1561, -1190, -566, -673, -712, 
644, 517, -126, -580, 385, 195, -409, -1561, -1190, -566, -673, -712, 
644, 517, -126, -580, 385, 195, -409, -1561, -1190, -566, -673, -712, 
644, 517, -126, -580, 385, 195, -409, -1561, -1190, -566, -673, -712, 
644, 507, -136, -575, 390, 185, -409, -1561, -1200, -575, -683, -712, 
644, 507, -136, -575, 390, 185, -409, -1561, -1200, -575, -683, -712, 
644, 507, -136, -575, 390, 185, -409, -1561, -1200, -575, -683, -712, 
644, 507, -136, -575, 390, 185, -409, -1561, -1200, -575, -683, -712, 
