I, II, III, aVR, aVL, aVF, V1, V2, V3, V4, V5, V6, 
253, 19, -234, -136, 244, -107, -87, -117, 19, 19, 195, 370, 
253, 19, -234, -136, 244, -107, -87, -117, 19, 19, 195, 370, 
253, 19, -234, -136, 244, -107, -87, -117, 19, 19, 195, 370, 
253, 19, -234, -136, 244, -107, -87, -117, 19, 19, 195, 370, 
253, 14, -239, -134, 246, -112, -87, -117, 14, 14, 180, 366, 
253, 9, -244, -131, 248, -117, -87, -117, 9, 9, 175, 361, 
253, 4, -248, -129, 251, -122, -87, -117, 4, 4, 170, 356, 
253, 0, -253, -126, 253, -126, -87, -117, 0, 0, 165, 351, 
239, 14, -224, -126, 231, -104, -97, -126, 24, 24, 185, 366, 
224, 29, -195, -126, 209, -82, -97, -126, 39, 39, 195, 370, 
209, 43, -165, -126, 187, -61, -97, -126, 53, 53, 204, 375, 
195, 58, -136, -126, 165, -39, -97, -126, 68, 68, 214, 380, 
175, 24, -151, -100, 163, -63, -78, -112, 78, 78, 209, 380, 
165, 0, -165, -82, 165, -82, -68, -97, 78, 78, 204, 380, 
156, -24, -180, -65, 168, -102, -58, -82, 78, 78, 200, 380, 
146, -48, -195, -48, 170, -122, -48, -68, 78, 78, 195, 380, 
195, -73, -268, -61, 231, -170, -29, 0, 73, 73, 200, 395, 
244, -87, -331, -78, 287, -209, -9, 58, 68, 68, 204, 400, 
292, -102, -395, -95, 344, -248, 9, 117, 63, 63, 209, 405, 
341, -117, -458, -112, 400, -287, 29, 175, 58, 58, 214, 409, 
492, -92, -585, -200, 539, -339, 58, 307, 97, 102, 268, 458, 
644, -68, -712, -287, 678, -390, 78, 439, 126, 136, 312, 507, 
795, -43, -839, -375, 817, -441, 97, 570, 156, 170, 356, 556, 
946, -19, -966, -463, 956, -492, 117, 702, 185, 204, 400, 605, 
1107, 68, -1039, -588, 1073, -485, 34, 658, 170, 229, 468, 688, 
1259, 156, -1102, -707, 1180, -473, -39, 624, 156, 253, 527, 771, 
1410, 244, -1166, -827, 1288, -461, -112, 590, 141, 278, 585, 854, 
1561, 331, -1229, -946, 1395, -448, -185, 556, 126, 302, 644, 936, 
1468, 248, -1220, -858, 1344, -485, -185, 429, 14, 175, 497, 795, 
1385, 175, -1210, -780, 1298, -517, -185, 302, -97, 48, 351, 663, 
1302, 102, -1200, -702, 1251, -549, -185, 175, -209, -78, 204, 531, 
1220, 29, -1190, -624, 1205, -580, -185, 48, -322, -204, 58, 400, 
1044, -43, -1088, -500, 1066, -566, -156, -39, -356, -258, -24, 312, 
878, -107, -985, -385, 932, -546, -126, -126, -390, -302, -97, 234, 
712, -170, -883, -270, 797, -527, -97, -214, -424, -346, -170, 156, 
546, -234, -780, -156, 663, -507, -68, -302, -458, -390, -244, 78, 
488, -214, -702, -136, 595, -458, -58, -273, -414, -341, -209, 107, 
429, -204, -634, -112, 531, -419, -48, -253, -370, -302, -175, 126, 
370, -195, -566, -87, 468, -380, -39, -234, -326, -263, -141, 146, 
312, -185, -497, -63, 405, -341, -29, -214, -283, -224, -107, 165, 
331, -146, -478, -92, 405, -312, -48, -175, -229, -170, -63, 204, 
351, -107, -458, -122, 405, -283, -68, -146, -175, -117, -19, 234, 
370, -68, -439, -151, 405, -253, -87, -117, -122, -63, 24, 263, 
390, -29, -419, -180, 405, -224, -107, -87, -68, -9, 68, 292, 
380, -19, -400, -180, 390, -209, -107, -92, -58, 9, 78, 312, 
370, -19, -390, -175, 380, -204, -107, -97, -48, 19, 87, 322, 
361, -19, -380, -170, 370, -200, -107, -102, -39, 29, 97, 331, 
351, -19, -370, -165, 361, -195, -107, -107, -29, 39, 107, 341, 
336, -19, -356, -158, 346, -187, -107, -117, -19, 39, 122, 341, 
322, -19, -341, -151, 331, -180, -107, -117, -19, 39, 126, 341, 
307, -19, -326, -143, 317, -173, -107, -117, -19, 39, 131, 341, 
292, -19, -312, -136, 302, -165, -107, -117, -19, 39, 136, 341, 
287, -29, -317, -129, 302, -173, -112, -122, -9, 53, 136, 346, 
283, -29, -312, -126, 297, -170, -117, -126, -9, 58, 136, 351, 
278, -29, -307, -124, 292, -168, -122, -131, -9, 63, 136, 356, 
273, -29, -302, -122, 287, -165, -126, -136, -9, 68, 136, 361, 
278, -14, -292, -131, 285, -153, -117, -146, -9, 78, 146, 361, 
283, -9, -292, -136, 287, -151, -117, -146, -9, 78, 146, 361, 
287, -4, -292, -141, 290, -148, -117, -146, -9, 78, 146, 361, 
292, 0, -292, -146, 292, -146, -117, -146, -9, 78, 146, 361, 
278, -4, -283, -136, 280, -143, -117, -156, -9, 68, 136, 356, 
273, -9, -283, -131, 278, -146, -117, -156, -9, 68, 136, 351, 
268, -14, -283, -126, 275, -148, -117, -156, -9, 68, 136, 346, 
263, -19, -283, -122, 273, -151, -117, -156, -9, 68, 136, 341, 
278, -4, -283, -136, 280, -143, -126, -156, -9, 73, 126, 326, 
292, 0, -292, -146, 292, -146, -126, -156, -9, 78, 126, 322, 
307, 4, -302, -156, 305, -148, -126, -156, -9, 82, 126, 317, 
322, 9, -312, -165, 317, -151, -126, -156, -9, 87, 126, 312, 
307, -4, -312, -151, 309, -158, -126, -151, -9, 78, 126, 312, 
302, -9, -312, -146, 307, -161, -126, -146, -9, 78, 126, 312, 
297, -14, -312, -141, 305, -163, -126, -141, -9, 78, 126, 312, 
292, -19, -312, -136, 302, -165, -126, -136, -9, 78, 126, 312, 
283, -19, -302, -131, 292, -161, -122, -131, -4, 87, 141, 326, 
283, -19, -302, -131, 292, -161, -117, -126, 0, 97, 146, 331, 
283, -19, -302, -131, 292, -161, -112, -122, 4, 107, 151, 336, 
283, -19, -302, -131, 292, -161, -107, -117, 9, 117, 156, 341, 
273, -4, -278, -134, 275, -141, -97, -126, 9, 107, 141, 326, 
273, 0, -273, -136, 273, -136, -97, -126, 9, 107, 136, 322, 
273, 4, -268, -139, 270, -131, -97, -126, 9, 107, 131, 317, 
273, 9, -263, -141, 268, -126, -97, -126, 9, 107, 126, 312, 
287, 14, -273, -151, 280, -129, -102, -126, 9, 97, 117, 307, 
292, 19, -273, -156, 283, -126, -107, -126, 9, 97, 117, 302, 
297, 24, -273, -161, 285, -124, -112, -126, 9, 97, 117, 297, 
302, 29, -273, -165, 287, -122, -117, -126, 9, 97, 117, 292, 
292, 14, -278, -153, 285, -131, -117, -131, 0, 107, 126, 297, 
292, 9, -283, -151, 287, -136, -117, -136, 0, 107, 126, 302, 
292, 4, -287, -148, 290, -141, -117, -141, 0, 107, 126, 307, 
292, 0, -292, -146, 292, -146, -117, -146, 0, 107, 126, 312, 
283, 0, -283, -141, 283, -141, -117, -141, 4, 112, 141, 317, 
283, 0, -283, -141, 283, -141, -117, -136, 9, 117, 146, 322, 
283, 0, -283, -141, 283, -141, -117, -131, 14, 122, 151, 326, 
283, 0, -283, -141, 283, -141, -117, -126, 19, 126, 156, 331, 
297, -9, -307, -143, 302, -158, -122, -136, 4, 122, 141, 317, 
302, -9, -312, -146, 307, -161, -126, -136, 0, 117, 136, 312, 
307, -9, -317, -148, 312, -163, -131, -136, -4, 112, 131, 307, 
312, -9, -322, -151, 317, -165, -136, -136, -9, 107, 126, 302, 
312, 0, -312, -156, 312, -156, -136, -141, -19, 117, 117, 292, 
312, 0, -312, -156, 312, -156, -136, -146, -19, 117, 117, 292, 
312, 0, -312, -156, 312, -156, -136, -151, -19, 117, 117, 292, 
312, 0, -312, -156, 312, -156, -136, -156, -19, 117, 117, 292, 
307, 9, -297, -158, 302, -143, -146, -156, -4, 122, 117, 287, 
302, 9, -292, -156, 297, -141, -146, -156, 0, 126, 117, 283, 
297, 9, -287, -153, 292, -139, -146, -156, 4, 131, 117, 278, 
292, 9, -283, -151, 287, -136, -146, -156, 9, 136, 117, 273, 
307, 24, -283, -165, 295, -129, -146, -146, 19, 146, 122, 283, 
312, 29, -283, -170, 297, -126, -146, -146, 19, 146, 126, 283, 
317, 34, -283, -175, 300, -124, -146, -146, 19, 146, 131, 283, 
322, 39, -283, -180, 302, -122, -146, -146, 19, 146, 136, 283, 
336, 48, -287, -192, 312, -119, -156, -146, 14, 146, 136, 283, 
341, 48, -292, -195, 317, -122, -156, -146, 9, 146, 136, 283, 
346, 48, -297, -197, 322, -124, -156, -146, 4, 146, 136, 283, 
351, 48, -302, -200, 326, -126, -156, -146, 0, 146, 136, 283, 
336, 58, -278, -197, 307, -109, -156, -136, 9, 165, 146, 287, 
322, 58, -263, -190, 292, -102, -156, -136, 19, 175, 156, 292, 
307, 58, -248, -183, 278, -95, -156, -136, 29, 185, 165, 297, 
292, 58, -234, -175, 263, -87, -156, -136, 39, 195, 175, 302, 
307, 68, -239, -187, 273, -85, -165, -146, 39, 190, 175, 307, 
322, 68, -253, -195, 287, -92, -165, -146, 39, 185, 175, 312, 
336, 68, -268, -202, 302, -100, -165, -146, 39, 180, 175, 317, 
351, 68, -283, -209, 317, -107, -165, -146, 39, 175, 175, 322, 
356, 73, -283, -214, 319, -104, -175, -151, 29, 175, 161, 317, 
361, 78, -283, -219, 322, -102, -175, -156, 29, 175, 156, 312, 
366, 82, -283, -224, 324, -100, -175, -161, 29, 175, 151, 307, 
370, 87, -283, -229, 326, -97, -175, -165, 29, 175, 146, 302, 
370, 97, -273, -234, 322, -87, -175, -156, 39, 180, 161, 307, 
370, 97, -273, -234, 322, -87, -175, -156, 39, 185, 165, 312, 
370, 97, -273, -234, 322, -87, -175, -156, 39, 190, 170, 317, 
370, 97, -273, -234, 322, -87, -175, -156, 39, 195, 175, 322, 
380, 102, -278, -241, 329, -87, -190, -156, 29, 180, 165, 312, 
390, 107, -283, -248, 336, -87, -195, -156, 29, 175, 165, 312, 
400, 112, -287, -256, 344, -87, -200, -156, 29, 170, 165, 312, 
409, 117, -292, -263, 351, -87, -204, -156, 29, 165, 165, 312, 
395, 107, -287, -251, 341, -90, -195, -146, 39, 170, 180, 317, 
390, 97, -292, -244, 341, -97, -195, -146, 39, 175, 185, 322, 
385, 87, -297, -236, 341, -104, -195, -146, 39, 180, 190, 326, 
380, 78, -302, -229, 341, -112, -195, -146, 39, 185, 195, 331, 
370, 68, -302, -219, 336, -117, -200, -151, 29, 185, 185, 341, 
361, 68, -292, -214, 326, -112, -204, -156, 29, 185, 185, 341, 
351, 68, -283, -209, 317, -107, -209, -161, 29, 185, 185, 341, 
341, 68, -273, -204, 307, -102, -214, -165, 29, 185, 185, 341, 
346, 87, -258, -217, 302, -85, -204, -165, 39, 185, 185, 336, 
351, 97, -253, -224, 302, -78, -204, -165, 39, 185, 185, 331, 
356, 107, -248, -231, 302, -70, -204, -165, 39, 185, 185, 326, 
361, 117, -244, -239, 302, -63, -204, -165, 39, 185, 185, 322, 
366, 131, -234, -248, 300, -51, -209, -165, 29, 185, 185, 307, 
370, 136, -234, -253, 302, -48, -214, -165, 29, 185, 185, 302, 
375, 141, -234, -258, 305, -46, -219, -165, 29, 185, 185, 297, 
380, 146, -234, -263, 307, -43, -224, -165, 29, 185, 185, 292, 
380, 141, -239, -261, 309, -48, -214, -156, 34, 185, 175, 292, 
380, 136, -244, -258, 312, -53, -214, -156, 39, 185, 175, 292, 
380, 131, -248, -256, 314, -58, -214, -156, 43, 185, 175, 292, 
380, 126, -253, -253, 317, -63, -214, -156, 48, 185, 175, 292, 
375, 112, -263, -244, 319, -75, -219, -156, 34, 180, 175, 287, 
370, 107, -263, -239, 317, -78, -224, -156, 29, 175, 175, 283, 
366, 102, -263, -234, 314, -80, -229, -156, 24, 170, 175, 278, 
361, 97, -263, -229, 312, -82, -234, -156, 19, 165, 175, 273, 
356, 97, -258, -226, 307, -80, -244, -170, 19, 170, 185, 263, 
351, 97, -253, -224, 302, -78, -244, -175, 19, 175, 185, 263, 
346, 97, -248, -222, 297, -75, -244, -180, 19, 180, 185, 263, 
341, 97, -244, -219, 292, -73, -244, -185, 19, 185, 185, 263, 
351, 87, -263, -219, 307, -87, -239, -175, 19, 180, 180, 258, 
351, 87, -263, -219, 307, -87, -234, -175, 19, 175, 175, 253, 
351, 87, -263, -219, 307, -87, -229, -175, 19, 170, 170, 248, 
351, 87, -263, -219, 307, -87, -224, -175, 19, 165, 165, 244, 
346, 87, -258, -217, 302, -85, -219, -170, 29, 156, 156, 234, 
341, 87, -253, -214, 297, -82, -214, -165, 29, 156, 156, 224, 
336, 87, -248, -212, 292, -80, -209, -161, 29, 156, 156, 214, 
331, 87, -244, -209, 287, -78, -204, -156, 29, 156, 156, 204, 
341, 87, -253, -214, 297, -82, -200, -165, 24, 146, 141, 195, 
341, 87, -253, -214, 297, -82, -195, -165, 19, 146, 136, 185, 
341, 87, -253, -214, 297, -82, -190, -165, 14, 146, 131, 175, 
341, 87, -253, -214, 297, -82, -185, -165, 9, 146, 126, 165, 
336, 73, -263, -204, 300, -95, -175, -156, 19, 151, 141, 175, 
331, 68, -263, -200, 297, -97, -165, -146, 29, 156, 146, 175, 
326, 63, -263, -195, 295, -100, -156, -136, 39, 161, 151, 175, 
322, 58, -263, -190, 292, -102, -146, -126, 48, 165, 156, 175, 
302, 53, -248, -178, 275, -97, -156, -126, 39, 156, 146, 165, 
292, 48, -244, -170, 268, -97, -156, -126, 39, 156, 146, 165, 
283, 43, -239, -163, 261, -97, -156, -126, 39, 156, 146, 165, 
273, 39, -234, -156, 253, -97, -156, -126, 39, 156, 146, 165, 
268, 48, -219, -158, 244, -85, -146, -126, 29, 151, 131, 156, 
263, 48, -214, -156, 239, -82, -146, -126, 29, 146, 126, 146, 
258, 48, -209, -153, 234, -80, -146, -126, 29, 141, 122, 136, 
253, 48, -204, -151, 229, -78, -146, -126, 29, 136, 117, 126, 
263, 39, -224, -151, 244, -92, -136, -126, 19, 131, 112, 107, 
263, 29, -234, -146, 248, -102, -136, -126, 19, 126, 107, 97, 
263, 19, -244, -141, 253, -112, -136, -126, 19, 122, 102, 87, 
263, 9, -253, -136, 258, -122, -136, -126, 19, 117, 97, 78, 
263, 19, -244, -141, 253, -112, -131, -122, 24, 122, 112, 92, 
263, 29, -234, -146, 248, -102, -126, -117, 29, 126, 117, 97, 
263, 39, -224, -151, 244, -92, -122, -112, 34, 131, 122, 102, 
263, 48, -214, -156, 239, -82, -117, -107, 39, 136, 126, 107, 
253, 39, -214, -146, 234, -87, -107, -117, 29, 126, 117, 102, 
253, 29, -224, -141, 239, -97, -107, -117, 29, 126, 117, 97, 
253, 19, -234, -136, 244, -107, -107, -117, 29, 126, 117, 92, 
253, 9, -244, -131, 248, -117, -107, -117, 29, 126, 117, 87, 
244, 4, -239, -124, 241, -117, -117, -107, 29, 117, 107, 82, 
234, 0, -234, -117, 234, -117, -117, -107, 29, 117, 107, 78, 
224, -4, -229, -109, 226, -117, -117, -107, 29, 117, 107, 73, 
214, -9, -224, -102, 219, -117, -117, -107, 29, 117, 107, 68, 
219, -4, -224, -107, 222, -114, -126, -97, 29, 107, 117, 68, 
224, 0, -224, -112, 224, -112, -126, -97, 29, 107, 117, 68, 
229, 4, -224, -117, 226, -109, -126, -97, 29, 107, 117, 68, 
234, 9, -224, -122, 229, -107, -126, -97, 29, 107, 117, 68, 
239, 9, -229, -124, 234, -109, -126, -102, 19, 97, 112, 53, 
244, 9, -234, -126, 239, -112, -126, -107, 19, 97, 107, 48, 
248, 9, -239, -129, 244, -114, -126, -112, 19, 97, 102, 43, 
253, 9, -244, -131, 248, -117, -126, -117, 19, 97, 97, 39, 
244, 0, -244, -122, 244, -122, -136, -126, 19, 107, 102, 48, 
234, 0, -234, -117, 234, -117, -136, -126, 19, 107, 107, 48, 
224, 0, -224, -112, 224, -112, -136, -126, 19, 107, 112, 48, 
214, 0, -214, -107, 214, -107, -136, -126, 19, 107, 117, 48, 
209, 4, -204, -107, 207, -100, -126, -117, 24, 117, 126, 58, 
204, 9, -195, -107, 200, -92, -126, -117, 29, 117, 126, 58, 
200, 14, -185, -107, 192, -85, -126, -117, 34, 117, 126, 58, 
195, 19, -175, -107, 185, -78, -126, -117, 39, 117, 126, 58, 
204, 9, -195, -107, 200, -92, -117, -126, 29, 107, 117, 48, 
204, 9, -195, -107, 200, -92, -117, -126, 29, 107, 117, 39, 
204, 9, -195, -107, 200, -92, -117, -126, 29, 107, 117, 29, 
204, 9, -195, -107, 200, -92, -117, -126, 29, 107, 117, 19, 
200, -4, -204, -97, 202, -104, -112, -122, 39, 107, 126, 9, 
195, -9, -204, -92, 200, -107, -107, -117, 39, 107, 126, 9, 
190, -14, -204, -87, 197, -109, -102, -112, 39, 107, 126, 9, 
185, -19, -204, -82, 195, -112, -97, -107, 39, 107, 126, 9, 
185, 0, -185, -92, 185, -92, -107, -97, 48, 117, 136, 19, 
185, 9, -175, -97, 180, -82, -107, -97, 48, 117, 136, 19, 
185, 19, -165, -102, 175, -73, -107, -97, 48, 117, 136, 19, 
185, 29, -156, -107, 170, -63, -107, -97, 48, 117, 136, 19, 
180, 24, -156, -102, 168, -65, -97, -107, 48, 126, 146, 19, 
175, 19, -156, -97, 165, -68, -97, -107, 48, 126, 146, 19, 
170, 14, -156, -92, 163, -70, -97, -107, 48, 126, 146, 19, 
165, 9, -156, -87, 161, -73, -97, -107, 48, 126, 146, 19, 
175, 0, -175, -87, 175, -87, -97, -117, 48, 117, 146, 14, 
175, 0, -175, -87, 175, -87, -97, -117, 48, 117, 146, 9, 
175, 0, -175, -87, 175, -87, -97, -117, 48, 117, 146, 4, 
175, 0, -175, -87, 175, -87, -97, -117, 48, 117, 146, 0, 
161, 4, -156, -82, 158, -75, -107, -112, 48, 126, 156, 9, 
156, 9, -146, -82, 151, -68, -107, -107, 48, 126, 156, 9, 
151, 14, -136, -82, 143, -61, -107, -102, 48, 126, 156, 9, 
146, 19, -126, -82, 136, -53, -107, -97, 48, 126, 156, 9, 
131, 14, -117, -73, 124, -51, -97, -97, 58, 126, 156, 9, 
126, 9, -117, -68, 122, -53, -97, -97, 58, 126, 156, 9, 
122, 4, -117, -63, 119, -56, -97, -97, 58, 126, 156, 9, 
117, 0, -117, -58, 117, -58, -97, -97, 58, 126, 156, 9, 
131, -9, -141, -61, 136, -75, -102, -102, 48, 122, 146, 0, 
136, -9, -146, -63, 141, -78, -107, -107, 48, 117, 146, -9, 
141, -9, -151, -65, 146, -80, -112, -112, 48, 112, 146, -19, 
146, -9, -156, -68, 151, -82, -117, -117, 48, 107, 146, -29, 
136, 4, -131, -70, 134, -63, -112, -102, 53, 122, 161, -19, 
136, 9, -126, -73, 131, -58, -107, -97, 58, 126, 165, -9, 
136, 14, -122, -75, 129, -53, -102, -92, 63, 131, 170, 0, 
136, 19, -117, -78, 126, -48, -97, -87, 68, 136, 175, 9, 
131, 9, -122, -70, 126, -56, -87, -87, 58, 131, 165, 0, 
126, 0, -126, -63, 126, -63, -87, -87, 58, 126, 165, -9, 
122, -9, -131, -56, 126, -70, -87, -87, 58, 122, 165, -19, 
117, -19, -136, -48, 126, -78, -87, -87, 58, 117, 165, -29, 
117, -4, -122, -56, 119, -63, -78, -87, 68, 117, 165, -34, 
117, 0, -117, -58, 117, -58, -78, -87, 68, 117, 165, -39, 
117, 4, -112, -61, 114, -53, -78, -87, 68, 117, 165, -43, 
117, 9, -107, -63, 112, -48, -73, -87, 68, 117, 165, -48, 
112, 0, -112, -56, 112, -56, -73, -82, 73, 117, 165, -48, 
107, -14, -122, -46, 114, -68, -73, -73, 73, 117, 165, -43, 
107, -14, -122, -46, 114, -68, -73, -68, 73, 117, 165, -39, 
97, -14, -112, -41, 104, -63, -73, -63, 73, 117, 165, -34, 
107, -4, -112, -51, 109, -58, -82, -68, 73, 107, 156, -39, 
112, 0, -112, -56, 112, -56, -82, -73, 68, 112, 156, -43, 
117, 0, -117, -58, 117, -58, -82, -78, 63, 112, 156, -48, 
122, 0, -122, -61, 122, -61, -78, -82, 58, 112, 156, -53, 
112, 0, -112, -56, 112, -56, -78, -92, 68, 102, 156, -63, 
107, 4, -102, -56, 104, -48, -82, -92, 68, 97, 156, -68, 
102, 4, -97, -53, 100, -46, -82, -92, 68, 97, 156, -73, 
107, 4, -102, -56, 104, -48, -82, -87, 73, 102, 156, -78, 
112, 4, -107, -58, 109, -51, -78, -92, 63, 97, 146, -87, 
82, 19, -63, -51, 73, -21, -78, -92, 78, 102, 156, -87, 
92, 24, -68, -58, 80, -21, -78, -92, 78, 107, 156, -78, 
97, 29, -68, -63, 82, -19, -78, -92, 82, 112, 161, -68, 
87, 43, -43, -65, 65, 0, -78, -87, 102, 122, 180, -48, 
87, 48, -39, -68, 63, 4, -78, -78, 102, 131, 195, -43, 
78, 63, -14, -70, 46, 24, -73, -73, 107, 136, 200, -39, 
97, 68, -29, -82, 63, 19, -73, -63, 112, 141, 204, -34, 
97, 53, -43, -75, 70, 4, -68, -58, 122, 151, 224, -29, 
92, 63, -29, -78, 61, 17, -63, -43, 136, 161, 239, -29, 
78, 58, -19, -68, 48, 19, -58, -39, 141, 175, 244, -14, 
73, 63, -9, -68, 41, 26, -63, -39, 156, 185, 244, -4, 
97, 78, -19, -87, 58, 29, -82, -43, 151, 180, 234, -4, 
112, 87, -24, -100, 68, 31, -92, -63, 146, 175, 234, -9, 
126, 107, -19, -117, 73, 43, -97, -68, 136, 170, 239, -14, 
136, 112, -24, -124, 80, 43, -97, -73, 131, 170, 239, -14, 
117, 92, -24, -104, 70, 34, -92, -73, 136, 170, 229, -29, 
102, 87, -14, -95, 58, 36, -102, -73, 136, 165, 234, -29, 
87, 97, 9, -92, 39, 53, -112, -82, 136, 161, 239, -34, 
92, 102, 9, -97, 41, 56, -126, -87, 136, 161, 239, -39, 
117, 126, 9, -122, 53, 68, -151, -92, 136, 165, 248, -29, 
141, 131, -9, -136, 75, 61, -156, -92, 136, 170, 248, -24, 
146, 131, -14, -139, 80, 58, -156, -92, 131, 165, 248, -24, 
156, 126, -29, -141, 92, 48, -156, -97, 126, 165, 244, -29, 
165, 136, -29, -151, 97, 53, -170, -112, 122, 161, 234, -34, 
175, 136, -39, -156, 107, 48, -170, -117, 117, 156, 234, -39, 
180, 146, -34, -163, 107, 56, -170, -117, 117, 156, 239, -34, 
180, 146, -34, -163, 107, 56, -175, -122, 112, 156, 244, -34, 
161, 156, -4, -158, 82, 75, -161, -112, 117, 170, 248, -29, 
151, 146, -4, -148, 78, 70, -151, -102, 126, 170, 248, -24, 
146, 146, 0, -146, 73, 73, -141, -92, 131, 175, 253, -24, 
141, 136, -4, -139, 73, 65, -131, -82, 141, 170, 253, -29, 
136, 102, -34, -119, 85, 34, -122, -82, 112, 156, 239, -24, 
136, 92, -43, -114, 90, 24, -112, -78, 112, 151, 239, -24, 
136, 92, -43, -114, 90, 24, -102, -78, 102, 141, 234, -24, 
136, 97, -39, -117, 87, 29, -92, -78, 97, 141, 234, -34, 
112, 92, -19, -102, 65, 36, -102, -82, 82, 131, 214, -43, 
97, 58, -39, -78, 68, 9, -97, -87, 78, 122, 200, -58, 
92, 53, -39, -73, 65, 7, -92, -92, 78, 112, 200, -63, 
92, 48, -43, -70, 68, 2, -92, -97, 68, 107, 195, -68, 
97, 34, -63, -65, 80, -14, -102, -87, 63, 92, 190, -73, 
87, 14, -73, -51, 80, -29, -102, -97, 58, 87, 185, -82, 
78, 0, -78, -39, 78, -39, -92, -97, 58, 87, 185, -87, 
78, 0, -78, -39, 78, -39, -87, -92, 53, 87, 185, -92, 
78, -9, -87, -34, 82, -48, -87, -97, 43, 68, 180, -97, 
58, -24, -82, -17, 70, -53, -82, -87, 43, 68, 170, -102, 
34, -34, -68, 0, 51, -51, -78, -82, 43, 68, 165, -102, 
29, -39, -68, 4, 48, -53, -73, -82, 48, 68, 156, -107, 
29, -29, -58, 0, 43, -43, -68, -82, 48, 58, 156, -117, 
43, -34, -78, -4, 61, -56, -58, -82, 43, 58, 161, -117, 
43, -39, -82, -2, 63, -61, -43, -78, 43, 68, 170, -117, 
43, -39, -82, -2, 63, -61, -39, -78, 43, 68, 175, -117, 
39, -39, -78, 0, 58, -58, -29, -63, 58, 73, 185, -102, 
29, -34, -63, 2, 46, -48, -19, -63, 58, 73, 185, -102, 
19, -34, -53, 7, 36, -43, -34, -68, 58, 78, 185, -107, 
4, -39, -43, 17, 24, -41, -34, -68, 53, 82, 175, -112, 
19, -34, -53, 7, 36, -43, -39, -78, 39, 73, 170, -117, 
34, -29, -63, -2, 48, -46, -34, -73, 39, 68, 165, -131, 
39, -24, -63, -7, 51, -43, -39, -73, 39, 63, 161, -136, 
53, -14, -68, -19, 61, -41, -43, -73, 39, 58, 161, -141, 
29, -19, -48, -4, 39, -34, -43, -63, 39, 63, 161, -136, 
24, -24, -48, 0, 36, -36, -48, -63, 39, 63, 161, -131, 
24, -29, -53, 2, 39, -41, -48, -63, 39, 68, 161, -131, 
24, -34, -58, 4, 41, -46, -48, -63, 39, 68, 161, -131, 
9, -48, -58, 19, 34, -53, -53, -73, 34, 63, 151, -131, 
-4, -53, -48, 29, 21, -51, -53, -73, 34, 58, 151, -131, 
-9, -58, -48, 34, 19, -53, -53, -73, 34, 53, 151, -131, 
-19, -63, -43, 41, 12, -53, -53, -73, 34, 48, 156, -131, 
-14, -68, -53, 41, 19, -61, -63, -68, 24, 43, 146, -146, 
0, -63, -63, 31, 31, -63, -63, -68, 24, 39, 146, -146, 
4, -53, -58, 24, 31, -56, -63, -68, 24, 34, 146, -146, 
0, -48, -48, 24, 24, -48, -63, -68, 24, 29, 146, -146, 
-29, -24, 4, 26, -17, -9, -4, -43, 48, 78, 190, -78, 
-19, -19, 0, 19, -9, -9, 0, -43, 68, 87, 200, -78, 
-34, -29, 4, 31, -19, -12, -9, -43, 87, 97, 209, -82, 
-43, -24, 19, 34, -31, -2, -14, -53, 92, 102, 229, -78, 
-34, 0, 34, 17, -34, 17, -24, -63, 92, 97, 214, -87, 
-34, 29, 63, 2, -48, 46, -29, -63, 92, 102, 214, -97, 
-39, 24, 63, 7, -51, 43, -24, -58, 92, 112, 204, -107, 
-19, 29, 48, -4, -34, 39, -9, -39, 107, 107, 195, -102, 
-4, 43, 48, -19, -26, 46, 19, -9, 117, 107, 214, -102, 
-43, 0, 43, 21, -43, 21, 39, 4, 107, 102, 209, -112, 
-82, -82, 0, 82, -41, -41, 39, 9, 87, 73, 185, -136, 
-43, -87, -43, 65, 0, -65, 53, 39, 87, 82, 200, -122, 
73, -68, -141, -2, 107, -104, 107, 141, 112, 112, 258, -68, 
165, -87, -253, -39, 209, -170, 161, 263, 146, 136, 297, -34, 
248, -112, -361, -68, 305, -236, 200, 400, 156, 161, 326, 4, 
385, -78, -463, -153, 424, -270, 219, 561, 195, 204, 385, 43, 
527, -48, -575, -239, 551, -312, 224, 727, 258, 263, 458, 117, 
639, -24, -663, -307, 651, -344, 185, 829, 317, 336, 546, 204, 
795, 58, -736, -427, 766, -339, 87, 829, 346, 409, 644, 317, 
990, 175, -814, -583, 902, -319, -34, 771, 336, 439, 722, 419, 
1112, 258, -854, -685, 983, -297, -92, 717, 292, 434, 771, 507, 
1210, 336, -873, -773, 1041, -268, -131, 644, 229, 405, 780, 546, 
1268, 370, -897, -819, 1083, -263, -165, 512, 141, 312, 707, 492, 
1176, 283, -893, -729, 1034, -305, -165, 361, 4, 156, 531, 331, 
1000, 122, -878, -561, 939, -378, -126, 234, -146, -29, 287, 107, 
858, -19, -878, -419, 868, -448, -68, 136, -287, -214, 63, -117, 
688, -102, -790, -292, 739, -446, -24, -9, -395, -346, -102, -283, 
439, -141, -580, -148, 509, -361, -29, -161, -424, -375, -156, -336, 
239, -175, -414, -31, 326, -295, -19, -248, -414, -366, -151, -351, 
180, -200, -380, 9, 280, -290, 24, -258, -400, -356, -170, -380, 
131, -219, -351, 43, 241, -285, 63, -219, -370, -351, -165, -400, 
39, -234, -273, 97, 156, -253, 78, -180, -336, -336, -161, -400, 
-4, -229, -224, 117, 109, -226, 63, -170, -297, -317, -151, -405, 
14, -200, -214, 92, 114, -207, 34, -122, -229, -244, -82, -361, 
43, -165, -209, 61, 126, -187, 19, -39, -136, -141, 19, -273, 
92, -102, -195, 4, 143, -148, -9, 14, -78, -68, 97, -200, 
117, -68, -185, -24, 151, -126, -43, 4, -43, -29, 136, -156, 
97, -68, -165, -14, 131, -117, -53, -4, -29, -9, 161, -136, 
68, -63, -131, -2, 100, -97, -53, -14, -19, 4, 180, -126, 
73, -43, -117, -14, 95, -80, -63, -24, -9, 4, 185, -131, 
73, -39, -112, -17, 92, -75, -58, -29, 0, 9, 185, -126, 
58, -34, -92, -12, 75, -63, -53, -34, 14, 9, 180, -126, 
68, -34, -102, -17, 85, -68, -43, -43, 14, 9, 180, -122, 
53, -43, -97, -4, 75, -70, -53, -29, 29, 24, 190, -107, 
24, -43, -68, 9, 46, -56, -48, -39, 34, 24, 190, -102, 
19, -29, -48, 4, 34, -39, -43, -39, 29, 29, 190, -97, 
14, -29, -43, 7, 29, -36, -39, -34, 34, 39, 190, -97, 
4, -19, -24, 7, 14, -21, -39, -53, 48, 43, 204, -82, 
0, -19, -19, 9, 9, -19, -43, -53, 53, 53, 209, -73, 
-4, -14, -9, 9, 2, -12, -43, -53, 58, 53, 214, -68, 
-4, -14, -9, 9, 2, -12, -43, -53, 58, 53, 219, -63, 
-34, -14, 19, 24, -26, 2, -43, -68, 48, 53, 209, -68, 
-34, -14, 19, 24, -26, 2, -43, -68, 48, 48, 200, -78, 
-34, -19, 14, 26, -24, -2, -43, -68, 43, 43, 190, -92, 
-43, -19, 24, 31, -34, 2, -43, -78, 43, 39, 190, -92, 
-39, -34, 4, 36, -21, -14, -48, -78, 39, 24, 175, -102, 
-39, -39, 0, 39, -19, -19, -53, -78, 39, 29, 175, -107, 
-39, -43, -4, 41, -17, -24, -58, -73, 34, 24, 170, -117, 
-39, -48, -9, 43, -14, -29, -63, -68, 29, 29, 165, -126, 
-43, -63, -19, 53, -12, -41, -53, -68, 39, 29, 170, -117, 
-43, -63, -19, 53, -12, -41, -53, -68, 43, 29, 185, -122, 
-73, -53, 19, 63, -46, -17, -48, -68, 48, 29, 190, -126, 
-82, -53, 29, 68, -56, -12, -39, -68, 48, 29, 195, -126, 
-53, -29, 24, 41, -39, -2, -29, -63, 63, 39, 209, -117, 
-39, -19, 19, 29, -29, 0, -29, -58, 68, 48, 209, -112, 
-34, -19, 14, 26, -24, -2, -34, -48, 73, 53, 214, -102, 
-29, -14, 14, 21, -21, 0, -43, -43, 68, 53, 224, -92, 
-24, -4, 19, 14, -21, 7, -39, -48, 58, 48, 219, -102, 
-19, -4, 14, 12, -17, 4, -39, -48, 63, 48, 219, -97, 
-19, -4, 14, 12, -17, 4, -34, -48, 73, 58, 214, -92, 
-29, -4, 24, 17, -26, 9, -34, -48, 73, 53, 209, -92, 
-34, 0, 34, 17, -34, 17, -24, -48, 78, 58, 219, -87, 
-34, 4, 39, 14, -36, 21, -29, -53, 78, 53, 224, -87, 
-29, 19, 48, 4, -39, 34, -29, -53, 78, 58, 229, -87, 
-24, 24, 48, 0, -36, 36, -29, -53, 78, 63, 239, -87, 
-58, 9, 68, 24, -63, 39, -34, -53, 73, 43, 229, -97, 
-68, -4, 63, 36, -65, 29, -34, -53, 73, 39, 219, -97, 
-63, -14, 48, 39, -56, 17, -34, -53, 68, 29, 209, -107, 
-73, -24, 48, 48, -61, 12, -34, -48, 63, 24, 204, -112, 
-58, -34, 24, 46, -41, -4, -43, -53, 53, 19, 200, -112, 
-43, -39, 4, 41, -24, -17, -53, -58, 53, 34, 204, -112, 
-63, -43, 19, 53, -41, -12, -58, -63, 58, 39, 204, -102, 
-68, -48, 19, 58, -43, -14, -63, -68, 58, 39, 214, -97, 
-53, -29, 24, 41, -39, -2, -58, -58, 58, 39, 219, -82, 
-43, -24, 19, 34, -31, -2, -53, -58, 63, 39, 224, -68, 
-29, -14, 14, 21, -21, 0, -48, -58, 68, 43, 229, -63, 
-4, 0, 4, 2, -4, 2, -43, -58, 73, 53, 234, -58, 
-24, 9, 34, 7, -29, 21, -43, -58, 73, 53, 224, -58, 
-34, 4, 39, 14, -36, 21, -43, -58, 73, 53, 229, -58, 
-34, 4, 39, 14, -36, 21, -43, -53, 78, 53, 234, -48, 
-19, 14, 34, 2, -26, 24, -43, -48, 87, 63, 239, -39, 
-29, 19, 48, 4, -39, 34, -34, -39, 78, 53, 239, -48, 
-29, 0, 29, 14, -29, 14, -39, -43, 73, 43, 239, -53, 
-39, -4, 34, 21, -36, 14, -39, -53, 68, 43, 239, -63, 
-43, -4, 39, 24, -41, 17, -53, -53, 63, 43, 234, -68, 
-43, 4, 48, 19, -46, 26, -53, -53, 73, 43, 239, -58, 
-29, 19, 48, 4, -39, 34, -48, -53, 73, 48, 239, -58, 
-29, 4, 34, 12, -31, 19, -48, -53, 73, 48, 239, -58, 
-53, -4, 48, 29, -51, 21, -63, -53, 73, 43, 239, -58, 
-58, -9, 48, 34, -53, 19, -63, -48, 68, 34, 248, -68, 
-58, -14, 43, 36, -51, 14, -58, -48, 68, 39, 244, -68, 
-58, -19, 39, 39, -48, 9, -53, -48, 68, 39, 239, -68, 
-53, -14, 39, 34, -46, 12, -53, -48, 68, 39, 239, -68, 
-39, 9, 48, 14, -43, 29, -53, -43, 78, 48, 244, -63, 
-39, 0, 39, 19, -39, 19, -48, -43, 78, 48, 244, -63, 
-34, 4, 39, 14, -36, 21, -48, -43, 78, 48, 248, -58, 
-14, 9, 24, 2, -19, 17, -53, -43, 73, 48, 248, -53, 
-24, 14, 39, 4, -31, 26, -48, -34, 82, 48, 253, -58, 
-14, 14, 29, 0, -21, 21, -48, -34, 78, 48, 253, -58, 
-4, 29, 34, -12, -19, 31, -43, -34, 78, 53, 258, -53, 
-4, 29, 34, -12, -19, 31, -43, -34, 78, 58, 258, -48, 
-24, 9, 34, 7, -29, 21, -39, -43, 78, 58, 268, -43, 
-24, 19, 43, 2, -34, 31, -39, -34, 82, 68, 268, -39, 
-14, 19, 34, -2, -24, 26, -39, -34, 92, 73, 268, -29, 
-4, 24, 29, -9, -17, 26, -48, -34, 92, 73, 268, -24, 
0, 39, 39, -19, -19, 39, -53, -39, 87, 58, 268, -39, 
19, 39, 19, -29, 0, 29, -58, -43, 82, 53, 268, -39, 
24, 39, 14, -31, 4, 26, -63, -48, 78, 53, 273, -29, 
39, 43, 4, -41, 17, 24, -73, -53, 78, 53, 283, -24, 
19, 43, 24, -31, -2, 34, -63, -48, 87, 78, 283, -9, 
9, 39, 29, -24, -9, 34, -68, -43, 82, 68, 287, -9, 
4, 34, 29, -19, -12, 31, -68, -39, 82, 63, 287, -9, 
-4, 29, 34, -12, -19, 31, -68, -34, 82, 63, 287, -9, 
-4, 39, 43, -17, -24, 41, -78, -39, 82, 53, 292, -14, 
-19, 39, 58, -9, -39, 48, -78, -39, 82, 58, 287, -14, 
-4, 48, 53, -21, -29, 51, -82, -43, 78, 58, 283, -14, 
9, 48, 39, -29, -14, 43, -92, -53, 78, 58, 278, -14, 
24, 48, 24, -36, 0, 36, -92, -43, 68, 48, 258, -24, 
34, 53, 19, -43, 7, 36, -97, -53, 63, 39, 244, -34, 
43, 58, 14, -51, 14, 36, -92, -53, 63, 29, 239, -43, 
48, 58, 9, -53, 19, 34, -87, -53, 63, 19, 239, -39, 
39, 53, 14, -46, 12, 34, -78, -53, 73, 29, 253, -34, 
29, 43, 14, -36, 7, 29, -82, -58, 68, 34, 258, -29, 
19, 39, 19, -29, 0, 29, -82, -58, 68, 43, 263, -24, 
14, 34, 19, -24, -2, 26, -78, -48, 73, 58, 278, -9, 
29, 53, 24, -41, 2, 39, -82, -58, 78, 58, 287, 4, 
43, 63, 19, -53, 12, 41, -92, -58, 78, 58, 287, 4, 
53, 73, 19, -63, 17, 46, -97, -58, 82, 48, 283, -4, 
63, 87, 24, -75, 19, 56, -102, -58, 82, 48, 283, -4, 
68, 97, 29, -82, 19, 63, -107, -58, 78, 63, 292, 0, 
63, 97, 34, -80, 14, 65, -112, -58, 73, 68, 292, 0, 
53, 87, 34, -70, 9, 61, -112, -58, 73, 68, 292, 4, 
48, 87, 39, -68, 4, 63, -112, -63, 82, 68, 297, 9, 
29, 78, 48, -53, -9, 63, -107, -53, 92, 63, 287, 19, 
29, 63, 34, -46, -2, 48, -107, -48, 87, 58, 287, 14, 
39, 39, 0, -39, 19, 19, -107, -48, 87, 58, 287, 14, 
34, 24, -9, -29, 21, 7, -107, -48, 87, 58, 287, 14, 
48, 58, 9, -53, 19, 34, -112, -53, 82, 58, 287, 19, 
53, 73, 19, -63, 17, 46, -117, -58, 82, 58, 287, 14, 
58, 68, 9, -63, 24, 39, -131, -73, 82, 53, 273, 9, 
63, 73, 9, -68, 26, 41, -136, -87, 73, 53, 273, 4, 
48, 63, 14, -56, 17, 39, -131, -82, 68, 53, 283, 9, 
39, 58, 19, -48, 9, 39, -126, -82, 63, 53, 287, 9, 
39, 48, 9, -43, 14, 29, -126, -82, 63, 53, 292, 4, 
29, 34, 4, -31, 12, 19, -122, -82, 63, 53, 287, 0, 
34, 34, 0, -34, 17, 17, -122, -87, 73, 48, 273, -4, 
39, 39, 0, -39, 19, 19, -122, -87, 73, 39, 273, -4, 
43, 39, -4, -41, 24, 17, -122, -87, 68, 34, 268, -4, 
48, 39, -9, -43, 29, 14, -117, -87, 68, 34, 268, 0, 
53, 39, -14, -46, 34, 12, -102, -82, 82, 39, 273, -9, 
53, 48, -4, -51, 29, 21, -102, -78, 82, 34, 268, -14, 
48, 53, 4, -51, 21, 29, -102, -73, 82, 34, 258, -14, 
34, 63, 29, -48, 2, 46, -102, -68, 82, 34, 253, -19, 
34, 48, 14, -41, 9, 31, -107, -68, 78, 29, 258, -24, 
29, 34, 4, -31, 12, 19, -97, -68, 73, 24, 258, -29, 
24, 24, 0, -24, 12, 12, -92, -68, 68, 24, 248, -34, 
19, 19, 0, -19, 9, 9, -87, -58, 63, 24, 244, -34, 
24, 24, 0, -24, 12, 12, -78, -53, 68, 24, 248, -34, 
14, 14, 0, -14, 7, 7, -73, -48, 82, 34, 248, -39, 
9, 19, 9, -14, 0, 14, -68, -48, 92, 34, 248, -39, 
14, 24, 9, -19, 2, 17, -68, -48, 97, 29, 248, -39, 
4, 14, 9, -9, -2, 12, -58, -43, 87, 19, 244, -53, 
-14, 14, 29, 0, -21, 21, -53, -43, 82, 14, 239, -53, 
-24, 4, 29, 9, -26, 17, -48, -39, 73, 14, 239, -63, 
-34, 4, 39, 14, -36, 21, -43, -39, 68, 9, 239, -63, 
-29, 0, 29, 14, -29, 14, -48, -39, 73, 9, 244, -63, 
-34, -4, 29, 19, -31, 12, -43, -39, 78, 9, 239, -68, 
-34, -14, 19, 24, -26, 2, -39, -34, 82, 14, 239, -63, 
-29, -14, 14, 21, -21, 0, -34, -34, 87, 19, 244, -53, 
-39, 0, 39, 19, -39, 19, -34, -19, 92, 19, 244, -63, 
-29, 0, 29, 14, -29, 14, -34, -14, 97, 19, 244, -58, 
-24, -4, 19, 14, -21, 7, -34, -14, 97, 19, 248, -58, 
-29, -4, 24, 17, -26, 9, -34, -19, 97, 19, 248, -73, 
-29, -14, 14, 21, -21, 0, -24, -19, 87, 9, 244, -82, 
-29, -14, 14, 21, -21, 0, -24, -19, 87, 4, 234, -82, 
-34, -19, 14, 26, -24, -2, -29, -19, 78, 0, 229, -87, 
-39, -19, 19, 29, -29, 0, -29, -24, 78, 0, 224, -92, 
-29, -14, 14, 21, -21, 0, -29, -24, 87, -4, 214, -82, 
-39, -9, 29, 24, -34, 9, -24, -24, 87, -9, 214, -87, 
-39, -4, 34, 21, -36, 14, -24, -24, 87, -9, 214, -87, 
-43, 0, 43, 21, -43, 21, -14, -14, 97, 0, 219, -78, 
-34, 9, 43, 12, -39, 26, -4, -4, 107, 4, 224, -63, 
-29, 14, 43, 7, -36, 29, -4, -4, 102, 4, 229, -63, 
-14, 14, 29, 0, -21, 21, -4, -4, 102, 14, 234, -63, 
-9, 14, 24, -2, -17, 19, -4, -4, 107, 14, 244, -58, 
-19, -4, 14, 12, -17, 4, -19, -9, 102, 4, 244, -63, 
-24, -19, 4, 21, -14, -7, -24, -14, 97, 0, 244, -68, 
-34, -29, 4, 31, -19, -12, -24, -19, 92, 0, 244, -73, 
-53, -43, 9, 48, -31, -17, -29, -24, 82, 0, 239, -78, 
-63, -43, 19, 53, -41, -12, -29, -24, 92, -9, 224, -78, 
-63, -43, 19, 53, -41, -12, -24, -19, 92, -14, 219, -82, 
-43, -39, 4, 41, -24, -17, -19, -14, 92, -14, 219, -87, 
-29, -39, -9, 34, -9, -24, -14, -9, 92, -19, 224, -92, 
-39, -24, 14, 31, -26, -4, -4, -9, 97, -9, 229, -87, 
-39, -14, 24, 26, -31, 4, -9, -4, 92, -9, 229, -82, 
-48, -4, 43, 26, -46, 19, -9, 0, 92, -9, 229, -78, 
-68, 9, 78, 29, -73, 43, -19, 4, 92, -9, 229, -78, 
-73, -9, 63, 41, -68, 26, -29, -9, 92, -9, 229, -87, 
-63, -24, 39, 43, -51, 7, -24, -9, 97, -9, 229, -87, 
-68, -39, 29, 53, -48, -4, -19, -14, 97, -9, 234, -82, 
-97, -63, 34, 80, -65, -14, -14, -19, 97, -9, 239, -82, 
-97, -73, 24, 85, -61, -24, -4, -19, 87, -19, 239, -87, 
-92, -68, 24, 80, -58, -21, -9, -24, 87, -24, 234, -97, 
-78, -68, 9, 73, -43, -29, -9, -24, 87, -24, 219, -102, 
-73, -48, 24, 61, -48, -12, -14, -24, 87, -24, 209, -102, 
-48, -24, 24, 36, -36, 0, -14, -24, 92, -14, 219, -97, 
-39, -14, 24, 26, -31, 4, -9, -24, 97, -9, 224, -92, 
-29, 0, 29, 14, -29, 14, -9, -24, 102, -9, 229, -87, 
-19, 14, 34, 2, -26, 24, -9, -24, 107, -9, 234, -82, 
-29, 0, 29, 14, -29, 14, -19, -29, 97, -14, 234, -92, 
-53, -24, 29, 39, -41, 2, -24, -34, 97, -24, 234, -92, 
-68, -39, 29, 53, -48, -4, -29, -34, 92, -29, 234, -92, 
-82, -53, 29, 68, -56, -12, -39, -34, 92, -43, 229, -97, 
-82, -53, 29, 68, -56, -12, -39, -34, 82, -34, 229, -92, 
-82, -53, 29, 68, -56, -12, -34, -29, 82, -29, 234, -87, 
-73, -53, 19, 63, -46, -17, -24, -19, 87, -24, 244, -82, 
-63, -53, 9, 58, -36, -21, -19, -14, 87, -19, 253, -78, 
-43, -39, 4, 41, -24, -17, -9, -4, 102, -4, 263, -82, 
-39, -24, 14, 31, -26, -4, -9, -4, 107, -4, 258, -82, 
-48, -4, 43, 26, -46, 19, -9, -4, 112, -9, 258, -82, 
-39, 9, 48, 14, -43, 29, -9, -4, 117, -9, 258, -82, 
-34, 4, 39, 14, -36, 21, -24, -19, 107, -29, 248, -92, 
-24, 0, 24, 12, -24, 12, -29, -29, 92, -39, 239, -107, 
-29, 4, 34, 12, -31, 19, -34, -34, 82, -53, 219, -117, 
-39, 0, 39, 19, -39, 19, -39, -39, 73, -68, 209, -126, 
-48, -19, 29, 34, -39, 4, -39, -39, 68, -58, 200, -122, 
-53, -24, 29, 39, -41, 2, -39, -34, 73, -53, 214, -122, 
-53, -24, 29, 39, -41, 2, -39, -34, 73, -48, 219, -122, 
-48, -24, 24, 36, -36, 0, -39, -34, 73, -48, 224, -117, 
-24, -39, -14, 31, -4, -26, -29, -29, 78, -34, 234, -107, 
-34, -43, -9, 39, -12, -26, -24, -24, 82, -34, 234, -102, 
-63, -43, 19, 53, -41, -12, -14, -19, 87, -43, 234, -97, 
-68, -43, 24, 56, -46, -9, -9, -14, 92, -43, 229, -92, 
-78, -53, 24, 65, -51, -14, -14, -19, 92, -48, 229, -97, 
-87, -48, 39, 68, -63, -4, -19, -24, 92, -53, 229, -102, 
-97, -48, 48, 73, -73, 0, -24, -29, 87, -63, 229, -112, 
-107, -48, 58, 78, -82, 4, -29, -34, 87, -73, 229, -117, 
-97, -68, 29, 82, -63, -19, -24, -24, 87, -68, 229, -107, 
-87, -63, 24, 75, -56, -19, -14, -14, 97, -48, 239, -97, 
-48, -34, 14, 41, -31, -9, -14, -14, 97, -43, 239, -97, 
-48, -24, 24, 36, -36, 0, -24, -14, 97, -53, 229, -107, 
-78, -19, 58, 48, -68, 19, -19, -19, 107, -58, 234, -107, 
-68, -9, 58, 39, -63, 24, -14, -9, 97, -58, 244, -107, 
-68, -9, 58, 39, -63, 24, -9, -9, 97, -58, 244, -107, 
-68, -9, 58, 39, -63, 24, -4, -9, 97, -58, 244, -107, 
-68, -9, 58, 39, -63, 24, 0, -9, 97, -58, 244, -107, 
-73, -14, 58, 43, -65, 21, -9, -19, 92, -63, 229, -122, 
-82, -19, 63, 51, -73, 21, -14, -19, 92, -68, 224, -126, 
-92, -39, 53, 65, -73, 7, -19, -14, 87, -73, 219, -136, 
-97, -43, 53, 70, -75, 4, -24, -14, 82, -78, 214, -146, 
-92, -48, 43, 70, -68, -2, -14, -24, 82, -78, 214, -151, 
-92, -53, 39, 73, -65, -7, -14, -24, 87, -78, 214, -151, 
-87, -53, 34, 70, -61, -9, -14, -24, 87, -73, 214, -151, 
-82, -58, 24, 70, -53, -17, -14, -24, 87, -73, 214, -151, 
-92, -48, 43, 70, -68, -2, -9, -34, 87, -73, 219, -136, 
-87, -48, 39, 68, -63, -4, -9, -34, 87, -73, 224, -136, 
-87, -43, 43, 65, -65, 0, -14, -34, 87, -78, 229, -131, 
-87, -43, 43, 65, -65, 0, -14, -34, 87, -78, 234, -126, 
-68, -34, 34, 51, -51, 0, -4, -14, 102, -63, 239, -117, 
-53, -24, 29, 39, -41, 2, 0, -4, 102, -58, 244, -117, 
-82, -9, 73, 46, -78, 31, 0, 0, 117, -53, 258, -117, 
-73, -4, 68, 39, -70, 31, 0, 4, 117, -48, 263, -107, 
-73, -19, 53, 46, -63, 17, 0, 4, 117, -58, 263, -107, 
-78, -24, 53, 51, -65, 14, 0, 4, 122, -63, 263, -102, 
-82, -29, 53, 56, -68, 12, 0, 9, 117, -58, 268, -102, 
-97, -24, 73, 61, -85, 24, 4, 9, 117, -58, 263, -102, 
-68, -4, 63, 36, -65, 29, -4, 9, 126, -43, 263, -97, 
-43, 9, 53, 17, -48, 31, -4, 4, 136, -39, 273, -87, 
-34, 39, 73, -2, -53, 56, -4, 9, 151, -34, 287, -82, 
-34, 53, 87, -9, -61, 70, -4, 4, 156, -24, 292, -63, 
-43, 73, 117, -14, -80, 95, -24, 0, 161, -24, 283, -53, 
-43, 73, 117, -14, -80, 95, -34, 0, 156, -29, 283, -53, 
-43, 78, 122, -17, -82, 100, -43, -14, 151, -34, 283, -58, 
-43, 92, 136, -24, -90, 114, -48, -14, 141, -39, 287, -63, 
-48, 78, 126, -14, -87, 102, -58, -24, 151, -34, 297, -73, 
-53, 58, 112, -2, -82, 85, -63, -24, 156, -29, 297, -73, 
-53, 53, 107, 0, -80, 80, -73, -24, 156, -29, 302, -68, 
-53, 63, 117, -4, -85, 90, -82, -34, 156, -29, 307, -68, 
-43, 63, 107, -9, -75, 85, -97, -29, 156, -34, 307, -53, 
-43, 82, 126, -19, -85, 104, -112, -34, 156, -34, 307, -48, 
-34, 82, 117, -24, -75, 100, -117, -34, 156, -34, 307, -39, 
-43, 78, 122, -17, -82, 100, -117, -34, 151, -43, 307, -34, 
-9, 78, 87, -34, -48, 82, -102, -29, 156, -43, 302, -39, 
9, 87, 78, -48, -34, 82, -97, -29, 156, -39, 302, -39, 
39, 97, 58, -68, -9, 78, -87, -29, 156, -34, 302, -39, 
63, 117, 53, -90, 4, 85, -78, -24, 161, -24, 307, -29, 
48, 102, 53, -75, -2, 78, -87, -24, 151, -24, 302, -24, 
19, 97, 78, -58, -29, 87, -87, -24, 146, -29, 302, -24, 
0, 82, 82, -41, -41, 82, -82, -24, 146, -39, 297, -24, 
-14, 78, 92, -31, -53, 85, -78, -24, 141, -43, 297, -29, 
-14, 58, 73, -21, -43, 65, -78, -29, 126, -68, 287, -53, 
-29, 24, 53, 2, -41, 39, -82, -34, 102, -87, 268, -63, 
-29, 4, 34, 12, -31, 19, -78, -34, 97, -97, 263, -68, 
-29, -4, 24, 17, -26, 9, -73, -39, 82, -112, 253, -73, 
-14, 14, 29, 0, -21, 21, -63, -39, 87, -102, 263, -78, 
-19, 29, 48, -4, -34, 39, -63, -39, 82, -107, 253, -78, 
-24, 14, 39, 4, -31, 26, -58, -39, 78, -112, 239, -82, 
-19, 29, 48, -4, -34, 39, -53, -39, 78, -117, 239, -78, 
-19, 24, 43, -2, -31, 34, -43, -34, 82, -112, 248, -63, 
-24, 4, 29, 9, -26, 17, -43, -29, 82, -122, 239, -73, 
-43, -19, 24, 31, -34, 2, -43, -34, 82, -122, 239, -78, 
-63, -39, 24, 51, -43, -7, -34, -29, 87, -117, 244, -78, 
-63, -29, 34, 46, -48, 2, -29, -29, 73, -122, 239, -87, 
-68, -29, 39, 48, -53, 4, -19, -29, 73, -136, 234, -97, 
-82, -43, 39, 63, -61, -2, -14, -24, 73, -141, 224, -107, 
-102, -53, 48, 78, -75, -2, -9, -24, 73, -146, 219, -112, 
-107, -48, 58, 78, -82, 4, 4, -19, 78, -136, 214, -107, 
-107, -48, 58, 78, -82, 4, 4, -14, 78, -146, 209, -107, 
-92, -53, 39, 73, -65, -7, 9, -9, 73, -146, 209, -107, 
-92, -58, 34, 75, -63, -12, 19, 0, 73, -136, 214, -107, 
-97, -68, 29, 82, -63, -19, 14, -4, 68, -151, 209, -112, 
-97, -58, 39, 78, -68, -9, 9, -4, 68, -156, 204, -112, 
-102, -53, 48, 78, -75, -2, 14, -9, 63, -165, 200, -117, 
-107, -53, 53, 80, -80, 0, -4, -19, 58, -170, 195, -126, 
-97, -63, 34, 80, -65, -14, -4, -19, 53, -170, 195, -131, 
-92, -78, 14, 85, -53, -31, -4, -19, 48, -175, 195, -131, 
-87, -82, 4, 85, -46, -39, 4, -14, 48, -175, 195, -141, 
-92, -87, 4, 90, -48, -41, 4, -14, 48, -175, 195, -141, 
-97, -92, 4, 95, -51, -43, 4, -9, 58, -165, 209, -136, 
-112, -92, 19, 102, -65, -36, 4, -4, 58, -170, 209, -126, 
-117, -92, 24, 104, -70, -34, 0, 0, 58, -170, 209, -117, 
-117, -92, 24, 104, -70, -34, 0, 4, 58, -165, 209, -112, 
-102, -82, 19, 92, -61, -31, 4, -4, 58, -165, 219, -117, 
-92, -73, 19, 82, -56, -26, 14, -4, 63, -165, 219, -122, 
-92, -63, 29, 78, -61, -17, 19, -4, 63, -165, 219, -126, 
-82, -53, 29, 68, -56, -12, 24, -4, 63, -165, 219, -131, 
-97, -63, 34, 80, -65, -14, 24, -4, 73, -156, 224, -126, 
-97, -73, 24, 85, -61, -24, 24, 0, 73, -156, 224, -126, 
-87, -73, 14, 80, -51, -29, 24, 0, 73, -156, 224, -122, 
-87, -68, 19, 78, -53, -24, 24, 0, 73, -156, 224, -117, 
-97, -58, 39, 78, -68, -9, 4, -9, 73, -156, 204, -146, 
-136, -63, 73, 100, -104, 4, 14, -4, 68, -156, 209, -146, 
-156, -78, 78, 117, -117, 0, 9, -14, 58, -165, 209, -146, 
-131, -48, 82, 90, -107, 17, -19, -34, 58, -175, 209, -151, 
-112, -14, 97, 63, -104, 41, -14, -24, 92, -141, 239, -126, 
-131, -9, 122, 70, -126, 56, 4, -24, 122, -117, 263, -97, 
-141, -19, 122, 80, -131, 51, 9, -34, 122, -122, 253, -107, 
-146, -14, 131, 80, -139, 58, 24, -19, 122, -131, 244, -126, 
-185, -39, 146, 112, -165, 53, 58, 9, 136, -126, 253, -122, 
-180, -34, 146, 107, -163, 56, 87, 48, 146, -117, 253, -112, 
-141, -48, 92, 95, -117, 21, 97, 73, 126, -122, 239, -122, 
-131, -102, 29, 117, -80, -36, 107, 97, 107, -141, 244, -126, 
-102, -146, -43, 124, -29, -95, 122, 156, 117, -131, 268, -92, 
-53, -156, -102, 104, 24, -129, 156, 278, 131, -102, 307, -48, 
29, -195, -224, 82, 126, -209, 209, 419, 165, -68, 346, -24, 
180, -209, -390, 14, 285, -300, 248, 575, 224, -14, 395, 4, 
395, -146, -541, -124, 468, -344, 248, 736, 292, 39, 463, 73, 
575, -48, -624, -263, 600, -336, 224, 844, 346, 107, 556, 165, 
746, 53, -692, -400, 719, -319, 146, 868, 395, 190, 683, 312, 
951, 185, -766, -568, 858, -290, 48, 839, 395, 244, 790, 453, 
1098, 283, -814, -690, 956, -265, -43, 761, 326, 224, 819, 536, 
1141, 297, -844, -719, 993, -273, -122, 649, 234, 161, 800, 546, 
1102, 268, -834, -685, 968, -283, -170, 497, 122, 82, 741, 497, 
1063, 234, -829, -649, 946, -297, -175, 356, 4, -39, 590, 375, 
990, 146, -844, -568, 917, -348, -136, 224, -131, -214, 375, 175, 
834, -43, -878, -395, 856, -461, -78, 136, -302, -419, 131, -68, 
644, -204, -849, -219, 746, -527, -39, 29, -434, -595, -73, -273, 
473, -258, -732, -107, 602, -495, -53, -117, -492, -668, -170, -370, 
361, -268, -629, -46, 495, -448, -48, -209, -492, -678, -195, -405, 
248, -302, -551, 26, 400, -427, 9, -200, -463, -658, -190, -419, 
122, -336, -458, 107, 290, -397, 73, -141, -409, -619, -170, -409, 
53, -336, -390, 141, 222, -363, 92, -112, -361, -585, -146, -409, 
48, -283, -331, 117, 190, -307, 58, -131, -336, -570, -141, -409, 
34, -229, -263, 97, 148, -246, 34, -122, -278, -512, -92, -375, 
14, -180, -195, 82, 104, -187, 24, -34, -180, -419, 4, -302, 
-4, -136, -131, 70, 63, -134, 9, 19, -107, -346, 78, -244, 
-14, -112, -97, 63, 41, -104, -9, 14, -58, -302, 117, -209, 
0, -87, -87, 43, 43, -87, -24, 14, -14, -253, 165, -175, 
39, -78, -117, 19, 78, -97, -14, 53, 19, -204, 209, -126, 
58, -82, -141, 12, 100, -112, -4, 63, 48, -190, 229, -107, 
34, -78, -112, 21, 73, -95, -14, 58, 53, -190, 244, -107, 
14, -78, -92, 31, 53, -85, -9, 48, 58, -185, 244, -107, 
-19, -78, -58, 48, 19, -68, -4, 39, 68, -185, 239, -112, 
-29, -82, -53, 56, 12, -68, 4, 24, 63, -185, 239, -112, 
-19, -78, -58, 48, 19, -68, 0, 14, 53, -190, 229, -117, 
-34, -73, -39, 53, 2, -56, 0, 0, 53, -200, 219, -122, 
-24, -53, -29, 39, 2, -41, 0, -4, 43, -204, 209, -126, 
-14, -48, -34, 31, 9, -41, 0, -4, 43, -204, 200, -136, 
-39, -63, -24, 51, -7, -43, -4, -19, 48, -200, 214, -112, 
-58, -68, -9, 63, -24, -39, -14, -24, 53, -190, 219, -102, 
-78, -68, 9, 73, -43, -29, -19, -29, 58, -190, 224, -97, 
-92, -73, 19, 82, -56, -26, -24, -34, 58, -190, 229, -92, 
-97, -73, 24, 85, -61, -24, -24, -39, 58, -200, 219, -87, 
-92, -73, 19, 82, -56, -26, -24, -39, 58, -204, 209, -97, 
-87, -78, 9, 82, -48, -34, -24, -39, 53, -209, 200, -112, 
-92, -78, 14, 85, -53, -31, -24, -48, 53, -214, 200, -112, 
-87, -68, 19, 78, -53, -24, -24, -43, 53, -214, 209, -102, 
-87, -68, 19, 78, -53, -24, -24, -39, 58, -204, 214, -97, 
-87, -68, 19, 78, -53, -24, -24, -29, 58, -204, 214, -97, 
-87, -68, 19, 78, -53, -24, -24, -19, 58, -195, 214, -97, 
-58, -68, -9, 63, -24, -39, -24, -19, 68, -185, 219, -87, 
-43, -63, -19, 53, -12, -41, -24, -19, 73, -185, 234, -82, 
-58, -48, 9, 53, -34, -19, -19, -19, 78, -185, 239, -78, 
-53, -43, 9, 48, -31, -17, -9, -19, 78, -185, 244, -68, 
-43, -34, 9, 39, -26, -12, -19, -34, 63, -195, 224, -87, 
-39, -39, 0, 39, -19, -19, -19, -39, 58, -204, 209, -102, 
-43, -53, -9, 48, -17, -31, -24, -39, 53, -219, 200, -112, 
-48, -63, -14, 56, -17, -39, -34, -43, 39, -239, 195, -122, 
-58, -63, -4, 61, -26, -34, -39, -39, 48, -224, 200, -117, 
-58, -63, -4, 61, -26, -34, -39, -39, 53, -214, 209, -107, 
-63, -63, 0, 63, -31, -31, -34, -39, 63, -195, 214, -97, 
-78, -63, 14, 70, -46, -24, -34, -39, 63, -190, 219, -92, 
-73, -73, 0, 73, -36, -36, -34, -39, 53, -214, 204, -107, 
-63, -73, -9, 68, -26, -41, -39, -43, 48, -229, 204, -107, 
-48, -63, -14, 56, -17, -39, -39, -43, 43, -234, 204, -107, 
-34, -63, -29, 48, -2, -46, -39, -43, 39, -239, 209, -107, 
-58, -68, -9, 63, -24, -39, -24, -34, 43, -234, 224, -102, 
-58, -73, -14, 65, -21, -43, -24, -34, 53, -224, 229, -87, 
-43, -73, -29, 58, -7, -51, -24, -34, 58, -219, 234, -82, 
-43, -73, -29, 58, -7, -51, -24, -29, 63, -209, 244, -73, 
-48, -63, -14, 56, -17, -39, -19, -19, 68, -195, 248, -63, 
-43, -58, -14, 51, -14, -36, -24, -19, 73, -180, 253, -63, 
-73, -53, 19, 63, -46, -17, -24, -19, 82, -175, 253, -53, 
-87, -48, 39, 68, -63, -4, -24, -19, 87, -175, 263, -48, 
-73, -53, 19, 63, -46, -17, -24, -19, 78, -195, 248, -58, 
-63, -53, 9, 58, -36, -21, -24, -19, 73, -204, 244, -58, 
-48, -48, 0, 48, -24, -24, -24, -19, 68, -209, 239, -68, 
-24, -39, -14, 31, -4, -26, -24, -19, 63, -209, 234, -78, 
-39, -39, 0, 39, -19, -19, -24, -29, 63, -200, 234, -78, 
-43, -43, 0, 43, -21, -21, -24, -29, 63, -200, 239, -78, 
-39, -43, -4, 41, -17, -24, -24, -24, 68, -200, 244, -68, 
-19, -34, -14, 26, -2, -24, -24, -19, 78, -190, 248, -58, 
-43, -34, 9, 39, -26, -12, -34, -29, 78, -190, 248, -48, 
-48, -58, -9, 53, -19, -34, -39, -34, 73, -200, 248, -53, 
-63, -68, -4, 65, -29, -36, -39, -43, 68, -200, 248, -63, 
-73, -73, 0, 73, -36, -36, -53, -43, 63, -200, 244, -68, 
-53, -48, 4, 51, -29, -21, -43, -43, 63, -209, 239, -58, 
-29, -29, 0, 29, -14, -14, -39, -43, 63, -204, 239, -58, 
-19, -39, -19, 29, 0, -29, -39, -43, 63, -204, 239, -58, 
-34, -43, -9, 39, -12, -26, -53, -43, 63, -209, 239, -58, 
-48, -63, -14, 56, -17, -39, -58, -39, 63, -209, 248, -58, 
-58, -73, -14, 65, -21, -43, -58, -39, 58, -204, 244, -58, 
-68, -82, -14, 75, -26, -48, -58, -39, 53, -204, 239, -58, 
-73, -82, -9, 78, -31, -46, -63, -39, 48, -204, 239, -58, 
-43, -48, -4, 46, -19, -26, -58, -24, 73, -200, 253, -53, 
-29, -48, -19, 39, -4, -34, -48, -24, 78, -195, 253, -53, 
-9, -34, -24, 21, 7, -29, -43, -24, 82, -190, 258, -48, 
24, -19, -43, -2, 34, -31, -43, -24, 82, -185, 258, -43, 
19, -24, -43, 2, 31, -34, -53, -29, 68, -200, 244, -43, 
24, -24, -48, 0, 36, -36, -58, -34, 58, -204, 244, -48, 
29, -9, -39, -9, 34, -24, -58, -39, 53, -204, 248, -48, 
24, -9, -34, -7, 29, -21, -63, -43, 48, -204, 248, -48, 
24, -9, -34, -7, 29, -21, -63, -39, 63, -195, 263, -34, 
24, 0, -24, -12, 24, -12, -58, -24, 73, -185, 268, -29, 
34, 0, -34, -17, 34, -17, -53, -19, 87, -180, 273, -19, 
43, 4, -39, -24, 41, -17, -58, -14, 92, -180, 278, -14, 
19, 4, -14, -12, 17, -4, -58, -19, 82, -190, 258, -34, 
19, 0, -19, -9, 19, -9, -58, -24, 82, -190, 258, -39, 
4, -4, -9, 0, 7, -7, -58, -29, 82, -185, 263, -34, 
0, -4, -4, 2, 2, -4, -63, -34, 87, -180, 273, -34, 
24, 0, -24, -12, 24, -12, -68, -34, 78, -170, 268, -34, 
39, 0, -39, -19, 39, -19, -78, -34, 73, -185, 268, -39, 
58, 0, -58, -29, 58, -29, -82, -34, 73, -195, 263, -43, 
73, 0, -73, -36, 73, -36, -87, -34, 73, -200, 258, -48, 
63, 0, -63, -31, 63, -31, -73, -29, 78, -195, 278, -29, 
39, 0, -39, -19, 39, -19, -68, -19, 82, -185, 278, -24, 
43, 9, -34, -26, 39, -12, -68, -14, 82, -180, 278, -19, 
48, 9, -39, -29, 43, -14, -73, -14, 87, -175, 278, -14, 
43, 0, -43, -21, 43, -21, -82, -19, 82, -185, 263, -19, 
53, 4, -48, -29, 51, -21, -97, -34, 73, -195, 253, -24, 
63, 9, -53, -36, 58, -21, -102, -39, 68, -204, 253, -29, 
68, 9, -58, -39, 63, -24, -107, -43, 63, -214, 258, -19, 
73, 0, -73, -36, 73, -36, -117, -53, 53, -204, 258, -19, 
68, -4, -73, -31, 70, -39, -122, -58, 48, -209, 258, -19, 
63, -4, -68, -29, 65, -36, -122, -58, 48, -209, 258, -19, 
63, -4, -68, -29, 65, -36, -117, -48, 53, -204, 268, -9, 
73, 24, -48, -48, 61, -12, -102, -43, 73, -190, 283, 9, 
82, 34, -48, -58, 65, -7, -102, -39, 78, -185, 287, 14, 
87, 43, -43, -65, 65, 0, -97, -34, 87, -190, 287, 9, 
92, 58, -34, -75, 63, 12, -92, -29, 92, -185, 292, 14, 
112, 63, -48, -87, 80, 7, -102, -29, 82, -185, 287, 9, 
112, 58, -53, -85, 82, 2, -112, -29, 73, -185, 283, 0, 
107, 43, -63, -75, 85, -9, -117, -29, 68, -190, 278, -4, 
107, 39, -68, -73, 87, -14, -122, -34, 73, -195, 278, -9, 
92, 29, -63, -61, 78, -17, -126, -34, 73, -195, 278, -9, 
97, 24, -73, -61, 85, -24, -126, -29, 68, -195, 278, -14, 
112, 9, -102, -61, 107, -46, -126, -29, 68, -190, 278, -14, 
112, 4, -107, -58, 109, -51, -126, -29, 68, -185, 278, -14, 
102, 24, -78, -63, 90, -26, -117, -29, 82, -180, 283, 0, 
102, 34, -68, -68, 85, -17, -117, -29, 82, -175, 287, 4, 
102, 24, -78, -63, 90, -26, -126, -39, 82, -175, 278, 9, 
102, 24, -78, -63, 90, -26, -126, -48, 73, -170, 283, 14, 
112, 24, -87, -68, 100, -31, -136, -63, 68, -185, 287, 4, 
107, 19, -87, -63, 97, -34, -136, -63, 63, -190, 287, 0, 
112, 9, -102, -61, 107, -46, -141, -63, 63, -195, 287, -9, 
107, -4, -112, -51, 109, -58, -141, -63, 63, -200, 278, -19, 
107, 9, -97, -58, 102, -43, -131, -53, 78, -185, 283, -19, 
107, 19, -87, -63, 97, -34, -122, -48, 82, -185, 292, -4, 
107, 24, -82, -65, 95, -29, -112, -43, 82, -180, 297, 9, 
107, 29, -78, -68, 92, -24, -97, -39, 87, -170, 307, 29, 
92, 9, -82, -51, 87, -36, -102, -39, 82, -170, 297, 9, 
82, 9, -73, -46, 78, -31, -102, -39, 82, -180, 287, -4, 
68, 4, -63, -36, 65, -29, -102, -39, 82, -185, 273, -14, 
43, 4, -39, -24, 41, -17, -102, -39, 82, -190, 263, -29, 
24, -14, -39, -4, 31, -26, -107, -43, 68, -200, 248, -39, 
19, -24, -43, 2, 31, -34, -97, -48, 63, -209, 248, -48, 
14, -29, -43, 7, 29, -36, -92, -53, 58, -214, 239, -58, 
9, -29, -39, 9, 24, -34, -87, -48, 53, -219, 234, -63, 
14, -19, -34, 2, 24, -26, -87, -53, 43, -229, 219, -73, 
4, -34, -39, 14, 21, -36, -82, -48, 53, -229, 219, -78, 
0, -34, -34, 17, 17, -34, -78, -48, 58, -239, 219, -78, 
4, -34, -39, 14, 21, -36, -78, -48, 58, -253, 219, -78, 
19, -34, -53, 7, 36, -43, -68, -24, 58, -234, 229, -68, 
14, -34, -48, 9, 31, -41, -63, -24, 63, -229, 229, -63, 
19, -43, -63, 12, 41, -53, -58, -19, 63, -219, 234, -68, 
24, -43, -68, 9, 46, -56, -53, -19, 68, -214, 239, -63, 
9, -58, -68, 24, 39, -63, -58, -24, 63, -234, 219, -73, 
-4, -63, -58, 34, 26, -61, -53, -29, 58, -244, 209, -87, 
-14, -73, -58, 43, 21, -65, -48, -29, 53, -248, 204, -92, 
-19, -73, -53, 46, 17, -63, -43, -34, 48, -253, 204, -92, 
-19, -58, -39, 39, 9, -48, -34, -19, 58, -234, 209, -87, 
-9, -58, -48, 34, 19, -53, -34, -14, 68, -234, 214, -78, 
-4, -63, -58, 34, 26, -61, -34, -14, 73, -234, 224, -73, 
-9, -63, -53, 36, 21, -58, -34, -19, 78, -234, 229, -82, 
-4, -58, -53, 31, 24, -56, -24, -19, 68, -234, 229, -73, 
0, -53, -53, 26, 26, -53, -24, -19, 68, -239, 224, -73, 
0, -53, -53, 26, 26, -53, -29, -19, 58, -244, 224, -78, 
0, -48, -48, 24, 24, -48, -29, -24, 58, -244, 224, -82, 
-4, -68, -63, 36, 29, -65, -39, -14, 58, -248, 214, -92, 
-19, -78, -58, 48, 19, -68, -34, -14, 58, -253, 214, -97, 
-24, -87, -63, 56, 19, -75, -34, -14, 58, -253, 214, -97, 
-34, -97, -63, 65, 14, -80, -24, -4, 68, -244, 219, -87, 
-39, -82, -43, 61, 2, -63, -24, 4, 78, -239, 219, -92, 
-39, -73, -34, 56, -2, -53, -24, 4, 73, -239, 219, -92, 
-29, -68, -39, 48, 4, -53, -24, 4, 73, -229, 219, -92, 
-29, -63, -34, 46, 2, -48, -24, 4, 78, -229, 224, -87, 
-48, -82, -34, 65, -7, -58, -14, -4, 68, -234, 214, -97, 
-53, -97, -43, 75, -4, -70, -14, -4, 68, -244, 214, -97, 
-63, -107, -43, 85, -9, -75, -9, -4, 68, -248, 214, -97, 
-82, -122, -39, 102, -21, -80, -9, -4, 63, -253, 209, -97, 
-73, -112, -39, 92, -17, -75, -24, -9, 63, -248, 214, -92, 
-63, -102, -39, 82, -12, -70, -24, -9, 63, -248, 209, -92, 
-34, -87, -53, 61, 9, -70, -24, -9, 63, -244, 209, -92, 
-9, -78, -68, 43, 29, -73, -24, -9, 63, -244, 214, -92, 
-14, -73, -58, 43, 21, -65, -34, -14, 68, -253, 209, -82, 
-19, -73, -53, 46, 17, -63, -39, -14, 63, -253, 209, -82, 
-34, -73, -39, 53, 2, -56, -39, -14, 63, -253, 209, -82, 
-58, -68, -9, 63, -24, -39, -48, -14, 63, -253, 209, -87, 
-53, -78, -24, 65, -14, -51, -43, -14, 63, -244, 214, -82, 
-34, -82, -48, 58, 7, -65, -34, -9, 68, -244, 219, -78, 
-29, -87, -58, 58, 14, -73, -24, -9, 68, -244, 229, -68, 
-48, -102, -53, 75, 2, -78, -14, -9, 68, -244, 239, -63, 
-34, -92, -58, 63, 12, -75, -24, -9, 68, -244, 229, -73, 
-24, -78, -53, 51, 14, -65, -29, -14, 68, -248, 224, -87, 
-4, -68, -63, 36, 29, -65, -29, -14, 68, -248, 209, -97, 
4, -39, -43, 17, 24, -41, -34, -14, 68, -248, 200, -102, 
-4, -53, -48, 29, 21, -51, -29, -4, 78, -248, 204, -112, 
-9, -63, -53, 36, 21, -58, -19, -4, 78, -244, 204, -112, 
-14, -68, -53, 41, 19, -61, -14, -4, 78, -244, 204, -112, 
-19, -73, -53, 46, 17, -63, -9, -4, 78, -244, 204, -112, 
-34, -87, -53, 61, 9, -70, -24, -19, 73, -253, 204, -122, 
-63, -102, -39, 82, -12, -70, -24, -24, 68, -258, 204, -122, 
-82, -107, -24, 95, -29, -65, -24, -24, 58, -258, 204, -122, 
-102, -112, -9, 107, -46, -61, -29, -24, 53, -268, 200, -126, 
-92, -107, -14, 100, -39, -61, -34, -19, 53, -263, 195, -126, 
-73, -102, -29, 87, -21, -65, -34, -19, 53, -263, 195, -126, 
-43, -97, -53, 70, 4, -75, -29, -14, 58, -263, 200, -126, 
-14, -92, -78, 53, 31, -85, -29, -14, 58, -263, 204, -126, 
-24, -87, -63, 56, 19, -75, -19, -4, 63, -248, 209, -112, 
-29, -82, -53, 56, 12, -68, -19, -4, 68, -248, 209, -112, 
-48, -73, -24, 61, -12, -48, -19, -4, 73, -253, 214, -112, 
-48, -68, -19, 58, -14, -43, -19, -4, 78, -253, 219, -112, 
-34, -82, -48, 58, 7, -65, -24, -9, 73, -258, 214, -122, 
-24, -87, -63, 56, 19, -75, -29, -19, 63, -263, 209, -126, 
-29, -82, -53, 56, 12, -68, -34, -24, 58, -273, 195, -126, 
-39, -87, -48, 63, 4, -68, -39, -29, 53, -283, 190, -126, 
-29, -87, -58, 58, 14, -73, -24, -14, 73, -273, 204, -126, 
-24, -82, -58, 53, 17, -70, -19, -4, 82, -258, 224, -122, 
-14, -73, -58, 43, 21, -65, -14, 0, 87, -244, 234, -117, 
0, -63, -63, 31, 31, -63, -9, 4, 92, -234, 244, -107, 
-4, -87, -82, 46, 39, -85, -29, -9, 82, -244, 229, -112, 
-24, -102, -78, 63, 26, -90, -34, -14, 73, -248, 224, -112, 
-63, -112, -48, 87, -7, -80, -34, -19, 63, -263, 219, -112, 
-78, -122, -43, 100, -17, -82, -39, -24, 53, -268, 209, -112, 
-78, -112, -34, 95, -21, -73, -29, -19, 68, -263, 219, -112, 
-78, -107, -29, 92, -24, -68, -29, -14, 73, -258, 219, -112, 
-78, -107, -29, 92, -24, -68, -29, -9, 73, -258, 219, -117, 
-78, -107, -29, 92, -24, -68, -29, -4, 78, -258, 219, -117, 
-117, -136, -19, 126, -48, -78, -34, -24, 58, -263, 209, -136, 
-117, -141, -24, 129, -46, -82, -24, -34, 78, -263, 209, -126, 
-58, -92, -34, 75, -12, -63, -14, -14, 97, -258, 229, -107, 
-19, -29, -9, 24, -4, -19, 9, 9, 107, -234, 253, -87, 
-19, -39, -19, 29, 0, -29, -4, 4, 97, -248, 239, -97, 
-19, -48, -29, 34, 4, -39, -9, 0, 87, -253, 234, -97, 
-19, -58, -39, 39, 9, -48, -14, -4, 78, -258, 229, -97, 
-19, -68, -48, 43, 14, -58, -19, -9, 68, -263, 224, -97, 
-34, -68, -34, 51, 0, -51, -14, -9, 78, -263, 224, -107, 
-43, -68, -24, 56, -9, -46, -14, -9, 82, -263, 224, -97, 
-53, -82, -29, 68, -12, -56, -14, -4, 82, -263, 224, -92, 
-58, -82, -24, 70, -17, -53, -14, -4, 82, -263, 224, -87, 
-53, -87, -34, 70, -9, -61, -4, 4, 82, -258, 234, -87, 
-53, -92, -39, 73, -7, -65, -4, 4, 87, -253, 234, -92, 
-48, -92, -43, 70, -2, -68, -4, 4, 87, -244, 234, -97, 
-43, -97, -53, 70, 4, -75, -4, 4, 87, -239, 234, -102, 
-43, -92, -48, 68, 2, -70, -4, -4, 87, -253, 224, -112, 
-39, -87, -48, 63, 4, -68, -9, -4, 87, -258, 214, -117, 
-39, -78, -39, 58, 0, -58, -19, -4, 87, -268, 204, -117, 
-39, -73, -34, 56, -2, -53, -24, -4, 87, -273, 195, -117, 
-39, -73, -34, 56, -2, -53, -19, -9, 82, -268, 200, -112, 
-24, -63, -39, 43, 7, -51, -9, -4, 82, -263, 204, -107, 
-53, -48, 4, 51, -29, -21, -4, -4, 97, -258, 219, -102, 
-43, -43, 0, 43, -21, -21, 0, -4, 97, -253, 224, -87, 
-48, -53, -4, 51, -21, -29, -14, 4, 112, -248, 219, -82, 
-48, -53, -4, 51, -21, -29, -19, 4, 122, -248, 224, -82, 
-48, -53, -4, 51, -21, -29, -24, 9, 122, -239, 234, -87, 
-58, -43, 14, 51, -36, -14, -24, 9, 126, -234, 234, -92, 
-53, -43, 9, 48, -31, -17, -24, 4, 122, -239, 229, -102, 
-43, -48, -4, 46, -19, -26, -24, 4, 126, -234, 234, -97, 
-48, -39, 9, 43, -29, -14, -24, 14, 136, -229, 244, -97, 
-63, -43, 19, 53, -41, -12, -24, 14, 136, -219, 244, -82, 
-63, -24, 39, 43, -51, 7, -34, 19, 146, -214, 258, -68, 
-63, -14, 48, 39, -56, 17, -43, 19, 146, -214, 263, -63, 
-63, 0, 63, 31, -63, 31, -53, 4, 146, -214, 268, -63, 
-63, 24, 87, 19, -75, 56, -58, 4, 141, -214, 278, -63, 
-63, 14, 78, 24, -70, 46, -58, 0, 141, -214, 263, -73, 
-63, 0, 63, 31, -63, 31, -63, -4, 146, -214, 258, -73, 
-58, 0, 58, 29, -58, 29, -73, -9, 146, -219, 258, -68, 
-53, 14, 68, 19, -61, 41, -82, -24, 146, -224, 258, -68, 
-14, 39, 53, -12, -34, 46, -92, -24, 156, -214, 268, -53, 
4, 63, 58, -34, -26, 61, -102, -24, 156, -209, 278, -39, 
34, 68, 34, -51, 0, 51, -102, -19, 156, -204, 287, -19, 
43, 68, 24, -56, 9, 46, -97, -14, 151, -209, 297, -4, 
29, 48, 19, -39, 4, 34, -97, -9, 136, -214, 292, -9, 
19, 39, 19, -29, 0, 29, -97, -9, 136, -214, 292, -9, 
19, 29, 9, -24, 4, 19, -92, -9, 136, -214, 292, -9, 
14, 29, 14, -21, 0, 21, -87, -4, 141, -209, 297, 0, 
29, 39, 9, -34, 9, 24, -87, -4, 151, -214, 297, -9, 
19, 39, 19, -29, 0, 29, -87, -4, 146, -214, 292, -14, 
19, 29, 9, -24, 4, 19, -82, -4, 146, -219, 283, -19, 
24, 29, 4, -26, 9, 17, -78, -4, 141, -219, 278, -29, 
4, 9, 4, -7, 0, 7, -82, -14, 126, -239, 263, -48, 
-29, -24, 4, 26, -17, -9, -82, -14, 102, -253, 248, -53, 
-48, -43, 4, 46, -26, -19, -73, -9, 97, -258, 248, -53, 
-68, -53, 14, 61, -41, -19, -63, -9, 82, -268, 244, -53, 
-53, -39, 14, 46, -34, -12, -48, -4, 87, -258, 258, -48, 
-58, -29, 29, 43, -43, 0, -43, 0, 92, -263, 253, -48, 
-63, -48, 14, 56, -39, -17, -34, 4, 97, -268, 244, -53, 
-58, -39, 19, 48, -39, -9, -24, 9, 107, -273, 248, -48, 
-43, -29, 14, 36, -29, -7, -34, 0, 87, -283, 234, -43, 
-34, -34, 0, 34, -17, -17, -34, 0, 82, -297, 219, -53, 
-39, -43, -4, 41, -17, -24, -34, -9, 78, -302, 214, -58, 
-43, -48, -4, 46, -19, -26, -24, -9, 78, -302, 214, -58, 
-73, -68, 4, 70, -39, -31, -19, -4, 63, -312, 224, -53, 
-97, -78, 19, 87, -58, -29, -9, 0, 63, -322, 224, -58, 
-131, -102, 29, 117, -80, -36, -4, 9, 63, -322, 219, -63, 
-170, -122, 48, 146, -109, -36, 0, 14, 63, -322, 219, -63, 
-185, -141, 43, 163, -114, -48, 4, 14, 78, -307, 214, -73, 
-185, -146, 39, 165, -112, -53, 4, 14, 78, -312, 209, -78, 
-170, -156, 14, 163, -92, -70, 9, 14, 73, -307, 209, -82, 
-170, -165, 4, 168, -87, -80, 19, 19, 73, -292, 214, -87, 
-165, -146, 19, 156, -92, -63, 29, 24, 82, -292, 224, -78, 
-156, -126, 29, 141, -92, -48, 29, 34, 87, -292, 224, -73, 
-151, -112, 39, 131, -95, -36, 39, 39, 87, -297, 224, -73, 
-146, -102, 43, 124, -95, -29, 24, 39, 87, -297, 224, -78, 
-170, -112, 58, 141, -114, -26, 14, 29, 82, -297, 224, -73, 
-180, -126, 53, 153, -117, -36, 14, 29, 78, -302, 224, -73, 
-190, -131, 58, 161, -124, -36, 24, 34, 78, -302, 224, -82, 
-209, -136, 73, 173, -141, -31, 24, 34, 78, -302, 224, -82, 
-200, -122, 78, 161, -139, -21, 34, 34, 82, -292, 229, -87, 
-209, -122, 87, 165, -148, -17, 34, 34, 87, -297, 229, -87, 
-209, -122, 87, 165, -148, -17, 29, 34, 92, -297, 229, -87, 
-204, -122, 82, 163, -143, -19, 29, 34, 97, -292, 229, -92, 
-214, -131, 82, 173, -148, -24, 39, 34, 87, -302, 219, -82, 
-219, -131, 87, 175, -153, -21, 43, 34, 92, -302, 219, -82, 
-234, -131, 102, 183, -168, -14, 43, 34, 92, -302, 219, -82, 
-239, -131, 107, 185, -173, -12, 43, 34, 92, -302, 219, -82, 
-239, -131, 107, 185, -173, -12, 48, 48, 97, -297, 229, -78, 
-234, -141, 92, 187, -163, -24, 53, 58, 102, -292, 234, -78, 
-219, -141, 78, 180, -148, -31, 58, 63, 107, -287, 239, -73, 
-214, -136, 78, 175, -146, -29, 63, 68, 112, -283, 244, -68, 
-263, -136, 126, 200, -195, -4, 34, 48, 102, -302, 214, -97, 
-292, -141, 151, 217, -222, 4, 24, 34, 87, -312, 209, -107, 
-302, -175, 126, 239, -214, -24, 19, 24, 97, -302, 219, -87, 
-297, -146, 151, 222, -224, 2, 29, 24, 117, -283, 229, -73, 
-268, -82, 185, 175, -226, 51, 34, 24, 131, -258, 258, -58, 
-287, -68, 219, 178, -253, 75, 43, 43, 151, -234, 273, -39, 
-346, -87, 258, 217, -302, 85, 68, 63, 180, -219, 283, -29, 
-400, -82, 317, 241, -358, 117, 102, 87, 190, -200, 292, -9, 
-409, -87, 322, 248, -366, 117, 126, 107, 195, -204, 283, -24, 
-405, -122, 283, 263, -344, 80, 136, 117, 185, -224, 263, -53, 
-395, -126, 268, 261, -331, 70, 156, 141, 185, -229, 268, -43, 
-356, -141, 214, 248, -285, 36, 185, 195, 195, -200, 322, -9, 
-287, -195, 92, 241, -190, -51, 219, 283, 204, -180, 346, 24, 
-209, -234, -24, 222, -92, -129, 234, 385, 209, -190, 346, 19, 
-107, -234, -126, 170, 9, -180, 258, 517, 224, -175, 356, 24, 
4, -239, -244, 117, 124, -241, 297, 692, 283, -122, 424, 82, 
151, -224, -375, 36, 263, -300, 326, 854, 351, -48, 512, 180, 
351, -136, -488, -107, 419, -312, 292, 951, 414, 29, 614, 292, 
561, 4, -556, -283, 558, -275, 204, 946, 463, 112, 732, 419, 
727, 117, -610, -422, 668, -246, 97, 897, 453, 146, 819, 531, 
834, 175, -658, -505, 746, -241, 4, 819, 375, 117, 839, 585, 
868, 209, -658, -539, 763, -224, -63, 717, 283, 63, 819, 605, 
849, 200, -649, -524, 749, -224, -102, 575, 170, -43, 722, 546, 
771, 126, -644, -448, 707, -258, -107, 414, 24, -204, 551, 405, 
639, -19, -658, -309, 649, -339, -78, 292, -131, -380, 326, 195, 
483, -200, -683, -141, 583, -441, -19, 204, -302, -585, 82, -48, 
322, -312, -634, -4, 478, -473, 9, 58, -414, -741, -112, -244, 
161, -336, -497, 87, 329, -417, -4, -107, -453, -785, -190, -322, 
29, -366, -395, 168, 212, -380, 19, -170, -434, -775, -185, -336, 
-63, -409, -346, 236, 141, -378, 97, -122, -375, -746, -170, -341, 
-102, -405, -302, 253, 100, -353, 151, -53, -331, -707, -141, -341, 
-170, -375, -204, 273, 17, -290, 161, -34, -292, -673, -126, -341, 
-253, -351, -97, 302, -78, -224, 156, -14, -239, -629, -92, -312, 
-258, -287, -29, 273, -114, -158, 141, 34, -161, -551, -14, -248, 
-219, -200, 19, 209, -119, -90, 112, 102, -82, -458, 73, -175, 
-209, -146, 63, 178, -136, -41, 78, 126, -19, -385, 146, -136, 
-200, -102, 97, 151, -148, -2, 48, 112, 29, -341, 185, -112, 
-185, -107, 78, 146, -131, -14, 24, 102, 53, -322, 204, -107, 
-195, -146, 48, 170, -122, -48, 14, 102, 68, -312, 219, -87, 
-204, -161, 43, 183, -124, -58, 34, 102, 87, -297, 229, -78, 
-200, -146, 53, 173, -126, -46, 34, 107, 107, -278, 239, -68, 
-209, -136, 73, 173, -141, -31, 39, 107, 117, -273, 244, -58, 
-234, -126, 107, 180, -170, -9, 43, 107, 131, -273, 244, -53, 
-234, -122, 112, 178, -173, -4, 53, 102, 131, -273, 248, -43, 
-253, -141, 112, 197, -183, -14, 29, 87, 117, -278, 244, -43, 
-287, -151, 136, 219, -212, -7, 29, 68, 112, -287, 239, -43, 
-297, -146, 151, 222, -224, 2, 29, 58, 97, -292, 234, -43, 
-307, -156, 151, 231, -229, -2, 29, 53, 92, -292, 229, -48, 
-317, -146, 170, 231, -244, 12, 34, 48, 122, -273, 248, -39, 
-322, -136, 185, 229, -253, 24, 34, 53, 131, -258, 258, -34, 
-326, -122, 204, 224, -265, 41, 39, 58, 141, -253, 268, -34, 
-326, -112, 214, 219, -270, 51, 43, 63, 146, -248, 278, -34, 
-331, -112, 219, 222, -275, 53, 39, 48, 131, -253, 273, -48, 
-317, -112, 204, 214, -261, 46, 34, 48, 126, -263, 258, -58, 
-302, -117, 185, 209, -244, 34, 29, 48, 117, -273, 244, -73, 
-297, -117, 180, 207, -239, 31, 24, 39, 112, -283, 239, -73, 
-302, -112, 190, 207, -246, 39, 24, 39, 122, -283, 244, -68, 
-302, -107, 195, 204, -248, 43, 24, 39, 126, -273, 253, -58, 
-302, -102, 200, 202, -251, 48, 24, 43, 126, -273, 258, -53, 
-302, -97, 204, 200, -253, 53, 24, 48, 126, -263, 263, -48, 
-273, -112, 161, 192, -217, 24, 24, 58, 126, -253, 268, -43, 
-258, -112, 146, 185, -202, 17, 24, 58, 131, -253, 283, -43, 
-273, -102, 170, 187, -222, 34, 29, 58, 136, -253, 287, -43, 
-268, -102, 165, 185, -217, 31, 39, 58, 136, -253, 292, -39, 
-253, -78, 175, 165, -214, 48, 29, 48, 126, -253, 283, -48, 
-244, -78, 165, 161, -204, 43, 29, 48, 126, -253, 278, -53, 
-244, -87, 156, 165, -200, 34, 24, 53, 126, -258, 278, -53, 
-244, -92, 151, 168, -197, 29, 14, 53, 117, -268, 283, -53, 
-244, -82, 161, 163, -202, 39, 19, 39, 117, -278, 273, -63, 
-244, -82, 161, 163, -202, 39, 19, 39, 122, -273, 278, -58, 
-248, -82, 165, 165, -207, 41, 24, 39, 131, -258, 278, -53, 
-263, -82, 180, 173, -222, 48, 24, 39, 131, -258, 278, -53, 
-253, -92, 161, 173, -207, 34, 14, 48, 117, -268, 268, -73, 
-248, -92, 156, 170, -202, 31, 9, 43, 117, -278, 263, -78, 
-239, -82, 156, 161, -197, 36, 9, 43, 117, -278, 258, -82, 
-229, -82, 146, 156, -187, 31, 9, 43, 117, -278, 258, -87, 
-258, -102, 156, 180, -207, 26, 9, 39, 112, -283, 248, -87, 
-263, -112, 151, 187, -207, 19, 4, 34, 112, -283, 248, -78, 
-253, -117, 136, 185, -195, 9, 0, 29, 107, -287, 248, -78, 
-258, -122, 136, 190, -197, 7, -4, 29, 102, -287, 253, -73, 
-244, -107, 136, 175, -190, 14, -9, 19, 102, -292, 258, -68, 
-229, -107, 122, 168, -175, 7, -14, 19, 102, -278, 263, -73, 
-248, -107, 141, 178, -195, 17, -14, 19, 107, -273, 263, -68, 
-253, -107, 146, 180, -200, 19, -14, 19, 107, -273, 273, -68, 
-239, -97, 141, 168, -190, 21, -14, 14, 102, -268, 273, -78, 
-219, -92, 126, 156, -173, 17, -14, 9, 102, -273, 273, -68, 
-195, -82, 112, 139, -153, 14, -14, 4, 102, -273, 273, -68, 
-161, -68, 92, 114, -126, 12, -14, 0, 102, -268, 273, -68, 
-180, -73, 107, 126, -143, 17, -14, 4, 112, -268, 273, -58, 
-190, -82, 107, 136, -148, 12, -14, 9, 112, -268, 278, -58, 
-190, -87, 102, 139, -146, 7, -14, 19, 117, -268, 283, -48, 
-175, -82, 92, 129, -134, 4, -14, 29, 126, -258, 287, -39, 
-175, -68, 107, 122, -141, 19, -14, 19, 122, -258, 278, -48, 
-175, -78, 97, 126, -136, 9, -19, 14, 112, -268, 278, -53, 
-185, -73, 112, 129, -148, 19, -19, 4, 102, -268, 278, -63, 
-190, -63, 126, 126, -158, 31, -34, 4, 92, -268, 273, -68, 
-175, -63, 112, 119, -143, 24, -34, 4, 92, -278, 268, -78, 
-156, -58, 97, 107, -126, 19, -29, 4, 92, -273, 268, -78, 
-151, -82, 68, 117, -109, -7, -29, 4, 92, -273, 268, -78, 
-170, -102, 68, 136, -119, -17, -43, 4, 92, -278, 268, -78, 
-165, -102, 63, 134, -114, -19, -43, 19, 97, -278, 273, -68, 
-165, -102, 63, 134, -114, -19, -39, 19, 97, -273, 273, -68, 
-165, -102, 63, 134, -114, -19, -34, 19, 97, -273, 273, -68, 
-161, -92, 68, 126, -114, -12, -34, 19, 97, -273, 278, -68, 
-146, -78, 68, 112, -107, -4, -29, 24, 107, -263, 283, -68, 
-146, -87, 58, 117, -102, -14, -19, 24, 107, -263, 283, -73, 
-141, -82, 58, 112, -100, -12, -14, 24, 107, -263, 287, -73, 
-122, -78, 43, 100, -82, -17, -14, 24, 102, -263, 287, -73, 
-117, -58, 58, 87, -87, 0, -29, 24, 112, -263, 292, -58, 
-102, -53, 48, 78, -75, -2, -29, 24, 107, -263, 292, -58, 
-87, -34, 53, 61, -70, 9, -24, 24, 107, -258, 297, -53, 
-82, -29, 53, 56, -68, 12, -24, 24, 107, -253, 297, -48, 
-82, -53, 29, 68, -56, -12, -19, 14, 107, -263, 297, -58, 
-82, -48, 34, 65, -58, -7, -19, 24, 112, -253, 297, -58, 
-73, -53, 19, 63, -46, -17, -19, 24, 122, -248, 297, -53, 
-63, -53, 9, 58, -36, -21, -29, 24, 122, -248, 297, -53, 
-63, -39, 24, 51, -43, -7, -43, 14, 117, -253, 283, -78, 
-48, -39, 9, 43, -29, -14, -48, 14, 112, -258, 278, -78, 
-48, -39, 9, 43, -29, -14, -53, 14, 107, -258, 278, -68, 
-39, -34, 4, 36, -21, -14, -63, 14, 107, -258, 283, -63, 
-58, -48, 9, 53, -34, -19, -68, 9, 92, -258, 283, -73, 
-68, -68, 0, 68, -34, -34, -78, 4, 82, -273, 278, -78, 
-73, -87, -14, 80, -29, -51, -82, 0, 78, -283, 268, -82, 
-82, -107, -24, 95, -29, -65, -87, -4, 73, -287, 258, -87, 
-58, -92, -34, 75, -12, -63, -82, -4, 78, -283, 268, -73, 
-58, -78, -19, 68, -19, -48, -78, 0, 82, -273, 268, -73, 
-29, -53, -24, 41, -2, -39, -78, 0, 82, -268, 268, -73, 
0, -39, -39, 19, 19, -39, -82, -4, 87, -263, 268, -73, 
0, -39, -39, 19, 19, -39, -78, 4, 97, -263, 268, -63, 
4, -34, -39, 14, 21, -36, -87, -4, 92, -263, 263, -63, 
9, -29, -39, 9, 24, -34, -87, -4, 92, -263, 268, -63, 
9, -29, -39, 9, 24, -34, -87, -4, 92, -263, 278, -48, 
29, -34, -63, 2, 46, -48, -92, -14, 82, -263, 278, -58, 
29, -43, -73, 7, 51, -58, -102, -19, 78, -268, 278, -58, 
29, -48, -78, 9, 53, -63, -107, -19, 78, -268, 278, -58, 
34, -53, -87, 9, 61, -70, -107, -9, 82, -263, 287, -48, 
34, -39, -73, 2, 53, -56, -117, -9, 97, -244, 297, -39, 
34, -34, -68, 0, 51, -51, -122, -9, 97, -244, 297, -34, 
29, -29, -58, 0, 43, -43, -122, -9, 102, -253, 292, -39, 
24, -19, -43, -2, 34, -31, -122, -9, 102, -253, 292, -34, 
53, -24, -78, -14, 65, -51, -117, -29, 87, -248, 283, -34, 
53, -29, -82, -12, 68, -56, -122, -29, 82, -244, 283, -39, 
48, -43, -92, -2, 70, -68, -122, -29, 82, -244, 283, -39, 
48, -48, -97, 0, 73, -73, -122, -34, 92, -244, 287, -39, 
53, -39, -92, -7, 73, -65, -131, -43, 87, -258, 278, -53, 
68, -34, -102, -17, 85, -68, -136, -39, 78, -263, 278, -63, 
92, -39, -131, -26, 112, -85, -141, -39, 73, -263, 278, -68, 
102, -34, -136, -34, 119, -85, -146, -39, 68, -263, 278, -73, 
107, -14, -122, -46, 114, -68, -136, -34, 82, -253, 287, -58, 
112, -4, -117, -53, 114, -61, -136, -29, 82, -253, 287, -53, 
117, -14, -131, -51, 124, -73, -146, -34, 82, -258, 273, -48, 
122, -14, -136, -53, 129, -75, -146, -39, 73, -258, 273, -43, 
131, 0, -131, -65, 131, -65, -151, -58, 68, -248, 268, -39, 
136, 0, -136, -68, 136, -68, -156, -63, 63, -248, 268, -39, 
151, -4, -156, -73, 153, -80, -165, -68, 63, -248, 268, -43, 
156, -14, -170, -70, 163, -92, -170, -73, 63, -248, 258, -48, 
156, -19, -175, -68, 165, -97, -170, -58, 53, -253, 263, -48, 
156, -19, -175, -68, 165, -97, -170, -58, 53, -263, 263, -43, 
156, -24, -180, -65, 168, -102, -170, -58, 48, -268, 258, -39, 
156, -29, -185, -63, 170, -107, -165, -58, 48, -268, 258, -29, 
170, -29, -200, -70, 185, -114, -161, -68, 53, -263, 263, -24, 
170, -19, -190, -75, 180, -104, -161, -68, 53, -268, 258, -24, 
165, -14, -180, -75, 173, -97, -161, -68, 53, -268, 248, -19, 
151, -4, -156, -73, 153, -80, -161, -68, 53, -268, 244, -19, 
136, -19, -156, -58, 146, -87, -156, -78, 53, -268, 239, -24, 
126, -34, -161, -46, 143, -97, -146, -78, 53, -268, 239, -29, 
117, -43, -161, -36, 139, -102, -141, -78, 53, -263, 229, -34, 
107, -48, -156, -29, 131, -102, -136, -68, 53, -258, 224, -34, 
112, -63, -175, -24, 143, -119, -136, -63, 48, -263, 219, -43, 
102, -82, -185, -9, 143, -134, -131, -58, 53, -258, 219, -48, 
97, -87, -185, -4, 141, -136, -126, -58, 53, -263, 219, -48, 
102, -92, -195, -4, 148, -143, -126, -58, 48, -273, 219, -48, 
126, -87, -214, -19, 170, -151, -126, -53, 53, -263, 214, -48, 
122, -82, -204, -19, 163, -143, -122, -53, 53, -268, 209, -43, 
126, -87, -214, -19, 170, -151, -117, -48, 48, -268, 209, -48, 
131, -82, -214, -24, 173, -148, -112, -48, 48, -273, 209, -43, 
131, -87, -219, -21, 175, -153, -112, -48, 39, -287, 190, -39, 
122, -92, -214, -14, 168, -153, -112, -48, 39, -292, 180, -48, 
117, -102, -219, -7, 168, -161, -112, -43, 39, -292, 175, -48, 
117, -102, -219, -7, 168, -161, -112, -43, 39, -292, 175, -43, 
122, -107, -229, -7, 175, -168, -112, -43, 29, -292, 165, -43, 
136, -107, -244, -14, 190, -175, -112, -43, 29, -292, 165, -39, 
146, -112, -258, -17, 202, -185, -112, -48, 24, -292, 170, -39, 
146, -112, -258, -17, 202, -185, -112, -58, 19, -292, 170, -53, 
146, -102, -248, -21, 197, -175, -102, -48, 24, -278, 170, -43, 
146, -92, -239, -26, 192, -165, -102, -48, 29, -278, 165, -34, 
141, -87, -229, -26, 185, -158, -107, -48, 24, -278, 165, -29, 
136, -78, -214, -29, 175, -146, -107, -53, 29, -273, 165, -24, 
151, -78, -229, -36, 190, -153, -117, -63, 29, -268, 175, -9, 
146, -78, -224, -34, 185, -151, -112, -63, 29, -273, 175, -9, 
151, -78, -229, -36, 190, -153, -112, -63, 29, -273, 175, -4, 
151, -78, -229, -36, 190, -153, -102, -53, 39, -263, 180, 9, 
156, -78, -234, -39, 195, -156, -107, -58, 34, -263, 175, 24, 
156, -73, -229, -41, 192, -151, -112, -63, 24, -268, 170, 24, 
165, -73, -239, -46, 202, -156, -117, -68, 19, -263, 165, 24, 
165, -73, -239, -46, 202, -156, -122, -73, 19, -268, 165, 29, 
151, -92, -244, -29, 197, -168, -112, -68, 29, -258, 175, 39, 
151, -107, -258, -21, 204, -183, -112, -63, 29, -263, 175, 39, 
146, -117, -263, -14, 204, -190, -107, -58, 29, -263, 175, 39, 
131, -131, -263, 0, 197, -197, -107, -53, 24, -263, 170, 39, 
141, -131, -273, -4, 207, -202, -112, -48, 14, -278, 161, 39, 
141, -131, -273, -4, 207, -202, -112, -48, 14, -278, 151, 34, 
161, -126, -287, -17, 224, -207, -112, -48, 14, -273, 146, 29, 
175, -126, -302, -24, 239, -214, -112, -48, 14, -273, 146, 24, 
165, -126, -292, -19, 229, -209, -112, -58, 19, -273, 136, 14, 
165, -122, -287, -21, 226, -204, -117, -63, 14, -273, 131, 14, 
156, -117, -273, -19, 214, -195, -117, -68, 14, -273, 126, 14, 
136, -107, -244, -14, 190, -175, -126, -73, 14, -273, 122, 9, 
146, -102, -248, -21, 197, -175, -136, -73, 4, -263, 126, 19, 
161, -102, -263, -29, 212, -183, -131, -68, 9, -263, 131, 29, 
161, -102, -263, -29, 212, -183, -126, -68, 9, -263, 141, 43, 
136, -112, -248, -12, 192, -180, -122, -68, 9, -263, 151, 53, 
146, -122, -268, -12, 207, -195, -122, -68, 9, -253, 146, 58, 
151, -117, -268, -17, 209, -192, -126, -73, 9, -258, 146, 58, 
165, -117, -283, -24, 224, -200, -126, -73, 9, -258, 136, 63, 
170, -97, -268, -36, 219, -183, -131, -73, 9, -258, 131, 73, 
165, -97, -263, -34, 214, -180, -122, -63, 19, -253, 131, 78, 
156, -102, -258, -26, 207, -180, -117, -63, 19, -244, 136, 82, 
146, -102, -248, -21, 197, -175, -117, -63, 19, -239, 141, 87, 
136, -102, -239, -17, 187, -170, -117, -63, 19, -234, 146, 92, 
122, -117, -239, -2, 180, -178, -126, -68, 9, -234, 136, 82, 
102, -131, -234, 14, 168, -183, -131, -73, 9, -239, 136, 82, 
92, -136, -229, 21, 161, -183, -136, -73, 4, -239, 136, 82, 
82, -141, -224, 29, 153, -183, -146, -73, 4, -248, 131, 78, 
102, -131, -234, 14, 168, -183, -141, -87, -4, -253, 122, 68, 
122, -122, -244, 0, 183, -183, -141, -87, -4, -253, 117, 68, 
151, -112, -263, -19, 207, -187, -136, -82, 0, -253, 117, 68, 
180, -102, -283, -39, 231, -192, -136, -82, 0, -253, 117, 68, 
175, -112, -287, -31, 231, -200, -122, -68, 14, -239, 126, 82, 
165, -112, -278, -26, 222, -195, -117, -63, 19, -229, 131, 92, 
141, -107, -248, -17, 195, -178, -112, -58, 24, -224, 141, 102, 
136, -107, -244, -14, 190, -175, -107, -53, 29, -214, 151, 112, 
175, -92, -268, -41, 222, -180, -117, -63, 29, -204, 161, 131, 
200, -87, -287, -56, 244, -187, -117, -68, 24, -204, 161, 136, 
209, -73, -283, -68, 246, -178, -117, -68, 24, -209, 151, 146, 
214, -68, -283, -73, 248, -175, -117, -68, 24, -214, 151, 156, 
185, -92, -278, -46, 231, -185, -117, -68, 24, -214, 136, 156, 
170, -102, -273, -34, 222, -187, -117, -63, 24, -209, 146, 151, 
161, -107, -268, -26, 214, -187, -117, -63, 19, -204, 146, 146, 
156, -112, -268, -21, 212, -190, -117, -63, 14, -204, 146, 146, 
180, -107, -287, -36, 234, -197, -131, -82, 14, -209, 126, 161, 
151, -102, -253, -24, 202, -178, -122, -73, 24, -200, 126, 161, 
131, -112, -244, -9, 187, -178, -117, -53, 34, -190, 146, 180, 
136, -122, -258, -7, 197, -190, -126, -63, 24, -190, 141, 180, 
156, -97, -253, -29, 204, -175, -126, -68, 19, -195, 136, 175, 
175, -87, -263, -43, 219, -175, -117, -58, 19, -195, 136, 180, 
185, -78, -263, -53, 224, -170, -117, -58, 19, -195, 136, 185, 
195, -68, -263, -63, 229, -165, -117, -58, 19, -195, 136, 190, 
204, -58, -263, -73, 234, -161, -117, -58, 19, -195, 136, 195, 
195, -68, -263, -63, 229, -165, -126, -63, 9, -185, 126, 204, 
190, -68, -258, -61, 224, -163, -131, -68, 14, -185, 126, 214, 
185, -82, -268, -51, 226, -175, -136, -68, 14, -185, 126, 219, 
185, -82, -268, -51, 226, -175, -141, -73, 14, -185, 126, 224, 
175, -97, -273, -39, 224, -185, -131, -73, 14, -175, 136, 229, 
170, -102, -273, -34, 222, -187, -131, -73, 19, -175, 136, 229, 
170, -102, -273, -34, 222, -187, -131, -73, 19, -170, 136, 229, 
170, -107, -278, -31, 224, -192, -131, -73, 19, -170, 136, 229, 
161, -117, -278, -21, 219, -197, -122, -68, 29, -170, 126, 219, 
156, -117, -273, -19, 214, -195, -117, -63, 29, -170, 126, 214, 
146, -112, -258, -17, 202, -185, -117, -58, 29, -175, 126, 214, 
136, -112, -248, -12, 192, -180, -112, -53, 29, -175, 126, 214, 
156, -122, -278, -17, 217, -200, -122, -48, 29, -180, 122, 219, 
180, -112, -292, -34, 236, -202, -117, -43, 24, -175, 117, 224, 
161, -97, -258, -31, 209, -178, -117, -43, 34, -170, 122, 229, 
180, -92, -273, -43, 226, -183, -117, -43, 29, -165, 117, 244, 
170, -87, -258, -41, 214, -173, -122, -53, 29, -170, 112, 263, 
165, -82, -248, -41, 207, -165, -126, -63, 34, -170, 117, 268, 
161, -78, -239, -41, 200, -158, -131, -68, 29, -161, 126, 268, 
146, -63, -209, -41, 178, -136, -131, -78, 29, -156, 126, 268, 
185, -48, -234, -68, 209, -141, -117, -58, 48, -141, 131, 278, 
209, -39, -248, -85, 229, -143, -112, -53, 58, -126, 146, 292, 
219, -14, -234, -102, 226, -124, -107, -39, 73, -112, 165, 302, 
219, -4, -224, -107, 222, -114, -102, -34, 78, -92, 175, 326, 
214, 0, -214, -107, 214, -107, -112, -39, 87, -87, 175, 346, 
209, -4, -214, -102, 212, -109, -122, -39, 87, -87, 175, 346, 
204, -4, -209, -100, 207, -107, -131, -53, 87, -87, 175, 341, 
200, 4, -195, -102, 197, -95, -136, -53, 82, -87, 180, 336, 
209, 0, -209, -104, 209, -104, -141, -63, 73, -87, 165, 346, 
209, -19, -229, -95, 219, -124, -151, -63, 78, -87, 161, 346, 
214, -24, -239, -95, 226, -131, -165, -63, 78, -92, 161, 351, 
219, -14, -234, -102, 226, -124, -180, -73, 78, -97, 161, 351, 
244, 14, -229, -129, 236, -107, -185, -68, 92, -82, 175, 366, 
258, 43, -214, -151, 236, -85, -200, -73, 97, -73, 180, 370, 
283, 53, -229, -168, 256, -87, -204, -73, 102, -63, 185, 380, 
287, 58, -229, -173, 258, -85, -204, -73, 102, -63, 190, 385, 
302, 63, -239, -183, 270, -87, -204, -68, 97, -58, 195, 390, 
312, 68, -244, -190, 278, -87, -204, -68, 97, -58, 195, 400, 
331, 73, -258, -202, 295, -92, -200, -68, 97, -58, 195, 409, 
346, 87, -258, -217, 302, -85, -195, -63, 102, -53, 200, 429, 
356, 78, -278, -217, 317, -100, -200, -68, 102, -48, 200, 434, 
341, 78, -263, -209, 302, -92, -204, -73, 97, -48, 195, 434, 
336, 68, -268, -202, 302, -100, -204, -78, 97, -53, 185, 434, 
336, 68, -268, -202, 302, -100, -204, -82, 92, -53, 180, 429, 
302, 43, -258, -173, 280, -107, -200, -92, 82, -63, 165, 429, 
263, 4, -258, -134, 261, -126, -200, -92, 63, -78, 151, 424, 
239, -19, -258, -109, 248, -139, -190, -87, 63, -82, 151, 424, 
214, -34, -248, -90, 231, -141, -180, -87, 53, -92, 146, 424, 
244, -14, -258, -114, 251, -136, -170, -87, 43, -97, 136, 414, 
253, -9, -263, -122, 258, -136, -170, -87, 34, -107, 126, 409, 
263, -34, -297, -114, 280, -165, -165, -87, 24, -117, 112, 400, 
283, -29, -312, -126, 297, -170, -161, -87, 19, -126, 112, 400, 
278, -39, -317, -119, 297, -178, -161, -97, 14, -112, 117, 414, 
278, -53, -331, -112, 305, -192, -161, -97, 14, -122, 102, 405, 
263, -73, -336, -95, 300, -204, -161, -107, 14, -122, 97, 400, 
248, -87, -336, -80, 292, -212, -151, -107, 19, -117, 97, 400, 
244, -92, -336, -75, 290, -214, -156, -102, 4, -117, 97, 385, 
234, -97, -331, -68, 283, -214, -146, -97, 4, -126, 97, 380, 
214, -117, -331, -48, 273, -224, -141, -87, 4, -126, 92, 375, 
190, -131, -322, -29, 256, -226, -136, -82, 4, -126, 92, 375, 
175, -136, -312, -19, 244, -224, -126, -82, 19, -117, 97, 375, 
165, -136, -302, -14, 234, -219, -122, -82, 19, -126, 92, 380, 
170, -141, -312, -14, 241, -226, -112, -82, 14, -126, 92, 385, 
161, -146, -307, -7, 234, -226, -97, -78, 14, -117, 97, 390, 
175, -136, -312, -19, 244, -224, -87, -58, 24, -112, 87, 400, 
185, -117, -302, -34, 244, -209, -87, -43, 29, -107, 87, 405, 
190, -102, -292, -43, 241, -197, -78, -34, 29, -107, 87, 405, 
195, -92, -287, -51, 241, -190, -92, -29, 29, -102, 87, 400, 
175, -122, -297, -26, 236, -209, -107, -48, 9, -117, 63, 380, 
170, -146, -317, -12, 244, -231, -112, -58, 0, -126, 58, 375, 
165, -161, -326, -2, 246, -244, -107, -63, -4, -131, 53, 361, 
151, -175, -326, 12, 239, -251, -112, -73, -9, -136, 48, 356, 
170, -161, -331, -4, 251, -246, -112, -73, -9, -126, 53, 366, 
170, -151, -322, -9, 246, -236, -112, -73, -9, -131, 53, 370, 
180, -141, -322, -19, 251, -231, -117, -73, -9, -131, 53, 375, 
195, -131, -326, -31, 261, -229, -117, -73, -9, -126, 53, 375, 
219, -117, -336, -51, 278, -226, -102, -58, 4, -107, 73, 390, 
229, -112, -341, -58, 285, -226, -92, -53, 14, -97, 82, 405, 
229, -107, -336, -61, 283, -222, -87, -48, 19, -87, 92, 419, 
239, -102, -341, -68, 290, -222, -82, -43, 24, -78, 102, 434, 
214, -107, -322, -53, 268, -214, -82, -53, 14, -87, 102, 424, 
204, -122, -326, -41, 265, -224, -82, -48, 14, -87, 97, 419, 
204, -126, -331, -39, 268, -229, -82, -48, 14, -87, 92, 419, 
195, -126, -322, -34, 258, -224, -82, -48, 14, -87, 87, 419, 
156, -126, -283, -14, 219, -204, -73, -29, 43, -68, 97, 429, 
156, -112, -268, -21, 212, -190, -82, -43, 39, -68, 92, 419, 
175, -97, -273, -39, 224, -185, -97, -53, 19, -78, 82, 409, 
190, -97, -287, -46, 239, -192, -107, -63, 19, -78, 82, 414, 
219, -53, -273, -82, 246, -163, -102, -53, 43, -53, 102, 439, 
229, -29, -258, -100, 244, -143, -102, -53, 82, -29, 126, 448, 
170, -58, -229, -56, 200, -143, -107, -53, 92, -14, 126, 448, 
156, -53, -209, -51, 183, -131, -92, -39, 92, -4, 126, 448, 
204, -48, -253, -78, 229, -151, -68, -19, 87, -9, 126, 444, 
209, -102, -312, -53, 261, -207, -58, 0, 97, -19, 117, 434, 
170, -136, -307, -17, 239, -222, -29, 34, 97, -14, 122, 424, 
161, -141, -302, -9, 231, -222, -9, 58, 97, -4, 117, 429, 
180, -126, -307, -26, 244, -217, -4, 87, 87, -4, 141, 444, 
258, -136, -395, -61, 326, -265, 0, 131, 82, 4, 170, 478, 
351, -156, -507, -97, 429, -331, 24, 204, 87, 19, 200, 502, 
414, -209, -624, -102, 519, -417, 43, 312, 87, 24, 219, 531, 
531, -224, -756, -153, 644, -490, 63, 434, 97, 29, 229, 551, 
702, -214, -917, -244, 810, -566, 87, 580, 122, 58, 263, 595, 
863, -190, -1054, -336, 958, -622, 97, 732, 161, 112, 331, 663, 
1019, -136, -1156, -441, 1088, -646, 58, 839, 200, 156, 400, 756, 
1215, -39, -1254, -588, 1234, -646, -14, 858, 229, 204, 478, 849, 
1454, 131, -1322, -793, 1388, -595, -122, 795, 224, 229, 536, 927, 
1620, 248, -1371, -934, 1495, -561, -239, 683, 161, 200, 527, 946, 
1639, 253, -1385, -946, 1512, -566, -312, 531, 53, 107, 463, 893, 
1556, 214, -1342, -885, 1449, -563, -322, 380, -53, 9, 356, 810, 
1439, 180, -1259, -810, 1349, -539, -263, 253, -126, -87, 219, 663, 
1278, 48, -1229, -663, 1254, -590, -165, 165, -229, -234, 14, 448, 
1019, -122, -1141, -448, 1080, -631, -82, 48, -326, -375, -180, 253, 
722, -229, -951, -246, 836, -590, -48, -92, -385, -444, -283, 161, 
492, -273, -766, -109, 629, -519, -39, -229, -395, -453, -317, 126, 
346, -336, -683, -4, 514, -509, -43, -307, -400, -463, -336, 107, 
258, -375, -634, 58, 446, -505, -14, -317, -390, -458, -331, 87, 
204, -370, -575, 82, 390, -473, 9, -297, -356, -434, -317, 97, 
161, -346, -507, 92, 334, -427, 14, -268, -326, -414, -287, 122, 
141, -317, -458, 87, 300, -387, 4, -229, -287, -370, -248, 156, 
161, -263, -424, 51, 292, -344, -9, -146, -214, -287, -156, 234, 
200, -200, -400, 0, 300, -300, -48, -53, -136, -204, -68, 317, 
292, -126, -419, -82, 356, -273, -82, -14, -102, -156, -19, 351, 
351, -87, -439, -131, 395, -263, -102, -14, -78, -126, 4, 370, 
341, -102, -444, -119, 392, -273, -112, -14, -58, -112, 14, 380, 
322, -112, -434, -104, 378, -273, -112, -14, -58, -112, 9, 380, 
307, -117, -424, -95, 366, -270, -107, -19, -48, -107, 9, 380, 
278, -122, -400, -78, 339, -261, -102, -24, -34, -107, 4, 375, 
273, -131, -405, -70, 339, -268, -92, -34, -34, -107, 4, 375, 
287, -122, -409, -82, 348, -265, -107, -24, -24, -97, 19, 390, 
278, -112, -390, -82, 334, -251, -107, -39, -24, -92, 24, 395, 
292, -87, -380, -102, 336, -234, -107, -43, -34, -82, 29, 400, 
307, -78, -385, -114, 346, -231, -107, -43, -34, -68, 34, 400, 
283, -97, -380, -92, 331, -239, -122, -68, -29, -63, 39, 409, 
253, -107, -361, -73, 307, -234, -131, -73, -24, -53, 43, 414, 
224, -112, -336, -56, 280, -224, -136, -78, -19, -53, 48, 414, 
200, -122, -322, -39, 261, -222, -141, -82, -19, -53, 53, 414, 
195, -112, -307, -41, 251, -209, -131, -73, -9, -43, 63, 424, 
200, -102, -302, -48, 251, -202, -122, -68, 0, -39, 63, 419, 
204, -97, -302, -53, 253, -200, -112, -63, 4, -34, 63, 409, 
200, -87, -287, -56, 244, -187, -102, -68, 14, -29, 73, 414, 
214, -73, -287, -70, 251, -180, -112, -68, 4, -29, 68, 405, 
224, -68, -292, -78, 258, -180, -112, -68, 9, -19, 68, 409, 
234, -63, -297, -85, 265, -180, -112, -63, 9, -19, 63, 409, 
244, -58, -302, -92, 273, -180, -112, -58, 9, -9, 58, 409, 
248, -78, -326, -85, 287, -202, -122, -68, -4, -24, 53, 400, 
248, -92, -341, -78, 295, -217, -122, -68, -4, -29, 58, 395, 
219, -97, -317, -61, 268, -207, -117, -68, -4, -34, 53, 390, 
209, -112, -322, -48, 265, -217, -107, -68, -9, -39, 48, 390, 
204, -112, -317, -46, 261, -214, -107, -68, -4, -34, 58, 390, 
204, -117, -322, -43, 263, -219, -107, -68, 0, -29, 53, 385, 
195, -131, -326, -31, 261, -229, -112, -63, 4, -29, 53, 385, 
185, -141, -326, -21, 256, -234, -122, -63, 0, -34, 58, 385, 
175, -151, -326, -12, 251, -239, -126, -78, -4, -43, 53, 370, 
175, -151, -326, -12, 251, -239, -126, -78, -4, -39, 53, 370, 
170, -151, -322, -9, 246, -236, -122, -78, 0, -24, 48, 370, 
156, -151, -307, -2, 231, -229, -122, -78, -4, -24, 43, 366, 
175, -141, -317, -17, 246, -229, -122, -78, -9, -29, 48, 366, 
190, -131, -322, -29, 256, -226, -126, -82, -9, -34, 48, 370, 
209, -112, -322, -48, 265, -217, -126, -82, -9, -29, 48, 375, 
229, -102, -331, -63, 280, -217, -126, -82, -9, -24, 53, 380, 
219, -92, -312, -63, 265, -202, -122, -73, -9, -24, 53, 390, 
234, -92, -326, -70, 280, -209, -122, -73, -4, -19, 53, 400, 
263, -87, -351, -87, 307, -219, -122, -73, -4, -19, 53, 400, 
278, -82, -361, -97, 319, -222, -122, -68, -4, -14, 58, 405, 
268, -92, -361, -87, 314, -226, -126, -58, -4, -19, 53, 405, 
278, -97, -375, -90, 326, -236, -131, -58, -4, -4, 58, 405, 
253, -102, -356, -75, 305, -229, -131, -58, 0, 0, 58, 414, 
244, -107, -351, -68, 297, -229, -131, -58, 0, 0, 68, 419, 
224, -102, -326, -61, 275, -214, -117, -48, 9, 9, 73, 434, 
219, -102, -322, -58, 270, -212, -112, -48, 14, 9, 78, 448, 
219, -97, -317, -61, 268, -207, -107, -48, 19, 14, 82, 453, 
229, -87, -317, -70, 273, -202, -102, -48, 24, 24, 87, 458, 
214, -82, -297, -65, 256, -190, -107, -58, 19, 19, 78, 439, 
209, -82, -292, -63, 251, -187, -112, -58, 14, 14, 73, 429, 
214, -78, -292, -68, 253, -185, -117, -53, 14, 9, 68, 429, 
234, -63, -297, -85, 265, -180, -122, -48, 19, 14, 63, 429, 
234, -63, -297, -85, 265, -180, -112, -39, 29, 24, 63, 419, 
234, -78, -312, -78, 273, -195, -117, -43, 24, 14, 63, 414, 
224, -78, -302, -73, 263, -190, -117, -53, 19, 14, 63, 405, 
219, -73, -292, -73, 256, -183, -131, -53, 14, 14, 58, 400, 
224, -68, -292, -78, 258, -180, -141, -63, 14, 14, 58, 409, 
244, -58, -302, -92, 273, -180, -136, -63, 14, 19, 63, 409, 
248, -78, -326, -85, 287, -202, -136, -63, 14, 19, 68, 409, 
229, -92, -322, -68, 275, -207, -151, -63, 14, 14, 73, 409, 
234, -102, -336, -65, 285, -219, -151, -68, 14, 24, 82, 409, 
234, -102, -336, -65, 285, -219, -146, -68, 9, 29, 78, 409, 
234, -102, -336, -65, 285, -219, -141, -68, 4, 29, 73, 409, 
239, -92, -331, -73, 285, -212, -141, -68, 0, 29, 73, 409, 
248, -92, -341, -78, 295, -217, -151, -73, 19, 39, 68, 409, 
244, -107, -351, -68, 297, -229, -146, -73, 19, 39, 68, 405, 
244, -107, -351, -68, 297, -229, -146, -73, 19, 39, 73, 405, 
258, -107, -366, -75, 312, -236, -151, -73, 14, 39, 73, 405, 
268, -87, -356, -90, 312, -222, -156, -68, 24, 29, 68, 400, 
278, -82, -361, -97, 319, -222, -156, -63, 19, 29, 68, 400, 
287, -63, -351, -112, 319, -207, -151, -58, 19, 34, 73, 405, 
287, -58, -346, -114, 317, -202, -151, -53, 19, 39, 73, 409, 
292, -78, -370, -107, 331, -224, -156, -73, 9, 29, 63, 405, 
297, -68, -366, -114, 331, -217, -156, -63, 14, 39, 63, 400, 
312, -68, -380, -122, 346, -224, -156, -63, 24, 43, 63, 400, 
326, -63, -390, -131, 358, -226, -165, -63, 24, 43, 63, 395, 
322, -48, -370, -136, 346, -209, -156, -53, 24, 53, 58, 395, 
331, -48, -380, -141, 356, -214, -156, -53, 24, 53, 63, 400, 
326, -48, -375, -139, 351, -212, -156, -53, 24, 58, 73, 414, 
331, -43, -375, -143, 353, -209, -161, -53, 29, 63, 87, 424, 
317, -48, -366, -134, 341, -207, -151, -63, 19, 68, 92, 429, 
302, -58, -361, -122, 331, -209, -156, -63, 14, 58, 92, 429, 
292, -68, -361, -112, 326, -214, -156, -63, 14, 53, 87, 429, 
278, -78, -356, -100, 317, -217, -156, -63, 14, 53, 82, 429, 
283, -63, -346, -109, 314, -204, -161, -73, 24, 58, 82, 424, 
273, -58, -331, -107, 302, -195, -165, -68, 24, 68, 82, 424, 
292, -43, -336, -124, 314, -190, -175, -68, 19, 73, 82, 424, 
312, -39, -351, -136, 331, -195, -190, -73, 19, 78, 82, 424, 
322, -29, -351, -146, 336, -190, -185, -78, 29, 82, 82, 414, 
336, -24, -361, -156, 348, -192, -195, -92, 24, 78, 78, 414, 
351, -19, -370, -165, 361, -195, -195, -97, 24, 73, 82, 414, 
361, -19, -380, -170, 370, -200, -195, -102, 24, 68, 92, 429, 
366, -29, -395, -168, 380, -212, -190, -87, 24, 73, 82, 429, 
361, -34, -395, -163, 378, -214, -190, -87, 19, 73, 82, 429, 
356, -34, -390, -161, 373, -212, -185, -82, 19, 78, 82, 429, 
356, -34, -390, -161, 373, -212, -175, -68, 24, 87, 92, 439, 
351, -34, -385, -158, 368, -209, -185, -73, 14, 92, 87, 429, 
356, -34, -390, -161, 373, -212, -190, -78, 9, 87, 82, 424, 
356, -34, -390, -161, 373, -212, -190, -82, 9, 73, 73, 409, 
356, -29, -385, -163, 370, -207, -190, -87, 4, 68, 68, 405, 
366, -24, -390, -170, 378, -207, -204, -107, 0, 82, 68, 414, 
356, -29, -385, -163, 370, -207, -209, -107, -4, 87, 68, 409, 
341, -43, -385, -148, 363, -214, -209, -107, -4, 87, 68, 409, 
331, -48, -380, -141, 356, -214, -209, -112, 4, 87, 73, 409, 
341, -39, -380, -151, 361, -209, -219, -122, -4, 82, 63, 414, 
351, -34, -385, -158, 368, -209, -224, -117, -9, 78, 63, 414, 
370, -39, -409, -165, 390, -224, -229, -117, -9, 78, 63, 419, 
375, -34, -409, -170, 392, -222, -234, -117, -9, 78, 63, 424, 
375, -9, -385, -183, 380, -197, -224, -107, 4, 92, 78, 444, 
375, 4, -370, -190, 373, -183, -224, -107, 4, 97, 82, 444, 
375, 0, -375, -187, 375, -187, -234, -117, 4, 97, 73, 444, 
375, 4, -370, -190, 373, -183, -234, -126, -4, 102, 78, 444, 
385, 4, -380, -195, 383, -187, -219, -126, 4, 102, 82, 444, 
380, 0, -380, -190, 380, -190, -214, -122, 4, 102, 82, 439, 
385, -9, -395, -187, 390, -202, -214, -117, 9, 102, 82, 429, 
380, -24, -405, -178, 392, -214, -209, -112, 14, 102, 73, 419, 
375, -29, -405, -173, 390, -217, -219, -117, 9, 97, 68, 395, 
370, -29, -400, -170, 385, -214, -219, -117, 4, 87, 68, 395, 
366, -34, -400, -165, 383, -217, -219, -117, -4, 82, 63, 395, 
361, -39, -400, -161, 380, -219, -214, -117, -9, 82, 63, 400, 
375, -43, -419, -165, 397, -231, -219, -107, -4, 87, 68, 390, 
375, -39, -414, -168, 395, -226, -219, -107, -4, 82, 63, 385, 
370, -39, -409, -165, 390, -224, -219, -107, -4, 82, 53, 385, 
356, -34, -390, -161, 373, -212, -219, -107, -4, 82, 48, 380, 
341, -34, -375, -153, 358, -204, -204, -97, 4, 92, 53, 380, 
331, -43, -375, -143, 353, -209, -195, -97, 4, 92, 53, 380, 
322, -48, -370, -136, 346, -209, -190, -97, 4, 97, 43, 380, 
312, -48, -361, -131, 336, -204, -185, -87, 4, 102, 39, 385, 
317, -53, -370, -131, 344, -212, -180, -92, 0, 92, 34, 370, 
317, -73, -390, -122, 353, -231, -180, -87, 4, 102, 34, 361, 
322, -78, -400, -122, 361, -239, -180, -87, 4, 102, 34, 356, 
336, -82, -419, -126, 378, -251, -185, -87, 0, 97, 34, 351, 
336, -82, -419, -126, 378, -251, -170, -63, 9, 107, 39, 361, 
326, -82, -409, -122, 368, -246, -161, -63, 14, 112, 43, 366, 
326, -92, -419, -117, 373, -256, -151, -58, 14, 122, 53, 361, 
326, -92, -419, -117, 373, -256, -141, -58, 19, 126, 63, 366, 
307, -107, -414, -100, 361, -261, -136, -48, 19, 122, 48, 356, 
287, -112, -400, -87, 344, -256, -131, -48, 19, 117, 34, 341, 
273, -122, -395, -75, 334, -258, -126, -43, 19, 117, 24, 336, 
263, -122, -385, -70, 324, -253, -122, -43, 19, 117, 19, 336, 
278, -102, -380, -87, 329, -241, -112, -34, 24, 126, 24, 346, 
302, -97, -400, -102, 351, -248, -112, -24, 29, 126, 29, 351, 
322, -97, -419, -112, 370, -258, -112, -19, 29, 126, 39, 351, 
331, -92, -424, -119, 378, -258, -112, -19, 29, 126, 43, 336, 
302, -107, -409, -97, 356, -258, -112, -29, 29, 136, 43, 341, 
292, -112, -405, -90, 348, -258, -112, -29, 29, 131, 39, 346, 
278, -122, -400, -78, 339, -261, -117, -29, 19, 126, 39, 346, 
263, -126, -390, -68, 326, -258, -117, -34, 19, 126, 39, 346, 
273, -122, -395, -75, 334, -258, -122, -39, 9, 112, 24, 336, 
263, -117, -380, -73, 322, -248, -122, -43, 9, 107, 19, 331, 
263, -112, -375, -75, 319, -244, -126, -48, 9, 107, 14, 331, 
258, -107, -366, -75, 312, -236, -122, -43, 19, 117, 14, 341, 
263, -97, -361, -82, 312, -229, -112, -39, 19, 126, 24, 356, 
273, -92, -366, -90, 319, -229, -112, -34, 14, 131, 24, 356, 
292, -92, -385, -100, 339, -239, -112, -29, 14, 146, 24, 356, 
302, -92, -395, -104, 348, -244, -112, -24, 19, 151, 29, 361, 
302, -97, -400, -102, 351, -248, -102, -14, 24, 151, 39, 361, 
307, -107, -414, -100, 361, -261, -102, -14, 29, 146, 39, 361, 
307, -112, -419, -97, 363, -265, -97, -14, 34, 146, 39, 361, 
297, -122, -419, -87, 358, -270, -97, -14, 34, 146, 34, 361, 
287, -122, -409, -82, 348, -265, -117, -24, 19, 131, 19, 356, 
287, -122, -409, -82, 348, -265, -122, -29, 14, 131, 14, 346, 
307, -117, -424, -95, 366, -270, -126, -34, 9, 136, 14, 336, 
322, -117, -439, -102, 380, -278, -131, -39, 4, 136, 19, 326, 
312, -122, -434, -95, 373, -278, -117, -34, 14, 141, 24, 336, 
312, -122, -434, -95, 373, -278, -117, -34, 14, 146, 24, 336, 
302, -122, -424, -90, 363, -273, -112, -34, 19, 151, 24, 336, 
283, -117, -400, -82, 341, -258, -117, -34, 24, 156, 24, 331, 
268, -131, -400, -68, 334, -265, -122, -43, 19, 161, 14, 326, 
278, -141, -419, -68, 348, -280, -122, -39, 19, 156, 14, 322, 
273, -151, -424, -61, 348, -287, -122, -39, 14, 151, 19, 322, 
244, -170, -414, -36, 329, -292, -122, -39, 9, 146, 24, 317, 
253, -156, -409, -48, 331, -283, -131, -39, 0, 156, 39, 322, 
268, -146, -414, -61, 341, -280, -136, -43, 0, 151, 39, 322, 
292, -141, -434, -75, 363, -287, -136, -43, 0, 151, 29, 326, 
307, -117, -424, -95, 366, -270, -141, -43, 0, 151, 24, 336, 
312, -112, -424, -100, 368, -268, -136, -43, 4, 161, 34, 346, 
312, -112, -424, -100, 368, -268, -126, -43, 9, 165, 39, 346, 
312, -107, -419, -102, 366, -263, -122, -43, 14, 165, 43, 346, 
312, -102, -414, -104, 363, -258, -117, -43, 19, 165, 48, 346, 
322, -102, -424, -109, 373, -263, -112, -43, 9, 165, 43, 341, 
307, -112, -419, -97, 363, -265, -112, -43, 9, 161, 39, 336, 
302, -112, -414, -95, 358, -263, -112, -39, 4, 161, 34, 331, 
297, -112, -409, -92, 353, -261, -117, -34, 4, 151, 24, 322, 
287, -112, -400, -87, 344, -256, -122, -48, 4, 151, 19, 312, 
287, -112, -400, -87, 344, -256, -122, -48, 4, 156, 19, 312, 
297, -112, -409, -92, 353, -261, -117, -43, 9, 161, 24, 312, 
307, -112, -419, -97, 363, -265, -117, -43, 9, 165, 29, 312, 
292, -117, -409, -87, 351, -263, -122, -48, 19, 180, 29, 307, 
283, -122, -405, -80, 344, -263, -126, -53, 19, 180, 24, 307, 
258, -122, -380, -68, 319, -251, -131, -58, 19, 175, 24, 307, 
253, -126, -380, -63, 317, -253, -136, -63, 19, 175, 24, 307, 
263, -122, -385, -70, 324, -253, -126, -58, 19, 180, 34, 312, 
278, -117, -395, -80, 336, -256, -126, -58, 14, 185, 34, 312, 
278, -102, -380, -87, 329, -241, -126, -53, 14, 185, 24, 317, 
273, -97, -370, -87, 322, -234, -126, -48, 14, 185, 24, 322, 
268, -102, -370, -82, 319, -236, -117, -48, 19, 195, 24, 312, 
268, -102, -370, -82, 319, -236, -117, -43, 24, 200, 39, 307, 
273, -97, -370, -87, 322, -234, -117, -43, 24, 204, 43, 302, 
283, -92, -375, -95, 329, -234, -117, -43, 24, 204, 48, 302, 
292, -107, -400, -92, 346, -253, -122, -43, 14, 200, 39, 307, 
278, -112, -390, -82, 334, -251, -122, -43, 14, 200, 39, 307, 
244, -112, -356, -65, 300, -234, -117, -43, 14, 190, 39, 307, 
234, -112, -346, -61, 290, -229, -117, -43, 14, 190, 34, 307, 
263, -92, -356, -85, 309, -224, -107, -43, 34, 209, 53, 307, 
283, -107, -390, -87, 336, -248, -117, -48, 29, 204, 48, 302, 
268, -112, -380, -78, 324, -246, -117, -48, 19, 195, 39, 297, 
263, -117, -380, -73, 322, -248, -117, -48, 19, 195, 39, 292, 
258, -122, -380, -68, 319, -251, -117, -48, 19, 195, 39, 287, 
253, -126, -380, -63, 317, -253, -117, -48, 19, 195, 39, 283, 
244, -122, -366, -61, 305, -244, -122, -39, 19, 204, 29, 273, 
239, -117, -356, -61, 297, -236, -122, -39, 24, 204, 29, 283, 
234, -126, -361, -53, 297, -244, -122, -34, 24, 204, 29, 287, 
234, -122, -356, -56, 295, -239, -122, -34, 24, 204, 29, 292, 
219, -131, -351, -43, 285, -241, -112, -39, 14, 195, 29, 292, 
209, -131, -341, -39, 275, -236, -112, -43, 19, 195, 29, 287, 
204, -126, -331, -39, 268, -229, -112, -48, 19, 200, 29, 283, 
200, -126, -326, -36, 263, -226, -112, -53, 19, 200, 29, 278, 
214, -126, -341, -43, 278, -234, -112, -53, 19, 209, 29, 278, 
224, -126, -351, -48, 287, -239, -117, -53, 19, 209, 29, 273, 
229, -122, -351, -53, 290, -236, -126, -53, 19, 204, 29, 273, 
234, -122, -356, -56, 295, -239, -131, -53, 19, 204, 29, 273, 
229, -122, -351, -53, 290, -236, -126, -48, 24, 209, 29, 268, 
239, -112, -351, -63, 295, -231, -117, -43, 24, 214, 29, 263, 
204, -97, -302, -53, 253, -200, -112, -43, 39, 219, 39, 258, 
209, -92, -302, -58, 256, -197, -107, -43, 39, 224, 39, 263, 
229, -78, -307, -75, 268, -192, -102, -29, 53, 234, 53, 278, 
244, -63, -307, -90, 275, -185, -97, -24, 63, 239, 58, 287, 
258, -48, -307, -104, 283, -178, -92, -14, 63, 253, 68, 292, 
263, -24, -287, -119, 275, -156, -82, -9, 68, 263, 68, 297, 
268, -34, -302, -117, 285, -168, -92, -14, 63, 268, 78, 297, 
268, -48, -317, -109, 292, -183, -92, -14, 68, 273, 87, 302, 
253, -48, -302, -102, 278, -175, -92, -4, 78, 278, 102, 302, 
229, -63, -292, -82, 261, -178, -92, -4, 78, 287, 107, 317, 
219, -63, -283, -78, 251, -173, -112, -19, 97, 287, 92, 317, 
219, -63, -283, -78, 251, -173, -122, -19, 97, 283, 87, 307, 
219, -58, -278, -80, 248, -168, -131, -34, 97, 278, 82, 292, 
219, -43, -263, -87, 241, -153, -136, -34, 92, 273, 82, 278, 
224, -24, -248, -100, 236, -136, -126, -29, 92, 287, 82, 283, 
229, -29, -258, -100, 244, -143, -131, -24, 97, 292, 82, 287, 
239, -19, -258, -109, 248, -139, -141, -19, 97, 292, 87, 297, 
248, 4, -244, -126, 246, -119, -151, -24, 97, 292, 92, 302, 
258, 4, -253, -131, 256, -124, -156, -29, 107, 307, 97, 302, 
258, 24, -234, -141, 246, -104, -170, -34, 107, 307, 102, 302, 
268, 24, -244, -146, 256, -109, -175, -34, 107, 307, 107, 307, 
258, 19, -239, -139, 248, -109, -175, -34, 102, 297, 112, 307, 
258, -4, -263, -126, 261, -134, -185, -48, 97, 302, 97, 292, 
253, -9, -263, -122, 258, -136, -185, -48, 97, 302, 97, 292, 
258, -14, -273, -122, 265, -143, -180, -48, 97, 302, 97, 292, 
258, -9, -268, -124, 263, -139, -175, -43, 102, 307, 102, 302, 
268, 9, -258, -139, 263, -124, -185, -43, 112, 317, 112, 312, 
263, 19, -244, -141, 253, -112, -185, -43, 107, 322, 117, 317, 
268, 19, -248, -143, 258, -114, -180, -43, 107, 322, 117, 322, 
278, 29, -248, -153, 263, -109, -175, -43, 102, 326, 122, 322, 
287, 34, -253, -161, 270, -109, -170, -53, 112, 322, 131, 312, 
283, 14, -268, -148, 275, -126, -170, -53, 92, 312, 122, 307, 
292, 9, -283, -151, 287, -136, -161, -48, 92, 312, 126, 307, 
302, 14, -287, -158, 295, -136, -151, -48, 82, 307, 126, 307, 
283, -4, -287, -139, 285, -146, -141, -48, 68, 297, 117, 297, 
253, -19, -273, -117, 263, -146, -141, -48, 63, 292, 107, 292, 
224, -63, -287, -80, 256, -175, -136, -48, 58, 287, 92, 283, 
204, -78, -283, -63, 244, -180, -131, -48, 58, 283, 92, 283, 
219, -63, -283, -78, 251, -173, -141, -48, 39, 278, 82, 268, 
219, -73, -292, -73, 256, -183, -141, -48, 34, 258, 63, 248, 
204, -87, -292, -58, 248, -190, -141, -58, 29, 248, 53, 234, 
190, -97, -287, -46, 239, -192, -131, -58, 29, 244, 48, 224, 
200, -107, -307, -46, 253, -207, -117, -48, 29, 248, 48, 229, 
195, -107, -302, -43, 248, -204, -107, -39, 34, 244, 48, 224, 
180, -122, -302, -29, 241, -212, -102, -24, 39, 248, 43, 219, 
161, -131, -292, -14, 226, -212, -97, -14, 43, 253, 43, 219, 
146, -141, -287, -2, 217, -214, -87, -4, 39, 244, 39, 209, 
136, -146, -283, 4, 209, -214, -82, -4, 39, 234, 34, 204, 
141, -156, -297, 7, 219, -226, -73, -4, 34, 234, 34, 200, 
131, -165, -297, 17, 214, -231, -58, 0, 34, 244, 39, 195, 
141, -165, -307, 12, 224, -236, -68, -4, 24, 234, 29, 185, 
146, -156, -302, 4, 224, -229, -68, -4, 29, 234, 29, 190, 
146, -151, -297, 2, 222, -224, -58, -9, 29, 229, 29, 190, 
146, -151, -297, 2, 222, -224, -73, -19, 29, 229, 29, 185, 
131, -165, -297, 17, 214, -231, -63, -14, 29, 234, 24, 190, 
131, -175, -307, 21, 219, -241, -63, -9, 29, 234, 29, 190, 
131, -175, -307, 21, 219, -241, -53, 0, 34, 239, 34, 180, 
122, -175, -297, 26, 209, -236, -53, 4, 39, 244, 39, 180, 
131, -161, -292, 14, 212, -226, -63, -4, 29, 244, 43, 190, 
122, -161, -283, 19, 202, -222, -63, -4, 29, 239, 43, 195, 
122, -161, -283, 19, 202, -222, -68, -4, 29, 239, 43, 200, 
126, -161, -287, 17, 207, -224, -68, -4, 29, 244, 43, 200, 
126, -151, -278, 12, 202, -214, -58, -14, 34, 248, 53, 209, 
122, -151, -273, 14, 197, -212, -53, -14, 43, 253, 53, 209, 
107, -151, -258, 21, 183, -204, -53, -14, 48, 258, 53, 209, 
102, -151, -253, 24, 178, -202, -53, -14, 53, 263, 53, 209, 
97, -161, -258, 31, 178, -209, -43, 0, 53, 253, 48, 200, 
97, -170, -268, 36, 183, -219, -43, 9, 53, 253, 48, 195, 
107, -170, -278, 31, 192, -224, -43, 14, 53, 253, 48, 195, 
107, -165, -273, 29, 190, -219, -43, 19, 53, 253, 48, 195, 
78, -185, -263, 53, 170, -224, -63, -9, 14, 224, 29, 165, 
87, -170, -258, 41, 173, -214, -53, 4, 39, 244, 43, 185, 
87, -175, -263, 43, 175, -219, -48, 14, 48, 263, 63, 185, 
92, -165, -258, 36, 175, -212, -48, 14, 58, 263, 53, 180, 
102, -151, -253, 24, 178, -202, -63, 14, 63, 268, 63, 185, 
92, -136, -229, 21, 161, -183, -63, 4, 73, 283, 68, 195, 
63, -126, -190, 31, 126, -158, -58, 4, 92, 297, 78, 195, 
58, -131, -190, 36, 124, -161, -43, 19, 112, 326, 87, 204, 
48, -156, -204, 53, 126, -180, -29, 39, 117, 331, 97, 209, 
53, -161, -214, 53, 134, -187, -29, 48, 117, 322, 87, 200, 
63, -165, -229, 51, 146, -197, -9, 63, 117, 317, 92, 190, 
34, -200, -234, 82, 134, -217, 19, 87, 107, 317, 87, 195, 
14, -234, -248, 109, 131, -241, 34, 126, 117, 317, 102, 209, 
73, -263, -336, 95, 204, -300, 48, 190, 112, 326, 131, 234, 
185, -263, -448, 39, 317, -356, 82, 292, 107, 322, 141, 239, 
307, -248, -556, -29, 431, -402, 122, 419, 107, 326, 161, 258, 
453, -244, -697, -104, 575, -470, 170, 580, 156, 370, 209, 317, 
634, -234, -868, -200, 751, -551, 195, 736, 219, 419, 283, 390, 
814, -180, -995, -317, 905, -588, 165, 849, 268, 483, 351, 468, 
1010, -48, -1058, -480, 1034, -553, 78, 888, 307, 566, 458, 580, 
1195, 117, -1078, -656, 1137, -480, -24, 868, 346, 644, 585, 722, 
1356, 219, -1137, -788, 1246, -458, -82, 834, 351, 688, 683, 839, 
1444, 268, -1176, -856, 1310, -453, -141, 771, 297, 668, 692, 878, 
1434, 234, -1200, -834, 1317, -483, -204, 658, 200, 585, 639, 834, 
1312, 156, -1156, -734, 1234, -500, -224, 497, 73, 448, 483, 692, 
1156, 34, -1122, -595, 1139, -544, -165, 361, -48, 283, 258, 478, 
1005, -87, -1093, -458, 1049, -590, -87, 273, -170, 107, 34, 244, 
834, -190, -1024, -322, 929, -607, -14, 165, -258, -24, -141, 68, 
605, -229, -834, -187, 719, -531, -9, 4, -307, -73, -214, -14, 
414, -253, -668, -80, 541, -461, -19, -131, -307, -73, -219, -29, 
287, -278, -566, -4, 427, -422, -14, -180, -302, -63, -229, -58, 
170, -297, -468, 63, 319, -383, 24, -180, -292, -58, -244, -87, 
107, -283, -390, 87, 248, -336, 68, -141, -268, -43, -239, -87, 
102, -268, -370, 82, 236, -319, 92, -112, -229, -24, -219, -73, 
82, -258, -341, 87, 212, -300, 92, -53, -170, 19, -180, -48, 
92, -244, -336, 75, 214, -290, 78, 29, -107, 92, -126, -9, 
141, -219, -361, 39, 251, -290, 58, 92, -58, 146, -58, 34, 
175, -185, -361, 4, 268, -273, 4, 102, -34, 175, -19, 68, 
175, -156, -331, -9, 253, -244, -34, 73, -19, 195, 4, 97, 
156, -151, -307, -2, 231, -229, -53, 53, 0, 219, 24, 126, 
165, -131, -297, -17, 231, -214, -63, 53, 19, 244, 39, 131, 
161, -126, -287, -17, 224, -207, -58, 48, 29, 253, 48, 136, 
141, -122, -263, -9, 202, -192, -53, 43, 43, 258, 53, 136, 
146, -122, -268, -12, 207, -195, -43, 34, 43, 263, 63, 141, 
131, -141, -273, 4, 202, -207, -68, 24, 43, 248, 48, 126, 
102, -151, -253, 24, 178, -202, -68, 9, 43, 239, 43, 122, 
97, -146, -244, 24, 170, -195, -68, 4, 34, 234, 39, 117, 
92, -156, -248, 31, 170, -202, -68, 4, 34, 234, 34, 107, 
82, -151, -234, 34, 158, -192, -58, 9, 48, 244, 43, 117, 
68, -146, -214, 39, 141, -180, -63, 14, 53, 258, 53, 122, 
53, -136, -190, 41, 122, -163, -63, 19, 58, 263, 63, 122, 
43, -131, -175, 43, 109, -153, -63, 24, 58, 268, 73, 122, 
24, -141, -165, 58, 95, -153, -73, 14, 68, 278, 82, 117, 
24, -141, -165, 58, 95, -153, -73, 9, 68, 273, 73, 107, 
24, -146, -170, 61, 97, -158, -73, 4, 63, 268, 63, 92, 
14, -146, -161, 65, 87, -153, -73, -9, 63, 263, 63, 92, 
14, -146, -161, 65, 87, -153, -63, -4, 53, 248, 53, 82, 
19, -146, -165, 63, 92, -156, -63, 0, 58, 253, 58, 87, 
24, -146, -170, 61, 97, -158, -63, 9, 58, 248, 58, 87, 
29, -146, -175, 58, 102, -161, -63, 19, 58, 253, 58, 87, 
43, -131, -175, 43, 109, -153, -68, 14, 58, 268, 73, 92, 
53, -122, -175, 34, 114, -148, -73, 9, 63, 273, 87, 92, 
34, -102, -136, 34, 85, -119, -73, 4, 68, 278, 92, 92, 
34, -92, -126, 29, 80, -109, -68, 0, 68, 283, 97, 97, 
34, -87, -122, 26, 78, -104, -63, 0, 73, 278, 97, 87, 
39, -97, -136, 29, 87, -117, -58, 0, 78, 273, 92, 82, 
34, -117, -151, 41, 92, -134, -58, 4, 82, 263, 92, 82, 
29, -131, -161, 51, 95, -146, -63, 4, 78, 248, 97, 82, 
14, -141, -156, 63, 85, -148, -58, 4, 78, 253, 97, 82, 
9, -141, -151, 65, 80, -146, -58, 9, 82, 263, 102, 87, 
0, -141, -141, 70, 70, -141, -53, 14, 92, 283, 102, 92, 
-19, -141, -122, 80, 51, -131, -53, 19, 92, 287, 102, 92, 
-9, -131, -122, 70, 56, -126, -58, 9, 87, 278, 97, 78, 
4, -131, -136, 63, 70, -134, -68, 4, 87, 268, 97, 78, 
24, -122, -146, 48, 85, -134, -73, 4, 87, 268, 97, 78, 
43, -122, -165, 39, 104, -143, -78, 4, 87, 268, 102, 78, 
4, -126, -131, 61, 68, -129, -58, 19, 87, 263, 102, 78, 
0, -131, -131, 65, 65, -131, -53, 24, 92, 263, 102, 87, 
9, -131, -141, 61, 75, -136, -48, 29, 92, 258, 102, 87, 
4, -131, -136, 63, 70, -134, -43, 39, 92, 258, 107, 92, 
-4, -117, -112, 61, 53, -114, -48, 29, 92, 263, 102, 92, 
4, -117, -122, 56, 63, -119, -53, 29, 92, 278, 107, 92, 
-19, -117, -97, 68, 39, -107, -53, 29, 97, 283, 107, 102, 
-29, -117, -87, 73, 29, -102, -53, 29, 97, 283, 117, 107, 
-39, -117, -78, 78, 19, -97, -43, 29, 102, 278, 117, 102, 
-34, -122, -87, 78, 26, -104, -43, 29, 102, 273, 117, 107, 
-24, -122, -97, 73, 36, -109, -43, 29, 102, 273, 117, 102, 
-4, -117, -112, 61, 53, -114, -43, 29, 102, 278, 117, 97, 
-19, -112, -92, 65, 36, -102, -43, 29, 92, 268, 112, 82, 
-24, -112, -87, 68, 31, -100, -43, 29, 92, 268, 112, 78, 
-19, -107, -87, 63, 34, -97, -43, 34, 97, 268, 112, 82, 
0, -92, -92, 46, 46, -92, -43, 39, 107, 278, 112, 87, 
0, -73, -73, 36, 36, -73, -39, 48, 122, 287, 126, 92, 
0, -87, -87, 43, 43, -87, -39, 43, 122, 287, 131, 92, 
-9, -87, -78, 48, 34, -82, -34, 34, 122, 297, 136, 87, 
-14, -82, -68, 48, 26, -75, -43, 34, 122, 307, 136, 87, 
-24, -87, -63, 56, 19, -75, -43, 24, 112, 292, 122, 82, 
-9, -78, -68, 43, 29, -73, -39, 24, 112, 292, 122, 78, 
-9, -97, -87, 53, 39, -92, -39, 24, 112, 287, 122, 73, 
-34, -112, -78, 73, 21, -95, -53, 24, 112, 278, 122, 68, 
-43, -122, -78, 82, 17, -100, -58, 29, 107, 268, 131, 53, 
-48, -122, -73, 85, 12, -97, -58, 29, 107, 273, 126, 48, 
-53, -122, -68, 87, 7, -95, -58, 29, 107, 273, 122, 43, 
-53, -112, -58, 82, 2, -85, -63, 29, 107, 273, 122, 39, 
-53, -102, -48, 78, -2, -75, -53, 39, 122, 278, 131, 43, 
-58, -117, -58, 87, 0, -87, -48, 43, 126, 283, 136, 43, 
-58, -117, -58, 87, 0, -87, -48, 48, 131, 287, 146, 48, 
-43, -117, -73, 80, 14, -95, -53, 53, 131, 292, 151, 53, 
-53, -112, -58, 82, 2, -85, -58, 43, 122, 287, 146, 53, 
-43, -112, -68, 78, 12, -90, -58, 43, 117, 283, 146, 48, 
-34, -97, -63, 65, 14, -80, -53, 43, 117, 283, 151, 48, 
-34, -97, -63, 65, 14, -80, -53, 43, 117, 283, 151, 48, 
-39, -102, -63, 70, 12, -82, -58, 24, 126, 283, 161, 43, 
-34, -87, -53, 61, 9, -70, -58, 34, 131, 292, 161, 39, 
-19, -82, -63, 51, 21, -73, -58, 34, 141, 297, 161, 39, 
-4, -73, -68, 39, 31, -70, -68, 34, 141, 297, 161, 34, 
-9, -68, -58, 39, 24, -63, -68, 43, 131, 287, 161, 29, 
0, -68, -68, 34, 34, -68, -68, 43, 131, 287, 161, 29, 
-4, -68, -63, 36, 29, -65, -68, 43, 131, 292, 165, 39, 
0, -63, -63, 31, 31, -63, -73, 43, 136, 297, 175, 43, 
-9, -63, -53, 36, 21, -58, -63, 43, 146, 307, 180, 39, 
-19, -68, -48, 43, 14, -58, -68, 43, 141, 292, 180, 39, 
-24, -73, -48, 48, 12, -61, -68, 43, 141, 283, 175, 39, 
-34, -78, -43, 56, 4, -61, -68, 43, 141, 278, 170, 39, 
-29, -73, -43, 51, 7, -58, -68, 34, 141, 287, 180, 43, 
-39, -68, -29, 53, -4, -48, -68, 39, 141, 292, 180, 43, 
-19, -53, -34, 36, 7, -43, -73, 39, 136, 292, 180, 43, 
0, -48, -48, 24, 24, -48, -82, 34, 136, 292, 180, 43, 
4, -39, -43, 17, 24, -41, -78, 43, 146, 297, 180, 43, 
14, -34, -48, 9, 31, -41, -87, 34, 141, 292, 175, 43, 
24, -29, -53, 2, 39, -41, -87, 34, 141, 287, 180, 43, 
29, -29, -58, 0, 43, -43, -87, 34, 141, 283, 190, 58, 
29, -34, -63, 2, 46, -48, -92, 19, 136, 278, 185, 48, 
19, -43, -63, 12, 41, -53, -102, 9, 126, 268, 180, 39, 
9, -48, -58, 19, 34, -53, -107, 4, 122, 263, 175, 29, 
4, -53, -58, 24, 31, -56, -107, 9, 122, 263, 180, 29, 
0, -34, -34, 17, 17, -34, -107, 14, 136, 283, 190, 39, 
4, -34, -39, 14, 21, -36, -112, 19, 136, 283, 190, 43, 
4, -34, -39, 14, 21, -36, -112, 24, 141, 273, 185, 39, 
4, -29, -34, 12, 19, -31, -112, 29, 141, 273, 185, 43, 
4, -19, -24, 7, 14, -21, -112, 34, 146, 268, 195, 43, 
-4, -19, -14, 12, 4, -17, -112, 39, 141, 273, 195, 39, 
-19, -29, -9, 24, -4, -19, -107, 43, 141, 273, 195, 39, 
-29, -29, 0, 29, -14, -14, -102, 43, 151, 273, 200, 39, 
-19, -14, 4, 17, -12, -4, -112, 29, 141, 258, 195, 39, 
-9, -14, -4, 12, -2, -9, -117, 29, 136, 253, 190, 34, 
9, -24, -34, 7, 21, -29, -122, 24, 136, 253, 185, 34, 
14, -24, -39, 4, 26, -31, -126, 19, 136, 253, 180, 34, 
29, -4, -34, -12, 31, -19, -117, 19, 141, 253, 195, 43, 
34, 4, -29, -19, 31, -12, -117, 19, 141, 253, 200, 43, 
39, -4, -43, -17, 41, -24, -126, 9, 141, 248, 190, 43, 
43, -4, -48, -19, 46, -26, -126, 0, 131, 248, 195, 43, 
29, 4, -24, -17, 26, -9, -117, 9, 131, 258, 209, 53, 
19, 9, -9, -14, 14, 0, -107, 14, 131, 258, 209, 58, 
19, 9, -9, -14, 14, 0, -102, 19, 136, 258, 209, 58, 
9, 4, -4, -7, 7, 0, -92, 24, 141, 258, 200, 58, 
-4, -19, -14, 12, 4, -17, -107, 14, 131, 248, 190, 34, 
-9, -29, -19, 19, 4, -24, -112, 9, 131, 234, 185, 34, 
-14, -43, -29, 29, 7, -36, -117, 4, 126, 224, 175, 34, 
-19, -58, -39, 39, 9, -48, -117, 0, 126, 219, 170, 39, 
-29, -58, -29, 43, 0, -43, -112, -9, 122, 229, 175, 34, 
-34, -58, -24, 46, -4, -41, -112, -9, 122, 219, 170, 24, 
-43, -63, -19, 53, -12, -41, -112, -9, 122, 214, 161, 19, 
-63, -63, 0, 63, -31, -31, -112, -9, 122, 209, 156, 9, 
-48, -63, -14, 56, -17, -39, -102, -4, 131, 214, 156, 9, 
-39, -63, -24, 51, -7, -43, -87, 0, 131, 209, 161, 9, 
-29, -58, -29, 43, 0, -43, -78, 4, 131, 209, 156, 9, 
-19, -48, -29, 34, 4, -39, -68, 19, 131, 209, 156, 14, 
-19, -58, -39, 39, 9, -48, -58, 34, 141, 209, 156, 24, 
-34, -73, -39, 53, 2, -56, -53, 39, 151, 219, 161, 19, 
-43, -73, -29, 58, -7, -51, -48, 39, 156, 219, 165, 19, 
-43, -73, -29, 58, -7, -51, -48, 39, 156, 214, 170, 19, 
-39, -63, -24, 51, -7, -43, -48, 48, 151, 204, 165, 4, 
-53, -63, -9, 58, -21, -36, -43, 43, 151, 200, 161, 4, 
-58, -73, -14, 65, -21, -43, -39, 43, 146, 200, 161, -4, 
-63, -73, -9, 68, -26, -41, -34, 39, 146, 195, 161, -4, 
-53, -68, -14, 61, -19, -41, -43, 29, 141, 170, 146, -24, 
-63, -73, -9, 68, -26, -41, -43, 29, 136, 165, 131, -39, 
-68, -82, -14, 75, -26, -48, -43, 34, 131, 165, 122, -43, 
-68, -82, -14, 75, -26, -48, -43, 34, 126, 165, 117, -43, 
-82, -82, 0, 82, -41, -41, -34, 43, 136, 180, 131, -34, 
-78, -87, -9, 82, -34, -48, -24, 53, 146, 185, 136, -29, 
-78, -97, -19, 87, -29, -58, -14, 58, 151, 190, 146, -29, 
-87, -102, -14, 95, -36, -58, -4, 58, 156, 195, 151, -43, 
-97, -87, 9, 92, -53, -39, -4, 63, 156, 185, 151, -34, 
-97, -82, 14, 90, -56, -34, -4, 68, 156, 180, 146, -34, 
-102, -82, 19, 92, -61, -31, -9, 73, 146, 175, 146, -39, 
-107, -78, 29, 92, -68, -24, -9, 73, 146, 175, 146, -43, 
-78, -87, -9, 82, -34, -48, -14, 63, 141, 161, 136, -43, 
-68, -87, -19, 78, -24, -53, -14, 63, 136, 156, 136, -48, 
-48, -87, -39, 68, -4, -63, -19, 63, 131, 156, 136, -48, 
-34, -87, -53, 61, 9, -70, -14, 73, 136, 165, 141, -39, 
-58, -92, -34, 75, -12, -63, -4, 63, 146, 161, 146, -19, 
-68, -92, -24, 80, -21, -58, -4, 63, 141, 161, 151, -14, 
-68, -97, -29, 82, -19, -63, -4, 63, 141, 170, 156, -9, 
-78, -102, -24, 90, -26, -63, -4, 63, 146, 170, 165, 0, 
-87, -112, -24, 100, -31, -68, -4, 73, 156, 161, 165, -9, 
-82, -117, -34, 100, -24, -75, -4, 73, 156, 156, 165, -9, 
-82, -117, -34, 100, -24, -75, 0, 73, 156, 156, 165, -9, 
-92, -122, -29, 107, -31, -75, 0, 73, 151, 156, 161, -9, 
-82, -122, -39, 102, -21, -80, -4, 68, 151, 141, 165, 0, 
-82, -112, -29, 97, -26, -70, -4, 68, 151, 141, 161, -4, 
-63, -97, -34, 80, -14, -65, -4, 68, 151, 146, 161, -9, 
-48, -87, -39, 68, -4, -63, -4, 68, 151, 146, 165, -14, 
-58, -107, -48, 82, -4, -78, -4, 73, 146, 136, 165, -14, 
-58, -112, -53, 85, -2, -82, -9, 73, 141, 136, 161, -14, 
-68, -117, -48, 92, -9, -82, -9, 73, 141, 136, 156, -14, 
-87, -117, -29, 102, -29, -73, -19, 73, 141, 136, 151, -19, 
-73, -97, -24, 85, -24, -61, -19, 63, 151, 136, 151, -19, 
-53, -92, -39, 73, -7, -65, -14, 68, 156, 136, 151, -19, 
-48, -87, -39, 68, -4, -63, -9, 68, 156, 136, 156, -14, 
-68, -92, -24, 80, -21, -58, -4, 68, 156, 136, 161, -14, 
-82, -107, -24, 95, -29, -65, -14, 58, 151, 131, 161, -14, 
-82, -107, -24, 95, -29, -65, -19, 53, 146, 122, 156, -19, 
-73, -112, -39, 92, -17, -75, -19, 53, 141, 117, 141, -19, 
-73, -97, -24, 85, -24, -61, -24, 53, 136, 112, 131, -14, 
-78, -102, -24, 90, -26, -63, -34, 63, 136, 102, 141, -14, 
-78, -112, -34, 95, -21, -73, -29, 63, 136, 107, 146, -14, 
-78, -117, -39, 97, -19, -78, -29, 63, 136, 107, 151, -14, 
-78, -122, -43, 100, -17, -82, -29, 63, 136, 107, 156, -14, 
-58, -107, -48, 82, -4, -78, -29, 63, 141, 112, 161, 0, 
-63, -102, -39, 82, -12, -70, -24, 63, 146, 112, 165, 4, 
-58, -87, -29, 73, -14, -58, -19, 68, 146, 117, 170, 9, 
-53, -73, -19, 63, -17, -46, -19, 73, 151, 112, 170, 9, 
-53, -78, -24, 65, -14, -51, -14, 68, 151, 117, 175, 14, 
-53, -82, -29, 68, -12, -56, -14, 68, 151, 117, 175, 19, 
-43, -87, -43, 65, 0, -65, -9, 73, 156, 117, 180, 24, 
-34, -92, -58, 63, 12, -75, -9, 73, 156, 117, 185, 29, 
-34, -82, -48, 58, 7, -65, -19, 63, 156, 117, 180, 19, 
-39, -82, -43, 61, 2, -63, -19, 63, 156, 112, 170, 14, 
-58, -78, -19, 68, -19, -48, -19, 63, 156, 102, 165, 9, 
-58, -78, -19, 68, -19, -48, -19, 63, 156, 97, 161, 4, 
-58, -82, -24, 70, -17, -53, -9, 68, 156, 107, 175, 14, 
-53, -87, -34, 70, -9, -61, -9, 68, 151, 107, 180, 9, 
-63, -82, -19, 73, -21, -51, -9, 73, 151, 102, 175, 9, 
-78, -87, -9, 82, -34, -48, -9, 78, 151, 97, 180, 9, 
-97, -107, -9, 102, -43, -58, -9, 63, 156, 87, 175, 0, 
-112, -112, 0, 112, -56, -56, -9, 63, 161, 92, 185, -4, 
-122, -112, 9, 117, -65, -51, -9, 58, 161, 97, 185, -9, 
-126, -112, 14, 119, -70, -48, -9, 53, 161, 97, 185, -9, 
-97, -107, -9, 102, -43, -58, -24, 53, 151, 92, 175, -4, 
-92, -112, -19, 102, -36, -65, -24, 53, 151, 92, 175, -4, 
-107, -112, -4, 109, -51, -58, -19, 53, 151, 82, 175, -4, 
-97, -112, -14, 104, -41, -63, -19, 53, 151, 82, 170, -4, 
-87, -117, -29, 102, -29, -73, -9, 63, 161, 73, 180, -14, 
-87, -117, -29, 102, -29, -73, -9, 63, 161, 73, 180, -14, 
-87, -122, -34, 104, -26, -78, -9, 63, 156, 68, 180, -19, 
-87, -126, -39, 107, -24, -82, -9, 63, 156, 63, 180, -19, 
-107, -136, -29, 122, -39, -82, -4, 73, 165, 78, 180, -9, 
-97, -107, -9, 102, -43, -58, 0, 78, 156, 78, 175, 0, 
-102, -117, -14, 109, -43, -65, 0, 73, 156, 68, 170, -9, 
-107, -117, -9, 112, -48, -63, 0, 68, 156, 68, 165, -19, 
-112, -117, -4, 114, -53, -61, 0, 63, 156, 68, 161, -29, 
-117, -117, 0, 117, -58, -58, 0, 58, 156, 68, 156, -39, 
-122, -122, 0, 122, -61, -61, -4, 58, 156, 58, 165, -39, 
-131, -126, 4, 129, -68, -61, -4, 58, 161, 58, 165, -29, 
-141, -146, -4, 143, -68, -75, -4, 63, 161, 58, 165, -24, 
-146, -151, -4, 148, -70, -78, -4, 63, 161, 58, 165, -19, 
-146, -136, 9, 141, -78, -63, 0, 73, 161, 48, 175, -14, 
-141, -131, 9, 136, -75, -61, 4, 73, 165, 48, 175, -14, 
-131, -122, 9, 126, -70, -56, 9, 73, 165, 53, 175, -14, 
-122, -117, 4, 119, -63, -56, 14, 73, 165, 53, 175, -14, 
-117, -117, 0, 117, -58, -58, 19, 82, 175, 53, 175, -14, 
-107, -117, -9, 112, -48, -63, 19, 82, 175, 53, 175, -19, 
-102, -112, -9, 107, -46, -61, 14, 82, 175, 48, 175, -19, 
-97, -112, -14, 104, -41, -63, 14, 82, 175, 48, 175, -19, 
-97, -126, -29, 112, -34, -78, 9, 78, 180, 43, 175, -9, 
-92, -122, -29, 107, -31, -75, 9, 82, 180, 48, 175, -9, 
-131, -112, 19, 122, -75, -46, 4, 82, 195, 53, 185, -9, 
-131, -112, 19, 122, -75, -46, 0, 82, 195, 58, 185, 0, 
-117, -102, 14, 109, -65, -43, 9, 82, 190, 53, 180, 4, 
-107, -92, 14, 100, -61, -39, 9, 82, 200, 53, 185, 4, 
-97, -82, 14, 90, -56, -34, 9, 87, 200, 63, 195, 0, 
-97, -63, 34, 80, -65, -14, 14, 87, 204, 68, 195, -4, 
-97, -53, 43, 75, -70, -4, 14, 92, 224, 82, 200, 0, 
-92, -48, 43, 70, -68, -2, 14, 92, 234, 87, 214, 9, 
-102, -29, 73, 65, -87, 21, 14, 102, 248, 92, 234, 14, 
-122, -24, 97, 73, -109, 36, 14, 102, 253, 102, 244, 34, 
-117, -19, 97, 68, -107, 39, -4, 97, 253, 97, 234, 43, 
-112, -24, 87, 68, -100, 31, -14, 97, 253, 97, 234, 43, 
-107, -24, 82, 65, -95, 29, -24, 82, 253, 97, 234, 39, 
-102, -14, 87, 58, -95, 36, -29, 82, 248, 97, 239, 34, 
-102, -9, 92, 56, -97, 41, -29, 82, 239, 97, 239, 39, 
-102, -19, 82, 61, -92, 31, -34, 82, 244, 97, 239, 43, 
-97, -14, 82, 56, -90, 34, -43, 82, 244, 92, 244, 53, 
-92, 4, 97, 43, -95, 51, -53, 73, 244, 87, 248, 58, 
-82, -4, 78, 43, -80, 36, -68, 68, 234, 82, 248, 58, 
-82, 4, 87, 39, -85, 46, -82, 63, 234, 82, 248, 58, 
-73, -4, 68, 39, -70, 31, -87, 63, 234, 82, 248, 63, 
-82, -19, 63, 51, -73, 21, -87, 63, 229, 73, 248, 63, 
-63, -24, 39, 43, -51, 7, -87, 53, 214, 63, 234, 48, 
-58, -19, 39, 39, -48, 9, -87, 48, 214, 58, 234, 48, 
-43, -14, 29, 29, -36, 7, -82, 43, 214, 53, 234, 48, 
-34, 0, 34, 17, -34, 17, -78, 43, 219, 53, 239, 58, 
-43, -4, 39, 24, -41, 17, -68, 48, 219, 58, 244, 73, 
-58, -9, 48, 34, -53, 19, -68, 53, 214, 58, 244, 73, 
-63, -24, 39, 43, -51, 7, -63, 58, 214, 53, 239, 73, 
-63, -29, 34, 46, -48, 2, -58, 63, 209, 53, 239, 68, 
-58, -24, 34, 41, -46, 4, -43, 73, 219, 43, 244, 48, 
-68, -43, 24, 56, -46, -9, -43, 73, 200, 29, 229, 43, 
-63, -48, 14, 56, -39, -17, -34, 78, 200, 24, 229, 43, 
-58, -43, 14, 51, -36, -14, -24, 78, 190, 14, 224, 43, 
-48, -53, -4, 51, -21, -29, -24, 78, 185, 4, 214, 24, 
-58, -58, 0, 58, -29, -29, -24, 78, 180, 0, 204, 19, 
-68, -92, -24, 80, -21, -58, -19, 78, 175, -4, 190, 9, 
-68, -97, -29, 82, -19, -63, -14, 78, 175, -9, 190, 9, 
-53, -87, -34, 70, -9, -61, -24, 68, 156, -14, 175, 0, 
-53, -102, -48, 78, -2, -75, -24, 68, 151, -34, 161, -14, 
-68, -122, -53, 95, -7, -87, -24, 58, 146, -43, 156, -24, 
-82, -136, -53, 109, -14, -95, -14, 58, 146, -48, 156, -29, 
-107, -146, -39, 126, -34, -92, -4, 63, 146, -39, 161, -29, 
-126, -146, -19, 136, -53, -82, 9, 68, 151, -48, 165, -29, 
-156, -161, -4, 158, -75, -82, 19, 78, 156, -48, 165, -29, 
-190, -170, 19, 180, -104, -75, 29, 82, 161, -48, 170, -24, 
-209, -170, 39, 190, -124, -65, 34, 82, 175, -39, 175, -29, 
-214, -165, 48, 190, -131, -58, 34, 82, 175, -48, 170, -29, 
-204, -165, 39, 185, -122, -63, 39, 82, 170, -48, 170, -29, 
-209, -165, 43, 187, -126, -61, 48, 87, 170, -39, 175, -29, 
-195, -161, 34, 178, -114, -63, 48, 97, 170, -48, 165, -34, 
-175, -146, 29, 161, -102, -58, 48, 102, 175, -48, 165, -34, 
-161, -136, 24, 148, -92, -56, 58, 102, 175, -53, 165, -39, 
-146, -131, 14, 139, -80, -58, 43, 97, 175, -53, 165, -48, 
-141, -146, -4, 143, -68, -75, 34, 97, 165, -58, 146, -63, 
-141, -156, -14, 148, -63, -85, 34, 97, 156, -68, 146, -63, 
-141, -156, -14, 148, -63, -85, 43, 102, 151, -73, 146, -73, 
-151, -156, -4, 153, -73, -80, 43, 102, 146, -78, 146, -73, 
-165, -156, 9, 161, -87, -73, 53, 112, 156, -68, 151, -68, 
-180, -161, 19, 170, -100, -70, 53, 112, 156, -73, 151, -58, 
-185, -165, 19, 175, -102, -73, 48, 112, 156, -73, 151, -48, 
-185, -170, 14, 178, -100, -78, 48, 112, 156, -68, 151, -43, 
-170, -180, -9, 175, -80, -95, 39, 107, 146, -73, 151, -48, 
-170, -180, -9, 175, -80, -95, 43, 102, 151, -78, 151, -53, 
-180, -180, 0, 180, -90, -90, 43, 97, 151, -82, 151, -58, 
-180, -180, 0, 180, -90, -90, 43, 92, 151, -87, 151, -63, 
-170, -175, -4, 173, -82, -90, 43, 102, 141, -97, 151, -63, 
-165, -180, -14, 173, -75, -97, 43, 107, 141, -97, 146, -68, 
-151, -175, -24, 163, -63, -100, 43, 107, 141, -97, 141, -68, 
-146, -165, -19, 156, -63, -92, 43, 107, 141, -97, 136, -68, 
-185, -156, 29, 170, -107, -63, 53, 117, 161, -97, 146, -58, 
-214, -151, 63, 183, -139, -43, 53, 112, 175, -87, 151, -48, 
-195, -117, 78, 156, -136, -19, 48, 92, 195, -58, 180, -29, 
-200, -87, 112, 143, -156, 12, 39, 82, 214, -29, 219, -4, 
-229, -73, 156, 151, -192, 41, 43, 73, 229, -14, 229, 9, 
-239, -87, 151, 163, -195, 31, 63, 82, 239, -29, 214, 0, 
-229, -87, 141, 158, -185, 26, 78, 92, 248, -34, 214, -9, 
-234, -102, 131, 168, -183, 14, 102, 126, 248, -34, 204, -9, 
-224, -126, 97, 175, -161, -14, 136, 156, 253, -29, 204, -4, 
-200, -141, 58, 170, -129, -41, 156, 195, 253, -19, 204, 4, 
-180, -175, 4, 178, -92, -85, 165, 229, 244, -14, 219, 14, 
-131, -209, -78, 170, -26, -143, 175, 292, 244, -14, 244, 19, 
-34, -234, -200, 134, 82, -217, 209, 419, 263, 4, 278, 43, 
63, -244, -307, 90, 185, -275, 273, 590, 317, 63, 356, 97, 
156, -214, -370, 29, 263, -292, 326, 780, 409, 136, 444, 170, 
297, -151, -448, -73, 373, -300, 336, 936, 497, 219, 541, 248, 
502, -68, -570, -217, 536, -319, 278, 1010, 566, 302, 639, 366, 
692, 29, -663, -361, 678, -317, 175, 980, 590, 361, 751, 497, 
824, 131, -692, -478, 758, -280, 68, 917, 541, 366, 810, 595, 
912, 195, -717, -553, 814, -261, -9, 849, 453, 331, 819, 649, 
971, 204, -766, -588, 868, -280, -53, 780, 375, 292, 810, 673, 
985, 209, -775, -597, 880, -283, -82, 658, 283, 219, 741, 634, 
946, 161, -785, -553, 866, -312, -92, 527, 161, 73, 585, 478, 
839, 9, -829, -424, 834, -409, -68, 414, -14, -136, 346, 258, 
678, -185, -863, -246, 771, -524, -29, 322, -190, -351, 112, 29, 
512, -297, -810, -107, 661, -553, -9, 195, -302, -488, -53, -126, 
370, -341, -712, -14, 541, -527, -9, 68, -326, -546, -131, -195, 
239, -366, -605, 63, 422, -485, 14, 0, -317, -561, -161, -244, 
146, -395, -541, 124, 344, -468, 68, 14, -297, -561, -195, -287, 
92, -400, -492, 153, 292, -446, 117, 63, -258, -531, -200, -283, 
63, -385, -448, 161, 256, -417, 112, 73, -224, -492, -180, -283, 
4, -346, -351, 170, 178, -348, 92, 63, -185, -468, -165, -273, 
-48, -292, -244, 170, 97, -268, 78, 92, -102, -395, -102, -224, 
-43, -239, -195, 141, 75, -217, 82, 161, -14, -297, 14, -141, 
-34, -209, -175, 122, 70, -192, 73, 190, 43, -234, 92, -78, 
-34, -175, -141, 104, 53, -158, 39, 165, 78, -209, 126, -58, 
-34, -122, -87, 78, 26, -104, 19, 151, 107, -185, 146, -43, 
-39, -136, -97, 87, 29, -117, 14, 151, 131, -165, 156, -29, 
-68, -165, -97, 117, 14, -131, 14, 141, 146, -156, 151, -29, 
-87, -151, -63, 119, -12, -107, 34, 141, 165, -141, 151, -29, 
-82, -161, -78, 122, -2, -119, 34, 131, 156, -141, 151, -43, 
-92, -165, -73, 129, -9, -119, 39, 126, 156, -146, 146, -48, 
-117, -170, -53, 143, -31, -112, 43, 122, 161, -156, 136, -58, 
-117, -180, -63, 148, -26, -122, 53, 112, 151, -165, 131, -63, 
-112, -170, -58, 141, -26, -114, 29, 122, 161, -156, 136, -58, 
-131, -161, -29, 146, -51, -95, 29, 107, 161, -161, 141, -53, 
-126, -136, -9, 131, -58, -73, 29, 102, 151, -161, 146, -48, 
-122, -126, -4, 124, -58, -65, 29, 102, 151, -156, 151, -48, 
-131, -146, -14, 139, -58, -80, 39, 102, 175, -141, 165, -48, 
-146, -156, -9, 151, -68, -82, 34, 102, 180, -131, 170, -43, 
-161, -161, 0, 161, -80, -80, 34, 102, 185, -131, 175, -43, 
-170, -170, 0, 170, -85, -85, 34, 102, 185, -131, 180, -43, 
-190, -170, 19, 180, -104, -75, 34, 87, 170, -141, 165, -53, 
-190, -170, 19, 180, -104, -75, 34, 87, 165, -156, 151, -68, 
-190, -175, 14, 183, -102, -80, 34, 87, 156, -170, 136, -87, 
-200, -175, 24, 187, -112, -75, 34, 78, 151, -185, 131, -92, 
-200, -170, 29, 185, -114, -70, 29, 68, 156, -185, 136, -92, 
-195, -165, 29, 180, -112, -68, 24, 68, 165, -175, 146, -87, 
-190, -161, 29, 175, -109, -65, 19, 73, 170, -175, 151, -87, 
-185, -156, 29, 170, -107, -63, 14, 78, 175, -165, 156, -87, 
-165, -156, 9, 161, -87, -73, 24, 82, 185, -156, 156, -97, 
-151, -151, 0, 151, -75, -75, 24, 87, 190, -156, 165, -102, 
-165, -136, 29, 151, -97, -53, 29, 92, 195, -156, 165, -107, 
-161, -131, 29, 146, -95, -51, 39, 97, 195, -156, 165, -107, 
-151, -126, 24, 139, -87, -51, 48, 107, 185, -146, 170, -97, 
-146, -126, 19, 136, -82, -53, 48, 107, 185, -146, 170, -92, 
-151, -136, 14, 143, -82, -61, 43, 112, 185, -151, 175, -82, 
-156, -141, 14, 148, -85, -63, 34, 112, 175, -161, 185, -73, 
-170, -146, 24, 158, -97, -61, 19, 102, 185, -161, 175, -82, 
-175, -151, 24, 163, -100, -63, 19, 97, 190, -156, 180, -78, 
-185, -156, 29, 170, -107, -63, 24, 92, 200, -141, 180, -73, 
-204, -161, 43, 183, -124, -58, 24, 87, 200, -141, 180, -73, 
-214, -165, 48, 190, -131, -58, 24, 78, 190, -161, 175, -78, 
-209, -170, 39, 190, -124, -65, 19, 73, 185, -170, 175, -78, 
-200, -165, 34, 183, -117, -65, 19, 73, 180, -170, 175, -78, 
-190, -170, 19, 180, -104, -75, 19, 73, 175, -170, 180, -78, 
-200, -165, 34, 183, -117, -65, 19, 82, 185, -170, 190, -73, 
-185, -161, 24, 173, -104, -68, 14, 82, 190, -165, 190, -58, 
-156, -151, 4, 153, -80, -73, 9, 82, 190, -165, 190, -53, 
-141, -141, 0, 141, -70, -70, 4, 87, 190, -161, 195, -43, 
-136, -122, 14, 129, -75, -53, -9, 73, 200, -146, 204, -24, 
-122, -107, 14, 114, -68, -46, -14, 68, 200, -131, 214, -24, 
-141, -92, 48, 117, -95, -21, -14, 63, 204, -126, 219, -14, 
-146, -78, 68, 112, -107, -4, -14, 58, 204, -126, 234, -9, 
-165, -63, 102, 114, -134, 19, -9, 63, 209, -141, 234, 0, 
-170, -63, 107, 117, -139, 21, -4, 68, 209, -146, 234, 9, 
-170, -58, 112, 114, -141, 26, 0, 73, 209, -146, 234, 9, 
-161, -48, 112, 104, -136, 31, 4, 78, 209, -141, 234, 9, 
-180, -58, 122, 119, -151, 31, -4, 68, 200, -151, 229, 4, 
-190, -73, 117, 131, -153, 21, -4, 68, 200, -151, 229, 0, 
-190, -82, 107, 136, -148, 12, -4, 73, 204, -151, 229, 4, 
-175, -82, 92, 129, -134, 4, -4, 78, 214, -141, 229, 9, 
-185, -87, 97, 136, -141, 4, 4, 82, 214, -151, 219, 4, 
-185, -107, 78, 146, -131, -14, 0, 82, 209, -161, 219, -4, 
-195, -112, 82, 153, -139, -14, 0, 78, 204, -161, 219, -19, 
-200, -112, 87, 156, -143, -12, -14, 82, 200, -161, 214, -29, 
-209, -97, 112, 153, -161, 7, -9, 82, 209, -170, 209, -24, 
-195, -78, 117, 136, -156, 19, 0, 82, 209, -165, 209, -19, 
-195, -87, 107, 141, -151, 9, 4, 82, 209, -165, 209, -14, 
-219, -92, 126, 156, -173, 17, -4, 82, 209, -170, 209, -9, 
-190, -82, 107, 136, -148, 12, -9, 82, 214, -165, 229, -4, 
-175, -73, 102, 124, -139, 14, -9, 78, 214, -156, 234, 0, 
-161, -63, 97, 112, -129, 17, -9, 73, 214, -151, 239, 4, 
-141, -43, 97, 92, -119, 26, -14, 68, 214, -146, 248, 9, 
-156, -34, 122, 95, -139, 43, -14, 78, 224, -141, 263, 14, 
-165, -48, 117, 107, -141, 34, -9, 82, 224, -136, 263, 14, 
-170, -48, 122, 109, -146, 36, -9, 87, 224, -131, 268, 19, 
-161, -48, 112, 104, -136, 31, -14, 92, 219, -126, 268, 24, 
-156, -53, 102, 104, -129, 24, -29, 82, 229, -141, 258, 19, 
-141, -53, 87, 97, -114, 17, -29, 82, 224, -146, 253, 19, 
-126, -39, 87, 82, -107, 24, -24, 82, 224, -146, 253, 24, 
-122, -39, 82, 80, -102, 21, -24, 82, 224, -146, 248, 29, 
-136, -58, 78, 97, -107, 9, -19, 87, 224, -156, 258, 39, 
-141, -48, 92, 95, -117, 21, -19, 102, 229, -146, 258, 39, 
-136, -48, 87, 92, -112, 19, -19, 107, 239, -141, 258, 43, 
-131, -43, 87, 87, -109, 21, -29, 112, 239, -141, 258, 43, 
-126, -39, 87, 82, -107, 24, -34, 102, 224, -151, 258, 48, 
-107, -39, 68, 73, -87, 14, -39, 92, 219, -151, 258, 58, 
-102, -39, 63, 70, -82, 12, -43, 82, 214, -146, 263, 78, 
-87, -34, 53, 61, -70, 9, -53, 73, 214, -141, 273, 92, 
-73, -19, 53, 46, -63, 17, -43, 78, 219, -136, 278, 117, 
-68, -19, 48, 43, -58, 14, -48, 82, 219, -146, 278, 126, 
-58, -19, 39, 39, -48, 9, -48, 87, 224, -151, 273, 136, 
-53, -19, 34, 36, -43, 7, -48, 92, 229, -151, 268, 146, 
-63, -29, 34, 46, -48, 2, -39, 97, 234, -146, 287, 170, 
-87, -29, 58, 58, -73, 14, -39, 107, 239, -136, 287, 180, 
-82, -19, 63, 51, -73, 21, -43, 112, 239, -131, 287, 190, 
-78, -19, 58, 48, -68, 19, -53, 112, 244, -126, 287, 200, 
-87, -29, 58, 58, -73, 14, -48, 117, 244, -131, 273, 209, 
-82, -34, 48, 58, -65, 7, -58, 112, 239, -136, 263, 209, 
-78, -39, 39, 58, -58, 0, -58, 117, 239, -141, 263, 209, 
-78, -48, 29, 63, -53, -9, -58, 122, 239, -146, 268, 224, 
-63, -48, 14, 56, -39, -17, -58, 112, 229, -156, 263, 219, 
-58, -53, 4, 56, -31, -24, -63, 107, 224, -161, 258, 214, 
-53, -53, 0, 53, -26, -26, -63, 107, 224, -161, 253, 209, 
-43, -53, -9, 48, -17, -31, -58, 117, 229, -156, 258, 214, 
-24, -34, -9, 29, -7, -21, -58, 122, 224, -141, 278, 244, 
-4, -24, -19, 14, 7, -21, -63, 126, 224, -136, 278, 258, 
9, -14, -24, 2, 17, -19, -63, 131, 229, -141, 273, 263, 
24, 0, -24, -12, 24, -12, -63, 136, 229, -136, 273, 278, 
34, 4, -29, -19, 31, -12, -78, 117, 229, -131, 263, 287, 
34, 0, -34, -17, 34, -17, -82, 117, 229, -126, 263, 292, 
29, -14, -43, -7, 36, -29, -82, 117, 234, -126, 263, 302, 
29, -19, -48, -4, 39, -34, -82, 112, 248, -126, 268, 312, 
19, -24, -43, 2, 31, -34, -92, 97, 244, -131, 273, 326, 
19, -24, -43, 2, 31, -34, -97, 97, 234, -136, 278, 326, 
29, -34, -63, 2, 46, -48, -102, 92, 229, -136, 283, 331, 
24, -34, -58, 4, 41, -46, -107, 87, 224, -136, 287, 336, 
24, -24, -48, 0, 36, -36, -102, 92, 234, -122, 292, 356, 
24, -14, -39, -4, 31, -26, -97, 97, 239, -117, 297, 366, 
24, -24, -48, 0, 36, -36, -102, 92, 244, -117, 287, 375, 
24, -24, -48, 0, 36, -36, -97, 87, 239, -112, 292, 385, 
19, -24, -43, 2, 31, -34, -78, 97, 244, -107, 297, 400, 
9, -29, -39, 9, 24, -34, -68, 102, 248, -102, 297, 400, 
9, -39, -48, 14, 29, -43, -63, 107, 258, -97, 297, 395, 
0, -53, -53, 26, 26, -53, -53, 112, 268, -92, 287, 390, 
-9, -58, -48, 34, 19, -53, -58, 102, 258, -102, 268, 375, 
-9, -58, -48, 34, 19, -53, -63, 97, 248, -117, 263, 375, 
-9, -63, -53, 36, 21, -58, -68, 92, 234, -126, 253, 375, 
-9, -68, -58, 39, 24, -63, -68, 87, 224, -131, 248, 380, 
0, -87, -87, 43, 43, -87, -68, 97, 224, -131, 229, 375, 
4, -87, -92, 41, 48, -90, -73, 97, 219, -141, 219, 366, 
4, -92, -97, 43, 51, -95, -78, 97, 214, -146, 204, 361, 
-4, -92, -87, 48, 41, -90, -82, 97, 209, -151, 195, 351, 
-14, -87, -73, 51, 29, -80, -68, 102, 219, -141, 195, 351, 
-19, -92, -73, 56, 26, -82, -48, 107, 219, -141, 200, 351, 
-24, -92, -68, 58, 21, -80, -34, 112, 219, -136, 195, 351, 
-29, -87, -58, 58, 14, -73, -19, 126, 219, -131, 195, 356, 
-14, -78, -63, 46, 24, -70, -9, 122, 229, -126, 190, 366, 
-14, -92, -78, 53, 31, -85, -4, 126, 239, -112, 190, 361, 
-9, -92, -82, 51, 36, -87, 0, 126, 244, -107, 190, 361, 
4, -92, -97, 43, 51, -95, 0, 126, 244, -107, 190, 361, 
9, -107, -117, 48, 63, -112, -14, 126, 224, -117, 180, 346, 
-4, -112, -107, 58, 51, -109, -14, 122, 219, -122, 170, 346, 
-9, -126, -117, 68, 53, -122, -14, 122, 209, -122, 165, 336, 
-14, -131, -117, 73, 51, -124, -14, 117, 204, -126, 161, 336, 
4, -126, -131, 61, 68, -129, -19, 107, 204, -136, 141, 341, 
4, -131, -136, 63, 70, -134, -14, 107, 204, -136, 131, 331, 
9, -141, -151, 65, 80, -146, -9, 112, 204, -131, 126, 331, 
19, -141, -161, 61, 90, -151, -4, 112, 204, -126, 126, 336, 
34, -136, -170, 51, 102, -153, 4, 107, 204, -126, 117, 336, 
48, -136, -185, 43, 117, -161, 4, 112, 204, -126, 117, 341, 
58, -141, -200, 41, 129, -170, 4, 112, 200, -126, 122, 341, 
58, -141, -200, 41, 129, -170, 4, 107, 195, -126, 122, 326, 
48, -141, -190, 46, 119, -165, -4, 97, 190, -117, 117, 336, 
48, -141, -190, 46, 119, -165, -4, 97, 185, -122, 107, 336, 
43, -146, -190, 51, 117, -168, -9, 97, 170, -126, 102, 331, 
39, -146, -185, 53, 112, -165, -9, 92, 165, -126, 97, 326, 
48, -161, -209, 56, 129, -185, -14, 82, 165, -122, 87, 336, 
39, -165, -204, 63, 122, -185, -14, 82, 165, -126, 87, 331, 
39, -170, -209, 65, 124, -190, -19, 82, 165, -126, 87, 331, 
34, -175, -209, 70, 122, -192, -14, 92, 175, -117, 92, 341, 
53, -156, -209, 51, 131, -183, -24, 92, 185, -102, 92, 356, 
68, -141, -209, 36, 139, -175, -24, 92, 180, -102, 92, 356, 
92, -131, -224, 19, 158, -178, -24, 92, 180, -92, 92, 356, 
107, -122, -229, 7, 168, -175, -24, 92, 185, -92, 97, 361, 
117, -117, -234, 0, 175, -175, -34, 87, 170, -92, 92, 361, 
122, -117, -239, -2, 180, -178, -34, 82, 165, -97, 87, 361, 
122, -112, -234, -4, 178, -173, -29, 78, 161, -97, 82, 361, 
112, -112, -224, 0, 168, -168, -29, 73, 151, -97, 73, 361, 
102, -126, -229, 12, 165, -178, -43, 78, 161, -92, 78, 366, 
102, -131, -234, 14, 168, -183, -43, 78, 161, -92, 73, 366, 
122, -131, -253, 4, 187, -192, -43, 78, 161, -87, 73, 366, 
136, -136, -273, 0, 204, -204, -43, 78, 161, -87, 78, 366, 
151, -146, -297, -2, 224, -222, -53, 68, 151, -92, 63, 366, 
156, -151, -307, -2, 231, -229, -58, 63, 141, -97, 53, 366, 
151, -156, -307, 2, 229, -231, -58, 58, 136, -102, 43, 366, 
136, -156, -292, 9, 214, -224, -68, 53, 131, -107, 34, 361, 
136, -136, -273, 0, 204, -204, -78, 43, 141, -87, 34, 370, 
151, -131, -283, -9, 217, -207, -73, 48, 146, -87, 34, 380, 
151, -126, -278, -12, 214, -202, -68, 48, 146, -87, 39, 395, 
126, -131, -258, 2, 192, -195, -63, 48, 146, -87, 43, 405, 
136, -136, -273, 0, 204, -204, -63, 48, 136, -78, 39, 414, 
141, -136, -278, -2, 209, -207, -68, 43, 136, -82, 39, 409, 
156, -141, -297, -7, 226, -219, -68, 43, 136, -82, 29, 409, 
161, -126, -287, -17, 224, -207, -73, 43, 136, -82, 24, 414, 
175, -112, -287, -31, 231, -200, -63, 43, 126, -82, 9, 409, 
185, -112, -297, -36, 241, -204, -58, 43, 126, -78, 9, 405, 
195, -107, -302, -43, 248, -204, -58, 43, 126, -78, 9, 400, 
204, -102, -307, -51, 256, -204, -58, 43, 126, -78, 9, 395, 
214, -92, -307, -61, 261, -200, -63, 39, 126, -68, 0, 395, 
200, -102, -302, -48, 251, -202, -63, 34, 126, -73, 0, 395, 
195, -102, -297, -46, 246, -200, -63, 34, 122, -73, 0, 395, 
190, -102, -292, -43, 241, -197, -68, 34, 122, -82, -4, 390, 
190, -102, -292, -43, 241, -197, -78, 24, 112, -82, -9, 395, 
200, -102, -302, -48, 251, -202, -82, 19, 112, -78, -9, 400, 
219, -102, -322, -58, 270, -212, -82, 19, 117, -73, -4, 405, 
239, -102, -341, -68, 290, -222, -87, 14, 117, -68, 0, 409, 
239, -92, -331, -73, 285, -212, -97, 4, 117, -58, 9, 414, 
234, -92, -326, -70, 280, -209, -97, 4, 117, -53, 4, 414, 
214, -87, -302, -63, 258, -195, -97, 4, 117, -53, 4, 414, 
214, -87, -302, -63, 258, -195, -97, 4, 117, -48, 4, 414, 
219, -97, -317, -61, 268, -207, -107, 4, 107, -48, 0, 409, 
229, -97, -326, -65, 278, -212, -107, 0, 102, -48, -4, 400, 
224, -87, -312, -68, 268, -200, -107, 0, 102, -53, -19, 395, 
214, -87, -302, -63, 258, -195, -107, 0, 102, -58, -24, 390, 
209, -97, -307, -56, 258, -202, -97, 0, 107, -48, -24, 390, 
209, -102, -312, -53, 261, -207, -97, 4, 112, -43, -9, 385, 
214, -102, -317, -56, 265, -209, -97, 4, 112, -39, -4, 380, 
224, -102, -326, -61, 275, -214, -97, 4, 112, -39, 0, 380, 
258, -102, -361, -78, 309, -231, -107, -4, 97, -43, -4, 366, 
258, -102, -361, -78, 309, -231, -112, -4, 92, -43, -9, 366, 
239, -97, -336, -70, 287, -217, -112, -4, 87, -53, -14, 366, 
244, -92, -336, -75, 290, -214, -117, -4, 82, -53, -24, 366, 
204, -82, -287, -61, 246, -185, -87, 24, 122, -4, 14, 405, 
185, -107, -292, -39, 239, -200, -78, 9, 117, 0, 9, 400, 
200, -92, -292, -53, 246, -192, -82, 9, 107, -9, 0, 385, 
204, -87, -292, -58, 248, -190, -87, 9, 107, -9, 0, 380, 
209, -82, -292, -63, 251, -187, -92, 9, 107, -9, 0, 375, 
214, -78, -292, -68, 253, -185, -97, 9, 107, -9, 0, 370, 
229, -68, -297, -80, 263, -183, -107, 4, 97, -19, -4, 361, 
229, -68, -297, -80, 263, -183, -112, 0, 102, -19, -9, 361, 
229, -82, -312, -73, 270, -197, -117, 0, 102, -19, -14, 356, 
234, -82, -317, -75, 275, -200, -122, -4, 102, -19, -19, 351, 
209, -97, -307, -56, 258, -202, -112, -9, 92, -19, -34, 341, 
200, -102, -302, -48, 251, -202, -112, -14, 97, -19, -39, 326, 
195, -102, -297, -46, 246, -200, -112, -19, 97, -14, -43, 312, 
190, -107, -297, -41, 244, -202, -112, -24, 97, -14, -48, 297, 
204, -97, -302, -53, 253, -200, -97, -14, 102, 4, -29, 307, 
214, -87, -302, -63, 258, -195, -97, -4, 107, 14, -19, 312, 
219, -73, -292, -73, 256, -183, -102, 4, 112, 19, -9, 322, 
224, -63, -287, -80, 256, -175, -102, 14, 117, 29, 0, 331, 
248, -53, -302, -97, 275, -178, -102, 9, 122, 29, -4, 331, 
268, -43, -312, -112, 290, -178, -97, 14, 122, 29, -9, 331, 
244, -29, -273, -107, 258, -151, -97, 14, 136, 29, -4, 331, 
258, -24, -283, -117, 270, -153, -97, 14, 136, 29, -9, 341, 
258, -19, -278, -119, 268, -148, -92, 14, 146, 39, -4, 351, 
253, -14, -268, -119, 261, -141, -87, 14, 161, 43, 0, 356, 
248, -9, -258, -119, 253, -134, -82, 19, 165, 58, 9, 356, 
234, 4, -229, -119, 231, -112, -73, 19, 175, 68, 9, 356, 
253, 0, -253, -126, 253, -126, -87, 19, 175, 68, 4, 346, 
268, 0, -268, -134, 268, -134, -92, 14, 175, 68, 9, 351, 
268, 14, -253, -141, 261, -119, -97, 19, 180, 68, 19, 351, 
258, 14, -244, -136, 251, -114, -102, 14, 175, 73, 19, 366, 
253, 24, -229, -139, 241, -102, -122, 9, 175, 87, 19, 375, 
248, 24, -224, -136, 236, -100, -131, 9, 175, 87, 19, 375, 
244, 29, -214, -136, 229, -92, -141, -4, 175, 87, 19, 370, 
239, 43, -195, -141, 217, -75, -146, -4, 170, 87, 24, 366, 
224, 24, -200, -124, 212, -87, -141, 0, 175, 97, 29, 370, 
209, 0, -209, -104, 209, -104, -141, 4, 185, 107, 34, 375, 
200, -9, -209, -95, 204, -109, -146, 9, 190, 112, 43, 385, 
190, -4, -195, -92, 192, -100, -151, 4, 195, 117, 53, 390, 
214, 19, -195, -117, 204, -87, -175, -9, 185, 117, 48, 385, 
229, 43, -185, -136, 207, -70, -190, -14, 185, 112, 43, 380, 
253, 48, -204, -151, 229, -78, -195, -14, 185, 107, 39, 380, 
258, 48, -209, -153, 234, -80, -195, -14, 180, 92, 34, 375, 
273, 53, -219, -163, 246, -82, -190, -14, 175, 97, 19, 366, 
273, 58, -214, -165, 244, -78, -185, -9, 175, 97, 19, 361, 
283, 63, -219, -173, 251, -78, -175, -4, 175, 97, 19, 356, 
287, 78, -209, -183, 248, -65, -165, 4, 180, 102, 24, 361, 
297, 68, -229, -183, 263, -80, -175, 0, 170, 102, 19, 366, 
283, 58, -224, -170, 253, -82, -175, -4, 165, 97, 19, 366, 
278, 39, -239, -158, 258, -100, -170, -9, 165, 87, 14, 366, 
278, 29, -248, -153, 263, -109, -165, -14, 161, 82, 14, 361, 
278, 9, -268, -143, 273, -129, -151, -4, 161, 82, 19, 351, 
263, -14, -278, -124, 270, -146, -151, -4, 141, 68, 4, 346, 
263, -24, -287, -119, 275, -156, -141, 0, 141, 63, 4, 346, 
263, -24, -287, -119, 275, -156, -131, 0, 131, 53, 0, 346, 
253, -14, -268, -119, 261, -141, -112, 9, 136, 53, 0, 326, 
244, -9, -253, -117, 248, -131, -112, 9, 131, 48, -9, 322, 
234, -34, -268, -100, 251, -151, -107, 9, 126, 43, -24, 312, 
234, -29, -263, -102, 248, -146, -102, 9, 126, 39, -24, 312, 
239, -29, -268, -104, 253, -148, -102, 9, 126, 48, -29, 307, 
239, -43, -283, -97, 261, -163, -102, 9, 122, 34, -43, 287, 
224, -63, -287, -80, 256, -175, -102, 0, 117, 29, -48, 273, 
209, -78, -287, -65, 248, -183, -92, 0, 117, 29, -48, 263, 
200, -82, -283, -58, 241, -183, -87, 14, 122, 29, -48, 258, 
185, -87, -273, -48, 229, -180, -78, 19, 122, 19, -48, 253, 
161, -107, -268, -26, 214, -187, -73, 29, 122, 19, -53, 248, 
131, -122, -253, -4, 192, -187, -68, 34, 122, 19, -53, 248, 
136, -117, -253, -9, 195, -185, -68, 19, 117, 4, -73, 239, 
146, -117, -263, -14, 204, -190, -73, 14, 107, -9, -82, 234, 
170, -122, -292, -24, 231, -207, -73, 9, 92, -14, -87, 229, 
180, -126, -307, -26, 244, -217, -68, 9, 82, -9, -87, 224, 
170, -126, -297, -21, 234, -212, -78, 19, 87, 0, -78, 229, 
165, -117, -283, -24, 224, -200, -78, 24, 97, 0, -78, 239, 
156, -112, -268, -21, 212, -190, -68, 24, 102, -4, -78, 244, 
146, -112, -258, -17, 202, -185, -82, 19, 107, -4, -78, 244, 
131, -126, -258, -2, 195, -192, -78, 19, 112, 0, -82, 248, 
131, -136, -268, 2, 200, -202, -73, 19, 107, 0, -78, 248, 
131, -136, -268, 2, 200, -202, -58, 24, 107, 4, -73, 239, 
122, -136, -258, 7, 190, -197, -53, 24, 107, 9, -68, 239, 
117, -141, -258, 12, 187, -200, -63, 24, 97, 4, -68, 229, 
102, -141, -244, 19, 173, -192, -63, 24, 97, -4, -73, 224, 
97, -141, -239, 21, 168, -190, -68, 24, 97, -9, -78, 219, 
97, -141, -239, 21, 168, -190, -68, 24, 97, -9, -82, 209, 
112, -136, -248, 12, 180, -192, -68, 14, 87, -19, -82, 204, 
122, -131, -253, 4, 187, -192, -63, 14, 92, -19, -82, 200, 
122, -126, -248, 2, 185, -187, -63, 14, 92, -19, -82, 195, 
131, -122, -253, -4, 192, -187, -63, 14, 92, -19, -82, 190, 
122, -126, -248, 2, 185, -187, -53, 24, 92, -9, -78, 180, 
117, -141, -258, 12, 187, -200, -53, 29, 92, -9, -78, 175, 
122, -146, -268, 12, 195, -207, -53, 29, 92, -9, -78, 175, 
117, -146, -263, 14, 190, -204, -53, 29, 92, -9, -78, 175, 
136, -107, -244, -14, 190, -175, -53, 29, 122, 9, -48, 185, 
107, -102, -209, -2, 158, -156, -63, 14, 117, 9, -43, 195, 
97, -87, -185, -4, 141, -136, -68, 4, 126, 19, -43, 195, 
122, -58, -180, -31, 151, -119, -68, 4, 146, 39, -24, 190, 
131, -63, -195, -34, 163, -129, -63, 4, 170, 53, -4, 195, 
102, -78, -180, -12, 141, -129, -63, 4, 170, 48, -9, 195, 
53, -78, -131, 12, 92, -104, -48, 14, 170, 53, -19, 175, 
39, -82, -122, 21, 80, -102, -14, 48, 180, 63, -9, 175, 
68, -78, -146, 4, 107, -112, 29, 107, 195, 68, 9, 190, 
82, -102, -185, 9, 134, -143, 48, 136, 185, 68, 9, 180, 
73, -156, -229, 41, 151, -192, 48, 161, 175, 63, 14, 180, 
131, -190, -322, 29, 226, -256, 58, 224, 175, 73, 48, 204, 
219, -165, -385, -26, 302, -275, 102, 331, 185, 92, 73, 239, 
326, -165, -492, -80, 409, -329, 146, 453, 219, 122, 112, 273, 
458, -195, -653, -131, 556, -424, 161, 585, 253, 156, 151, 307, 
610, -200, -810, -204, 710, -505, 141, 722, 292, 190, 209, 366, 
795, -117, -912, -339, 854, -514, 122, 863, 351, 253, 307, 453, 
956, 19, -936, -488, 946, -458, 78, 922, 424, 361, 439, 605, 
1058, 131, -927, -595, 993, -397, -9, 897, 453, 444, 556, 741, 
1185, 204, -980, -695, 1083, -387, -87, 839, 424, 448, 614, 824, 
1302, 273, -1029, -788, 1166, -378, -141, 771, 346, 419, 614, 849, 
1317, 278, -1039, -797, 1178, -380, -170, 639, 253, 336, 546, 810, 
1220, 219, -1000, -719, 1110, -390, -180, 488, 141, 200, 390, 683, 
1083, 107, -976, -595, 1029, -434, -126, 356, 14, 39, 190, 483, 
951, -48, -1000, -451, 976, -524, -68, 273, -131, -146, -43, 244, 
775, -161, -936, -307, 856, -549, -19, 146, -253, -283, -239, 48, 
566, -214, -780, -175, 673, -497, -9, 0, -287, -341, -307, -29, 
424, -229, -653, -97, 539, -441, 4, -107, -287, -336, -317, -58, 
361, -258, -619, -51, 490, -439, 19, -131, -287, -346, -351, -82, 
248, -302, -551, 26, 400, -427, 58, -92, -268, -356, -356, -117, 
122, -356, -478, 117, 300, -417, 82, -53, -244, -336, -346, -117, 
53, -375, -429, 161, 241, -402, 73, -53, -214, -312, -341, -117, 
39, -322, -361, 141, 200, -341, 39, -43, -170, -268, -307, -87, 
82, -239, -322, 78, 202, -280, 4, 14, -92, -200, -239, -53, 
161, -170, -331, 4, 246, -251, -24, 73, -24, -136, -170, 0, 
190, -136, -326, -26, 258, -231, -48, 68, 9, -92, -117, 39, 
180, -122, -302, -29, 241, -212, -68, 53, 29, -58, -87, 73, 
175, -117, -292, -29, 234, -204, -73, 53, 43, -48, -78, 78, 
175, -126, -302, -24, 239, -214, -73, 63, 58, -29, -63, 87, 
195, -151, -346, -21, 270, -248, -63, 63, 68, -24, -53, 97, 
180, -141, -322, -19, 251, -231, -63, 73, 68, -24, -39, 92, 
170, -136, -307, -17, 239, -222, -58, 68, 78, -19, -39, 97, 
146, -131, -278, -7, 212, -204, -53, 63, 92, -19, -43, 97, 
146, -131, -278, -7, 212, -204, -43, 53, 92, -19, -43, 102, 
122, -141, -263, 9, 192, -202, -68, 53, 92, -9, -34, 102, 
82, -141, -224, 29, 153, -183, -68, 39, 92, -14, -34, 102, 
68, -126, -195, 29, 131, -161, -68, 34, 82, -14, -34, 102, 
53, -126, -180, 36, 117, -153, -68, 34, 82, -9, -34, 97, 
48, -126, -175, 39, 112, -151, -78, 14, 87, -14, -34, 92, 
39, -126, -165, 43, 102, -146, -82, 14, 92, -4, -34, 92, 
29, -122, -151, 46, 90, -136, -82, 14, 97, -4, -34, 87, 
24, -122, -146, 48, 85, -134, -82, 14, 97, -4, -34, 82, 
24, -131, -156, 53, 90, -143, -68, 24, 107, 0, -19, 87, 
34, -131, -165, 48, 100, -148, -63, 29, 107, 0, -24, 87, 
43, -136, -180, 46, 112, -158, -58, 34, 102, 0, -29, 82, 
43, -136, -180, 46, 112, -158, -53, 29, 102, 0, -24, 92, 
48, -126, -175, 39, 112, -151, -53, 29, 102, -4, -24, 82, 
58, -117, -175, 29, 117, -146, -53, 29, 107, 0, -19, 87, 
68, -107, -175, 19, 122, -141, -53, 34, 107, -4, -19, 87, 
78, -97, -175, 9, 126, -136, -53, 39, 107, 0, -19, 87, 
68, -112, -180, 21, 124, -146, -43, 39, 112, 9, -29, 87, 
63, -122, -185, 29, 124, -153, -43, 39, 122, 9, -19, 82, 
29, -122, -151, 46, 90, -136, -39, 39, 131, 9, -19, 78, 
14, -131, -146, 58, 80, -139, -29, 39, 136, 9, -19, 78, 
29, -126, -156, 48, 92, -141, -34, 29, 131, 4, -19, 87, 
39, -126, -165, 43, 102, -146, -39, 29, 126, 0, -24, 92, 
39, -136, -175, 48, 107, -156, -48, 34, 122, -9, -24, 102, 
39, -141, -180, 51, 109, -161, -63, 34, 107, -24, -19, 112, 
29, -126, -156, 48, 92, -141, -58, 19, 107, -14, -19, 102, 
29, -122, -151, 46, 90, -136, -58, 19, 112, -9, -14, 107, 
24, -117, -141, 46, 82, -129, -53, 19, 122, 4, -14, 112, 
9, -112, -122, 51, 65, -117, -53, 19, 122, 4, -14, 112, 
24, -122, -146, 48, 85, -134, -63, 9, 112, -9, -24, 97, 
34, -122, -156, 43, 95, -139, -68, 4, 107, -24, -29, 97, 
48, -112, -161, 31, 104, -136, -68, 4, 102, -29, -34, 97, 
63, -112, -175, 24, 119, -143, -68, 4, 97, -34, -34, 97, 
29, -126, -156, 48, 92, -141, -63, 19, 102, -24, -29, 102, 
29, -131, -161, 51, 95, -146, -63, 24, 112, -19, -24, 117, 
43, -131, -175, 43, 109, -153, -63, 29, 117, -19, -19, 122, 
43, -131, -175, 43, 109, -153, -63, 39, 122, -14, -9, 131, 
29, -136, -165, 53, 97, -151, -63, 48, 131, -9, -4, 141, 
34, -136, -170, 51, 102, -153, -63, 48, 131, 4, 0, 141, 
4, -136, -141, 65, 73, -139, -58, 48, 136, 9, 0, 151, 
-9, -136, -126, 73, 58, -131, -53, 48, 136, 9, 9, 156, 
-4, -122, -117, 63, 56, -119, -53, 39, 122, -4, 0, 141, 
4, -122, -126, 58, 65, -124, -53, 39, 122, -9, 0, 146, 
19, -117, -136, 48, 78, -126, -53, 39, 122, -9, 0, 141, 
43, -107, -151, 31, 97, -129, -53, 39, 122, -4, 0, 136, 
14, -107, -122, 46, 68, -114, -53, 48, 131, -4, 0, 131, 
4, -112, -117, 53, 61, -114, -53, 48, 131, -4, 4, 126, 
4, -112, -117, 53, 61, -114, -53, 53, 136, -4, 9, 131, 
19, -102, -122, 41, 70, -112, -53, 58, 146, 4, 14, 136, 
9, -102, -112, 46, 61, -107, -53, 53, 136, 4, 4, 136, 
9, -117, -126, 53, 68, -122, -58, 43, 131, -4, 4, 131, 
0, -117, -117, 58, 58, -117, -58, 29, 126, -4, 4, 122, 
-4, -112, -107, 58, 51, -109, -73, 24, 122, -4, 0, 117, 
14, -87, -102, 36, 58, -95, -58, 39, 136, 0, 4, 126, 
39, -68, -107, 14, 73, -87, -48, 43, 141, 9, 14, 126, 
48, -78, -126, 14, 87, -102, -43, 48, 146, 14, 24, 126, 
34, -82, -117, 24, 75, -100, -53, 53, 151, 14, 34, 126, 
39, -78, -117, 19, 78, -97, -63, 58, 156, 4, 43, 117, 
39, -73, -112, 17, 75, -92, -58, 58, 156, 9, 39, 117, 
39, -68, -107, 14, 73, -87, -53, 58, 156, 9, 34, 117, 
43, -53, -97, 4, 70, -75, -53, 58, 156, 9, 34, 117, 
24, -58, -82, 17, 53, -70, -58, 58, 151, 0, 34, 107, 
9, -78, -87, 34, 48, -82, -58, 53, 146, 0, 29, 102, 
0, -82, -82, 41, 41, -82, -63, 48, 141, 0, 29, 102, 
4, -87, -92, 41, 48, -90, -73, 43, 131, 0, 24, 102, 
9, -73, -82, 31, 46, -78, -82, 34, 146, 9, 24, 97, 
24, -73, -97, 24, 61, -85, -87, 34, 146, 9, 29, 97, 
39, -58, -97, 9, 68, -78, -87, 34, 151, 14, 39, 102, 
43, -58, -102, 7, 73, -80, -92, 34, 156, 19, 43, 107, 
24, -68, -92, 21, 58, -80, -92, 39, 165, 29, 58, 117, 
24, -58, -82, 17, 53, -70, -87, 53, 170, 39, 63, 117, 
34, -58, -92, 12, 63, -75, -82, 58, 180, 43, 68, 122, 
43, -53, -97, 4, 70, -75, -87, 63, 180, 43, 73, 122, 
34, -48, -82, 7, 58, -65, -78, 63, 180, 34, 68, 112, 
48, -48, -97, 0, 73, -73, -78, 63, 180, 34, 73, 117, 
48, -48, -97, 0, 73, -73, -78, 63, 180, 39, 82, 131, 
58, -43, -102, -7, 80, -73, -82, 63, 185, 43, 97, 141, 
58, -48, -107, -4, 82, -78, -92, 63, 195, 68, 97, 146, 
58, -48, -107, -4, 82, -78, -97, 63, 190, 58, 102, 146, 
63, -48, -112, -7, 87, -80, -97, 63, 190, 53, 102, 146, 
63, -48, -112, -7, 87, -80, -97, 63, 190, 53, 102, 146, 
63, -34, -97, -14, 80, -65, -87, 58, 180, 43, 107, 141, 
48, -29, -78, -9, 63, -53, -87, 58, 180, 48, 102, 141, 
63, -14, -78, -24, 70, -46, -92, 53, 175, 48, 97, 141, 
78, -9, -87, -34, 82, -48, -102, 43, 175, 48, 92, 141, 
68, -14, -82, -26, 75, -48, -107, 53, 170, 39, 68, 126, 
73, -14, -87, -29, 80, -51, -117, 43, 161, 29, 58, 122, 
78, -14, -92, -31, 85, -53, -117, 43, 156, 19, 58, 117, 
78, -19, -97, -29, 87, -58, -117, 43, 151, 9, 63, 126, 
87, -19, -107, -34, 97, -63, -126, 53, 161, 14, 73, 131, 
87, -24, -112, -31, 100, -68, -131, 48, 156, 14, 73, 136, 
87, -24, -112, -31, 100, -68, -131, 48, 156, 19, 73, 141, 
92, -24, -117, -34, 104, -70, -126, 58, 161, 29, 82, 156, 
78, -19, -97, -29, 87, -58, -126, 48, 165, 29, 102, 156, 
73, -24, -97, -24, 85, -61, -131, 48, 165, 29, 102, 151, 
63, -29, -92, -17, 78, -61, -131, 48, 170, 19, 97, 136, 
53, -29, -82, -12, 68, -56, -131, 48, 170, 19, 97, 131, 
68, -19, -87, -24, 78, -53, -126, 48, 170, 29, 107, 131, 
63, -19, -82, -21, 73, -51, -131, 48, 170, 39, 107, 126, 
53, -29, -82, -12, 68, -56, -131, 48, 175, 43, 107, 126, 
48, -29, -78, -9, 63, -53, -131, 43, 190, 48, 112, 126, 
53, -14, -68, -19, 61, -41, -126, 53, 180, 34, 112, 117, 
68, -4, -73, -31, 70, -39, -126, 58, 175, 29, 112, 112, 
92, -4, -97, -43, 95, -51, -126, 58, 175, 29, 112, 112, 
102, 4, -97, -53, 100, -46, -126, 58, 175, 29, 112, 112, 
112, 14, -97, -63, 104, -41, -136, 53, 170, 19, 107, 107, 
112, 24, -87, -68, 100, -31, -136, 48, 170, 19, 102, 102, 
112, 14, -97, -63, 104, -41, -146, 34, 170, 14, 82, 97, 
112, 14, -97, -63, 104, -41, -146, 19, 161, 14, 78, 92, 
87, 4, -82, -46, 85, -39, -141, 24, 161, 24, 87, 107, 
68, -9, -78, -29, 73, -43, -136, 24, 161, 24, 92, 107, 
58, -29, -87, -14, 73, -58, -136, 24, 165, 24, 97, 102, 
39, -53, -92, 7, 65, -73, -131, 24, 170, 24, 92, 97, 
24, -48, -73, 12, 48, -61, -112, 43, 185, 34, 102, 97, 
19, -39, -58, 9, 39, -48, -102, 48, 190, 29, 107, 102, 
14, -34, -48, 9, 31, -41, -92, 53, 190, 29, 107, 107, 
9, -29, -39, 9, 24, -34, -78, 58, 195, 34, 112, 117, 
0, -39, -39, 19, 19, -39, -82, 58, 200, 39, 107, 112, 
-4, -39, -34, 21, 14, -36, -82, 58, 200, 34, 102, 102, 
-14, -43, -29, 29, 7, -36, -82, 58, 200, 34, 92, 97, 
-34, -43, -9, 39, -12, -26, -82, 58, 200, 34, 87, 87, 
-29, -53, -24, 41, -2, -39, -82, 43, 185, 9, 73, 78, 
-29, -63, -34, 46, 2, -48, -78, 39, 180, -4, 73, 68, 
-29, -68, -39, 48, 4, -53, -78, 34, 175, -14, 63, 58, 
-29, -68, -39, 48, 4, -53, -78, 39, 170, -24, 58, 53, 
-29, -78, -48, 53, 9, -63, -58, 53, 180, -19, 58, 63, 
-43, -92, -48, 68, 2, -70, -53, 58, 190, -4, 63, 58, 
-53, -92, -39, 73, -7, -65, -48, 58, 195, 0, 68, 58, 
-53, -92, -39, 73, -7, -65, -48, 58, 195, 0, 73, 58, 
-53, -102, -48, 78, -2, -75, -39, 78, 190, 9, 68, 53, 
-73, -102, -29, 87, -21, -65, -34, 82, 190, 4, 63, 53, 
-82, -112, -29, 97, -26, -70, -29, 92, 185, 4, 63, 43, 
-92, -112, -19, 102, -36, -65, -24, 97, 185, 0, 63, 43, 
-78, -102, -24, 90, -26, -63, -19, 87, 185, -14, 63, 34, 
-82, -102, -19, 92, -31, -61, -14, 87, 185, -19, 53, 19, 
-82, -107, -24, 95, -29, -65, -9, 92, 185, -19, 48, 14, 
-78, -102, -24, 90, -26, -63, -4, 92, 185, -19, 48, 14, 
-92, -107, -14, 100, -39, -61, -4, 97, 180, -19, 48, 4, 
-87, -107, -19, 97, -34, -63, -4, 102, 185, -19, 48, 9, 
-87, -112, -24, 100, -31, -68, -4, 102, 185, -19, 53, 9, 
-97, -112, -14, 104, -41, -63, -4, 97, 185, -19, 53, -4, 
-97, -117, -19, 107, -39, -68, -4, 97, 195, -29, 43, -4, 
-97, -122, -24, 109, -36, -73, -4, 97, 195, -34, 39, -4, 
-102, -131, -29, 117, -36, -80, -9, 97, 185, -39, 39, -9, 
-107, -136, -29, 122, -39, -82, -9, 92, 185, -39, 39, -14, 
-107, -136, -29, 122, -39, -82, 0, 82, 175, -43, 29, -29, 
-117, -136, -19, 126, -48, -78, 4, 82, 175, -48, 29, -39, 
-117, -136, -19, 126, -48, -78, 4, 82, 175, -48, 29, -43, 
-122, -136, -14, 129, -53, -75, 14, 92, 185, -39, 34, -39, 
-131, -126, 4, 129, -68, -61, 4, 97, 195, -34, 39, -29, 
-136, -122, 14, 129, -75, -53, 4, 102, 190, -34, 43, -24, 
-131, -122, 9, 126, -70, -56, 4, 107, 190, -24, 48, -19, 
-136, -122, 14, 129, -75, -53, 4, 112, 195, -24, 58, -9, 
-136, -122, 14, 129, -75, -53, 4, 122, 200, -24, 58, -19, 
-131, -126, 4, 129, -68, -61, 4, 122, 204, -29, 58, -19, 
-131, -126, 4, 129, -68, -61, 9, 122, 209, -29, 58, -19, 
-141, -131, 9, 136, -75, -61, 9, 122, 209, -29, 53, -19, 
-146, -151, -4, 148, -70, -78, 4, 107, 204, -39, 58, -9, 
-151, -151, 0, 151, -75, -75, 4, 107, 200, -43, 53, -14, 
-136, -146, -9, 141, -63, -78, 4, 107, 195, -43, 53, -19, 
-126, -146, -19, 136, -53, -82, 4, 107, 190, -48, 58, -24, 
-126, -161, -34, 143, -46, -97, 4, 102, 190, -48, 53, -29, 
-126, -161, -34, 143, -46, -97, 0, 102, 190, -48, 53, -34, 
-136, -161, -24, 148, -56, -92, 0, 102, 195, -48, 53, -39, 
-156, -156, 0, 156, -78, -78, -9, 102, 200, -48, 53, -48, 
-146, -136, 9, 141, -78, -63, 0, 107, 209, -39, 63, -39, 
-122, -122, 0, 122, -61, -61, 4, 117, 214, -39, 63, -29, 
-112, -107, 4, 109, -58, -51, 9, 122, 214, -39, 68, -14, 
-126, -102, 24, 114, -75, -39, 14, 126, 214, -39, 73, -4, 
-131, -117, 14, 124, -73, -51, 14, 117, 204, -48, 78, -4, 
-131, -117, 14, 124, -73, -51, 9, 112, 204, -53, 78, -9, 
-122, -122, 0, 122, -61, -61, 9, 112, 204, -53, 68, -9, 
-122, -107, 14, 114, -68, -46, 4, 112, 204, -53, 63, -4, 
-117, -117, 0, 117, -58, -58, 0, 107, 195, -53, 58, -14, 
-117, -122, -4, 119, -56, -63, 0, 102, 195, -48, 58, -14, 
-117, -122, -4, 119, -56, -63, -4, 97, 195, -48, 58, -14, 
-117, -122, -4, 119, -56, -63, -9, 92, 195, -48, 58, -14, 
-102, -117, -14, 109, -43, -65, -4, 92, 200, -48, 68, -9, 
-112, -122, -9, 117, -51, -65, -4, 92, 204, -53, 68, -4, 
-112, -117, -4, 114, -53, -61, -4, 97, 204, -53, 68, 0, 
-112, -112, 0, 112, -56, -56, -9, 102, 209, -63, 63, 0, 
-126, -117, 9, 122, -68, -53, -14, 87, 200, -68, 68, 0, 
-131, -122, 9, 126, -70, -56, -14, 87, 200, -68, 68, 0, 
-126, -126, 0, 126, -63, -63, -9, 92, 204, -68, 73, 0, 
-122, -131, -9, 126, -56, -70, -9, 92, 204, -68, 78, 0, 
-107, -126, -19, 117, -43, -73, 0, 97, 214, -58, 68, 4, 
-107, -122, -14, 114, -46, -68, 0, 102, 214, -53, 63, 4, 
-122, -112, 9, 117, -65, -51, 0, 107, 214, -53, 63, 4, 
-117, -107, 9, 112, -63, -48, 0, 112, 214, -48, 63, 4, 
-102, -117, -14, 109, -43, -65, -9, 107, 214, -58, 73, 14, 
-92, -117, -24, 104, -34, -70, -9, 97, 209, -58, 73, 9, 
-97, -107, -9, 102, -43, -58, -9, 92, 209, -63, 63, 9, 
-107, -107, 0, 107, -53, -53, -9, 87, 209, -68, 63, 9, 
-122, -126, -4, 124, -58, -65, -19, 87, 214, -58, 53, 4, 
-131, -131, 0, 131, -65, -65, -19, 92, 219, -53, 68, 4, 
-136, -131, 4, 134, -70, -63, -19, 92, 219, -48, 73, 4, 
-136, -131, 4, 134, -70, -63, -19, 92, 219, -48, 78, 9, 
-112, -146, -34, 129, -39, -90, -24, 92, 209, -48, 68, 14, 
-122, -151, -29, 136, -46, -90, -24, 92, 209, -53, 68, 14, 
-151, -151, 0, 151, -75, -75, -19, 92, 209, -68, 68, 14, 
-156, -151, 4, 153, -80, -73, -19, 92, 209, -73, 63, 14, 
-136, -131, 4, 134, -70, -63, -9, 102, 219, -63, 63, 14, 
-117, -126, -9, 122, -53, -68, -19, 97, 224, -68, 58, 9, 
-126, -141, -14, 134, -56, -78, -29, 82, 209, -73, 53, -4, 
-126, -146, -19, 136, -53, -82, -29, 78, 204, -78, 48, -9, 
-126, -151, -24, 139, -51, -87, -29, 73, 200, -82, 43, -14, 
-126, -156, -29, 141, -48, -92, -29, 68, 195, -87, 39, -19, 
-122, -146, -24, 134, -48, -85, -14, 78, 214, -78, 58, -9, 
-122, -136, -14, 129, -53, -75, -4, 87, 229, -68, 68, 9, 
-122, -141, -19, 131, -51, -80, 4, 102, 239, -58, 78, 24, 
-117, -131, -14, 124, -51, -73, 14, 112, 248, -48, 87, 39, 
-126, -126, 0, 126, -63, -63, 9, 102, 234, -63, 78, 39, 
-131, -122, 9, 126, -70, -56, 4, 102, 234, -68, 78, 34, 
-131, -112, 19, 122, -75, -46, 0, 102, 229, -68, 78, 29, 
-131, -107, 24, 119, -78, -41, -4, 102, 224, -73, 78, 24, 
-136, -112, 24, 124, -80, -43, 0, 92, 224, -73, 68, 14, 
-136, -117, 19, 126, -78, -48, 0, 92, 224, -73, 68, 9, 
-141, -117, 24, 129, -82, -46, -4, 92, 224, -78, 68, 9, 
-146, -122, 24, 134, -85, -48, -4, 92, 224, -78, 68, 9, 
-141, -131, 9, 136, -75, -61, 4, 107, 239, -63, 73, 14, 
-131, -122, 9, 126, -70, -56, 9, 112, 239, -58, 78, 19, 
-165, -107, 58, 136, -112, -24, 9, 112, 253, -53, 92, 24, 
-161, -102, 58, 131, -109, -21, 9, 112, 253, -48, 97, 39, 
-151, -82, 68, 117, -109, -7, 4, 112, 253, -48, 102, 39, 
-146, -73, 73, 109, -109, 0, 0, 112, 258, -53, 107, 43, 
-141, -63, 78, 102, -109, 7, -4, 117, 253, -48, 117, 43, 
-146, -43, 102, 95, -124, 29, -4, 117, 253, -48, 117, 43, 
-141, -53, 87, 97, -114, 17, -4, 122, 268, -34, 117, 43, 
-131, -58, 73, 95, -102, 7, -4, 122, 273, -29, 126, 48, 
-136, -48, 87, 92, -112, 19, -4, 131, 283, -24, 141, 48, 
-151, -53, 97, 102, -124, 21, -4, 131, 283, -14, 146, 63, 
-141, -34, 107, 87, -124, 36, -4, 126, 302, -19, 136, 68, 
-141, -34, 107, 87, -124, 36, -14, 126, 302, -19, 136, 63, 
-141, -29, 112, 85, -126, 41, -24, 112, 302, -19, 136, 53, 
-141, -14, 126, 78, -134, 56, -29, 112, 297, -19, 141, 43, 
-131, -9, 122, 70, -126, 56, -39, 112, 297, -14, 151, 48, 
-131, -19, 112, 75, -122, 46, -43, 112, 302, -9, 151, 53, 
-126, -14, 112, 70, -119, 48, -53, 112, 302, -9, 156, 63, 
-122, 4, 126, 58, -124, 65, -63, 102, 302, -9, 161, 68, 
-122, 4, 126, 58, -124, 65, -78, 87, 292, -14, 161, 68, 
-122, 14, 136, 53, -129, 75, -92, 82, 292, -14, 161, 68, 
-112, 4, 117, 53, -114, 61, -97, 82, 292, -14, 161, 73, 
-122, -9, 112, 65, -117, 51, -97, 82, 287, -24, 161, 73, 
-112, -9, 102, 61, -107, 46, -97, 68, 273, -34, 141, 53, 
-107, -9, 97, 58, -102, 43, -97, 68, 273, -39, 136, 48, 
-92, -9, 82, 51, -87, 36, -92, 68, 273, -43, 131, 43, 
-82, 0, 82, 41, -82, 41, -87, 73, 278, -43, 131, 48, 
-92, -9, 82, 51, -87, 36, -82, 78, 287, -29, 146, 58, 
-117, -9, 107, 63, -112, 48, -78, 82, 283, -29, 146, 63, 
-131, -19, 112, 75, -122, 46, -68, 87, 283, -34, 141, 68, 
-141, -19, 122, 80, -131, 51, -58, 92, 278, -34, 141, 68, 
-131, -29, 102, 80, -117, 36, -53, 92, 273, -53, 136, 48, 
-146, -53, 92, 100, -119, 19, -53, 92, 248, -68, 122, 43, 
-146, -63, 82, 104, -114, 9, -43, 97, 244, -73, 122, 43, 
-146, -63, 82, 104, -114, 9, -34, 97, 229, -82, 117, 43, 
-131, -63, 68, 97, -100, 2, -29, 97, 239, -73, 126, 39, 
-136, -68, 68, 102, -102, 0, -34, 97, 239, -78, 117, 39, 
-141, -102, 39, 122, -90, -31, -34, 97, 239, -82, 102, 34, 
-136, -107, 29, 122, -82, -39, -34, 97, 244, -87, 102, 39, 
-122, -97, 24, 109, -73, -36, -19, 107, 224, -97, 97, 39, 
-122, -102, 19, 112, -70, -41, -14, 107, 219, -112, 82, 24, 
-136, -112, 24, 124, -80, -43, -9, 97, 214, -117, 78, 14, 
-151, -117, 34, 134, -92, -41, 4, 97, 214, -117, 78, 9, 
-161, -107, 53, 134, -107, -26, 0, 97, 219, -107, 78, -4, 
-175, -107, 68, 141, -122, -19, 9, 97, 219, -117, 78, -9, 
-200, -122, 78, 161, -139, -21, 14, 102, 219, -117, 73, -14, 
-229, -131, 97, 180, -163, -17, 19, 102, 219, -117, 73, -14, 
-224, -151, 73, 187, -148, -39, 24, 102, 214, -126, 68, -29, 
-224, -156, 68, 190, -146, -43, 24, 102, 214, -136, 63, -29, 
-209, -165, 43, 187, -126, -61, 29, 102, 209, -136, 63, -29, 
-209, -175, 34, 192, -122, -70, 39, 107, 209, -126, 68, -29, 
-195, -175, 19, 185, -107, -78, 34, 97, 204, -131, 58, -43, 
-185, -165, 19, 175, -102, -73, 29, 102, 204, -136, 58, -43, 
-180, -161, 19, 170, -100, -70, 34, 102, 200, -146, 58, -48, 
-175, -161, 14, 168, -95, -73, 14, 97, 195, -151, 58, -58, 
-200, -175, 24, 187, -112, -75, 14, 107, 200, -151, 58, -53, 
-209, -185, 24, 197, -117, -80, 14, 107, 195, -156, 58, -53, 
-219, -185, 34, 202, -126, -75, 24, 112, 195, -156, 58, -63, 
-239, -185, 53, 212, -146, -65, 24, 112, 195, -156, 58, -63, 
-234, -175, 58, 204, -146, -58, 34, 122, 204, -146, 53, -73, 
-239, -170, 68, 204, -153, -51, 34, 122, 204, -151, 53, -68, 
-234, -165, 68, 200, -151, -48, 29, 122, 204, -151, 53, -63, 
-224, -161, 63, 192, -143, -48, 29, 122, 204, -146, 53, -63, 
-209, -151, 58, 180, -134, -46, 19, 112, 214, -136, 58, -73, 
-209, -151, 58, 180, -134, -46, 24, 112, 219, -136, 63, -73, 
-219, -151, 68, 185, -143, -41, 24, 112, 219, -136, 68, -73, 
-219, -151, 68, 185, -143, -41, 24, 112, 219, -136, 73, -73, 
-214, -146, 68, 180, -141, -39, 24, 102, 209, -146, 68, -68, 
-204, -151, 53, 178, -129, -48, 24, 107, 209, -146, 68, -68, 
-185, -146, 39, 165, -112, -53, 24, 107, 209, -146, 68, -63, 
-175, -136, 39, 156, -107, -48, 24, 107, 209, -146, 68, -58, 
-224, -165, 58, 195, -141, -53, 4, 97, 200, -165, 58, -68, 
-234, -161, 73, 197, -153, -43, 14, 112, 224, -146, 82, -39, 
-244, -136, 107, 190, -175, -14, 29, 112, 244, -117, 102, -19, 
-248, -107, 141, 178, -195, 17, 29, 112, 263, -97, 122, -14, 
-258, -92, 165, 175, -212, 36, 14, 92, 268, -92, 122, -29, 
-248, -97, 151, 173, -200, 26, 14, 82, 248, -97, 117, -29, 
-278, -107, 170, 192, -224, 31, 39, 82, 248, -102, 107, -39, 
-351, -141, 209, 246, -280, 34, 63, 107, 258, -92, 107, -29, 
-341, -146, 195, 244, -268, 24, 97, 146, 283, -78, 117, -24, 
-278, -141, 136, 209, -207, -2, 146, 195, 302, -78, 136, -14, 
-239, -146, 92, 192, -165, -26, 165, 219, 302, -82, 141, -4, 
-209, -151, 58, 180, -134, -46, 165, 283, 312, -73, 156, 19, 
-131, -165, -34, 148, -48, -100, 190, 380, 312, -63, 180, 34, 
-34, -195, -161, 114, 63, -178, 224, 502, 336, -43, 209, 48, 
68, -224, -292, 78, 180, -258, 268, 663, 370, 0, 258, 92, 
170, -229, -400, 29, 285, -314, 297, 839, 439, 73, 336, 161, 
336, -195, -531, -70, 434, -363, 278, 971, 488, 136, 414, 239, 
556, -68, -624, -244, 590, -346, 204, 1000, 541, 204, 536, 361, 
756, 73, -683, -414, 719, -305, 126, 995, 570, 268, 644, 497, 
902, 136, -766, -519, 834, -314, 48, 936, 512, 263, 683, 580, 
1000, 165, -834, -583, 917, -334, -34, 849, 414, 204, 673, 585, 
1005, 200, -805, -602, 905, -302, -82, 736, 331, 141, 624, 566, 
907, 141, -766, -524, 836, -312, -82, 624, 229, 53, 536, 488, 
800, 9, -790, -405, 795, -390, -87, 483, 82, -117, 356, 307, 
707, -107, -814, -300, 761, -461, -48, 380, -82, -322, 112, 78, 
561, -209, -771, -175, 666, -490, 0, 273, -234, -488, -92, -126, 
390, -283, -673, -53, 531, -478, 0, 117, -317, -585, -219, -234, 
248, -297, -546, 24, 397, -422, -14, -19, -317, -610, -268, -292, 
146, -336, -483, 95, 314, -409, 19, -43, -307, -610, -292, -336, 
53, -419, -473, 183, 263, -446, 78, 4, -278, -600, -297, -361, 
-4, -453, -448, 229, 222, -451, 112, 53, -224, -570, -278, -351, 
-4, -405, -400, 204, 197, -402, 102, 63, -165, -527, -253, -331, 
-9, -331, -322, 170, 156, -326, 78, 63, -112, -483, -209, -302, 
-73, -278, -204, 175, 65, -241, 53, 102, -34, -414, -141, -258, 
-102, -229, -126, 165, 12, -178, 24, 141, 24, -331, -53, -204, 
-112, -175, -63, 143, -24, -119, 19, 156, 78, -268, 9, -146, 
-131, -131, 0, 131, -65, -65, 9, 170, 126, -224, 48, -82, 
-175, -136, 39, 156, -107, -48, 4, 180, 141, -204, 68, -58, 
-185, -165, 19, 175, -102, -73, 4, 180, 146, -204, 73, -58, 
-165, -170, -4, 168, -80, -87, 4, 170, 156, -209, 63, -78, 
-165, -175, -9, 170, -78, -92, 4, 170, 175, -190, 78, -73, 
-170, -175, -4, 173, -82, -90, 9, 165, 185, -185, 78, -68, 
-190, -175, 14, 183, -102, -80, 14, 161, 200, -185, 73, -68, 
-185, -180, 4, 183, -95, -87, 24, 151, 200, -185, 73, -63, 
-185, -170, 14, 178, -100, -78, 0, 136, 195, -185, 73, -68, 
-200, -161, 39, 180, -119, -61, 0, 117, 190, -190, 73, -63, 
-190, -136, 53, 163, -122, -41, 0, 107, 175, -190, 73, -58, 
-180, -126, 53, 153, -117, -36, 0, 102, 170, -185, 73, -58, 
-170, -126, 43, 148, -107, -41, 0, 92, 185, -190, 78, -43, 
-165, -126, 39, 146, -102, -43, -4, 92, 190, -180, 82, -34, 
-161, -122, 39, 141, -100, -41, -4, 92, 195, -180, 87, -29, 
-151, -122, 29, 136, -90, -46, -4, 92, 195, -180, 92, -24, 
-190, -136, 53, 163, -122, -41, 4, 97, 180, -185, 92, -29, 
-200, -141, 58, 170, -129, -41, 4, 97, 175, -195, 82, -39, 
-209, -151, 58, 180, -134, -46, 4, 97, 165, -204, 73, -53, 
-229, -156, 73, 192, -151, -41, 4, 87, 161, -214, 73, -53, 
-229, -146, 82, 187, -156, -31, -4, 78, 165, -209, 73, -53, 
-224, -146, 78, 185, -151, -34, -4, 78, 175, -195, 78, -48, 
-219, -146, 73, 183, -146, -36, -4, 82, 180, -190, 78, -48, 
-214, -146, 68, 180, -141, -39, -4, 87, 185, -175, 78, -48, 
-209, -161, 48, 185, -129, -56, -9, 78, 185, -180, 73, -58, 
-200, -161, 39, 180, -119, -61, -14, 78, 190, -185, 78, -63, 
-219, -151, 68, 185, -143, -41, -14, 78, 195, -190, 73, -68, 
-219, -151, 68, 185, -143, -41, -9, 78, 195, -195, 68, -68, 
-219, -126, 92, 173, -156, -17, 0, 87, 200, -190, 82, -53, 
-214, -126, 87, 170, -151, -19, 0, 87, 204, -185, 82, -53, 
-219, -136, 82, 178, -151, -26, -4, 92, 209, -185, 87, -48, 
-224, -141, 82, 183, -153, -29, -14, 92, 204, -190, 97, -43, 
-224, -156, 68, 190, -146, -43, -14, 97, 195, -200, 87, -53, 
-224, -161, 63, 192, -143, -48, -9, 97, 200, -195, 92, -48, 
-229, -165, 63, 197, -146, -51, 0, 97, 209, -180, 92, -43, 
-244, -170, 73, 207, -158, -48, 4, 97, 209, -180, 92, -43, 
-234, -161, 73, 197, -153, -43, 4, 97, 204, -180, 87, -63, 
-219, -151, 68, 185, -143, -41, 0, 92, 204, -190, 87, -68, 
-200, -131, 68, 165, -134, -31, 0, 92, 204, -190, 87, -73, 
-180, -122, 58, 151, -119, -31, 0, 92, 204, -190, 92, -78, 
-195, -126, 68, 161, -131, -29, -4, 92, 195, -185, 92, -68, 
-195, -131, 63, 163, -129, -34, -4, 92, 200, -185, 92, -58, 
-180, -131, 48, 156, -114, -41, -4, 92, 200, -190, 92, -58, 
-180, -131, 48, 156, -114, -41, -4, 97, 200, -190, 97, -53, 
-200, -146, 53, 173, -126, -46, -4, 107, 209, -175, 112, -34, 
-200, -156, 43, 178, -122, -56, -4, 107, 209, -161, 117, -34, 
-234, -165, 68, 200, -151, -48, 0, 107, 214, -156, 117, -24, 
-253, -175, 78, 214, -165, -48, 4, 107, 214, -156, 126, -19, 
-244, -161, 82, 202, -163, -39, 0, 97, 200, -175, 122, -29, 
-239, -161, 78, 200, -158, -41, -4, 97, 200, -185, 117, -29, 
-229, -156, 73, 192, -151, -41, -9, 97, 200, -190, 112, -39, 
-209, -146, 63, 178, -136, -41, -14, 97, 200, -190, 107, -48, 
-224, -141, 82, 183, -153, -29, -24, 92, 200, -200, 97, -48, 
-229, -141, 87, 185, -158, -26, -24, 87, 200, -200, 102, -48, 
-224, -136, 87, 180, -156, -24, -24, 87, 204, -200, 107, -39, 
-204, -122, 82, 163, -143, -19, -24, 87, 214, -190, 112, -29, 
-214, -117, 97, 165, -156, -9, -19, 87, 204, -190, 102, -34, 
-214, -136, 78, 175, -146, -29, -19, 82, 200, -200, 102, -43, 
-224, -141, 82, 183, -153, -29, -14, 73, 195, -200, 102, -58, 
-229, -141, 87, 185, -158, -26, -24, 73, 190, -200, 97, -68, 
-244, -117, 126, 180, -185, 4, -14, 87, 204, -185, 102, -58, 
-234, -97, 136, 165, -185, 19, -9, 92, 209, -175, 112, -48, 
-239, -107, 131, 173, -185, 12, -9, 97, 214, -170, 122, -39, 
-268, -112, 156, 190, -212, 21, -24, 102, 219, -170, 131, -29, 
-244, -102, 141, 173, -192, 19, -19, 112, 229, -156, 151, -19, 
-224, -92, 131, 158, -178, 19, -9, 117, 234, -146, 156, -9, 
-204, -82, 122, 143, -163, 19, 0, 122, 239, -141, 161, 0, 
-180, -63, 117, 122, -148, 26, 4, 126, 244, -136, 170, 9, 
-190, -68, 122, 129, -156, 26, 0, 126, 248, -151, 161, -4, 
-204, -87, 117, 146, -161, 14, 0, 122, 244, -156, 156, -14, 
-214, -92, 122, 153, -168, 14, -4, 117, 239, -161, 156, -19, 
-209, -97, 112, 153, -161, 7, -14, 112, 229, -165, 151, -24, 
-229, -112, 117, 170, -173, 2, -29, 97, 229, -165, 136, -24, 
-239, -122, 117, 180, -178, -2, -29, 92, 224, -165, 136, -29, 
-248, -117, 131, 183, -190, 7, -24, 87, 224, -161, 141, -29, 
-268, -126, 141, 197, -204, 7, -24, 82, 224, -156, 141, -29, 
-258, -122, 136, 190, -197, 7, -29, 78, 224, -161, 151, -34, 
-248, -107, 141, 178, -195, 17, -29, 92, 229, -156, 151, -39, 
-229, -102, 126, 165, -178, 12, -29, 97, 239, -156, 151, -39, 
-209, -92, 117, 151, -163, 12, -39, 102, 239, -161, 151, -43, 
-195, -78, 117, 136, -156, 19, -48, 102, 229, -165, 141, -48, 
-165, -68, 97, 117, -131, 14, -48, 102, 229, -170, 141, -48, 
-151, -58, 92, 104, -122, 17, -48, 102, 229, -170, 146, -39, 
-126, -43, 82, 85, -104, 19, -53, 102, 234, -170, 156, -34, 
-141, -48, 92, 95, -117, 21, -43, 112, 239, -141, 170, -14, 
-156, -48, 107, 102, -131, 29, -39, 122, 239, -146, 180, -9, 
-165, -48, 117, 107, -141, 34, -29, 131, 244, -146, 185, -4, 
-180, -48, 131, 114, -156, 41, -19, 141, 248, -141, 190, 0, 
-195, -63, 131, 129, -163, 34, -34, 126, 239, -151, 190, 4, 
-214, -68, 146, 141, -180, 39, -39, 126, 239, -146, 190, 4, 
-204, -63, 141, 134, -173, 39, -48, 122, 234, -146, 190, 4, 
-195, -68, 126, 131, -161, 29, -63, 112, 234, -146, 190, 4, 
-180, -78, 102, 129, -141, 12, -68, 112, 234, -151, 175, 0, 
-170, -73, 97, 122, -134, 12, -78, 102, 229, -156, 165, -4, 
-161, -68, 92, 114, -126, 12, -78, 102, 229, -161, 165, -9, 
-156, -68, 87, 112, -122, 9, -78, 102, 229, -165, 170, 0, 
-131, -63, 68, 97, -100, 2, -87, 92, 229, -156, 170, -4, 
-126, -63, 63, 95, -95, 0, -92, 87, 224, -161, 170, -9, 
-122, -58, 63, 90, -92, 2, -92, 87, 224, -161, 170, -14, 
-112, -53, 58, 82, -85, 2, -87, 97, 229, -156, 180, -9, 
-112, -39, 73, 75, -92, 17, -78, 102, 239, -136, 200, 4, 
-112, -34, 78, 73, -95, 21, -82, 107, 244, -136, 200, 4, 
-117, -29, 87, 73, -102, 29, -82, 112, 253, -146, 195, -4, 
-122, -19, 102, 70, -112, 41, -82, 117, 258, -146, 195, -4, 
-102, -19, 82, 61, -92, 31, -87, 97, 248, -151, 195, -4, 
-102, -19, 82, 61, -92, 31, -92, 97, 239, -146, 195, -9, 
-107, -29, 78, 68, -92, 24, -92, 97, 234, -146, 195, -9, 
-107, -29, 78, 68, -92, 24, -92, 92, 239, -146, 200, -9, 
-112, -34, 78, 73, -95, 21, -92, 97, 248, -141, 209, 4, 
-107, -34, 73, 70, -90, 19, -87, 107, 244, -146, 209, 4, 
-92, -43, 48, 68, -70, 2, -82, 112, 244, -146, 209, 9, 
-92, -43, 48, 68, -70, 2, -78, 117, 244, -146, 209, 14, 
-92, -24, 68, 58, -80, 21, -82, 112, 239, -151, 204, 14, 
-92, -14, 78, 53, -85, 31, -87, 107, 239, -156, 200, 4, 
-92, -24, 68, 58, -80, 21, -102, 92, 239, -165, 180, -4, 
-92, -24, 68, 58, -80, 21, -107, 78, 229, -170, 175, -14, 
-87, -34, 53, 61, -70, 9, -102, 73, 214, -180, 170, -24, 
-97, -39, 58, 68, -78, 9, -97, 73, 209, -180, 170, -29, 
-97, -48, 48, 73, -73, 0, -97, 73, 209, -180, 170, -39, 
-107, -63, 43, 85, -75, -9, -92, 73, 209, -180, 161, -48, 
-112, -63, 48, 87, -80, -7, -102, 68, 214, -175, 156, -53, 
-117, -58, 58, 87, -87, 0, -102, 68, 219, -185, 156, -53, 
-122, -58, 63, 90, -92, 2, -102, 68, 219, -190, 151, -53, 
-126, -58, 68, 92, -97, 4, -97, 68, 224, -190, 151, -48, 
-122, -63, 58, 92, -90, -2, -82, 78, 224, -200, 156, -39, 
-122, -58, 63, 90, -92, 2, -82, 78, 219, -209, 151, -43, 
-126, -58, 68, 92, -97, 4, -82, 78, 214, -214, 141, -43, 
-141, -53, 87, 97, -114, 17, -82, 78, 209, -219, 136, -48, 
-161, -73, 87, 117, -124, 7, -78, 78, 219, -209, 131, -53, 
-165, -92, 73, 129, -119, -9, -68, 78, 219, -209, 131, -58, 
-170, -107, 63, 139, -117, -21, -63, 78, 219, -204, 122, -63, 
-175, -117, 58, 146, -117, -29, -58, 87, 219, -200, 117, -63, 
-165, -126, 39, 146, -102, -43, -53, 87, 204, -219, 102, -73, 
-170, -141, 29, 156, -100, -56, -53, 87, 209, -219, 102, -87, 
-170, -141, 29, 156, -100, -56, -53, 82, 209, -229, 102, -97, 
-161, -141, 19, 151, -90, -61, -58, 78, 204, -244, 102, -107, 
-151, -136, 14, 143, -82, -61, -48, 82, 209, -234, 107, -102, 
-161, -131, 29, 146, -95, -51, -43, 82, 209, -239, 102, -102, 
-161, -136, 24, 148, -92, -56, -39, 87, 204, -239, 102, -112, 
-161, -131, 29, 146, -95, -51, -34, 87, 204, -244, 102, -112, 
-151, -126, 24, 139, -87, -51, -29, 102, 209, -248, 112, -102, 
-161, -131, 29, 146, -95, -51, -24, 107, 214, -244, 112, -107, 
-165, -141, 24, 153, -95, -58, -19, 117, 219, -234, 117, -102, 
-165, -141, 24, 153, -95, -58, -14, 122, 224, -224, 126, -92, 
-180, -126, 53, 153, -117, -36, -4, 117, 224, -219, 126, -92, 
-175, -126, 48, 151, -112, -39, -4, 122, 224, -224, 126, -87, 
-175, -131, 43, 153, -109, -43, -4, 122, 219, -229, 131, -87, 
-185, -131, 53, 158, -119, -39, -4, 117, 214, -234, 131, -102, 
-185, -141, 43, 163, -114, -48, -9, 112, 204, -239, 122, -122, 
-175, -141, 34, 158, -104, -53, -14, 107, 204, -248, 107, -131, 
-170, -146, 24, 158, -97, -61, -24, 102, 195, -258, 97, -146, 
-165, -146, 19, 156, -92, -63, -29, 92, 195, -263, 87, -161, 
-180, -156, 24, 168, -102, -65, -24, 97, 204, -258, 97, -156, 
-195, -156, 39, 175, -117, -58, -14, 102, 204, -263, 97, -156, 
-200, -156, 43, 178, -122, -56, -9, 107, 204, -263, 97, -151, 
-209, -156, 53, 183, -131, -51, 4, 122, 214, -253, 102, -136, 
-219, -165, 53, 192, -136, -56, 4, 122, 209, -258, 92, -122, 
-224, -161, 63, 192, -143, -48, 4, 122, 200, -258, 92, -122, 
-219, -161, 58, 190, -139, -51, 4, 122, 195, -248, 92, -122, 
-224, -161, 63, 192, -143, -48, 4, 122, 195, -248, 97, -117, 
-214, -151, 63, 183, -139, -43, 0, 112, 195, -258, 87, -107, 
-209, -156, 53, 183, -131, -51, -4, 112, 195, -263, 87, -107, 
-209, -156, 53, 183, -131, -51, -4, 112, 195, -263, 87, -107, 
-219, -161, 58, 190, -139, -51, -9, 112, 190, -263, 82, -107, 
-219, -161, 58, 190, -139, -51, 0, 117, 195, -258, 92, -97, 
-219, -161, 58, 190, -139, -51, 4, 117, 200, -258, 92, -92, 
-200, -156, 43, 178, -122, -56, 9, 117, 204, -253, 97, -87, 
-185, -156, 29, 170, -107, -63, 14, 117, 209, -253, 107, -82, 
-200, -170, 29, 185, -114, -70, 24, 117, 209, -244, 102, -73, 
-204, -170, 34, 187, -119, -68, 19, 122, 209, -244, 102, -63, 
-219, -170, 48, 195, -134, -61, 19, 126, 214, -244, 102, -53, 
-244, -165, 78, 204, -161, -43, 9, 131, 219, -244, 102, -48, 
-248, -165, 82, 207, -165, -41, 4, 126, 214, -248, 97, -58, 
-239, -170, 68, 204, -153, -51, 4, 126, 214, -253, 92, -58, 
-244, -175, 68, 209, -156, -53, 4, 122, 209, -258, 92, -53, 
-273, -190, 82, 231, -178, -53, 4, 117, 204, -263, 92, -53, 
-263, -175, 87, 219, -175, -43, -4, 107, 195, -263, 87, -53, 
-248, -165, 82, 207, -165, -41, -9, 102, 195, -268, 87, -58, 
-224, -161, 63, 192, -143, -48, -9, 102, 195, -268, 78, -58, 
-209, -136, 73, 173, -141, -31, -14, 102, 195, -268, 73, -53, 
-219, -141, 78, 180, -148, -31, -9, 117, 200, -263, 78, -43, 
-224, -151, 73, 187, -148, -39, 0, 122, 204, -253, 87, -43, 
-229, -156, 73, 192, -151, -41, 4, 126, 209, -248, 97, -43, 
-234, -161, 73, 197, -153, -43, 9, 131, 214, -244, 107, -43, 
-224, -146, 78, 185, -151, -34, 4, 122, 214, -244, 107, -43, 
-229, -151, 78, 190, -153, -36, 4, 112, 214, -248, 107, -43, 
-224, -146, 78, 185, -151, -34, 4, 107, 209, -248, 107, -43, 
-219, -141, 78, 180, -148, -31, 0, 102, 209, -258, 102, -48, 
-244, -156, 87, 200, -165, -34, -19, 97, 204, -263, 87, -39, 
-248, -170, 78, 209, -163, -46, -24, 97, 200, -263, 87, -39, 
-244, -185, 58, 214, -151, -63, -24, 102, 200, -263, 92, -39, 
-239, -200, 39, 219, -139, -80, -29, 102, 195, -263, 97, -39, 
-229, -190, 39, 209, -134, -75, -24, 112, 200, -248, 102, -34, 
-234, -180, 53, 207, -143, -63, -19, 112, 204, -248, 102, -34, 
-253, -165, 87, 209, -170, -39, -14, 112, 209, -253, 107, -34, 
-253, -156, 97, 204, -175, -29, -9, 112, 214, -253, 112, -34, 
-234, -146, 87, 190, -161, -29, 0, 122, 204, -263, 102, -43, 
-219, -146, 73, 183, -146, -36, 0, 117, 200, -263, 102, -48, 
-219, -136, 82, 178, -151, -26, 0, 117, 200, -268, 92, -48, 
-224, -136, 87, 180, -156, -24, 0, 117, 200, -273, 92, -48, 
-224, -156, 68, 190, -146, -43, -4, 102, 195, -273, 87, -68, 
-229, -161, 68, 195, -148, -46, -9, 102, 200, -268, 97, -73, 
-229, -161, 68, 195, -148, -46, -14, 97, 200, -263, 97, -78, 
-224, -161, 63, 192, -143, -48, -19, 92, 200, -263, 97, -78, 
-204, -175, 29, 190, -117, -73, -34, 92, 190, -263, 87, -82, 
-209, -180, 29, 195, -119, -75, -34, 92, 190, -268, 87, -82, 
-234, -180, 53, 207, -143, -63, -29, 92, 190, -283, 87, -82, 
-234, -180, 53, 207, -143, -63, -29, 92, 190, -287, 82, -82, 
-244, -161, 82, 202, -163, -39, 0, 122, 219, -258, 112, -73, 
-244, -146, 97, 195, -170, -24, 9, 122, 229, -258, 112, -63, 
-214, -146, 68, 180, -141, -39, 0, 122, 234, -253, 122, -58, 
-214, -165, 48, 190, -131, -58, -9, 112, 224, -258, 122, -58, 
-234, -185, 48, 209, -141, -68, -19, 97, 214, -263, 107, -58, 
-229, -175, 53, 202, -141, -61, -29, 87, 204, -273, 97, -63, 
-224, -175, 48, 200, -136, -63, -29, 87, 204, -273, 97, -68, 
-219, -175, 43, 197, -131, -65, -29, 87, 204, -273, 97, -73, 
-214, -175, 39, 195, -126, -68, -29, 87, 204, -273, 97, -78, 
-209, -170, 39, 190, -124, -65, -14, 92, 204, -273, 97, -82, 
-209, -165, 43, 187, -126, -61, -14, 97, 209, -273, 97, -78, 
-209, -175, 34, 192, -122, -70, -14, 107, 209, -273, 97, -78, 
-204, -170, 34, 187, -119, -68, -14, 112, 209, -273, 97, -78, 
-224, -185, 39, 204, -131, -73, -24, 107, 200, -283, 87, -82, 
-229, -190, 39, 209, -134, -75, -24, 102, 204, -283, 87, -92, 
-229, -190, 39, 209, -134, -75, -24, 97, 204, -278, 87, -102, 
-229, -195, 34, 212, -131, -80, -24, 92, 204, -278, 87, -112, 
-224, -185, 39, 204, -131, -73, -19, 92, 204, -278, 97, -102, 
-214, -175, 39, 195, -126, -68, -19, 92, 204, -278, 97, -107, 
-209, -161, 48, 185, -129, -56, -24, 92, 204, -283, 97, -107, 
-204, -151, 53, 178, -129, -48, -24, 92, 204, -283, 97, -107, 
-185, -156, 29, 170, -107, -63, -29, 97, 200, -278, 97, -107, 
-170, -151, 19, 161, -95, -65, -29, 102, 200, -273, 97, -107, 
-200, -141, 58, 170, -129, -41, -34, 102, 214, -268, 107, -107, 
-190, -141, 48, 165, -119, -46, -39, 102, 214, -263, 107, -97, 
-190, -126, 63, 158, -126, -31, -34, 112, 224, -253, 122, -78, 
-195, -122, 73, 158, -134, -24, -29, 112, 239, -248, 126, -73, 
-200, -117, 82, 158, -141, -17, -24, 117, 244, -234, 136, -73, 
-214, -102, 112, 158, -163, 4, -14, 117, 253, -224, 136, -73, 
-190, -87, 102, 139, -146, 7, -24, 107, 253, -224, 126, -73, 
-170, -87, 82, 129, -126, -2, -24, 102, 253, -224, 136, -68, 
-165, -73, 92, 119, -129, 9, -24, 107, 258, -224, 151, -68, 
-170, -73, 97, 122, -134, 12, -24, 102, 253, -219, 156, -53, 
-151, -53, 97, 102, -124, 21, -43, 107, 273, -209, 161, -39, 
-141, -53, 87, 97, -114, 17, -53, 107, 273, -204, 165, -34, 
-131, -48, 82, 90, -107, 17, -63, 92, 273, -200, 170, -34, 
-122, -34, 87, 78, -104, 26, -68, 92, 268, -195, 180, -34, 
-141, -39, 102, 90, -122, 31, -78, 102, 258, -195, 175, -39, 
-151, -58, 92, 104, -122, 17, -82, 102, 263, -195, 170, -43, 
-156, -63, 92, 109, -124, 14, -92, 102, 263, -200, 170, -43, 
-161, -53, 107, 107, -134, 26, -102, 92, 263, -204, 170, -48, 
-131, -53, 78, 92, -104, 12, -117, 78, 258, -209, 161, -48, 
-112, -34, 78, 73, -95, 21, -131, 73, 253, -209, 161, -48, 
-82, -34, 48, 58, -65, 7, -136, 73, 248, -209, 161, -43, 
-73, -39, 34, 56, -53, -2, -136, 73, 239, -219, 161, -43, 
-73, -48, 24, 61, -48, -12, -126, 58, 234, -224, 156, -39, 
-78, -48, 29, 63, -53, -9, -126, 58, 234, -224, 156, -39, 
-73, -48, 24, 61, -48, -12, -122, 58, 234, -224, 156, -39, 
-73, -39, 34, 56, -53, -2, -117, 63, 239, -219, 161, -29, 
-82, -53, 29, 68, -56, -12, -126, 63, 234, -219, 156, -39, 
-97, -58, 39, 78, -68, -9, -126, 63, 224, -224, 156, -43, 
-102, -73, 29, 87, -65, -21, -122, 63, 219, -234, 151, -48, 
-102, -78, 24, 90, -63, -26, -117, 63, 209, -239, 151, -58, 
-87, -68, 19, 78, -53, -24, -97, 68, 224, -234, 156, -63, 
-97, -82, 14, 90, -56, -34, -92, 73, 209, -244, 141, -63, 
-92, -82, 9, 87, -51, -36, -78, 82, 214, -244, 141, -58, 
-87, -73, 14, 80, -51, -29, -63, 87, 209, -248, 136, -53, 
-97, -82, 14, 90, -56, -34, -58, 78, 204, -248, 126, -73, 
-117, -87, 29, 102, -73, -29, -63, 78, 200, -253, 117, -78, 
-136, -122, 14, 129, -75, -53, -63, 78, 195, -258, 102, -87, 
-146, -126, 19, 136, -82, -53, -63, 78, 195, -263, 102, -87, 
-141, -136, 4, 139, -73, -65, -73, 73, 175, -263, 102, -87, 
-141, -151, -9, 146, -65, -80, -73, 68, 170, -278, 92, -102, 
-156, -170, -14, 163, -70, -92, -73, 53, 165, -283, 92, -112, 
-170, -185, -14, 178, -78, -100, -63, 48, 165, -283, 97, -117, 
-156, -165, -9, 161, -73, -87, -58, 43, 161, -287, 92, -122, 
-156, -156, 0, 156, -78, -78, -48, 48, 161, -302, 87, -126, 
-165, -161, 4, 163, -85, -78, -43, 58, 161, -307, 78, -131, 
-180, -161, 19, 170, -100, -70, -39, 63, 161, -312, 73, -131, 
-190, -170, 19, 180, -104, -75, -29, 78, 175, -297, 82, -122, 
-195, -175, 19, 185, -107, -78, -24, 82, 175, -302, 82, -117, 
-185, -185, 0, 185, -92, -92, -14, 87, 170, -297, 87, -112, 
-190, -195, -4, 192, -92, -100, 0, 97, 170, -283, 97, -107, 
-180, -195, -14, 187, -82, -104, -9, 87, 170, -287, 87, -112, 
-175, -185, -9, 180, -82, -97, -9, 92, 175, -292, 87, -112, 
-175, -180, -4, 178, -85, -92, 0, 92, 175, -302, 87, -117, 
-175, -180, -4, 178, -85, -92, -14, 87, 175, -307, 87, -126, 
-170, -175, -4, 173, -82, -90, -4, 87, 161, -317, 68, -146, 
-170, -185, -14, 178, -78, -100, -4, 87, 156, -322, 68, -151, 
-170, -185, -14, 178, -78, -100, 4, 92, 156, -322, 68, -165, 
-180, -185, -4, 183, -87, -95, 4, 92, 156, -322, 68, -170, 
-170, -170, 0, 170, -85, -85, -4, 92, 165, -312, 82, -165, 
-170, -170, 0, 170, -85, -85, -4, 92, 165, -317, 82, -156, 
-161, -170, -9, 165, -75, -90, -9, 92, 165, -317, 82, -146, 
-146, -170, -24, 158, -61, -97, -9, 92, 165, -312, 82, -141, 
-161, -180, -19, 170, -70, -100, -19, 87, 161, -317, 78, -146, 
-170, -190, -19, 180, -75, -104, -14, 82, 161, -322, 73, -151, 
-190, -200, -9, 195, -90, -104, -14, 78, 156, -326, 68, -156, 
-200, -209, -9, 204, -95, -109, -14, 73, 151, -331, 63, -161, 
-190, -204, -14, 197, -87, -109, -4, 78, 161, -322, 73, -151, 
-185, -209, -24, 197, -80, -117, -4, 87, 161, -322, 78, -156, 
-170, -204, -34, 187, -68, -119, -4, 92, 161, -322, 82, -156, 
-165, -195, -29, 180, -68, -112, -4, 97, 161, -322, 87, -156, 
-185, -204, -19, 195, -82, -112, -14, 87, 170, -312, 97, -146, 
-195, -190, 4, 192, -100, -92, -24, 73, 175, -302, 92, -146, 
-185, -165, 19, 175, -102, -73, -29, 63, 195, -292, 102, -146, 
-219, -165, 53, 192, -136, -56, -19, 73, 224, -273, 112, -122, 
-268, -161, 107, 214, -187, -26, -14, 82, 239, -258, 122, -117, 
-287, -156, 131, 222, -209, -12, 4, 92, 229, -263, 126, -126, 
-287, -175, 112, 231, -200, -31, 19, 102, 229, -258, 126, -126, 
-283, -190, 92, 236, -187, -48, 24, 117, 229, -268, 117, -126, 
-273, -185, 87, 229, -180, -48, 39, 117, 224, -273, 117, -141, 
-239, -170, 68, 204, -153, -51, 58, 136, 234, -273, 117, -141, 
-151, -175, -24, 163, -63, -100, 87, 180, 244, -248, 151, -112, 
-82, -209, -126, 146, 21, -168, 117, 283, 263, -229, 185, -68, 
-53, -234, -180, 143, 63, -207, 151, 409, 273, -219, 209, -43, 
-14, -244, -229, 129, 107, -236, 195, 561, 307, -190, 239, -29, 
97, -244, -341, 73, 219, -292, 239, 732, 380, -136, 297, 24, 
287, -219, -507, -34, 397, -363, 268, 907, 458, -53, 385, 112, 
473, -165, -639, -153, 556, -402, 239, 1000, 517, 29, 492, 209, 
644, -87, -732, -278, 688, -409, 146, 980, 541, 97, 595, 331, 
834, 24, -810, -429, 822, -392, 29, 907, 522, 131, 683, 448, 
1000, 165, -834, -583, 917, -334, -78, 819, 444, 107, 722, 522, 
1068, 224, -844, -646, 956, -309, -161, 692, 336, 39, 702, 536, 
1044, 209, -834, -627, 939, -312, -200, 561, 234, -43, 634, 497, 
976, 151, -824, -563, 900, -336, -219, 429, 122, -170, 497, 380, 
878, 19, -858, -448, 868, -419, -224, 307, -43, -351, 268, 161, 
746, -156, -902, -295, 824, -529, -175, 224, -209, -566, 14, -68, 
580, -287, -868, -146, 724, -578, -117, 117, -322, -712, -161, -234, 
390, -351, -741, -19, 566, -546, -117, -29, -366, -780, -258, -331, 
248, -385, -634, 68, 441, -509, -122, -126, -375, -785, -287, -370, 
136, -405, -541, 134, 339, -473, -68, -131, -356, -775, -292, -385, 
73, -400, -473, 163, 273, -436, -9, -73, -307, -736, -268, -390, 
53, -395, -448, 170, 251, -422, 4, -34, -263, -697, -239, -380, 
34, -366, -400, 165, 217, -383, -4, -34, -214, -663, -214, -361, 
19, -273, -292, 126, 156, -283, -19, 4, -131, -600, -161, -312, 
34, -190, -224, 78, 129, -207, -24, 82, -24, -502, -73, -248, 
53, -151, -204, 48, 129, -178, -43, 131, 43, -429, -4, -195, 
34, -136, -170, 51, 102, -153, -78, 117, 68, -405, 19, -175, 
34, -122, -156, 43, 95, -139, -97, 82, 78, -390, 29, -161, 
58, -117, -175, 29, 117, -146, -92, 92, 92, -370, 48, -136, 
29, -146, -175, 58, 102, -161, -73, 112, 117, -361, 73, -117, 
-29, -190, -161, 109, 65, -175, -63, 112, 117, -356, 73, -126, 
-43, -190, -146, 117, 51, -168, -68, 97, 122, -356, 68, -126, 
-63, -195, -131, 129, 34, -163, -68, 87, 126, -351, 68, -126, 
-97, -200, -102, 148, 2, -151, -68, 78, 136, -351, 63, -131, 
-107, -209, -102, 158, -2, -156, -63, 63, 131, -351, 63, -131, 
-107, -200, -92, 153, -7, -146, -68, 68, 141, -341, 68, -122, 
-122, -200, -78, 161, -21, -139, -68, 58, 141, -346, 73, -112, 
-112, -185, -73, 148, -19, -129, -68, 58, 131, -346, 78, -102, 
-102, -185, -82, 143, -9, -134, -68, 63, 131, -341, 82, -97, 
-92, -185, -92, 139, 0, -139, -68, 43, 146, -336, 87, -78, 
-97, -185, -87, 141, -4, -136, -73, 43, 151, -326, 92, -73, 
-102, -180, -78, 141, -12, -129, -73, 43, 156, -326, 97, -73, 
-102, -180, -78, 141, -12, -129, -73, 43, 156, -326, 102, -73, 
-112, -190, -78, 151, -17, -134, -68, 43, 141, -341, 87, -68, 
-102, -190, -87, 146, -7, -139, -63, 48, 136, -351, 73, -78, 
-92, -195, -102, 143, 4, -148, -58, 53, 126, -361, 58, -92, 
-92, -195, -102, 143, 4, -148, -53, 48, 122, -370, 53, -92, 
-97, -204, -107, 151, 4, -156, -63, 39, 131, -370, 43, -78, 
-97, -204, -107, 151, 4, -156, -63, 39, 136, -361, 48, -68, 
-97, -204, -107, 151, 4, -156, -63, 43, 136, -361, 48, -63, 
-97, -204, -107, 151, 4, -156, -63, 48, 136, -351, 48, -58, 
-73, -204, -131, 139, 29, -168, -73, 39, 141, -336, 53, -53, 
-63, -200, -136, 131, 36, -168, -73, 39, 151, -331, 68, -53, 
-82, -185, -102, 134, 9, -143, -68, 39, 161, -326, 73, -53, 
-82, -180, -97, 131, 7, -139, -58, 39, 165, -322, 78, -48, 
-82, -175, -92, 129, 4, -134, -68, 48, 161, -336, 73, -39, 
-78, -185, -107, 131, 14, -146, -68, 48, 156, -341, 63, -43, 
-82, -204, -122, 143, 19, -163, -73, 53, 151, -351, 58, -43, 
-87, -219, -131, 153, 21, -175, -82, 53, 136, -366, 58, -43, 
-82, -204, -122, 143, 19, -163, -78, 48, 141, -351, 63, -34, 
-78, -200, -122, 139, 21, -161, -78, 48, 151, -341, 73, -29, 
-78, -195, -117, 136, 19, -156, -73, 48, 165, -322, 78, -24, 
-87, -190, -102, 139, 7, -146, -73, 48, 170, -317, 82, -24, 
-82, -200, -117, 141, 17, -158, -73, 48, 151, -336, 73, -39, 
-73, -200, -126, 136, 26, -163, -78, 43, 146, -346, 68, -39, 
-58, -190, -131, 124, 36, -161, -78, 43, 141, -346, 63, -39, 
-43, -190, -146, 117, 51, -168, -78, 43, 136, -346, 63, -39, 
-63, -195, -131, 129, 34, -163, -87, 34, 126, -351, 53, -29, 
-58, -200, -141, 129, 41, -170, -92, 34, 131, -351, 53, -19, 
-39, -200, -161, 119, 61, -180, -97, 34, 131, -356, 53, -19, 
-34, -200, -165, 117, 65, -183, -102, 39, 131, -356, 58, -14, 
-39, -185, -146, 112, 53, -165, -97, 29, 136, -346, 73, 9, 
-24, -185, -161, 104, 68, -173, -102, 29, 141, -326, 78, 14, 
-43, -185, -141, 114, 48, -163, -102, 29, 151, -317, 78, 29, 
-48, -185, -136, 117, 43, -161, -102, 29, 156, -312, 87, 39, 
-48, -175, -126, 112, 39, -151, -92, 39, 156, -317, 87, 29, 
-43, -170, -126, 107, 41, -148, -92, 39, 161, -322, 87, 39, 
-34, -161, -126, 97, 46, -143, -92, 39, 165, -322, 87, 39, 
-14, -146, -131, 80, 58, -139, -92, 39, 170, -317, 87, 39, 
-24, -156, -131, 90, 53, -143, -92, 39, 165, -326, 82, 48, 
-34, -161, -126, 97, 46, -143, -92, 39, 161, -326, 82, 48, 
-34, -161, -126, 97, 46, -143, -92, 43, 161, -326, 82, 58, 
-19, -151, -131, 85, 56, -141, -92, 48, 165, -317, 82, 68, 
-19, -151, -131, 85, 56, -141, -82, 58, 175, -317, 78, 58, 
-19, -165, -146, 92, 63, -156, -87, 53, 170, -326, 73, 53, 
-29, -165, -136, 97, 53, -151, -87, 43, 165, -326, 68, 43, 
-34, -161, -126, 97, 46, -143, -102, 43, 161, -326, 58, 39, 
-19, -151, -131, 85, 56, -141, -112, 43, 170, -317, 63, 53, 
0, -136, -136, 68, 68, -136, -107, 43, 170, -312, 73, 68, 
4, -151, -156, 73, 80, -153, -107, 43, 170, -312, 82, 82, 
-14, -161, -146, 87, 65, -153, -122, 43, 170, -317, 92, 97, 
4, -161, -165, 78, 85, -163, -122, 39, 165, -317, 92, 112, 
9, -161, -170, 75, 90, -165, -117, 39, 165, -312, 87, 117, 
14, -161, -175, 73, 95, -168, -112, 39, 165, -312, 82, 122, 
24, -151, -175, 63, 100, -163, -112, 39, 165, -312, 82, 126, 
9, -151, -161, 70, 85, -156, -112, 53, 175, -302, 97, 141, 
0, -165, -165, 82, 82, -165, -107, 53, 175, -302, 97, 141, 
-4, -165, -161, 85, 78, -163, -107, 53, 175, -302, 102, 146, 
4, -165, -170, 80, 87, -168, -112, 53, 170, -302, 102, 151, 
0, -146, -146, 73, 73, -146, -131, 39, 175, -292, 107, 170, 
4, -141, -146, 68, 75, -143, -136, 34, 175, -283, 117, 185, 
9, -122, -131, 56, 70, -126, -136, 29, 180, -268, 131, 204, 
4, -117, -122, 56, 63, -119, -141, 24, 185, -253, 141, 224, 
9, -112, -122, 51, 65, -117, -146, 14, 180, -268, 136, 214, 
14, -97, -112, 41, 63, -104, -146, 24, 180, -263, 131, 214, 
29, -92, -122, 31, 75, -107, -146, 24, 185, -263, 126, 219, 
43, -82, -126, 19, 85, -104, -156, 24, 180, -268, 122, 219, 
43, -87, -131, 21, 87, -109, -146, 29, 180, -278, 102, 214, 
58, -97, -156, 19, 107, -126, -146, 34, 180, -278, 102, 214, 
58, -107, -165, 24, 112, -136, -146, 39, 180, -273, 107, 224, 
68, -112, -180, 21, 124, -146, -151, 43, 185, -268, 117, 229, 
58, -107, -165, 24, 112, -136, -146, 43, 195, -253, 117, 239, 
58, -107, -165, 24, 112, -136, -146, 43, 190, -263, 122, 244, 
63, -107, -170, 21, 117, -139, -141, 43, 190, -268, 122, 248, 
63, -107, -170, 21, 117, -139, -136, 43, 190, -268, 122, 253, 
82, -92, -175, 4, 129, -134, -136, 48, 195, -253, 141, 273, 
78, -87, -165, 4, 122, -126, -136, 58, 200, -244, 141, 278, 
102, -73, -175, -14, 139, -124, -141, 63, 200, -239, 141, 283, 
126, -68, -195, -29, 161, -131, -151, 63, 204, -234, 141, 287, 
117, -78, -195, -19, 156, -136, -161, 53, 195, -229, 136, 287, 
122, -73, -195, -24, 158, -134, -175, 43, 190, -234, 126, 287, 
126, -68, -195, -29, 161, -131, -180, 43, 190, -239, 126, 287, 
126, -68, -195, -29, 161, -131, -185, 43, 190, -244, 131, 302, 
146, -78, -224, -34, 185, -151, -200, 39, 180, -234, 122, 302, 
146, -82, -229, -31, 187, -156, -209, 29, 175, -239, 122, 302, 
146, -82, -229, -31, 187, -156, -214, 24, 175, -239, 122, 302, 
151, -82, -234, -34, 192, -158, -214, 29, 180, -234, 131, 312, 
170, -53, -224, -58, 197, -139, -224, 29, 195, -219, 141, 322, 
180, -43, -224, -68, 202, -134, -229, 29, 195, -214, 141, 326, 
185, -34, -219, -75, 202, -126, -229, 29, 200, -219, 136, 322, 
190, -19, -209, -85, 200, -114, -229, 29, 200, -214, 136, 326, 
195, -14, -209, -90, 202, -112, -224, 29, 195, -200, 141, 346, 
190, -19, -209, -85, 200, -114, -219, 29, 190, -195, 146, 351, 
180, -34, -214, -73, 197, -124, -209, 29, 190, -195, 151, 361, 
175, -39, -214, -68, 195, -126, -200, 24, 200, -195, 161, 370, 
170, -24, -195, -73, 183, -109, -214, 34, 204, -185, 170, 380, 
175, -24, -200, -75, 187, -112, -214, 39, 204, -185, 170, 375, 
190, -34, -224, -78, 207, -129, -214, 39, 209, -180, 170, 375, 
190, -34, -224, -78, 207, -129, -214, 39, 214, -175, 170, 375, 
200, -14, -214, -92, 207, -114, -209, 48, 209, -175, 165, 375, 
200, -4, -204, -97, 202, -104, -204, 48, 209, -175, 161, 375, 
200, -14, -214, -92, 207, -114, -209, 39, 209, -180, 141, 375, 
200, -14, -214, -92, 207, -114, -204, 29, 200, -180, 136, 375, 
185, -24, -209, -80, 197, -117, -204, 14, 190, -185, 136, 366, 
175, -39, -214, -68, 195, -126, -204, 14, 180, -190, 131, 361, 
175, -58, -234, -58, 204, -146, -209, 14, 175, -195, 126, 351, 
165, -82, -248, -41, 207, -165, -209, 14, 170, -200, 112, 341, 
151, -87, -239, -31, 195, -163, -209, 9, 180, -200, 97, 341, 
146, -87, -234, -29, 190, -161, -209, 9, 180, -204, 97, 346, 
141, -92, -234, -24, 187, -163, -209, 9, 175, -204, 92, 351, 
136, -97, -234, -19, 185, -165, -204, 9, 175, -200, 92, 361, 
151, -87, -239, -31, 195, -163, -200, 4, 175, -195, 92, 361, 
151, -78, -229, -36, 190, -153, -200, 0, 170, -200, 92, 356, 
146, -73, -219, -36, 183, -146, -200, -4, 165, -200, 87, 356, 
131, -63, -195, -34, 163, -129, -200, -9, 161, -200, 87, 351, 
112, -82, -195, -14, 153, -139, -195, 0, 165, -190, 87, 351, 
107, -92, -200, -7, 153, -146, -185, 0, 170, -190, 92, 351, 
102, -97, -200, -2, 151, -148, -180, 0, 175, -185, 87, 351, 
97, -97, -195, 0, 146, -146, -175, 9, 180, -180, 87, 356, 
102, -87, -190, -7, 146, -139, -156, 14, 175, -180, 82, 356, 
92, -102, -195, 4, 143, -148, -151, 19, 180, -170, 82, 351, 
87, -102, -190, 7, 139, -146, -146, 19, 180, -170, 82, 351, 
92, -102, -195, 4, 143, -148, -146, 19, 175, -175, 82, 351, 
112, -97, -209, -7, 161, -153, -151, 19, 161, -175, 68, 346, 
102, -92, -195, -4, 148, -143, -151, 14, 161, -180, 63, 346, 
102, -97, -200, -2, 151, -148, -151, 14, 156, -180, 63, 336, 
102, -92, -195, -4, 148, -143, -151, 9, 156, -185, 63, 336, 
87, -107, -195, 9, 141, -151, -146, 14, 156, -195, 43, 322, 
73, -122, -195, 24, 134, -158, -141, 19, 156, -195, 34, 312, 
63, -141, -204, 39, 134, -173, -136, 29, 156, -190, 29, 312, 
58, -151, -209, 46, 134, -180, -131, 34, 156, -185, 29, 317, 
58, -156, -214, 48, 136, -185, -122, 34, 156, -180, 19, 317, 
68, -156, -224, 43, 146, -190, -122, 34, 156, -185, 19, 322, 
73, -161, -234, 43, 153, -197, -122, 29, 151, -190, 24, 322, 
68, -161, -229, 46, 148, -195, -122, 19, 146, -195, 24, 307, 
73, -156, -229, 41, 151, -192, -122, 19, 146, -190, 24, 317, 
78, -151, -229, 36, 153, -190, -122, 19, 146, -190, 19, 317, 
78, -151, -229, 36, 153, -190, -126, 19, 136, -190, 19, 312, 
78, -146, -224, 34, 151, -185, -126, 14, 136, -185, 19, 307, 
92, -131, -224, 19, 158, -178, -136, 14, 146, -185, 29, 317, 
87, -126, -214, 19, 151, -170, -131, 14, 146, -185, 29, 322, 
92, -122, -214, 14, 153, -168, -131, 14, 146, -180, 29, 331, 
92, -117, -209, 12, 151, -163, -122, 24, 156, -165, 34, 351, 
87, -131, -219, 21, 153, -175, -112, 34, 156, -170, 24, 346, 
87, -131, -219, 21, 153, -175, -112, 34, 151, -170, 24, 346, 
97, -136, -234, 19, 165, -185, -112, 34, 151, -161, 24, 346, 
97, -141, -239, 21, 168, -190, -112, 34, 156, -161, 29, 351, 
87, -136, -224, 24, 156, -180, -112, 34, 151, -161, 19, 361, 
92, -136, -229, 21, 161, -183, -112, 34, 146, -165, 19, 361, 
92, -131, -224, 19, 158, -178, -107, 34, 141, -165, 19, 361, 
82, -131, -214, 24, 148, -173, -107, 34, 131, -165, 14, 361, 
73, -151, -224, 39, 148, -187, -117, 19, 141, -161, 14, 361, 
63, -161, -224, 48, 143, -192, -122, 19, 141, -161, 14, 356, 
73, -165, -239, 46, 156, -202, -126, 19, 141, -156, 19, 351, 
78, -175, -253, 48, 165, -214, -131, 19, 141, -156, 29, 346, 
87, -175, -263, 43, 175, -219, -131, 9, 146, -146, 34, 366, 
87, -170, -258, 41, 173, -214, -136, 4, 141, -146, 34, 375, 
78, -165, -244, 43, 161, -204, -136, 0, 141, -146, 34, 385, 
58, -156, -214, 48, 136, -185, -146, -4, 141, -146, 34, 390, 
78, -141, -219, 31, 148, -180, -136, 4, 136, -141, 19, 380, 
102, -141, -244, 19, 173, -192, -131, 9, 136, -146, 14, 380, 
112, -141, -253, 14, 183, -197, -126, 9, 131, -151, 14, 385, 
97, -151, -248, 26, 173, -200, -122, 9, 126, -156, 14, 385, 
82, -161, -244, 39, 163, -202, -131, 19, 136, -151, 19, 390, 
82, -156, -239, 36, 161, -197, -136, 14, 136, -151, 19, 390, 
92, -156, -248, 31, 170, -202, -136, 14, 136, -146, 9, 395, 
92, -136, -229, 21, 161, -183, -141, 14, 136, -141, 4, 405, 
92, -136, -229, 21, 161, -183, -141, 14, 136, -131, 4, 405, 
87, -141, -229, 26, 158, -185, -136, 14, 136, -126, 9, 405, 
82, -141, -224, 29, 153, -183, -136, 14, 136, -126, 14, 405, 
78, -141, -219, 31, 148, -180, -136, 14, 136, -126, 19, 405, 
102, -136, -239, 17, 170, -187, -131, 19, 136, -126, 14, 414, 
102, -141, -244, 19, 173, -192, -131, 14, 136, -131, 9, 414, 
112, -136, -248, 12, 180, -192, -131, 14, 131, -131, 4, 414, 
122, -131, -253, 4, 187, -192, -136, 14, 131, -141, -4, 409, 
102, -141, -244, 19, 173, -192, -131, 19, 131, -131, -4, 419, 
102, -141, -244, 19, 173, -192, -131, 19, 131, -126, 0, 419, 
112, -141, -253, 14, 183, -197, -126, 24, 136, -122, 9, 419, 
122, -141, -263, 9, 192, -202, -126, 24, 136, -117, 19, 419, 
107, -151, -258, 21, 183, -204, -131, 14, 141, -97, 34, 439, 
97, -151, -248, 26, 173, -200, -136, 14, 146, -92, 34, 444, 
73, -146, -219, 36, 146, -183, -141, 14, 151, -92, 39, 448, 
68, -146, -214, 39, 141, -180, -146, 14, 156, -87, 43, 453, 
82, -146, -229, 31, 156, -187, -141, 14, 156, -78, 34, 453, 
92, -146, -239, 26, 165, -192, -136, 9, 151, -78, 34, 448, 
87, -136, -224, 24, 156, -180, -131, 9, 151, -82, 24, 448, 
78, -136, -214, 29, 146, -175, -126, 9, 151, -87, 24, 448, 
73, -141, -214, 34, 143, -178, -126, 19, 146, -78, 14, 448, 
73, -141, -214, 34, 143, -178, -126, 24, 151, -73, 29, 444, 
78, -136, -214, 29, 146, -175, -126, 24, 151, -68, 34, 439, 
87, -131, -219, 21, 153, -175, -126, 24, 151, -68, 39, 439, 
151, -107, -258, -21, 204, -183, -141, 24, 141, -82, 9, 434, 
141, -102, -244, -19, 192, -173, -131, 24, 151, -82, 9, 434, 
146, -87, -234, -29, 190, -161, -136, 19, 156, -87, 9, 429, 
141, -97, -239, -21, 190, -168, -146, 14, 146, -78, 9, 429, 
136, -107, -244, -14, 190, -175, -146, 9, 146, -78, 9, 429, 
131, -117, -248, -7, 190, -183, -146, 4, 146, -78, 9, 429, 
126, -126, -253, 0, 190, -190, -146, 0, 146, -78, 9, 429, 
126, -131, -258, 2, 192, -195, -141, 0, 146, -68, 9, 429, 
122, -136, -258, 7, 190, -197, -141, 0, 151, -68, 9, 439, 
117, -156, -273, 19, 195, -214, -141, 4, 151, -68, 9, 444, 
117, -161, -278, 21, 197, -219, -141, 4, 151, -68, 9, 448, 
97, -151, -248, 26, 173, -200, -131, 19, 161, -58, 19, 453, 
82, -151, -234, 34, 158, -192, -131, 24, 165, -58, 19, 453, 
73, -146, -219, 36, 146, -183, -131, 29, 165, -53, 19, 453, 
63, -146, -209, 41, 136, -178, -131, 34, 165, -53, 19, 453, 
78, -136, -214, 29, 146, -175, -117, 29, 161, -63, 9, 439, 
97, -136, -234, 19, 165, -185, -117, 24, 156, -63, 0, 429, 
112, -131, -244, 9, 178, -187, -122, 19, 151, -68, -9, 424, 
126, -131, -258, 2, 192, -195, -122, 14, 146, -68, -19, 419, 
122, -136, -258, 7, 190, -197, -136, 14, 141, -73, -19, 409, 
131, -131, -263, 0, 197, -197, -136, 14, 141, -68, -19, 409, 
97, -122, -219, 12, 158, -170, -141, 9, 156, -63, -9, 409, 
102, -122, -224, 9, 163, -173, -146, 4, 156, -58, -9, 419, 
117, -107, -224, -4, 170, -165, -136, 9, 175, -34, 14, 448, 
126, -92, -219, -17, 173, -156, -136, 14, 190, -24, 29, 463, 
136, -78, -214, -29, 175, -146, -136, 24, 195, -4, 48, 473, 
136, -53, -190, -41, 163, -122, -131, 29, 204, 9, 58, 483, 
151, -53, -204, -48, 178, -129, -131, 34, 204, 9, 43, 483, 
161, -58, -219, -51, 190, -139, -131, 34, 204, 9, 48, 488, 
156, -48, -204, -53, 180, -126, -131, 43, 209, 9, 58, 488, 
141, -53, -195, -43, 168, -124, -131, 43, 204, 14, 58, 502, 
141, -48, -190, -46, 165, -119, -151, 29, 204, 29, 48, 502, 
141, -53, -195, -43, 168, -124, -161, 29, 204, 29, 48, 502, 
141, -53, -195, -43, 168, -124, -170, 14, 204, 29, 48, 497, 
141, -43, -185, -48, 163, -114, -175, 14, 200, 29, 53, 492, 
136, -34, -170, -51, 153, -102, -175, 4, 209, 34, 43, 483, 
131, -48, -180, -41, 156, -114, -180, 4, 214, 39, 43, 483, 
131, -48, -180, -41, 156, -114, -190, 4, 214, 39, 48, 488, 
131, -34, -165, -48, 148, -100, -200, -4, 214, 39, 53, 488, 
165, -19, -185, -73, 175, -102, -204, 0, 214, 43, 43, 497, 
180, 4, -175, -92, 178, -85, -219, -4, 214, 43, 43, 497, 
204, 9, -195, -107, 200, -92, -224, -4, 214, 43, 43, 502, 
209, 9, -200, -109, 204, -95, -224, -4, 209, 34, 43, 502, 
204, 9, -195, -107, 200, -92, -224, 0, 209, 43, 53, 512, 
195, 9, -185, -102, 190, -87, -224, 0, 214, 48, 58, 517, 
195, 9, -185, -102, 190, -87, -219, 0, 219, 53, 63, 522, 
190, 19, -170, -104, 180, -75, -214, 4, 229, 63, 73, 536, 
190, 9, -180, -100, 185, -85, -224, -4, 229, 73, 82, 551, 
175, 9, -165, -92, 170, -78, -224, -4, 224, 78, 87, 551, 
170, 0, -170, -85, 170, -85, -219, -4, 224, 78, 87, 551, 
170, 0, -170, -85, 170, -85, -214, -4, 219, 82, 92, 546, 
180, 4, -175, -92, 178, -85, -214, -9, 209, 63, 82, 531, 
175, -14, -190, -80, 183, -102, -219, -14, 190, 48, 63, 522, 
185, -19, -204, -82, 195, -112, -214, -14, 190, 43, 58, 517, 
195, -14, -209, -90, 202, -112, -209, -19, 180, 34, 48, 512, 
214, -14, -229, -100, 222, -122, -195, -14, 175, 24, 43, 497, 
214, -19, -234, -97, 224, -126, -190, -9, 170, 19, 29, 488, 
214, -53, -268, -80, 241, -161, -180, -4, 165, 14, 9, 473, 
224, -58, -283, -82, 253, -170, -170, 0, 165, 9, 4, 468, 
214, -58, -273, -78, 244, -165, -170, -9, 151, 9, 9, 468, 
209, -73, -283, -68, 246, -178, -170, -9, 141, -4, -4, 453, 
190, -92, -283, -48, 236, -187, -170, -19, 131, -9, -9, 444, 
170, -107, -278, -31, 224, -192, -161, -19, 126, -9, -9, 439, 
175, -102, -278, -36, 226, -190, -146, -4, 126, 4, -9, 439, 
165, -97, -263, -34, 214, -180, -136, 0, 131, 0, -9, 439, 
146, -107, -253, -19, 200, -180, -131, 9, 136, 4, -14, 439, 
122, -112, -234, -4, 178, -173, -126, 14, 141, 9, -14, 444, 
126, -117, -244, -4, 185, -180, -122, 24, 146, 9, -29, 429, 
136, -117, -253, -9, 195, -185, -122, 24, 146, 0, -34, 429, 
161, -122, -283, -19, 222, -202, -117, 24, 141, 0, -34, 429, 
170, -126, -297, -21, 234, -212, -107, 29, 141, 9, -29, 429, 
156, -146, -302, -4, 229, -224, -117, 9, 126, 0, -43, 414, 
146, -146, -292, 0, 219, -219, -126, 4, 126, 0, -48, 414, 
131, -151, -283, 9, 207, -217, -126, -4, 122, -4, -53, 409, 
117, -161, -278, 21, 197, -219, -151, -19, 117, -4, -58, 400, 
112, -161, -273, 24, 192, -217, -146, -4, 117, 0, -53, 405, 
112, -165, -278, 26, 195, -222, -141, 0, 117, 0, -48, 414, 
112, -161, -273, 24, 192, -217, -126, 9, 122, 4, -43, 414, 
102, -156, -258, 26, 180, -207, -122, 14, 126, 9, -39, 424, 
92, -170, -263, 39, 178, -217, -117, 24, 136, 14, -24, 434, 
73, -180, -253, 53, 163, -217, -112, 24, 136, 14, -24, 439, 
63, -190, -253, 63, 158, -222, -112, 24, 136, 19, -24, 444, 
58, -200, -258, 70, 158, -229, -107, 24, 136, 29, -24, 444, 
82, -180, -263, 48, 173, -222, -107, 24, 136, 29, -24, 444, 
92, -170, -263, 39, 178, -217, -102, 24, 141, 29, -24, 444, 
92, -161, -253, 34, 173, -207, -102, 24, 141, 29, -24, 444, 
102, -151, -253, 24, 178, -202, -102, 24, 141, 29, -24, 444, 
112, -141, -253, 14, 183, -197, -112, 24, 136, 24, -29, 429, 
126, -151, -278, 12, 202, -214, -112, 29, 131, 19, -39, 419, 
151, -151, -302, 0, 226, -226, -112, 29, 126, 14, -48, 414, 
165, -146, -312, -9, 239, -229, -112, 29, 122, 9, -58, 409, 
117, -175, -292, 29, 204, -234, -102, 19, 131, 19, -48, 400, 
78, -209, -287, 65, 183, -248, -112, 14, 117, 9, -53, 409, 
87, -195, -283, 53, 185, -239, -107, 14, 136, 29, -43, 419, 
122, -136, -258, 7, 190, -197, -107, 14, 165, 58, -14, 453, 
141, -92, -234, -24, 187, -163, -131, -4, 180, 82, 4, 468, 
131, -87, -219, -21, 175, -153, -141, 4, 200, 107, 19, 488, 
122, -58, -180, -31, 151, -119, -126, 14, 219, 122, 39, 497, 
126, -43, -170, -41, 148, -107, -112, 39, 219, 131, 48, 488, 
97, -87, -185, -4, 141, -136, -97, 48, 214, 117, 39, 463, 
63, -151, -214, 43, 139, -183, -68, 78, 214, 107, 19, 453, 
43, -185, -229, 70, 136, -207, -39, 122, 234, 122, 34, 473, 
34, -219, -253, 92, 143, -236, -19, 146, 224, 122, 39, 478, 
92, -224, -317, 65, 204, -270, -4, 175, 224, 122, 43, 473, 
219, -185, -405, -17, 312, -295, 19, 248, 229, 141, 73, 507, 
322, -214, -536, -53, 429, -375, 53, 351, 234, 146, 82, 522, 
375, -287, -663, -43, 519, -475, 63, 439, 214, 122, 63, 502, 
473, -312, -785, -80, 629, -549, 53, 541, 204, 117, 73, 522, 
644, -273, -917, -185, 780, -595, 58, 688, 229, 146, 117, 575, 
834, -219, -1054, -307, 944, -636, 48, 829, 287, 219, 214, 673, 
1019, -126, -1146, -446, 1083, -636, 9, 917, 366, 331, 351, 814, 
1205, 9, -1195, -607, 1200, -592, -73, 907, 395, 409, 458, 946, 
1405, 141, -1263, -773, 1334, -561, -180, 834, 380, 424, 517, 1034, 
1522, 200, -1322, -861, 1422, -561, -248, 771, 317, 385, 517, 1063, 
1473, 204, -1268, -839, 1371, -531, -273, 649, 229, 312, 453, 1029, 
1342, 165, -1176, -753, 1259, -505, -273, 488, 122, 195, 317, 907, 
1224, 82, -1141, -653, 1183, -529, -234, 361, 0, 29, 102, 702, 
1102, -48, -1151, -527, 1127, -600, -165, 263, -122, -146, -122, 468, 
863, -180, -1044, -341, 954, -612, -92, 146, -190, -248, -278, 302, 
575, -248, -824, -163, 700, -536, -39, 14, -209, -268, -331, 229, 
375, -283, -658, -46, 517, -470, -39, -122, -209, -268, -336, 214, 
268, -317, -585, 24, 427, -451, -53, -190, -214, -278, -356, 185, 
209, -356, -566, 73, 387, -461, -24, -190, -224, -292, -380, 146, 
146, -380, -527, 117, 336, -453, 0, -170, -219, -287, -385, 126, 
92, -366, -458, 136, 275, -412, 4, -141, -190, -258, -375, 141, 
112, -297, -409, 92, 261, -353, -14, -102, -141, -214, -336, 165, 
151, -214, -366, 31, 258, -290, -39, -19, -68, -141, -263, 224, 
180, -200, -380, 9, 280, -290, -58, 53, -9, -78, -185, 287, 
224, -214, -439, -4, 331, -326, -102, 63, 14, -39, -156, 322, 
263, -195, -458, -34, 361, -326, -131, 53, 29, -19, -131, 341, 
292, -170, -463, -61, 378, -317, -141, 53, 48, 4, -112, 361, 
268, -165, -434, -51, 351, -300, -141, 63, 68, 34, -82, 385, 
248, -165, -414, -41, 331, -290, -136, 58, 87, 48, -68, 400, 
214, -165, -380, -24, 297, -273, -131, 53, 112, 58, -58, 409, 
204, -170, -375, -17, 290, -273, -122, 43, 122, 68, -43, 424, 
190, -165, -356, -12, 273, -261, -136, 43, 131, 78, -43, 424, 
161, -161, -322, 0, 241, -241, -136, 29, 131, 73, -43, 424, 
156, -141, -297, -7, 226, -219, -136, 24, 122, 73, -43, 424, 
151, -136, -287, -7, 219, -212, -136, 24, 122, 78, -43, 419, 
141, -151, -292, 4, 217, -222, -131, 19, 126, 73, -48, 419, 
136, -156, -292, 9, 214, -224, -131, 24, 131, 82, -43, 424, 
131, -156, -287, 12, 209, -222, -126, 29, 136, 82, -39, 424, 
131, -161, -292, 14, 212, -226, -122, 34, 136, 82, -34, 424, 
131, -161, -292, 14, 212, -226, -126, 24, 126, 92, -43, 429, 
141, -161, -302, 9, 222, -231, -131, 19, 126, 87, -53, 419, 
151, -165, -317, 7, 234, -241, -136, 14, 122, 82, -63, 405, 
151, -165, -317, 7, 234, -241, -141, 0, 122, 78, -63, 405, 
131, -170, -302, 19, 217, -236, -141, 9, 131, 78, -63, 395, 
117, -175, -292, 29, 204, -234, -141, 9, 136, 87, -58, 400, 
102, -180, -283, 39, 192, -231, -141, 14, 136, 87, -58, 400, 
87, -185, -273, 48, 180, -229, -141, 19, 136, 97, -58, 400, 
117, -185, -302, 34, 209, -244, -151, 14, 126, 87, -68, 390, 
131, -180, -312, 24, 222, -246, -151, 9, 131, 87, -58, 385, 
117, -165, -283, 24, 200, -224, -146, 4, 136, 87, -58, 380, 
122, -161, -283, 19, 202, -222, -136, 0, 136, 87, -58, 380, 
122, -161, -283, 19, 202, -222, -146, -4, 126, 87, -68, 370, 
126, -165, -292, 19, 209, -229, -146, -9, 126, 87, -73, 366, 
122, -180, -302, 29, 212, -241, -151, -9, 126, 82, -73, 366, 
117, -190, -307, 36, 212, -248, -161, -14, 117, 73, -68, 366, 
131, -170, -302, 19, 217, -236, -161, -4, 126, 78, -58, 370, 
136, -161, -297, 12, 217, -229, -156, 0, 131, 87, -53, 380, 
136, -151, -287, 7, 212, -219, -146, 4, 141, 107, -53, 390, 
126, -141, -268, 7, 197, -204, -141, 9, 141, 112, -53, 395, 
131, -141, -273, 4, 202, -207, -141, 9, 146, 107, -48, 400, 
141, -141, -283, 0, 212, -212, -146, 4, 146, 102, -48, 400, 
156, -131, -287, -12, 222, -209, -146, 4, 146, 107, -48, 400, 
170, -131, -302, -19, 236, -217, -146, 4, 146, 112, -43, 400, 
151, -146, -297, -2, 224, -222, -151, 4, 141, 107, -48, 385, 
156, -151, -307, -2, 231, -229, -151, 4, 141, 107, -53, 390, 
175, -151, -326, -12, 251, -239, -151, 4, 136, 102, -58, 385, 
180, -151, -331, -14, 256, -241, -151, 9, 131, 102, -58, 385, 
165, -141, -307, -12, 236, -224, -151, 9, 141, 117, -53, 405, 
170, -136, -307, -17, 239, -222, -151, 9, 141, 131, -48, 405, 
141, -131, -273, -4, 207, -202, -146, 9, 146, 136, -48, 414, 
126, -126, -253, 0, 190, -190, -141, 9, 146, 136, -39, 419, 
107, -146, -253, 19, 180, -200, -141, 0, 141, 131, -39, 405, 
102, -161, -263, 29, 183, -212, -141, 0, 141, 126, -39, 409, 
102, -170, -273, 34, 187, -222, -141, 0, 141, 126, -39, 405, 
112, -175, -287, 31, 200, -231, -141, 0, 141, 131, -39, 400, 
112, -170, -283, 29, 197, -226, -141, 4, 131, 126, -48, 390, 
112, -170, -283, 29, 197, -226, -141, 9, 131, 122, -53, 380, 
122, -165, -287, 21, 204, -226, -141, 19, 136, 117, -58, 380, 
146, -151, -297, 2, 222, -224, -141, 29, 146, 122, -63, 380, 
136, -131, -268, -2, 202, -200, -156, 24, 136, 131, -53, 385, 
136, -146, -283, 4, 209, -214, -165, 14, 131, 122, -53, 385, 
126, -146, -273, 9, 200, -209, -170, 0, 126, 122, -53, 380, 
122, -141, -263, 9, 192, -202, -190, -4, 122, 122, -58, 380, 
136, -126, -263, -4, 200, -195, -175, 4, 131, 131, -53, 385, 
156, -107, -263, -24, 209, -185, -165, 4, 141, 146, -43, 390, 
161, -117, -278, -21, 219, -197, -161, 4, 151, 156, -34, 395, 
141, -122, -263, -9, 202, -192, -170, 4, 161, 161, -24, 400, 
151, -136, -287, -7, 219, -212, -175, 0, 156, 146, -29, 385, 
156, -141, -297, -7, 226, -219, -175, 0, 146, 146, -39, 380, 
161, -146, -307, -7, 234, -226, -175, 0, 136, 141, -48, 375, 
170, -141, -312, -14, 241, -226, -180, 0, 126, 136, -53, 370, 
165, -131, -297, -17, 231, -214, -175, 9, 141, 146, -39, 380, 
156, -146, -302, -4, 229, -224, -165, 14, 146, 156, -29, 385, 
151, -146, -297, -2, 224, -222, -161, 19, 151, 165, -14, 395, 
161, -146, -307, -7, 234, -226, -161, 24, 151, 175, -4, 405, 
165, -136, -302, -14, 234, -219, -165, 19, 161, 175, -9, 409, 
180, -131, -312, -24, 246, -222, -165, 14, 156, 175, -9, 409, 
195, -112, -307, -41, 251, -209, -161, 9, 156, 180, -4, 414, 
200, -107, -307, -46, 253, -207, -161, 4, 156, 185, -4, 419, 
204, -112, -317, -46, 261, -214, -180, -4, 151, 170, -9, 414, 
209, -97, -307, -56, 258, -202, -185, 4, 151, 175, -14, 409, 
224, -92, -317, -65, 270, -204, -190, 4, 156, 175, -19, 409, 
239, -82, -322, -78, 280, -202, -204, 4, 151, 170, -24, 405, 
214, -87, -302, -63, 258, -195, -200, 14, 161, 180, -29, 395, 
214, -97, -312, -58, 263, -204, -195, 14, 161, 180, -24, 400, 
200, -107, -307, -46, 253, -207, -190, 14, 161, 185, -14, 414, 
195, -112, -307, -41, 251, -209, -190, 14, 165, 190, 0, 424, 
195, -112, -307, -41, 251, -209, -190, 4, 156, 204, 4, 419, 
195, -117, -312, -39, 253, -214, -195, 4, 151, 195, 4, 419, 
200, -122, -322, -39, 261, -222, -195, 4, 151, 190, 0, 419, 
200, -126, -326, -36, 263, -226, -195, 4, 151, 190, -4, 419, 
180, -126, -307, -26, 244, -217, -195, 14, 161, 200, 4, 434, 
156, -126, -283, -14, 219, -204, -195, 19, 161, 204, 4, 434, 
161, -117, -278, -21, 219, -197, -200, 19, 156, 204, 4, 434, 
165, -117, -283, -24, 224, -200, -209, 14, 156, 204, 4, 434, 
180, -107, -287, -36, 234, -197, -204, 9, 156, 200, 0, 424, 
200, -102, -302, -48, 251, -202, -214, -4, 151, 195, -9, 424, 
219, -97, -317, -61, 268, -207, -214, -9, 151, 190, -9, 424, 
234, -97, -331, -68, 283, -214, -214, -14, 151, 185, -4, 439, 
253, -87, -341, -82, 297, -214, -204, -9, 156, 195, 9, 453, 
253, -82, -336, -85, 295, -209, -209, -9, 156, 200, 14, 458, 
253, -73, -326, -90, 290, -200, -209, -4, 161, 209, 19, 463, 
258, -63, -322, -97, 290, -192, -204, 9, 170, 224, 34, 478, 
253, -68, -322, -92, 287, -195, -219, 4, 170, 224, 39, 478, 
248, -73, -322, -87, 285, -197, -229, 0, 165, 224, 34, 473, 
239, -78, -317, -80, 278, -197, -234, -4, 165, 214, 24, 458, 
229, -78, -307, -75, 268, -192, -239, -9, 161, 214, 19, 453, 
258, -68, -326, -95, 292, -197, -234, -9, 146, 214, 4, 439, 
258, -68, -326, -95, 292, -197, -239, -9, 141, 214, 0, 429, 
253, -78, -331, -87, 292, -204, -239, -9, 141, 209, -4, 424, 
253, -78, -331, -87, 292, -204, -239, -14, 151, 204, -4, 419, 
263, -73, -336, -95, 300, -204, -239, -14, 151, 209, -4, 424, 
273, -73, -346, -100, 309, -209, -234, -9, 146, 204, -4, 424, 
292, -82, -375, -104, 334, -229, -229, -9, 146, 204, -4, 429, 
297, -82, -380, -107, 339, -231, -224, -9, 146, 204, -4, 434, 
292, -78, -370, -107, 331, -224, -229, -19, 141, 204, -4, 434, 
287, -73, -361, -107, 324, -217, -234, -19, 141, 204, -4, 434, 
283, -87, -370, -97, 326, -229, -248, -29, 141, 200, -19, 434, 
278, -92, -370, -92, 324, -231, -253, -39, 131, 200, -19, 434, 
283, -78, -361, -102, 322, -219, -239, -34, 136, 209, -9, 444, 
273, -78, -351, -97, 312, -214, -234, -34, 131, 209, -4, 448, 
273, -82, -356, -95, 314, -219, -234, -34, 131, 209, 0, 448, 
263, -92, -356, -85, 309, -224, -229, -34, 131, 209, -4, 448, 
263, -82, -346, -90, 305, -214, -219, -19, 136, 219, -4, 444, 
263, -78, -341, -92, 302, -209, -219, -19, 141, 214, 0, 444, 
263, -78, -341, -92, 302, -209, -219, -19, 141, 214, 0, 444, 
263, -78, -341, -92, 302, -209, -214, -19, 146, 219, 4, 448, 
278, -92, -370, -92, 324, -231, -219, -29, 146, 209, -14, 434, 
278, -97, -375, -90, 326, -236, -219, -29, 141, 200, -24, 424, 
273, -107, -380, -82, 326, -244, -219, -29, 136, 195, -39, 419, 
258, -112, -370, -73, 314, -241, -219, -29, 131, 190, -48, 409, 
239, -112, -351, -63, 295, -231, -204, -14, 131, 190, -48, 405, 
234, -122, -356, -56, 295, -239, -195, -9, 131, 190, -43, 400, 
229, -126, -356, -51, 292, -241, -190, -4, 131, 195, -48, 395, 
224, -126, -351, -48, 287, -239, -185, 9, 131, 200, -48, 395, 
204, -151, -356, -26, 280, -253, -175, 14, 131, 200, -43, 385, 
180, -180, -361, 0, 270, -270, -170, 19, 141, 209, -43, 380, 
161, -195, -356, 17, 258, -275, -165, 19, 146, 209, -43, 380, 
151, -209, -361, 29, 256, -285, -165, 19, 146, 204, -43, 380, 
180, -195, -375, 7, 278, -285, -175, 29, 151, 204, -58, 375, 
180, -180, -361, 0, 270, -270, -170, 24, 151, 200, -63, 375, 
190, -175, -366, -7, 278, -270, -165, 24, 146, 200, -63, 366, 
200, -161, -361, -19, 280, -261, -161, 19, 146, 195, -63, 366, 
190, -165, -356, -12, 273, -261, -156, 19, 156, 195, -68, 361, 
180, -170, -351, -4, 265, -261, -151, 19, 156, 195, -73, 351, 
175, -180, -356, 2, 265, -268, -146, 24, 156, 200, -73, 351, 
175, -180, -356, 2, 265, -268, -141, 24, 156, 204, -68, 356, 
185, -175, -361, -4, 273, -268, -151, 29, 156, 204, -78, 346, 
204, -175, -380, -14, 292, -278, -151, 34, 156, 204, -78, 351, 
219, -180, -400, -19, 309, -290, -151, 34, 151, 204, -73, 351, 
224, -180, -405, -21, 314, -292, -151, 29, 146, 204, -73, 336, 
195, -175, -370, -9, 283, -273, -141, 39, 156, 209, -73, 341, 
185, -170, -356, -7, 270, -263, -141, 39, 156, 209, -78, 346, 
170, -170, -341, 0, 256, -256, -146, 39, 146, 209, -78, 346, 
156, -165, -322, 4, 239, -244, -146, 34, 146, 214, -78, 346, 
161, -156, -317, -2, 239, -236, -136, 34, 151, 214, -73, 361, 
156, -156, -312, 0, 234, -234, -131, 34, 156, 214, -68, 361, 
161, -156, -317, -2, 239, -236, -131, 34, 161, 219, -63, 366, 
161, -156, -317, -2, 239, -236, -122, 43, 175, 234, -53, 380, 
165, -161, -326, -2, 246, -244, -112, 34, 165, 239, -53, 370, 
165, -161, -326, -2, 246, -244, -112, 34, 161, 239, -53, 366, 
175, -165, -341, -4, 258, -253, -112, 34, 161, 248, -53, 361, 
175, -170, -346, -2, 261, -258, -112, 34, 165, 248, -48, 361, 
180, -161, -341, -9, 261, -251, -117, 43, 175, 248, -39, 366, 
190, -156, -346, -17, 268, -251, -122, 43, 175, 244, -39, 370, 
195, -146, -341, -24, 268, -244, -122, 43, 175, 244, -39, 375, 
190, -141, -331, -24, 261, -236, -126, 43, 170, 244, -43, 380, 
200, -156, -356, -21, 278, -256, -122, 48, 170, 229, -53, 375, 
200, -161, -361, -19, 280, -261, -122, 48, 170, 229, -63, 366, 
219, -161, -380, -29, 300, -270, -122, 48, 170, 234, -68, 356, 
234, -165, -400, -34, 317, -283, -122, 48, 170, 234, -68, 346, 
219, -185, -405, -17, 312, -295, -131, 34, 156, 229, -78, 336, 
204, -190, -395, -7, 300, -292, -136, 34, 151, 224, -82, 336, 
180, -195, -375, 7, 278, -285, -136, 34, 151, 219, -87, 336, 
146, -195, -341, 24, 244, -268, -146, 34, 151, 214, -92, 331, 
161, -180, -341, 9, 251, -261, -136, 34, 156, 239, -73, 356, 
180, -170, -351, -4, 265, -261, -131, 39, 165, 244, -63, 370, 
185, -161, -346, -12, 265, -253, -126, 39, 170, 248, -48, 390, 
165, -161, -326, -2, 246, -244, -122, 39, 175, 253, -34, 405, 
156, -170, -326, 7, 241, -248, -126, 29, 165, 244, -34, 390, 
161, -165, -326, 2, 244, -246, -136, 24, 165, 239, -39, 380, 
175, -165, -341, -4, 258, -253, -141, 24, 165, 239, -53, 375, 
180, -146, -326, -17, 253, -236, -151, 24, 165, 239, -63, 375, 
190, -161, -351, -14, 270, -256, -161, 19, 161, 229, -78, 361, 
195, -170, -366, -12, 280, -268, -156, 14, 156, 234, -78, 356, 
200, -175, -375, -12, 287, -275, -156, 9, 151, 234, -78, 351, 
204, -180, -385, -12, 295, -283, -156, 4, 146, 234, -78, 346, 
200, -170, -370, -14, 285, -270, -151, 4, 151, 248, -73, 361, 
180, -170, -351, -4, 265, -261, -151, 4, 156, 248, -68, 366, 
170, -161, -331, -4, 251, -246, -151, 9, 156, 253, -63, 370, 
161, -151, -312, -4, 236, -231, -156, 14, 161, 248, -63, 370, 
161, -141, -302, -9, 231, -222, -161, 9, 161, 248, -63, 370, 
161, -141, -302, -9, 231, -222, -161, 9, 161, 253, -58, 370, 
170, -141, -312, -14, 241, -226, -156, 14, 165, 258, -48, 370, 
180, -141, -322, -19, 251, -231, -156, 14, 165, 263, -39, 370, 
175, -151, -326, -12, 251, -239, -156, 14, 156, 258, -43, 370, 
165, -161, -326, -2, 246, -244, -156, 14, 156, 258, -53, 366, 
141, -165, -307, 12, 224, -236, -156, 14, 156, 253, -58, 361, 
136, -175, -312, 19, 224, -244, -156, 14, 156, 253, -63, 356, 
165, -165, -331, 0, 248, -248, -146, 24, 165, 263, -58, 361, 
190, -165, -356, -12, 273, -261, -146, 19, 161, 263, -53, 361, 
200, -156, -356, -21, 278, -256, -146, 19, 161, 258, -58, 366, 
204, -156, -361, -24, 283, -258, -146, 19, 161, 253, -53, 370, 
195, -151, -346, -21, 270, -248, -146, 19, 170, 268, -53, 366, 
190, -151, -341, -19, 265, -246, -146, 24, 180, 278, -39, 366, 
190, -146, -336, -21, 263, -241, -146, 24, 185, 287, -34, 366, 
195, -141, -336, -26, 265, -239, -146, 24, 190, 292, -29, 370, 
185, -151, -336, -17, 261, -244, -161, 14, 185, 283, -39, 356, 
161, -161, -322, 0, 241, -241, -161, 14, 180, 278, -48, 356, 
117, -165, -283, 24, 200, -224, -156, 14, 175, 263, -58, 356, 
97, -170, -268, 36, 183, -219, -156, 14, 170, 258, -73, 356, 
156, -170, -326, 7, 241, -248, -136, 14, 161, 258, -82, 336, 
146, -185, -331, 19, 239, -258, -156, 4, 141, 248, -102, 317, 
136, -156, -292, 9, 214, -224, -156, 0, 146, 253, -97, 322, 
146, -161, -307, 7, 226, -234, -151, 4, 151, 268, -82, 331, 
146, -165, -312, 9, 229, -239, -146, 9, 156, 273, -78, 331, 
146, -170, -317, 12, 231, -244, -141, 14, 161, 278, -73, 331, 
146, -175, -322, 14, 234, -248, -136, 19, 165, 283, -68, 331, 
161, -170, -331, 4, 246, -251, -141, 19, 165, 273, -68, 317, 
161, -165, -326, 2, 244, -246, -141, 19, 170, 273, -68, 322, 
161, -175, -336, 7, 248, -256, -141, 24, 170, 273, -68, 322, 
165, -170, -336, 2, 251, -253, -141, 24, 170, 273, -68, 322, 
165, -165, -331, 0, 248, -248, -131, 14, 170, 283, -63, 336, 
161, -161, -322, 0, 241, -241, -131, 14, 175, 283, -58, 336, 
161, -151, -312, -4, 236, -231, -131, 14, 175, 287, -53, 336, 
161, -146, -307, -7, 234, -226, -131, 14, 175, 287, -48, 336, 
151, -151, -302, 0, 226, -226, -126, 24, 185, 292, -39, 346, 
146, -156, -302, 4, 224, -229, -126, 24, 185, 297, -39, 341, 
136, -156, -292, 9, 214, -224, -131, 24, 185, 297, -39, 341, 
126, -161, -287, 17, 207, -224, -131, 24, 185, 302, -39, 341, 
126, -156, -283, 14, 204, -219, -131, 29, 180, 302, -43, 336, 
141, -141, -283, 0, 212, -212, -126, 34, 180, 302, -48, 331, 
112, -122, -234, 4, 173, -178, -126, 34, 195, 302, -43, 326, 
122, -112, -234, -4, 178, -173, -126, 34, 195, 302, -48, 331, 
131, -117, -248, -7, 190, -183, -136, 34, 190, 307, -53, 326, 
136, -122, -258, -7, 197, -190, -136, 34, 200, 307, -48, 326, 
141, -126, -268, -7, 204, -197, -136, 39, 200, 317, -39, 322, 
136, -122, -258, -7, 197, -190, -131, 39, 204, 322, -39, 317, 
146, -107, -253, -19, 200, -180, -122, 34, 219, 336, -29, 322, 
151, -107, -258, -21, 204, -183, -122, 34, 224, 341, -19, 331, 
141, -92, -234, -24, 187, -163, -122, 43, 234, 346, -4, 336, 
122, -92, -214, -14, 168, -153, -122, 43, 234, 356, 0, 356, 
126, -63, -190, -31, 158, -126, -122, 48, 258, 375, 14, 375, 
131, -53, -185, -39, 158, -119, -131, 48, 263, 380, 19, 375, 
136, -39, -175, -48, 156, -107, -141, 34, 268, 385, 24, 370, 
141, -14, -156, -63, 148, -85, -146, 34, 268, 390, 34, 366, 
136, -19, -156, -58, 146, -87, -156, 43, 258, 385, 24, 375, 
131, -39, -170, -46, 151, -104, -161, 43, 263, 390, 24, 375, 
131, -43, -175, -43, 153, -109, -170, 43, 263, 390, 29, 380, 
131, -34, -165, -48, 148, -100, -180, 34, 263, 390, 34, 380, 
141, -43, -185, -48, 163, -114, -200, 19, 258, 380, 29, 361, 
151, -34, -185, -58, 168, -109, -219, 14, 253, 375, 24, 351, 
170, -43, -214, -63, 192, -129, -229, 14, 248, 370, 19, 346, 
170, -58, -229, -56, 200, -143, -234, 14, 239, 356, 14, 336, 
156, -63, -219, -46, 187, -141, -229, 9, 239, 366, 24, 336, 
146, -58, -204, -43, 175, -131, -224, 9, 244, 370, 29, 341, 
146, -53, -200, -46, 173, -126, -214, 9, 248, 375, 34, 346, 
141, -39, -180, -51, 161, -109, -204, 14, 258, 385, 43, 361, 
146, -34, -180, -56, 163, -107, -204, 14, 258, 380, 39, 356, 
136, -29, -165, -53, 151, -97, -204, 14, 253, 380, 39, 356, 
136, -34, -170, -51, 153, -102, -200, 14, 253, 375, 34, 356, 
141, -29, -170, -56, 156, -100, -195, 14, 248, 375, 34, 351, 
151, -24, -175, -63, 163, -100, -175, 29, 253, 370, 29, 331, 
136, -43, -180, -46, 158, -112, -170, 34, 239, 361, 14, 326, 
136, -48, -185, -43, 161, -117, -156, 43, 244, 361, 14, 326, 
136, -43, -180, -46, 158, -112, -141, 48, 239, 356, 9, 326, 
141, -43, -185, -48, 163, -114, -131, 48, 224, 346, 0, 312, 
136, -48, -185, -43, 161, -117, -131, 48, 219, 341, -9, 302, 
131, -82, -214, -24, 173, -148, -126, 48, 214, 336, -24, 287, 
136, -87, -224, -24, 180, -156, -122, 48, 214, 331, -24, 283, 
131, -97, -229, -17, 180, -163, -131, 43, 200, 326, -39, 273, 
131, -122, -253, -4, 192, -187, -141, 39, 190, 307, -53, 258, 
117, -151, -268, 17, 192, -209, -151, 24, 180, 297, -58, 248, 
102, -175, -278, 36, 190, -226, -151, 19, 175, 292, -58, 244, 
87, -161, -248, 36, 168, -204, -131, 34, 175, 297, -53, 244, 
78, -156, -234, 39, 156, -195, -117, 39, 180, 292, -48, 244, 
58, -165, -224, 53, 141, -195, -107, 48, 185, 297, -48, 244, 
34, -170, -204, 68, 119, -187, -97, 53, 190, 302, -43, 248, 
19, -175, -195, 78, 107, -185, -97, 43, 185, 312, -48, 244, 
19, -175, -195, 78, 107, -185, -102, 43, 185, 302, -53, 244, 
34, -180, -214, 73, 124, -197, -102, 43, 180, 302, -53, 244, 
34, -185, -219, 75, 126, -202, -97, 48, 180, 312, -48, 244, 
19, -195, -214, 87, 117, -204, -97, 48, 190, 302, -48, 244, 
19, -195, -214, 87, 117, -204, -97, 53, 195, 302, -48, 248, 
14, -200, -214, 92, 114, -207, -87, 53, 195, 297, -48, 248, 
9, -209, -219, 100, 114, -214, -102, 48, 195, 297, -48, 244, 
14, -204, -219, 95, 117, -212, -92, 48, 190, 297, -58, 239, 
24, -204, -229, 90, 126, -217, -92, 48, 185, 292, -58, 239, 
34, -195, -229, 80, 131, -212, -82, 53, 185, 292, -58, 229, 
34, -185, -219, 75, 126, -202, -82, 53, 185, 292, -58, 229, 
43, -170, -214, 63, 129, -192, -82, 63, 195, 302, -48, 239, 
34, -170, -204, 68, 119, -187, -82, 63, 195, 297, -43, 244, 
34, -170, -204, 68, 119, -187, -87, 63, 195, 297, -39, 248, 
39, -170, -209, 65, 124, -190, -87, 63, 195, 302, -34, 248, 
48, -175, -224, 63, 136, -200, -92, 48, 190, 292, -39, 244, 
53, -180, -234, 63, 143, -207, -92, 43, 190, 292, -43, 239, 
48, -185, -234, 68, 141, -209, -97, 39, 185, 292, -48, 234, 
53, -190, -244, 68, 148, -217, -102, 34, 180, 292, -53, 229, 
24, -200, -224, 87, 124, -212, -97, 48, 195, 307, -34, 239, 
9, -209, -219, 100, 114, -214, -92, 58, 200, 312, -29, 244, 
4, -209, -214, 102, 109, -212, -87, 63, 204, 317, -24, 253, 
-9, -204, -195, 107, 92, -200, -82, 68, 209, 322, -19, 263, 
0, -195, -195, 97, 97, -195, -82, 68, 209, 322, -9, 273, 
-58, -190, -131, 124, 36, -161, -73, 73, 214, 312, -4, 263, 
-68, -165, -97, 117, 14, -131, -58, 73, 224, 322, -4, 253, 
-34, -146, -112, 90, 39, -129, -68, 63, 244, 341, -4, 248, 
-34, -131, -97, 82, 31, -114, -73, 53, 248, 346, -4, 253, 
-73, -126, -53, 100, -9, -90, -73, 53, 258, 361, 9, 253, 
-92, -136, -43, 114, -24, -90, -58, 73, 268, 375, 19, 263, 
-78, -141, -63, 109, -7, -102, -53, 87, 278, 375, 19, 263, 
-58, -156, -97, 107, 19, -126, -48, 107, 273, 370, 19, 258, 
-82, -180, -97, 131, 7, -139, -19, 126, 273, 361, 9, 248, 
-73, -185, -112, 129, 19, -148, 19, 170, 273, 366, 14, 248, 
-24, -209, -185, 117, 80, -197, 29, 204, 283, 366, 39, 273, 
14, -234, -248, 109, 131, -241, 43, 253, 273, 366, 53, 297, 
82, -244, -326, 80, 204, -285, 68, 336, 278, 375, 73, 312, 
175, -263, -439, 43, 307, -351, 102, 458, 302, 400, 102, 346, 
287, -297, -585, 4, 436, -441, 141, 614, 341, 434, 161, 405, 
434, -302, -736, -65, 585, -519, 170, 775, 400, 507, 248, 483, 
614, -244, -858, -185, 736, -551, 146, 912, 463, 585, 341, 566, 
814, -122, -936, -346, 875, -529, 68, 956, 512, 658, 458, 683, 
1010, 29, -980, -519, 995, -475, -29, 917, 531, 722, 575, 824, 
1166, 136, -1029, -651, 1098, -446, -122, 858, 502, 741, 634, 917, 
1278, 209, -1068, -744, 1173, -429, -180, 805, 448, 717, 644, 956, 
1298, 239, -1058, -768, 1178, -409, -200, 712, 385, 668, 614, 956, 
1210, 195, -1015, -702, 1112, -409, -195, 561, 287, 546, 483, 844, 
1049, 87, -961, -568, 1005, -436, -165, 429, 141, 370, 258, 614, 
873, -92, -966, -390, 919, -529, -97, 331, -9, 185, 14, 361, 
722, -234, -956, -244, 839, -595, -39, 234, -131, 29, -180, 165, 
541, -268, -810, -136, 675, -539, -43, 78, -190, -34, -268, 68, 
400, -268, -668, -65, 534, -468, -58, -63, -190, -43, -283, 34, 
287, -312, -600, 12, 444, -456, -48, -122, -190, -53, -307, 0, 
170, -375, -546, 102, 358, -461, -14, -102, -175, -63, -326, -29, 
63, -414, -478, 175, 270, -446, 34, -43, -126, -19, -302, -9, 
-19, -400, -380, 209, 180, -390, 48, -4, -73, 14, -278, 19, 
-82, -346, -263, 214, 90, -305, 43, 24, -24, 53, -248, 34, 
-92, -287, -195, 190, 51, -241, 24, 82, 34, 117, -190, 68, 
-63, -263, -200, 163, 68, -231, 0, 136, 87, 180, -117, 117, 
-4, -219, -214, 112, 104, -217, -29, 161, 117, 224, -78, 141, 
29, -185, -214, 78, 122, -200, -53, 151, 131, 234, -58, 146, 
9, -195, -204, 92, 107, -200, -82, 131, 146, 244, -53, 156, 
-9, -219, -209, 114, 100, -214, -102, 131, 156, 258, -43, 175, 
-4, -214, -209, 109, 102, -212, -92, 131, 175, 268, -34, 180, 
-14, -214, -200, 114, 92, -207, -87, 126, 185, 273, -29, 185, 
-39, -214, -175, 126, 68, -195, -82, 122, 200, 273, -29, 185, 
-39, -219, -180, 129, 70, -200, -73, 112, 200, 273, -24, 190, 
-58, -209, -151, 134, 46, -180, -82, 102, 200, 273, -34, 180, 
-82, -209, -126, 146, 21, -168, -78, 87, 200, 268, -34, 180, 
-82, -195, -112, 139, 14, -153, -73, 82, 190, 268, -34, 180, 
-82, -195, -112, 139, 14, -153, -68, 82, 190, 273, -34, 175, 
-63, -190, -126, 126, 31, -158, -68, 78, 214, 283, -24, 195, 
-58, -185, -126, 122, 34, -156, -73, 82, 219, 297, -14, 200, 
-53, -175, -122, 114, 34, -148, -73, 87, 224, 302, -4, 200, 
-43, -170, -126, 107, 41, -148, -73, 92, 224, 307, 4, 200, 
-73, -161, -87, 117, 7, -124, -63, 87, 234, 307, 9, 204, 
-82, -161, -78, 122, -2, -119, -63, 87, 234, 302, 4, 195, 
-92, -165, -73, 129, -9, -119, -63, 87, 229, 297, 0, 180, 
-112, -165, -53, 139, -29, -109, -63, 78, 229, 292, 4, 180, 
-117, -180, -63, 148, -26, -122, -63, 78, 229, 292, 4, 190, 
-117, -185, -68, 151, -24, -126, -63, 78, 234, 302, 9, 195, 
-117, -190, -73, 153, -21, -131, -63, 82, 234, 302, 9, 195, 
-117, -195, -78, 156, -19, -136, -63, 87, 234, 312, 9, 195, 
-117, -209, -92, 163, -12, -151, -73, 87, 244, 312, 9, 195, 
-112, -209, -97, 161, -7, -153, -73, 87, 248, 312, 19, 190, 
-136, -200, -63, 168, -36, -131, -68, 87, 253, 312, 19, 185, 
-141, -200, -58, 170, -41, -129, -58, 87, 253, 312, 19, 185, 
-122, -175, -53, 148, -34, -114, -48, 82, 244, 302, 9, 175, 
-107, -165, -58, 136, -24, -112, -48, 78, 244, 302, 4, 170, 
-102, -165, -63, 134, -19, -114, -53, 78, 244, 297, 4, 170, 
-97, -161, -63, 129, -17, -112, -63, 73, 234, 287, 9, 170, 
-97, -170, -73, 134, -12, -122, -68, 78, 224, 278, 9, 170, 
-97, -170, -73, 134, -12, -122, -68, 78, 229, 283, 14, 175, 
-102, -170, -68, 136, -17, -119, -63, 78, 239, 297, 14, 180, 
-117, -170, -53, 143, -31, -112, -63, 78, 239, 297, 14, 180, 
-136, -175, -39, 156, -48, -107, -58, 82, 248, 302, 29, 185, 
-151, -180, -29, 165, -61, -104, -58, 82, 253, 297, 39, 195, 
-161, -175, -14, 168, -73, -95, -53, 87, 258, 302, 48, 204, 
-170, -180, -9, 175, -80, -95, -48, 92, 263, 307, 63, 214, 
-204, -195, 9, 200, -107, -92, -53, 102, 253, 302, 53, 204, 
-204, -200, 4, 202, -104, -97, -53, 102, 258, 302, 53, 214, 
-190, -200, -9, 195, -90, -104, -53, 102, 258, 297, 53, 214, 
-190, -200, -9, 195, -90, -104, -53, 107, 258, 297, 58, 219, 
-185, -185, 0, 185, -92, -92, -68, 92, 248, 287, 48, 214, 
-170, -185, -14, 178, -78, -100, -73, 87, 248, 297, 48, 200, 
-190, -185, 4, 187, -97, -90, -73, 82, 253, 297, 43, 195, 
-195, -185, 9, 190, -102, -87, -73, 78, 253, 292, 48, 185, 
-175, -175, 0, 175, -87, -87, -68, 87, 248, 287, 48, 175, 
-161, -170, -9, 165, -75, -90, -63, 87, 248, 283, 48, 185, 
-141, -161, -19, 151, -61, -90, -58, 87, 248, 283, 48, 185, 
-112, -146, -34, 129, -39, -90, -53, 87, 248, 287, 48, 185, 
-146, -146, 0, 146, -73, -73, -63, 97, 263, 292, 53, 190, 
-161, -151, 9, 156, -85, -70, -63, 97, 268, 297, 63, 195, 
-165, -151, 14, 158, -90, -68, -63, 102, 278, 302, 73, 209, 
-156, -141, 14, 148, -85, -63, -63, 107, 292, 317, 82, 224, 
-161, -122, 39, 141, -100, -41, -48, 117, 292, 317, 82, 224, 
-156, -136, 19, 146, -87, -58, -48, 112, 287, 307, 82, 219, 
-161, -136, 24, 148, -92, -56, -43, 102, 283, 307, 82, 209, 
-161, -131, 29, 146, -95, -51, -53, 102, 278, 307, 78, 204, 
-151, -126, 24, 139, -87, -51, -68, 97, 273, 297, 63, 190, 
-136, -117, 19, 126, -78, -48, -68, 92, 268, 292, 63, 185, 
-136, -136, 0, 136, -68, -68, -73, 87, 263, 283, 63, 180, 
-161, -151, 9, 156, -85, -70, -92, 82, 258, 268, 63, 175, 
-165, -146, 19, 156, -92, -63, -82, 87, 263, 268, 73, 170, 
-165, -141, 24, 153, -95, -58, -78, 87, 263, 273, 68, 165, 
-165, -136, 29, 151, -97, -53, -73, 87, 263, 273, 63, 161, 
-161, -122, 39, 141, -100, -41, -73, 87, 263, 273, 63, 156, 
-170, -126, 43, 148, -107, -41, -73, 102, 273, 278, 73, 156, 
-175, -146, 29, 161, -102, -58, -68, 102, 273, 283, 78, 151, 
-175, -151, 24, 163, -100, -63, -68, 102, 273, 287, 87, 151, 
-161, -156, 4, 158, -82, -75, -73, 102, 268, 292, 92, 151, 
-175, -151, 24, 163, -100, -63, -87, 102, 273, 283, 97, 156, 
-170, -151, 19, 161, -95, -65, -87, 102, 273, 283, 97, 156, 
-165, -136, 29, 151, -97, -53, -82, 102, 278, 287, 102, 161, 
-170, -136, 34, 153, -102, -51, -82, 102, 283, 292, 102, 165, 
-170, -136, 34, 153, -102, -51, -82, 102, 283, 283, 102, 156, 
-170, -126, 43, 148, -107, -41, -78, 112, 287, 292, 102, 156, 
-161, -126, 34, 143, -97, -46, -73, 112, 297, 297, 102, 161, 
-151, -122, 29, 136, -90, -46, -78, 112, 297, 297, 102, 161, 
-161, -117, 43, 139, -102, -36, -78, 102, 292, 292, 102, 146, 
-156, -117, 39, 136, -97, -39, -78, 102, 287, 287, 102, 146, 
-165, -117, 48, 141, -107, -34, -78, 102, 283, 287, 107, 156, 
-165, -112, 53, 139, -109, -29, -82, 102, 283, 287, 117, 161, 
-151, -92, 58, 122, -104, -17, -92, 102, 287, 302, 136, 170, 
-136, -87, 48, 112, -92, -19, -97, 102, 287, 292, 141, 175, 
-117, -82, 34, 100, -75, -24, -97, 102, 292, 287, 141, 180, 
-102, -78, 24, 90, -63, -26, -97, 102, 297, 287, 141, 185, 
-107, -87, 19, 97, -63, -34, -87, 102, 307, 278, 146, 185, 
-126, -87, 39, 107, -82, -24, -87, 107, 307, 283, 141, 180, 
-117, -78, 39, 97, -78, -19, -92, 107, 302, 283, 136, 175, 
-107, -78, 29, 92, -68, -24, -102, 102, 302, 283, 131, 170, 
-112, -68, 43, 90, -78, -12, -107, 102, 312, 283, 126, 180, 
-102, -63, 39, 82, -70, -12, -117, 92, 307, 283, 126, 180, 
-92, -58, 34, 75, -63, -12, -117, 92, 307, 283, 136, 180, 
-87, -58, 29, 73, -58, -14, -117, 92, 307, 283, 151, 195, 
-92, -73, 19, 82, -56, -26, -107, 97, 307, 292, 161, 195, 
-107, -82, 24, 95, -65, -29, -112, 97, 302, 287, 161, 195, 
-122, -87, 34, 104, -78, -26, -112, 102, 302, 287, 161, 195, 
-131, -92, 39, 112, -85, -26, -107, 117, 307, 292, 170, 204, 
-146, -87, 58, 117, -102, -14, -117, 107, 302, 287, 175, 200, 
-151, -92, 58, 122, -104, -17, -122, 107, 302, 283, 170, 190, 
-161, -97, 63, 129, -112, -17, -122, 107, 307, 268, 161, 170, 
-170, -97, 73, 134, -122, -12, -122, 107, 307, 263, 156, 161, 
-151, -97, 53, 124, -102, -21, -136, 87, 292, 258, 146, 151, 
-151, -97, 53, 124, -102, -21, -141, 87, 287, 263, 146, 146, 
-156, -107, 48, 131, -102, -29, -141, 87, 287, 263, 146, 146, 
-156, -107, 48, 131, -102, -29, -141, 82, 297, 263, 151, 146, 
-170, -92, 78, 131, -124, -7, -131, 92, 302, 263, 165, 161, 
-165, -92, 73, 129, -119, -9, -126, 97, 302, 263, 170, 161, 
-151, -102, 48, 126, -100, -26, -122, 97, 307, 268, 175, 165, 
-151, -102, 48, 126, -100, -26, -117, 97, 312, 273, 180, 170, 
-151, -82, 68, 117, -109, -7, -126, 97, 312, 268, 190, 175, 
-151, -73, 78, 112, -114, 2, -126, 97, 307, 263, 190, 170, 
-151, -82, 68, 117, -109, -7, -136, 87, 302, 253, 175, 165, 
-151, -82, 68, 117, -109, -7, -136, 78, 287, 248, 175, 161, 
-156, -92, 63, 124, -109, -14, -122, 92, 297, 248, 170, 161, 
-165, -97, 68, 131, -117, -14, -107, 102, 297, 248, 170, 156, 
-165, -107, 58, 136, -112, -24, -97, 112, 302, 248, 170, 146, 
-175, -122, 53, 148, -114, -34, -82, 122, 307, 248, 161, 136, 
-185, -122, 63, 153, -124, -29, -92, 112, 307, 244, 165, 112, 
-185, -117, 68, 151, -126, -24, -92, 107, 307, 234, 165, 112, 
-185, -117, 68, 151, -126, -24, -92, 102, 302, 229, 161, 112, 
-185, -117, 68, 151, -126, -24, -87, 97, 302, 229, 161, 117, 
-190, -117, 73, 153, -131, -21, -78, 107, 297, 229, 161, 107, 
-190, -117, 73, 153, -131, -21, -73, 107, 297, 219, 161, 102, 
-195, -122, 73, 158, -134, -24, -68, 107, 297, 214, 156, 102, 
-209, -122, 87, 165, -148, -17, -63, 107, 297, 209, 156, 97, 
-214, -141, 73, 178, -143, -34, -63, 107, 292, 200, 141, 78, 
-214, -151, 63, 183, -139, -43, -58, 107, 287, 190, 141, 68, 
-214, -156, 58, 185, -136, -48, -58, 107, 283, 185, 131, 58, 
-214, -156, 58, 185, -136, -48, -58, 117, 278, 180, 126, 53, 
-234, -156, 78, 195, -156, -39, -48, 131, 283, 185, 136, 63, 
-248, -170, 78, 209, -163, -46, -43, 136, 297, 200, 141, 58, 
-258, -170, 87, 214, -173, -41, -39, 136, 307, 204, 146, 58, 
-258, -170, 87, 214, -173, -41, -39, 136, 312, 204, 151, 58, 
-258, -175, 82, 217, -170, -46, -29, 141, 307, 195, 146, 53, 
-268, -180, 87, 224, -178, -46, -24, 141, 307, 190, 141, 53, 
-268, -195, 73, 231, -170, -61, -19, 146, 302, 190, 141, 43, 
-268, -200, 68, 234, -168, -65, -14, 146, 302, 185, 141, 43, 
-258, -200, 58, 229, -158, -70, -19, 141, 292, 180, 131, 29, 
-268, -200, 68, 234, -168, -65, -14, 136, 292, 175, 122, 9, 
-273, -204, 68, 239, -170, -68, -9, 136, 292, 175, 117, 0, 
-273, -200, 73, 236, -173, -63, -4, 131, 292, 175, 117, -4, 
-278, -195, 82, 236, -180, -56, -4, 136, 297, 180, 126, -4, 
-263, -195, 68, 229, -165, -63, -4, 141, 302, 175, 126, 0, 
-253, -200, 53, 226, -153, -73, -4, 141, 302, 170, 131, 0, 
-253, -200, 53, 226, -153, -73, -4, 136, 302, 165, 131, -14, 
-248, -209, 39, 229, -143, -85, 4, 141, 302, 165, 131, -4, 
-244, -209, 34, 226, -139, -87, 4, 146, 302, 161, 126, -4, 
-244, -214, 29, 229, -136, -92, 0, 151, 292, 156, 126, -9, 
-244, -214, 29, 229, -136, -92, 0, 151, 292, 156, 126, -14, 
-263, -219, 43, 241, -153, -87, 14, 156, 297, 161, 136, -14, 
-292, -224, 68, 258, -180, -78, 24, 161, 302, 156, 136, -19, 
-312, -229, 82, 270, -197, -73, 29, 165, 307, 156, 136, -19, 
-336, -234, 102, 285, -219, -65, 43, 180, 322, 165, 141, -9, 
-336, -234, 102, 285, -219, -65, 39, 175, 317, 156, 141, -4, 
-331, -229, 102, 280, -217, -63, 34, 170, 307, 151, 141, -4, 
-317, -229, 87, 273, -202, -70, 29, 165, 302, 156, 141, -4, 
-312, -229, 82, 270, -197, -73, 24, 161, 302, 151, 146, 0, 
-317, -229, 87, 273, -202, -70, 24, 170, 302, 146, 136, -14, 
-317, -234, 82, 275, -200, -75, 24, 170, 302, 136, 136, -19, 
-322, -234, 87, 278, -204, -73, 29, 170, 302, 131, 136, -24, 
-336, -239, 97, 287, -217, -70, 29, 170, 297, 126, 131, -29, 
-331, -239, 92, 285, -212, -73, 34, 175, 302, 131, 141, -24, 
-326, -229, 97, 278, -212, -65, 34, 175, 307, 131, 141, -24, 
-302, -214, 87, 258, -195, -63, 34, 175, 312, 136, 146, -24, 
-283, -204, 78, 244, -180, -63, 34, 175, 317, 136, 156, -24, 
-307, -229, 78, 268, -192, -75, 29, 165, 312, 126, 161, -9, 
-322, -239, 82, 280, -202, -78, 19, 161, 307, 126, 161, -4, 
-346, -248, 97, 297, -222, -75, 14, 156, 307, 126, 161, 0, 
-380, -253, 126, 317, -253, -63, 0, 151, 307, 126, 161, 0, 
-370, -239, 131, 305, -251, -53, 4, 161, 297, 131, 151, -9, 
-346, -239, 107, 292, -226, -65, 14, 165, 302, 126, 151, -9, 
-336, -239, 97, 287, -217, -70, 24, 165, 302, 122, 156, -4, 
-351, -248, 102, 300, -226, -73, 34, 165, 302, 117, 161, -4, 
-341, -229, 112, 285, -226, -58, 43, 170, 312, 126, 170, 0, 
-336, -214, 122, 275, -229, -46, 39, 170, 312, 122, 175, 0, 
-322, -204, 117, 263, -219, -43, 39, 175, 312, 122, 170, 4, 
-317, -175, 141, 246, -229, -17, 34, 180, 312, 122, 170, 14, 
-297, -165, 131, 231, -214, -17, 43, 180, 312, 122, 175, 4, 
-283, -170, 112, 226, -197, -29, 48, 180, 312, 126, 175, 4, 
-268, -170, 97, 219, -183, -36, 48, 180, 312, 126, 175, 4, 
-253, -170, 82, 212, -168, -43, 48, 180, 312, 126, 175, 4, 
-273, -190, 82, 231, -178, -53, 29, 165, 302, 112, 170, 0, 
-297, -209, 87, 253, -192, -61, 24, 161, 302, 102, 165, -4, 
-312, -219, 92, 265, -202, -63, 19, 161, 297, 97, 161, -9, 
-326, -229, 97, 278, -212, -65, 9, 161, 297, 82, 151, -19, 
-361, -234, 126, 297, -244, -53, 14, 170, 307, 97, 165, -9, 
-375, -239, 136, 307, -256, -51, 24, 175, 317, 107, 175, 0, 
-380, -244, 136, 312, -258, -53, 39, 185, 331, 117, 190, 9, 
-385, -248, 136, 317, -261, -56, 48, 190, 341, 126, 204, 19, 
-370, -244, 126, 307, -248, -58, 39, 185, 336, 117, 195, 9, 
-361, -239, 122, 300, -241, -58, 39, 180, 331, 112, 190, 4, 
-366, -229, 136, 297, -251, -46, 39, 175, 326, 102, 190, 0, 
-351, -224, 126, 287, -239, -48, 39, 170, 322, 97, 190, -4, 
-341, -224, 117, 283, -229, -53, 29, 170, 322, 97, 195, -14, 
-336, -224, 112, 280, -224, -56, 29, 165, 317, 97, 200, -19, 
-346, -214, 131, 280, -239, -41, 29, 165, 317, 92, 195, -19, 
-361, -214, 146, 287, -253, -34, 29, 165, 317, 87, 200, -19, 
-380, -234, 146, 307, -263, -43, 29, 156, 312, 82, 185, -39, 
-385, -248, 136, 317, -261, -56, 29, 161, 317, 82, 195, -43, 
-385, -258, 126, 322, -256, -65, 29, 161, 317, 82, 195, -48, 
-380, -268, 112, 324, -246, -78, 29, 161, 317, 78, 195, -48, 
-356, -258, 97, 307, -226, -80, 34, 161, 307, 73, 195, -43, 
-356, -258, 97, 307, -226, -80, 34, 161, 307, 73, 195, -43, 
-375, -253, 122, 314, -248, -65, 39, 161, 307, 63, 195, -43, 
-370, -248, 122, 309, -246, -63, 39, 161, 307, 63, 190, -43, 
-361, -268, 92, 314, -226, -87, 39, 161, 307, 73, 200, -34, 
-302, -244, 58, 273, -180, -92, 48, 180, 336, 82, 209, -24, 
-322, -253, 68, 287, -195, -92, 48, 180, 341, 87, 219, -19, 
-351, -244, 107, 297, -229, -68, 48, 190, 331, 73, 209, -29, 
-351, -224, 126, 287, -239, -48, 58, 195, 331, 58, 195, -29, 
-341, -234, 107, 287, -224, -63, 53, 190, 326, 58, 195, -34, 
-341, -234, 107, 287, -224, -63, 48, 185, 322, 58, 195, -39, 
-341, -234, 107, 287, -224, -63, 43, 180, 317, 58, 195, -43, 
-341, -234, 107, 287, -224, -63, 39, 175, 312, 58, 195, -48, 
-361, -234, 126, 297, -244, -53, 53, 185, 312, 58, 200, -48, 
-375, -234, 141, 305, -258, -46, 53, 185, 317, 58, 204, -39, 
-390, -248, 141, 319, -265, -53, 53, 190, 317, 58, 209, -34, 
-400, -248, 151, 324, -275, -48, 53, 190, 317, 58, 214, -29, 
-414, -253, 161, 334, -287, -46, 53, 190, 326, 48, 214, -34, 
-424, -258, 165, 341, -295, -46, 53, 190, 331, 48, 214, -34, 
-429, -258, 170, 344, -300, -43, 53, 190, 331, 53, 214, -34, 
-434, -263, 170, 348, -302, -46, 53, 190, 331, 53, 214, -34, 
-429, -273, 156, 351, -292, -58, 48, 180, 322, 43, 214, -43, 
-419, -273, 146, 346, -283, -63, 48, 180, 322, 43, 214, -48, 
-414, -268, 146, 341, -280, -61, 43, 180, 322, 39, 214, -48, 
-409, -268, 141, 339, -275, -63, 43, 180, 322, 39, 214, -48, 
-400, -248, 151, 324, -275, -48, 48, 190, 341, 48, 229, -39, 
-385, -229, 156, 307, -270, -36, 58, 200, 346, 58, 234, -29, 
-414, -204, 209, 309, -312, 2, 63, 204, 366, 68, 248, -19, 
-405, -190, 214, 297, -309, 12, 68, 209, 370, 78, 253, 0, 
-409, -200, 209, 305, -309, 4, 58, 204, 366, 78, 253, 0, 
-409, -200, 209, 305, -309, 4, 58, 200, 375, 73, 253, -4, 
-409, -200, 209, 305, -309, 4, 58, 200, 375, 78, 258, -14, 
-419, -190, 229, 305, -324, 19, 63, 195, 380, 78, 253, -24, 
-390, -165, 224, 278, -307, 29, 73, 209, 375, 68, 253, -34, 
-366, -156, 209, 261, -287, 26, 73, 209, 380, 68, 263, -29, 
-356, -131, 224, 244, -290, 46, 73, 219, 390, 68, 278, -29, 
-356, -122, 234, 239, -295, 56, 73, 219, 390, 73, 283, -14, 
-356, -126, 229, 241, -292, 51, 53, 209, 409, 87, 292, 0, 
-356, -131, 224, 244, -290, 46, 34, 204, 409, 87, 292, 4, 
-356, -131, 224, 244, -290, 46, 14, 185, 409, 87, 292, 4, 
-356, -122, 234, 239, -295, 56, 0, 180, 405, 87, 297, 4, 
-380, -126, 253, 253, -317, 63, 9, 180, 395, 87, 297, 4, 
-395, -146, 248, 270, -322, 51, 4, 180, 400, 87, 297, 4, 
-405, -151, 253, 278, -329, 51, -4, 180, 400, 82, 302, 9, 
-414, -141, 273, 278, -344, 65, -14, 170, 400, 78, 307, 9, 
-370, -122, 248, 246, -309, 63, -24, 175, 390, 73, 307, 9, 
-346, -102, 244, 224, -295, 70, -34, 170, 390, 73, 307, 9, 
-312, -102, 209, 207, -261, 53, -34, 170, 390, 73, 307, 14, 
-297, -107, 190, 202, -244, 41, -29, 170, 385, 63, 307, 14, 
-307, -126, 180, 217, -244, 26, -29, 165, 380, 68, 292, 9, 
-322, -126, 195, 224, -258, 34, -29, 165, 380, 68, 292, 9, 
-326, -126, 200, 226, -263, 36, -24, 165, 380, 68, 292, 9, 
-336, -117, 219, 226, -278, 51, -19, 170, 385, 73, 297, 19, 
-322, -122, 200, 222, -261, 39, -19, 161, 380, 68, 292, 19, 
-331, -126, 204, 229, -268, 39, -19, 161, 370, 58, 292, 14, 
-331, -141, 190, 236, -261, 24, -14, 161, 366, 43, 287, 9, 
-326, -146, 180, 236, -253, 17, -9, 161, 356, 34, 287, 0, 
-322, -156, 165, 239, -244, 4, 4, 165, 356, 14, 283, 0, 
-331, -180, 151, 256, -241, -14, 4, 170, 336, 0, 268, -4, 
-326, -190, 136, 258, -231, -26, 14, 180, 336, -4, 268, -4, 
-322, -190, 131, 256, -226, -29, 24, 185, 326, -14, 263, -4, 
-336, -180, 156, 258, -246, -12, 24, 195, 326, -4, 278, 0, 
-351, -175, 175, 263, -263, 0, 24, 195, 326, -9, 273, 0, 
-366, -200, 165, 283, -265, -17, 29, 195, 326, -14, 263, -4, 
-370, -195, 175, 283, -273, -9, 34, 195, 331, -19, 268, 0, 
-375, -185, 190, 280, -283, 2, 34, 185, 322, -19, 263, -9, 
-375, -200, 175, 287, -275, -12, 34, 185, 317, -34, 248, -24, 
-390, -219, 170, 305, -280, -24, 34, 175, 312, -39, 244, -34, 
-405, -234, 170, 319, -287, -31, 43, 175, 312, -39, 244, -39, 
-424, -244, 180, 334, -302, -31, 53, 185, 307, -48, 234, -48, 
-439, -253, 185, 346, -312, -34, 68, 195, 307, -58, 234, -58, 
-463, -278, 185, 370, -324, -46, 78, 209, 307, -58, 229, -68, 
-492, -297, 195, 395, -344, -51, 87, 219, 307, -58, 229, -73, 
-483, -297, 185, 390, -334, -56, 87, 204, 307, -63, 214, -82, 
-478, -292, 185, 385, -331, -53, 82, 200, 302, -78, 209, -87, 
-458, -292, 165, 375, -312, -63, 82, 195, 292, -82, 209, -92, 
-453, -292, 161, 373, -307, -65, 87, 195, 287, -78, 214, -97, 
-444, -283, 161, 363, -302, -61, 78, 195, 297, -68, 224, -87, 
-439, -273, 165, 356, -302, -53, 78, 200, 302, -68, 224, -82, 
-439, -268, 170, 353, -305, -48, 87, 200, 302, -73, 224, -82, 
-439, -268, 170, 353, -305, -48, 73, 195, 302, -73, 224, -87, 
-424, -258, 165, 341, -295, -46, 87, 209, 312, -58, 224, -78, 
-414, -253, 161, 334, -287, -46, 92, 214, 312, -58, 234, -73, 
-405, -239, 165, 322, -285, -36, 107, 224, 317, -53, 244, -78, 
-405, -224, 180, 314, -292, -21, 112, 229, 322, -48, 253, -73, 
-414, -239, 175, 326, -295, -31, 122, 219, 322, -63, 244, -82, 
-424, -248, 175, 336, -300, -36, 122, 219, 322, -73, 239, -78, 
-424, -258, 165, 341, -295, -46, 117, 219, 322, -78, 234, -73, 
-419, -268, 151, 344, -285, -58, 117, 219, 322, -78, 229, -73, 
-434, -273, 161, 353, -297, -56, 107, 214, 317, -87, 219, -82, 
-444, -278, 165, 361, -305, -56, 102, 209, 317, -87, 219, -82, 
-463, -283, 180, 373, -322, -51, 92, 204, 312, -87, 219, -82, 
-473, -287, 185, 380, -329, -51, 82, 200, 307, -87, 219, -82, 
-468, -297, 170, 383, -319, -63, 97, 204, 312, -87, 229, -78, 
-468, -307, 161, 387, -314, -73, 102, 214, 317, -87, 234, -78, 
-458, -307, 151, 383, -305, -78, 107, 219, 322, -87, 239, -73, 
-458, -302, 156, 380, -307, -73, 112, 224, 326, -87, 244, -68, 
-458, -253, 204, 356, -331, -24, 102, 214, 336, -68, 263, -48, 
-478, -239, 239, 358, -358, 0, 92, 209, 351, -58, 278, -29, 
-488, -214, 273, 351, -380, 29, 87, 209, 351, -48, 278, -19, 
-502, -195, 307, 348, -405, 56, 87, 200, 370, -19, 287, -14, 
-522, -209, 312, 366, -417, 51, 82, 190, 375, -14, 287, -29, 
-531, -234, 297, 383, -414, 31, 82, 180, 366, -39, 273, -48, 
-551, -273, 278, 412, -414, 2, 107, 200, 375, -63, 253, -58, 
-556, -287, 268, 422, -412, -9, 141, 234, 395, -53, 273, -48, 
-556, -283, 273, 419, -414, -4, 185, 283, 419, -39, 292, -34, 
-551, -297, 253, 424, -402, -21, 204, 331, 419, -29, 312, -4, 
-492, -322, 170, 407, -331, -75, 224, 395, 429, -4, 346, 34, 
-366, -307, 58, 336, -212, -124, 253, 507, 458, 34, 390, 78, 
-268, -302, -34, 285, -117, -168, 297, 653, 488, 73, 434, 112, 
-180, -302, -122, 241, -29, -212, 351, 824, 541, 131, 502, 165, 
-58, -273, -214, 165, 78, -244, 385, 995, 624, 204, 600, 239, 
63, -248, -312, 92, 187, -280, 366, 1112, 702, 287, 697, 336, 
219, -185, -405, -17, 312, -295, 297, 1127, 741, 351, 795, 453, 
400, -68, -468, -165, 434, -268, 195, 1068, 746, 390, 897, 566, 
561, 43, -517, -302, 539, -236, 97, 1005, 688, 366, 946, 644, 
717, 126, -590, -422, 653, -231, 29, 917, 600, 322, 946, 688, 
756, 156, -600, -456, 678, -222, -34, 810, 502, 263, 907, 673, 
712, 92, -619, -402, 666, -263, -82, 688, 390, 161, 790, 575, 
624, -24, -649, -300, 636, -336, -102, 575, 229, -14, 595, 390, 
517, -185, -702, -165, 610, -444, -48, 492, 53, -204, 356, 170, 
395, -331, -727, -31, 561, -529, 9, 419, -82, -361, 151, -19, 
239, -414, -653, 87, 446, -534, 29, 283, -156, -478, 14, -156, 
39, -458, -497, 209, 268, -478, 39, 146, -190, -546, -63, -234, 
-102, -502, -400, 302, 148, -451, 82, 97, -180, -570, -92, -283, 
-165, -522, -356, 344, 95, -439, 136, 122, -161, -580, -117, -307, 
-229, -527, -297, 378, 34, -412, 146, 141, -131, -570, -122, -312, 
-287, -502, -214, 395, -36, -358, 122, 141, -87, -522, -92, -302, 
-287, -434, -146, 361, -70, -290, 102, 151, -19, -448, -29, -263, 
-263, -351, -87, 307, -87, -219, 97, 200, 73, -346, 53, -195, 
-278, -307, -29, 292, -124, -168, 92, 258, 161, -239, 151, -131, 
-326, -297, 29, 312, -178, -134, 82, 287, 219, -185, 209, -97, 
-346, -312, 34, 329, -190, -139, 58, 273, 234, -180, 224, -78, 
-356, -317, 39, 336, -197, -139, 48, 258, 244, -175, 234, -73, 
-341, -273, 68, 307, -204, -102, 73, 268, 287, -156, 253, -48, 
-302, -224, 78, 263, -190, -73, 112, 287, 322, -126, 287, -19, 
-341, -248, 92, 295, -217, -78, 122, 287, 341, -122, 297, -9, 
-361, -253, 107, 307, -234, -73, 102, 273, 331, -126, 287, -24, 
-375, -263, 112, 319, -244, -75, 97, 263, 331, -126, 283, -29, 
-405, -273, 131, 339, -268, -70, 92, 253, 336, -131, 273, -39, 
-409, -287, 122, 348, -265, -82, 92, 239, 326, -136, 268, -43, 
-434, -287, 146, 361, -290, -70, 68, 229, 322, -136, 268, -39, 
-463, -287, 175, 375, -319, -56, 68, 214, 317, -141, 268, -34, 
-468, -273, 195, 370, -331, -39, 68, 209, 302, -141, 268, -29, 
-473, -273, 200, 373, -336, -36, 68, 209, 297, -136, 268, -29, 
-458, -263, 195, 361, -326, -34, 82, 209, 326, -141, 283, -19, 
-458, -253, 204, 356, -331, -24, 82, 209, 336, -131, 287, -14, 
-458, -239, 219, 348, -339, -9, 87, 209, 346, -131, 292, -14, 
-453, -229, 224, 341, -339, -2, 92, 209, 351, -131, 297, -14, 
-458, -244, 214, 351, -336, -14, 78, 204, 341, -146, 283, -24, 
-453, -248, 204, 351, -329, -21, 73, 204, 331, -156, 268, -39, 
-448, -258, 190, 353, -319, -34, 68, 204, 317, -165, 253, -58, 
-453, -263, 190, 358, -322, -36, 63, 195, 307, -175, 248, -63, 
-473, -263, 209, 368, -341, -26, 73, 185, 317, -165, 253, -58, 
-478, -263, 214, 370, -346, -24, 73, 185, 322, -156, 263, -48, 
-483, -263, 219, 373, -351, -21, 73, 190, 322, -156, 268, -43, 
-488, -263, 224, 375, -356, -19, 73, 195, 322, -146, 273, -39, 
-478, -278, 200, 378, -339, -39, 63, 204, 322, -161, 268, -34, 
-473, -287, 185, 380, -329, -51, 63, 204, 326, -165, 273, -34, 
-497, -287, 209, 392, -353, -39, 68, 204, 331, -170, 268, -34, 
-502, -297, 204, 400, -353, -46, 78, 204, 331, -175, 263, -29, 
-468, -268, 200, 368, -334, -34, 87, 195, 326, -170, 273, -29, 
-439, -253, 185, 346, -312, -34, 87, 195, 322, -165, 268, -34, 
-419, -248, 170, 334, -295, -39, 82, 200, 317, -165, 268, -34, 
-400, -239, 161, 319, -280, -39, 73, 200, 302, -170, 273, -34, 
-400, -239, 161, 319, -280, -39, 63, 190, 307, -180, 283, -34, 
-400, -239, 161, 319, -280, -39, 58, 185, 317, -175, 287, -29, 
-405, -239, 165, 322, -285, -36, 58, 180, 331, -161, 287, -24, 
-419, -239, 180, 329, -300, -29, 53, 175, 336, -161, 287, -24, 
-434, -248, 185, 341, -309, -31, 63, 190, 322, -161, 273, -29, 
-434, -248, 185, 341, -309, -31, 58, 190, 322, -170, 273, -29, 
-429, -239, 190, 334, -309, -24, 58, 195, 322, -170, 273, -29, 
-424, -239, 185, 331, -305, -26, 58, 200, 322, -170, 278, -29, 
-439, -244, 195, 341, -317, -24, 63, 190, 312, -165, 278, -39, 
-439, -248, 190, 344, -314, -29, 63, 190, 317, -165, 278, -29, 
-424, -248, 175, 336, -300, -36, 63, 190, 317, -170, 278, -29, 
-424, -248, 175, 336, -300, -36, 63, 195, 317, -170, 283, -24, 
-434, -253, 180, 344, -307, -36, 48, 185, 326, -170, 278, -24, 
-424, -253, 170, 339, -297, -41, 43, 185, 326, -161, 283, -24, 
-448, -253, 195, 351, -322, -29, 43, 185, 331, -161, 283, -14, 
-458, -253, 204, 356, -331, -24, 43, 185, 331, -165, 292, -9, 
-444, -229, 214, 336, -329, -7, 43, 185, 317, -170, 292, -19, 
-424, -219, 204, 322, -314, -7, 43, 185, 317, -175, 292, -9, 
-400, -204, 195, 302, -297, -4, 43, 185, 317, -175, 292, -9, 
-366, -185, 180, 275, -273, -2, 43, 185, 317, -170, 292, -9, 
-405, -204, 200, 305, -302, -2, 43, 175, 317, -170, 292, -9, 
-424, -219, 204, 322, -314, -7, 43, 175, 317, -170, 297, -9, 
-434, -229, 204, 331, -319, -12, 43, 180, 322, -170, 302, 0, 
-429, -229, 200, 329, -314, -14, 43, 185, 331, -161, 307, 9, 
-429, -209, 219, 319, -324, 4, 34, 185, 341, -161, 307, 9, 
-419, -214, 204, 317, -312, -4, 29, 180, 336, -170, 307, 4, 
-419, -204, 214, 312, -317, 4, 29, 170, 331, -170, 307, -4, 
-414, -190, 224, 302, -319, 17, 14, 170, 326, -170, 302, -9, 
-400, -180, 219, 290, -309, 19, 14, 161, 317, -170, 297, 0, 
-380, -165, 214, 273, -297, 24, 19, 161, 317, -165, 297, 0, 
-375, -180, 195, 278, -285, 7, 19, 161, 317, -165, 297, 0, 
-395, -190, 204, 292, -300, 7, 4, 161, 317, -170, 297, 0, 
-375, -175, 200, 275, -287, 12, 14, 175, 331, -170, 312, 4, 
-370, -170, 200, 270, -285, 14, 19, 175, 331, -165, 312, 9, 
-366, -165, 200, 265, -283, 17, 24, 175, 331, -165, 312, 14, 
-356, -151, 204, 253, -280, 26, 24, 175, 331, -165, 317, 19, 
-346, -141, 204, 244, -275, 31, 14, 175, 331, -175, 312, 19, 
-351, -156, 195, 253, -273, 19, 19, 170, 331, -175, 312, 14, 
-351, -156, 195, 253, -273, 19, 19, 165, 331, -175, 317, 14, 
-336, -156, 180, 246, -258, 12, 14, 161, 326, -175, 317, 14, 
-326, -141, 185, 234, -256, 21, 19, 165, 336, -175, 302, 19, 
-317, -141, 175, 229, -246, 17, 19, 170, 331, -175, 302, 19, 
-307, -126, 180, 217, -244, 26, 24, 175, 331, -170, 307, 24, 
-307, -126, 180, 217, -244, 26, 24, 180, 331, -165, 307, 29, 
-322, -156, 165, 239, -244, 4, 0, 165, 322, -185, 302, 24, 
-326, -156, 170, 241, -248, 7, -9, 170, 317, -185, 297, 19, 
-322, -165, 156, 244, -239, -4, -19, 165, 317, -190, 292, 19, 
-317, -170, 146, 244, -231, -12, -39, 161, 307, -200, 287, 14, 
-331, -175, 156, 253, -244, -9, -24, 165, 312, -195, 297, 19, 
-322, -175, 146, 248, -234, -14, -19, 170, 317, -190, 307, 39, 
-326, -175, 151, 251, -239, -12, -14, 175, 322, -180, 322, 68, 
-322, -170, 151, 246, -236, -9, -14, 180, 331, -170, 341, 92, 
-312, -156, 156, 234, -234, 0, -24, 190, 336, -146, 341, 97, 
-302, -156, 146, 229, -224, -4, -29, 190, 336, -156, 346, 97, 
-287, -156, 131, 222, -209, -12, -29, 190, 341, -161, 346, 97, 
-278, -156, 122, 217, -200, -17, -29, 190, 346, -161, 346, 97, 
-278, -146, 131, 212, -204, -7, -39, 185, 331, -175, 346, 97, 
-292, -146, 146, 219, -219, 0, -39, 185, 326, -175, 336, 92, 
-278, -136, 141, 207, -209, 2, -43, 180, 317, -180, 326, 87, 
-263, -136, 126, 200, -195, -4, -53, 170, 312, -185, 317, 82, 
-248, -136, 112, 192, -180, -12, -48, 175, 322, -180, 317, 97, 
-229, -131, 97, 180, -163, -17, -58, 170, 317, -185, 312, 102, 
-209, -126, 82, 168, -146, -21, -58, 175, 317, -190, 317, 107, 
-195, -126, 68, 161, -131, -29, -58, 180, 317, -195, 326, 126, 
-200, -141, 58, 170, -129, -41, -58, 180, 322, -180, 341, 131, 
-204, -151, 53, 178, -129, -48, -63, 175, 322, -180, 346, 136, 
-209, -156, 53, 183, -131, -51, -63, 175, 326, -175, 351, 141, 
-209, -161, 48, 185, -129, -56, -58, 185, 336, -165, 366, 156, 
-195, -136, 58, 165, -126, -39, -68, 175, 331, -156, 375, 170, 
-190, -131, 58, 161, -124, -36, -73, 175, 331, -156, 375, 170, 
-190, -126, 63, 158, -126, -31, -73, 175, 336, -165, 370, 161, 
-190, -117, 73, 153, -131, -21, -73, 175, 336, -165, 370, 161, 
-161, -97, 63, 129, -112, -17, -87, 170, 336, -151, 370, 165, 
-161, -87, 73, 124, -117, -7, -92, 175, 336, -146, 370, 165, 
-165, -87, 78, 126, -122, -4, -92, 180, 341, -146, 370, 170, 
-165, -78, 87, 122, -126, 4, -92, 180, 356, -146, 375, 175, 
-156, -87, 68, 122, -112, -9, -87, 170, 341, -156, 361, 170, 
-136, -92, 43, 114, -90, -24, -87, 175, 331, -165, 356, 161, 
-107, -107, 0, 107, -53, -53, -87, 175, 326, -170, 351, 156, 
-92, -112, -19, 102, -36, -65, -87, 175, 322, -175, 346, 151, 
-107, -107, 0, 107, -53, -53, -97, 170, 312, -185, 326, 141, 
-112, -112, 0, 112, -56, -56, -97, 165, 307, -195, 317, 131, 
-117, -136, -19, 126, -48, -78, -107, 151, 302, -209, 292, 122, 
-122, -151, -29, 136, -46, -90, -107, 136, 287, -219, 283, 112, 
-136, -141, -4, 139, -65, -73, -102, 131, 297, -214, 302, 131, 
-146, -136, 9, 141, -78, -63, -97, 131, 297, -209, 307, 136, 
-146, -136, 9, 141, -78, -63, -97, 131, 302, -204, 312, 136, 
-156, -141, 14, 148, -85, -63, -92, 131, 307, -200, 307, 136, 
-146, -136, 9, 141, -78, -63, -92, 136, 297, -204, 302, 136, 
-136, -126, 9, 131, -73, -58, -92, 136, 297, -214, 302, 141, 
-126, -122, 4, 124, -65, -58, -92, 136, 292, -219, 297, 146, 
-117, -117, 0, 117, -58, -58, -87, 136, 292, -219, 297, 156, 
-136, -136, 0, 136, -68, -68, -78, 146, 297, -219, 283, 141, 
-151, -146, 4, 148, -78, -70, -73, 146, 297, -229, 278, 131, 
-170, -161, 9, 165, -90, -75, -68, 146, 297, -234, 268, 126, 
-200, -170, 29, 185, -114, -70, -63, 146, 297, -239, 263, 117, 
-219, -180, 39, 200, -129, -70, -48, 146, 287, -234, 268, 102, 
-224, -190, 34, 207, -129, -78, -39, 146, 287, -239, 268, 97, 
-229, -195, 34, 212, -131, -80, -34, 146, 287, -239, 258, 92, 
-234, -195, 39, 214, -136, -78, -29, 156, 287, -239, 253, 92, 
-219, -185, 34, 202, -126, -75, -34, 156, 278, -248, 258, 107, 
-209, -190, 19, 200, -114, -85, -34, 156, 287, -239, 258, 107, 
-195, -180, 14, 187, -104, -82, -34, 151, 292, -239, 258, 112, 
-170, -170, 0, 170, -85, -85, -39, 146, 292, -244, 258, 117, 
-170, -190, -19, 180, -75, -104, -29, 151, 287, -244, 253, 122, 
-180, -200, -19, 190, -80, -109, -24, 151, 287, -248, 248, 122, 
-180, -219, -39, 200, -70, -129, -19, 156, 283, -248, 248, 112, 
-180, -229, -48, 204, -65, -139, -14, 156, 283, -253, 248, 112, 
-175, -229, -53, 202, -61, -141, -24, 146, 273, -268, 229, 107, 
-180, -229, -48, 204, -65, -139, -24, 146, 273, -273, 219, 97, 
-180, -234, -53, 207, -63, -143, -24, 151, 273, -273, 214, 97, 
-175, -229, -53, 202, -61, -141, -24, 151, 273, -273, 214, 102, 
-180, -219, -39, 200, -70, -129, -14, 156, 278, -263, 224, 107, 
-165, -214, -48, 190, -58, -131, -14, 161, 283, -263, 224, 117, 
-156, -214, -58, 185, -48, -136, -14, 161, 283, -263, 229, 122, 
-156, -209, -53, 183, -51, -131, -14, 156, 283, -263, 229, 112, 
-161, -200, -39, 180, -61, -119, -14, 146, 273, -273, 214, 107, 
-156, -200, -43, 178, -56, -122, -14, 146, 273, -278, 204, 102, 
-156, -204, -48, 180, -53, -126, -19, 146, 263, -283, 200, 92, 
-156, -204, -48, 180, -53, -126, -19, 141, 263, -283, 195, 82, 
-136, -214, -78, 175, -29, -146, -24, 131, 258, -297, 180, 82, 
-136, -214, -78, 175, -29, -146, -24, 131, 253, -302, 175, 78, 
-126, -214, -87, 170, -19, -151, -29, 131, 248, -302, 170, 78, 
-122, -214, -92, 168, -14, -153, -24, 141, 253, -292, 170, 87, 
-126, -224, -97, 175, -14, -161, -39, 131, 248, -302, 161, 92, 
-126, -219, -92, 173, -17, -156, -43, 122, 239, -307, 161, 92, 
-117, -219, -102, 168, -7, -161, -48, 112, 234, -302, 161, 92, 
-117, -219, -102, 168, -7, -161, -53, 102, 234, -307, 165, 97, 
-117, -219, -102, 168, -7, -161, -48, 112, 239, -297, 180, 107, 
-112, -224, -112, 168, 0, -168, -43, 122, 244, -292, 185, 117, 
-112, -224, -112, 168, 0, -168, -34, 131, 248, -283, 190, 126, 
-122, -229, -107, 175, -7, -168, -29, 141, 248, -273, 190, 136, 
-122, -248, -126, 185, 2, -187, -34, 126, 248, -278, 195, 146, 
-122, -248, -126, 185, 2, -187, -34, 126, 248, -278, 190, 141, 
-102, -244, -141, 173, 19, -192, -34, 126, 248, -273, 190, 136, 
-87, -244, -156, 165, 34, -200, -34, 126, 248, -273, 195, 131, 
-87, -248, -161, 168, 36, -204, -48, 117, 239, -283, 190, 122, 
-87, -248, -161, 168, 36, -204, -58, 112, 229, -292, 180, 112, 
-97, -248, -151, 173, 26, -200, -63, 107, 224, -302, 170, 102, 
-117, -244, -126, 180, 4, -185, -78, 102, 219, -312, 161, 87, 
-102, -234, -131, 168, 14, -183, -78, 92, 219, -297, 161, 102, 
-73, -229, -156, 151, 41, -192, -73, 97, 224, -292, 161, 107, 
-58, -224, -165, 141, 53, -195, -68, 97, 224, -287, 165, 117, 
-68, -229, -161, 148, 46, -195, -63, 97, 224, -283, 170, 122, 
-53, -219, -165, 136, 56, -192, -73, 87, 214, -283, 175, 126, 
-43, -214, -170, 129, 63, -192, -78, 82, 214, -287, 175, 126, 
-24, -214, -190, 119, 82, -202, -78, 82, 214, -287, 165, 131, 
-14, -195, -180, 104, 82, -187, -82, 82, 214, -287, 161, 141, 
-9, -185, -175, 97, 82, -180, -92, 82, 214, -287, 156, 151, 
-9, -190, -180, 100, 85, -185, -87, 82, 214, -283, 156, 151, 
-9, -190, -180, 100, 85, -185, -87, 82, 214, -283, 156, 151, 
-9, -190, -180, 100, 85, -185, -87, 82, 214, -283, 156, 151, 
-19, -180, -161, 100, 70, -170, -78, 87, 219, -278, 165, 156, 
-34, -190, -156, 112, 61, -173, -73, 82, 224, -278, 165, 161, 
-39, -190, -151, 114, 56, -170, -68, 82, 224, -273, 165, 165, 
-43, -190, -146, 117, 51, -168, -68, 82, 229, -278, 161, 165, 
-39, -185, -146, 112, 53, -165, -82, 68, 219, -273, 156, 165, 
-34, -180, -146, 107, 56, -163, -82, 68, 219, -273, 156, 165, 
-19, -175, -156, 97, 68, -165, -78, 73, 224, -273, 161, 165, 
-4, -170, -165, 87, 80, -168, -78, 73, 224, -273, 165, 165, 
14, -175, -190, 80, 102, -183, -82, 82, 224, -263, 175, 185, 
19, -180, -200, 80, 109, -190, -87, 82, 224, -258, 170, 190, 
9, -180, -190, 85, 100, -185, -92, 82, 224, -258, 170, 195, 
19, -185, -204, 82, 112, -195, -97, 82, 224, -253, 170, 200, 
19, -200, -219, 90, 119, -209, -87, 73, 219, -253, 161, 204, 
24, -204, -229, 90, 126, -217, -87, 68, 209, -253, 161, 204, 
14, -200, -214, 92, 114, -207, -87, 68, 204, -258, 151, 209, 
0, -204, -204, 102, 102, -204, -87, 68, 200, -263, 151, 214, 
-9, -204, -195, 107, 92, -200, -92, 68, 195, -263, 146, 209, 
-14, -209, -195, 112, 90, -202, -97, 73, 200, -258, 156, 209, 
-14, -209, -195, 112, 90, -202, -102, 73, 200, -253, 156, 209, 
-9, -209, -200, 109, 95, -204, -107, 73, 200, -253, 156, 214, 
4, -214, -219, 104, 112, -217, -122, 63, 200, -258, 136, 229, 
24, -161, -185, 68, 104, -173, -92, 73, 219, -239, 156, 239, 
24, -141, -165, 58, 95, -153, -78, 82, 219, -229, 165, 258, 
39, -180, -219, 70, 129, -200, -87, 73, 219, -229, 161, 278, 
39, -204, -244, 82, 141, -224, -87, 68, 214, -234, 175, 283, 
29, -190, -219, 80, 124, -204, -92, 68, 204, -244, 165, 283, 
29, -185, -214, 78, 122, -200, -97, 68, 204, -244, 165, 283, 
29, -180, -209, 75, 119, -195, -102, 68, 204, -244, 165, 283, 
29, -175, -204, 73, 117, -190, -107, 68, 204, -244, 165, 283, 
39, -190, -229, 75, 134, -209, -117, 63, 190, -248, 146, 263, 
34, -195, -229, 80, 131, -212, -122, 58, 190, -253, 136, 263, 
29, -214, -244, 92, 136, -229, -126, 58, 185, -258, 126, 258, 
29, -219, -248, 95, 139, -234, -131, 53, 180, -263, 117, 253, 
48, -209, -258, 80, 153, -234, -117, 53, 185, -258, 122, 278, 
63, -200, -263, 68, 163, -231, -112, 53, 195, -253, 126, 287, 
82, -185, -268, 51, 175, -226, -107, 53, 200, -244, 131, 297, 
102, -175, -278, 36, 190, -226, -102, 53, 204, -239, 136, 307, 
87, -175, -263, 43, 175, -219, -97, 63, 214, -234, 141, 322, 
78, -175, -253, 48, 165, -214, -97, 63, 214, -229, 146, 322, 
63, -170, -234, 53, 148, -202, -102, 63, 214, -229, 151, 326, 
48, -170, -219, 61, 134, -195, -102, 63, 214, -224, 156, 331, 
53, -161, -214, 53, 134, -187, -102, 58, 209, -219, 146, 322, 
63, -151, -214, 43, 139, -183, -97, 63, 209, -214, 146, 322, 
29, -136, -165, 53, 97, -151, -97, 63, 224, -209, 156, 322, 
34, -131, -165, 48, 100, -148, -97, 63, 224, -204, 156, 331, 
48, -117, -165, 34, 107, -141, -107, 63, 229, -200, 156, 346, 
58, -112, -170, 26, 114, -141, -107, 63, 239, -200, 156, 356, 
68, -107, -175, 19, 122, -141, -107, 68, 239, -190, 161, 361, 
68, -92, -161, 12, 114, -126, -102, 68, 244, -185, 156, 366, 
102, -102, -204, 0, 153, -153, -102, 73, 239, -170, 156, 370, 
122, -107, -229, -7, 175, -168, -102, 73, 244, -165, 165, 380, 
126, -97, -224, -14, 175, -161, -102, 82, 253, -161, 180, 385, 
122, -102, -224, -9, 173, -163, -102, 82, 253, -151, 185, 405, 
102, -107, -209, 2, 156, -158, -126, 73, 258, -156, 175, 429, 
92, -112, -204, 9, 148, -158, -141, 68, 253, -156, 175, 434, 
82, -112, -195, 14, 139, -153, -156, 48, 248, -156, 175, 434, 
73, -102, -175, 14, 124, -139, -165, 43, 239, -156, 180, 434, 
82, -92, -175, 4, 129, -134, -151, 58, 253, -146, 195, 444, 
82, -97, -180, 7, 131, -139, -151, 63, 263, -136, 200, 453, 
87, -87, -175, 0, 131, -131, -156, 68, 268, -131, 209, 468, 
92, -63, -156, -14, 124, -109, -161, 63, 273, -126, 219, 478, 
122, -53, -175, -34, 148, -114, -185, 48, 273, -122, 204, 478, 
131, -34, -165, -48, 148, -100, -200, 43, 273, -122, 200, 478, 
151, -34, -185, -58, 168, -109, -204, 43, 273, -122, 195, 483, 
151, -39, -190, -56, 170, -114, -204, 43, 268, -131, 190, 483, 
156, -58, -214, -48, 185, -136, -214, 29, 258, -136, 180, 468, 
156, -58, -214, -48, 185, -136, -214, 29, 253, -136, 175, 468, 
165, -58, -224, -53, 195, -141, -209, 29, 248, -136, 170, 468, 
170, -48, -219, -61, 195, -134, -204, 34, 248, -131, 170, 478, 
185, -29, -214, -78, 200, -122, -214, 24, 253, -117, 185, 492, 
185, -19, -204, -82, 195, -112, -214, 24, 253, -107, 195, 502, 
195, -19, -214, -87, 204, -117, -209, 24, 258, -102, 200, 512, 
209, -9, -219, -100, 214, -114, -204, 24, 258, -92, 209, 517, 
209, -29, -239, -90, 224, -134, -200, 14, 253, -112, 200, 517, 
195, -53, -248, -70, 222, -151, -200, 14, 229, -126, 180, 512, 
195, -63, -258, -65, 226, -161, -190, 19, 224, -131, 175, 512, 
195, -63, -258, -65, 226, -161, -180, 19, 209, -141, 165, 512, 
185, -63, -248, -61, 217, -156, -170, 24, 209, -126, 170, 517, 
165, -68, -234, -48, 200, -151, -170, 29, 209, -126, 165, 517, 
146, -102, -248, -21, 197, -175, -165, 34, 209, -126, 156, 512, 
136, -107, -244, -14, 190, -175, -161, 39, 214, -126, 161, 517, 
151, -97, -248, -26, 200, -173, -161, 29, 200, -131, 151, 507, 
161, -112, -273, -24, 217, -192, -161, 29, 190, -151, 131, 492, 
156, -131, -287, -12, 222, -209, -161, 19, 180, -161, 122, 483, 
151, -146, -297, -2, 224, -222, -151, 19, 175, -165, 117, 478, 
131, -151, -283, 9, 207, -217, -156, 24, 170, -165, 102, 468, 
117, -156, -273, 19, 195, -214, -146, 29, 170, -175, 97, 458, 
92, -175, -268, 41, 180, -222, -141, 39, 170, -175, 87, 448, 
63, -190, -253, 63, 158, -222, -136, 43, 170, -175, 82, 444, 
73, -209, -283, 68, 178, -246, -122, 34, 175, -175, 68, 429, 
78, -214, -292, 68, 185, -253, -122, 34, 175, -185, 63, 429, 
97, -224, -322, 63, 209, -273, -117, 34, 170, -185, 63, 429, 
102, -234, -336, 65, 219, -285, -107, 39, 170, -175, 68, 429, 
112, -224, -336, 56, 224, -280, -107, 48, 170, -170, 82, 439, 
117, -204, -322, 43, 219, -263, -107, 53, 175, -165, 87, 453, 
117, -190, -307, 36, 212, -248, -97, 53, 175, -165, 92, 463, 
117, -180, -297, 31, 207, -239, -112, 48, 175, -161, 97, 468, 
126, -175, -302, 24, 214, -239, -122, 39, 170, -161, 87, 468, 
131, -185, -317, 26, 224, -251, -122, 39, 165, -165, 87, 473, 
136, -185, -322, 24, 229, -253, -112, 43, 165, -165, 87, 468, 
131, -185, -317, 26, 224, -251, -112, 43, 165, -165, 87, 473, 
131, -190, -322, 29, 226, -256, -107, 48, 170, -161, 82, 483, 
122, -190, -312, 34, 217, -251, -102, 53, 175, -161, 82, 488, 
122, -190, -312, 34, 217, -251, -102, 58, 180, -156, 82, 492, 
126, -190, -317, 31, 222, -253, -97, 63, 185, -146, 82, 492, 
131, -190, -322, 29, 226, -256, -107, 63, 180, -136, 92, 497, 
131, -190, -322, 29, 226, -256, -102, 63, 180, -136, 92, 502, 
122, -190, -312, 34, 217, -251, -102, 63, 175, -136, 92, 507, 
122, -190, -312, 34, 217, -251, -102, 63, 170, -136, 92, 512, 
117, -190, -307, 36, 212, -248, -107, 58, 170, -141, 87, 497, 
117, -200, -317, 41, 217, -258, -112, 58, 170, -146, 78, 488, 
126, -200, -326, 36, 226, -263, -117, 53, 170, -151, 68, 483, 
126, -195, -322, 34, 224, -258, -122, 48, 170, -156, 58, 478, 
97, -244, -341, 73, 219, -292, -112, 29, 180, -165, 29, 439, 
97, -229, -326, 65, 212, -278, -112, 14, 185, -146, 43, 458, 
117, -204, -322, 43, 219, -263, -117, 24, 175, -136, 53, 468, 
82, -204, -287, 61, 185, -246, -117, 43, 175, -126, 73, 483, 
73, -170, -244, 48, 158, -207, -122, 53, 209, -102, 102, 507, 
151, -97, -248, -26, 200, -173, -112, 63, 239, -68, 136, 536, 
180, -87, -268, -46, 224, -178, -107, 53, 248, -63, 136, 536, 
97, -122, -219, 12, 158, -170, -112, 48, 258, -53, 136, 546, 
19, -136, -156, 58, 87, -146, -87, 68, 273, -29, 156, 570, 
24, -151, -175, 63, 100, -163, -48, 107, 292, -9, 175, 590, 
102, -175, -278, 36, 190, -226, -48, 122, 283, -34, 151, 561, 
161, -190, -351, 14, 256, -270, -48, 136, 234, -73, 117, 536, 
170, -224, -395, 26, 283, -309, -34, 165, 224, -73, 131, 551, 
180, -283, -463, 51, 322, -373, 0, 239, 239, -63, 141, 575, 
224, -312, -536, 43, 380, -424, 14, 361, 253, -48, 161, 590, 
336, -297, -634, -19, 485, -466, 53, 507, 273, -34, 200, 619, 
541, -234, -775, -153, 658, -505, 112, 688, 331, 29, 278, 697, 
780, -195, -976, -292, 878, -585, 136, 854, 375, 97, 351, 761, 
971, -161, -1132, -405, 1051, -646, 97, 946, 414, 141, 419, 849, 
1156, -58, -1215, -549, 1185, -636, 0, 927, 444, 204, 517, 971, 
1322, 58, -1263, -690, 1293, -602, -112, 858, 444, 253, 595, 1073, 
1415, 131, -1283, -773, 1349, -575, -190, 756, 380, 229, 605, 1122, 
1464, 180, -1283, -822, 1373, -551, -248, 653, 287, 161, 566, 1112, 
1434, 185, -1249, -810, 1342, -531, -263, 531, 200, 58, 473, 1039, 
1293, 107, -1185, -700, 1239, -539, -263, 400, 82, -78, 307, 878, 
1146, -53, -1200, -546, 1173, -627, -234, 292, -58, -244, 92, 663, 
1015, -224, -1239, -395, 1127, -732, -165, 204, -200, -419, -112, 458, 
824, -326, -1151, -248, 988, -739, -122, 78, -287, -531, -258, 322, 
624, -356, -980, -134, 802, -668, -126, -82, -297, -541, -302, 278, 
473, -380, -854, -46, 663, -617, -126, -180, -278, -522, -307, 263, 
356, -444, -800, 43, 578, -622, -73, -180, -253, -502, -307, 244, 
268, -473, -741, 102, 505, -607, -24, -122, -214, -478, -292, 244, 
234, -429, -663, 97, 448, -546, -29, -82, -180, -444, -268, 263, 
248, -336, -585, 43, 417, -461, -73, -82, -141, -395, -229, 278, 
239, -268, -507, 14, 373, -387, -82, -34, -73, -341, -190, 312, 
209, -234, -444, 12, 326, -339, -87, 48, 0, -278, -117, 361, 
229, -219, -448, -4, 339, -334, -107, 92, 48, -214, -48, 405, 
234, -234, -468, 0, 351, -351, -131, 92, 82, -175, -9, 439, 
224, -244, -468, 9, 346, -356, -151, 73, 97, -165, 14, 468, 
263, -209, -473, -26, 368, -341, -161, 63, 97, -151, 24, 478, 
248, -209, -458, -19, 353, -334, -161, 53, 117, -136, 29, 473, 
239, -214, -453, -12, 346, -334, -156, 48, 126, -126, 29, 478, 
214, -219, -434, 2, 324, -326, -151, 43, 141, -122, 24, 478, 
214, -229, -444, 7, 329, -336, -141, 34, 141, -117, 24, 483, 
214, -239, -453, 12, 334, -346, -146, 48, 151, -107, 24, 478, 
190, -239, -429, 24, 309, -334, -146, 39, 151, -112, 24, 483, 
190, -224, -414, 17, 302, -319, -146, 39, 141, -112, 24, 488, 
190, -224, -414, 17, 302, -319, -146, 43, 141, -107, 24, 488, 
195, -209, -405, 7, 300, -307, -136, 43, 156, -92, 19, 492, 
195, -195, -390, 0, 292, -292, -141, 43, 161, -82, 24, 492, 
195, -175, -370, -9, 283, -273, -141, 43, 165, -82, 29, 488, 
200, -161, -361, -19, 280, -261, -141, 43, 165, -82, 34, 483, 
190, -151, -341, -19, 265, -246, -141, 48, 175, -63, 53, 492, 
190, -151, -341, -19, 265, -246, -141, 48, 185, -58, 53, 497, 
190, -156, -346, -17, 268, -251, -141, 48, 190, -53, 53, 497, 
180, -156, -336, -12, 258, -246, -141, 39, 200, -48, 63, 512, 
170, -170, -341, 0, 256, -256, -151, 24, 180, -68, 53, 497, 
165, -175, -341, 4, 253, -258, -151, 19, 175, -68, 48, 497, 
161, -180, -341, 9, 251, -261, -151, 19, 165, -78, 39, 492, 
156, -185, -341, 14, 248, -263, -151, 19, 156, -78, 29, 488, 
175, -190, -366, 7, 270, -278, -161, 19, 165, -63, 39, 497, 
190, -190, -380, 0, 285, -285, -161, 19, 170, -58, 48, 492, 
175, -180, -356, 2, 265, -268, -156, 19, 175, -53, 48, 488, 
180, -180, -361, 0, 270, -270, -146, 19, 175, -48, 48, 488, 
175, -165, -341, -4, 258, -253, -136, 24, 180, -43, 53, 492, 
175, -165, -341, -4, 258, -253, -136, 29, 185, -39, 53, 492, 
165, -175, -341, 4, 253, -258, -141, 39, 190, -39, 58, 497, 
156, -180, -336, 12, 246, -258, -151, 43, 185, -43, 68, 502, 
161, -185, -346, 12, 253, -265, -146, 29, 175, -34, 58, 492, 
165, -190, -356, 12, 261, -273, -146, 29, 180, -29, 63, 497, 
165, -195, -361, 14, 263, -278, -141, 29, 190, -14, 63, 502, 
156, -200, -356, 21, 256, -278, -141, 29, 190, -14, 63, 502, 
161, -190, -351, 14, 256, -270, -151, 19, 195, -14, 48, 497, 
170, -190, -361, 9, 265, -275, -156, 14, 195, -24, 48, 497, 
185, -180, -366, -2, 275, -273, -156, 14, 195, -24, 48, 497, 
200, -180, -380, -9, 290, -280, -156, 14, 195, -24, 53, 497, 
185, -175, -361, -4, 273, -268, -141, 29, 195, -19, 43, 497, 
185, -180, -366, -2, 275, -273, -141, 34, 200, -19, 43, 507, 
200, -180, -380, -9, 290, -280, -141, 39, 200, -24, 43, 507, 
200, -180, -380, -9, 290, -280, -141, 48, 200, -24, 48, 512, 
195, -180, -375, -7, 285, -278, -136, 39, 190, -24, 48, 507, 
200, -185, -385, -7, 292, -285, -141, 39, 190, -14, 48, 502, 
170, -190, -361, 9, 265, -275, -141, 39, 195, -14, 43, 507, 
156, -195, -351, 19, 253, -273, -141, 39, 195, -19, 48, 507, 
165, -175, -341, 4, 253, -258, -146, 34, 180, -19, 48, 507, 
180, -170, -351, -4, 265, -261, -151, 29, 180, -19, 48, 517, 
200, -161, -361, -19, 280, -261, -156, 24, 180, -14, 48, 517, 
229, -146, -375, -41, 302, -261, -161, 19, 180, -4, 48, 517, 
219, -131, -351, -43, 285, -241, -156, 24, 190, 9, 48, 522, 
209, -122, -331, -43, 270, -226, -151, 29, 200, 14, 53, 527, 
209, -107, -317, -51, 263, -212, -146, 39, 214, 19, 58, 541, 
224, -82, -307, -70, 265, -195, -141, 48, 234, 34, 63, 556, 
204, -102, -307, -51, 256, -204, -146, 39, 219, 24, 58, 551, 
204, -136, -341, -34, 273, -239, -156, 34, 209, 14, 53, 541, 
195, -156, -351, -19, 273, -253, -161, 24, 200, 14, 48, 527, 
190, -170, -361, -9, 275, -265, -180, 24, 190, 14, 39, 517, 
190, -170, -361, -9, 275, -265, -170, 14, 180, 14, 39, 527, 
204, -156, -361, -24, 283, -258, -165, 14, 180, 19, 43, 527, 
204, -170, -375, -17, 290, -273, -165, 14, 180, 19, 48, 527, 
180, -180, -361, 0, 270, -270, -180, 14, 180, 14, 53, 527, 
200, -175, -375, -12, 287, -275, -180, 19, 200, 24, 58, 527, 
204, -170, -375, -17, 290, -273, -175, 19, 204, 29, 58, 527, 
209, -165, -375, -21, 292, -270, -170, 19, 209, 29, 58, 527, 
219, -151, -370, -34, 295, -261, -170, 19, 214, 29, 63, 527, 
224, -126, -351, -48, 287, -239, -175, 24, 219, 43, 68, 527, 
224, -136, -361, -43, 292, -248, -175, 24, 214, 48, 68, 522, 
229, -131, -361, -48, 295, -246, -180, 24, 209, 53, 73, 522, 
248, -126, -375, -61, 312, -251, -190, 24, 200, 58, 73, 522, 
258, -122, -380, -68, 319, -251, -204, 19, 190, 53, 63, 522, 
268, -122, -390, -73, 329, -256, -204, 14, 185, 48, 58, 517, 
278, -107, -385, -85, 331, -246, -200, 9, 185, 48, 58, 517, 
278, -107, -385, -85, 331, -246, -200, 4, 185, 48, 53, 517, 
253, -131, -385, -61, 319, -258, -200, 9, 200, 53, 63, 531, 
248, -126, -375, -61, 312, -251, -195, 24, 209, 68, 73, 536, 
253, -131, -385, -61, 319, -258, -190, 29, 224, 78, 82, 546, 
258, -131, -390, -63, 324, -261, -195, 34, 229, 82, 92, 551, 
248, -131, -380, -58, 314, -256, -185, 34, 219, 92, 92, 541, 
263, -136, -400, -63, 331, -268, -185, 34, 219, 92, 92, 546, 
263, -141, -405, -61, 334, -273, -185, 34, 219, 97, 97, 561, 
273, -141, -414, -65, 344, -278, -190, 34, 224, 102, 107, 570, 
292, -122, -414, -85, 353, -268, -200, 34, 234, 107, 112, 575, 
302, -117, -419, -92, 361, -268, -204, 34, 229, 97, 112, 575, 
317, -112, -429, -102, 373, -270, -204, 34, 229, 92, 107, 575, 
326, -107, -434, -109, 380, -270, -204, 34, 229, 92, 102, 575, 
326, -122, -448, -102, 387, -285, -209, 24, 229, 102, 107, 580, 
312, -126, -439, -92, 375, -283, -214, 29, 229, 107, 102, 580, 
326, -122, -448, -102, 387, -285, -224, 29, 224, 107, 97, 580, 
341, -126, -468, -107, 405, -297, -239, 24, 224, 107, 92, 580, 
341, -117, -458, -112, 400, -287, -229, 29, 234, 107, 92, 585, 
346, -112, -458, -117, 402, -285, -234, 24, 229, 107, 87, 590, 
351, -107, -458, -122, 405, -283, -229, 29, 229, 107, 92, 595, 
351, -107, -458, -122, 405, -283, -224, 34, 229, 107, 102, 614, 
356, -102, -458, -126, 407, -280, -234, 24, 219, 112, 102, 610, 
351, -102, -453, -124, 402, -278, -239, 19, 214, 112, 102, 605, 
346, -97, -444, -124, 395, -270, -239, 19, 214, 117, 102, 600, 
346, -92, -439, -126, 392, -265, -234, 29, 219, 126, 112, 605, 
351, -78, -429, -136, 390, -253, -234, 29, 234, 141, 131, 600, 
356, -73, -429, -141, 392, -251, -239, 29, 234, 146, 131, 600, 
356, -68, -424, -143, 390, -246, -239, 29, 239, 141, 126, 590, 
356, -58, -414, -148, 385, -236, -239, 29, 239, 146, 126, 590, 
370, -53, -424, -158, 397, -239, -253, 29, 234, 141, 117, 600, 
366, -58, -424, -153, 395, -241, -258, 29, 229, 146, 117, 595, 
356, -73, -429, -141, 392, -251, -258, 29, 229, 146, 117, 595, 
351, -78, -429, -136, 390, -253, -258, 24, 239, 146, 122, 595, 
366, -78, -444, -143, 405, -261, -263, 14, 229, 131, 117, 590, 
380, -82, -463, -148, 422, -273, -263, 19, 214, 126, 112, 580, 
405, -97, -502, -153, 453, -300, -263, 19, 204, 126, 107, 575, 
414, -102, -517, -156, 466, -309, -263, 19, 195, 126, 102, 570, 
409, -87, -497, -161, 453, -292, -273, 9, 209, 136, 97, 570, 
405, -82, -488, -161, 446, -285, -273, 9, 209, 136, 92, 570, 
400, -97, -497, -151, 448, -297, -283, 0, 209, 131, 73, 570, 
395, -102, -497, -146, 446, -300, -283, -9, 200, 131, 68, 570, 
385, -82, -468, -151, 427, -275, -263, 0, 209, 136, 82, 575, 
370, -78, -448, -146, 409, -263, -253, 4, 209, 141, 92, 575, 
366, -78, -444, -143, 405, -261, -248, 9, 214, 146, 102, 570, 
351, -82, -434, -134, 392, -258, -239, 14, 219, 151, 102, 566, 
351, -87, -439, -131, 395, -263, -248, 9, 209, 156, 92, 546, 
351, -87, -439, -131, 395, -263, -248, 9, 209, 146, 87, 541, 
351, -92, -444, -129, 397, -268, -248, 9, 204, 141, 78, 536, 
351, -97, -448, -126, 400, -273, -244, 9, 204, 141, 73, 536, 
341, -122, -463, -109, 402, -292, -234, 9, 209, 151, 68, 531, 
336, -126, -463, -104, 400, -295, -229, 9, 209, 141, 63, 522, 
326, -136, -463, -95, 395, -300, -224, 9, 209, 136, 53, 517, 
307, -141, -448, -82, 378, -295, -219, 9, 209, 131, 48, 507, 
297, -141, -439, -78, 368, -290, -224, 9, 209, 131, 48, 502, 
292, -151, -444, -70, 368, -297, -214, 9, 209, 131, 53, 497, 
287, -156, -444, -65, 366, -300, -209, 9, 209, 136, 48, 492, 
283, -156, -439, -63, 361, -297, -204, 19, 209, 141, 48, 492, 
297, -146, -444, -75, 370, -295, -200, 19, 200, 141, 43, 483, 
307, -151, -458, -78, 383, -305, -200, 19, 209, 151, 43, 478, 
322, -141, -463, -90, 392, -302, -200, 14, 214, 151, 43, 478, 
346, -131, -478, -107, 412, -305, -204, 9, 214, 146, 43, 478, 
336, -146, -483, -95, 409, -314, -200, 24, 219, 156, 39, 473, 
307, -151, -458, -78, 383, -305, -190, 24, 219, 151, 34, 473, 
287, -165, -453, -61, 370, -309, -180, 29, 214, 151, 34, 463, 
268, -170, -439, -48, 353, -305, -170, 29, 214, 146, 34, 463, 
253, -190, -444, -31, 348, -317, -156, 43, 224, 141, 34, 473, 
239, -200, -439, -19, 339, -319, -151, 48, 224, 146, 34, 468, 
229, -214, -444, -7, 336, -329, -146, 58, 224, 156, 39, 473, 
224, -219, -444, -2, 334, -331, -141, 63, 224, 165, 48, 483, 
224, -200, -424, -12, 324, -312, -141, 68, 229, 165, 39, 478, 
234, -195, -429, -19, 331, -312, -141, 73, 234, 165, 39, 478, 
239, -195, -434, -21, 336, -314, -141, 73, 234, 165, 43, 473, 
234, -190, -424, -21, 329, -307, -141, 68, 234, 165, 43, 453, 
214, -204, -419, -4, 317, -312, -141, 58, 224, 175, 34, 448, 
214, -209, -424, -2, 319, -317, -141, 58, 224, 170, 29, 444, 
209, -219, -429, 4, 319, -324, -146, 58, 214, 165, 29, 434, 
204, -224, -429, 9, 317, -326, -146, 53, 214, 165, 29, 424, 
219, -204, -424, -7, 322, -314, -151, 48, 204, 151, 14, 409, 
214, -195, -409, -9, 312, -302, -151, 43, 204, 146, 9, 400, 
219, -185, -405, -17, 312, -295, -156, 39, 204, 146, 4, 395, 
219, -175, -395, -21, 307, -285, -151, 43, 214, 156, 4, 400, 
224, -165, -390, -29, 307, -278, -146, 48, 219, 165, 19, 419, 
234, -161, -395, -36, 314, -278, -141, 53, 219, 170, 24, 424, 
253, -161, -414, -46, 334, -287, -136, 58, 224, 185, 29, 429, 
263, -161, -424, -51, 344, -292, -131, 63, 234, 190, 39, 439, 
248, -170, -419, -39, 334, -295, -131, 63, 234, 185, 34, 424, 
239, -175, -414, -31, 326, -295, -131, 63, 234, 175, 29, 419, 
224, -175, -400, -24, 312, -287, -126, 63, 234, 170, 24, 414, 
200, -180, -380, -9, 290, -280, -126, 63, 229, 165, 14, 409, 
185, -209, -395, 12, 290, -302, -141, 48, 214, 151, 4, 400, 
170, -219, -390, 24, 280, -305, -141, 48, 209, 151, -4, 385, 
175, -224, -400, 24, 287, -312, -141, 48, 204, 156, -9, 370, 
175, -234, -409, 29, 292, -322, -141, 48, 200, 156, -9, 356, 
190, -229, -419, 19, 305, -324, -136, 53, 209, 161, 4, 370, 
195, -219, -414, 12, 305, -317, -136, 53, 209, 165, 4, 375, 
190, -209, -400, 9, 295, -305, -131, 53, 214, 170, 4, 380, 
175, -195, -370, 9, 273, -283, -136, 53, 219, 175, 4, 380, 
175, -195, -370, 9, 273, -283, -146, 53, 229, 185, 9, 385, 
190, -200, -390, 4, 290, -295, -141, 58, 234, 185, 14, 390, 
190, -204, -395, 7, 292, -300, -136, 58, 234, 185, 24, 400, 
165, -219, -385, 26, 275, -302, -131, 58, 234, 185, 34, 405, 
170, -209, -380, 19, 275, -295, -122, 68, 234, 195, 48, 405, 
180, -195, -375, 7, 278, -285, -126, 63, 234, 190, 48, 400, 
200, -185, -385, -7, 292, -285, -126, 63, 234, 190, 39, 400, 
209, -156, -366, -26, 287, -261, -131, 63, 234, 190, 34, 405, 
204, -165, -370, -19, 287, -268, -131, 63, 239, 190, 39, 405, 
195, -180, -375, -7, 285, -278, -126, 63, 244, 195, 39, 405, 
185, -190, -375, 2, 280, -283, -126, 63, 248, 195, 39, 405, 
175, -200, -375, 12, 275, -287, -126, 63, 253, 195, 39, 405, 
175, -200, -375, 12, 275, -287, -141, 48, 244, 200, 48, 414, 
161, -209, -370, 24, 265, -290, -141, 43, 244, 200, 48, 414, 
156, -209, -366, 26, 261, -287, -141, 43, 239, 204, 48, 414, 
151, -209, -361, 29, 256, -285, -146, 43, 239, 200, 43, 409, 
161, -195, -356, 17, 258, -275, -151, 29, 229, 195, 29, 395, 
170, -190, -361, 9, 265, -275, -151, 29, 229, 195, 29, 390, 
190, -185, -375, -2, 283, -280, -146, 34, 234, 195, 34, 385, 
209, -180, -390, -14, 300, -285, -146, 34, 234, 195, 39, 380, 
195, -180, -375, -7, 285, -278, -136, 43, 244, 209, 39, 375, 
185, -180, -366, -2, 275, -273, -136, 43, 244, 209, 34, 375, 
161, -175, -336, 7, 248, -256, -136, 43, 244, 204, 34, 375, 
156, -175, -331, 9, 244, -253, -136, 43, 244, 204, 34, 375, 
165, -190, -356, 12, 261, -273, -126, 53, 244, 214, 34, 375, 
170, -195, -366, 12, 268, -280, -126, 48, 239, 214, 34, 370, 
161, -190, -351, 14, 256, -270, -126, 48, 239, 209, 24, 370, 
146, -195, -341, 24, 244, -268, -126, 48, 239, 204, 24, 370, 
131, -204, -336, 36, 234, -270, -131, 48, 253, 204, 14, 361, 
122, -209, -331, 43, 226, -270, -136, 53, 258, 209, 29, 356, 
117, -209, -326, 46, 222, -268, -141, 53, 258, 214, 34, 351, 
117, -209, -326, 46, 222, -268, -146, 53, 258, 214, 39, 351, 
141, -209, -351, 34, 246, -280, -151, 53, 248, 219, 29, 341, 
141, -209, -351, 34, 246, -280, -151, 53, 248, 219, 29, 336, 
122, -204, -326, 41, 224, -265, -146, 53, 248, 209, 29, 331, 
126, -200, -326, 36, 226, -263, -146, 53, 248, 209, 24, 326, 
204, -200, -405, -2, 305, -302, -126, 73, 268, 239, 53, 366, 
204, -165, -370, -19, 287, -268, -117, 78, 273, 234, 58, 370, 
204, -161, -366, -21, 285, -263, -126, 73, 263, 229, 53, 361, 
204, -156, -361, -24, 283, -258, -126, 68, 263, 224, 48, 361, 
204, -151, -356, -26, 280, -253, -126, 63, 263, 219, 43, 361, 
204, -146, -351, -29, 278, -248, -126, 58, 263, 214, 39, 361, 
175, -161, -336, -7, 256, -248, -122, 58, 253, 224, 39, 351, 
141, -175, -317, 17, 229, -246, -122, 58, 258, 224, 39, 351, 
107, -204, -312, 48, 209, -258, -122, 63, 258, 224, 39, 346, 
78, -219, -297, 70, 187, -258, -122, 63, 258, 224, 39, 341, 
78, -219, -297, 70, 187, -258, -131, 63, 248, 224, 48, 346, 
73, -219, -292, 73, 183, -256, -131, 63, 253, 224, 48, 346, 
73, -214, -287, 70, 180, -251, -131, 63, 253, 229, 48, 346, 
73, -214, -287, 70, 180, -251, -131, 63, 253, 229, 48, 346, 
92, -204, -297, 56, 195, -251, -136, 53, 244, 219, 39, 336, 
107, -195, -302, 43, 204, -248, -136, 53, 244, 219, 39, 331, 
117, -180, -297, 31, 207, -239, -141, 53, 244, 214, 39, 331, 
126, -170, -297, 21, 212, -234, -141, 53, 244, 214, 39, 331, 
126, -190, -317, 31, 222, -253, -136, 58, 253, 229, 43, 341, 
131, -190, -322, 29, 226, -256, -126, 63, 258, 234, 48, 341, 
92, -185, -278, 46, 185, -231, -122, 63, 278, 239, 63, 341, 
92, -190, -283, 48, 187, -236, -117, 63, 283, 244, 68, 351, 
97, -180, -278, 41, 187, -229, -117, 78, 287, 258, 63, 351, 
97, -170, -268, 36, 183, -219, -117, 82, 297, 258, 68, 356, 
97, -161, -258, 31, 178, -209, -117, 92, 297, 268, 78, 356, 
87, -141, -229, 26, 158, -185, -112, 97, 302, 273, 78, 356, 
92, -126, -219, 17, 156, -173, -117, 92, 307, 278, 78, 346, 
102, -126, -229, 12, 165, -178, -122, 92, 312, 283, 87, 351, 
97, -112, -209, 7, 153, -161, -126, 102, 322, 287, 102, 351, 
82, -112, -195, 14, 139, -153, -131, 102, 322, 297, 107, 366, 
92, -112, -204, 9, 148, -158, -136, 97, 341, 302, 107, 375, 
92, -112, -204, 9, 148, -158, -141, 97, 341, 302, 107, 375, 
92, -107, -200, 7, 146, -153, -146, 82, 341, 302, 107, 370, 
92, -92, -185, 0, 139, -139, -146, 82, 336, 302, 112, 366, 
102, -87, -190, -7, 146, -139, -136, 82, 336, 297, 102, 366, 
102, -97, -200, -2, 151, -148, -141, 82, 341, 302, 102, 366, 
107, -92, -200, -7, 153, -146, -151, 82, 341, 302, 107, 370, 
112, -73, -185, -19, 148, -129, -161, 73, 341, 302, 112, 370, 
117, -58, -175, -29, 146, -117, -185, 58, 331, 297, 112, 361, 
122, -34, -156, -43, 139, -95, -200, 53, 331, 297, 112, 361, 
136, -29, -165, -53, 151, -97, -204, 53, 331, 297, 112, 366, 
131, -29, -161, -51, 146, -95, -204, 53, 326, 287, 112, 366, 
170, -48, -219, -61, 195, -134, -214, 43, 317, 273, 117, 370, 
195, -48, -244, -73, 219, -146, -224, 39, 312, 273, 117, 370, 
229, -48, -278, -90, 253, -163, -229, 34, 307, 273, 117, 370, 
258, -39, -297, -109, 278, -168, -234, 34, 307, 278, 122, 380, 
219, -39, -258, -90, 239, -148, -219, 53, 331, 307, 141, 409, 
175, -39, -214, -68, 195, -126, -214, 63, 341, 322, 156, 424, 
141, -48, -190, -46, 165, -119, -204, 73, 356, 331, 165, 439, 
112, -48, -161, -31, 136, -104, -195, 82, 366, 346, 180, 448, 
92, -63, -156, -14, 124, -109, -185, 73, 356, 322, 161, 424, 
68, -92, -161, 12, 114, -126, -180, 73, 336, 302, 141, 405, 
58, -107, -165, 24, 112, -136, -165, 78, 336, 292, 136, 390, 
48, -112, -161, 31, 104, -136, -151, 78, 326, 278, 126, 375, 
63, -107, -170, 21, 117, -139, -151, 68, 312, 268, 112, 351, 
58, -107, -165, 24, 112, -136, -151, 68, 307, 263, 97, 331, 
53, -136, -190, 41, 122, -163, -146, 68, 302, 258, 78, 307, 
58, -136, -195, 39, 126, -165, -141, 68, 302, 253, 73, 292, 
78, -122, -200, 21, 139, -161, -141, 68, 292, 248, 68, 302, 
82, -131, -214, 24, 148, -173, -141, 68, 287, 229, 53, 287, 
73, -146, -219, 36, 146, -183, -141, 58, 283, 219, 48, 278, 
63, -156, -219, 46, 141, -187, -131, 58, 283, 214, 48, 273, 
58, -156, -214, 48, 136, -185, -117, 73, 287, 219, 63, 283, 
48, -156, -204, 53, 126, -180, -107, 78, 287, 214, 68, 283, 
29, -170, -200, 70, 114, -185, -102, 87, 287, 219, 68, 283, 
4, -180, -185, 87, 95, -183, -97, 92, 287, 224, 73, 287, 
-4, -190, -185, 97, 90, -187, -102, 92, 287, 224, 63, 278, 
-9, -195, -185, 102, 87, -190, -102, 92, 283, 214, 53, 273, 
0, -204, -204, 102, 102, -204, -97, 92, 273, 214, 48, 268, 
-4, -214, -209, 109, 102, -212, -87, 97, 268, 224, 48, 263, 
-14, -209, -195, 112, 90, -202, -78, 107, 278, 214, 58, 263, 
-9, -195, -185, 102, 87, -190, -78, 112, 283, 214, 58, 268, 
-9, -185, -175, 97, 82, -180, -68, 112, 283, 209, 58, 268, 
-9, -180, -170, 95, 80, -175, -82, 107, 283, 209, 58, 263, 
-14, -185, -170, 100, 78, -178, -87, 92, 278, 209, 48, 268, 
-14, -195, -180, 104, 82, -187, -92, 87, 273, 204, 48, 268, 
-14, -195, -180, 104, 82, -187, -87, 87, 273, 204, 48, 258, 
-24, -195, -170, 109, 73, -183, -92, 82, 273, 204, 48, 258, 
-29, -204, -175, 117, 73, -190, -92, 82, 263, 195, 53, 248, 
-43, -209, -165, 126, 61, -187, -92, 82, 263, 190, 53, 253, 
-48, -214, -165, 131, 58, -190, -97, 82, 263, 190, 53, 258, 
-48, -219, -170, 134, 61, -195, -97, 82, 263, 195, 53, 258, 
-53, -219, -165, 136, 56, -192, -92, 92, 278, 200, 58, 268, 
-53, -219, -165, 136, 56, -192, -82, 92, 287, 204, 63, 268, 
-63, -219, -156, 141, 46, -187, -78, 92, 292, 209, 68, 268, 
-63, -219, -156, 141, 46, -187, -73, 92, 297, 214, 73, 268, 
-53, -204, -151, 129, 48, -178, -82, 102, 287, 214, 73, 258, 
-48, -209, -161, 129, 56, -185, -82, 107, 287, 214, 68, 253, 
-34, -204, -170, 119, 68, -187, -82, 107, 287, 214, 63, 253, 
-29, -195, -165, 112, 68, -180, -82, 107, 287, 214, 58, 253, 
48, -204, -253, 78, 151, -229, -82, 107, 278, 204, 48, 244, 
39, -180, -219, 70, 129, -200, -82, 102, 283, 204, 53, 244, 
-19, -165, -146, 92, 63, -156, -68, 102, 283, 214, 63, 234, 
-82, -175, -92, 129, 4, -134, -68, 92, 312, 234, 82, 248, 
-161, -190, -29, 175, -65, -109, -63, 92, 336, 258, 112, 273, 
-170, -156, 14, 163, -92, -70, -73, 92, 356, 273, 136, 283, 
-151, -117, 34, 134, -92, -41, -78, 92, 375, 287, 146, 292, 
-165, -131, 34, 148, -100, -48, -63, 97, 375, 287, 146, 292, 
-185, -146, 39, 165, -112, -53, -48, 117, 370, 283, 136, 268, 
-180, -151, 29, 165, -104, -61, -29, 156, 390, 292, 146, 268, 
-151, -195, -43, 173, -53, -119, 0, 190, 390, 287, 141, 258, 
-151, -229, -78, 190, -36, -153, 19, 204, 370, 268, 126, 244, 
-161, -224, -63, 192, -48, -143, 24, 224, 351, 258, 131, 239, 
-102, -244, -141, 173, 19, -192, 29, 278, 356, 268, 151, 263, 
39, -273, -312, 117, 175, -292, 63, 390, 370, 283, 170, 287, 
161, -278, -439, 58, 300, -358, 102, 517, 390, 297, 209, 307, 
258, -273, -531, 7, 395, -402, 141, 678, 439, 341, 268, 366, 
400, -244, -644, -78, 522, -444, 175, 854, 512, 419, 370, 448, 
580, -190, -771, -195, 675, -480, 156, 985, 570, 502, 468, 546, 
756, -107, -863, -324, 810, -485, 78, 1015, 610, 556, 566, 658, 
912, -19, -932, -446, 922, -475, -24, 976, 619, 605, 653, 771, 
1063, 82, -980, -573, 1022, -448, -102, 922, 595, 619, 712, 849, 
1190, 161, -1029, -675, 1110, -434, -161, 849, 531, 590, 712, 878, 
1190, 195, -995, -692, 1093, -400, -204, 727, 434, 507, 639, 824, 
1068, 175, -893, -622, 980, -358, -195, 585, 336, 390, 502, 683, 
951, 53, -897, -502, 924, -422, -136, 458, 204, 204, 287, 468, 
819, -136, -956, -341, 888, -546, -87, 341, 43, 0, 34, 224, 
619, -258, -878, -180, 749, -568, -43, 214, -63, -141, -141, 39, 
390, -297, -688, -46, 539, -492, -29, 73, -92, -170, -195, -24, 
219, -322, -541, 51, 380, -431, -19, -34, -82, -161, -209, -39, 
63, -395, -458, 165, 261, -427, 4, -73, -78, -180, -229, -68, 
-63, -453, -390, 258, 163, -422, 34, -53, -78, -175, -244, -97, 
-136, -448, -312, 292, 87, -380, 58, -14, -43, -151, -219, -78, 
-151, -366, -214, 258, 31, -290, 63, 14, 4, -112, -180, -43, 
-92, -268, -175, 180, 41, -222, 34, 43, 73, -48, -122, 0, 
-43, -214, -170, 129, 63, -192, 9, 117, 146, 34, -48, 58, 
-34, -209, -175, 122, 70, -192, -29, 170, 185, 78, 9, 92, 
-39, -204, -165, 122, 63, -185, -63, 180, 209, 97, 29, 97, 
-39, -195, -156, 117, 58, -175, -73, 170, 224, 107, 34, 107, 
-68, -200, -131, 134, 31, -165, -73, 170, 234, 131, 53, 117, 
-63, -190, -126, 126, 31, -158, -73, 170, 253, 146, 63, 131, 
-73, -185, -112, 129, 19, -148, -68, 165, 263, 156, 68, 136, 
-97, -180, -82, 139, -7, -131, -63, 161, 278, 161, 68, 136, 
-97, -180, -82, 139, -7, -131, -53, 151, 278, 165, 73, 141, 
-92, -190, -97, 141, 2, -143, -68, 146, 292, 175, 78, 136, 
-112, -190, -78, 151, -17, -134, -68, 126, 297, 170, 82, 141, 
-107, -175, -68, 141, -19, -122, -68, 117, 292, 170, 87, 146, 
-102, -175, -73, 139, -14, -124, -68, 112, 297, 175, 92, 146, 
-122, -185, -63, 153, -29, -124, -68, 112, 297, 165, 97, 141, 
-136, -195, -58, 165, -39, -126, -73, 112, 297, 170, 102, 141, 
-151, -200, -48, 175, -51, -124, -73, 112, 297, 165, 107, 136, 
-161, -209, -48, 185, -56, -129, -73, 112, 292, 161, 112, 131, 
-175, -200, -24, 187, -75, -112, -78, 97, 302, 165, 126, 141, 
-170, -200, -29, 185, -70, -114, -82, 97, 302, 165, 122, 136, 
-165, -204, -39, 185, -63, -122, -87, 97, 297, 165, 117, 126, 
-170, -204, -34, 187, -68, -119, -92, 87, 297, 165, 122, 131, 
-185, -195, -9, 190, -87, -102, -87, 97, 297, 156, 122, 131, 
-185, -195, -9, 190, -87, -102, -82, 97, 302, 165, 126, 136, 
-185, -195, -9, 190, -87, -102, -78, 102, 302, 165, 126, 136, 
-185, -195, -9, 190, -87, -102, -73, 107, 302, 175, 126, 136, 
-161, -190, -29, 175, -65, -109, -73, 107, 292, 170, 122, 126, 
-151, -190, -39, 170, -56, -114, -73, 107, 297, 165, 126, 112, 
-170, -180, -9, 175, -80, -95, -68, 107, 302, 161, 122, 97, 
-170, -180, -9, 175, -80, -95, -58, 107, 302, 156, 117, 87, 
-175, -180, -4, 178, -85, -92, -58, 97, 312, 165, 131, 87, 
-175, -185, -9, 180, -82, -97, -58, 97, 312, 165, 131, 82, 
-185, -200, -14, 192, -85, -107, -63, 102, 312, 161, 136, 82, 
-195, -209, -14, 202, -90, -112, -73, 102, 302, 151, 146, 82, 
-185, -195, -9, 190, -87, -102, -78, 102, 297, 146, 131, 73, 
-175, -190, -14, 183, -80, -102, -78, 107, 297, 146, 131, 68, 
-170, -185, -14, 178, -78, -100, -73, 112, 302, 156, 126, 63, 
-175, -180, -4, 178, -85, -92, -73, 117, 297, 151, 122, 53, 
-175, -180, -4, 178, -85, -92, -68, 126, 307, 146, 131, 53, 
-170, -180, -9, 175, -80, -95, -68, 122, 312, 141, 136, 58, 
-161, -170, -9, 165, -75, -90, -63, 122, 317, 146, 141, 63, 
-151, -170, -19, 161, -65, -95, -58, 122, 322, 151, 151, 68, 
-190, -175, 14, 183, -102, -80, -63, 112, 317, 146, 141, 58, 
-195, -180, 14, 187, -104, -82, -63, 112, 317, 146, 141, 68, 
-185, -180, 4, 183, -95, -87, -63, 112, 312, 141, 141, 68, 
-190, -180, 9, 185, -100, -85, -63, 117, 307, 141, 146, 73, 
-200, -175, 24, 187, -112, -75, -58, 117, 307, 141, 146, 73, 
-190, -175, 14, 183, -102, -80, -63, 117, 307, 151, 146, 63, 
-214, -175, 39, 195, -126, -68, -63, 117, 312, 151, 141, 63, 
-224, -175, 48, 200, -136, -63, -63, 117, 312, 146, 146, 58, 
-224, -185, 39, 204, -131, -73, -68, 107, 302, 126, 141, 43, 
-219, -190, 29, 204, -124, -80, -73, 107, 297, 117, 136, 48, 
-209, -190, 19, 200, -114, -85, -78, 107, 292, 112, 131, 43, 
-190, -185, 4, 187, -97, -90, -82, 107, 287, 112, 126, 39, 
-214, -195, 19, 204, -117, -87, -82, 107, 287, 112, 136, 53, 
-229, -200, 29, 214, -129, -85, -82, 107, 287, 112, 141, 58, 
-234, -200, 34, 217, -134, -82, -82, 112, 292, 112, 146, 73, 
-224, -190, 34, 207, -129, -78, -82, 117, 302, 122, 151, 87, 
-219, -170, 48, 195, -134, -61, -78, 117, 307, 126, 161, 87, 
-204, -175, 29, 190, -117, -73, -78, 112, 307, 122, 161, 82, 
-200, -165, 34, 183, -117, -65, -73, 102, 307, 126, 161, 73, 
-190, -151, 39, 170, -114, -56, -82, 102, 307, 131, 156, 68, 
-185, -131, 53, 158, -119, -39, -82, 102, 302, 117, 151, 58, 
-165, -117, 48, 141, -107, -34, -78, 102, 297, 117, 151, 58, 
-161, -131, 29, 146, -95, -51, -78, 102, 292, 112, 151, 58, 
-180, -141, 39, 161, -109, -51, -92, 102, 287, 102, 151, 58, 
-195, -161, 34, 178, -114, -63, -92, 107, 302, 102, 165, 73, 
-214, -170, 43, 192, -129, -63, -87, 107, 302, 107, 165, 78, 
-234, -180, 53, 207, -143, -63, -82, 107, 302, 107, 165, 82, 
-248, -180, 68, 214, -158, -56, -82, 107, 302, 107, 170, 87, 
-219, -146, 73, 183, -146, -36, -92, 102, 322, 107, 185, 82, 
-204, -146, 58, 175, -131, -43, -87, 102, 322, 107, 185, 73, 
-185, -131, 53, 158, -119, -39, -87, 102, 322, 107, 190, 68, 
-151, -117, 34, 134, -92, -41, -92, 102, 317, 107, 190, 63, 
-165, -117, 48, 141, -107, -34, -82, 112, 331, 122, 195, 78, 
-161, -122, 39, 141, -100, -41, -78, 122, 331, 126, 204, 87, 
-156, -112, 43, 134, -100, -34, -68, 131, 336, 136, 219, 102, 
-161, -117, 43, 139, -102, -36, -63, 141, 341, 146, 229, 117, 
-185, -146, 39, 165, -112, -53, -78, 117, 326, 136, 214, 102, 
-190, -146, 43, 168, -117, -51, -87, 122, 326, 136, 209, 97, 
-185, -156, 29, 170, -107, -63, -97, 117, 331, 131, 204, 97, 
-180, -161, 19, 170, -100, -70, -117, 112, 326, 122, 200, 92, 
-165, -141, 24, 153, -95, -58, -107, 112, 317, 122, 204, 92, 
-146, -136, 9, 141, -78, -63, -107, 112, 317, 122, 209, 97, 
-141, -131, 9, 136, -75, -61, -107, 112, 317, 126, 219, 112, 
-126, -122, 4, 124, -65, -58, -112, 112, 322, 131, 234, 122, 
-141, -112, 29, 126, -85, -41, -102, 117, 326, 136, 234, 117, 
-156, -107, 48, 131, -102, -29, -107, 122, 326, 126, 239, 117, 
-165, -102, 63, 134, -114, -19, -107, 126, 331, 122, 239, 117, 
-180, -97, 82, 139, -131, -7, -107, 131, 336, 122, 239, 117, 
-195, -97, 97, 146, -146, 0, -97, 122, 341, 112, 239, 117, 
-214, -97, 117, 156, -165, 9, -97, 126, 346, 117, 239, 112, 
-204, -87, 117, 146, -161, 14, -102, 126, 346, 117, 239, 107, 
-195, -87, 107, 141, -151, 9, -112, 122, 351, 117, 239, 102, 
-204, -97, 107, 151, -156, 4, -112, 126, 351, 122, 229, 112, 
-200, -102, 97, 151, -148, -2, -117, 122, 346, 117, 224, 112, 
-195, -107, 87, 151, -141, -9, -112, 126, 346, 112, 229, 112, 
-195, -117, 78, 156, -136, -19, -107, 131, 346, 107, 239, 126, 
-180, -97, 82, 139, -131, -7, -117, 122, 336, 97, 229, 112, 
-175, -92, 82, 134, -129, -4, -122, 117, 331, 92, 229, 107, 
-170, -82, 87, 126, -129, 2, -122, 117, 331, 92, 229, 102, 
-161, -73, 87, 117, -124, 7, -117, 126, 336, 97, 239, 107, 
-165, -82, 82, 124, -124, 0, -126, 126, 331, 102, 258, 112, 
-170, -92, 78, 131, -124, -7, -131, 126, 331, 97, 258, 112, 
-180, -102, 78, 141, -129, -12, -131, 126, 336, 82, 253, 102, 
-190, -107, 82, 148, -136, -12, -131, 126, 336, 78, 253, 102, 
-165, -87, 78, 126, -122, -4, -136, 126, 341, 82, 263, 112, 
-161, -78, 82, 119, -122, 2, -141, 126, 336, 87, 263, 107, 
-161, -78, 82, 119, -122, 2, -141, 126, 336, 87, 263, 107, 
-156, -68, 87, 112, -122, 9, -141, 122, 346, 87, 268, 107, 
-156, -53, 102, 104, -129, 24, -156, 117, 336, 73, 278, 117, 
-146, -53, 92, 100, -119, 19, -156, 117, 331, 68, 278, 112, 
-126, -63, 63, 95, -95, 0, -156, 112, 331, 68, 278, 112, 
-122, -63, 58, 92, -90, -2, -156, 107, 331, 68, 278, 112, 
-131, -39, 92, 85, -112, 26, -146, 112, 341, 73, 292, 126, 
-131, -24, 107, 78, -119, 41, -136, 117, 346, 78, 297, 131, 
-131, -29, 102, 80, -117, 36, -136, 112, 351, 78, 287, 136, 
-131, -24, 107, 78, -119, 41, -126, 107, 346, 82, 292, 141, 
-161, -39, 122, 100, -141, 41, -122, 107, 346, 73, 287, 126, 
-185, -58, 126, 122, -156, 34, -117, 112, 346, 73, 287, 117, 
-200, -82, 117, 141, -158, 17, -117, 117, 351, 73, 287, 102, 
-224, -112, 112, 168, -168, 0, -112, 122, 356, 73, 278, 87, 
-224, -107, 117, 165, -170, 4, -112, 117, 346, 63, 268, 58, 
-224, -97, 126, 161, -175, 14, -112, 117, 346, 48, 263, 53, 
-224, -92, 131, 158, -178, 19, -112, 117, 341, 39, 253, 48, 
-224, -87, 136, 156, -180, 24, -107, 117, 341, 34, 248, 48, 
-219, -112, 107, 165, -163, -2, -102, 117, 336, 43, 244, 39, 
-219, -117, 102, 168, -161, -7, -102, 117, 336, 34, 239, 34, 
-224, -126, 97, 175, -161, -14, -102, 117, 336, 29, 229, 34, 
-239, -131, 107, 185, -173, -12, -102, 117, 336, 24, 224, 29, 
-239, -136, 102, 187, -170, -17, -102, 117, 336, 19, 224, 14, 
-244, -141, 102, 192, -173, -19, -97, 117, 336, 14, 229, 9, 
-248, -141, 107, 195, -178, -17, -97, 117, 336, 14, 224, 4, 
-253, -136, 117, 195, -185, -9, -97, 126, 336, 14, 224, 4, 
-253, -126, 126, 190, -190, 0, -78, 122, 346, 14, 224, 14, 
-268, -141, 126, 204, -197, -7, -73, 126, 356, 24, 229, 9, 
-278, -141, 136, 209, -207, -2, -68, 126, 361, 24, 234, 9, 
-278, -141, 136, 209, -207, -2, -68, 126, 361, 19, 239, 9, 
-258, -131, 126, 195, -192, -2, -63, 151, 366, 19, 244, 0, 
-268, -131, 136, 200, -202, 2, -53, 151, 366, 14, 239, -4, 
-268, -141, 126, 204, -197, -7, -43, 156, 361, 14, 239, -19, 
-268, -141, 126, 204, -197, -7, -34, 156, 361, 9, 239, -24, 
-268, -151, 117, 209, -192, -17, -29, 170, 370, 0, 234, -29, 
-278, -161, 117, 219, -197, -21, -24, 175, 370, 0, 229, -39, 
-283, -175, 107, 229, -195, -34, -19, 185, 370, 4, 229, -39, 
-283, -180, 102, 231, -192, -39, -14, 190, 370, 9, 234, -34, 
-297, -185, 112, 241, -204, -36, -24, 190, 370, 9, 219, -43, 
-302, -185, 117, 244, -209, -34, -24, 190, 370, 0, 214, -48, 
-312, -190, 122, 251, -217, -34, -24, 185, 366, -9, 214, -58, 
-331, -190, 141, 261, -236, -24, -24, 175, 361, -19, 209, -82, 
-346, -204, 141, 275, -244, -31, -14, 185, 361, -19, 214, -78, 
-351, -209, 141, 280, -246, -34, -14, 185, 361, -24, 214, -73, 
-361, -219, 141, 290, -251, -39, -19, 185, 351, -29, 219, -73, 
-370, -224, 146, 297, -258, -39, -19, 180, 351, -29, 224, -73, 
-366, -204, 161, 285, -263, -21, -9, 185, 366, -29, 229, -68, 
-370, -195, 175, 283, -273, -9, -4, 190, 370, -29, 234, -68, 
-366, -185, 180, 275, -273, -2, -4, 195, 375, -24, 239, -63, 
-366, -175, 190, 270, -278, 7, 4, 209, 390, -9, 248, -48, 
-385, -190, 195, 287, -290, 2, -4, 204, 380, -19, 239, -53, 
-390, -200, 190, 295, -290, -4, -4, 200, 375, -24, 229, -63, 
-385, -214, 170, 300, -278, -21, -4, 195, 375, -19, 219, -73, 
-390, -229, 161, 309, -275, -34, -4, 190, 380, -24, 214, -78, 
-370, -209, 161, 290, -265, -24, 9, 204, 395, -9, 224, -68, 
-356, -195, 161, 275, -258, -17, 14, 209, 400, -9, 234, -58, 
-346, -175, 170, 261, -258, -2, 24, 214, 405, -4, 244, -48, 
-346, -161, 185, 253, -265, 12, 29, 219, 405, 0, 248, -39, 
-366, -180, 185, 273, -275, 2, 14, 204, 395, -9, 244, -48, 
-375, -180, 195, 278, -285, 7, 14, 204, 395, -14, 239, -53, 
-366, -175, 190, 270, -278, 7, 14, 204, 395, -14, 239, -58, 
-361, -175, 185, 268, -273, 4, 14, 204, 395, -19, 244, -63, 
-370, -185, 185, 278, -278, 0, 29, 204, 395, -19, 248, -53, 
-370, -190, 180, 280, -275, -4, 29, 209, 395, -19, 248, -53, 
-380, -195, 185, 287, -283, -4, 34, 214, 400, -19, 248, -53, 
-400, -195, 204, 297, -302, 4, 29, 219, 405, -19, 248, -58, 
-400, -204, 195, 302, -297, -4, 24, 209, 395, -19, 239, -48, 
-385, -209, 175, 297, -280, -17, 24, 214, 400, -29, 239, -48, 
-385, -214, 170, 300, -278, -21, 24, 214, 400, -39, 244, -43, 
-409, -229, 180, 319, -295, -24, 24, 214, 400, -48, 248, -43, 
-395, -219, 175, 307, -285, -21, 14, 224, 409, -43, 263, -34, 
-375, -204, 170, 290, -273, -17, 9, 219, 409, -43, 263, -39, 
-346, -195, 151, 270, -248, -21, 9, 219, 409, -39, 253, -39, 
-326, -165, 161, 246, -244, -2, 4, 219, 409, -34, 248, -34, 
-336, -175, 161, 256, -248, -7, 14, 219, 414, -34, 253, -48, 
-341, -180, 161, 261, -251, -9, 19, 219, 419, -29, 253, -53, 
-346, -180, 165, 263, -256, -7, 19, 219, 424, -29, 253, -58, 
-351, -180, 170, 265, -261, -4, 19, 219, 429, -29, 253, -63, 
-351, -185, 165, 268, -258, -9, 14, 204, 414, -34, 244, -63, 
-366, -200, 165, 283, -265, -17, 14, 200, 409, -43, 244, -63, 
-370, -204, 165, 287, -268, -19, 14, 200, 400, -48, 244, -63, 
-375, -209, 165, 292, -270, -21, 9, 200, 395, -63, 239, -68, 
-385, -195, 190, 290, -287, -2, 9, 200, 409, -63, 248, -63, 
-385, -190, 195, 287, -290, 2, 14, 204, 414, -58, 253, -58, 
-375, -185, 190, 280, -283, 2, 24, 214, 424, -53, 263, -53, 
-366, -180, 185, 273, -275, 2, 29, 219, 429, -48, 273, -48, 
-380, -200, 180, 290, -280, -9, 24, 209, 424, -43, 273, -48, 
-390, -209, 180, 300, -285, -14, 19, 209, 419, -43, 268, -53, 
-414, -214, 200, 314, -307, -7, 14, 209, 414, -48, 268, -58, 
-419, -224, 195, 322, -307, -14, 9, 209, 409, -48, 268, -63, 
-390, -214, 175, 302, -283, -19, 0, 200, 400, -58, 258, -73, 
-375, -214, 161, 295, -268, -26, 0, 195, 395, -58, 258, -78, 
-375, -204, 170, 290, -273, -17, 0, 195, 395, -63, 248, -78, 
-380, -204, 175, 292, -278, -14, 0, 195, 395, -68, 248, -78, 
-405, -219, 185, 312, -295, -17, 0, 195, 400, -78, 248, -73, 
-414, -229, 185, 322, -300, -21, 0, 200, 405, -73, 263, -73, 
-419, -234, 185, 326, -302, -24, 0, 200, 405, -68, 268, -73, 
-419, -239, 180, 329, -300, -29, 0, 200, 405, -68, 273, -68, 
-385, -224, 161, 305, -273, -31, 14, 204, 419, -48, 287, -58, 
-385, -219, 165, 302, -275, -26, 24, 209, 424, -43, 292, -53, 
-405, -209, 195, 307, -300, -7, 39, 214, 429, -48, 297, -48, 
-400, -200, 200, 300, -300, 0, 48, 219, 434, -43, 297, -43, 
-390, -214, 175, 302, -283, -19, 34, 214, 429, -58, 287, -63, 
-390, -214, 175, 302, -283, -19, 19, 209, 424, -63, 278, -73, 
-390, -219, 170, 305, -280, -24, 4, 204, 414, -73, 268, -87, 
-390, -224, 165, 307, -278, -29, -9, 200, 409, -82, 258, -97, 
-385, -209, 175, 297, -280, -17, 9, 204, 414, -82, 263, -87, 
-380, -200, 180, 290, -280, -9, 14, 209, 419, -78, 268, -87, 
-375, -195, 180, 285, -278, -7, 19, 214, 424, -68, 273, -87, 
-370, -190, 180, 280, -275, -4, 24, 219, 429, -53, 278, -87, 
-370, -209, 161, 290, -265, -24, 19, 214, 424, -58, 268, -102, 
-370, -219, 151, 295, -261, -34, 19, 209, 419, -68, 263, -107, 
-370, -224, 146, 297, -258, -39, 19, 204, 414, -82, 258, -107, 
-370, -229, 141, 300, -256, -43, 19, 200, 409, -92, 253, -112, 
-405, -229, 175, 317, -290, -26, 9, 209, 419, -82, 263, -102, 
-400, -219, 180, 309, -290, -19, 9, 209, 424, -92, 263, -102, 
-434, -229, 204, 331, -319, -12, 9, 209, 429, -92, 268, -102, 
-444, -229, 214, 336, -329, -7, 9, 209, 429, -87, 268, -107, 
-405, -219, 185, 312, -295, -17, 19, 219, 414, -102, 258, -112, 
-390, -214, 175, 302, -283, -19, 24, 219, 409, -107, 253, -117, 
-405, -209, 195, 307, -300, -7, 29, 219, 405, -112, 248, -122, 
-400, -204, 195, 302, -297, -4, 34, 219, 400, -117, 234, -131, 
-400, -209, 190, 305, -295, -9, 34, 219, 419, -107, 239, -131, 
-400, -195, 204, 297, -302, 4, 39, 219, 429, -92, 248, -126, 
-390, -185, 204, 287, -297, 9, 43, 224, 429, -87, 263, -112, 
-400, -185, 214, 292, -307, 14, 48, 224, 429, -82, 273, -107, 
-409, -190, 219, 300, -314, 14, 43, 214, 439, -87, 273, -97, 
-409, -185, 224, 297, -317, 19, 34, 214, 439, -82, 273, -92, 
-409, -180, 229, 295, -319, 24, 24, 214, 444, -87, 273, -87, 
-409, -180, 229, 295, -319, 24, 14, 214, 448, -82, 283, -87, 
-405, -180, 224, 292, -314, 21, 24, 229, 448, -68, 287, -73, 
-405, -180, 224, 292, -314, 21, 24, 219, 453, -63, 287, -68, 
-400, -170, 229, 285, -314, 29, 19, 219, 463, -63, 287, -63, 
-395, -165, 229, 280, -312, 31, 14, 214, 468, -58, 287, -58, 
-375, -170, 204, 273, -290, 17, 19, 209, 458, -63, 278, -53, 
-361, -161, 200, 261, -280, 19, 14, 209, 458, -68, 283, -48, 
-361, -151, 209, 256, -285, 29, 14, 214, 458, -63, 297, -43, 
-366, -151, 214, 258, -290, 31, 14, 224, 468, -68, 307, -39, 
-385, -156, 229, 270, -307, 36, 9, 224, 468, -73, 307, -29, 
-390, -146, 244, 268, -317, 48, 0, 219, 468, -73, 307, -29, 
-390, -141, 248, 265, -319, 53, -14, 214, 468, -73, 307, -34, 
-390, -141, 248, 265, -319, 53, -24, 209, 468, -78, 307, -34, 
-385, -122, 263, 253, -324, 70, -39, 214, 468, -63, 322, -34, 
-361, -117, 244, 239, -302, 63, -43, 214, 473, -63, 322, -29, 
-336, -112, 224, 224, -280, 56, -48, 209, 478, -63, 312, -24, 
-331, -112, 219, 222, -275, 53, -48, 200, 483, -68, 312, -19, 
-326, -92, 234, 209, -280, 70, -58, 195, 478, -68, 302, -9, 
-317, -82, 234, 200, -275, 75, -58, 190, 483, -63, 317, 0, 
-307, -63, 244, 185, -275, 90, -63, 185, 478, -58, 326, 4, 
-302, -48, 253, 175, -278, 102, -63, 180, 473, -58, 326, 4, 
-253, -39, 214, 146, -234, 87, -39, 185, 483, -68, 326, 4, 
-268, -73, 195, 170, -231, 61, -53, 195, 478, -82, 317, 0, 
-312, -92, 219, 202, -265, 63, -58, 195, 478, -78, 331, 14, 
-322, -97, 224, 209, -273, 63, -53, 200, 483, -63, 341, 29, 
